2024-12-26 00:07:29,978 [INFO] MainUpdater:2872 - connection check result : 10
2024-12-26 00:07:30,037 [INFO] McuFinderGlobals:76 - Set McuFinderConnectedMode to true
2024-12-26 00:07:30,038 [INFO] MultiScanPanel:200 - Auto-refresh data requested => check proxy status ongoing
2024-12-26 00:07:30,038 [INFO] FinderPluginLoader:95 - Searching for filters in installed packs
2024-12-26 00:07:30,219 [ERROR] LogOutputStream:75 - [STDERR_REDIRECT] [Fatal Error] :1:1: Premature end of file.
2024-12-26 00:07:30,220 [ERROR] LogOutputStream:75 - [STDERR_REDIRECT] 
2024-12-26 00:07:31,096 [INFO] LoadUrlFilesThread:185 - End of LoadServerUrlFiles without Thread
2024-12-26 00:07:31,097 [INFO] DetailPanel:341 - Set advertising image to C:/Users/o1yus/STM32Cube/Repository/\en.prom-stm32n6-mcu-finder.png
2024-12-26 00:07:31,218 [ERROR] LogOutputStream:75 - [STDERR_REDIRECT] [Fatal Error] :1:1: Premature end of file.
2024-12-26 00:07:31,218 [ERROR] LogOutputStream:75 - [STDERR_REDIRECT] 
2024-12-26 00:07:32,216 [ERROR] LogOutputStream:75 - [STDERR_REDIRECT] [Fatal Error] :1:1: Premature end of file.
2024-12-26 00:07:32,216 [ERROR] LogOutputStream:75 - [STDERR_REDIRECT] 
2024-12-26 00:07:33,209 [ERROR] LogOutputStream:75 - [STDERR_REDIRECT] [Fatal Error] :1:1: Premature end of file.
2024-12-26 00:07:33,210 [ERROR] LogOutputStream:75 - [STDERR_REDIRECT] 
2024-12-26 00:07:34,213 [ERROR] LogOutputStream:75 - [STDERR_REDIRECT] [Fatal Error] :1:1: Premature end of file.
2024-12-26 00:07:34,213 [ERROR] LogOutputStream:75 - [STDERR_REDIRECT] 
2024-12-26 00:07:35,210 [ERROR] LogOutputStream:75 - [STDERR_REDIRECT] [Fatal Error] :1:1: Premature end of file.
2024-12-26 00:07:35,210 [ERROR] LogOutputStream:75 - [STDERR_REDIRECT] 
2024-12-26 00:07:36,211 [ERROR] LogOutputStream:75 - [STDERR_REDIRECT] [Fatal Error] :1:1: Premature end of file.
2024-12-26 00:07:36,211 [ERROR] LogOutputStream:75 - [STDERR_REDIRECT] 
2024-12-26 00:07:37,211 [ERROR] LogOutputStream:75 - [STDERR_REDIRECT] [Fatal Error] :1:1: Premature end of file.
2024-12-26 00:07:37,211 [ERROR] LogOutputStream:75 - [STDERR_REDIRECT] 
2024-12-26 00:07:38,212 [ERROR] LogOutputStream:75 - [STDERR_REDIRECT] [Fatal Error] :1:1: Premature end of file.
2024-12-26 00:07:38,212 [ERROR] LogOutputStream:75 - [STDERR_REDIRECT] 
2024-12-26 00:07:39,211 [ERROR] LogOutputStream:75 - [STDERR_REDIRECT] [Fatal Error] :1:1: Premature end of file.
2024-12-26 00:07:39,211 [ERROR] LogOutputStream:75 - [STDERR_REDIRECT] 
2024-12-26 00:07:40,210 [ERROR] LogOutputStream:75 - [STDERR_REDIRECT] [Fatal Error] :1:1: Premature end of file.
2024-12-26 00:07:40,210 [ERROR] LogOutputStream:75 - [STDERR_REDIRECT] 
2024-12-26 00:07:41,212 [ERROR] LogOutputStream:75 - [STDERR_REDIRECT] [Fatal Error] :1:1: Premature end of file.
2024-12-26 00:07:41,212 [ERROR] LogOutputStream:75 - [STDERR_REDIRECT] 
2024-12-26 00:07:42,211 [ERROR] LogOutputStream:75 - [STDERR_REDIRECT] [Fatal Error] :1:1: Premature end of file.
2024-12-26 00:07:42,211 [ERROR] LogOutputStream:75 - [STDERR_REDIRECT] 
2024-12-26 00:07:43,209 [ERROR] LogOutputStream:75 - [STDERR_REDIRECT] [Fatal Error] :1:1: Premature end of file.
2024-12-26 00:07:43,209 [ERROR] LogOutputStream:75 - [STDERR_REDIRECT] 
2024-12-26 00:07:44,214 [ERROR] LogOutputStream:75 - [STDERR_REDIRECT] [Fatal Error] :1:1: Premature end of file.
2024-12-26 00:07:44,214 [ERROR] LogOutputStream:75 - [STDERR_REDIRECT] 
2024-12-26 00:07:45,210 [ERROR] LogOutputStream:75 - [STDERR_REDIRECT] [Fatal Error] :1:1: Premature end of file.
2024-12-26 00:07:45,210 [ERROR] LogOutputStream:75 - [STDERR_REDIRECT] 
2024-12-26 00:07:46,213 [ERROR] LogOutputStream:75 - [STDERR_REDIRECT] [Fatal Error] :1:1: Premature end of file.
2024-12-26 00:07:46,213 [ERROR] LogOutputStream:75 - [STDERR_REDIRECT] 
2024-12-26 00:07:47,216 [ERROR] LogOutputStream:75 - [STDERR_REDIRECT] [Fatal Error] :1:1: Premature end of file.
2024-12-26 00:07:47,217 [ERROR] LogOutputStream:75 - [STDERR_REDIRECT] 
2024-12-26 00:07:48,212 [ERROR] LogOutputStream:75 - [STDERR_REDIRECT] [Fatal Error] :1:1: Premature end of file.
2024-12-26 00:07:48,212 [ERROR] LogOutputStream:75 - [STDERR_REDIRECT] 
2024-12-26 00:07:49,218 [ERROR] LogOutputStream:75 - [STDERR_REDIRECT] [Fatal Error] :1:1: Premature end of file.
2024-12-26 00:07:49,218 [ERROR] LogOutputStream:75 - [STDERR_REDIRECT] 
2024-12-26 00:07:49,569 [INFO] MainUpdater:2872 - connection check result : 10
2024-12-26 00:07:49,569 [INFO] MainUpdater:2872 - connection check result : 10
2024-12-26 00:07:49,601 [INFO] MicroXplorer:468 - Change Database Path : 
2024-12-26 00:07:49,601 [INFO] MicroXplorer:498 - Change Database Version : DB.6.0.130
2024-12-26 00:07:49,628 [ERROR] ProjectManagerView:394 - 
java.lang.NullPointerException: Cannot invoke "javax.swing.JTextField.getText()" because the return value of "java.util.List.get(int)" is null
	at com.st.microxplorer.plugins.projectmanager.gui.ProjectChoiceTab$9.caretUpdate(ProjectChoiceTab.java:2616) ~[filemanager.jar:?]
	at javax.swing.text.JTextComponent.fireCaretUpdate(JTextComponent.java:408) ~[?:?]
	at javax.swing.text.JTextComponent$MutableCaretEvent.fire(JTextComponent.java:4484) ~[?:?]
	at javax.swing.text.JTextComponent$MutableCaretEvent.stateChanged(JTextComponent.java:4506) ~[?:?]
	at javax.swing.text.DefaultCaret.fireStateChanged(DefaultCaret.java:857) ~[?:?]
	at javax.swing.text.DefaultCaret.changeCaretPosition(DefaultCaret.java:1343) ~[?:?]
	at javax.swing.text.DefaultCaret.handleSetDot(DefaultCaret.java:1242) ~[?:?]
	at javax.swing.text.DefaultCaret.setDot(DefaultCaret.java:1223) ~[?:?]
	at javax.swing.text.DefaultCaret$Handler.insertUpdate(DefaultCaret.java:1819) ~[?:?]
	at javax.swing.text.AbstractDocument.fireInsertUpdate(AbstractDocument.java:227) ~[?:?]
	at javax.swing.text.AbstractDocument.handleInsertString(AbstractDocument.java:781) ~[?:?]
	at javax.swing.text.AbstractDocument.insertString(AbstractDocument.java:740) ~[?:?]
	at javax.swing.text.PlainDocument.insertString(PlainDocument.java:131) ~[?:?]
	at javax.swing.text.AbstractDocument.replace(AbstractDocument.java:699) ~[?:?]
	at javax.swing.text.JTextComponent.setText(JTextComponent.java:1725) ~[?:?]
	at com.st.microxplorer.plugins.projectmanager.gui.ProjectChoiceTab.createHeapStackFields(ProjectChoiceTab.java:975) ~[filemanager.jar:?]
	at com.st.microxplorer.plugins.projectmanager.gui.ProjectChoiceTab.buildLinkSettingsPanel(ProjectChoiceTab.java:3666) ~[filemanager.jar:?]
	at com.st.microxplorer.plugins.projectmanager.gui.ProjectChoiceTab.defineWindowsFields(ProjectChoiceTab.java:1934) ~[filemanager.jar:?]
	at com.st.microxplorer.plugins.projectmanager.gui.ProjectChoiceTab.updateSettings(ProjectChoiceTab.java:553) ~[filemanager.jar:?]
	at com.st.microxplorer.plugins.projectmanager.gui.ProjectSettingsPanel.UpdateDialog(ProjectSettingsPanel.java:245) ~[filemanager.jar:?]
	at com.st.microxplorer.plugins.projectmanager.ProjectManagerView.propertyChange(ProjectManagerView.java:391) ~[filemanager.jar:?]
	at java.beans.PropertyChangeSupport.fire(PropertyChangeSupport.java:343) ~[?:?]
	at java.beans.PropertyChangeSupport.firePropertyChange(PropertyChangeSupport.java:335) ~[?:?]
	at java.beans.PropertyChangeSupport.firePropertyChange(PropertyChangeSupport.java:268) ~[?:?]
	at com.st.microxplorer.util.MXPropertyChangeSupport.firePropertyChange(MXPropertyChangeSupport.java:54) ~[STM32CubeMX.jar:?]
	at com.st.microxplorer.mxsystem.MxSystem.closeConfig(MxSystem.java:899) ~[STM32CubeMX.jar:?]
	at com.st.microxplorer.maingui.MainPanel.closeConfig(MainPanel.java:789) ~[STM32CubeMX.jar:?]
	at com.st.microxplorer.plugins.filemanager.engine.OpenFileManager.loadConfigurationFile(OpenFileManager.java:265) ~[filemanager.jar:?]
	at com.st.microxplorer.plugins.filemanager.engine.MainFileManager.userLoadConfig(MainFileManager.java:340) ~[filemanager.jar:?]
	at com.st.microxplorer.plugins.filemanager.engine.MainFileManager.userLoadConfig(MainFileManager.java:318) ~[filemanager.jar:?]
	at com.st.microxplorer.plugins.filemanager.FileManagerView.getSpecificTask(FileManagerView.java:246) ~[filemanager.jar:?]
	at com.st.stm32cube.common.mx.editor.CubeMxEditor.getMxTabbedPaneInstance(CubeMxEditor.java:1198) ~[com.st.stm32cube.common.mx_6.13.0.202411220809/:?]
	at com.st.stm32cube.common.mx.editor.CubeMxEditor$12$1.createSwingComponent(CubeMxEditor.java:1068) ~[com.st.stm32cube.common.mx_6.13.0.202411220809/:?]
	at com.st.stm32cube.common.mx.oss.core.awtswtbridge.EmbeddedSwingComposite.doComponentCreation(EmbeddedSwingComposite.java:492) ~[com.st.stm32cube.common.mx.oss_6.13.0.202411220809/:?]
	at com.st.stm32cube.common.mx.oss.core.awtswtbridge.EmbeddedSwingComposite$4.run(EmbeddedSwingComposite.java:291) ~[com.st.stm32cube.common.mx.oss_6.13.0.202411220809/:?]
	at com.st.stm32cube.common.mx.oss.core.awtswtbridge.AwtEnvironment$2.run(AwtEnvironment.java:166) ~[com.st.stm32cube.common.mx.oss_6.13.0.202411220809/:?]
	at java.awt.event.InvocationEvent.dispatch(InvocationEvent.java:318) ~[?:?]
	at java.awt.EventQueue.dispatchEventImpl(EventQueue.java:773) ~[?:?]
	at java.awt.EventQueue$4.run(EventQueue.java:720) ~[?:?]
	at java.awt.EventQueue$4.run(EventQueue.java:714) ~[?:?]
	at java.security.AccessController.doPrivileged(AccessController.java:400) ~[?:?]
	at java.security.ProtectionDomain$JavaSecurityAccessImpl.doIntersectionPrivilege(ProtectionDomain.java:87) ~[?:?]
	at java.awt.EventQueue.dispatchEvent(EventQueue.java:742) ~[?:?]
	at java.awt.EventDispatchThread.pumpOneEventForFilters(EventDispatchThread.java:203) ~[?:?]
	at java.awt.EventDispatchThread.pumpEventsForFilter(EventDispatchThread.java:124) ~[?:?]
	at java.awt.EventDispatchThread.pumpEventsForHierarchy(EventDispatchThread.java:113) ~[?:?]
	at java.awt.EventDispatchThread.pumpEvents(EventDispatchThread.java:109) ~[?:?]
	at java.awt.EventDispatchThread.pumpEvents(EventDispatchThread.java:101) ~[?:?]
	at java.awt.EventDispatchThread.run(EventDispatchThread.java:90) ~[?:?]
2024-12-26 00:07:49,644 [WARN] ThirdParty:871 - waiting for thirdparty lock release [close project]
2024-12-26 00:07:49,644 [INFO] ThirdParty:873 - entering critical section [close project]
2024-12-26 00:07:49,644 [INFO] ThirdParty:883 - exiting critical section [close project]
2024-12-26 00:07:49,646 [INFO] PinOutPanel:1589 - setPackage(No Configuration,No Configuration)
2024-12-26 00:07:49,653 [INFO] UtilMem:75 - Begin LoadConfig() Used Memory: 712234008 Bytes (877658112)
2024-12-26 00:07:49,654 [INFO] MicroXplorer:468 - Change Database Path : 
2024-12-26 00:07:49,654 [INFO] MicroXplorer:498 - Change Database Version : DB.6.0.130
2024-12-26 00:07:49,654 [INFO] OpenFileManager:332 - Change cursor
2024-12-26 00:07:49,672 [INFO] RulesReader:64 - Compatibility file has been processed (297 Rules)
2024-12-26 00:07:49,675 [INFO] Mcu:2035 - Initializing MCU STM32F103C8Tx STM32F103C8Tx STM32F103C8T6
2024-12-26 00:07:50,146 [INFO] Context:748 - Trying to add GPIOservice into a context  which must be forbidden
2024-12-26 00:07:50,214 [ERROR] LogOutputStream:75 - [STDERR_REDIRECT] [Fatal Error] :1:1: Premature end of file.
2024-12-26 00:07:50,215 [ERROR] LogOutputStream:75 - [STDERR_REDIRECT] 
2024-12-26 00:07:50,279 [INFO] ImportTextPane:218 - (OptionalMessage_ERROR) Unable to find key (Mcu.ThirdPartyNb) in loaded IOC file
2024-12-26 00:07:50,279 [INFO] ImportTextPane:218 - (OptionalMessage_ERROR) Unable to find key (Mcu.PinsNb) in loaded IOC file
2024-12-26 00:07:50,279 [INFO] ImportTextPane:218 - (OptionalMessage_ERROR) Unable to find key (Mcu.IPNb) in loaded IOC file
2024-12-26 00:07:50,463 [INFO] RtosManager:555 - Registered RTOS mode: class=CMSIS, group=RTOS, mode=CMSIS_V1, owner=FREERTOS
2024-12-26 00:07:50,463 [INFO] RtosManager:555 - Registered RTOS mode: class=CMSIS, group=RTOS2, mode=CMSIS_V2, owner=FREERTOS
2024-12-26 00:07:50,463 [INFO] RtosManager:555 - Registered RTOS mode: class=RTOS, group=Core, mode=CMSIS_V1, owner=FREERTOS
2024-12-26 00:07:50,463 [INFO] RtosManager:555 - Registered RTOS mode: class=RTOS, group=Core, mode=CMSIS_V2, owner=FREERTOS
2024-12-26 00:07:50,463 [WARN] ModelIntegratedComponent:184 - Missing modes for component STMicroelectronics:FreeRTOS:0.0.1:STMicroelectronics:RTOS:FreeRTOS:Core:::10.2.0:
2024-12-26 00:07:50,468 [WARN] ModelIntegratedComponent:63 - No mode defined for component null
2024-12-26 00:07:50,468 [WARN] ModelIntegratedComponent:63 - No mode defined for component null
2024-12-26 00:07:50,468 [WARN] ModelIntegratedComponent:63 - No mode defined for component null
2024-12-26 00:07:50,468 [WARN] ModelIntegratedComponent:63 - No mode defined for component null
2024-12-26 00:07:50,468 [WARN] ModelIntegratedComponent:63 - No mode defined for component null
2024-12-26 00:07:50,468 [WARN] ModelIntegratedComponent:63 - No mode defined for component null
2024-12-26 00:07:50,468 [WARN] ModelIntegratedComponent:63 - No mode defined for component null
2024-12-26 00:07:50,468 [WARN] ModelIntegratedComponent:63 - No mode defined for component null
2024-12-26 00:07:50,468 [WARN] ModelIntegratedComponent:63 - No mode defined for component null
2024-12-26 00:07:50,468 [WARN] ModelIntegratedComponent:63 - No mode defined for component null
2024-12-26 00:07:50,469 [WARN] ModelIntegratedComponent:63 - No mode defined for component null
2024-12-26 00:07:50,469 [WARN] ModelIntegratedComponent:63 - No mode defined for component null
2024-12-26 00:07:50,469 [WARN] ModelIntegratedComponent:63 - No mode defined for component null
2024-12-26 00:07:50,469 [WARN] ModelIntegratedComponent:63 - No mode defined for component null
2024-12-26 00:07:50,469 [WARN] ModelIntegratedComponent:63 - No mode defined for component null
2024-12-26 00:07:50,469 [WARN] ModelIntegratedComponent:63 - No mode defined for component null
2024-12-26 00:07:50,469 [WARN] ModelIntegratedComponent:63 - No mode defined for component null
2024-12-26 00:07:50,469 [WARN] ModelIntegratedComponent:63 - No mode defined for component null
2024-12-26 00:07:50,469 [WARN] ModelIntegratedComponent:63 - No mode defined for component null
2024-12-26 00:07:50,469 [WARN] ModelIntegratedComponent:63 - No mode defined for component null
2024-12-26 00:07:50,469 [WARN] ModelIntegratedComponent:63 - No mode defined for component null
2024-12-26 00:07:50,469 [WARN] ModelIntegratedComponent:63 - No mode defined for component null
2024-12-26 00:07:50,469 [WARN] ModelIntegratedComponent:63 - No mode defined for component null
2024-12-26 00:07:50,469 [WARN] ModelIntegratedComponent:63 - No mode defined for component null
2024-12-26 00:07:50,469 [WARN] ModelIntegratedComponent:63 - No mode defined for component null
2024-12-26 00:07:50,469 [WARN] ModelIntegratedComponent:63 - No mode defined for component null
2024-12-26 00:07:50,469 [WARN] ModelIntegratedComponent:63 - No mode defined for component null
2024-12-26 00:07:50,469 [WARN] ModelIntegratedComponent:63 - No mode defined for component null
2024-12-26 00:07:50,469 [WARN] ModelIntegratedComponent:63 - No mode defined for component null
2024-12-26 00:07:50,469 [WARN] ModelIntegratedComponent:63 - No mode defined for component null
2024-12-26 00:07:50,469 [WARN] ModelIntegratedComponent:63 - No mode defined for component null
2024-12-26 00:07:50,469 [WARN] ModelIntegratedComponent:63 - No mode defined for component null
2024-12-26 00:07:50,469 [WARN] ModelIntegratedComponent:63 - No mode defined for component null
2024-12-26 00:07:50,469 [WARN] ModelIntegratedComponent:63 - No mode defined for component null
2024-12-26 00:07:50,469 [WARN] ModelIntegratedComponent:63 - No mode defined for component null
2024-12-26 00:07:50,469 [WARN] ModelPack:524 - Component already loaded: STMicroelectronics:HAL Drivers:0.0.0:STMicroelectronics:Device:STMicro_Driver:XSPI:HAL::0.0.1:HAL_XSPI
2024-12-26 00:07:50,518 [INFO] ThirdPartyModel:298 - Start build external matchings
2024-12-26 00:07:50,919 [INFO] ThirdPartyModel:316 - End build external matchings
2024-12-26 00:07:51,102 [INFO] UtilMem:75 - End LoadConfig() Used Memory: 599927240 Bytes (877658112)
2024-12-26 00:07:51,132 [WARN] ThirdParty:833 - waiting for thirdparty lock release [change project]
2024-12-26 00:07:51,132 [INFO] ThirdParty:835 - entering critical section [change project]
2024-12-26 00:07:51,132 [INFO] ThirdParty:1030 - CMSIS Pack Vendor :STMicroelectronics USBPD 4.1
2024-12-26 00:07:51,132 [INFO] ThirdParty:1030 - CMSIS Pack Vendor :STMicroelectronics X-CUBE-AZRTOS-H7 3.3.0
2024-12-26 00:07:51,132 [INFO] ThirdParty:1030 - CMSIS Pack Vendor :STMicroelectronics X-CUBE-NFC9 1.0.0
2024-12-26 00:07:51,132 [INFO] ThirdParty:1030 - CMSIS Pack Vendor :STMicroelectronics USB_HOST 2.0.0
2024-12-26 00:07:51,132 [INFO] ThirdParty:1030 - CMSIS Pack Vendor :STMicroelectronics FP-SNS-MOTENVWB1 1.4.0
2024-12-26 00:07:51,132 [INFO] ThirdParty:1030 - CMSIS Pack Vendor :STMicroelectronics X-CUBE-AZRTOS-F4 1.1.0
2024-12-26 00:07:51,132 [INFO] ThirdParty:1030 - CMSIS Pack Vendor :STMicroelectronics LIBJPEG 8.0.0
2024-12-26 00:07:51,132 [INFO] ThirdParty:1030 - CMSIS Pack Vendor :STMicroelectronics FP-ATR-ASTRA1 2.0.1
2024-12-26 00:07:51,132 [INFO] ThirdParty:1030 - CMSIS Pack Vendor :STMicroelectronics X-CUBE-SMBUS 2.1.0
2024-12-26 00:07:51,132 [INFO] ThirdParty:1030 - CMSIS Pack Vendor :STMicroelectronics X-CUBE-WB05N 1.1.0
2024-12-26 00:07:51,133 [INFO] ThirdParty:1030 - CMSIS Pack Vendor :STMicroelectronics USB_DEVICE 3.0.0
2024-12-26 00:07:51,133 [INFO] ThirdParty:1030 - CMSIS Pack Vendor :STMicroelectronics X-CUBE-ISPU 2.1.0
2024-12-26 00:07:51,133 [INFO] ThirdParty:1030 - CMSIS Pack Vendor :STMicroelectronics X-CUBE-IPS 3.0.0
2024-12-26 00:07:51,133 [INFO] ThirdParty:1030 - CMSIS Pack Vendor :STMicroelectronics X-CUBE-AZRTOS-WB 2.0.0
2024-12-26 00:07:51,133 [INFO] ThirdParty:1030 - CMSIS Pack Vendor :STMicroelectronics X-CUBE-GNSS1 7.0.0
2024-12-26 00:07:51,133 [INFO] ThirdParty:1030 - CMSIS Pack Vendor :STMicroelectronics X-CUBE-GNSS1 7.0.1
2024-12-26 00:07:51,133 [INFO] ThirdParty:1030 - CMSIS Pack Vendor :STMicroelectronics X-CUBE-AZRTOS-F7 1.1.0
2024-12-26 00:07:51,133 [INFO] ThirdParty:1030 - CMSIS Pack Vendor :STMicroelectronics X-CUBE-AZRTOS-L5 2.0.0
2024-12-26 00:07:51,133 [INFO] ThirdParty:1030 - CMSIS Pack Vendor :STMicroelectronics USB_DEVICE 2.0.0
2024-12-26 00:07:51,133 [INFO] ThirdParty:1030 - CMSIS Pack Vendor :STMicroelectronics X-CUBE-NFC6 3.1.0
2024-12-26 00:07:51,133 [INFO] ThirdParty:1030 - CMSIS Pack Vendor :STMicroelectronics FP-SNS-STBOX1 2.0.0
2024-12-26 00:07:51,133 [INFO] ThirdParty:1030 - CMSIS Pack Vendor :STMicroelectronics X-CUBE-MEMS1 11.0.0
2024-12-26 00:07:51,133 [INFO] ThirdParty:1030 - CMSIS Pack Vendor :STMicroelectronics FreeRTOS 0.0.1
2024-12-26 00:07:51,133 [INFO] ThirdParty:1030 - CMSIS Pack Vendor :STMicroelectronics X-CUBE-AZRTOS-G0 1.1.0
2024-12-26 00:07:51,133 [INFO] ThirdParty:1030 - CMSIS Pack Vendor :STMicroelectronics X-CUBE-SAFEA1 1.2.2
2024-12-26 00:07:51,133 [INFO] ThirdParty:1030 - CMSIS Pack Vendor :STMicroelectronics X-CUBE-NFC4 3.0.0
2024-12-26 00:07:51,133 [INFO] ThirdParty:1030 - CMSIS Pack Vendor :STMicroelectronics X-CUBE-DPower 1.2.0
2024-12-26 00:07:51,133 [INFO] ThirdParty:1030 - CMSIS Pack Vendor :STMicroelectronics X-CUBE-SUBG2 5.0.0
2024-12-26 00:07:51,133 [INFO] ThirdParty:1030 - CMSIS Pack Vendor :STMicroelectronics STM32_WPAN 1.0.0
2024-12-26 00:07:51,133 [INFO] ThirdParty:1030 - CMSIS Pack Vendor :EmbeddedOffice I-CUBE-FS-RTOS 1.0.1
2024-12-26 00:07:51,133 [INFO] ThirdParty:1030 - CMSIS Pack Vendor :STMicroelectronics lwIP 2.0.3
2024-12-26 00:07:51,133 [INFO] ThirdParty:1030 - CMSIS Pack Vendor :STMicroelectronics FP-SNS-FLIGHT1 5.0.2
2024-12-26 00:07:51,133 [INFO] ThirdParty:1030 - CMSIS Pack Vendor :Cesanta I-CUBE-Mongoose 7.13.0
2024-12-26 00:07:51,133 [INFO] ThirdParty:1030 - CMSIS Pack Vendor :STMicroelectronics USB_HOST 1.0.0
2024-12-26 00:07:51,134 [INFO] ThirdParty:1030 - CMSIS Pack Vendor :Infineon AIROC-Wi-Fi-Bluetooth-STM32 1.7.0
2024-12-26 00:07:51,134 [INFO] ThirdParty:1030 - CMSIS Pack Vendor :STMicroelectronics X-CUBE-AZRTOS-G4 2.0.0
2024-12-26 00:07:51,134 [INFO] ThirdParty:1030 - CMSIS Pack Vendor :STMicroelectronics PDM2PCM 3.1.0
2024-12-26 00:07:51,134 [INFO] ThirdParty:1030 - CMSIS Pack Vendor :STMicroelectronics PDM2PCM 3.3.0
2024-12-26 00:07:51,134 [INFO] ThirdParty:1030 - CMSIS Pack Vendor :STMicroelectronics X-CUBE-DISPLAY 3.0.0
2024-12-26 00:07:51,134 [INFO] ThirdParty:1030 - CMSIS Pack Vendor :STMicroelectronics X-CUBE-TCPP 4.2.0
2024-12-26 00:07:51,134 [INFO] ThirdParty:1030 - CMSIS Pack Vendor :RealThread X-CUBE-RT-Thread_Nano 4.1.1
2024-12-26 00:07:51,134 [INFO] ThirdParty:1030 - CMSIS Pack Vendor :STMicroelectronics X-CUBE-BLE1 7.0.0
2024-12-26 00:07:51,134 [INFO] ThirdParty:1030 - CMSIS Pack Vendor :STMicroelectronics FP-ATR-SIGFOX1 3.2.0
2024-12-26 00:07:51,134 [INFO] ThirdParty:1030 - CMSIS Pack Vendor :STMicroelectronics X-CUBE-NFC10 1.0.0
2024-12-26 00:07:51,134 [INFO] ThirdParty:1030 - CMSIS Pack Vendor :quantropi X-CUBE-qispace-sdk-base 1.9.3
2024-12-26 00:07:51,134 [INFO] ThirdParty:1030 - CMSIS Pack Vendor :STMicroelectronics X-CUBE-BLEMGR 4.0.0
2024-12-26 00:07:51,134 [INFO] ThirdParty:1030 - CMSIS Pack Vendor :STMicroelectronics X-CUBE-EEPRMA1 5.1.0
2024-12-26 00:07:51,134 [INFO] ThirdParty:1030 - CMSIS Pack Vendor :STMicroelectronics HAL Drivers 0.0.0
2024-12-26 00:07:51,134 [INFO] ThirdParty:1030 - CMSIS Pack Vendor :STMicroelectronics MBEDTLS 2.16.2
2024-12-26 00:07:51,134 [INFO] ThirdParty:1030 - CMSIS Pack Vendor :STMicroelectronics X-CUBE-ALS 1.0.2
2024-12-26 00:07:51,134 [INFO] ThirdParty:1030 - CMSIS Pack Vendor :emotas I-CUBE-CANOPEN 1.3.0
2024-12-26 00:07:51,134 [INFO] ThirdParty:1030 - CMSIS Pack Vendor :STMicroelectronics X-CUBE-FREERTOS 1.3.0
2024-12-26 00:07:51,134 [INFO] ThirdParty:1030 - CMSIS Pack Vendor :wolfSSL I-CUBE-wolfSSL 5.7.4
2024-12-26 00:07:51,134 [INFO] ThirdParty:1030 - CMSIS Pack Vendor :STMicroelectronics X-CUBE-NFC7 1.0.1
2024-12-26 00:07:51,134 [INFO] ThirdParty:1030 - CMSIS Pack Vendor :STMicroelectronics MBEDTLS 2.14.1
2024-12-26 00:07:51,134 [INFO] ThirdParty:1030 - CMSIS Pack Vendor :ITTIA_DB I-CUBE-ITTIADB 8.9.0
2024-12-26 00:07:51,135 [INFO] ThirdParty:1030 - CMSIS Pack Vendor :STMicroelectronics X-CUBE-TOUCHGFX 4.24.1
2024-12-26 00:07:51,135 [INFO] ThirdParty:1030 - CMSIS Pack Vendor :wolfSSL I-CUBE-wolfTPM 3.4.0
2024-12-26 00:07:51,135 [INFO] ThirdParty:1030 - CMSIS Pack Vendor :portGmbH I-Cube-SoM-uGOAL 1.1.0
2024-12-26 00:07:51,135 [INFO] ThirdParty:1030 - CMSIS Pack Vendor :STMicroelectronics ThreadX 1.0.0
2024-12-26 00:07:51,135 [INFO] ThirdParty:1030 - CMSIS Pack Vendor :STMicroelectronics FP-SNS-SMARTAG2 1.2.0
2024-12-26 00:07:51,135 [INFO] ThirdParty:1030 - CMSIS Pack Vendor :STMicroelectronics X-CUBE-MEMS1 11.1.0
2024-12-26 00:07:51,135 [INFO] ThirdParty:1030 - CMSIS Pack Vendor :STMicroelectronics X-CUBE-AZRTOS-WL 2.0.0
2024-12-26 00:07:51,135 [INFO] ThirdParty:1030 - CMSIS Pack Vendor :SEGGER I-CUBE-embOS 1.3.1
2024-12-26 00:07:51,135 [INFO] ThirdParty:1030 - CMSIS Pack Vendor :STMicroelectronics X-CUBE-ALGOBUILD 1.4.0
2024-12-26 00:07:51,135 [INFO] ThirdParty:1030 - CMSIS Pack Vendor :STMicroelectronics FP-SNS-MOTENV1 5.0.0
2024-12-26 00:07:51,135 [INFO] ThirdParty:1030 - CMSIS Pack Vendor :STMicroelectronics USB_DEVICE 1.0.0
2024-12-26 00:07:51,136 [INFO] ThirdParty:1030 - CMSIS Pack Vendor :STMicroelectronics X-CUBE-AZRTOS-H7RS 1.0.0
2024-12-26 00:07:51,136 [INFO] ThirdParty:1030 - CMSIS Pack Vendor :wolfSSL I-CUBE-wolfMQTT 1.19.0
2024-12-26 00:07:51,136 [INFO] ThirdParty:1030 - CMSIS Pack Vendor :STMicroelectronics X-CUBE-AZRTOS-L4 2.0.0
2024-12-26 00:07:51,136 [INFO] ThirdParty:1030 - CMSIS Pack Vendor :STMicroelectronics ThreadX 0.0.2
2024-12-26 00:07:51,136 [INFO] ThirdParty:1030 - CMSIS Pack Vendor :WES I-CUBE-Cesium 1.3.0
2024-12-26 00:07:51,136 [INFO] ThirdParty:1030 - CMSIS Pack Vendor :STMicroelectronics lwIP 2.1.2
2024-12-26 00:07:51,136 [INFO] ThirdParty:1030 - CMSIS Pack Vendor :STMicroelectronics X-CUBE-SFXS2LP1 4.0.0
2024-12-26 00:07:51,136 [INFO] ThirdParty:1030 - CMSIS Pack Vendor :STMicroelectronics X-CUBE-BLE2 3.3.0
2024-12-26 00:07:51,136 [INFO] ThirdParty:1030 - CMSIS Pack Vendor :STMicroelectronics X-CUBE-TOF1 3.4.2
2024-12-26 00:07:51,136 [INFO] ThirdParty:1030 - CMSIS Pack Vendor :STMicroelectronics X-CUBE-AI 9.1.0
2024-12-26 00:07:51,136 [INFO] ThirdParty:1030 - CMSIS Pack Vendor :STMicroelectronics PDM2PCM 3.2.0
2024-12-26 00:07:51,136 [INFO] ThirdParty:1030 - CMSIS Pack Vendor :wolfSSL I-CUBE-wolfSSH 1.4.17
2024-12-26 00:07:51,136 [INFO] ThirdParty:841 - exiting critical section [change project]
2024-12-26 00:07:51,208 [INFO] PinOutPanel:1589 - setPackage(No Configuration,No Configuration)
2024-12-26 00:07:51,208 [INFO] PinOutPanel:1589 - setPackage(STM32F103C8Tx,LQFP48)
2024-12-26 00:07:51,218 [ERROR] LogOutputStream:75 - [STDERR_REDIRECT] [Fatal Error] :1:1: Premature end of file.
2024-12-26 00:07:51,218 [ERROR] LogOutputStream:75 - [STDERR_REDIRECT] 
2024-12-26 00:07:51,413 [INFO] UtilMem:75 - Before build in PCC Used Memory: 683808008 Bytes (877658112)
2024-12-26 00:07:51,593 [INFO] UtilMem:75 - After build in PCC Used Memory: 728370440 Bytes (877658112)
2024-12-26 00:07:51,607 [INFO] IPUIPlugin:80 - create IPUIPlugin
2024-12-26 00:07:51,607 [INFO] IPUIPlugin:80 - create IPUIPlugin
2024-12-26 00:07:51,607 [INFO] IPUIPlugin:80 - create IPUIPlugin
2024-12-26 00:07:51,607 [INFO] IPUIPlugin:80 - create IPUIPlugin
2024-12-26 00:07:51,608 [INFO] IPUIPlugin:80 - create IPUIPlugin
2024-12-26 00:07:51,608 [INFO] IPUIPlugin:80 - create IPUIPlugin
2024-12-26 00:07:51,608 [INFO] IPUIPlugin:80 - create IPUIPlugin
2024-12-26 00:07:51,608 [INFO] IPUIPlugin:80 - create IPUIPlugin
2024-12-26 00:07:51,608 [INFO] IPUIPlugin:80 - create IPUIPlugin
2024-12-26 00:07:51,608 [INFO] IPUIPlugin:80 - create IPUIPlugin
2024-12-26 00:07:51,608 [INFO] IPUIPlugin:80 - create IPUIPlugin
2024-12-26 00:07:51,608 [INFO] IPUIPlugin:80 - create IPUIPlugin
2024-12-26 00:07:51,608 [INFO] IPUIPlugin:80 - create IPUIPlugin
2024-12-26 00:07:51,608 [INFO] IPUIPlugin:80 - create IPUIPlugin
2024-12-26 00:07:51,608 [INFO] IPUIPlugin:80 - create IPUIPlugin
2024-12-26 00:07:51,608 [INFO] IPUIPlugin:80 - create IPUIPlugin
2024-12-26 00:07:51,608 [INFO] IPUIPlugin:80 - create IPUIPlugin
2024-12-26 00:07:51,609 [INFO] IPUIPlugin:80 - create IPUIPlugin
2024-12-26 00:07:51,609 [INFO] IPUIPlugin:80 - create IPUIPlugin
2024-12-26 00:07:51,609 [INFO] IPUIPlugin:80 - create IPUIPlugin
2024-12-26 00:07:51,609 [INFO] IPUIPlugin:80 - create IPUIPlugin
2024-12-26 00:07:51,609 [INFO] IPUIPlugin:80 - create IPUIPlugin
2024-12-26 00:07:51,609 [INFO] IPUIPlugin:80 - create IPUIPlugin
2024-12-26 00:07:51,609 [INFO] IPUIPlugin:80 - create IPUIPlugin
2024-12-26 00:07:51,609 [INFO] IPUIPlugin:80 - create IPUIPlugin
2024-12-26 00:07:51,609 [INFO] IPUIPlugin:80 - create IPUIPlugin
2024-12-26 00:07:51,609 [INFO] IPUIPlugin:80 - create IPUIPlugin
2024-12-26 00:07:51,628 [INFO] CADModel:165 - CPN selected for project levelSTM32F103C8T6
2024-12-26 00:07:51,629 [INFO] CADModel:114 - Register for checkConnection events
2024-12-26 00:07:51,676 [INFO] OpenFileManager:363 - Restore cursor
2024-12-26 00:07:52,100 [INFO] UtilMem:75 - End SaveConfig() Used Memory: 286353528 Bytes (877658112)
2024-12-26 00:07:52,153 [INFO] UtilMem:75 - End SaveConfig() Used Memory: 298410104 Bytes (877658112)
2024-12-26 00:07:52,244 [ERROR] LogOutputStream:75 - [STDERR_REDIRECT] [Fatal Error] :1:1: Premature end of file.
2024-12-26 00:07:52,246 [ERROR] LogOutputStream:75 - [STDERR_REDIRECT] 
2024-12-26 00:07:52,260 [INFO] BlockDiagram:2766 - set Specific Code input for plugin: NVIC
2024-12-26 00:07:52,261 [INFO] BlockDiagram:2766 - set Specific Code input for plugin: RCC
2024-12-26 00:07:52,262 [INFO] CodeGenerator:896 - code generatio: config db path: C:\ST\STM32CubeIDE_1.17.0\STM32CubeIDE\plugins\com.st.stm32cube.common.mx_6.13.0.202411220809\\db\
2024-12-26 00:07:52,339 [INFO] CodeEngine:255 - oldGeneratedFile, C:\Users\o1yus\OneDrive\Desktop\Workspace\test123_i2c\MXTmpFiles\license.tmp_save
2024-12-26 00:07:52,514 [INFO] CodeEngine:279 - Generated code: C:\Users\o1yus\OneDrive\Desktop\Workspace\test123_i2c\MXTmpFiles\license.tmp
2024-12-26 00:07:52,521 [INFO] CodeEngine:255 - oldGeneratedFile, C:\Users\o1yus\OneDrive\Desktop\Workspace\test123_i2c\Core\Src\stm32f1xx_it.c_save
2024-12-26 00:07:52,659 [INFO] CodeEngine:279 - Generated code: C:\Users\o1yus\OneDrive\Desktop\Workspace\test123_i2c\Core\Src\stm32f1xx_it.c
2024-12-26 00:07:52,663 [INFO] CodeEngine:255 - oldGeneratedFile, C:\Users\o1yus\OneDrive\Desktop\Workspace\test123_i2c\Core\Inc\stm32f1xx_it.h_save
2024-12-26 00:07:52,766 [INFO] CodeEngine:279 - Generated code: C:\Users\o1yus\OneDrive\Desktop\Workspace\test123_i2c\Core\Inc\stm32f1xx_it.h
2024-12-26 00:07:52,788 [INFO] CodeEngine:255 - oldGeneratedFile, C:\Users\o1yus\OneDrive\Desktop\Workspace\test123_i2c\Core\Src\stm32f1xx_hal_msp.c_save
2024-12-26 00:07:52,890 [INFO] CodeEngine:279 - Generated code: C:\Users\o1yus\OneDrive\Desktop\Workspace\test123_i2c\Core\Src\stm32f1xx_hal_msp.c
2024-12-26 00:07:52,894 [INFO] CodeEngine:255 - oldGeneratedFile, C:\Users\o1yus\OneDrive\Desktop\Workspace\test123_i2c\MXTmpFiles\system.tmp_save
2024-12-26 00:07:52,944 [INFO] CodeEngine:279 - Generated code: C:\Users\o1yus\OneDrive\Desktop\Workspace\test123_i2c\MXTmpFiles\system.tmp
2024-12-26 00:07:52,950 [INFO] CodeEngine:311 - oldGeneratedFile, C:\Users\o1yus\OneDrive\Desktop\Workspace\test123_i2c\Core\Inc\stm32f1xx_hal_conf.h_save
2024-12-26 00:07:53,029 [INFO] CodeEngine:335 - Generated code: C:\Users\o1yus\OneDrive\Desktop\Workspace\test123_i2c\Core\Inc\stm32f1xx_hal_conf.h
2024-12-26 00:07:53,055 [INFO] ApiDbMcu:508 - Load IP Config File for RCC
2024-12-26 00:07:53,060 [INFO] CodeEngine:255 - oldGeneratedFile, C:\Users\o1yus\OneDrive\Desktop\Workspace\test123_i2c\Core\Inc\main.h_save
2024-12-26 00:07:53,145 [INFO] CodeEngine:279 - Generated code: C:\Users\o1yus\OneDrive\Desktop\Workspace\test123_i2c\Core\Inc\main.h
2024-12-26 00:07:53,149 [INFO] CodeEngine:255 - oldGeneratedFile, C:\Users\o1yus\OneDrive\Desktop\Workspace\test123_i2c\Core\Src\main.c_save
2024-12-26 00:07:53,210 [ERROR] LogOutputStream:75 - [STDERR_REDIRECT] [Fatal Error] :1:1: Premature end of file.
2024-12-26 00:07:53,210 [ERROR] LogOutputStream:75 - [STDERR_REDIRECT] 
2024-12-26 00:07:53,237 [INFO] CodeEngine:279 - Generated code: C:\Users\o1yus\OneDrive\Desktop\Workspace\test123_i2c\Core\Src\main.c
2024-12-26 00:07:53,388 [INFO] ProjectBuilder:3289 - Time for Copy HAL[1] : 75mS.
2024-12-26 00:07:53,390 [INFO] ProjectBuilder:4876 - Project Generator version: 4.5.0-RC5
2024-12-26 00:07:53,430 [INFO] ConfigFileManager:1579 - The Die is : DIE410
2024-12-26 00:07:53,432 [INFO] ApiDbMcu:508 - Load IP Config File for FATFS
2024-12-26 00:07:53,435 [INFO] ApiDbMcu:508 - Load IP Config File for FREERTOS
2024-12-26 00:07:53,438 [INFO] ApiDbMcu:508 - Load IP Config File for USB_DEVICE
2024-12-26 00:07:54,220 [ERROR] LogOutputStream:75 - [STDERR_REDIRECT] [Fatal Error] :1:1: Premature end of file.
2024-12-26 00:07:54,220 [ERROR] LogOutputStream:75 - [STDERR_REDIRECT] 
2024-12-26 00:07:54,308 [INFO] ProjectBuilder:5154 - Time for Generating toolchain IDE Files: 918mS.
2024-12-26 00:07:54,309 [INFO] ProjectBuilder:3146 - Time for Copy CMSIS : 0mS.
2024-12-26 00:07:54,312 [INFO] ProjectBuilder:3146 - Time for Copy CMSIS : 0mS.
2024-12-26 00:07:54,935 [INFO] McuFinderGlobals:76 - Set McuFinderConnectedMode to true
2024-12-26 00:07:54,937 [INFO] ApiDb:448 - Save user favorites file C:\Users\o1yus/.stm32cubeide/favorites.mcus.txt: 1 item(s)
2024-12-26 00:07:54,937 [INFO] ApiDb:452 - User favorites MCUs=[STM32F103C8T6]
2024-12-26 00:07:55,227 [ERROR] LogOutputStream:75 - [STDERR_REDIRECT] [Fatal Error] :1:1: Premature end of file.
2024-12-26 00:07:55,227 [ERROR] LogOutputStream:75 - [STDERR_REDIRECT] 
2024-12-26 00:07:56,213 [ERROR] LogOutputStream:75 - [STDERR_REDIRECT] [Fatal Error] :1:1: Premature end of file.
2024-12-26 00:07:56,213 [ERROR] LogOutputStream:75 - [STDERR_REDIRECT] 
2024-12-26 00:07:57,215 [ERROR] LogOutputStream:75 - [STDERR_REDIRECT] [Fatal Error] :1:1: Premature end of file.
2024-12-26 00:07:57,215 [ERROR] LogOutputStream:75 - [STDERR_REDIRECT] 
2024-12-26 00:07:58,215 [ERROR] LogOutputStream:75 - [STDERR_REDIRECT] [Fatal Error] :1:1: Premature end of file.
2024-12-26 00:07:58,215 [ERROR] LogOutputStream:75 - [STDERR_REDIRECT] 
2024-12-26 00:07:59,209 [ERROR] LogOutputStream:75 - [STDERR_REDIRECT] [Fatal Error] :1:1: Premature end of file.
2024-12-26 00:07:59,209 [ERROR] LogOutputStream:75 - [STDERR_REDIRECT] 
2024-12-26 00:08:00,210 [ERROR] LogOutputStream:75 - [STDERR_REDIRECT] [Fatal Error] :1:1: Premature end of file.
2024-12-26 00:08:00,210 [ERROR] LogOutputStream:75 - [STDERR_REDIRECT] 
2024-12-26 00:08:01,212 [ERROR] LogOutputStream:75 - [STDERR_REDIRECT] [Fatal Error] :1:1: Premature end of file.
2024-12-26 00:08:01,212 [ERROR] LogOutputStream:75 - [STDERR_REDIRECT] 
2024-12-26 00:08:02,213 [ERROR] LogOutputStream:75 - [STDERR_REDIRECT] [Fatal Error] :1:1: Premature end of file.
2024-12-26 00:08:02,213 [ERROR] LogOutputStream:75 - [STDERR_REDIRECT] 
2024-12-26 00:08:03,217 [ERROR] LogOutputStream:75 - [STDERR_REDIRECT] [Fatal Error] :1:1: Premature end of file.
2024-12-26 00:08:03,217 [ERROR] LogOutputStream:75 - [STDERR_REDIRECT] 
2024-12-26 00:08:04,209 [ERROR] LogOutputStream:75 - [STDERR_REDIRECT] [Fatal Error] :1:1: Premature end of file.
2024-12-26 00:08:04,209 [ERROR] LogOutputStream:75 - [STDERR_REDIRECT] 
2024-12-26 00:08:05,213 [ERROR] LogOutputStream:75 - [STDERR_REDIRECT] [Fatal Error] :1:1: Premature end of file.
2024-12-26 00:08:05,213 [ERROR] LogOutputStream:75 - [STDERR_REDIRECT] 
2024-12-26 00:08:06,211 [ERROR] LogOutputStream:75 - [STDERR_REDIRECT] [Fatal Error] :1:1: Premature end of file.
2024-12-26 00:08:06,211 [ERROR] LogOutputStream:75 - [STDERR_REDIRECT] 
2024-12-26 00:08:07,211 [ERROR] LogOutputStream:75 - [STDERR_REDIRECT] [Fatal Error] :1:1: Premature end of file.
2024-12-26 00:08:07,211 [ERROR] LogOutputStream:75 - [STDERR_REDIRECT] 
2024-12-26 00:08:08,208 [ERROR] LogOutputStream:75 - [STDERR_REDIRECT] [Fatal Error] :1:1: Premature end of file.
2024-12-26 00:08:08,208 [ERROR] LogOutputStream:75 - [STDERR_REDIRECT] 
2024-12-26 00:08:09,186 [WARN] IP:2251 - I2C_Coeff_DF not found: check if there is a RefParameter without a condition.
2024-12-26 00:08:09,186 [WARN] IP:2251 - Analog_Filter not found: check if there is a RefParameter without a condition.
2024-12-26 00:08:09,187 [WARN] IP:2251 - I2C_Coeff_DF not found: check if there is a RefParameter without a condition.
2024-12-26 00:08:09,187 [WARN] IP:2251 - Analog_Filter not found: check if there is a RefParameter without a condition.
2024-12-26 00:08:09,188 [WARN] IP:2251 - I2C_Coeff_DF not found: check if there is a RefParameter without a condition.
2024-12-26 00:08:09,188 [WARN] IP:2251 - Analog_Filter not found: check if there is a RefParameter without a condition.
2024-12-26 00:08:09,213 [ERROR] LogOutputStream:75 - [STDERR_REDIRECT] [Fatal Error] :1:1: Premature end of file.
2024-12-26 00:08:09,213 [ERROR] LogOutputStream:75 - [STDERR_REDIRECT] 
2024-12-26 00:08:09,256 [WARN] IP:2251 - I2C_Coeff_DF not found: check if there is a RefParameter without a condition.
2024-12-26 00:08:09,256 [WARN] IP:2251 - Analog_Filter not found: check if there is a RefParameter without a condition.
2024-12-26 00:08:09,258 [WARN] IP:2251 - I2C_Coeff_DF not found: check if there is a RefParameter without a condition.
2024-12-26 00:08:09,258 [WARN] IP:2251 - Analog_Filter not found: check if there is a RefParameter without a condition.
2024-12-26 00:08:09,371 [WARN] IP:2251 - I2C_Coeff_DF not found: check if there is a RefParameter without a condition.
2024-12-26 00:08:09,372 [WARN] IP:2251 - Analog_Filter not found: check if there is a RefParameter without a condition.
2024-12-26 00:08:09,441 [WARN] IP:2251 - I2C_Coeff_DF not found: check if there is a RefParameter without a condition.
2024-12-26 00:08:09,442 [WARN] IP:2251 - Analog_Filter not found: check if there is a RefParameter without a condition.
2024-12-26 00:08:09,442 [WARN] IP:2251 - I2C_Coeff_DF not found: check if there is a RefParameter without a condition.
2024-12-26 00:08:09,442 [WARN] IP:2251 - Analog_Filter not found: check if there is a RefParameter without a condition.
2024-12-26 00:08:09,517 [WARN] IP:2251 - I2C_Coeff_DF not found: check if there is a RefParameter without a condition.
2024-12-26 00:08:09,517 [WARN] IP:2251 - Analog_Filter not found: check if there is a RefParameter without a condition.
2024-12-26 00:08:10,215 [ERROR] LogOutputStream:75 - [STDERR_REDIRECT] [Fatal Error] :1:1: Premature end of file.
2024-12-26 00:08:10,215 [ERROR] LogOutputStream:75 - [STDERR_REDIRECT] 
2024-12-26 00:08:11,212 [ERROR] LogOutputStream:75 - [STDERR_REDIRECT] [Fatal Error] :1:1: Premature end of file.
2024-12-26 00:08:11,212 [ERROR] LogOutputStream:75 - [STDERR_REDIRECT] 
2024-12-26 00:08:12,216 [ERROR] LogOutputStream:75 - [STDERR_REDIRECT] [Fatal Error] :1:1: Premature end of file.
2024-12-26 00:08:12,216 [ERROR] LogOutputStream:75 - [STDERR_REDIRECT] 
2024-12-26 00:08:13,208 [ERROR] LogOutputStream:75 - [STDERR_REDIRECT] [Fatal Error] :1:1: Premature end of file.
2024-12-26 00:08:13,208 [ERROR] LogOutputStream:75 - [STDERR_REDIRECT] 
2024-12-26 00:08:14,211 [ERROR] LogOutputStream:75 - [STDERR_REDIRECT] [Fatal Error] :1:1: Premature end of file.
2024-12-26 00:08:14,211 [ERROR] LogOutputStream:75 - [STDERR_REDIRECT] 
2024-12-26 00:08:15,221 [ERROR] LogOutputStream:75 - [STDERR_REDIRECT] [Fatal Error] :1:1: Premature end of file.
2024-12-26 00:08:15,221 [ERROR] LogOutputStream:75 - [STDERR_REDIRECT] 
2024-12-26 00:08:16,221 [ERROR] LogOutputStream:75 - [STDERR_REDIRECT] [Fatal Error] :1:1: Premature end of file.
2024-12-26 00:08:16,221 [ERROR] LogOutputStream:75 - [STDERR_REDIRECT] 
2024-12-26 00:08:17,222 [ERROR] LogOutputStream:75 - [STDERR_REDIRECT] [Fatal Error] :1:1: Premature end of file.
2024-12-26 00:08:17,222 [ERROR] LogOutputStream:75 - [STDERR_REDIRECT] 
2024-12-26 00:08:18,212 [ERROR] LogOutputStream:75 - [STDERR_REDIRECT] [Fatal Error] :1:1: Premature end of file.
2024-12-26 00:08:18,212 [ERROR] LogOutputStream:75 - [STDERR_REDIRECT] 
2024-12-26 00:08:19,213 [ERROR] LogOutputStream:75 - [STDERR_REDIRECT] [Fatal Error] :1:1: Premature end of file.
2024-12-26 00:08:19,213 [ERROR] LogOutputStream:75 - [STDERR_REDIRECT] 
2024-12-26 00:08:20,210 [ERROR] LogOutputStream:75 - [STDERR_REDIRECT] [Fatal Error] :1:1: Premature end of file.
2024-12-26 00:08:20,210 [ERROR] LogOutputStream:75 - [STDERR_REDIRECT] 
2024-12-26 00:08:21,212 [ERROR] LogOutputStream:75 - [STDERR_REDIRECT] [Fatal Error] :1:1: Premature end of file.
2024-12-26 00:08:21,212 [ERROR] LogOutputStream:75 - [STDERR_REDIRECT] 
2024-12-26 00:08:22,212 [ERROR] LogOutputStream:75 - [STDERR_REDIRECT] [Fatal Error] :1:1: Premature end of file.
2024-12-26 00:08:22,212 [ERROR] LogOutputStream:75 - [STDERR_REDIRECT] 
2024-12-26 00:08:23,213 [ERROR] LogOutputStream:75 - [STDERR_REDIRECT] [Fatal Error] :1:1: Premature end of file.
2024-12-26 00:08:23,213 [ERROR] LogOutputStream:75 - [STDERR_REDIRECT] 
2024-12-26 00:08:24,214 [ERROR] LogOutputStream:75 - [STDERR_REDIRECT] [Fatal Error] :1:1: Premature end of file.
2024-12-26 00:08:24,214 [ERROR] LogOutputStream:75 - [STDERR_REDIRECT] 
2024-12-26 00:08:25,213 [ERROR] LogOutputStream:75 - [STDERR_REDIRECT] [Fatal Error] :1:1: Premature end of file.
2024-12-26 00:08:25,213 [ERROR] LogOutputStream:75 - [STDERR_REDIRECT] 
2024-12-26 00:08:26,215 [ERROR] LogOutputStream:75 - [STDERR_REDIRECT] [Fatal Error] :1:1: Premature end of file.
2024-12-26 00:08:26,215 [ERROR] LogOutputStream:75 - [STDERR_REDIRECT] 
2024-12-26 00:08:27,226 [ERROR] LogOutputStream:75 - [STDERR_REDIRECT] [Fatal Error] :1:1: Premature end of file.
2024-12-26 00:08:27,226 [ERROR] LogOutputStream:75 - [STDERR_REDIRECT] 
2024-12-26 00:08:28,210 [ERROR] LogOutputStream:75 - [STDERR_REDIRECT] [Fatal Error] :1:1: Premature end of file.
2024-12-26 00:08:28,210 [ERROR] LogOutputStream:75 - [STDERR_REDIRECT] 
2024-12-26 00:08:29,212 [ERROR] LogOutputStream:75 - [STDERR_REDIRECT] [Fatal Error] :1:1: Premature end of file.
2024-12-26 00:08:29,212 [ERROR] LogOutputStream:75 - [STDERR_REDIRECT] 
2024-12-26 00:08:30,213 [ERROR] LogOutputStream:75 - [STDERR_REDIRECT] [Fatal Error] :1:1: Premature end of file.
2024-12-26 00:08:30,223 [ERROR] LogOutputStream:75 - [STDERR_REDIRECT] 
2024-12-26 00:08:31,215 [ERROR] LogOutputStream:75 - [STDERR_REDIRECT] [Fatal Error] :1:1: Premature end of file.
2024-12-26 00:08:31,215 [ERROR] LogOutputStream:75 - [STDERR_REDIRECT] 
2024-12-26 00:08:31,594 [WARN] IP:2251 - I2C_Coeff_DF not found: check if there is a RefParameter without a condition.
2024-12-26 00:08:31,595 [WARN] IP:2251 - Analog_Filter not found: check if there is a RefParameter without a condition.
2024-12-26 00:08:31,595 [WARN] IP:2251 - I2C_Coeff_DF not found: check if there is a RefParameter without a condition.
2024-12-26 00:08:31,596 [WARN] IP:2251 - Analog_Filter not found: check if there is a RefParameter without a condition.
2024-12-26 00:08:32,215 [ERROR] LogOutputStream:75 - [STDERR_REDIRECT] [Fatal Error] :1:1: Premature end of file.
2024-12-26 00:08:32,215 [ERROR] LogOutputStream:75 - [STDERR_REDIRECT] 
2024-12-26 00:08:33,208 [ERROR] LogOutputStream:75 - [STDERR_REDIRECT] [Fatal Error] :1:1: Premature end of file.
2024-12-26 00:08:33,217 [ERROR] LogOutputStream:75 - [STDERR_REDIRECT] 
2024-12-26 00:08:33,886 [WARN] IP:2251 - I2C_Coeff_DF not found: check if there is a RefParameter without a condition.
2024-12-26 00:08:33,886 [WARN] IP:2251 - Analog_Filter not found: check if there is a RefParameter without a condition.
2024-12-26 00:08:33,886 [WARN] IP:2251 - I2C_Coeff_DF not found: check if there is a RefParameter without a condition.
2024-12-26 00:08:33,887 [WARN] IP:2251 - Analog_Filter not found: check if there is a RefParameter without a condition.
2024-12-26 00:08:34,218 [ERROR] LogOutputStream:75 - [STDERR_REDIRECT] [Fatal Error] :1:1: Premature end of file.
2024-12-26 00:08:34,218 [ERROR] LogOutputStream:75 - [STDERR_REDIRECT] 
2024-12-26 00:08:35,211 [ERROR] LogOutputStream:75 - [STDERR_REDIRECT] [Fatal Error] :1:1: Premature end of file.
2024-12-26 00:08:35,217 [ERROR] LogOutputStream:75 - [STDERR_REDIRECT] 
2024-12-26 00:08:36,216 [ERROR] LogOutputStream:75 - [STDERR_REDIRECT] [Fatal Error] :1:1: Premature end of file.
2024-12-26 00:08:36,216 [ERROR] LogOutputStream:75 - [STDERR_REDIRECT] 
2024-12-26 00:08:37,223 [ERROR] LogOutputStream:75 - [STDERR_REDIRECT] [Fatal Error] :1:1: Premature end of file.
2024-12-26 00:08:37,223 [ERROR] LogOutputStream:75 - [STDERR_REDIRECT] 
2024-12-26 00:08:38,234 [ERROR] LogOutputStream:75 - [STDERR_REDIRECT] [Fatal Error] :1:1: Premature end of file.
2024-12-26 00:08:38,234 [ERROR] LogOutputStream:75 - [STDERR_REDIRECT] 
2024-12-26 00:08:38,872 [WARN] IP:2251 - I2C_Coeff_DF not found: check if there is a RefParameter without a condition.
2024-12-26 00:08:38,872 [WARN] IP:2251 - Analog_Filter not found: check if there is a RefParameter without a condition.
2024-12-26 00:08:38,873 [WARN] IP:2251 - I2C_Coeff_DF not found: check if there is a RefParameter without a condition.
2024-12-26 00:08:38,873 [WARN] IP:2251 - Analog_Filter not found: check if there is a RefParameter without a condition.
2024-12-26 00:08:39,208 [ERROR] LogOutputStream:75 - [STDERR_REDIRECT] [Fatal Error] :1:1: Premature end of file.
2024-12-26 00:08:39,208 [ERROR] LogOutputStream:75 - [STDERR_REDIRECT] 
2024-12-26 00:08:40,220 [ERROR] LogOutputStream:75 - [STDERR_REDIRECT] [Fatal Error] :1:1: Premature end of file.
2024-12-26 00:08:40,220 [ERROR] LogOutputStream:75 - [STDERR_REDIRECT] 
2024-12-26 00:08:41,220 [ERROR] LogOutputStream:75 - [STDERR_REDIRECT] [Fatal Error] :1:1: Premature end of file.
2024-12-26 00:08:41,220 [ERROR] LogOutputStream:75 - [STDERR_REDIRECT] 
2024-12-26 00:08:42,209 [ERROR] LogOutputStream:75 - [STDERR_REDIRECT] [Fatal Error] :1:1: Premature end of file.
2024-12-26 00:08:42,209 [ERROR] LogOutputStream:75 - [STDERR_REDIRECT] 
2024-12-26 00:08:43,217 [ERROR] LogOutputStream:75 - [STDERR_REDIRECT] [Fatal Error] :1:1: Premature end of file.
2024-12-26 00:08:43,217 [ERROR] LogOutputStream:75 - [STDERR_REDIRECT] 
2024-12-26 00:08:43,356 [INFO] UtilMem:75 - End SaveConfig() Used Memory: 358389096 Bytes (1063256064)
2024-12-26 00:08:44,208 [ERROR] LogOutputStream:75 - [STDERR_REDIRECT] [Fatal Error] :1:1: Premature end of file.
2024-12-26 00:08:44,208 [ERROR] LogOutputStream:75 - [STDERR_REDIRECT] 
2024-12-26 00:08:45,212 [ERROR] LogOutputStream:75 - [STDERR_REDIRECT] [Fatal Error] :1:1: Premature end of file.
2024-12-26 00:08:45,212 [ERROR] LogOutputStream:75 - [STDERR_REDIRECT] 
2024-12-26 00:08:46,228 [ERROR] LogOutputStream:75 - [STDERR_REDIRECT] [Fatal Error] :1:1: Premature end of file.
2024-12-26 00:08:46,230 [ERROR] LogOutputStream:75 - [STDERR_REDIRECT] 
2024-12-26 00:08:46,463 [INFO] UtilMem:75 - End SaveConfig() Used Memory: 393682328 Bytes (1063256064)
2024-12-26 00:08:46,718 [INFO] BlockDiagram:2766 - set Specific Code input for plugin: NVIC
2024-12-26 00:08:46,718 [INFO] BlockDiagram:2766 - set Specific Code input for plugin: SYS
2024-12-26 00:08:46,718 [INFO] BlockDiagram:2766 - set Specific Code input for plugin: GPIO
2024-12-26 00:08:46,718 [INFO] BlockDiagram:2766 - set Specific Code input for plugin: RCC
2024-12-26 00:08:46,718 [INFO] BlockDiagram:2766 - set Specific Code input for plugin: I2C
2024-12-26 00:08:46,718 [INFO] CodeGenerator:896 - code generatio: config db path: C:\ST\STM32CubeIDE_1.17.0\STM32CubeIDE\plugins\com.st.stm32cube.common.mx_6.13.0.202411220809\\db\
2024-12-26 00:08:46,718 [WARN] IP:2251 - I2C_Coeff_DF not found: check if there is a RefParameter without a condition.
2024-12-26 00:08:46,718 [WARN] IP:2251 - Analog_Filter not found: check if there is a RefParameter without a condition.
2024-12-26 00:08:46,765 [INFO] CodeEngine:255 - oldGeneratedFile, C:\Users\o1yus\OneDrive\Desktop\Workspace\test123_i2c\MXTmpFiles\license.tmp_save
2024-12-26 00:08:46,907 [INFO] CodeEngine:279 - Generated code: C:\Users\o1yus\OneDrive\Desktop\Workspace\test123_i2c\MXTmpFiles\license.tmp
2024-12-26 00:08:46,939 [INFO] CodeEngine:255 - oldGeneratedFile, C:\Users\o1yus\OneDrive\Desktop\Workspace\test123_i2c\MXTmpFiles\gpio.tmp_save
2024-12-26 00:08:47,049 [INFO] CodeEngine:279 - Generated code: C:\Users\o1yus\OneDrive\Desktop\Workspace\test123_i2c\MXTmpFiles\gpio.tmp
2024-12-26 00:08:47,104 [INFO] CodeEngine:255 - oldGeneratedFile, C:\Users\o1yus\OneDrive\Desktop\Workspace\test123_i2c\Core\Src\stm32f1xx_it.c_save
2024-12-26 00:08:47,190 [INFO] CodeEngine:279 - Generated code: C:\Users\o1yus\OneDrive\Desktop\Workspace\test123_i2c\Core\Src\stm32f1xx_it.c
2024-12-26 00:08:47,206 [INFO] CodeEngine:255 - oldGeneratedFile, C:\Users\o1yus\OneDrive\Desktop\Workspace\test123_i2c\Core\Inc\stm32f1xx_it.h_save
2024-12-26 00:08:47,222 [ERROR] LogOutputStream:75 - [STDERR_REDIRECT] [Fatal Error] :1:1: Premature end of file.
2024-12-26 00:08:47,222 [ERROR] LogOutputStream:75 - [STDERR_REDIRECT] 
2024-12-26 00:08:47,283 [INFO] CodeEngine:279 - Generated code: C:\Users\o1yus\OneDrive\Desktop\Workspace\test123_i2c\Core\Inc\stm32f1xx_it.h
2024-12-26 00:08:47,306 [INFO] CodeEngine:255 - oldGeneratedFile, C:\Users\o1yus\OneDrive\Desktop\Workspace\test123_i2c\Core\Src\stm32f1xx_hal_msp.c_save
2024-12-26 00:08:47,459 [INFO] CodeEngine:279 - Generated code: C:\Users\o1yus\OneDrive\Desktop\Workspace\test123_i2c\Core\Src\stm32f1xx_hal_msp.c
2024-12-26 00:08:47,467 [INFO] CodeEngine:255 - oldGeneratedFile, C:\Users\o1yus\OneDrive\Desktop\Workspace\test123_i2c\MXTmpFiles\system.tmp_save
2024-12-26 00:08:47,524 [INFO] CodeEngine:279 - Generated code: C:\Users\o1yus\OneDrive\Desktop\Workspace\test123_i2c\MXTmpFiles\system.tmp
2024-12-26 00:08:47,540 [INFO] CodeEngine:311 - oldGeneratedFile, C:\Users\o1yus\OneDrive\Desktop\Workspace\test123_i2c\Core\Inc\stm32f1xx_hal_conf.h_save
2024-12-26 00:08:47,637 [INFO] CodeEngine:335 - Generated code: C:\Users\o1yus\OneDrive\Desktop\Workspace\test123_i2c\Core\Inc\stm32f1xx_hal_conf.h
2024-12-26 00:08:47,676 [INFO] ApiDbMcu:508 - Load IP Config File for I2C1
2024-12-26 00:08:47,694 [INFO] CodeEngine:255 - oldGeneratedFile, C:\Users\o1yus\OneDrive\Desktop\Workspace\test123_i2c\Core\Inc\main.h_save
2024-12-26 00:08:47,770 [INFO] CodeEngine:279 - Generated code: C:\Users\o1yus\OneDrive\Desktop\Workspace\test123_i2c\Core\Inc\main.h
2024-12-26 00:08:47,785 [INFO] CodeEngine:255 - oldGeneratedFile, C:\Users\o1yus\OneDrive\Desktop\Workspace\test123_i2c\Core\Src\main.c_save
2024-12-26 00:08:47,863 [INFO] CodeEngine:279 - Generated code: C:\Users\o1yus\OneDrive\Desktop\Workspace\test123_i2c\Core\Src\main.c
2024-12-26 00:08:48,066 [INFO] ProjectBuilder:3289 - Time for Copy HAL[1] : 111mS.
2024-12-26 00:08:48,070 [INFO] ProjectBuilder:4876 - Project Generator version: 4.5.0-RC5
2024-12-26 00:08:48,113 [INFO] ConfigFileManager:1579 - The Die is : DIE410
2024-12-26 00:08:48,216 [ERROR] LogOutputStream:75 - [STDERR_REDIRECT] [Fatal Error] :1:1: Premature end of file.
2024-12-26 00:08:48,216 [ERROR] LogOutputStream:75 - [STDERR_REDIRECT] 
2024-12-26 00:08:48,858 [INFO] ProjectBuilder:5154 - Time for Generating toolchain IDE Files: 788mS.
2024-12-26 00:08:48,859 [INFO] ProjectBuilder:3146 - Time for Copy CMSIS : 0mS.
2024-12-26 00:08:48,861 [INFO] ProjectBuilder:3146 - Time for Copy CMSIS : 0mS.
2024-12-26 00:08:49,225 [ERROR] LogOutputStream:75 - [STDERR_REDIRECT] [Fatal Error] :1:1: Premature end of file.
2024-12-26 00:08:49,226 [ERROR] LogOutputStream:75 - [STDERR_REDIRECT] 
2024-12-26 00:08:50,212 [ERROR] LogOutputStream:75 - [STDERR_REDIRECT] [Fatal Error] :1:1: Premature end of file.
2024-12-26 00:08:50,212 [ERROR] LogOutputStream:75 - [STDERR_REDIRECT] 
2024-12-26 00:08:51,214 [ERROR] LogOutputStream:75 - [STDERR_REDIRECT] [Fatal Error] :1:1: Premature end of file.
2024-12-26 00:08:51,214 [ERROR] LogOutputStream:75 - [STDERR_REDIRECT] 
2024-12-26 00:08:52,234 [ERROR] LogOutputStream:75 - [STDERR_REDIRECT] [Fatal Error] :1:1: Premature end of file.
2024-12-26 00:08:52,236 [ERROR] LogOutputStream:75 - [STDERR_REDIRECT] 
2024-12-26 00:08:53,209 [ERROR] LogOutputStream:75 - [STDERR_REDIRECT] [Fatal Error] :1:1: Premature end of file.
2024-12-26 00:08:53,209 [ERROR] LogOutputStream:75 - [STDERR_REDIRECT] 
2024-12-26 00:08:54,214 [ERROR] LogOutputStream:75 - [STDERR_REDIRECT] [Fatal Error] :1:1: Premature end of file.
2024-12-26 00:08:54,214 [ERROR] LogOutputStream:75 - [STDERR_REDIRECT] 
2024-12-26 00:08:55,208 [ERROR] LogOutputStream:75 - [STDERR_REDIRECT] [Fatal Error] :1:1: Premature end of file.
2024-12-26 00:08:55,208 [ERROR] LogOutputStream:75 - [STDERR_REDIRECT] 
2024-12-26 00:08:56,216 [ERROR] LogOutputStream:75 - [STDERR_REDIRECT] [Fatal Error] :1:1: Premature end of file.
2024-12-26 00:08:56,216 [ERROR] LogOutputStream:75 - [STDERR_REDIRECT] 
2024-12-26 00:08:57,214 [ERROR] LogOutputStream:75 - [STDERR_REDIRECT] [Fatal Error] :1:1: Premature end of file.
2024-12-26 00:08:57,214 [ERROR] LogOutputStream:75 - [STDERR_REDIRECT] 
2024-12-26 00:08:58,214 [ERROR] LogOutputStream:75 - [STDERR_REDIRECT] [Fatal Error] :1:1: Premature end of file.
2024-12-26 00:08:58,214 [ERROR] LogOutputStream:75 - [STDERR_REDIRECT] 
2024-12-26 00:08:59,217 [ERROR] LogOutputStream:75 - [STDERR_REDIRECT] [Fatal Error] :1:1: Premature end of file.
2024-12-26 00:08:59,217 [ERROR] LogOutputStream:75 - [STDERR_REDIRECT] 
2024-12-26 00:09:00,216 [ERROR] LogOutputStream:75 - [STDERR_REDIRECT] [Fatal Error] :1:1: Premature end of file.
2024-12-26 00:09:00,216 [ERROR] LogOutputStream:75 - [STDERR_REDIRECT] 
2024-12-26 00:09:01,217 [ERROR] LogOutputStream:75 - [STDERR_REDIRECT] [Fatal Error] :1:1: Premature end of file.
2024-12-26 00:09:01,217 [ERROR] LogOutputStream:75 - [STDERR_REDIRECT] 
2024-12-26 00:09:02,219 [ERROR] LogOutputStream:75 - [STDERR_REDIRECT] [Fatal Error] :1:1: Premature end of file.
2024-12-26 00:09:02,219 [ERROR] LogOutputStream:75 - [STDERR_REDIRECT] 
2024-12-26 00:09:03,209 [ERROR] LogOutputStream:75 - [STDERR_REDIRECT] [Fatal Error] :1:1: Premature end of file.
2024-12-26 00:09:03,209 [ERROR] LogOutputStream:75 - [STDERR_REDIRECT] 
2024-12-26 00:09:04,219 [ERROR] LogOutputStream:75 - [STDERR_REDIRECT] [Fatal Error] :1:1: Premature end of file.
2024-12-26 00:09:04,219 [ERROR] LogOutputStream:75 - [STDERR_REDIRECT] 
2024-12-26 00:09:05,210 [ERROR] LogOutputStream:75 - [STDERR_REDIRECT] [Fatal Error] :1:1: Premature end of file.
2024-12-26 00:09:05,210 [ERROR] LogOutputStream:75 - [STDERR_REDIRECT] 
2024-12-26 00:09:06,214 [ERROR] LogOutputStream:75 - [STDERR_REDIRECT] [Fatal Error] :1:1: Premature end of file.
2024-12-26 00:09:06,214 [ERROR] LogOutputStream:75 - [STDERR_REDIRECT] 
2024-12-26 00:09:07,216 [ERROR] LogOutputStream:75 - [STDERR_REDIRECT] [Fatal Error] :1:1: Premature end of file.
2024-12-26 00:09:07,216 [ERROR] LogOutputStream:75 - [STDERR_REDIRECT] 
2024-12-26 00:09:08,217 [ERROR] LogOutputStream:75 - [STDERR_REDIRECT] [Fatal Error] :1:1: Premature end of file.
2024-12-26 00:09:08,217 [ERROR] LogOutputStream:75 - [STDERR_REDIRECT] 
2024-12-26 00:09:09,213 [ERROR] LogOutputStream:75 - [STDERR_REDIRECT] [Fatal Error] :1:1: Premature end of file.
2024-12-26 00:09:09,213 [ERROR] LogOutputStream:75 - [STDERR_REDIRECT] 
2024-12-26 00:09:10,219 [ERROR] LogOutputStream:75 - [STDERR_REDIRECT] [Fatal Error] :1:1: Premature end of file.
2024-12-26 00:09:10,219 [ERROR] LogOutputStream:75 - [STDERR_REDIRECT] 
2024-12-26 00:09:11,215 [ERROR] LogOutputStream:75 - [STDERR_REDIRECT] [Fatal Error] :1:1: Premature end of file.
2024-12-26 00:09:11,215 [ERROR] LogOutputStream:75 - [STDERR_REDIRECT] 
2024-12-26 00:09:12,216 [ERROR] LogOutputStream:75 - [STDERR_REDIRECT] [Fatal Error] :1:1: Premature end of file.
2024-12-26 00:09:12,216 [ERROR] LogOutputStream:75 - [STDERR_REDIRECT] 
2024-12-26 00:09:13,212 [ERROR] LogOutputStream:75 - [STDERR_REDIRECT] [Fatal Error] :1:1: Premature end of file.
2024-12-26 00:09:13,212 [ERROR] LogOutputStream:75 - [STDERR_REDIRECT] 
2024-12-26 00:09:14,207 [ERROR] LogOutputStream:75 - [STDERR_REDIRECT] [Fatal Error] :1:1: Premature end of file.
2024-12-26 00:09:14,207 [ERROR] LogOutputStream:75 - [STDERR_REDIRECT] 
2024-12-26 00:09:15,215 [ERROR] LogOutputStream:75 - [STDERR_REDIRECT] [Fatal Error] :1:1: Premature end of file.
2024-12-26 00:09:15,215 [ERROR] LogOutputStream:75 - [STDERR_REDIRECT] 
2024-12-26 00:09:16,213 [ERROR] LogOutputStream:75 - [STDERR_REDIRECT] [Fatal Error] :1:1: Premature end of file.
2024-12-26 00:09:16,213 [ERROR] LogOutputStream:75 - [STDERR_REDIRECT] 
2024-12-26 00:09:17,214 [ERROR] LogOutputStream:75 - [STDERR_REDIRECT] [Fatal Error] :1:1: Premature end of file.
2024-12-26 00:09:17,214 [ERROR] LogOutputStream:75 - [STDERR_REDIRECT] 
2024-12-26 00:09:18,212 [ERROR] LogOutputStream:75 - [STDERR_REDIRECT] [Fatal Error] :1:1: Premature end of file.
2024-12-26 00:09:18,212 [ERROR] LogOutputStream:75 - [STDERR_REDIRECT] 
2024-12-26 00:09:19,217 [ERROR] LogOutputStream:75 - [STDERR_REDIRECT] [Fatal Error] :1:1: Premature end of file.
2024-12-26 00:09:19,217 [ERROR] LogOutputStream:75 - [STDERR_REDIRECT] 
2024-12-26 00:09:20,208 [ERROR] LogOutputStream:75 - [STDERR_REDIRECT] [Fatal Error] :1:1: Premature end of file.
2024-12-26 00:09:20,208 [ERROR] LogOutputStream:75 - [STDERR_REDIRECT] 
2024-12-26 00:09:21,213 [ERROR] LogOutputStream:75 - [STDERR_REDIRECT] [Fatal Error] :1:1: Premature end of file.
2024-12-26 00:09:21,213 [ERROR] LogOutputStream:75 - [STDERR_REDIRECT] 
2024-12-26 00:09:22,213 [ERROR] LogOutputStream:75 - [STDERR_REDIRECT] [Fatal Error] :1:1: Premature end of file.
2024-12-26 00:09:22,213 [ERROR] LogOutputStream:75 - [STDERR_REDIRECT] 
2024-12-26 00:09:23,213 [ERROR] LogOutputStream:75 - [STDERR_REDIRECT] [Fatal Error] :1:1: Premature end of file.
2024-12-26 00:09:23,213 [ERROR] LogOutputStream:75 - [STDERR_REDIRECT] 
2024-12-26 00:09:24,214 [ERROR] LogOutputStream:75 - [STDERR_REDIRECT] [Fatal Error] :1:1: Premature end of file.
2024-12-26 00:09:24,214 [ERROR] LogOutputStream:75 - [STDERR_REDIRECT] 
2024-12-26 00:09:25,216 [ERROR] LogOutputStream:75 - [STDERR_REDIRECT] [Fatal Error] :1:1: Premature end of file.
2024-12-26 00:09:25,216 [ERROR] LogOutputStream:75 - [STDERR_REDIRECT] 
2024-12-26 00:09:26,211 [ERROR] LogOutputStream:75 - [STDERR_REDIRECT] [Fatal Error] :1:1: Premature end of file.
2024-12-26 00:09:26,211 [ERROR] LogOutputStream:75 - [STDERR_REDIRECT] 
2024-12-26 00:09:27,221 [ERROR] LogOutputStream:75 - [STDERR_REDIRECT] [Fatal Error] :1:1: Premature end of file.
2024-12-26 00:09:27,221 [ERROR] LogOutputStream:75 - [STDERR_REDIRECT] 
2024-12-26 00:09:28,207 [ERROR] LogOutputStream:75 - [STDERR_REDIRECT] [Fatal Error] :1:1: Premature end of file.
2024-12-26 00:09:28,207 [ERROR] LogOutputStream:75 - [STDERR_REDIRECT] 
2024-12-26 00:09:29,216 [ERROR] LogOutputStream:75 - [STDERR_REDIRECT] [Fatal Error] :1:1: Premature end of file.
2024-12-26 00:09:29,216 [ERROR] LogOutputStream:75 - [STDERR_REDIRECT] 
2024-12-26 00:09:30,211 [ERROR] LogOutputStream:75 - [STDERR_REDIRECT] [Fatal Error] :1:1: Premature end of file.
2024-12-26 00:09:30,211 [ERROR] LogOutputStream:75 - [STDERR_REDIRECT] 
2024-12-26 00:09:31,216 [ERROR] LogOutputStream:75 - [STDERR_REDIRECT] [Fatal Error] :1:1: Premature end of file.
2024-12-26 00:09:31,216 [ERROR] LogOutputStream:75 - [STDERR_REDIRECT] 
2024-12-26 00:09:32,213 [ERROR] LogOutputStream:75 - [STDERR_REDIRECT] [Fatal Error] :1:1: Premature end of file.
2024-12-26 00:09:32,213 [ERROR] LogOutputStream:75 - [STDERR_REDIRECT] 
2024-12-26 00:09:33,212 [ERROR] LogOutputStream:75 - [STDERR_REDIRECT] [Fatal Error] :1:1: Premature end of file.
2024-12-26 00:09:33,212 [ERROR] LogOutputStream:75 - [STDERR_REDIRECT] 
2024-12-26 00:09:34,214 [ERROR] LogOutputStream:75 - [STDERR_REDIRECT] [Fatal Error] :1:1: Premature end of file.
2024-12-26 00:09:34,214 [ERROR] LogOutputStream:75 - [STDERR_REDIRECT] 
2024-12-26 00:09:35,214 [ERROR] LogOutputStream:75 - [STDERR_REDIRECT] [Fatal Error] :1:1: Premature end of file.
2024-12-26 00:09:35,214 [ERROR] LogOutputStream:75 - [STDERR_REDIRECT] 
2024-12-26 00:09:36,207 [ERROR] LogOutputStream:75 - [STDERR_REDIRECT] [Fatal Error] :1:1: Premature end of file.
2024-12-26 00:09:36,207 [ERROR] LogOutputStream:75 - [STDERR_REDIRECT] 
2024-12-26 00:09:37,215 [ERROR] LogOutputStream:75 - [STDERR_REDIRECT] [Fatal Error] :1:1: Premature end of file.
2024-12-26 00:09:37,215 [ERROR] LogOutputStream:75 - [STDERR_REDIRECT] 
2024-12-26 00:09:38,211 [ERROR] LogOutputStream:75 - [STDERR_REDIRECT] [Fatal Error] :1:1: Premature end of file.
2024-12-26 00:09:38,211 [ERROR] LogOutputStream:75 - [STDERR_REDIRECT] 
2024-12-26 00:09:39,212 [ERROR] LogOutputStream:75 - [STDERR_REDIRECT] [Fatal Error] :1:1: Premature end of file.
2024-12-26 00:09:39,212 [ERROR] LogOutputStream:75 - [STDERR_REDIRECT] 
2024-12-26 00:09:40,209 [ERROR] LogOutputStream:75 - [STDERR_REDIRECT] [Fatal Error] :1:1: Premature end of file.
2024-12-26 00:09:40,209 [ERROR] LogOutputStream:75 - [STDERR_REDIRECT] 
2024-12-26 00:09:41,217 [ERROR] LogOutputStream:75 - [STDERR_REDIRECT] [Fatal Error] :1:1: Premature end of file.
2024-12-26 00:09:41,217 [ERROR] LogOutputStream:75 - [STDERR_REDIRECT] 
2024-12-26 00:09:42,220 [ERROR] LogOutputStream:75 - [STDERR_REDIRECT] [Fatal Error] :1:1: Premature end of file.
2024-12-26 00:09:42,220 [ERROR] LogOutputStream:75 - [STDERR_REDIRECT] 
2024-12-26 00:09:43,212 [ERROR] LogOutputStream:75 - [STDERR_REDIRECT] [Fatal Error] :1:1: Premature end of file.
2024-12-26 00:09:43,212 [ERROR] LogOutputStream:75 - [STDERR_REDIRECT] 
2024-12-26 00:09:44,211 [ERROR] LogOutputStream:75 - [STDERR_REDIRECT] [Fatal Error] :1:1: Premature end of file.
2024-12-26 00:09:44,212 [ERROR] LogOutputStream:75 - [STDERR_REDIRECT] 
2024-12-26 00:09:45,211 [ERROR] LogOutputStream:75 - [STDERR_REDIRECT] [Fatal Error] :1:1: Premature end of file.
2024-12-26 00:09:45,211 [ERROR] LogOutputStream:75 - [STDERR_REDIRECT] 
2024-12-26 00:09:46,212 [ERROR] LogOutputStream:75 - [STDERR_REDIRECT] [Fatal Error] :1:1: Premature end of file.
2024-12-26 00:09:46,212 [ERROR] LogOutputStream:75 - [STDERR_REDIRECT] 
2024-12-26 00:09:47,208 [ERROR] LogOutputStream:75 - [STDERR_REDIRECT] [Fatal Error] :1:1: Premature end of file.
2024-12-26 00:09:47,208 [ERROR] LogOutputStream:75 - [STDERR_REDIRECT] 
2024-12-26 00:09:48,221 [ERROR] LogOutputStream:75 - [STDERR_REDIRECT] [Fatal Error] :1:1: Premature end of file.
2024-12-26 00:09:48,221 [ERROR] LogOutputStream:75 - [STDERR_REDIRECT] 
2024-12-26 00:09:49,214 [ERROR] LogOutputStream:75 - [STDERR_REDIRECT] [Fatal Error] :1:1: Premature end of file.
2024-12-26 00:09:49,214 [ERROR] LogOutputStream:75 - [STDERR_REDIRECT] 
2024-12-26 00:09:50,225 [ERROR] LogOutputStream:75 - [STDERR_REDIRECT] [Fatal Error] :1:1: Premature end of file.
2024-12-26 00:09:50,225 [ERROR] LogOutputStream:75 - [STDERR_REDIRECT] 
2024-12-26 00:09:51,207 [ERROR] LogOutputStream:75 - [STDERR_REDIRECT] [Fatal Error] :1:1: Premature end of file.
2024-12-26 00:09:51,207 [ERROR] LogOutputStream:75 - [STDERR_REDIRECT] 
2024-12-26 00:09:52,211 [ERROR] LogOutputStream:75 - [STDERR_REDIRECT] [Fatal Error] :1:1: Premature end of file.
2024-12-26 00:09:52,211 [ERROR] LogOutputStream:75 - [STDERR_REDIRECT] 
2024-12-26 00:09:53,218 [ERROR] LogOutputStream:75 - [STDERR_REDIRECT] [Fatal Error] :1:1: Premature end of file.
2024-12-26 00:09:53,218 [ERROR] LogOutputStream:75 - [STDERR_REDIRECT] 
2024-12-26 00:09:54,212 [ERROR] LogOutputStream:75 - [STDERR_REDIRECT] [Fatal Error] :1:1: Premature end of file.
2024-12-26 00:09:54,212 [ERROR] LogOutputStream:75 - [STDERR_REDIRECT] 
2024-12-26 00:09:55,217 [ERROR] LogOutputStream:75 - [STDERR_REDIRECT] [Fatal Error] :1:1: Premature end of file.
2024-12-26 00:09:55,217 [ERROR] LogOutputStream:75 - [STDERR_REDIRECT] 
2024-12-26 00:09:56,225 [ERROR] LogOutputStream:75 - [STDERR_REDIRECT] [Fatal Error] :1:1: Premature end of file.
2024-12-26 00:09:56,225 [ERROR] LogOutputStream:75 - [STDERR_REDIRECT] 
2024-12-26 00:09:57,209 [ERROR] LogOutputStream:75 - [STDERR_REDIRECT] [Fatal Error] :1:1: Premature end of file.
2024-12-26 00:09:57,209 [ERROR] LogOutputStream:75 - [STDERR_REDIRECT] 
2024-12-26 00:09:58,217 [ERROR] LogOutputStream:75 - [STDERR_REDIRECT] [Fatal Error] :1:1: Premature end of file.
2024-12-26 00:09:58,217 [ERROR] LogOutputStream:75 - [STDERR_REDIRECT] 
2024-12-26 00:09:59,215 [ERROR] LogOutputStream:75 - [STDERR_REDIRECT] [Fatal Error] :1:1: Premature end of file.
2024-12-26 00:09:59,215 [ERROR] LogOutputStream:75 - [STDERR_REDIRECT] 
2024-12-26 00:10:00,215 [ERROR] LogOutputStream:75 - [STDERR_REDIRECT] [Fatal Error] :1:1: Premature end of file.
2024-12-26 00:10:00,215 [ERROR] LogOutputStream:75 - [STDERR_REDIRECT] 
2024-12-26 00:10:01,210 [ERROR] LogOutputStream:75 - [STDERR_REDIRECT] [Fatal Error] :1:1: Premature end of file.
2024-12-26 00:10:01,210 [ERROR] LogOutputStream:75 - [STDERR_REDIRECT] 
2024-12-26 00:10:02,231 [ERROR] LogOutputStream:75 - [STDERR_REDIRECT] [Fatal Error] :1:1: Premature end of file.
2024-12-26 00:10:02,231 [ERROR] LogOutputStream:75 - [STDERR_REDIRECT] 
2024-12-26 00:10:03,208 [ERROR] LogOutputStream:75 - [STDERR_REDIRECT] [Fatal Error] :1:1: Premature end of file.
2024-12-26 00:10:03,208 [ERROR] LogOutputStream:75 - [STDERR_REDIRECT] 
2024-12-26 00:10:04,216 [ERROR] LogOutputStream:75 - [STDERR_REDIRECT] [Fatal Error] :1:1: Premature end of file.
2024-12-26 00:10:04,216 [ERROR] LogOutputStream:75 - [STDERR_REDIRECT] 
2024-12-26 00:10:05,208 [ERROR] LogOutputStream:75 - [STDERR_REDIRECT] [Fatal Error] :1:1: Premature end of file.
2024-12-26 00:10:05,208 [ERROR] LogOutputStream:75 - [STDERR_REDIRECT] 
2024-12-26 00:10:06,213 [ERROR] LogOutputStream:75 - [STDERR_REDIRECT] [Fatal Error] :1:1: Premature end of file.
2024-12-26 00:10:06,213 [ERROR] LogOutputStream:75 - [STDERR_REDIRECT] 
2024-12-26 00:10:07,210 [ERROR] LogOutputStream:75 - [STDERR_REDIRECT] [Fatal Error] :1:1: Premature end of file.
2024-12-26 00:10:07,210 [ERROR] LogOutputStream:75 - [STDERR_REDIRECT] 
2024-12-26 00:10:08,213 [ERROR] LogOutputStream:75 - [STDERR_REDIRECT] [Fatal Error] :1:1: Premature end of file.
2024-12-26 00:10:08,213 [ERROR] LogOutputStream:75 - [STDERR_REDIRECT] 
2024-12-26 00:10:09,213 [ERROR] LogOutputStream:75 - [STDERR_REDIRECT] [Fatal Error] :1:1: Premature end of file.
2024-12-26 00:10:09,213 [ERROR] LogOutputStream:75 - [STDERR_REDIRECT] 
2024-12-26 00:10:10,215 [ERROR] LogOutputStream:75 - [STDERR_REDIRECT] [Fatal Error] :1:1: Premature end of file.
2024-12-26 00:10:10,215 [ERROR] LogOutputStream:75 - [STDERR_REDIRECT] 
2024-12-26 00:10:11,214 [ERROR] LogOutputStream:75 - [STDERR_REDIRECT] [Fatal Error] :1:1: Premature end of file.
2024-12-26 00:10:11,214 [ERROR] LogOutputStream:75 - [STDERR_REDIRECT] 
2024-12-26 00:10:12,215 [ERROR] LogOutputStream:75 - [STDERR_REDIRECT] [Fatal Error] :1:1: Premature end of file.
2024-12-26 00:10:12,215 [ERROR] LogOutputStream:75 - [STDERR_REDIRECT] 
2024-12-26 00:10:13,212 [ERROR] LogOutputStream:75 - [STDERR_REDIRECT] [Fatal Error] :1:1: Premature end of file.
2024-12-26 00:10:13,212 [ERROR] LogOutputStream:75 - [STDERR_REDIRECT] 
2024-12-26 00:10:14,212 [ERROR] LogOutputStream:75 - [STDERR_REDIRECT] [Fatal Error] :1:1: Premature end of file.
2024-12-26 00:10:14,212 [ERROR] LogOutputStream:75 - [STDERR_REDIRECT] 
2024-12-26 00:10:15,211 [ERROR] LogOutputStream:75 - [STDERR_REDIRECT] [Fatal Error] :1:1: Premature end of file.
2024-12-26 00:10:15,211 [ERROR] LogOutputStream:75 - [STDERR_REDIRECT] 
2024-12-26 00:10:16,216 [ERROR] LogOutputStream:75 - [STDERR_REDIRECT] [Fatal Error] :1:1: Premature end of file.
2024-12-26 00:10:16,216 [ERROR] LogOutputStream:75 - [STDERR_REDIRECT] 
2024-12-26 00:10:17,214 [ERROR] LogOutputStream:75 - [STDERR_REDIRECT] [Fatal Error] :1:1: Premature end of file.
2024-12-26 00:10:17,214 [ERROR] LogOutputStream:75 - [STDERR_REDIRECT] 
2024-12-26 00:10:18,210 [ERROR] LogOutputStream:75 - [STDERR_REDIRECT] [Fatal Error] :1:1: Premature end of file.
2024-12-26 00:10:18,210 [ERROR] LogOutputStream:75 - [STDERR_REDIRECT] 
2024-12-26 00:10:19,216 [ERROR] LogOutputStream:75 - [STDERR_REDIRECT] [Fatal Error] :1:1: Premature end of file.
2024-12-26 00:10:19,216 [ERROR] LogOutputStream:75 - [STDERR_REDIRECT] 
2024-12-26 00:10:20,223 [ERROR] LogOutputStream:75 - [STDERR_REDIRECT] [Fatal Error] :1:1: Premature end of file.
2024-12-26 00:10:20,223 [ERROR] LogOutputStream:75 - [STDERR_REDIRECT] 
2024-12-26 00:10:21,215 [ERROR] LogOutputStream:75 - [STDERR_REDIRECT] [Fatal Error] :1:1: Premature end of file.
2024-12-26 00:10:21,215 [ERROR] LogOutputStream:75 - [STDERR_REDIRECT] 
2024-12-26 00:10:22,213 [ERROR] LogOutputStream:75 - [STDERR_REDIRECT] [Fatal Error] :1:1: Premature end of file.
2024-12-26 00:10:22,213 [ERROR] LogOutputStream:75 - [STDERR_REDIRECT] 
2024-12-26 00:10:23,210 [ERROR] LogOutputStream:75 - [STDERR_REDIRECT] [Fatal Error] :1:1: Premature end of file.
2024-12-26 00:10:23,210 [ERROR] LogOutputStream:75 - [STDERR_REDIRECT] 
2024-12-26 00:10:24,214 [ERROR] LogOutputStream:75 - [STDERR_REDIRECT] [Fatal Error] :1:1: Premature end of file.
2024-12-26 00:10:24,214 [ERROR] LogOutputStream:75 - [STDERR_REDIRECT] 
2024-12-26 00:10:25,224 [ERROR] LogOutputStream:75 - [STDERR_REDIRECT] [Fatal Error] :1:1: Premature end of file.
2024-12-26 00:10:25,224 [ERROR] LogOutputStream:75 - [STDERR_REDIRECT] 
2024-12-26 00:10:26,216 [ERROR] LogOutputStream:75 - [STDERR_REDIRECT] [Fatal Error] :1:1: Premature end of file.
2024-12-26 00:10:26,216 [ERROR] LogOutputStream:75 - [STDERR_REDIRECT] 
2024-12-26 00:10:27,225 [ERROR] LogOutputStream:75 - [STDERR_REDIRECT] [Fatal Error] :1:1: Premature end of file.
2024-12-26 00:10:27,226 [ERROR] LogOutputStream:75 - [STDERR_REDIRECT] 
2024-12-26 00:10:28,220 [ERROR] LogOutputStream:75 - [STDERR_REDIRECT] [Fatal Error] :1:1: Premature end of file.
2024-12-26 00:10:28,220 [ERROR] LogOutputStream:75 - [STDERR_REDIRECT] 
2024-12-26 00:10:29,209 [ERROR] LogOutputStream:75 - [STDERR_REDIRECT] [Fatal Error] :1:1: Premature end of file.
2024-12-26 00:10:29,209 [ERROR] LogOutputStream:75 - [STDERR_REDIRECT] 
2024-12-26 00:10:30,223 [ERROR] LogOutputStream:75 - [STDERR_REDIRECT] [Fatal Error] :1:1: Premature end of file.
2024-12-26 00:10:30,223 [ERROR] LogOutputStream:75 - [STDERR_REDIRECT] 
2024-12-26 00:10:31,207 [ERROR] LogOutputStream:75 - [STDERR_REDIRECT] [Fatal Error] :1:1: Premature end of file.
2024-12-26 00:10:31,207 [ERROR] LogOutputStream:75 - [STDERR_REDIRECT] 
2024-12-26 00:10:32,212 [ERROR] LogOutputStream:75 - [STDERR_REDIRECT] [Fatal Error] :1:1: Premature end of file.
2024-12-26 00:10:32,212 [ERROR] LogOutputStream:75 - [STDERR_REDIRECT] 
2024-12-26 00:10:33,219 [ERROR] LogOutputStream:75 - [STDERR_REDIRECT] [Fatal Error] :1:1: Premature end of file.
2024-12-26 00:10:33,219 [ERROR] LogOutputStream:75 - [STDERR_REDIRECT] 
2024-12-26 00:10:34,215 [ERROR] LogOutputStream:75 - [STDERR_REDIRECT] [Fatal Error] :1:1: Premature end of file.
2024-12-26 00:10:34,215 [ERROR] LogOutputStream:75 - [STDERR_REDIRECT] 
2024-12-26 00:10:35,222 [ERROR] LogOutputStream:75 - [STDERR_REDIRECT] [Fatal Error] :1:1: Premature end of file.
2024-12-26 00:10:35,222 [ERROR] LogOutputStream:75 - [STDERR_REDIRECT] 
2024-12-26 00:10:36,221 [ERROR] LogOutputStream:75 - [STDERR_REDIRECT] [Fatal Error] :1:1: Premature end of file.
2024-12-26 00:10:36,221 [ERROR] LogOutputStream:75 - [STDERR_REDIRECT] 
2024-12-26 00:10:37,224 [ERROR] LogOutputStream:75 - [STDERR_REDIRECT] [Fatal Error] :1:1: Premature end of file.
2024-12-26 00:10:37,224 [ERROR] LogOutputStream:75 - [STDERR_REDIRECT] 
2024-12-26 00:10:38,215 [ERROR] LogOutputStream:75 - [STDERR_REDIRECT] [Fatal Error] :1:1: Premature end of file.
2024-12-26 00:10:38,215 [ERROR] LogOutputStream:75 - [STDERR_REDIRECT] 
2024-12-26 00:10:39,212 [ERROR] LogOutputStream:75 - [STDERR_REDIRECT] [Fatal Error] :1:1: Premature end of file.
2024-12-26 00:10:39,212 [ERROR] LogOutputStream:75 - [STDERR_REDIRECT] 
2024-12-26 00:10:40,217 [ERROR] LogOutputStream:75 - [STDERR_REDIRECT] [Fatal Error] :1:1: Premature end of file.
2024-12-26 00:10:40,217 [ERROR] LogOutputStream:75 - [STDERR_REDIRECT] 
2024-12-26 00:10:41,217 [ERROR] LogOutputStream:75 - [STDERR_REDIRECT] [Fatal Error] :1:1: Premature end of file.
2024-12-26 00:10:41,217 [ERROR] LogOutputStream:75 - [STDERR_REDIRECT] 
2024-12-26 00:10:42,224 [ERROR] LogOutputStream:75 - [STDERR_REDIRECT] [Fatal Error] :1:1: Premature end of file.
2024-12-26 00:10:42,224 [ERROR] LogOutputStream:75 - [STDERR_REDIRECT] 
2024-12-26 00:10:43,220 [ERROR] LogOutputStream:75 - [STDERR_REDIRECT] [Fatal Error] :1:1: Premature end of file.
2024-12-26 00:10:43,220 [ERROR] LogOutputStream:75 - [STDERR_REDIRECT] 
2024-12-26 00:10:44,229 [ERROR] LogOutputStream:75 - [STDERR_REDIRECT] [Fatal Error] :1:1: Premature end of file.
2024-12-26 00:10:44,229 [ERROR] LogOutputStream:75 - [STDERR_REDIRECT] 
2024-12-26 00:10:45,218 [ERROR] LogOutputStream:75 - [STDERR_REDIRECT] [Fatal Error] :1:1: Premature end of file.
2024-12-26 00:10:45,218 [ERROR] LogOutputStream:75 - [STDERR_REDIRECT] 
2024-12-26 00:10:46,214 [ERROR] LogOutputStream:75 - [STDERR_REDIRECT] [Fatal Error] :1:1: Premature end of file.
2024-12-26 00:10:46,214 [ERROR] LogOutputStream:75 - [STDERR_REDIRECT] 
2024-12-26 00:10:47,209 [ERROR] LogOutputStream:75 - [STDERR_REDIRECT] [Fatal Error] :1:1: Premature end of file.
2024-12-26 00:10:47,209 [ERROR] LogOutputStream:75 - [STDERR_REDIRECT] 
2024-12-26 00:10:48,220 [ERROR] LogOutputStream:75 - [STDERR_REDIRECT] [Fatal Error] :1:1: Premature end of file.
2024-12-26 00:10:48,220 [ERROR] LogOutputStream:75 - [STDERR_REDIRECT] 
2024-12-26 00:10:49,221 [ERROR] LogOutputStream:75 - [STDERR_REDIRECT] [Fatal Error] :1:1: Premature end of file.
2024-12-26 00:10:49,221 [ERROR] LogOutputStream:75 - [STDERR_REDIRECT] 
2024-12-26 00:10:50,232 [ERROR] LogOutputStream:75 - [STDERR_REDIRECT] [Fatal Error] :1:1: Premature end of file.
2024-12-26 00:10:50,232 [ERROR] LogOutputStream:75 - [STDERR_REDIRECT] 
2024-12-26 00:10:51,221 [ERROR] LogOutputStream:75 - [STDERR_REDIRECT] [Fatal Error] :1:1: Premature end of file.
2024-12-26 00:10:51,221 [ERROR] LogOutputStream:75 - [STDERR_REDIRECT] 
2024-12-26 00:10:52,217 [ERROR] LogOutputStream:75 - [STDERR_REDIRECT] [Fatal Error] :1:1: Premature end of file.
2024-12-26 00:10:52,217 [ERROR] LogOutputStream:75 - [STDERR_REDIRECT] 
2024-12-26 00:10:53,214 [ERROR] LogOutputStream:75 - [STDERR_REDIRECT] [Fatal Error] :1:1: Premature end of file.
2024-12-26 00:10:53,214 [ERROR] LogOutputStream:75 - [STDERR_REDIRECT] 
2024-12-26 00:10:54,216 [ERROR] LogOutputStream:75 - [STDERR_REDIRECT] [Fatal Error] :1:1: Premature end of file.
2024-12-26 00:10:54,216 [ERROR] LogOutputStream:75 - [STDERR_REDIRECT] 
2024-12-26 00:10:55,213 [ERROR] LogOutputStream:75 - [STDERR_REDIRECT] [Fatal Error] :1:1: Premature end of file.
2024-12-26 00:10:55,213 [ERROR] LogOutputStream:75 - [STDERR_REDIRECT] 
2024-12-26 00:10:56,221 [ERROR] LogOutputStream:75 - [STDERR_REDIRECT] [Fatal Error] :1:1: Premature end of file.
2024-12-26 00:10:56,221 [ERROR] LogOutputStream:75 - [STDERR_REDIRECT] 
2024-12-26 00:10:57,214 [ERROR] LogOutputStream:75 - [STDERR_REDIRECT] [Fatal Error] :1:1: Premature end of file.
2024-12-26 00:10:57,214 [ERROR] LogOutputStream:75 - [STDERR_REDIRECT] 
2024-12-26 00:10:58,210 [ERROR] LogOutputStream:75 - [STDERR_REDIRECT] [Fatal Error] :1:1: Premature end of file.
2024-12-26 00:10:58,210 [ERROR] LogOutputStream:75 - [STDERR_REDIRECT] 
2024-12-26 00:10:59,231 [ERROR] LogOutputStream:75 - [STDERR_REDIRECT] [Fatal Error] :1:1: Premature end of file.
2024-12-26 00:10:59,231 [ERROR] LogOutputStream:75 - [STDERR_REDIRECT] 
2024-12-26 00:11:00,231 [ERROR] LogOutputStream:75 - [STDERR_REDIRECT] [Fatal Error] :1:1: Premature end of file.
2024-12-26 00:11:00,231 [ERROR] LogOutputStream:75 - [STDERR_REDIRECT] 
2024-12-26 00:11:01,229 [ERROR] LogOutputStream:75 - [STDERR_REDIRECT] [Fatal Error] :1:1: Premature end of file.
2024-12-26 00:11:01,229 [ERROR] LogOutputStream:75 - [STDERR_REDIRECT] 
2024-12-26 00:11:02,231 [ERROR] LogOutputStream:75 - [STDERR_REDIRECT] [Fatal Error] :1:1: Premature end of file.
2024-12-26 00:11:02,231 [ERROR] LogOutputStream:75 - [STDERR_REDIRECT] 
2024-12-26 00:11:03,211 [ERROR] LogOutputStream:75 - [STDERR_REDIRECT] [Fatal Error] :1:1: Premature end of file.
2024-12-26 00:11:03,211 [ERROR] LogOutputStream:75 - [STDERR_REDIRECT] 
2024-12-26 00:11:04,219 [ERROR] LogOutputStream:75 - [STDERR_REDIRECT] [Fatal Error] :1:1: Premature end of file.
2024-12-26 00:11:04,219 [ERROR] LogOutputStream:75 - [STDERR_REDIRECT] 
2024-12-26 00:11:05,226 [ERROR] LogOutputStream:75 - [STDERR_REDIRECT] [Fatal Error] :1:1: Premature end of file.
2024-12-26 00:11:05,226 [ERROR] LogOutputStream:75 - [STDERR_REDIRECT] 
2024-12-26 00:11:06,240 [ERROR] LogOutputStream:75 - [STDERR_REDIRECT] [Fatal Error] :1:1: Premature end of file.
2024-12-26 00:11:06,240 [ERROR] LogOutputStream:75 - [STDERR_REDIRECT] 
2024-12-26 00:11:07,225 [ERROR] LogOutputStream:75 - [STDERR_REDIRECT] [Fatal Error] :1:1: Premature end of file.
2024-12-26 00:11:07,226 [ERROR] LogOutputStream:75 - [STDERR_REDIRECT] 
2024-12-26 00:11:08,220 [ERROR] LogOutputStream:75 - [STDERR_REDIRECT] [Fatal Error] :1:1: Premature end of file.
2024-12-26 00:11:08,220 [ERROR] LogOutputStream:75 - [STDERR_REDIRECT] 
2024-12-26 00:11:09,218 [ERROR] LogOutputStream:75 - [STDERR_REDIRECT] [Fatal Error] :1:1: Premature end of file.
2024-12-26 00:11:09,218 [ERROR] LogOutputStream:75 - [STDERR_REDIRECT] 
2024-12-26 00:11:10,233 [ERROR] LogOutputStream:75 - [STDERR_REDIRECT] [Fatal Error] :1:1: Premature end of file.
2024-12-26 00:11:10,233 [ERROR] LogOutputStream:75 - [STDERR_REDIRECT] 
2024-12-26 00:11:11,222 [ERROR] LogOutputStream:75 - [STDERR_REDIRECT] [Fatal Error] :1:1: Premature end of file.
2024-12-26 00:11:11,222 [ERROR] LogOutputStream:75 - [STDERR_REDIRECT] 
2024-12-26 00:11:12,214 [ERROR] LogOutputStream:75 - [STDERR_REDIRECT] [Fatal Error] :1:1: Premature end of file.
2024-12-26 00:11:12,214 [ERROR] LogOutputStream:75 - [STDERR_REDIRECT] 
2024-12-26 00:11:13,224 [ERROR] LogOutputStream:75 - [STDERR_REDIRECT] [Fatal Error] :1:1: Premature end of file.
2024-12-26 00:11:13,225 [ERROR] LogOutputStream:75 - [STDERR_REDIRECT] 
2024-12-26 00:11:14,221 [ERROR] LogOutputStream:75 - [STDERR_REDIRECT] [Fatal Error] :1:1: Premature end of file.
2024-12-26 00:11:14,221 [ERROR] LogOutputStream:75 - [STDERR_REDIRECT] 
2024-12-26 00:11:15,226 [ERROR] LogOutputStream:75 - [STDERR_REDIRECT] [Fatal Error] :1:1: Premature end of file.
2024-12-26 00:11:15,226 [ERROR] LogOutputStream:75 - [STDERR_REDIRECT] 
2024-12-26 00:11:16,218 [ERROR] LogOutputStream:75 - [STDERR_REDIRECT] [Fatal Error] :1:1: Premature end of file.
2024-12-26 00:11:16,218 [ERROR] LogOutputStream:75 - [STDERR_REDIRECT] 
2024-12-26 00:11:17,225 [ERROR] LogOutputStream:75 - [STDERR_REDIRECT] [Fatal Error] :1:1: Premature end of file.
2024-12-26 00:11:17,225 [ERROR] LogOutputStream:75 - [STDERR_REDIRECT] 
2024-12-26 00:11:18,218 [ERROR] LogOutputStream:75 - [STDERR_REDIRECT] [Fatal Error] :1:1: Premature end of file.
2024-12-26 00:11:18,218 [ERROR] LogOutputStream:75 - [STDERR_REDIRECT] 
2024-12-26 00:11:19,215 [ERROR] LogOutputStream:75 - [STDERR_REDIRECT] [Fatal Error] :1:1: Premature end of file.
2024-12-26 00:11:19,215 [ERROR] LogOutputStream:75 - [STDERR_REDIRECT] 
2024-12-26 00:11:20,225 [ERROR] LogOutputStream:75 - [STDERR_REDIRECT] [Fatal Error] :1:1: Premature end of file.
2024-12-26 00:11:20,225 [ERROR] LogOutputStream:75 - [STDERR_REDIRECT] 
2024-12-26 00:11:21,221 [ERROR] LogOutputStream:75 - [STDERR_REDIRECT] [Fatal Error] :1:1: Premature end of file.
2024-12-26 00:11:21,221 [ERROR] LogOutputStream:75 - [STDERR_REDIRECT] 
2024-12-26 00:11:22,214 [ERROR] LogOutputStream:75 - [STDERR_REDIRECT] [Fatal Error] :1:1: Premature end of file.
2024-12-26 00:11:22,214 [ERROR] LogOutputStream:75 - [STDERR_REDIRECT] 
2024-12-26 00:11:23,222 [ERROR] LogOutputStream:75 - [STDERR_REDIRECT] [Fatal Error] :1:1: Premature end of file.
2024-12-26 00:11:23,222 [ERROR] LogOutputStream:75 - [STDERR_REDIRECT] 
2024-12-26 00:11:24,220 [ERROR] LogOutputStream:75 - [STDERR_REDIRECT] [Fatal Error] :1:1: Premature end of file.
2024-12-26 00:11:24,220 [ERROR] LogOutputStream:75 - [STDERR_REDIRECT] 
2024-12-26 00:11:25,219 [ERROR] LogOutputStream:75 - [STDERR_REDIRECT] [Fatal Error] :1:1: Premature end of file.
2024-12-26 00:11:25,219 [ERROR] LogOutputStream:75 - [STDERR_REDIRECT] 
2024-12-26 00:11:26,216 [ERROR] LogOutputStream:75 - [STDERR_REDIRECT] [Fatal Error] :1:1: Premature end of file.
2024-12-26 00:11:26,216 [ERROR] LogOutputStream:75 - [STDERR_REDIRECT] 
2024-12-26 00:11:27,220 [ERROR] LogOutputStream:75 - [STDERR_REDIRECT] [Fatal Error] :1:1: Premature end of file.
2024-12-26 00:11:27,220 [ERROR] LogOutputStream:75 - [STDERR_REDIRECT] 
2024-12-26 00:11:28,216 [ERROR] LogOutputStream:75 - [STDERR_REDIRECT] [Fatal Error] :1:1: Premature end of file.
2024-12-26 00:11:28,216 [ERROR] LogOutputStream:75 - [STDERR_REDIRECT] 
2024-12-26 00:11:29,225 [ERROR] LogOutputStream:75 - [STDERR_REDIRECT] [Fatal Error] :1:1: Premature end of file.
2024-12-26 00:11:29,226 [ERROR] LogOutputStream:75 - [STDERR_REDIRECT] 
2024-12-26 00:11:30,225 [ERROR] LogOutputStream:75 - [STDERR_REDIRECT] [Fatal Error] :1:1: Premature end of file.
2024-12-26 00:11:30,226 [ERROR] LogOutputStream:75 - [STDERR_REDIRECT] 
2024-12-26 00:11:31,213 [ERROR] LogOutputStream:75 - [STDERR_REDIRECT] [Fatal Error] :1:1: Premature end of file.
2024-12-26 00:11:31,213 [ERROR] LogOutputStream:75 - [STDERR_REDIRECT] 
2024-12-26 00:11:32,222 [ERROR] LogOutputStream:75 - [STDERR_REDIRECT] [Fatal Error] :1:1: Premature end of file.
2024-12-26 00:11:32,222 [ERROR] LogOutputStream:75 - [STDERR_REDIRECT] 
2024-12-26 00:11:33,220 [ERROR] LogOutputStream:75 - [STDERR_REDIRECT] [Fatal Error] :1:1: Premature end of file.
2024-12-26 00:11:33,220 [ERROR] LogOutputStream:75 - [STDERR_REDIRECT] 
2024-12-26 00:11:34,224 [ERROR] LogOutputStream:75 - [STDERR_REDIRECT] [Fatal Error] :1:1: Premature end of file.
2024-12-26 00:11:34,224 [ERROR] LogOutputStream:75 - [STDERR_REDIRECT] 
2024-12-26 00:11:35,220 [ERROR] LogOutputStream:75 - [STDERR_REDIRECT] [Fatal Error] :1:1: Premature end of file.
2024-12-26 00:11:35,220 [ERROR] LogOutputStream:75 - [STDERR_REDIRECT] 
2024-12-26 00:11:36,222 [ERROR] LogOutputStream:75 - [STDERR_REDIRECT] [Fatal Error] :1:1: Premature end of file.
2024-12-26 00:11:36,222 [ERROR] LogOutputStream:75 - [STDERR_REDIRECT] 
2024-12-26 00:11:37,214 [ERROR] LogOutputStream:75 - [STDERR_REDIRECT] [Fatal Error] :1:1: Premature end of file.
2024-12-26 00:11:37,214 [ERROR] LogOutputStream:75 - [STDERR_REDIRECT] 
2024-12-26 00:11:38,221 [ERROR] LogOutputStream:75 - [STDERR_REDIRECT] [Fatal Error] :1:1: Premature end of file.
2024-12-26 00:11:38,221 [ERROR] LogOutputStream:75 - [STDERR_REDIRECT] 
2024-12-26 00:11:39,219 [ERROR] LogOutputStream:75 - [STDERR_REDIRECT] [Fatal Error] :1:1: Premature end of file.
2024-12-26 00:11:39,219 [ERROR] LogOutputStream:75 - [STDERR_REDIRECT] 
2024-12-26 00:11:40,216 [ERROR] LogOutputStream:75 - [STDERR_REDIRECT] [Fatal Error] :1:1: Premature end of file.
2024-12-26 00:11:40,216 [ERROR] LogOutputStream:75 - [STDERR_REDIRECT] 
2024-12-26 00:11:41,230 [ERROR] LogOutputStream:75 - [STDERR_REDIRECT] [Fatal Error] :1:1: Premature end of file.
2024-12-26 00:11:41,230 [ERROR] LogOutputStream:75 - [STDERR_REDIRECT] 
2024-12-26 00:11:42,217 [ERROR] LogOutputStream:75 - [STDERR_REDIRECT] [Fatal Error] :1:1: Premature end of file.
2024-12-26 00:11:42,217 [ERROR] LogOutputStream:75 - [STDERR_REDIRECT] 
2024-12-26 00:11:43,208 [ERROR] LogOutputStream:75 - [STDERR_REDIRECT] [Fatal Error] :1:1: Premature end of file.
2024-12-26 00:11:43,208 [ERROR] LogOutputStream:75 - [STDERR_REDIRECT] 
2024-12-26 00:11:44,229 [ERROR] LogOutputStream:75 - [STDERR_REDIRECT] [Fatal Error] :1:1: Premature end of file.
2024-12-26 00:11:44,229 [ERROR] LogOutputStream:75 - [STDERR_REDIRECT] 
2024-12-26 00:11:45,210 [ERROR] LogOutputStream:75 - [STDERR_REDIRECT] [Fatal Error] :1:1: Premature end of file.
2024-12-26 00:11:45,226 [ERROR] LogOutputStream:75 - [STDERR_REDIRECT] 
2024-12-26 00:11:46,215 [ERROR] LogOutputStream:75 - [STDERR_REDIRECT] [Fatal Error] :1:1: Premature end of file.
2024-12-26 00:11:46,215 [ERROR] LogOutputStream:75 - [STDERR_REDIRECT] 
2024-12-26 00:11:47,209 [ERROR] LogOutputStream:75 - [STDERR_REDIRECT] [Fatal Error] :1:1: Premature end of file.
2024-12-26 00:11:47,209 [ERROR] LogOutputStream:75 - [STDERR_REDIRECT] 
2024-12-26 00:11:48,215 [ERROR] LogOutputStream:75 - [STDERR_REDIRECT] [Fatal Error] :1:1: Premature end of file.
2024-12-26 00:11:48,215 [ERROR] LogOutputStream:75 - [STDERR_REDIRECT] 
2024-12-26 00:11:49,227 [ERROR] LogOutputStream:75 - [STDERR_REDIRECT] [Fatal Error] :1:1: Premature end of file.
2024-12-26 00:11:49,227 [ERROR] LogOutputStream:75 - [STDERR_REDIRECT] 
2024-12-26 00:11:50,217 [ERROR] LogOutputStream:75 - [STDERR_REDIRECT] [Fatal Error] :1:1: Premature end of file.
2024-12-26 00:11:50,218 [ERROR] LogOutputStream:75 - [STDERR_REDIRECT] 
2024-12-26 00:11:51,220 [ERROR] LogOutputStream:75 - [STDERR_REDIRECT] [Fatal Error] :1:1: Premature end of file.
2024-12-26 00:11:51,220 [ERROR] LogOutputStream:75 - [STDERR_REDIRECT] 
2024-12-26 00:11:52,228 [ERROR] LogOutputStream:75 - [STDERR_REDIRECT] [Fatal Error] :1:1: Premature end of file.
2024-12-26 00:11:52,228 [ERROR] LogOutputStream:75 - [STDERR_REDIRECT] 
2024-12-26 00:11:53,222 [ERROR] LogOutputStream:75 - [STDERR_REDIRECT] [Fatal Error] :1:1: Premature end of file.
2024-12-26 00:11:53,222 [ERROR] LogOutputStream:75 - [STDERR_REDIRECT] 
2024-12-26 00:11:54,222 [ERROR] LogOutputStream:75 - [STDERR_REDIRECT] [Fatal Error] :1:1: Premature end of file.
2024-12-26 00:11:54,223 [ERROR] LogOutputStream:75 - [STDERR_REDIRECT] 
2024-12-26 00:11:55,223 [ERROR] LogOutputStream:75 - [STDERR_REDIRECT] [Fatal Error] :1:1: Premature end of file.
2024-12-26 00:11:55,223 [ERROR] LogOutputStream:75 - [STDERR_REDIRECT] 
2024-12-26 00:11:56,221 [ERROR] LogOutputStream:75 - [STDERR_REDIRECT] [Fatal Error] :1:1: Premature end of file.
2024-12-26 00:11:56,221 [ERROR] LogOutputStream:75 - [STDERR_REDIRECT] 
2024-12-26 00:11:57,223 [ERROR] LogOutputStream:75 - [STDERR_REDIRECT] [Fatal Error] :1:1: Premature end of file.
2024-12-26 00:11:57,224 [ERROR] LogOutputStream:75 - [STDERR_REDIRECT] 
2024-12-26 00:11:58,218 [ERROR] LogOutputStream:75 - [STDERR_REDIRECT] [Fatal Error] :1:1: Premature end of file.
2024-12-26 00:11:58,218 [ERROR] LogOutputStream:75 - [STDERR_REDIRECT] 
2024-12-26 00:11:59,220 [ERROR] LogOutputStream:75 - [STDERR_REDIRECT] [Fatal Error] :1:1: Premature end of file.
2024-12-26 00:11:59,220 [ERROR] LogOutputStream:75 - [STDERR_REDIRECT] 
2024-12-26 00:12:00,225 [ERROR] LogOutputStream:75 - [STDERR_REDIRECT] [Fatal Error] :1:1: Premature end of file.
2024-12-26 00:12:00,226 [ERROR] LogOutputStream:75 - [STDERR_REDIRECT] 
2024-12-26 00:12:01,220 [ERROR] LogOutputStream:75 - [STDERR_REDIRECT] [Fatal Error] :1:1: Premature end of file.
2024-12-26 00:12:01,220 [ERROR] LogOutputStream:75 - [STDERR_REDIRECT] 
2024-12-26 00:12:02,217 [ERROR] LogOutputStream:75 - [STDERR_REDIRECT] [Fatal Error] :1:1: Premature end of file.
2024-12-26 00:12:02,217 [ERROR] LogOutputStream:75 - [STDERR_REDIRECT] 
2024-12-26 00:12:03,224 [ERROR] LogOutputStream:75 - [STDERR_REDIRECT] [Fatal Error] :1:1: Premature end of file.
2024-12-26 00:12:03,224 [ERROR] LogOutputStream:75 - [STDERR_REDIRECT] 
2024-12-26 00:12:04,218 [ERROR] LogOutputStream:75 - [STDERR_REDIRECT] [Fatal Error] :1:1: Premature end of file.
2024-12-26 00:12:04,218 [ERROR] LogOutputStream:75 - [STDERR_REDIRECT] 
2024-12-26 00:12:05,223 [ERROR] LogOutputStream:75 - [STDERR_REDIRECT] [Fatal Error] :1:1: Premature end of file.
2024-12-26 00:12:05,225 [ERROR] LogOutputStream:75 - [STDERR_REDIRECT] 
2024-12-26 00:12:06,216 [ERROR] LogOutputStream:75 - [STDERR_REDIRECT] [Fatal Error] :1:1: Premature end of file.
2024-12-26 00:12:06,217 [ERROR] LogOutputStream:75 - [STDERR_REDIRECT] 
2024-12-26 00:12:07,225 [ERROR] LogOutputStream:75 - [STDERR_REDIRECT] [Fatal Error] :1:1: Premature end of file.
2024-12-26 00:12:07,289 [ERROR] LogOutputStream:75 - [STDERR_REDIRECT] 
2024-12-26 00:12:08,222 [ERROR] LogOutputStream:75 - [STDERR_REDIRECT] [Fatal Error] :1:1: Premature end of file.
2024-12-26 00:12:08,222 [ERROR] LogOutputStream:75 - [STDERR_REDIRECT] 
2024-12-26 00:12:09,216 [ERROR] LogOutputStream:75 - [STDERR_REDIRECT] [Fatal Error] :1:1: Premature end of file.
2024-12-26 00:12:09,216 [ERROR] LogOutputStream:75 - [STDERR_REDIRECT] 
2024-12-26 00:12:10,226 [ERROR] LogOutputStream:75 - [STDERR_REDIRECT] [Fatal Error] :1:1: Premature end of file.
2024-12-26 00:12:10,227 [ERROR] LogOutputStream:75 - [STDERR_REDIRECT] 
2024-12-26 00:12:11,227 [ERROR] LogOutputStream:75 - [STDERR_REDIRECT] [Fatal Error] :1:1: Premature end of file.
2024-12-26 00:12:11,227 [ERROR] LogOutputStream:75 - [STDERR_REDIRECT] 
2024-12-26 00:12:12,226 [ERROR] LogOutputStream:75 - [STDERR_REDIRECT] [Fatal Error] :1:1: Premature end of file.
2024-12-26 00:12:12,226 [ERROR] LogOutputStream:75 - [STDERR_REDIRECT] 
2024-12-26 00:12:13,216 [ERROR] LogOutputStream:75 - [STDERR_REDIRECT] [Fatal Error] :1:1: Premature end of file.
2024-12-26 00:12:13,216 [ERROR] LogOutputStream:75 - [STDERR_REDIRECT] 
2024-12-26 00:12:14,218 [ERROR] LogOutputStream:75 - [STDERR_REDIRECT] [Fatal Error] :1:1: Premature end of file.
2024-12-26 00:12:14,218 [ERROR] LogOutputStream:75 - [STDERR_REDIRECT] 
2024-12-26 00:12:15,227 [ERROR] LogOutputStream:75 - [STDERR_REDIRECT] [Fatal Error] :1:1: Premature end of file.
2024-12-26 00:12:15,227 [ERROR] LogOutputStream:75 - [STDERR_REDIRECT] 
2024-12-26 00:12:16,217 [ERROR] LogOutputStream:75 - [STDERR_REDIRECT] [Fatal Error] :1:1: Premature end of file.
2024-12-26 00:12:16,217 [ERROR] LogOutputStream:75 - [STDERR_REDIRECT] 
2024-12-26 00:12:17,213 [ERROR] LogOutputStream:75 - [STDERR_REDIRECT] [Fatal Error] :1:1: Premature end of file.
2024-12-26 00:12:17,213 [ERROR] LogOutputStream:75 - [STDERR_REDIRECT] 
2024-12-26 00:12:18,224 [ERROR] LogOutputStream:75 - [STDERR_REDIRECT] [Fatal Error] :1:1: Premature end of file.
2024-12-26 00:12:18,224 [ERROR] LogOutputStream:75 - [STDERR_REDIRECT] 
2024-12-26 00:12:19,223 [ERROR] LogOutputStream:75 - [STDERR_REDIRECT] [Fatal Error] :1:1: Premature end of file.
2024-12-26 00:12:19,223 [ERROR] LogOutputStream:75 - [STDERR_REDIRECT] 
2024-12-26 00:12:20,226 [ERROR] LogOutputStream:75 - [STDERR_REDIRECT] [Fatal Error] :1:1: Premature end of file.
2024-12-26 00:12:20,226 [ERROR] LogOutputStream:75 - [STDERR_REDIRECT] 
2024-12-26 00:12:21,212 [ERROR] LogOutputStream:75 - [STDERR_REDIRECT] [Fatal Error] :1:1: Premature end of file.
2024-12-26 00:12:21,212 [ERROR] LogOutputStream:75 - [STDERR_REDIRECT] 
2024-12-26 00:12:22,219 [ERROR] LogOutputStream:75 - [STDERR_REDIRECT] [Fatal Error] :1:1: Premature end of file.
2024-12-26 00:12:22,226 [ERROR] LogOutputStream:75 - [STDERR_REDIRECT] 
2024-12-26 00:12:23,208 [ERROR] LogOutputStream:75 - [STDERR_REDIRECT] [Fatal Error] :1:1: Premature end of file.
2024-12-26 00:12:23,208 [ERROR] LogOutputStream:75 - [STDERR_REDIRECT] 
2024-12-26 00:12:24,214 [ERROR] LogOutputStream:75 - [STDERR_REDIRECT] [Fatal Error] :1:1: Premature end of file.
2024-12-26 00:12:24,214 [ERROR] LogOutputStream:75 - [STDERR_REDIRECT] 
2024-12-26 00:12:25,220 [ERROR] LogOutputStream:75 - [STDERR_REDIRECT] [Fatal Error] :1:1: Premature end of file.
2024-12-26 00:12:25,220 [ERROR] LogOutputStream:75 - [STDERR_REDIRECT] 
2024-12-26 00:12:26,211 [ERROR] LogOutputStream:75 - [STDERR_REDIRECT] [Fatal Error] :1:1: Premature end of file.
2024-12-26 00:12:26,211 [ERROR] LogOutputStream:75 - [STDERR_REDIRECT] 
2024-12-26 00:12:27,215 [ERROR] LogOutputStream:75 - [STDERR_REDIRECT] [Fatal Error] :1:1: Premature end of file.
2024-12-26 00:12:27,215 [ERROR] LogOutputStream:75 - [STDERR_REDIRECT] 
2024-12-26 00:12:28,241 [ERROR] LogOutputStream:75 - [STDERR_REDIRECT] [Fatal Error] :1:1: Premature end of file.
2024-12-26 00:12:28,241 [ERROR] LogOutputStream:75 - [STDERR_REDIRECT] 
2024-12-26 00:12:29,215 [ERROR] LogOutputStream:75 - [STDERR_REDIRECT] [Fatal Error] :1:1: Premature end of file.
2024-12-26 00:12:29,215 [ERROR] LogOutputStream:75 - [STDERR_REDIRECT] 
2024-12-26 00:12:30,217 [ERROR] LogOutputStream:75 - [STDERR_REDIRECT] [Fatal Error] :1:1: Premature end of file.
2024-12-26 00:12:30,217 [ERROR] LogOutputStream:75 - [STDERR_REDIRECT] 
2024-12-26 00:12:31,207 [ERROR] LogOutputStream:75 - [STDERR_REDIRECT] [Fatal Error] :1:1: Premature end of file.
2024-12-26 00:12:31,207 [ERROR] LogOutputStream:75 - [STDERR_REDIRECT] 
2024-12-26 00:12:32,213 [ERROR] LogOutputStream:75 - [STDERR_REDIRECT] [Fatal Error] :1:1: Premature end of file.
2024-12-26 00:12:32,213 [ERROR] LogOutputStream:75 - [STDERR_REDIRECT] 
2024-12-26 00:12:33,217 [ERROR] LogOutputStream:75 - [STDERR_REDIRECT] [Fatal Error] :1:1: Premature end of file.
2024-12-26 00:12:33,217 [ERROR] LogOutputStream:75 - [STDERR_REDIRECT] 
2024-12-26 00:12:34,218 [ERROR] LogOutputStream:75 - [STDERR_REDIRECT] [Fatal Error] :1:1: Premature end of file.
2024-12-26 00:12:34,218 [ERROR] LogOutputStream:75 - [STDERR_REDIRECT] 
2024-12-26 00:12:35,231 [ERROR] LogOutputStream:75 - [STDERR_REDIRECT] [Fatal Error] :1:1: Premature end of file.
2024-12-26 00:12:35,231 [ERROR] LogOutputStream:75 - [STDERR_REDIRECT] 
2024-12-26 00:12:36,212 [ERROR] LogOutputStream:75 - [STDERR_REDIRECT] [Fatal Error] :1:1: Premature end of file.
2024-12-26 00:12:36,212 [ERROR] LogOutputStream:75 - [STDERR_REDIRECT] 
2024-12-26 00:12:37,209 [ERROR] LogOutputStream:75 - [STDERR_REDIRECT] [Fatal Error] :1:1: Premature end of file.
2024-12-26 00:12:37,209 [ERROR] LogOutputStream:75 - [STDERR_REDIRECT] 
2024-12-26 00:12:38,222 [ERROR] LogOutputStream:75 - [STDERR_REDIRECT] [Fatal Error] :1:1: Premature end of file.
2024-12-26 00:12:38,222 [ERROR] LogOutputStream:75 - [STDERR_REDIRECT] 
2024-12-26 00:12:39,218 [ERROR] LogOutputStream:75 - [STDERR_REDIRECT] [Fatal Error] :1:1: Premature end of file.
2024-12-26 00:12:39,218 [ERROR] LogOutputStream:75 - [STDERR_REDIRECT] 
2024-12-26 00:12:40,213 [ERROR] LogOutputStream:75 - [STDERR_REDIRECT] [Fatal Error] :1:1: Premature end of file.
2024-12-26 00:12:40,213 [ERROR] LogOutputStream:75 - [STDERR_REDIRECT] 
2024-12-26 00:12:41,220 [ERROR] LogOutputStream:75 - [STDERR_REDIRECT] [Fatal Error] :1:1: Premature end of file.
2024-12-26 00:12:41,220 [ERROR] LogOutputStream:75 - [STDERR_REDIRECT] 
2024-12-26 00:12:42,216 [ERROR] LogOutputStream:75 - [STDERR_REDIRECT] [Fatal Error] :1:1: Premature end of file.
2024-12-26 00:12:42,216 [ERROR] LogOutputStream:75 - [STDERR_REDIRECT] 
2024-12-26 00:12:43,227 [ERROR] LogOutputStream:75 - [STDERR_REDIRECT] [Fatal Error] :1:1: Premature end of file.
2024-12-26 00:12:43,229 [ERROR] LogOutputStream:75 - [STDERR_REDIRECT] 
2024-12-26 00:12:44,224 [ERROR] LogOutputStream:75 - [STDERR_REDIRECT] [Fatal Error] :1:1: Premature end of file.
2024-12-26 00:12:44,224 [ERROR] LogOutputStream:75 - [STDERR_REDIRECT] 
2024-12-26 00:12:45,216 [ERROR] LogOutputStream:75 - [STDERR_REDIRECT] [Fatal Error] :1:1: Premature end of file.
2024-12-26 00:12:45,218 [ERROR] LogOutputStream:75 - [STDERR_REDIRECT] 
2024-12-26 00:12:46,208 [ERROR] LogOutputStream:75 - [STDERR_REDIRECT] [Fatal Error] :1:1: Premature end of file.
2024-12-26 00:12:46,208 [ERROR] LogOutputStream:75 - [STDERR_REDIRECT] 
2024-12-26 00:12:47,209 [ERROR] LogOutputStream:75 - [STDERR_REDIRECT] [Fatal Error] :1:1: Premature end of file.
2024-12-26 00:12:47,209 [ERROR] LogOutputStream:75 - [STDERR_REDIRECT] 
2024-12-26 00:12:48,211 [ERROR] LogOutputStream:75 - [STDERR_REDIRECT] [Fatal Error] :1:1: Premature end of file.
2024-12-26 00:12:48,211 [ERROR] LogOutputStream:75 - [STDERR_REDIRECT] 
2024-12-26 00:12:49,267 [ERROR] LogOutputStream:75 - [STDERR_REDIRECT] [Fatal Error] :1:1: Premature end of file.
2024-12-26 00:12:49,267 [ERROR] LogOutputStream:75 - [STDERR_REDIRECT] 
2024-12-26 00:12:50,214 [ERROR] LogOutputStream:75 - [STDERR_REDIRECT] [Fatal Error] :1:1: Premature end of file.
2024-12-26 00:12:50,214 [ERROR] LogOutputStream:75 - [STDERR_REDIRECT] 
2024-12-26 00:12:51,226 [ERROR] LogOutputStream:75 - [STDERR_REDIRECT] [Fatal Error] :1:1: Premature end of file.
2024-12-26 00:12:51,226 [ERROR] LogOutputStream:75 - [STDERR_REDIRECT] 
2024-12-26 00:12:52,217 [ERROR] LogOutputStream:75 - [STDERR_REDIRECT] [Fatal Error] :1:1: Premature end of file.
2024-12-26 00:12:52,217 [ERROR] LogOutputStream:75 - [STDERR_REDIRECT] 
2024-12-26 00:12:53,218 [ERROR] LogOutputStream:75 - [STDERR_REDIRECT] [Fatal Error] :1:1: Premature end of file.
2024-12-26 00:12:53,218 [ERROR] LogOutputStream:75 - [STDERR_REDIRECT] 
2024-12-26 00:12:54,220 [ERROR] LogOutputStream:75 - [STDERR_REDIRECT] [Fatal Error] :1:1: Premature end of file.
2024-12-26 00:12:54,220 [ERROR] LogOutputStream:75 - [STDERR_REDIRECT] 
2024-12-26 00:12:55,206 [ERROR] LogOutputStream:75 - [STDERR_REDIRECT] [Fatal Error] :1:1: Premature end of file.
2024-12-26 00:12:55,206 [ERROR] LogOutputStream:75 - [STDERR_REDIRECT] 
2024-12-26 00:12:56,272 [ERROR] LogOutputStream:75 - [STDERR_REDIRECT] [Fatal Error] :1:1: Premature end of file.
2024-12-26 00:12:56,272 [ERROR] LogOutputStream:75 - [STDERR_REDIRECT] 
2024-12-26 00:12:57,209 [ERROR] LogOutputStream:75 - [STDERR_REDIRECT] [Fatal Error] :1:1: Premature end of file.
2024-12-26 00:12:57,209 [ERROR] LogOutputStream:75 - [STDERR_REDIRECT] 
2024-12-26 00:12:58,210 [ERROR] LogOutputStream:75 - [STDERR_REDIRECT] [Fatal Error] :1:1: Premature end of file.
2024-12-26 00:12:58,210 [ERROR] LogOutputStream:75 - [STDERR_REDIRECT] 
2024-12-26 00:12:59,214 [ERROR] LogOutputStream:75 - [STDERR_REDIRECT] [Fatal Error] :1:1: Premature end of file.
2024-12-26 00:12:59,214 [ERROR] LogOutputStream:75 - [STDERR_REDIRECT] 
2024-12-26 00:13:00,219 [ERROR] LogOutputStream:75 - [STDERR_REDIRECT] [Fatal Error] :1:1: Premature end of file.
2024-12-26 00:13:00,219 [ERROR] LogOutputStream:75 - [STDERR_REDIRECT] 
2024-12-26 00:13:01,214 [ERROR] LogOutputStream:75 - [STDERR_REDIRECT] [Fatal Error] :1:1: Premature end of file.
2024-12-26 00:13:01,214 [ERROR] LogOutputStream:75 - [STDERR_REDIRECT] 
2024-12-26 00:13:02,219 [ERROR] LogOutputStream:75 - [STDERR_REDIRECT] [Fatal Error] :1:1: Premature end of file.
2024-12-26 00:13:02,219 [ERROR] LogOutputStream:75 - [STDERR_REDIRECT] 
2024-12-26 00:13:03,217 [ERROR] LogOutputStream:75 - [STDERR_REDIRECT] [Fatal Error] :1:1: Premature end of file.
2024-12-26 00:13:03,217 [ERROR] LogOutputStream:75 - [STDERR_REDIRECT] 
2024-12-26 00:13:04,216 [ERROR] LogOutputStream:75 - [STDERR_REDIRECT] [Fatal Error] :1:1: Premature end of file.
2024-12-26 00:13:04,216 [ERROR] LogOutputStream:75 - [STDERR_REDIRECT] 
2024-12-26 00:13:05,223 [ERROR] LogOutputStream:75 - [STDERR_REDIRECT] [Fatal Error] :1:1: Premature end of file.
2024-12-26 00:13:05,223 [ERROR] LogOutputStream:75 - [STDERR_REDIRECT] 
2024-12-26 00:13:06,214 [ERROR] LogOutputStream:75 - [STDERR_REDIRECT] [Fatal Error] :1:1: Premature end of file.
2024-12-26 00:13:06,214 [ERROR] LogOutputStream:75 - [STDERR_REDIRECT] 
2024-12-26 00:13:07,220 [ERROR] LogOutputStream:75 - [STDERR_REDIRECT] [Fatal Error] :1:1: Premature end of file.
2024-12-26 00:13:07,220 [ERROR] LogOutputStream:75 - [STDERR_REDIRECT] 
2024-12-26 00:13:08,222 [ERROR] LogOutputStream:75 - [STDERR_REDIRECT] [Fatal Error] :1:1: Premature end of file.
2024-12-26 00:13:08,222 [ERROR] LogOutputStream:75 - [STDERR_REDIRECT] 
2024-12-26 00:13:09,222 [ERROR] LogOutputStream:75 - [STDERR_REDIRECT] [Fatal Error] :1:1: Premature end of file.
2024-12-26 00:13:09,222 [ERROR] LogOutputStream:75 - [STDERR_REDIRECT] 
2024-12-26 00:13:10,210 [ERROR] LogOutputStream:75 - [STDERR_REDIRECT] [Fatal Error] :1:1: Premature end of file.
2024-12-26 00:13:10,210 [ERROR] LogOutputStream:75 - [STDERR_REDIRECT] 
2024-12-26 00:13:11,215 [ERROR] LogOutputStream:75 - [STDERR_REDIRECT] [Fatal Error] :1:1: Premature end of file.
2024-12-26 00:13:11,215 [ERROR] LogOutputStream:75 - [STDERR_REDIRECT] 
2024-12-26 00:13:12,220 [ERROR] LogOutputStream:75 - [STDERR_REDIRECT] [Fatal Error] :1:1: Premature end of file.
2024-12-26 00:13:12,220 [ERROR] LogOutputStream:75 - [STDERR_REDIRECT] 
2024-12-26 00:13:13,220 [ERROR] LogOutputStream:75 - [STDERR_REDIRECT] [Fatal Error] :1:1: Premature end of file.
2024-12-26 00:13:13,220 [ERROR] LogOutputStream:75 - [STDERR_REDIRECT] 
2024-12-26 00:13:14,223 [ERROR] LogOutputStream:75 - [STDERR_REDIRECT] [Fatal Error] :1:1: Premature end of file.
2024-12-26 00:13:14,223 [ERROR] LogOutputStream:75 - [STDERR_REDIRECT] 
2024-12-26 00:13:15,211 [ERROR] LogOutputStream:75 - [STDERR_REDIRECT] [Fatal Error] :1:1: Premature end of file.
2024-12-26 00:13:15,211 [ERROR] LogOutputStream:75 - [STDERR_REDIRECT] 
2024-12-26 00:13:16,212 [ERROR] LogOutputStream:75 - [STDERR_REDIRECT] [Fatal Error] :1:1: Premature end of file.
2024-12-26 00:13:16,212 [ERROR] LogOutputStream:75 - [STDERR_REDIRECT] 
2024-12-26 00:13:17,215 [ERROR] LogOutputStream:75 - [STDERR_REDIRECT] [Fatal Error] :1:1: Premature end of file.
2024-12-26 00:13:17,215 [ERROR] LogOutputStream:75 - [STDERR_REDIRECT] 
2024-12-26 00:13:18,217 [ERROR] LogOutputStream:75 - [STDERR_REDIRECT] [Fatal Error] :1:1: Premature end of file.
2024-12-26 00:13:18,217 [ERROR] LogOutputStream:75 - [STDERR_REDIRECT] 
2024-12-26 00:13:19,221 [ERROR] LogOutputStream:75 - [STDERR_REDIRECT] [Fatal Error] :1:1: Premature end of file.
2024-12-26 00:13:19,221 [ERROR] LogOutputStream:75 - [STDERR_REDIRECT] 
2024-12-26 00:13:20,216 [ERROR] LogOutputStream:75 - [STDERR_REDIRECT] [Fatal Error] :1:1: Premature end of file.
2024-12-26 00:13:20,216 [ERROR] LogOutputStream:75 - [STDERR_REDIRECT] 
2024-12-26 00:13:21,211 [ERROR] LogOutputStream:75 - [STDERR_REDIRECT] [Fatal Error] :1:1: Premature end of file.
2024-12-26 00:13:21,211 [ERROR] LogOutputStream:75 - [STDERR_REDIRECT] 
2024-12-26 00:13:22,222 [ERROR] LogOutputStream:75 - [STDERR_REDIRECT] [Fatal Error] :1:1: Premature end of file.
2024-12-26 00:13:22,222 [ERROR] LogOutputStream:75 - [STDERR_REDIRECT] 
2024-12-26 00:13:23,227 [ERROR] LogOutputStream:75 - [STDERR_REDIRECT] [Fatal Error] :1:1: Premature end of file.
2024-12-26 00:13:23,227 [ERROR] LogOutputStream:75 - [STDERR_REDIRECT] 
2024-12-26 00:13:24,219 [ERROR] LogOutputStream:75 - [STDERR_REDIRECT] [Fatal Error] :1:1: Premature end of file.
2024-12-26 00:13:24,219 [ERROR] LogOutputStream:75 - [STDERR_REDIRECT] 
2024-12-26 00:13:25,217 [ERROR] LogOutputStream:75 - [STDERR_REDIRECT] [Fatal Error] :1:1: Premature end of file.
2024-12-26 00:13:25,217 [ERROR] LogOutputStream:75 - [STDERR_REDIRECT] 
2024-12-26 00:13:26,214 [ERROR] LogOutputStream:75 - [STDERR_REDIRECT] [Fatal Error] :1:1: Premature end of file.
2024-12-26 00:13:26,214 [ERROR] LogOutputStream:75 - [STDERR_REDIRECT] 
2024-12-26 00:13:27,213 [ERROR] LogOutputStream:75 - [STDERR_REDIRECT] [Fatal Error] :1:1: Premature end of file.
2024-12-26 00:13:27,213 [ERROR] LogOutputStream:75 - [STDERR_REDIRECT] 
2024-12-26 00:13:28,211 [ERROR] LogOutputStream:75 - [STDERR_REDIRECT] [Fatal Error] :1:1: Premature end of file.
2024-12-26 00:13:28,211 [ERROR] LogOutputStream:75 - [STDERR_REDIRECT] 
2024-12-26 00:13:29,215 [ERROR] LogOutputStream:75 - [STDERR_REDIRECT] [Fatal Error] :1:1: Premature end of file.
2024-12-26 00:13:29,215 [ERROR] LogOutputStream:75 - [STDERR_REDIRECT] 
2024-12-26 00:13:30,215 [ERROR] LogOutputStream:75 - [STDERR_REDIRECT] [Fatal Error] :1:1: Premature end of file.
2024-12-26 00:13:30,215 [ERROR] LogOutputStream:75 - [STDERR_REDIRECT] 
2024-12-26 00:13:31,216 [ERROR] LogOutputStream:75 - [STDERR_REDIRECT] [Fatal Error] :1:1: Premature end of file.
2024-12-26 00:13:31,216 [ERROR] LogOutputStream:75 - [STDERR_REDIRECT] 
2024-12-26 00:13:32,217 [ERROR] LogOutputStream:75 - [STDERR_REDIRECT] [Fatal Error] :1:1: Premature end of file.
2024-12-26 00:13:32,217 [ERROR] LogOutputStream:75 - [STDERR_REDIRECT] 
2024-12-26 00:13:33,222 [ERROR] LogOutputStream:75 - [STDERR_REDIRECT] [Fatal Error] :1:1: Premature end of file.
2024-12-26 00:13:33,222 [ERROR] LogOutputStream:75 - [STDERR_REDIRECT] 
2024-12-26 00:13:34,227 [ERROR] LogOutputStream:75 - [STDERR_REDIRECT] [Fatal Error] :1:1: Premature end of file.
2024-12-26 00:13:34,238 [ERROR] LogOutputStream:75 - [STDERR_REDIRECT] 
2024-12-26 00:13:35,265 [ERROR] LogOutputStream:75 - [STDERR_REDIRECT] [Fatal Error] :1:1: Premature end of file.
2024-12-26 00:13:35,265 [ERROR] LogOutputStream:75 - [STDERR_REDIRECT] 
2024-12-26 00:13:36,216 [ERROR] LogOutputStream:75 - [STDERR_REDIRECT] [Fatal Error] :1:1: Premature end of file.
2024-12-26 00:13:36,216 [ERROR] LogOutputStream:75 - [STDERR_REDIRECT] 
2024-12-26 00:13:37,228 [ERROR] LogOutputStream:75 - [STDERR_REDIRECT] [Fatal Error] :1:1: Premature end of file.
2024-12-26 00:13:37,228 [ERROR] LogOutputStream:75 - [STDERR_REDIRECT] 
2024-12-26 00:13:38,214 [ERROR] LogOutputStream:75 - [STDERR_REDIRECT] [Fatal Error] :1:1: Premature end of file.
2024-12-26 00:13:38,214 [ERROR] LogOutputStream:75 - [STDERR_REDIRECT] 
2024-12-26 00:13:39,223 [ERROR] LogOutputStream:75 - [STDERR_REDIRECT] [Fatal Error] :1:1: Premature end of file.
2024-12-26 00:13:39,223 [ERROR] LogOutputStream:75 - [STDERR_REDIRECT] 
2024-12-26 00:13:40,214 [ERROR] LogOutputStream:75 - [STDERR_REDIRECT] [Fatal Error] :1:1: Premature end of file.
2024-12-26 00:13:40,214 [ERROR] LogOutputStream:75 - [STDERR_REDIRECT] 
2024-12-26 00:13:41,218 [ERROR] LogOutputStream:75 - [STDERR_REDIRECT] [Fatal Error] :1:1: Premature end of file.
2024-12-26 00:13:41,218 [ERROR] LogOutputStream:75 - [STDERR_REDIRECT] 
2024-12-26 00:13:42,219 [ERROR] LogOutputStream:75 - [STDERR_REDIRECT] [Fatal Error] :1:1: Premature end of file.
2024-12-26 00:13:42,219 [ERROR] LogOutputStream:75 - [STDERR_REDIRECT] 
2024-12-26 00:13:43,229 [ERROR] LogOutputStream:75 - [STDERR_REDIRECT] [Fatal Error] :1:1: Premature end of file.
2024-12-26 00:13:43,229 [ERROR] LogOutputStream:75 - [STDERR_REDIRECT] 
2024-12-26 00:13:44,284 [ERROR] LogOutputStream:75 - [STDERR_REDIRECT] [Fatal Error] :1:1: Premature end of file.
2024-12-26 00:13:44,284 [ERROR] LogOutputStream:75 - [STDERR_REDIRECT] 
2024-12-26 00:13:45,231 [ERROR] LogOutputStream:75 - [STDERR_REDIRECT] [Fatal Error] :1:1: Premature end of file.
2024-12-26 00:13:45,231 [ERROR] LogOutputStream:75 - [STDERR_REDIRECT] 
2024-12-26 00:13:46,211 [ERROR] LogOutputStream:75 - [STDERR_REDIRECT] [Fatal Error] :1:1: Premature end of file.
2024-12-26 00:13:46,211 [ERROR] LogOutputStream:75 - [STDERR_REDIRECT] 
2024-12-26 00:13:47,213 [ERROR] LogOutputStream:75 - [STDERR_REDIRECT] [Fatal Error] :1:1: Premature end of file.
2024-12-26 00:13:47,219 [ERROR] LogOutputStream:75 - [STDERR_REDIRECT] 
2024-12-26 00:13:48,225 [ERROR] LogOutputStream:75 - [STDERR_REDIRECT] [Fatal Error] :1:1: Premature end of file.
2024-12-26 00:13:48,225 [ERROR] LogOutputStream:75 - [STDERR_REDIRECT] 
2024-12-26 00:13:49,224 [ERROR] LogOutputStream:75 - [STDERR_REDIRECT] [Fatal Error] :1:1: Premature end of file.
2024-12-26 00:13:49,224 [ERROR] LogOutputStream:75 - [STDERR_REDIRECT] 
2024-12-26 00:13:50,210 [ERROR] LogOutputStream:75 - [STDERR_REDIRECT] [Fatal Error] :1:1: Premature end of file.
2024-12-26 00:13:50,210 [ERROR] LogOutputStream:75 - [STDERR_REDIRECT] 
2024-12-26 00:13:51,220 [ERROR] LogOutputStream:75 - [STDERR_REDIRECT] [Fatal Error] :1:1: Premature end of file.
2024-12-26 00:13:51,222 [ERROR] LogOutputStream:75 - [STDERR_REDIRECT] 
2024-12-26 00:13:52,225 [ERROR] LogOutputStream:75 - [STDERR_REDIRECT] [Fatal Error] :1:1: Premature end of file.
2024-12-26 00:13:52,225 [ERROR] LogOutputStream:75 - [STDERR_REDIRECT] 
2024-12-26 00:13:53,209 [ERROR] LogOutputStream:75 - [STDERR_REDIRECT] [Fatal Error] :1:1: Premature end of file.
2024-12-26 00:13:53,209 [ERROR] LogOutputStream:75 - [STDERR_REDIRECT] 
2024-12-26 00:13:54,216 [ERROR] LogOutputStream:75 - [STDERR_REDIRECT] [Fatal Error] :1:1: Premature end of file.
2024-12-26 00:13:54,216 [ERROR] LogOutputStream:75 - [STDERR_REDIRECT] 
2024-12-26 00:13:55,223 [ERROR] LogOutputStream:75 - [STDERR_REDIRECT] [Fatal Error] :1:1: Premature end of file.
2024-12-26 00:13:55,223 [ERROR] LogOutputStream:75 - [STDERR_REDIRECT] 
2024-12-26 00:13:56,223 [ERROR] LogOutputStream:75 - [STDERR_REDIRECT] [Fatal Error] :1:1: Premature end of file.
2024-12-26 00:13:56,223 [ERROR] LogOutputStream:75 - [STDERR_REDIRECT] 
2024-12-26 00:13:57,226 [ERROR] LogOutputStream:75 - [STDERR_REDIRECT] [Fatal Error] :1:1: Premature end of file.
2024-12-26 00:13:57,226 [ERROR] LogOutputStream:75 - [STDERR_REDIRECT] 
2024-12-26 00:13:58,207 [ERROR] LogOutputStream:75 - [STDERR_REDIRECT] [Fatal Error] :1:1: Premature end of file.
2024-12-26 00:13:58,207 [ERROR] LogOutputStream:75 - [STDERR_REDIRECT] 
2024-12-26 00:13:59,209 [ERROR] LogOutputStream:75 - [STDERR_REDIRECT] [Fatal Error] :1:1: Premature end of file.
2024-12-26 00:13:59,209 [ERROR] LogOutputStream:75 - [STDERR_REDIRECT] 
2024-12-26 00:14:00,215 [ERROR] LogOutputStream:75 - [STDERR_REDIRECT] [Fatal Error] :1:1: Premature end of file.
2024-12-26 00:14:00,215 [ERROR] LogOutputStream:75 - [STDERR_REDIRECT] 
2024-12-26 00:14:01,226 [ERROR] LogOutputStream:75 - [STDERR_REDIRECT] [Fatal Error] :1:1: Premature end of file.
2024-12-26 00:14:01,226 [ERROR] LogOutputStream:75 - [STDERR_REDIRECT] 
2024-12-26 00:14:02,220 [ERROR] LogOutputStream:75 - [STDERR_REDIRECT] [Fatal Error] :1:1: Premature end of file.
2024-12-26 00:14:02,220 [ERROR] LogOutputStream:75 - [STDERR_REDIRECT] 
2024-12-26 00:14:03,214 [ERROR] LogOutputStream:75 - [STDERR_REDIRECT] [Fatal Error] :1:1: Premature end of file.
2024-12-26 00:14:03,214 [ERROR] LogOutputStream:75 - [STDERR_REDIRECT] 
2024-12-26 00:14:04,220 [ERROR] LogOutputStream:75 - [STDERR_REDIRECT] [Fatal Error] :1:1: Premature end of file.
2024-12-26 00:14:04,220 [ERROR] LogOutputStream:75 - [STDERR_REDIRECT] 
2024-12-26 00:14:05,226 [ERROR] LogOutputStream:75 - [STDERR_REDIRECT] [Fatal Error] :1:1: Premature end of file.
2024-12-26 00:14:05,226 [ERROR] LogOutputStream:75 - [STDERR_REDIRECT] 
2024-12-26 00:14:06,224 [ERROR] LogOutputStream:75 - [STDERR_REDIRECT] [Fatal Error] :1:1: Premature end of file.
2024-12-26 00:14:06,224 [ERROR] LogOutputStream:75 - [STDERR_REDIRECT] 
2024-12-26 00:14:07,218 [ERROR] LogOutputStream:75 - [STDERR_REDIRECT] [Fatal Error] :1:1: Premature end of file.
2024-12-26 00:14:07,220 [ERROR] LogOutputStream:75 - [STDERR_REDIRECT] 
2024-12-26 00:14:08,221 [ERROR] LogOutputStream:75 - [STDERR_REDIRECT] [Fatal Error] :1:1: Premature end of file.
2024-12-26 00:14:08,221 [ERROR] LogOutputStream:75 - [STDERR_REDIRECT] 
2024-12-26 00:14:09,249 [ERROR] LogOutputStream:75 - [STDERR_REDIRECT] [Fatal Error] :1:1: Premature end of file.
2024-12-26 00:14:09,249 [ERROR] LogOutputStream:75 - [STDERR_REDIRECT] 
2024-12-26 00:14:10,213 [ERROR] LogOutputStream:75 - [STDERR_REDIRECT] [Fatal Error] :1:1: Premature end of file.
2024-12-26 00:14:10,213 [ERROR] LogOutputStream:75 - [STDERR_REDIRECT] 
2024-12-26 00:14:11,226 [ERROR] LogOutputStream:75 - [STDERR_REDIRECT] [Fatal Error] :1:1: Premature end of file.
2024-12-26 00:14:11,226 [ERROR] LogOutputStream:75 - [STDERR_REDIRECT] 
2024-12-26 00:14:12,221 [ERROR] LogOutputStream:75 - [STDERR_REDIRECT] [Fatal Error] :1:1: Premature end of file.
2024-12-26 00:14:12,221 [ERROR] LogOutputStream:75 - [STDERR_REDIRECT] 
2024-12-26 00:14:13,216 [ERROR] LogOutputStream:75 - [STDERR_REDIRECT] [Fatal Error] :1:1: Premature end of file.
2024-12-26 00:14:13,216 [ERROR] LogOutputStream:75 - [STDERR_REDIRECT] 
2024-12-26 00:14:14,215 [ERROR] LogOutputStream:75 - [STDERR_REDIRECT] [Fatal Error] :1:1: Premature end of file.
2024-12-26 00:14:14,215 [ERROR] LogOutputStream:75 - [STDERR_REDIRECT] 
2024-12-26 00:14:15,218 [ERROR] LogOutputStream:75 - [STDERR_REDIRECT] [Fatal Error] :1:1: Premature end of file.
2024-12-26 00:14:15,218 [ERROR] LogOutputStream:75 - [STDERR_REDIRECT] 
2024-12-26 00:14:16,215 [ERROR] LogOutputStream:75 - [STDERR_REDIRECT] [Fatal Error] :1:1: Premature end of file.
2024-12-26 00:14:16,215 [ERROR] LogOutputStream:75 - [STDERR_REDIRECT] 
2024-12-26 00:14:17,224 [ERROR] LogOutputStream:75 - [STDERR_REDIRECT] [Fatal Error] :1:1: Premature end of file.
2024-12-26 00:14:17,224 [ERROR] LogOutputStream:75 - [STDERR_REDIRECT] 
2024-12-26 00:14:18,238 [ERROR] LogOutputStream:75 - [STDERR_REDIRECT] [Fatal Error] :1:1: Premature end of file.
2024-12-26 00:14:18,238 [ERROR] LogOutputStream:75 - [STDERR_REDIRECT] 
2024-12-26 00:14:19,220 [ERROR] LogOutputStream:75 - [STDERR_REDIRECT] [Fatal Error] :1:1: Premature end of file.
2024-12-26 00:14:19,220 [ERROR] LogOutputStream:75 - [STDERR_REDIRECT] 
2024-12-26 00:14:20,218 [ERROR] LogOutputStream:75 - [STDERR_REDIRECT] [Fatal Error] :1:1: Premature end of file.
2024-12-26 00:14:20,218 [ERROR] LogOutputStream:75 - [STDERR_REDIRECT] 
2024-12-26 00:14:21,215 [ERROR] LogOutputStream:75 - [STDERR_REDIRECT] [Fatal Error] :1:1: Premature end of file.
2024-12-26 00:14:21,215 [ERROR] LogOutputStream:75 - [STDERR_REDIRECT] 
2024-12-26 00:14:22,218 [ERROR] LogOutputStream:75 - [STDERR_REDIRECT] [Fatal Error] :1:1: Premature end of file.
2024-12-26 00:14:22,218 [ERROR] LogOutputStream:75 - [STDERR_REDIRECT] 
2024-12-26 00:14:23,221 [ERROR] LogOutputStream:75 - [STDERR_REDIRECT] [Fatal Error] :1:1: Premature end of file.
2024-12-26 00:14:23,221 [ERROR] LogOutputStream:75 - [STDERR_REDIRECT] 
2024-12-26 00:14:24,207 [ERROR] LogOutputStream:75 - [STDERR_REDIRECT] [Fatal Error] :1:1: Premature end of file.
2024-12-26 00:14:24,207 [ERROR] LogOutputStream:75 - [STDERR_REDIRECT] 
2024-12-26 00:14:25,211 [ERROR] LogOutputStream:75 - [STDERR_REDIRECT] [Fatal Error] :1:1: Premature end of file.
2024-12-26 00:14:25,211 [ERROR] LogOutputStream:75 - [STDERR_REDIRECT] 
2024-12-26 00:14:26,270 [ERROR] LogOutputStream:75 - [STDERR_REDIRECT] [Fatal Error] :1:1: Premature end of file.
2024-12-26 00:14:26,270 [ERROR] LogOutputStream:75 - [STDERR_REDIRECT] 
2024-12-26 00:14:27,219 [ERROR] LogOutputStream:75 - [STDERR_REDIRECT] [Fatal Error] :1:1: Premature end of file.
2024-12-26 00:14:27,219 [ERROR] LogOutputStream:75 - [STDERR_REDIRECT] 
2024-12-26 00:14:28,208 [ERROR] LogOutputStream:75 - [STDERR_REDIRECT] [Fatal Error] :1:1: Premature end of file.
2024-12-26 00:14:28,208 [ERROR] LogOutputStream:75 - [STDERR_REDIRECT] 
2024-12-26 00:14:29,212 [ERROR] LogOutputStream:75 - [STDERR_REDIRECT] [Fatal Error] :1:1: Premature end of file.
2024-12-26 00:14:29,212 [ERROR] LogOutputStream:75 - [STDERR_REDIRECT] 
2024-12-26 00:14:30,215 [ERROR] LogOutputStream:75 - [STDERR_REDIRECT] [Fatal Error] :1:1: Premature end of file.
2024-12-26 00:14:30,215 [ERROR] LogOutputStream:75 - [STDERR_REDIRECT] 
2024-12-26 00:14:31,218 [ERROR] LogOutputStream:75 - [STDERR_REDIRECT] [Fatal Error] :1:1: Premature end of file.
2024-12-26 00:14:31,218 [ERROR] LogOutputStream:75 - [STDERR_REDIRECT] 
2024-12-26 00:14:32,223 [ERROR] LogOutputStream:75 - [STDERR_REDIRECT] [Fatal Error] :1:1: Premature end of file.
2024-12-26 00:14:32,223 [ERROR] LogOutputStream:75 - [STDERR_REDIRECT] 
2024-12-26 00:14:33,212 [ERROR] LogOutputStream:75 - [STDERR_REDIRECT] [Fatal Error] :1:1: Premature end of file.
2024-12-26 00:14:33,212 [ERROR] LogOutputStream:75 - [STDERR_REDIRECT] 
2024-12-26 00:14:34,216 [ERROR] LogOutputStream:75 - [STDERR_REDIRECT] [Fatal Error] :1:1: Premature end of file.
2024-12-26 00:14:34,222 [ERROR] LogOutputStream:75 - [STDERR_REDIRECT] 
2024-12-26 00:14:35,216 [ERROR] LogOutputStream:75 - [STDERR_REDIRECT] [Fatal Error] :1:1: Premature end of file.
2024-12-26 00:14:35,216 [ERROR] LogOutputStream:75 - [STDERR_REDIRECT] 
2024-12-26 00:14:36,215 [ERROR] LogOutputStream:75 - [STDERR_REDIRECT] [Fatal Error] :1:1: Premature end of file.
2024-12-26 00:14:36,215 [ERROR] LogOutputStream:75 - [STDERR_REDIRECT] 
2024-12-26 00:14:37,209 [ERROR] LogOutputStream:75 - [STDERR_REDIRECT] [Fatal Error] :1:1: Premature end of file.
2024-12-26 00:14:37,209 [ERROR] LogOutputStream:75 - [STDERR_REDIRECT] 
2024-12-26 00:14:38,219 [ERROR] LogOutputStream:75 - [STDERR_REDIRECT] [Fatal Error] :1:1: Premature end of file.
2024-12-26 00:14:38,219 [ERROR] LogOutputStream:75 - [STDERR_REDIRECT] 
2024-12-26 00:14:39,229 [ERROR] LogOutputStream:75 - [STDERR_REDIRECT] [Fatal Error] :1:1: Premature end of file.
2024-12-26 00:14:39,229 [ERROR] LogOutputStream:75 - [STDERR_REDIRECT] 
2024-12-26 00:14:40,213 [ERROR] LogOutputStream:75 - [STDERR_REDIRECT] [Fatal Error] :1:1: Premature end of file.
2024-12-26 00:14:40,214 [ERROR] LogOutputStream:75 - [STDERR_REDIRECT] 
2024-12-26 00:14:41,223 [ERROR] LogOutputStream:75 - [STDERR_REDIRECT] [Fatal Error] :1:1: Premature end of file.
2024-12-26 00:14:41,223 [ERROR] LogOutputStream:75 - [STDERR_REDIRECT] 
2024-12-26 00:14:42,212 [ERROR] LogOutputStream:75 - [STDERR_REDIRECT] [Fatal Error] :1:1: Premature end of file.
2024-12-26 00:14:42,212 [ERROR] LogOutputStream:75 - [STDERR_REDIRECT] 
2024-12-26 00:14:43,210 [ERROR] LogOutputStream:75 - [STDERR_REDIRECT] [Fatal Error] :1:1: Premature end of file.
2024-12-26 00:14:43,210 [ERROR] LogOutputStream:75 - [STDERR_REDIRECT] 
2024-12-26 00:14:44,228 [ERROR] LogOutputStream:75 - [STDERR_REDIRECT] [Fatal Error] :1:1: Premature end of file.
2024-12-26 00:14:44,228 [ERROR] LogOutputStream:75 - [STDERR_REDIRECT] 
2024-12-26 00:14:45,217 [ERROR] LogOutputStream:75 - [STDERR_REDIRECT] [Fatal Error] :1:1: Premature end of file.
2024-12-26 00:14:45,217 [ERROR] LogOutputStream:75 - [STDERR_REDIRECT] 
2024-12-26 00:14:46,213 [ERROR] LogOutputStream:75 - [STDERR_REDIRECT] [Fatal Error] :1:1: Premature end of file.
2024-12-26 00:14:46,213 [ERROR] LogOutputStream:75 - [STDERR_REDIRECT] 
2024-12-26 00:14:47,213 [ERROR] LogOutputStream:75 - [STDERR_REDIRECT] [Fatal Error] :1:1: Premature end of file.
2024-12-26 00:14:47,213 [ERROR] LogOutputStream:75 - [STDERR_REDIRECT] 
2024-12-26 00:14:48,211 [ERROR] LogOutputStream:75 - [STDERR_REDIRECT] [Fatal Error] :1:1: Premature end of file.
2024-12-26 00:14:48,211 [ERROR] LogOutputStream:75 - [STDERR_REDIRECT] 
2024-12-26 00:14:49,219 [ERROR] LogOutputStream:75 - [STDERR_REDIRECT] [Fatal Error] :1:1: Premature end of file.
2024-12-26 00:14:49,220 [ERROR] LogOutputStream:75 - [STDERR_REDIRECT] 
2024-12-26 00:14:50,212 [ERROR] LogOutputStream:75 - [STDERR_REDIRECT] [Fatal Error] :1:1: Premature end of file.
2024-12-26 00:14:50,213 [ERROR] LogOutputStream:75 - [STDERR_REDIRECT] 
2024-12-26 00:14:51,213 [ERROR] LogOutputStream:75 - [STDERR_REDIRECT] [Fatal Error] :1:1: Premature end of file.
2024-12-26 00:14:51,213 [ERROR] LogOutputStream:75 - [STDERR_REDIRECT] 
2024-12-26 00:14:52,223 [ERROR] LogOutputStream:75 - [STDERR_REDIRECT] [Fatal Error] :1:1: Premature end of file.
2024-12-26 00:14:52,223 [ERROR] LogOutputStream:75 - [STDERR_REDIRECT] 
2024-12-26 00:14:53,211 [ERROR] LogOutputStream:75 - [STDERR_REDIRECT] [Fatal Error] :1:1: Premature end of file.
2024-12-26 00:14:53,211 [ERROR] LogOutputStream:75 - [STDERR_REDIRECT] 
2024-12-26 00:14:54,212 [ERROR] LogOutputStream:75 - [STDERR_REDIRECT] [Fatal Error] :1:1: Premature end of file.
2024-12-26 00:14:54,212 [ERROR] LogOutputStream:75 - [STDERR_REDIRECT] 
2024-12-26 00:14:55,226 [ERROR] LogOutputStream:75 - [STDERR_REDIRECT] [Fatal Error] :1:1: Premature end of file.
2024-12-26 00:14:55,227 [ERROR] LogOutputStream:75 - [STDERR_REDIRECT] 
2024-12-26 00:14:56,221 [ERROR] LogOutputStream:75 - [STDERR_REDIRECT] [Fatal Error] :1:1: Premature end of file.
2024-12-26 00:14:56,222 [ERROR] LogOutputStream:75 - [STDERR_REDIRECT] 
2024-12-26 00:14:57,212 [ERROR] LogOutputStream:75 - [STDERR_REDIRECT] [Fatal Error] :1:1: Premature end of file.
2024-12-26 00:14:57,213 [ERROR] LogOutputStream:75 - [STDERR_REDIRECT] 
2024-12-26 00:14:58,222 [ERROR] LogOutputStream:75 - [STDERR_REDIRECT] [Fatal Error] :1:1: Premature end of file.
2024-12-26 00:14:58,223 [ERROR] LogOutputStream:75 - [STDERR_REDIRECT] 
2024-12-26 00:14:59,227 [ERROR] LogOutputStream:75 - [STDERR_REDIRECT] [Fatal Error] :1:1: Premature end of file.
2024-12-26 00:14:59,227 [ERROR] LogOutputStream:75 - [STDERR_REDIRECT] 
2024-12-26 00:15:00,224 [ERROR] LogOutputStream:75 - [STDERR_REDIRECT] [Fatal Error] :1:1: Premature end of file.
2024-12-26 00:15:00,224 [ERROR] LogOutputStream:75 - [STDERR_REDIRECT] 
2024-12-26 00:15:01,216 [ERROR] LogOutputStream:75 - [STDERR_REDIRECT] [Fatal Error] :1:1: Premature end of file.
2024-12-26 00:15:01,216 [ERROR] LogOutputStream:75 - [STDERR_REDIRECT] 
2024-12-26 00:15:02,212 [ERROR] LogOutputStream:75 - [STDERR_REDIRECT] [Fatal Error] :1:1: Premature end of file.
2024-12-26 00:15:02,212 [ERROR] LogOutputStream:75 - [STDERR_REDIRECT] 
2024-12-26 00:15:03,225 [ERROR] LogOutputStream:75 - [STDERR_REDIRECT] [Fatal Error] :1:1: Premature end of file.
2024-12-26 00:15:03,225 [ERROR] LogOutputStream:75 - [STDERR_REDIRECT] 
2024-12-26 00:15:04,218 [ERROR] LogOutputStream:75 - [STDERR_REDIRECT] [Fatal Error] :1:1: Premature end of file.
2024-12-26 00:15:04,218 [ERROR] LogOutputStream:75 - [STDERR_REDIRECT] 
2024-12-26 00:15:05,226 [ERROR] LogOutputStream:75 - [STDERR_REDIRECT] [Fatal Error] :1:1: Premature end of file.
2024-12-26 00:15:05,226 [ERROR] LogOutputStream:75 - [STDERR_REDIRECT] 
2024-12-26 00:15:06,222 [ERROR] LogOutputStream:75 - [STDERR_REDIRECT] [Fatal Error] :1:1: Premature end of file.
2024-12-26 00:15:06,222 [ERROR] LogOutputStream:75 - [STDERR_REDIRECT] 
2024-12-26 00:15:07,214 [ERROR] LogOutputStream:75 - [STDERR_REDIRECT] [Fatal Error] :1:1: Premature end of file.
2024-12-26 00:15:07,214 [ERROR] LogOutputStream:75 - [STDERR_REDIRECT] 
2024-12-26 00:15:08,218 [ERROR] LogOutputStream:75 - [STDERR_REDIRECT] [Fatal Error] :1:1: Premature end of file.
2024-12-26 00:15:08,218 [ERROR] LogOutputStream:75 - [STDERR_REDIRECT] 
2024-12-26 00:15:09,214 [ERROR] LogOutputStream:75 - [STDERR_REDIRECT] [Fatal Error] :1:1: Premature end of file.
2024-12-26 00:15:09,214 [ERROR] LogOutputStream:75 - [STDERR_REDIRECT] 
2024-12-26 00:15:10,221 [ERROR] LogOutputStream:75 - [STDERR_REDIRECT] [Fatal Error] :1:1: Premature end of file.
2024-12-26 00:15:10,221 [ERROR] LogOutputStream:75 - [STDERR_REDIRECT] 
2024-12-26 00:15:11,215 [ERROR] LogOutputStream:75 - [STDERR_REDIRECT] [Fatal Error] :1:1: Premature end of file.
2024-12-26 00:15:11,215 [ERROR] LogOutputStream:75 - [STDERR_REDIRECT] 
2024-12-26 00:15:12,212 [ERROR] LogOutputStream:75 - [STDERR_REDIRECT] [Fatal Error] :1:1: Premature end of file.
2024-12-26 00:15:12,212 [ERROR] LogOutputStream:75 - [STDERR_REDIRECT] 
2024-12-26 00:15:13,212 [ERROR] LogOutputStream:75 - [STDERR_REDIRECT] [Fatal Error] :1:1: Premature end of file.
2024-12-26 00:15:13,212 [ERROR] LogOutputStream:75 - [STDERR_REDIRECT] 
2024-12-26 00:15:14,222 [ERROR] LogOutputStream:75 - [STDERR_REDIRECT] [Fatal Error] :1:1: Premature end of file.
2024-12-26 00:15:14,222 [ERROR] LogOutputStream:75 - [STDERR_REDIRECT] 
2024-12-26 00:15:15,217 [ERROR] LogOutputStream:75 - [STDERR_REDIRECT] [Fatal Error] :1:1: Premature end of file.
2024-12-26 00:15:15,217 [ERROR] LogOutputStream:75 - [STDERR_REDIRECT] 
2024-12-26 00:15:16,210 [ERROR] LogOutputStream:75 - [STDERR_REDIRECT] [Fatal Error] :1:1: Premature end of file.
2024-12-26 00:15:16,210 [ERROR] LogOutputStream:75 - [STDERR_REDIRECT] 
2024-12-26 00:15:17,216 [ERROR] LogOutputStream:75 - [STDERR_REDIRECT] [Fatal Error] :1:1: Premature end of file.
2024-12-26 00:15:17,216 [ERROR] LogOutputStream:75 - [STDERR_REDIRECT] 
2024-12-26 00:15:18,228 [ERROR] LogOutputStream:75 - [STDERR_REDIRECT] [Fatal Error] :1:1: Premature end of file.
2024-12-26 00:15:18,228 [ERROR] LogOutputStream:75 - [STDERR_REDIRECT] 
2024-12-26 00:15:19,217 [ERROR] LogOutputStream:75 - [STDERR_REDIRECT] [Fatal Error] :1:1: Premature end of file.
2024-12-26 00:15:19,217 [ERROR] LogOutputStream:75 - [STDERR_REDIRECT] 
2024-12-26 00:15:20,228 [ERROR] LogOutputStream:75 - [STDERR_REDIRECT] [Fatal Error] :1:1: Premature end of file.
2024-12-26 00:15:20,228 [ERROR] LogOutputStream:75 - [STDERR_REDIRECT] 
2024-12-26 00:15:21,208 [ERROR] LogOutputStream:75 - [STDERR_REDIRECT] [Fatal Error] :1:1: Premature end of file.
2024-12-26 00:15:21,208 [ERROR] LogOutputStream:75 - [STDERR_REDIRECT] 
2024-12-26 00:15:22,215 [ERROR] LogOutputStream:75 - [STDERR_REDIRECT] [Fatal Error] :1:1: Premature end of file.
2024-12-26 00:15:22,215 [ERROR] LogOutputStream:75 - [STDERR_REDIRECT] 
2024-12-26 00:15:23,223 [ERROR] LogOutputStream:75 - [STDERR_REDIRECT] [Fatal Error] :1:1: Premature end of file.
2024-12-26 00:15:23,223 [ERROR] LogOutputStream:75 - [STDERR_REDIRECT] 
2024-12-26 00:15:24,458 [ERROR] LogOutputStream:75 - [STDERR_REDIRECT] [Fatal Error] :1:1: Premature end of file.
2024-12-26 00:15:24,459 [ERROR] LogOutputStream:75 - [STDERR_REDIRECT] 
2024-12-26 00:15:25,225 [ERROR] LogOutputStream:75 - [STDERR_REDIRECT] [Fatal Error] :1:1: Premature end of file.
2024-12-26 00:15:25,225 [ERROR] LogOutputStream:75 - [STDERR_REDIRECT] 
2024-12-26 00:15:26,225 [ERROR] LogOutputStream:75 - [STDERR_REDIRECT] [Fatal Error] :1:1: Premature end of file.
2024-12-26 00:15:26,225 [ERROR] LogOutputStream:75 - [STDERR_REDIRECT] 
2024-12-26 00:15:27,225 [ERROR] LogOutputStream:75 - [STDERR_REDIRECT] [Fatal Error] :1:1: Premature end of file.
2024-12-26 00:15:27,225 [ERROR] LogOutputStream:75 - [STDERR_REDIRECT] 
2024-12-26 00:15:28,214 [ERROR] LogOutputStream:75 - [STDERR_REDIRECT] [Fatal Error] :1:1: Premature end of file.
2024-12-26 00:15:28,214 [ERROR] LogOutputStream:75 - [STDERR_REDIRECT] 
2024-12-26 00:15:29,212 [ERROR] LogOutputStream:75 - [STDERR_REDIRECT] [Fatal Error] :1:1: Premature end of file.
2024-12-26 00:15:29,212 [ERROR] LogOutputStream:75 - [STDERR_REDIRECT] 
2024-12-26 00:15:30,209 [ERROR] LogOutputStream:75 - [STDERR_REDIRECT] [Fatal Error] :1:1: Premature end of file.
2024-12-26 00:15:30,209 [ERROR] LogOutputStream:75 - [STDERR_REDIRECT] 
2024-12-26 00:15:31,209 [ERROR] LogOutputStream:75 - [STDERR_REDIRECT] [Fatal Error] :1:1: Premature end of file.
2024-12-26 00:15:31,209 [ERROR] LogOutputStream:75 - [STDERR_REDIRECT] 
2024-12-26 00:15:32,216 [ERROR] LogOutputStream:75 - [STDERR_REDIRECT] [Fatal Error] :1:1: Premature end of file.
2024-12-26 00:15:32,216 [ERROR] LogOutputStream:75 - [STDERR_REDIRECT] 
2024-12-26 00:15:33,215 [ERROR] LogOutputStream:75 - [STDERR_REDIRECT] [Fatal Error] :1:1: Premature end of file.
2024-12-26 00:15:33,215 [ERROR] LogOutputStream:75 - [STDERR_REDIRECT] 
2024-12-26 00:15:34,228 [ERROR] LogOutputStream:75 - [STDERR_REDIRECT] [Fatal Error] :1:1: Premature end of file.
2024-12-26 00:15:34,228 [ERROR] LogOutputStream:75 - [STDERR_REDIRECT] 
2024-12-26 00:15:35,213 [ERROR] LogOutputStream:75 - [STDERR_REDIRECT] [Fatal Error] :1:1: Premature end of file.
2024-12-26 00:15:35,213 [ERROR] LogOutputStream:75 - [STDERR_REDIRECT] 
2024-12-26 00:15:36,210 [ERROR] LogOutputStream:75 - [STDERR_REDIRECT] [Fatal Error] :1:1: Premature end of file.
2024-12-26 00:15:36,210 [ERROR] LogOutputStream:75 - [STDERR_REDIRECT] 
2024-12-26 00:15:37,227 [ERROR] LogOutputStream:75 - [STDERR_REDIRECT] [Fatal Error] :1:1: Premature end of file.
2024-12-26 00:15:37,232 [ERROR] LogOutputStream:75 - [STDERR_REDIRECT] 
2024-12-26 00:15:38,225 [ERROR] LogOutputStream:75 - [STDERR_REDIRECT] [Fatal Error] :1:1: Premature end of file.
2024-12-26 00:15:38,225 [ERROR] LogOutputStream:75 - [STDERR_REDIRECT] 
2024-12-26 00:15:39,224 [ERROR] LogOutputStream:75 - [STDERR_REDIRECT] [Fatal Error] :1:1: Premature end of file.
2024-12-26 00:15:39,224 [ERROR] LogOutputStream:75 - [STDERR_REDIRECT] 
2024-12-26 00:15:40,211 [ERROR] LogOutputStream:75 - [STDERR_REDIRECT] [Fatal Error] :1:1: Premature end of file.
2024-12-26 00:15:40,211 [ERROR] LogOutputStream:75 - [STDERR_REDIRECT] 
2024-12-26 00:15:41,210 [ERROR] LogOutputStream:75 - [STDERR_REDIRECT] [Fatal Error] :1:1: Premature end of file.
2024-12-26 00:15:41,210 [ERROR] LogOutputStream:75 - [STDERR_REDIRECT] 
2024-12-26 00:15:42,221 [ERROR] LogOutputStream:75 - [STDERR_REDIRECT] [Fatal Error] :1:1: Premature end of file.
2024-12-26 00:15:42,221 [ERROR] LogOutputStream:75 - [STDERR_REDIRECT] 
2024-12-26 00:15:43,216 [ERROR] LogOutputStream:75 - [STDERR_REDIRECT] [Fatal Error] :1:1: Premature end of file.
2024-12-26 00:15:43,216 [ERROR] LogOutputStream:75 - [STDERR_REDIRECT] 
2024-12-26 00:15:44,218 [ERROR] LogOutputStream:75 - [STDERR_REDIRECT] [Fatal Error] :1:1: Premature end of file.
2024-12-26 00:15:44,218 [ERROR] LogOutputStream:75 - [STDERR_REDIRECT] 
2024-12-26 00:15:45,208 [ERROR] LogOutputStream:75 - [STDERR_REDIRECT] [Fatal Error] :1:1: Premature end of file.
2024-12-26 00:15:45,208 [ERROR] LogOutputStream:75 - [STDERR_REDIRECT] 
2024-12-26 00:15:46,217 [ERROR] LogOutputStream:75 - [STDERR_REDIRECT] [Fatal Error] :1:1: Premature end of file.
2024-12-26 00:15:46,217 [ERROR] LogOutputStream:75 - [STDERR_REDIRECT] 
2024-12-26 00:15:47,221 [ERROR] LogOutputStream:75 - [STDERR_REDIRECT] [Fatal Error] :1:1: Premature end of file.
2024-12-26 00:15:47,221 [ERROR] LogOutputStream:75 - [STDERR_REDIRECT] 
2024-12-26 00:15:48,207 [ERROR] LogOutputStream:75 - [STDERR_REDIRECT] [Fatal Error] :1:1: Premature end of file.
2024-12-26 00:15:48,207 [ERROR] LogOutputStream:75 - [STDERR_REDIRECT] 
2024-12-26 00:15:49,221 [ERROR] LogOutputStream:75 - [STDERR_REDIRECT] [Fatal Error] :1:1: Premature end of file.
2024-12-26 00:15:49,221 [ERROR] LogOutputStream:75 - [STDERR_REDIRECT] 
2024-12-26 00:15:50,228 [ERROR] LogOutputStream:75 - [STDERR_REDIRECT] [Fatal Error] :1:1: Premature end of file.
2024-12-26 00:15:50,229 [ERROR] LogOutputStream:75 - [STDERR_REDIRECT] 
2024-12-26 00:15:51,219 [ERROR] LogOutputStream:75 - [STDERR_REDIRECT] [Fatal Error] :1:1: Premature end of file.
2024-12-26 00:15:51,219 [ERROR] LogOutputStream:75 - [STDERR_REDIRECT] 
2024-12-26 00:15:52,210 [ERROR] LogOutputStream:75 - [STDERR_REDIRECT] [Fatal Error] :1:1: Premature end of file.
2024-12-26 00:15:52,210 [ERROR] LogOutputStream:75 - [STDERR_REDIRECT] 
2024-12-26 00:15:53,219 [ERROR] LogOutputStream:75 - [STDERR_REDIRECT] [Fatal Error] :1:1: Premature end of file.
2024-12-26 00:15:53,219 [ERROR] LogOutputStream:75 - [STDERR_REDIRECT] 
2024-12-26 00:15:54,232 [ERROR] LogOutputStream:75 - [STDERR_REDIRECT] [Fatal Error] :1:1: Premature end of file.
2024-12-26 00:15:54,232 [ERROR] LogOutputStream:75 - [STDERR_REDIRECT] 
2024-12-26 00:15:55,231 [ERROR] LogOutputStream:75 - [STDERR_REDIRECT] [Fatal Error] :1:1: Premature end of file.
2024-12-26 00:15:55,231 [ERROR] LogOutputStream:75 - [STDERR_REDIRECT] 
2024-12-26 00:15:56,214 [ERROR] LogOutputStream:75 - [STDERR_REDIRECT] [Fatal Error] :1:1: Premature end of file.
2024-12-26 00:15:56,214 [ERROR] LogOutputStream:75 - [STDERR_REDIRECT] 
2024-12-26 00:15:57,217 [ERROR] LogOutputStream:75 - [STDERR_REDIRECT] [Fatal Error] :1:1: Premature end of file.
2024-12-26 00:15:57,217 [ERROR] LogOutputStream:75 - [STDERR_REDIRECT] 
2024-12-26 00:15:58,221 [ERROR] LogOutputStream:75 - [STDERR_REDIRECT] [Fatal Error] :1:1: Premature end of file.
2024-12-26 00:15:58,221 [ERROR] LogOutputStream:75 - [STDERR_REDIRECT] 
2024-12-26 00:15:59,225 [ERROR] LogOutputStream:75 - [STDERR_REDIRECT] [Fatal Error] :1:1: Premature end of file.
2024-12-26 00:15:59,225 [ERROR] LogOutputStream:75 - [STDERR_REDIRECT] 
2024-12-26 00:16:00,226 [ERROR] LogOutputStream:75 - [STDERR_REDIRECT] [Fatal Error] :1:1: Premature end of file.
2024-12-26 00:16:00,226 [ERROR] LogOutputStream:75 - [STDERR_REDIRECT] 
2024-12-26 00:16:01,218 [ERROR] LogOutputStream:75 - [STDERR_REDIRECT] [Fatal Error] :1:1: Premature end of file.
2024-12-26 00:16:01,218 [ERROR] LogOutputStream:75 - [STDERR_REDIRECT] 
2024-12-26 00:16:02,214 [ERROR] LogOutputStream:75 - [STDERR_REDIRECT] [Fatal Error] :1:1: Premature end of file.
2024-12-26 00:16:02,214 [ERROR] LogOutputStream:75 - [STDERR_REDIRECT] 
2024-12-26 00:16:03,216 [ERROR] LogOutputStream:75 - [STDERR_REDIRECT] [Fatal Error] :1:1: Premature end of file.
2024-12-26 00:16:03,216 [ERROR] LogOutputStream:75 - [STDERR_REDIRECT] 
2024-12-26 00:16:04,210 [ERROR] LogOutputStream:75 - [STDERR_REDIRECT] [Fatal Error] :1:1: Premature end of file.
2024-12-26 00:16:04,210 [ERROR] LogOutputStream:75 - [STDERR_REDIRECT] 
2024-12-26 00:16:05,212 [ERROR] LogOutputStream:75 - [STDERR_REDIRECT] [Fatal Error] :1:1: Premature end of file.
2024-12-26 00:16:05,212 [ERROR] LogOutputStream:75 - [STDERR_REDIRECT] 
2024-12-26 00:16:06,234 [ERROR] LogOutputStream:75 - [STDERR_REDIRECT] [Fatal Error] :1:1: Premature end of file.
2024-12-26 00:16:06,234 [ERROR] LogOutputStream:75 - [STDERR_REDIRECT] 
2024-12-26 00:16:07,228 [ERROR] LogOutputStream:75 - [STDERR_REDIRECT] [Fatal Error] :1:1: Premature end of file.
2024-12-26 00:16:07,228 [ERROR] LogOutputStream:75 - [STDERR_REDIRECT] 
2024-12-26 00:16:08,224 [ERROR] LogOutputStream:75 - [STDERR_REDIRECT] [Fatal Error] :1:1: Premature end of file.
2024-12-26 00:16:08,226 [ERROR] LogOutputStream:75 - [STDERR_REDIRECT] 
2024-12-26 00:16:09,214 [ERROR] LogOutputStream:75 - [STDERR_REDIRECT] [Fatal Error] :1:1: Premature end of file.
2024-12-26 00:16:09,214 [ERROR] LogOutputStream:75 - [STDERR_REDIRECT] 
2024-12-26 00:16:10,219 [ERROR] LogOutputStream:75 - [STDERR_REDIRECT] [Fatal Error] :1:1: Premature end of file.
2024-12-26 00:16:10,219 [ERROR] LogOutputStream:75 - [STDERR_REDIRECT] 
2024-12-26 00:16:11,214 [ERROR] LogOutputStream:75 - [STDERR_REDIRECT] [Fatal Error] :1:1: Premature end of file.
2024-12-26 00:16:11,214 [ERROR] LogOutputStream:75 - [STDERR_REDIRECT] 
2024-12-26 00:16:12,222 [ERROR] LogOutputStream:75 - [STDERR_REDIRECT] [Fatal Error] :1:1: Premature end of file.
2024-12-26 00:16:12,222 [ERROR] LogOutputStream:75 - [STDERR_REDIRECT] 
2024-12-26 00:16:13,218 [ERROR] LogOutputStream:75 - [STDERR_REDIRECT] [Fatal Error] :1:1: Premature end of file.
2024-12-26 00:16:13,218 [ERROR] LogOutputStream:75 - [STDERR_REDIRECT] 
2024-12-26 00:16:14,217 [ERROR] LogOutputStream:75 - [STDERR_REDIRECT] [Fatal Error] :1:1: Premature end of file.
2024-12-26 00:16:14,217 [ERROR] LogOutputStream:75 - [STDERR_REDIRECT] 
2024-12-26 00:16:15,231 [ERROR] LogOutputStream:75 - [STDERR_REDIRECT] [Fatal Error] :1:1: Premature end of file.
2024-12-26 00:16:15,231 [ERROR] LogOutputStream:75 - [STDERR_REDIRECT] 
2024-12-26 00:16:16,226 [ERROR] LogOutputStream:75 - [STDERR_REDIRECT] [Fatal Error] :1:1: Premature end of file.
2024-12-26 00:16:16,226 [ERROR] LogOutputStream:75 - [STDERR_REDIRECT] 
2024-12-26 00:16:17,210 [ERROR] LogOutputStream:75 - [STDERR_REDIRECT] [Fatal Error] :1:1: Premature end of file.
2024-12-26 00:16:17,210 [ERROR] LogOutputStream:75 - [STDERR_REDIRECT] 
2024-12-26 00:16:18,211 [ERROR] LogOutputStream:75 - [STDERR_REDIRECT] [Fatal Error] :1:1: Premature end of file.
2024-12-26 00:16:18,211 [ERROR] LogOutputStream:75 - [STDERR_REDIRECT] 
2024-12-26 00:16:19,049 [ERROR] LogOutputStream:75 - [STDERR_REDIRECT] 
2024-12-26 00:16:19,065 [ERROR] LogOutputStream:75 - [STDERR_REDIRECT] 
2024-12-26 00:16:30,613 [INFO] Activator:176 - 


2024-12-26 00:16:30,614 [INFO] Activator:177 - !SESSION log4j initialized
2024-12-26 00:16:36,811 [INFO] LogOutputStream:77 - [STDOUT_REDIRECT] 
2024-12-26 00:16:37,802 [INFO] ApplicationProperties:184 - Using Application install path: C:\ST\STM32CubeIDE_1.17.0\STM32CubeIDE\plugins\com.st.stm32cube.common.mx_6.13.0.202411220809
2024-12-26 00:16:37,815 [INFO] DbMcusXml:78 - Set database path to: C:\ST\STM32CubeIDE_1.17.0\STM32CubeIDE\plugins\com.st.stm32cube.common.mx_6.13.0.202411220809\\db\/mcu/
2024-12-26 00:16:37,815 [INFO] ApiDb:274 - Set plugin database path to: C:\ST\STM32CubeIDE_1.17.0\STM32CubeIDE\plugins\com.st.stm32cube.common.mx_6.13.0.202411220809\\db\/plugins/boardmanager/
2024-12-26 00:16:37,815 [WARN] ApiDb:259 - Overriding images path with different value:  => C:\ST\STM32CubeIDE_1.17.0\STM32CubeIDE\plugins\com.st.stm32cube.common.mx_6.13.0.202411220809\\db\/plugins/mcufinder/images/
2024-12-26 00:16:37,818 [INFO] ApiDb:250 - Set database path to: C:\Users\o1yus\.stmcufinder\plugins\mcufinder//mcu/
2024-12-26 00:16:37,819 [INFO] DbMcusAds:125 - Set database path to: C:\Users\o1yus\.stmcufinder\plugins\mcufinder//mcu/
2024-12-26 00:16:37,821 [INFO] CrossReferenceDbSqlite:203 - Set database path to: C:\Users\o1yus\.stmcufinder\plugins\mcufinder//mcu/cs/
2024-12-26 00:16:37,901 [INFO] RulesReader:64 - Compatibility file has been processed (297 Rules)
2024-12-26 00:16:37,962 [INFO] DbMcusXml:78 - Set database path to: C:\ST\STM32CubeIDE_1.17.0\STM32CubeIDE\plugins\com.st.stm32cube.common.mx_6.13.0.202411220809\\db\/mcu/
2024-12-26 00:16:37,962 [INFO] ApiDb:274 - Set plugin database path to: C:\ST\STM32CubeIDE_1.17.0\STM32CubeIDE\plugins\com.st.stm32cube.common.mx_6.13.0.202411220809\\db\/plugins/boardmanager/
2024-12-26 00:16:37,962 [INFO] ApiDb:261 - Set plugin images path to: C:\ST\STM32CubeIDE_1.17.0\STM32CubeIDE\plugins\com.st.stm32cube.common.mx_6.13.0.202411220809\\db\/plugins/mcufinder/images/
2024-12-26 00:16:37,963 [WARN] DbFile:41 - Overriding database path with different value: C:\Users\o1yus\.stmcufinder\plugins\mcufinder/ => C:\Users\o1yus\.stmcufinder\plugins\mcufinder
2024-12-26 00:16:37,963 [INFO] ApiDb:250 - Set database path to: C:\Users\o1yus\.stmcufinder\plugins\mcufinder//mcu/
2024-12-26 00:16:37,963 [WARN] DbFile:41 - Overriding database path with different value: C:\Users\o1yus\.stmcufinder\plugins\mcufinder/ => C:\Users\o1yus\.stmcufinder\plugins\mcufinder
2024-12-26 00:16:37,963 [INFO] DbMcusAds:125 - Set database path to: C:\Users\o1yus\.stmcufinder\plugins\mcufinder//mcu/
2024-12-26 00:16:37,963 [WARN] DbFile:41 - Overriding database path with different value: C:\Users\o1yus\.stmcufinder\plugins\mcufinder/ => C:\Users\o1yus\.stmcufinder\plugins\mcufinder
2024-12-26 00:16:37,963 [WARN] DbFile:41 - Overriding database path with different value: C:\Users\o1yus\.stmcufinder\plugins\mcufinder/ => C:\Users\o1yus\.stmcufinder\plugins\mcufinder
2024-12-26 00:16:37,963 [INFO] CrossReferenceDbSqlite:203 - Set database path to: C:\Users\o1yus\.stmcufinder\plugins\mcufinder//mcu/cs/
2024-12-26 00:16:38,015 [INFO] MainPanel:272 - HeapMemory: 268435456
2024-12-26 00:16:38,078 [INFO] DbMcusXml:78 - Set database path to: C:\ST\STM32CubeIDE_1.17.0\STM32CubeIDE\plugins\com.st.stm32cube.common.mx_6.13.0.202411220809\\db\/mcu/
2024-12-26 00:16:38,079 [INFO] ApiDb:274 - Set plugin database path to: C:\ST\STM32CubeIDE_1.17.0\STM32CubeIDE\plugins\com.st.stm32cube.common.mx_6.13.0.202411220809\\db\/plugins/boardmanager/
2024-12-26 00:16:38,079 [INFO] ApiDb:261 - Set plugin images path to: C:\ST\STM32CubeIDE_1.17.0\STM32CubeIDE\plugins\com.st.stm32cube.common.mx_6.13.0.202411220809\\db\/plugins/mcufinder/images/
2024-12-26 00:16:38,079 [WARN] DbFile:41 - Overriding database path with different value: C:\Users\o1yus\.stmcufinder\plugins\mcufinder/ => C:\Users\o1yus\.stmcufinder\plugins\mcufinder
2024-12-26 00:16:38,079 [INFO] ApiDb:250 - Set database path to: C:\Users\o1yus\.stmcufinder\plugins\mcufinder//mcu/
2024-12-26 00:16:38,079 [WARN] DbFile:41 - Overriding database path with different value: C:\Users\o1yus\.stmcufinder\plugins\mcufinder/ => C:\Users\o1yus\.stmcufinder\plugins\mcufinder
2024-12-26 00:16:38,079 [INFO] DbMcusAds:125 - Set database path to: C:\Users\o1yus\.stmcufinder\plugins\mcufinder//mcu/
2024-12-26 00:16:38,079 [WARN] DbFile:41 - Overriding database path with different value: C:\Users\o1yus\.stmcufinder\plugins\mcufinder/ => C:\Users\o1yus\.stmcufinder\plugins\mcufinder
2024-12-26 00:16:38,079 [WARN] DbFile:41 - Overriding database path with different value: C:\Users\o1yus\.stmcufinder\plugins\mcufinder/ => C:\Users\o1yus\.stmcufinder\plugins\mcufinder
2024-12-26 00:16:38,079 [INFO] CrossReferenceDbSqlite:203 - Set database path to: C:\Users\o1yus\.stmcufinder\plugins\mcufinder//mcu/cs/
2024-12-26 00:16:38,093 [INFO] ApplicationProperties:184 - Using Application install path: C:\ST\STM32CubeIDE_1.17.0\STM32CubeIDE\plugins\com.st.stm32cube.common.mx_6.13.0.202411220809
2024-12-26 00:16:38,095 [INFO] PluginManage:196 - Search for loadable plugins [exclusion list=, ]
2024-12-26 00:16:38,096 [INFO] PluginManage:310 - Check plugin analytics
2024-12-26 00:16:38,262 [INFO] AnalyticsPlugin:253 - Accepted Software Licenses: 
2024-12-26 00:16:38,262 [INFO] AnalyticsPlugin:255 - Accepted CMSIS Pack Licenses: 
2024-12-26 00:16:38,262 [INFO] AnalyticsPlugin:257 - Accepted Firmware Licenses: 
2024-12-26 00:16:38,267 [INFO] PluginManage:359 - Loaded plugin analytics (category:tool,tabindex:-1)
2024-12-26 00:16:38,267 [INFO] PluginManage:310 - Check plugin cadmodel
2024-12-26 00:16:38,273 [INFO] CADModel:105 - Init CAD model plugin
2024-12-26 00:16:38,273 [INFO] PluginManage:359 - Loaded plugin cadmodel (category:power,tabindex:5)
2024-12-26 00:16:38,273 [INFO] PluginManage:310 - Check plugin clock
2024-12-26 00:16:38,280 [INFO] PluginManage:359 - Loaded plugin clock (category:base,tabindex:2)
2024-12-26 00:16:38,281 [INFO] PluginManage:310 - Check plugin ddr
2024-12-26 00:16:38,283 [INFO] PluginManage:359 - Loaded plugin ddr (category:tool,tabindex:6)
2024-12-26 00:16:38,283 [INFO] PluginManage:310 - Check plugin filemanager
2024-12-26 00:16:38,419 [INFO] PluginManage:359 - Loaded plugin filemanager (category:base,tabindex:10)
2024-12-26 00:16:38,419 [INFO] PluginManage:310 - Check plugin ipmanager
2024-12-26 00:16:38,425 [INFO] PluginManage:359 - Loaded plugin ipmanager (category:base,tabindex:5)
2024-12-26 00:16:38,425 [INFO] PluginManage:310 - Check plugin lpbam
2024-12-26 00:16:38,434 [INFO] PluginManage:359 - Loaded plugin lpbam (category:base,tabindex:0)
2024-12-26 00:16:38,434 [INFO] PluginManage:310 - Check plugin memorymap
2024-12-26 00:16:38,447 [INFO] PluginManage:359 - Loaded plugin memorymap (category:base,tabindex:4)
2024-12-26 00:16:38,447 [INFO] PluginManage:310 - Check plugin pinoutandconfiguration
2024-12-26 00:16:38,452 [INFO] PluginManage:359 - Loaded plugin pinoutandconfiguration (category:base,tabindex:1)
2024-12-26 00:16:38,452 [INFO] PluginManage:310 - Check plugin pinoutconfig
2024-12-26 00:16:38,536 [WARN] SupportedApi:132 - Cannot load RTOS API schema: s4s-elt-must-match.1: The content of 'definitions' must match (annotation?, (simpleType | complexType)?, (unique | key | keyref)*)). A problem was found starting at: attribute.
2024-12-26 00:16:38,649 [INFO] PluginManage:359 - Loaded plugin pinoutconfig (category:base,tabindex:0)
2024-12-26 00:16:38,649 [INFO] PluginManage:310 - Check plugin power
2024-12-26 00:16:38,655 [INFO] PluginManage:359 - Loaded plugin power (category:power,tabindex:4)
2024-12-26 00:16:38,655 [INFO] PluginManage:310 - Check plugin projectmanager
2024-12-26 00:16:38,671 [INFO] PluginManage:359 - Loaded plugin projectmanager (category:projectmanager,tabindex:4)
2024-12-26 00:16:38,672 [INFO] PluginManage:310 - Check plugin rif
2024-12-26 00:16:38,679 [INFO] PluginManage:359 - Loaded plugin rif (category:base,tabindex:3)
2024-12-26 00:16:38,679 [INFO] PluginManage:310 - Check plugin thirdparty
2024-12-26 00:16:38,798 [INFO] PluginManage:359 - Loaded plugin thirdparty (category:base,tabindex:-1)
2024-12-26 00:16:38,798 [WARN] IntegrityCheckThread:84 - waiting for thirdparty lock release [integrity check]
2024-12-26 00:16:38,799 [INFO] PluginManage:310 - Check plugin tools
2024-12-26 00:16:38,799 [INFO] IntegrityCheckThread:86 - entering critical section [integrity check]
2024-12-26 00:16:38,799 [INFO] ThirdPartyUpdaterWithRetryManager:70 - Updater plugin not ready yet. [1/15]
2024-12-26 00:16:38,802 [INFO] PluginManage:359 - Loaded plugin tools (category:base,tabindex:7)
2024-12-26 00:16:38,802 [INFO] PluginManage:310 - Check plugin tutovideos
2024-12-26 00:16:38,957 [INFO] PluginManage:359 - Loaded plugin tutovideos (category:base,tabindex:-1)
2024-12-26 00:16:38,957 [INFO] PluginManage:310 - Check plugin updater
2024-12-26 00:16:38,974 [INFO] PluginManage:359 - Loaded plugin updater (category:base,tabindex:12)
2024-12-26 00:16:38,974 [INFO] PluginManage:310 - Check plugin userauth
2024-12-26 00:16:38,976 [INFO] UserAuth:118 - Init User Auth plugin
2024-12-26 00:16:38,978 [INFO] PluginManage:359 - Loaded plugin userauth (category:base,tabindex:14)
2024-12-26 00:16:38,978 [INFO] PluginManage:283 - PluginManage : Loaded plugins [18]
2024-12-26 00:16:39,128 [INFO] PinOutPanel:1589 - setPackage(No Configuration,No Configuration)
2024-12-26 00:16:39,192 [INFO] CADModel:165 - CPN selected for project level
2024-12-26 00:16:39,193 [INFO] CADModel:114 - Register for checkConnection events
2024-12-26 00:16:39,207 [INFO] IPUIPlugin:80 - create IPUIPlugin
2024-12-26 00:16:39,207 [INFO] PluginManager:220 - loadIPPluginJar : add adc
2024-12-26 00:16:39,210 [INFO] IPUIPlugin:80 - create IPUIPlugin
2024-12-26 00:16:39,211 [INFO] PluginManager:220 - loadIPPluginJar : add aes
2024-12-26 00:16:39,215 [INFO] IPUIPlugin:80 - create IPUIPlugin
2024-12-26 00:16:39,215 [INFO] PluginManager:220 - loadIPPluginJar : add can
2024-12-26 00:16:39,217 [INFO] IPUIPlugin:80 - create IPUIPlugin
2024-12-26 00:16:39,217 [INFO] PluginManager:220 - loadIPPluginJar : add comp
2024-12-26 00:16:39,219 [INFO] IPUIPlugin:80 - create IPUIPlugin
2024-12-26 00:16:39,219 [INFO] PluginManager:220 - loadIPPluginJar : add cryp
2024-12-26 00:16:39,221 [INFO] IPUIPlugin:80 - create IPUIPlugin
2024-12-26 00:16:39,221 [INFO] PluginManager:220 - loadIPPluginJar : add ddr_ctrl_phy
2024-12-26 00:16:39,223 [INFO] IPUIPlugin:80 - create IPUIPlugin
2024-12-26 00:16:39,223 [INFO] PluginManager:220 - loadIPPluginJar : add dfsdm
2024-12-26 00:16:39,227 [INFO] IPUIPlugin:80 - create IPUIPlugin
2024-12-26 00:16:39,228 [INFO] PluginManager:220 - loadIPPluginJar : add dma
2024-12-26 00:16:39,231 [INFO] IPUIPlugin:80 - create IPUIPlugin
2024-12-26 00:16:39,231 [INFO] PluginManager:220 - loadIPPluginJar : add dma3
2024-12-26 00:16:39,234 [INFO] IPUIPlugin:80 - create IPUIPlugin
2024-12-26 00:16:39,234 [INFO] PluginManager:220 - loadIPPluginJar : add extmemmanager
2024-12-26 00:16:39,235 [INFO] IPUIPlugin:80 - create IPUIPlugin
2024-12-26 00:16:39,235 [INFO] PluginManager:220 - loadIPPluginJar : add fatfs
2024-12-26 00:16:39,240 [INFO] IPUIPlugin:80 - create IPUIPlugin
2024-12-26 00:16:39,240 [INFO] PluginManager:220 - loadIPPluginJar : add fmc
2024-12-26 00:16:39,246 [INFO] IPUIPlugin:80 - create IPUIPlugin
2024-12-26 00:16:39,246 [INFO] PluginManager:220 - loadIPPluginJar : add freertos
2024-12-26 00:16:39,247 [INFO] IPUIPlugin:80 - create IPUIPlugin
2024-12-26 00:16:39,247 [INFO] PluginManager:220 - loadIPPluginJar : add genericplugin
2024-12-26 00:16:39,248 [INFO] IPUIPlugin:80 - create IPUIPlugin
2024-12-26 00:16:39,248 [INFO] PluginManager:220 - loadIPPluginJar : add gfxmmu
2024-12-26 00:16:39,252 [INFO] IPUIPlugin:80 - create IPUIPlugin
2024-12-26 00:16:39,252 [INFO] PluginManager:220 - loadIPPluginJar : add gic
2024-12-26 00:16:39,255 [INFO] IPUIPlugin:80 - create IPUIPlugin
2024-12-26 00:16:39,255 [INFO] PluginManager:220 - loadIPPluginJar : add gpio
2024-12-26 00:16:39,256 [INFO] IPUIPlugin:80 - create IPUIPlugin
2024-12-26 00:16:39,256 [INFO] PluginManager:220 - loadIPPluginJar : add gtzc
2024-12-26 00:16:39,258 [INFO] IPUIPlugin:80 - create IPUIPlugin
2024-12-26 00:16:39,258 [INFO] PluginManager:220 - loadIPPluginJar : add hash
2024-12-26 00:16:39,261 [INFO] IPUIPlugin:80 - create IPUIPlugin
2024-12-26 00:16:39,261 [INFO] PluginManager:220 - loadIPPluginJar : add i2c
2024-12-26 00:16:39,262 [INFO] IPUIPlugin:80 - create IPUIPlugin
2024-12-26 00:16:39,262 [INFO] PluginManager:220 - loadIPPluginJar : add i2s
2024-12-26 00:16:39,264 [INFO] IPUIPlugin:80 - create IPUIPlugin
2024-12-26 00:16:39,264 [INFO] PluginManager:220 - loadIPPluginJar : add i3c
2024-12-26 00:16:39,267 [INFO] IPUIPlugin:80 - create IPUIPlugin
2024-12-26 00:16:39,267 [INFO] PluginManager:220 - loadIPPluginJar : add ipddr
2024-12-26 00:16:39,274 [INFO] IPUIPlugin:80 - create IPUIPlugin
2024-12-26 00:16:39,274 [INFO] PluginManager:220 - loadIPPluginJar : add linkedlist
2024-12-26 00:16:39,278 [INFO] IPUIPlugin:80 - create IPUIPlugin
2024-12-26 00:16:39,278 [INFO] PluginManager:220 - loadIPPluginJar : add lorawan
2024-12-26 00:16:39,280 [INFO] IPUIPlugin:80 - create IPUIPlugin
2024-12-26 00:16:39,280 [INFO] PluginManager:220 - loadIPPluginJar : add ltdc
2024-12-26 00:16:39,286 [INFO] IPUIPlugin:80 - create IPUIPlugin
2024-12-26 00:16:39,286 [INFO] PluginManager:220 - loadIPPluginJar : add mdma
2024-12-26 00:16:39,290 [INFO] IPUIPlugin:80 - create IPUIPlugin
2024-12-26 00:16:39,290 [INFO] PluginManager:220 - loadIPPluginJar : add nvic
2024-12-26 00:16:39,292 [INFO] IPUIPlugin:80 - create IPUIPlugin
2024-12-26 00:16:39,292 [INFO] PluginManager:220 - loadIPPluginJar : add opamp
2024-12-26 00:16:39,295 [INFO] IPUIPlugin:80 - create IPUIPlugin
2024-12-26 00:16:39,295 [INFO] PluginManager:220 - loadIPPluginJar : add openamp
2024-12-26 00:16:39,297 [INFO] IPUIPlugin:80 - create IPUIPlugin
2024-12-26 00:16:39,297 [INFO] PluginManager:220 - loadIPPluginJar : add pdm2pcm
2024-12-26 00:16:39,301 [INFO] IPUIPlugin:80 - create IPUIPlugin
2024-12-26 00:16:39,303 [INFO] PluginManager:220 - loadIPPluginJar : add plateformsettings
2024-12-26 00:16:39,304 [INFO] IPUIPlugin:80 - create IPUIPlugin
2024-12-26 00:16:39,304 [INFO] PluginManager:220 - loadIPPluginJar : add quadspi
2024-12-26 00:16:39,306 [INFO] IPUIPlugin:80 - create IPUIPlugin
2024-12-26 00:16:39,307 [INFO] PluginManager:220 - loadIPPluginJar : add radio
2024-12-26 00:16:39,310 [INFO] IPUIPlugin:80 - create IPUIPlugin
2024-12-26 00:16:39,310 [INFO] PluginManager:220 - loadIPPluginJar : add resmgrutility
2024-12-26 00:16:39,312 [INFO] IPUIPlugin:80 - create IPUIPlugin
2024-12-26 00:16:39,312 [INFO] PluginManager:220 - loadIPPluginJar : add sai
2024-12-26 00:16:39,314 [INFO] IPUIPlugin:80 - create IPUIPlugin
2024-12-26 00:16:39,314 [INFO] PluginManager:220 - loadIPPluginJar : add spi
2024-12-26 00:16:39,318 [INFO] IPUIPlugin:80 - create IPUIPlugin
2024-12-26 00:16:39,318 [INFO] PluginManager:220 - loadIPPluginJar : add stm32_wpan
2024-12-26 00:16:39,319 [INFO] IPUIPlugin:80 - create IPUIPlugin
2024-12-26 00:16:39,319 [INFO] PluginManager:220 - loadIPPluginJar : add tim
2024-12-26 00:16:39,323 [INFO] IPUIPlugin:80 - create IPUIPlugin
2024-12-26 00:16:39,323 [INFO] PluginManager:220 - loadIPPluginJar : add touchsensing
2024-12-26 00:16:39,325 [INFO] IPUIPlugin:80 - create IPUIPlugin
2024-12-26 00:16:39,326 [INFO] PluginManager:220 - loadIPPluginJar : add tracer_emb
2024-12-26 00:16:39,327 [INFO] IPUIPlugin:80 - create IPUIPlugin
2024-12-26 00:16:39,327 [INFO] PluginManager:220 - loadIPPluginJar : add ts
2024-12-26 00:16:39,328 [INFO] IPUIPlugin:80 - create IPUIPlugin
2024-12-26 00:16:39,328 [INFO] PluginManager:220 - loadIPPluginJar : add tsc
2024-12-26 00:16:39,330 [INFO] IPUIPlugin:80 - create IPUIPlugin
2024-12-26 00:16:39,330 [INFO] PluginManager:220 - loadIPPluginJar : add ucpd
2024-12-26 00:16:39,333 [INFO] IPUIPlugin:80 - create IPUIPlugin
2024-12-26 00:16:39,333 [INFO] PluginManager:220 - loadIPPluginJar : add usart
2024-12-26 00:16:39,336 [INFO] IPUIPlugin:80 - create IPUIPlugin
2024-12-26 00:16:39,336 [INFO] PluginManager:220 - loadIPPluginJar : add usbx
2024-12-26 00:16:39,451 [FATAL] Updater:351 - Updater called before beeing initialized
2024-12-26 00:16:39,476 [INFO] RulesReader:64 - Compatibility file has been processed (297 Rules)
2024-12-26 00:16:39,488 [INFO] RulesReader:64 - Compatibility file has been processed (297 Rules)
2024-12-26 00:16:39,496 [INFO] CADModel:165 - CPN selected for project level
2024-12-26 00:16:39,496 [INFO] CADModel:114 - Register for checkConnection events
2024-12-26 00:16:39,496 [FATAL] Updater:351 - Updater called before beeing initialized
2024-12-26 00:16:39,496 [ERROR] CADModel:125 - Updater not yet initialized, retry later 
2024-12-26 00:16:39,680 [FATAL] Updater:351 - Updater called before beeing initialized
2024-12-26 00:16:39,683 [INFO] CADModel:165 - CPN selected for project level
2024-12-26 00:16:39,683 [INFO] CADModel:114 - Register for checkConnection events
2024-12-26 00:16:39,683 [FATAL] Updater:351 - Updater called before beeing initialized
2024-12-26 00:16:39,683 [ERROR] CADModel:125 - Updater not yet initialized, retry later 
2024-12-26 00:16:39,688 [FATAL] Updater:351 - Updater called before beeing initialized
2024-12-26 00:16:39,811 [FATAL] Updater:351 - Updater called before beeing initialized
2024-12-26 00:16:39,814 [INFO] DbMcusAds:53 - JSON generation date=Tue Dec 17 19:01:15 TRT 2024 (1734451275196)
2024-12-26 00:16:39,815 [FATAL] Updater:351 - Updater called before beeing initialized
2024-12-26 00:16:39,840 [WARN] DetailPanel:346 - Failed to get advertising image, set to default
2024-12-26 00:16:40,026 [FATAL] Updater:351 - Updater called before beeing initialized
2024-12-26 00:16:40,028 [FATAL] Updater:351 - Updater called before beeing initialized
2024-12-26 00:16:40,028 [FATAL] Updater:351 - Updater called before beeing initialized
2024-12-26 00:16:40,028 [WARN] DetailPanel:346 - Failed to get advertising image, set to default
2024-12-26 00:16:40,029 [FATAL] Updater:351 - Updater called before beeing initialized
2024-12-26 00:16:40,066 [ERROR] Updater:1198 - MainUpdater not yet initialized. External WinMGr cannot be set.
2024-12-26 00:16:40,069 [INFO] Updater:1134 - Updater Version found : 6.13.0
2024-12-26 00:16:40,084 [INFO] ApplicationProperties:184 - Using Application install path: C:\ST\STM32CubeIDE_1.17.0\STM32CubeIDE\plugins\com.st.stm32cube.common.mx_6.13.0.202411220809
2024-12-26 00:16:41,651 [ERROR] LogOutputStream:75 - [STDERR_REDIRECT] Dec 26, 2024 12:16:41 AM java.util.prefs.WindowsPreferences <init>
2024-12-26 00:16:41,652 [ERROR] LogOutputStream:75 - [STDERR_REDIRECT] WARNING: Could not open/create prefs root node Software\JavaSoft\Prefs at root 0xffffffff80000002. Windows RegCreateKeyEx(...) returned error code 5.
2024-12-26 00:16:41,652 [ERROR] LogOutputStream:75 - [STDERR_REDIRECT] 
2024-12-26 00:16:41,800 [INFO] ThirdPartyUpdaterWithRetryManager:70 - Updater plugin not ready yet. [2/15]
2024-12-26 00:16:42,275 [INFO] MainUpdater:2872 - connection check result : 10
2024-12-26 00:16:42,275 [INFO] MainUpdater:289 - Updater Check For Update Now.
2024-12-26 00:16:42,276 [INFO] MicroXplorer:498 - Change Database Version : DB.6.0.130
2024-12-26 00:16:42,282 [INFO] McuFinderGlobals:63 - Set McuFinder mode to 2 (CubeIDE integrated)
2024-12-26 00:16:42,283 [INFO] UserAuth:171 - activating auth plugin
2024-12-26 00:16:42,288 [INFO] UserAuth:486 - Internet connection configuration mode: 1
2024-12-26 00:16:42,329 [INFO] JxBrowserEngine:152 - Initiate JxBrowser Engine with user profile folder
2024-12-26 00:16:42,443 [INFO] CheckServerUpdateThread:120 - End of CheckServer Thread
2024-12-26 00:16:42,943 [INFO] WebApp:168 - Instantiating new browser for Auth
2024-12-26 00:16:43,558 [INFO] WebApp:449 - Apply proxy settings
2024-12-26 00:16:43,558 [INFO] WebApp:534 - Chromium requires no authentication
2024-12-26 00:16:43,567 [INFO] WebApp:477 - Direct internet connection detected
2024-12-26 00:16:43,588 [INFO] WebApp:880 - Register for checkConnection events
2024-12-26 00:16:43,588 [INFO] WebApp:449 - Apply proxy settings
2024-12-26 00:16:43,588 [INFO] WebApp:534 - Chromium requires no authentication
2024-12-26 00:16:43,589 [INFO] WebApp:477 - Direct internet connection detected
2024-12-26 00:16:43,779 [INFO] WebApp:221 - Starting web application
2024-12-26 00:16:43,779 [INFO] WebApp:579 - Web application path used C:\ST\STM32CubeIDE_1.17.0\STM32CubeIDE\plugins\com.st.stm32cube.common.mx_6.13.0.202411220809\db\plugins\mcufinder\reactClient1\index.html
2024-12-26 00:16:43,945 [ERROR] LogOutputStream:75 - [STDERR_REDIRECT] [Fatal Error] :1:1: Premature end of file.
2024-12-26 00:16:43,945 [ERROR] LogOutputStream:75 - [STDERR_REDIRECT] 
2024-12-26 00:16:44,422 [INFO] WebApp:187 - Connection restablished
2024-12-26 00:16:44,941 [ERROR] LogOutputStream:75 - [STDERR_REDIRECT] [Fatal Error] :1:1: Premature end of file.
2024-12-26 00:16:44,941 [ERROR] LogOutputStream:75 - [STDERR_REDIRECT] 
2024-12-26 00:16:44,969 [WARN] PackLoader:240 - Cannot read IP mode file for STMicroelectronics.FP-SNS-MOTENVWB1.1.4.0
2024-12-26 00:16:44,977 [WARN] PackLoader:240 - Cannot read IP mode file for STMicroelectronics.FP-ATR-ASTRA1.2.0.1
2024-12-26 00:16:44,988 [WARN] PackLoader:240 - Cannot read IP mode file for STMicroelectronics.X-CUBE-SMBUS.2.1.0
2024-12-26 00:16:44,995 [WARN] PackLoader:240 - Cannot read IP mode file for STMicroelectronics.X-CUBE-WB05N.1.1.0
2024-12-26 00:16:45,023 [WARN] PackLoader:240 - Cannot read IP mode file for STMicroelectronics.X-CUBE-AZRTOS-F7.1.1.0
2024-12-26 00:16:45,072 [WARN] PackLoader:240 - Cannot read IP mode file for STMicroelectronics.X-CUBE-MEMS1.11.0.0
2024-12-26 00:16:45,183 [WARN] PackLoader:240 - Cannot read IP mode file for STMicroelectronics.FP-SNS-FLIGHT1.5.0.2
2024-12-26 00:16:45,229 [WARN] PackLoader:240 - Cannot read IP mode file for Infineon.AIROC-Wi-Fi-Bluetooth-STM32.1.7.0
2024-12-26 00:16:45,246 [WARN] PackLoader:240 - Cannot read IP mode file for STMicroelectronics.X-CUBE-DISPLAY.3.0.0
2024-12-26 00:16:45,254 [WARN] PackLoader:240 - Cannot read IP mode file for STMicroelectronics.X-CUBE-BLE1.7.0.0
2024-12-26 00:16:45,258 [WARN] PackLoader:240 - Cannot read IP mode file for STMicroelectronics.X-CUBE-NFC10.1.0.0
2024-12-26 00:16:45,265 [WARN] PackLoader:240 - Cannot read IP mode file for STMicroelectronics.X-CUBE-BLEMGR.4.0.0
2024-12-26 00:16:45,272 [WARN] PackLoader:240 - Cannot read IP mode file for emotas.I-CUBE-CANOPEN.1.3.0
2024-12-26 00:16:45,278 [WARN] PackLoader:240 - Cannot read IP mode file for STMicroelectronics.FP-SNS-SMARTAG2.1.2.0
2024-12-26 00:16:45,308 [WARN] PackLoader:240 - Cannot read IP mode file for STMicroelectronics.X-CUBE-MEMS1.11.1.0
2024-12-26 00:16:45,401 [INFO] LogOutputStream:77 - [STDOUT_REDIRECT] 1 : Invalid condition id : UX_CORESTACK_Condition cause : null
2024-12-26 00:16:45,402 [INFO] LogOutputStream:77 - [STDOUT_REDIRECT] 1 : Invalid condition id : UX_CORESTACK_Condition cause : null
2024-12-26 00:16:45,404 [INFO] LogOutputStream:77 - [STDOUT_REDIRECT] 1 : Invalid condition id : UX_CORESTACK_Condition cause : null
2024-12-26 00:16:45,406 [INFO] LogOutputStream:77 - [STDOUT_REDIRECT] 1 : Invalid condition id : UX_CORESTACK_Condition cause : null
2024-12-26 00:16:45,408 [INFO] LogOutputStream:77 - [STDOUT_REDIRECT] 1 : Invalid condition id : UX_CORESTACK_Condition cause : null
2024-12-26 00:16:45,410 [WARN] PackLoader:240 - Cannot read IP mode file for STMicroelectronics.X-CUBE-AZRTOS-WL.2.0.0
2024-12-26 00:16:45,413 [WARN] PackLoader:240 - Cannot read IP mode file for STMicroelectronics.FP-SNS-MOTENV1.5.0.0
2024-12-26 00:16:45,420 [WARN] PackLoader:240 - Cannot read IP mode file for wolfSSL.I-CUBE-wolfMQTT.1.19.0
2024-12-26 00:16:45,430 [WARN] PackLoader:240 - Cannot read IP mode file for WES.I-CUBE-Cesium.1.3.0
2024-12-26 00:16:45,434 [WARN] PackLoader:240 - Cannot read IP mode file for STMicroelectronics.X-CUBE-BLE2.3.3.0
2024-12-26 00:16:45,441 [WARN] PackLoader:240 - Cannot read IP mode file for STMicroelectronics.X-CUBE-NFC9.1.0.0
2024-12-26 00:16:45,449 [WARN] PackLoader:240 - Cannot read IP mode file for STMicroelectronics.X-CUBE-AZRTOS-G0.1.1.0
2024-12-26 00:16:45,455 [WARN] PackLoader:240 - Cannot read IP mode file for STMicroelectronics.X-CUBE-SAFEA1.1.2.2
2024-12-26 00:16:45,460 [WARN] PackLoader:240 - Cannot read IP mode file for STMicroelectronics.X-CUBE-NFC4.3.0.0
2024-12-26 00:16:45,470 [WARN] PackLoader:240 - Cannot read IP mode file for EmbeddedOffice.I-CUBE-FS-RTOS.1.0.1
2024-12-26 00:16:45,477 [WARN] PackLoader:240 - Cannot read IP mode file for STMicroelectronics.X-CUBE-TCPP.4.2.0
2024-12-26 00:16:45,485 [WARN] PackLoader:240 - Cannot read IP mode file for RealThread.X-CUBE-RT-Thread_Nano.4.1.1
2024-12-26 00:16:45,489 [WARN] PackLoader:240 - Cannot read IP mode file for STMicroelectronics.FP-ATR-SIGFOX1.3.2.0
2024-12-26 00:16:45,495 [WARN] ConditionMgr:438 - getConditionDescription Invalid condition id : Cortex-A Device cause : null
2024-12-26 00:16:45,526 [WARN] ConditionMgr:1044 - genDependencies : Invalid condition id : Cortex-A Device cause : null
2024-12-26 00:16:45,526 [WARN] ConditionMgr:1044 - genDependencies : Invalid condition id : Cortex-A Device cause : null
2024-12-26 00:16:45,526 [WARN] ConditionMgr:1044 - genDependencies : Invalid condition id : Cortex-A Device cause : null
2024-12-26 00:16:45,531 [WARN] PackLoader:240 - Cannot read IP mode file for STMicroelectronics.X-CUBE-EEPRMA1.5.1.0
2024-12-26 00:16:45,535 [WARN] PackLoader:240 - Cannot read IP mode file for wolfSSL.I-CUBE-wolfSSL.5.7.4
2024-12-26 00:16:45,540 [WARN] PackLoader:240 - Cannot read IP mode file for ITTIA_DB.I-CUBE-ITTIADB.8.9.0
2024-12-26 00:16:45,563 [WARN] PackLoader:240 - Cannot read IP mode file for SEGGER.I-CUBE-embOS.1.3.1
2024-12-26 00:16:45,598 [WARN] PackLoader:240 - Cannot read IP mode file for STMicroelectronics.X-CUBE-ALGOBUILD.1.4.0
2024-12-26 00:16:45,602 [WARN] PackLoader:240 - Cannot read IP mode file for STMicroelectronics.X-CUBE-AI.9.1.0
2024-12-26 00:16:45,613 [WARN] PackLoader:240 - Cannot read IP mode file for STMicroelectronics.X-CUBE-AZRTOS-F4.1.1.0
2024-12-26 00:16:45,622 [WARN] PackLoader:240 - Cannot read IP mode file for STMicroelectronics.X-CUBE-ISPU.2.1.0
2024-12-26 00:16:45,636 [WARN] PackLoader:240 - Cannot read IP mode file for STMicroelectronics.X-CUBE-AZRTOS-L5.2.0.0
2024-12-26 00:16:45,645 [WARN] PackLoader:240 - Cannot read IP mode file for STMicroelectronics.X-CUBE-NFC6.3.1.0
2024-12-26 00:16:45,651 [WARN] PackLoader:240 - Cannot read IP mode file for STMicroelectronics.X-CUBE-DPower.1.2.0
2024-12-26 00:16:45,655 [WARN] PackLoader:240 - Cannot read IP mode file for STMicroelectronics.X-CUBE-FREERTOS.1.3.0
2024-12-26 00:16:45,659 [WARN] PackLoader:240 - Cannot read IP mode file for STMicroelectronics.X-CUBE-NFC7.1.0.1
2024-12-26 00:16:45,671 [WARN] ConditionMgr:438 - getConditionDescription Invalid condition id : LAN8742 Phy interface Condition cause : null
2024-12-26 00:16:45,673 [WARN] PackLoader:240 - Cannot read IP mode file for STMicroelectronics.X-CUBE-AZRTOS-L4.2.0.0
2024-12-26 00:16:45,673 [WARN] ConditionMgr:1044 - genDependencies : Invalid condition id : LAN8742 Phy interface Condition cause : null
2024-12-26 00:16:45,674 [WARN] ConditionMgr:1044 - genDependencies : Invalid condition id : LAN8742 Phy interface Condition cause : null
2024-12-26 00:16:45,674 [WARN] ConditionMgr:1044 - genDependencies : Invalid condition id : LAN8742 Phy interface Condition cause : null
2024-12-26 00:16:45,679 [WARN] PackLoader:240 - Cannot read IP mode file for STMicroelectronics.X-CUBE-SFXS2LP1.4.0.0
2024-12-26 00:16:45,693 [WARN] PackLoader:240 - Cannot read IP mode file for STMicroelectronics.X-CUBE-AZRTOS-H7.3.3.0
2024-12-26 00:16:45,705 [WARN] PackLoader:240 - Cannot read IP mode file for STMicroelectronics.X-CUBE-IPS.3.0.0
2024-12-26 00:16:45,715 [WARN] ConditionMgr:438 - getConditionDescription Invalid condition id : UX DEVICE CLASS RTOS Condition cause : null
2024-12-26 00:16:45,716 [WARN] ConditionMgr:438 - getConditionDescription Invalid condition id : UX DEVICE CLASS RTOS Condition cause : null
2024-12-26 00:16:45,717 [WARN] PackLoader:240 - Cannot read IP mode file for STMicroelectronics.X-CUBE-AZRTOS-WB.2.0.0
2024-12-26 00:16:45,717 [WARN] ConditionMgr:1044 - genDependencies : Invalid condition id : UX DEVICE CLASS RTOS Condition cause : null
2024-12-26 00:16:45,717 [WARN] ConditionMgr:1044 - genDependencies : Invalid condition id : UX DEVICE CLASS RTOS Condition cause : null
2024-12-26 00:16:45,717 [WARN] ConditionMgr:1044 - genDependencies : Invalid condition id : UX DEVICE CLASS RTOS Condition cause : null
2024-12-26 00:16:45,718 [WARN] ConditionMgr:1044 - genDependencies : Invalid condition id : UX DEVICE CLASS RTOS Condition cause : null
2024-12-26 00:16:45,718 [WARN] ConditionMgr:1044 - genDependencies : Invalid condition id : UX DEVICE CLASS RTOS Condition cause : null
2024-12-26 00:16:45,723 [WARN] PackLoader:240 - Cannot read IP mode file for STMicroelectronics.X-CUBE-GNSS1.7.0.0
2024-12-26 00:16:45,728 [WARN] PackLoader:240 - Cannot read IP mode file for STMicroelectronics.X-CUBE-GNSS1.7.0.1
2024-12-26 00:16:45,734 [WARN] PackLoader:240 - Cannot read IP mode file for STMicroelectronics.FP-SNS-STBOX1.2.0.0
2024-12-26 00:16:45,744 [WARN] PackLoader:240 - Cannot read IP mode file for STMicroelectronics.X-CUBE-SUBG2.5.0.0
2024-12-26 00:16:45,751 [WARN] PackLoader:240 - Cannot read IP mode file for Cesanta.I-CUBE-Mongoose.7.13.0
2024-12-26 00:16:45,760 [WARN] PackLoader:240 - Cannot read IP mode file for STMicroelectronics.X-CUBE-AZRTOS-G4.2.0.0
2024-12-26 00:16:45,765 [WARN] PackLoader:240 - Cannot read IP mode file for STMicroelectronics.X-CUBE-ALS.1.0.2
2024-12-26 00:16:45,774 [WARN] PackLoader:240 - Cannot read IP mode file for STMicroelectronics.X-CUBE-TOUCHGFX.4.24.1
2024-12-26 00:16:45,777 [WARN] PackLoader:240 - Cannot read IP mode file for wolfSSL.I-CUBE-wolfTPM.3.4.0
2024-12-26 00:16:45,781 [WARN] PackLoader:240 - Cannot read IP mode file for portGmbH.I-Cube-SoM-uGOAL.1.1.0
2024-12-26 00:16:45,800 [WARN] PackLoader:240 - Cannot read IP mode file for STMicroelectronics.X-CUBE-AZRTOS-H7RS.1.0.0
2024-12-26 00:16:45,810 [WARN] PackLoader:240 - Cannot read IP mode file for STMicroelectronics.X-CUBE-TOF1.3.4.2
2024-12-26 00:16:45,823 [WARN] PackLoader:240 - Cannot read IP mode file for wolfSSL.I-CUBE-wolfSSH.1.4.17
2024-12-26 00:16:45,824 [INFO] ThirdParty:978 - Integrity check success = true
2024-12-26 00:16:45,824 [INFO] IntegrityCheckThread:100 - exiting critical section [integrity check]
2024-12-26 00:16:45,824 [INFO] IntegrityCheckThread:103 - End integrity checks thread
2024-12-26 00:16:45,938 [ERROR] LogOutputStream:75 - [STDERR_REDIRECT] [Fatal Error] :1:1: Premature end of file.
2024-12-26 00:16:45,938 [ERROR] LogOutputStream:75 - [STDERR_REDIRECT] 
2024-12-26 00:16:46,929 [ERROR] LogOutputStream:75 - [STDERR_REDIRECT] [Fatal Error] :1:1: Premature end of file.
2024-12-26 00:16:46,929 [ERROR] LogOutputStream:75 - [STDERR_REDIRECT] 
2024-12-26 00:16:47,928 [ERROR] LogOutputStream:75 - [STDERR_REDIRECT] [Fatal Error] :1:1: Premature end of file.
2024-12-26 00:16:47,928 [ERROR] LogOutputStream:75 - [STDERR_REDIRECT] 
2024-12-26 00:16:48,926 [ERROR] LogOutputStream:75 - [STDERR_REDIRECT] [Fatal Error] :1:1: Premature end of file.
2024-12-26 00:16:48,926 [ERROR] LogOutputStream:75 - [STDERR_REDIRECT] 
2024-12-26 00:16:49,928 [ERROR] LogOutputStream:75 - [STDERR_REDIRECT] [Fatal Error] :1:1: Premature end of file.
2024-12-26 00:16:49,929 [ERROR] LogOutputStream:75 - [STDERR_REDIRECT] 
2024-12-26 00:16:50,927 [ERROR] LogOutputStream:75 - [STDERR_REDIRECT] [Fatal Error] :1:1: Premature end of file.
2024-12-26 00:16:50,927 [ERROR] LogOutputStream:75 - [STDERR_REDIRECT] 
2024-12-26 00:16:51,927 [ERROR] LogOutputStream:75 - [STDERR_REDIRECT] [Fatal Error] :1:1: Premature end of file.
2024-12-26 00:16:51,928 [ERROR] LogOutputStream:75 - [STDERR_REDIRECT] 
2024-12-26 00:16:52,930 [ERROR] LogOutputStream:75 - [STDERR_REDIRECT] [Fatal Error] :1:1: Premature end of file.
2024-12-26 00:16:52,930 [ERROR] LogOutputStream:75 - [STDERR_REDIRECT] 
2024-12-26 00:16:53,931 [ERROR] LogOutputStream:75 - [STDERR_REDIRECT] [Fatal Error] :1:1: Premature end of file.
2024-12-26 00:16:53,931 [ERROR] LogOutputStream:75 - [STDERR_REDIRECT] 
2024-12-26 00:16:54,929 [ERROR] LogOutputStream:75 - [STDERR_REDIRECT] [Fatal Error] :1:1: Premature end of file.
2024-12-26 00:16:54,929 [ERROR] LogOutputStream:75 - [STDERR_REDIRECT] 
2024-12-26 00:16:55,930 [ERROR] LogOutputStream:75 - [STDERR_REDIRECT] [Fatal Error] :1:1: Premature end of file.
2024-12-26 00:16:55,930 [ERROR] LogOutputStream:75 - [STDERR_REDIRECT] 
2024-12-26 00:16:56,929 [ERROR] LogOutputStream:75 - [STDERR_REDIRECT] [Fatal Error] :1:1: Premature end of file.
2024-12-26 00:16:56,930 [ERROR] LogOutputStream:75 - [STDERR_REDIRECT] 
2024-12-26 00:16:57,927 [ERROR] LogOutputStream:75 - [STDERR_REDIRECT] [Fatal Error] :1:1: Premature end of file.
2024-12-26 00:16:57,927 [ERROR] LogOutputStream:75 - [STDERR_REDIRECT] 
2024-12-26 00:16:58,929 [ERROR] LogOutputStream:75 - [STDERR_REDIRECT] [Fatal Error] :1:1: Premature end of file.
2024-12-26 00:16:58,929 [ERROR] LogOutputStream:75 - [STDERR_REDIRECT] 
2024-12-26 00:16:59,930 [ERROR] LogOutputStream:75 - [STDERR_REDIRECT] [Fatal Error] :1:1: Premature end of file.
2024-12-26 00:16:59,930 [ERROR] LogOutputStream:75 - [STDERR_REDIRECT] 
2024-12-26 00:17:00,929 [ERROR] LogOutputStream:75 - [STDERR_REDIRECT] [Fatal Error] :1:1: Premature end of file.
2024-12-26 00:17:00,929 [ERROR] LogOutputStream:75 - [STDERR_REDIRECT] 
2024-12-26 00:17:01,928 [ERROR] LogOutputStream:75 - [STDERR_REDIRECT] [Fatal Error] :1:1: Premature end of file.
2024-12-26 00:17:01,928 [ERROR] LogOutputStream:75 - [STDERR_REDIRECT] 
2024-12-26 00:17:02,928 [ERROR] LogOutputStream:75 - [STDERR_REDIRECT] [Fatal Error] :1:1: Premature end of file.
2024-12-26 00:17:02,928 [ERROR] LogOutputStream:75 - [STDERR_REDIRECT] 
2024-12-26 00:17:03,927 [ERROR] LogOutputStream:75 - [STDERR_REDIRECT] [Fatal Error] :1:1: Premature end of file.
2024-12-26 00:17:03,927 [ERROR] LogOutputStream:75 - [STDERR_REDIRECT] 
2024-12-26 00:17:04,928 [ERROR] LogOutputStream:75 - [STDERR_REDIRECT] [Fatal Error] :1:1: Premature end of file.
2024-12-26 00:17:04,928 [ERROR] LogOutputStream:75 - [STDERR_REDIRECT] 
2024-12-26 00:17:05,929 [ERROR] LogOutputStream:75 - [STDERR_REDIRECT] [Fatal Error] :1:1: Premature end of file.
2024-12-26 00:17:05,929 [ERROR] LogOutputStream:75 - [STDERR_REDIRECT] 
2024-12-26 00:17:06,929 [ERROR] LogOutputStream:75 - [STDERR_REDIRECT] [Fatal Error] :1:1: Premature end of file.
2024-12-26 00:17:06,930 [ERROR] LogOutputStream:75 - [STDERR_REDIRECT] 
2024-12-26 00:17:07,929 [ERROR] LogOutputStream:75 - [STDERR_REDIRECT] [Fatal Error] :1:1: Premature end of file.
2024-12-26 00:17:07,929 [ERROR] LogOutputStream:75 - [STDERR_REDIRECT] 
2024-12-26 00:17:08,927 [ERROR] LogOutputStream:75 - [STDERR_REDIRECT] [Fatal Error] :1:1: Premature end of file.
2024-12-26 00:17:08,927 [ERROR] LogOutputStream:75 - [STDERR_REDIRECT] 
2024-12-26 00:17:09,927 [ERROR] LogOutputStream:75 - [STDERR_REDIRECT] [Fatal Error] :1:1: Premature end of file.
2024-12-26 00:17:09,927 [ERROR] LogOutputStream:75 - [STDERR_REDIRECT] 
2024-12-26 00:17:10,929 [ERROR] LogOutputStream:75 - [STDERR_REDIRECT] [Fatal Error] :1:1: Premature end of file.
2024-12-26 00:17:10,929 [ERROR] LogOutputStream:75 - [STDERR_REDIRECT] 
2024-12-26 00:17:11,927 [ERROR] LogOutputStream:75 - [STDERR_REDIRECT] [Fatal Error] :1:1: Premature end of file.
2024-12-26 00:17:11,928 [ERROR] LogOutputStream:75 - [STDERR_REDIRECT] 
2024-12-26 00:17:12,926 [ERROR] LogOutputStream:75 - [STDERR_REDIRECT] [Fatal Error] :1:1: Premature end of file.
2024-12-26 00:17:12,927 [ERROR] LogOutputStream:75 - [STDERR_REDIRECT] 
2024-12-26 00:17:13,930 [ERROR] LogOutputStream:75 - [STDERR_REDIRECT] [Fatal Error] :1:1: Premature end of file.
2024-12-26 00:17:13,931 [ERROR] LogOutputStream:75 - [STDERR_REDIRECT] 
2024-12-26 00:17:14,928 [ERROR] LogOutputStream:75 - [STDERR_REDIRECT] [Fatal Error] :1:1: Premature end of file.
2024-12-26 00:17:14,929 [ERROR] LogOutputStream:75 - [STDERR_REDIRECT] 
2024-12-26 00:17:15,928 [ERROR] LogOutputStream:75 - [STDERR_REDIRECT] [Fatal Error] :1:1: Premature end of file.
2024-12-26 00:17:15,928 [ERROR] LogOutputStream:75 - [STDERR_REDIRECT] 
2024-12-26 00:17:16,931 [ERROR] LogOutputStream:75 - [STDERR_REDIRECT] [Fatal Error] :1:1: Premature end of file.
2024-12-26 00:17:16,932 [ERROR] LogOutputStream:75 - [STDERR_REDIRECT] 
2024-12-26 00:17:17,933 [ERROR] LogOutputStream:75 - [STDERR_REDIRECT] [Fatal Error] :1:1: Premature end of file.
2024-12-26 00:17:17,934 [ERROR] LogOutputStream:75 - [STDERR_REDIRECT] 
2024-12-26 00:17:18,934 [ERROR] LogOutputStream:75 - [STDERR_REDIRECT] [Fatal Error] :1:1: Premature end of file.
2024-12-26 00:17:18,935 [ERROR] LogOutputStream:75 - [STDERR_REDIRECT] 
2024-12-26 00:17:19,929 [ERROR] LogOutputStream:75 - [STDERR_REDIRECT] [Fatal Error] :1:1: Premature end of file.
2024-12-26 00:17:19,929 [ERROR] LogOutputStream:75 - [STDERR_REDIRECT] 
2024-12-26 00:17:20,927 [ERROR] LogOutputStream:75 - [STDERR_REDIRECT] [Fatal Error] :1:1: Premature end of file.
2024-12-26 00:17:20,927 [ERROR] LogOutputStream:75 - [STDERR_REDIRECT] 
2024-12-26 00:17:21,928 [ERROR] LogOutputStream:75 - [STDERR_REDIRECT] [Fatal Error] :1:1: Premature end of file.
2024-12-26 00:17:21,928 [ERROR] LogOutputStream:75 - [STDERR_REDIRECT] 
2024-12-26 00:17:22,927 [ERROR] LogOutputStream:75 - [STDERR_REDIRECT] [Fatal Error] :1:1: Premature end of file.
2024-12-26 00:17:22,927 [ERROR] LogOutputStream:75 - [STDERR_REDIRECT] 
2024-12-26 00:17:23,927 [ERROR] LogOutputStream:75 - [STDERR_REDIRECT] [Fatal Error] :1:1: Premature end of file.
2024-12-26 00:17:23,927 [ERROR] LogOutputStream:75 - [STDERR_REDIRECT] 
2024-12-26 00:17:24,926 [ERROR] LogOutputStream:75 - [STDERR_REDIRECT] [Fatal Error] :1:1: Premature end of file.
2024-12-26 00:17:24,927 [ERROR] LogOutputStream:75 - [STDERR_REDIRECT] 
2024-12-26 00:17:25,938 [ERROR] LogOutputStream:75 - [STDERR_REDIRECT] [Fatal Error] :1:1: Premature end of file.
2024-12-26 00:17:25,938 [ERROR] LogOutputStream:75 - [STDERR_REDIRECT] 
2024-12-26 00:17:26,930 [ERROR] LogOutputStream:75 - [STDERR_REDIRECT] [Fatal Error] :1:1: Premature end of file.
2024-12-26 00:17:26,930 [ERROR] LogOutputStream:75 - [STDERR_REDIRECT] 
2024-12-26 00:17:27,927 [ERROR] LogOutputStream:75 - [STDERR_REDIRECT] [Fatal Error] :1:1: Premature end of file.
2024-12-26 00:17:27,927 [ERROR] LogOutputStream:75 - [STDERR_REDIRECT] 
2024-12-26 00:17:28,926 [ERROR] LogOutputStream:75 - [STDERR_REDIRECT] [Fatal Error] :1:1: Premature end of file.
2024-12-26 00:17:28,927 [ERROR] LogOutputStream:75 - [STDERR_REDIRECT] 
2024-12-26 00:17:29,927 [ERROR] LogOutputStream:75 - [STDERR_REDIRECT] [Fatal Error] :1:1: Premature end of file.
2024-12-26 00:17:29,927 [ERROR] LogOutputStream:75 - [STDERR_REDIRECT] 
2024-12-26 00:17:30,927 [ERROR] LogOutputStream:75 - [STDERR_REDIRECT] [Fatal Error] :1:1: Premature end of file.
2024-12-26 00:17:30,928 [ERROR] LogOutputStream:75 - [STDERR_REDIRECT] 
2024-12-26 00:17:31,929 [ERROR] LogOutputStream:75 - [STDERR_REDIRECT] [Fatal Error] :1:1: Premature end of file.
2024-12-26 00:17:31,929 [ERROR] LogOutputStream:75 - [STDERR_REDIRECT] 
2024-12-26 00:17:32,933 [ERROR] LogOutputStream:75 - [STDERR_REDIRECT] [Fatal Error] :1:1: Premature end of file.
2024-12-26 00:17:32,933 [ERROR] LogOutputStream:75 - [STDERR_REDIRECT] 
2024-12-26 00:17:33,940 [ERROR] LogOutputStream:75 - [STDERR_REDIRECT] [Fatal Error] :1:1: Premature end of file.
2024-12-26 00:17:33,940 [ERROR] LogOutputStream:75 - [STDERR_REDIRECT] 
2024-12-26 00:17:34,928 [ERROR] LogOutputStream:75 - [STDERR_REDIRECT] [Fatal Error] :1:1: Premature end of file.
2024-12-26 00:17:34,928 [ERROR] LogOutputStream:75 - [STDERR_REDIRECT] 
2024-12-26 00:17:35,928 [ERROR] LogOutputStream:75 - [STDERR_REDIRECT] [Fatal Error] :1:1: Premature end of file.
2024-12-26 00:17:35,928 [ERROR] LogOutputStream:75 - [STDERR_REDIRECT] 
2024-12-26 00:17:36,943 [ERROR] LogOutputStream:75 - [STDERR_REDIRECT] [Fatal Error] :1:1: Premature end of file.
2024-12-26 00:17:36,943 [ERROR] LogOutputStream:75 - [STDERR_REDIRECT] 
2024-12-26 00:17:37,927 [ERROR] LogOutputStream:75 - [STDERR_REDIRECT] [Fatal Error] :1:1: Premature end of file.
2024-12-26 00:17:37,927 [ERROR] LogOutputStream:75 - [STDERR_REDIRECT] 
2024-12-26 00:17:38,929 [ERROR] LogOutputStream:75 - [STDERR_REDIRECT] [Fatal Error] :1:1: Premature end of file.
2024-12-26 00:17:38,929 [ERROR] LogOutputStream:75 - [STDERR_REDIRECT] 
2024-12-26 00:17:39,928 [ERROR] LogOutputStream:75 - [STDERR_REDIRECT] [Fatal Error] :1:1: Premature end of file.
2024-12-26 00:17:39,928 [ERROR] LogOutputStream:75 - [STDERR_REDIRECT] 
2024-12-26 00:17:40,929 [ERROR] LogOutputStream:75 - [STDERR_REDIRECT] [Fatal Error] :1:1: Premature end of file.
2024-12-26 00:17:40,929 [ERROR] LogOutputStream:75 - [STDERR_REDIRECT] 
2024-12-26 00:17:41,926 [ERROR] LogOutputStream:75 - [STDERR_REDIRECT] [Fatal Error] :1:1: Premature end of file.
2024-12-26 00:17:41,926 [ERROR] LogOutputStream:75 - [STDERR_REDIRECT] 
2024-12-26 00:17:42,927 [ERROR] LogOutputStream:75 - [STDERR_REDIRECT] [Fatal Error] :1:1: Premature end of file.
2024-12-26 00:17:42,927 [ERROR] LogOutputStream:75 - [STDERR_REDIRECT] 
2024-12-26 00:17:43,926 [ERROR] LogOutputStream:75 - [STDERR_REDIRECT] [Fatal Error] :1:1: Premature end of file.
2024-12-26 00:17:43,927 [ERROR] LogOutputStream:75 - [STDERR_REDIRECT] 
2024-12-26 00:17:44,929 [ERROR] LogOutputStream:75 - [STDERR_REDIRECT] [Fatal Error] :1:1: Premature end of file.
2024-12-26 00:17:44,929 [ERROR] LogOutputStream:75 - [STDERR_REDIRECT] 
2024-12-26 00:17:45,926 [ERROR] LogOutputStream:75 - [STDERR_REDIRECT] [Fatal Error] :1:1: Premature end of file.
2024-12-26 00:17:45,927 [ERROR] LogOutputStream:75 - [STDERR_REDIRECT] 
2024-12-26 00:17:46,929 [ERROR] LogOutputStream:75 - [STDERR_REDIRECT] [Fatal Error] :1:1: Premature end of file.
2024-12-26 00:17:46,929 [ERROR] LogOutputStream:75 - [STDERR_REDIRECT] 
2024-12-26 00:17:47,926 [ERROR] LogOutputStream:75 - [STDERR_REDIRECT] [Fatal Error] :1:1: Premature end of file.
2024-12-26 00:17:47,926 [ERROR] LogOutputStream:75 - [STDERR_REDIRECT] 
2024-12-26 00:17:48,927 [ERROR] LogOutputStream:75 - [STDERR_REDIRECT] [Fatal Error] :1:1: Premature end of file.
2024-12-26 00:17:48,927 [ERROR] LogOutputStream:75 - [STDERR_REDIRECT] 
2024-12-26 00:17:49,927 [ERROR] LogOutputStream:75 - [STDERR_REDIRECT] [Fatal Error] :1:1: Premature end of file.
2024-12-26 00:17:49,927 [ERROR] LogOutputStream:75 - [STDERR_REDIRECT] 
2024-12-26 00:17:50,929 [ERROR] LogOutputStream:75 - [STDERR_REDIRECT] [Fatal Error] :1:1: Premature end of file.
2024-12-26 00:17:50,929 [ERROR] LogOutputStream:75 - [STDERR_REDIRECT] 
2024-12-26 00:17:51,929 [ERROR] LogOutputStream:75 - [STDERR_REDIRECT] [Fatal Error] :1:1: Premature end of file.
2024-12-26 00:17:51,929 [ERROR] LogOutputStream:75 - [STDERR_REDIRECT] 
2024-12-26 00:17:52,926 [ERROR] LogOutputStream:75 - [STDERR_REDIRECT] [Fatal Error] :1:1: Premature end of file.
2024-12-26 00:17:52,926 [ERROR] LogOutputStream:75 - [STDERR_REDIRECT] 
2024-12-26 00:17:53,927 [ERROR] LogOutputStream:75 - [STDERR_REDIRECT] [Fatal Error] :1:1: Premature end of file.
2024-12-26 00:17:53,927 [ERROR] LogOutputStream:75 - [STDERR_REDIRECT] 
2024-12-26 00:17:54,930 [ERROR] LogOutputStream:75 - [STDERR_REDIRECT] [Fatal Error] :1:1: Premature end of file.
2024-12-26 00:17:54,930 [ERROR] LogOutputStream:75 - [STDERR_REDIRECT] 
2024-12-26 00:17:55,925 [ERROR] LogOutputStream:75 - [STDERR_REDIRECT] [Fatal Error] :1:1: Premature end of file.
2024-12-26 00:17:55,925 [ERROR] LogOutputStream:75 - [STDERR_REDIRECT] 
2024-12-26 00:17:56,928 [ERROR] LogOutputStream:75 - [STDERR_REDIRECT] [Fatal Error] :1:1: Premature end of file.
2024-12-26 00:17:56,928 [ERROR] LogOutputStream:75 - [STDERR_REDIRECT] 
2024-12-26 00:17:57,927 [ERROR] LogOutputStream:75 - [STDERR_REDIRECT] [Fatal Error] :1:1: Premature end of file.
2024-12-26 00:17:57,927 [ERROR] LogOutputStream:75 - [STDERR_REDIRECT] 
2024-12-26 00:17:58,926 [ERROR] LogOutputStream:75 - [STDERR_REDIRECT] [Fatal Error] :1:1: Premature end of file.
2024-12-26 00:17:58,926 [ERROR] LogOutputStream:75 - [STDERR_REDIRECT] 
2024-12-26 00:17:59,927 [ERROR] LogOutputStream:75 - [STDERR_REDIRECT] [Fatal Error] :1:1: Premature end of file.
2024-12-26 00:17:59,927 [ERROR] LogOutputStream:75 - [STDERR_REDIRECT] 
2024-12-26 00:18:00,928 [ERROR] LogOutputStream:75 - [STDERR_REDIRECT] [Fatal Error] :1:1: Premature end of file.
2024-12-26 00:18:00,928 [ERROR] LogOutputStream:75 - [STDERR_REDIRECT] 
2024-12-26 00:18:01,929 [ERROR] LogOutputStream:75 - [STDERR_REDIRECT] [Fatal Error] :1:1: Premature end of file.
2024-12-26 00:18:01,929 [ERROR] LogOutputStream:75 - [STDERR_REDIRECT] 
2024-12-26 00:18:02,928 [ERROR] LogOutputStream:75 - [STDERR_REDIRECT] [Fatal Error] :1:1: Premature end of file.
2024-12-26 00:18:02,928 [ERROR] LogOutputStream:75 - [STDERR_REDIRECT] 
2024-12-26 00:18:03,933 [ERROR] LogOutputStream:75 - [STDERR_REDIRECT] [Fatal Error] :1:1: Premature end of file.
2024-12-26 00:18:03,933 [ERROR] LogOutputStream:75 - [STDERR_REDIRECT] 
2024-12-26 00:18:04,929 [ERROR] LogOutputStream:75 - [STDERR_REDIRECT] [Fatal Error] :1:1: Premature end of file.
2024-12-26 00:18:04,929 [ERROR] LogOutputStream:75 - [STDERR_REDIRECT] 
2024-12-26 00:18:05,928 [ERROR] LogOutputStream:75 - [STDERR_REDIRECT] [Fatal Error] :1:1: Premature end of file.
2024-12-26 00:18:05,928 [ERROR] LogOutputStream:75 - [STDERR_REDIRECT] 
2024-12-26 00:18:06,927 [ERROR] LogOutputStream:75 - [STDERR_REDIRECT] [Fatal Error] :1:1: Premature end of file.
2024-12-26 00:18:06,927 [ERROR] LogOutputStream:75 - [STDERR_REDIRECT] 
2024-12-26 00:18:07,926 [ERROR] LogOutputStream:75 - [STDERR_REDIRECT] [Fatal Error] :1:1: Premature end of file.
2024-12-26 00:18:07,926 [ERROR] LogOutputStream:75 - [STDERR_REDIRECT] 
2024-12-26 00:18:08,930 [ERROR] LogOutputStream:75 - [STDERR_REDIRECT] [Fatal Error] :1:1: Premature end of file.
2024-12-26 00:18:08,930 [ERROR] LogOutputStream:75 - [STDERR_REDIRECT] 
2024-12-26 00:18:09,929 [ERROR] LogOutputStream:75 - [STDERR_REDIRECT] [Fatal Error] :1:1: Premature end of file.
2024-12-26 00:18:09,929 [ERROR] LogOutputStream:75 - [STDERR_REDIRECT] 
2024-12-26 00:18:10,926 [ERROR] LogOutputStream:75 - [STDERR_REDIRECT] [Fatal Error] :1:1: Premature end of file.
2024-12-26 00:18:10,926 [ERROR] LogOutputStream:75 - [STDERR_REDIRECT] 
2024-12-26 00:18:11,929 [ERROR] LogOutputStream:75 - [STDERR_REDIRECT] [Fatal Error] :1:1: Premature end of file.
2024-12-26 00:18:11,930 [ERROR] LogOutputStream:75 - [STDERR_REDIRECT] 
2024-12-26 00:18:12,929 [ERROR] LogOutputStream:75 - [STDERR_REDIRECT] [Fatal Error] :1:1: Premature end of file.
2024-12-26 00:18:12,929 [ERROR] LogOutputStream:75 - [STDERR_REDIRECT] 
2024-12-26 00:18:13,932 [ERROR] LogOutputStream:75 - [STDERR_REDIRECT] [Fatal Error] :1:1: Premature end of file.
2024-12-26 00:18:13,932 [ERROR] LogOutputStream:75 - [STDERR_REDIRECT] 
2024-12-26 00:18:14,929 [ERROR] LogOutputStream:75 - [STDERR_REDIRECT] [Fatal Error] :1:1: Premature end of file.
2024-12-26 00:18:14,929 [ERROR] LogOutputStream:75 - [STDERR_REDIRECT] 
2024-12-26 00:18:15,937 [ERROR] LogOutputStream:75 - [STDERR_REDIRECT] [Fatal Error] :1:1: Premature end of file.
2024-12-26 00:18:15,937 [ERROR] LogOutputStream:75 - [STDERR_REDIRECT] 
2024-12-26 00:18:16,929 [ERROR] LogOutputStream:75 - [STDERR_REDIRECT] [Fatal Error] :1:1: Premature end of file.
2024-12-26 00:18:16,929 [ERROR] LogOutputStream:75 - [STDERR_REDIRECT] 
2024-12-26 00:18:17,928 [ERROR] LogOutputStream:75 - [STDERR_REDIRECT] [Fatal Error] :1:1: Premature end of file.
2024-12-26 00:18:17,928 [ERROR] LogOutputStream:75 - [STDERR_REDIRECT] 
2024-12-26 00:18:18,932 [ERROR] LogOutputStream:75 - [STDERR_REDIRECT] [Fatal Error] :1:1: Premature end of file.
2024-12-26 00:18:18,932 [ERROR] LogOutputStream:75 - [STDERR_REDIRECT] 
2024-12-26 00:18:19,936 [ERROR] LogOutputStream:75 - [STDERR_REDIRECT] [Fatal Error] :1:1: Premature end of file.
2024-12-26 00:18:19,936 [ERROR] LogOutputStream:75 - [STDERR_REDIRECT] 
2024-12-26 00:18:20,939 [ERROR] LogOutputStream:75 - [STDERR_REDIRECT] [Fatal Error] :1:1: Premature end of file.
2024-12-26 00:18:20,940 [ERROR] LogOutputStream:75 - [STDERR_REDIRECT] 
2024-12-26 00:18:21,934 [ERROR] LogOutputStream:75 - [STDERR_REDIRECT] [Fatal Error] :1:1: Premature end of file.
2024-12-26 00:18:21,934 [ERROR] LogOutputStream:75 - [STDERR_REDIRECT] 
2024-12-26 00:18:22,928 [ERROR] LogOutputStream:75 - [STDERR_REDIRECT] [Fatal Error] :1:1: Premature end of file.
2024-12-26 00:18:22,928 [ERROR] LogOutputStream:75 - [STDERR_REDIRECT] 
2024-12-26 00:18:23,930 [ERROR] LogOutputStream:75 - [STDERR_REDIRECT] [Fatal Error] :1:1: Premature end of file.
2024-12-26 00:18:23,931 [ERROR] LogOutputStream:75 - [STDERR_REDIRECT] 
2024-12-26 00:18:24,928 [ERROR] LogOutputStream:75 - [STDERR_REDIRECT] [Fatal Error] :1:1: Premature end of file.
2024-12-26 00:18:24,928 [ERROR] LogOutputStream:75 - [STDERR_REDIRECT] 
2024-12-26 00:18:25,949 [ERROR] LogOutputStream:75 - [STDERR_REDIRECT] [Fatal Error] :1:1: Premature end of file.
2024-12-26 00:18:25,949 [ERROR] LogOutputStream:75 - [STDERR_REDIRECT] 
2024-12-26 00:18:26,933 [ERROR] LogOutputStream:75 - [STDERR_REDIRECT] [Fatal Error] :1:1: Premature end of file.
2024-12-26 00:18:26,933 [ERROR] LogOutputStream:75 - [STDERR_REDIRECT] 
2024-12-26 00:18:27,930 [ERROR] LogOutputStream:75 - [STDERR_REDIRECT] [Fatal Error] :1:1: Premature end of file.
2024-12-26 00:18:27,930 [ERROR] LogOutputStream:75 - [STDERR_REDIRECT] 
2024-12-26 00:18:28,937 [ERROR] LogOutputStream:75 - [STDERR_REDIRECT] [Fatal Error] :1:1: Premature end of file.
2024-12-26 00:18:28,937 [ERROR] LogOutputStream:75 - [STDERR_REDIRECT] 
2024-12-26 00:18:29,941 [ERROR] LogOutputStream:75 - [STDERR_REDIRECT] [Fatal Error] :1:1: Premature end of file.
2024-12-26 00:18:29,941 [ERROR] LogOutputStream:75 - [STDERR_REDIRECT] 
2024-12-26 00:18:30,942 [ERROR] LogOutputStream:75 - [STDERR_REDIRECT] [Fatal Error] :1:1: Premature end of file.
2024-12-26 00:18:30,942 [ERROR] LogOutputStream:75 - [STDERR_REDIRECT] 
2024-12-26 00:18:31,940 [ERROR] LogOutputStream:75 - [STDERR_REDIRECT] [Fatal Error] :1:1: Premature end of file.
2024-12-26 00:18:31,940 [ERROR] LogOutputStream:75 - [STDERR_REDIRECT] 
2024-12-26 00:18:32,938 [ERROR] LogOutputStream:75 - [STDERR_REDIRECT] [Fatal Error] :1:1: Premature end of file.
2024-12-26 00:18:32,938 [ERROR] LogOutputStream:75 - [STDERR_REDIRECT] 
2024-12-26 00:18:33,936 [ERROR] LogOutputStream:75 - [STDERR_REDIRECT] [Fatal Error] :1:1: Premature end of file.
2024-12-26 00:18:33,937 [ERROR] LogOutputStream:75 - [STDERR_REDIRECT] 
2024-12-26 00:18:34,940 [ERROR] LogOutputStream:75 - [STDERR_REDIRECT] [Fatal Error] :1:1: Premature end of file.
2024-12-26 00:18:34,940 [ERROR] LogOutputStream:75 - [STDERR_REDIRECT] 
2024-12-26 00:18:35,937 [ERROR] LogOutputStream:75 - [STDERR_REDIRECT] [Fatal Error] :1:1: Premature end of file.
2024-12-26 00:18:35,937 [ERROR] LogOutputStream:75 - [STDERR_REDIRECT] 
2024-12-26 00:18:36,943 [ERROR] LogOutputStream:75 - [STDERR_REDIRECT] [Fatal Error] :1:1: Premature end of file.
2024-12-26 00:18:36,944 [ERROR] LogOutputStream:75 - [STDERR_REDIRECT] 
2024-12-26 00:18:37,937 [ERROR] LogOutputStream:75 - [STDERR_REDIRECT] [Fatal Error] :1:1: Premature end of file.
2024-12-26 00:18:37,937 [ERROR] LogOutputStream:75 - [STDERR_REDIRECT] 
2024-12-26 00:18:38,935 [ERROR] LogOutputStream:75 - [STDERR_REDIRECT] [Fatal Error] :1:1: Premature end of file.
2024-12-26 00:18:38,935 [ERROR] LogOutputStream:75 - [STDERR_REDIRECT] 
2024-12-26 00:18:39,943 [ERROR] LogOutputStream:75 - [STDERR_REDIRECT] [Fatal Error] :1:1: Premature end of file.
2024-12-26 00:18:39,944 [ERROR] LogOutputStream:75 - [STDERR_REDIRECT] 
2024-12-26 00:18:40,936 [ERROR] LogOutputStream:75 - [STDERR_REDIRECT] [Fatal Error] :1:1: Premature end of file.
2024-12-26 00:18:40,936 [ERROR] LogOutputStream:75 - [STDERR_REDIRECT] 
2024-12-26 00:18:41,928 [ERROR] LogOutputStream:75 - [STDERR_REDIRECT] [Fatal Error] :1:1: Premature end of file.
2024-12-26 00:18:41,928 [ERROR] LogOutputStream:75 - [STDERR_REDIRECT] 
2024-12-26 00:18:42,931 [ERROR] LogOutputStream:75 - [STDERR_REDIRECT] [Fatal Error] :1:1: Premature end of file.
2024-12-26 00:18:42,931 [ERROR] LogOutputStream:75 - [STDERR_REDIRECT] 
2024-12-26 00:18:43,934 [ERROR] LogOutputStream:75 - [STDERR_REDIRECT] [Fatal Error] :1:1: Premature end of file.
2024-12-26 00:18:43,934 [ERROR] LogOutputStream:75 - [STDERR_REDIRECT] 
2024-12-26 00:18:44,953 [ERROR] LogOutputStream:75 - [STDERR_REDIRECT] [Fatal Error] :1:1: Premature end of file.
2024-12-26 00:18:44,953 [ERROR] LogOutputStream:75 - [STDERR_REDIRECT] 
2024-12-26 00:18:45,942 [ERROR] LogOutputStream:75 - [STDERR_REDIRECT] [Fatal Error] :1:1: Premature end of file.
2024-12-26 00:18:45,942 [ERROR] LogOutputStream:75 - [STDERR_REDIRECT] 
2024-12-26 00:18:46,927 [ERROR] LogOutputStream:75 - [STDERR_REDIRECT] [Fatal Error] :1:1: Premature end of file.
2024-12-26 00:18:46,927 [ERROR] LogOutputStream:75 - [STDERR_REDIRECT] 
2024-12-26 00:18:47,928 [ERROR] LogOutputStream:75 - [STDERR_REDIRECT] [Fatal Error] :1:1: Premature end of file.
2024-12-26 00:18:47,928 [ERROR] LogOutputStream:75 - [STDERR_REDIRECT] 
2024-12-26 00:18:48,931 [ERROR] LogOutputStream:75 - [STDERR_REDIRECT] [Fatal Error] :1:1: Premature end of file.
2024-12-26 00:18:48,931 [ERROR] LogOutputStream:75 - [STDERR_REDIRECT] 
2024-12-26 00:18:49,929 [ERROR] LogOutputStream:75 - [STDERR_REDIRECT] [Fatal Error] :1:1: Premature end of file.
2024-12-26 00:18:49,929 [ERROR] LogOutputStream:75 - [STDERR_REDIRECT] 
2024-12-26 00:18:50,930 [ERROR] LogOutputStream:75 - [STDERR_REDIRECT] [Fatal Error] :1:1: Premature end of file.
2024-12-26 00:18:50,930 [ERROR] LogOutputStream:75 - [STDERR_REDIRECT] 
2024-12-26 00:18:51,925 [ERROR] LogOutputStream:75 - [STDERR_REDIRECT] [Fatal Error] :1:1: Premature end of file.
2024-12-26 00:18:51,925 [ERROR] LogOutputStream:75 - [STDERR_REDIRECT] 
2024-12-26 00:18:52,929 [ERROR] LogOutputStream:75 - [STDERR_REDIRECT] [Fatal Error] :1:1: Premature end of file.
2024-12-26 00:18:52,929 [ERROR] LogOutputStream:75 - [STDERR_REDIRECT] 
2024-12-26 00:18:53,927 [ERROR] LogOutputStream:75 - [STDERR_REDIRECT] [Fatal Error] :1:1: Premature end of file.
2024-12-26 00:18:53,927 [ERROR] LogOutputStream:75 - [STDERR_REDIRECT] 
2024-12-26 00:18:54,928 [ERROR] LogOutputStream:75 - [STDERR_REDIRECT] [Fatal Error] :1:1: Premature end of file.
2024-12-26 00:18:54,928 [ERROR] LogOutputStream:75 - [STDERR_REDIRECT] 
2024-12-26 00:18:55,933 [ERROR] LogOutputStream:75 - [STDERR_REDIRECT] [Fatal Error] :1:1: Premature end of file.
2024-12-26 00:18:55,933 [ERROR] LogOutputStream:75 - [STDERR_REDIRECT] 
2024-12-26 00:18:56,930 [ERROR] LogOutputStream:75 - [STDERR_REDIRECT] [Fatal Error] :1:1: Premature end of file.
2024-12-26 00:18:56,930 [ERROR] LogOutputStream:75 - [STDERR_REDIRECT] 
2024-12-26 00:18:57,925 [ERROR] LogOutputStream:75 - [STDERR_REDIRECT] [Fatal Error] :1:1: Premature end of file.
2024-12-26 00:18:57,926 [ERROR] LogOutputStream:75 - [STDERR_REDIRECT] 
2024-12-26 00:18:58,926 [ERROR] LogOutputStream:75 - [STDERR_REDIRECT] [Fatal Error] :1:1: Premature end of file.
2024-12-26 00:18:58,926 [ERROR] LogOutputStream:75 - [STDERR_REDIRECT] 
2024-12-26 00:18:59,929 [ERROR] LogOutputStream:75 - [STDERR_REDIRECT] [Fatal Error] :1:1: Premature end of file.
2024-12-26 00:18:59,929 [ERROR] LogOutputStream:75 - [STDERR_REDIRECT] 
2024-12-26 00:19:00,928 [ERROR] LogOutputStream:75 - [STDERR_REDIRECT] [Fatal Error] :1:1: Premature end of file.
2024-12-26 00:19:00,928 [ERROR] LogOutputStream:75 - [STDERR_REDIRECT] 
2024-12-26 00:19:01,927 [ERROR] LogOutputStream:75 - [STDERR_REDIRECT] [Fatal Error] :1:1: Premature end of file.
2024-12-26 00:19:01,927 [ERROR] LogOutputStream:75 - [STDERR_REDIRECT] 
2024-12-26 00:19:02,928 [ERROR] LogOutputStream:75 - [STDERR_REDIRECT] [Fatal Error] :1:1: Premature end of file.
2024-12-26 00:19:02,928 [ERROR] LogOutputStream:75 - [STDERR_REDIRECT] 
2024-12-26 00:19:03,927 [ERROR] LogOutputStream:75 - [STDERR_REDIRECT] [Fatal Error] :1:1: Premature end of file.
2024-12-26 00:19:03,927 [ERROR] LogOutputStream:75 - [STDERR_REDIRECT] 
2024-12-26 00:19:04,927 [ERROR] LogOutputStream:75 - [STDERR_REDIRECT] [Fatal Error] :1:1: Premature end of file.
2024-12-26 00:19:04,927 [ERROR] LogOutputStream:75 - [STDERR_REDIRECT] 
2024-12-26 00:19:05,928 [ERROR] LogOutputStream:75 - [STDERR_REDIRECT] [Fatal Error] :1:1: Premature end of file.
2024-12-26 00:19:05,928 [ERROR] LogOutputStream:75 - [STDERR_REDIRECT] 
2024-12-26 00:19:06,926 [ERROR] LogOutputStream:75 - [STDERR_REDIRECT] [Fatal Error] :1:1: Premature end of file.
2024-12-26 00:19:06,927 [ERROR] LogOutputStream:75 - [STDERR_REDIRECT] 
2024-12-26 00:19:07,929 [ERROR] LogOutputStream:75 - [STDERR_REDIRECT] [Fatal Error] :1:1: Premature end of file.
2024-12-26 00:19:07,929 [ERROR] LogOutputStream:75 - [STDERR_REDIRECT] 
2024-12-26 00:19:08,929 [ERROR] LogOutputStream:75 - [STDERR_REDIRECT] [Fatal Error] :1:1: Premature end of file.
2024-12-26 00:19:08,929 [ERROR] LogOutputStream:75 - [STDERR_REDIRECT] 
2024-12-26 00:19:09,927 [ERROR] LogOutputStream:75 - [STDERR_REDIRECT] [Fatal Error] :1:1: Premature end of file.
2024-12-26 00:19:09,927 [ERROR] LogOutputStream:75 - [STDERR_REDIRECT] 
2024-12-26 00:19:10,926 [ERROR] LogOutputStream:75 - [STDERR_REDIRECT] [Fatal Error] :1:1: Premature end of file.
2024-12-26 00:19:10,927 [ERROR] LogOutputStream:75 - [STDERR_REDIRECT] 
2024-12-26 00:19:11,927 [ERROR] LogOutputStream:75 - [STDERR_REDIRECT] [Fatal Error] :1:1: Premature end of file.
2024-12-26 00:19:11,928 [ERROR] LogOutputStream:75 - [STDERR_REDIRECT] 
2024-12-26 00:19:12,928 [ERROR] LogOutputStream:75 - [STDERR_REDIRECT] [Fatal Error] :1:1: Premature end of file.
2024-12-26 00:19:12,928 [ERROR] LogOutputStream:75 - [STDERR_REDIRECT] 
2024-12-26 00:19:13,927 [ERROR] LogOutputStream:75 - [STDERR_REDIRECT] [Fatal Error] :1:1: Premature end of file.
2024-12-26 00:19:13,927 [ERROR] LogOutputStream:75 - [STDERR_REDIRECT] 
2024-12-26 00:19:14,927 [ERROR] LogOutputStream:75 - [STDERR_REDIRECT] [Fatal Error] :1:1: Premature end of file.
2024-12-26 00:19:14,927 [ERROR] LogOutputStream:75 - [STDERR_REDIRECT] 
2024-12-26 00:19:15,928 [ERROR] LogOutputStream:75 - [STDERR_REDIRECT] [Fatal Error] :1:1: Premature end of file.
2024-12-26 00:19:15,928 [ERROR] LogOutputStream:75 - [STDERR_REDIRECT] 
2024-12-26 00:19:16,927 [ERROR] LogOutputStream:75 - [STDERR_REDIRECT] [Fatal Error] :1:1: Premature end of file.
2024-12-26 00:19:16,927 [ERROR] LogOutputStream:75 - [STDERR_REDIRECT] 
2024-12-26 00:19:17,927 [ERROR] LogOutputStream:75 - [STDERR_REDIRECT] [Fatal Error] :1:1: Premature end of file.
2024-12-26 00:19:17,927 [ERROR] LogOutputStream:75 - [STDERR_REDIRECT] 
2024-12-26 00:19:18,927 [ERROR] LogOutputStream:75 - [STDERR_REDIRECT] [Fatal Error] :1:1: Premature end of file.
2024-12-26 00:19:18,927 [ERROR] LogOutputStream:75 - [STDERR_REDIRECT] 
2024-12-26 00:19:19,928 [ERROR] LogOutputStream:75 - [STDERR_REDIRECT] [Fatal Error] :1:1: Premature end of file.
2024-12-26 00:19:19,928 [ERROR] LogOutputStream:75 - [STDERR_REDIRECT] 
2024-12-26 00:19:20,927 [ERROR] LogOutputStream:75 - [STDERR_REDIRECT] [Fatal Error] :1:1: Premature end of file.
2024-12-26 00:19:20,927 [ERROR] LogOutputStream:75 - [STDERR_REDIRECT] 
2024-12-26 00:19:21,927 [ERROR] LogOutputStream:75 - [STDERR_REDIRECT] [Fatal Error] :1:1: Premature end of file.
2024-12-26 00:19:21,927 [ERROR] LogOutputStream:75 - [STDERR_REDIRECT] 
2024-12-26 00:19:22,929 [ERROR] LogOutputStream:75 - [STDERR_REDIRECT] [Fatal Error] :1:1: Premature end of file.
2024-12-26 00:19:22,929 [ERROR] LogOutputStream:75 - [STDERR_REDIRECT] 
2024-12-26 00:19:23,927 [ERROR] LogOutputStream:75 - [STDERR_REDIRECT] [Fatal Error] :1:1: Premature end of file.
2024-12-26 00:19:23,927 [ERROR] LogOutputStream:75 - [STDERR_REDIRECT] 
2024-12-26 00:19:24,927 [ERROR] LogOutputStream:75 - [STDERR_REDIRECT] [Fatal Error] :1:1: Premature end of file.
2024-12-26 00:19:24,927 [ERROR] LogOutputStream:75 - [STDERR_REDIRECT] 
2024-12-26 00:19:25,928 [ERROR] LogOutputStream:75 - [STDERR_REDIRECT] [Fatal Error] :1:1: Premature end of file.
2024-12-26 00:19:25,928 [ERROR] LogOutputStream:75 - [STDERR_REDIRECT] 
2024-12-26 00:19:26,926 [ERROR] LogOutputStream:75 - [STDERR_REDIRECT] [Fatal Error] :1:1: Premature end of file.
2024-12-26 00:19:26,926 [ERROR] LogOutputStream:75 - [STDERR_REDIRECT] 
2024-12-26 00:19:27,932 [ERROR] LogOutputStream:75 - [STDERR_REDIRECT] [Fatal Error] :1:1: Premature end of file.
2024-12-26 00:19:27,932 [ERROR] LogOutputStream:75 - [STDERR_REDIRECT] 
2024-12-26 00:19:28,929 [ERROR] LogOutputStream:75 - [STDERR_REDIRECT] [Fatal Error] :1:1: Premature end of file.
2024-12-26 00:19:28,930 [ERROR] LogOutputStream:75 - [STDERR_REDIRECT] 
2024-12-26 00:19:29,928 [ERROR] LogOutputStream:75 - [STDERR_REDIRECT] [Fatal Error] :1:1: Premature end of file.
2024-12-26 00:19:29,928 [ERROR] LogOutputStream:75 - [STDERR_REDIRECT] 
2024-12-26 00:19:30,926 [ERROR] LogOutputStream:75 - [STDERR_REDIRECT] [Fatal Error] :1:1: Premature end of file.
2024-12-26 00:19:30,926 [ERROR] LogOutputStream:75 - [STDERR_REDIRECT] 
2024-12-26 00:19:31,926 [ERROR] LogOutputStream:75 - [STDERR_REDIRECT] [Fatal Error] :1:1: Premature end of file.
2024-12-26 00:19:31,926 [ERROR] LogOutputStream:75 - [STDERR_REDIRECT] 
2024-12-26 00:19:32,930 [ERROR] LogOutputStream:75 - [STDERR_REDIRECT] [Fatal Error] :1:1: Premature end of file.
2024-12-26 00:19:32,930 [ERROR] LogOutputStream:75 - [STDERR_REDIRECT] 
2024-12-26 00:19:33,927 [ERROR] LogOutputStream:75 - [STDERR_REDIRECT] [Fatal Error] :1:1: Premature end of file.
2024-12-26 00:19:33,927 [ERROR] LogOutputStream:75 - [STDERR_REDIRECT] 
2024-12-26 00:19:34,926 [ERROR] LogOutputStream:75 - [STDERR_REDIRECT] [Fatal Error] :1:1: Premature end of file.
2024-12-26 00:19:34,926 [ERROR] LogOutputStream:75 - [STDERR_REDIRECT] 
2024-12-26 00:19:35,928 [ERROR] LogOutputStream:75 - [STDERR_REDIRECT] [Fatal Error] :1:1: Premature end of file.
2024-12-26 00:19:35,928 [ERROR] LogOutputStream:75 - [STDERR_REDIRECT] 
2024-12-26 00:19:36,928 [ERROR] LogOutputStream:75 - [STDERR_REDIRECT] [Fatal Error] :1:1: Premature end of file.
2024-12-26 00:19:36,928 [ERROR] LogOutputStream:75 - [STDERR_REDIRECT] 
2024-12-26 00:19:37,926 [ERROR] LogOutputStream:75 - [STDERR_REDIRECT] [Fatal Error] :1:1: Premature end of file.
2024-12-26 00:19:37,926 [ERROR] LogOutputStream:75 - [STDERR_REDIRECT] 
2024-12-26 00:19:38,927 [ERROR] LogOutputStream:75 - [STDERR_REDIRECT] [Fatal Error] :1:1: Premature end of file.
2024-12-26 00:19:38,927 [ERROR] LogOutputStream:75 - [STDERR_REDIRECT] 
2024-12-26 00:19:39,928 [ERROR] LogOutputStream:75 - [STDERR_REDIRECT] [Fatal Error] :1:1: Premature end of file.
2024-12-26 00:19:39,928 [ERROR] LogOutputStream:75 - [STDERR_REDIRECT] 
2024-12-26 00:19:40,926 [ERROR] LogOutputStream:75 - [STDERR_REDIRECT] [Fatal Error] :1:1: Premature end of file.
2024-12-26 00:19:40,926 [ERROR] LogOutputStream:75 - [STDERR_REDIRECT] 
2024-12-26 00:19:41,930 [ERROR] LogOutputStream:75 - [STDERR_REDIRECT] [Fatal Error] :1:1: Premature end of file.
2024-12-26 00:19:41,930 [ERROR] LogOutputStream:75 - [STDERR_REDIRECT] 
2024-12-26 00:19:42,927 [ERROR] LogOutputStream:75 - [STDERR_REDIRECT] [Fatal Error] :1:1: Premature end of file.
2024-12-26 00:19:42,927 [ERROR] LogOutputStream:75 - [STDERR_REDIRECT] 
2024-12-26 00:19:43,925 [ERROR] LogOutputStream:75 - [STDERR_REDIRECT] [Fatal Error] :1:1: Premature end of file.
2024-12-26 00:19:43,925 [ERROR] LogOutputStream:75 - [STDERR_REDIRECT] 
2024-12-26 00:19:44,928 [ERROR] LogOutputStream:75 - [STDERR_REDIRECT] [Fatal Error] :1:1: Premature end of file.
2024-12-26 00:19:44,928 [ERROR] LogOutputStream:75 - [STDERR_REDIRECT] 
2024-12-26 00:19:45,927 [ERROR] LogOutputStream:75 - [STDERR_REDIRECT] [Fatal Error] :1:1: Premature end of file.
2024-12-26 00:19:45,927 [ERROR] LogOutputStream:75 - [STDERR_REDIRECT] 
2024-12-26 00:19:46,926 [ERROR] LogOutputStream:75 - [STDERR_REDIRECT] [Fatal Error] :1:1: Premature end of file.
2024-12-26 00:19:46,927 [ERROR] LogOutputStream:75 - [STDERR_REDIRECT] 
2024-12-26 00:19:47,927 [ERROR] LogOutputStream:75 - [STDERR_REDIRECT] [Fatal Error] :1:1: Premature end of file.
2024-12-26 00:19:47,927 [ERROR] LogOutputStream:75 - [STDERR_REDIRECT] 
2024-12-26 00:19:48,930 [ERROR] LogOutputStream:75 - [STDERR_REDIRECT] [Fatal Error] :1:1: Premature end of file.
2024-12-26 00:19:48,930 [ERROR] LogOutputStream:75 - [STDERR_REDIRECT] 
2024-12-26 00:19:49,926 [ERROR] LogOutputStream:75 - [STDERR_REDIRECT] [Fatal Error] :1:1: Premature end of file.
2024-12-26 00:19:49,926 [ERROR] LogOutputStream:75 - [STDERR_REDIRECT] 
2024-12-26 00:19:50,928 [ERROR] LogOutputStream:75 - [STDERR_REDIRECT] [Fatal Error] :1:1: Premature end of file.
2024-12-26 00:19:50,928 [ERROR] LogOutputStream:75 - [STDERR_REDIRECT] 
2024-12-26 00:19:51,927 [ERROR] LogOutputStream:75 - [STDERR_REDIRECT] [Fatal Error] :1:1: Premature end of file.
2024-12-26 00:19:51,928 [ERROR] LogOutputStream:75 - [STDERR_REDIRECT] 
2024-12-26 00:19:52,927 [ERROR] LogOutputStream:75 - [STDERR_REDIRECT] [Fatal Error] :1:1: Premature end of file.
2024-12-26 00:19:52,927 [ERROR] LogOutputStream:75 - [STDERR_REDIRECT] 
2024-12-26 00:19:53,942 [ERROR] LogOutputStream:75 - [STDERR_REDIRECT] [Fatal Error] :1:1: Premature end of file.
2024-12-26 00:19:53,942 [ERROR] LogOutputStream:75 - [STDERR_REDIRECT] 
2024-12-26 00:19:54,938 [ERROR] LogOutputStream:75 - [STDERR_REDIRECT] [Fatal Error] :1:1: Premature end of file.
2024-12-26 00:19:54,939 [ERROR] LogOutputStream:75 - [STDERR_REDIRECT] 
2024-12-26 00:19:55,939 [ERROR] LogOutputStream:75 - [STDERR_REDIRECT] [Fatal Error] :1:1: Premature end of file.
2024-12-26 00:19:55,939 [ERROR] LogOutputStream:75 - [STDERR_REDIRECT] 
2024-12-26 00:19:56,929 [ERROR] LogOutputStream:75 - [STDERR_REDIRECT] [Fatal Error] :1:1: Premature end of file.
2024-12-26 00:19:56,929 [ERROR] LogOutputStream:75 - [STDERR_REDIRECT] 
2024-12-26 00:19:57,936 [ERROR] LogOutputStream:75 - [STDERR_REDIRECT] [Fatal Error] :1:1: Premature end of file.
2024-12-26 00:19:57,936 [ERROR] LogOutputStream:75 - [STDERR_REDIRECT] 
2024-12-26 00:19:58,930 [ERROR] LogOutputStream:75 - [STDERR_REDIRECT] [Fatal Error] :1:1: Premature end of file.
2024-12-26 00:19:58,930 [ERROR] LogOutputStream:75 - [STDERR_REDIRECT] 
2024-12-26 00:19:59,934 [ERROR] LogOutputStream:75 - [STDERR_REDIRECT] [Fatal Error] :1:1: Premature end of file.
2024-12-26 00:19:59,934 [ERROR] LogOutputStream:75 - [STDERR_REDIRECT] 
2024-12-26 00:20:00,929 [ERROR] LogOutputStream:75 - [STDERR_REDIRECT] [Fatal Error] :1:1: Premature end of file.
2024-12-26 00:20:00,929 [ERROR] LogOutputStream:75 - [STDERR_REDIRECT] 
2024-12-26 00:20:01,932 [ERROR] LogOutputStream:75 - [STDERR_REDIRECT] [Fatal Error] :1:1: Premature end of file.
2024-12-26 00:20:01,932 [ERROR] LogOutputStream:75 - [STDERR_REDIRECT] 
2024-12-26 00:20:02,937 [ERROR] LogOutputStream:75 - [STDERR_REDIRECT] [Fatal Error] :1:1: Premature end of file.
2024-12-26 00:20:02,937 [ERROR] LogOutputStream:75 - [STDERR_REDIRECT] 
2024-12-26 00:20:03,939 [ERROR] LogOutputStream:75 - [STDERR_REDIRECT] [Fatal Error] :1:1: Premature end of file.
2024-12-26 00:20:03,940 [ERROR] LogOutputStream:75 - [STDERR_REDIRECT] 
2024-12-26 00:20:04,937 [ERROR] LogOutputStream:75 - [STDERR_REDIRECT] [Fatal Error] :1:1: Premature end of file.
2024-12-26 00:20:04,937 [ERROR] LogOutputStream:75 - [STDERR_REDIRECT] 
2024-12-26 00:20:05,930 [ERROR] LogOutputStream:75 - [STDERR_REDIRECT] [Fatal Error] :1:1: Premature end of file.
2024-12-26 00:20:05,930 [ERROR] LogOutputStream:75 - [STDERR_REDIRECT] 
2024-12-26 00:20:06,929 [ERROR] LogOutputStream:75 - [STDERR_REDIRECT] [Fatal Error] :1:1: Premature end of file.
2024-12-26 00:20:06,929 [ERROR] LogOutputStream:75 - [STDERR_REDIRECT] 
2024-12-26 00:20:07,933 [ERROR] LogOutputStream:75 - [STDERR_REDIRECT] [Fatal Error] :1:1: Premature end of file.
2024-12-26 00:20:07,934 [ERROR] LogOutputStream:75 - [STDERR_REDIRECT] 
2024-12-26 00:20:08,936 [ERROR] LogOutputStream:75 - [STDERR_REDIRECT] [Fatal Error] :1:1: Premature end of file.
2024-12-26 00:20:08,936 [ERROR] LogOutputStream:75 - [STDERR_REDIRECT] 
2024-12-26 00:20:09,932 [ERROR] LogOutputStream:75 - [STDERR_REDIRECT] [Fatal Error] :1:1: Premature end of file.
2024-12-26 00:20:09,932 [ERROR] LogOutputStream:75 - [STDERR_REDIRECT] 
2024-12-26 00:20:10,929 [ERROR] LogOutputStream:75 - [STDERR_REDIRECT] [Fatal Error] :1:1: Premature end of file.
2024-12-26 00:20:10,929 [ERROR] LogOutputStream:75 - [STDERR_REDIRECT] 
2024-12-26 00:20:11,940 [ERROR] LogOutputStream:75 - [STDERR_REDIRECT] [Fatal Error] :1:1: Premature end of file.
2024-12-26 00:20:11,940 [ERROR] LogOutputStream:75 - [STDERR_REDIRECT] 
2024-12-26 00:20:12,939 [ERROR] LogOutputStream:75 - [STDERR_REDIRECT] [Fatal Error] :1:1: Premature end of file.
2024-12-26 00:20:12,939 [ERROR] LogOutputStream:75 - [STDERR_REDIRECT] 
2024-12-26 00:20:13,930 [ERROR] LogOutputStream:75 - [STDERR_REDIRECT] [Fatal Error] :1:1: Premature end of file.
2024-12-26 00:20:13,931 [ERROR] LogOutputStream:75 - [STDERR_REDIRECT] 
2024-12-26 00:20:14,939 [ERROR] LogOutputStream:75 - [STDERR_REDIRECT] [Fatal Error] :1:1: Premature end of file.
2024-12-26 00:20:14,939 [ERROR] LogOutputStream:75 - [STDERR_REDIRECT] 
2024-12-26 00:20:15,937 [ERROR] LogOutputStream:75 - [STDERR_REDIRECT] [Fatal Error] :1:1: Premature end of file.
2024-12-26 00:20:15,938 [ERROR] LogOutputStream:75 - [STDERR_REDIRECT] 
2024-12-26 00:20:16,943 [ERROR] LogOutputStream:75 - [STDERR_REDIRECT] [Fatal Error] :1:1: Premature end of file.
2024-12-26 00:20:16,944 [ERROR] LogOutputStream:75 - [STDERR_REDIRECT] 
2024-12-26 00:20:17,930 [ERROR] LogOutputStream:75 - [STDERR_REDIRECT] [Fatal Error] :1:1: Premature end of file.
2024-12-26 00:20:17,930 [ERROR] LogOutputStream:75 - [STDERR_REDIRECT] 
2024-12-26 00:20:18,940 [ERROR] LogOutputStream:75 - [STDERR_REDIRECT] [Fatal Error] :1:1: Premature end of file.
2024-12-26 00:20:18,940 [ERROR] LogOutputStream:75 - [STDERR_REDIRECT] 
2024-12-26 00:20:19,940 [ERROR] LogOutputStream:75 - [STDERR_REDIRECT] [Fatal Error] :1:1: Premature end of file.
2024-12-26 00:20:19,940 [ERROR] LogOutputStream:75 - [STDERR_REDIRECT] 
2024-12-26 00:20:20,929 [ERROR] LogOutputStream:75 - [STDERR_REDIRECT] [Fatal Error] :1:1: Premature end of file.
2024-12-26 00:20:20,929 [ERROR] LogOutputStream:75 - [STDERR_REDIRECT] 
2024-12-26 00:20:21,929 [ERROR] LogOutputStream:75 - [STDERR_REDIRECT] [Fatal Error] :1:1: Premature end of file.
2024-12-26 00:20:21,929 [ERROR] LogOutputStream:75 - [STDERR_REDIRECT] 
2024-12-26 00:20:22,929 [ERROR] LogOutputStream:75 - [STDERR_REDIRECT] [Fatal Error] :1:1: Premature end of file.
2024-12-26 00:20:22,929 [ERROR] LogOutputStream:75 - [STDERR_REDIRECT] 
2024-12-26 00:20:23,936 [ERROR] LogOutputStream:75 - [STDERR_REDIRECT] [Fatal Error] :1:1: Premature end of file.
2024-12-26 00:20:23,937 [ERROR] LogOutputStream:75 - [STDERR_REDIRECT] 
2024-12-26 00:20:24,930 [ERROR] LogOutputStream:75 - [STDERR_REDIRECT] [Fatal Error] :1:1: Premature end of file.
2024-12-26 00:20:24,930 [ERROR] LogOutputStream:75 - [STDERR_REDIRECT] 
2024-12-26 00:20:25,937 [ERROR] LogOutputStream:75 - [STDERR_REDIRECT] [Fatal Error] :1:1: Premature end of file.
2024-12-26 00:20:25,938 [ERROR] LogOutputStream:75 - [STDERR_REDIRECT] 
2024-12-26 00:20:26,929 [ERROR] LogOutputStream:75 - [STDERR_REDIRECT] [Fatal Error] :1:1: Premature end of file.
2024-12-26 00:20:26,929 [ERROR] LogOutputStream:75 - [STDERR_REDIRECT] 
2024-12-26 00:20:27,930 [ERROR] LogOutputStream:75 - [STDERR_REDIRECT] [Fatal Error] :1:1: Premature end of file.
2024-12-26 00:20:27,930 [ERROR] LogOutputStream:75 - [STDERR_REDIRECT] 
2024-12-26 00:20:28,938 [ERROR] LogOutputStream:75 - [STDERR_REDIRECT] [Fatal Error] :1:1: Premature end of file.
2024-12-26 00:20:28,939 [ERROR] LogOutputStream:75 - [STDERR_REDIRECT] 
2024-12-26 00:20:29,942 [ERROR] LogOutputStream:75 - [STDERR_REDIRECT] [Fatal Error] :1:1: Premature end of file.
2024-12-26 00:20:29,943 [ERROR] LogOutputStream:75 - [STDERR_REDIRECT] 
2024-12-26 00:20:30,939 [ERROR] LogOutputStream:75 - [STDERR_REDIRECT] [Fatal Error] :1:1: Premature end of file.
2024-12-26 00:20:30,939 [ERROR] LogOutputStream:75 - [STDERR_REDIRECT] 
2024-12-26 00:20:31,929 [ERROR] LogOutputStream:75 - [STDERR_REDIRECT] [Fatal Error] :1:1: Premature end of file.
2024-12-26 00:20:31,929 [ERROR] LogOutputStream:75 - [STDERR_REDIRECT] 
2024-12-26 00:20:32,927 [ERROR] LogOutputStream:75 - [STDERR_REDIRECT] [Fatal Error] :1:1: Premature end of file.
2024-12-26 00:20:32,927 [ERROR] LogOutputStream:75 - [STDERR_REDIRECT] 
2024-12-26 00:20:33,935 [ERROR] LogOutputStream:75 - [STDERR_REDIRECT] [Fatal Error] :1:1: Premature end of file.
2024-12-26 00:20:33,935 [ERROR] LogOutputStream:75 - [STDERR_REDIRECT] 
2024-12-26 00:20:34,935 [ERROR] LogOutputStream:75 - [STDERR_REDIRECT] [Fatal Error] :1:1: Premature end of file.
2024-12-26 00:20:34,935 [ERROR] LogOutputStream:75 - [STDERR_REDIRECT] 
2024-12-26 00:20:35,943 [ERROR] LogOutputStream:75 - [STDERR_REDIRECT] [Fatal Error] :1:1: Premature end of file.
2024-12-26 00:20:35,943 [ERROR] LogOutputStream:75 - [STDERR_REDIRECT] 
2024-12-26 00:20:36,943 [ERROR] LogOutputStream:75 - [STDERR_REDIRECT] [Fatal Error] :1:1: Premature end of file.
2024-12-26 00:20:36,943 [ERROR] LogOutputStream:75 - [STDERR_REDIRECT] 
2024-12-26 00:20:37,940 [ERROR] LogOutputStream:75 - [STDERR_REDIRECT] [Fatal Error] :1:1: Premature end of file.
2024-12-26 00:20:37,940 [ERROR] LogOutputStream:75 - [STDERR_REDIRECT] 
2024-12-26 00:20:38,930 [ERROR] LogOutputStream:75 - [STDERR_REDIRECT] [Fatal Error] :1:1: Premature end of file.
2024-12-26 00:20:38,930 [ERROR] LogOutputStream:75 - [STDERR_REDIRECT] 
2024-12-26 00:20:39,938 [ERROR] LogOutputStream:75 - [STDERR_REDIRECT] [Fatal Error] :1:1: Premature end of file.
2024-12-26 00:20:39,938 [ERROR] LogOutputStream:75 - [STDERR_REDIRECT] 
2024-12-26 00:20:40,940 [ERROR] LogOutputStream:75 - [STDERR_REDIRECT] [Fatal Error] :1:1: Premature end of file.
2024-12-26 00:20:40,940 [ERROR] LogOutputStream:75 - [STDERR_REDIRECT] 
2024-12-26 00:20:41,927 [ERROR] LogOutputStream:75 - [STDERR_REDIRECT] [Fatal Error] :1:1: Premature end of file.
2024-12-26 00:20:41,928 [ERROR] LogOutputStream:75 - [STDERR_REDIRECT] 
2024-12-26 00:20:42,931 [ERROR] LogOutputStream:75 - [STDERR_REDIRECT] [Fatal Error] :1:1: Premature end of file.
2024-12-26 00:20:42,931 [ERROR] LogOutputStream:75 - [STDERR_REDIRECT] 
2024-12-26 00:20:43,928 [ERROR] LogOutputStream:75 - [STDERR_REDIRECT] [Fatal Error] :1:1: Premature end of file.
2024-12-26 00:20:43,928 [ERROR] LogOutputStream:75 - [STDERR_REDIRECT] 
2024-12-26 00:20:44,941 [ERROR] LogOutputStream:75 - [STDERR_REDIRECT] [Fatal Error] :1:1: Premature end of file.
2024-12-26 00:20:44,941 [ERROR] LogOutputStream:75 - [STDERR_REDIRECT] 
2024-12-26 00:20:45,936 [ERROR] LogOutputStream:75 - [STDERR_REDIRECT] [Fatal Error] :1:1: Premature end of file.
2024-12-26 00:20:45,936 [ERROR] LogOutputStream:75 - [STDERR_REDIRECT] 
2024-12-26 00:20:46,933 [ERROR] LogOutputStream:75 - [STDERR_REDIRECT] [Fatal Error] :1:1: Premature end of file.
2024-12-26 00:20:46,933 [ERROR] LogOutputStream:75 - [STDERR_REDIRECT] 
2024-12-26 00:20:47,939 [ERROR] LogOutputStream:75 - [STDERR_REDIRECT] [Fatal Error] :1:1: Premature end of file.
2024-12-26 00:20:47,939 [ERROR] LogOutputStream:75 - [STDERR_REDIRECT] 
2024-12-26 00:20:48,945 [ERROR] LogOutputStream:75 - [STDERR_REDIRECT] [Fatal Error] :1:1: Premature end of file.
2024-12-26 00:20:48,945 [ERROR] LogOutputStream:75 - [STDERR_REDIRECT] 
2024-12-26 00:20:49,917 [ERROR] LogOutputStream:75 - [STDERR_REDIRECT] [Fatal Error] :1:1: Premature end of file.
2024-12-26 00:20:49,917 [ERROR] LogOutputStream:75 - [STDERR_REDIRECT] 
2024-12-26 00:20:50,940 [ERROR] LogOutputStream:75 - [STDERR_REDIRECT] [Fatal Error] :1:1: Premature end of file.
2024-12-26 00:20:50,940 [ERROR] LogOutputStream:75 - [STDERR_REDIRECT] 
2024-12-26 00:20:51,932 [ERROR] LogOutputStream:75 - [STDERR_REDIRECT] [Fatal Error] :1:1: Premature end of file.
2024-12-26 00:20:51,932 [ERROR] LogOutputStream:75 - [STDERR_REDIRECT] 
2024-12-26 00:20:52,932 [ERROR] LogOutputStream:75 - [STDERR_REDIRECT] [Fatal Error] :1:1: Premature end of file.
2024-12-26 00:20:52,932 [ERROR] LogOutputStream:75 - [STDERR_REDIRECT] 
2024-12-26 00:20:53,928 [ERROR] LogOutputStream:75 - [STDERR_REDIRECT] [Fatal Error] :1:1: Premature end of file.
2024-12-26 00:20:53,928 [ERROR] LogOutputStream:75 - [STDERR_REDIRECT] 
2024-12-26 00:20:54,941 [ERROR] LogOutputStream:75 - [STDERR_REDIRECT] [Fatal Error] :1:1: Premature end of file.
2024-12-26 00:20:54,941 [ERROR] LogOutputStream:75 - [STDERR_REDIRECT] 
2024-12-26 00:20:55,928 [ERROR] LogOutputStream:75 - [STDERR_REDIRECT] [Fatal Error] :1:1: Premature end of file.
2024-12-26 00:20:55,928 [ERROR] LogOutputStream:75 - [STDERR_REDIRECT] 
2024-12-26 00:20:56,941 [ERROR] LogOutputStream:75 - [STDERR_REDIRECT] [Fatal Error] :1:1: Premature end of file.
2024-12-26 00:20:56,941 [ERROR] LogOutputStream:75 - [STDERR_REDIRECT] 
2024-12-26 00:20:57,930 [ERROR] LogOutputStream:75 - [STDERR_REDIRECT] [Fatal Error] :1:1: Premature end of file.
2024-12-26 00:20:57,930 [ERROR] LogOutputStream:75 - [STDERR_REDIRECT] 
2024-12-26 00:20:58,939 [ERROR] LogOutputStream:75 - [STDERR_REDIRECT] [Fatal Error] :1:1: Premature end of file.
2024-12-26 00:20:58,939 [ERROR] LogOutputStream:75 - [STDERR_REDIRECT] 
2024-12-26 00:20:59,929 [ERROR] LogOutputStream:75 - [STDERR_REDIRECT] [Fatal Error] :1:1: Premature end of file.
2024-12-26 00:20:59,929 [ERROR] LogOutputStream:75 - [STDERR_REDIRECT] 
2024-12-26 00:21:00,926 [ERROR] LogOutputStream:75 - [STDERR_REDIRECT] [Fatal Error] :1:1: Premature end of file.
2024-12-26 00:21:00,926 [ERROR] LogOutputStream:75 - [STDERR_REDIRECT] 
2024-12-26 00:21:01,927 [ERROR] LogOutputStream:75 - [STDERR_REDIRECT] [Fatal Error] :1:1: Premature end of file.
2024-12-26 00:21:01,927 [ERROR] LogOutputStream:75 - [STDERR_REDIRECT] 
2024-12-26 00:21:02,927 [ERROR] LogOutputStream:75 - [STDERR_REDIRECT] [Fatal Error] :1:1: Premature end of file.
2024-12-26 00:21:02,927 [ERROR] LogOutputStream:75 - [STDERR_REDIRECT] 
2024-12-26 00:21:03,927 [ERROR] LogOutputStream:75 - [STDERR_REDIRECT] [Fatal Error] :1:1: Premature end of file.
2024-12-26 00:21:03,927 [ERROR] LogOutputStream:75 - [STDERR_REDIRECT] 
2024-12-26 00:21:04,927 [ERROR] LogOutputStream:75 - [STDERR_REDIRECT] [Fatal Error] :1:1: Premature end of file.
2024-12-26 00:21:04,927 [ERROR] LogOutputStream:75 - [STDERR_REDIRECT] 
2024-12-26 00:21:05,925 [ERROR] LogOutputStream:75 - [STDERR_REDIRECT] [Fatal Error] :1:1: Premature end of file.
2024-12-26 00:21:05,925 [ERROR] LogOutputStream:75 - [STDERR_REDIRECT] 
2024-12-26 00:21:06,926 [ERROR] LogOutputStream:75 - [STDERR_REDIRECT] [Fatal Error] :1:1: Premature end of file.
2024-12-26 00:21:06,926 [ERROR] LogOutputStream:75 - [STDERR_REDIRECT] 
2024-12-26 00:21:07,926 [ERROR] LogOutputStream:75 - [STDERR_REDIRECT] [Fatal Error] :1:1: Premature end of file.
2024-12-26 00:21:07,926 [ERROR] LogOutputStream:75 - [STDERR_REDIRECT] 
2024-12-26 00:21:08,927 [ERROR] LogOutputStream:75 - [STDERR_REDIRECT] [Fatal Error] :1:1: Premature end of file.
2024-12-26 00:21:08,927 [ERROR] LogOutputStream:75 - [STDERR_REDIRECT] 
2024-12-26 00:21:09,928 [ERROR] LogOutputStream:75 - [STDERR_REDIRECT] [Fatal Error] :1:1: Premature end of file.
2024-12-26 00:21:09,929 [ERROR] LogOutputStream:75 - [STDERR_REDIRECT] 
2024-12-26 00:21:10,928 [ERROR] LogOutputStream:75 - [STDERR_REDIRECT] [Fatal Error] :1:1: Premature end of file.
2024-12-26 00:21:10,928 [ERROR] LogOutputStream:75 - [STDERR_REDIRECT] 
2024-12-26 00:21:11,928 [ERROR] LogOutputStream:75 - [STDERR_REDIRECT] [Fatal Error] :1:1: Premature end of file.
2024-12-26 00:21:11,928 [ERROR] LogOutputStream:75 - [STDERR_REDIRECT] 
2024-12-26 00:21:12,927 [ERROR] LogOutputStream:75 - [STDERR_REDIRECT] [Fatal Error] :1:1: Premature end of file.
2024-12-26 00:21:12,928 [ERROR] LogOutputStream:75 - [STDERR_REDIRECT] 
2024-12-26 00:21:13,928 [ERROR] LogOutputStream:75 - [STDERR_REDIRECT] [Fatal Error] :1:1: Premature end of file.
2024-12-26 00:21:13,928 [ERROR] LogOutputStream:75 - [STDERR_REDIRECT] 
2024-12-26 00:21:14,926 [ERROR] LogOutputStream:75 - [STDERR_REDIRECT] [Fatal Error] :1:1: Premature end of file.
2024-12-26 00:21:14,926 [ERROR] LogOutputStream:75 - [STDERR_REDIRECT] 
2024-12-26 00:21:15,927 [ERROR] LogOutputStream:75 - [STDERR_REDIRECT] [Fatal Error] :1:1: Premature end of file.
2024-12-26 00:21:15,927 [ERROR] LogOutputStream:75 - [STDERR_REDIRECT] 
2024-12-26 00:21:16,928 [ERROR] LogOutputStream:75 - [STDERR_REDIRECT] [Fatal Error] :1:1: Premature end of file.
2024-12-26 00:21:16,928 [ERROR] LogOutputStream:75 - [STDERR_REDIRECT] 
2024-12-26 00:21:17,928 [ERROR] LogOutputStream:75 - [STDERR_REDIRECT] [Fatal Error] :1:1: Premature end of file.
2024-12-26 00:21:17,928 [ERROR] LogOutputStream:75 - [STDERR_REDIRECT] 
2024-12-26 00:21:18,929 [ERROR] LogOutputStream:75 - [STDERR_REDIRECT] [Fatal Error] :1:1: Premature end of file.
2024-12-26 00:21:18,929 [ERROR] LogOutputStream:75 - [STDERR_REDIRECT] 
2024-12-26 00:21:19,927 [ERROR] LogOutputStream:75 - [STDERR_REDIRECT] [Fatal Error] :1:1: Premature end of file.
2024-12-26 00:21:19,927 [ERROR] LogOutputStream:75 - [STDERR_REDIRECT] 
2024-12-26 00:21:20,927 [ERROR] LogOutputStream:75 - [STDERR_REDIRECT] [Fatal Error] :1:1: Premature end of file.
2024-12-26 00:21:20,927 [ERROR] LogOutputStream:75 - [STDERR_REDIRECT] 
2024-12-26 00:21:21,928 [ERROR] LogOutputStream:75 - [STDERR_REDIRECT] [Fatal Error] :1:1: Premature end of file.
2024-12-26 00:21:21,928 [ERROR] LogOutputStream:75 - [STDERR_REDIRECT] 
2024-12-26 00:21:22,930 [ERROR] LogOutputStream:75 - [STDERR_REDIRECT] [Fatal Error] :1:1: Premature end of file.
2024-12-26 00:21:22,930 [ERROR] LogOutputStream:75 - [STDERR_REDIRECT] 
2024-12-26 00:21:23,926 [ERROR] LogOutputStream:75 - [STDERR_REDIRECT] [Fatal Error] :1:1: Premature end of file.
2024-12-26 00:21:23,926 [ERROR] LogOutputStream:75 - [STDERR_REDIRECT] 
2024-12-26 00:21:24,931 [ERROR] LogOutputStream:75 - [STDERR_REDIRECT] [Fatal Error] :1:1: Premature end of file.
2024-12-26 00:21:24,931 [ERROR] LogOutputStream:75 - [STDERR_REDIRECT] 
2024-12-26 00:21:25,929 [ERROR] LogOutputStream:75 - [STDERR_REDIRECT] [Fatal Error] :1:1: Premature end of file.
2024-12-26 00:21:25,929 [ERROR] LogOutputStream:75 - [STDERR_REDIRECT] 
2024-12-26 00:21:26,928 [ERROR] LogOutputStream:75 - [STDERR_REDIRECT] [Fatal Error] :1:1: Premature end of file.
2024-12-26 00:21:26,928 [ERROR] LogOutputStream:75 - [STDERR_REDIRECT] 
2024-12-26 00:21:27,927 [ERROR] LogOutputStream:75 - [STDERR_REDIRECT] [Fatal Error] :1:1: Premature end of file.
2024-12-26 00:21:27,927 [ERROR] LogOutputStream:75 - [STDERR_REDIRECT] 
2024-12-26 00:21:28,926 [ERROR] LogOutputStream:75 - [STDERR_REDIRECT] [Fatal Error] :1:1: Premature end of file.
2024-12-26 00:21:28,926 [ERROR] LogOutputStream:75 - [STDERR_REDIRECT] 
2024-12-26 00:21:29,925 [ERROR] LogOutputStream:75 - [STDERR_REDIRECT] [Fatal Error] :1:1: Premature end of file.
2024-12-26 00:21:29,925 [ERROR] LogOutputStream:75 - [STDERR_REDIRECT] 
2024-12-26 00:21:30,926 [ERROR] LogOutputStream:75 - [STDERR_REDIRECT] [Fatal Error] :1:1: Premature end of file.
2024-12-26 00:21:30,927 [ERROR] LogOutputStream:75 - [STDERR_REDIRECT] 
2024-12-26 00:21:31,929 [ERROR] LogOutputStream:75 - [STDERR_REDIRECT] [Fatal Error] :1:1: Premature end of file.
2024-12-26 00:21:31,929 [ERROR] LogOutputStream:75 - [STDERR_REDIRECT] 
2024-12-26 00:21:32,930 [ERROR] LogOutputStream:75 - [STDERR_REDIRECT] [Fatal Error] :1:1: Premature end of file.
2024-12-26 00:21:32,930 [ERROR] LogOutputStream:75 - [STDERR_REDIRECT] 
2024-12-26 00:21:33,928 [ERROR] LogOutputStream:75 - [STDERR_REDIRECT] [Fatal Error] :1:1: Premature end of file.
2024-12-26 00:21:33,928 [ERROR] LogOutputStream:75 - [STDERR_REDIRECT] 
2024-12-26 00:21:34,930 [ERROR] LogOutputStream:75 - [STDERR_REDIRECT] [Fatal Error] :1:1: Premature end of file.
2024-12-26 00:21:34,930 [ERROR] LogOutputStream:75 - [STDERR_REDIRECT] 
2024-12-26 00:21:35,945 [ERROR] LogOutputStream:75 - [STDERR_REDIRECT] [Fatal Error] :1:1: Premature end of file.
2024-12-26 00:21:35,945 [ERROR] LogOutputStream:75 - [STDERR_REDIRECT] 
2024-12-26 00:21:36,936 [ERROR] LogOutputStream:75 - [STDERR_REDIRECT] [Fatal Error] :1:1: Premature end of file.
2024-12-26 00:21:36,936 [ERROR] LogOutputStream:75 - [STDERR_REDIRECT] 
2024-12-26 00:21:37,938 [ERROR] LogOutputStream:75 - [STDERR_REDIRECT] [Fatal Error] :1:1: Premature end of file.
2024-12-26 00:21:37,938 [ERROR] LogOutputStream:75 - [STDERR_REDIRECT] 
2024-12-26 00:21:38,934 [ERROR] LogOutputStream:75 - [STDERR_REDIRECT] [Fatal Error] :1:1: Premature end of file.
2024-12-26 00:21:38,934 [ERROR] LogOutputStream:75 - [STDERR_REDIRECT] 
2024-12-26 00:21:39,923 [ERROR] LogOutputStream:75 - [STDERR_REDIRECT] [Fatal Error] :1:1: Premature end of file.
2024-12-26 00:21:39,923 [ERROR] LogOutputStream:75 - [STDERR_REDIRECT] 
2024-12-26 00:21:40,930 [ERROR] LogOutputStream:75 - [STDERR_REDIRECT] [Fatal Error] :1:1: Premature end of file.
2024-12-26 00:21:40,930 [ERROR] LogOutputStream:75 - [STDERR_REDIRECT] 
2024-12-26 00:21:41,937 [ERROR] LogOutputStream:75 - [STDERR_REDIRECT] [Fatal Error] :1:1: Premature end of file.
2024-12-26 00:21:41,937 [ERROR] LogOutputStream:75 - [STDERR_REDIRECT] 
2024-12-26 00:21:42,927 [ERROR] LogOutputStream:75 - [STDERR_REDIRECT] [Fatal Error] :1:1: Premature end of file.
2024-12-26 00:21:42,927 [ERROR] LogOutputStream:75 - [STDERR_REDIRECT] 
2024-12-26 00:21:43,931 [ERROR] LogOutputStream:75 - [STDERR_REDIRECT] [Fatal Error] :1:1: Premature end of file.
2024-12-26 00:21:43,931 [ERROR] LogOutputStream:75 - [STDERR_REDIRECT] 
2024-12-26 00:21:44,942 [ERROR] LogOutputStream:75 - [STDERR_REDIRECT] [Fatal Error] :1:1: Premature end of file.
2024-12-26 00:21:44,942 [ERROR] LogOutputStream:75 - [STDERR_REDIRECT] 
2024-12-26 00:21:45,932 [ERROR] LogOutputStream:75 - [STDERR_REDIRECT] [Fatal Error] :1:1: Premature end of file.
2024-12-26 00:21:45,932 [ERROR] LogOutputStream:75 - [STDERR_REDIRECT] 
2024-12-26 00:21:46,933 [ERROR] LogOutputStream:75 - [STDERR_REDIRECT] [Fatal Error] :1:1: Premature end of file.
2024-12-26 00:21:46,933 [ERROR] LogOutputStream:75 - [STDERR_REDIRECT] 
2024-12-26 00:21:47,928 [ERROR] LogOutputStream:75 - [STDERR_REDIRECT] [Fatal Error] :1:1: Premature end of file.
2024-12-26 00:21:47,928 [ERROR] LogOutputStream:75 - [STDERR_REDIRECT] 
2024-12-26 00:21:48,923 [ERROR] LogOutputStream:75 - [STDERR_REDIRECT] [Fatal Error] :1:1: Premature end of file.
2024-12-26 00:21:48,923 [ERROR] LogOutputStream:75 - [STDERR_REDIRECT] 
2024-12-26 00:21:49,935 [ERROR] LogOutputStream:75 - [STDERR_REDIRECT] [Fatal Error] :1:1: Premature end of file.
2024-12-26 00:21:49,935 [ERROR] LogOutputStream:75 - [STDERR_REDIRECT] 
2024-12-26 00:21:50,941 [ERROR] LogOutputStream:75 - [STDERR_REDIRECT] [Fatal Error] :1:1: Premature end of file.
2024-12-26 00:21:50,941 [ERROR] LogOutputStream:75 - [STDERR_REDIRECT] 
2024-12-26 00:21:51,930 [ERROR] LogOutputStream:75 - [STDERR_REDIRECT] [Fatal Error] :1:1: Premature end of file.
2024-12-26 00:21:51,930 [ERROR] LogOutputStream:75 - [STDERR_REDIRECT] 
2024-12-26 00:21:52,928 [ERROR] LogOutputStream:75 - [STDERR_REDIRECT] [Fatal Error] :1:1: Premature end of file.
2024-12-26 00:21:52,928 [ERROR] LogOutputStream:75 - [STDERR_REDIRECT] 
2024-12-26 00:21:53,933 [ERROR] LogOutputStream:75 - [STDERR_REDIRECT] [Fatal Error] :1:1: Premature end of file.
2024-12-26 00:21:53,933 [ERROR] LogOutputStream:75 - [STDERR_REDIRECT] 
2024-12-26 00:21:54,936 [ERROR] LogOutputStream:75 - [STDERR_REDIRECT] [Fatal Error] :1:1: Premature end of file.
2024-12-26 00:21:54,936 [ERROR] LogOutputStream:75 - [STDERR_REDIRECT] 
2024-12-26 00:21:55,937 [ERROR] LogOutputStream:75 - [STDERR_REDIRECT] [Fatal Error] :1:1: Premature end of file.
2024-12-26 00:21:55,937 [ERROR] LogOutputStream:75 - [STDERR_REDIRECT] 
2024-12-26 00:21:56,929 [ERROR] LogOutputStream:75 - [STDERR_REDIRECT] [Fatal Error] :1:1: Premature end of file.
2024-12-26 00:21:56,929 [ERROR] LogOutputStream:75 - [STDERR_REDIRECT] 
2024-12-26 00:21:57,932 [ERROR] LogOutputStream:75 - [STDERR_REDIRECT] [Fatal Error] :1:1: Premature end of file.
2024-12-26 00:21:57,933 [ERROR] LogOutputStream:75 - [STDERR_REDIRECT] 
2024-12-26 00:21:58,936 [ERROR] LogOutputStream:75 - [STDERR_REDIRECT] [Fatal Error] :1:1: Premature end of file.
2024-12-26 00:21:58,937 [ERROR] LogOutputStream:75 - [STDERR_REDIRECT] 
2024-12-26 00:21:59,929 [ERROR] LogOutputStream:75 - [STDERR_REDIRECT] [Fatal Error] :1:1: Premature end of file.
2024-12-26 00:21:59,929 [ERROR] LogOutputStream:75 - [STDERR_REDIRECT] 
2024-12-26 00:22:00,931 [ERROR] LogOutputStream:75 - [STDERR_REDIRECT] [Fatal Error] :1:1: Premature end of file.
2024-12-26 00:22:00,931 [ERROR] LogOutputStream:75 - [STDERR_REDIRECT] 
2024-12-26 00:22:01,929 [ERROR] LogOutputStream:75 - [STDERR_REDIRECT] [Fatal Error] :1:1: Premature end of file.
2024-12-26 00:22:01,929 [ERROR] LogOutputStream:75 - [STDERR_REDIRECT] 
2024-12-26 00:22:02,939 [ERROR] LogOutputStream:75 - [STDERR_REDIRECT] [Fatal Error] :1:1: Premature end of file.
2024-12-26 00:22:02,939 [ERROR] LogOutputStream:75 - [STDERR_REDIRECT] 
2024-12-26 00:22:03,929 [ERROR] LogOutputStream:75 - [STDERR_REDIRECT] [Fatal Error] :1:1: Premature end of file.
2024-12-26 00:22:03,929 [ERROR] LogOutputStream:75 - [STDERR_REDIRECT] 
2024-12-26 00:22:04,935 [ERROR] LogOutputStream:75 - [STDERR_REDIRECT] [Fatal Error] :1:1: Premature end of file.
2024-12-26 00:22:04,935 [ERROR] LogOutputStream:75 - [STDERR_REDIRECT] 
2024-12-26 00:22:05,934 [ERROR] LogOutputStream:75 - [STDERR_REDIRECT] [Fatal Error] :1:1: Premature end of file.
2024-12-26 00:22:05,934 [ERROR] LogOutputStream:75 - [STDERR_REDIRECT] 
2024-12-26 00:22:06,929 [ERROR] LogOutputStream:75 - [STDERR_REDIRECT] [Fatal Error] :1:1: Premature end of file.
2024-12-26 00:22:06,929 [ERROR] LogOutputStream:75 - [STDERR_REDIRECT] 
2024-12-26 00:22:07,942 [ERROR] LogOutputStream:75 - [STDERR_REDIRECT] [Fatal Error] :1:1: Premature end of file.
2024-12-26 00:22:07,942 [ERROR] LogOutputStream:75 - [STDERR_REDIRECT] 
2024-12-26 00:22:08,929 [ERROR] LogOutputStream:75 - [STDERR_REDIRECT] [Fatal Error] :1:1: Premature end of file.
2024-12-26 00:22:08,929 [ERROR] LogOutputStream:75 - [STDERR_REDIRECT] 
2024-12-26 00:22:09,935 [ERROR] LogOutputStream:75 - [STDERR_REDIRECT] [Fatal Error] :1:1: Premature end of file.
2024-12-26 00:22:09,935 [ERROR] LogOutputStream:75 - [STDERR_REDIRECT] 
2024-12-26 00:22:10,925 [ERROR] LogOutputStream:75 - [STDERR_REDIRECT] [Fatal Error] :1:1: Premature end of file.
2024-12-26 00:22:10,925 [ERROR] LogOutputStream:75 - [STDERR_REDIRECT] 
2024-12-26 00:22:11,936 [ERROR] LogOutputStream:75 - [STDERR_REDIRECT] [Fatal Error] :1:1: Premature end of file.
2024-12-26 00:22:11,936 [ERROR] LogOutputStream:75 - [STDERR_REDIRECT] 
2024-12-26 00:22:12,938 [ERROR] LogOutputStream:75 - [STDERR_REDIRECT] [Fatal Error] :1:1: Premature end of file.
2024-12-26 00:22:12,938 [ERROR] LogOutputStream:75 - [STDERR_REDIRECT] 
2024-12-26 00:22:13,935 [ERROR] LogOutputStream:75 - [STDERR_REDIRECT] [Fatal Error] :1:1: Premature end of file.
2024-12-26 00:22:13,935 [ERROR] LogOutputStream:75 - [STDERR_REDIRECT] 
2024-12-26 00:22:14,926 [ERROR] LogOutputStream:75 - [STDERR_REDIRECT] [Fatal Error] :1:1: Premature end of file.
2024-12-26 00:22:14,926 [ERROR] LogOutputStream:75 - [STDERR_REDIRECT] 
2024-12-26 00:22:15,927 [ERROR] LogOutputStream:75 - [STDERR_REDIRECT] [Fatal Error] :1:1: Premature end of file.
2024-12-26 00:22:15,927 [ERROR] LogOutputStream:75 - [STDERR_REDIRECT] 
2024-12-26 00:22:16,927 [ERROR] LogOutputStream:75 - [STDERR_REDIRECT] [Fatal Error] :1:1: Premature end of file.
2024-12-26 00:22:16,927 [ERROR] LogOutputStream:75 - [STDERR_REDIRECT] 
2024-12-26 00:22:17,929 [ERROR] LogOutputStream:75 - [STDERR_REDIRECT] [Fatal Error] :1:1: Premature end of file.
2024-12-26 00:22:17,929 [ERROR] LogOutputStream:75 - [STDERR_REDIRECT] 
2024-12-26 00:22:18,927 [ERROR] LogOutputStream:75 - [STDERR_REDIRECT] [Fatal Error] :1:1: Premature end of file.
2024-12-26 00:22:18,927 [ERROR] LogOutputStream:75 - [STDERR_REDIRECT] 
2024-12-26 00:22:19,929 [ERROR] LogOutputStream:75 - [STDERR_REDIRECT] [Fatal Error] :1:1: Premature end of file.
2024-12-26 00:22:19,929 [ERROR] LogOutputStream:75 - [STDERR_REDIRECT] 
2024-12-26 00:22:20,927 [ERROR] LogOutputStream:75 - [STDERR_REDIRECT] [Fatal Error] :1:1: Premature end of file.
2024-12-26 00:22:20,927 [ERROR] LogOutputStream:75 - [STDERR_REDIRECT] 
2024-12-26 00:22:21,928 [ERROR] LogOutputStream:75 - [STDERR_REDIRECT] [Fatal Error] :1:1: Premature end of file.
2024-12-26 00:22:21,928 [ERROR] LogOutputStream:75 - [STDERR_REDIRECT] 
2024-12-26 00:22:22,931 [ERROR] LogOutputStream:75 - [STDERR_REDIRECT] [Fatal Error] :1:1: Premature end of file.
2024-12-26 00:22:22,931 [ERROR] LogOutputStream:75 - [STDERR_REDIRECT] 
2024-12-26 00:22:23,927 [ERROR] LogOutputStream:75 - [STDERR_REDIRECT] [Fatal Error] :1:1: Premature end of file.
2024-12-26 00:22:23,927 [ERROR] LogOutputStream:75 - [STDERR_REDIRECT] 
2024-12-26 00:22:24,934 [ERROR] LogOutputStream:75 - [STDERR_REDIRECT] [Fatal Error] :1:1: Premature end of file.
2024-12-26 00:22:24,934 [ERROR] LogOutputStream:75 - [STDERR_REDIRECT] 
2024-12-26 00:22:25,933 [ERROR] LogOutputStream:75 - [STDERR_REDIRECT] [Fatal Error] :1:1: Premature end of file.
2024-12-26 00:22:25,933 [ERROR] LogOutputStream:75 - [STDERR_REDIRECT] 
2024-12-26 00:22:26,930 [ERROR] LogOutputStream:75 - [STDERR_REDIRECT] [Fatal Error] :1:1: Premature end of file.
2024-12-26 00:22:26,930 [ERROR] LogOutputStream:75 - [STDERR_REDIRECT] 
2024-12-26 00:22:27,940 [ERROR] LogOutputStream:75 - [STDERR_REDIRECT] [Fatal Error] :1:1: Premature end of file.
2024-12-26 00:22:27,940 [ERROR] LogOutputStream:75 - [STDERR_REDIRECT] 
2024-12-26 00:22:28,926 [ERROR] LogOutputStream:75 - [STDERR_REDIRECT] [Fatal Error] :1:1: Premature end of file.
2024-12-26 00:22:28,926 [ERROR] LogOutputStream:75 - [STDERR_REDIRECT] 
2024-12-26 00:22:29,916 [ERROR] LogOutputStream:75 - [STDERR_REDIRECT] [Fatal Error] :1:1: Premature end of file.
2024-12-26 00:22:29,916 [ERROR] LogOutputStream:75 - [STDERR_REDIRECT] 
2024-12-26 00:22:30,938 [ERROR] LogOutputStream:75 - [STDERR_REDIRECT] [Fatal Error] :1:1: Premature end of file.
2024-12-26 00:22:30,938 [ERROR] LogOutputStream:75 - [STDERR_REDIRECT] 
2024-12-26 00:22:31,937 [ERROR] LogOutputStream:75 - [STDERR_REDIRECT] [Fatal Error] :1:1: Premature end of file.
2024-12-26 00:22:31,937 [ERROR] LogOutputStream:75 - [STDERR_REDIRECT] 
2024-12-26 00:22:32,929 [ERROR] LogOutputStream:75 - [STDERR_REDIRECT] [Fatal Error] :1:1: Premature end of file.
2024-12-26 00:22:32,929 [ERROR] LogOutputStream:75 - [STDERR_REDIRECT] 
2024-12-26 00:22:33,927 [ERROR] LogOutputStream:75 - [STDERR_REDIRECT] [Fatal Error] :1:1: Premature end of file.
2024-12-26 00:22:33,927 [ERROR] LogOutputStream:75 - [STDERR_REDIRECT] 
2024-12-26 00:22:34,933 [ERROR] LogOutputStream:75 - [STDERR_REDIRECT] [Fatal Error] :1:1: Premature end of file.
2024-12-26 00:22:34,933 [ERROR] LogOutputStream:75 - [STDERR_REDIRECT] 
2024-12-26 00:22:35,934 [ERROR] LogOutputStream:75 - [STDERR_REDIRECT] [Fatal Error] :1:1: Premature end of file.
2024-12-26 00:22:35,934 [ERROR] LogOutputStream:75 - [STDERR_REDIRECT] 
2024-12-26 00:22:36,937 [ERROR] LogOutputStream:75 - [STDERR_REDIRECT] [Fatal Error] :1:1: Premature end of file.
2024-12-26 00:22:36,937 [ERROR] LogOutputStream:75 - [STDERR_REDIRECT] 
2024-12-26 00:22:37,933 [ERROR] LogOutputStream:75 - [STDERR_REDIRECT] [Fatal Error] :1:1: Premature end of file.
2024-12-26 00:22:37,933 [ERROR] LogOutputStream:75 - [STDERR_REDIRECT] 
2024-12-26 00:22:38,937 [ERROR] LogOutputStream:75 - [STDERR_REDIRECT] [Fatal Error] :1:1: Premature end of file.
2024-12-26 00:22:38,937 [ERROR] LogOutputStream:75 - [STDERR_REDIRECT] 
2024-12-26 00:22:39,926 [ERROR] LogOutputStream:75 - [STDERR_REDIRECT] [Fatal Error] :1:1: Premature end of file.
2024-12-26 00:22:39,926 [ERROR] LogOutputStream:75 - [STDERR_REDIRECT] 
2024-12-26 00:22:40,934 [ERROR] LogOutputStream:75 - [STDERR_REDIRECT] [Fatal Error] :1:1: Premature end of file.
2024-12-26 00:22:40,934 [ERROR] LogOutputStream:75 - [STDERR_REDIRECT] 
2024-12-26 00:22:41,932 [ERROR] LogOutputStream:75 - [STDERR_REDIRECT] [Fatal Error] :1:1: Premature end of file.
2024-12-26 00:22:41,932 [ERROR] LogOutputStream:75 - [STDERR_REDIRECT] 
2024-12-26 00:22:42,935 [ERROR] LogOutputStream:75 - [STDERR_REDIRECT] [Fatal Error] :1:1: Premature end of file.
2024-12-26 00:22:42,935 [ERROR] LogOutputStream:75 - [STDERR_REDIRECT] 
2024-12-26 00:22:43,926 [ERROR] LogOutputStream:75 - [STDERR_REDIRECT] [Fatal Error] :1:1: Premature end of file.
2024-12-26 00:22:43,926 [ERROR] LogOutputStream:75 - [STDERR_REDIRECT] 
2024-12-26 00:22:44,927 [ERROR] LogOutputStream:75 - [STDERR_REDIRECT] [Fatal Error] :1:1: Premature end of file.
2024-12-26 00:22:44,927 [ERROR] LogOutputStream:75 - [STDERR_REDIRECT] 
2024-12-26 00:22:45,930 [ERROR] LogOutputStream:75 - [STDERR_REDIRECT] [Fatal Error] :1:1: Premature end of file.
2024-12-26 00:22:45,931 [ERROR] LogOutputStream:75 - [STDERR_REDIRECT] 
2024-12-26 00:22:46,939 [ERROR] LogOutputStream:75 - [STDERR_REDIRECT] [Fatal Error] :1:1: Premature end of file.
2024-12-26 00:22:46,940 [ERROR] LogOutputStream:75 - [STDERR_REDIRECT] 
2024-12-26 00:22:47,926 [ERROR] LogOutputStream:75 - [STDERR_REDIRECT] [Fatal Error] :1:1: Premature end of file.
2024-12-26 00:22:47,926 [ERROR] LogOutputStream:75 - [STDERR_REDIRECT] 
2024-12-26 00:22:48,944 [ERROR] LogOutputStream:75 - [STDERR_REDIRECT] [Fatal Error] :1:1: Premature end of file.
2024-12-26 00:22:48,944 [ERROR] LogOutputStream:75 - [STDERR_REDIRECT] 
2024-12-26 00:22:49,939 [ERROR] LogOutputStream:75 - [STDERR_REDIRECT] [Fatal Error] :1:1: Premature end of file.
2024-12-26 00:22:49,939 [ERROR] LogOutputStream:75 - [STDERR_REDIRECT] 
2024-12-26 00:22:50,947 [ERROR] LogOutputStream:75 - [STDERR_REDIRECT] [Fatal Error] :1:1: Premature end of file.
2024-12-26 00:22:50,947 [ERROR] LogOutputStream:75 - [STDERR_REDIRECT] 
2024-12-26 00:22:51,940 [ERROR] LogOutputStream:75 - [STDERR_REDIRECT] [Fatal Error] :1:1: Premature end of file.
2024-12-26 00:22:51,940 [ERROR] LogOutputStream:75 - [STDERR_REDIRECT] 
2024-12-26 00:22:52,932 [ERROR] LogOutputStream:75 - [STDERR_REDIRECT] [Fatal Error] :1:1: Premature end of file.
2024-12-26 00:22:52,932 [ERROR] LogOutputStream:75 - [STDERR_REDIRECT] 
2024-12-26 00:22:53,925 [ERROR] LogOutputStream:75 - [STDERR_REDIRECT] [Fatal Error] :1:1: Premature end of file.
2024-12-26 00:22:53,925 [ERROR] LogOutputStream:75 - [STDERR_REDIRECT] 
2024-12-26 00:22:54,919 [ERROR] LogOutputStream:75 - [STDERR_REDIRECT] [Fatal Error] :1:1: Premature end of file.
2024-12-26 00:22:54,919 [ERROR] LogOutputStream:75 - [STDERR_REDIRECT] 
2024-12-26 00:22:55,933 [ERROR] LogOutputStream:75 - [STDERR_REDIRECT] [Fatal Error] :1:1: Premature end of file.
2024-12-26 00:22:55,933 [ERROR] LogOutputStream:75 - [STDERR_REDIRECT] 
2024-12-26 00:22:56,938 [ERROR] LogOutputStream:75 - [STDERR_REDIRECT] [Fatal Error] :1:1: Premature end of file.
2024-12-26 00:22:56,938 [ERROR] LogOutputStream:75 - [STDERR_REDIRECT] 
2024-12-26 00:22:57,928 [ERROR] LogOutputStream:75 - [STDERR_REDIRECT] [Fatal Error] :1:1: Premature end of file.
2024-12-26 00:22:57,928 [ERROR] LogOutputStream:75 - [STDERR_REDIRECT] 
2024-12-26 00:22:58,931 [ERROR] LogOutputStream:75 - [STDERR_REDIRECT] [Fatal Error] :1:1: Premature end of file.
2024-12-26 00:22:58,931 [ERROR] LogOutputStream:75 - [STDERR_REDIRECT] 
2024-12-26 00:22:59,935 [ERROR] LogOutputStream:75 - [STDERR_REDIRECT] [Fatal Error] :1:1: Premature end of file.
2024-12-26 00:22:59,935 [ERROR] LogOutputStream:75 - [STDERR_REDIRECT] 
2024-12-26 00:23:00,937 [ERROR] LogOutputStream:75 - [STDERR_REDIRECT] [Fatal Error] :1:1: Premature end of file.
2024-12-26 00:23:00,937 [ERROR] LogOutputStream:75 - [STDERR_REDIRECT] 
2024-12-26 00:23:01,941 [ERROR] LogOutputStream:75 - [STDERR_REDIRECT] [Fatal Error] :1:1: Premature end of file.
2024-12-26 00:23:01,941 [ERROR] LogOutputStream:75 - [STDERR_REDIRECT] 
2024-12-26 00:23:02,928 [ERROR] LogOutputStream:75 - [STDERR_REDIRECT] [Fatal Error] :1:1: Premature end of file.
2024-12-26 00:23:02,928 [ERROR] LogOutputStream:75 - [STDERR_REDIRECT] 
2024-12-26 00:23:03,942 [ERROR] LogOutputStream:75 - [STDERR_REDIRECT] [Fatal Error] :1:1: Premature end of file.
2024-12-26 00:23:03,943 [ERROR] LogOutputStream:75 - [STDERR_REDIRECT] 
2024-12-26 00:23:04,938 [ERROR] LogOutputStream:75 - [STDERR_REDIRECT] [Fatal Error] :1:1: Premature end of file.
2024-12-26 00:23:04,938 [ERROR] LogOutputStream:75 - [STDERR_REDIRECT] 
2024-12-26 00:23:05,938 [ERROR] LogOutputStream:75 - [STDERR_REDIRECT] [Fatal Error] :1:1: Premature end of file.
2024-12-26 00:23:05,938 [ERROR] LogOutputStream:75 - [STDERR_REDIRECT] 
2024-12-26 00:23:06,919 [ERROR] LogOutputStream:75 - [STDERR_REDIRECT] [Fatal Error] :1:1: Premature end of file.
2024-12-26 00:23:06,919 [ERROR] LogOutputStream:75 - [STDERR_REDIRECT] 
2024-12-26 00:23:07,926 [ERROR] LogOutputStream:75 - [STDERR_REDIRECT] [Fatal Error] :1:1: Premature end of file.
2024-12-26 00:23:07,926 [ERROR] LogOutputStream:75 - [STDERR_REDIRECT] 
2024-12-26 00:23:08,939 [ERROR] LogOutputStream:75 - [STDERR_REDIRECT] [Fatal Error] :1:1: Premature end of file.
2024-12-26 00:23:08,939 [ERROR] LogOutputStream:75 - [STDERR_REDIRECT] 
2024-12-26 00:23:09,937 [ERROR] LogOutputStream:75 - [STDERR_REDIRECT] [Fatal Error] :1:1: Premature end of file.
2024-12-26 00:23:09,937 [ERROR] LogOutputStream:75 - [STDERR_REDIRECT] 
2024-12-26 00:23:10,924 [ERROR] LogOutputStream:75 - [STDERR_REDIRECT] [Fatal Error] :1:1: Premature end of file.
2024-12-26 00:23:10,924 [ERROR] LogOutputStream:75 - [STDERR_REDIRECT] 
2024-12-26 00:23:11,933 [ERROR] LogOutputStream:75 - [STDERR_REDIRECT] [Fatal Error] :1:1: Premature end of file.
2024-12-26 00:23:11,933 [ERROR] LogOutputStream:75 - [STDERR_REDIRECT] 
2024-12-26 00:23:12,928 [ERROR] LogOutputStream:75 - [STDERR_REDIRECT] [Fatal Error] :1:1: Premature end of file.
2024-12-26 00:23:12,928 [ERROR] LogOutputStream:75 - [STDERR_REDIRECT] 
2024-12-26 00:23:13,926 [ERROR] LogOutputStream:75 - [STDERR_REDIRECT] [Fatal Error] :1:1: Premature end of file.
2024-12-26 00:23:13,926 [ERROR] LogOutputStream:75 - [STDERR_REDIRECT] 
2024-12-26 00:23:14,927 [ERROR] LogOutputStream:75 - [STDERR_REDIRECT] [Fatal Error] :1:1: Premature end of file.
2024-12-26 00:23:14,927 [ERROR] LogOutputStream:75 - [STDERR_REDIRECT] 
2024-12-26 00:23:15,928 [ERROR] LogOutputStream:75 - [STDERR_REDIRECT] [Fatal Error] :1:1: Premature end of file.
2024-12-26 00:23:15,928 [ERROR] LogOutputStream:75 - [STDERR_REDIRECT] 
2024-12-26 00:23:16,928 [ERROR] LogOutputStream:75 - [STDERR_REDIRECT] [Fatal Error] :1:1: Premature end of file.
2024-12-26 00:23:16,928 [ERROR] LogOutputStream:75 - [STDERR_REDIRECT] 
2024-12-26 00:23:17,928 [ERROR] LogOutputStream:75 - [STDERR_REDIRECT] [Fatal Error] :1:1: Premature end of file.
2024-12-26 00:23:17,928 [ERROR] LogOutputStream:75 - [STDERR_REDIRECT] 
2024-12-26 00:23:18,934 [ERROR] LogOutputStream:75 - [STDERR_REDIRECT] [Fatal Error] :1:1: Premature end of file.
2024-12-26 00:23:18,934 [ERROR] LogOutputStream:75 - [STDERR_REDIRECT] 
2024-12-26 00:23:19,926 [ERROR] LogOutputStream:75 - [STDERR_REDIRECT] [Fatal Error] :1:1: Premature end of file.
2024-12-26 00:23:19,926 [ERROR] LogOutputStream:75 - [STDERR_REDIRECT] 
2024-12-26 00:23:20,928 [ERROR] LogOutputStream:75 - [STDERR_REDIRECT] [Fatal Error] :1:1: Premature end of file.
2024-12-26 00:23:20,928 [ERROR] LogOutputStream:75 - [STDERR_REDIRECT] 
2024-12-26 00:23:21,926 [ERROR] LogOutputStream:75 - [STDERR_REDIRECT] [Fatal Error] :1:1: Premature end of file.
2024-12-26 00:23:21,926 [ERROR] LogOutputStream:75 - [STDERR_REDIRECT] 
2024-12-26 00:23:22,938 [ERROR] LogOutputStream:75 - [STDERR_REDIRECT] [Fatal Error] :1:1: Premature end of file.
2024-12-26 00:23:22,939 [ERROR] LogOutputStream:75 - [STDERR_REDIRECT] 
2024-12-26 00:23:23,928 [ERROR] LogOutputStream:75 - [STDERR_REDIRECT] [Fatal Error] :1:1: Premature end of file.
2024-12-26 00:23:23,928 [ERROR] LogOutputStream:75 - [STDERR_REDIRECT] 
2024-12-26 00:23:24,941 [ERROR] LogOutputStream:75 - [STDERR_REDIRECT] [Fatal Error] :1:1: Premature end of file.
2024-12-26 00:23:24,942 [ERROR] LogOutputStream:75 - [STDERR_REDIRECT] 
2024-12-26 00:23:25,931 [ERROR] LogOutputStream:75 - [STDERR_REDIRECT] [Fatal Error] :1:1: Premature end of file.
2024-12-26 00:23:25,931 [ERROR] LogOutputStream:75 - [STDERR_REDIRECT] 
2024-12-26 00:23:26,937 [ERROR] LogOutputStream:75 - [STDERR_REDIRECT] [Fatal Error] :1:1: Premature end of file.
2024-12-26 00:23:26,937 [ERROR] LogOutputStream:75 - [STDERR_REDIRECT] 
2024-12-26 00:23:27,924 [ERROR] LogOutputStream:75 - [STDERR_REDIRECT] [Fatal Error] :1:1: Premature end of file.
2024-12-26 00:23:27,924 [ERROR] LogOutputStream:75 - [STDERR_REDIRECT] 
2024-12-26 00:23:28,931 [ERROR] LogOutputStream:75 - [STDERR_REDIRECT] [Fatal Error] :1:1: Premature end of file.
2024-12-26 00:23:28,931 [ERROR] LogOutputStream:75 - [STDERR_REDIRECT] 
2024-12-26 00:23:29,936 [ERROR] LogOutputStream:75 - [STDERR_REDIRECT] [Fatal Error] :1:1: Premature end of file.
2024-12-26 00:23:29,936 [ERROR] LogOutputStream:75 - [STDERR_REDIRECT] 
2024-12-26 00:23:30,938 [ERROR] LogOutputStream:75 - [STDERR_REDIRECT] [Fatal Error] :1:1: Premature end of file.
2024-12-26 00:23:30,938 [ERROR] LogOutputStream:75 - [STDERR_REDIRECT] 
2024-12-26 00:23:31,932 [ERROR] LogOutputStream:75 - [STDERR_REDIRECT] [Fatal Error] :1:1: Premature end of file.
2024-12-26 00:23:31,932 [ERROR] LogOutputStream:75 - [STDERR_REDIRECT] 
2024-12-26 00:23:32,926 [ERROR] LogOutputStream:75 - [STDERR_REDIRECT] [Fatal Error] :1:1: Premature end of file.
2024-12-26 00:23:32,926 [ERROR] LogOutputStream:75 - [STDERR_REDIRECT] 
2024-12-26 00:23:33,928 [ERROR] LogOutputStream:75 - [STDERR_REDIRECT] [Fatal Error] :1:1: Premature end of file.
2024-12-26 00:23:33,928 [ERROR] LogOutputStream:75 - [STDERR_REDIRECT] 
2024-12-26 00:23:34,929 [ERROR] LogOutputStream:75 - [STDERR_REDIRECT] [Fatal Error] :1:1: Premature end of file.
2024-12-26 00:23:34,929 [ERROR] LogOutputStream:75 - [STDERR_REDIRECT] 
2024-12-26 00:23:35,929 [ERROR] LogOutputStream:75 - [STDERR_REDIRECT] [Fatal Error] :1:1: Premature end of file.
2024-12-26 00:23:35,929 [ERROR] LogOutputStream:75 - [STDERR_REDIRECT] 
2024-12-26 00:23:36,927 [ERROR] LogOutputStream:75 - [STDERR_REDIRECT] [Fatal Error] :1:1: Premature end of file.
2024-12-26 00:23:36,927 [ERROR] LogOutputStream:75 - [STDERR_REDIRECT] 
2024-12-26 00:23:37,926 [ERROR] LogOutputStream:75 - [STDERR_REDIRECT] [Fatal Error] :1:1: Premature end of file.
2024-12-26 00:23:37,926 [ERROR] LogOutputStream:75 - [STDERR_REDIRECT] 
2024-12-26 00:23:38,929 [ERROR] LogOutputStream:75 - [STDERR_REDIRECT] [Fatal Error] :1:1: Premature end of file.
2024-12-26 00:23:38,929 [ERROR] LogOutputStream:75 - [STDERR_REDIRECT] 
2024-12-26 00:23:39,928 [ERROR] LogOutputStream:75 - [STDERR_REDIRECT] [Fatal Error] :1:1: Premature end of file.
2024-12-26 00:23:39,928 [ERROR] LogOutputStream:75 - [STDERR_REDIRECT] 
2024-12-26 00:23:40,927 [ERROR] LogOutputStream:75 - [STDERR_REDIRECT] [Fatal Error] :1:1: Premature end of file.
2024-12-26 00:23:40,927 [ERROR] LogOutputStream:75 - [STDERR_REDIRECT] 
2024-12-26 00:23:41,926 [ERROR] LogOutputStream:75 - [STDERR_REDIRECT] [Fatal Error] :1:1: Premature end of file.
2024-12-26 00:23:41,926 [ERROR] LogOutputStream:75 - [STDERR_REDIRECT] 
2024-12-26 00:23:42,925 [ERROR] LogOutputStream:75 - [STDERR_REDIRECT] [Fatal Error] :1:1: Premature end of file.
2024-12-26 00:23:42,925 [ERROR] LogOutputStream:75 - [STDERR_REDIRECT] 
2024-12-26 00:23:43,942 [ERROR] LogOutputStream:75 - [STDERR_REDIRECT] [Fatal Error] :1:1: Premature end of file.
2024-12-26 00:23:43,942 [ERROR] LogOutputStream:75 - [STDERR_REDIRECT] 
2024-12-26 00:23:44,932 [ERROR] LogOutputStream:75 - [STDERR_REDIRECT] [Fatal Error] :1:1: Premature end of file.
2024-12-26 00:23:44,932 [ERROR] LogOutputStream:75 - [STDERR_REDIRECT] 
2024-12-26 00:23:45,929 [ERROR] LogOutputStream:75 - [STDERR_REDIRECT] [Fatal Error] :1:1: Premature end of file.
2024-12-26 00:23:45,929 [ERROR] LogOutputStream:75 - [STDERR_REDIRECT] 
2024-12-26 00:23:46,937 [ERROR] LogOutputStream:75 - [STDERR_REDIRECT] [Fatal Error] :1:1: Premature end of file.
2024-12-26 00:23:46,937 [ERROR] LogOutputStream:75 - [STDERR_REDIRECT] 
2024-12-26 00:23:47,923 [ERROR] LogOutputStream:75 - [STDERR_REDIRECT] [Fatal Error] :1:1: Premature end of file.
2024-12-26 00:23:47,923 [ERROR] LogOutputStream:75 - [STDERR_REDIRECT] 
2024-12-26 00:23:48,945 [ERROR] LogOutputStream:75 - [STDERR_REDIRECT] [Fatal Error] :1:1: Premature end of file.
2024-12-26 00:23:48,945 [ERROR] LogOutputStream:75 - [STDERR_REDIRECT] 
2024-12-26 00:23:49,926 [ERROR] LogOutputStream:75 - [STDERR_REDIRECT] [Fatal Error] :1:1: Premature end of file.
2024-12-26 00:23:49,926 [ERROR] LogOutputStream:75 - [STDERR_REDIRECT] 
2024-12-26 00:23:50,931 [ERROR] LogOutputStream:75 - [STDERR_REDIRECT] [Fatal Error] :1:1: Premature end of file.
2024-12-26 00:23:50,931 [ERROR] LogOutputStream:75 - [STDERR_REDIRECT] 
2024-12-26 00:23:51,923 [ERROR] LogOutputStream:75 - [STDERR_REDIRECT] [Fatal Error] :1:1: Premature end of file.
2024-12-26 00:23:51,923 [ERROR] LogOutputStream:75 - [STDERR_REDIRECT] 
2024-12-26 00:23:52,928 [ERROR] LogOutputStream:75 - [STDERR_REDIRECT] [Fatal Error] :1:1: Premature end of file.
2024-12-26 00:23:52,928 [ERROR] LogOutputStream:75 - [STDERR_REDIRECT] 
2024-12-26 00:23:53,931 [ERROR] LogOutputStream:75 - [STDERR_REDIRECT] [Fatal Error] :1:1: Premature end of file.
2024-12-26 00:23:53,931 [ERROR] LogOutputStream:75 - [STDERR_REDIRECT] 
2024-12-26 00:23:54,939 [ERROR] LogOutputStream:75 - [STDERR_REDIRECT] [Fatal Error] :1:1: Premature end of file.
2024-12-26 00:23:54,939 [ERROR] LogOutputStream:75 - [STDERR_REDIRECT] 
2024-12-26 00:23:55,930 [ERROR] LogOutputStream:75 - [STDERR_REDIRECT] [Fatal Error] :1:1: Premature end of file.
2024-12-26 00:23:55,930 [ERROR] LogOutputStream:75 - [STDERR_REDIRECT] 
2024-12-26 00:23:56,928 [ERROR] LogOutputStream:75 - [STDERR_REDIRECT] [Fatal Error] :1:1: Premature end of file.
2024-12-26 00:23:56,928 [ERROR] LogOutputStream:75 - [STDERR_REDIRECT] 
2024-12-26 00:23:57,927 [ERROR] LogOutputStream:75 - [STDERR_REDIRECT] [Fatal Error] :1:1: Premature end of file.
2024-12-26 00:23:57,927 [ERROR] LogOutputStream:75 - [STDERR_REDIRECT] 
2024-12-26 00:23:58,927 [ERROR] LogOutputStream:75 - [STDERR_REDIRECT] [Fatal Error] :1:1: Premature end of file.
2024-12-26 00:23:58,927 [ERROR] LogOutputStream:75 - [STDERR_REDIRECT] 
2024-12-26 00:23:59,926 [ERROR] LogOutputStream:75 - [STDERR_REDIRECT] [Fatal Error] :1:1: Premature end of file.
2024-12-26 00:23:59,926 [ERROR] LogOutputStream:75 - [STDERR_REDIRECT] 
2024-12-26 00:24:00,927 [ERROR] LogOutputStream:75 - [STDERR_REDIRECT] [Fatal Error] :1:1: Premature end of file.
2024-12-26 00:24:00,927 [ERROR] LogOutputStream:75 - [STDERR_REDIRECT] 
2024-12-26 00:24:01,929 [ERROR] LogOutputStream:75 - [STDERR_REDIRECT] [Fatal Error] :1:1: Premature end of file.
2024-12-26 00:24:01,929 [ERROR] LogOutputStream:75 - [STDERR_REDIRECT] 
2024-12-26 00:24:02,929 [ERROR] LogOutputStream:75 - [STDERR_REDIRECT] [Fatal Error] :1:1: Premature end of file.
2024-12-26 00:24:02,929 [ERROR] LogOutputStream:75 - [STDERR_REDIRECT] 
2024-12-26 00:24:03,929 [ERROR] LogOutputStream:75 - [STDERR_REDIRECT] [Fatal Error] :1:1: Premature end of file.
2024-12-26 00:24:03,929 [ERROR] LogOutputStream:75 - [STDERR_REDIRECT] 
2024-12-26 00:24:04,933 [ERROR] LogOutputStream:75 - [STDERR_REDIRECT] [Fatal Error] :1:1: Premature end of file.
2024-12-26 00:24:04,933 [ERROR] LogOutputStream:75 - [STDERR_REDIRECT] 
2024-12-26 00:24:05,927 [ERROR] LogOutputStream:75 - [STDERR_REDIRECT] [Fatal Error] :1:1: Premature end of file.
2024-12-26 00:24:05,927 [ERROR] LogOutputStream:75 - [STDERR_REDIRECT] 
2024-12-26 00:24:06,925 [ERROR] LogOutputStream:75 - [STDERR_REDIRECT] [Fatal Error] :1:1: Premature end of file.
2024-12-26 00:24:06,925 [ERROR] LogOutputStream:75 - [STDERR_REDIRECT] 
2024-12-26 00:24:07,931 [ERROR] LogOutputStream:75 - [STDERR_REDIRECT] [Fatal Error] :1:1: Premature end of file.
2024-12-26 00:24:07,931 [ERROR] LogOutputStream:75 - [STDERR_REDIRECT] 
2024-12-26 00:24:08,933 [ERROR] LogOutputStream:75 - [STDERR_REDIRECT] [Fatal Error] :1:1: Premature end of file.
2024-12-26 00:24:08,933 [ERROR] LogOutputStream:75 - [STDERR_REDIRECT] 
2024-12-26 00:24:09,937 [ERROR] LogOutputStream:75 - [STDERR_REDIRECT] [Fatal Error] :1:1: Premature end of file.
2024-12-26 00:24:09,937 [ERROR] LogOutputStream:75 - [STDERR_REDIRECT] 
2024-12-26 00:24:10,925 [ERROR] LogOutputStream:75 - [STDERR_REDIRECT] [Fatal Error] :1:1: Premature end of file.
2024-12-26 00:24:10,925 [ERROR] LogOutputStream:75 - [STDERR_REDIRECT] 
2024-12-26 00:24:11,932 [ERROR] LogOutputStream:75 - [STDERR_REDIRECT] [Fatal Error] :1:1: Premature end of file.
2024-12-26 00:24:11,932 [ERROR] LogOutputStream:75 - [STDERR_REDIRECT] 
2024-12-26 00:24:12,930 [ERROR] LogOutputStream:75 - [STDERR_REDIRECT] [Fatal Error] :1:1: Premature end of file.
2024-12-26 00:24:12,930 [ERROR] LogOutputStream:75 - [STDERR_REDIRECT] 
2024-12-26 00:24:13,935 [ERROR] LogOutputStream:75 - [STDERR_REDIRECT] [Fatal Error] :1:1: Premature end of file.
2024-12-26 00:24:13,935 [ERROR] LogOutputStream:75 - [STDERR_REDIRECT] 
2024-12-26 00:24:14,942 [ERROR] LogOutputStream:75 - [STDERR_REDIRECT] [Fatal Error] :1:1: Premature end of file.
2024-12-26 00:24:14,943 [ERROR] LogOutputStream:75 - [STDERR_REDIRECT] 
2024-12-26 00:24:15,928 [ERROR] LogOutputStream:75 - [STDERR_REDIRECT] [Fatal Error] :1:1: Premature end of file.
2024-12-26 00:24:15,928 [ERROR] LogOutputStream:75 - [STDERR_REDIRECT] 
2024-12-26 00:24:16,928 [ERROR] LogOutputStream:75 - [STDERR_REDIRECT] [Fatal Error] :1:1: Premature end of file.
2024-12-26 00:24:16,928 [ERROR] LogOutputStream:75 - [STDERR_REDIRECT] 
2024-12-26 00:24:17,928 [ERROR] LogOutputStream:75 - [STDERR_REDIRECT] [Fatal Error] :1:1: Premature end of file.
2024-12-26 00:24:17,929 [ERROR] LogOutputStream:75 - [STDERR_REDIRECT] 
2024-12-26 00:24:18,927 [ERROR] LogOutputStream:75 - [STDERR_REDIRECT] [Fatal Error] :1:1: Premature end of file.
2024-12-26 00:24:18,927 [ERROR] LogOutputStream:75 - [STDERR_REDIRECT] 
2024-12-26 00:24:19,940 [ERROR] LogOutputStream:75 - [STDERR_REDIRECT] [Fatal Error] :1:1: Premature end of file.
2024-12-26 00:24:19,940 [ERROR] LogOutputStream:75 - [STDERR_REDIRECT] 
2024-12-26 00:24:20,932 [ERROR] LogOutputStream:75 - [STDERR_REDIRECT] [Fatal Error] :1:1: Premature end of file.
2024-12-26 00:24:20,932 [ERROR] LogOutputStream:75 - [STDERR_REDIRECT] 
2024-12-26 00:24:21,935 [ERROR] LogOutputStream:75 - [STDERR_REDIRECT] [Fatal Error] :1:1: Premature end of file.
2024-12-26 00:24:21,935 [ERROR] LogOutputStream:75 - [STDERR_REDIRECT] 
2024-12-26 00:24:22,929 [ERROR] LogOutputStream:75 - [STDERR_REDIRECT] [Fatal Error] :1:1: Premature end of file.
2024-12-26 00:24:22,929 [ERROR] LogOutputStream:75 - [STDERR_REDIRECT] 
2024-12-26 00:24:23,932 [ERROR] LogOutputStream:75 - [STDERR_REDIRECT] [Fatal Error] :1:1: Premature end of file.
2024-12-26 00:24:23,932 [ERROR] LogOutputStream:75 - [STDERR_REDIRECT] 
2024-12-26 00:24:24,931 [ERROR] LogOutputStream:75 - [STDERR_REDIRECT] [Fatal Error] :1:1: Premature end of file.
2024-12-26 00:24:24,931 [ERROR] LogOutputStream:75 - [STDERR_REDIRECT] 
2024-12-26 00:24:25,930 [ERROR] LogOutputStream:75 - [STDERR_REDIRECT] [Fatal Error] :1:1: Premature end of file.
2024-12-26 00:24:25,930 [ERROR] LogOutputStream:75 - [STDERR_REDIRECT] 
2024-12-26 00:24:26,930 [ERROR] LogOutputStream:75 - [STDERR_REDIRECT] [Fatal Error] :1:1: Premature end of file.
2024-12-26 00:24:26,930 [ERROR] LogOutputStream:75 - [STDERR_REDIRECT] 
2024-12-26 00:24:27,925 [ERROR] LogOutputStream:75 - [STDERR_REDIRECT] [Fatal Error] :1:1: Premature end of file.
2024-12-26 00:24:27,925 [ERROR] LogOutputStream:75 - [STDERR_REDIRECT] 
2024-12-26 00:24:28,933 [ERROR] LogOutputStream:75 - [STDERR_REDIRECT] [Fatal Error] :1:1: Premature end of file.
2024-12-26 00:24:28,933 [ERROR] LogOutputStream:75 - [STDERR_REDIRECT] 
2024-12-26 00:24:29,938 [ERROR] LogOutputStream:75 - [STDERR_REDIRECT] [Fatal Error] :1:1: Premature end of file.
2024-12-26 00:24:29,938 [ERROR] LogOutputStream:75 - [STDERR_REDIRECT] 
2024-12-26 00:24:30,932 [ERROR] LogOutputStream:75 - [STDERR_REDIRECT] [Fatal Error] :1:1: Premature end of file.
2024-12-26 00:24:30,932 [ERROR] LogOutputStream:75 - [STDERR_REDIRECT] 
2024-12-26 00:24:31,935 [ERROR] LogOutputStream:75 - [STDERR_REDIRECT] [Fatal Error] :1:1: Premature end of file.
2024-12-26 00:24:31,935 [ERROR] LogOutputStream:75 - [STDERR_REDIRECT] 
2024-12-26 00:24:32,932 [ERROR] LogOutputStream:75 - [STDERR_REDIRECT] [Fatal Error] :1:1: Premature end of file.
2024-12-26 00:24:32,933 [ERROR] LogOutputStream:75 - [STDERR_REDIRECT] 
2024-12-26 00:24:33,928 [ERROR] LogOutputStream:75 - [STDERR_REDIRECT] [Fatal Error] :1:1: Premature end of file.
2024-12-26 00:24:33,928 [ERROR] LogOutputStream:75 - [STDERR_REDIRECT] 
2024-12-26 00:24:34,936 [ERROR] LogOutputStream:75 - [STDERR_REDIRECT] [Fatal Error] :1:1: Premature end of file.
2024-12-26 00:24:34,936 [ERROR] LogOutputStream:75 - [STDERR_REDIRECT] 
2024-12-26 00:24:35,932 [ERROR] LogOutputStream:75 - [STDERR_REDIRECT] [Fatal Error] :1:1: Premature end of file.
2024-12-26 00:24:35,932 [ERROR] LogOutputStream:75 - [STDERR_REDIRECT] 
2024-12-26 00:24:36,929 [ERROR] LogOutputStream:75 - [STDERR_REDIRECT] [Fatal Error] :1:1: Premature end of file.
2024-12-26 00:24:36,929 [ERROR] LogOutputStream:75 - [STDERR_REDIRECT] 
2024-12-26 00:24:37,934 [ERROR] LogOutputStream:75 - [STDERR_REDIRECT] [Fatal Error] :1:1: Premature end of file.
2024-12-26 00:24:37,934 [ERROR] LogOutputStream:75 - [STDERR_REDIRECT] 
2024-12-26 00:24:38,931 [ERROR] LogOutputStream:75 - [STDERR_REDIRECT] [Fatal Error] :1:1: Premature end of file.
2024-12-26 00:24:38,932 [ERROR] LogOutputStream:75 - [STDERR_REDIRECT] 
2024-12-26 00:24:39,932 [ERROR] LogOutputStream:75 - [STDERR_REDIRECT] [Fatal Error] :1:1: Premature end of file.
2024-12-26 00:24:39,932 [ERROR] LogOutputStream:75 - [STDERR_REDIRECT] 
2024-12-26 00:24:40,934 [ERROR] LogOutputStream:75 - [STDERR_REDIRECT] [Fatal Error] :1:1: Premature end of file.
2024-12-26 00:24:40,934 [ERROR] LogOutputStream:75 - [STDERR_REDIRECT] 
2024-12-26 00:24:41,945 [ERROR] LogOutputStream:75 - [STDERR_REDIRECT] [Fatal Error] :1:1: Premature end of file.
2024-12-26 00:24:41,945 [ERROR] LogOutputStream:75 - [STDERR_REDIRECT] 
2024-12-26 00:24:42,926 [ERROR] LogOutputStream:75 - [STDERR_REDIRECT] [Fatal Error] :1:1: Premature end of file.
2024-12-26 00:24:42,926 [ERROR] LogOutputStream:75 - [STDERR_REDIRECT] 
2024-12-26 00:24:43,932 [ERROR] LogOutputStream:75 - [STDERR_REDIRECT] [Fatal Error] :1:1: Premature end of file.
2024-12-26 00:24:43,932 [ERROR] LogOutputStream:75 - [STDERR_REDIRECT] 
2024-12-26 00:24:44,940 [ERROR] LogOutputStream:75 - [STDERR_REDIRECT] [Fatal Error] :1:1: Premature end of file.
2024-12-26 00:24:44,940 [ERROR] LogOutputStream:75 - [STDERR_REDIRECT] 
2024-12-26 00:24:45,934 [ERROR] LogOutputStream:75 - [STDERR_REDIRECT] [Fatal Error] :1:1: Premature end of file.
2024-12-26 00:24:45,934 [ERROR] LogOutputStream:75 - [STDERR_REDIRECT] 
2024-12-26 00:24:46,928 [ERROR] LogOutputStream:75 - [STDERR_REDIRECT] [Fatal Error] :1:1: Premature end of file.
2024-12-26 00:24:46,928 [ERROR] LogOutputStream:75 - [STDERR_REDIRECT] 
2024-12-26 00:24:47,941 [ERROR] LogOutputStream:75 - [STDERR_REDIRECT] [Fatal Error] :1:1: Premature end of file.
2024-12-26 00:24:47,941 [ERROR] LogOutputStream:75 - [STDERR_REDIRECT] 
2024-12-26 00:24:48,931 [ERROR] LogOutputStream:75 - [STDERR_REDIRECT] [Fatal Error] :1:1: Premature end of file.
2024-12-26 00:24:48,931 [ERROR] LogOutputStream:75 - [STDERR_REDIRECT] 
2024-12-26 00:24:49,935 [ERROR] LogOutputStream:75 - [STDERR_REDIRECT] [Fatal Error] :1:1: Premature end of file.
2024-12-26 00:24:49,935 [ERROR] LogOutputStream:75 - [STDERR_REDIRECT] 
2024-12-26 00:24:50,925 [ERROR] LogOutputStream:75 - [STDERR_REDIRECT] [Fatal Error] :1:1: Premature end of file.
2024-12-26 00:24:50,925 [ERROR] LogOutputStream:75 - [STDERR_REDIRECT] 
2024-12-26 00:24:51,932 [ERROR] LogOutputStream:75 - [STDERR_REDIRECT] [Fatal Error] :1:1: Premature end of file.
2024-12-26 00:24:51,932 [ERROR] LogOutputStream:75 - [STDERR_REDIRECT] 
2024-12-26 00:24:52,930 [ERROR] LogOutputStream:75 - [STDERR_REDIRECT] [Fatal Error] :1:1: Premature end of file.
2024-12-26 00:24:52,930 [ERROR] LogOutputStream:75 - [STDERR_REDIRECT] 
2024-12-26 00:24:53,927 [ERROR] LogOutputStream:75 - [STDERR_REDIRECT] [Fatal Error] :1:1: Premature end of file.
2024-12-26 00:24:53,927 [ERROR] LogOutputStream:75 - [STDERR_REDIRECT] 
2024-12-26 00:24:54,938 [ERROR] LogOutputStream:75 - [STDERR_REDIRECT] [Fatal Error] :1:1: Premature end of file.
2024-12-26 00:24:54,939 [ERROR] LogOutputStream:75 - [STDERR_REDIRECT] 
2024-12-26 00:24:55,935 [ERROR] LogOutputStream:75 - [STDERR_REDIRECT] [Fatal Error] :1:1: Premature end of file.
2024-12-26 00:24:55,935 [ERROR] LogOutputStream:75 - [STDERR_REDIRECT] 
2024-12-26 00:24:56,928 [ERROR] LogOutputStream:75 - [STDERR_REDIRECT] [Fatal Error] :1:1: Premature end of file.
2024-12-26 00:24:56,928 [ERROR] LogOutputStream:75 - [STDERR_REDIRECT] 
2024-12-26 00:24:57,927 [ERROR] LogOutputStream:75 - [STDERR_REDIRECT] [Fatal Error] :1:1: Premature end of file.
2024-12-26 00:24:57,927 [ERROR] LogOutputStream:75 - [STDERR_REDIRECT] 
2024-12-26 00:24:58,929 [ERROR] LogOutputStream:75 - [STDERR_REDIRECT] [Fatal Error] :1:1: Premature end of file.
2024-12-26 00:24:58,929 [ERROR] LogOutputStream:75 - [STDERR_REDIRECT] 
2024-12-26 00:24:59,938 [ERROR] LogOutputStream:75 - [STDERR_REDIRECT] [Fatal Error] :1:1: Premature end of file.
2024-12-26 00:24:59,938 [ERROR] LogOutputStream:75 - [STDERR_REDIRECT] 
2024-12-26 00:25:00,928 [ERROR] LogOutputStream:75 - [STDERR_REDIRECT] [Fatal Error] :1:1: Premature end of file.
2024-12-26 00:25:00,928 [ERROR] LogOutputStream:75 - [STDERR_REDIRECT] 
2024-12-26 00:25:01,928 [ERROR] LogOutputStream:75 - [STDERR_REDIRECT] [Fatal Error] :1:1: Premature end of file.
2024-12-26 00:25:01,929 [ERROR] LogOutputStream:75 - [STDERR_REDIRECT] 
2024-12-26 00:25:02,927 [ERROR] LogOutputStream:75 - [STDERR_REDIRECT] [Fatal Error] :1:1: Premature end of file.
2024-12-26 00:25:02,927 [ERROR] LogOutputStream:75 - [STDERR_REDIRECT] 
2024-12-26 00:25:03,929 [ERROR] LogOutputStream:75 - [STDERR_REDIRECT] [Fatal Error] :1:1: Premature end of file.
2024-12-26 00:25:03,929 [ERROR] LogOutputStream:75 - [STDERR_REDIRECT] 
2024-12-26 00:25:04,928 [ERROR] LogOutputStream:75 - [STDERR_REDIRECT] [Fatal Error] :1:1: Premature end of file.
2024-12-26 00:25:04,928 [ERROR] LogOutputStream:75 - [STDERR_REDIRECT] 
2024-12-26 00:25:05,934 [ERROR] LogOutputStream:75 - [STDERR_REDIRECT] [Fatal Error] :1:1: Premature end of file.
2024-12-26 00:25:05,934 [ERROR] LogOutputStream:75 - [STDERR_REDIRECT] 
2024-12-26 00:25:06,926 [ERROR] LogOutputStream:75 - [STDERR_REDIRECT] [Fatal Error] :1:1: Premature end of file.
2024-12-26 00:25:06,926 [ERROR] LogOutputStream:75 - [STDERR_REDIRECT] 
2024-12-26 00:25:07,939 [ERROR] LogOutputStream:75 - [STDERR_REDIRECT] [Fatal Error] :1:1: Premature end of file.
2024-12-26 00:25:07,939 [ERROR] LogOutputStream:75 - [STDERR_REDIRECT] 
2024-12-26 00:25:08,929 [ERROR] LogOutputStream:75 - [STDERR_REDIRECT] [Fatal Error] :1:1: Premature end of file.
2024-12-26 00:25:08,929 [ERROR] LogOutputStream:75 - [STDERR_REDIRECT] 
2024-12-26 00:25:09,932 [ERROR] LogOutputStream:75 - [STDERR_REDIRECT] [Fatal Error] :1:1: Premature end of file.
2024-12-26 00:25:09,932 [ERROR] LogOutputStream:75 - [STDERR_REDIRECT] 
2024-12-26 00:25:10,930 [ERROR] LogOutputStream:75 - [STDERR_REDIRECT] [Fatal Error] :1:1: Premature end of file.
2024-12-26 00:25:10,930 [ERROR] LogOutputStream:75 - [STDERR_REDIRECT] 
2024-12-26 00:25:11,939 [ERROR] LogOutputStream:75 - [STDERR_REDIRECT] [Fatal Error] :1:1: Premature end of file.
2024-12-26 00:25:11,939 [ERROR] LogOutputStream:75 - [STDERR_REDIRECT] 
2024-12-26 00:25:12,931 [ERROR] LogOutputStream:75 - [STDERR_REDIRECT] [Fatal Error] :1:1: Premature end of file.
2024-12-26 00:25:12,931 [ERROR] LogOutputStream:75 - [STDERR_REDIRECT] 
2024-12-26 00:25:13,942 [ERROR] LogOutputStream:75 - [STDERR_REDIRECT] [Fatal Error] :1:1: Premature end of file.
2024-12-26 00:25:13,942 [ERROR] LogOutputStream:75 - [STDERR_REDIRECT] 
2024-12-26 00:25:14,937 [ERROR] LogOutputStream:75 - [STDERR_REDIRECT] [Fatal Error] :1:1: Premature end of file.
2024-12-26 00:25:14,937 [ERROR] LogOutputStream:75 - [STDERR_REDIRECT] 
2024-12-26 00:25:15,942 [ERROR] LogOutputStream:75 - [STDERR_REDIRECT] [Fatal Error] :1:1: Premature end of file.
2024-12-26 00:25:15,943 [ERROR] LogOutputStream:75 - [STDERR_REDIRECT] 
2024-12-26 00:25:16,942 [ERROR] LogOutputStream:75 - [STDERR_REDIRECT] [Fatal Error] :1:1: Premature end of file.
2024-12-26 00:25:16,942 [ERROR] LogOutputStream:75 - [STDERR_REDIRECT] 
2024-12-26 00:25:17,932 [ERROR] LogOutputStream:75 - [STDERR_REDIRECT] [Fatal Error] :1:1: Premature end of file.
2024-12-26 00:25:17,932 [ERROR] LogOutputStream:75 - [STDERR_REDIRECT] 
2024-12-26 00:25:18,938 [ERROR] LogOutputStream:75 - [STDERR_REDIRECT] [Fatal Error] :1:1: Premature end of file.
2024-12-26 00:25:18,938 [ERROR] LogOutputStream:75 - [STDERR_REDIRECT] 
2024-12-26 00:25:19,932 [ERROR] LogOutputStream:75 - [STDERR_REDIRECT] [Fatal Error] :1:1: Premature end of file.
2024-12-26 00:25:19,933 [ERROR] LogOutputStream:75 - [STDERR_REDIRECT] 
2024-12-26 00:25:20,929 [ERROR] LogOutputStream:75 - [STDERR_REDIRECT] [Fatal Error] :1:1: Premature end of file.
2024-12-26 00:25:20,929 [ERROR] LogOutputStream:75 - [STDERR_REDIRECT] 
2024-12-26 00:25:21,934 [ERROR] LogOutputStream:75 - [STDERR_REDIRECT] [Fatal Error] :1:1: Premature end of file.
2024-12-26 00:25:21,934 [ERROR] LogOutputStream:75 - [STDERR_REDIRECT] 
2024-12-26 00:25:22,928 [ERROR] LogOutputStream:75 - [STDERR_REDIRECT] [Fatal Error] :1:1: Premature end of file.
2024-12-26 00:25:22,928 [ERROR] LogOutputStream:75 - [STDERR_REDIRECT] 
2024-12-26 00:25:23,939 [ERROR] LogOutputStream:75 - [STDERR_REDIRECT] [Fatal Error] :1:1: Premature end of file.
2024-12-26 00:25:23,939 [ERROR] LogOutputStream:75 - [STDERR_REDIRECT] 
2024-12-26 00:25:24,936 [ERROR] LogOutputStream:75 - [STDERR_REDIRECT] [Fatal Error] :1:1: Premature end of file.
2024-12-26 00:25:24,936 [ERROR] LogOutputStream:75 - [STDERR_REDIRECT] 
2024-12-26 00:25:25,927 [ERROR] LogOutputStream:75 - [STDERR_REDIRECT] [Fatal Error] :1:1: Premature end of file.
2024-12-26 00:25:25,928 [ERROR] LogOutputStream:75 - [STDERR_REDIRECT] 
2024-12-26 00:25:26,939 [ERROR] LogOutputStream:75 - [STDERR_REDIRECT] [Fatal Error] :1:1: Premature end of file.
2024-12-26 00:25:26,939 [ERROR] LogOutputStream:75 - [STDERR_REDIRECT] 
2024-12-26 00:25:27,930 [ERROR] LogOutputStream:75 - [STDERR_REDIRECT] [Fatal Error] :1:1: Premature end of file.
2024-12-26 00:25:27,930 [ERROR] LogOutputStream:75 - [STDERR_REDIRECT] 
2024-12-26 00:25:28,928 [ERROR] LogOutputStream:75 - [STDERR_REDIRECT] [Fatal Error] :1:1: Premature end of file.
2024-12-26 00:25:28,928 [ERROR] LogOutputStream:75 - [STDERR_REDIRECT] 
2024-12-26 00:25:29,923 [ERROR] LogOutputStream:75 - [STDERR_REDIRECT] [Fatal Error] :1:1: Premature end of file.
2024-12-26 00:25:29,923 [ERROR] LogOutputStream:75 - [STDERR_REDIRECT] 
2024-12-26 00:25:30,938 [ERROR] LogOutputStream:75 - [STDERR_REDIRECT] [Fatal Error] :1:1: Premature end of file.
2024-12-26 00:25:30,938 [ERROR] LogOutputStream:75 - [STDERR_REDIRECT] 
2024-12-26 00:25:31,925 [ERROR] LogOutputStream:75 - [STDERR_REDIRECT] [Fatal Error] :1:1: Premature end of file.
2024-12-26 00:25:31,925 [ERROR] LogOutputStream:75 - [STDERR_REDIRECT] 
2024-12-26 00:25:32,934 [ERROR] LogOutputStream:75 - [STDERR_REDIRECT] [Fatal Error] :1:1: Premature end of file.
2024-12-26 00:25:32,934 [ERROR] LogOutputStream:75 - [STDERR_REDIRECT] 
2024-12-26 00:25:33,933 [ERROR] LogOutputStream:75 - [STDERR_REDIRECT] [Fatal Error] :1:1: Premature end of file.
2024-12-26 00:25:33,933 [ERROR] LogOutputStream:75 - [STDERR_REDIRECT] 
2024-12-26 00:25:34,923 [ERROR] LogOutputStream:75 - [STDERR_REDIRECT] [Fatal Error] :1:1: Premature end of file.
2024-12-26 00:25:34,923 [ERROR] LogOutputStream:75 - [STDERR_REDIRECT] 
2024-12-26 00:25:35,936 [ERROR] LogOutputStream:75 - [STDERR_REDIRECT] [Fatal Error] :1:1: Premature end of file.
2024-12-26 00:25:35,936 [ERROR] LogOutputStream:75 - [STDERR_REDIRECT] 
2024-12-26 00:25:36,942 [ERROR] LogOutputStream:75 - [STDERR_REDIRECT] [Fatal Error] :1:1: Premature end of file.
2024-12-26 00:25:36,942 [ERROR] LogOutputStream:75 - [STDERR_REDIRECT] 
2024-12-26 00:25:37,936 [ERROR] LogOutputStream:75 - [STDERR_REDIRECT] [Fatal Error] :1:1: Premature end of file.
2024-12-26 00:25:37,936 [ERROR] LogOutputStream:75 - [STDERR_REDIRECT] 
2024-12-26 00:25:38,943 [ERROR] LogOutputStream:75 - [STDERR_REDIRECT] [Fatal Error] :1:1: Premature end of file.
2024-12-26 00:25:38,943 [ERROR] LogOutputStream:75 - [STDERR_REDIRECT] 
2024-12-26 00:25:39,932 [ERROR] LogOutputStream:75 - [STDERR_REDIRECT] [Fatal Error] :1:1: Premature end of file.
2024-12-26 00:25:39,932 [ERROR] LogOutputStream:75 - [STDERR_REDIRECT] 
2024-12-26 00:25:40,929 [ERROR] LogOutputStream:75 - [STDERR_REDIRECT] [Fatal Error] :1:1: Premature end of file.
2024-12-26 00:25:40,929 [ERROR] LogOutputStream:75 - [STDERR_REDIRECT] 
2024-12-26 00:25:41,944 [ERROR] LogOutputStream:75 - [STDERR_REDIRECT] [Fatal Error] :1:1: Premature end of file.
2024-12-26 00:25:41,944 [ERROR] LogOutputStream:75 - [STDERR_REDIRECT] 
2024-12-26 00:25:42,940 [ERROR] LogOutputStream:75 - [STDERR_REDIRECT] [Fatal Error] :1:1: Premature end of file.
2024-12-26 00:25:42,941 [ERROR] LogOutputStream:75 - [STDERR_REDIRECT] 
2024-12-26 00:25:43,928 [ERROR] LogOutputStream:75 - [STDERR_REDIRECT] [Fatal Error] :1:1: Premature end of file.
2024-12-26 00:25:43,928 [ERROR] LogOutputStream:75 - [STDERR_REDIRECT] 
2024-12-26 00:25:44,936 [ERROR] LogOutputStream:75 - [STDERR_REDIRECT] [Fatal Error] :1:1: Premature end of file.
2024-12-26 00:25:44,936 [ERROR] LogOutputStream:75 - [STDERR_REDIRECT] 
2024-12-26 00:25:45,934 [ERROR] LogOutputStream:75 - [STDERR_REDIRECT] [Fatal Error] :1:1: Premature end of file.
2024-12-26 00:25:45,934 [ERROR] LogOutputStream:75 - [STDERR_REDIRECT] 
2024-12-26 00:25:46,932 [ERROR] LogOutputStream:75 - [STDERR_REDIRECT] [Fatal Error] :1:1: Premature end of file.
2024-12-26 00:25:46,933 [ERROR] LogOutputStream:75 - [STDERR_REDIRECT] 
2024-12-26 00:25:47,931 [ERROR] LogOutputStream:75 - [STDERR_REDIRECT] [Fatal Error] :1:1: Premature end of file.
2024-12-26 00:25:47,931 [ERROR] LogOutputStream:75 - [STDERR_REDIRECT] 
2024-12-26 00:25:48,934 [ERROR] LogOutputStream:75 - [STDERR_REDIRECT] [Fatal Error] :1:1: Premature end of file.
2024-12-26 00:25:48,934 [ERROR] LogOutputStream:75 - [STDERR_REDIRECT] 
2024-12-26 00:25:49,930 [ERROR] LogOutputStream:75 - [STDERR_REDIRECT] [Fatal Error] :1:1: Premature end of file.
2024-12-26 00:25:49,930 [ERROR] LogOutputStream:75 - [STDERR_REDIRECT] 
2024-12-26 00:25:50,941 [ERROR] LogOutputStream:75 - [STDERR_REDIRECT] [Fatal Error] :1:1: Premature end of file.
2024-12-26 00:25:50,941 [ERROR] LogOutputStream:75 - [STDERR_REDIRECT] 
2024-12-26 00:25:51,929 [ERROR] LogOutputStream:75 - [STDERR_REDIRECT] [Fatal Error] :1:1: Premature end of file.
2024-12-26 00:25:51,929 [ERROR] LogOutputStream:75 - [STDERR_REDIRECT] 
2024-12-26 00:25:52,929 [ERROR] LogOutputStream:75 - [STDERR_REDIRECT] [Fatal Error] :1:1: Premature end of file.
2024-12-26 00:25:52,929 [ERROR] LogOutputStream:75 - [STDERR_REDIRECT] 
2024-12-26 00:25:53,928 [ERROR] LogOutputStream:75 - [STDERR_REDIRECT] [Fatal Error] :1:1: Premature end of file.
2024-12-26 00:25:53,928 [ERROR] LogOutputStream:75 - [STDERR_REDIRECT] 
2024-12-26 00:25:54,929 [ERROR] LogOutputStream:75 - [STDERR_REDIRECT] [Fatal Error] :1:1: Premature end of file.
2024-12-26 00:25:54,929 [ERROR] LogOutputStream:75 - [STDERR_REDIRECT] 
2024-12-26 00:25:55,927 [ERROR] LogOutputStream:75 - [STDERR_REDIRECT] [Fatal Error] :1:1: Premature end of file.
2024-12-26 00:25:55,927 [ERROR] LogOutputStream:75 - [STDERR_REDIRECT] 
2024-12-26 00:25:56,927 [ERROR] LogOutputStream:75 - [STDERR_REDIRECT] [Fatal Error] :1:1: Premature end of file.
2024-12-26 00:25:56,927 [ERROR] LogOutputStream:75 - [STDERR_REDIRECT] 
2024-12-26 00:25:57,934 [ERROR] LogOutputStream:75 - [STDERR_REDIRECT] [Fatal Error] :1:1: Premature end of file.
2024-12-26 00:25:57,934 [ERROR] LogOutputStream:75 - [STDERR_REDIRECT] 
2024-12-26 00:25:58,928 [ERROR] LogOutputStream:75 - [STDERR_REDIRECT] [Fatal Error] :1:1: Premature end of file.
2024-12-26 00:25:58,929 [ERROR] LogOutputStream:75 - [STDERR_REDIRECT] 
2024-12-26 00:25:59,929 [ERROR] LogOutputStream:75 - [STDERR_REDIRECT] [Fatal Error] :1:1: Premature end of file.
2024-12-26 00:25:59,929 [ERROR] LogOutputStream:75 - [STDERR_REDIRECT] 
2024-12-26 00:26:00,929 [ERROR] LogOutputStream:75 - [STDERR_REDIRECT] [Fatal Error] :1:1: Premature end of file.
2024-12-26 00:26:00,929 [ERROR] LogOutputStream:75 - [STDERR_REDIRECT] 
2024-12-26 00:26:01,928 [ERROR] LogOutputStream:75 - [STDERR_REDIRECT] [Fatal Error] :1:1: Premature end of file.
2024-12-26 00:26:01,929 [ERROR] LogOutputStream:75 - [STDERR_REDIRECT] 
2024-12-26 00:26:02,927 [ERROR] LogOutputStream:75 - [STDERR_REDIRECT] [Fatal Error] :1:1: Premature end of file.
2024-12-26 00:26:02,927 [ERROR] LogOutputStream:75 - [STDERR_REDIRECT] 
2024-12-26 00:26:03,927 [ERROR] LogOutputStream:75 - [STDERR_REDIRECT] [Fatal Error] :1:1: Premature end of file.
2024-12-26 00:26:03,927 [ERROR] LogOutputStream:75 - [STDERR_REDIRECT] 
2024-12-26 00:26:04,926 [ERROR] LogOutputStream:75 - [STDERR_REDIRECT] [Fatal Error] :1:1: Premature end of file.
2024-12-26 00:26:04,926 [ERROR] LogOutputStream:75 - [STDERR_REDIRECT] 
2024-12-26 00:26:05,927 [ERROR] LogOutputStream:75 - [STDERR_REDIRECT] [Fatal Error] :1:1: Premature end of file.
2024-12-26 00:26:05,927 [ERROR] LogOutputStream:75 - [STDERR_REDIRECT] 
2024-12-26 00:26:06,928 [ERROR] LogOutputStream:75 - [STDERR_REDIRECT] [Fatal Error] :1:1: Premature end of file.
2024-12-26 00:26:06,928 [ERROR] LogOutputStream:75 - [STDERR_REDIRECT] 
2024-12-26 00:26:07,928 [ERROR] LogOutputStream:75 - [STDERR_REDIRECT] [Fatal Error] :1:1: Premature end of file.
2024-12-26 00:26:07,928 [ERROR] LogOutputStream:75 - [STDERR_REDIRECT] 
2024-12-26 00:26:08,926 [ERROR] LogOutputStream:75 - [STDERR_REDIRECT] [Fatal Error] :1:1: Premature end of file.
2024-12-26 00:26:08,926 [ERROR] LogOutputStream:75 - [STDERR_REDIRECT] 
2024-12-26 00:26:09,926 [ERROR] LogOutputStream:75 - [STDERR_REDIRECT] [Fatal Error] :1:1: Premature end of file.
2024-12-26 00:26:09,926 [ERROR] LogOutputStream:75 - [STDERR_REDIRECT] 
2024-12-26 00:26:10,928 [ERROR] LogOutputStream:75 - [STDERR_REDIRECT] [Fatal Error] :1:1: Premature end of file.
2024-12-26 00:26:10,928 [ERROR] LogOutputStream:75 - [STDERR_REDIRECT] 
2024-12-26 00:26:11,927 [ERROR] LogOutputStream:75 - [STDERR_REDIRECT] [Fatal Error] :1:1: Premature end of file.
2024-12-26 00:26:11,927 [ERROR] LogOutputStream:75 - [STDERR_REDIRECT] 
2024-12-26 00:26:12,931 [ERROR] LogOutputStream:75 - [STDERR_REDIRECT] [Fatal Error] :1:1: Premature end of file.
2024-12-26 00:26:12,931 [ERROR] LogOutputStream:75 - [STDERR_REDIRECT] 
2024-12-26 00:26:13,926 [ERROR] LogOutputStream:75 - [STDERR_REDIRECT] [Fatal Error] :1:1: Premature end of file.
2024-12-26 00:26:13,926 [ERROR] LogOutputStream:75 - [STDERR_REDIRECT] 
2024-12-26 00:26:14,928 [ERROR] LogOutputStream:75 - [STDERR_REDIRECT] [Fatal Error] :1:1: Premature end of file.
2024-12-26 00:26:14,928 [ERROR] LogOutputStream:75 - [STDERR_REDIRECT] 
2024-12-26 00:26:15,927 [ERROR] LogOutputStream:75 - [STDERR_REDIRECT] [Fatal Error] :1:1: Premature end of file.
2024-12-26 00:26:15,927 [ERROR] LogOutputStream:75 - [STDERR_REDIRECT] 
2024-12-26 00:26:16,928 [ERROR] LogOutputStream:75 - [STDERR_REDIRECT] [Fatal Error] :1:1: Premature end of file.
2024-12-26 00:26:16,928 [ERROR] LogOutputStream:75 - [STDERR_REDIRECT] 
2024-12-26 00:26:17,413 [INFO] McuFinderGlobals:63 - Set McuFinder mode to 2 (CubeIDE integrated)
2024-12-26 00:26:17,415 [INFO] MainUpdater:2872 - connection check result : 10
2024-12-26 00:26:17,618 [INFO] ApiDb:581 - Connected to CubeFinder SQLite database (C:\Users\o1yus\.stmcufinder\plugins\mcufinder\mcu\cube-finder-db.db)
2024-12-26 00:26:17,659 [INFO] ApiDb:668 - CubeFinder database Data Model version=2.1
2024-12-26 00:26:17,659 [INFO] ApiDb:669 - CubeFinder database Configuration version=3.0.39
2024-12-26 00:26:17,659 [INFO] ApiDb:670 - CubeFinder database generation date=2024-11-21 (1732182206)
2024-12-26 00:26:17,660 [INFO] ApiDb:671 - CubeFinder database FW Pack versions=[FP-ATR-ASTRA1_V2.0.0, FP-SNS-FLIGHT1_V5.0.2, FP-SNS-MOTENV1_V5.0.0, FP-SNS-MOTENVWB1_V1.4.0, FP-SNS-SMARTAG2_V1.2.0, FP-SNS-STBOX1_V2.0.0, STM32Cube_FW_C0_V1.3.0, STM32Cube_FW_F4_V1.28.1, STM32Cube_FW_F7_V1.17.2, STM32Cube_FW_G0_V1.6.2, STM32Cube_FW_G4_V1.6.1, STM32Cube_FW_H5_V1.4.0, STM32Cube_FW_H7RS_V1.1.0, STM32Cube_FW_H7_V1.12.0, STM32Cube_FW_L0_V1.12.2, STM32Cube_FW_L4_V1.18.1, STM32Cube_FW_L5_V1.5.1, STM32Cube_FW_N6_V1.0.0, STM32Cube_FW_U0_V1.2.0, STM32Cube_FW_U3_V1.0.0, STM32Cube_FW_U5_V1.7.0, STM32Cube_FW_WB0_V1.1.0, STM32Cube_FW_WBA_V1.5.0, STM32Cube_FW_WB_V1.21.0, STM32Cube_FW_WL3_V1.0.0, STM32Cube_FW_WL_V1.3.0, X-CUBE-ALGOBUILD_V1.4.0, X-CUBE-ALS_V1.0.2, X-CUBE-AZRTOS-F4_V1.1.0, X-CUBE-AZRTOS-F7_V1.1.0, X-CUBE-AZRTOS-G0_V1.1.0, X-CUBE-AZRTOS-G4_V2.0.0, X-CUBE-AZRTOS-H7RS_V1.0.0, X-CUBE-AZRTOS-H7_V3.3.0, X-CUBE-AZRTOS-L4_V2.0.0, X-CUBE-AZRTOS-L5_V2.0.0, X-CUBE-AZRTOS-WB_V2.0.0, X-CUBE-AZRTOS-WL_V2.0.0, X-CUBE-BLE1_V7.0.0, X-CUBE-BLE2_V3.3.0, X-CUBE-BLEMGR_V3.1.0, X-CUBE-EEPRMA1_V5.1.0, X-CUBE-FREERTOS_V1.2.0, X-CUBE-GNSS1_V6.0.0, X-CUBE-MEMS1_V11.0.0, X-CUBE-NFC4_V3.0.0, X-CUBE-NFC7_V1.0.1, X-CUBE-SFXS2LP1_V4.0.0, X-CUBE-SUBG2_V5.0.0, X-CUBE-TOF1_V3.4.2]
2024-12-26 00:26:17,705 [INFO] DbBoardsSqlite:226 - include board P-NUCLEO-WB55-NUCLEO as a kit item of type 'Nucleo-64'
2024-12-26 00:26:17,706 [INFO] DbBoardsSqlite:226 - include board P-NUCLEO-WB55-USBDONGLE as a kit item of type 'Nucleo USB Dongle'
2024-12-26 00:26:17,706 [INFO] DbBoardsSqlite:226 - include board STEVAL-IDP005V1 as a kit item of type 'Evaluation Board'
2024-12-26 00:26:17,706 [INFO] DbBoardsSqlite:226 - include board STEVAL-IDP005V2 as a kit item of type 'Evaluation Board'
2024-12-26 00:26:17,746 [INFO] ApiDb:240 - Found 858 in-development CPN: [B-G473E-ZEST1S, B-WB1M-WPAN1, B-WBA5M-WPAN, B-WL5M-SUBG1, NUCLEO-C031C6, NUCLEO-C051C8, NUCLEO-C071RB, NUCLEO-C092RC, NUCLEO-H503RB, NUCLEO-H533RE, NUCLEO-H563ZI, NUCLEO-H7S3L8, NUCLEO-N657X0-Q, NUCLEO-U031R8, NUCLEO-U083RC, NUCLEO-U385RG-Q, NUCLEO-U545RE-Q, NUCLEO-U5A5ZJ-Q, NUCLEO-WB05KZ, NUCLEO-WB07CC, NUCLEO-WB09KE, NUCLEO-WBA52CG, NUCLEO-WBA55CG, NUCLEO-WL33CC1, NUCLEO-WL33CC2, STEVAL-PROTEUS1, STEVAL-SMARTAG2, STEVAL-STWINBX1, STM320518-EVAL, STM32C0116-DK, STM32C011D6Y3TR, STM32C011D6Y6TR, STM32C011F4P3, STM32C011F4P6, STM32C011F4U3, STM32C011F4U6TR, STM32C011F6P3, STM32C011F6P6, STM32C011F6U3, STM32C011F6U6TR, STM32C011J4M3, STM32C011J4M6, STM32C011J6M3, STM32C011J6M6, STM32C0316-DK, STM32C031C4T3, STM32C031C4T6, STM32C031C4U3, STM32C031C4U6, STM32C031C6T3, STM32C031C6T6, STM32C031C6U3, STM32C031C6U6, STM32C031F4P3, STM32C031F4P6, STM32C031F6P3, STM32C031F6P6, STM32C031G4U3, STM32C031G4U6, STM32C031G6U3, STM32C031G6U6, STM32C031K4T3, STM32C031K4T6, STM32C031K4U3, STM32C031K4U6, STM32C031K6T3, STM32C031K6T6, STM32C031K6U3, STM32C031K6U6, STM32C051C6T6, STM32C051C6U6, STM32C051C8T6, STM32C051C8U6, STM32C051D8Y6TR, STM32C051F6P6, STM32C051F8P6, STM32C051G6U6, STM32C051G8U6, STM32C051K6T6, STM32C051K6U6, STM32C051K8T6, STM32C071C8T6, STM32C071C8T6N, STM32C071C8U6, STM32C071C8U6N, STM32C071CBT6, STM32C071CBT6N, STM32C071CBU6, STM32C071CBU6N, STM32C071F8P6, STM32C071F8P6N, STM32C071FBP6, STM32C071FBP6N, STM32C071FBY6TR, STM32C071G8U6, STM32C071G8U6N, STM32C071GBU6, STM32C071GBU6N, STM32C071K8T6, STM32C071K8T6N, STM32C071K8U6, STM32C071K8U6N, STM32C071KBT6, STM32C071KBT6N, STM32C071KBU6, STM32C071KBU6N, STM32C071R8T6, STM32C071R8T6N, STM32C071RBI6N, STM32C071RBT6, STM32C071RBT6N, STM32C091CBT6, STM32C091CBU6, STM32C091CCT6, STM32C091CCU6, STM32C091ECY6TR, STM32C091FBP6, STM32C091FCP6, STM32C091GBU6, STM32C091GCU6, STM32C091KBT6, STM32C091KBU6, STM32C091KCT6, STM32C091KCU6, STM32C091RBT6, STM32C091RCI6, STM32C091RCT6, STM32C092CBT6, STM32C092CBU6, STM32C092CCT6, STM32C092CCU6, STM32C092ECY6TR, STM32C092FBP6, STM32C092FCP6, STM32C092GBU6, STM32C092GCU6, STM32C092KBT6, STM32C092KBU6, STM32C092KCT6, STM32C092KCU6, STM32C092RBT6, STM32C092RCI6, STM32C092RCT6, STM32G071K8TXN, STM32G071K8UXN, STM32G081GBU6N, STM32G081KBT6N, STM32G081KBUXN, STM32G0B1CCT6N, STM32G0B1KCT6, STM32G0B1NEY6TR, STM32G0B1RCT6N, STM32G0C1CCT6, STM32G0C1CCT6N, STM32G0C1CCU6N, STM32G0C1CET6N, STM32G0C1CEU6N, STM32G0C1KCT6, STM32G0C1NEY6TR, STM32G0C1RCI6N, STM32G0C1RCT6N, STM32G0C1REI6N, STM32G0C1RET6N, STM32G0C1VCI6, STM32G0C1VEI6, STM32G411C6T3, STM32G411C6T6, STM32G411C6U3, STM32G411C6U6, STM32G411C8T3, STM32G411C8T6, STM32G411C8U3, STM32G411C8U6, STM32G411CBT3, STM32G411CBT6, STM32G411CBU3, STM32G411CBU6, STM32G411CCT3, STM32G411CCT6, STM32G411CCU3, STM32G411CCU6, STM32G411K6T3, STM32G411K6T6, STM32G411K6U3, STM32G411K6U6, STM32G411K8T3, STM32G411K8T6, STM32G411K8U3, STM32G411K8U6, STM32G411KBT3, STM32G411KBT6, STM32G411KBU3, STM32G411KBU6, STM32G411M6T3, STM32G411M6T6, STM32G411M8T3, STM32G411M8T6, STM32G411MBT3, STM32G411MBT6, STM32G411MCT3, STM32G411MCT6, STM32G411R6T3, STM32G411R6T6, STM32G411R8T3, STM32G411R8T6, STM32G411RBT3, STM32G411RBT6, STM32G411RCT3, STM32G411RCT6, STM32G414CBT3, STM32G414CBT6, STM32G414CBU3, STM32G414CBU6, STM32G414CCT3, STM32G414CCT6, STM32G414CCU3, STM32G414CCU6, STM32G414MBT3, STM32G414MBT6, STM32G414MCT3, STM32G414MCT6, STM32G414RBT3, STM32G414RBT6, STM32G414RCT3, STM32G414RCT6, STM32G414VBT3, STM32G414VBT6, STM32G414VCT3, STM32G414VCT6, STM32G431CBT3Z, STM32G431RBT3Z, STM32G471CCT6, STM32G471CCU6, STM32G471CET3, STM32G471CET6, STM32G471CEU3, STM32G471CEU6, STM32G471MCT6, STM32G471MET3, STM32G471MET6, STM32G471MEY6TR, STM32G471QCT6, STM32G471QET3, STM32G471RCT6, STM32G471RET3, STM32G471RET6, STM32G471VCH6, STM32G471VCI6, STM32G471VCT6, STM32G471VEH3, STM32G471VEH6, STM32G471VEI3, STM32G471VEI6, STM32G471VET3, STM32G471VET6, STM32G473QET3Z, STM32G473RET3Z, STM32G474CCT6, STM32G491RET3Z, STM32H503CBT6, STM32H503CBU6, STM32H503EBY6TR, STM32H503KBU6, STM32H503RBT6, STM32H523CCT6, STM32H523CCU6, STM32H523CET6, STM32H523CEU6, STM32H523HEY6TR, STM32H523RCT6, STM32H523RET6, STM32H523VCI6, STM32H523VCT6, STM32H523VEI6, STM32H523VET6, STM32H523ZCJ6, STM32H523ZCT6, STM32H523ZEJ6, STM32H523ZET6, STM32H533CET6, STM32H533CEU6, STM32H533HEY6TR, STM32H533RET6, STM32H533VEI6, STM32H533VET6, STM32H533ZEJ6, STM32H533ZET6, STM32H562AGI6, STM32H562AII6, STM32H562IGK6, STM32H562IGT6, STM32H562IIK6, STM32H562IIT6, STM32H562RGT6, STM32H562RGV6, STM32H562RIT6, STM32H562RIV6, STM32H562VGT6, STM32H562VIT6, STM32H562ZGT6, STM32H562ZIT6, STM32H563AGI6, STM32H563AII3Q, STM32H563AII6, STM32H563IGK6, STM32H563IGT6, STM32H563IIK3Q, STM32H563IIK6, STM32H563IIT3Q, STM32H563IIT6, STM32H563MIY3QTR, STM32H563RGT6, STM32H563RGV6, STM32H563RIT6, STM32H563RIV6, STM32H563VGT6, STM32H563VIT3Q, STM32H563VIT6, STM32H563ZGT6, STM32H563ZIT3Q, STM32H563ZIT6, STM32H573AII3Q, STM32H573AII6, STM32H573I-DK, STM32H573IIK3Q, STM32H573IIK6, STM32H573IIT3Q, STM32H573IIT6, STM32H573MIY3QTR, STM32H573RIT6, STM32H573RIV6, STM32H573VIT3Q, STM32H573VIT6, STM32H573ZIT3Q, STM32H573ZIT6, STM32H7R3A8I6, STM32H7R3I8K6, STM32H7R3I8T6, STM32H7R3L8H6, STM32H7R3L8H6H, STM32H7R3R8V6, STM32H7R3V8H6, STM32H7R3V8T6, STM32H7R3V8Y6TR, STM32H7R3Z8J6, STM32H7R3Z8T6, STM32H7R7A8I6, STM32H7R7I8K6, STM32H7R7I8T6, STM32H7R7L8H6, STM32H7R7L8H6H, STM32H7R7Z8J6, STM32H7S3A8I6, STM32H7S3I8K6, STM32H7S3I8T6, STM32H7S3L8H6, STM32H7S3L8H6H, STM32H7S3R8V6, STM32H7S3V8H6, STM32H7S3V8T6, STM32H7S3V8Y6TR, STM32H7S3Z8J6, STM32H7S3Z8T6, STM32H7S78-DK, STM32H7S7A8I6, STM32H7S7I8K6, STM32H7S7I8T6, STM32H7S7L8H6, STM32H7S7L8H6H, STM32H7S7Z8J6, STM32L4R5QGI6STR, STM32MP131AAE3, STM32MP131AAF3, STM32MP131AAG3, STM32MP131CAE3, STM32MP131CAF3, STM32MP131CAG3, STM32MP131DAE7, STM32MP131DAF7, STM32MP131DAG7, STM32MP131FAE7, STM32MP131FAF7, STM32MP131FAG7, STM32MP133AAE3, STM32MP133AAF3, STM32MP133AAG3, STM32MP133CAE3, STM32MP133CAF3, STM32MP133CAG3, STM32MP133DAE7, STM32MP133DAF7, STM32MP133DAG7, STM32MP133FAE7, STM32MP133FAF7, STM32MP133FAG7, STM32MP135AAE3, STM32MP135AAF3, STM32MP135AAG3, STM32MP135CAE3, STM32MP135CAF3, STM32MP135CAG3, STM32MP135DAE7, STM32MP135DAF7, STM32MP135DAG7, STM32MP135F-DK, STM32MP135FAE7, STM32MP135FAF7, STM32MP135FAF7T, STM32MP135FAF7U, STM32MP135FAG7, STM32MP231AAJ3, STM32MP231AAK3, STM32MP231AAL3, STM32MP231CAJ3, STM32MP231CAK3, STM32MP231CAL3, STM32MP231DAJ3, STM32MP231DAK3, STM32MP231DAL3, STM32MP231FAJ3, STM32MP231FAK3, STM32MP231FAL3, STM32MP233AAJ3, STM32MP233AAK3, STM32MP233AAL3, STM32MP233CAJ3, STM32MP233CAK3, STM32MP233CAL3, STM32MP233DAJ3, STM32MP233DAK3, STM32MP233DAL3, STM32MP233FAJ3, STM32MP233FAK3, STM32MP233FAL3, STM32MP235AAJ3, STM32MP235AAK3, STM32MP235AAL3, STM32MP235CAJ3, STM32MP235CAK3, STM32MP235CAL3, STM32MP235DAJ3, STM32MP235DAK3, STM32MP235DAL3, STM32MP235FAJ3, STM32MP235FAK3, STM32MP235FAL3, STM32MP251AAI3, STM32MP251AAJ3, STM32MP251AAK3, STM32MP251AAL3, STM32MP251CAI3, STM32MP251CAJ3, STM32MP251CAK3, STM32MP251CAL3, STM32MP251DAI3, STM32MP251DAJ3, STM32MP251DAK3, STM32MP251DAL3, STM32MP251FAI3, STM32MP251FAJ3, STM32MP251FAK3, STM32MP251FAL3, STM32MP253AAI3, STM32MP253AAJ3, STM32MP253AAK3, STM32MP253AAL3, STM32MP253CAI3, STM32MP253CAJ3, STM32MP253CAK3, STM32MP253CAL3, STM32MP253DAI3, STM32MP253DAJ3, STM32MP253DAK3, STM32MP253DAL3, STM32MP253FAI3, STM32MP253FAJ3, STM32MP253FAK3, STM32MP253FAL3, STM32MP255AAI3, STM32MP255AAJ3, STM32MP255AAK3, STM32MP255AAL3, STM32MP255CAI3, STM32MP255CAJ3, STM32MP255CAK3, STM32MP255CAL3, STM32MP255DAI3, STM32MP255DAJ3, STM32MP255DAK3, STM32MP255DAL3, STM32MP255FAI3, STM32MP255FAJ3, STM32MP255FAK3, STM32MP255FAL3, STM32MP257AAI3, STM32MP257AAJ3, STM32MP257AAK3, STM32MP257AAL3, STM32MP257CAI3, STM32MP257CAJ3, STM32MP257CAK3, STM32MP257CAL3, STM32MP257DAI3, STM32MP257DAJ3, STM32MP257DAK3, STM32MP257DAL3, STM32MP257F-DK, STM32MP257F-EV1, STM32MP257FAI3, STM32MP257FAJ3, STM32MP257FAK3, STM32MP257FAL3, STM32N645A0H3Q, STM32N645B0H3Q, STM32N645I0H3Q, STM32N645L0H3Q, STM32N645X0H3Q, STM32N645Z0H3Q, STM32N647A0H3Q, STM32N647B0H3Q, STM32N647I0H3Q, STM32N647L0H3Q, STM32N647X0H3Q, STM32N647Z0H3Q, STM32N655A0H3Q, STM32N655B0H3Q, STM32N655I0H3Q, STM32N655L0H3Q, STM32N655X0H3Q, STM32N655Z0H3Q, STM32N6570-DK, STM32N657A0H3Q, STM32N657B0H3Q, STM32N657I0H3Q, STM32N657L0H3Q, STM32N657X0H3Q, STM32N657Z0H3Q, STM32U031C6T6, STM32U031C6U6, STM32U031C8T6, STM32U031C8U6, STM32U031F4P6, STM32U031F6P6, STM32U031F8P6, STM32U031G6Y6TR, STM32U031G8Y6TR, STM32U031K4U6, STM32U031K6U6, STM32U031K8U6, STM32U031R6I6, STM32U031R6T6, STM32U031R8I6, STM32U031R8T6, STM32U073C8T6, STM32U073C8U6, STM32U073CBT6, STM32U073CBU6, STM32U073CCT6, STM32U073CCU6, STM32U073H8Y6TR, STM32U073HBY6TR, STM32U073HCY6TR, STM32U073K8U6, STM32U073KBU6, STM32U073KCU6, STM32U073M8I6, STM32U073M8T6, STM32U073MBI6, STM32U073MBT6, STM32U073MCI6, STM32U073MCT6, STM32U073R8I6, STM32U073R8T6, STM32U073RBI6, STM32U073RBT6, STM32U073RCI6, STM32U073RCT6, STM32U083C-DK, STM32U083CCT6, STM32U083CCU6, STM32U083HCY6TR, STM32U083KCU6, STM32U083MCI6, STM32U083MCT6, STM32U083RCI6, STM32U083RCT6, STM32U375CET6, STM32U375CET6Q, STM32U375CEU6, STM32U375CEU6Q, STM32U375CEY6QTR, STM32U375CGT6, STM32U375CGT6Q, STM32U375CGU6, STM32U375CGU6Q, STM32U375CGY6QTR, STM32U375KEU6, STM32U375KGU6, STM32U375REI6, STM32U375REI6Q, STM32U375RET6, STM32U375RET6Q, STM32U375REY6GTR, STM32U375REY6QTR, STM32U375RGI6, STM32U375RGI6Q, STM32U375RGT6, STM32U375RGT6Q, STM32U375RGY6GTR, STM32U375RGY6QTR, STM32U375VEI6, STM32U375VEI6Q, STM32U375VET6, STM32U375VET6Q, STM32U375VGI6, STM32U375VGI6Q, STM32U375VGT6, STM32U375VGT6Q, STM32U385CGT6, STM32U385CGT6Q, STM32U385CGU6, STM32U385CGU6Q, STM32U385CGY6QTR, STM32U385KGU6, STM32U385RGI6, STM32U385RGI6Q, STM32U385RGT6, STM32U385RGT6Q, STM32U385RGY6GTR, STM32U385RGY6QTR, STM32U385VGI6, STM32U385VGI6Q, STM32U385VGT6, STM32U385VGT6Q, STM32U535CBT6, STM32U535CBT6Q, STM32U535CBU6, STM32U535CBU6Q, STM32U535CCT6, STM32U535CCT6Q, STM32U535CCU6, STM32U535CCU6Q, STM32U535CET6, STM32U535CET6Q, STM32U535CEU6, STM32U535CEU6Q, STM32U535JEY6QTR, STM32U535NCY6QTR, STM32U535NEY6QTR, STM32U535RBI6, STM32U535RBI6Q, STM32U535RBT6, STM32U535RBT6Q, STM32U535RCI6, STM32U535RCI6Q, STM32U535RCT6, STM32U535RCT6Q, STM32U535REI6, STM32U535REI6Q, STM32U535RET6, STM32U535RET6Q, STM32U535VCI6, STM32U535VCI6Q, STM32U535VCT6, STM32U535VCT6Q, STM32U535VEI6, STM32U535VEI6Q, STM32U535VET6, STM32U535VET6Q, STM32U545CET6, STM32U545CET6Q, STM32U545CEU6, STM32U545CEU6Q, STM32U545JEY6QTR, STM32U545NEY6QTR, STM32U545REI6, STM32U545REI6Q, STM32U545RET6, STM32U545RET6Q, STM32U545VEI6, STM32U545VEI6Q, STM32U545VET6, STM32U545VET6Q, STM32U595AIH6, STM32U595AIH6Q, STM32U595AJH6, STM32U595AJH6Q, STM32U595QII6, STM32U595QII6Q, STM32U595QJI6, STM32U595QJI6Q, STM32U595RIT6, STM32U595RIT6Q, STM32U595RJT6, STM32U595RJT6Q, STM32U595VIT6, STM32U595VIT6Q, STM32U595VJT6, STM32U595VJT6Q, STM32U595ZIT6, STM32U595ZIT6Q, STM32U595ZIY6QTR, STM32U595ZJT6, STM32U595ZJT6Q, STM32U595ZJY6QTR, STM32U599BJY6QTR, STM32U599NIH6Q, STM32U599NJH6Q, STM32U599VIT6Q, STM32U599VJT6, STM32U599VJT6Q, STM32U599ZIT6Q, STM32U599ZIY6QTR, STM32U599ZJT6Q, STM32U599ZJY6QTR, STM32U5A5AJH6, STM32U5A5AJH6Q, STM32U5A5QII3Q , STM32U5A5QJI6, STM32U5A5QJI6Q, STM32U5A5RJT6, STM32U5A5RJT6Q, STM32U5A5VJT6, STM32U5A5VJT6Q, STM32U5A5ZJT6, STM32U5A5ZJT6Q, STM32U5A5ZJY6QTR, STM32U5A9BJY6QTR, STM32U5A9J-DK, STM32U5A9NJH6Q, STM32U5A9VJT6Q, STM32U5A9ZJT6Q, STM32U5A9ZJY6QTR, STM32U5F7VIT6, STM32U5F7VIT6Q, STM32U5F7VJT6, STM32U5F7VJT6Q, STM32U5F9BJY6QTR, STM32U5F9NJH6Q, STM32U5F9VIT6Q, STM32U5F9VJT6Q, STM32U5F9ZIJ6QTR, STM32U5F9ZIT6Q, STM32U5F9ZJJ6QTR, STM32U5F9ZJT6Q, STM32U5G7VJT6, STM32U5G7VJT6Q, STM32U5G9BJY6QTR, STM32U5G9J-DK1, STM32U5G9J-DK2, STM32U5G9NJH6Q, STM32U5G9VJT6Q, STM32U5G9ZJJ6QTR, STM32U5G9ZJT6Q, STM32WB05KZV6TR, STM32WB05KZV7TR, STM32WB05TZF6TR, STM32WB05TZF7TR, STM32WB06CCF6TR, STM32WB06CCF7TR, STM32WB06CCV6TR, STM32WB06CCV7TR, STM32WB06KCV6TR, STM32WB06KCV7TR, STM32WB07CCF6TR, STM32WB07CCF7TR, STM32WB07CCV6TR, STM32WB07CCV7TR, STM32WB07KCV6TR, STM32WB07KCV7TR, STM32WB09KEV6TR, STM32WB09KEV7TR, STM32WB09TEF6TR, STM32WB09TEF7TR, STM32WB1MMCH6, STM32WBA50KGU6, STM32WBA50KGU6TR, STM32WBA52CEU6, STM32WBA52CEU6TR, STM32WBA52CEU7, STM32WBA52CEU7TR, STM32WBA52CGU6, STM32WBA52CGU6TR, STM32WBA52CGU6U, STM32WBA52CGU7, STM32WBA52CGU7TR, STM32WBA52KEU6, STM32WBA52KEU6TR, STM32WBA52KGU6, STM32WBA52KGU6TR, STM32WBA54CEU6, STM32WBA54CEU6TR, STM32WBA54CEU7, STM32WBA54CEU7TR, STM32WBA54CGU6, STM32WBA54CGU6TR, STM32WBA54CGU7, STM32WBA54CGU7TR, STM32WBA54KEU6, STM32WBA54KEU6TR, STM32WBA54KEU7, STM32WBA54KEU7TR, STM32WBA54KGU6, STM32WBA54KGU6TR, STM32WBA54KGU7, STM32WBA54KGU7TR, STM32WBA55CEU6, STM32WBA55CEU6TR, STM32WBA55CEU7, STM32WBA55CEU7TR, STM32WBA55CGU6, STM32WBA55CGU6TR, STM32WBA55CGU6U, STM32WBA55CGU7, STM32WBA55CGU7TR, STM32WBA55G-DK1, STM32WBA55HEF6, STM32WBA55HEF7, STM32WBA55HGF6, STM32WBA55HGF7, STM32WBA55UEI6, STM32WBA55UEI6TR, STM32WBA55UEI7, STM32WBA55UEI7TR, STM32WBA55UGI6, STM32WBA55UGI6TR, STM32WBA55UGI7, STM32WBA55UGI7TR, STM32WBA5MJGH6TR, STM32WBA5MJGH6U, STM32WL33C8V6, STM32WL33C8V6TR, STM32WL33C8V7, STM32WL33C8V7TR, STM32WL33CBV6, STM32WL33CBV6TR, STM32WL33CBV7, STM32WL33CBV7TR, STM32WL33CCV6, STM32WL33CCV6TR, STM32WL33CCV7, STM32WL33CCV7A, STM32WL33CCV7ATR, STM32WL33CCV7TR, STM32WL33K8V6, STM32WL33K8V6TR, STM32WL33K8V7, STM32WL33K8V7TR, STM32WL33KBV6, STM32WL33KBV6TR, STM32WL33KBV7, STM32WL33KBV7TR, STM32WL33KCV6, STM32WL33KCV6TR, STM32WL33KCV7, STM32WL33KCV7TR, STM32WL5MOCH6, STM32WL5MOCH6TR]
2024-12-26 00:26:17,890 [INFO] BoardInfo:889 - No configuration file found for board P-NUCLEO-WB55
2024-12-26 00:26:17,891 [INFO] DbBoards:161 - Kit is not supported: P-NUCLEO-WB55
2024-12-26 00:26:17,895 [INFO] BoardInfo:889 - No configuration file found for board STEVAL-BFA001V1B
2024-12-26 00:26:17,896 [INFO] DbBoards:161 - Kit is not supported: STEVAL-BFA001V1B
2024-12-26 00:26:17,897 [INFO] BoardInfo:889 - No configuration file found for board STEVAL-BFA001V2B
2024-12-26 00:26:17,897 [INFO] DbBoards:161 - Kit is not supported: STEVAL-BFA001V2B
2024-12-26 00:26:17,927 [ERROR] LogOutputStream:75 - [STDERR_REDIRECT] [Fatal Error] :1:1: Premature end of file.
2024-12-26 00:26:17,927 [ERROR] LogOutputStream:75 - [STDERR_REDIRECT] 
2024-12-26 00:26:18,029 [INFO] DbBoards:168 - Found 209 boards, 206 are supported
2024-12-26 00:26:18,029 [INFO] DbBoards:169 - Found 209 boards, 42 of them is supported for  Bsp
2024-12-26 00:26:18,032 [INFO] ApiDb:668 - CubeFinder database Data Model version=2.1
2024-12-26 00:26:18,033 [INFO] ApiDb:669 - CubeFinder database Configuration version=3.0.39
2024-12-26 00:26:18,033 [INFO] ApiDb:670 - CubeFinder database generation date=2024-11-21 (1732182206)
2024-12-26 00:26:18,033 [INFO] ApiDb:671 - CubeFinder database FW Pack versions=[FP-ATR-ASTRA1_V2.0.0, FP-SNS-FLIGHT1_V5.0.2, FP-SNS-MOTENV1_V5.0.0, FP-SNS-MOTENVWB1_V1.4.0, FP-SNS-SMARTAG2_V1.2.0, FP-SNS-STBOX1_V2.0.0, STM32Cube_FW_C0_V1.3.0, STM32Cube_FW_F4_V1.28.1, STM32Cube_FW_F7_V1.17.2, STM32Cube_FW_G0_V1.6.2, STM32Cube_FW_G4_V1.6.1, STM32Cube_FW_H5_V1.4.0, STM32Cube_FW_H7RS_V1.1.0, STM32Cube_FW_H7_V1.12.0, STM32Cube_FW_L0_V1.12.2, STM32Cube_FW_L4_V1.18.1, STM32Cube_FW_L5_V1.5.1, STM32Cube_FW_N6_V1.0.0, STM32Cube_FW_U0_V1.2.0, STM32Cube_FW_U3_V1.0.0, STM32Cube_FW_U5_V1.7.0, STM32Cube_FW_WB0_V1.1.0, STM32Cube_FW_WBA_V1.5.0, STM32Cube_FW_WB_V1.21.0, STM32Cube_FW_WL3_V1.0.0, STM32Cube_FW_WL_V1.3.0, X-CUBE-ALGOBUILD_V1.4.0, X-CUBE-ALS_V1.0.2, X-CUBE-AZRTOS-F4_V1.1.0, X-CUBE-AZRTOS-F7_V1.1.0, X-CUBE-AZRTOS-G0_V1.1.0, X-CUBE-AZRTOS-G4_V2.0.0, X-CUBE-AZRTOS-H7RS_V1.0.0, X-CUBE-AZRTOS-H7_V3.3.0, X-CUBE-AZRTOS-L4_V2.0.0, X-CUBE-AZRTOS-L5_V2.0.0, X-CUBE-AZRTOS-WB_V2.0.0, X-CUBE-AZRTOS-WL_V2.0.0, X-CUBE-BLE1_V7.0.0, X-CUBE-BLE2_V3.3.0, X-CUBE-BLEMGR_V3.1.0, X-CUBE-EEPRMA1_V5.1.0, X-CUBE-FREERTOS_V1.2.0, X-CUBE-GNSS1_V6.0.0, X-CUBE-MEMS1_V11.0.0, X-CUBE-NFC4_V3.0.0, X-CUBE-NFC7_V1.0.1, X-CUBE-SFXS2LP1_V4.0.0, X-CUBE-SUBG2_V5.0.0, X-CUBE-TOF1_V3.4.2]
2024-12-26 00:26:18,926 [ERROR] LogOutputStream:75 - [STDERR_REDIRECT] [Fatal Error] :1:1: Premature end of file.
2024-12-26 00:26:18,926 [ERROR] LogOutputStream:75 - [STDERR_REDIRECT] 
2024-12-26 00:26:19,332 [INFO] ApiDb:240 - Found 858 in-development CPN: [B-G473E-ZEST1S, B-WB1M-WPAN1, B-WBA5M-WPAN, B-WL5M-SUBG1, NUCLEO-C031C6, NUCLEO-C051C8, NUCLEO-C071RB, NUCLEO-C092RC, NUCLEO-H503RB, NUCLEO-H533RE, NUCLEO-H563ZI, NUCLEO-H7S3L8, NUCLEO-N657X0-Q, NUCLEO-U031R8, NUCLEO-U083RC, NUCLEO-U385RG-Q, NUCLEO-U545RE-Q, NUCLEO-U5A5ZJ-Q, NUCLEO-WB05KZ, NUCLEO-WB07CC, NUCLEO-WB09KE, NUCLEO-WBA52CG, NUCLEO-WBA55CG, NUCLEO-WL33CC1, NUCLEO-WL33CC2, STEVAL-PROTEUS1, STEVAL-SMARTAG2, STEVAL-STWINBX1, STM320518-EVAL, STM32C0116-DK, STM32C011D6Y3TR, STM32C011D6Y6TR, STM32C011F4P3, STM32C011F4P6, STM32C011F4U3, STM32C011F4U6TR, STM32C011F6P3, STM32C011F6P6, STM32C011F6U3, STM32C011F6U6TR, STM32C011J4M3, STM32C011J4M6, STM32C011J6M3, STM32C011J6M6, STM32C0316-DK, STM32C031C4T3, STM32C031C4T6, STM32C031C4U3, STM32C031C4U6, STM32C031C6T3, STM32C031C6T6, STM32C031C6U3, STM32C031C6U6, STM32C031F4P3, STM32C031F4P6, STM32C031F6P3, STM32C031F6P6, STM32C031G4U3, STM32C031G4U6, STM32C031G6U3, STM32C031G6U6, STM32C031K4T3, STM32C031K4T6, STM32C031K4U3, STM32C031K4U6, STM32C031K6T3, STM32C031K6T6, STM32C031K6U3, STM32C031K6U6, STM32C051C6T6, STM32C051C6U6, STM32C051C8T6, STM32C051C8U6, STM32C051D8Y6TR, STM32C051F6P6, STM32C051F8P6, STM32C051G6U6, STM32C051G8U6, STM32C051K6T6, STM32C051K6U6, STM32C051K8T6, STM32C071C8T6, STM32C071C8T6N, STM32C071C8U6, STM32C071C8U6N, STM32C071CBT6, STM32C071CBT6N, STM32C071CBU6, STM32C071CBU6N, STM32C071F8P6, STM32C071F8P6N, STM32C071FBP6, STM32C071FBP6N, STM32C071FBY6TR, STM32C071G8U6, STM32C071G8U6N, STM32C071GBU6, STM32C071GBU6N, STM32C071K8T6, STM32C071K8T6N, STM32C071K8U6, STM32C071K8U6N, STM32C071KBT6, STM32C071KBT6N, STM32C071KBU6, STM32C071KBU6N, STM32C071R8T6, STM32C071R8T6N, STM32C071RBI6N, STM32C071RBT6, STM32C071RBT6N, STM32C091CBT6, STM32C091CBU6, STM32C091CCT6, STM32C091CCU6, STM32C091ECY6TR, STM32C091FBP6, STM32C091FCP6, STM32C091GBU6, STM32C091GCU6, STM32C091KBT6, STM32C091KBU6, STM32C091KCT6, STM32C091KCU6, STM32C091RBT6, STM32C091RCI6, STM32C091RCT6, STM32C092CBT6, STM32C092CBU6, STM32C092CCT6, STM32C092CCU6, STM32C092ECY6TR, STM32C092FBP6, STM32C092FCP6, STM32C092GBU6, STM32C092GCU6, STM32C092KBT6, STM32C092KBU6, STM32C092KCT6, STM32C092KCU6, STM32C092RBT6, STM32C092RCI6, STM32C092RCT6, STM32G071K8TXN, STM32G071K8UXN, STM32G081GBU6N, STM32G081KBT6N, STM32G081KBUXN, STM32G0B1CCT6N, STM32G0B1KCT6, STM32G0B1NEY6TR, STM32G0B1RCT6N, STM32G0C1CCT6, STM32G0C1CCT6N, STM32G0C1CCU6N, STM32G0C1CET6N, STM32G0C1CEU6N, STM32G0C1KCT6, STM32G0C1NEY6TR, STM32G0C1RCI6N, STM32G0C1RCT6N, STM32G0C1REI6N, STM32G0C1RET6N, STM32G0C1VCI6, STM32G0C1VEI6, STM32G411C6T3, STM32G411C6T6, STM32G411C6U3, STM32G411C6U6, STM32G411C8T3, STM32G411C8T6, STM32G411C8U3, STM32G411C8U6, STM32G411CBT3, STM32G411CBT6, STM32G411CBU3, STM32G411CBU6, STM32G411CCT3, STM32G411CCT6, STM32G411CCU3, STM32G411CCU6, STM32G411K6T3, STM32G411K6T6, STM32G411K6U3, STM32G411K6U6, STM32G411K8T3, STM32G411K8T6, STM32G411K8U3, STM32G411K8U6, STM32G411KBT3, STM32G411KBT6, STM32G411KBU3, STM32G411KBU6, STM32G411M6T3, STM32G411M6T6, STM32G411M8T3, STM32G411M8T6, STM32G411MBT3, STM32G411MBT6, STM32G411MCT3, STM32G411MCT6, STM32G411R6T3, STM32G411R6T6, STM32G411R8T3, STM32G411R8T6, STM32G411RBT3, STM32G411RBT6, STM32G411RCT3, STM32G411RCT6, STM32G414CBT3, STM32G414CBT6, STM32G414CBU3, STM32G414CBU6, STM32G414CCT3, STM32G414CCT6, STM32G414CCU3, STM32G414CCU6, STM32G414MBT3, STM32G414MBT6, STM32G414MCT3, STM32G414MCT6, STM32G414RBT3, STM32G414RBT6, STM32G414RCT3, STM32G414RCT6, STM32G414VBT3, STM32G414VBT6, STM32G414VCT3, STM32G414VCT6, STM32G431CBT3Z, STM32G431RBT3Z, STM32G471CCT6, STM32G471CCU6, STM32G471CET3, STM32G471CET6, STM32G471CEU3, STM32G471CEU6, STM32G471MCT6, STM32G471MET3, STM32G471MET6, STM32G471MEY6TR, STM32G471QCT6, STM32G471QET3, STM32G471RCT6, STM32G471RET3, STM32G471RET6, STM32G471VCH6, STM32G471VCI6, STM32G471VCT6, STM32G471VEH3, STM32G471VEH6, STM32G471VEI3, STM32G471VEI6, STM32G471VET3, STM32G471VET6, STM32G473QET3Z, STM32G473RET3Z, STM32G474CCT6, STM32G491RET3Z, STM32H503CBT6, STM32H503CBU6, STM32H503EBY6TR, STM32H503KBU6, STM32H503RBT6, STM32H523CCT6, STM32H523CCU6, STM32H523CET6, STM32H523CEU6, STM32H523HEY6TR, STM32H523RCT6, STM32H523RET6, STM32H523VCI6, STM32H523VCT6, STM32H523VEI6, STM32H523VET6, STM32H523ZCJ6, STM32H523ZCT6, STM32H523ZEJ6, STM32H523ZET6, STM32H533CET6, STM32H533CEU6, STM32H533HEY6TR, STM32H533RET6, STM32H533VEI6, STM32H533VET6, STM32H533ZEJ6, STM32H533ZET6, STM32H562AGI6, STM32H562AII6, STM32H562IGK6, STM32H562IGT6, STM32H562IIK6, STM32H562IIT6, STM32H562RGT6, STM32H562RGV6, STM32H562RIT6, STM32H562RIV6, STM32H562VGT6, STM32H562VIT6, STM32H562ZGT6, STM32H562ZIT6, STM32H563AGI6, STM32H563AII3Q, STM32H563AII6, STM32H563IGK6, STM32H563IGT6, STM32H563IIK3Q, STM32H563IIK6, STM32H563IIT3Q, STM32H563IIT6, STM32H563MIY3QTR, STM32H563RGT6, STM32H563RGV6, STM32H563RIT6, STM32H563RIV6, STM32H563VGT6, STM32H563VIT3Q, STM32H563VIT6, STM32H563ZGT6, STM32H563ZIT3Q, STM32H563ZIT6, STM32H573AII3Q, STM32H573AII6, STM32H573I-DK, STM32H573IIK3Q, STM32H573IIK6, STM32H573IIT3Q, STM32H573IIT6, STM32H573MIY3QTR, STM32H573RIT6, STM32H573RIV6, STM32H573VIT3Q, STM32H573VIT6, STM32H573ZIT3Q, STM32H573ZIT6, STM32H7R3A8I6, STM32H7R3I8K6, STM32H7R3I8T6, STM32H7R3L8H6, STM32H7R3L8H6H, STM32H7R3R8V6, STM32H7R3V8H6, STM32H7R3V8T6, STM32H7R3V8Y6TR, STM32H7R3Z8J6, STM32H7R3Z8T6, STM32H7R7A8I6, STM32H7R7I8K6, STM32H7R7I8T6, STM32H7R7L8H6, STM32H7R7L8H6H, STM32H7R7Z8J6, STM32H7S3A8I6, STM32H7S3I8K6, STM32H7S3I8T6, STM32H7S3L8H6, STM32H7S3L8H6H, STM32H7S3R8V6, STM32H7S3V8H6, STM32H7S3V8T6, STM32H7S3V8Y6TR, STM32H7S3Z8J6, STM32H7S3Z8T6, STM32H7S78-DK, STM32H7S7A8I6, STM32H7S7I8K6, STM32H7S7I8T6, STM32H7S7L8H6, STM32H7S7L8H6H, STM32H7S7Z8J6, STM32L4R5QGI6STR, STM32MP131AAE3, STM32MP131AAF3, STM32MP131AAG3, STM32MP131CAE3, STM32MP131CAF3, STM32MP131CAG3, STM32MP131DAE7, STM32MP131DAF7, STM32MP131DAG7, STM32MP131FAE7, STM32MP131FAF7, STM32MP131FAG7, STM32MP133AAE3, STM32MP133AAF3, STM32MP133AAG3, STM32MP133CAE3, STM32MP133CAF3, STM32MP133CAG3, STM32MP133DAE7, STM32MP133DAF7, STM32MP133DAG7, STM32MP133FAE7, STM32MP133FAF7, STM32MP133FAG7, STM32MP135AAE3, STM32MP135AAF3, STM32MP135AAG3, STM32MP135CAE3, STM32MP135CAF3, STM32MP135CAG3, STM32MP135DAE7, STM32MP135DAF7, STM32MP135DAG7, STM32MP135F-DK, STM32MP135FAE7, STM32MP135FAF7, STM32MP135FAF7T, STM32MP135FAF7U, STM32MP135FAG7, STM32MP231AAJ3, STM32MP231AAK3, STM32MP231AAL3, STM32MP231CAJ3, STM32MP231CAK3, STM32MP231CAL3, STM32MP231DAJ3, STM32MP231DAK3, STM32MP231DAL3, STM32MP231FAJ3, STM32MP231FAK3, STM32MP231FAL3, STM32MP233AAJ3, STM32MP233AAK3, STM32MP233AAL3, STM32MP233CAJ3, STM32MP233CAK3, STM32MP233CAL3, STM32MP233DAJ3, STM32MP233DAK3, STM32MP233DAL3, STM32MP233FAJ3, STM32MP233FAK3, STM32MP233FAL3, STM32MP235AAJ3, STM32MP235AAK3, STM32MP235AAL3, STM32MP235CAJ3, STM32MP235CAK3, STM32MP235CAL3, STM32MP235DAJ3, STM32MP235DAK3, STM32MP235DAL3, STM32MP235FAJ3, STM32MP235FAK3, STM32MP235FAL3, STM32MP251AAI3, STM32MP251AAJ3, STM32MP251AAK3, STM32MP251AAL3, STM32MP251CAI3, STM32MP251CAJ3, STM32MP251CAK3, STM32MP251CAL3, STM32MP251DAI3, STM32MP251DAJ3, STM32MP251DAK3, STM32MP251DAL3, STM32MP251FAI3, STM32MP251FAJ3, STM32MP251FAK3, STM32MP251FAL3, STM32MP253AAI3, STM32MP253AAJ3, STM32MP253AAK3, STM32MP253AAL3, STM32MP253CAI3, STM32MP253CAJ3, STM32MP253CAK3, STM32MP253CAL3, STM32MP253DAI3, STM32MP253DAJ3, STM32MP253DAK3, STM32MP253DAL3, STM32MP253FAI3, STM32MP253FAJ3, STM32MP253FAK3, STM32MP253FAL3, STM32MP255AAI3, STM32MP255AAJ3, STM32MP255AAK3, STM32MP255AAL3, STM32MP255CAI3, STM32MP255CAJ3, STM32MP255CAK3, STM32MP255CAL3, STM32MP255DAI3, STM32MP255DAJ3, STM32MP255DAK3, STM32MP255DAL3, STM32MP255FAI3, STM32MP255FAJ3, STM32MP255FAK3, STM32MP255FAL3, STM32MP257AAI3, STM32MP257AAJ3, STM32MP257AAK3, STM32MP257AAL3, STM32MP257CAI3, STM32MP257CAJ3, STM32MP257CAK3, STM32MP257CAL3, STM32MP257DAI3, STM32MP257DAJ3, STM32MP257DAK3, STM32MP257DAL3, STM32MP257F-DK, STM32MP257F-EV1, STM32MP257FAI3, STM32MP257FAJ3, STM32MP257FAK3, STM32MP257FAL3, STM32N645A0H3Q, STM32N645B0H3Q, STM32N645I0H3Q, STM32N645L0H3Q, STM32N645X0H3Q, STM32N645Z0H3Q, STM32N647A0H3Q, STM32N647B0H3Q, STM32N647I0H3Q, STM32N647L0H3Q, STM32N647X0H3Q, STM32N647Z0H3Q, STM32N655A0H3Q, STM32N655B0H3Q, STM32N655I0H3Q, STM32N655L0H3Q, STM32N655X0H3Q, STM32N655Z0H3Q, STM32N6570-DK, STM32N657A0H3Q, STM32N657B0H3Q, STM32N657I0H3Q, STM32N657L0H3Q, STM32N657X0H3Q, STM32N657Z0H3Q, STM32U031C6T6, STM32U031C6U6, STM32U031C8T6, STM32U031C8U6, STM32U031F4P6, STM32U031F6P6, STM32U031F8P6, STM32U031G6Y6TR, STM32U031G8Y6TR, STM32U031K4U6, STM32U031K6U6, STM32U031K8U6, STM32U031R6I6, STM32U031R6T6, STM32U031R8I6, STM32U031R8T6, STM32U073C8T6, STM32U073C8U6, STM32U073CBT6, STM32U073CBU6, STM32U073CCT6, STM32U073CCU6, STM32U073H8Y6TR, STM32U073HBY6TR, STM32U073HCY6TR, STM32U073K8U6, STM32U073KBU6, STM32U073KCU6, STM32U073M8I6, STM32U073M8T6, STM32U073MBI6, STM32U073MBT6, STM32U073MCI6, STM32U073MCT6, STM32U073R8I6, STM32U073R8T6, STM32U073RBI6, STM32U073RBT6, STM32U073RCI6, STM32U073RCT6, STM32U083C-DK, STM32U083CCT6, STM32U083CCU6, STM32U083HCY6TR, STM32U083KCU6, STM32U083MCI6, STM32U083MCT6, STM32U083RCI6, STM32U083RCT6, STM32U375CET6, STM32U375CET6Q, STM32U375CEU6, STM32U375CEU6Q, STM32U375CEY6QTR, STM32U375CGT6, STM32U375CGT6Q, STM32U375CGU6, STM32U375CGU6Q, STM32U375CGY6QTR, STM32U375KEU6, STM32U375KGU6, STM32U375REI6, STM32U375REI6Q, STM32U375RET6, STM32U375RET6Q, STM32U375REY6GTR, STM32U375REY6QTR, STM32U375RGI6, STM32U375RGI6Q, STM32U375RGT6, STM32U375RGT6Q, STM32U375RGY6GTR, STM32U375RGY6QTR, STM32U375VEI6, STM32U375VEI6Q, STM32U375VET6, STM32U375VET6Q, STM32U375VGI6, STM32U375VGI6Q, STM32U375VGT6, STM32U375VGT6Q, STM32U385CGT6, STM32U385CGT6Q, STM32U385CGU6, STM32U385CGU6Q, STM32U385CGY6QTR, STM32U385KGU6, STM32U385RGI6, STM32U385RGI6Q, STM32U385RGT6, STM32U385RGT6Q, STM32U385RGY6GTR, STM32U385RGY6QTR, STM32U385VGI6, STM32U385VGI6Q, STM32U385VGT6, STM32U385VGT6Q, STM32U535CBT6, STM32U535CBT6Q, STM32U535CBU6, STM32U535CBU6Q, STM32U535CCT6, STM32U535CCT6Q, STM32U535CCU6, STM32U535CCU6Q, STM32U535CET6, STM32U535CET6Q, STM32U535CEU6, STM32U535CEU6Q, STM32U535JEY6QTR, STM32U535NCY6QTR, STM32U535NEY6QTR, STM32U535RBI6, STM32U535RBI6Q, STM32U535RBT6, STM32U535RBT6Q, STM32U535RCI6, STM32U535RCI6Q, STM32U535RCT6, STM32U535RCT6Q, STM32U535REI6, STM32U535REI6Q, STM32U535RET6, STM32U535RET6Q, STM32U535VCI6, STM32U535VCI6Q, STM32U535VCT6, STM32U535VCT6Q, STM32U535VEI6, STM32U535VEI6Q, STM32U535VET6, STM32U535VET6Q, STM32U545CET6, STM32U545CET6Q, STM32U545CEU6, STM32U545CEU6Q, STM32U545JEY6QTR, STM32U545NEY6QTR, STM32U545REI6, STM32U545REI6Q, STM32U545RET6, STM32U545RET6Q, STM32U545VEI6, STM32U545VEI6Q, STM32U545VET6, STM32U545VET6Q, STM32U595AIH6, STM32U595AIH6Q, STM32U595AJH6, STM32U595AJH6Q, STM32U595QII6, STM32U595QII6Q, STM32U595QJI6, STM32U595QJI6Q, STM32U595RIT6, STM32U595RIT6Q, STM32U595RJT6, STM32U595RJT6Q, STM32U595VIT6, STM32U595VIT6Q, STM32U595VJT6, STM32U595VJT6Q, STM32U595ZIT6, STM32U595ZIT6Q, STM32U595ZIY6QTR, STM32U595ZJT6, STM32U595ZJT6Q, STM32U595ZJY6QTR, STM32U599BJY6QTR, STM32U599NIH6Q, STM32U599NJH6Q, STM32U599VIT6Q, STM32U599VJT6, STM32U599VJT6Q, STM32U599ZIT6Q, STM32U599ZIY6QTR, STM32U599ZJT6Q, STM32U599ZJY6QTR, STM32U5A5AJH6, STM32U5A5AJH6Q, STM32U5A5QII3Q , STM32U5A5QJI6, STM32U5A5QJI6Q, STM32U5A5RJT6, STM32U5A5RJT6Q, STM32U5A5VJT6, STM32U5A5VJT6Q, STM32U5A5ZJT6, STM32U5A5ZJT6Q, STM32U5A5ZJY6QTR, STM32U5A9BJY6QTR, STM32U5A9J-DK, STM32U5A9NJH6Q, STM32U5A9VJT6Q, STM32U5A9ZJT6Q, STM32U5A9ZJY6QTR, STM32U5F7VIT6, STM32U5F7VIT6Q, STM32U5F7VJT6, STM32U5F7VJT6Q, STM32U5F9BJY6QTR, STM32U5F9NJH6Q, STM32U5F9VIT6Q, STM32U5F9VJT6Q, STM32U5F9ZIJ6QTR, STM32U5F9ZIT6Q, STM32U5F9ZJJ6QTR, STM32U5F9ZJT6Q, STM32U5G7VJT6, STM32U5G7VJT6Q, STM32U5G9BJY6QTR, STM32U5G9J-DK1, STM32U5G9J-DK2, STM32U5G9NJH6Q, STM32U5G9VJT6Q, STM32U5G9ZJJ6QTR, STM32U5G9ZJT6Q, STM32WB05KZV6TR, STM32WB05KZV7TR, STM32WB05TZF6TR, STM32WB05TZF7TR, STM32WB06CCF6TR, STM32WB06CCF7TR, STM32WB06CCV6TR, STM32WB06CCV7TR, STM32WB06KCV6TR, STM32WB06KCV7TR, STM32WB07CCF6TR, STM32WB07CCF7TR, STM32WB07CCV6TR, STM32WB07CCV7TR, STM32WB07KCV6TR, STM32WB07KCV7TR, STM32WB09KEV6TR, STM32WB09KEV7TR, STM32WB09TEF6TR, STM32WB09TEF7TR, STM32WB1MMCH6, STM32WBA50KGU6, STM32WBA50KGU6TR, STM32WBA52CEU6, STM32WBA52CEU6TR, STM32WBA52CEU7, STM32WBA52CEU7TR, STM32WBA52CGU6, STM32WBA52CGU6TR, STM32WBA52CGU6U, STM32WBA52CGU7, STM32WBA52CGU7TR, STM32WBA52KEU6, STM32WBA52KEU6TR, STM32WBA52KGU6, STM32WBA52KGU6TR, STM32WBA54CEU6, STM32WBA54CEU6TR, STM32WBA54CEU7, STM32WBA54CEU7TR, STM32WBA54CGU6, STM32WBA54CGU6TR, STM32WBA54CGU7, STM32WBA54CGU7TR, STM32WBA54KEU6, STM32WBA54KEU6TR, STM32WBA54KEU7, STM32WBA54KEU7TR, STM32WBA54KGU6, STM32WBA54KGU6TR, STM32WBA54KGU7, STM32WBA54KGU7TR, STM32WBA55CEU6, STM32WBA55CEU6TR, STM32WBA55CEU7, STM32WBA55CEU7TR, STM32WBA55CGU6, STM32WBA55CGU6TR, STM32WBA55CGU6U, STM32WBA55CGU7, STM32WBA55CGU7TR, STM32WBA55G-DK1, STM32WBA55HEF6, STM32WBA55HEF7, STM32WBA55HGF6, STM32WBA55HGF7, STM32WBA55UEI6, STM32WBA55UEI6TR, STM32WBA55UEI7, STM32WBA55UEI7TR, STM32WBA55UGI6, STM32WBA55UGI6TR, STM32WBA55UGI7, STM32WBA55UGI7TR, STM32WBA5MJGH6TR, STM32WBA5MJGH6U, STM32WL33C8V6, STM32WL33C8V6TR, STM32WL33C8V7, STM32WL33C8V7TR, STM32WL33CBV6, STM32WL33CBV6TR, STM32WL33CBV7, STM32WL33CBV7TR, STM32WL33CCV6, STM32WL33CCV6TR, STM32WL33CCV7, STM32WL33CCV7A, STM32WL33CCV7ATR, STM32WL33CCV7TR, STM32WL33K8V6, STM32WL33K8V6TR, STM32WL33K8V7, STM32WL33K8V7TR, STM32WL33KBV6, STM32WL33KBV6TR, STM32WL33KBV7, STM32WL33KBV7TR, STM32WL33KCV6, STM32WL33KCV6TR, STM32WL33KCV7, STM32WL33KCV7TR, STM32WL5MOCH6, STM32WL5MOCH6TR]
2024-12-26 00:26:19,335 [INFO] DbMcus:218 - Found 4542 MCUs, 4542 are supported
2024-12-26 00:26:19,336 [INFO] ApiDb:423 - Load user favorites file C:\Users\o1yus/.stm32cubeide/favorites.mcus.txt: 1 item(s)
2024-12-26 00:26:19,336 [INFO] ApiDb:427 - User favorites MCUs=[STM32F103C8T6]
2024-12-26 00:26:19,336 [INFO] DbMcus:224 - Set 1 / 1 favorites MCUs
2024-12-26 00:26:19,638 [INFO] ApiDb:423 - Load user favorites file C:\Users\o1yus/.stm32cubeide/favorites.boards.txt: 0 item(s)
2024-12-26 00:26:19,639 [INFO] ApiDb:427 - User favorites Boards=[]
2024-12-26 00:26:19,639 [INFO] DbBoards:198 - Set 0 / 0 favorites Boards
2024-12-26 00:26:19,639 [INFO] McuFinderGlobals:76 - Set McuFinderConnectedMode to true
2024-12-26 00:26:19,646 [INFO] MultiScanPanel:200 - Auto-refresh data requested => check proxy status ongoing
2024-12-26 00:26:19,648 [INFO] FinderPluginLoader:95 - Searching for filters in installed packs
2024-12-26 00:26:19,934 [ERROR] LogOutputStream:75 - [STDERR_REDIRECT] [Fatal Error] :1:1: Premature end of file.
2024-12-26 00:26:19,934 [ERROR] LogOutputStream:75 - [STDERR_REDIRECT] 
2024-12-26 00:26:20,789 [INFO] LoadUrlFilesThread:185 - End of LoadServerUrlFiles without Thread
2024-12-26 00:26:20,797 [INFO] DetailPanel:341 - Set advertising image to C:/Users/o1yus/STM32Cube/Repository/\en.prom-stm32n6-mcu-finder.png
2024-12-26 00:26:20,935 [ERROR] LogOutputStream:75 - [STDERR_REDIRECT] [Fatal Error] :1:1: Premature end of file.
2024-12-26 00:26:20,935 [ERROR] LogOutputStream:75 - [STDERR_REDIRECT] 
2024-12-26 00:26:21,939 [ERROR] LogOutputStream:75 - [STDERR_REDIRECT] [Fatal Error] :1:1: Premature end of file.
2024-12-26 00:26:21,940 [ERROR] LogOutputStream:75 - [STDERR_REDIRECT] 
2024-12-26 00:26:22,925 [ERROR] LogOutputStream:75 - [STDERR_REDIRECT] [Fatal Error] :1:1: Premature end of file.
2024-12-26 00:26:22,925 [ERROR] LogOutputStream:75 - [STDERR_REDIRECT] 
2024-12-26 00:26:23,927 [ERROR] LogOutputStream:75 - [STDERR_REDIRECT] [Fatal Error] :1:1: Premature end of file.
2024-12-26 00:26:23,928 [ERROR] LogOutputStream:75 - [STDERR_REDIRECT] 
2024-12-26 00:26:24,930 [ERROR] LogOutputStream:75 - [STDERR_REDIRECT] [Fatal Error] :1:1: Premature end of file.
2024-12-26 00:26:24,930 [ERROR] LogOutputStream:75 - [STDERR_REDIRECT] 
2024-12-26 00:26:25,926 [ERROR] LogOutputStream:75 - [STDERR_REDIRECT] [Fatal Error] :1:1: Premature end of file.
2024-12-26 00:26:25,926 [ERROR] LogOutputStream:75 - [STDERR_REDIRECT] 
2024-12-26 00:26:26,927 [ERROR] LogOutputStream:75 - [STDERR_REDIRECT] [Fatal Error] :1:1: Premature end of file.
2024-12-26 00:26:26,927 [ERROR] LogOutputStream:75 - [STDERR_REDIRECT] 
2024-12-26 00:26:27,927 [ERROR] LogOutputStream:75 - [STDERR_REDIRECT] [Fatal Error] :1:1: Premature end of file.
2024-12-26 00:26:27,927 [ERROR] LogOutputStream:75 - [STDERR_REDIRECT] 
2024-12-26 00:26:28,929 [ERROR] LogOutputStream:75 - [STDERR_REDIRECT] [Fatal Error] :1:1: Premature end of file.
2024-12-26 00:26:28,929 [ERROR] LogOutputStream:75 - [STDERR_REDIRECT] 
2024-12-26 00:26:29,927 [ERROR] LogOutputStream:75 - [STDERR_REDIRECT] [Fatal Error] :1:1: Premature end of file.
2024-12-26 00:26:29,927 [ERROR] LogOutputStream:75 - [STDERR_REDIRECT] 
2024-12-26 00:26:30,930 [ERROR] LogOutputStream:75 - [STDERR_REDIRECT] [Fatal Error] :1:1: Premature end of file.
2024-12-26 00:26:30,930 [ERROR] LogOutputStream:75 - [STDERR_REDIRECT] 
2024-12-26 00:26:31,931 [ERROR] LogOutputStream:75 - [STDERR_REDIRECT] [Fatal Error] :1:1: Premature end of file.
2024-12-26 00:26:31,931 [ERROR] LogOutputStream:75 - [STDERR_REDIRECT] 
2024-12-26 00:26:31,963 [INFO] MainUpdater:2872 - connection check result : 10
2024-12-26 00:26:31,964 [INFO] MainUpdater:2872 - connection check result : 10
2024-12-26 00:26:31,977 [INFO] MicroXplorer:468 - Change Database Path : 
2024-12-26 00:26:31,977 [INFO] MicroXplorer:498 - Change Database Version : DB.6.0.130
2024-12-26 00:26:31,982 [WARN] ThirdParty:871 - waiting for thirdparty lock release [close project]
2024-12-26 00:26:31,982 [INFO] ThirdParty:873 - entering critical section [close project]
2024-12-26 00:26:31,983 [INFO] ThirdParty:883 - exiting critical section [close project]
2024-12-26 00:26:31,988 [INFO] PinOutPanel:1589 - setPackage(No Configuration,No Configuration)
2024-12-26 00:26:31,992 [INFO] UtilMem:75 - Begin LoadConfig() Used Memory: 781537344 Bytes (1003487232)
2024-12-26 00:26:31,993 [INFO] MicroXplorer:468 - Change Database Path : 
2024-12-26 00:26:31,995 [INFO] MicroXplorer:498 - Change Database Version : DB.6.0.130
2024-12-26 00:26:31,995 [INFO] OpenFileManager:332 - Change cursor
2024-12-26 00:26:32,036 [INFO] Mcu:2035 - Initializing MCU STM32F103C8Tx STM32F103C8Tx STM32F103C8T6
2024-12-26 00:26:32,933 [ERROR] LogOutputStream:75 - [STDERR_REDIRECT] [Fatal Error] :1:1: Premature end of file.
2024-12-26 00:26:32,934 [ERROR] LogOutputStream:75 - [STDERR_REDIRECT] 
2024-12-26 00:26:33,056 [INFO] Context:748 - Trying to add GPIOservice into a context  which must be forbidden
2024-12-26 00:26:33,234 [INFO] ImportTextPane:218 - (OptionalMessage_ERROR) Unable to find key (Mcu.ThirdPartyNb) in loaded IOC file
2024-12-26 00:26:33,234 [INFO] ImportTextPane:218 - (OptionalMessage_ERROR) Unable to find key (Mcu.PinsNb) in loaded IOC file
2024-12-26 00:26:33,234 [INFO] ImportTextPane:218 - (OptionalMessage_ERROR) Unable to find key (Mcu.IPNb) in loaded IOC file
2024-12-26 00:26:33,400 [INFO] RtosManager:555 - Registered RTOS mode: class=CMSIS, group=RTOS, mode=CMSIS_V1, owner=FREERTOS
2024-12-26 00:26:33,400 [INFO] RtosManager:555 - Registered RTOS mode: class=CMSIS, group=RTOS2, mode=CMSIS_V2, owner=FREERTOS
2024-12-26 00:26:33,400 [INFO] RtosManager:555 - Registered RTOS mode: class=RTOS, group=Core, mode=CMSIS_V1, owner=FREERTOS
2024-12-26 00:26:33,400 [INFO] RtosManager:555 - Registered RTOS mode: class=RTOS, group=Core, mode=CMSIS_V2, owner=FREERTOS
2024-12-26 00:26:33,400 [WARN] ModelIntegratedComponent:184 - Missing modes for component STMicroelectronics:FreeRTOS:0.0.1:STMicroelectronics:RTOS:FreeRTOS:Core:::10.2.0:
2024-12-26 00:26:33,419 [WARN] ModelIntegratedComponent:63 - No mode defined for component null
2024-12-26 00:26:33,419 [WARN] ModelIntegratedComponent:63 - No mode defined for component null
2024-12-26 00:26:33,419 [WARN] ModelIntegratedComponent:63 - No mode defined for component null
2024-12-26 00:26:33,420 [WARN] ModelIntegratedComponent:63 - No mode defined for component null
2024-12-26 00:26:33,420 [WARN] ModelIntegratedComponent:63 - No mode defined for component null
2024-12-26 00:26:33,420 [WARN] ModelIntegratedComponent:63 - No mode defined for component null
2024-12-26 00:26:33,420 [WARN] ModelIntegratedComponent:63 - No mode defined for component null
2024-12-26 00:26:33,420 [WARN] ModelIntegratedComponent:63 - No mode defined for component null
2024-12-26 00:26:33,420 [WARN] ModelIntegratedComponent:63 - No mode defined for component null
2024-12-26 00:26:33,420 [WARN] ModelIntegratedComponent:63 - No mode defined for component null
2024-12-26 00:26:33,420 [WARN] ModelIntegratedComponent:63 - No mode defined for component null
2024-12-26 00:26:33,420 [WARN] ModelIntegratedComponent:63 - No mode defined for component null
2024-12-26 00:26:33,420 [WARN] ModelIntegratedComponent:63 - No mode defined for component null
2024-12-26 00:26:33,420 [WARN] ModelIntegratedComponent:63 - No mode defined for component null
2024-12-26 00:26:33,420 [WARN] ModelIntegratedComponent:63 - No mode defined for component null
2024-12-26 00:26:33,420 [WARN] ModelIntegratedComponent:63 - No mode defined for component null
2024-12-26 00:26:33,420 [WARN] ModelIntegratedComponent:63 - No mode defined for component null
2024-12-26 00:26:33,420 [WARN] ModelIntegratedComponent:63 - No mode defined for component null
2024-12-26 00:26:33,420 [WARN] ModelIntegratedComponent:63 - No mode defined for component null
2024-12-26 00:26:33,420 [WARN] ModelIntegratedComponent:63 - No mode defined for component null
2024-12-26 00:26:33,420 [WARN] ModelIntegratedComponent:63 - No mode defined for component null
2024-12-26 00:26:33,420 [WARN] ModelIntegratedComponent:63 - No mode defined for component null
2024-12-26 00:26:33,420 [WARN] ModelIntegratedComponent:63 - No mode defined for component null
2024-12-26 00:26:33,420 [WARN] ModelIntegratedComponent:63 - No mode defined for component null
2024-12-26 00:26:33,420 [WARN] ModelIntegratedComponent:63 - No mode defined for component null
2024-12-26 00:26:33,420 [WARN] ModelIntegratedComponent:63 - No mode defined for component null
2024-12-26 00:26:33,420 [WARN] ModelIntegratedComponent:63 - No mode defined for component null
2024-12-26 00:26:33,420 [WARN] ModelIntegratedComponent:63 - No mode defined for component null
2024-12-26 00:26:33,420 [WARN] ModelIntegratedComponent:63 - No mode defined for component null
2024-12-26 00:26:33,420 [WARN] ModelIntegratedComponent:63 - No mode defined for component null
2024-12-26 00:26:33,420 [WARN] ModelIntegratedComponent:63 - No mode defined for component null
2024-12-26 00:26:33,420 [WARN] ModelIntegratedComponent:63 - No mode defined for component null
2024-12-26 00:26:33,420 [WARN] ModelIntegratedComponent:63 - No mode defined for component null
2024-12-26 00:26:33,421 [WARN] ModelIntegratedComponent:63 - No mode defined for component null
2024-12-26 00:26:33,421 [WARN] ModelIntegratedComponent:63 - No mode defined for component null
2024-12-26 00:26:33,421 [WARN] ModelPack:524 - Component already loaded: STMicroelectronics:HAL Drivers:0.0.0:STMicroelectronics:Device:STMicro_Driver:XSPI:HAL::0.0.1:HAL_XSPI
2024-12-26 00:26:33,522 [INFO] ThirdPartyModel:298 - Start build external matchings
2024-12-26 00:26:33,876 [INFO] ThirdPartyModel:316 - End build external matchings
2024-12-26 00:26:33,931 [ERROR] LogOutputStream:75 - [STDERR_REDIRECT] [Fatal Error] :1:1: Premature end of file.
2024-12-26 00:26:33,932 [ERROR] LogOutputStream:75 - [STDERR_REDIRECT] 
2024-12-26 00:26:34,046 [INFO] UtilMem:75 - End LoadConfig() Used Memory: 798966080 Bytes (1003487232)
2024-12-26 00:26:34,060 [WARN] ThirdParty:833 - waiting for thirdparty lock release [change project]
2024-12-26 00:26:34,060 [INFO] ThirdParty:835 - entering critical section [change project]
2024-12-26 00:26:34,060 [INFO] ThirdParty:1030 - CMSIS Pack Vendor :STMicroelectronics USBPD 4.1
2024-12-26 00:26:34,060 [INFO] ThirdParty:1030 - CMSIS Pack Vendor :STMicroelectronics X-CUBE-AZRTOS-H7 3.3.0
2024-12-26 00:26:34,060 [INFO] ThirdParty:1030 - CMSIS Pack Vendor :STMicroelectronics X-CUBE-NFC9 1.0.0
2024-12-26 00:26:34,060 [INFO] ThirdParty:1030 - CMSIS Pack Vendor :STMicroelectronics USB_HOST 2.0.0
2024-12-26 00:26:34,060 [INFO] ThirdParty:1030 - CMSIS Pack Vendor :STMicroelectronics FP-SNS-MOTENVWB1 1.4.0
2024-12-26 00:26:34,060 [INFO] ThirdParty:1030 - CMSIS Pack Vendor :STMicroelectronics X-CUBE-AZRTOS-F4 1.1.0
2024-12-26 00:26:34,060 [INFO] ThirdParty:1030 - CMSIS Pack Vendor :STMicroelectronics LIBJPEG 8.0.0
2024-12-26 00:26:34,060 [INFO] ThirdParty:1030 - CMSIS Pack Vendor :STMicroelectronics FP-ATR-ASTRA1 2.0.1
2024-12-26 00:26:34,060 [INFO] ThirdParty:1030 - CMSIS Pack Vendor :STMicroelectronics X-CUBE-SMBUS 2.1.0
2024-12-26 00:26:34,060 [INFO] ThirdParty:1030 - CMSIS Pack Vendor :STMicroelectronics X-CUBE-WB05N 1.1.0
2024-12-26 00:26:34,060 [INFO] ThirdParty:1030 - CMSIS Pack Vendor :STMicroelectronics USB_DEVICE 3.0.0
2024-12-26 00:26:34,060 [INFO] ThirdParty:1030 - CMSIS Pack Vendor :STMicroelectronics X-CUBE-ISPU 2.1.0
2024-12-26 00:26:34,060 [INFO] ThirdParty:1030 - CMSIS Pack Vendor :STMicroelectronics X-CUBE-IPS 3.0.0
2024-12-26 00:26:34,060 [INFO] ThirdParty:1030 - CMSIS Pack Vendor :STMicroelectronics X-CUBE-AZRTOS-WB 2.0.0
2024-12-26 00:26:34,060 [INFO] ThirdParty:1030 - CMSIS Pack Vendor :STMicroelectronics X-CUBE-GNSS1 7.0.0
2024-12-26 00:26:34,060 [INFO] ThirdParty:1030 - CMSIS Pack Vendor :STMicroelectronics X-CUBE-GNSS1 7.0.1
2024-12-26 00:26:34,061 [INFO] ThirdParty:1030 - CMSIS Pack Vendor :STMicroelectronics X-CUBE-AZRTOS-F7 1.1.0
2024-12-26 00:26:34,061 [INFO] ThirdParty:1030 - CMSIS Pack Vendor :STMicroelectronics X-CUBE-AZRTOS-L5 2.0.0
2024-12-26 00:26:34,061 [INFO] ThirdParty:1030 - CMSIS Pack Vendor :STMicroelectronics USB_DEVICE 2.0.0
2024-12-26 00:26:34,061 [INFO] ThirdParty:1030 - CMSIS Pack Vendor :STMicroelectronics X-CUBE-NFC6 3.1.0
2024-12-26 00:26:34,061 [INFO] ThirdParty:1030 - CMSIS Pack Vendor :STMicroelectronics FP-SNS-STBOX1 2.0.0
2024-12-26 00:26:34,061 [INFO] ThirdParty:1030 - CMSIS Pack Vendor :STMicroelectronics X-CUBE-MEMS1 11.0.0
2024-12-26 00:26:34,061 [INFO] ThirdParty:1030 - CMSIS Pack Vendor :STMicroelectronics FreeRTOS 0.0.1
2024-12-26 00:26:34,061 [INFO] ThirdParty:1030 - CMSIS Pack Vendor :STMicroelectronics X-CUBE-AZRTOS-G0 1.1.0
2024-12-26 00:26:34,061 [INFO] ThirdParty:1030 - CMSIS Pack Vendor :STMicroelectronics X-CUBE-SAFEA1 1.2.2
2024-12-26 00:26:34,061 [INFO] ThirdParty:1030 - CMSIS Pack Vendor :STMicroelectronics X-CUBE-NFC4 3.0.0
2024-12-26 00:26:34,061 [INFO] ThirdParty:1030 - CMSIS Pack Vendor :STMicroelectronics X-CUBE-DPower 1.2.0
2024-12-26 00:26:34,061 [INFO] ThirdParty:1030 - CMSIS Pack Vendor :STMicroelectronics X-CUBE-SUBG2 5.0.0
2024-12-26 00:26:34,061 [INFO] ThirdParty:1030 - CMSIS Pack Vendor :STMicroelectronics STM32_WPAN 1.0.0
2024-12-26 00:26:34,061 [INFO] ThirdParty:1030 - CMSIS Pack Vendor :EmbeddedOffice I-CUBE-FS-RTOS 1.0.1
2024-12-26 00:26:34,061 [INFO] ThirdParty:1030 - CMSIS Pack Vendor :STMicroelectronics lwIP 2.0.3
2024-12-26 00:26:34,062 [INFO] ThirdParty:1030 - CMSIS Pack Vendor :STMicroelectronics FP-SNS-FLIGHT1 5.0.2
2024-12-26 00:26:34,062 [INFO] ThirdParty:1030 - CMSIS Pack Vendor :Cesanta I-CUBE-Mongoose 7.13.0
2024-12-26 00:26:34,062 [INFO] ThirdParty:1030 - CMSIS Pack Vendor :STMicroelectronics USB_HOST 1.0.0
2024-12-26 00:26:34,062 [INFO] ThirdParty:1030 - CMSIS Pack Vendor :Infineon AIROC-Wi-Fi-Bluetooth-STM32 1.7.0
2024-12-26 00:26:34,062 [INFO] ThirdParty:1030 - CMSIS Pack Vendor :STMicroelectronics X-CUBE-AZRTOS-G4 2.0.0
2024-12-26 00:26:34,062 [INFO] ThirdParty:1030 - CMSIS Pack Vendor :STMicroelectronics PDM2PCM 3.1.0
2024-12-26 00:26:34,062 [INFO] ThirdParty:1030 - CMSIS Pack Vendor :STMicroelectronics PDM2PCM 3.3.0
2024-12-26 00:26:34,062 [INFO] ThirdParty:1030 - CMSIS Pack Vendor :STMicroelectronics X-CUBE-DISPLAY 3.0.0
2024-12-26 00:26:34,062 [INFO] ThirdParty:1030 - CMSIS Pack Vendor :STMicroelectronics X-CUBE-TCPP 4.2.0
2024-12-26 00:26:34,062 [INFO] ThirdParty:1030 - CMSIS Pack Vendor :RealThread X-CUBE-RT-Thread_Nano 4.1.1
2024-12-26 00:26:34,062 [INFO] ThirdParty:1030 - CMSIS Pack Vendor :STMicroelectronics X-CUBE-BLE1 7.0.0
2024-12-26 00:26:34,062 [INFO] ThirdParty:1030 - CMSIS Pack Vendor :STMicroelectronics FP-ATR-SIGFOX1 3.2.0
2024-12-26 00:26:34,062 [INFO] ThirdParty:1030 - CMSIS Pack Vendor :STMicroelectronics X-CUBE-NFC10 1.0.0
2024-12-26 00:26:34,062 [INFO] ThirdParty:1030 - CMSIS Pack Vendor :quantropi X-CUBE-qispace-sdk-base 1.9.3
2024-12-26 00:26:34,062 [INFO] ThirdParty:1030 - CMSIS Pack Vendor :STMicroelectronics X-CUBE-BLEMGR 4.0.0
2024-12-26 00:26:34,062 [INFO] ThirdParty:1030 - CMSIS Pack Vendor :STMicroelectronics X-CUBE-EEPRMA1 5.1.0
2024-12-26 00:26:34,062 [INFO] ThirdParty:1030 - CMSIS Pack Vendor :STMicroelectronics HAL Drivers 0.0.0
2024-12-26 00:26:34,063 [INFO] ThirdParty:1030 - CMSIS Pack Vendor :STMicroelectronics MBEDTLS 2.16.2
2024-12-26 00:26:34,063 [INFO] ThirdParty:1030 - CMSIS Pack Vendor :STMicroelectronics X-CUBE-ALS 1.0.2
2024-12-26 00:26:34,063 [INFO] ThirdParty:1030 - CMSIS Pack Vendor :emotas I-CUBE-CANOPEN 1.3.0
2024-12-26 00:26:34,063 [INFO] ThirdParty:1030 - CMSIS Pack Vendor :STMicroelectronics X-CUBE-FREERTOS 1.3.0
2024-12-26 00:26:34,063 [INFO] ThirdParty:1030 - CMSIS Pack Vendor :wolfSSL I-CUBE-wolfSSL 5.7.4
2024-12-26 00:26:34,063 [INFO] ThirdParty:1030 - CMSIS Pack Vendor :STMicroelectronics X-CUBE-NFC7 1.0.1
2024-12-26 00:26:34,063 [INFO] ThirdParty:1030 - CMSIS Pack Vendor :STMicroelectronics MBEDTLS 2.14.1
2024-12-26 00:26:34,063 [INFO] ThirdParty:1030 - CMSIS Pack Vendor :ITTIA_DB I-CUBE-ITTIADB 8.9.0
2024-12-26 00:26:34,063 [INFO] ThirdParty:1030 - CMSIS Pack Vendor :STMicroelectronics X-CUBE-TOUCHGFX 4.24.1
2024-12-26 00:26:34,063 [INFO] ThirdParty:1030 - CMSIS Pack Vendor :wolfSSL I-CUBE-wolfTPM 3.4.0
2024-12-26 00:26:34,063 [INFO] ThirdParty:1030 - CMSIS Pack Vendor :portGmbH I-Cube-SoM-uGOAL 1.1.0
2024-12-26 00:26:34,063 [INFO] ThirdParty:1030 - CMSIS Pack Vendor :STMicroelectronics ThreadX 1.0.0
2024-12-26 00:26:34,063 [INFO] ThirdParty:1030 - CMSIS Pack Vendor :STMicroelectronics FP-SNS-SMARTAG2 1.2.0
2024-12-26 00:26:34,063 [INFO] ThirdParty:1030 - CMSIS Pack Vendor :STMicroelectronics X-CUBE-MEMS1 11.1.0
2024-12-26 00:26:34,063 [INFO] ThirdParty:1030 - CMSIS Pack Vendor :STMicroelectronics X-CUBE-AZRTOS-WL 2.0.0
2024-12-26 00:26:34,063 [INFO] ThirdParty:1030 - CMSIS Pack Vendor :SEGGER I-CUBE-embOS 1.3.1
2024-12-26 00:26:34,063 [INFO] ThirdParty:1030 - CMSIS Pack Vendor :STMicroelectronics X-CUBE-ALGOBUILD 1.4.0
2024-12-26 00:26:34,063 [INFO] ThirdParty:1030 - CMSIS Pack Vendor :STMicroelectronics FP-SNS-MOTENV1 5.0.0
2024-12-26 00:26:34,063 [INFO] ThirdParty:1030 - CMSIS Pack Vendor :STMicroelectronics USB_DEVICE 1.0.0
2024-12-26 00:26:34,063 [INFO] ThirdParty:1030 - CMSIS Pack Vendor :STMicroelectronics X-CUBE-AZRTOS-H7RS 1.0.0
2024-12-26 00:26:34,063 [INFO] ThirdParty:1030 - CMSIS Pack Vendor :wolfSSL I-CUBE-wolfMQTT 1.19.0
2024-12-26 00:26:34,063 [INFO] ThirdParty:1030 - CMSIS Pack Vendor :STMicroelectronics X-CUBE-AZRTOS-L4 2.0.0
2024-12-26 00:26:34,063 [INFO] ThirdParty:1030 - CMSIS Pack Vendor :STMicroelectronics ThreadX 0.0.2
2024-12-26 00:26:34,063 [INFO] ThirdParty:1030 - CMSIS Pack Vendor :WES I-CUBE-Cesium 1.3.0
2024-12-26 00:26:34,063 [INFO] ThirdParty:1030 - CMSIS Pack Vendor :STMicroelectronics lwIP 2.1.2
2024-12-26 00:26:34,063 [INFO] ThirdParty:1030 - CMSIS Pack Vendor :STMicroelectronics X-CUBE-SFXS2LP1 4.0.0
2024-12-26 00:26:34,063 [INFO] ThirdParty:1030 - CMSIS Pack Vendor :STMicroelectronics X-CUBE-BLE2 3.3.0
2024-12-26 00:26:34,063 [INFO] ThirdParty:1030 - CMSIS Pack Vendor :STMicroelectronics X-CUBE-TOF1 3.4.2
2024-12-26 00:26:34,063 [INFO] ThirdParty:1030 - CMSIS Pack Vendor :STMicroelectronics X-CUBE-AI 9.1.0
2024-12-26 00:26:34,063 [INFO] ThirdParty:1030 - CMSIS Pack Vendor :STMicroelectronics PDM2PCM 3.2.0
2024-12-26 00:26:34,063 [INFO] ThirdParty:1030 - CMSIS Pack Vendor :wolfSSL I-CUBE-wolfSSH 1.4.17
2024-12-26 00:26:34,063 [INFO] ThirdParty:841 - exiting critical section [change project]
2024-12-26 00:26:34,212 [INFO] PinOutPanel:1589 - setPackage(No Configuration,No Configuration)
2024-12-26 00:26:34,213 [INFO] PinOutPanel:1589 - setPackage(STM32F103C8Tx,LQFP48)
2024-12-26 00:26:34,597 [INFO] UtilMem:75 - Before build in PCC Used Memory: 263317664 Bytes (864026624)
2024-12-26 00:26:34,931 [ERROR] LogOutputStream:75 - [STDERR_REDIRECT] [Fatal Error] :1:1: Premature end of file.
2024-12-26 00:26:34,931 [ERROR] LogOutputStream:75 - [STDERR_REDIRECT] 
2024-12-26 00:26:35,468 [INFO] UtilMem:75 - After build in PCC Used Memory: 320463008 Bytes (864026624)
2024-12-26 00:26:35,485 [INFO] IPUIPlugin:80 - create IPUIPlugin
2024-12-26 00:26:35,485 [INFO] IPUIPlugin:80 - create IPUIPlugin
2024-12-26 00:26:35,485 [INFO] IPUIPlugin:80 - create IPUIPlugin
2024-12-26 00:26:35,485 [INFO] IPUIPlugin:80 - create IPUIPlugin
2024-12-26 00:26:35,486 [INFO] IPUIPlugin:80 - create IPUIPlugin
2024-12-26 00:26:35,486 [INFO] IPUIPlugin:80 - create IPUIPlugin
2024-12-26 00:26:35,486 [INFO] IPUIPlugin:80 - create IPUIPlugin
2024-12-26 00:26:35,486 [INFO] IPUIPlugin:80 - create IPUIPlugin
2024-12-26 00:26:35,486 [INFO] IPUIPlugin:80 - create IPUIPlugin
2024-12-26 00:26:35,486 [INFO] IPUIPlugin:80 - create IPUIPlugin
2024-12-26 00:26:35,486 [INFO] IPUIPlugin:80 - create IPUIPlugin
2024-12-26 00:26:35,487 [INFO] IPUIPlugin:80 - create IPUIPlugin
2024-12-26 00:26:35,487 [INFO] IPUIPlugin:80 - create IPUIPlugin
2024-12-26 00:26:35,487 [INFO] IPUIPlugin:80 - create IPUIPlugin
2024-12-26 00:26:35,487 [INFO] IPUIPlugin:80 - create IPUIPlugin
2024-12-26 00:26:35,487 [INFO] IPUIPlugin:80 - create IPUIPlugin
2024-12-26 00:26:35,487 [INFO] IPUIPlugin:80 - create IPUIPlugin
2024-12-26 00:26:35,487 [INFO] IPUIPlugin:80 - create IPUIPlugin
2024-12-26 00:26:35,487 [INFO] IPUIPlugin:80 - create IPUIPlugin
2024-12-26 00:26:35,487 [INFO] IPUIPlugin:80 - create IPUIPlugin
2024-12-26 00:26:35,487 [INFO] IPUIPlugin:80 - create IPUIPlugin
2024-12-26 00:26:35,487 [INFO] IPUIPlugin:80 - create IPUIPlugin
2024-12-26 00:26:35,488 [INFO] IPUIPlugin:80 - create IPUIPlugin
2024-12-26 00:26:35,488 [INFO] IPUIPlugin:80 - create IPUIPlugin
2024-12-26 00:26:35,488 [INFO] IPUIPlugin:80 - create IPUIPlugin
2024-12-26 00:26:35,488 [INFO] IPUIPlugin:80 - create IPUIPlugin
2024-12-26 00:26:35,488 [INFO] IPUIPlugin:80 - create IPUIPlugin
2024-12-26 00:26:35,677 [INFO] CADModel:165 - CPN selected for project levelSTM32F103C8T6
2024-12-26 00:26:35,677 [INFO] CADModel:114 - Register for checkConnection events
2024-12-26 00:26:35,732 [INFO] OpenFileManager:363 - Restore cursor
2024-12-26 00:26:35,937 [ERROR] LogOutputStream:75 - [STDERR_REDIRECT] [Fatal Error] :1:1: Premature end of file.
2024-12-26 00:26:35,938 [ERROR] LogOutputStream:75 - [STDERR_REDIRECT] 
2024-12-26 00:26:36,361 [INFO] UtilMem:75 - End SaveConfig() Used Memory: 395960480 Bytes (864026624)
2024-12-26 00:26:36,399 [INFO] UtilMem:75 - End SaveConfig() Used Memory: 408021152 Bytes (864026624)
2024-12-26 00:26:36,708 [INFO] BlockDiagram:2766 - set Specific Code input for plugin: NVIC
2024-12-26 00:26:36,709 [INFO] BlockDiagram:2766 - set Specific Code input for plugin: RCC
2024-12-26 00:26:36,710 [INFO] CodeGenerator:896 - code generatio: config db path: C:\ST\STM32CubeIDE_1.17.0\STM32CubeIDE\plugins\com.st.stm32cube.common.mx_6.13.0.202411220809\\db\
2024-12-26 00:26:36,801 [INFO] CodeEngine:255 - oldGeneratedFile, C:\Users\o1yus\OneDrive\Desktop\Workspace\olacak\MXTmpFiles\license.tmp_save
2024-12-26 00:26:36,931 [ERROR] LogOutputStream:75 - [STDERR_REDIRECT] [Fatal Error] :1:1: Premature end of file.
2024-12-26 00:26:36,931 [ERROR] LogOutputStream:75 - [STDERR_REDIRECT] 
2024-12-26 00:26:37,103 [INFO] CodeEngine:279 - Generated code: C:\Users\o1yus\OneDrive\Desktop\Workspace\olacak\MXTmpFiles\license.tmp
2024-12-26 00:26:37,117 [INFO] CodeEngine:255 - oldGeneratedFile, C:\Users\o1yus\OneDrive\Desktop\Workspace\olacak\Core\Src\stm32f1xx_it.c_save
2024-12-26 00:26:37,275 [INFO] CodeEngine:279 - Generated code: C:\Users\o1yus\OneDrive\Desktop\Workspace\olacak\Core\Src\stm32f1xx_it.c
2024-12-26 00:26:37,279 [INFO] CodeEngine:255 - oldGeneratedFile, C:\Users\o1yus\OneDrive\Desktop\Workspace\olacak\Core\Inc\stm32f1xx_it.h_save
2024-12-26 00:26:37,360 [INFO] CodeEngine:279 - Generated code: C:\Users\o1yus\OneDrive\Desktop\Workspace\olacak\Core\Inc\stm32f1xx_it.h
2024-12-26 00:26:37,625 [INFO] CodeEngine:255 - oldGeneratedFile, C:\Users\o1yus\OneDrive\Desktop\Workspace\olacak\Core\Src\stm32f1xx_hal_msp.c_save
2024-12-26 00:26:37,754 [INFO] CodeEngine:279 - Generated code: C:\Users\o1yus\OneDrive\Desktop\Workspace\olacak\Core\Src\stm32f1xx_hal_msp.c
2024-12-26 00:26:37,759 [INFO] CodeEngine:255 - oldGeneratedFile, C:\Users\o1yus\OneDrive\Desktop\Workspace\olacak\MXTmpFiles\system.tmp_save
2024-12-26 00:26:37,840 [INFO] CodeEngine:279 - Generated code: C:\Users\o1yus\OneDrive\Desktop\Workspace\olacak\MXTmpFiles\system.tmp
2024-12-26 00:26:37,850 [INFO] CodeEngine:311 - oldGeneratedFile, C:\Users\o1yus\OneDrive\Desktop\Workspace\olacak\Core\Inc\stm32f1xx_hal_conf.h_save
2024-12-26 00:26:37,945 [ERROR] LogOutputStream:75 - [STDERR_REDIRECT] [Fatal Error] :1:1: Premature end of file.
2024-12-26 00:26:37,947 [ERROR] LogOutputStream:75 - [STDERR_REDIRECT] 
2024-12-26 00:26:37,986 [INFO] CodeEngine:335 - Generated code: C:\Users\o1yus\OneDrive\Desktop\Workspace\olacak\Core\Inc\stm32f1xx_hal_conf.h
2024-12-26 00:26:38,037 [INFO] ApiDbMcu:508 - Load IP Config File for RCC
2024-12-26 00:26:38,046 [INFO] CodeEngine:255 - oldGeneratedFile, C:\Users\o1yus\OneDrive\Desktop\Workspace\olacak\Core\Inc\main.h_save
2024-12-26 00:26:38,145 [INFO] CodeEngine:279 - Generated code: C:\Users\o1yus\OneDrive\Desktop\Workspace\olacak\Core\Inc\main.h
2024-12-26 00:26:38,149 [INFO] CodeEngine:255 - oldGeneratedFile, C:\Users\o1yus\OneDrive\Desktop\Workspace\olacak\Core\Src\main.c_save
2024-12-26 00:26:38,271 [INFO] CodeEngine:279 - Generated code: C:\Users\o1yus\OneDrive\Desktop\Workspace\olacak\Core\Src\main.c
2024-12-26 00:26:38,472 [INFO] ProjectBuilder:3289 - Time for Copy HAL[1] : 86mS.
2024-12-26 00:26:38,482 [INFO] ProjectBuilder:4876 - Project Generator version: 4.5.0-RC5
2024-12-26 00:26:38,537 [INFO] ConfigFileManager:1579 - The Die is : DIE410
2024-12-26 00:26:38,559 [INFO] ApiDbMcu:508 - Load IP Config File for FATFS
2024-12-26 00:26:38,564 [INFO] ApiDbMcu:508 - Load IP Config File for FREERTOS
2024-12-26 00:26:38,570 [INFO] ApiDbMcu:508 - Load IP Config File for USB_DEVICE
2024-12-26 00:26:38,883 [INFO] LogOutputStream:77 - [STDOUT_REDIRECT] 
2024-12-26 00:26:38,932 [ERROR] LogOutputStream:75 - [STDERR_REDIRECT] [Fatal Error] :1:1: Premature end of file.
2024-12-26 00:26:38,933 [ERROR] LogOutputStream:75 - [STDERR_REDIRECT] 
2024-12-26 00:26:39,933 [ERROR] LogOutputStream:75 - [STDERR_REDIRECT] [Fatal Error] :1:1: Premature end of file.
2024-12-26 00:26:39,934 [ERROR] LogOutputStream:75 - [STDERR_REDIRECT] 
2024-12-26 00:26:40,129 [INFO] ProjectBuilder:5154 - Time for Generating toolchain IDE Files: 1648mS.
2024-12-26 00:26:40,130 [INFO] ProjectBuilder:3146 - Time for Copy CMSIS : 1mS.
2024-12-26 00:26:40,132 [INFO] ProjectBuilder:3146 - Time for Copy CMSIS : 0mS.
2024-12-26 00:26:40,918 [INFO] McuFinderGlobals:76 - Set McuFinderConnectedMode to true
2024-12-26 00:26:40,921 [INFO] ApiDb:448 - Save user favorites file C:\Users\o1yus/.stm32cubeide/favorites.mcus.txt: 1 item(s)
2024-12-26 00:26:40,921 [INFO] ApiDb:452 - User favorites MCUs=[STM32F103C8T6]
2024-12-26 00:26:41,059 [ERROR] LogOutputStream:75 - [STDERR_REDIRECT] [Fatal Error] :1:1: Premature end of file.
2024-12-26 00:26:41,060 [ERROR] LogOutputStream:75 - [STDERR_REDIRECT] 
2024-12-26 00:26:41,928 [ERROR] LogOutputStream:75 - [STDERR_REDIRECT] [Fatal Error] :1:1: Premature end of file.
2024-12-26 00:26:41,928 [ERROR] LogOutputStream:75 - [STDERR_REDIRECT] 
2024-12-26 00:26:42,926 [ERROR] LogOutputStream:75 - [STDERR_REDIRECT] [Fatal Error] :1:1: Premature end of file.
2024-12-26 00:26:42,927 [ERROR] LogOutputStream:75 - [STDERR_REDIRECT] 
2024-12-26 00:26:43,929 [ERROR] LogOutputStream:75 - [STDERR_REDIRECT] [Fatal Error] :1:1: Premature end of file.
2024-12-26 00:26:43,929 [ERROR] LogOutputStream:75 - [STDERR_REDIRECT] 
2024-12-26 00:26:44,930 [ERROR] LogOutputStream:75 - [STDERR_REDIRECT] [Fatal Error] :1:1: Premature end of file.
2024-12-26 00:26:44,930 [ERROR] LogOutputStream:75 - [STDERR_REDIRECT] 
2024-12-26 00:26:45,924 [ERROR] LogOutputStream:75 - [STDERR_REDIRECT] [Fatal Error] :1:1: Premature end of file.
2024-12-26 00:26:45,925 [ERROR] LogOutputStream:75 - [STDERR_REDIRECT] 
2024-12-26 00:26:46,928 [ERROR] LogOutputStream:75 - [STDERR_REDIRECT] [Fatal Error] :1:1: Premature end of file.
2024-12-26 00:26:46,928 [ERROR] LogOutputStream:75 - [STDERR_REDIRECT] 
2024-12-26 00:26:47,929 [ERROR] LogOutputStream:75 - [STDERR_REDIRECT] [Fatal Error] :1:1: Premature end of file.
2024-12-26 00:26:47,929 [ERROR] LogOutputStream:75 - [STDERR_REDIRECT] 
2024-12-26 00:26:48,926 [ERROR] LogOutputStream:75 - [STDERR_REDIRECT] [Fatal Error] :1:1: Premature end of file.
2024-12-26 00:26:48,926 [ERROR] LogOutputStream:75 - [STDERR_REDIRECT] 
2024-12-26 00:26:49,927 [ERROR] LogOutputStream:75 - [STDERR_REDIRECT] [Fatal Error] :1:1: Premature end of file.
2024-12-26 00:26:49,927 [ERROR] LogOutputStream:75 - [STDERR_REDIRECT] 
2024-12-26 00:26:50,927 [ERROR] LogOutputStream:75 - [STDERR_REDIRECT] [Fatal Error] :1:1: Premature end of file.
2024-12-26 00:26:50,927 [ERROR] LogOutputStream:75 - [STDERR_REDIRECT] 
2024-12-26 00:26:51,928 [ERROR] LogOutputStream:75 - [STDERR_REDIRECT] [Fatal Error] :1:1: Premature end of file.
2024-12-26 00:26:51,928 [ERROR] LogOutputStream:75 - [STDERR_REDIRECT] 
2024-12-26 00:26:52,929 [ERROR] LogOutputStream:75 - [STDERR_REDIRECT] [Fatal Error] :1:1: Premature end of file.
2024-12-26 00:26:52,929 [ERROR] LogOutputStream:75 - [STDERR_REDIRECT] 
2024-12-26 00:26:53,509 [WARN] IP:2251 - I2C_Coeff_DF not found: check if there is a RefParameter without a condition.
2024-12-26 00:26:53,510 [WARN] IP:2251 - Analog_Filter not found: check if there is a RefParameter without a condition.
2024-12-26 00:26:53,511 [WARN] IP:2251 - I2C_Coeff_DF not found: check if there is a RefParameter without a condition.
2024-12-26 00:26:53,511 [WARN] IP:2251 - Analog_Filter not found: check if there is a RefParameter without a condition.
2024-12-26 00:26:53,511 [WARN] IP:2251 - I2C_Coeff_DF not found: check if there is a RefParameter without a condition.
2024-12-26 00:26:53,511 [WARN] IP:2251 - Analog_Filter not found: check if there is a RefParameter without a condition.
2024-12-26 00:26:53,601 [WARN] IP:2251 - I2C_Coeff_DF not found: check if there is a RefParameter without a condition.
2024-12-26 00:26:53,601 [WARN] IP:2251 - Analog_Filter not found: check if there is a RefParameter without a condition.
2024-12-26 00:26:53,604 [WARN] IP:2251 - I2C_Coeff_DF not found: check if there is a RefParameter without a condition.
2024-12-26 00:26:53,604 [WARN] IP:2251 - Analog_Filter not found: check if there is a RefParameter without a condition.
2024-12-26 00:26:53,671 [WARN] IP:2251 - I2C_Coeff_DF not found: check if there is a RefParameter without a condition.
2024-12-26 00:26:53,671 [WARN] IP:2251 - Analog_Filter not found: check if there is a RefParameter without a condition.
2024-12-26 00:26:53,755 [WARN] IP:2251 - I2C_Coeff_DF not found: check if there is a RefParameter without a condition.
2024-12-26 00:26:53,755 [WARN] IP:2251 - Analog_Filter not found: check if there is a RefParameter without a condition.
2024-12-26 00:26:53,755 [WARN] IP:2251 - I2C_Coeff_DF not found: check if there is a RefParameter without a condition.
2024-12-26 00:26:53,755 [WARN] IP:2251 - Analog_Filter not found: check if there is a RefParameter without a condition.
2024-12-26 00:26:53,835 [WARN] IP:2251 - I2C_Coeff_DF not found: check if there is a RefParameter without a condition.
2024-12-26 00:26:53,835 [WARN] IP:2251 - Analog_Filter not found: check if there is a RefParameter without a condition.
2024-12-26 00:26:53,927 [ERROR] LogOutputStream:75 - [STDERR_REDIRECT] [Fatal Error] :1:1: Premature end of file.
2024-12-26 00:26:53,927 [ERROR] LogOutputStream:75 - [STDERR_REDIRECT] 
2024-12-26 00:26:54,927 [ERROR] LogOutputStream:75 - [STDERR_REDIRECT] [Fatal Error] :1:1: Premature end of file.
2024-12-26 00:26:54,927 [ERROR] LogOutputStream:75 - [STDERR_REDIRECT] 
2024-12-26 00:26:55,926 [ERROR] LogOutputStream:75 - [STDERR_REDIRECT] [Fatal Error] :1:1: Premature end of file.
2024-12-26 00:26:55,926 [ERROR] LogOutputStream:75 - [STDERR_REDIRECT] 
2024-12-26 00:26:56,928 [ERROR] LogOutputStream:75 - [STDERR_REDIRECT] [Fatal Error] :1:1: Premature end of file.
2024-12-26 00:26:56,928 [ERROR] LogOutputStream:75 - [STDERR_REDIRECT] 
2024-12-26 00:26:57,928 [ERROR] LogOutputStream:75 - [STDERR_REDIRECT] [Fatal Error] :1:1: Premature end of file.
2024-12-26 00:26:57,929 [ERROR] LogOutputStream:75 - [STDERR_REDIRECT] 
2024-12-26 00:26:58,931 [ERROR] LogOutputStream:75 - [STDERR_REDIRECT] [Fatal Error] :1:1: Premature end of file.
2024-12-26 00:26:58,931 [ERROR] LogOutputStream:75 - [STDERR_REDIRECT] 
2024-12-26 00:26:59,932 [ERROR] LogOutputStream:75 - [STDERR_REDIRECT] [Fatal Error] :1:1: Premature end of file.
2024-12-26 00:26:59,932 [ERROR] LogOutputStream:75 - [STDERR_REDIRECT] 
2024-12-26 00:27:00,927 [ERROR] LogOutputStream:75 - [STDERR_REDIRECT] [Fatal Error] :1:1: Premature end of file.
2024-12-26 00:27:00,927 [ERROR] LogOutputStream:75 - [STDERR_REDIRECT] 
2024-12-26 00:27:01,927 [ERROR] LogOutputStream:75 - [STDERR_REDIRECT] [Fatal Error] :1:1: Premature end of file.
2024-12-26 00:27:01,927 [ERROR] LogOutputStream:75 - [STDERR_REDIRECT] 
2024-12-26 00:27:02,929 [ERROR] LogOutputStream:75 - [STDERR_REDIRECT] [Fatal Error] :1:1: Premature end of file.
2024-12-26 00:27:02,929 [ERROR] LogOutputStream:75 - [STDERR_REDIRECT] 
2024-12-26 00:27:03,927 [ERROR] LogOutputStream:75 - [STDERR_REDIRECT] [Fatal Error] :1:1: Premature end of file.
2024-12-26 00:27:03,927 [ERROR] LogOutputStream:75 - [STDERR_REDIRECT] 
2024-12-26 00:27:04,926 [ERROR] LogOutputStream:75 - [STDERR_REDIRECT] [Fatal Error] :1:1: Premature end of file.
2024-12-26 00:27:04,926 [ERROR] LogOutputStream:75 - [STDERR_REDIRECT] 
2024-12-26 00:27:05,927 [ERROR] LogOutputStream:75 - [STDERR_REDIRECT] [Fatal Error] :1:1: Premature end of file.
2024-12-26 00:27:05,927 [ERROR] LogOutputStream:75 - [STDERR_REDIRECT] 
2024-12-26 00:27:06,930 [ERROR] LogOutputStream:75 - [STDERR_REDIRECT] [Fatal Error] :1:1: Premature end of file.
2024-12-26 00:27:06,930 [ERROR] LogOutputStream:75 - [STDERR_REDIRECT] 
2024-12-26 00:27:07,929 [ERROR] LogOutputStream:75 - [STDERR_REDIRECT] [Fatal Error] :1:1: Premature end of file.
2024-12-26 00:27:07,929 [ERROR] LogOutputStream:75 - [STDERR_REDIRECT] 
2024-12-26 00:27:08,931 [ERROR] LogOutputStream:75 - [STDERR_REDIRECT] [Fatal Error] :1:1: Premature end of file.
2024-12-26 00:27:08,931 [ERROR] LogOutputStream:75 - [STDERR_REDIRECT] 
2024-12-26 00:27:09,751 [WARN] IP:2251 - I2C_Coeff_DF not found: check if there is a RefParameter without a condition.
2024-12-26 00:27:09,751 [WARN] IP:2251 - Analog_Filter not found: check if there is a RefParameter without a condition.
2024-12-26 00:27:09,752 [WARN] IP:2251 - I2C_Coeff_DF not found: check if there is a RefParameter without a condition.
2024-12-26 00:27:09,752 [WARN] IP:2251 - Analog_Filter not found: check if there is a RefParameter without a condition.
2024-12-26 00:27:09,933 [ERROR] LogOutputStream:75 - [STDERR_REDIRECT] [Fatal Error] :1:1: Premature end of file.
2024-12-26 00:27:09,934 [ERROR] LogOutputStream:75 - [STDERR_REDIRECT] 
2024-12-26 00:27:10,853 [WARN] IP:2251 - I2C_Coeff_DF not found: check if there is a RefParameter without a condition.
2024-12-26 00:27:10,853 [WARN] IP:2251 - Analog_Filter not found: check if there is a RefParameter without a condition.
2024-12-26 00:27:10,853 [WARN] IP:2251 - I2C_Coeff_DF not found: check if there is a RefParameter without a condition.
2024-12-26 00:27:10,853 [WARN] IP:2251 - Analog_Filter not found: check if there is a RefParameter without a condition.
2024-12-26 00:27:10,939 [ERROR] LogOutputStream:75 - [STDERR_REDIRECT] [Fatal Error] :1:1: Premature end of file.
2024-12-26 00:27:10,940 [ERROR] LogOutputStream:75 - [STDERR_REDIRECT] 
2024-12-26 00:27:11,938 [ERROR] LogOutputStream:75 - [STDERR_REDIRECT] [Fatal Error] :1:1: Premature end of file.
2024-12-26 00:27:11,939 [ERROR] LogOutputStream:75 - [STDERR_REDIRECT] 
2024-12-26 00:27:12,688 [WARN] IP:2251 - I2C_Coeff_DF not found: check if there is a RefParameter without a condition.
2024-12-26 00:27:12,688 [WARN] IP:2251 - Analog_Filter not found: check if there is a RefParameter without a condition.
2024-12-26 00:27:12,688 [WARN] IP:2251 - I2C_Coeff_DF not found: check if there is a RefParameter without a condition.
2024-12-26 00:27:12,688 [WARN] IP:2251 - Analog_Filter not found: check if there is a RefParameter without a condition.
2024-12-26 00:27:12,930 [ERROR] LogOutputStream:75 - [STDERR_REDIRECT] [Fatal Error] :1:1: Premature end of file.
2024-12-26 00:27:12,930 [ERROR] LogOutputStream:75 - [STDERR_REDIRECT] 
2024-12-26 00:27:13,930 [ERROR] LogOutputStream:75 - [STDERR_REDIRECT] [Fatal Error] :1:1: Premature end of file.
2024-12-26 00:27:13,931 [ERROR] LogOutputStream:75 - [STDERR_REDIRECT] 
2024-12-26 00:27:14,929 [ERROR] LogOutputStream:75 - [STDERR_REDIRECT] [Fatal Error] :1:1: Premature end of file.
2024-12-26 00:27:14,929 [ERROR] LogOutputStream:75 - [STDERR_REDIRECT] 
2024-12-26 00:27:15,930 [ERROR] LogOutputStream:75 - [STDERR_REDIRECT] [Fatal Error] :1:1: Premature end of file.
2024-12-26 00:27:15,930 [ERROR] LogOutputStream:75 - [STDERR_REDIRECT] 
2024-12-26 00:27:16,931 [ERROR] LogOutputStream:75 - [STDERR_REDIRECT] [Fatal Error] :1:1: Premature end of file.
2024-12-26 00:27:16,931 [ERROR] LogOutputStream:75 - [STDERR_REDIRECT] 
2024-12-26 00:27:17,164 [WARN] IP:2251 - I2C_Coeff_DF not found: check if there is a RefParameter without a condition.
2024-12-26 00:27:17,164 [WARN] IP:2251 - Analog_Filter not found: check if there is a RefParameter without a condition.
2024-12-26 00:27:17,164 [WARN] IP:2251 - I2C_Coeff_DF not found: check if there is a RefParameter without a condition.
2024-12-26 00:27:17,164 [WARN] IP:2251 - Analog_Filter not found: check if there is a RefParameter without a condition.
2024-12-26 00:27:17,930 [ERROR] LogOutputStream:75 - [STDERR_REDIRECT] [Fatal Error] :1:1: Premature end of file.
2024-12-26 00:27:17,930 [ERROR] LogOutputStream:75 - [STDERR_REDIRECT] 
2024-12-26 00:27:18,929 [ERROR] LogOutputStream:75 - [STDERR_REDIRECT] [Fatal Error] :1:1: Premature end of file.
2024-12-26 00:27:18,929 [ERROR] LogOutputStream:75 - [STDERR_REDIRECT] 
2024-12-26 00:27:19,933 [ERROR] LogOutputStream:75 - [STDERR_REDIRECT] [Fatal Error] :1:1: Premature end of file.
2024-12-26 00:27:19,933 [ERROR] LogOutputStream:75 - [STDERR_REDIRECT] 
2024-12-26 00:27:20,926 [ERROR] LogOutputStream:75 - [STDERR_REDIRECT] [Fatal Error] :1:1: Premature end of file.
2024-12-26 00:27:20,926 [ERROR] LogOutputStream:75 - [STDERR_REDIRECT] 
2024-12-26 00:27:21,926 [ERROR] LogOutputStream:75 - [STDERR_REDIRECT] [Fatal Error] :1:1: Premature end of file.
2024-12-26 00:27:21,926 [ERROR] LogOutputStream:75 - [STDERR_REDIRECT] 
2024-12-26 00:27:22,927 [ERROR] LogOutputStream:75 - [STDERR_REDIRECT] [Fatal Error] :1:1: Premature end of file.
2024-12-26 00:27:22,927 [ERROR] LogOutputStream:75 - [STDERR_REDIRECT] 
2024-12-26 00:27:23,133 [WARN] IP:2251 - I2C_Coeff_DF not found: check if there is a RefParameter without a condition.
2024-12-26 00:27:23,133 [WARN] IP:2251 - Analog_Filter not found: check if there is a RefParameter without a condition.
2024-12-26 00:27:23,930 [ERROR] LogOutputStream:75 - [STDERR_REDIRECT] [Fatal Error] :1:1: Premature end of file.
2024-12-26 00:27:23,930 [ERROR] LogOutputStream:75 - [STDERR_REDIRECT] 
2024-12-26 00:27:24,930 [ERROR] LogOutputStream:75 - [STDERR_REDIRECT] [Fatal Error] :1:1: Premature end of file.
2024-12-26 00:27:24,930 [ERROR] LogOutputStream:75 - [STDERR_REDIRECT] 
2024-12-26 00:27:25,929 [ERROR] LogOutputStream:75 - [STDERR_REDIRECT] [Fatal Error] :1:1: Premature end of file.
2024-12-26 00:27:25,930 [ERROR] LogOutputStream:75 - [STDERR_REDIRECT] 
2024-12-26 00:27:26,928 [ERROR] LogOutputStream:75 - [STDERR_REDIRECT] [Fatal Error] :1:1: Premature end of file.
2024-12-26 00:27:26,928 [ERROR] LogOutputStream:75 - [STDERR_REDIRECT] 
2024-12-26 00:27:27,928 [ERROR] LogOutputStream:75 - [STDERR_REDIRECT] [Fatal Error] :1:1: Premature end of file.
2024-12-26 00:27:27,928 [ERROR] LogOutputStream:75 - [STDERR_REDIRECT] 
2024-12-26 00:27:28,928 [ERROR] LogOutputStream:75 - [STDERR_REDIRECT] [Fatal Error] :1:1: Premature end of file.
2024-12-26 00:27:28,928 [ERROR] LogOutputStream:75 - [STDERR_REDIRECT] 
2024-12-26 00:27:29,031 [WARN] IP:2251 - I2C_Coeff_DF not found: check if there is a RefParameter without a condition.
2024-12-26 00:27:29,032 [WARN] IP:2251 - Analog_Filter not found: check if there is a RefParameter without a condition.
2024-12-26 00:27:29,032 [WARN] IP:2251 - I2C_Coeff_DF not found: check if there is a RefParameter without a condition.
2024-12-26 00:27:29,032 [WARN] IP:2251 - Analog_Filter not found: check if there is a RefParameter without a condition.
2024-12-26 00:27:29,105 [INFO] NvicIntPanel:101 - NVIC parent = com.st.microxplorer.plugins.ip.nvic.MultiNvicIntPanel[,0,0,0x0,invalid,layout=javax.swing.BoxLayout,alignmentX=0.0,alignmentY=0.0,border=,flags=9,maximumSize=,minimumSize=,preferredSize=]
2024-12-26 00:27:29,206 [WARN] IP:2251 - I2C_Coeff_DF not found: check if there is a RefParameter without a condition.
2024-12-26 00:27:29,207 [WARN] IP:2251 - Analog_Filter not found: check if there is a RefParameter without a condition.
2024-12-26 00:27:29,220 [WARN] IP:2251 - I2C_Coeff_DF not found: check if there is a RefParameter without a condition.
2024-12-26 00:27:29,221 [WARN] IP:2251 - Analog_Filter not found: check if there is a RefParameter without a condition.
2024-12-26 00:27:29,927 [ERROR] LogOutputStream:75 - [STDERR_REDIRECT] [Fatal Error] :1:1: Premature end of file.
2024-12-26 00:27:29,927 [ERROR] LogOutputStream:75 - [STDERR_REDIRECT] 
2024-12-26 00:27:30,927 [ERROR] LogOutputStream:75 - [STDERR_REDIRECT] [Fatal Error] :1:1: Premature end of file.
2024-12-26 00:27:30,927 [ERROR] LogOutputStream:75 - [STDERR_REDIRECT] 
2024-12-26 00:27:31,929 [ERROR] LogOutputStream:75 - [STDERR_REDIRECT] [Fatal Error] :1:1: Premature end of file.
2024-12-26 00:27:31,929 [ERROR] LogOutputStream:75 - [STDERR_REDIRECT] 
2024-12-26 00:27:32,929 [ERROR] LogOutputStream:75 - [STDERR_REDIRECT] [Fatal Error] :1:1: Premature end of file.
2024-12-26 00:27:32,929 [ERROR] LogOutputStream:75 - [STDERR_REDIRECT] 
2024-12-26 00:27:33,926 [ERROR] LogOutputStream:75 - [STDERR_REDIRECT] [Fatal Error] :1:1: Premature end of file.
2024-12-26 00:27:33,926 [ERROR] LogOutputStream:75 - [STDERR_REDIRECT] 
2024-12-26 00:27:34,925 [ERROR] LogOutputStream:75 - [STDERR_REDIRECT] [Fatal Error] :1:1: Premature end of file.
2024-12-26 00:27:34,925 [ERROR] LogOutputStream:75 - [STDERR_REDIRECT] 
2024-12-26 00:27:35,929 [ERROR] LogOutputStream:75 - [STDERR_REDIRECT] [Fatal Error] :1:1: Premature end of file.
2024-12-26 00:27:35,929 [ERROR] LogOutputStream:75 - [STDERR_REDIRECT] 
2024-12-26 00:27:36,927 [ERROR] LogOutputStream:75 - [STDERR_REDIRECT] [Fatal Error] :1:1: Premature end of file.
2024-12-26 00:27:36,927 [ERROR] LogOutputStream:75 - [STDERR_REDIRECT] 
2024-12-26 00:27:37,144 [INFO] UtilMem:75 - End SaveConfig() Used Memory: 560397856 Bytes (1024458752)
2024-12-26 00:27:37,937 [ERROR] LogOutputStream:75 - [STDERR_REDIRECT] [Fatal Error] :1:1: Premature end of file.
2024-12-26 00:27:37,938 [ERROR] LogOutputStream:75 - [STDERR_REDIRECT] 
2024-12-26 00:27:37,940 [INFO] UtilMem:75 - End SaveConfig() Used Memory: 621500264 Bytes (1024458752)
2024-12-26 00:27:38,938 [ERROR] LogOutputStream:75 - [STDERR_REDIRECT] [Fatal Error] :1:1: Premature end of file.
2024-12-26 00:27:38,939 [ERROR] LogOutputStream:75 - [STDERR_REDIRECT] 
2024-12-26 00:27:39,459 [INFO] BlockDiagram:2766 - set Specific Code input for plugin: NVIC
2024-12-26 00:27:39,459 [INFO] BlockDiagram:2766 - set Specific Code input for plugin: SYS
2024-12-26 00:27:39,459 [INFO] BlockDiagram:2766 - set Specific Code input for plugin: GPIO
2024-12-26 00:27:39,459 [INFO] BlockDiagram:2766 - set Specific Code input for plugin: RCC
2024-12-26 00:27:39,460 [INFO] BlockDiagram:2766 - set Specific Code input for plugin: I2C
2024-12-26 00:27:39,460 [INFO] CodeGenerator:896 - code generatio: config db path: C:\ST\STM32CubeIDE_1.17.0\STM32CubeIDE\plugins\com.st.stm32cube.common.mx_6.13.0.202411220809\\db\
2024-12-26 00:27:39,461 [WARN] IP:2251 - I2C_Coeff_DF not found: check if there is a RefParameter without a condition.
2024-12-26 00:27:39,461 [WARN] IP:2251 - Analog_Filter not found: check if there is a RefParameter without a condition.
2024-12-26 00:27:39,507 [INFO] CodeEngine:255 - oldGeneratedFile, C:\Users\o1yus\OneDrive\Desktop\Workspace\olacak\MXTmpFiles\license.tmp_save
2024-12-26 00:27:39,632 [INFO] CodeEngine:279 - Generated code: C:\Users\o1yus\OneDrive\Desktop\Workspace\olacak\MXTmpFiles\license.tmp
2024-12-26 00:27:39,674 [INFO] CodeEngine:255 - oldGeneratedFile, C:\Users\o1yus\OneDrive\Desktop\Workspace\olacak\MXTmpFiles\gpio.tmp_save
2024-12-26 00:27:39,780 [INFO] CodeEngine:279 - Generated code: C:\Users\o1yus\OneDrive\Desktop\Workspace\olacak\MXTmpFiles\gpio.tmp
2024-12-26 00:27:39,847 [INFO] CodeEngine:255 - oldGeneratedFile, C:\Users\o1yus\OneDrive\Desktop\Workspace\olacak\Core\Src\stm32f1xx_it.c_save
2024-12-26 00:27:39,932 [INFO] CodeEngine:279 - Generated code: C:\Users\o1yus\OneDrive\Desktop\Workspace\olacak\Core\Src\stm32f1xx_it.c
2024-12-26 00:27:39,936 [ERROR] LogOutputStream:75 - [STDERR_REDIRECT] [Fatal Error] :1:1: Premature end of file.
2024-12-26 00:27:39,938 [INFO] CodeEngine:255 - oldGeneratedFile, C:\Users\o1yus\OneDrive\Desktop\Workspace\olacak\Core\Inc\stm32f1xx_it.h_save
2024-12-26 00:27:39,938 [ERROR] LogOutputStream:75 - [STDERR_REDIRECT] 
2024-12-26 00:27:39,999 [INFO] CodeEngine:279 - Generated code: C:\Users\o1yus\OneDrive\Desktop\Workspace\olacak\Core\Inc\stm32f1xx_it.h
2024-12-26 00:27:40,026 [INFO] CodeEngine:255 - oldGeneratedFile, C:\Users\o1yus\OneDrive\Desktop\Workspace\olacak\Core\Src\stm32f1xx_hal_msp.c_save
2024-12-26 00:27:40,140 [INFO] CodeEngine:279 - Generated code: C:\Users\o1yus\OneDrive\Desktop\Workspace\olacak\Core\Src\stm32f1xx_hal_msp.c
2024-12-26 00:27:40,147 [INFO] CodeEngine:255 - oldGeneratedFile, C:\Users\o1yus\OneDrive\Desktop\Workspace\olacak\MXTmpFiles\system.tmp_save
2024-12-26 00:27:40,193 [INFO] CodeEngine:279 - Generated code: C:\Users\o1yus\OneDrive\Desktop\Workspace\olacak\MXTmpFiles\system.tmp
2024-12-26 00:27:40,215 [INFO] CodeEngine:311 - oldGeneratedFile, C:\Users\o1yus\OneDrive\Desktop\Workspace\olacak\Core\Inc\stm32f1xx_hal_conf.h_save
2024-12-26 00:27:40,339 [INFO] CodeEngine:335 - Generated code: C:\Users\o1yus\OneDrive\Desktop\Workspace\olacak\Core\Inc\stm32f1xx_hal_conf.h
2024-12-26 00:27:40,401 [INFO] ApiDbMcu:508 - Load IP Config File for I2C1
2024-12-26 00:27:40,432 [INFO] CodeEngine:255 - oldGeneratedFile, C:\Users\o1yus\OneDrive\Desktop\Workspace\olacak\Core\Inc\main.h_save
2024-12-26 00:27:40,497 [INFO] CodeEngine:279 - Generated code: C:\Users\o1yus\OneDrive\Desktop\Workspace\olacak\Core\Inc\main.h
2024-12-26 00:27:40,516 [INFO] CodeEngine:255 - oldGeneratedFile, C:\Users\o1yus\OneDrive\Desktop\Workspace\olacak\Core\Src\main.c_save
2024-12-26 00:27:40,628 [INFO] CodeEngine:279 - Generated code: C:\Users\o1yus\OneDrive\Desktop\Workspace\olacak\Core\Src\main.c
2024-12-26 00:27:40,848 [INFO] ProjectBuilder:3289 - Time for Copy HAL[1] : 101mS.
2024-12-26 00:27:40,852 [INFO] ProjectBuilder:4876 - Project Generator version: 4.5.0-RC5
2024-12-26 00:27:40,898 [INFO] ConfigFileManager:1579 - The Die is : DIE410
2024-12-26 00:27:40,934 [ERROR] LogOutputStream:75 - [STDERR_REDIRECT] [Fatal Error] :1:1: Premature end of file.
2024-12-26 00:27:40,934 [ERROR] LogOutputStream:75 - [STDERR_REDIRECT] 
2024-12-26 00:27:41,957 [ERROR] LogOutputStream:75 - [STDERR_REDIRECT] [Fatal Error] :1:1: Premature end of file.
2024-12-26 00:27:41,958 [ERROR] LogOutputStream:75 - [STDERR_REDIRECT] 
2024-12-26 00:27:42,170 [INFO] ProjectBuilder:5154 - Time for Generating toolchain IDE Files: 1318mS.
2024-12-26 00:27:42,170 [INFO] ProjectBuilder:3146 - Time for Copy CMSIS : 0mS.
2024-12-26 00:27:42,177 [INFO] ProjectBuilder:3146 - Time for Copy CMSIS : 0mS.
2024-12-26 00:27:42,946 [ERROR] LogOutputStream:75 - [STDERR_REDIRECT] [Fatal Error] :1:1: Premature end of file.
2024-12-26 00:27:42,947 [ERROR] LogOutputStream:75 - [STDERR_REDIRECT] 
2024-12-26 00:27:43,946 [ERROR] LogOutputStream:75 - [STDERR_REDIRECT] [Fatal Error] :1:1: Premature end of file.
2024-12-26 00:27:43,947 [ERROR] LogOutputStream:75 - [STDERR_REDIRECT] 
2024-12-26 00:27:44,946 [ERROR] LogOutputStream:75 - [STDERR_REDIRECT] [Fatal Error] :1:1: Premature end of file.
2024-12-26 00:27:44,947 [ERROR] LogOutputStream:75 - [STDERR_REDIRECT] 
2024-12-26 00:27:45,946 [ERROR] LogOutputStream:75 - [STDERR_REDIRECT] [Fatal Error] :1:1: Premature end of file.
2024-12-26 00:27:45,947 [ERROR] LogOutputStream:75 - [STDERR_REDIRECT] 
2024-12-26 00:27:46,936 [ERROR] LogOutputStream:75 - [STDERR_REDIRECT] [Fatal Error] :1:1: Premature end of file.
2024-12-26 00:27:46,936 [ERROR] LogOutputStream:75 - [STDERR_REDIRECT] 
2024-12-26 00:27:47,939 [ERROR] LogOutputStream:75 - [STDERR_REDIRECT] [Fatal Error] :1:1: Premature end of file.
2024-12-26 00:27:47,940 [ERROR] LogOutputStream:75 - [STDERR_REDIRECT] 
2024-12-26 00:27:48,939 [ERROR] LogOutputStream:75 - [STDERR_REDIRECT] [Fatal Error] :1:1: Premature end of file.
2024-12-26 00:27:48,939 [ERROR] LogOutputStream:75 - [STDERR_REDIRECT] 
2024-12-26 00:27:49,937 [ERROR] LogOutputStream:75 - [STDERR_REDIRECT] [Fatal Error] :1:1: Premature end of file.
2024-12-26 00:27:49,937 [ERROR] LogOutputStream:75 - [STDERR_REDIRECT] 
2024-12-26 00:27:50,946 [ERROR] LogOutputStream:75 - [STDERR_REDIRECT] [Fatal Error] :1:1: Premature end of file.
2024-12-26 00:27:50,946 [ERROR] LogOutputStream:75 - [STDERR_REDIRECT] 
2024-12-26 00:27:51,931 [ERROR] LogOutputStream:75 - [STDERR_REDIRECT] [Fatal Error] :1:1: Premature end of file.
2024-12-26 00:27:51,931 [ERROR] LogOutputStream:75 - [STDERR_REDIRECT] 
2024-12-26 00:27:52,938 [ERROR] LogOutputStream:75 - [STDERR_REDIRECT] [Fatal Error] :1:1: Premature end of file.
2024-12-26 00:27:52,938 [ERROR] LogOutputStream:75 - [STDERR_REDIRECT] 
2024-12-26 00:27:53,930 [ERROR] LogOutputStream:75 - [STDERR_REDIRECT] [Fatal Error] :1:1: Premature end of file.
2024-12-26 00:27:53,930 [ERROR] LogOutputStream:75 - [STDERR_REDIRECT] 
2024-12-26 00:27:54,929 [ERROR] LogOutputStream:75 - [STDERR_REDIRECT] [Fatal Error] :1:1: Premature end of file.
2024-12-26 00:27:54,929 [ERROR] LogOutputStream:75 - [STDERR_REDIRECT] 
2024-12-26 00:27:55,927 [ERROR] LogOutputStream:75 - [STDERR_REDIRECT] [Fatal Error] :1:1: Premature end of file.
2024-12-26 00:27:55,927 [ERROR] LogOutputStream:75 - [STDERR_REDIRECT] 
2024-12-26 00:27:56,929 [ERROR] LogOutputStream:75 - [STDERR_REDIRECT] [Fatal Error] :1:1: Premature end of file.
2024-12-26 00:27:56,929 [ERROR] LogOutputStream:75 - [STDERR_REDIRECT] 
2024-12-26 00:27:57,936 [ERROR] LogOutputStream:75 - [STDERR_REDIRECT] [Fatal Error] :1:1: Premature end of file.
2024-12-26 00:27:57,936 [ERROR] LogOutputStream:75 - [STDERR_REDIRECT] 
2024-12-26 00:27:58,926 [ERROR] LogOutputStream:75 - [STDERR_REDIRECT] [Fatal Error] :1:1: Premature end of file.
2024-12-26 00:27:58,926 [ERROR] LogOutputStream:75 - [STDERR_REDIRECT] 
2024-12-26 00:27:59,927 [ERROR] LogOutputStream:75 - [STDERR_REDIRECT] [Fatal Error] :1:1: Premature end of file.
2024-12-26 00:27:59,927 [ERROR] LogOutputStream:75 - [STDERR_REDIRECT] 
2024-12-26 00:28:00,926 [ERROR] LogOutputStream:75 - [STDERR_REDIRECT] [Fatal Error] :1:1: Premature end of file.
2024-12-26 00:28:00,926 [ERROR] LogOutputStream:75 - [STDERR_REDIRECT] 
2024-12-26 00:28:01,927 [ERROR] LogOutputStream:75 - [STDERR_REDIRECT] [Fatal Error] :1:1: Premature end of file.
2024-12-26 00:28:01,927 [ERROR] LogOutputStream:75 - [STDERR_REDIRECT] 
2024-12-26 00:28:02,448 [WARN] IP:2251 - I2C_Coeff_DF not found: check if there is a RefParameter without a condition.
2024-12-26 00:28:02,448 [WARN] IP:2251 - Analog_Filter not found: check if there is a RefParameter without a condition.
2024-12-26 00:28:02,448 [WARN] IP:2251 - I2C_Coeff_DF not found: check if there is a RefParameter without a condition.
2024-12-26 00:28:02,448 [WARN] IP:2251 - Analog_Filter not found: check if there is a RefParameter without a condition.
2024-12-26 00:28:02,487 [INFO] NvicIntPanel:101 - NVIC parent = com.st.microxplorer.plugins.ip.nvic.MultiNvicIntPanel[,0,0,0x0,invalid,layout=javax.swing.BoxLayout,alignmentX=0.0,alignmentY=0.0,border=,flags=9,maximumSize=,minimumSize=,preferredSize=]
2024-12-26 00:28:02,536 [WARN] IP:2251 - I2C_Coeff_DF not found: check if there is a RefParameter without a condition.
2024-12-26 00:28:02,536 [WARN] IP:2251 - Analog_Filter not found: check if there is a RefParameter without a condition.
2024-12-26 00:28:02,544 [WARN] IP:2251 - I2C_Coeff_DF not found: check if there is a RefParameter without a condition.
2024-12-26 00:28:02,544 [WARN] IP:2251 - Analog_Filter not found: check if there is a RefParameter without a condition.
2024-12-26 00:28:02,927 [ERROR] LogOutputStream:75 - [STDERR_REDIRECT] [Fatal Error] :1:1: Premature end of file.
2024-12-26 00:28:02,927 [ERROR] LogOutputStream:75 - [STDERR_REDIRECT] 
2024-12-26 00:28:03,927 [ERROR] LogOutputStream:75 - [STDERR_REDIRECT] [Fatal Error] :1:1: Premature end of file.
2024-12-26 00:28:03,927 [ERROR] LogOutputStream:75 - [STDERR_REDIRECT] 
2024-12-26 00:28:04,473 [INFO] UtilMem:75 - End SaveConfig() Used Memory: 778597576 Bytes (1071644672)
2024-12-26 00:28:04,799 [INFO] UtilMem:75 - End SaveConfig() Used Memory: 804456096 Bytes (1071644672)
2024-12-26 00:28:04,924 [INFO] BlockDiagram:2766 - set Specific Code input for plugin: NVIC
2024-12-26 00:28:04,924 [INFO] BlockDiagram:2766 - set Specific Code input for plugin: SYS
2024-12-26 00:28:04,924 [INFO] BlockDiagram:2766 - set Specific Code input for plugin: GPIO
2024-12-26 00:28:04,925 [INFO] BlockDiagram:2766 - set Specific Code input for plugin: RCC
2024-12-26 00:28:04,925 [INFO] BlockDiagram:2766 - set Specific Code input for plugin: I2C
2024-12-26 00:28:04,925 [INFO] CodeGenerator:896 - code generatio: config db path: C:\ST\STM32CubeIDE_1.17.0\STM32CubeIDE\plugins\com.st.stm32cube.common.mx_6.13.0.202411220809\\db\
2024-12-26 00:28:04,927 [WARN] IP:2251 - I2C_Coeff_DF not found: check if there is a RefParameter without a condition.
2024-12-26 00:28:04,927 [WARN] IP:2251 - Analog_Filter not found: check if there is a RefParameter without a condition.
2024-12-26 00:28:04,933 [ERROR] LogOutputStream:75 - [STDERR_REDIRECT] [Fatal Error] :1:1: Premature end of file.
2024-12-26 00:28:04,934 [ERROR] LogOutputStream:75 - [STDERR_REDIRECT] 
2024-12-26 00:28:04,968 [INFO] CodeEngine:255 - oldGeneratedFile, C:\Users\o1yus\OneDrive\Desktop\Workspace\olacak\MXTmpFiles\license.tmp_save
2024-12-26 00:28:05,024 [INFO] CodeEngine:279 - Generated code: C:\Users\o1yus\OneDrive\Desktop\Workspace\olacak\MXTmpFiles\license.tmp
2024-12-26 00:28:05,039 [INFO] CodeEngine:255 - oldGeneratedFile, C:\Users\o1yus\OneDrive\Desktop\Workspace\olacak\MXTmpFiles\gpio.tmp_save
2024-12-26 00:28:05,099 [INFO] CodeEngine:279 - Generated code: C:\Users\o1yus\OneDrive\Desktop\Workspace\olacak\MXTmpFiles\gpio.tmp
2024-12-26 00:28:05,137 [INFO] CodeEngine:255 - oldGeneratedFile, C:\Users\o1yus\OneDrive\Desktop\Workspace\olacak\Core\Src\stm32f1xx_it.c_save
2024-12-26 00:28:05,186 [INFO] CodeEngine:279 - Generated code: C:\Users\o1yus\OneDrive\Desktop\Workspace\olacak\Core\Src\stm32f1xx_it.c
2024-12-26 00:28:05,192 [INFO] CodeEngine:255 - oldGeneratedFile, C:\Users\o1yus\OneDrive\Desktop\Workspace\olacak\Core\Inc\stm32f1xx_it.h_save
2024-12-26 00:28:05,229 [INFO] CodeEngine:279 - Generated code: C:\Users\o1yus\OneDrive\Desktop\Workspace\olacak\Core\Inc\stm32f1xx_it.h
2024-12-26 00:28:05,248 [INFO] CodeEngine:255 - oldGeneratedFile, C:\Users\o1yus\OneDrive\Desktop\Workspace\olacak\Core\Src\stm32f1xx_hal_msp.c_save
2024-12-26 00:28:05,313 [INFO] CodeEngine:279 - Generated code: C:\Users\o1yus\OneDrive\Desktop\Workspace\olacak\Core\Src\stm32f1xx_hal_msp.c
2024-12-26 00:28:05,316 [INFO] CodeEngine:255 - oldGeneratedFile, C:\Users\o1yus\OneDrive\Desktop\Workspace\olacak\MXTmpFiles\system.tmp_save
2024-12-26 00:28:05,353 [INFO] CodeEngine:279 - Generated code: C:\Users\o1yus\OneDrive\Desktop\Workspace\olacak\MXTmpFiles\system.tmp
2024-12-26 00:28:05,373 [INFO] CodeEngine:311 - oldGeneratedFile, C:\Users\o1yus\OneDrive\Desktop\Workspace\olacak\Core\Inc\stm32f1xx_hal_conf.h_save
2024-12-26 00:28:05,449 [INFO] CodeEngine:335 - Generated code: C:\Users\o1yus\OneDrive\Desktop\Workspace\olacak\Core\Inc\stm32f1xx_hal_conf.h
2024-12-26 00:28:05,490 [INFO] CodeEngine:255 - oldGeneratedFile, C:\Users\o1yus\OneDrive\Desktop\Workspace\olacak\Core\Inc\main.h_save
2024-12-26 00:28:05,536 [INFO] CodeEngine:279 - Generated code: C:\Users\o1yus\OneDrive\Desktop\Workspace\olacak\Core\Inc\main.h
2024-12-26 00:28:05,550 [INFO] CodeEngine:255 - oldGeneratedFile, C:\Users\o1yus\OneDrive\Desktop\Workspace\olacak\Core\Src\main.c_save
2024-12-26 00:28:05,617 [INFO] CodeEngine:279 - Generated code: C:\Users\o1yus\OneDrive\Desktop\Workspace\olacak\Core\Src\main.c
2024-12-26 00:28:05,803 [INFO] ProjectBuilder:3289 - Time for Copy HAL[1] : 100mS.
2024-12-26 00:28:05,805 [INFO] ProjectBuilder:4876 - Project Generator version: 4.5.0-RC5
2024-12-26 00:28:05,847 [INFO] ConfigFileManager:1579 - The Die is : DIE410
2024-12-26 00:28:05,936 [ERROR] LogOutputStream:75 - [STDERR_REDIRECT] [Fatal Error] :1:1: Premature end of file.
2024-12-26 00:28:05,936 [ERROR] LogOutputStream:75 - [STDERR_REDIRECT] 
2024-12-26 00:28:06,422 [INFO] ProjectBuilder:5154 - Time for Generating toolchain IDE Files: 617mS.
2024-12-26 00:28:06,423 [INFO] ProjectBuilder:3146 - Time for Copy CMSIS : 1mS.
2024-12-26 00:28:06,426 [INFO] ProjectBuilder:3146 - Time for Copy CMSIS : 0mS.
2024-12-26 00:28:06,930 [ERROR] LogOutputStream:75 - [STDERR_REDIRECT] [Fatal Error] :1:1: Premature end of file.
2024-12-26 00:28:06,930 [ERROR] LogOutputStream:75 - [STDERR_REDIRECT] 
2024-12-26 00:28:07,927 [ERROR] LogOutputStream:75 - [STDERR_REDIRECT] [Fatal Error] :1:1: Premature end of file.
2024-12-26 00:28:07,927 [ERROR] LogOutputStream:75 - [STDERR_REDIRECT] 
2024-12-26 00:28:08,926 [ERROR] LogOutputStream:75 - [STDERR_REDIRECT] [Fatal Error] :1:1: Premature end of file.
2024-12-26 00:28:08,926 [ERROR] LogOutputStream:75 - [STDERR_REDIRECT] 
2024-12-26 00:28:09,928 [ERROR] LogOutputStream:75 - [STDERR_REDIRECT] [Fatal Error] :1:1: Premature end of file.
2024-12-26 00:28:09,928 [ERROR] LogOutputStream:75 - [STDERR_REDIRECT] 
2024-12-26 00:28:10,926 [ERROR] LogOutputStream:75 - [STDERR_REDIRECT] [Fatal Error] :1:1: Premature end of file.
2024-12-26 00:28:10,926 [ERROR] LogOutputStream:75 - [STDERR_REDIRECT] 
2024-12-26 00:28:11,932 [ERROR] LogOutputStream:75 - [STDERR_REDIRECT] [Fatal Error] :1:1: Premature end of file.
2024-12-26 00:28:11,932 [ERROR] LogOutputStream:75 - [STDERR_REDIRECT] 
2024-12-26 00:28:12,927 [ERROR] LogOutputStream:75 - [STDERR_REDIRECT] [Fatal Error] :1:1: Premature end of file.
2024-12-26 00:28:12,927 [ERROR] LogOutputStream:75 - [STDERR_REDIRECT] 
2024-12-26 00:28:13,929 [ERROR] LogOutputStream:75 - [STDERR_REDIRECT] [Fatal Error] :1:1: Premature end of file.
2024-12-26 00:28:13,929 [ERROR] LogOutputStream:75 - [STDERR_REDIRECT] 
2024-12-26 00:28:14,925 [ERROR] LogOutputStream:75 - [STDERR_REDIRECT] [Fatal Error] :1:1: Premature end of file.
2024-12-26 00:28:14,925 [ERROR] LogOutputStream:75 - [STDERR_REDIRECT] 
2024-12-26 00:28:15,928 [ERROR] LogOutputStream:75 - [STDERR_REDIRECT] [Fatal Error] :1:1: Premature end of file.
2024-12-26 00:28:15,928 [ERROR] LogOutputStream:75 - [STDERR_REDIRECT] 
2024-12-26 00:28:16,927 [ERROR] LogOutputStream:75 - [STDERR_REDIRECT] [Fatal Error] :1:1: Premature end of file.
2024-12-26 00:28:16,927 [ERROR] LogOutputStream:75 - [STDERR_REDIRECT] 
2024-12-26 00:28:17,927 [ERROR] LogOutputStream:75 - [STDERR_REDIRECT] [Fatal Error] :1:1: Premature end of file.
2024-12-26 00:28:17,927 [ERROR] LogOutputStream:75 - [STDERR_REDIRECT] 
2024-12-26 00:28:18,928 [ERROR] LogOutputStream:75 - [STDERR_REDIRECT] [Fatal Error] :1:1: Premature end of file.
2024-12-26 00:28:18,928 [ERROR] LogOutputStream:75 - [STDERR_REDIRECT] 
2024-12-26 00:28:19,926 [ERROR] LogOutputStream:75 - [STDERR_REDIRECT] [Fatal Error] :1:1: Premature end of file.
2024-12-26 00:28:19,926 [ERROR] LogOutputStream:75 - [STDERR_REDIRECT] 
2024-12-26 00:28:20,926 [ERROR] LogOutputStream:75 - [STDERR_REDIRECT] [Fatal Error] :1:1: Premature end of file.
2024-12-26 00:28:20,926 [ERROR] LogOutputStream:75 - [STDERR_REDIRECT] 
2024-12-26 00:28:21,928 [ERROR] LogOutputStream:75 - [STDERR_REDIRECT] [Fatal Error] :1:1: Premature end of file.
2024-12-26 00:28:21,928 [ERROR] LogOutputStream:75 - [STDERR_REDIRECT] 
2024-12-26 00:28:22,931 [ERROR] LogOutputStream:75 - [STDERR_REDIRECT] [Fatal Error] :1:1: Premature end of file.
2024-12-26 00:28:22,931 [ERROR] LogOutputStream:75 - [STDERR_REDIRECT] 
2024-12-26 00:28:23,928 [ERROR] LogOutputStream:75 - [STDERR_REDIRECT] [Fatal Error] :1:1: Premature end of file.
2024-12-26 00:28:23,928 [ERROR] LogOutputStream:75 - [STDERR_REDIRECT] 
2024-12-26 00:28:24,937 [ERROR] LogOutputStream:75 - [STDERR_REDIRECT] [Fatal Error] :1:1: Premature end of file.
2024-12-26 00:28:24,937 [ERROR] LogOutputStream:75 - [STDERR_REDIRECT] 
2024-12-26 00:28:25,938 [ERROR] LogOutputStream:75 - [STDERR_REDIRECT] [Fatal Error] :1:1: Premature end of file.
2024-12-26 00:28:25,938 [ERROR] LogOutputStream:75 - [STDERR_REDIRECT] 
2024-12-26 00:28:26,926 [ERROR] LogOutputStream:75 - [STDERR_REDIRECT] [Fatal Error] :1:1: Premature end of file.
2024-12-26 00:28:26,926 [ERROR] LogOutputStream:75 - [STDERR_REDIRECT] 
2024-12-26 00:28:27,925 [ERROR] LogOutputStream:75 - [STDERR_REDIRECT] [Fatal Error] :1:1: Premature end of file.
2024-12-26 00:28:27,925 [ERROR] LogOutputStream:75 - [STDERR_REDIRECT] 
2024-12-26 00:28:28,930 [ERROR] LogOutputStream:75 - [STDERR_REDIRECT] [Fatal Error] :1:1: Premature end of file.
2024-12-26 00:28:28,930 [ERROR] LogOutputStream:75 - [STDERR_REDIRECT] 
2024-12-26 00:28:29,937 [ERROR] LogOutputStream:75 - [STDERR_REDIRECT] [Fatal Error] :1:1: Premature end of file.
2024-12-26 00:28:29,937 [ERROR] LogOutputStream:75 - [STDERR_REDIRECT] 
2024-12-26 00:28:30,923 [ERROR] LogOutputStream:75 - [STDERR_REDIRECT] [Fatal Error] :1:1: Premature end of file.
2024-12-26 00:28:30,923 [ERROR] LogOutputStream:75 - [STDERR_REDIRECT] 
2024-12-26 00:28:31,927 [ERROR] LogOutputStream:75 - [STDERR_REDIRECT] [Fatal Error] :1:1: Premature end of file.
2024-12-26 00:28:31,927 [ERROR] LogOutputStream:75 - [STDERR_REDIRECT] 
2024-12-26 00:28:32,924 [ERROR] LogOutputStream:75 - [STDERR_REDIRECT] [Fatal Error] :1:1: Premature end of file.
2024-12-26 00:28:32,924 [ERROR] LogOutputStream:75 - [STDERR_REDIRECT] 
2024-12-26 00:28:33,930 [ERROR] LogOutputStream:75 - [STDERR_REDIRECT] [Fatal Error] :1:1: Premature end of file.
2024-12-26 00:28:33,930 [ERROR] LogOutputStream:75 - [STDERR_REDIRECT] 
2024-12-26 00:28:34,942 [ERROR] LogOutputStream:75 - [STDERR_REDIRECT] [Fatal Error] :1:1: Premature end of file.
2024-12-26 00:28:34,942 [ERROR] LogOutputStream:75 - [STDERR_REDIRECT] 
2024-12-26 00:28:35,936 [ERROR] LogOutputStream:75 - [STDERR_REDIRECT] [Fatal Error] :1:1: Premature end of file.
2024-12-26 00:28:35,936 [ERROR] LogOutputStream:75 - [STDERR_REDIRECT] 
2024-12-26 00:28:36,940 [ERROR] LogOutputStream:75 - [STDERR_REDIRECT] [Fatal Error] :1:1: Premature end of file.
2024-12-26 00:28:36,940 [ERROR] LogOutputStream:75 - [STDERR_REDIRECT] 
2024-12-26 00:28:37,927 [ERROR] LogOutputStream:75 - [STDERR_REDIRECT] [Fatal Error] :1:1: Premature end of file.
2024-12-26 00:28:37,927 [ERROR] LogOutputStream:75 - [STDERR_REDIRECT] 
2024-12-26 00:28:38,934 [ERROR] LogOutputStream:75 - [STDERR_REDIRECT] [Fatal Error] :1:1: Premature end of file.
2024-12-26 00:28:38,934 [ERROR] LogOutputStream:75 - [STDERR_REDIRECT] 
2024-12-26 00:28:39,925 [ERROR] LogOutputStream:75 - [STDERR_REDIRECT] [Fatal Error] :1:1: Premature end of file.
2024-12-26 00:28:39,925 [ERROR] LogOutputStream:75 - [STDERR_REDIRECT] 
2024-12-26 00:28:40,928 [ERROR] LogOutputStream:75 - [STDERR_REDIRECT] [Fatal Error] :1:1: Premature end of file.
2024-12-26 00:28:40,928 [ERROR] LogOutputStream:75 - [STDERR_REDIRECT] 
2024-12-26 00:28:41,926 [ERROR] LogOutputStream:75 - [STDERR_REDIRECT] [Fatal Error] :1:1: Premature end of file.
2024-12-26 00:28:41,926 [ERROR] LogOutputStream:75 - [STDERR_REDIRECT] 
2024-12-26 00:28:42,931 [ERROR] LogOutputStream:75 - [STDERR_REDIRECT] [Fatal Error] :1:1: Premature end of file.
2024-12-26 00:28:42,931 [ERROR] LogOutputStream:75 - [STDERR_REDIRECT] 
2024-12-26 00:28:43,929 [ERROR] LogOutputStream:75 - [STDERR_REDIRECT] [Fatal Error] :1:1: Premature end of file.
2024-12-26 00:28:43,929 [ERROR] LogOutputStream:75 - [STDERR_REDIRECT] 
2024-12-26 00:28:44,927 [ERROR] LogOutputStream:75 - [STDERR_REDIRECT] [Fatal Error] :1:1: Premature end of file.
2024-12-26 00:28:44,927 [ERROR] LogOutputStream:75 - [STDERR_REDIRECT] 
2024-12-26 00:28:45,928 [ERROR] LogOutputStream:75 - [STDERR_REDIRECT] [Fatal Error] :1:1: Premature end of file.
2024-12-26 00:28:45,928 [ERROR] LogOutputStream:75 - [STDERR_REDIRECT] 
2024-12-26 00:28:46,933 [ERROR] LogOutputStream:75 - [STDERR_REDIRECT] [Fatal Error] :1:1: Premature end of file.
2024-12-26 00:28:46,933 [ERROR] LogOutputStream:75 - [STDERR_REDIRECT] 
2024-12-26 00:28:47,926 [ERROR] LogOutputStream:75 - [STDERR_REDIRECT] [Fatal Error] :1:1: Premature end of file.
2024-12-26 00:28:47,926 [ERROR] LogOutputStream:75 - [STDERR_REDIRECT] 
2024-12-26 00:28:48,932 [ERROR] LogOutputStream:75 - [STDERR_REDIRECT] [Fatal Error] :1:1: Premature end of file.
2024-12-26 00:28:48,932 [ERROR] LogOutputStream:75 - [STDERR_REDIRECT] 
2024-12-26 00:28:49,940 [ERROR] LogOutputStream:75 - [STDERR_REDIRECT] [Fatal Error] :1:1: Premature end of file.
2024-12-26 00:28:49,940 [ERROR] LogOutputStream:75 - [STDERR_REDIRECT] 
2024-12-26 00:28:50,929 [ERROR] LogOutputStream:75 - [STDERR_REDIRECT] [Fatal Error] :1:1: Premature end of file.
2024-12-26 00:28:50,929 [ERROR] LogOutputStream:75 - [STDERR_REDIRECT] 
2024-12-26 00:28:51,927 [ERROR] LogOutputStream:75 - [STDERR_REDIRECT] [Fatal Error] :1:1: Premature end of file.
2024-12-26 00:28:51,927 [ERROR] LogOutputStream:75 - [STDERR_REDIRECT] 
2024-12-26 00:28:52,928 [ERROR] LogOutputStream:75 - [STDERR_REDIRECT] [Fatal Error] :1:1: Premature end of file.
2024-12-26 00:28:52,929 [ERROR] LogOutputStream:75 - [STDERR_REDIRECT] 
2024-12-26 00:28:53,928 [ERROR] LogOutputStream:75 - [STDERR_REDIRECT] [Fatal Error] :1:1: Premature end of file.
2024-12-26 00:28:53,928 [ERROR] LogOutputStream:75 - [STDERR_REDIRECT] 
2024-12-26 00:28:54,929 [ERROR] LogOutputStream:75 - [STDERR_REDIRECT] [Fatal Error] :1:1: Premature end of file.
2024-12-26 00:28:54,929 [ERROR] LogOutputStream:75 - [STDERR_REDIRECT] 
2024-12-26 00:28:55,930 [ERROR] LogOutputStream:75 - [STDERR_REDIRECT] [Fatal Error] :1:1: Premature end of file.
2024-12-26 00:28:55,930 [ERROR] LogOutputStream:75 - [STDERR_REDIRECT] 
2024-12-26 00:28:56,928 [ERROR] LogOutputStream:75 - [STDERR_REDIRECT] [Fatal Error] :1:1: Premature end of file.
2024-12-26 00:28:56,929 [ERROR] LogOutputStream:75 - [STDERR_REDIRECT] 
2024-12-26 00:28:57,932 [ERROR] LogOutputStream:75 - [STDERR_REDIRECT] [Fatal Error] :1:1: Premature end of file.
2024-12-26 00:28:57,932 [ERROR] LogOutputStream:75 - [STDERR_REDIRECT] 
2024-12-26 00:28:58,940 [ERROR] LogOutputStream:75 - [STDERR_REDIRECT] [Fatal Error] :1:1: Premature end of file.
2024-12-26 00:28:58,940 [ERROR] LogOutputStream:75 - [STDERR_REDIRECT] 
2024-12-26 00:28:59,929 [ERROR] LogOutputStream:75 - [STDERR_REDIRECT] [Fatal Error] :1:1: Premature end of file.
2024-12-26 00:28:59,929 [ERROR] LogOutputStream:75 - [STDERR_REDIRECT] 
2024-12-26 00:29:00,926 [ERROR] LogOutputStream:75 - [STDERR_REDIRECT] [Fatal Error] :1:1: Premature end of file.
2024-12-26 00:29:00,926 [ERROR] LogOutputStream:75 - [STDERR_REDIRECT] 
2024-12-26 00:29:01,928 [ERROR] LogOutputStream:75 - [STDERR_REDIRECT] [Fatal Error] :1:1: Premature end of file.
2024-12-26 00:29:01,928 [ERROR] LogOutputStream:75 - [STDERR_REDIRECT] 
2024-12-26 00:29:02,930 [ERROR] LogOutputStream:75 - [STDERR_REDIRECT] [Fatal Error] :1:1: Premature end of file.
2024-12-26 00:29:02,930 [ERROR] LogOutputStream:75 - [STDERR_REDIRECT] 
2024-12-26 00:29:03,943 [ERROR] LogOutputStream:75 - [STDERR_REDIRECT] [Fatal Error] :1:1: Premature end of file.
2024-12-26 00:29:03,943 [ERROR] LogOutputStream:75 - [STDERR_REDIRECT] 
2024-12-26 00:29:04,930 [ERROR] LogOutputStream:75 - [STDERR_REDIRECT] [Fatal Error] :1:1: Premature end of file.
2024-12-26 00:29:04,930 [ERROR] LogOutputStream:75 - [STDERR_REDIRECT] 
2024-12-26 00:29:05,929 [ERROR] LogOutputStream:75 - [STDERR_REDIRECT] [Fatal Error] :1:1: Premature end of file.
2024-12-26 00:29:05,929 [ERROR] LogOutputStream:75 - [STDERR_REDIRECT] 
2024-12-26 00:29:06,943 [ERROR] LogOutputStream:75 - [STDERR_REDIRECT] [Fatal Error] :1:1: Premature end of file.
2024-12-26 00:29:06,943 [ERROR] LogOutputStream:75 - [STDERR_REDIRECT] 
2024-12-26 00:29:07,936 [ERROR] LogOutputStream:75 - [STDERR_REDIRECT] [Fatal Error] :1:1: Premature end of file.
2024-12-26 00:29:07,936 [ERROR] LogOutputStream:75 - [STDERR_REDIRECT] 
2024-12-26 00:29:08,942 [ERROR] LogOutputStream:75 - [STDERR_REDIRECT] [Fatal Error] :1:1: Premature end of file.
2024-12-26 00:29:08,944 [ERROR] LogOutputStream:75 - [STDERR_REDIRECT] 
2024-12-26 00:29:09,928 [ERROR] LogOutputStream:75 - [STDERR_REDIRECT] [Fatal Error] :1:1: Premature end of file.
2024-12-26 00:29:09,929 [ERROR] LogOutputStream:75 - [STDERR_REDIRECT] 
2024-12-26 00:29:10,933 [ERROR] LogOutputStream:75 - [STDERR_REDIRECT] [Fatal Error] :1:1: Premature end of file.
2024-12-26 00:29:10,933 [ERROR] LogOutputStream:75 - [STDERR_REDIRECT] 
2024-12-26 00:29:11,933 [ERROR] LogOutputStream:75 - [STDERR_REDIRECT] [Fatal Error] :1:1: Premature end of file.
2024-12-26 00:29:11,933 [ERROR] LogOutputStream:75 - [STDERR_REDIRECT] 
2024-12-26 00:29:12,930 [ERROR] LogOutputStream:75 - [STDERR_REDIRECT] [Fatal Error] :1:1: Premature end of file.
2024-12-26 00:29:12,930 [ERROR] LogOutputStream:75 - [STDERR_REDIRECT] 
2024-12-26 00:29:13,941 [ERROR] LogOutputStream:75 - [STDERR_REDIRECT] [Fatal Error] :1:1: Premature end of file.
2024-12-26 00:29:13,941 [ERROR] LogOutputStream:75 - [STDERR_REDIRECT] 
2024-12-26 00:29:14,931 [ERROR] LogOutputStream:75 - [STDERR_REDIRECT] [Fatal Error] :1:1: Premature end of file.
2024-12-26 00:29:14,931 [ERROR] LogOutputStream:75 - [STDERR_REDIRECT] 
2024-12-26 00:29:15,937 [ERROR] LogOutputStream:75 - [STDERR_REDIRECT] [Fatal Error] :1:1: Premature end of file.
2024-12-26 00:29:15,937 [ERROR] LogOutputStream:75 - [STDERR_REDIRECT] 
2024-12-26 00:29:16,932 [ERROR] LogOutputStream:75 - [STDERR_REDIRECT] [Fatal Error] :1:1: Premature end of file.
2024-12-26 00:29:16,932 [ERROR] LogOutputStream:75 - [STDERR_REDIRECT] 
2024-12-26 00:29:17,926 [ERROR] LogOutputStream:75 - [STDERR_REDIRECT] [Fatal Error] :1:1: Premature end of file.
2024-12-26 00:29:17,926 [ERROR] LogOutputStream:75 - [STDERR_REDIRECT] 
2024-12-26 00:29:18,930 [ERROR] LogOutputStream:75 - [STDERR_REDIRECT] [Fatal Error] :1:1: Premature end of file.
2024-12-26 00:29:18,930 [ERROR] LogOutputStream:75 - [STDERR_REDIRECT] 
2024-12-26 00:29:19,928 [ERROR] LogOutputStream:75 - [STDERR_REDIRECT] [Fatal Error] :1:1: Premature end of file.
2024-12-26 00:29:19,928 [ERROR] LogOutputStream:75 - [STDERR_REDIRECT] 
2024-12-26 00:29:20,927 [ERROR] LogOutputStream:75 - [STDERR_REDIRECT] [Fatal Error] :1:1: Premature end of file.
2024-12-26 00:29:20,927 [ERROR] LogOutputStream:75 - [STDERR_REDIRECT] 
2024-12-26 00:29:21,927 [ERROR] LogOutputStream:75 - [STDERR_REDIRECT] [Fatal Error] :1:1: Premature end of file.
2024-12-26 00:29:21,927 [ERROR] LogOutputStream:75 - [STDERR_REDIRECT] 
2024-12-26 00:29:22,927 [ERROR] LogOutputStream:75 - [STDERR_REDIRECT] [Fatal Error] :1:1: Premature end of file.
2024-12-26 00:29:22,929 [ERROR] LogOutputStream:75 - [STDERR_REDIRECT] 
2024-12-26 00:29:23,927 [ERROR] LogOutputStream:75 - [STDERR_REDIRECT] [Fatal Error] :1:1: Premature end of file.
2024-12-26 00:29:23,927 [ERROR] LogOutputStream:75 - [STDERR_REDIRECT] 
2024-12-26 00:29:24,925 [ERROR] LogOutputStream:75 - [STDERR_REDIRECT] [Fatal Error] :1:1: Premature end of file.
2024-12-26 00:29:24,925 [ERROR] LogOutputStream:75 - [STDERR_REDIRECT] 
2024-12-26 00:29:25,931 [ERROR] LogOutputStream:75 - [STDERR_REDIRECT] [Fatal Error] :1:1: Premature end of file.
2024-12-26 00:29:25,932 [ERROR] LogOutputStream:75 - [STDERR_REDIRECT] 
2024-12-26 00:29:26,925 [ERROR] LogOutputStream:75 - [STDERR_REDIRECT] [Fatal Error] :1:1: Premature end of file.
2024-12-26 00:29:26,926 [ERROR] LogOutputStream:75 - [STDERR_REDIRECT] 
2024-12-26 00:29:27,928 [ERROR] LogOutputStream:75 - [STDERR_REDIRECT] [Fatal Error] :1:1: Premature end of file.
2024-12-26 00:29:27,929 [ERROR] LogOutputStream:75 - [STDERR_REDIRECT] 
2024-12-26 00:29:28,928 [ERROR] LogOutputStream:75 - [STDERR_REDIRECT] [Fatal Error] :1:1: Premature end of file.
2024-12-26 00:29:28,928 [ERROR] LogOutputStream:75 - [STDERR_REDIRECT] 
2024-12-26 00:29:29,927 [ERROR] LogOutputStream:75 - [STDERR_REDIRECT] [Fatal Error] :1:1: Premature end of file.
2024-12-26 00:29:29,927 [ERROR] LogOutputStream:75 - [STDERR_REDIRECT] 
2024-12-26 00:29:30,927 [ERROR] LogOutputStream:75 - [STDERR_REDIRECT] [Fatal Error] :1:1: Premature end of file.
2024-12-26 00:29:30,928 [ERROR] LogOutputStream:75 - [STDERR_REDIRECT] 
2024-12-26 00:29:31,931 [ERROR] LogOutputStream:75 - [STDERR_REDIRECT] [Fatal Error] :1:1: Premature end of file.
2024-12-26 00:29:31,931 [ERROR] LogOutputStream:75 - [STDERR_REDIRECT] 
2024-12-26 00:29:32,927 [ERROR] LogOutputStream:75 - [STDERR_REDIRECT] [Fatal Error] :1:1: Premature end of file.
2024-12-26 00:29:32,927 [ERROR] LogOutputStream:75 - [STDERR_REDIRECT] 
2024-12-26 00:29:33,930 [ERROR] LogOutputStream:75 - [STDERR_REDIRECT] [Fatal Error] :1:1: Premature end of file.
2024-12-26 00:29:33,930 [ERROR] LogOutputStream:75 - [STDERR_REDIRECT] 
2024-12-26 00:29:34,930 [ERROR] LogOutputStream:75 - [STDERR_REDIRECT] [Fatal Error] :1:1: Premature end of file.
2024-12-26 00:29:34,930 [ERROR] LogOutputStream:75 - [STDERR_REDIRECT] 
2024-12-26 00:29:35,928 [ERROR] LogOutputStream:75 - [STDERR_REDIRECT] [Fatal Error] :1:1: Premature end of file.
2024-12-26 00:29:35,928 [ERROR] LogOutputStream:75 - [STDERR_REDIRECT] 
2024-12-26 00:29:36,928 [ERROR] LogOutputStream:75 - [STDERR_REDIRECT] [Fatal Error] :1:1: Premature end of file.
2024-12-26 00:29:36,928 [ERROR] LogOutputStream:75 - [STDERR_REDIRECT] 
2024-12-26 00:29:37,926 [ERROR] LogOutputStream:75 - [STDERR_REDIRECT] [Fatal Error] :1:1: Premature end of file.
2024-12-26 00:29:37,927 [ERROR] LogOutputStream:75 - [STDERR_REDIRECT] 
2024-12-26 00:29:38,925 [ERROR] LogOutputStream:75 - [STDERR_REDIRECT] [Fatal Error] :1:1: Premature end of file.
2024-12-26 00:29:38,925 [ERROR] LogOutputStream:75 - [STDERR_REDIRECT] 
2024-12-26 00:29:39,928 [ERROR] LogOutputStream:75 - [STDERR_REDIRECT] [Fatal Error] :1:1: Premature end of file.
2024-12-26 00:29:39,928 [ERROR] LogOutputStream:75 - [STDERR_REDIRECT] 
2024-12-26 00:29:40,928 [ERROR] LogOutputStream:75 - [STDERR_REDIRECT] [Fatal Error] :1:1: Premature end of file.
2024-12-26 00:29:40,928 [ERROR] LogOutputStream:75 - [STDERR_REDIRECT] 
2024-12-26 00:29:41,927 [ERROR] LogOutputStream:75 - [STDERR_REDIRECT] [Fatal Error] :1:1: Premature end of file.
2024-12-26 00:29:41,927 [ERROR] LogOutputStream:75 - [STDERR_REDIRECT] 
2024-12-26 00:29:42,927 [ERROR] LogOutputStream:75 - [STDERR_REDIRECT] [Fatal Error] :1:1: Premature end of file.
2024-12-26 00:29:42,927 [ERROR] LogOutputStream:75 - [STDERR_REDIRECT] 
2024-12-26 00:29:43,927 [ERROR] LogOutputStream:75 - [STDERR_REDIRECT] [Fatal Error] :1:1: Premature end of file.
2024-12-26 00:29:43,927 [ERROR] LogOutputStream:75 - [STDERR_REDIRECT] 
2024-12-26 00:29:44,926 [ERROR] LogOutputStream:75 - [STDERR_REDIRECT] [Fatal Error] :1:1: Premature end of file.
2024-12-26 00:29:44,926 [ERROR] LogOutputStream:75 - [STDERR_REDIRECT] 
2024-12-26 00:29:45,930 [ERROR] LogOutputStream:75 - [STDERR_REDIRECT] [Fatal Error] :1:1: Premature end of file.
2024-12-26 00:29:45,930 [ERROR] LogOutputStream:75 - [STDERR_REDIRECT] 
2024-12-26 00:29:46,926 [ERROR] LogOutputStream:75 - [STDERR_REDIRECT] [Fatal Error] :1:1: Premature end of file.
2024-12-26 00:29:46,926 [ERROR] LogOutputStream:75 - [STDERR_REDIRECT] 
2024-12-26 00:29:47,935 [ERROR] LogOutputStream:75 - [STDERR_REDIRECT] [Fatal Error] :1:1: Premature end of file.
2024-12-26 00:29:47,935 [ERROR] LogOutputStream:75 - [STDERR_REDIRECT] 
2024-12-26 00:29:48,927 [ERROR] LogOutputStream:75 - [STDERR_REDIRECT] [Fatal Error] :1:1: Premature end of file.
2024-12-26 00:29:48,927 [ERROR] LogOutputStream:75 - [STDERR_REDIRECT] 
2024-12-26 00:29:49,928 [ERROR] LogOutputStream:75 - [STDERR_REDIRECT] [Fatal Error] :1:1: Premature end of file.
2024-12-26 00:29:49,928 [ERROR] LogOutputStream:75 - [STDERR_REDIRECT] 
2024-12-26 00:29:50,928 [ERROR] LogOutputStream:75 - [STDERR_REDIRECT] [Fatal Error] :1:1: Premature end of file.
2024-12-26 00:29:50,928 [ERROR] LogOutputStream:75 - [STDERR_REDIRECT] 
2024-12-26 00:29:51,930 [ERROR] LogOutputStream:75 - [STDERR_REDIRECT] [Fatal Error] :1:1: Premature end of file.
2024-12-26 00:29:51,930 [ERROR] LogOutputStream:75 - [STDERR_REDIRECT] 
2024-12-26 00:29:52,933 [ERROR] LogOutputStream:75 - [STDERR_REDIRECT] [Fatal Error] :1:1: Premature end of file.
2024-12-26 00:29:52,933 [ERROR] LogOutputStream:75 - [STDERR_REDIRECT] 
2024-12-26 00:29:53,944 [ERROR] LogOutputStream:75 - [STDERR_REDIRECT] [Fatal Error] :1:1: Premature end of file.
2024-12-26 00:29:53,944 [ERROR] LogOutputStream:75 - [STDERR_REDIRECT] 
2024-12-26 00:29:54,931 [ERROR] LogOutputStream:75 - [STDERR_REDIRECT] [Fatal Error] :1:1: Premature end of file.
2024-12-26 00:29:54,931 [ERROR] LogOutputStream:75 - [STDERR_REDIRECT] 
2024-12-26 00:29:55,941 [ERROR] LogOutputStream:75 - [STDERR_REDIRECT] [Fatal Error] :1:1: Premature end of file.
2024-12-26 00:29:55,941 [ERROR] LogOutputStream:75 - [STDERR_REDIRECT] 
2024-12-26 00:29:56,937 [ERROR] LogOutputStream:75 - [STDERR_REDIRECT] [Fatal Error] :1:1: Premature end of file.
2024-12-26 00:29:56,937 [ERROR] LogOutputStream:75 - [STDERR_REDIRECT] 
2024-12-26 00:29:57,942 [ERROR] LogOutputStream:75 - [STDERR_REDIRECT] [Fatal Error] :1:1: Premature end of file.
2024-12-26 00:29:57,942 [ERROR] LogOutputStream:75 - [STDERR_REDIRECT] 
2024-12-26 00:29:58,933 [ERROR] LogOutputStream:75 - [STDERR_REDIRECT] [Fatal Error] :1:1: Premature end of file.
2024-12-26 00:29:58,933 [ERROR] LogOutputStream:75 - [STDERR_REDIRECT] 
2024-12-26 00:29:59,937 [ERROR] LogOutputStream:75 - [STDERR_REDIRECT] [Fatal Error] :1:1: Premature end of file.
2024-12-26 00:29:59,937 [ERROR] LogOutputStream:75 - [STDERR_REDIRECT] 
2024-12-26 00:30:00,929 [ERROR] LogOutputStream:75 - [STDERR_REDIRECT] [Fatal Error] :1:1: Premature end of file.
2024-12-26 00:30:00,929 [ERROR] LogOutputStream:75 - [STDERR_REDIRECT] 
2024-12-26 00:30:01,937 [ERROR] LogOutputStream:75 - [STDERR_REDIRECT] [Fatal Error] :1:1: Premature end of file.
2024-12-26 00:30:01,938 [ERROR] LogOutputStream:75 - [STDERR_REDIRECT] 
2024-12-26 00:30:02,938 [ERROR] LogOutputStream:75 - [STDERR_REDIRECT] [Fatal Error] :1:1: Premature end of file.
2024-12-26 00:30:02,938 [ERROR] LogOutputStream:75 - [STDERR_REDIRECT] 
2024-12-26 00:30:03,933 [ERROR] LogOutputStream:75 - [STDERR_REDIRECT] [Fatal Error] :1:1: Premature end of file.
2024-12-26 00:30:03,933 [ERROR] LogOutputStream:75 - [STDERR_REDIRECT] 
2024-12-26 00:30:04,938 [ERROR] LogOutputStream:75 - [STDERR_REDIRECT] [Fatal Error] :1:1: Premature end of file.
2024-12-26 00:30:04,939 [ERROR] LogOutputStream:75 - [STDERR_REDIRECT] 
2024-12-26 00:30:05,940 [ERROR] LogOutputStream:75 - [STDERR_REDIRECT] [Fatal Error] :1:1: Premature end of file.
2024-12-26 00:30:05,940 [ERROR] LogOutputStream:75 - [STDERR_REDIRECT] 
2024-12-26 00:30:06,933 [ERROR] LogOutputStream:75 - [STDERR_REDIRECT] [Fatal Error] :1:1: Premature end of file.
2024-12-26 00:30:06,933 [ERROR] LogOutputStream:75 - [STDERR_REDIRECT] 
2024-12-26 00:30:07,935 [ERROR] LogOutputStream:75 - [STDERR_REDIRECT] [Fatal Error] :1:1: Premature end of file.
2024-12-26 00:30:07,935 [ERROR] LogOutputStream:75 - [STDERR_REDIRECT] 
2024-12-26 00:30:08,937 [ERROR] LogOutputStream:75 - [STDERR_REDIRECT] [Fatal Error] :1:1: Premature end of file.
2024-12-26 00:30:08,937 [ERROR] LogOutputStream:75 - [STDERR_REDIRECT] 
2024-12-26 00:30:09,946 [ERROR] LogOutputStream:75 - [STDERR_REDIRECT] [Fatal Error] :1:1: Premature end of file.
2024-12-26 00:30:09,946 [ERROR] LogOutputStream:75 - [STDERR_REDIRECT] 
2024-12-26 00:30:10,942 [ERROR] LogOutputStream:75 - [STDERR_REDIRECT] [Fatal Error] :1:1: Premature end of file.
2024-12-26 00:30:10,942 [ERROR] LogOutputStream:75 - [STDERR_REDIRECT] 
2024-12-26 00:30:11,928 [ERROR] LogOutputStream:75 - [STDERR_REDIRECT] [Fatal Error] :1:1: Premature end of file.
2024-12-26 00:30:11,928 [ERROR] LogOutputStream:75 - [STDERR_REDIRECT] 
2024-12-26 00:30:12,946 [ERROR] LogOutputStream:75 - [STDERR_REDIRECT] [Fatal Error] :1:1: Premature end of file.
2024-12-26 00:30:12,946 [ERROR] LogOutputStream:75 - [STDERR_REDIRECT] 
2024-12-26 00:30:13,931 [ERROR] LogOutputStream:75 - [STDERR_REDIRECT] [Fatal Error] :1:1: Premature end of file.
2024-12-26 00:30:13,931 [ERROR] LogOutputStream:75 - [STDERR_REDIRECT] 
2024-12-26 00:30:14,928 [ERROR] LogOutputStream:75 - [STDERR_REDIRECT] [Fatal Error] :1:1: Premature end of file.
2024-12-26 00:30:14,928 [ERROR] LogOutputStream:75 - [STDERR_REDIRECT] 
2024-12-26 00:30:15,935 [ERROR] LogOutputStream:75 - [STDERR_REDIRECT] [Fatal Error] :1:1: Premature end of file.
2024-12-26 00:30:15,935 [ERROR] LogOutputStream:75 - [STDERR_REDIRECT] 
2024-12-26 00:30:16,938 [ERROR] LogOutputStream:75 - [STDERR_REDIRECT] [Fatal Error] :1:1: Premature end of file.
2024-12-26 00:30:16,938 [ERROR] LogOutputStream:75 - [STDERR_REDIRECT] 
2024-12-26 00:30:17,926 [ERROR] LogOutputStream:75 - [STDERR_REDIRECT] [Fatal Error] :1:1: Premature end of file.
2024-12-26 00:30:17,926 [ERROR] LogOutputStream:75 - [STDERR_REDIRECT] 
2024-12-26 00:30:18,942 [ERROR] LogOutputStream:75 - [STDERR_REDIRECT] [Fatal Error] :1:1: Premature end of file.
2024-12-26 00:30:18,942 [ERROR] LogOutputStream:75 - [STDERR_REDIRECT] 
2024-12-26 00:30:19,926 [ERROR] LogOutputStream:75 - [STDERR_REDIRECT] [Fatal Error] :1:1: Premature end of file.
2024-12-26 00:30:19,926 [ERROR] LogOutputStream:75 - [STDERR_REDIRECT] 
2024-12-26 00:30:20,925 [ERROR] LogOutputStream:75 - [STDERR_REDIRECT] [Fatal Error] :1:1: Premature end of file.
2024-12-26 00:30:20,926 [ERROR] LogOutputStream:75 - [STDERR_REDIRECT] 
2024-12-26 00:30:21,929 [ERROR] LogOutputStream:75 - [STDERR_REDIRECT] [Fatal Error] :1:1: Premature end of file.
2024-12-26 00:30:21,929 [ERROR] LogOutputStream:75 - [STDERR_REDIRECT] 
2024-12-26 00:30:22,927 [ERROR] LogOutputStream:75 - [STDERR_REDIRECT] [Fatal Error] :1:1: Premature end of file.
2024-12-26 00:30:22,927 [ERROR] LogOutputStream:75 - [STDERR_REDIRECT] 
2024-12-26 00:30:23,930 [ERROR] LogOutputStream:75 - [STDERR_REDIRECT] [Fatal Error] :1:1: Premature end of file.
2024-12-26 00:30:23,930 [ERROR] LogOutputStream:75 - [STDERR_REDIRECT] 
2024-12-26 00:30:24,928 [ERROR] LogOutputStream:75 - [STDERR_REDIRECT] [Fatal Error] :1:1: Premature end of file.
2024-12-26 00:30:24,929 [ERROR] LogOutputStream:75 - [STDERR_REDIRECT] 
2024-12-26 00:30:25,926 [ERROR] LogOutputStream:75 - [STDERR_REDIRECT] [Fatal Error] :1:1: Premature end of file.
2024-12-26 00:30:25,926 [ERROR] LogOutputStream:75 - [STDERR_REDIRECT] 
2024-12-26 00:30:26,929 [ERROR] LogOutputStream:75 - [STDERR_REDIRECT] [Fatal Error] :1:1: Premature end of file.
2024-12-26 00:30:26,929 [ERROR] LogOutputStream:75 - [STDERR_REDIRECT] 
2024-12-26 00:30:27,928 [ERROR] LogOutputStream:75 - [STDERR_REDIRECT] [Fatal Error] :1:1: Premature end of file.
2024-12-26 00:30:27,928 [ERROR] LogOutputStream:75 - [STDERR_REDIRECT] 
2024-12-26 00:30:28,930 [ERROR] LogOutputStream:75 - [STDERR_REDIRECT] [Fatal Error] :1:1: Premature end of file.
2024-12-26 00:30:28,930 [ERROR] LogOutputStream:75 - [STDERR_REDIRECT] 
2024-12-26 00:30:29,929 [ERROR] LogOutputStream:75 - [STDERR_REDIRECT] [Fatal Error] :1:1: Premature end of file.
2024-12-26 00:30:29,929 [ERROR] LogOutputStream:75 - [STDERR_REDIRECT] 
2024-12-26 00:30:30,929 [ERROR] LogOutputStream:75 - [STDERR_REDIRECT] [Fatal Error] :1:1: Premature end of file.
2024-12-26 00:30:30,929 [ERROR] LogOutputStream:75 - [STDERR_REDIRECT] 
2024-12-26 00:30:31,930 [ERROR] LogOutputStream:75 - [STDERR_REDIRECT] [Fatal Error] :1:1: Premature end of file.
2024-12-26 00:30:31,930 [ERROR] LogOutputStream:75 - [STDERR_REDIRECT] 
2024-12-26 00:30:32,930 [ERROR] LogOutputStream:75 - [STDERR_REDIRECT] [Fatal Error] :1:1: Premature end of file.
2024-12-26 00:30:32,930 [ERROR] LogOutputStream:75 - [STDERR_REDIRECT] 
2024-12-26 00:30:33,926 [ERROR] LogOutputStream:75 - [STDERR_REDIRECT] [Fatal Error] :1:1: Premature end of file.
2024-12-26 00:30:33,926 [ERROR] LogOutputStream:75 - [STDERR_REDIRECT] 
2024-12-26 00:30:34,928 [ERROR] LogOutputStream:75 - [STDERR_REDIRECT] [Fatal Error] :1:1: Premature end of file.
2024-12-26 00:30:34,928 [ERROR] LogOutputStream:75 - [STDERR_REDIRECT] 
2024-12-26 00:30:35,928 [ERROR] LogOutputStream:75 - [STDERR_REDIRECT] [Fatal Error] :1:1: Premature end of file.
2024-12-26 00:30:35,928 [ERROR] LogOutputStream:75 - [STDERR_REDIRECT] 
2024-12-26 00:30:36,927 [ERROR] LogOutputStream:75 - [STDERR_REDIRECT] [Fatal Error] :1:1: Premature end of file.
2024-12-26 00:30:36,927 [ERROR] LogOutputStream:75 - [STDERR_REDIRECT] 
2024-12-26 00:30:37,928 [ERROR] LogOutputStream:75 - [STDERR_REDIRECT] [Fatal Error] :1:1: Premature end of file.
2024-12-26 00:30:37,928 [ERROR] LogOutputStream:75 - [STDERR_REDIRECT] 
2024-12-26 00:30:38,927 [ERROR] LogOutputStream:75 - [STDERR_REDIRECT] [Fatal Error] :1:1: Premature end of file.
2024-12-26 00:30:38,928 [ERROR] LogOutputStream:75 - [STDERR_REDIRECT] 
2024-12-26 00:30:39,927 [ERROR] LogOutputStream:75 - [STDERR_REDIRECT] [Fatal Error] :1:1: Premature end of file.
2024-12-26 00:30:39,927 [ERROR] LogOutputStream:75 - [STDERR_REDIRECT] 
2024-12-26 00:30:40,931 [ERROR] LogOutputStream:75 - [STDERR_REDIRECT] [Fatal Error] :1:1: Premature end of file.
2024-12-26 00:30:40,932 [ERROR] LogOutputStream:75 - [STDERR_REDIRECT] 
2024-12-26 00:30:41,927 [ERROR] LogOutputStream:75 - [STDERR_REDIRECT] [Fatal Error] :1:1: Premature end of file.
2024-12-26 00:30:41,927 [ERROR] LogOutputStream:75 - [STDERR_REDIRECT] 
2024-12-26 00:30:42,931 [ERROR] LogOutputStream:75 - [STDERR_REDIRECT] [Fatal Error] :1:1: Premature end of file.
2024-12-26 00:30:42,931 [ERROR] LogOutputStream:75 - [STDERR_REDIRECT] 
2024-12-26 00:30:43,930 [ERROR] LogOutputStream:75 - [STDERR_REDIRECT] [Fatal Error] :1:1: Premature end of file.
2024-12-26 00:30:43,930 [ERROR] LogOutputStream:75 - [STDERR_REDIRECT] 
2024-12-26 00:30:44,929 [ERROR] LogOutputStream:75 - [STDERR_REDIRECT] [Fatal Error] :1:1: Premature end of file.
2024-12-26 00:30:44,929 [ERROR] LogOutputStream:75 - [STDERR_REDIRECT] 
2024-12-26 00:30:45,930 [ERROR] LogOutputStream:75 - [STDERR_REDIRECT] [Fatal Error] :1:1: Premature end of file.
2024-12-26 00:30:45,930 [ERROR] LogOutputStream:75 - [STDERR_REDIRECT] 
2024-12-26 00:30:46,928 [ERROR] LogOutputStream:75 - [STDERR_REDIRECT] [Fatal Error] :1:1: Premature end of file.
2024-12-26 00:30:46,929 [ERROR] LogOutputStream:75 - [STDERR_REDIRECT] 
2024-12-26 00:30:47,929 [ERROR] LogOutputStream:75 - [STDERR_REDIRECT] [Fatal Error] :1:1: Premature end of file.
2024-12-26 00:30:47,929 [ERROR] LogOutputStream:75 - [STDERR_REDIRECT] 
2024-12-26 00:30:48,930 [ERROR] LogOutputStream:75 - [STDERR_REDIRECT] [Fatal Error] :1:1: Premature end of file.
2024-12-26 00:30:48,930 [ERROR] LogOutputStream:75 - [STDERR_REDIRECT] 
2024-12-26 00:30:49,936 [ERROR] LogOutputStream:75 - [STDERR_REDIRECT] [Fatal Error] :1:1: Premature end of file.
2024-12-26 00:30:49,937 [ERROR] LogOutputStream:75 - [STDERR_REDIRECT] 
2024-12-26 00:30:50,927 [ERROR] LogOutputStream:75 - [STDERR_REDIRECT] [Fatal Error] :1:1: Premature end of file.
2024-12-26 00:30:50,927 [ERROR] LogOutputStream:75 - [STDERR_REDIRECT] 
2024-12-26 00:30:51,926 [ERROR] LogOutputStream:75 - [STDERR_REDIRECT] [Fatal Error] :1:1: Premature end of file.
2024-12-26 00:30:51,926 [ERROR] LogOutputStream:75 - [STDERR_REDIRECT] 
2024-12-26 00:30:52,935 [ERROR] LogOutputStream:75 - [STDERR_REDIRECT] [Fatal Error] :1:1: Premature end of file.
2024-12-26 00:30:52,935 [ERROR] LogOutputStream:75 - [STDERR_REDIRECT] 
2024-12-26 00:30:53,928 [ERROR] LogOutputStream:75 - [STDERR_REDIRECT] [Fatal Error] :1:1: Premature end of file.
2024-12-26 00:30:53,928 [ERROR] LogOutputStream:75 - [STDERR_REDIRECT] 
2024-12-26 00:30:54,931 [ERROR] LogOutputStream:75 - [STDERR_REDIRECT] [Fatal Error] :1:1: Premature end of file.
2024-12-26 00:30:54,931 [ERROR] LogOutputStream:75 - [STDERR_REDIRECT] 
2024-12-26 00:30:55,929 [ERROR] LogOutputStream:75 - [STDERR_REDIRECT] [Fatal Error] :1:1: Premature end of file.
2024-12-26 00:30:55,929 [ERROR] LogOutputStream:75 - [STDERR_REDIRECT] 
2024-12-26 00:30:56,932 [ERROR] LogOutputStream:75 - [STDERR_REDIRECT] [Fatal Error] :1:1: Premature end of file.
2024-12-26 00:30:56,932 [ERROR] LogOutputStream:75 - [STDERR_REDIRECT] 
2024-12-26 00:30:57,932 [ERROR] LogOutputStream:75 - [STDERR_REDIRECT] [Fatal Error] :1:1: Premature end of file.
2024-12-26 00:30:57,932 [ERROR] LogOutputStream:75 - [STDERR_REDIRECT] 
2024-12-26 00:30:58,943 [ERROR] LogOutputStream:75 - [STDERR_REDIRECT] [Fatal Error] :1:1: Premature end of file.
2024-12-26 00:30:58,943 [ERROR] LogOutputStream:75 - [STDERR_REDIRECT] 
2024-12-26 00:30:59,927 [ERROR] LogOutputStream:75 - [STDERR_REDIRECT] [Fatal Error] :1:1: Premature end of file.
2024-12-26 00:30:59,927 [ERROR] LogOutputStream:75 - [STDERR_REDIRECT] 
2024-12-26 00:31:00,933 [ERROR] LogOutputStream:75 - [STDERR_REDIRECT] [Fatal Error] :1:1: Premature end of file.
2024-12-26 00:31:00,933 [ERROR] LogOutputStream:75 - [STDERR_REDIRECT] 
2024-12-26 00:31:01,933 [ERROR] LogOutputStream:75 - [STDERR_REDIRECT] [Fatal Error] :1:1: Premature end of file.
2024-12-26 00:31:01,933 [ERROR] LogOutputStream:75 - [STDERR_REDIRECT] 
2024-12-26 00:31:02,933 [ERROR] LogOutputStream:75 - [STDERR_REDIRECT] [Fatal Error] :1:1: Premature end of file.
2024-12-26 00:31:02,933 [ERROR] LogOutputStream:75 - [STDERR_REDIRECT] 
2024-12-26 00:31:03,932 [ERROR] LogOutputStream:75 - [STDERR_REDIRECT] [Fatal Error] :1:1: Premature end of file.
2024-12-26 00:31:03,932 [ERROR] LogOutputStream:75 - [STDERR_REDIRECT] 
2024-12-26 00:31:04,931 [ERROR] LogOutputStream:75 - [STDERR_REDIRECT] [Fatal Error] :1:1: Premature end of file.
2024-12-26 00:31:04,931 [ERROR] LogOutputStream:75 - [STDERR_REDIRECT] 
2024-12-26 00:31:05,939 [ERROR] LogOutputStream:75 - [STDERR_REDIRECT] [Fatal Error] :1:1: Premature end of file.
2024-12-26 00:31:05,940 [ERROR] LogOutputStream:75 - [STDERR_REDIRECT] 
2024-12-26 00:31:06,931 [ERROR] LogOutputStream:75 - [STDERR_REDIRECT] [Fatal Error] :1:1: Premature end of file.
2024-12-26 00:31:06,931 [ERROR] LogOutputStream:75 - [STDERR_REDIRECT] 
2024-12-26 00:31:07,931 [ERROR] LogOutputStream:75 - [STDERR_REDIRECT] [Fatal Error] :1:1: Premature end of file.
2024-12-26 00:31:07,931 [ERROR] LogOutputStream:75 - [STDERR_REDIRECT] 
2024-12-26 00:31:08,931 [ERROR] LogOutputStream:75 - [STDERR_REDIRECT] [Fatal Error] :1:1: Premature end of file.
2024-12-26 00:31:08,931 [ERROR] LogOutputStream:75 - [STDERR_REDIRECT] 
2024-12-26 00:31:09,930 [ERROR] LogOutputStream:75 - [STDERR_REDIRECT] [Fatal Error] :1:1: Premature end of file.
2024-12-26 00:31:09,930 [ERROR] LogOutputStream:75 - [STDERR_REDIRECT] 
2024-12-26 00:31:10,931 [ERROR] LogOutputStream:75 - [STDERR_REDIRECT] [Fatal Error] :1:1: Premature end of file.
2024-12-26 00:31:10,931 [ERROR] LogOutputStream:75 - [STDERR_REDIRECT] 
2024-12-26 00:31:11,933 [ERROR] LogOutputStream:75 - [STDERR_REDIRECT] [Fatal Error] :1:1: Premature end of file.
2024-12-26 00:31:11,933 [ERROR] LogOutputStream:75 - [STDERR_REDIRECT] 
2024-12-26 00:31:12,928 [ERROR] LogOutputStream:75 - [STDERR_REDIRECT] [Fatal Error] :1:1: Premature end of file.
2024-12-26 00:31:12,928 [ERROR] LogOutputStream:75 - [STDERR_REDIRECT] 
2024-12-26 00:31:13,930 [ERROR] LogOutputStream:75 - [STDERR_REDIRECT] [Fatal Error] :1:1: Premature end of file.
2024-12-26 00:31:13,931 [ERROR] LogOutputStream:75 - [STDERR_REDIRECT] 
2024-12-26 00:31:14,929 [ERROR] LogOutputStream:75 - [STDERR_REDIRECT] [Fatal Error] :1:1: Premature end of file.
2024-12-26 00:31:14,929 [ERROR] LogOutputStream:75 - [STDERR_REDIRECT] 
2024-12-26 00:31:15,927 [ERROR] LogOutputStream:75 - [STDERR_REDIRECT] [Fatal Error] :1:1: Premature end of file.
2024-12-26 00:31:15,927 [ERROR] LogOutputStream:75 - [STDERR_REDIRECT] 
2024-12-26 00:31:16,927 [ERROR] LogOutputStream:75 - [STDERR_REDIRECT] [Fatal Error] :1:1: Premature end of file.
2024-12-26 00:31:16,927 [ERROR] LogOutputStream:75 - [STDERR_REDIRECT] 
2024-12-26 00:31:17,926 [ERROR] LogOutputStream:75 - [STDERR_REDIRECT] [Fatal Error] :1:1: Premature end of file.
2024-12-26 00:31:17,926 [ERROR] LogOutputStream:75 - [STDERR_REDIRECT] 
2024-12-26 00:31:18,929 [ERROR] LogOutputStream:75 - [STDERR_REDIRECT] [Fatal Error] :1:1: Premature end of file.
2024-12-26 00:31:18,929 [ERROR] LogOutputStream:75 - [STDERR_REDIRECT] 
2024-12-26 00:31:19,926 [ERROR] LogOutputStream:75 - [STDERR_REDIRECT] [Fatal Error] :1:1: Premature end of file.
2024-12-26 00:31:19,926 [ERROR] LogOutputStream:75 - [STDERR_REDIRECT] 
2024-12-26 00:31:20,927 [ERROR] LogOutputStream:75 - [STDERR_REDIRECT] [Fatal Error] :1:1: Premature end of file.
2024-12-26 00:31:20,927 [ERROR] LogOutputStream:75 - [STDERR_REDIRECT] 
2024-12-26 00:31:21,928 [ERROR] LogOutputStream:75 - [STDERR_REDIRECT] [Fatal Error] :1:1: Premature end of file.
2024-12-26 00:31:21,928 [ERROR] LogOutputStream:75 - [STDERR_REDIRECT] 
2024-12-26 00:31:22,926 [ERROR] LogOutputStream:75 - [STDERR_REDIRECT] [Fatal Error] :1:1: Premature end of file.
2024-12-26 00:31:22,926 [ERROR] LogOutputStream:75 - [STDERR_REDIRECT] 
2024-12-26 00:31:23,928 [ERROR] LogOutputStream:75 - [STDERR_REDIRECT] [Fatal Error] :1:1: Premature end of file.
2024-12-26 00:31:23,928 [ERROR] LogOutputStream:75 - [STDERR_REDIRECT] 
2024-12-26 00:31:24,926 [ERROR] LogOutputStream:75 - [STDERR_REDIRECT] [Fatal Error] :1:1: Premature end of file.
2024-12-26 00:31:24,926 [ERROR] LogOutputStream:75 - [STDERR_REDIRECT] 
2024-12-26 00:31:25,927 [ERROR] LogOutputStream:75 - [STDERR_REDIRECT] [Fatal Error] :1:1: Premature end of file.
2024-12-26 00:31:25,927 [ERROR] LogOutputStream:75 - [STDERR_REDIRECT] 
2024-12-26 00:31:26,926 [ERROR] LogOutputStream:75 - [STDERR_REDIRECT] [Fatal Error] :1:1: Premature end of file.
2024-12-26 00:31:26,926 [ERROR] LogOutputStream:75 - [STDERR_REDIRECT] 
2024-12-26 00:31:27,927 [ERROR] LogOutputStream:75 - [STDERR_REDIRECT] [Fatal Error] :1:1: Premature end of file.
2024-12-26 00:31:27,927 [ERROR] LogOutputStream:75 - [STDERR_REDIRECT] 
2024-12-26 00:31:28,926 [ERROR] LogOutputStream:75 - [STDERR_REDIRECT] [Fatal Error] :1:1: Premature end of file.
2024-12-26 00:31:28,926 [ERROR] LogOutputStream:75 - [STDERR_REDIRECT] 
2024-12-26 00:31:29,935 [ERROR] LogOutputStream:75 - [STDERR_REDIRECT] [Fatal Error] :1:1: Premature end of file.
2024-12-26 00:31:29,936 [ERROR] LogOutputStream:75 - [STDERR_REDIRECT] 
2024-12-26 00:31:30,932 [ERROR] LogOutputStream:75 - [STDERR_REDIRECT] [Fatal Error] :1:1: Premature end of file.
2024-12-26 00:31:30,932 [ERROR] LogOutputStream:75 - [STDERR_REDIRECT] 
2024-12-26 00:31:31,928 [ERROR] LogOutputStream:75 - [STDERR_REDIRECT] [Fatal Error] :1:1: Premature end of file.
2024-12-26 00:31:31,928 [ERROR] LogOutputStream:75 - [STDERR_REDIRECT] 
2024-12-26 00:31:32,927 [ERROR] LogOutputStream:75 - [STDERR_REDIRECT] [Fatal Error] :1:1: Premature end of file.
2024-12-26 00:31:32,927 [ERROR] LogOutputStream:75 - [STDERR_REDIRECT] 
2024-12-26 00:31:33,929 [ERROR] LogOutputStream:75 - [STDERR_REDIRECT] [Fatal Error] :1:1: Premature end of file.
2024-12-26 00:31:33,929 [ERROR] LogOutputStream:75 - [STDERR_REDIRECT] 
2024-12-26 00:31:34,929 [ERROR] LogOutputStream:75 - [STDERR_REDIRECT] [Fatal Error] :1:1: Premature end of file.
2024-12-26 00:31:34,929 [ERROR] LogOutputStream:75 - [STDERR_REDIRECT] 
2024-12-26 00:31:35,928 [ERROR] LogOutputStream:75 - [STDERR_REDIRECT] [Fatal Error] :1:1: Premature end of file.
2024-12-26 00:31:35,928 [ERROR] LogOutputStream:75 - [STDERR_REDIRECT] 
2024-12-26 00:31:36,926 [ERROR] LogOutputStream:75 - [STDERR_REDIRECT] [Fatal Error] :1:1: Premature end of file.
2024-12-26 00:31:36,927 [ERROR] LogOutputStream:75 - [STDERR_REDIRECT] 
2024-12-26 00:31:37,925 [ERROR] LogOutputStream:75 - [STDERR_REDIRECT] [Fatal Error] :1:1: Premature end of file.
2024-12-26 00:31:37,925 [ERROR] LogOutputStream:75 - [STDERR_REDIRECT] 
2024-12-26 00:31:38,928 [ERROR] LogOutputStream:75 - [STDERR_REDIRECT] [Fatal Error] :1:1: Premature end of file.
2024-12-26 00:31:38,928 [ERROR] LogOutputStream:75 - [STDERR_REDIRECT] 
2024-12-26 00:31:39,926 [ERROR] LogOutputStream:75 - [STDERR_REDIRECT] [Fatal Error] :1:1: Premature end of file.
2024-12-26 00:31:39,927 [ERROR] LogOutputStream:75 - [STDERR_REDIRECT] 
2024-12-26 00:31:40,928 [ERROR] LogOutputStream:75 - [STDERR_REDIRECT] [Fatal Error] :1:1: Premature end of file.
2024-12-26 00:31:40,929 [ERROR] LogOutputStream:75 - [STDERR_REDIRECT] 
2024-12-26 00:31:41,928 [ERROR] LogOutputStream:75 - [STDERR_REDIRECT] [Fatal Error] :1:1: Premature end of file.
2024-12-26 00:31:41,929 [ERROR] LogOutputStream:75 - [STDERR_REDIRECT] 
2024-12-26 00:31:42,927 [ERROR] LogOutputStream:75 - [STDERR_REDIRECT] [Fatal Error] :1:1: Premature end of file.
2024-12-26 00:31:42,927 [ERROR] LogOutputStream:75 - [STDERR_REDIRECT] 
2024-12-26 00:31:43,928 [ERROR] LogOutputStream:75 - [STDERR_REDIRECT] [Fatal Error] :1:1: Premature end of file.
2024-12-26 00:31:43,928 [ERROR] LogOutputStream:75 - [STDERR_REDIRECT] 
2024-12-26 00:31:44,927 [ERROR] LogOutputStream:75 - [STDERR_REDIRECT] [Fatal Error] :1:1: Premature end of file.
2024-12-26 00:31:44,927 [ERROR] LogOutputStream:75 - [STDERR_REDIRECT] 
2024-12-26 00:31:45,929 [ERROR] LogOutputStream:75 - [STDERR_REDIRECT] [Fatal Error] :1:1: Premature end of file.
2024-12-26 00:31:45,929 [ERROR] LogOutputStream:75 - [STDERR_REDIRECT] 
2024-12-26 00:31:46,926 [ERROR] LogOutputStream:75 - [STDERR_REDIRECT] [Fatal Error] :1:1: Premature end of file.
2024-12-26 00:31:46,927 [ERROR] LogOutputStream:75 - [STDERR_REDIRECT] 
2024-12-26 00:31:47,930 [ERROR] LogOutputStream:75 - [STDERR_REDIRECT] [Fatal Error] :1:1: Premature end of file.
2024-12-26 00:31:47,930 [ERROR] LogOutputStream:75 - [STDERR_REDIRECT] 
2024-12-26 00:31:48,925 [ERROR] LogOutputStream:75 - [STDERR_REDIRECT] [Fatal Error] :1:1: Premature end of file.
2024-12-26 00:31:48,925 [ERROR] LogOutputStream:75 - [STDERR_REDIRECT] 
2024-12-26 00:31:49,931 [ERROR] LogOutputStream:75 - [STDERR_REDIRECT] [Fatal Error] :1:1: Premature end of file.
2024-12-26 00:31:49,932 [ERROR] LogOutputStream:75 - [STDERR_REDIRECT] 
2024-12-26 00:31:50,934 [ERROR] LogOutputStream:75 - [STDERR_REDIRECT] [Fatal Error] :1:1: Premature end of file.
2024-12-26 00:31:50,934 [ERROR] LogOutputStream:75 - [STDERR_REDIRECT] 
2024-12-26 00:31:51,927 [ERROR] LogOutputStream:75 - [STDERR_REDIRECT] [Fatal Error] :1:1: Premature end of file.
2024-12-26 00:31:51,927 [ERROR] LogOutputStream:75 - [STDERR_REDIRECT] 
2024-12-26 00:31:52,929 [ERROR] LogOutputStream:75 - [STDERR_REDIRECT] [Fatal Error] :1:1: Premature end of file.
2024-12-26 00:31:52,930 [ERROR] LogOutputStream:75 - [STDERR_REDIRECT] 
2024-12-26 00:31:53,931 [ERROR] LogOutputStream:75 - [STDERR_REDIRECT] [Fatal Error] :1:1: Premature end of file.
2024-12-26 00:31:53,931 [ERROR] LogOutputStream:75 - [STDERR_REDIRECT] 
2024-12-26 00:31:54,928 [ERROR] LogOutputStream:75 - [STDERR_REDIRECT] [Fatal Error] :1:1: Premature end of file.
2024-12-26 00:31:54,928 [ERROR] LogOutputStream:75 - [STDERR_REDIRECT] 
2024-12-26 00:31:55,929 [ERROR] LogOutputStream:75 - [STDERR_REDIRECT] [Fatal Error] :1:1: Premature end of file.
2024-12-26 00:31:55,929 [ERROR] LogOutputStream:75 - [STDERR_REDIRECT] 
2024-12-26 00:31:56,929 [ERROR] LogOutputStream:75 - [STDERR_REDIRECT] [Fatal Error] :1:1: Premature end of file.
2024-12-26 00:31:56,929 [ERROR] LogOutputStream:75 - [STDERR_REDIRECT] 
2024-12-26 00:31:57,930 [ERROR] LogOutputStream:75 - [STDERR_REDIRECT] [Fatal Error] :1:1: Premature end of file.
2024-12-26 00:31:57,930 [ERROR] LogOutputStream:75 - [STDERR_REDIRECT] 
2024-12-26 00:31:58,938 [ERROR] LogOutputStream:75 - [STDERR_REDIRECT] [Fatal Error] :1:1: Premature end of file.
2024-12-26 00:31:58,938 [ERROR] LogOutputStream:75 - [STDERR_REDIRECT] 
2024-12-26 00:31:59,927 [ERROR] LogOutputStream:75 - [STDERR_REDIRECT] [Fatal Error] :1:1: Premature end of file.
2024-12-26 00:31:59,927 [ERROR] LogOutputStream:75 - [STDERR_REDIRECT] 
2024-12-26 00:32:00,935 [ERROR] LogOutputStream:75 - [STDERR_REDIRECT] [Fatal Error] :1:1: Premature end of file.
2024-12-26 00:32:00,935 [ERROR] LogOutputStream:75 - [STDERR_REDIRECT] 
2024-12-26 00:32:01,928 [ERROR] LogOutputStream:75 - [STDERR_REDIRECT] [Fatal Error] :1:1: Premature end of file.
2024-12-26 00:32:01,928 [ERROR] LogOutputStream:75 - [STDERR_REDIRECT] 
2024-12-26 00:32:02,931 [ERROR] LogOutputStream:75 - [STDERR_REDIRECT] [Fatal Error] :1:1: Premature end of file.
2024-12-26 00:32:02,931 [ERROR] LogOutputStream:75 - [STDERR_REDIRECT] 
2024-12-26 00:32:03,940 [ERROR] LogOutputStream:75 - [STDERR_REDIRECT] [Fatal Error] :1:1: Premature end of file.
2024-12-26 00:32:03,940 [ERROR] LogOutputStream:75 - [STDERR_REDIRECT] 
2024-12-26 00:32:04,938 [ERROR] LogOutputStream:75 - [STDERR_REDIRECT] [Fatal Error] :1:1: Premature end of file.
2024-12-26 00:32:04,938 [ERROR] LogOutputStream:75 - [STDERR_REDIRECT] 
2024-12-26 00:32:05,927 [ERROR] LogOutputStream:75 - [STDERR_REDIRECT] [Fatal Error] :1:1: Premature end of file.
2024-12-26 00:32:05,927 [ERROR] LogOutputStream:75 - [STDERR_REDIRECT] 
2024-12-26 00:32:06,931 [ERROR] LogOutputStream:75 - [STDERR_REDIRECT] [Fatal Error] :1:1: Premature end of file.
2024-12-26 00:32:06,931 [ERROR] LogOutputStream:75 - [STDERR_REDIRECT] 
2024-12-26 00:32:07,931 [ERROR] LogOutputStream:75 - [STDERR_REDIRECT] [Fatal Error] :1:1: Premature end of file.
2024-12-26 00:32:07,931 [ERROR] LogOutputStream:75 - [STDERR_REDIRECT] 
2024-12-26 00:32:08,936 [ERROR] LogOutputStream:75 - [STDERR_REDIRECT] [Fatal Error] :1:1: Premature end of file.
2024-12-26 00:32:08,937 [ERROR] LogOutputStream:75 - [STDERR_REDIRECT] 
2024-12-26 00:32:09,923 [ERROR] LogOutputStream:75 - [STDERR_REDIRECT] [Fatal Error] :1:1: Premature end of file.
2024-12-26 00:32:09,928 [ERROR] LogOutputStream:75 - [STDERR_REDIRECT] 
2024-12-26 00:32:10,929 [ERROR] LogOutputStream:75 - [STDERR_REDIRECT] [Fatal Error] :1:1: Premature end of file.
2024-12-26 00:32:10,929 [ERROR] LogOutputStream:75 - [STDERR_REDIRECT] 
2024-12-26 00:32:11,930 [ERROR] LogOutputStream:75 - [STDERR_REDIRECT] [Fatal Error] :1:1: Premature end of file.
2024-12-26 00:32:11,930 [ERROR] LogOutputStream:75 - [STDERR_REDIRECT] 
2024-12-26 00:32:12,937 [ERROR] LogOutputStream:75 - [STDERR_REDIRECT] [Fatal Error] :1:1: Premature end of file.
2024-12-26 00:32:12,937 [ERROR] LogOutputStream:75 - [STDERR_REDIRECT] 
2024-12-26 00:32:13,933 [ERROR] LogOutputStream:75 - [STDERR_REDIRECT] [Fatal Error] :1:1: Premature end of file.
2024-12-26 00:32:13,933 [ERROR] LogOutputStream:75 - [STDERR_REDIRECT] 
2024-12-26 00:32:14,928 [ERROR] LogOutputStream:75 - [STDERR_REDIRECT] [Fatal Error] :1:1: Premature end of file.
2024-12-26 00:32:14,928 [ERROR] LogOutputStream:75 - [STDERR_REDIRECT] 
2024-12-26 00:32:15,931 [ERROR] LogOutputStream:75 - [STDERR_REDIRECT] [Fatal Error] :1:1: Premature end of file.
2024-12-26 00:32:15,931 [ERROR] LogOutputStream:75 - [STDERR_REDIRECT] 
2024-12-26 00:32:16,929 [ERROR] LogOutputStream:75 - [STDERR_REDIRECT] [Fatal Error] :1:1: Premature end of file.
2024-12-26 00:32:16,929 [ERROR] LogOutputStream:75 - [STDERR_REDIRECT] 
2024-12-26 00:32:17,928 [ERROR] LogOutputStream:75 - [STDERR_REDIRECT] [Fatal Error] :1:1: Premature end of file.
2024-12-26 00:32:17,928 [ERROR] LogOutputStream:75 - [STDERR_REDIRECT] 
2024-12-26 00:32:18,928 [ERROR] LogOutputStream:75 - [STDERR_REDIRECT] [Fatal Error] :1:1: Premature end of file.
2024-12-26 00:32:18,928 [ERROR] LogOutputStream:75 - [STDERR_REDIRECT] 
2024-12-26 00:32:19,927 [ERROR] LogOutputStream:75 - [STDERR_REDIRECT] [Fatal Error] :1:1: Premature end of file.
2024-12-26 00:32:19,927 [ERROR] LogOutputStream:75 - [STDERR_REDIRECT] 
2024-12-26 00:32:20,927 [ERROR] LogOutputStream:75 - [STDERR_REDIRECT] [Fatal Error] :1:1: Premature end of file.
2024-12-26 00:32:20,927 [ERROR] LogOutputStream:75 - [STDERR_REDIRECT] 
2024-12-26 00:32:21,930 [ERROR] LogOutputStream:75 - [STDERR_REDIRECT] [Fatal Error] :1:1: Premature end of file.
2024-12-26 00:32:21,931 [ERROR] LogOutputStream:75 - [STDERR_REDIRECT] 
2024-12-26 00:32:22,929 [ERROR] LogOutputStream:75 - [STDERR_REDIRECT] [Fatal Error] :1:1: Premature end of file.
2024-12-26 00:32:22,929 [ERROR] LogOutputStream:75 - [STDERR_REDIRECT] 
2024-12-26 00:32:23,927 [ERROR] LogOutputStream:75 - [STDERR_REDIRECT] [Fatal Error] :1:1: Premature end of file.
2024-12-26 00:32:23,928 [ERROR] LogOutputStream:75 - [STDERR_REDIRECT] 
2024-12-26 00:32:24,927 [ERROR] LogOutputStream:75 - [STDERR_REDIRECT] [Fatal Error] :1:1: Premature end of file.
2024-12-26 00:32:24,927 [ERROR] LogOutputStream:75 - [STDERR_REDIRECT] 
2024-12-26 00:32:25,929 [ERROR] LogOutputStream:75 - [STDERR_REDIRECT] [Fatal Error] :1:1: Premature end of file.
2024-12-26 00:32:25,929 [ERROR] LogOutputStream:75 - [STDERR_REDIRECT] 
2024-12-26 00:32:26,927 [ERROR] LogOutputStream:75 - [STDERR_REDIRECT] [Fatal Error] :1:1: Premature end of file.
2024-12-26 00:32:26,927 [ERROR] LogOutputStream:75 - [STDERR_REDIRECT] 
2024-12-26 00:32:27,927 [ERROR] LogOutputStream:75 - [STDERR_REDIRECT] [Fatal Error] :1:1: Premature end of file.
2024-12-26 00:32:27,927 [ERROR] LogOutputStream:75 - [STDERR_REDIRECT] 
2024-12-26 00:32:28,926 [ERROR] LogOutputStream:75 - [STDERR_REDIRECT] [Fatal Error] :1:1: Premature end of file.
2024-12-26 00:32:28,926 [ERROR] LogOutputStream:75 - [STDERR_REDIRECT] 
2024-12-26 00:32:29,927 [ERROR] LogOutputStream:75 - [STDERR_REDIRECT] [Fatal Error] :1:1: Premature end of file.
2024-12-26 00:32:29,927 [ERROR] LogOutputStream:75 - [STDERR_REDIRECT] 
2024-12-26 00:32:30,930 [ERROR] LogOutputStream:75 - [STDERR_REDIRECT] [Fatal Error] :1:1: Premature end of file.
2024-12-26 00:32:30,930 [ERROR] LogOutputStream:75 - [STDERR_REDIRECT] 
2024-12-26 00:32:31,925 [ERROR] LogOutputStream:75 - [STDERR_REDIRECT] [Fatal Error] :1:1: Premature end of file.
2024-12-26 00:32:31,925 [ERROR] LogOutputStream:75 - [STDERR_REDIRECT] 
2024-12-26 00:32:32,926 [ERROR] LogOutputStream:75 - [STDERR_REDIRECT] [Fatal Error] :1:1: Premature end of file.
2024-12-26 00:32:32,926 [ERROR] LogOutputStream:75 - [STDERR_REDIRECT] 
2024-12-26 00:32:33,998 [ERROR] LogOutputStream:75 - [STDERR_REDIRECT] [Fatal Error] :1:1: Premature end of file.
2024-12-26 00:32:33,998 [ERROR] LogOutputStream:75 - [STDERR_REDIRECT] 
2024-12-26 00:32:34,926 [ERROR] LogOutputStream:75 - [STDERR_REDIRECT] [Fatal Error] :1:1: Premature end of file.
2024-12-26 00:32:34,926 [ERROR] LogOutputStream:75 - [STDERR_REDIRECT] 
2024-12-26 00:32:35,928 [ERROR] LogOutputStream:75 - [STDERR_REDIRECT] [Fatal Error] :1:1: Premature end of file.
2024-12-26 00:32:35,928 [ERROR] LogOutputStream:75 - [STDERR_REDIRECT] 
2024-12-26 00:32:36,926 [ERROR] LogOutputStream:75 - [STDERR_REDIRECT] [Fatal Error] :1:1: Premature end of file.
2024-12-26 00:32:36,926 [ERROR] LogOutputStream:75 - [STDERR_REDIRECT] 
2024-12-26 00:32:37,928 [ERROR] LogOutputStream:75 - [STDERR_REDIRECT] [Fatal Error] :1:1: Premature end of file.
2024-12-26 00:32:37,928 [ERROR] LogOutputStream:75 - [STDERR_REDIRECT] 
2024-12-26 00:32:38,929 [ERROR] LogOutputStream:75 - [STDERR_REDIRECT] [Fatal Error] :1:1: Premature end of file.
2024-12-26 00:32:38,929 [ERROR] LogOutputStream:75 - [STDERR_REDIRECT] 
2024-12-26 00:32:39,933 [ERROR] LogOutputStream:75 - [STDERR_REDIRECT] [Fatal Error] :1:1: Premature end of file.
2024-12-26 00:32:39,933 [ERROR] LogOutputStream:75 - [STDERR_REDIRECT] 
2024-12-26 00:32:40,927 [ERROR] LogOutputStream:75 - [STDERR_REDIRECT] [Fatal Error] :1:1: Premature end of file.
2024-12-26 00:32:40,927 [ERROR] LogOutputStream:75 - [STDERR_REDIRECT] 
2024-12-26 00:32:41,926 [ERROR] LogOutputStream:75 - [STDERR_REDIRECT] [Fatal Error] :1:1: Premature end of file.
2024-12-26 00:32:41,926 [ERROR] LogOutputStream:75 - [STDERR_REDIRECT] 
2024-12-26 00:32:42,931 [ERROR] LogOutputStream:75 - [STDERR_REDIRECT] [Fatal Error] :1:1: Premature end of file.
2024-12-26 00:32:42,931 [ERROR] LogOutputStream:75 - [STDERR_REDIRECT] 
2024-12-26 00:32:43,928 [ERROR] LogOutputStream:75 - [STDERR_REDIRECT] [Fatal Error] :1:1: Premature end of file.
2024-12-26 00:32:43,928 [ERROR] LogOutputStream:75 - [STDERR_REDIRECT] 
2024-12-26 00:32:44,929 [ERROR] LogOutputStream:75 - [STDERR_REDIRECT] [Fatal Error] :1:1: Premature end of file.
2024-12-26 00:32:44,929 [ERROR] LogOutputStream:75 - [STDERR_REDIRECT] 
2024-12-26 00:32:45,926 [ERROR] LogOutputStream:75 - [STDERR_REDIRECT] [Fatal Error] :1:1: Premature end of file.
2024-12-26 00:32:45,926 [ERROR] LogOutputStream:75 - [STDERR_REDIRECT] 
2024-12-26 00:32:46,928 [ERROR] LogOutputStream:75 - [STDERR_REDIRECT] [Fatal Error] :1:1: Premature end of file.
2024-12-26 00:32:46,928 [ERROR] LogOutputStream:75 - [STDERR_REDIRECT] 
2024-12-26 00:32:47,927 [ERROR] LogOutputStream:75 - [STDERR_REDIRECT] [Fatal Error] :1:1: Premature end of file.
2024-12-26 00:32:47,927 [ERROR] LogOutputStream:75 - [STDERR_REDIRECT] 
2024-12-26 00:32:48,930 [ERROR] LogOutputStream:75 - [STDERR_REDIRECT] [Fatal Error] :1:1: Premature end of file.
2024-12-26 00:32:48,930 [ERROR] LogOutputStream:75 - [STDERR_REDIRECT] 
2024-12-26 00:32:49,927 [ERROR] LogOutputStream:75 - [STDERR_REDIRECT] [Fatal Error] :1:1: Premature end of file.
2024-12-26 00:32:49,927 [ERROR] LogOutputStream:75 - [STDERR_REDIRECT] 
2024-12-26 00:32:50,925 [ERROR] LogOutputStream:75 - [STDERR_REDIRECT] [Fatal Error] :1:1: Premature end of file.
2024-12-26 00:32:50,925 [ERROR] LogOutputStream:75 - [STDERR_REDIRECT] 
2024-12-26 00:32:51,930 [ERROR] LogOutputStream:75 - [STDERR_REDIRECT] [Fatal Error] :1:1: Premature end of file.
2024-12-26 00:32:51,930 [ERROR] LogOutputStream:75 - [STDERR_REDIRECT] 
2024-12-26 00:32:52,929 [ERROR] LogOutputStream:75 - [STDERR_REDIRECT] [Fatal Error] :1:1: Premature end of file.
2024-12-26 00:32:52,929 [ERROR] LogOutputStream:75 - [STDERR_REDIRECT] 
2024-12-26 00:32:53,928 [ERROR] LogOutputStream:75 - [STDERR_REDIRECT] [Fatal Error] :1:1: Premature end of file.
2024-12-26 00:32:53,930 [ERROR] LogOutputStream:75 - [STDERR_REDIRECT] 
2024-12-26 00:32:54,932 [ERROR] LogOutputStream:75 - [STDERR_REDIRECT] [Fatal Error] :1:1: Premature end of file.
2024-12-26 00:32:54,932 [ERROR] LogOutputStream:75 - [STDERR_REDIRECT] 
2024-12-26 00:32:55,930 [ERROR] LogOutputStream:75 - [STDERR_REDIRECT] [Fatal Error] :1:1: Premature end of file.
2024-12-26 00:32:55,930 [ERROR] LogOutputStream:75 - [STDERR_REDIRECT] 
2024-12-26 00:32:56,930 [ERROR] LogOutputStream:75 - [STDERR_REDIRECT] [Fatal Error] :1:1: Premature end of file.
2024-12-26 00:32:56,930 [ERROR] LogOutputStream:75 - [STDERR_REDIRECT] 
2024-12-26 00:32:57,927 [ERROR] LogOutputStream:75 - [STDERR_REDIRECT] [Fatal Error] :1:1: Premature end of file.
2024-12-26 00:32:57,927 [ERROR] LogOutputStream:75 - [STDERR_REDIRECT] 
2024-12-26 00:32:58,927 [ERROR] LogOutputStream:75 - [STDERR_REDIRECT] [Fatal Error] :1:1: Premature end of file.
2024-12-26 00:32:58,927 [ERROR] LogOutputStream:75 - [STDERR_REDIRECT] 
2024-12-26 00:32:59,933 [ERROR] LogOutputStream:75 - [STDERR_REDIRECT] [Fatal Error] :1:1: Premature end of file.
2024-12-26 00:32:59,933 [ERROR] LogOutputStream:75 - [STDERR_REDIRECT] 
2024-12-26 00:33:00,928 [ERROR] LogOutputStream:75 - [STDERR_REDIRECT] [Fatal Error] :1:1: Premature end of file.
2024-12-26 00:33:00,928 [ERROR] LogOutputStream:75 - [STDERR_REDIRECT] 
2024-12-26 00:33:01,927 [ERROR] LogOutputStream:75 - [STDERR_REDIRECT] [Fatal Error] :1:1: Premature end of file.
2024-12-26 00:33:01,928 [ERROR] LogOutputStream:75 - [STDERR_REDIRECT] 
2024-12-26 00:33:02,928 [ERROR] LogOutputStream:75 - [STDERR_REDIRECT] [Fatal Error] :1:1: Premature end of file.
2024-12-26 00:33:02,928 [ERROR] LogOutputStream:75 - [STDERR_REDIRECT] 
2024-12-26 00:33:03,928 [ERROR] LogOutputStream:75 - [STDERR_REDIRECT] [Fatal Error] :1:1: Premature end of file.
2024-12-26 00:33:03,930 [ERROR] LogOutputStream:75 - [STDERR_REDIRECT] 
2024-12-26 00:33:04,927 [ERROR] LogOutputStream:75 - [STDERR_REDIRECT] [Fatal Error] :1:1: Premature end of file.
2024-12-26 00:33:04,927 [ERROR] LogOutputStream:75 - [STDERR_REDIRECT] 
2024-12-26 00:33:05,926 [ERROR] LogOutputStream:75 - [STDERR_REDIRECT] [Fatal Error] :1:1: Premature end of file.
2024-12-26 00:33:05,926 [ERROR] LogOutputStream:75 - [STDERR_REDIRECT] 
2024-12-26 00:33:06,928 [ERROR] LogOutputStream:75 - [STDERR_REDIRECT] [Fatal Error] :1:1: Premature end of file.
2024-12-26 00:33:06,928 [ERROR] LogOutputStream:75 - [STDERR_REDIRECT] 
2024-12-26 00:33:07,928 [ERROR] LogOutputStream:75 - [STDERR_REDIRECT] [Fatal Error] :1:1: Premature end of file.
2024-12-26 00:33:07,928 [ERROR] LogOutputStream:75 - [STDERR_REDIRECT] 
2024-12-26 00:33:08,928 [ERROR] LogOutputStream:75 - [STDERR_REDIRECT] [Fatal Error] :1:1: Premature end of file.
2024-12-26 00:33:08,928 [ERROR] LogOutputStream:75 - [STDERR_REDIRECT] 
2024-12-26 00:33:09,927 [ERROR] LogOutputStream:75 - [STDERR_REDIRECT] [Fatal Error] :1:1: Premature end of file.
2024-12-26 00:33:09,927 [ERROR] LogOutputStream:75 - [STDERR_REDIRECT] 
2024-12-26 00:33:10,929 [ERROR] LogOutputStream:75 - [STDERR_REDIRECT] [Fatal Error] :1:1: Premature end of file.
2024-12-26 00:33:10,929 [ERROR] LogOutputStream:75 - [STDERR_REDIRECT] 
2024-12-26 00:33:11,927 [ERROR] LogOutputStream:75 - [STDERR_REDIRECT] [Fatal Error] :1:1: Premature end of file.
2024-12-26 00:33:11,927 [ERROR] LogOutputStream:75 - [STDERR_REDIRECT] 
2024-12-26 00:33:12,925 [ERROR] LogOutputStream:75 - [STDERR_REDIRECT] [Fatal Error] :1:1: Premature end of file.
2024-12-26 00:33:12,926 [ERROR] LogOutputStream:75 - [STDERR_REDIRECT] 
2024-12-26 00:33:13,928 [ERROR] LogOutputStream:75 - [STDERR_REDIRECT] [Fatal Error] :1:1: Premature end of file.
2024-12-26 00:33:13,928 [ERROR] LogOutputStream:75 - [STDERR_REDIRECT] 
2024-12-26 00:33:14,928 [ERROR] LogOutputStream:75 - [STDERR_REDIRECT] [Fatal Error] :1:1: Premature end of file.
2024-12-26 00:33:14,928 [ERROR] LogOutputStream:75 - [STDERR_REDIRECT] 
2024-12-26 00:33:15,929 [ERROR] LogOutputStream:75 - [STDERR_REDIRECT] [Fatal Error] :1:1: Premature end of file.
2024-12-26 00:33:15,929 [ERROR] LogOutputStream:75 - [STDERR_REDIRECT] 
2024-12-26 00:33:16,927 [ERROR] LogOutputStream:75 - [STDERR_REDIRECT] [Fatal Error] :1:1: Premature end of file.
2024-12-26 00:33:16,927 [ERROR] LogOutputStream:75 - [STDERR_REDIRECT] 
2024-12-26 00:33:17,926 [ERROR] LogOutputStream:75 - [STDERR_REDIRECT] [Fatal Error] :1:1: Premature end of file.
2024-12-26 00:33:17,926 [ERROR] LogOutputStream:75 - [STDERR_REDIRECT] 
2024-12-26 00:33:18,929 [ERROR] LogOutputStream:75 - [STDERR_REDIRECT] [Fatal Error] :1:1: Premature end of file.
2024-12-26 00:33:18,929 [ERROR] LogOutputStream:75 - [STDERR_REDIRECT] 
2024-12-26 00:33:19,936 [ERROR] LogOutputStream:75 - [STDERR_REDIRECT] [Fatal Error] :1:1: Premature end of file.
2024-12-26 00:33:19,936 [ERROR] LogOutputStream:75 - [STDERR_REDIRECT] 
2024-12-26 00:33:20,934 [ERROR] LogOutputStream:75 - [STDERR_REDIRECT] [Fatal Error] :1:1: Premature end of file.
2024-12-26 00:33:20,934 [ERROR] LogOutputStream:75 - [STDERR_REDIRECT] 
2024-12-26 00:33:21,934 [ERROR] LogOutputStream:75 - [STDERR_REDIRECT] [Fatal Error] :1:1: Premature end of file.
2024-12-26 00:33:21,934 [ERROR] LogOutputStream:75 - [STDERR_REDIRECT] 
2024-12-26 00:33:22,932 [ERROR] LogOutputStream:75 - [STDERR_REDIRECT] [Fatal Error] :1:1: Premature end of file.
2024-12-26 00:33:22,932 [ERROR] LogOutputStream:75 - [STDERR_REDIRECT] 
2024-12-26 00:33:23,925 [ERROR] LogOutputStream:75 - [STDERR_REDIRECT] [Fatal Error] :1:1: Premature end of file.
2024-12-26 00:33:23,925 [ERROR] LogOutputStream:75 - [STDERR_REDIRECT] 
2024-12-26 00:33:24,933 [ERROR] LogOutputStream:75 - [STDERR_REDIRECT] [Fatal Error] :1:1: Premature end of file.
2024-12-26 00:33:24,933 [ERROR] LogOutputStream:75 - [STDERR_REDIRECT] 
2024-12-26 00:33:25,937 [ERROR] LogOutputStream:75 - [STDERR_REDIRECT] [Fatal Error] :1:1: Premature end of file.
2024-12-26 00:33:25,937 [ERROR] LogOutputStream:75 - [STDERR_REDIRECT] 
2024-12-26 00:33:26,942 [ERROR] LogOutputStream:75 - [STDERR_REDIRECT] [Fatal Error] :1:1: Premature end of file.
2024-12-26 00:33:26,943 [ERROR] LogOutputStream:75 - [STDERR_REDIRECT] 
2024-12-26 00:33:27,939 [ERROR] LogOutputStream:75 - [STDERR_REDIRECT] [Fatal Error] :1:1: Premature end of file.
2024-12-26 00:33:27,940 [ERROR] LogOutputStream:75 - [STDERR_REDIRECT] 
2024-12-26 00:33:28,928 [ERROR] LogOutputStream:75 - [STDERR_REDIRECT] [Fatal Error] :1:1: Premature end of file.
2024-12-26 00:33:28,929 [ERROR] LogOutputStream:75 - [STDERR_REDIRECT] 
2024-12-26 00:33:29,930 [ERROR] LogOutputStream:75 - [STDERR_REDIRECT] [Fatal Error] :1:1: Premature end of file.
2024-12-26 00:33:29,930 [ERROR] LogOutputStream:75 - [STDERR_REDIRECT] 
2024-12-26 00:33:30,941 [ERROR] LogOutputStream:75 - [STDERR_REDIRECT] [Fatal Error] :1:1: Premature end of file.
2024-12-26 00:33:30,941 [ERROR] LogOutputStream:75 - [STDERR_REDIRECT] 
2024-12-26 00:33:31,926 [ERROR] LogOutputStream:75 - [STDERR_REDIRECT] [Fatal Error] :1:1: Premature end of file.
2024-12-26 00:33:31,926 [ERROR] LogOutputStream:75 - [STDERR_REDIRECT] 
2024-12-26 00:33:32,937 [ERROR] LogOutputStream:75 - [STDERR_REDIRECT] [Fatal Error] :1:1: Premature end of file.
2024-12-26 00:33:32,937 [ERROR] LogOutputStream:75 - [STDERR_REDIRECT] 
2024-12-26 00:33:33,924 [ERROR] LogOutputStream:75 - [STDERR_REDIRECT] [Fatal Error] :1:1: Premature end of file.
2024-12-26 00:33:33,924 [ERROR] LogOutputStream:75 - [STDERR_REDIRECT] 
2024-12-26 00:33:34,939 [ERROR] LogOutputStream:75 - [STDERR_REDIRECT] [Fatal Error] :1:1: Premature end of file.
2024-12-26 00:33:34,939 [ERROR] LogOutputStream:75 - [STDERR_REDIRECT] 
2024-12-26 00:33:35,926 [ERROR] LogOutputStream:75 - [STDERR_REDIRECT] [Fatal Error] :1:1: Premature end of file.
2024-12-26 00:33:35,926 [ERROR] LogOutputStream:75 - [STDERR_REDIRECT] 
2024-12-26 00:33:36,929 [ERROR] LogOutputStream:75 - [STDERR_REDIRECT] [Fatal Error] :1:1: Premature end of file.
2024-12-26 00:33:36,929 [ERROR] LogOutputStream:75 - [STDERR_REDIRECT] 
2024-12-26 00:33:37,934 [ERROR] LogOutputStream:75 - [STDERR_REDIRECT] [Fatal Error] :1:1: Premature end of file.
2024-12-26 00:33:37,934 [ERROR] LogOutputStream:75 - [STDERR_REDIRECT] 
2024-12-26 00:33:38,936 [ERROR] LogOutputStream:75 - [STDERR_REDIRECT] [Fatal Error] :1:1: Premature end of file.
2024-12-26 00:33:38,936 [ERROR] LogOutputStream:75 - [STDERR_REDIRECT] 
2024-12-26 00:33:39,934 [ERROR] LogOutputStream:75 - [STDERR_REDIRECT] [Fatal Error] :1:1: Premature end of file.
2024-12-26 00:33:39,934 [ERROR] LogOutputStream:75 - [STDERR_REDIRECT] 
2024-12-26 00:33:40,947 [ERROR] LogOutputStream:75 - [STDERR_REDIRECT] [Fatal Error] :1:1: Premature end of file.
2024-12-26 00:33:40,947 [ERROR] LogOutputStream:75 - [STDERR_REDIRECT] 
2024-12-26 00:33:41,932 [ERROR] LogOutputStream:75 - [STDERR_REDIRECT] [Fatal Error] :1:1: Premature end of file.
2024-12-26 00:33:41,932 [ERROR] LogOutputStream:75 - [STDERR_REDIRECT] 
2024-12-26 00:33:42,932 [ERROR] LogOutputStream:75 - [STDERR_REDIRECT] [Fatal Error] :1:1: Premature end of file.
2024-12-26 00:33:42,932 [ERROR] LogOutputStream:75 - [STDERR_REDIRECT] 
2024-12-26 00:33:43,934 [ERROR] LogOutputStream:75 - [STDERR_REDIRECT] [Fatal Error] :1:1: Premature end of file.
2024-12-26 00:33:43,934 [ERROR] LogOutputStream:75 - [STDERR_REDIRECT] 
2024-12-26 00:33:44,932 [ERROR] LogOutputStream:75 - [STDERR_REDIRECT] [Fatal Error] :1:1: Premature end of file.
2024-12-26 00:33:44,932 [ERROR] LogOutputStream:75 - [STDERR_REDIRECT] 
2024-12-26 00:33:45,932 [ERROR] LogOutputStream:75 - [STDERR_REDIRECT] [Fatal Error] :1:1: Premature end of file.
2024-12-26 00:33:45,932 [ERROR] LogOutputStream:75 - [STDERR_REDIRECT] 
2024-12-26 00:33:46,931 [ERROR] LogOutputStream:75 - [STDERR_REDIRECT] [Fatal Error] :1:1: Premature end of file.
2024-12-26 00:33:46,931 [ERROR] LogOutputStream:75 - [STDERR_REDIRECT] 
2024-12-26 00:33:47,928 [ERROR] LogOutputStream:75 - [STDERR_REDIRECT] [Fatal Error] :1:1: Premature end of file.
2024-12-26 00:33:47,928 [ERROR] LogOutputStream:75 - [STDERR_REDIRECT] 
2024-12-26 00:33:48,932 [ERROR] LogOutputStream:75 - [STDERR_REDIRECT] [Fatal Error] :1:1: Premature end of file.
2024-12-26 00:33:48,932 [ERROR] LogOutputStream:75 - [STDERR_REDIRECT] 
2024-12-26 00:33:49,933 [ERROR] LogOutputStream:75 - [STDERR_REDIRECT] [Fatal Error] :1:1: Premature end of file.
2024-12-26 00:33:49,933 [ERROR] LogOutputStream:75 - [STDERR_REDIRECT] 
2024-12-26 00:33:50,936 [ERROR] LogOutputStream:75 - [STDERR_REDIRECT] [Fatal Error] :1:1: Premature end of file.
2024-12-26 00:33:50,936 [ERROR] LogOutputStream:75 - [STDERR_REDIRECT] 
2024-12-26 00:33:51,935 [ERROR] LogOutputStream:75 - [STDERR_REDIRECT] [Fatal Error] :1:1: Premature end of file.
2024-12-26 00:33:51,935 [ERROR] LogOutputStream:75 - [STDERR_REDIRECT] 
2024-12-26 00:33:52,931 [ERROR] LogOutputStream:75 - [STDERR_REDIRECT] [Fatal Error] :1:1: Premature end of file.
2024-12-26 00:33:52,931 [ERROR] LogOutputStream:75 - [STDERR_REDIRECT] 
2024-12-26 00:33:53,944 [ERROR] LogOutputStream:75 - [STDERR_REDIRECT] [Fatal Error] :1:1: Premature end of file.
2024-12-26 00:33:53,944 [ERROR] LogOutputStream:75 - [STDERR_REDIRECT] 
2024-12-26 00:33:54,931 [ERROR] LogOutputStream:75 - [STDERR_REDIRECT] [Fatal Error] :1:1: Premature end of file.
2024-12-26 00:33:54,932 [ERROR] LogOutputStream:75 - [STDERR_REDIRECT] 
2024-12-26 00:33:55,931 [ERROR] LogOutputStream:75 - [STDERR_REDIRECT] [Fatal Error] :1:1: Premature end of file.
2024-12-26 00:33:55,931 [ERROR] LogOutputStream:75 - [STDERR_REDIRECT] 
2024-12-26 00:33:56,931 [ERROR] LogOutputStream:75 - [STDERR_REDIRECT] [Fatal Error] :1:1: Premature end of file.
2024-12-26 00:33:56,931 [ERROR] LogOutputStream:75 - [STDERR_REDIRECT] 
2024-12-26 00:33:57,933 [ERROR] LogOutputStream:75 - [STDERR_REDIRECT] [Fatal Error] :1:1: Premature end of file.
2024-12-26 00:33:57,933 [ERROR] LogOutputStream:75 - [STDERR_REDIRECT] 
2024-12-26 00:33:58,935 [ERROR] LogOutputStream:75 - [STDERR_REDIRECT] [Fatal Error] :1:1: Premature end of file.
2024-12-26 00:33:58,936 [ERROR] LogOutputStream:75 - [STDERR_REDIRECT] 
2024-12-26 00:33:59,932 [ERROR] LogOutputStream:75 - [STDERR_REDIRECT] [Fatal Error] :1:1: Premature end of file.
2024-12-26 00:33:59,932 [ERROR] LogOutputStream:75 - [STDERR_REDIRECT] 
2024-12-26 00:34:00,931 [ERROR] LogOutputStream:75 - [STDERR_REDIRECT] [Fatal Error] :1:1: Premature end of file.
2024-12-26 00:34:00,931 [ERROR] LogOutputStream:75 - [STDERR_REDIRECT] 
2024-12-26 00:34:01,930 [ERROR] LogOutputStream:75 - [STDERR_REDIRECT] [Fatal Error] :1:1: Premature end of file.
2024-12-26 00:34:01,930 [ERROR] LogOutputStream:75 - [STDERR_REDIRECT] 
2024-12-26 00:34:02,930 [ERROR] LogOutputStream:75 - [STDERR_REDIRECT] [Fatal Error] :1:1: Premature end of file.
2024-12-26 00:34:02,930 [ERROR] LogOutputStream:75 - [STDERR_REDIRECT] 
2024-12-26 00:34:03,930 [ERROR] LogOutputStream:75 - [STDERR_REDIRECT] [Fatal Error] :1:1: Premature end of file.
2024-12-26 00:34:03,930 [ERROR] LogOutputStream:75 - [STDERR_REDIRECT] 
2024-12-26 00:34:04,929 [ERROR] LogOutputStream:75 - [STDERR_REDIRECT] [Fatal Error] :1:1: Premature end of file.
2024-12-26 00:34:04,929 [ERROR] LogOutputStream:75 - [STDERR_REDIRECT] 
2024-12-26 00:34:05,929 [ERROR] LogOutputStream:75 - [STDERR_REDIRECT] [Fatal Error] :1:1: Premature end of file.
2024-12-26 00:34:05,929 [ERROR] LogOutputStream:75 - [STDERR_REDIRECT] 
2024-12-26 00:34:06,941 [ERROR] LogOutputStream:75 - [STDERR_REDIRECT] [Fatal Error] :1:1: Premature end of file.
2024-12-26 00:34:06,941 [ERROR] LogOutputStream:75 - [STDERR_REDIRECT] 
2024-12-26 00:34:07,928 [ERROR] LogOutputStream:75 - [STDERR_REDIRECT] [Fatal Error] :1:1: Premature end of file.
2024-12-26 00:34:07,928 [ERROR] LogOutputStream:75 - [STDERR_REDIRECT] 
2024-12-26 00:34:08,930 [ERROR] LogOutputStream:75 - [STDERR_REDIRECT] [Fatal Error] :1:1: Premature end of file.
2024-12-26 00:34:08,930 [ERROR] LogOutputStream:75 - [STDERR_REDIRECT] 
2024-12-26 00:34:09,927 [ERROR] LogOutputStream:75 - [STDERR_REDIRECT] [Fatal Error] :1:1: Premature end of file.
2024-12-26 00:34:09,928 [ERROR] LogOutputStream:75 - [STDERR_REDIRECT] 
2024-12-26 00:34:10,928 [ERROR] LogOutputStream:75 - [STDERR_REDIRECT] [Fatal Error] :1:1: Premature end of file.
2024-12-26 00:34:10,928 [ERROR] LogOutputStream:75 - [STDERR_REDIRECT] 
2024-12-26 00:34:11,929 [ERROR] LogOutputStream:75 - [STDERR_REDIRECT] [Fatal Error] :1:1: Premature end of file.
2024-12-26 00:34:11,929 [ERROR] LogOutputStream:75 - [STDERR_REDIRECT] 
2024-12-26 00:34:12,926 [ERROR] LogOutputStream:75 - [STDERR_REDIRECT] [Fatal Error] :1:1: Premature end of file.
2024-12-26 00:34:12,926 [ERROR] LogOutputStream:75 - [STDERR_REDIRECT] 
2024-12-26 00:34:13,929 [ERROR] LogOutputStream:75 - [STDERR_REDIRECT] [Fatal Error] :1:1: Premature end of file.
2024-12-26 00:34:13,929 [ERROR] LogOutputStream:75 - [STDERR_REDIRECT] 
2024-12-26 00:34:14,929 [ERROR] LogOutputStream:75 - [STDERR_REDIRECT] [Fatal Error] :1:1: Premature end of file.
2024-12-26 00:34:14,929 [ERROR] LogOutputStream:75 - [STDERR_REDIRECT] 
2024-12-26 00:34:15,927 [ERROR] LogOutputStream:75 - [STDERR_REDIRECT] [Fatal Error] :1:1: Premature end of file.
2024-12-26 00:34:15,927 [ERROR] LogOutputStream:75 - [STDERR_REDIRECT] 
2024-12-26 00:34:16,926 [ERROR] LogOutputStream:75 - [STDERR_REDIRECT] [Fatal Error] :1:1: Premature end of file.
2024-12-26 00:34:16,926 [ERROR] LogOutputStream:75 - [STDERR_REDIRECT] 
2024-12-26 00:34:17,929 [ERROR] LogOutputStream:75 - [STDERR_REDIRECT] [Fatal Error] :1:1: Premature end of file.
2024-12-26 00:34:17,929 [ERROR] LogOutputStream:75 - [STDERR_REDIRECT] 
2024-12-26 00:34:18,926 [ERROR] LogOutputStream:75 - [STDERR_REDIRECT] [Fatal Error] :1:1: Premature end of file.
2024-12-26 00:34:18,926 [ERROR] LogOutputStream:75 - [STDERR_REDIRECT] 
2024-12-26 00:34:19,929 [ERROR] LogOutputStream:75 - [STDERR_REDIRECT] [Fatal Error] :1:1: Premature end of file.
2024-12-26 00:34:19,929 [ERROR] LogOutputStream:75 - [STDERR_REDIRECT] 
2024-12-26 00:34:20,926 [ERROR] LogOutputStream:75 - [STDERR_REDIRECT] [Fatal Error] :1:1: Premature end of file.
2024-12-26 00:34:20,926 [ERROR] LogOutputStream:75 - [STDERR_REDIRECT] 
2024-12-26 00:34:21,928 [ERROR] LogOutputStream:75 - [STDERR_REDIRECT] [Fatal Error] :1:1: Premature end of file.
2024-12-26 00:34:21,929 [ERROR] LogOutputStream:75 - [STDERR_REDIRECT] 
2024-12-26 00:34:22,927 [ERROR] LogOutputStream:75 - [STDERR_REDIRECT] [Fatal Error] :1:1: Premature end of file.
2024-12-26 00:34:22,927 [ERROR] LogOutputStream:75 - [STDERR_REDIRECT] 
2024-12-26 00:34:23,928 [ERROR] LogOutputStream:75 - [STDERR_REDIRECT] [Fatal Error] :1:1: Premature end of file.
2024-12-26 00:34:23,928 [ERROR] LogOutputStream:75 - [STDERR_REDIRECT] 
2024-12-26 00:34:24,927 [ERROR] LogOutputStream:75 - [STDERR_REDIRECT] [Fatal Error] :1:1: Premature end of file.
2024-12-26 00:34:24,927 [ERROR] LogOutputStream:75 - [STDERR_REDIRECT] 
2024-12-26 00:34:25,929 [ERROR] LogOutputStream:75 - [STDERR_REDIRECT] [Fatal Error] :1:1: Premature end of file.
2024-12-26 00:34:25,929 [ERROR] LogOutputStream:75 - [STDERR_REDIRECT] 
2024-12-26 00:34:26,928 [ERROR] LogOutputStream:75 - [STDERR_REDIRECT] [Fatal Error] :1:1: Premature end of file.
2024-12-26 00:34:26,928 [ERROR] LogOutputStream:75 - [STDERR_REDIRECT] 
2024-12-26 00:34:27,928 [ERROR] LogOutputStream:75 - [STDERR_REDIRECT] [Fatal Error] :1:1: Premature end of file.
2024-12-26 00:34:27,928 [ERROR] LogOutputStream:75 - [STDERR_REDIRECT] 
2024-12-26 00:34:28,929 [ERROR] LogOutputStream:75 - [STDERR_REDIRECT] [Fatal Error] :1:1: Premature end of file.
2024-12-26 00:34:28,929 [ERROR] LogOutputStream:75 - [STDERR_REDIRECT] 
2024-12-26 00:34:29,929 [ERROR] LogOutputStream:75 - [STDERR_REDIRECT] [Fatal Error] :1:1: Premature end of file.
2024-12-26 00:34:29,929 [ERROR] LogOutputStream:75 - [STDERR_REDIRECT] 
2024-12-26 00:34:30,925 [ERROR] LogOutputStream:75 - [STDERR_REDIRECT] [Fatal Error] :1:1: Premature end of file.
2024-12-26 00:34:30,925 [ERROR] LogOutputStream:75 - [STDERR_REDIRECT] 
2024-12-26 00:34:31,930 [ERROR] LogOutputStream:75 - [STDERR_REDIRECT] [Fatal Error] :1:1: Premature end of file.
2024-12-26 00:34:31,930 [ERROR] LogOutputStream:75 - [STDERR_REDIRECT] 
2024-12-26 00:34:32,928 [ERROR] LogOutputStream:75 - [STDERR_REDIRECT] [Fatal Error] :1:1: Premature end of file.
2024-12-26 00:34:32,928 [ERROR] LogOutputStream:75 - [STDERR_REDIRECT] 
2024-12-26 00:34:33,927 [ERROR] LogOutputStream:75 - [STDERR_REDIRECT] [Fatal Error] :1:1: Premature end of file.
2024-12-26 00:34:33,927 [ERROR] LogOutputStream:75 - [STDERR_REDIRECT] 
2024-12-26 00:34:34,929 [ERROR] LogOutputStream:75 - [STDERR_REDIRECT] [Fatal Error] :1:1: Premature end of file.
2024-12-26 00:34:34,929 [ERROR] LogOutputStream:75 - [STDERR_REDIRECT] 
2024-12-26 00:34:35,929 [ERROR] LogOutputStream:75 - [STDERR_REDIRECT] [Fatal Error] :1:1: Premature end of file.
2024-12-26 00:34:35,929 [ERROR] LogOutputStream:75 - [STDERR_REDIRECT] 
2024-12-26 00:34:36,930 [ERROR] LogOutputStream:75 - [STDERR_REDIRECT] [Fatal Error] :1:1: Premature end of file.
2024-12-26 00:34:36,930 [ERROR] LogOutputStream:75 - [STDERR_REDIRECT] 
2024-12-26 00:34:37,928 [ERROR] LogOutputStream:75 - [STDERR_REDIRECT] [Fatal Error] :1:1: Premature end of file.
2024-12-26 00:34:37,928 [ERROR] LogOutputStream:75 - [STDERR_REDIRECT] 
2024-12-26 00:34:38,927 [ERROR] LogOutputStream:75 - [STDERR_REDIRECT] [Fatal Error] :1:1: Premature end of file.
2024-12-26 00:34:38,927 [ERROR] LogOutputStream:75 - [STDERR_REDIRECT] 
2024-12-26 00:34:39,931 [ERROR] LogOutputStream:75 - [STDERR_REDIRECT] [Fatal Error] :1:1: Premature end of file.
2024-12-26 00:34:39,931 [ERROR] LogOutputStream:75 - [STDERR_REDIRECT] 
2024-12-26 00:34:40,929 [ERROR] LogOutputStream:75 - [STDERR_REDIRECT] [Fatal Error] :1:1: Premature end of file.
2024-12-26 00:34:40,929 [ERROR] LogOutputStream:75 - [STDERR_REDIRECT] 
2024-12-26 00:34:41,928 [ERROR] LogOutputStream:75 - [STDERR_REDIRECT] [Fatal Error] :1:1: Premature end of file.
2024-12-26 00:34:41,928 [ERROR] LogOutputStream:75 - [STDERR_REDIRECT] 
2024-12-26 00:34:42,928 [ERROR] LogOutputStream:75 - [STDERR_REDIRECT] [Fatal Error] :1:1: Premature end of file.
2024-12-26 00:34:42,928 [ERROR] LogOutputStream:75 - [STDERR_REDIRECT] 
2024-12-26 00:34:43,928 [ERROR] LogOutputStream:75 - [STDERR_REDIRECT] [Fatal Error] :1:1: Premature end of file.
2024-12-26 00:34:43,928 [ERROR] LogOutputStream:75 - [STDERR_REDIRECT] 
2024-12-26 00:34:44,927 [ERROR] LogOutputStream:75 - [STDERR_REDIRECT] [Fatal Error] :1:1: Premature end of file.
2024-12-26 00:34:44,927 [ERROR] LogOutputStream:75 - [STDERR_REDIRECT] 
2024-12-26 00:34:45,927 [ERROR] LogOutputStream:75 - [STDERR_REDIRECT] [Fatal Error] :1:1: Premature end of file.
2024-12-26 00:34:45,927 [ERROR] LogOutputStream:75 - [STDERR_REDIRECT] 
2024-12-26 00:34:46,928 [ERROR] LogOutputStream:75 - [STDERR_REDIRECT] [Fatal Error] :1:1: Premature end of file.
2024-12-26 00:34:46,928 [ERROR] LogOutputStream:75 - [STDERR_REDIRECT] 
2024-12-26 00:34:47,928 [ERROR] LogOutputStream:75 - [STDERR_REDIRECT] [Fatal Error] :1:1: Premature end of file.
2024-12-26 00:34:47,928 [ERROR] LogOutputStream:75 - [STDERR_REDIRECT] 
2024-12-26 00:34:48,930 [ERROR] LogOutputStream:75 - [STDERR_REDIRECT] [Fatal Error] :1:1: Premature end of file.
2024-12-26 00:34:48,930 [ERROR] LogOutputStream:75 - [STDERR_REDIRECT] 
2024-12-26 00:34:49,928 [ERROR] LogOutputStream:75 - [STDERR_REDIRECT] [Fatal Error] :1:1: Premature end of file.
2024-12-26 00:34:49,928 [ERROR] LogOutputStream:75 - [STDERR_REDIRECT] 
2024-12-26 00:34:50,928 [ERROR] LogOutputStream:75 - [STDERR_REDIRECT] [Fatal Error] :1:1: Premature end of file.
2024-12-26 00:34:50,928 [ERROR] LogOutputStream:75 - [STDERR_REDIRECT] 
2024-12-26 00:34:51,930 [ERROR] LogOutputStream:75 - [STDERR_REDIRECT] [Fatal Error] :1:1: Premature end of file.
2024-12-26 00:34:51,930 [ERROR] LogOutputStream:75 - [STDERR_REDIRECT] 
2024-12-26 00:34:52,946 [ERROR] LogOutputStream:75 - [STDERR_REDIRECT] [Fatal Error] :1:1: Premature end of file.
2024-12-26 00:34:52,947 [ERROR] LogOutputStream:75 - [STDERR_REDIRECT] 
2024-12-26 00:34:53,932 [ERROR] LogOutputStream:75 - [STDERR_REDIRECT] [Fatal Error] :1:1: Premature end of file.
2024-12-26 00:34:53,933 [ERROR] LogOutputStream:75 - [STDERR_REDIRECT] 
2024-12-26 00:34:54,934 [ERROR] LogOutputStream:75 - [STDERR_REDIRECT] [Fatal Error] :1:1: Premature end of file.
2024-12-26 00:34:54,934 [ERROR] LogOutputStream:75 - [STDERR_REDIRECT] 
2024-12-26 00:34:55,933 [ERROR] LogOutputStream:75 - [STDERR_REDIRECT] [Fatal Error] :1:1: Premature end of file.
2024-12-26 00:34:55,933 [ERROR] LogOutputStream:75 - [STDERR_REDIRECT] 
2024-12-26 00:34:56,935 [ERROR] LogOutputStream:75 - [STDERR_REDIRECT] [Fatal Error] :1:1: Premature end of file.
2024-12-26 00:34:56,935 [ERROR] LogOutputStream:75 - [STDERR_REDIRECT] 
2024-12-26 00:34:57,938 [ERROR] LogOutputStream:75 - [STDERR_REDIRECT] [Fatal Error] :1:1: Premature end of file.
2024-12-26 00:34:57,938 [ERROR] LogOutputStream:75 - [STDERR_REDIRECT] 
2024-12-26 00:34:58,929 [ERROR] LogOutputStream:75 - [STDERR_REDIRECT] [Fatal Error] :1:1: Premature end of file.
2024-12-26 00:34:58,930 [ERROR] LogOutputStream:75 - [STDERR_REDIRECT] 
2024-12-26 00:34:59,930 [ERROR] LogOutputStream:75 - [STDERR_REDIRECT] [Fatal Error] :1:1: Premature end of file.
2024-12-26 00:34:59,930 [ERROR] LogOutputStream:75 - [STDERR_REDIRECT] 
2024-12-26 00:35:00,944 [ERROR] LogOutputStream:75 - [STDERR_REDIRECT] [Fatal Error] :1:1: Premature end of file.
2024-12-26 00:35:00,944 [ERROR] LogOutputStream:75 - [STDERR_REDIRECT] 
2024-12-26 00:35:01,929 [ERROR] LogOutputStream:75 - [STDERR_REDIRECT] [Fatal Error] :1:1: Premature end of file.
2024-12-26 00:35:01,929 [ERROR] LogOutputStream:75 - [STDERR_REDIRECT] 
2024-12-26 00:35:02,945 [ERROR] LogOutputStream:75 - [STDERR_REDIRECT] [Fatal Error] :1:1: Premature end of file.
2024-12-26 00:35:02,945 [ERROR] LogOutputStream:75 - [STDERR_REDIRECT] 
2024-12-26 00:35:03,931 [ERROR] LogOutputStream:75 - [STDERR_REDIRECT] [Fatal Error] :1:1: Premature end of file.
2024-12-26 00:35:03,931 [ERROR] LogOutputStream:75 - [STDERR_REDIRECT] 
2024-12-26 00:35:04,940 [ERROR] LogOutputStream:75 - [STDERR_REDIRECT] [Fatal Error] :1:1: Premature end of file.
2024-12-26 00:35:04,940 [ERROR] LogOutputStream:75 - [STDERR_REDIRECT] 
2024-12-26 00:35:05,930 [ERROR] LogOutputStream:75 - [STDERR_REDIRECT] [Fatal Error] :1:1: Premature end of file.
2024-12-26 00:35:05,930 [ERROR] LogOutputStream:75 - [STDERR_REDIRECT] 
2024-12-26 00:35:06,938 [ERROR] LogOutputStream:75 - [STDERR_REDIRECT] [Fatal Error] :1:1: Premature end of file.
2024-12-26 00:35:06,938 [ERROR] LogOutputStream:75 - [STDERR_REDIRECT] 
2024-12-26 00:35:07,938 [ERROR] LogOutputStream:75 - [STDERR_REDIRECT] [Fatal Error] :1:1: Premature end of file.
2024-12-26 00:35:07,938 [ERROR] LogOutputStream:75 - [STDERR_REDIRECT] 
2024-12-26 00:35:08,933 [ERROR] LogOutputStream:75 - [STDERR_REDIRECT] [Fatal Error] :1:1: Premature end of file.
2024-12-26 00:35:08,933 [ERROR] LogOutputStream:75 - [STDERR_REDIRECT] 
2024-12-26 00:35:09,929 [ERROR] LogOutputStream:75 - [STDERR_REDIRECT] [Fatal Error] :1:1: Premature end of file.
2024-12-26 00:35:09,929 [ERROR] LogOutputStream:75 - [STDERR_REDIRECT] 
2024-12-26 00:35:10,930 [ERROR] LogOutputStream:75 - [STDERR_REDIRECT] [Fatal Error] :1:1: Premature end of file.
2024-12-26 00:35:10,930 [ERROR] LogOutputStream:75 - [STDERR_REDIRECT] 
2024-12-26 00:35:11,931 [ERROR] LogOutputStream:75 - [STDERR_REDIRECT] [Fatal Error] :1:1: Premature end of file.
2024-12-26 00:35:11,931 [ERROR] LogOutputStream:75 - [STDERR_REDIRECT] 
2024-12-26 00:35:12,934 [ERROR] LogOutputStream:75 - [STDERR_REDIRECT] [Fatal Error] :1:1: Premature end of file.
2024-12-26 00:35:12,934 [ERROR] LogOutputStream:75 - [STDERR_REDIRECT] 
2024-12-26 00:35:13,936 [ERROR] LogOutputStream:75 - [STDERR_REDIRECT] [Fatal Error] :1:1: Premature end of file.
2024-12-26 00:35:13,936 [ERROR] LogOutputStream:75 - [STDERR_REDIRECT] 
2024-12-26 00:35:14,936 [ERROR] LogOutputStream:75 - [STDERR_REDIRECT] [Fatal Error] :1:1: Premature end of file.
2024-12-26 00:35:14,936 [ERROR] LogOutputStream:75 - [STDERR_REDIRECT] 
2024-12-26 00:35:15,928 [ERROR] LogOutputStream:75 - [STDERR_REDIRECT] [Fatal Error] :1:1: Premature end of file.
2024-12-26 00:35:15,928 [ERROR] LogOutputStream:75 - [STDERR_REDIRECT] 
2024-12-26 00:35:16,931 [ERROR] LogOutputStream:75 - [STDERR_REDIRECT] [Fatal Error] :1:1: Premature end of file.
2024-12-26 00:35:16,931 [ERROR] LogOutputStream:75 - [STDERR_REDIRECT] 
2024-12-26 00:35:17,936 [ERROR] LogOutputStream:75 - [STDERR_REDIRECT] [Fatal Error] :1:1: Premature end of file.
2024-12-26 00:35:17,936 [ERROR] LogOutputStream:75 - [STDERR_REDIRECT] 
2024-12-26 00:35:18,935 [ERROR] LogOutputStream:75 - [STDERR_REDIRECT] [Fatal Error] :1:1: Premature end of file.
2024-12-26 00:35:18,935 [ERROR] LogOutputStream:75 - [STDERR_REDIRECT] 
2024-12-26 00:35:19,935 [ERROR] LogOutputStream:75 - [STDERR_REDIRECT] [Fatal Error] :1:1: Premature end of file.
2024-12-26 00:35:19,935 [ERROR] LogOutputStream:75 - [STDERR_REDIRECT] 
2024-12-26 00:35:20,941 [ERROR] LogOutputStream:75 - [STDERR_REDIRECT] [Fatal Error] :1:1: Premature end of file.
2024-12-26 00:35:20,941 [ERROR] LogOutputStream:75 - [STDERR_REDIRECT] 
2024-12-26 00:35:21,939 [ERROR] LogOutputStream:75 - [STDERR_REDIRECT] [Fatal Error] :1:1: Premature end of file.
2024-12-26 00:35:21,939 [ERROR] LogOutputStream:75 - [STDERR_REDIRECT] 
2024-12-26 00:35:22,929 [ERROR] LogOutputStream:75 - [STDERR_REDIRECT] [Fatal Error] :1:1: Premature end of file.
2024-12-26 00:35:22,929 [ERROR] LogOutputStream:75 - [STDERR_REDIRECT] 
2024-12-26 00:35:23,931 [ERROR] LogOutputStream:75 - [STDERR_REDIRECT] [Fatal Error] :1:1: Premature end of file.
2024-12-26 00:35:23,931 [ERROR] LogOutputStream:75 - [STDERR_REDIRECT] 
2024-12-26 00:35:24,943 [ERROR] LogOutputStream:75 - [STDERR_REDIRECT] [Fatal Error] :1:1: Premature end of file.
2024-12-26 00:35:24,943 [ERROR] LogOutputStream:75 - [STDERR_REDIRECT] 
2024-12-26 00:35:25,942 [ERROR] LogOutputStream:75 - [STDERR_REDIRECT] [Fatal Error] :1:1: Premature end of file.
2024-12-26 00:35:25,942 [ERROR] LogOutputStream:75 - [STDERR_REDIRECT] 
2024-12-26 00:35:26,932 [ERROR] LogOutputStream:75 - [STDERR_REDIRECT] [Fatal Error] :1:1: Premature end of file.
2024-12-26 00:35:26,932 [ERROR] LogOutputStream:75 - [STDERR_REDIRECT] 
2024-12-26 00:35:27,934 [ERROR] LogOutputStream:75 - [STDERR_REDIRECT] [Fatal Error] :1:1: Premature end of file.
2024-12-26 00:35:27,935 [ERROR] LogOutputStream:75 - [STDERR_REDIRECT] 
2024-12-26 00:35:28,943 [ERROR] LogOutputStream:75 - [STDERR_REDIRECT] [Fatal Error] :1:1: Premature end of file.
2024-12-26 00:35:28,944 [ERROR] LogOutputStream:75 - [STDERR_REDIRECT] 
2024-12-26 00:35:29,931 [ERROR] LogOutputStream:75 - [STDERR_REDIRECT] [Fatal Error] :1:1: Premature end of file.
2024-12-26 00:35:29,931 [ERROR] LogOutputStream:75 - [STDERR_REDIRECT] 
2024-12-26 00:35:30,933 [ERROR] LogOutputStream:75 - [STDERR_REDIRECT] [Fatal Error] :1:1: Premature end of file.
2024-12-26 00:35:30,933 [ERROR] LogOutputStream:75 - [STDERR_REDIRECT] 
2024-12-26 00:35:31,932 [ERROR] LogOutputStream:75 - [STDERR_REDIRECT] [Fatal Error] :1:1: Premature end of file.
2024-12-26 00:35:31,933 [ERROR] LogOutputStream:75 - [STDERR_REDIRECT] 
2024-12-26 00:35:32,945 [ERROR] LogOutputStream:75 - [STDERR_REDIRECT] [Fatal Error] :1:1: Premature end of file.
2024-12-26 00:35:32,945 [ERROR] LogOutputStream:75 - [STDERR_REDIRECT] 
2024-12-26 00:35:33,940 [ERROR] LogOutputStream:75 - [STDERR_REDIRECT] [Fatal Error] :1:1: Premature end of file.
2024-12-26 00:35:33,941 [ERROR] LogOutputStream:75 - [STDERR_REDIRECT] 
2024-12-26 00:35:34,941 [ERROR] LogOutputStream:75 - [STDERR_REDIRECT] [Fatal Error] :1:1: Premature end of file.
2024-12-26 00:35:34,942 [ERROR] LogOutputStream:75 - [STDERR_REDIRECT] 
2024-12-26 00:35:35,928 [ERROR] LogOutputStream:75 - [STDERR_REDIRECT] [Fatal Error] :1:1: Premature end of file.
2024-12-26 00:35:35,928 [ERROR] LogOutputStream:75 - [STDERR_REDIRECT] 
2024-12-26 00:35:36,930 [ERROR] LogOutputStream:75 - [STDERR_REDIRECT] [Fatal Error] :1:1: Premature end of file.
2024-12-26 00:35:36,930 [ERROR] LogOutputStream:75 - [STDERR_REDIRECT] 
2024-12-26 00:35:37,932 [ERROR] LogOutputStream:75 - [STDERR_REDIRECT] [Fatal Error] :1:1: Premature end of file.
2024-12-26 00:35:37,932 [ERROR] LogOutputStream:75 - [STDERR_REDIRECT] 
2024-12-26 00:35:38,935 [ERROR] LogOutputStream:75 - [STDERR_REDIRECT] [Fatal Error] :1:1: Premature end of file.
2024-12-26 00:35:38,935 [ERROR] LogOutputStream:75 - [STDERR_REDIRECT] 
2024-12-26 00:35:39,940 [ERROR] LogOutputStream:75 - [STDERR_REDIRECT] [Fatal Error] :1:1: Premature end of file.
2024-12-26 00:35:39,940 [ERROR] LogOutputStream:75 - [STDERR_REDIRECT] 
2024-12-26 00:35:40,944 [ERROR] LogOutputStream:75 - [STDERR_REDIRECT] [Fatal Error] :1:1: Premature end of file.
2024-12-26 00:35:40,944 [ERROR] LogOutputStream:75 - [STDERR_REDIRECT] 
2024-12-26 00:35:41,930 [ERROR] LogOutputStream:75 - [STDERR_REDIRECT] [Fatal Error] :1:1: Premature end of file.
2024-12-26 00:35:41,930 [ERROR] LogOutputStream:75 - [STDERR_REDIRECT] 
2024-12-26 00:35:42,931 [ERROR] LogOutputStream:75 - [STDERR_REDIRECT] [Fatal Error] :1:1: Premature end of file.
2024-12-26 00:35:42,931 [ERROR] LogOutputStream:75 - [STDERR_REDIRECT] 
2024-12-26 00:35:43,934 [ERROR] LogOutputStream:75 - [STDERR_REDIRECT] [Fatal Error] :1:1: Premature end of file.
2024-12-26 00:35:43,934 [ERROR] LogOutputStream:75 - [STDERR_REDIRECT] 
2024-12-26 00:35:44,930 [ERROR] LogOutputStream:75 - [STDERR_REDIRECT] [Fatal Error] :1:1: Premature end of file.
2024-12-26 00:35:44,930 [ERROR] LogOutputStream:75 - [STDERR_REDIRECT] 
2024-12-26 00:35:45,930 [ERROR] LogOutputStream:75 - [STDERR_REDIRECT] [Fatal Error] :1:1: Premature end of file.
2024-12-26 00:35:45,930 [ERROR] LogOutputStream:75 - [STDERR_REDIRECT] 
2024-12-26 00:35:46,931 [ERROR] LogOutputStream:75 - [STDERR_REDIRECT] [Fatal Error] :1:1: Premature end of file.
2024-12-26 00:35:46,931 [ERROR] LogOutputStream:75 - [STDERR_REDIRECT] 
2024-12-26 00:35:47,932 [ERROR] LogOutputStream:75 - [STDERR_REDIRECT] [Fatal Error] :1:1: Premature end of file.
2024-12-26 00:35:47,932 [ERROR] LogOutputStream:75 - [STDERR_REDIRECT] 
2024-12-26 00:35:48,929 [ERROR] LogOutputStream:75 - [STDERR_REDIRECT] [Fatal Error] :1:1: Premature end of file.
2024-12-26 00:35:48,929 [ERROR] LogOutputStream:75 - [STDERR_REDIRECT] 
2024-12-26 00:35:49,932 [ERROR] LogOutputStream:75 - [STDERR_REDIRECT] [Fatal Error] :1:1: Premature end of file.
2024-12-26 00:35:49,932 [ERROR] LogOutputStream:75 - [STDERR_REDIRECT] 
2024-12-26 00:35:50,929 [ERROR] LogOutputStream:75 - [STDERR_REDIRECT] [Fatal Error] :1:1: Premature end of file.
2024-12-26 00:35:50,929 [ERROR] LogOutputStream:75 - [STDERR_REDIRECT] 
2024-12-26 00:35:51,936 [ERROR] LogOutputStream:75 - [STDERR_REDIRECT] [Fatal Error] :1:1: Premature end of file.
2024-12-26 00:35:51,936 [ERROR] LogOutputStream:75 - [STDERR_REDIRECT] 
2024-12-26 00:35:52,931 [ERROR] LogOutputStream:75 - [STDERR_REDIRECT] [Fatal Error] :1:1: Premature end of file.
2024-12-26 00:35:52,931 [ERROR] LogOutputStream:75 - [STDERR_REDIRECT] 
2024-12-26 00:35:53,928 [ERROR] LogOutputStream:75 - [STDERR_REDIRECT] [Fatal Error] :1:1: Premature end of file.
2024-12-26 00:35:53,928 [ERROR] LogOutputStream:75 - [STDERR_REDIRECT] 
2024-12-26 00:35:54,936 [ERROR] LogOutputStream:75 - [STDERR_REDIRECT] [Fatal Error] :1:1: Premature end of file.
2024-12-26 00:35:54,936 [ERROR] LogOutputStream:75 - [STDERR_REDIRECT] 
2024-12-26 00:35:55,928 [ERROR] LogOutputStream:75 - [STDERR_REDIRECT] [Fatal Error] :1:1: Premature end of file.
2024-12-26 00:35:55,928 [ERROR] LogOutputStream:75 - [STDERR_REDIRECT] 
2024-12-26 00:35:56,929 [ERROR] LogOutputStream:75 - [STDERR_REDIRECT] [Fatal Error] :1:1: Premature end of file.
2024-12-26 00:35:56,929 [ERROR] LogOutputStream:75 - [STDERR_REDIRECT] 
2024-12-26 00:35:57,939 [ERROR] LogOutputStream:75 - [STDERR_REDIRECT] [Fatal Error] :1:1: Premature end of file.
2024-12-26 00:35:57,939 [ERROR] LogOutputStream:75 - [STDERR_REDIRECT] 
2024-12-26 00:35:58,935 [ERROR] LogOutputStream:75 - [STDERR_REDIRECT] [Fatal Error] :1:1: Premature end of file.
2024-12-26 00:35:58,935 [ERROR] LogOutputStream:75 - [STDERR_REDIRECT] 
2024-12-26 00:35:59,934 [ERROR] LogOutputStream:75 - [STDERR_REDIRECT] [Fatal Error] :1:1: Premature end of file.
2024-12-26 00:35:59,934 [ERROR] LogOutputStream:75 - [STDERR_REDIRECT] 
2024-12-26 00:36:00,938 [ERROR] LogOutputStream:75 - [STDERR_REDIRECT] [Fatal Error] :1:1: Premature end of file.
2024-12-26 00:36:00,938 [ERROR] LogOutputStream:75 - [STDERR_REDIRECT] 
2024-12-26 00:36:01,935 [ERROR] LogOutputStream:75 - [STDERR_REDIRECT] [Fatal Error] :1:1: Premature end of file.
2024-12-26 00:36:01,935 [ERROR] LogOutputStream:75 - [STDERR_REDIRECT] 
2024-12-26 00:36:02,937 [ERROR] LogOutputStream:75 - [STDERR_REDIRECT] [Fatal Error] :1:1: Premature end of file.
2024-12-26 00:36:02,937 [ERROR] LogOutputStream:75 - [STDERR_REDIRECT] 
2024-12-26 00:36:03,935 [ERROR] LogOutputStream:75 - [STDERR_REDIRECT] [Fatal Error] :1:1: Premature end of file.
2024-12-26 00:36:03,935 [ERROR] LogOutputStream:75 - [STDERR_REDIRECT] 
2024-12-26 00:36:04,930 [ERROR] LogOutputStream:75 - [STDERR_REDIRECT] [Fatal Error] :1:1: Premature end of file.
2024-12-26 00:36:04,930 [ERROR] LogOutputStream:75 - [STDERR_REDIRECT] 
2024-12-26 00:36:05,930 [ERROR] LogOutputStream:75 - [STDERR_REDIRECT] [Fatal Error] :1:1: Premature end of file.
2024-12-26 00:36:05,930 [ERROR] LogOutputStream:75 - [STDERR_REDIRECT] 
2024-12-26 00:36:06,931 [ERROR] LogOutputStream:75 - [STDERR_REDIRECT] [Fatal Error] :1:1: Premature end of file.
2024-12-26 00:36:06,931 [ERROR] LogOutputStream:75 - [STDERR_REDIRECT] 
2024-12-26 00:36:07,925 [ERROR] LogOutputStream:75 - [STDERR_REDIRECT] [Fatal Error] :1:1: Premature end of file.
2024-12-26 00:36:07,925 [ERROR] LogOutputStream:75 - [STDERR_REDIRECT] 
2024-12-26 00:36:08,933 [ERROR] LogOutputStream:75 - [STDERR_REDIRECT] [Fatal Error] :1:1: Premature end of file.
2024-12-26 00:36:08,933 [ERROR] LogOutputStream:75 - [STDERR_REDIRECT] 
2024-12-26 00:36:09,934 [ERROR] LogOutputStream:75 - [STDERR_REDIRECT] [Fatal Error] :1:1: Premature end of file.
2024-12-26 00:36:09,934 [ERROR] LogOutputStream:75 - [STDERR_REDIRECT] 
2024-12-26 00:36:10,936 [ERROR] LogOutputStream:75 - [STDERR_REDIRECT] [Fatal Error] :1:1: Premature end of file.
2024-12-26 00:36:10,937 [ERROR] LogOutputStream:75 - [STDERR_REDIRECT] 
2024-12-26 00:36:11,952 [ERROR] LogOutputStream:75 - [STDERR_REDIRECT] [Fatal Error] :1:1: Premature end of file.
2024-12-26 00:36:11,952 [ERROR] LogOutputStream:75 - [STDERR_REDIRECT] 
2024-12-26 00:36:12,942 [ERROR] LogOutputStream:75 - [STDERR_REDIRECT] [Fatal Error] :1:1: Premature end of file.
2024-12-26 00:36:12,942 [ERROR] LogOutputStream:75 - [STDERR_REDIRECT] 
2024-12-26 00:36:13,936 [ERROR] LogOutputStream:75 - [STDERR_REDIRECT] [Fatal Error] :1:1: Premature end of file.
2024-12-26 00:36:13,936 [ERROR] LogOutputStream:75 - [STDERR_REDIRECT] 
2024-12-26 00:36:14,377 [WARN] IP:2251 - I2C_Coeff_DF not found: check if there is a RefParameter without a condition.
2024-12-26 00:36:14,377 [WARN] IP:2251 - Analog_Filter not found: check if there is a RefParameter without a condition.
2024-12-26 00:36:14,378 [WARN] IP:2251 - I2C_Coeff_DF not found: check if there is a RefParameter without a condition.
2024-12-26 00:36:14,378 [WARN] IP:2251 - Analog_Filter not found: check if there is a RefParameter without a condition.
2024-12-26 00:36:14,932 [ERROR] LogOutputStream:75 - [STDERR_REDIRECT] [Fatal Error] :1:1: Premature end of file.
2024-12-26 00:36:14,932 [ERROR] LogOutputStream:75 - [STDERR_REDIRECT] 
2024-12-26 00:36:15,930 [ERROR] LogOutputStream:75 - [STDERR_REDIRECT] [Fatal Error] :1:1: Premature end of file.
2024-12-26 00:36:15,930 [ERROR] LogOutputStream:75 - [STDERR_REDIRECT] 
2024-12-26 00:36:16,932 [ERROR] LogOutputStream:75 - [STDERR_REDIRECT] [Fatal Error] :1:1: Premature end of file.
2024-12-26 00:36:16,932 [ERROR] LogOutputStream:75 - [STDERR_REDIRECT] 
2024-12-26 00:36:17,929 [ERROR] LogOutputStream:75 - [STDERR_REDIRECT] [Fatal Error] :1:1: Premature end of file.
2024-12-26 00:36:17,929 [ERROR] LogOutputStream:75 - [STDERR_REDIRECT] 
2024-12-26 00:36:17,977 [INFO] UtilMem:75 - End SaveConfig() Used Memory: 484872264 Bytes (1073741824)
2024-12-26 00:36:18,797 [INFO] UtilMem:75 - End SaveConfig() Used Memory: 280044656 Bytes (1073741824)
2024-12-26 00:36:18,984 [ERROR] LogOutputStream:75 - [STDERR_REDIRECT] [Fatal Error] :1:1: Premature end of file.
2024-12-26 00:36:18,985 [ERROR] LogOutputStream:75 - [STDERR_REDIRECT] 
2024-12-26 00:36:19,412 [INFO] BlockDiagram:2766 - set Specific Code input for plugin: NVIC
2024-12-26 00:36:19,412 [INFO] BlockDiagram:2766 - set Specific Code input for plugin: SYS
2024-12-26 00:36:19,412 [INFO] BlockDiagram:2766 - set Specific Code input for plugin: GPIO
2024-12-26 00:36:19,412 [INFO] BlockDiagram:2766 - set Specific Code input for plugin: RCC
2024-12-26 00:36:19,412 [INFO] BlockDiagram:2766 - set Specific Code input for plugin: I2C
2024-12-26 00:36:19,413 [INFO] CodeGenerator:896 - code generatio: config db path: C:\ST\STM32CubeIDE_1.17.0\STM32CubeIDE\plugins\com.st.stm32cube.common.mx_6.13.0.202411220809\\db\
2024-12-26 00:36:19,415 [WARN] IP:2251 - I2C_Coeff_DF not found: check if there is a RefParameter without a condition.
2024-12-26 00:36:19,415 [WARN] IP:2251 - Analog_Filter not found: check if there is a RefParameter without a condition.
2024-12-26 00:36:19,644 [INFO] CodeEngine:255 - oldGeneratedFile, C:\Users\o1yus\OneDrive\Desktop\Workspace\olacak\MXTmpFiles\license.tmp_save
2024-12-26 00:36:19,763 [INFO] CodeEngine:279 - Generated code: C:\Users\o1yus\OneDrive\Desktop\Workspace\olacak\MXTmpFiles\license.tmp
2024-12-26 00:36:19,791 [INFO] CodeEngine:255 - oldGeneratedFile, C:\Users\o1yus\OneDrive\Desktop\Workspace\olacak\MXTmpFiles\gpio.tmp_save
2024-12-26 00:36:19,883 [INFO] CodeEngine:279 - Generated code: C:\Users\o1yus\OneDrive\Desktop\Workspace\olacak\MXTmpFiles\gpio.tmp
2024-12-26 00:36:19,943 [ERROR] LogOutputStream:75 - [STDERR_REDIRECT] [Fatal Error] :1:1: Premature end of file.
2024-12-26 00:36:19,944 [ERROR] LogOutputStream:75 - [STDERR_REDIRECT] 
2024-12-26 00:36:19,946 [INFO] CodeEngine:255 - oldGeneratedFile, C:\Users\o1yus\OneDrive\Desktop\Workspace\olacak\Core\Src\stm32f1xx_it.c_save
2024-12-26 00:36:20,061 [INFO] CodeEngine:279 - Generated code: C:\Users\o1yus\OneDrive\Desktop\Workspace\olacak\Core\Src\stm32f1xx_it.c
2024-12-26 00:36:20,070 [INFO] CodeEngine:255 - oldGeneratedFile, C:\Users\o1yus\OneDrive\Desktop\Workspace\olacak\Core\Inc\stm32f1xx_it.h_save
2024-12-26 00:36:20,197 [INFO] CodeEngine:279 - Generated code: C:\Users\o1yus\OneDrive\Desktop\Workspace\olacak\Core\Inc\stm32f1xx_it.h
2024-12-26 00:36:20,239 [INFO] CodeEngine:255 - oldGeneratedFile, C:\Users\o1yus\OneDrive\Desktop\Workspace\olacak\Core\Src\stm32f1xx_hal_msp.c_save
2024-12-26 00:36:20,403 [INFO] CodeEngine:279 - Generated code: C:\Users\o1yus\OneDrive\Desktop\Workspace\olacak\Core\Src\stm32f1xx_hal_msp.c
2024-12-26 00:36:20,412 [INFO] CodeEngine:255 - oldGeneratedFile, C:\Users\o1yus\OneDrive\Desktop\Workspace\olacak\MXTmpFiles\system.tmp_save
2024-12-26 00:36:20,491 [INFO] CodeEngine:279 - Generated code: C:\Users\o1yus\OneDrive\Desktop\Workspace\olacak\MXTmpFiles\system.tmp
2024-12-26 00:36:20,512 [INFO] CodeEngine:311 - oldGeneratedFile, C:\Users\o1yus\OneDrive\Desktop\Workspace\olacak\Core\Inc\stm32f1xx_hal_conf.h_save
2024-12-26 00:36:20,624 [INFO] CodeEngine:335 - Generated code: C:\Users\o1yus\OneDrive\Desktop\Workspace\olacak\Core\Inc\stm32f1xx_hal_conf.h
2024-12-26 00:36:20,698 [INFO] CodeEngine:255 - oldGeneratedFile, C:\Users\o1yus\OneDrive\Desktop\Workspace\olacak\Core\Inc\main.h_save
2024-12-26 00:36:20,777 [INFO] CodeEngine:279 - Generated code: C:\Users\o1yus\OneDrive\Desktop\Workspace\olacak\Core\Inc\main.h
2024-12-26 00:36:20,799 [INFO] CodeEngine:255 - oldGeneratedFile, C:\Users\o1yus\OneDrive\Desktop\Workspace\olacak\Core\Src\main.c_save
2024-12-26 00:36:20,915 [INFO] CodeEngine:279 - Generated code: C:\Users\o1yus\OneDrive\Desktop\Workspace\olacak\Core\Src\main.c
2024-12-26 00:36:20,936 [ERROR] LogOutputStream:75 - [STDERR_REDIRECT] [Fatal Error] :1:1: Premature end of file.
2024-12-26 00:36:20,938 [ERROR] LogOutputStream:75 - [STDERR_REDIRECT] 
2024-12-26 00:36:21,402 [INFO] ProjectBuilder:3289 - Time for Copy HAL[1] : 161mS.
2024-12-26 00:36:21,410 [INFO] ProjectBuilder:4876 - Project Generator version: 4.5.0-RC5
2024-12-26 00:36:21,498 [INFO] ConfigFileManager:1579 - The Die is : DIE410
2024-12-26 00:36:21,956 [ERROR] LogOutputStream:75 - [STDERR_REDIRECT] [Fatal Error] :1:1: Premature end of file.
2024-12-26 00:36:21,957 [ERROR] LogOutputStream:75 - [STDERR_REDIRECT] 
2024-12-26 00:36:22,513 [INFO] ProjectBuilder:5154 - Time for Generating toolchain IDE Files: 1103mS.
2024-12-26 00:36:22,514 [INFO] ProjectBuilder:3146 - Time for Copy CMSIS : 1mS.
2024-12-26 00:36:22,519 [INFO] ProjectBuilder:3146 - Time for Copy CMSIS : 0mS.
2024-12-26 00:36:22,933 [ERROR] LogOutputStream:75 - [STDERR_REDIRECT] [Fatal Error] :1:1: Premature end of file.
2024-12-26 00:36:22,934 [ERROR] LogOutputStream:75 - [STDERR_REDIRECT] 
2024-12-26 00:36:23,954 [ERROR] LogOutputStream:75 - [STDERR_REDIRECT] [Fatal Error] :1:1: Premature end of file.
2024-12-26 00:36:23,955 [ERROR] LogOutputStream:75 - [STDERR_REDIRECT] 
2024-12-26 00:36:25,089 [ERROR] LogOutputStream:75 - [STDERR_REDIRECT] [Fatal Error] :1:1: Premature end of file.
2024-12-26 00:36:25,089 [ERROR] LogOutputStream:75 - [STDERR_REDIRECT] 
2024-12-26 00:36:25,941 [ERROR] LogOutputStream:75 - [STDERR_REDIRECT] [Fatal Error] :1:1: Premature end of file.
2024-12-26 00:36:25,942 [ERROR] LogOutputStream:75 - [STDERR_REDIRECT] 
2024-12-26 00:36:26,990 [ERROR] LogOutputStream:75 - [STDERR_REDIRECT] [Fatal Error] :1:1: Premature end of file.
2024-12-26 00:36:26,991 [ERROR] LogOutputStream:75 - [STDERR_REDIRECT] 
2024-12-26 00:36:27,961 [ERROR] LogOutputStream:75 - [STDERR_REDIRECT] [Fatal Error] :1:1: Premature end of file.
2024-12-26 00:36:27,963 [ERROR] LogOutputStream:75 - [STDERR_REDIRECT] 
2024-12-26 00:36:28,935 [ERROR] LogOutputStream:75 - [STDERR_REDIRECT] [Fatal Error] :1:1: Premature end of file.
2024-12-26 00:36:28,936 [ERROR] LogOutputStream:75 - [STDERR_REDIRECT] 
2024-12-26 00:36:29,942 [ERROR] LogOutputStream:75 - [STDERR_REDIRECT] [Fatal Error] :1:1: Premature end of file.
2024-12-26 00:36:29,943 [ERROR] LogOutputStream:75 - [STDERR_REDIRECT] 
2024-12-26 00:36:30,935 [ERROR] LogOutputStream:75 - [STDERR_REDIRECT] [Fatal Error] :1:1: Premature end of file.
2024-12-26 00:36:30,936 [ERROR] LogOutputStream:75 - [STDERR_REDIRECT] 
2024-12-26 00:36:31,944 [ERROR] LogOutputStream:75 - [STDERR_REDIRECT] [Fatal Error] :1:1: Premature end of file.
2024-12-26 00:36:31,944 [ERROR] LogOutputStream:75 - [STDERR_REDIRECT] 
2024-12-26 00:36:32,932 [ERROR] LogOutputStream:75 - [STDERR_REDIRECT] [Fatal Error] :1:1: Premature end of file.
2024-12-26 00:36:32,933 [ERROR] LogOutputStream:75 - [STDERR_REDIRECT] 
2024-12-26 00:36:33,941 [ERROR] LogOutputStream:75 - [STDERR_REDIRECT] [Fatal Error] :1:1: Premature end of file.
2024-12-26 00:36:33,941 [ERROR] LogOutputStream:75 - [STDERR_REDIRECT] 
2024-12-26 00:36:34,932 [ERROR] LogOutputStream:75 - [STDERR_REDIRECT] [Fatal Error] :1:1: Premature end of file.
2024-12-26 00:36:34,934 [ERROR] LogOutputStream:75 - [STDERR_REDIRECT] 
2024-12-26 00:36:35,943 [ERROR] LogOutputStream:75 - [STDERR_REDIRECT] [Fatal Error] :1:1: Premature end of file.
2024-12-26 00:36:35,943 [ERROR] LogOutputStream:75 - [STDERR_REDIRECT] 
2024-12-26 00:36:36,934 [ERROR] LogOutputStream:75 - [STDERR_REDIRECT] [Fatal Error] :1:1: Premature end of file.
2024-12-26 00:36:36,935 [ERROR] LogOutputStream:75 - [STDERR_REDIRECT] 
2024-12-26 00:36:37,942 [ERROR] LogOutputStream:75 - [STDERR_REDIRECT] [Fatal Error] :1:1: Premature end of file.
2024-12-26 00:36:37,942 [ERROR] LogOutputStream:75 - [STDERR_REDIRECT] 
2024-12-26 00:36:38,931 [ERROR] LogOutputStream:75 - [STDERR_REDIRECT] [Fatal Error] :1:1: Premature end of file.
2024-12-26 00:36:38,931 [ERROR] LogOutputStream:75 - [STDERR_REDIRECT] 
2024-12-26 00:36:39,932 [ERROR] LogOutputStream:75 - [STDERR_REDIRECT] [Fatal Error] :1:1: Premature end of file.
2024-12-26 00:36:39,932 [ERROR] LogOutputStream:75 - [STDERR_REDIRECT] 
2024-12-26 00:36:40,933 [ERROR] LogOutputStream:75 - [STDERR_REDIRECT] [Fatal Error] :1:1: Premature end of file.
2024-12-26 00:36:40,933 [ERROR] LogOutputStream:75 - [STDERR_REDIRECT] 
2024-12-26 00:36:41,944 [ERROR] LogOutputStream:75 - [STDERR_REDIRECT] [Fatal Error] :1:1: Premature end of file.
2024-12-26 00:36:41,944 [ERROR] LogOutputStream:75 - [STDERR_REDIRECT] 
2024-12-26 00:36:42,933 [ERROR] LogOutputStream:75 - [STDERR_REDIRECT] [Fatal Error] :1:1: Premature end of file.
2024-12-26 00:36:42,933 [ERROR] LogOutputStream:75 - [STDERR_REDIRECT] 
2024-12-26 00:36:43,944 [ERROR] LogOutputStream:75 - [STDERR_REDIRECT] [Fatal Error] :1:1: Premature end of file.
2024-12-26 00:36:43,944 [ERROR] LogOutputStream:75 - [STDERR_REDIRECT] 
2024-12-26 00:36:44,938 [ERROR] LogOutputStream:75 - [STDERR_REDIRECT] [Fatal Error] :1:1: Premature end of file.
2024-12-26 00:36:44,938 [ERROR] LogOutputStream:75 - [STDERR_REDIRECT] 
2024-12-26 00:36:45,931 [ERROR] LogOutputStream:75 - [STDERR_REDIRECT] [Fatal Error] :1:1: Premature end of file.
2024-12-26 00:36:45,931 [ERROR] LogOutputStream:75 - [STDERR_REDIRECT] 
2024-12-26 00:36:46,931 [ERROR] LogOutputStream:75 - [STDERR_REDIRECT] [Fatal Error] :1:1: Premature end of file.
2024-12-26 00:36:46,932 [ERROR] LogOutputStream:75 - [STDERR_REDIRECT] 
2024-12-26 00:36:47,942 [ERROR] LogOutputStream:75 - [STDERR_REDIRECT] [Fatal Error] :1:1: Premature end of file.
2024-12-26 00:36:47,942 [ERROR] LogOutputStream:75 - [STDERR_REDIRECT] 
2024-12-26 00:36:48,967 [ERROR] LogOutputStream:75 - [STDERR_REDIRECT] [Fatal Error] :1:1: Premature end of file.
2024-12-26 00:36:48,967 [ERROR] LogOutputStream:75 - [STDERR_REDIRECT] 
2024-12-26 00:36:49,947 [ERROR] LogOutputStream:75 - [STDERR_REDIRECT] [Fatal Error] :1:1: Premature end of file.
2024-12-26 00:36:49,948 [ERROR] LogOutputStream:75 - [STDERR_REDIRECT] 
2024-12-26 00:36:50,935 [ERROR] LogOutputStream:75 - [STDERR_REDIRECT] [Fatal Error] :1:1: Premature end of file.
2024-12-26 00:36:50,936 [ERROR] LogOutputStream:75 - [STDERR_REDIRECT] 
2024-12-26 00:36:51,938 [ERROR] LogOutputStream:75 - [STDERR_REDIRECT] [Fatal Error] :1:1: Premature end of file.
2024-12-26 00:36:51,938 [ERROR] LogOutputStream:75 - [STDERR_REDIRECT] 
2024-12-26 00:36:52,938 [ERROR] LogOutputStream:75 - [STDERR_REDIRECT] [Fatal Error] :1:1: Premature end of file.
2024-12-26 00:36:52,938 [ERROR] LogOutputStream:75 - [STDERR_REDIRECT] 
2024-12-26 00:36:53,949 [ERROR] LogOutputStream:75 - [STDERR_REDIRECT] [Fatal Error] :1:1: Premature end of file.
2024-12-26 00:36:53,950 [ERROR] LogOutputStream:75 - [STDERR_REDIRECT] 
2024-12-26 00:36:54,933 [ERROR] LogOutputStream:75 - [STDERR_REDIRECT] [Fatal Error] :1:1: Premature end of file.
2024-12-26 00:36:54,934 [ERROR] LogOutputStream:75 - [STDERR_REDIRECT] 
2024-12-26 00:36:55,935 [ERROR] LogOutputStream:75 - [STDERR_REDIRECT] [Fatal Error] :1:1: Premature end of file.
2024-12-26 00:36:55,935 [ERROR] LogOutputStream:75 - [STDERR_REDIRECT] 
2024-12-26 00:36:56,938 [ERROR] LogOutputStream:75 - [STDERR_REDIRECT] [Fatal Error] :1:1: Premature end of file.
2024-12-26 00:36:56,938 [ERROR] LogOutputStream:75 - [STDERR_REDIRECT] 
2024-12-26 00:36:57,939 [ERROR] LogOutputStream:75 - [STDERR_REDIRECT] [Fatal Error] :1:1: Premature end of file.
2024-12-26 00:36:57,939 [ERROR] LogOutputStream:75 - [STDERR_REDIRECT] 
2024-12-26 00:36:58,941 [ERROR] LogOutputStream:75 - [STDERR_REDIRECT] [Fatal Error] :1:1: Premature end of file.
2024-12-26 00:36:58,941 [ERROR] LogOutputStream:75 - [STDERR_REDIRECT] 
2024-12-26 00:36:59,988 [ERROR] LogOutputStream:75 - [STDERR_REDIRECT] [Fatal Error] :1:1: Premature end of file.
2024-12-26 00:36:59,989 [ERROR] LogOutputStream:75 - [STDERR_REDIRECT] 
2024-12-26 00:37:00,935 [ERROR] LogOutputStream:75 - [STDERR_REDIRECT] [Fatal Error] :1:1: Premature end of file.
2024-12-26 00:37:00,935 [ERROR] LogOutputStream:75 - [STDERR_REDIRECT] 
2024-12-26 00:37:01,936 [ERROR] LogOutputStream:75 - [STDERR_REDIRECT] [Fatal Error] :1:1: Premature end of file.
2024-12-26 00:37:01,937 [ERROR] LogOutputStream:75 - [STDERR_REDIRECT] 
2024-12-26 00:37:02,937 [ERROR] LogOutputStream:75 - [STDERR_REDIRECT] [Fatal Error] :1:1: Premature end of file.
2024-12-26 00:37:02,937 [ERROR] LogOutputStream:75 - [STDERR_REDIRECT] 
2024-12-26 00:37:03,936 [ERROR] LogOutputStream:75 - [STDERR_REDIRECT] [Fatal Error] :1:1: Premature end of file.
2024-12-26 00:37:03,936 [ERROR] LogOutputStream:75 - [STDERR_REDIRECT] 
2024-12-26 00:37:04,943 [ERROR] LogOutputStream:75 - [STDERR_REDIRECT] [Fatal Error] :1:1: Premature end of file.
2024-12-26 00:37:04,944 [ERROR] LogOutputStream:75 - [STDERR_REDIRECT] 
2024-12-26 00:37:05,948 [ERROR] LogOutputStream:75 - [STDERR_REDIRECT] [Fatal Error] :1:1: Premature end of file.
2024-12-26 00:37:05,948 [ERROR] LogOutputStream:75 - [STDERR_REDIRECT] 
2024-12-26 00:37:06,935 [ERROR] LogOutputStream:75 - [STDERR_REDIRECT] [Fatal Error] :1:1: Premature end of file.
2024-12-26 00:37:06,935 [ERROR] LogOutputStream:75 - [STDERR_REDIRECT] 
2024-12-26 00:37:07,935 [ERROR] LogOutputStream:75 - [STDERR_REDIRECT] [Fatal Error] :1:1: Premature end of file.
2024-12-26 00:37:07,937 [ERROR] LogOutputStream:75 - [STDERR_REDIRECT] 
2024-12-26 00:37:08,933 [ERROR] LogOutputStream:75 - [STDERR_REDIRECT] [Fatal Error] :1:1: Premature end of file.
2024-12-26 00:37:08,934 [ERROR] LogOutputStream:75 - [STDERR_REDIRECT] 
2024-12-26 00:37:09,935 [ERROR] LogOutputStream:75 - [STDERR_REDIRECT] [Fatal Error] :1:1: Premature end of file.
2024-12-26 00:37:09,936 [ERROR] LogOutputStream:75 - [STDERR_REDIRECT] 
2024-12-26 00:37:10,939 [ERROR] LogOutputStream:75 - [STDERR_REDIRECT] [Fatal Error] :1:1: Premature end of file.
2024-12-26 00:37:10,940 [ERROR] LogOutputStream:75 - [STDERR_REDIRECT] 
2024-12-26 00:37:11,934 [ERROR] LogOutputStream:75 - [STDERR_REDIRECT] [Fatal Error] :1:1: Premature end of file.
2024-12-26 00:37:11,934 [ERROR] LogOutputStream:75 - [STDERR_REDIRECT] 
2024-12-26 00:37:12,934 [ERROR] LogOutputStream:75 - [STDERR_REDIRECT] [Fatal Error] :1:1: Premature end of file.
2024-12-26 00:37:12,934 [ERROR] LogOutputStream:75 - [STDERR_REDIRECT] 
2024-12-26 00:37:13,933 [ERROR] LogOutputStream:75 - [STDERR_REDIRECT] [Fatal Error] :1:1: Premature end of file.
2024-12-26 00:37:13,933 [ERROR] LogOutputStream:75 - [STDERR_REDIRECT] 
2024-12-26 00:37:14,938 [ERROR] LogOutputStream:75 - [STDERR_REDIRECT] [Fatal Error] :1:1: Premature end of file.
2024-12-26 00:37:14,938 [ERROR] LogOutputStream:75 - [STDERR_REDIRECT] 
2024-12-26 00:37:15,947 [ERROR] LogOutputStream:75 - [STDERR_REDIRECT] [Fatal Error] :1:1: Premature end of file.
2024-12-26 00:37:15,947 [ERROR] LogOutputStream:75 - [STDERR_REDIRECT] 
2024-12-26 00:37:16,989 [ERROR] LogOutputStream:75 - [STDERR_REDIRECT] [Fatal Error] :1:1: Premature end of file.
2024-12-26 00:37:16,989 [ERROR] LogOutputStream:75 - [STDERR_REDIRECT] 
2024-12-26 00:37:17,932 [ERROR] LogOutputStream:75 - [STDERR_REDIRECT] [Fatal Error] :1:1: Premature end of file.
2024-12-26 00:37:17,932 [ERROR] LogOutputStream:75 - [STDERR_REDIRECT] 
2024-12-26 00:37:18,940 [ERROR] LogOutputStream:75 - [STDERR_REDIRECT] [Fatal Error] :1:1: Premature end of file.
2024-12-26 00:37:18,940 [ERROR] LogOutputStream:75 - [STDERR_REDIRECT] 
2024-12-26 00:37:19,935 [ERROR] LogOutputStream:75 - [STDERR_REDIRECT] [Fatal Error] :1:1: Premature end of file.
2024-12-26 00:37:19,935 [ERROR] LogOutputStream:75 - [STDERR_REDIRECT] 
2024-12-26 00:37:20,932 [ERROR] LogOutputStream:75 - [STDERR_REDIRECT] [Fatal Error] :1:1: Premature end of file.
2024-12-26 00:37:20,932 [ERROR] LogOutputStream:75 - [STDERR_REDIRECT] 
2024-12-26 00:37:21,934 [ERROR] LogOutputStream:75 - [STDERR_REDIRECT] [Fatal Error] :1:1: Premature end of file.
2024-12-26 00:37:21,935 [ERROR] LogOutputStream:75 - [STDERR_REDIRECT] 
2024-12-26 00:37:22,936 [ERROR] LogOutputStream:75 - [STDERR_REDIRECT] [Fatal Error] :1:1: Premature end of file.
2024-12-26 00:37:22,936 [ERROR] LogOutputStream:75 - [STDERR_REDIRECT] 
2024-12-26 00:37:23,935 [ERROR] LogOutputStream:75 - [STDERR_REDIRECT] [Fatal Error] :1:1: Premature end of file.
2024-12-26 00:37:23,935 [ERROR] LogOutputStream:75 - [STDERR_REDIRECT] 
2024-12-26 00:37:24,942 [ERROR] LogOutputStream:75 - [STDERR_REDIRECT] [Fatal Error] :1:1: Premature end of file.
2024-12-26 00:37:24,942 [ERROR] LogOutputStream:75 - [STDERR_REDIRECT] 
2024-12-26 00:37:25,947 [ERROR] LogOutputStream:75 - [STDERR_REDIRECT] [Fatal Error] :1:1: Premature end of file.
2024-12-26 00:37:25,947 [ERROR] LogOutputStream:75 - [STDERR_REDIRECT] 
2024-12-26 00:37:26,932 [ERROR] LogOutputStream:75 - [STDERR_REDIRECT] [Fatal Error] :1:1: Premature end of file.
2024-12-26 00:37:26,933 [ERROR] LogOutputStream:75 - [STDERR_REDIRECT] 
2024-12-26 00:37:27,933 [ERROR] LogOutputStream:75 - [STDERR_REDIRECT] [Fatal Error] :1:1: Premature end of file.
2024-12-26 00:37:27,933 [ERROR] LogOutputStream:75 - [STDERR_REDIRECT] 
2024-12-26 00:37:28,933 [ERROR] LogOutputStream:75 - [STDERR_REDIRECT] [Fatal Error] :1:1: Premature end of file.
2024-12-26 00:37:28,934 [ERROR] LogOutputStream:75 - [STDERR_REDIRECT] 
2024-12-26 00:37:29,931 [ERROR] LogOutputStream:75 - [STDERR_REDIRECT] [Fatal Error] :1:1: Premature end of file.
2024-12-26 00:37:29,932 [ERROR] LogOutputStream:75 - [STDERR_REDIRECT] 
2024-12-26 00:37:30,938 [ERROR] LogOutputStream:75 - [STDERR_REDIRECT] [Fatal Error] :1:1: Premature end of file.
2024-12-26 00:37:30,939 [ERROR] LogOutputStream:75 - [STDERR_REDIRECT] 
2024-12-26 00:37:31,936 [ERROR] LogOutputStream:75 - [STDERR_REDIRECT] [Fatal Error] :1:1: Premature end of file.
2024-12-26 00:37:31,936 [ERROR] LogOutputStream:75 - [STDERR_REDIRECT] 
2024-12-26 00:37:32,934 [ERROR] LogOutputStream:75 - [STDERR_REDIRECT] [Fatal Error] :1:1: Premature end of file.
2024-12-26 00:37:32,934 [ERROR] LogOutputStream:75 - [STDERR_REDIRECT] 
2024-12-26 00:37:33,936 [ERROR] LogOutputStream:75 - [STDERR_REDIRECT] [Fatal Error] :1:1: Premature end of file.
2024-12-26 00:37:33,936 [ERROR] LogOutputStream:75 - [STDERR_REDIRECT] 
2024-12-26 00:37:34,945 [ERROR] LogOutputStream:75 - [STDERR_REDIRECT] [Fatal Error] :1:1: Premature end of file.
2024-12-26 00:37:34,945 [ERROR] LogOutputStream:75 - [STDERR_REDIRECT] 
2024-12-26 00:37:35,935 [ERROR] LogOutputStream:75 - [STDERR_REDIRECT] [Fatal Error] :1:1: Premature end of file.
2024-12-26 00:37:35,935 [ERROR] LogOutputStream:75 - [STDERR_REDIRECT] 
2024-12-26 00:37:36,934 [ERROR] LogOutputStream:75 - [STDERR_REDIRECT] [Fatal Error] :1:1: Premature end of file.
2024-12-26 00:37:36,934 [ERROR] LogOutputStream:75 - [STDERR_REDIRECT] 
2024-12-26 00:37:37,940 [ERROR] LogOutputStream:75 - [STDERR_REDIRECT] [Fatal Error] :1:1: Premature end of file.
2024-12-26 00:37:37,941 [ERROR] LogOutputStream:75 - [STDERR_REDIRECT] 
2024-12-26 00:37:38,934 [ERROR] LogOutputStream:75 - [STDERR_REDIRECT] [Fatal Error] :1:1: Premature end of file.
2024-12-26 00:37:38,934 [ERROR] LogOutputStream:75 - [STDERR_REDIRECT] 
2024-12-26 00:37:39,934 [ERROR] LogOutputStream:75 - [STDERR_REDIRECT] [Fatal Error] :1:1: Premature end of file.
2024-12-26 00:37:39,936 [ERROR] LogOutputStream:75 - [STDERR_REDIRECT] 
2024-12-26 00:37:40,936 [ERROR] LogOutputStream:75 - [STDERR_REDIRECT] [Fatal Error] :1:1: Premature end of file.
2024-12-26 00:37:40,936 [ERROR] LogOutputStream:75 - [STDERR_REDIRECT] 
2024-12-26 00:37:41,937 [ERROR] LogOutputStream:75 - [STDERR_REDIRECT] [Fatal Error] :1:1: Premature end of file.
2024-12-26 00:37:41,937 [ERROR] LogOutputStream:75 - [STDERR_REDIRECT] 
2024-12-26 00:37:42,939 [ERROR] LogOutputStream:75 - [STDERR_REDIRECT] [Fatal Error] :1:1: Premature end of file.
2024-12-26 00:37:42,939 [ERROR] LogOutputStream:75 - [STDERR_REDIRECT] 
2024-12-26 00:37:43,941 [ERROR] LogOutputStream:75 - [STDERR_REDIRECT] [Fatal Error] :1:1: Premature end of file.
2024-12-26 00:37:43,941 [ERROR] LogOutputStream:75 - [STDERR_REDIRECT] 
2024-12-26 00:37:44,940 [ERROR] LogOutputStream:75 - [STDERR_REDIRECT] [Fatal Error] :1:1: Premature end of file.
2024-12-26 00:37:44,940 [ERROR] LogOutputStream:75 - [STDERR_REDIRECT] 
2024-12-26 00:37:45,941 [ERROR] LogOutputStream:75 - [STDERR_REDIRECT] [Fatal Error] :1:1: Premature end of file.
2024-12-26 00:37:45,941 [ERROR] LogOutputStream:75 - [STDERR_REDIRECT] 
2024-12-26 00:37:46,933 [ERROR] LogOutputStream:75 - [STDERR_REDIRECT] [Fatal Error] :1:1: Premature end of file.
2024-12-26 00:37:46,933 [ERROR] LogOutputStream:75 - [STDERR_REDIRECT] 
2024-12-26 00:37:47,970 [ERROR] LogOutputStream:75 - [STDERR_REDIRECT] [Fatal Error] :1:1: Premature end of file.
2024-12-26 00:37:47,972 [ERROR] LogOutputStream:75 - [STDERR_REDIRECT] 
2024-12-26 00:37:48,934 [ERROR] LogOutputStream:75 - [STDERR_REDIRECT] [Fatal Error] :1:1: Premature end of file.
2024-12-26 00:37:48,934 [ERROR] LogOutputStream:75 - [STDERR_REDIRECT] 
2024-12-26 00:37:49,937 [ERROR] LogOutputStream:75 - [STDERR_REDIRECT] [Fatal Error] :1:1: Premature end of file.
2024-12-26 00:37:49,937 [ERROR] LogOutputStream:75 - [STDERR_REDIRECT] 
2024-12-26 00:37:50,936 [ERROR] LogOutputStream:75 - [STDERR_REDIRECT] [Fatal Error] :1:1: Premature end of file.
2024-12-26 00:37:50,936 [ERROR] LogOutputStream:75 - [STDERR_REDIRECT] 
2024-12-26 00:37:51,935 [ERROR] LogOutputStream:75 - [STDERR_REDIRECT] [Fatal Error] :1:1: Premature end of file.
2024-12-26 00:37:51,935 [ERROR] LogOutputStream:75 - [STDERR_REDIRECT] 
2024-12-26 00:37:52,935 [ERROR] LogOutputStream:75 - [STDERR_REDIRECT] [Fatal Error] :1:1: Premature end of file.
2024-12-26 00:37:52,935 [ERROR] LogOutputStream:75 - [STDERR_REDIRECT] 
2024-12-26 00:37:53,936 [ERROR] LogOutputStream:75 - [STDERR_REDIRECT] [Fatal Error] :1:1: Premature end of file.
2024-12-26 00:37:53,936 [ERROR] LogOutputStream:75 - [STDERR_REDIRECT] 
2024-12-26 00:37:54,946 [ERROR] LogOutputStream:75 - [STDERR_REDIRECT] [Fatal Error] :1:1: Premature end of file.
2024-12-26 00:37:54,948 [ERROR] LogOutputStream:75 - [STDERR_REDIRECT] 
2024-12-26 00:37:55,945 [ERROR] LogOutputStream:75 - [STDERR_REDIRECT] [Fatal Error] :1:1: Premature end of file.
2024-12-26 00:37:55,945 [ERROR] LogOutputStream:75 - [STDERR_REDIRECT] 
2024-12-26 00:37:56,933 [ERROR] LogOutputStream:75 - [STDERR_REDIRECT] [Fatal Error] :1:1: Premature end of file.
2024-12-26 00:37:56,934 [ERROR] LogOutputStream:75 - [STDERR_REDIRECT] 
2024-12-26 00:37:57,936 [ERROR] LogOutputStream:75 - [STDERR_REDIRECT] [Fatal Error] :1:1: Premature end of file.
2024-12-26 00:37:57,937 [ERROR] LogOutputStream:75 - [STDERR_REDIRECT] 
2024-12-26 00:37:58,982 [ERROR] LogOutputStream:75 - [STDERR_REDIRECT] [Fatal Error] :1:1: Premature end of file.
2024-12-26 00:37:58,982 [ERROR] LogOutputStream:75 - [STDERR_REDIRECT] 
2024-12-26 00:37:59,936 [ERROR] LogOutputStream:75 - [STDERR_REDIRECT] [Fatal Error] :1:1: Premature end of file.
2024-12-26 00:37:59,936 [ERROR] LogOutputStream:75 - [STDERR_REDIRECT] 
2024-12-26 00:38:00,942 [ERROR] LogOutputStream:75 - [STDERR_REDIRECT] [Fatal Error] :1:1: Premature end of file.
2024-12-26 00:38:00,942 [ERROR] LogOutputStream:75 - [STDERR_REDIRECT] 
2024-12-26 00:38:01,947 [ERROR] LogOutputStream:75 - [STDERR_REDIRECT] [Fatal Error] :1:1: Premature end of file.
2024-12-26 00:38:01,947 [ERROR] LogOutputStream:75 - [STDERR_REDIRECT] 
2024-12-26 00:38:02,934 [ERROR] LogOutputStream:75 - [STDERR_REDIRECT] [Fatal Error] :1:1: Premature end of file.
2024-12-26 00:38:02,934 [ERROR] LogOutputStream:75 - [STDERR_REDIRECT] 
2024-12-26 00:38:03,942 [ERROR] LogOutputStream:75 - [STDERR_REDIRECT] [Fatal Error] :1:1: Premature end of file.
2024-12-26 00:38:03,943 [ERROR] LogOutputStream:75 - [STDERR_REDIRECT] 
2024-12-26 00:38:04,929 [ERROR] LogOutputStream:75 - [STDERR_REDIRECT] [Fatal Error] :1:1: Premature end of file.
2024-12-26 00:38:04,929 [ERROR] LogOutputStream:75 - [STDERR_REDIRECT] 
2024-12-26 00:38:05,948 [ERROR] LogOutputStream:75 - [STDERR_REDIRECT] [Fatal Error] :1:1: Premature end of file.
2024-12-26 00:38:05,949 [ERROR] LogOutputStream:75 - [STDERR_REDIRECT] 
2024-12-26 00:38:06,932 [ERROR] LogOutputStream:75 - [STDERR_REDIRECT] [Fatal Error] :1:1: Premature end of file.
2024-12-26 00:38:06,932 [ERROR] LogOutputStream:75 - [STDERR_REDIRECT] 
2024-12-26 00:38:07,940 [ERROR] LogOutputStream:75 - [STDERR_REDIRECT] [Fatal Error] :1:1: Premature end of file.
2024-12-26 00:38:07,940 [ERROR] LogOutputStream:75 - [STDERR_REDIRECT] 
2024-12-26 00:38:08,932 [ERROR] LogOutputStream:75 - [STDERR_REDIRECT] [Fatal Error] :1:1: Premature end of file.
2024-12-26 00:38:08,932 [ERROR] LogOutputStream:75 - [STDERR_REDIRECT] 
2024-12-26 00:38:09,937 [ERROR] LogOutputStream:75 - [STDERR_REDIRECT] [Fatal Error] :1:1: Premature end of file.
2024-12-26 00:38:09,937 [ERROR] LogOutputStream:75 - [STDERR_REDIRECT] 
2024-12-26 00:38:10,933 [ERROR] LogOutputStream:75 - [STDERR_REDIRECT] [Fatal Error] :1:1: Premature end of file.
2024-12-26 00:38:10,934 [ERROR] LogOutputStream:75 - [STDERR_REDIRECT] 
2024-12-26 00:38:11,934 [ERROR] LogOutputStream:75 - [STDERR_REDIRECT] [Fatal Error] :1:1: Premature end of file.
2024-12-26 00:38:11,935 [ERROR] LogOutputStream:75 - [STDERR_REDIRECT] 
2024-12-26 00:38:12,933 [ERROR] LogOutputStream:75 - [STDERR_REDIRECT] [Fatal Error] :1:1: Premature end of file.
2024-12-26 00:38:12,933 [ERROR] LogOutputStream:75 - [STDERR_REDIRECT] 
2024-12-26 00:38:13,934 [ERROR] LogOutputStream:75 - [STDERR_REDIRECT] [Fatal Error] :1:1: Premature end of file.
2024-12-26 00:38:13,935 [ERROR] LogOutputStream:75 - [STDERR_REDIRECT] 
2024-12-26 00:38:14,931 [ERROR] LogOutputStream:75 - [STDERR_REDIRECT] [Fatal Error] :1:1: Premature end of file.
2024-12-26 00:38:14,932 [ERROR] LogOutputStream:75 - [STDERR_REDIRECT] 
2024-12-26 00:38:15,935 [ERROR] LogOutputStream:75 - [STDERR_REDIRECT] [Fatal Error] :1:1: Premature end of file.
2024-12-26 00:38:15,935 [ERROR] LogOutputStream:75 - [STDERR_REDIRECT] 
2024-12-26 00:38:16,930 [ERROR] LogOutputStream:75 - [STDERR_REDIRECT] [Fatal Error] :1:1: Premature end of file.
2024-12-26 00:38:16,930 [ERROR] LogOutputStream:75 - [STDERR_REDIRECT] 
2024-12-26 00:38:17,933 [ERROR] LogOutputStream:75 - [STDERR_REDIRECT] [Fatal Error] :1:1: Premature end of file.
2024-12-26 00:38:17,933 [ERROR] LogOutputStream:75 - [STDERR_REDIRECT] 
2024-12-26 00:38:18,931 [ERROR] LogOutputStream:75 - [STDERR_REDIRECT] [Fatal Error] :1:1: Premature end of file.
2024-12-26 00:38:18,931 [ERROR] LogOutputStream:75 - [STDERR_REDIRECT] 
2024-12-26 00:38:19,938 [ERROR] LogOutputStream:75 - [STDERR_REDIRECT] [Fatal Error] :1:1: Premature end of file.
2024-12-26 00:38:19,938 [ERROR] LogOutputStream:75 - [STDERR_REDIRECT] 
2024-12-26 00:38:20,941 [ERROR] LogOutputStream:75 - [STDERR_REDIRECT] [Fatal Error] :1:1: Premature end of file.
2024-12-26 00:38:20,941 [ERROR] LogOutputStream:75 - [STDERR_REDIRECT] 
2024-12-26 00:38:21,941 [ERROR] LogOutputStream:75 - [STDERR_REDIRECT] [Fatal Error] :1:1: Premature end of file.
2024-12-26 00:38:21,942 [ERROR] LogOutputStream:75 - [STDERR_REDIRECT] 
2024-12-26 00:38:22,931 [ERROR] LogOutputStream:75 - [STDERR_REDIRECT] [Fatal Error] :1:1: Premature end of file.
2024-12-26 00:38:22,931 [ERROR] LogOutputStream:75 - [STDERR_REDIRECT] 
2024-12-26 00:38:23,939 [ERROR] LogOutputStream:75 - [STDERR_REDIRECT] [Fatal Error] :1:1: Premature end of file.
2024-12-26 00:38:23,939 [ERROR] LogOutputStream:75 - [STDERR_REDIRECT] 
2024-12-26 00:38:24,941 [ERROR] LogOutputStream:75 - [STDERR_REDIRECT] [Fatal Error] :1:1: Premature end of file.
2024-12-26 00:38:24,941 [ERROR] LogOutputStream:75 - [STDERR_REDIRECT] 
2024-12-26 00:38:25,935 [ERROR] LogOutputStream:75 - [STDERR_REDIRECT] [Fatal Error] :1:1: Premature end of file.
2024-12-26 00:38:25,935 [ERROR] LogOutputStream:75 - [STDERR_REDIRECT] 
2024-12-26 00:38:26,931 [ERROR] LogOutputStream:75 - [STDERR_REDIRECT] [Fatal Error] :1:1: Premature end of file.
2024-12-26 00:38:26,931 [ERROR] LogOutputStream:75 - [STDERR_REDIRECT] 
2024-12-26 00:38:27,942 [ERROR] LogOutputStream:75 - [STDERR_REDIRECT] [Fatal Error] :1:1: Premature end of file.
2024-12-26 00:38:27,943 [ERROR] LogOutputStream:75 - [STDERR_REDIRECT] 
2024-12-26 00:38:28,935 [ERROR] LogOutputStream:75 - [STDERR_REDIRECT] [Fatal Error] :1:1: Premature end of file.
2024-12-26 00:38:28,935 [ERROR] LogOutputStream:75 - [STDERR_REDIRECT] 
2024-12-26 00:38:29,945 [ERROR] LogOutputStream:75 - [STDERR_REDIRECT] [Fatal Error] :1:1: Premature end of file.
2024-12-26 00:38:29,945 [ERROR] LogOutputStream:75 - [STDERR_REDIRECT] 
2024-12-26 00:38:30,943 [ERROR] LogOutputStream:75 - [STDERR_REDIRECT] [Fatal Error] :1:1: Premature end of file.
2024-12-26 00:38:30,943 [ERROR] LogOutputStream:75 - [STDERR_REDIRECT] 
2024-12-26 00:38:31,939 [ERROR] LogOutputStream:75 - [STDERR_REDIRECT] [Fatal Error] :1:1: Premature end of file.
2024-12-26 00:38:31,939 [ERROR] LogOutputStream:75 - [STDERR_REDIRECT] 
2024-12-26 00:38:32,936 [ERROR] LogOutputStream:75 - [STDERR_REDIRECT] [Fatal Error] :1:1: Premature end of file.
2024-12-26 00:38:32,937 [ERROR] LogOutputStream:75 - [STDERR_REDIRECT] 
2024-12-26 00:38:33,940 [ERROR] LogOutputStream:75 - [STDERR_REDIRECT] [Fatal Error] :1:1: Premature end of file.
2024-12-26 00:38:33,941 [ERROR] LogOutputStream:75 - [STDERR_REDIRECT] 
2024-12-26 00:38:34,961 [ERROR] LogOutputStream:75 - [STDERR_REDIRECT] [Fatal Error] :1:1: Premature end of file.
2024-12-26 00:38:34,961 [ERROR] LogOutputStream:75 - [STDERR_REDIRECT] 
2024-12-26 00:38:35,938 [ERROR] LogOutputStream:75 - [STDERR_REDIRECT] [Fatal Error] :1:1: Premature end of file.
2024-12-26 00:38:35,938 [ERROR] LogOutputStream:75 - [STDERR_REDIRECT] 
2024-12-26 00:38:36,946 [ERROR] LogOutputStream:75 - [STDERR_REDIRECT] [Fatal Error] :1:1: Premature end of file.
2024-12-26 00:38:36,946 [ERROR] LogOutputStream:75 - [STDERR_REDIRECT] 
2024-12-26 00:38:37,935 [ERROR] LogOutputStream:75 - [STDERR_REDIRECT] [Fatal Error] :1:1: Premature end of file.
2024-12-26 00:38:37,935 [ERROR] LogOutputStream:75 - [STDERR_REDIRECT] 
2024-12-26 00:38:38,997 [ERROR] LogOutputStream:75 - [STDERR_REDIRECT] [Fatal Error] :1:1: Premature end of file.
2024-12-26 00:38:38,997 [ERROR] LogOutputStream:75 - [STDERR_REDIRECT] 
2024-12-26 00:38:39,934 [ERROR] LogOutputStream:75 - [STDERR_REDIRECT] [Fatal Error] :1:1: Premature end of file.
2024-12-26 00:38:39,934 [ERROR] LogOutputStream:75 - [STDERR_REDIRECT] 
2024-12-26 00:38:40,933 [ERROR] LogOutputStream:75 - [STDERR_REDIRECT] [Fatal Error] :1:1: Premature end of file.
2024-12-26 00:38:40,933 [ERROR] LogOutputStream:75 - [STDERR_REDIRECT] 
2024-12-26 00:38:41,933 [ERROR] LogOutputStream:75 - [STDERR_REDIRECT] [Fatal Error] :1:1: Premature end of file.
2024-12-26 00:38:41,934 [ERROR] LogOutputStream:75 - [STDERR_REDIRECT] 
2024-12-26 00:38:42,961 [ERROR] LogOutputStream:75 - [STDERR_REDIRECT] [Fatal Error] :1:1: Premature end of file.
2024-12-26 00:38:42,962 [ERROR] LogOutputStream:75 - [STDERR_REDIRECT] 
2024-12-26 00:38:43,942 [ERROR] LogOutputStream:75 - [STDERR_REDIRECT] [Fatal Error] :1:1: Premature end of file.
2024-12-26 00:38:43,943 [ERROR] LogOutputStream:75 - [STDERR_REDIRECT] 
2024-12-26 00:38:44,938 [ERROR] LogOutputStream:75 - [STDERR_REDIRECT] [Fatal Error] :1:1: Premature end of file.
2024-12-26 00:38:44,938 [ERROR] LogOutputStream:75 - [STDERR_REDIRECT] 
2024-12-26 00:38:45,936 [ERROR] LogOutputStream:75 - [STDERR_REDIRECT] [Fatal Error] :1:1: Premature end of file.
2024-12-26 00:38:45,936 [ERROR] LogOutputStream:75 - [STDERR_REDIRECT] 
2024-12-26 00:38:46,992 [ERROR] LogOutputStream:75 - [STDERR_REDIRECT] [Fatal Error] :1:1: Premature end of file.
2024-12-26 00:38:46,992 [ERROR] LogOutputStream:75 - [STDERR_REDIRECT] 
2024-12-26 00:38:47,931 [ERROR] LogOutputStream:75 - [STDERR_REDIRECT] [Fatal Error] :1:1: Premature end of file.
2024-12-26 00:38:47,932 [ERROR] LogOutputStream:75 - [STDERR_REDIRECT] 
2024-12-26 00:38:48,943 [ERROR] LogOutputStream:75 - [STDERR_REDIRECT] [Fatal Error] :1:1: Premature end of file.
2024-12-26 00:38:48,944 [ERROR] LogOutputStream:75 - [STDERR_REDIRECT] 
2024-12-26 00:38:49,939 [ERROR] LogOutputStream:75 - [STDERR_REDIRECT] [Fatal Error] :1:1: Premature end of file.
2024-12-26 00:38:49,940 [ERROR] LogOutputStream:75 - [STDERR_REDIRECT] 
2024-12-26 00:38:50,944 [ERROR] LogOutputStream:75 - [STDERR_REDIRECT] [Fatal Error] :1:1: Premature end of file.
2024-12-26 00:38:50,945 [ERROR] LogOutputStream:75 - [STDERR_REDIRECT] 
2024-12-26 00:38:51,934 [ERROR] LogOutputStream:75 - [STDERR_REDIRECT] [Fatal Error] :1:1: Premature end of file.
2024-12-26 00:38:51,934 [ERROR] LogOutputStream:75 - [STDERR_REDIRECT] 
2024-12-26 00:38:52,936 [ERROR] LogOutputStream:75 - [STDERR_REDIRECT] [Fatal Error] :1:1: Premature end of file.
2024-12-26 00:38:52,936 [ERROR] LogOutputStream:75 - [STDERR_REDIRECT] 
2024-12-26 00:38:53,933 [ERROR] LogOutputStream:75 - [STDERR_REDIRECT] [Fatal Error] :1:1: Premature end of file.
2024-12-26 00:38:53,933 [ERROR] LogOutputStream:75 - [STDERR_REDIRECT] 
2024-12-26 00:38:54,937 [ERROR] LogOutputStream:75 - [STDERR_REDIRECT] [Fatal Error] :1:1: Premature end of file.
2024-12-26 00:38:54,937 [ERROR] LogOutputStream:75 - [STDERR_REDIRECT] 
2024-12-26 00:38:55,933 [ERROR] LogOutputStream:75 - [STDERR_REDIRECT] [Fatal Error] :1:1: Premature end of file.
2024-12-26 00:38:55,933 [ERROR] LogOutputStream:75 - [STDERR_REDIRECT] 
2024-12-26 00:38:56,936 [ERROR] LogOutputStream:75 - [STDERR_REDIRECT] [Fatal Error] :1:1: Premature end of file.
2024-12-26 00:38:56,936 [ERROR] LogOutputStream:75 - [STDERR_REDIRECT] 
2024-12-26 00:38:57,933 [ERROR] LogOutputStream:75 - [STDERR_REDIRECT] [Fatal Error] :1:1: Premature end of file.
2024-12-26 00:38:57,933 [ERROR] LogOutputStream:75 - [STDERR_REDIRECT] 
2024-12-26 00:38:58,934 [ERROR] LogOutputStream:75 - [STDERR_REDIRECT] [Fatal Error] :1:1: Premature end of file.
2024-12-26 00:38:58,935 [ERROR] LogOutputStream:75 - [STDERR_REDIRECT] 
2024-12-26 00:38:59,933 [ERROR] LogOutputStream:75 - [STDERR_REDIRECT] [Fatal Error] :1:1: Premature end of file.
2024-12-26 00:38:59,934 [ERROR] LogOutputStream:75 - [STDERR_REDIRECT] 
2024-12-26 00:39:00,934 [ERROR] LogOutputStream:75 - [STDERR_REDIRECT] [Fatal Error] :1:1: Premature end of file.
2024-12-26 00:39:00,934 [ERROR] LogOutputStream:75 - [STDERR_REDIRECT] 
2024-12-26 00:39:01,944 [ERROR] LogOutputStream:75 - [STDERR_REDIRECT] [Fatal Error] :1:1: Premature end of file.
2024-12-26 00:39:01,945 [ERROR] LogOutputStream:75 - [STDERR_REDIRECT] 
2024-12-26 00:39:02,942 [ERROR] LogOutputStream:75 - [STDERR_REDIRECT] [Fatal Error] :1:1: Premature end of file.
2024-12-26 00:39:02,942 [ERROR] LogOutputStream:75 - [STDERR_REDIRECT] 
2024-12-26 00:39:03,933 [ERROR] LogOutputStream:75 - [STDERR_REDIRECT] [Fatal Error] :1:1: Premature end of file.
2024-12-26 00:39:03,933 [ERROR] LogOutputStream:75 - [STDERR_REDIRECT] 
2024-12-26 00:39:04,936 [ERROR] LogOutputStream:75 - [STDERR_REDIRECT] [Fatal Error] :1:1: Premature end of file.
2024-12-26 00:39:04,936 [ERROR] LogOutputStream:75 - [STDERR_REDIRECT] 
2024-12-26 00:39:05,947 [ERROR] LogOutputStream:75 - [STDERR_REDIRECT] [Fatal Error] :1:1: Premature end of file.
2024-12-26 00:39:05,948 [ERROR] LogOutputStream:75 - [STDERR_REDIRECT] 
2024-12-26 00:39:06,947 [ERROR] LogOutputStream:75 - [STDERR_REDIRECT] [Fatal Error] :1:1: Premature end of file.
2024-12-26 00:39:06,947 [ERROR] LogOutputStream:75 - [STDERR_REDIRECT] 
2024-12-26 00:39:08,236 [ERROR] LogOutputStream:75 - [STDERR_REDIRECT] [Fatal Error] :1:1: Premature end of file.
2024-12-26 00:39:08,236 [ERROR] LogOutputStream:75 - [STDERR_REDIRECT] 
2024-12-26 00:39:08,991 [ERROR] LogOutputStream:75 - [STDERR_REDIRECT] [Fatal Error] :1:1: Premature end of file.
2024-12-26 00:39:08,991 [ERROR] LogOutputStream:75 - [STDERR_REDIRECT] 
2024-12-26 00:39:09,948 [ERROR] LogOutputStream:75 - [STDERR_REDIRECT] [Fatal Error] :1:1: Premature end of file.
2024-12-26 00:39:09,949 [ERROR] LogOutputStream:75 - [STDERR_REDIRECT] 
2024-12-26 00:39:10,945 [ERROR] LogOutputStream:75 - [STDERR_REDIRECT] [Fatal Error] :1:1: Premature end of file.
2024-12-26 00:39:10,946 [ERROR] LogOutputStream:75 - [STDERR_REDIRECT] 
2024-12-26 00:39:11,941 [ERROR] LogOutputStream:75 - [STDERR_REDIRECT] [Fatal Error] :1:1: Premature end of file.
2024-12-26 00:39:11,942 [ERROR] LogOutputStream:75 - [STDERR_REDIRECT] 
2024-12-26 00:39:12,944 [ERROR] LogOutputStream:75 - [STDERR_REDIRECT] [Fatal Error] :1:1: Premature end of file.
2024-12-26 00:39:12,944 [ERROR] LogOutputStream:75 - [STDERR_REDIRECT] 
2024-12-26 00:39:13,930 [ERROR] LogOutputStream:75 - [STDERR_REDIRECT] [Fatal Error] :1:1: Premature end of file.
2024-12-26 00:39:13,930 [ERROR] LogOutputStream:75 - [STDERR_REDIRECT] 
2024-12-26 00:39:14,946 [ERROR] LogOutputStream:75 - [STDERR_REDIRECT] [Fatal Error] :1:1: Premature end of file.
2024-12-26 00:39:14,947 [ERROR] LogOutputStream:75 - [STDERR_REDIRECT] 
2024-12-26 00:39:15,928 [ERROR] LogOutputStream:75 - [STDERR_REDIRECT] [Fatal Error] :1:1: Premature end of file.
2024-12-26 00:39:15,928 [ERROR] LogOutputStream:75 - [STDERR_REDIRECT] 
2024-12-26 00:39:16,929 [ERROR] LogOutputStream:75 - [STDERR_REDIRECT] [Fatal Error] :1:1: Premature end of file.
2024-12-26 00:39:16,929 [ERROR] LogOutputStream:75 - [STDERR_REDIRECT] 
2024-12-26 00:39:17,933 [ERROR] LogOutputStream:75 - [STDERR_REDIRECT] [Fatal Error] :1:1: Premature end of file.
2024-12-26 00:39:17,934 [ERROR] LogOutputStream:75 - [STDERR_REDIRECT] 
2024-12-26 00:39:18,943 [ERROR] LogOutputStream:75 - [STDERR_REDIRECT] [Fatal Error] :1:1: Premature end of file.
2024-12-26 00:39:18,943 [ERROR] LogOutputStream:75 - [STDERR_REDIRECT] 
2024-12-26 00:39:19,930 [ERROR] LogOutputStream:75 - [STDERR_REDIRECT] [Fatal Error] :1:1: Premature end of file.
2024-12-26 00:39:19,930 [ERROR] LogOutputStream:75 - [STDERR_REDIRECT] 
2024-12-26 00:39:20,941 [ERROR] LogOutputStream:75 - [STDERR_REDIRECT] [Fatal Error] :1:1: Premature end of file.
2024-12-26 00:39:20,941 [ERROR] LogOutputStream:75 - [STDERR_REDIRECT] 
2024-12-26 00:39:21,930 [ERROR] LogOutputStream:75 - [STDERR_REDIRECT] [Fatal Error] :1:1: Premature end of file.
2024-12-26 00:39:21,931 [ERROR] LogOutputStream:75 - [STDERR_REDIRECT] 
2024-12-26 00:39:22,930 [ERROR] LogOutputStream:75 - [STDERR_REDIRECT] [Fatal Error] :1:1: Premature end of file.
2024-12-26 00:39:22,930 [ERROR] LogOutputStream:75 - [STDERR_REDIRECT] 
2024-12-26 00:39:23,930 [ERROR] LogOutputStream:75 - [STDERR_REDIRECT] [Fatal Error] :1:1: Premature end of file.
2024-12-26 00:39:23,930 [ERROR] LogOutputStream:75 - [STDERR_REDIRECT] 
2024-12-26 00:39:24,982 [ERROR] LogOutputStream:75 - [STDERR_REDIRECT] [Fatal Error] :1:1: Premature end of file.
2024-12-26 00:39:24,982 [ERROR] LogOutputStream:75 - [STDERR_REDIRECT] 
2024-12-26 00:39:25,931 [ERROR] LogOutputStream:75 - [STDERR_REDIRECT] [Fatal Error] :1:1: Premature end of file.
2024-12-26 00:39:25,931 [ERROR] LogOutputStream:75 - [STDERR_REDIRECT] 
2024-12-26 00:39:26,935 [ERROR] LogOutputStream:75 - [STDERR_REDIRECT] [Fatal Error] :1:1: Premature end of file.
2024-12-26 00:39:26,935 [ERROR] LogOutputStream:75 - [STDERR_REDIRECT] 
2024-12-26 00:39:27,933 [ERROR] LogOutputStream:75 - [STDERR_REDIRECT] [Fatal Error] :1:1: Premature end of file.
2024-12-26 00:39:27,933 [ERROR] LogOutputStream:75 - [STDERR_REDIRECT] 
2024-12-26 00:39:28,936 [ERROR] LogOutputStream:75 - [STDERR_REDIRECT] [Fatal Error] :1:1: Premature end of file.
2024-12-26 00:39:28,936 [ERROR] LogOutputStream:75 - [STDERR_REDIRECT] 
2024-12-26 00:39:29,937 [ERROR] LogOutputStream:75 - [STDERR_REDIRECT] [Fatal Error] :1:1: Premature end of file.
2024-12-26 00:39:29,938 [ERROR] LogOutputStream:75 - [STDERR_REDIRECT] 
2024-12-26 00:39:30,943 [ERROR] LogOutputStream:75 - [STDERR_REDIRECT] [Fatal Error] :1:1: Premature end of file.
2024-12-26 00:39:30,944 [ERROR] LogOutputStream:75 - [STDERR_REDIRECT] 
2024-12-26 00:39:31,954 [ERROR] LogOutputStream:75 - [STDERR_REDIRECT] [Fatal Error] :1:1: Premature end of file.
2024-12-26 00:39:31,955 [ERROR] LogOutputStream:75 - [STDERR_REDIRECT] 
2024-12-26 00:39:32,936 [ERROR] LogOutputStream:75 - [STDERR_REDIRECT] [Fatal Error] :1:1: Premature end of file.
2024-12-26 00:39:32,936 [ERROR] LogOutputStream:75 - [STDERR_REDIRECT] 
2024-12-26 00:39:33,938 [ERROR] LogOutputStream:75 - [STDERR_REDIRECT] [Fatal Error] :1:1: Premature end of file.
2024-12-26 00:39:33,938 [ERROR] LogOutputStream:75 - [STDERR_REDIRECT] 
2024-12-26 00:39:34,949 [ERROR] LogOutputStream:75 - [STDERR_REDIRECT] [Fatal Error] :1:1: Premature end of file.
2024-12-26 00:39:34,950 [ERROR] LogOutputStream:75 - [STDERR_REDIRECT] 
2024-12-26 00:39:35,938 [ERROR] LogOutputStream:75 - [STDERR_REDIRECT] [Fatal Error] :1:1: Premature end of file.
2024-12-26 00:39:35,938 [ERROR] LogOutputStream:75 - [STDERR_REDIRECT] 
2024-12-26 00:39:36,941 [ERROR] LogOutputStream:75 - [STDERR_REDIRECT] [Fatal Error] :1:1: Premature end of file.
2024-12-26 00:39:36,941 [ERROR] LogOutputStream:75 - [STDERR_REDIRECT] 
2024-12-26 00:39:37,936 [ERROR] LogOutputStream:75 - [STDERR_REDIRECT] [Fatal Error] :1:1: Premature end of file.
2024-12-26 00:39:37,936 [ERROR] LogOutputStream:75 - [STDERR_REDIRECT] 
2024-12-26 00:39:38,947 [ERROR] LogOutputStream:75 - [STDERR_REDIRECT] [Fatal Error] :1:1: Premature end of file.
2024-12-26 00:39:38,949 [ERROR] LogOutputStream:75 - [STDERR_REDIRECT] 
2024-12-26 00:39:39,940 [ERROR] LogOutputStream:75 - [STDERR_REDIRECT] [Fatal Error] :1:1: Premature end of file.
2024-12-26 00:39:39,941 [ERROR] LogOutputStream:75 - [STDERR_REDIRECT] 
2024-12-26 00:39:40,931 [ERROR] LogOutputStream:75 - [STDERR_REDIRECT] [Fatal Error] :1:1: Premature end of file.
2024-12-26 00:39:40,931 [ERROR] LogOutputStream:75 - [STDERR_REDIRECT] 
2024-12-26 00:39:41,932 [ERROR] LogOutputStream:75 - [STDERR_REDIRECT] [Fatal Error] :1:1: Premature end of file.
2024-12-26 00:39:41,933 [ERROR] LogOutputStream:75 - [STDERR_REDIRECT] 
2024-12-26 00:39:42,932 [ERROR] LogOutputStream:75 - [STDERR_REDIRECT] [Fatal Error] :1:1: Premature end of file.
2024-12-26 00:39:42,932 [ERROR] LogOutputStream:75 - [STDERR_REDIRECT] 
2024-12-26 00:39:43,932 [ERROR] LogOutputStream:75 - [STDERR_REDIRECT] [Fatal Error] :1:1: Premature end of file.
2024-12-26 00:39:43,932 [ERROR] LogOutputStream:75 - [STDERR_REDIRECT] 
2024-12-26 00:39:44,935 [ERROR] LogOutputStream:75 - [STDERR_REDIRECT] [Fatal Error] :1:1: Premature end of file.
2024-12-26 00:39:44,936 [ERROR] LogOutputStream:75 - [STDERR_REDIRECT] 
2024-12-26 00:39:45,944 [ERROR] LogOutputStream:75 - [STDERR_REDIRECT] [Fatal Error] :1:1: Premature end of file.
2024-12-26 00:39:45,945 [ERROR] LogOutputStream:75 - [STDERR_REDIRECT] 
2024-12-26 00:39:46,927 [ERROR] LogOutputStream:75 - [STDERR_REDIRECT] [Fatal Error] :1:1: Premature end of file.
2024-12-26 00:39:46,928 [ERROR] LogOutputStream:75 - [STDERR_REDIRECT] 
2024-12-26 00:39:47,934 [ERROR] LogOutputStream:75 - [STDERR_REDIRECT] [Fatal Error] :1:1: Premature end of file.
2024-12-26 00:39:47,935 [ERROR] LogOutputStream:75 - [STDERR_REDIRECT] 
2024-12-26 00:39:48,937 [ERROR] LogOutputStream:75 - [STDERR_REDIRECT] [Fatal Error] :1:1: Premature end of file.
2024-12-26 00:39:48,938 [ERROR] LogOutputStream:75 - [STDERR_REDIRECT] 
2024-12-26 00:39:49,932 [ERROR] LogOutputStream:75 - [STDERR_REDIRECT] [Fatal Error] :1:1: Premature end of file.
2024-12-26 00:39:49,933 [ERROR] LogOutputStream:75 - [STDERR_REDIRECT] 
2024-12-26 00:39:50,932 [ERROR] LogOutputStream:75 - [STDERR_REDIRECT] [Fatal Error] :1:1: Premature end of file.
2024-12-26 00:39:50,932 [ERROR] LogOutputStream:75 - [STDERR_REDIRECT] 
2024-12-26 00:39:51,932 [ERROR] LogOutputStream:75 - [STDERR_REDIRECT] [Fatal Error] :1:1: Premature end of file.
2024-12-26 00:39:51,933 [ERROR] LogOutputStream:75 - [STDERR_REDIRECT] 
2024-12-26 00:39:52,933 [ERROR] LogOutputStream:75 - [STDERR_REDIRECT] [Fatal Error] :1:1: Premature end of file.
2024-12-26 00:39:52,933 [ERROR] LogOutputStream:75 - [STDERR_REDIRECT] 
2024-12-26 00:39:53,935 [ERROR] LogOutputStream:75 - [STDERR_REDIRECT] [Fatal Error] :1:1: Premature end of file.
2024-12-26 00:39:53,936 [ERROR] LogOutputStream:75 - [STDERR_REDIRECT] 
2024-12-26 00:39:54,949 [ERROR] LogOutputStream:75 - [STDERR_REDIRECT] [Fatal Error] :1:1: Premature end of file.
2024-12-26 00:39:54,949 [ERROR] LogOutputStream:75 - [STDERR_REDIRECT] 
2024-12-26 00:39:55,959 [ERROR] LogOutputStream:75 - [STDERR_REDIRECT] [Fatal Error] :1:1: Premature end of file.
2024-12-26 00:39:55,959 [ERROR] LogOutputStream:75 - [STDERR_REDIRECT] 
2024-12-26 00:39:56,940 [ERROR] LogOutputStream:75 - [STDERR_REDIRECT] [Fatal Error] :1:1: Premature end of file.
2024-12-26 00:39:56,940 [ERROR] LogOutputStream:75 - [STDERR_REDIRECT] 
2024-12-26 00:39:57,937 [ERROR] LogOutputStream:75 - [STDERR_REDIRECT] [Fatal Error] :1:1: Premature end of file.
2024-12-26 00:39:57,938 [ERROR] LogOutputStream:75 - [STDERR_REDIRECT] 
2024-12-26 00:39:58,943 [ERROR] LogOutputStream:75 - [STDERR_REDIRECT] [Fatal Error] :1:1: Premature end of file.
2024-12-26 00:39:58,944 [ERROR] LogOutputStream:75 - [STDERR_REDIRECT] 
2024-12-26 00:39:59,933 [ERROR] LogOutputStream:75 - [STDERR_REDIRECT] [Fatal Error] :1:1: Premature end of file.
2024-12-26 00:39:59,933 [ERROR] LogOutputStream:75 - [STDERR_REDIRECT] 
2024-12-26 00:40:00,938 [ERROR] LogOutputStream:75 - [STDERR_REDIRECT] [Fatal Error] :1:1: Premature end of file.
2024-12-26 00:40:00,938 [ERROR] LogOutputStream:75 - [STDERR_REDIRECT] 
2024-12-26 00:40:01,939 [ERROR] LogOutputStream:75 - [STDERR_REDIRECT] [Fatal Error] :1:1: Premature end of file.
2024-12-26 00:40:01,939 [ERROR] LogOutputStream:75 - [STDERR_REDIRECT] 
2024-12-26 00:40:02,935 [ERROR] LogOutputStream:75 - [STDERR_REDIRECT] [Fatal Error] :1:1: Premature end of file.
2024-12-26 00:40:02,935 [ERROR] LogOutputStream:75 - [STDERR_REDIRECT] 
2024-12-26 00:40:03,938 [ERROR] LogOutputStream:75 - [STDERR_REDIRECT] [Fatal Error] :1:1: Premature end of file.
2024-12-26 00:40:03,938 [ERROR] LogOutputStream:75 - [STDERR_REDIRECT] 
2024-12-26 00:40:04,937 [ERROR] LogOutputStream:75 - [STDERR_REDIRECT] [Fatal Error] :1:1: Premature end of file.
2024-12-26 00:40:04,938 [ERROR] LogOutputStream:75 - [STDERR_REDIRECT] 
2024-12-26 00:40:05,935 [ERROR] LogOutputStream:75 - [STDERR_REDIRECT] [Fatal Error] :1:1: Premature end of file.
2024-12-26 00:40:05,935 [ERROR] LogOutputStream:75 - [STDERR_REDIRECT] 
2024-12-26 00:40:06,985 [ERROR] LogOutputStream:75 - [STDERR_REDIRECT] [Fatal Error] :1:1: Premature end of file.
2024-12-26 00:40:06,985 [ERROR] LogOutputStream:75 - [STDERR_REDIRECT] 
2024-12-26 00:40:07,932 [ERROR] LogOutputStream:75 - [STDERR_REDIRECT] [Fatal Error] :1:1: Premature end of file.
2024-12-26 00:40:07,933 [ERROR] LogOutputStream:75 - [STDERR_REDIRECT] 
2024-12-26 00:40:08,940 [ERROR] LogOutputStream:75 - [STDERR_REDIRECT] [Fatal Error] :1:1: Premature end of file.
2024-12-26 00:40:08,940 [ERROR] LogOutputStream:75 - [STDERR_REDIRECT] 
2024-12-26 00:40:09,938 [ERROR] LogOutputStream:75 - [STDERR_REDIRECT] [Fatal Error] :1:1: Premature end of file.
2024-12-26 00:40:09,938 [ERROR] LogOutputStream:75 - [STDERR_REDIRECT] 
2024-12-26 00:40:10,939 [ERROR] LogOutputStream:75 - [STDERR_REDIRECT] [Fatal Error] :1:1: Premature end of file.
2024-12-26 00:40:10,939 [ERROR] LogOutputStream:75 - [STDERR_REDIRECT] 
2024-12-26 00:40:11,938 [ERROR] LogOutputStream:75 - [STDERR_REDIRECT] [Fatal Error] :1:1: Premature end of file.
2024-12-26 00:40:11,938 [ERROR] LogOutputStream:75 - [STDERR_REDIRECT] 
2024-12-26 00:40:12,943 [ERROR] LogOutputStream:75 - [STDERR_REDIRECT] [Fatal Error] :1:1: Premature end of file.
2024-12-26 00:40:12,943 [ERROR] LogOutputStream:75 - [STDERR_REDIRECT] 
2024-12-26 00:40:13,940 [ERROR] LogOutputStream:75 - [STDERR_REDIRECT] [Fatal Error] :1:1: Premature end of file.
2024-12-26 00:40:13,941 [ERROR] LogOutputStream:75 - [STDERR_REDIRECT] 
2024-12-26 00:40:14,936 [ERROR] LogOutputStream:75 - [STDERR_REDIRECT] [Fatal Error] :1:1: Premature end of file.
2024-12-26 00:40:14,937 [ERROR] LogOutputStream:75 - [STDERR_REDIRECT] 
2024-12-26 00:40:15,942 [ERROR] LogOutputStream:75 - [STDERR_REDIRECT] [Fatal Error] :1:1: Premature end of file.
2024-12-26 00:40:15,942 [ERROR] LogOutputStream:75 - [STDERR_REDIRECT] 
2024-12-26 00:40:16,936 [ERROR] LogOutputStream:75 - [STDERR_REDIRECT] [Fatal Error] :1:1: Premature end of file.
2024-12-26 00:40:16,936 [ERROR] LogOutputStream:75 - [STDERR_REDIRECT] 
2024-12-26 00:40:17,934 [ERROR] LogOutputStream:75 - [STDERR_REDIRECT] [Fatal Error] :1:1: Premature end of file.
2024-12-26 00:40:17,934 [ERROR] LogOutputStream:75 - [STDERR_REDIRECT] 
2024-12-26 00:40:18,933 [ERROR] LogOutputStream:75 - [STDERR_REDIRECT] [Fatal Error] :1:1: Premature end of file.
2024-12-26 00:40:18,933 [ERROR] LogOutputStream:75 - [STDERR_REDIRECT] 
2024-12-26 00:40:19,933 [ERROR] LogOutputStream:75 - [STDERR_REDIRECT] [Fatal Error] :1:1: Premature end of file.
2024-12-26 00:40:19,933 [ERROR] LogOutputStream:75 - [STDERR_REDIRECT] 
2024-12-26 00:40:20,931 [ERROR] LogOutputStream:75 - [STDERR_REDIRECT] [Fatal Error] :1:1: Premature end of file.
2024-12-26 00:40:20,931 [ERROR] LogOutputStream:75 - [STDERR_REDIRECT] 
2024-12-26 00:40:21,957 [ERROR] LogOutputStream:75 - [STDERR_REDIRECT] [Fatal Error] :1:1: Premature end of file.
2024-12-26 00:40:21,958 [ERROR] LogOutputStream:75 - [STDERR_REDIRECT] 
2024-12-26 00:40:22,937 [ERROR] LogOutputStream:75 - [STDERR_REDIRECT] [Fatal Error] :1:1: Premature end of file.
2024-12-26 00:40:22,937 [ERROR] LogOutputStream:75 - [STDERR_REDIRECT] 
2024-12-26 00:40:23,933 [ERROR] LogOutputStream:75 - [STDERR_REDIRECT] [Fatal Error] :1:1: Premature end of file.
2024-12-26 00:40:23,934 [ERROR] LogOutputStream:75 - [STDERR_REDIRECT] 
2024-12-26 00:40:24,946 [ERROR] LogOutputStream:75 - [STDERR_REDIRECT] [Fatal Error] :1:1: Premature end of file.
2024-12-26 00:40:24,946 [ERROR] LogOutputStream:75 - [STDERR_REDIRECT] 
2024-12-26 00:40:25,934 [ERROR] LogOutputStream:75 - [STDERR_REDIRECT] [Fatal Error] :1:1: Premature end of file.
2024-12-26 00:40:25,934 [ERROR] LogOutputStream:75 - [STDERR_REDIRECT] 
2024-12-26 00:40:26,942 [ERROR] LogOutputStream:75 - [STDERR_REDIRECT] [Fatal Error] :1:1: Premature end of file.
2024-12-26 00:40:26,943 [ERROR] LogOutputStream:75 - [STDERR_REDIRECT] 
2024-12-26 00:40:27,941 [ERROR] LogOutputStream:75 - [STDERR_REDIRECT] [Fatal Error] :1:1: Premature end of file.
2024-12-26 00:40:27,941 [ERROR] LogOutputStream:75 - [STDERR_REDIRECT] 
2024-12-26 00:40:28,948 [ERROR] LogOutputStream:75 - [STDERR_REDIRECT] [Fatal Error] :1:1: Premature end of file.
2024-12-26 00:40:28,949 [ERROR] LogOutputStream:75 - [STDERR_REDIRECT] 
2024-12-26 00:40:29,931 [ERROR] LogOutputStream:75 - [STDERR_REDIRECT] [Fatal Error] :1:1: Premature end of file.
2024-12-26 00:40:29,931 [ERROR] LogOutputStream:75 - [STDERR_REDIRECT] 
2024-12-26 00:40:30,930 [ERROR] LogOutputStream:75 - [STDERR_REDIRECT] [Fatal Error] :1:1: Premature end of file.
2024-12-26 00:40:30,930 [ERROR] LogOutputStream:75 - [STDERR_REDIRECT] 
2024-12-26 00:40:31,938 [ERROR] LogOutputStream:75 - [STDERR_REDIRECT] [Fatal Error] :1:1: Premature end of file.
2024-12-26 00:40:31,939 [ERROR] LogOutputStream:75 - [STDERR_REDIRECT] 
2024-12-26 00:40:32,926 [ERROR] LogOutputStream:75 - [STDERR_REDIRECT] [Fatal Error] :1:1: Premature end of file.
2024-12-26 00:40:32,926 [ERROR] LogOutputStream:75 - [STDERR_REDIRECT] 
2024-12-26 00:40:33,929 [ERROR] LogOutputStream:75 - [STDERR_REDIRECT] [Fatal Error] :1:1: Premature end of file.
2024-12-26 00:40:33,929 [ERROR] LogOutputStream:75 - [STDERR_REDIRECT] 
2024-12-26 00:40:34,928 [ERROR] LogOutputStream:75 - [STDERR_REDIRECT] [Fatal Error] :1:1: Premature end of file.
2024-12-26 00:40:34,928 [ERROR] LogOutputStream:75 - [STDERR_REDIRECT] 
2024-12-26 00:40:35,931 [ERROR] LogOutputStream:75 - [STDERR_REDIRECT] [Fatal Error] :1:1: Premature end of file.
2024-12-26 00:40:35,931 [ERROR] LogOutputStream:75 - [STDERR_REDIRECT] 
2024-12-26 00:40:36,930 [ERROR] LogOutputStream:75 - [STDERR_REDIRECT] [Fatal Error] :1:1: Premature end of file.
2024-12-26 00:40:36,930 [ERROR] LogOutputStream:75 - [STDERR_REDIRECT] 
2024-12-26 00:40:37,931 [ERROR] LogOutputStream:75 - [STDERR_REDIRECT] [Fatal Error] :1:1: Premature end of file.
2024-12-26 00:40:37,931 [ERROR] LogOutputStream:75 - [STDERR_REDIRECT] 
2024-12-26 00:40:38,928 [ERROR] LogOutputStream:75 - [STDERR_REDIRECT] [Fatal Error] :1:1: Premature end of file.
2024-12-26 00:40:38,928 [ERROR] LogOutputStream:75 - [STDERR_REDIRECT] 
2024-12-26 00:40:39,927 [ERROR] LogOutputStream:75 - [STDERR_REDIRECT] [Fatal Error] :1:1: Premature end of file.
2024-12-26 00:40:39,927 [ERROR] LogOutputStream:75 - [STDERR_REDIRECT] 
2024-12-26 00:40:40,927 [ERROR] LogOutputStream:75 - [STDERR_REDIRECT] [Fatal Error] :1:1: Premature end of file.
2024-12-26 00:40:40,927 [ERROR] LogOutputStream:75 - [STDERR_REDIRECT] 
2024-12-26 00:40:41,928 [ERROR] LogOutputStream:75 - [STDERR_REDIRECT] [Fatal Error] :1:1: Premature end of file.
2024-12-26 00:40:41,928 [ERROR] LogOutputStream:75 - [STDERR_REDIRECT] 
2024-12-26 00:40:42,927 [ERROR] LogOutputStream:75 - [STDERR_REDIRECT] [Fatal Error] :1:1: Premature end of file.
2024-12-26 00:40:42,928 [ERROR] LogOutputStream:75 - [STDERR_REDIRECT] 
2024-12-26 00:40:43,929 [ERROR] LogOutputStream:75 - [STDERR_REDIRECT] [Fatal Error] :1:1: Premature end of file.
2024-12-26 00:40:43,929 [ERROR] LogOutputStream:75 - [STDERR_REDIRECT] 
2024-12-26 00:40:44,933 [ERROR] LogOutputStream:75 - [STDERR_REDIRECT] [Fatal Error] :1:1: Premature end of file.
2024-12-26 00:40:44,934 [ERROR] LogOutputStream:75 - [STDERR_REDIRECT] 
2024-12-26 00:40:45,937 [ERROR] LogOutputStream:75 - [STDERR_REDIRECT] [Fatal Error] :1:1: Premature end of file.
2024-12-26 00:40:45,937 [ERROR] LogOutputStream:75 - [STDERR_REDIRECT] 
2024-12-26 00:40:46,933 [ERROR] LogOutputStream:75 - [STDERR_REDIRECT] [Fatal Error] :1:1: Premature end of file.
2024-12-26 00:40:46,934 [ERROR] LogOutputStream:75 - [STDERR_REDIRECT] 
2024-12-26 00:40:47,936 [ERROR] LogOutputStream:75 - [STDERR_REDIRECT] [Fatal Error] :1:1: Premature end of file.
2024-12-26 00:40:47,936 [ERROR] LogOutputStream:75 - [STDERR_REDIRECT] 
2024-12-26 00:40:48,927 [ERROR] LogOutputStream:75 - [STDERR_REDIRECT] [Fatal Error] :1:1: Premature end of file.
2024-12-26 00:40:48,927 [ERROR] LogOutputStream:75 - [STDERR_REDIRECT] 
2024-12-26 00:40:49,932 [ERROR] LogOutputStream:75 - [STDERR_REDIRECT] [Fatal Error] :1:1: Premature end of file.
2024-12-26 00:40:49,933 [ERROR] LogOutputStream:75 - [STDERR_REDIRECT] 
2024-12-26 00:40:50,929 [ERROR] LogOutputStream:75 - [STDERR_REDIRECT] [Fatal Error] :1:1: Premature end of file.
2024-12-26 00:40:50,929 [ERROR] LogOutputStream:75 - [STDERR_REDIRECT] 
2024-12-26 00:40:51,930 [ERROR] LogOutputStream:75 - [STDERR_REDIRECT] [Fatal Error] :1:1: Premature end of file.
2024-12-26 00:40:51,930 [ERROR] LogOutputStream:75 - [STDERR_REDIRECT] 
2024-12-26 00:40:52,940 [ERROR] LogOutputStream:75 - [STDERR_REDIRECT] [Fatal Error] :1:1: Premature end of file.
2024-12-26 00:40:52,941 [ERROR] LogOutputStream:75 - [STDERR_REDIRECT] 
2024-12-26 00:40:53,929 [ERROR] LogOutputStream:75 - [STDERR_REDIRECT] [Fatal Error] :1:1: Premature end of file.
2024-12-26 00:40:53,929 [ERROR] LogOutputStream:75 - [STDERR_REDIRECT] 
2024-12-26 00:40:54,927 [ERROR] LogOutputStream:75 - [STDERR_REDIRECT] [Fatal Error] :1:1: Premature end of file.
2024-12-26 00:40:54,927 [ERROR] LogOutputStream:75 - [STDERR_REDIRECT] 
2024-12-26 00:40:55,929 [ERROR] LogOutputStream:75 - [STDERR_REDIRECT] [Fatal Error] :1:1: Premature end of file.
2024-12-26 00:40:55,929 [ERROR] LogOutputStream:75 - [STDERR_REDIRECT] 
2024-12-26 00:40:56,926 [ERROR] LogOutputStream:75 - [STDERR_REDIRECT] [Fatal Error] :1:1: Premature end of file.
2024-12-26 00:40:56,926 [ERROR] LogOutputStream:75 - [STDERR_REDIRECT] 
2024-12-26 00:40:57,932 [ERROR] LogOutputStream:75 - [STDERR_REDIRECT] [Fatal Error] :1:1: Premature end of file.
2024-12-26 00:40:57,933 [ERROR] LogOutputStream:75 - [STDERR_REDIRECT] 
2024-12-26 00:40:58,928 [ERROR] LogOutputStream:75 - [STDERR_REDIRECT] [Fatal Error] :1:1: Premature end of file.
2024-12-26 00:40:58,929 [ERROR] LogOutputStream:75 - [STDERR_REDIRECT] 
2024-12-26 00:40:59,929 [ERROR] LogOutputStream:75 - [STDERR_REDIRECT] [Fatal Error] :1:1: Premature end of file.
2024-12-26 00:40:59,930 [ERROR] LogOutputStream:75 - [STDERR_REDIRECT] 
2024-12-26 00:41:00,905 [ERROR] LogOutputStream:75 - [STDERR_REDIRECT] 
2024-12-26 00:41:00,906 [ERROR] LogOutputStream:75 - [STDERR_REDIRECT] 
2024-12-26 13:23:47,830 [INFO] Activator:176 - 


2024-12-26 13:23:47,830 [INFO] Activator:177 - !SESSION log4j initialized
2024-12-26 13:23:52,846 [INFO] LogOutputStream:77 - [STDOUT_REDIRECT] 
2024-12-26 13:23:55,305 [INFO] ApplicationProperties:184 - Using Application install path: C:\ST\STM32CubeIDE_1.17.0\STM32CubeIDE\plugins\com.st.stm32cube.common.mx_6.13.0.202411220809
2024-12-26 13:23:55,319 [INFO] DbMcusXml:78 - Set database path to: C:\ST\STM32CubeIDE_1.17.0\STM32CubeIDE\plugins\com.st.stm32cube.common.mx_6.13.0.202411220809\\db\/mcu/
2024-12-26 13:23:55,319 [INFO] ApiDb:274 - Set plugin database path to: C:\ST\STM32CubeIDE_1.17.0\STM32CubeIDE\plugins\com.st.stm32cube.common.mx_6.13.0.202411220809\\db\/plugins/boardmanager/
2024-12-26 13:23:55,319 [WARN] ApiDb:259 - Overriding images path with different value:  => C:\ST\STM32CubeIDE_1.17.0\STM32CubeIDE\plugins\com.st.stm32cube.common.mx_6.13.0.202411220809\\db\/plugins/mcufinder/images/
2024-12-26 13:23:55,326 [INFO] ApiDb:250 - Set database path to: C:\Users\o1yus\.stmcufinder\plugins\mcufinder//mcu/
2024-12-26 13:23:55,328 [INFO] DbMcusAds:125 - Set database path to: C:\Users\o1yus\.stmcufinder\plugins\mcufinder//mcu/
2024-12-26 13:23:55,330 [INFO] CrossReferenceDbSqlite:203 - Set database path to: C:\Users\o1yus\.stmcufinder\plugins\mcufinder//mcu/cs/
2024-12-26 13:23:55,421 [INFO] RulesReader:64 - Compatibility file has been processed (297 Rules)
2024-12-26 13:23:55,489 [INFO] DbMcusXml:78 - Set database path to: C:\ST\STM32CubeIDE_1.17.0\STM32CubeIDE\plugins\com.st.stm32cube.common.mx_6.13.0.202411220809\\db\/mcu/
2024-12-26 13:23:55,489 [INFO] ApiDb:274 - Set plugin database path to: C:\ST\STM32CubeIDE_1.17.0\STM32CubeIDE\plugins\com.st.stm32cube.common.mx_6.13.0.202411220809\\db\/plugins/boardmanager/
2024-12-26 13:23:55,489 [INFO] ApiDb:261 - Set plugin images path to: C:\ST\STM32CubeIDE_1.17.0\STM32CubeIDE\plugins\com.st.stm32cube.common.mx_6.13.0.202411220809\\db\/plugins/mcufinder/images/
2024-12-26 13:23:55,489 [WARN] DbFile:41 - Overriding database path with different value: C:\Users\o1yus\.stmcufinder\plugins\mcufinder/ => C:\Users\o1yus\.stmcufinder\plugins\mcufinder
2024-12-26 13:23:55,489 [INFO] ApiDb:250 - Set database path to: C:\Users\o1yus\.stmcufinder\plugins\mcufinder//mcu/
2024-12-26 13:23:55,489 [WARN] DbFile:41 - Overriding database path with different value: C:\Users\o1yus\.stmcufinder\plugins\mcufinder/ => C:\Users\o1yus\.stmcufinder\plugins\mcufinder
2024-12-26 13:23:55,489 [INFO] DbMcusAds:125 - Set database path to: C:\Users\o1yus\.stmcufinder\plugins\mcufinder//mcu/
2024-12-26 13:23:55,489 [WARN] DbFile:41 - Overriding database path with different value: C:\Users\o1yus\.stmcufinder\plugins\mcufinder/ => C:\Users\o1yus\.stmcufinder\plugins\mcufinder
2024-12-26 13:23:55,489 [WARN] DbFile:41 - Overriding database path with different value: C:\Users\o1yus\.stmcufinder\plugins\mcufinder/ => C:\Users\o1yus\.stmcufinder\plugins\mcufinder
2024-12-26 13:23:55,489 [INFO] CrossReferenceDbSqlite:203 - Set database path to: C:\Users\o1yus\.stmcufinder\plugins\mcufinder//mcu/cs/
2024-12-26 13:23:55,550 [INFO] MainPanel:272 - HeapMemory: 268435456
2024-12-26 13:23:55,637 [INFO] DbMcusXml:78 - Set database path to: C:\ST\STM32CubeIDE_1.17.0\STM32CubeIDE\plugins\com.st.stm32cube.common.mx_6.13.0.202411220809\\db\/mcu/
2024-12-26 13:23:55,637 [INFO] ApiDb:274 - Set plugin database path to: C:\ST\STM32CubeIDE_1.17.0\STM32CubeIDE\plugins\com.st.stm32cube.common.mx_6.13.0.202411220809\\db\/plugins/boardmanager/
2024-12-26 13:23:55,637 [INFO] ApiDb:261 - Set plugin images path to: C:\ST\STM32CubeIDE_1.17.0\STM32CubeIDE\plugins\com.st.stm32cube.common.mx_6.13.0.202411220809\\db\/plugins/mcufinder/images/
2024-12-26 13:23:55,637 [WARN] DbFile:41 - Overriding database path with different value: C:\Users\o1yus\.stmcufinder\plugins\mcufinder/ => C:\Users\o1yus\.stmcufinder\plugins\mcufinder
2024-12-26 13:23:55,637 [INFO] ApiDb:250 - Set database path to: C:\Users\o1yus\.stmcufinder\plugins\mcufinder//mcu/
2024-12-26 13:23:55,637 [WARN] DbFile:41 - Overriding database path with different value: C:\Users\o1yus\.stmcufinder\plugins\mcufinder/ => C:\Users\o1yus\.stmcufinder\plugins\mcufinder
2024-12-26 13:23:55,637 [INFO] DbMcusAds:125 - Set database path to: C:\Users\o1yus\.stmcufinder\plugins\mcufinder//mcu/
2024-12-26 13:23:55,637 [WARN] DbFile:41 - Overriding database path with different value: C:\Users\o1yus\.stmcufinder\plugins\mcufinder/ => C:\Users\o1yus\.stmcufinder\plugins\mcufinder
2024-12-26 13:23:55,637 [WARN] DbFile:41 - Overriding database path with different value: C:\Users\o1yus\.stmcufinder\plugins\mcufinder/ => C:\Users\o1yus\.stmcufinder\plugins\mcufinder
2024-12-26 13:23:55,637 [INFO] CrossReferenceDbSqlite:203 - Set database path to: C:\Users\o1yus\.stmcufinder\plugins\mcufinder//mcu/cs/
2024-12-26 13:23:55,652 [INFO] ApplicationProperties:184 - Using Application install path: C:\ST\STM32CubeIDE_1.17.0\STM32CubeIDE\plugins\com.st.stm32cube.common.mx_6.13.0.202411220809
2024-12-26 13:23:55,654 [INFO] PluginManage:196 - Search for loadable plugins [exclusion list=, ]
2024-12-26 13:23:55,656 [INFO] PluginManage:310 - Check plugin analytics
2024-12-26 13:23:55,828 [INFO] AnalyticsPlugin:253 - Accepted Software Licenses: 
2024-12-26 13:23:55,828 [INFO] AnalyticsPlugin:255 - Accepted CMSIS Pack Licenses: 
2024-12-26 13:23:55,828 [INFO] AnalyticsPlugin:257 - Accepted Firmware Licenses: 
2024-12-26 13:23:55,834 [INFO] PluginManage:359 - Loaded plugin analytics (category:tool,tabindex:-1)
2024-12-26 13:23:55,835 [INFO] PluginManage:310 - Check plugin cadmodel
2024-12-26 13:23:55,854 [INFO] CADModel:105 - Init CAD model plugin
2024-12-26 13:23:55,855 [INFO] PluginManage:359 - Loaded plugin cadmodel (category:power,tabindex:5)
2024-12-26 13:23:55,856 [INFO] PluginManage:310 - Check plugin clock
2024-12-26 13:23:55,874 [INFO] PluginManage:359 - Loaded plugin clock (category:base,tabindex:2)
2024-12-26 13:23:55,874 [INFO] PluginManage:310 - Check plugin ddr
2024-12-26 13:23:55,877 [INFO] PluginManage:359 - Loaded plugin ddr (category:tool,tabindex:6)
2024-12-26 13:23:55,877 [INFO] PluginManage:310 - Check plugin filemanager
2024-12-26 13:23:55,996 [INFO] PluginManage:359 - Loaded plugin filemanager (category:base,tabindex:10)
2024-12-26 13:23:55,996 [INFO] PluginManage:310 - Check plugin ipmanager
2024-12-26 13:23:56,005 [INFO] PluginManage:359 - Loaded plugin ipmanager (category:base,tabindex:5)
2024-12-26 13:23:56,005 [INFO] PluginManage:310 - Check plugin lpbam
2024-12-26 13:23:56,021 [INFO] PluginManage:359 - Loaded plugin lpbam (category:base,tabindex:0)
2024-12-26 13:23:56,021 [INFO] PluginManage:310 - Check plugin memorymap
2024-12-26 13:23:56,033 [INFO] PluginManage:359 - Loaded plugin memorymap (category:base,tabindex:4)
2024-12-26 13:23:56,033 [INFO] PluginManage:310 - Check plugin pinoutandconfiguration
2024-12-26 13:23:56,055 [INFO] PluginManage:359 - Loaded plugin pinoutandconfiguration (category:base,tabindex:1)
2024-12-26 13:23:56,055 [INFO] PluginManage:310 - Check plugin pinoutconfig
2024-12-26 13:23:56,140 [WARN] SupportedApi:132 - Cannot load RTOS API schema: s4s-elt-must-match.1: The content of 'definitions' must match (annotation?, (simpleType | complexType)?, (unique | key | keyref)*)). A problem was found starting at: attribute.
2024-12-26 13:23:56,266 [INFO] PluginManage:359 - Loaded plugin pinoutconfig (category:base,tabindex:0)
2024-12-26 13:23:56,266 [INFO] PluginManage:310 - Check plugin power
2024-12-26 13:23:56,284 [INFO] PluginManage:359 - Loaded plugin power (category:power,tabindex:4)
2024-12-26 13:23:56,284 [INFO] PluginManage:310 - Check plugin projectmanager
2024-12-26 13:23:56,296 [INFO] PluginManage:359 - Loaded plugin projectmanager (category:projectmanager,tabindex:4)
2024-12-26 13:23:56,296 [INFO] PluginManage:310 - Check plugin rif
2024-12-26 13:23:56,311 [INFO] PluginManage:359 - Loaded plugin rif (category:base,tabindex:3)
2024-12-26 13:23:56,311 [INFO] PluginManage:310 - Check plugin thirdparty
2024-12-26 13:23:56,557 [INFO] PluginManage:359 - Loaded plugin thirdparty (category:base,tabindex:-1)
2024-12-26 13:23:56,557 [WARN] IntegrityCheckThread:84 - waiting for thirdparty lock release [integrity check]
2024-12-26 13:23:56,557 [INFO] IntegrityCheckThread:86 - entering critical section [integrity check]
2024-12-26 13:23:56,557 [INFO] PluginManage:310 - Check plugin tools
2024-12-26 13:23:56,557 [INFO] ThirdPartyUpdaterWithRetryManager:70 - Updater plugin not ready yet. [1/15]
2024-12-26 13:23:56,591 [INFO] PluginManage:359 - Loaded plugin tools (category:base,tabindex:7)
2024-12-26 13:23:56,591 [INFO] PluginManage:310 - Check plugin tutovideos
2024-12-26 13:23:56,765 [INFO] PluginManage:359 - Loaded plugin tutovideos (category:base,tabindex:-1)
2024-12-26 13:23:56,765 [INFO] PluginManage:310 - Check plugin updater
2024-12-26 13:23:56,783 [INFO] PluginManage:359 - Loaded plugin updater (category:base,tabindex:12)
2024-12-26 13:23:56,783 [INFO] PluginManage:310 - Check plugin userauth
2024-12-26 13:23:56,786 [INFO] UserAuth:118 - Init User Auth plugin
2024-12-26 13:23:56,786 [INFO] PluginManage:359 - Loaded plugin userauth (category:base,tabindex:14)
2024-12-26 13:23:56,786 [INFO] PluginManage:283 - PluginManage : Loaded plugins [18]
2024-12-26 13:23:56,961 [INFO] PinOutPanel:1589 - setPackage(No Configuration,No Configuration)
2024-12-26 13:23:57,035 [INFO] CADModel:165 - CPN selected for project level
2024-12-26 13:23:57,035 [INFO] CADModel:114 - Register for checkConnection events
2024-12-26 13:23:57,058 [INFO] IPUIPlugin:80 - create IPUIPlugin
2024-12-26 13:23:57,058 [INFO] PluginManager:220 - loadIPPluginJar : add adc
2024-12-26 13:23:57,091 [INFO] IPUIPlugin:80 - create IPUIPlugin
2024-12-26 13:23:57,091 [INFO] PluginManager:220 - loadIPPluginJar : add aes
2024-12-26 13:23:57,127 [INFO] IPUIPlugin:80 - create IPUIPlugin
2024-12-26 13:23:57,129 [INFO] PluginManager:220 - loadIPPluginJar : add can
2024-12-26 13:23:57,151 [INFO] IPUIPlugin:80 - create IPUIPlugin
2024-12-26 13:23:57,151 [INFO] PluginManager:220 - loadIPPluginJar : add comp
2024-12-26 13:23:57,178 [INFO] IPUIPlugin:80 - create IPUIPlugin
2024-12-26 13:23:57,178 [INFO] PluginManager:220 - loadIPPluginJar : add cryp
2024-12-26 13:23:57,189 [INFO] IPUIPlugin:80 - create IPUIPlugin
2024-12-26 13:23:57,191 [INFO] PluginManager:220 - loadIPPluginJar : add ddr_ctrl_phy
2024-12-26 13:23:57,211 [INFO] IPUIPlugin:80 - create IPUIPlugin
2024-12-26 13:23:57,211 [INFO] PluginManager:220 - loadIPPluginJar : add dfsdm
2024-12-26 13:23:57,226 [INFO] IPUIPlugin:80 - create IPUIPlugin
2024-12-26 13:23:57,226 [INFO] PluginManager:220 - loadIPPluginJar : add dma
2024-12-26 13:23:57,251 [INFO] IPUIPlugin:80 - create IPUIPlugin
2024-12-26 13:23:57,251 [INFO] PluginManager:220 - loadIPPluginJar : add dma3
2024-12-26 13:23:57,281 [INFO] IPUIPlugin:80 - create IPUIPlugin
2024-12-26 13:23:57,281 [INFO] PluginManager:220 - loadIPPluginJar : add extmemmanager
2024-12-26 13:23:57,296 [INFO] IPUIPlugin:80 - create IPUIPlugin
2024-12-26 13:23:57,296 [INFO] PluginManager:220 - loadIPPluginJar : add fatfs
2024-12-26 13:23:57,333 [INFO] IPUIPlugin:80 - create IPUIPlugin
2024-12-26 13:23:57,333 [INFO] PluginManager:220 - loadIPPluginJar : add fmc
2024-12-26 13:23:57,346 [INFO] IPUIPlugin:80 - create IPUIPlugin
2024-12-26 13:23:57,346 [INFO] PluginManager:220 - loadIPPluginJar : add freertos
2024-12-26 13:23:57,362 [INFO] IPUIPlugin:80 - create IPUIPlugin
2024-12-26 13:23:57,362 [INFO] PluginManager:220 - loadIPPluginJar : add genericplugin
2024-12-26 13:23:57,448 [INFO] IPUIPlugin:80 - create IPUIPlugin
2024-12-26 13:23:57,448 [INFO] PluginManager:220 - loadIPPluginJar : add gfxmmu
2024-12-26 13:23:57,532 [INFO] IPUIPlugin:80 - create IPUIPlugin
2024-12-26 13:23:57,532 [INFO] PluginManager:220 - loadIPPluginJar : add gic
2024-12-26 13:23:57,548 [INFO] IPUIPlugin:80 - create IPUIPlugin
2024-12-26 13:23:57,548 [INFO] PluginManager:220 - loadIPPluginJar : add gpio
2024-12-26 13:23:57,615 [INFO] IPUIPlugin:80 - create IPUIPlugin
2024-12-26 13:23:57,615 [INFO] PluginManager:220 - loadIPPluginJar : add gtzc
2024-12-26 13:23:57,636 [INFO] IPUIPlugin:80 - create IPUIPlugin
2024-12-26 13:23:57,636 [INFO] PluginManager:220 - loadIPPluginJar : add hash
2024-12-26 13:23:57,668 [INFO] IPUIPlugin:80 - create IPUIPlugin
2024-12-26 13:23:57,668 [INFO] PluginManager:220 - loadIPPluginJar : add i2c
2024-12-26 13:23:57,700 [INFO] IPUIPlugin:80 - create IPUIPlugin
2024-12-26 13:23:57,700 [INFO] PluginManager:220 - loadIPPluginJar : add i2s
2024-12-26 13:23:57,728 [INFO] IPUIPlugin:80 - create IPUIPlugin
2024-12-26 13:23:57,728 [INFO] PluginManager:220 - loadIPPluginJar : add i3c
2024-12-26 13:23:57,796 [INFO] IPUIPlugin:80 - create IPUIPlugin
2024-12-26 13:23:57,796 [INFO] PluginManager:220 - loadIPPluginJar : add ipddr
2024-12-26 13:23:57,859 [INFO] IPUIPlugin:80 - create IPUIPlugin
2024-12-26 13:23:57,859 [INFO] PluginManager:220 - loadIPPluginJar : add linkedlist
2024-12-26 13:23:57,894 [INFO] IPUIPlugin:80 - create IPUIPlugin
2024-12-26 13:23:57,894 [INFO] PluginManager:220 - loadIPPluginJar : add lorawan
2024-12-26 13:23:57,922 [INFO] IPUIPlugin:80 - create IPUIPlugin
2024-12-26 13:23:57,922 [INFO] PluginManager:220 - loadIPPluginJar : add ltdc
2024-12-26 13:23:57,933 [INFO] IPUIPlugin:80 - create IPUIPlugin
2024-12-26 13:23:57,933 [INFO] PluginManager:220 - loadIPPluginJar : add mdma
2024-12-26 13:23:57,942 [INFO] IPUIPlugin:80 - create IPUIPlugin
2024-12-26 13:23:57,942 [INFO] PluginManager:220 - loadIPPluginJar : add nvic
2024-12-26 13:23:57,969 [INFO] IPUIPlugin:80 - create IPUIPlugin
2024-12-26 13:23:57,969 [INFO] PluginManager:220 - loadIPPluginJar : add opamp
2024-12-26 13:23:58,012 [INFO] IPUIPlugin:80 - create IPUIPlugin
2024-12-26 13:23:58,012 [INFO] PluginManager:220 - loadIPPluginJar : add openamp
2024-12-26 13:23:58,045 [INFO] IPUIPlugin:80 - create IPUIPlugin
2024-12-26 13:23:58,045 [INFO] PluginManager:220 - loadIPPluginJar : add pdm2pcm
2024-12-26 13:23:58,048 [INFO] IPUIPlugin:80 - create IPUIPlugin
2024-12-26 13:23:58,048 [INFO] PluginManager:220 - loadIPPluginJar : add plateformsettings
2024-12-26 13:23:58,065 [INFO] IPUIPlugin:80 - create IPUIPlugin
2024-12-26 13:23:58,065 [INFO] PluginManager:220 - loadIPPluginJar : add quadspi
2024-12-26 13:23:58,091 [INFO] IPUIPlugin:80 - create IPUIPlugin
2024-12-26 13:23:58,091 [INFO] PluginManager:220 - loadIPPluginJar : add radio
2024-12-26 13:23:58,096 [INFO] IPUIPlugin:80 - create IPUIPlugin
2024-12-26 13:23:58,096 [INFO] PluginManager:220 - loadIPPluginJar : add resmgrutility
2024-12-26 13:23:58,129 [INFO] IPUIPlugin:80 - create IPUIPlugin
2024-12-26 13:23:58,129 [INFO] PluginManager:220 - loadIPPluginJar : add sai
2024-12-26 13:23:58,144 [INFO] IPUIPlugin:80 - create IPUIPlugin
2024-12-26 13:23:58,144 [INFO] PluginManager:220 - loadIPPluginJar : add spi
2024-12-26 13:23:58,191 [INFO] IPUIPlugin:80 - create IPUIPlugin
2024-12-26 13:23:58,191 [INFO] PluginManager:220 - loadIPPluginJar : add stm32_wpan
2024-12-26 13:23:58,209 [INFO] IPUIPlugin:80 - create IPUIPlugin
2024-12-26 13:23:58,224 [INFO] PluginManager:220 - loadIPPluginJar : add tim
2024-12-26 13:23:58,256 [INFO] IPUIPlugin:80 - create IPUIPlugin
2024-12-26 13:23:58,256 [INFO] PluginManager:220 - loadIPPluginJar : add touchsensing
2024-12-26 13:23:58,281 [INFO] IPUIPlugin:80 - create IPUIPlugin
2024-12-26 13:23:58,281 [INFO] PluginManager:220 - loadIPPluginJar : add tracer_emb
2024-12-26 13:23:58,298 [INFO] IPUIPlugin:80 - create IPUIPlugin
2024-12-26 13:23:58,298 [INFO] PluginManager:220 - loadIPPluginJar : add ts
2024-12-26 13:23:58,315 [INFO] IPUIPlugin:80 - create IPUIPlugin
2024-12-26 13:23:58,315 [INFO] PluginManager:220 - loadIPPluginJar : add tsc
2024-12-26 13:23:58,331 [INFO] IPUIPlugin:80 - create IPUIPlugin
2024-12-26 13:23:58,331 [INFO] PluginManager:220 - loadIPPluginJar : add ucpd
2024-12-26 13:23:58,362 [INFO] IPUIPlugin:80 - create IPUIPlugin
2024-12-26 13:23:58,362 [INFO] PluginManager:220 - loadIPPluginJar : add usart
2024-12-26 13:23:58,394 [INFO] IPUIPlugin:80 - create IPUIPlugin
2024-12-26 13:23:58,394 [INFO] PluginManager:220 - loadIPPluginJar : add usbx
2024-12-26 13:23:58,509 [FATAL] Updater:351 - Updater called before beeing initialized
2024-12-26 13:23:58,529 [INFO] RulesReader:64 - Compatibility file has been processed (297 Rules)
2024-12-26 13:23:58,538 [INFO] RulesReader:64 - Compatibility file has been processed (297 Rules)
2024-12-26 13:23:58,550 [INFO] CADModel:165 - CPN selected for project level
2024-12-26 13:23:58,550 [INFO] CADModel:114 - Register for checkConnection events
2024-12-26 13:23:58,550 [FATAL] Updater:351 - Updater called before beeing initialized
2024-12-26 13:23:58,550 [ERROR] CADModel:125 - Updater not yet initialized, retry later 
2024-12-26 13:23:58,693 [FATAL] Updater:351 - Updater called before beeing initialized
2024-12-26 13:23:58,710 [INFO] CADModel:165 - CPN selected for project level
2024-12-26 13:23:58,710 [INFO] CADModel:114 - Register for checkConnection events
2024-12-26 13:23:58,710 [FATAL] Updater:351 - Updater called before beeing initialized
2024-12-26 13:23:58,710 [ERROR] CADModel:125 - Updater not yet initialized, retry later 
2024-12-26 13:23:58,710 [FATAL] Updater:351 - Updater called before beeing initialized
2024-12-26 13:23:58,789 [FATAL] Updater:351 - Updater called before beeing initialized
2024-12-26 13:23:58,798 [INFO] DbMcusAds:53 - JSON generation date=Tue Dec 17 19:01:15 TRT 2024 (1734451275196)
2024-12-26 13:23:58,798 [FATAL] Updater:351 - Updater called before beeing initialized
2024-12-26 13:23:58,825 [WARN] DetailPanel:346 - Failed to get advertising image, set to default
2024-12-26 13:23:58,963 [FATAL] Updater:351 - Updater called before beeing initialized
2024-12-26 13:23:58,966 [FATAL] Updater:351 - Updater called before beeing initialized
2024-12-26 13:23:58,966 [FATAL] Updater:351 - Updater called before beeing initialized
2024-12-26 13:23:58,966 [WARN] DetailPanel:346 - Failed to get advertising image, set to default
2024-12-26 13:23:58,967 [FATAL] Updater:351 - Updater called before beeing initialized
2024-12-26 13:23:59,010 [ERROR] Updater:1198 - MainUpdater not yet initialized. External WinMGr cannot be set.
2024-12-26 13:23:59,017 [INFO] Updater:1134 - Updater Version found : 6.13.0
2024-12-26 13:23:59,035 [INFO] ApplicationProperties:184 - Using Application install path: C:\ST\STM32CubeIDE_1.17.0\STM32CubeIDE\plugins\com.st.stm32cube.common.mx_6.13.0.202411220809
2024-12-26 13:23:59,567 [INFO] ThirdPartyUpdaterWithRetryManager:70 - Updater plugin not ready yet. [2/15]
2024-12-26 13:24:00,677 [ERROR] LogOutputStream:75 - [STDERR_REDIRECT] Dec 26, 2024 1:24:00 PM java.util.prefs.WindowsPreferences <init>
2024-12-26 13:24:00,677 [ERROR] LogOutputStream:75 - [STDERR_REDIRECT] WARNING: Could not open/create prefs root node Software\JavaSoft\Prefs at root 0xffffffff80000002. Windows RegCreateKeyEx(...) returned error code 5.
2024-12-26 13:24:00,677 [ERROR] LogOutputStream:75 - [STDERR_REDIRECT] 
2024-12-26 13:24:02,569 [FATAL] Updater:351 - Updater called before beeing initialized
2024-12-26 13:24:02,569 [ERROR] IntegrityCheckThread:130 - Cannot retrieve database content from updater: error 21
2024-12-26 13:24:02,569 [INFO] ThirdParty:978 - Integrity check success = false
2024-12-26 13:24:02,569 [INFO] IntegrityCheckThread:100 - exiting critical section [integrity check]
2024-12-26 13:24:02,569 [INFO] IntegrityCheckThread:103 - End integrity checks thread
2024-12-26 13:24:03,101 [INFO] MainUpdater:2872 - connection check result : 10
2024-12-26 13:24:03,101 [INFO] MainUpdater:289 - Updater Check For Update Now.
2024-12-26 13:24:03,101 [INFO] MicroXplorer:498 - Change Database Version : DB.6.0.130
2024-12-26 13:24:03,117 [INFO] McuFinderGlobals:63 - Set McuFinder mode to 2 (CubeIDE integrated)
2024-12-26 13:24:03,117 [INFO] UserAuth:171 - activating auth plugin
2024-12-26 13:24:03,121 [INFO] UserAuth:486 - Internet connection configuration mode: 1
2024-12-26 13:24:03,155 [INFO] JxBrowserEngine:152 - Initiate JxBrowser Engine with user profile folder
2024-12-26 13:24:03,375 [INFO] CheckServerUpdateThread:120 - End of CheckServer Thread
2024-12-26 13:24:03,919 [INFO] WebApp:168 - Instantiating new browser for Auth
2024-12-26 13:24:04,467 [INFO] WebApp:449 - Apply proxy settings
2024-12-26 13:24:04,468 [INFO] WebApp:534 - Chromium requires no authentication
2024-12-26 13:24:04,477 [INFO] WebApp:477 - Direct internet connection detected
2024-12-26 13:24:04,488 [INFO] WebApp:880 - Register for checkConnection events
2024-12-26 13:24:04,488 [INFO] WebApp:449 - Apply proxy settings
2024-12-26 13:24:04,488 [INFO] WebApp:534 - Chromium requires no authentication
2024-12-26 13:24:04,488 [INFO] WebApp:477 - Direct internet connection detected
2024-12-26 13:24:04,642 [INFO] WebApp:221 - Starting web application
2024-12-26 13:24:04,642 [INFO] WebApp:579 - Web application path used C:\ST\STM32CubeIDE_1.17.0\STM32CubeIDE\plugins\com.st.stm32cube.common.mx_6.13.0.202411220809\db\plugins\mcufinder\reactClient1\index.html
2024-12-26 13:24:04,995 [ERROR] LogOutputStream:75 - [STDERR_REDIRECT] [Fatal Error] :1:1: Premature end of file.
2024-12-26 13:24:04,995 [ERROR] LogOutputStream:75 - [STDERR_REDIRECT] 
2024-12-26 13:24:05,952 [ERROR] LogOutputStream:75 - [STDERR_REDIRECT] [Fatal Error] :1:1: Premature end of file.
2024-12-26 13:24:05,952 [ERROR] LogOutputStream:75 - [STDERR_REDIRECT] 
2024-12-26 13:24:06,958 [ERROR] LogOutputStream:75 - [STDERR_REDIRECT] [Fatal Error] :1:1: Premature end of file.
2024-12-26 13:24:06,958 [ERROR] LogOutputStream:75 - [STDERR_REDIRECT] 
2024-12-26 13:24:07,956 [ERROR] LogOutputStream:75 - [STDERR_REDIRECT] [Fatal Error] :1:1: Premature end of file.
2024-12-26 13:24:07,956 [ERROR] LogOutputStream:75 - [STDERR_REDIRECT] 
2024-12-26 13:24:08,008 [INFO] WebApp:187 - Connection restablished
2024-12-26 13:24:08,952 [ERROR] LogOutputStream:75 - [STDERR_REDIRECT] [Fatal Error] :1:1: Premature end of file.
2024-12-26 13:24:08,952 [ERROR] LogOutputStream:75 - [STDERR_REDIRECT] 
2024-12-26 13:24:09,962 [ERROR] LogOutputStream:75 - [STDERR_REDIRECT] [Fatal Error] :1:1: Premature end of file.
2024-12-26 13:24:09,962 [ERROR] LogOutputStream:75 - [STDERR_REDIRECT] 
2024-12-26 13:24:10,961 [ERROR] LogOutputStream:75 - [STDERR_REDIRECT] [Fatal Error] :1:1: Premature end of file.
2024-12-26 13:24:10,961 [ERROR] LogOutputStream:75 - [STDERR_REDIRECT] 
2024-12-26 13:24:11,958 [ERROR] LogOutputStream:75 - [STDERR_REDIRECT] [Fatal Error] :1:1: Premature end of file.
2024-12-26 13:24:11,958 [ERROR] LogOutputStream:75 - [STDERR_REDIRECT] 
2024-12-26 13:24:12,952 [ERROR] LogOutputStream:75 - [STDERR_REDIRECT] [Fatal Error] :1:1: Premature end of file.
2024-12-26 13:24:12,952 [ERROR] LogOutputStream:75 - [STDERR_REDIRECT] 
2024-12-26 13:24:13,962 [ERROR] LogOutputStream:75 - [STDERR_REDIRECT] [Fatal Error] :1:1: Premature end of file.
2024-12-26 13:24:13,962 [ERROR] LogOutputStream:75 - [STDERR_REDIRECT] 
2024-12-26 13:24:14,966 [ERROR] LogOutputStream:75 - [STDERR_REDIRECT] [Fatal Error] :1:1: Premature end of file.
2024-12-26 13:24:14,966 [ERROR] LogOutputStream:75 - [STDERR_REDIRECT] 
2024-12-26 13:24:15,961 [ERROR] LogOutputStream:75 - [STDERR_REDIRECT] [Fatal Error] :1:1: Premature end of file.
2024-12-26 13:24:15,961 [ERROR] LogOutputStream:75 - [STDERR_REDIRECT] 
2024-12-26 13:24:16,955 [ERROR] LogOutputStream:75 - [STDERR_REDIRECT] [Fatal Error] :1:1: Premature end of file.
2024-12-26 13:24:16,955 [ERROR] LogOutputStream:75 - [STDERR_REDIRECT] 
2024-12-26 13:24:17,957 [ERROR] LogOutputStream:75 - [STDERR_REDIRECT] [Fatal Error] :1:1: Premature end of file.
2024-12-26 13:24:17,957 [ERROR] LogOutputStream:75 - [STDERR_REDIRECT] 
2024-12-26 13:24:18,962 [ERROR] LogOutputStream:75 - [STDERR_REDIRECT] [Fatal Error] :1:1: Premature end of file.
2024-12-26 13:24:18,962 [ERROR] LogOutputStream:75 - [STDERR_REDIRECT] 
2024-12-26 13:24:19,957 [ERROR] LogOutputStream:75 - [STDERR_REDIRECT] [Fatal Error] :1:1: Premature end of file.
2024-12-26 13:24:19,957 [ERROR] LogOutputStream:75 - [STDERR_REDIRECT] 
2024-12-26 13:24:20,959 [ERROR] LogOutputStream:75 - [STDERR_REDIRECT] [Fatal Error] :1:1: Premature end of file.
2024-12-26 13:24:20,959 [ERROR] LogOutputStream:75 - [STDERR_REDIRECT] 
2024-12-26 13:24:21,971 [ERROR] LogOutputStream:75 - [STDERR_REDIRECT] [Fatal Error] :1:1: Premature end of file.
2024-12-26 13:24:21,971 [ERROR] LogOutputStream:75 - [STDERR_REDIRECT] 
2024-12-26 13:24:22,959 [ERROR] LogOutputStream:75 - [STDERR_REDIRECT] [Fatal Error] :1:1: Premature end of file.
2024-12-26 13:24:22,959 [ERROR] LogOutputStream:75 - [STDERR_REDIRECT] 
2024-12-26 13:24:23,961 [ERROR] LogOutputStream:75 - [STDERR_REDIRECT] [Fatal Error] :1:1: Premature end of file.
2024-12-26 13:24:23,961 [ERROR] LogOutputStream:75 - [STDERR_REDIRECT] 
2024-12-26 13:24:24,967 [ERROR] LogOutputStream:75 - [STDERR_REDIRECT] [Fatal Error] :1:1: Premature end of file.
2024-12-26 13:24:24,967 [ERROR] LogOutputStream:75 - [STDERR_REDIRECT] 
2024-12-26 13:24:25,962 [ERROR] LogOutputStream:75 - [STDERR_REDIRECT] [Fatal Error] :1:1: Premature end of file.
2024-12-26 13:24:25,962 [ERROR] LogOutputStream:75 - [STDERR_REDIRECT] 
2024-12-26 13:24:26,245 [INFO] McuFinderGlobals:63 - Set McuFinder mode to 2 (CubeIDE integrated)
2024-12-26 13:24:26,261 [INFO] MainUpdater:2872 - connection check result : 10
2024-12-26 13:24:26,293 [INFO] McuFinderGlobals:76 - Set McuFinderConnectedMode to true
2024-12-26 13:24:26,878 [INFO] ServerAccessManage:473 - Download File mcusAds.json._tmp_
2024-12-26 13:24:26,988 [ERROR] LogOutputStream:75 - [STDERR_REDIRECT] [Fatal Error] :1:1: Premature end of file.
2024-12-26 13:24:26,989 [ERROR] LogOutputStream:75 - [STDERR_REDIRECT] 
2024-12-26 13:24:26,994 [INFO] LoadUrlFilesThread:156 - End of LoadUrlFiles Thread
2024-12-26 13:24:27,946 [ERROR] LogOutputStream:75 - [STDERR_REDIRECT] [Fatal Error] :1:1: Premature end of file.
2024-12-26 13:24:27,946 [ERROR] LogOutputStream:75 - [STDERR_REDIRECT] 
2024-12-26 13:24:28,796 [INFO] ServerAccessManage:473 - Download File cube-finder-db.zip
2024-12-26 13:24:28,962 [ERROR] LogOutputStream:75 - [STDERR_REDIRECT] [Fatal Error] :1:1: Premature end of file.
2024-12-26 13:24:28,962 [ERROR] LogOutputStream:75 - [STDERR_REDIRECT] 
2024-12-26 13:24:29,954 [ERROR] LogOutputStream:75 - [STDERR_REDIRECT] [Fatal Error] :1:1: Premature end of file.
2024-12-26 13:24:29,954 [ERROR] LogOutputStream:75 - [STDERR_REDIRECT] 
2024-12-26 13:24:30,954 [ERROR] LogOutputStream:75 - [STDERR_REDIRECT] [Fatal Error] :1:1: Premature end of file.
2024-12-26 13:24:30,954 [ERROR] LogOutputStream:75 - [STDERR_REDIRECT] 
2024-12-26 13:24:31,953 [ERROR] LogOutputStream:75 - [STDERR_REDIRECT] [Fatal Error] :1:1: Premature end of file.
2024-12-26 13:24:31,953 [ERROR] LogOutputStream:75 - [STDERR_REDIRECT] 
2024-12-26 13:24:32,955 [ERROR] LogOutputStream:75 - [STDERR_REDIRECT] [Fatal Error] :1:1: Premature end of file.
2024-12-26 13:24:32,955 [ERROR] LogOutputStream:75 - [STDERR_REDIRECT] 
2024-12-26 13:24:33,956 [ERROR] LogOutputStream:75 - [STDERR_REDIRECT] [Fatal Error] :1:1: Premature end of file.
2024-12-26 13:24:33,957 [ERROR] LogOutputStream:75 - [STDERR_REDIRECT] 
2024-12-26 13:24:34,952 [ERROR] LogOutputStream:75 - [STDERR_REDIRECT] [Fatal Error] :1:1: Premature end of file.
2024-12-26 13:24:34,952 [ERROR] LogOutputStream:75 - [STDERR_REDIRECT] 
2024-12-26 13:24:35,499 [ERROR] ServerAccessManage:651 - User Cancel Download : cube-finder-db.zip.
2024-12-26 13:24:35,603 [INFO] LoadUrlFilesThread:156 - End of LoadUrlFiles Thread
2024-12-26 13:24:35,953 [ERROR] LogOutputStream:75 - [STDERR_REDIRECT] [Fatal Error] :1:1: Premature end of file.
2024-12-26 13:24:35,953 [ERROR] LogOutputStream:75 - [STDERR_REDIRECT] 
2024-12-26 13:24:36,474 [INFO] DbMcusAds:53 - JSON generation date=Tue Dec 17 19:01:15 TRT 2024 (1734451275222)
2024-12-26 13:24:36,493 [ERROR] TargetSelectorAdapter:267 - Unable to refresh data
2024-12-26 13:24:36,835 [INFO] ApiDb:581 - Connected to CubeFinder SQLite database (C:\Users\o1yus\.stmcufinder\plugins\mcufinder\mcu\cube-finder-db.db)
2024-12-26 13:24:36,891 [INFO] ApiDb:668 - CubeFinder database Data Model version=2.1
2024-12-26 13:24:36,891 [INFO] ApiDb:669 - CubeFinder database Configuration version=3.0.39
2024-12-26 13:24:36,891 [INFO] ApiDb:670 - CubeFinder database generation date=2024-11-21 (1732182206)
2024-12-26 13:24:36,891 [INFO] ApiDb:671 - CubeFinder database FW Pack versions=[FP-ATR-ASTRA1_V2.0.0, FP-SNS-FLIGHT1_V5.0.2, FP-SNS-MOTENV1_V5.0.0, FP-SNS-MOTENVWB1_V1.4.0, FP-SNS-SMARTAG2_V1.2.0, FP-SNS-STBOX1_V2.0.0, STM32Cube_FW_C0_V1.3.0, STM32Cube_FW_F4_V1.28.1, STM32Cube_FW_F7_V1.17.2, STM32Cube_FW_G0_V1.6.2, STM32Cube_FW_G4_V1.6.1, STM32Cube_FW_H5_V1.4.0, STM32Cube_FW_H7RS_V1.1.0, STM32Cube_FW_H7_V1.12.0, STM32Cube_FW_L0_V1.12.2, STM32Cube_FW_L4_V1.18.1, STM32Cube_FW_L5_V1.5.1, STM32Cube_FW_N6_V1.0.0, STM32Cube_FW_U0_V1.2.0, STM32Cube_FW_U3_V1.0.0, STM32Cube_FW_U5_V1.7.0, STM32Cube_FW_WB0_V1.1.0, STM32Cube_FW_WBA_V1.5.0, STM32Cube_FW_WB_V1.21.0, STM32Cube_FW_WL3_V1.0.0, STM32Cube_FW_WL_V1.3.0, X-CUBE-ALGOBUILD_V1.4.0, X-CUBE-ALS_V1.0.2, X-CUBE-AZRTOS-F4_V1.1.0, X-CUBE-AZRTOS-F7_V1.1.0, X-CUBE-AZRTOS-G0_V1.1.0, X-CUBE-AZRTOS-G4_V2.0.0, X-CUBE-AZRTOS-H7RS_V1.0.0, X-CUBE-AZRTOS-H7_V3.3.0, X-CUBE-AZRTOS-L4_V2.0.0, X-CUBE-AZRTOS-L5_V2.0.0, X-CUBE-AZRTOS-WB_V2.0.0, X-CUBE-AZRTOS-WL_V2.0.0, X-CUBE-BLE1_V7.0.0, X-CUBE-BLE2_V3.3.0, X-CUBE-BLEMGR_V3.1.0, X-CUBE-EEPRMA1_V5.1.0, X-CUBE-FREERTOS_V1.2.0, X-CUBE-GNSS1_V6.0.0, X-CUBE-MEMS1_V11.0.0, X-CUBE-NFC4_V3.0.0, X-CUBE-NFC7_V1.0.1, X-CUBE-SFXS2LP1_V4.0.0, X-CUBE-SUBG2_V5.0.0, X-CUBE-TOF1_V3.4.2]
2024-12-26 13:24:36,950 [ERROR] LogOutputStream:75 - [STDERR_REDIRECT] [Fatal Error] :1:1: Premature end of file.
2024-12-26 13:24:36,950 [ERROR] LogOutputStream:75 - [STDERR_REDIRECT] 
2024-12-26 13:24:36,985 [INFO] DbBoardsSqlite:226 - include board P-NUCLEO-WB55-NUCLEO as a kit item of type 'Nucleo-64'
2024-12-26 13:24:36,985 [INFO] DbBoardsSqlite:226 - include board P-NUCLEO-WB55-USBDONGLE as a kit item of type 'Nucleo USB Dongle'
2024-12-26 13:24:36,985 [INFO] DbBoardsSqlite:226 - include board STEVAL-IDP005V1 as a kit item of type 'Evaluation Board'
2024-12-26 13:24:36,986 [INFO] DbBoardsSqlite:226 - include board STEVAL-IDP005V2 as a kit item of type 'Evaluation Board'
2024-12-26 13:24:37,358 [INFO] ApiDb:240 - Found 858 in-development CPN: [B-G473E-ZEST1S, B-WB1M-WPAN1, B-WBA5M-WPAN, B-WL5M-SUBG1, NUCLEO-C031C6, NUCLEO-C051C8, NUCLEO-C071RB, NUCLEO-C092RC, NUCLEO-H503RB, NUCLEO-H533RE, NUCLEO-H563ZI, NUCLEO-H7S3L8, NUCLEO-N657X0-Q, NUCLEO-U031R8, NUCLEO-U083RC, NUCLEO-U385RG-Q, NUCLEO-U545RE-Q, NUCLEO-U5A5ZJ-Q, NUCLEO-WB05KZ, NUCLEO-WB07CC, NUCLEO-WB09KE, NUCLEO-WBA52CG, NUCLEO-WBA55CG, NUCLEO-WL33CC1, NUCLEO-WL33CC2, STEVAL-PROTEUS1, STEVAL-SMARTAG2, STEVAL-STWINBX1, STM320518-EVAL, STM32C0116-DK, STM32C011D6Y3TR, STM32C011D6Y6TR, STM32C011F4P3, STM32C011F4P6, STM32C011F4U3, STM32C011F4U6TR, STM32C011F6P3, STM32C011F6P6, STM32C011F6U3, STM32C011F6U6TR, STM32C011J4M3, STM32C011J4M6, STM32C011J6M3, STM32C011J6M6, STM32C0316-DK, STM32C031C4T3, STM32C031C4T6, STM32C031C4U3, STM32C031C4U6, STM32C031C6T3, STM32C031C6T6, STM32C031C6U3, STM32C031C6U6, STM32C031F4P3, STM32C031F4P6, STM32C031F6P3, STM32C031F6P6, STM32C031G4U3, STM32C031G4U6, STM32C031G6U3, STM32C031G6U6, STM32C031K4T3, STM32C031K4T6, STM32C031K4U3, STM32C031K4U6, STM32C031K6T3, STM32C031K6T6, STM32C031K6U3, STM32C031K6U6, STM32C051C6T6, STM32C051C6U6, STM32C051C8T6, STM32C051C8U6, STM32C051D8Y6TR, STM32C051F6P6, STM32C051F8P6, STM32C051G6U6, STM32C051G8U6, STM32C051K6T6, STM32C051K6U6, STM32C051K8T6, STM32C071C8T6, STM32C071C8T6N, STM32C071C8U6, STM32C071C8U6N, STM32C071CBT6, STM32C071CBT6N, STM32C071CBU6, STM32C071CBU6N, STM32C071F8P6, STM32C071F8P6N, STM32C071FBP6, STM32C071FBP6N, STM32C071FBY6TR, STM32C071G8U6, STM32C071G8U6N, STM32C071GBU6, STM32C071GBU6N, STM32C071K8T6, STM32C071K8T6N, STM32C071K8U6, STM32C071K8U6N, STM32C071KBT6, STM32C071KBT6N, STM32C071KBU6, STM32C071KBU6N, STM32C071R8T6, STM32C071R8T6N, STM32C071RBI6N, STM32C071RBT6, STM32C071RBT6N, STM32C091CBT6, STM32C091CBU6, STM32C091CCT6, STM32C091CCU6, STM32C091ECY6TR, STM32C091FBP6, STM32C091FCP6, STM32C091GBU6, STM32C091GCU6, STM32C091KBT6, STM32C091KBU6, STM32C091KCT6, STM32C091KCU6, STM32C091RBT6, STM32C091RCI6, STM32C091RCT6, STM32C092CBT6, STM32C092CBU6, STM32C092CCT6, STM32C092CCU6, STM32C092ECY6TR, STM32C092FBP6, STM32C092FCP6, STM32C092GBU6, STM32C092GCU6, STM32C092KBT6, STM32C092KBU6, STM32C092KCT6, STM32C092KCU6, STM32C092RBT6, STM32C092RCI6, STM32C092RCT6, STM32G071K8TXN, STM32G071K8UXN, STM32G081GBU6N, STM32G081KBT6N, STM32G081KBUXN, STM32G0B1CCT6N, STM32G0B1KCT6, STM32G0B1NEY6TR, STM32G0B1RCT6N, STM32G0C1CCT6, STM32G0C1CCT6N, STM32G0C1CCU6N, STM32G0C1CET6N, STM32G0C1CEU6N, STM32G0C1KCT6, STM32G0C1NEY6TR, STM32G0C1RCI6N, STM32G0C1RCT6N, STM32G0C1REI6N, STM32G0C1RET6N, STM32G0C1VCI6, STM32G0C1VEI6, STM32G411C6T3, STM32G411C6T6, STM32G411C6U3, STM32G411C6U6, STM32G411C8T3, STM32G411C8T6, STM32G411C8U3, STM32G411C8U6, STM32G411CBT3, STM32G411CBT6, STM32G411CBU3, STM32G411CBU6, STM32G411CCT3, STM32G411CCT6, STM32G411CCU3, STM32G411CCU6, STM32G411K6T3, STM32G411K6T6, STM32G411K6U3, STM32G411K6U6, STM32G411K8T3, STM32G411K8T6, STM32G411K8U3, STM32G411K8U6, STM32G411KBT3, STM32G411KBT6, STM32G411KBU3, STM32G411KBU6, STM32G411M6T3, STM32G411M6T6, STM32G411M8T3, STM32G411M8T6, STM32G411MBT3, STM32G411MBT6, STM32G411MCT3, STM32G411MCT6, STM32G411R6T3, STM32G411R6T6, STM32G411R8T3, STM32G411R8T6, STM32G411RBT3, STM32G411RBT6, STM32G411RCT3, STM32G411RCT6, STM32G414CBT3, STM32G414CBT6, STM32G414CBU3, STM32G414CBU6, STM32G414CCT3, STM32G414CCT6, STM32G414CCU3, STM32G414CCU6, STM32G414MBT3, STM32G414MBT6, STM32G414MCT3, STM32G414MCT6, STM32G414RBT3, STM32G414RBT6, STM32G414RCT3, STM32G414RCT6, STM32G414VBT3, STM32G414VBT6, STM32G414VCT3, STM32G414VCT6, STM32G431CBT3Z, STM32G431RBT3Z, STM32G471CCT6, STM32G471CCU6, STM32G471CET3, STM32G471CET6, STM32G471CEU3, STM32G471CEU6, STM32G471MCT6, STM32G471MET3, STM32G471MET6, STM32G471MEY6TR, STM32G471QCT6, STM32G471QET3, STM32G471RCT6, STM32G471RET3, STM32G471RET6, STM32G471VCH6, STM32G471VCI6, STM32G471VCT6, STM32G471VEH3, STM32G471VEH6, STM32G471VEI3, STM32G471VEI6, STM32G471VET3, STM32G471VET6, STM32G473QET3Z, STM32G473RET3Z, STM32G474CCT6, STM32G491RET3Z, STM32H503CBT6, STM32H503CBU6, STM32H503EBY6TR, STM32H503KBU6, STM32H503RBT6, STM32H523CCT6, STM32H523CCU6, STM32H523CET6, STM32H523CEU6, STM32H523HEY6TR, STM32H523RCT6, STM32H523RET6, STM32H523VCI6, STM32H523VCT6, STM32H523VEI6, STM32H523VET6, STM32H523ZCJ6, STM32H523ZCT6, STM32H523ZEJ6, STM32H523ZET6, STM32H533CET6, STM32H533CEU6, STM32H533HEY6TR, STM32H533RET6, STM32H533VEI6, STM32H533VET6, STM32H533ZEJ6, STM32H533ZET6, STM32H562AGI6, STM32H562AII6, STM32H562IGK6, STM32H562IGT6, STM32H562IIK6, STM32H562IIT6, STM32H562RGT6, STM32H562RGV6, STM32H562RIT6, STM32H562RIV6, STM32H562VGT6, STM32H562VIT6, STM32H562ZGT6, STM32H562ZIT6, STM32H563AGI6, STM32H563AII3Q, STM32H563AII6, STM32H563IGK6, STM32H563IGT6, STM32H563IIK3Q, STM32H563IIK6, STM32H563IIT3Q, STM32H563IIT6, STM32H563MIY3QTR, STM32H563RGT6, STM32H563RGV6, STM32H563RIT6, STM32H563RIV6, STM32H563VGT6, STM32H563VIT3Q, STM32H563VIT6, STM32H563ZGT6, STM32H563ZIT3Q, STM32H563ZIT6, STM32H573AII3Q, STM32H573AII6, STM32H573I-DK, STM32H573IIK3Q, STM32H573IIK6, STM32H573IIT3Q, STM32H573IIT6, STM32H573MIY3QTR, STM32H573RIT6, STM32H573RIV6, STM32H573VIT3Q, STM32H573VIT6, STM32H573ZIT3Q, STM32H573ZIT6, STM32H7R3A8I6, STM32H7R3I8K6, STM32H7R3I8T6, STM32H7R3L8H6, STM32H7R3L8H6H, STM32H7R3R8V6, STM32H7R3V8H6, STM32H7R3V8T6, STM32H7R3V8Y6TR, STM32H7R3Z8J6, STM32H7R3Z8T6, STM32H7R7A8I6, STM32H7R7I8K6, STM32H7R7I8T6, STM32H7R7L8H6, STM32H7R7L8H6H, STM32H7R7Z8J6, STM32H7S3A8I6, STM32H7S3I8K6, STM32H7S3I8T6, STM32H7S3L8H6, STM32H7S3L8H6H, STM32H7S3R8V6, STM32H7S3V8H6, STM32H7S3V8T6, STM32H7S3V8Y6TR, STM32H7S3Z8J6, STM32H7S3Z8T6, STM32H7S78-DK, STM32H7S7A8I6, STM32H7S7I8K6, STM32H7S7I8T6, STM32H7S7L8H6, STM32H7S7L8H6H, STM32H7S7Z8J6, STM32L4R5QGI6STR, STM32MP131AAE3, STM32MP131AAF3, STM32MP131AAG3, STM32MP131CAE3, STM32MP131CAF3, STM32MP131CAG3, STM32MP131DAE7, STM32MP131DAF7, STM32MP131DAG7, STM32MP131FAE7, STM32MP131FAF7, STM32MP131FAG7, STM32MP133AAE3, STM32MP133AAF3, STM32MP133AAG3, STM32MP133CAE3, STM32MP133CAF3, STM32MP133CAG3, STM32MP133DAE7, STM32MP133DAF7, STM32MP133DAG7, STM32MP133FAE7, STM32MP133FAF7, STM32MP133FAG7, STM32MP135AAE3, STM32MP135AAF3, STM32MP135AAG3, STM32MP135CAE3, STM32MP135CAF3, STM32MP135CAG3, STM32MP135DAE7, STM32MP135DAF7, STM32MP135DAG7, STM32MP135F-DK, STM32MP135FAE7, STM32MP135FAF7, STM32MP135FAF7T, STM32MP135FAF7U, STM32MP135FAG7, STM32MP231AAJ3, STM32MP231AAK3, STM32MP231AAL3, STM32MP231CAJ3, STM32MP231CAK3, STM32MP231CAL3, STM32MP231DAJ3, STM32MP231DAK3, STM32MP231DAL3, STM32MP231FAJ3, STM32MP231FAK3, STM32MP231FAL3, STM32MP233AAJ3, STM32MP233AAK3, STM32MP233AAL3, STM32MP233CAJ3, STM32MP233CAK3, STM32MP233CAL3, STM32MP233DAJ3, STM32MP233DAK3, STM32MP233DAL3, STM32MP233FAJ3, STM32MP233FAK3, STM32MP233FAL3, STM32MP235AAJ3, STM32MP235AAK3, STM32MP235AAL3, STM32MP235CAJ3, STM32MP235CAK3, STM32MP235CAL3, STM32MP235DAJ3, STM32MP235DAK3, STM32MP235DAL3, STM32MP235FAJ3, STM32MP235FAK3, STM32MP235FAL3, STM32MP251AAI3, STM32MP251AAJ3, STM32MP251AAK3, STM32MP251AAL3, STM32MP251CAI3, STM32MP251CAJ3, STM32MP251CAK3, STM32MP251CAL3, STM32MP251DAI3, STM32MP251DAJ3, STM32MP251DAK3, STM32MP251DAL3, STM32MP251FAI3, STM32MP251FAJ3, STM32MP251FAK3, STM32MP251FAL3, STM32MP253AAI3, STM32MP253AAJ3, STM32MP253AAK3, STM32MP253AAL3, STM32MP253CAI3, STM32MP253CAJ3, STM32MP253CAK3, STM32MP253CAL3, STM32MP253DAI3, STM32MP253DAJ3, STM32MP253DAK3, STM32MP253DAL3, STM32MP253FAI3, STM32MP253FAJ3, STM32MP253FAK3, STM32MP253FAL3, STM32MP255AAI3, STM32MP255AAJ3, STM32MP255AAK3, STM32MP255AAL3, STM32MP255CAI3, STM32MP255CAJ3, STM32MP255CAK3, STM32MP255CAL3, STM32MP255DAI3, STM32MP255DAJ3, STM32MP255DAK3, STM32MP255DAL3, STM32MP255FAI3, STM32MP255FAJ3, STM32MP255FAK3, STM32MP255FAL3, STM32MP257AAI3, STM32MP257AAJ3, STM32MP257AAK3, STM32MP257AAL3, STM32MP257CAI3, STM32MP257CAJ3, STM32MP257CAK3, STM32MP257CAL3, STM32MP257DAI3, STM32MP257DAJ3, STM32MP257DAK3, STM32MP257DAL3, STM32MP257F-DK, STM32MP257F-EV1, STM32MP257FAI3, STM32MP257FAJ3, STM32MP257FAK3, STM32MP257FAL3, STM32N645A0H3Q, STM32N645B0H3Q, STM32N645I0H3Q, STM32N645L0H3Q, STM32N645X0H3Q, STM32N645Z0H3Q, STM32N647A0H3Q, STM32N647B0H3Q, STM32N647I0H3Q, STM32N647L0H3Q, STM32N647X0H3Q, STM32N647Z0H3Q, STM32N655A0H3Q, STM32N655B0H3Q, STM32N655I0H3Q, STM32N655L0H3Q, STM32N655X0H3Q, STM32N655Z0H3Q, STM32N6570-DK, STM32N657A0H3Q, STM32N657B0H3Q, STM32N657I0H3Q, STM32N657L0H3Q, STM32N657X0H3Q, STM32N657Z0H3Q, STM32U031C6T6, STM32U031C6U6, STM32U031C8T6, STM32U031C8U6, STM32U031F4P6, STM32U031F6P6, STM32U031F8P6, STM32U031G6Y6TR, STM32U031G8Y6TR, STM32U031K4U6, STM32U031K6U6, STM32U031K8U6, STM32U031R6I6, STM32U031R6T6, STM32U031R8I6, STM32U031R8T6, STM32U073C8T6, STM32U073C8U6, STM32U073CBT6, STM32U073CBU6, STM32U073CCT6, STM32U073CCU6, STM32U073H8Y6TR, STM32U073HBY6TR, STM32U073HCY6TR, STM32U073K8U6, STM32U073KBU6, STM32U073KCU6, STM32U073M8I6, STM32U073M8T6, STM32U073MBI6, STM32U073MBT6, STM32U073MCI6, STM32U073MCT6, STM32U073R8I6, STM32U073R8T6, STM32U073RBI6, STM32U073RBT6, STM32U073RCI6, STM32U073RCT6, STM32U083C-DK, STM32U083CCT6, STM32U083CCU6, STM32U083HCY6TR, STM32U083KCU6, STM32U083MCI6, STM32U083MCT6, STM32U083RCI6, STM32U083RCT6, STM32U375CET6, STM32U375CET6Q, STM32U375CEU6, STM32U375CEU6Q, STM32U375CEY6QTR, STM32U375CGT6, STM32U375CGT6Q, STM32U375CGU6, STM32U375CGU6Q, STM32U375CGY6QTR, STM32U375KEU6, STM32U375KGU6, STM32U375REI6, STM32U375REI6Q, STM32U375RET6, STM32U375RET6Q, STM32U375REY6GTR, STM32U375REY6QTR, STM32U375RGI6, STM32U375RGI6Q, STM32U375RGT6, STM32U375RGT6Q, STM32U375RGY6GTR, STM32U375RGY6QTR, STM32U375VEI6, STM32U375VEI6Q, STM32U375VET6, STM32U375VET6Q, STM32U375VGI6, STM32U375VGI6Q, STM32U375VGT6, STM32U375VGT6Q, STM32U385CGT6, STM32U385CGT6Q, STM32U385CGU6, STM32U385CGU6Q, STM32U385CGY6QTR, STM32U385KGU6, STM32U385RGI6, STM32U385RGI6Q, STM32U385RGT6, STM32U385RGT6Q, STM32U385RGY6GTR, STM32U385RGY6QTR, STM32U385VGI6, STM32U385VGI6Q, STM32U385VGT6, STM32U385VGT6Q, STM32U535CBT6, STM32U535CBT6Q, STM32U535CBU6, STM32U535CBU6Q, STM32U535CCT6, STM32U535CCT6Q, STM32U535CCU6, STM32U535CCU6Q, STM32U535CET6, STM32U535CET6Q, STM32U535CEU6, STM32U535CEU6Q, STM32U535JEY6QTR, STM32U535NCY6QTR, STM32U535NEY6QTR, STM32U535RBI6, STM32U535RBI6Q, STM32U535RBT6, STM32U535RBT6Q, STM32U535RCI6, STM32U535RCI6Q, STM32U535RCT6, STM32U535RCT6Q, STM32U535REI6, STM32U535REI6Q, STM32U535RET6, STM32U535RET6Q, STM32U535VCI6, STM32U535VCI6Q, STM32U535VCT6, STM32U535VCT6Q, STM32U535VEI6, STM32U535VEI6Q, STM32U535VET6, STM32U535VET6Q, STM32U545CET6, STM32U545CET6Q, STM32U545CEU6, STM32U545CEU6Q, STM32U545JEY6QTR, STM32U545NEY6QTR, STM32U545REI6, STM32U545REI6Q, STM32U545RET6, STM32U545RET6Q, STM32U545VEI6, STM32U545VEI6Q, STM32U545VET6, STM32U545VET6Q, STM32U595AIH6, STM32U595AIH6Q, STM32U595AJH6, STM32U595AJH6Q, STM32U595QII6, STM32U595QII6Q, STM32U595QJI6, STM32U595QJI6Q, STM32U595RIT6, STM32U595RIT6Q, STM32U595RJT6, STM32U595RJT6Q, STM32U595VIT6, STM32U595VIT6Q, STM32U595VJT6, STM32U595VJT6Q, STM32U595ZIT6, STM32U595ZIT6Q, STM32U595ZIY6QTR, STM32U595ZJT6, STM32U595ZJT6Q, STM32U595ZJY6QTR, STM32U599BJY6QTR, STM32U599NIH6Q, STM32U599NJH6Q, STM32U599VIT6Q, STM32U599VJT6, STM32U599VJT6Q, STM32U599ZIT6Q, STM32U599ZIY6QTR, STM32U599ZJT6Q, STM32U599ZJY6QTR, STM32U5A5AJH6, STM32U5A5AJH6Q, STM32U5A5QII3Q , STM32U5A5QJI6, STM32U5A5QJI6Q, STM32U5A5RJT6, STM32U5A5RJT6Q, STM32U5A5VJT6, STM32U5A5VJT6Q, STM32U5A5ZJT6, STM32U5A5ZJT6Q, STM32U5A5ZJY6QTR, STM32U5A9BJY6QTR, STM32U5A9J-DK, STM32U5A9NJH6Q, STM32U5A9VJT6Q, STM32U5A9ZJT6Q, STM32U5A9ZJY6QTR, STM32U5F7VIT6, STM32U5F7VIT6Q, STM32U5F7VJT6, STM32U5F7VJT6Q, STM32U5F9BJY6QTR, STM32U5F9NJH6Q, STM32U5F9VIT6Q, STM32U5F9VJT6Q, STM32U5F9ZIJ6QTR, STM32U5F9ZIT6Q, STM32U5F9ZJJ6QTR, STM32U5F9ZJT6Q, STM32U5G7VJT6, STM32U5G7VJT6Q, STM32U5G9BJY6QTR, STM32U5G9J-DK1, STM32U5G9J-DK2, STM32U5G9NJH6Q, STM32U5G9VJT6Q, STM32U5G9ZJJ6QTR, STM32U5G9ZJT6Q, STM32WB05KZV6TR, STM32WB05KZV7TR, STM32WB05TZF6TR, STM32WB05TZF7TR, STM32WB06CCF6TR, STM32WB06CCF7TR, STM32WB06CCV6TR, STM32WB06CCV7TR, STM32WB06KCV6TR, STM32WB06KCV7TR, STM32WB07CCF6TR, STM32WB07CCF7TR, STM32WB07CCV6TR, STM32WB07CCV7TR, STM32WB07KCV6TR, STM32WB07KCV7TR, STM32WB09KEV6TR, STM32WB09KEV7TR, STM32WB09TEF6TR, STM32WB09TEF7TR, STM32WB1MMCH6, STM32WBA50KGU6, STM32WBA50KGU6TR, STM32WBA52CEU6, STM32WBA52CEU6TR, STM32WBA52CEU7, STM32WBA52CEU7TR, STM32WBA52CGU6, STM32WBA52CGU6TR, STM32WBA52CGU6U, STM32WBA52CGU7, STM32WBA52CGU7TR, STM32WBA52KEU6, STM32WBA52KEU6TR, STM32WBA52KGU6, STM32WBA52KGU6TR, STM32WBA54CEU6, STM32WBA54CEU6TR, STM32WBA54CEU7, STM32WBA54CEU7TR, STM32WBA54CGU6, STM32WBA54CGU6TR, STM32WBA54CGU7, STM32WBA54CGU7TR, STM32WBA54KEU6, STM32WBA54KEU6TR, STM32WBA54KEU7, STM32WBA54KEU7TR, STM32WBA54KGU6, STM32WBA54KGU6TR, STM32WBA54KGU7, STM32WBA54KGU7TR, STM32WBA55CEU6, STM32WBA55CEU6TR, STM32WBA55CEU7, STM32WBA55CEU7TR, STM32WBA55CGU6, STM32WBA55CGU6TR, STM32WBA55CGU6U, STM32WBA55CGU7, STM32WBA55CGU7TR, STM32WBA55G-DK1, STM32WBA55HEF6, STM32WBA55HEF7, STM32WBA55HGF6, STM32WBA55HGF7, STM32WBA55UEI6, STM32WBA55UEI6TR, STM32WBA55UEI7, STM32WBA55UEI7TR, STM32WBA55UGI6, STM32WBA55UGI6TR, STM32WBA55UGI7, STM32WBA55UGI7TR, STM32WBA5MJGH6TR, STM32WBA5MJGH6U, STM32WL33C8V6, STM32WL33C8V6TR, STM32WL33C8V7, STM32WL33C8V7TR, STM32WL33CBV6, STM32WL33CBV6TR, STM32WL33CBV7, STM32WL33CBV7TR, STM32WL33CCV6, STM32WL33CCV6TR, STM32WL33CCV7, STM32WL33CCV7A, STM32WL33CCV7ATR, STM32WL33CCV7TR, STM32WL33K8V6, STM32WL33K8V6TR, STM32WL33K8V7, STM32WL33K8V7TR, STM32WL33KBV6, STM32WL33KBV6TR, STM32WL33KBV7, STM32WL33KBV7TR, STM32WL33KCV6, STM32WL33KCV6TR, STM32WL33KCV7, STM32WL33KCV7TR, STM32WL5MOCH6, STM32WL5MOCH6TR]
2024-12-26 13:24:37,522 [INFO] BoardInfo:889 - No configuration file found for board P-NUCLEO-WB55
2024-12-26 13:24:37,523 [INFO] DbBoards:161 - Kit is not supported: P-NUCLEO-WB55
2024-12-26 13:24:37,527 [INFO] BoardInfo:889 - No configuration file found for board STEVAL-BFA001V1B
2024-12-26 13:24:37,528 [INFO] DbBoards:161 - Kit is not supported: STEVAL-BFA001V1B
2024-12-26 13:24:37,528 [INFO] BoardInfo:889 - No configuration file found for board STEVAL-BFA001V2B
2024-12-26 13:24:37,529 [INFO] DbBoards:161 - Kit is not supported: STEVAL-BFA001V2B
2024-12-26 13:24:37,659 [INFO] DbBoards:168 - Found 209 boards, 206 are supported
2024-12-26 13:24:37,660 [INFO] DbBoards:169 - Found 209 boards, 42 of them is supported for  Bsp
2024-12-26 13:24:37,662 [INFO] ApiDb:668 - CubeFinder database Data Model version=2.1
2024-12-26 13:24:37,663 [INFO] ApiDb:669 - CubeFinder database Configuration version=3.0.39
2024-12-26 13:24:37,663 [INFO] ApiDb:670 - CubeFinder database generation date=2024-11-21 (1732182206)
2024-12-26 13:24:37,663 [INFO] ApiDb:671 - CubeFinder database FW Pack versions=[FP-ATR-ASTRA1_V2.0.0, FP-SNS-FLIGHT1_V5.0.2, FP-SNS-MOTENV1_V5.0.0, FP-SNS-MOTENVWB1_V1.4.0, FP-SNS-SMARTAG2_V1.2.0, FP-SNS-STBOX1_V2.0.0, STM32Cube_FW_C0_V1.3.0, STM32Cube_FW_F4_V1.28.1, STM32Cube_FW_F7_V1.17.2, STM32Cube_FW_G0_V1.6.2, STM32Cube_FW_G4_V1.6.1, STM32Cube_FW_H5_V1.4.0, STM32Cube_FW_H7RS_V1.1.0, STM32Cube_FW_H7_V1.12.0, STM32Cube_FW_L0_V1.12.2, STM32Cube_FW_L4_V1.18.1, STM32Cube_FW_L5_V1.5.1, STM32Cube_FW_N6_V1.0.0, STM32Cube_FW_U0_V1.2.0, STM32Cube_FW_U3_V1.0.0, STM32Cube_FW_U5_V1.7.0, STM32Cube_FW_WB0_V1.1.0, STM32Cube_FW_WBA_V1.5.0, STM32Cube_FW_WB_V1.21.0, STM32Cube_FW_WL3_V1.0.0, STM32Cube_FW_WL_V1.3.0, X-CUBE-ALGOBUILD_V1.4.0, X-CUBE-ALS_V1.0.2, X-CUBE-AZRTOS-F4_V1.1.0, X-CUBE-AZRTOS-F7_V1.1.0, X-CUBE-AZRTOS-G0_V1.1.0, X-CUBE-AZRTOS-G4_V2.0.0, X-CUBE-AZRTOS-H7RS_V1.0.0, X-CUBE-AZRTOS-H7_V3.3.0, X-CUBE-AZRTOS-L4_V2.0.0, X-CUBE-AZRTOS-L5_V2.0.0, X-CUBE-AZRTOS-WB_V2.0.0, X-CUBE-AZRTOS-WL_V2.0.0, X-CUBE-BLE1_V7.0.0, X-CUBE-BLE2_V3.3.0, X-CUBE-BLEMGR_V3.1.0, X-CUBE-EEPRMA1_V5.1.0, X-CUBE-FREERTOS_V1.2.0, X-CUBE-GNSS1_V6.0.0, X-CUBE-MEMS1_V11.0.0, X-CUBE-NFC4_V3.0.0, X-CUBE-NFC7_V1.0.1, X-CUBE-SFXS2LP1_V4.0.0, X-CUBE-SUBG2_V5.0.0, X-CUBE-TOF1_V3.4.2]
2024-12-26 13:24:37,952 [ERROR] LogOutputStream:75 - [STDERR_REDIRECT] [Fatal Error] :1:1: Premature end of file.
2024-12-26 13:24:37,953 [ERROR] LogOutputStream:75 - [STDERR_REDIRECT] 
2024-12-26 13:24:38,951 [ERROR] LogOutputStream:75 - [STDERR_REDIRECT] [Fatal Error] :1:1: Premature end of file.
2024-12-26 13:24:38,951 [ERROR] LogOutputStream:75 - [STDERR_REDIRECT] 
2024-12-26 13:24:38,958 [INFO] ApiDb:240 - Found 858 in-development CPN: [B-G473E-ZEST1S, B-WB1M-WPAN1, B-WBA5M-WPAN, B-WL5M-SUBG1, NUCLEO-C031C6, NUCLEO-C051C8, NUCLEO-C071RB, NUCLEO-C092RC, NUCLEO-H503RB, NUCLEO-H533RE, NUCLEO-H563ZI, NUCLEO-H7S3L8, NUCLEO-N657X0-Q, NUCLEO-U031R8, NUCLEO-U083RC, NUCLEO-U385RG-Q, NUCLEO-U545RE-Q, NUCLEO-U5A5ZJ-Q, NUCLEO-WB05KZ, NUCLEO-WB07CC, NUCLEO-WB09KE, NUCLEO-WBA52CG, NUCLEO-WBA55CG, NUCLEO-WL33CC1, NUCLEO-WL33CC2, STEVAL-PROTEUS1, STEVAL-SMARTAG2, STEVAL-STWINBX1, STM320518-EVAL, STM32C0116-DK, STM32C011D6Y3TR, STM32C011D6Y6TR, STM32C011F4P3, STM32C011F4P6, STM32C011F4U3, STM32C011F4U6TR, STM32C011F6P3, STM32C011F6P6, STM32C011F6U3, STM32C011F6U6TR, STM32C011J4M3, STM32C011J4M6, STM32C011J6M3, STM32C011J6M6, STM32C0316-DK, STM32C031C4T3, STM32C031C4T6, STM32C031C4U3, STM32C031C4U6, STM32C031C6T3, STM32C031C6T6, STM32C031C6U3, STM32C031C6U6, STM32C031F4P3, STM32C031F4P6, STM32C031F6P3, STM32C031F6P6, STM32C031G4U3, STM32C031G4U6, STM32C031G6U3, STM32C031G6U6, STM32C031K4T3, STM32C031K4T6, STM32C031K4U3, STM32C031K4U6, STM32C031K6T3, STM32C031K6T6, STM32C031K6U3, STM32C031K6U6, STM32C051C6T6, STM32C051C6U6, STM32C051C8T6, STM32C051C8U6, STM32C051D8Y6TR, STM32C051F6P6, STM32C051F8P6, STM32C051G6U6, STM32C051G8U6, STM32C051K6T6, STM32C051K6U6, STM32C051K8T6, STM32C071C8T6, STM32C071C8T6N, STM32C071C8U6, STM32C071C8U6N, STM32C071CBT6, STM32C071CBT6N, STM32C071CBU6, STM32C071CBU6N, STM32C071F8P6, STM32C071F8P6N, STM32C071FBP6, STM32C071FBP6N, STM32C071FBY6TR, STM32C071G8U6, STM32C071G8U6N, STM32C071GBU6, STM32C071GBU6N, STM32C071K8T6, STM32C071K8T6N, STM32C071K8U6, STM32C071K8U6N, STM32C071KBT6, STM32C071KBT6N, STM32C071KBU6, STM32C071KBU6N, STM32C071R8T6, STM32C071R8T6N, STM32C071RBI6N, STM32C071RBT6, STM32C071RBT6N, STM32C091CBT6, STM32C091CBU6, STM32C091CCT6, STM32C091CCU6, STM32C091ECY6TR, STM32C091FBP6, STM32C091FCP6, STM32C091GBU6, STM32C091GCU6, STM32C091KBT6, STM32C091KBU6, STM32C091KCT6, STM32C091KCU6, STM32C091RBT6, STM32C091RCI6, STM32C091RCT6, STM32C092CBT6, STM32C092CBU6, STM32C092CCT6, STM32C092CCU6, STM32C092ECY6TR, STM32C092FBP6, STM32C092FCP6, STM32C092GBU6, STM32C092GCU6, STM32C092KBT6, STM32C092KBU6, STM32C092KCT6, STM32C092KCU6, STM32C092RBT6, STM32C092RCI6, STM32C092RCT6, STM32G071K8TXN, STM32G071K8UXN, STM32G081GBU6N, STM32G081KBT6N, STM32G081KBUXN, STM32G0B1CCT6N, STM32G0B1KCT6, STM32G0B1NEY6TR, STM32G0B1RCT6N, STM32G0C1CCT6, STM32G0C1CCT6N, STM32G0C1CCU6N, STM32G0C1CET6N, STM32G0C1CEU6N, STM32G0C1KCT6, STM32G0C1NEY6TR, STM32G0C1RCI6N, STM32G0C1RCT6N, STM32G0C1REI6N, STM32G0C1RET6N, STM32G0C1VCI6, STM32G0C1VEI6, STM32G411C6T3, STM32G411C6T6, STM32G411C6U3, STM32G411C6U6, STM32G411C8T3, STM32G411C8T6, STM32G411C8U3, STM32G411C8U6, STM32G411CBT3, STM32G411CBT6, STM32G411CBU3, STM32G411CBU6, STM32G411CCT3, STM32G411CCT6, STM32G411CCU3, STM32G411CCU6, STM32G411K6T3, STM32G411K6T6, STM32G411K6U3, STM32G411K6U6, STM32G411K8T3, STM32G411K8T6, STM32G411K8U3, STM32G411K8U6, STM32G411KBT3, STM32G411KBT6, STM32G411KBU3, STM32G411KBU6, STM32G411M6T3, STM32G411M6T6, STM32G411M8T3, STM32G411M8T6, STM32G411MBT3, STM32G411MBT6, STM32G411MCT3, STM32G411MCT6, STM32G411R6T3, STM32G411R6T6, STM32G411R8T3, STM32G411R8T6, STM32G411RBT3, STM32G411RBT6, STM32G411RCT3, STM32G411RCT6, STM32G414CBT3, STM32G414CBT6, STM32G414CBU3, STM32G414CBU6, STM32G414CCT3, STM32G414CCT6, STM32G414CCU3, STM32G414CCU6, STM32G414MBT3, STM32G414MBT6, STM32G414MCT3, STM32G414MCT6, STM32G414RBT3, STM32G414RBT6, STM32G414RCT3, STM32G414RCT6, STM32G414VBT3, STM32G414VBT6, STM32G414VCT3, STM32G414VCT6, STM32G431CBT3Z, STM32G431RBT3Z, STM32G471CCT6, STM32G471CCU6, STM32G471CET3, STM32G471CET6, STM32G471CEU3, STM32G471CEU6, STM32G471MCT6, STM32G471MET3, STM32G471MET6, STM32G471MEY6TR, STM32G471QCT6, STM32G471QET3, STM32G471RCT6, STM32G471RET3, STM32G471RET6, STM32G471VCH6, STM32G471VCI6, STM32G471VCT6, STM32G471VEH3, STM32G471VEH6, STM32G471VEI3, STM32G471VEI6, STM32G471VET3, STM32G471VET6, STM32G473QET3Z, STM32G473RET3Z, STM32G474CCT6, STM32G491RET3Z, STM32H503CBT6, STM32H503CBU6, STM32H503EBY6TR, STM32H503KBU6, STM32H503RBT6, STM32H523CCT6, STM32H523CCU6, STM32H523CET6, STM32H523CEU6, STM32H523HEY6TR, STM32H523RCT6, STM32H523RET6, STM32H523VCI6, STM32H523VCT6, STM32H523VEI6, STM32H523VET6, STM32H523ZCJ6, STM32H523ZCT6, STM32H523ZEJ6, STM32H523ZET6, STM32H533CET6, STM32H533CEU6, STM32H533HEY6TR, STM32H533RET6, STM32H533VEI6, STM32H533VET6, STM32H533ZEJ6, STM32H533ZET6, STM32H562AGI6, STM32H562AII6, STM32H562IGK6, STM32H562IGT6, STM32H562IIK6, STM32H562IIT6, STM32H562RGT6, STM32H562RGV6, STM32H562RIT6, STM32H562RIV6, STM32H562VGT6, STM32H562VIT6, STM32H562ZGT6, STM32H562ZIT6, STM32H563AGI6, STM32H563AII3Q, STM32H563AII6, STM32H563IGK6, STM32H563IGT6, STM32H563IIK3Q, STM32H563IIK6, STM32H563IIT3Q, STM32H563IIT6, STM32H563MIY3QTR, STM32H563RGT6, STM32H563RGV6, STM32H563RIT6, STM32H563RIV6, STM32H563VGT6, STM32H563VIT3Q, STM32H563VIT6, STM32H563ZGT6, STM32H563ZIT3Q, STM32H563ZIT6, STM32H573AII3Q, STM32H573AII6, STM32H573I-DK, STM32H573IIK3Q, STM32H573IIK6, STM32H573IIT3Q, STM32H573IIT6, STM32H573MIY3QTR, STM32H573RIT6, STM32H573RIV6, STM32H573VIT3Q, STM32H573VIT6, STM32H573ZIT3Q, STM32H573ZIT6, STM32H7R3A8I6, STM32H7R3I8K6, STM32H7R3I8T6, STM32H7R3L8H6, STM32H7R3L8H6H, STM32H7R3R8V6, STM32H7R3V8H6, STM32H7R3V8T6, STM32H7R3V8Y6TR, STM32H7R3Z8J6, STM32H7R3Z8T6, STM32H7R7A8I6, STM32H7R7I8K6, STM32H7R7I8T6, STM32H7R7L8H6, STM32H7R7L8H6H, STM32H7R7Z8J6, STM32H7S3A8I6, STM32H7S3I8K6, STM32H7S3I8T6, STM32H7S3L8H6, STM32H7S3L8H6H, STM32H7S3R8V6, STM32H7S3V8H6, STM32H7S3V8T6, STM32H7S3V8Y6TR, STM32H7S3Z8J6, STM32H7S3Z8T6, STM32H7S78-DK, STM32H7S7A8I6, STM32H7S7I8K6, STM32H7S7I8T6, STM32H7S7L8H6, STM32H7S7L8H6H, STM32H7S7Z8J6, STM32L4R5QGI6STR, STM32MP131AAE3, STM32MP131AAF3, STM32MP131AAG3, STM32MP131CAE3, STM32MP131CAF3, STM32MP131CAG3, STM32MP131DAE7, STM32MP131DAF7, STM32MP131DAG7, STM32MP131FAE7, STM32MP131FAF7, STM32MP131FAG7, STM32MP133AAE3, STM32MP133AAF3, STM32MP133AAG3, STM32MP133CAE3, STM32MP133CAF3, STM32MP133CAG3, STM32MP133DAE7, STM32MP133DAF7, STM32MP133DAG7, STM32MP133FAE7, STM32MP133FAF7, STM32MP133FAG7, STM32MP135AAE3, STM32MP135AAF3, STM32MP135AAG3, STM32MP135CAE3, STM32MP135CAF3, STM32MP135CAG3, STM32MP135DAE7, STM32MP135DAF7, STM32MP135DAG7, STM32MP135F-DK, STM32MP135FAE7, STM32MP135FAF7, STM32MP135FAF7T, STM32MP135FAF7U, STM32MP135FAG7, STM32MP231AAJ3, STM32MP231AAK3, STM32MP231AAL3, STM32MP231CAJ3, STM32MP231CAK3, STM32MP231CAL3, STM32MP231DAJ3, STM32MP231DAK3, STM32MP231DAL3, STM32MP231FAJ3, STM32MP231FAK3, STM32MP231FAL3, STM32MP233AAJ3, STM32MP233AAK3, STM32MP233AAL3, STM32MP233CAJ3, STM32MP233CAK3, STM32MP233CAL3, STM32MP233DAJ3, STM32MP233DAK3, STM32MP233DAL3, STM32MP233FAJ3, STM32MP233FAK3, STM32MP233FAL3, STM32MP235AAJ3, STM32MP235AAK3, STM32MP235AAL3, STM32MP235CAJ3, STM32MP235CAK3, STM32MP235CAL3, STM32MP235DAJ3, STM32MP235DAK3, STM32MP235DAL3, STM32MP235FAJ3, STM32MP235FAK3, STM32MP235FAL3, STM32MP251AAI3, STM32MP251AAJ3, STM32MP251AAK3, STM32MP251AAL3, STM32MP251CAI3, STM32MP251CAJ3, STM32MP251CAK3, STM32MP251CAL3, STM32MP251DAI3, STM32MP251DAJ3, STM32MP251DAK3, STM32MP251DAL3, STM32MP251FAI3, STM32MP251FAJ3, STM32MP251FAK3, STM32MP251FAL3, STM32MP253AAI3, STM32MP253AAJ3, STM32MP253AAK3, STM32MP253AAL3, STM32MP253CAI3, STM32MP253CAJ3, STM32MP253CAK3, STM32MP253CAL3, STM32MP253DAI3, STM32MP253DAJ3, STM32MP253DAK3, STM32MP253DAL3, STM32MP253FAI3, STM32MP253FAJ3, STM32MP253FAK3, STM32MP253FAL3, STM32MP255AAI3, STM32MP255AAJ3, STM32MP255AAK3, STM32MP255AAL3, STM32MP255CAI3, STM32MP255CAJ3, STM32MP255CAK3, STM32MP255CAL3, STM32MP255DAI3, STM32MP255DAJ3, STM32MP255DAK3, STM32MP255DAL3, STM32MP255FAI3, STM32MP255FAJ3, STM32MP255FAK3, STM32MP255FAL3, STM32MP257AAI3, STM32MP257AAJ3, STM32MP257AAK3, STM32MP257AAL3, STM32MP257CAI3, STM32MP257CAJ3, STM32MP257CAK3, STM32MP257CAL3, STM32MP257DAI3, STM32MP257DAJ3, STM32MP257DAK3, STM32MP257DAL3, STM32MP257F-DK, STM32MP257F-EV1, STM32MP257FAI3, STM32MP257FAJ3, STM32MP257FAK3, STM32MP257FAL3, STM32N645A0H3Q, STM32N645B0H3Q, STM32N645I0H3Q, STM32N645L0H3Q, STM32N645X0H3Q, STM32N645Z0H3Q, STM32N647A0H3Q, STM32N647B0H3Q, STM32N647I0H3Q, STM32N647L0H3Q, STM32N647X0H3Q, STM32N647Z0H3Q, STM32N655A0H3Q, STM32N655B0H3Q, STM32N655I0H3Q, STM32N655L0H3Q, STM32N655X0H3Q, STM32N655Z0H3Q, STM32N6570-DK, STM32N657A0H3Q, STM32N657B0H3Q, STM32N657I0H3Q, STM32N657L0H3Q, STM32N657X0H3Q, STM32N657Z0H3Q, STM32U031C6T6, STM32U031C6U6, STM32U031C8T6, STM32U031C8U6, STM32U031F4P6, STM32U031F6P6, STM32U031F8P6, STM32U031G6Y6TR, STM32U031G8Y6TR, STM32U031K4U6, STM32U031K6U6, STM32U031K8U6, STM32U031R6I6, STM32U031R6T6, STM32U031R8I6, STM32U031R8T6, STM32U073C8T6, STM32U073C8U6, STM32U073CBT6, STM32U073CBU6, STM32U073CCT6, STM32U073CCU6, STM32U073H8Y6TR, STM32U073HBY6TR, STM32U073HCY6TR, STM32U073K8U6, STM32U073KBU6, STM32U073KCU6, STM32U073M8I6, STM32U073M8T6, STM32U073MBI6, STM32U073MBT6, STM32U073MCI6, STM32U073MCT6, STM32U073R8I6, STM32U073R8T6, STM32U073RBI6, STM32U073RBT6, STM32U073RCI6, STM32U073RCT6, STM32U083C-DK, STM32U083CCT6, STM32U083CCU6, STM32U083HCY6TR, STM32U083KCU6, STM32U083MCI6, STM32U083MCT6, STM32U083RCI6, STM32U083RCT6, STM32U375CET6, STM32U375CET6Q, STM32U375CEU6, STM32U375CEU6Q, STM32U375CEY6QTR, STM32U375CGT6, STM32U375CGT6Q, STM32U375CGU6, STM32U375CGU6Q, STM32U375CGY6QTR, STM32U375KEU6, STM32U375KGU6, STM32U375REI6, STM32U375REI6Q, STM32U375RET6, STM32U375RET6Q, STM32U375REY6GTR, STM32U375REY6QTR, STM32U375RGI6, STM32U375RGI6Q, STM32U375RGT6, STM32U375RGT6Q, STM32U375RGY6GTR, STM32U375RGY6QTR, STM32U375VEI6, STM32U375VEI6Q, STM32U375VET6, STM32U375VET6Q, STM32U375VGI6, STM32U375VGI6Q, STM32U375VGT6, STM32U375VGT6Q, STM32U385CGT6, STM32U385CGT6Q, STM32U385CGU6, STM32U385CGU6Q, STM32U385CGY6QTR, STM32U385KGU6, STM32U385RGI6, STM32U385RGI6Q, STM32U385RGT6, STM32U385RGT6Q, STM32U385RGY6GTR, STM32U385RGY6QTR, STM32U385VGI6, STM32U385VGI6Q, STM32U385VGT6, STM32U385VGT6Q, STM32U535CBT6, STM32U535CBT6Q, STM32U535CBU6, STM32U535CBU6Q, STM32U535CCT6, STM32U535CCT6Q, STM32U535CCU6, STM32U535CCU6Q, STM32U535CET6, STM32U535CET6Q, STM32U535CEU6, STM32U535CEU6Q, STM32U535JEY6QTR, STM32U535NCY6QTR, STM32U535NEY6QTR, STM32U535RBI6, STM32U535RBI6Q, STM32U535RBT6, STM32U535RBT6Q, STM32U535RCI6, STM32U535RCI6Q, STM32U535RCT6, STM32U535RCT6Q, STM32U535REI6, STM32U535REI6Q, STM32U535RET6, STM32U535RET6Q, STM32U535VCI6, STM32U535VCI6Q, STM32U535VCT6, STM32U535VCT6Q, STM32U535VEI6, STM32U535VEI6Q, STM32U535VET6, STM32U535VET6Q, STM32U545CET6, STM32U545CET6Q, STM32U545CEU6, STM32U545CEU6Q, STM32U545JEY6QTR, STM32U545NEY6QTR, STM32U545REI6, STM32U545REI6Q, STM32U545RET6, STM32U545RET6Q, STM32U545VEI6, STM32U545VEI6Q, STM32U545VET6, STM32U545VET6Q, STM32U595AIH6, STM32U595AIH6Q, STM32U595AJH6, STM32U595AJH6Q, STM32U595QII6, STM32U595QII6Q, STM32U595QJI6, STM32U595QJI6Q, STM32U595RIT6, STM32U595RIT6Q, STM32U595RJT6, STM32U595RJT6Q, STM32U595VIT6, STM32U595VIT6Q, STM32U595VJT6, STM32U595VJT6Q, STM32U595ZIT6, STM32U595ZIT6Q, STM32U595ZIY6QTR, STM32U595ZJT6, STM32U595ZJT6Q, STM32U595ZJY6QTR, STM32U599BJY6QTR, STM32U599NIH6Q, STM32U599NJH6Q, STM32U599VIT6Q, STM32U599VJT6, STM32U599VJT6Q, STM32U599ZIT6Q, STM32U599ZIY6QTR, STM32U599ZJT6Q, STM32U599ZJY6QTR, STM32U5A5AJH6, STM32U5A5AJH6Q, STM32U5A5QII3Q , STM32U5A5QJI6, STM32U5A5QJI6Q, STM32U5A5RJT6, STM32U5A5RJT6Q, STM32U5A5VJT6, STM32U5A5VJT6Q, STM32U5A5ZJT6, STM32U5A5ZJT6Q, STM32U5A5ZJY6QTR, STM32U5A9BJY6QTR, STM32U5A9J-DK, STM32U5A9NJH6Q, STM32U5A9VJT6Q, STM32U5A9ZJT6Q, STM32U5A9ZJY6QTR, STM32U5F7VIT6, STM32U5F7VIT6Q, STM32U5F7VJT6, STM32U5F7VJT6Q, STM32U5F9BJY6QTR, STM32U5F9NJH6Q, STM32U5F9VIT6Q, STM32U5F9VJT6Q, STM32U5F9ZIJ6QTR, STM32U5F9ZIT6Q, STM32U5F9ZJJ6QTR, STM32U5F9ZJT6Q, STM32U5G7VJT6, STM32U5G7VJT6Q, STM32U5G9BJY6QTR, STM32U5G9J-DK1, STM32U5G9J-DK2, STM32U5G9NJH6Q, STM32U5G9VJT6Q, STM32U5G9ZJJ6QTR, STM32U5G9ZJT6Q, STM32WB05KZV6TR, STM32WB05KZV7TR, STM32WB05TZF6TR, STM32WB05TZF7TR, STM32WB06CCF6TR, STM32WB06CCF7TR, STM32WB06CCV6TR, STM32WB06CCV7TR, STM32WB06KCV6TR, STM32WB06KCV7TR, STM32WB07CCF6TR, STM32WB07CCF7TR, STM32WB07CCV6TR, STM32WB07CCV7TR, STM32WB07KCV6TR, STM32WB07KCV7TR, STM32WB09KEV6TR, STM32WB09KEV7TR, STM32WB09TEF6TR, STM32WB09TEF7TR, STM32WB1MMCH6, STM32WBA50KGU6, STM32WBA50KGU6TR, STM32WBA52CEU6, STM32WBA52CEU6TR, STM32WBA52CEU7, STM32WBA52CEU7TR, STM32WBA52CGU6, STM32WBA52CGU6TR, STM32WBA52CGU6U, STM32WBA52CGU7, STM32WBA52CGU7TR, STM32WBA52KEU6, STM32WBA52KEU6TR, STM32WBA52KGU6, STM32WBA52KGU6TR, STM32WBA54CEU6, STM32WBA54CEU6TR, STM32WBA54CEU7, STM32WBA54CEU7TR, STM32WBA54CGU6, STM32WBA54CGU6TR, STM32WBA54CGU7, STM32WBA54CGU7TR, STM32WBA54KEU6, STM32WBA54KEU6TR, STM32WBA54KEU7, STM32WBA54KEU7TR, STM32WBA54KGU6, STM32WBA54KGU6TR, STM32WBA54KGU7, STM32WBA54KGU7TR, STM32WBA55CEU6, STM32WBA55CEU6TR, STM32WBA55CEU7, STM32WBA55CEU7TR, STM32WBA55CGU6, STM32WBA55CGU6TR, STM32WBA55CGU6U, STM32WBA55CGU7, STM32WBA55CGU7TR, STM32WBA55G-DK1, STM32WBA55HEF6, STM32WBA55HEF7, STM32WBA55HGF6, STM32WBA55HGF7, STM32WBA55UEI6, STM32WBA55UEI6TR, STM32WBA55UEI7, STM32WBA55UEI7TR, STM32WBA55UGI6, STM32WBA55UGI6TR, STM32WBA55UGI7, STM32WBA55UGI7TR, STM32WBA5MJGH6TR, STM32WBA5MJGH6U, STM32WL33C8V6, STM32WL33C8V6TR, STM32WL33C8V7, STM32WL33C8V7TR, STM32WL33CBV6, STM32WL33CBV6TR, STM32WL33CBV7, STM32WL33CBV7TR, STM32WL33CCV6, STM32WL33CCV6TR, STM32WL33CCV7, STM32WL33CCV7A, STM32WL33CCV7ATR, STM32WL33CCV7TR, STM32WL33K8V6, STM32WL33K8V6TR, STM32WL33K8V7, STM32WL33K8V7TR, STM32WL33KBV6, STM32WL33KBV6TR, STM32WL33KBV7, STM32WL33KBV7TR, STM32WL33KCV6, STM32WL33KCV6TR, STM32WL33KCV7, STM32WL33KCV7TR, STM32WL5MOCH6, STM32WL5MOCH6TR]
2024-12-26 13:24:38,962 [INFO] DbMcus:218 - Found 4542 MCUs, 4542 are supported
2024-12-26 13:24:38,968 [INFO] ApiDb:423 - Load user favorites file C:\Users\o1yus/.stm32cubeide/favorites.mcus.txt: 1 item(s)
2024-12-26 13:24:38,968 [INFO] ApiDb:427 - User favorites MCUs=[STM32F103C8T6]
2024-12-26 13:24:38,968 [INFO] DbMcus:224 - Set 1 / 1 favorites MCUs
2024-12-26 13:24:39,218 [INFO] ApiDb:423 - Load user favorites file C:\Users\o1yus/.stm32cubeide/favorites.boards.txt: 0 item(s)
2024-12-26 13:24:39,218 [INFO] ApiDb:427 - User favorites Boards=[]
2024-12-26 13:24:39,218 [INFO] DbBoards:198 - Set 0 / 0 favorites Boards
2024-12-26 13:24:39,218 [INFO] McuFinderGlobals:76 - Set McuFinderConnectedMode to true
2024-12-26 13:24:39,223 [INFO] MultiScanPanel:200 - Auto-refresh data requested => check proxy status ongoing
2024-12-26 13:24:39,225 [INFO] FinderPluginLoader:95 - Searching for filters in installed packs
2024-12-26 13:24:39,954 [ERROR] LogOutputStream:75 - [STDERR_REDIRECT] [Fatal Error] :1:1: Premature end of file.
2024-12-26 13:24:39,954 [ERROR] LogOutputStream:75 - [STDERR_REDIRECT] 
2024-12-26 13:24:40,060 [INFO] LoadUrlFilesThread:185 - End of LoadServerUrlFiles without Thread
2024-12-26 13:24:40,076 [INFO] DetailPanel:341 - Set advertising image to C:/Users/o1yus/STM32Cube/Repository/\en.prom-stm32n6-mcu-finder.png
2024-12-26 13:24:40,958 [ERROR] LogOutputStream:75 - [STDERR_REDIRECT] [Fatal Error] :1:1: Premature end of file.
2024-12-26 13:24:40,959 [ERROR] LogOutputStream:75 - [STDERR_REDIRECT] 
2024-12-26 13:24:41,949 [ERROR] LogOutputStream:75 - [STDERR_REDIRECT] [Fatal Error] :1:1: Premature end of file.
2024-12-26 13:24:41,949 [ERROR] LogOutputStream:75 - [STDERR_REDIRECT] 
2024-12-26 13:24:42,961 [ERROR] LogOutputStream:75 - [STDERR_REDIRECT] [Fatal Error] :1:1: Premature end of file.
2024-12-26 13:24:42,961 [ERROR] LogOutputStream:75 - [STDERR_REDIRECT] 
2024-12-26 13:24:43,953 [ERROR] LogOutputStream:75 - [STDERR_REDIRECT] [Fatal Error] :1:1: Premature end of file.
2024-12-26 13:24:43,953 [ERROR] LogOutputStream:75 - [STDERR_REDIRECT] 
2024-12-26 13:24:44,953 [ERROR] LogOutputStream:75 - [STDERR_REDIRECT] [Fatal Error] :1:1: Premature end of file.
2024-12-26 13:24:44,953 [ERROR] LogOutputStream:75 - [STDERR_REDIRECT] 
2024-12-26 13:24:45,949 [ERROR] LogOutputStream:75 - [STDERR_REDIRECT] [Fatal Error] :1:1: Premature end of file.
2024-12-26 13:24:45,949 [ERROR] LogOutputStream:75 - [STDERR_REDIRECT] 
2024-12-26 13:24:46,953 [ERROR] LogOutputStream:75 - [STDERR_REDIRECT] [Fatal Error] :1:1: Premature end of file.
2024-12-26 13:24:46,953 [ERROR] LogOutputStream:75 - [STDERR_REDIRECT] 
2024-12-26 13:24:47,952 [ERROR] LogOutputStream:75 - [STDERR_REDIRECT] [Fatal Error] :1:1: Premature end of file.
2024-12-26 13:24:47,952 [ERROR] LogOutputStream:75 - [STDERR_REDIRECT] 
2024-12-26 13:24:48,961 [ERROR] LogOutputStream:75 - [STDERR_REDIRECT] [Fatal Error] :1:1: Premature end of file.
2024-12-26 13:24:48,961 [ERROR] LogOutputStream:75 - [STDERR_REDIRECT] 
2024-12-26 13:24:49,953 [ERROR] LogOutputStream:75 - [STDERR_REDIRECT] [Fatal Error] :1:1: Premature end of file.
2024-12-26 13:24:49,953 [ERROR] LogOutputStream:75 - [STDERR_REDIRECT] 
2024-12-26 13:24:50,955 [ERROR] LogOutputStream:75 - [STDERR_REDIRECT] [Fatal Error] :1:1: Premature end of file.
2024-12-26 13:24:50,955 [ERROR] LogOutputStream:75 - [STDERR_REDIRECT] 
2024-12-26 13:24:51,654 [INFO] McuFinderGlobals:76 - Set McuFinderConnectedMode to true
2024-12-26 13:24:51,947 [ERROR] LogOutputStream:75 - [STDERR_REDIRECT] [Fatal Error] :1:1: Premature end of file.
2024-12-26 13:24:51,947 [ERROR] LogOutputStream:75 - [STDERR_REDIRECT] 
2024-12-26 13:24:52,962 [ERROR] LogOutputStream:75 - [STDERR_REDIRECT] [Fatal Error] :1:1: Premature end of file.
2024-12-26 13:24:52,963 [ERROR] LogOutputStream:75 - [STDERR_REDIRECT] 
2024-12-26 13:24:53,954 [ERROR] LogOutputStream:75 - [STDERR_REDIRECT] [Fatal Error] :1:1: Premature end of file.
2024-12-26 13:24:53,954 [ERROR] LogOutputStream:75 - [STDERR_REDIRECT] 
2024-12-26 13:24:54,716 [INFO] ApiDb:448 - Save user favorites file C:\Users\o1yus/.stm32cubeide/favorites.mcus.txt: 1 item(s)
2024-12-26 13:24:54,717 [INFO] ApiDb:452 - User favorites MCUs=[STM32F103C8T6]
2024-12-26 13:24:54,794 [ERROR] LogOutputStream:75 - [STDERR_REDIRECT] Exception in thread "AWT-EventQueue-0" java.lang.NullPointerException: Cannot invoke "com.st.stm32cube.common.mx.targetselector.IdeMcuFinder.cleanUp(boolean)" because "this.this$0.mcuFinder" is null
2024-12-26 13:24:54,795 [ERROR] LogOutputStream:75 - [STDERR_REDIRECT] 	at com.st.stm32cube.common.mx.targetselector.TargetSelectorAdapter$7.run(TargetSelectorAdapter.java:353)
2024-12-26 13:24:54,796 [ERROR] LogOutputStream:75 - [STDERR_REDIRECT] 	at com.st.stm32cube.common.mx.oss.core.awtswtbridge.AwtEnvironment$2.run(AwtEnvironment.java:166)
2024-12-26 13:24:54,797 [ERROR] LogOutputStream:75 - [STDERR_REDIRECT] 	at java.desktop/java.awt.event.InvocationEvent.dispatch(InvocationEvent.java:318)
2024-12-26 13:24:54,797 [ERROR] LogOutputStream:75 - [STDERR_REDIRECT] 	at java.desktop/java.awt.EventQueue.dispatchEventImpl(EventQueue.java:773)
2024-12-26 13:24:54,797 [ERROR] LogOutputStream:75 - [STDERR_REDIRECT] 	at java.desktop/java.awt.EventQueue$4.run(EventQueue.java:720)
2024-12-26 13:24:54,798 [ERROR] LogOutputStream:75 - [STDERR_REDIRECT] 	at java.desktop/java.awt.EventQueue$4.run(EventQueue.java:714)
2024-12-26 13:24:54,798 [ERROR] LogOutputStream:75 - [STDERR_REDIRECT] 	at java.base/java.security.AccessController.doPrivileged(AccessController.java:400)
2024-12-26 13:24:54,799 [ERROR] LogOutputStream:75 - [STDERR_REDIRECT] 	at java.base/java.security.ProtectionDomain$JavaSecurityAccessImpl.doIntersectionPrivilege(ProtectionDomain.java:87)
2024-12-26 13:24:54,799 [ERROR] LogOutputStream:75 - [STDERR_REDIRECT] 	at java.desktop/java.awt.EventQueue.dispatchEvent(EventQueue.java:742)
2024-12-26 13:24:54,800 [ERROR] LogOutputStream:75 - [STDERR_REDIRECT] 	at java.desktop/java.awt.EventDispatchThread.pumpOneEventForFilters(EventDispatchThread.java:203)
2024-12-26 13:24:54,800 [ERROR] LogOutputStream:75 - [STDERR_REDIRECT] 	at java.desktop/java.awt.EventDispatchThread.pumpEventsForFilter(EventDispatchThread.java:124)
2024-12-26 13:24:54,801 [ERROR] LogOutputStream:75 - [STDERR_REDIRECT] 	at java.desktop/java.awt.EventDispatchThread.pumpEventsForHierarchy(EventDispatchThread.java:113)
2024-12-26 13:24:54,801 [ERROR] LogOutputStream:75 - [STDERR_REDIRECT] 	at java.desktop/java.awt.EventDispatchThread.pumpEvents(EventDispatchThread.java:109)
2024-12-26 13:24:54,802 [ERROR] LogOutputStream:75 - [STDERR_REDIRECT] 	at java.desktop/java.awt.EventDispatchThread.pumpEvents(EventDispatchThread.java:101)
2024-12-26 13:24:54,803 [ERROR] LogOutputStream:75 - [STDERR_REDIRECT] 	at java.desktop/java.awt.EventDispatchThread.run(EventDispatchThread.java:90)
2024-12-26 13:24:54,950 [ERROR] LogOutputStream:75 - [STDERR_REDIRECT] [Fatal Error] :1:1: Premature end of file.
2024-12-26 13:24:54,951 [ERROR] LogOutputStream:75 - [STDERR_REDIRECT] 
2024-12-26 13:24:55,954 [ERROR] LogOutputStream:75 - [STDERR_REDIRECT] [Fatal Error] :1:1: Premature end of file.
2024-12-26 13:24:55,954 [ERROR] LogOutputStream:75 - [STDERR_REDIRECT] 
2024-12-26 13:24:56,956 [ERROR] LogOutputStream:75 - [STDERR_REDIRECT] [Fatal Error] :1:1: Premature end of file.
2024-12-26 13:24:56,956 [ERROR] LogOutputStream:75 - [STDERR_REDIRECT] 
2024-12-26 13:24:57,952 [ERROR] LogOutputStream:75 - [STDERR_REDIRECT] [Fatal Error] :1:1: Premature end of file.
2024-12-26 13:24:57,952 [ERROR] LogOutputStream:75 - [STDERR_REDIRECT] 
2024-12-26 13:24:58,953 [ERROR] LogOutputStream:75 - [STDERR_REDIRECT] [Fatal Error] :1:1: Premature end of file.
2024-12-26 13:24:58,953 [ERROR] LogOutputStream:75 - [STDERR_REDIRECT] 
2024-12-26 13:24:59,954 [ERROR] LogOutputStream:75 - [STDERR_REDIRECT] [Fatal Error] :1:1: Premature end of file.
2024-12-26 13:24:59,954 [ERROR] LogOutputStream:75 - [STDERR_REDIRECT] 
2024-12-26 13:25:00,952 [ERROR] LogOutputStream:75 - [STDERR_REDIRECT] [Fatal Error] :1:1: Premature end of file.
2024-12-26 13:25:00,953 [ERROR] LogOutputStream:75 - [STDERR_REDIRECT] 
2024-12-26 13:25:01,951 [ERROR] LogOutputStream:75 - [STDERR_REDIRECT] [Fatal Error] :1:1: Premature end of file.
2024-12-26 13:25:01,952 [ERROR] LogOutputStream:75 - [STDERR_REDIRECT] 
2024-12-26 13:25:02,951 [ERROR] LogOutputStream:75 - [STDERR_REDIRECT] [Fatal Error] :1:1: Premature end of file.
2024-12-26 13:25:02,951 [ERROR] LogOutputStream:75 - [STDERR_REDIRECT] 
2024-12-26 13:25:03,953 [ERROR] LogOutputStream:75 - [STDERR_REDIRECT] [Fatal Error] :1:1: Premature end of file.
2024-12-26 13:25:03,953 [ERROR] LogOutputStream:75 - [STDERR_REDIRECT] 
2024-12-26 13:25:04,962 [ERROR] LogOutputStream:75 - [STDERR_REDIRECT] [Fatal Error] :1:1: Premature end of file.
2024-12-26 13:25:04,963 [ERROR] LogOutputStream:75 - [STDERR_REDIRECT] 
2024-12-26 13:25:05,504 [ERROR] LogOutputStream:75 - [STDERR_REDIRECT] 
2024-12-26 16:08:05,792 [INFO] Activator:176 - 


2024-12-26 16:08:05,794 [INFO] Activator:177 - !SESSION log4j initialized
2024-12-26 16:08:12,283 [INFO] LogOutputStream:77 - [STDOUT_REDIRECT] 
2024-12-26 16:08:14,849 [INFO] ApplicationProperties:184 - Using Application install path: C:\ST\STM32CubeIDE_1.17.0\STM32CubeIDE\plugins\com.st.stm32cube.common.mx_6.13.0.202411220809
2024-12-26 16:08:14,863 [INFO] DbMcusXml:78 - Set database path to: C:\ST\STM32CubeIDE_1.17.0\STM32CubeIDE\plugins\com.st.stm32cube.common.mx_6.13.0.202411220809\\db\/mcu/
2024-12-26 16:08:14,863 [INFO] ApiDb:274 - Set plugin database path to: C:\ST\STM32CubeIDE_1.17.0\STM32CubeIDE\plugins\com.st.stm32cube.common.mx_6.13.0.202411220809\\db\/plugins/boardmanager/
2024-12-26 16:08:14,863 [WARN] ApiDb:259 - Overriding images path with different value:  => C:\ST\STM32CubeIDE_1.17.0\STM32CubeIDE\plugins\com.st.stm32cube.common.mx_6.13.0.202411220809\\db\/plugins/mcufinder/images/
2024-12-26 16:08:14,869 [INFO] ApiDb:250 - Set database path to: C:\Users\o1yus\.stmcufinder\plugins\mcufinder//mcu/
2024-12-26 16:08:14,870 [INFO] DbMcusAds:125 - Set database path to: C:\Users\o1yus\.stmcufinder\plugins\mcufinder//mcu/
2024-12-26 16:08:14,874 [INFO] CrossReferenceDbSqlite:203 - Set database path to: C:\Users\o1yus\.stmcufinder\plugins\mcufinder//mcu/cs/
2024-12-26 16:08:14,972 [INFO] RulesReader:64 - Compatibility file has been processed (297 Rules)
2024-12-26 16:08:15,039 [INFO] DbMcusXml:78 - Set database path to: C:\ST\STM32CubeIDE_1.17.0\STM32CubeIDE\plugins\com.st.stm32cube.common.mx_6.13.0.202411220809\\db\/mcu/
2024-12-26 16:08:15,039 [INFO] ApiDb:274 - Set plugin database path to: C:\ST\STM32CubeIDE_1.17.0\STM32CubeIDE\plugins\com.st.stm32cube.common.mx_6.13.0.202411220809\\db\/plugins/boardmanager/
2024-12-26 16:08:15,039 [INFO] ApiDb:261 - Set plugin images path to: C:\ST\STM32CubeIDE_1.17.0\STM32CubeIDE\plugins\com.st.stm32cube.common.mx_6.13.0.202411220809\\db\/plugins/mcufinder/images/
2024-12-26 16:08:15,040 [WARN] DbFile:41 - Overriding database path with different value: C:\Users\o1yus\.stmcufinder\plugins\mcufinder/ => C:\Users\o1yus\.stmcufinder\plugins\mcufinder
2024-12-26 16:08:15,040 [INFO] ApiDb:250 - Set database path to: C:\Users\o1yus\.stmcufinder\plugins\mcufinder//mcu/
2024-12-26 16:08:15,040 [WARN] DbFile:41 - Overriding database path with different value: C:\Users\o1yus\.stmcufinder\plugins\mcufinder/ => C:\Users\o1yus\.stmcufinder\plugins\mcufinder
2024-12-26 16:08:15,040 [INFO] DbMcusAds:125 - Set database path to: C:\Users\o1yus\.stmcufinder\plugins\mcufinder//mcu/
2024-12-26 16:08:15,040 [WARN] DbFile:41 - Overriding database path with different value: C:\Users\o1yus\.stmcufinder\plugins\mcufinder/ => C:\Users\o1yus\.stmcufinder\plugins\mcufinder
2024-12-26 16:08:15,040 [WARN] DbFile:41 - Overriding database path with different value: C:\Users\o1yus\.stmcufinder\plugins\mcufinder/ => C:\Users\o1yus\.stmcufinder\plugins\mcufinder
2024-12-26 16:08:15,040 [INFO] CrossReferenceDbSqlite:203 - Set database path to: C:\Users\o1yus\.stmcufinder\plugins\mcufinder//mcu/cs/
2024-12-26 16:08:15,106 [INFO] MainPanel:272 - HeapMemory: 268435456
2024-12-26 16:08:15,203 [INFO] DbMcusXml:78 - Set database path to: C:\ST\STM32CubeIDE_1.17.0\STM32CubeIDE\plugins\com.st.stm32cube.common.mx_6.13.0.202411220809\\db\/mcu/
2024-12-26 16:08:15,204 [INFO] ApiDb:274 - Set plugin database path to: C:\ST\STM32CubeIDE_1.17.0\STM32CubeIDE\plugins\com.st.stm32cube.common.mx_6.13.0.202411220809\\db\/plugins/boardmanager/
2024-12-26 16:08:15,204 [INFO] ApiDb:261 - Set plugin images path to: C:\ST\STM32CubeIDE_1.17.0\STM32CubeIDE\plugins\com.st.stm32cube.common.mx_6.13.0.202411220809\\db\/plugins/mcufinder/images/
2024-12-26 16:08:15,204 [WARN] DbFile:41 - Overriding database path with different value: C:\Users\o1yus\.stmcufinder\plugins\mcufinder/ => C:\Users\o1yus\.stmcufinder\plugins\mcufinder
2024-12-26 16:08:15,204 [INFO] ApiDb:250 - Set database path to: C:\Users\o1yus\.stmcufinder\plugins\mcufinder//mcu/
2024-12-26 16:08:15,204 [WARN] DbFile:41 - Overriding database path with different value: C:\Users\o1yus\.stmcufinder\plugins\mcufinder/ => C:\Users\o1yus\.stmcufinder\plugins\mcufinder
2024-12-26 16:08:15,204 [INFO] DbMcusAds:125 - Set database path to: C:\Users\o1yus\.stmcufinder\plugins\mcufinder//mcu/
2024-12-26 16:08:15,204 [WARN] DbFile:41 - Overriding database path with different value: C:\Users\o1yus\.stmcufinder\plugins\mcufinder/ => C:\Users\o1yus\.stmcufinder\plugins\mcufinder
2024-12-26 16:08:15,204 [WARN] DbFile:41 - Overriding database path with different value: C:\Users\o1yus\.stmcufinder\plugins\mcufinder/ => C:\Users\o1yus\.stmcufinder\plugins\mcufinder
2024-12-26 16:08:15,204 [INFO] CrossReferenceDbSqlite:203 - Set database path to: C:\Users\o1yus\.stmcufinder\plugins\mcufinder//mcu/cs/
2024-12-26 16:08:15,221 [INFO] ApplicationProperties:184 - Using Application install path: C:\ST\STM32CubeIDE_1.17.0\STM32CubeIDE\plugins\com.st.stm32cube.common.mx_6.13.0.202411220809
2024-12-26 16:08:15,222 [INFO] PluginManage:196 - Search for loadable plugins [exclusion list=, ]
2024-12-26 16:08:15,223 [INFO] PluginManage:310 - Check plugin analytics
2024-12-26 16:08:15,435 [INFO] AnalyticsPlugin:253 - Accepted Software Licenses: 
2024-12-26 16:08:15,436 [INFO] AnalyticsPlugin:255 - Accepted CMSIS Pack Licenses: 
2024-12-26 16:08:15,436 [INFO] AnalyticsPlugin:257 - Accepted Firmware Licenses: 
2024-12-26 16:08:15,441 [INFO] PluginManage:359 - Loaded plugin analytics (category:tool,tabindex:-1)
2024-12-26 16:08:15,441 [INFO] PluginManage:310 - Check plugin cadmodel
2024-12-26 16:08:15,460 [INFO] CADModel:105 - Init CAD model plugin
2024-12-26 16:08:15,460 [INFO] PluginManage:359 - Loaded plugin cadmodel (category:power,tabindex:5)
2024-12-26 16:08:15,460 [INFO] PluginManage:310 - Check plugin clock
2024-12-26 16:08:15,478 [INFO] PluginManage:359 - Loaded plugin clock (category:base,tabindex:2)
2024-12-26 16:08:15,478 [INFO] PluginManage:310 - Check plugin ddr
2024-12-26 16:08:15,480 [INFO] PluginManage:359 - Loaded plugin ddr (category:tool,tabindex:6)
2024-12-26 16:08:15,480 [INFO] PluginManage:310 - Check plugin filemanager
2024-12-26 16:08:15,624 [INFO] PluginManage:359 - Loaded plugin filemanager (category:base,tabindex:10)
2024-12-26 16:08:15,624 [INFO] PluginManage:310 - Check plugin ipmanager
2024-12-26 16:08:15,631 [INFO] PluginManage:359 - Loaded plugin ipmanager (category:base,tabindex:5)
2024-12-26 16:08:15,631 [INFO] PluginManage:310 - Check plugin lpbam
2024-12-26 16:08:15,647 [INFO] PluginManage:359 - Loaded plugin lpbam (category:base,tabindex:0)
2024-12-26 16:08:15,647 [INFO] PluginManage:310 - Check plugin memorymap
2024-12-26 16:08:15,667 [INFO] PluginManage:359 - Loaded plugin memorymap (category:base,tabindex:4)
2024-12-26 16:08:15,667 [INFO] PluginManage:310 - Check plugin pinoutandconfiguration
2024-12-26 16:08:15,684 [INFO] PluginManage:359 - Loaded plugin pinoutandconfiguration (category:base,tabindex:1)
2024-12-26 16:08:15,684 [INFO] PluginManage:310 - Check plugin pinoutconfig
2024-12-26 16:08:15,780 [WARN] SupportedApi:132 - Cannot load RTOS API schema: s4s-elt-must-match.1: The content of 'definitions' must match (annotation?, (simpleType | complexType)?, (unique | key | keyref)*)). A problem was found starting at: attribute.
2024-12-26 16:08:15,934 [INFO] PluginManage:359 - Loaded plugin pinoutconfig (category:base,tabindex:0)
2024-12-26 16:08:15,935 [INFO] PluginManage:310 - Check plugin power
2024-12-26 16:08:15,954 [INFO] PluginManage:359 - Loaded plugin power (category:power,tabindex:4)
2024-12-26 16:08:15,954 [INFO] PluginManage:310 - Check plugin projectmanager
2024-12-26 16:08:15,977 [INFO] PluginManage:359 - Loaded plugin projectmanager (category:projectmanager,tabindex:4)
2024-12-26 16:08:15,978 [INFO] PluginManage:310 - Check plugin rif
2024-12-26 16:08:15,994 [INFO] PluginManage:359 - Loaded plugin rif (category:base,tabindex:3)
2024-12-26 16:08:15,994 [INFO] PluginManage:310 - Check plugin thirdparty
2024-12-26 16:08:16,299 [INFO] PluginManage:359 - Loaded plugin thirdparty (category:base,tabindex:-1)
2024-12-26 16:08:16,299 [WARN] IntegrityCheckThread:84 - waiting for thirdparty lock release [integrity check]
2024-12-26 16:08:16,300 [INFO] IntegrityCheckThread:86 - entering critical section [integrity check]
2024-12-26 16:08:16,300 [INFO] PluginManage:310 - Check plugin tools
2024-12-26 16:08:16,300 [INFO] ThirdPartyUpdaterWithRetryManager:70 - Updater plugin not ready yet. [1/15]
2024-12-26 16:08:16,332 [INFO] PluginManage:359 - Loaded plugin tools (category:base,tabindex:7)
2024-12-26 16:08:16,332 [INFO] PluginManage:310 - Check plugin tutovideos
2024-12-26 16:08:16,505 [INFO] PluginManage:359 - Loaded plugin tutovideos (category:base,tabindex:-1)
2024-12-26 16:08:16,505 [INFO] PluginManage:310 - Check plugin updater
2024-12-26 16:08:16,533 [INFO] PluginManage:359 - Loaded plugin updater (category:base,tabindex:12)
2024-12-26 16:08:16,533 [INFO] PluginManage:310 - Check plugin userauth
2024-12-26 16:08:16,542 [INFO] UserAuth:118 - Init User Auth plugin
2024-12-26 16:08:16,545 [INFO] PluginManage:359 - Loaded plugin userauth (category:base,tabindex:14)
2024-12-26 16:08:16,545 [INFO] PluginManage:283 - PluginManage : Loaded plugins [18]
2024-12-26 16:08:16,740 [INFO] PinOutPanel:1589 - setPackage(No Configuration,No Configuration)
2024-12-26 16:08:16,839 [INFO] CADModel:165 - CPN selected for project level
2024-12-26 16:08:16,839 [INFO] CADModel:114 - Register for checkConnection events
2024-12-26 16:08:16,890 [INFO] IPUIPlugin:80 - create IPUIPlugin
2024-12-26 16:08:16,890 [INFO] PluginManager:220 - loadIPPluginJar : add adc
2024-12-26 16:08:16,943 [INFO] IPUIPlugin:80 - create IPUIPlugin
2024-12-26 16:08:16,943 [INFO] PluginManager:220 - loadIPPluginJar : add aes
2024-12-26 16:08:16,999 [INFO] IPUIPlugin:80 - create IPUIPlugin
2024-12-26 16:08:16,999 [INFO] PluginManager:220 - loadIPPluginJar : add can
2024-12-26 16:08:17,033 [INFO] IPUIPlugin:80 - create IPUIPlugin
2024-12-26 16:08:17,033 [INFO] PluginManager:220 - loadIPPluginJar : add comp
2024-12-26 16:08:17,069 [INFO] IPUIPlugin:80 - create IPUIPlugin
2024-12-26 16:08:17,069 [INFO] PluginManager:220 - loadIPPluginJar : add cryp
2024-12-26 16:08:17,080 [INFO] IPUIPlugin:80 - create IPUIPlugin
2024-12-26 16:08:17,080 [INFO] PluginManager:220 - loadIPPluginJar : add ddr_ctrl_phy
2024-12-26 16:08:17,111 [INFO] IPUIPlugin:80 - create IPUIPlugin
2024-12-26 16:08:17,111 [INFO] PluginManager:220 - loadIPPluginJar : add dfsdm
2024-12-26 16:08:17,124 [INFO] IPUIPlugin:80 - create IPUIPlugin
2024-12-26 16:08:17,124 [INFO] PluginManager:220 - loadIPPluginJar : add dma
2024-12-26 16:08:17,176 [INFO] IPUIPlugin:80 - create IPUIPlugin
2024-12-26 16:08:17,176 [INFO] PluginManager:220 - loadIPPluginJar : add dma3
2024-12-26 16:08:17,249 [INFO] IPUIPlugin:80 - create IPUIPlugin
2024-12-26 16:08:17,250 [INFO] PluginManager:220 - loadIPPluginJar : add extmemmanager
2024-12-26 16:08:17,283 [INFO] IPUIPlugin:80 - create IPUIPlugin
2024-12-26 16:08:17,283 [INFO] PluginManager:220 - loadIPPluginJar : add fatfs
2024-12-26 16:08:17,369 [INFO] IPUIPlugin:80 - create IPUIPlugin
2024-12-26 16:08:17,369 [INFO] PluginManager:220 - loadIPPluginJar : add fmc
2024-12-26 16:08:17,435 [INFO] IPUIPlugin:80 - create IPUIPlugin
2024-12-26 16:08:17,435 [INFO] PluginManager:220 - loadIPPluginJar : add freertos
2024-12-26 16:08:17,467 [INFO] IPUIPlugin:80 - create IPUIPlugin
2024-12-26 16:08:17,467 [INFO] PluginManager:220 - loadIPPluginJar : add genericplugin
2024-12-26 16:08:17,575 [INFO] IPUIPlugin:80 - create IPUIPlugin
2024-12-26 16:08:17,575 [INFO] PluginManager:220 - loadIPPluginJar : add gfxmmu
2024-12-26 16:08:17,718 [INFO] IPUIPlugin:80 - create IPUIPlugin
2024-12-26 16:08:17,719 [INFO] PluginManager:220 - loadIPPluginJar : add gic
2024-12-26 16:08:17,732 [INFO] IPUIPlugin:80 - create IPUIPlugin
2024-12-26 16:08:17,733 [INFO] PluginManager:220 - loadIPPluginJar : add gpio
2024-12-26 16:08:17,894 [INFO] IPUIPlugin:80 - create IPUIPlugin
2024-12-26 16:08:17,894 [INFO] PluginManager:220 - loadIPPluginJar : add gtzc
2024-12-26 16:08:17,945 [INFO] IPUIPlugin:80 - create IPUIPlugin
2024-12-26 16:08:17,946 [INFO] PluginManager:220 - loadIPPluginJar : add hash
2024-12-26 16:08:18,012 [INFO] IPUIPlugin:80 - create IPUIPlugin
2024-12-26 16:08:18,012 [INFO] PluginManager:220 - loadIPPluginJar : add i2c
2024-12-26 16:08:18,052 [INFO] IPUIPlugin:80 - create IPUIPlugin
2024-12-26 16:08:18,053 [INFO] PluginManager:220 - loadIPPluginJar : add i2s
2024-12-26 16:08:18,086 [INFO] IPUIPlugin:80 - create IPUIPlugin
2024-12-26 16:08:18,087 [INFO] PluginManager:220 - loadIPPluginJar : add i3c
2024-12-26 16:08:18,161 [INFO] IPUIPlugin:80 - create IPUIPlugin
2024-12-26 16:08:18,162 [INFO] PluginManager:220 - loadIPPluginJar : add ipddr
2024-12-26 16:08:18,232 [INFO] IPUIPlugin:80 - create IPUIPlugin
2024-12-26 16:08:18,233 [INFO] PluginManager:220 - loadIPPluginJar : add linkedlist
2024-12-26 16:08:18,262 [INFO] IPUIPlugin:80 - create IPUIPlugin
2024-12-26 16:08:18,262 [INFO] PluginManager:220 - loadIPPluginJar : add lorawan
2024-12-26 16:08:18,291 [INFO] IPUIPlugin:80 - create IPUIPlugin
2024-12-26 16:08:18,291 [INFO] PluginManager:220 - loadIPPluginJar : add ltdc
2024-12-26 16:08:18,305 [INFO] IPUIPlugin:80 - create IPUIPlugin
2024-12-26 16:08:18,305 [INFO] PluginManager:220 - loadIPPluginJar : add mdma
2024-12-26 16:08:18,315 [INFO] IPUIPlugin:80 - create IPUIPlugin
2024-12-26 16:08:18,315 [INFO] PluginManager:220 - loadIPPluginJar : add nvic
2024-12-26 16:08:18,351 [INFO] IPUIPlugin:80 - create IPUIPlugin
2024-12-26 16:08:18,351 [INFO] PluginManager:220 - loadIPPluginJar : add opamp
2024-12-26 16:08:18,401 [INFO] IPUIPlugin:80 - create IPUIPlugin
2024-12-26 16:08:18,401 [INFO] PluginManager:220 - loadIPPluginJar : add openamp
2024-12-26 16:08:18,436 [INFO] IPUIPlugin:80 - create IPUIPlugin
2024-12-26 16:08:18,437 [INFO] PluginManager:220 - loadIPPluginJar : add pdm2pcm
2024-12-26 16:08:18,448 [INFO] IPUIPlugin:80 - create IPUIPlugin
2024-12-26 16:08:18,450 [INFO] PluginManager:220 - loadIPPluginJar : add plateformsettings
2024-12-26 16:08:18,472 [INFO] IPUIPlugin:80 - create IPUIPlugin
2024-12-26 16:08:18,472 [INFO] PluginManager:220 - loadIPPluginJar : add quadspi
2024-12-26 16:08:18,495 [INFO] IPUIPlugin:80 - create IPUIPlugin
2024-12-26 16:08:18,495 [INFO] PluginManager:220 - loadIPPluginJar : add radio
2024-12-26 16:08:18,507 [INFO] IPUIPlugin:80 - create IPUIPlugin
2024-12-26 16:08:18,507 [INFO] PluginManager:220 - loadIPPluginJar : add resmgrutility
2024-12-26 16:08:18,544 [INFO] IPUIPlugin:80 - create IPUIPlugin
2024-12-26 16:08:18,544 [INFO] PluginManager:220 - loadIPPluginJar : add sai
2024-12-26 16:08:18,596 [INFO] IPUIPlugin:80 - create IPUIPlugin
2024-12-26 16:08:18,596 [INFO] PluginManager:220 - loadIPPluginJar : add spi
2024-12-26 16:08:18,688 [INFO] IPUIPlugin:80 - create IPUIPlugin
2024-12-26 16:08:18,688 [INFO] PluginManager:220 - loadIPPluginJar : add stm32_wpan
2024-12-26 16:08:18,722 [INFO] IPUIPlugin:80 - create IPUIPlugin
2024-12-26 16:08:18,722 [INFO] PluginManager:220 - loadIPPluginJar : add tim
2024-12-26 16:08:18,768 [INFO] IPUIPlugin:80 - create IPUIPlugin
2024-12-26 16:08:18,768 [INFO] PluginManager:220 - loadIPPluginJar : add touchsensing
2024-12-26 16:08:18,787 [INFO] IPUIPlugin:80 - create IPUIPlugin
2024-12-26 16:08:18,788 [INFO] PluginManager:220 - loadIPPluginJar : add tracer_emb
2024-12-26 16:08:18,806 [INFO] IPUIPlugin:80 - create IPUIPlugin
2024-12-26 16:08:18,806 [INFO] PluginManager:220 - loadIPPluginJar : add ts
2024-12-26 16:08:18,827 [INFO] IPUIPlugin:80 - create IPUIPlugin
2024-12-26 16:08:18,827 [INFO] PluginManager:220 - loadIPPluginJar : add tsc
2024-12-26 16:08:18,846 [INFO] IPUIPlugin:80 - create IPUIPlugin
2024-12-26 16:08:18,846 [INFO] PluginManager:220 - loadIPPluginJar : add ucpd
2024-12-26 16:08:18,883 [INFO] IPUIPlugin:80 - create IPUIPlugin
2024-12-26 16:08:18,883 [INFO] PluginManager:220 - loadIPPluginJar : add usart
2024-12-26 16:08:18,924 [INFO] IPUIPlugin:80 - create IPUIPlugin
2024-12-26 16:08:18,925 [INFO] PluginManager:220 - loadIPPluginJar : add usbx
2024-12-26 16:08:19,058 [FATAL] Updater:351 - Updater called before beeing initialized
2024-12-26 16:08:19,093 [INFO] RulesReader:64 - Compatibility file has been processed (297 Rules)
2024-12-26 16:08:19,112 [INFO] RulesReader:64 - Compatibility file has been processed (297 Rules)
2024-12-26 16:08:19,124 [INFO] CADModel:165 - CPN selected for project level
2024-12-26 16:08:19,124 [INFO] CADModel:114 - Register for checkConnection events
2024-12-26 16:08:19,124 [FATAL] Updater:351 - Updater called before beeing initialized
2024-12-26 16:08:19,125 [ERROR] CADModel:125 - Updater not yet initialized, retry later 
2024-12-26 16:08:19,270 [FATAL] Updater:351 - Updater called before beeing initialized
2024-12-26 16:08:19,272 [INFO] CADModel:165 - CPN selected for project level
2024-12-26 16:08:19,272 [INFO] CADModel:114 - Register for checkConnection events
2024-12-26 16:08:19,272 [FATAL] Updater:351 - Updater called before beeing initialized
2024-12-26 16:08:19,272 [ERROR] CADModel:125 - Updater not yet initialized, retry later 
2024-12-26 16:08:19,275 [FATAL] Updater:351 - Updater called before beeing initialized
2024-12-26 16:08:19,304 [INFO] ThirdPartyUpdaterWithRetryManager:70 - Updater plugin not ready yet. [2/15]
2024-12-26 16:08:19,385 [FATAL] Updater:351 - Updater called before beeing initialized
2024-12-26 16:08:19,393 [INFO] DbMcusAds:53 - JSON generation date=Tue Dec 17 19:01:15 TRT 2024 (1734451275222)
2024-12-26 16:08:19,393 [FATAL] Updater:351 - Updater called before beeing initialized
2024-12-26 16:08:19,421 [WARN] DetailPanel:346 - Failed to get advertising image, set to default
2024-12-26 16:08:19,639 [FATAL] Updater:351 - Updater called before beeing initialized
2024-12-26 16:08:19,642 [FATAL] Updater:351 - Updater called before beeing initialized
2024-12-26 16:08:19,642 [FATAL] Updater:351 - Updater called before beeing initialized
2024-12-26 16:08:19,643 [WARN] DetailPanel:346 - Failed to get advertising image, set to default
2024-12-26 16:08:19,644 [FATAL] Updater:351 - Updater called before beeing initialized
2024-12-26 16:08:19,716 [ERROR] Updater:1198 - MainUpdater not yet initialized. External WinMGr cannot be set.
2024-12-26 16:08:19,726 [INFO] Updater:1134 - Updater Version found : 6.13.0
2024-12-26 16:08:19,739 [INFO] ApplicationProperties:184 - Using Application install path: C:\ST\STM32CubeIDE_1.17.0\STM32CubeIDE\plugins\com.st.stm32cube.common.mx_6.13.0.202411220809
2024-12-26 16:08:21,312 [ERROR] LogOutputStream:75 - [STDERR_REDIRECT] Dec 26, 2024 4:08:21 PM java.util.prefs.WindowsPreferences <init>
2024-12-26 16:08:21,314 [ERROR] LogOutputStream:75 - [STDERR_REDIRECT] WARNING: Could not open/create prefs root node Software\JavaSoft\Prefs at root 0xffffffff80000002. Windows RegCreateKeyEx(...) returned error code 5.
2024-12-26 16:08:21,314 [ERROR] LogOutputStream:75 - [STDERR_REDIRECT] 
2024-12-26 16:08:21,923 [INFO] MainUpdater:2872 - connection check result : 10
2024-12-26 16:08:21,923 [INFO] MainUpdater:3566 - Updater definition file requires update
2024-12-26 16:08:21,924 [INFO] MainUpdater:289 - Updater Check For Update Now.
2024-12-26 16:08:21,924 [INFO] MicroXplorer:498 - Change Database Version : DB.6.0.130
2024-12-26 16:08:21,941 [INFO] McuFinderGlobals:63 - Set McuFinder mode to 2 (CubeIDE integrated)
2024-12-26 16:08:21,941 [INFO] UserAuth:171 - activating auth plugin
2024-12-26 16:08:21,945 [INFO] UserAuth:486 - Internet connection configuration mode: 1
2024-12-26 16:08:21,967 [INFO] JxBrowserEngine:152 - Initiate JxBrowser Engine with user profile folder
2024-12-26 16:08:22,243 [INFO] ServerAccessManage:473 - Download File updaters.zip
2024-12-26 16:08:22,305 [WARN] MainUpdater:1193 - Updater busy. Cannot search thirdparties
2024-12-26 16:08:22,305 [INFO] ThirdPartyUpdaterWithRetryManager:96 - Updater plugin is busy. [1/15]
2024-12-26 16:08:22,656 [INFO] FileExtend:240 - Unzip File : updaters.zip
2024-12-26 16:08:22,656 [INFO] FileExtend:255 - Standard Zip Deflate
2024-12-26 16:08:22,853 [INFO] WebApp:168 - Instantiating new browser for Auth
2024-12-26 16:08:23,134 [INFO] ServerAccessManage:473 - Download File PacksControlFlags.xml
2024-12-26 16:08:23,538 [INFO] ServerAccessManage:473 - Download File cubemx.pidx
2024-12-26 16:08:23,748 [INFO] LoadServerUpdatesThread:375 - End of LoadServerUpdate Thread
2024-12-26 16:08:23,961 [INFO] CheckServerUpdateThread:120 - End of CheckServer Thread
2024-12-26 16:08:24,411 [INFO] WebApp:449 - Apply proxy settings
2024-12-26 16:08:24,412 [INFO] WebApp:534 - Chromium requires no authentication
2024-12-26 16:08:24,422 [INFO] WebApp:477 - Direct internet connection detected
2024-12-26 16:08:24,451 [INFO] WebApp:880 - Register for checkConnection events
2024-12-26 16:08:24,451 [INFO] WebApp:449 - Apply proxy settings
2024-12-26 16:08:24,451 [INFO] WebApp:534 - Chromium requires no authentication
2024-12-26 16:08:24,452 [INFO] WebApp:477 - Direct internet connection detected
2024-12-26 16:08:24,669 [INFO] WebApp:221 - Starting web application
2024-12-26 16:08:24,669 [INFO] WebApp:579 - Web application path used C:\ST\STM32CubeIDE_1.17.0\STM32CubeIDE\plugins\com.st.stm32cube.common.mx_6.13.0.202411220809\db\plugins\mcufinder\reactClient1\index.html
2024-12-26 16:08:25,109 [INFO] WebApp:187 - Connection restablished
2024-12-26 16:08:25,147 [ERROR] LogOutputStream:75 - [STDERR_REDIRECT] [Fatal Error] :1:1: Premature end of file.
2024-12-26 16:08:25,148 [ERROR] LogOutputStream:75 - [STDERR_REDIRECT] 
2024-12-26 16:08:25,522 [WARN] PackLoader:240 - Cannot read IP mode file for STMicroelectronics.FP-SNS-MOTENVWB1.1.4.0
2024-12-26 16:08:25,542 [WARN] PackLoader:240 - Cannot read IP mode file for STMicroelectronics.FP-ATR-ASTRA1.2.0.1
2024-12-26 16:08:25,560 [WARN] PackLoader:240 - Cannot read IP mode file for STMicroelectronics.X-CUBE-SMBUS.2.1.0
2024-12-26 16:08:25,586 [WARN] PackLoader:240 - Cannot read IP mode file for STMicroelectronics.X-CUBE-WB05N.1.1.0
2024-12-26 16:08:25,640 [WARN] PackLoader:240 - Cannot read IP mode file for STMicroelectronics.X-CUBE-AZRTOS-F7.1.1.0
2024-12-26 16:08:25,716 [WARN] PackLoader:240 - Cannot read IP mode file for STMicroelectronics.X-CUBE-MEMS1.11.0.0
2024-12-26 16:08:25,871 [WARN] PackLoader:240 - Cannot read IP mode file for STMicroelectronics.FP-SNS-FLIGHT1.5.0.2
2024-12-26 16:08:25,909 [WARN] PackLoader:240 - Cannot read IP mode file for Infineon.AIROC-Wi-Fi-Bluetooth-STM32.1.7.0
2024-12-26 16:08:25,932 [WARN] PackLoader:240 - Cannot read IP mode file for STMicroelectronics.X-CUBE-DISPLAY.3.0.0
2024-12-26 16:08:25,951 [WARN] PackLoader:240 - Cannot read IP mode file for STMicroelectronics.X-CUBE-BLE1.7.0.0
2024-12-26 16:08:25,968 [WARN] PackLoader:240 - Cannot read IP mode file for STMicroelectronics.X-CUBE-NFC10.1.0.0
2024-12-26 16:08:25,989 [WARN] PackLoader:240 - Cannot read IP mode file for STMicroelectronics.X-CUBE-BLEMGR.4.0.0
2024-12-26 16:08:26,008 [WARN] PackLoader:240 - Cannot read IP mode file for emotas.I-CUBE-CANOPEN.1.3.0
2024-12-26 16:08:26,024 [WARN] PackLoader:240 - Cannot read IP mode file for STMicroelectronics.FP-SNS-SMARTAG2.1.2.0
2024-12-26 16:08:26,092 [WARN] PackLoader:240 - Cannot read IP mode file for STMicroelectronics.X-CUBE-MEMS1.11.1.0
2024-12-26 16:08:26,109 [ERROR] LogOutputStream:75 - [STDERR_REDIRECT] [Fatal Error] :1:1: Premature end of file.
2024-12-26 16:08:26,109 [ERROR] LogOutputStream:75 - [STDERR_REDIRECT] 
2024-12-26 16:08:26,211 [INFO] LogOutputStream:77 - [STDOUT_REDIRECT] 1 : Invalid condition id : UX_CORESTACK_Condition cause : null
2024-12-26 16:08:26,212 [INFO] LogOutputStream:77 - [STDOUT_REDIRECT] 1 : Invalid condition id : UX_CORESTACK_Condition cause : null
2024-12-26 16:08:26,213 [INFO] LogOutputStream:77 - [STDOUT_REDIRECT] 1 : Invalid condition id : UX_CORESTACK_Condition cause : null
2024-12-26 16:08:26,216 [INFO] LogOutputStream:77 - [STDOUT_REDIRECT] 1 : Invalid condition id : UX_CORESTACK_Condition cause : null
2024-12-26 16:08:26,219 [INFO] LogOutputStream:77 - [STDOUT_REDIRECT] 1 : Invalid condition id : UX_CORESTACK_Condition cause : null
2024-12-26 16:08:26,221 [WARN] PackLoader:240 - Cannot read IP mode file for STMicroelectronics.X-CUBE-AZRTOS-WL.2.0.0
2024-12-26 16:08:26,240 [WARN] PackLoader:240 - Cannot read IP mode file for STMicroelectronics.FP-SNS-MOTENV1.5.0.0
2024-12-26 16:08:26,256 [WARN] PackLoader:240 - Cannot read IP mode file for wolfSSL.I-CUBE-wolfMQTT.1.19.0
2024-12-26 16:08:26,281 [WARN] PackLoader:240 - Cannot read IP mode file for WES.I-CUBE-Cesium.1.3.0
2024-12-26 16:08:26,300 [WARN] PackLoader:240 - Cannot read IP mode file for STMicroelectronics.X-CUBE-BLE2.3.3.0
2024-12-26 16:08:26,321 [WARN] PackLoader:240 - Cannot read IP mode file for STMicroelectronics.X-CUBE-NFC9.1.0.0
2024-12-26 16:08:26,349 [WARN] PackLoader:240 - Cannot read IP mode file for STMicroelectronics.X-CUBE-AZRTOS-G0.1.1.0
2024-12-26 16:08:26,368 [WARN] PackLoader:240 - Cannot read IP mode file for STMicroelectronics.X-CUBE-SAFEA1.1.2.2
2024-12-26 16:08:26,385 [WARN] PackLoader:240 - Cannot read IP mode file for STMicroelectronics.X-CUBE-NFC4.3.0.0
2024-12-26 16:08:26,402 [WARN] PackLoader:240 - Cannot read IP mode file for EmbeddedOffice.I-CUBE-FS-RTOS.1.0.1
2024-12-26 16:08:26,420 [WARN] PackLoader:240 - Cannot read IP mode file for STMicroelectronics.X-CUBE-TCPP.4.2.0
2024-12-26 16:08:26,437 [WARN] PackLoader:240 - Cannot read IP mode file for RealThread.X-CUBE-RT-Thread_Nano.4.1.1
2024-12-26 16:08:26,452 [WARN] PackLoader:240 - Cannot read IP mode file for STMicroelectronics.FP-ATR-SIGFOX1.3.2.0
2024-12-26 16:08:26,467 [WARN] ConditionMgr:438 - getConditionDescription Invalid condition id : Cortex-A Device cause : null
2024-12-26 16:08:26,504 [WARN] ConditionMgr:1044 - genDependencies : Invalid condition id : Cortex-A Device cause : null
2024-12-26 16:08:26,504 [WARN] ConditionMgr:1044 - genDependencies : Invalid condition id : Cortex-A Device cause : null
2024-12-26 16:08:26,504 [WARN] ConditionMgr:1044 - genDependencies : Invalid condition id : Cortex-A Device cause : null
2024-12-26 16:08:26,523 [WARN] PackLoader:240 - Cannot read IP mode file for STMicroelectronics.X-CUBE-EEPRMA1.5.1.0
2024-12-26 16:08:26,540 [WARN] PackLoader:240 - Cannot read IP mode file for wolfSSL.I-CUBE-wolfSSL.5.7.4
2024-12-26 16:08:26,559 [WARN] PackLoader:240 - Cannot read IP mode file for ITTIA_DB.I-CUBE-ITTIADB.8.9.0
2024-12-26 16:08:26,594 [WARN] PackLoader:240 - Cannot read IP mode file for SEGGER.I-CUBE-embOS.1.3.1
2024-12-26 16:08:26,633 [WARN] PackLoader:240 - Cannot read IP mode file for STMicroelectronics.X-CUBE-ALGOBUILD.1.4.0
2024-12-26 16:08:26,650 [WARN] PackLoader:240 - Cannot read IP mode file for STMicroelectronics.X-CUBE-AI.9.1.0
2024-12-26 16:08:26,677 [WARN] PackLoader:240 - Cannot read IP mode file for STMicroelectronics.X-CUBE-AZRTOS-F4.1.1.0
2024-12-26 16:08:26,692 [WARN] PackLoader:240 - Cannot read IP mode file for STMicroelectronics.X-CUBE-ISPU.2.1.0
2024-12-26 16:08:26,718 [WARN] PackLoader:240 - Cannot read IP mode file for STMicroelectronics.X-CUBE-AZRTOS-L5.2.0.0
2024-12-26 16:08:26,736 [WARN] PackLoader:240 - Cannot read IP mode file for STMicroelectronics.X-CUBE-NFC6.3.1.0
2024-12-26 16:08:26,753 [WARN] PackLoader:240 - Cannot read IP mode file for STMicroelectronics.X-CUBE-DPower.1.2.0
2024-12-26 16:08:26,772 [WARN] PackLoader:240 - Cannot read IP mode file for STMicroelectronics.X-CUBE-FREERTOS.1.3.0
2024-12-26 16:08:26,787 [WARN] PackLoader:240 - Cannot read IP mode file for STMicroelectronics.X-CUBE-NFC7.1.0.1
2024-12-26 16:08:26,813 [WARN] ConditionMgr:438 - getConditionDescription Invalid condition id : LAN8742 Phy interface Condition cause : null
2024-12-26 16:08:26,814 [WARN] PackLoader:240 - Cannot read IP mode file for STMicroelectronics.X-CUBE-AZRTOS-L4.2.0.0
2024-12-26 16:08:26,814 [WARN] ConditionMgr:1044 - genDependencies : Invalid condition id : LAN8742 Phy interface Condition cause : null
2024-12-26 16:08:26,814 [WARN] ConditionMgr:1044 - genDependencies : Invalid condition id : LAN8742 Phy interface Condition cause : null
2024-12-26 16:08:26,815 [WARN] ConditionMgr:1044 - genDependencies : Invalid condition id : LAN8742 Phy interface Condition cause : null
2024-12-26 16:08:26,833 [WARN] PackLoader:240 - Cannot read IP mode file for STMicroelectronics.X-CUBE-SFXS2LP1.4.0.0
2024-12-26 16:08:26,874 [WARN] PackLoader:240 - Cannot read IP mode file for STMicroelectronics.X-CUBE-AZRTOS-H7.3.3.0
2024-12-26 16:08:26,904 [WARN] PackLoader:240 - Cannot read IP mode file for STMicroelectronics.X-CUBE-IPS.3.0.0
2024-12-26 16:08:26,943 [WARN] ConditionMgr:438 - getConditionDescription Invalid condition id : UX DEVICE CLASS RTOS Condition cause : null
2024-12-26 16:08:26,944 [WARN] ConditionMgr:438 - getConditionDescription Invalid condition id : UX DEVICE CLASS RTOS Condition cause : null
2024-12-26 16:08:26,946 [WARN] PackLoader:240 - Cannot read IP mode file for STMicroelectronics.X-CUBE-AZRTOS-WB.2.0.0
2024-12-26 16:08:26,947 [WARN] ConditionMgr:1044 - genDependencies : Invalid condition id : UX DEVICE CLASS RTOS Condition cause : null
2024-12-26 16:08:26,947 [WARN] ConditionMgr:1044 - genDependencies : Invalid condition id : UX DEVICE CLASS RTOS Condition cause : null
2024-12-26 16:08:26,947 [WARN] ConditionMgr:1044 - genDependencies : Invalid condition id : UX DEVICE CLASS RTOS Condition cause : null
2024-12-26 16:08:26,948 [WARN] ConditionMgr:1044 - genDependencies : Invalid condition id : UX DEVICE CLASS RTOS Condition cause : null
2024-12-26 16:08:26,948 [WARN] ConditionMgr:1044 - genDependencies : Invalid condition id : UX DEVICE CLASS RTOS Condition cause : null
2024-12-26 16:08:26,968 [WARN] PackLoader:240 - Cannot read IP mode file for STMicroelectronics.X-CUBE-GNSS1.7.0.0
2024-12-26 16:08:26,985 [WARN] PackLoader:240 - Cannot read IP mode file for STMicroelectronics.X-CUBE-GNSS1.7.0.1
2024-12-26 16:08:27,002 [WARN] PackLoader:240 - Cannot read IP mode file for STMicroelectronics.FP-SNS-STBOX1.2.0.0
2024-12-26 16:08:27,027 [WARN] PackLoader:240 - Cannot read IP mode file for STMicroelectronics.X-CUBE-SUBG2.5.0.0
2024-12-26 16:08:27,044 [WARN] PackLoader:240 - Cannot read IP mode file for Cesanta.I-CUBE-Mongoose.7.13.0
2024-12-26 16:08:27,068 [WARN] PackLoader:240 - Cannot read IP mode file for STMicroelectronics.X-CUBE-AZRTOS-G4.2.0.0
2024-12-26 16:08:27,086 [WARN] PackLoader:240 - Cannot read IP mode file for STMicroelectronics.X-CUBE-ALS.1.0.2
2024-12-26 16:08:27,103 [ERROR] LogOutputStream:75 - [STDERR_REDIRECT] [Fatal Error] :1:1: Premature end of file.
2024-12-26 16:08:27,104 [ERROR] LogOutputStream:75 - [STDERR_REDIRECT] 
2024-12-26 16:08:27,108 [WARN] PackLoader:240 - Cannot read IP mode file for STMicroelectronics.X-CUBE-TOUCHGFX.4.24.1
2024-12-26 16:08:27,123 [WARN] PackLoader:240 - Cannot read IP mode file for wolfSSL.I-CUBE-wolfTPM.3.4.0
2024-12-26 16:08:27,138 [WARN] PackLoader:240 - Cannot read IP mode file for portGmbH.I-Cube-SoM-uGOAL.1.1.0
2024-12-26 16:08:27,164 [WARN] PackLoader:240 - Cannot read IP mode file for STMicroelectronics.X-CUBE-AZRTOS-H7RS.1.0.0
2024-12-26 16:08:27,184 [WARN] PackLoader:240 - Cannot read IP mode file for STMicroelectronics.X-CUBE-TOF1.3.4.2
2024-12-26 16:08:27,210 [WARN] PackLoader:240 - Cannot read IP mode file for wolfSSL.I-CUBE-wolfSSH.1.4.17
2024-12-26 16:08:27,211 [INFO] ThirdParty:978 - Integrity check success = true
2024-12-26 16:08:27,211 [INFO] IntegrityCheckThread:100 - exiting critical section [integrity check]
2024-12-26 16:08:27,211 [INFO] IntegrityCheckThread:103 - End integrity checks thread
2024-12-26 16:08:28,090 [ERROR] LogOutputStream:75 - [STDERR_REDIRECT] [Fatal Error] :1:1: Premature end of file.
2024-12-26 16:08:28,090 [ERROR] LogOutputStream:75 - [STDERR_REDIRECT] 
2024-12-26 16:08:29,091 [ERROR] LogOutputStream:75 - [STDERR_REDIRECT] [Fatal Error] :1:1: Premature end of file.
2024-12-26 16:08:29,092 [ERROR] LogOutputStream:75 - [STDERR_REDIRECT] 
2024-12-26 16:08:30,102 [ERROR] LogOutputStream:75 - [STDERR_REDIRECT] [Fatal Error] :1:1: Premature end of file.
2024-12-26 16:08:30,103 [ERROR] LogOutputStream:75 - [STDERR_REDIRECT] 
2024-12-26 16:08:31,091 [ERROR] LogOutputStream:75 - [STDERR_REDIRECT] [Fatal Error] :1:1: Premature end of file.
2024-12-26 16:08:31,092 [ERROR] LogOutputStream:75 - [STDERR_REDIRECT] 
2024-12-26 16:08:32,088 [ERROR] LogOutputStream:75 - [STDERR_REDIRECT] [Fatal Error] :1:1: Premature end of file.
2024-12-26 16:08:32,088 [ERROR] LogOutputStream:75 - [STDERR_REDIRECT] 
2024-12-26 16:08:33,090 [ERROR] LogOutputStream:75 - [STDERR_REDIRECT] [Fatal Error] :1:1: Premature end of file.
2024-12-26 16:08:33,090 [ERROR] LogOutputStream:75 - [STDERR_REDIRECT] 
2024-12-26 16:08:34,093 [ERROR] LogOutputStream:75 - [STDERR_REDIRECT] [Fatal Error] :1:1: Premature end of file.
2024-12-26 16:08:34,093 [ERROR] LogOutputStream:75 - [STDERR_REDIRECT] 
2024-12-26 16:08:35,103 [ERROR] LogOutputStream:75 - [STDERR_REDIRECT] [Fatal Error] :1:1: Premature end of file.
2024-12-26 16:08:35,106 [ERROR] LogOutputStream:75 - [STDERR_REDIRECT] 
2024-12-26 16:08:36,088 [ERROR] LogOutputStream:75 - [STDERR_REDIRECT] [Fatal Error] :1:1: Premature end of file.
2024-12-26 16:08:36,088 [ERROR] LogOutputStream:75 - [STDERR_REDIRECT] 
2024-12-26 16:08:37,088 [ERROR] LogOutputStream:75 - [STDERR_REDIRECT] [Fatal Error] :1:1: Premature end of file.
2024-12-26 16:08:37,088 [ERROR] LogOutputStream:75 - [STDERR_REDIRECT] 
2024-12-26 16:08:38,088 [ERROR] LogOutputStream:75 - [STDERR_REDIRECT] [Fatal Error] :1:1: Premature end of file.
2024-12-26 16:08:38,088 [ERROR] LogOutputStream:75 - [STDERR_REDIRECT] 
2024-12-26 16:08:39,088 [ERROR] LogOutputStream:75 - [STDERR_REDIRECT] [Fatal Error] :1:1: Premature end of file.
2024-12-26 16:08:39,089 [ERROR] LogOutputStream:75 - [STDERR_REDIRECT] 
2024-12-26 16:08:40,088 [ERROR] LogOutputStream:75 - [STDERR_REDIRECT] [Fatal Error] :1:1: Premature end of file.
2024-12-26 16:08:40,089 [ERROR] LogOutputStream:75 - [STDERR_REDIRECT] 
2024-12-26 16:08:41,093 [ERROR] LogOutputStream:75 - [STDERR_REDIRECT] [Fatal Error] :1:1: Premature end of file.
2024-12-26 16:08:41,093 [ERROR] LogOutputStream:75 - [STDERR_REDIRECT] 
2024-12-26 16:08:42,093 [ERROR] LogOutputStream:75 - [STDERR_REDIRECT] [Fatal Error] :1:1: Premature end of file.
2024-12-26 16:08:42,094 [ERROR] LogOutputStream:75 - [STDERR_REDIRECT] 
2024-12-26 16:08:43,089 [ERROR] LogOutputStream:75 - [STDERR_REDIRECT] [Fatal Error] :1:1: Premature end of file.
2024-12-26 16:08:43,089 [ERROR] LogOutputStream:75 - [STDERR_REDIRECT] 
2024-12-26 16:08:44,090 [ERROR] LogOutputStream:75 - [STDERR_REDIRECT] [Fatal Error] :1:1: Premature end of file.
2024-12-26 16:08:44,090 [ERROR] LogOutputStream:75 - [STDERR_REDIRECT] 
2024-12-26 16:08:45,089 [ERROR] LogOutputStream:75 - [STDERR_REDIRECT] [Fatal Error] :1:1: Premature end of file.
2024-12-26 16:08:45,090 [ERROR] LogOutputStream:75 - [STDERR_REDIRECT] 
2024-12-26 16:08:46,096 [ERROR] LogOutputStream:75 - [STDERR_REDIRECT] [Fatal Error] :1:1: Premature end of file.
2024-12-26 16:08:46,096 [ERROR] LogOutputStream:75 - [STDERR_REDIRECT] 
2024-12-26 16:08:47,094 [ERROR] LogOutputStream:75 - [STDERR_REDIRECT] [Fatal Error] :1:1: Premature end of file.
2024-12-26 16:08:47,095 [ERROR] LogOutputStream:75 - [STDERR_REDIRECT] 
2024-12-26 16:08:48,086 [ERROR] LogOutputStream:75 - [STDERR_REDIRECT] [Fatal Error] :1:1: Premature end of file.
2024-12-26 16:08:48,086 [ERROR] LogOutputStream:75 - [STDERR_REDIRECT] 
2024-12-26 16:08:49,091 [ERROR] LogOutputStream:75 - [STDERR_REDIRECT] [Fatal Error] :1:1: Premature end of file.
2024-12-26 16:08:49,091 [ERROR] LogOutputStream:75 - [STDERR_REDIRECT] 
2024-12-26 16:08:50,088 [ERROR] LogOutputStream:75 - [STDERR_REDIRECT] [Fatal Error] :1:1: Premature end of file.
2024-12-26 16:08:50,088 [ERROR] LogOutputStream:75 - [STDERR_REDIRECT] 
2024-12-26 16:08:51,088 [ERROR] LogOutputStream:75 - [STDERR_REDIRECT] [Fatal Error] :1:1: Premature end of file.
2024-12-26 16:08:51,089 [ERROR] LogOutputStream:75 - [STDERR_REDIRECT] 
2024-12-26 16:08:52,092 [ERROR] LogOutputStream:75 - [STDERR_REDIRECT] [Fatal Error] :1:1: Premature end of file.
2024-12-26 16:08:52,093 [ERROR] LogOutputStream:75 - [STDERR_REDIRECT] 
2024-12-26 16:08:53,094 [ERROR] LogOutputStream:75 - [STDERR_REDIRECT] [Fatal Error] :1:1: Premature end of file.
2024-12-26 16:08:53,095 [ERROR] LogOutputStream:75 - [STDERR_REDIRECT] 
2024-12-26 16:08:54,087 [ERROR] LogOutputStream:75 - [STDERR_REDIRECT] [Fatal Error] :1:1: Premature end of file.
2024-12-26 16:08:54,087 [ERROR] LogOutputStream:75 - [STDERR_REDIRECT] 
2024-12-26 16:08:55,086 [ERROR] LogOutputStream:75 - [STDERR_REDIRECT] [Fatal Error] :1:1: Premature end of file.
2024-12-26 16:08:55,086 [ERROR] LogOutputStream:75 - [STDERR_REDIRECT] 
2024-12-26 16:08:56,092 [ERROR] LogOutputStream:75 - [STDERR_REDIRECT] [Fatal Error] :1:1: Premature end of file.
2024-12-26 16:08:56,092 [ERROR] LogOutputStream:75 - [STDERR_REDIRECT] 
2024-12-26 16:08:57,088 [ERROR] LogOutputStream:75 - [STDERR_REDIRECT] [Fatal Error] :1:1: Premature end of file.
2024-12-26 16:08:57,088 [ERROR] LogOutputStream:75 - [STDERR_REDIRECT] 
2024-12-26 16:08:58,093 [ERROR] LogOutputStream:75 - [STDERR_REDIRECT] [Fatal Error] :1:1: Premature end of file.
2024-12-26 16:08:58,093 [ERROR] LogOutputStream:75 - [STDERR_REDIRECT] 
2024-12-26 16:08:59,087 [ERROR] LogOutputStream:75 - [STDERR_REDIRECT] [Fatal Error] :1:1: Premature end of file.
2024-12-26 16:08:59,089 [ERROR] LogOutputStream:75 - [STDERR_REDIRECT] 
2024-12-26 16:09:00,088 [ERROR] LogOutputStream:75 - [STDERR_REDIRECT] [Fatal Error] :1:1: Premature end of file.
2024-12-26 16:09:00,088 [ERROR] LogOutputStream:75 - [STDERR_REDIRECT] 
2024-12-26 16:09:01,084 [ERROR] LogOutputStream:75 - [STDERR_REDIRECT] [Fatal Error] :1:1: Premature end of file.
2024-12-26 16:09:01,086 [ERROR] LogOutputStream:75 - [STDERR_REDIRECT] 
2024-12-26 16:09:02,087 [ERROR] LogOutputStream:75 - [STDERR_REDIRECT] [Fatal Error] :1:1: Premature end of file.
2024-12-26 16:09:02,087 [ERROR] LogOutputStream:75 - [STDERR_REDIRECT] 
2024-12-26 16:09:03,087 [ERROR] LogOutputStream:75 - [STDERR_REDIRECT] [Fatal Error] :1:1: Premature end of file.
2024-12-26 16:09:03,087 [ERROR] LogOutputStream:75 - [STDERR_REDIRECT] 
2024-12-26 16:09:04,087 [ERROR] LogOutputStream:75 - [STDERR_REDIRECT] [Fatal Error] :1:1: Premature end of file.
2024-12-26 16:09:04,087 [ERROR] LogOutputStream:75 - [STDERR_REDIRECT] 
2024-12-26 16:09:05,087 [ERROR] LogOutputStream:75 - [STDERR_REDIRECT] [Fatal Error] :1:1: Premature end of file.
2024-12-26 16:09:05,089 [ERROR] LogOutputStream:75 - [STDERR_REDIRECT] 
2024-12-26 16:09:06,087 [ERROR] LogOutputStream:75 - [STDERR_REDIRECT] [Fatal Error] :1:1: Premature end of file.
2024-12-26 16:09:06,087 [ERROR] LogOutputStream:75 - [STDERR_REDIRECT] 
2024-12-26 16:09:07,097 [ERROR] LogOutputStream:75 - [STDERR_REDIRECT] [Fatal Error] :1:1: Premature end of file.
2024-12-26 16:09:07,097 [ERROR] LogOutputStream:75 - [STDERR_REDIRECT] 
2024-12-26 16:09:08,088 [ERROR] LogOutputStream:75 - [STDERR_REDIRECT] [Fatal Error] :1:1: Premature end of file.
2024-12-26 16:09:08,089 [ERROR] LogOutputStream:75 - [STDERR_REDIRECT] 
2024-12-26 16:09:09,089 [ERROR] LogOutputStream:75 - [STDERR_REDIRECT] [Fatal Error] :1:1: Premature end of file.
2024-12-26 16:09:09,089 [ERROR] LogOutputStream:75 - [STDERR_REDIRECT] 
2024-12-26 16:09:10,093 [ERROR] LogOutputStream:75 - [STDERR_REDIRECT] [Fatal Error] :1:1: Premature end of file.
2024-12-26 16:09:10,093 [ERROR] LogOutputStream:75 - [STDERR_REDIRECT] 
2024-12-26 16:09:11,099 [ERROR] LogOutputStream:75 - [STDERR_REDIRECT] [Fatal Error] :1:1: Premature end of file.
2024-12-26 16:09:11,102 [ERROR] LogOutputStream:75 - [STDERR_REDIRECT] 
2024-12-26 16:09:12,089 [ERROR] LogOutputStream:75 - [STDERR_REDIRECT] [Fatal Error] :1:1: Premature end of file.
2024-12-26 16:09:12,089 [ERROR] LogOutputStream:75 - [STDERR_REDIRECT] 
2024-12-26 16:09:13,087 [ERROR] LogOutputStream:75 - [STDERR_REDIRECT] [Fatal Error] :1:1: Premature end of file.
2024-12-26 16:09:13,088 [ERROR] LogOutputStream:75 - [STDERR_REDIRECT] 
2024-12-26 16:09:14,098 [ERROR] LogOutputStream:75 - [STDERR_REDIRECT] [Fatal Error] :1:1: Premature end of file.
2024-12-26 16:09:14,098 [ERROR] LogOutputStream:75 - [STDERR_REDIRECT] 
2024-12-26 16:09:15,089 [ERROR] LogOutputStream:75 - [STDERR_REDIRECT] [Fatal Error] :1:1: Premature end of file.
2024-12-26 16:09:15,089 [ERROR] LogOutputStream:75 - [STDERR_REDIRECT] 
2024-12-26 16:09:16,087 [ERROR] LogOutputStream:75 - [STDERR_REDIRECT] [Fatal Error] :1:1: Premature end of file.
2024-12-26 16:09:16,088 [ERROR] LogOutputStream:75 - [STDERR_REDIRECT] 
2024-12-26 16:09:17,087 [ERROR] LogOutputStream:75 - [STDERR_REDIRECT] [Fatal Error] :1:1: Premature end of file.
2024-12-26 16:09:17,106 [ERROR] LogOutputStream:75 - [STDERR_REDIRECT] 
2024-12-26 16:09:18,092 [ERROR] LogOutputStream:75 - [STDERR_REDIRECT] [Fatal Error] :1:1: Premature end of file.
2024-12-26 16:09:18,092 [ERROR] LogOutputStream:75 - [STDERR_REDIRECT] 
2024-12-26 16:09:19,088 [ERROR] LogOutputStream:75 - [STDERR_REDIRECT] [Fatal Error] :1:1: Premature end of file.
2024-12-26 16:09:19,088 [ERROR] LogOutputStream:75 - [STDERR_REDIRECT] 
2024-12-26 16:09:20,086 [ERROR] LogOutputStream:75 - [STDERR_REDIRECT] [Fatal Error] :1:1: Premature end of file.
2024-12-26 16:09:20,086 [ERROR] LogOutputStream:75 - [STDERR_REDIRECT] 
2024-12-26 16:09:21,089 [ERROR] LogOutputStream:75 - [STDERR_REDIRECT] [Fatal Error] :1:1: Premature end of file.
2024-12-26 16:09:21,090 [ERROR] LogOutputStream:75 - [STDERR_REDIRECT] 
2024-12-26 16:09:22,089 [ERROR] LogOutputStream:75 - [STDERR_REDIRECT] [Fatal Error] :1:1: Premature end of file.
2024-12-26 16:09:22,089 [ERROR] LogOutputStream:75 - [STDERR_REDIRECT] 
2024-12-26 16:09:23,088 [ERROR] LogOutputStream:75 - [STDERR_REDIRECT] [Fatal Error] :1:1: Premature end of file.
2024-12-26 16:09:23,089 [ERROR] LogOutputStream:75 - [STDERR_REDIRECT] 
2024-12-26 16:09:24,088 [ERROR] LogOutputStream:75 - [STDERR_REDIRECT] [Fatal Error] :1:1: Premature end of file.
2024-12-26 16:09:24,089 [ERROR] LogOutputStream:75 - [STDERR_REDIRECT] 
2024-12-26 16:09:25,086 [ERROR] LogOutputStream:75 - [STDERR_REDIRECT] [Fatal Error] :1:1: Premature end of file.
2024-12-26 16:09:25,086 [ERROR] LogOutputStream:75 - [STDERR_REDIRECT] 
2024-12-26 16:09:26,090 [ERROR] LogOutputStream:75 - [STDERR_REDIRECT] [Fatal Error] :1:1: Premature end of file.
2024-12-26 16:09:26,090 [ERROR] LogOutputStream:75 - [STDERR_REDIRECT] 
2024-12-26 16:09:27,091 [ERROR] LogOutputStream:75 - [STDERR_REDIRECT] [Fatal Error] :1:1: Premature end of file.
2024-12-26 16:09:27,092 [ERROR] LogOutputStream:75 - [STDERR_REDIRECT] 
2024-12-26 16:09:28,087 [ERROR] LogOutputStream:75 - [STDERR_REDIRECT] [Fatal Error] :1:1: Premature end of file.
2024-12-26 16:09:28,087 [ERROR] LogOutputStream:75 - [STDERR_REDIRECT] 
2024-12-26 16:09:29,090 [ERROR] LogOutputStream:75 - [STDERR_REDIRECT] [Fatal Error] :1:1: Premature end of file.
2024-12-26 16:09:29,090 [ERROR] LogOutputStream:75 - [STDERR_REDIRECT] 
2024-12-26 16:09:30,087 [ERROR] LogOutputStream:75 - [STDERR_REDIRECT] [Fatal Error] :1:1: Premature end of file.
2024-12-26 16:09:30,087 [ERROR] LogOutputStream:75 - [STDERR_REDIRECT] 
2024-12-26 16:09:31,093 [ERROR] LogOutputStream:75 - [STDERR_REDIRECT] [Fatal Error] :1:1: Premature end of file.
2024-12-26 16:09:31,093 [ERROR] LogOutputStream:75 - [STDERR_REDIRECT] 
2024-12-26 16:09:32,090 [ERROR] LogOutputStream:75 - [STDERR_REDIRECT] [Fatal Error] :1:1: Premature end of file.
2024-12-26 16:09:32,090 [ERROR] LogOutputStream:75 - [STDERR_REDIRECT] 
2024-12-26 16:09:33,091 [ERROR] LogOutputStream:75 - [STDERR_REDIRECT] [Fatal Error] :1:1: Premature end of file.
2024-12-26 16:09:33,091 [ERROR] LogOutputStream:75 - [STDERR_REDIRECT] 
2024-12-26 16:09:34,085 [ERROR] LogOutputStream:75 - [STDERR_REDIRECT] [Fatal Error] :1:1: Premature end of file.
2024-12-26 16:09:34,085 [ERROR] LogOutputStream:75 - [STDERR_REDIRECT] 
2024-12-26 16:09:35,088 [ERROR] LogOutputStream:75 - [STDERR_REDIRECT] [Fatal Error] :1:1: Premature end of file.
2024-12-26 16:09:35,088 [ERROR] LogOutputStream:75 - [STDERR_REDIRECT] 
2024-12-26 16:09:36,086 [ERROR] LogOutputStream:75 - [STDERR_REDIRECT] [Fatal Error] :1:1: Premature end of file.
2024-12-26 16:09:36,086 [ERROR] LogOutputStream:75 - [STDERR_REDIRECT] 
2024-12-26 16:09:37,086 [ERROR] LogOutputStream:75 - [STDERR_REDIRECT] [Fatal Error] :1:1: Premature end of file.
2024-12-26 16:09:37,086 [ERROR] LogOutputStream:75 - [STDERR_REDIRECT] 
2024-12-26 16:09:38,086 [ERROR] LogOutputStream:75 - [STDERR_REDIRECT] [Fatal Error] :1:1: Premature end of file.
2024-12-26 16:09:38,086 [ERROR] LogOutputStream:75 - [STDERR_REDIRECT] 
2024-12-26 16:09:39,092 [ERROR] LogOutputStream:75 - [STDERR_REDIRECT] [Fatal Error] :1:1: Premature end of file.
2024-12-26 16:09:39,092 [ERROR] LogOutputStream:75 - [STDERR_REDIRECT] 
2024-12-26 16:09:40,093 [ERROR] LogOutputStream:75 - [STDERR_REDIRECT] [Fatal Error] :1:1: Premature end of file.
2024-12-26 16:09:40,093 [ERROR] LogOutputStream:75 - [STDERR_REDIRECT] 
2024-12-26 16:09:41,089 [ERROR] LogOutputStream:75 - [STDERR_REDIRECT] [Fatal Error] :1:1: Premature end of file.
2024-12-26 16:09:41,089 [ERROR] LogOutputStream:75 - [STDERR_REDIRECT] 
2024-12-26 16:09:42,096 [ERROR] LogOutputStream:75 - [STDERR_REDIRECT] [Fatal Error] :1:1: Premature end of file.
2024-12-26 16:09:42,097 [ERROR] LogOutputStream:75 - [STDERR_REDIRECT] 
2024-12-26 16:09:43,087 [ERROR] LogOutputStream:75 - [STDERR_REDIRECT] [Fatal Error] :1:1: Premature end of file.
2024-12-26 16:09:43,087 [ERROR] LogOutputStream:75 - [STDERR_REDIRECT] 
2024-12-26 16:09:44,094 [ERROR] LogOutputStream:75 - [STDERR_REDIRECT] [Fatal Error] :1:1: Premature end of file.
2024-12-26 16:09:44,094 [ERROR] LogOutputStream:75 - [STDERR_REDIRECT] 
2024-12-26 16:09:45,091 [ERROR] LogOutputStream:75 - [STDERR_REDIRECT] [Fatal Error] :1:1: Premature end of file.
2024-12-26 16:09:45,091 [ERROR] LogOutputStream:75 - [STDERR_REDIRECT] 
2024-12-26 16:09:46,086 [ERROR] LogOutputStream:75 - [STDERR_REDIRECT] [Fatal Error] :1:1: Premature end of file.
2024-12-26 16:09:46,086 [ERROR] LogOutputStream:75 - [STDERR_REDIRECT] 
2024-12-26 16:09:47,090 [ERROR] LogOutputStream:75 - [STDERR_REDIRECT] [Fatal Error] :1:1: Premature end of file.
2024-12-26 16:09:47,090 [ERROR] LogOutputStream:75 - [STDERR_REDIRECT] 
2024-12-26 16:09:48,086 [ERROR] LogOutputStream:75 - [STDERR_REDIRECT] [Fatal Error] :1:1: Premature end of file.
2024-12-26 16:09:48,086 [ERROR] LogOutputStream:75 - [STDERR_REDIRECT] 
2024-12-26 16:09:49,094 [ERROR] LogOutputStream:75 - [STDERR_REDIRECT] [Fatal Error] :1:1: Premature end of file.
2024-12-26 16:09:49,095 [ERROR] LogOutputStream:75 - [STDERR_REDIRECT] 
2024-12-26 16:09:50,088 [ERROR] LogOutputStream:75 - [STDERR_REDIRECT] [Fatal Error] :1:1: Premature end of file.
2024-12-26 16:09:50,088 [ERROR] LogOutputStream:75 - [STDERR_REDIRECT] 
2024-12-26 16:09:51,087 [ERROR] LogOutputStream:75 - [STDERR_REDIRECT] [Fatal Error] :1:1: Premature end of file.
2024-12-26 16:09:51,087 [ERROR] LogOutputStream:75 - [STDERR_REDIRECT] 
2024-12-26 16:09:52,085 [ERROR] LogOutputStream:75 - [STDERR_REDIRECT] [Fatal Error] :1:1: Premature end of file.
2024-12-26 16:09:52,085 [ERROR] LogOutputStream:75 - [STDERR_REDIRECT] 
2024-12-26 16:09:53,090 [ERROR] LogOutputStream:75 - [STDERR_REDIRECT] [Fatal Error] :1:1: Premature end of file.
2024-12-26 16:09:53,090 [ERROR] LogOutputStream:75 - [STDERR_REDIRECT] 
2024-12-26 16:09:54,089 [ERROR] LogOutputStream:75 - [STDERR_REDIRECT] [Fatal Error] :1:1: Premature end of file.
2024-12-26 16:09:54,089 [ERROR] LogOutputStream:75 - [STDERR_REDIRECT] 
2024-12-26 16:09:55,090 [ERROR] LogOutputStream:75 - [STDERR_REDIRECT] [Fatal Error] :1:1: Premature end of file.
2024-12-26 16:09:55,091 [ERROR] LogOutputStream:75 - [STDERR_REDIRECT] 
2024-12-26 16:09:56,090 [ERROR] LogOutputStream:75 - [STDERR_REDIRECT] [Fatal Error] :1:1: Premature end of file.
2024-12-26 16:09:56,090 [ERROR] LogOutputStream:75 - [STDERR_REDIRECT] 
2024-12-26 16:09:57,088 [ERROR] LogOutputStream:75 - [STDERR_REDIRECT] [Fatal Error] :1:1: Premature end of file.
2024-12-26 16:09:57,088 [ERROR] LogOutputStream:75 - [STDERR_REDIRECT] 
2024-12-26 16:09:58,089 [ERROR] LogOutputStream:75 - [STDERR_REDIRECT] [Fatal Error] :1:1: Premature end of file.
2024-12-26 16:09:58,089 [ERROR] LogOutputStream:75 - [STDERR_REDIRECT] 
2024-12-26 16:09:59,087 [ERROR] LogOutputStream:75 - [STDERR_REDIRECT] [Fatal Error] :1:1: Premature end of file.
2024-12-26 16:09:59,087 [ERROR] LogOutputStream:75 - [STDERR_REDIRECT] 
2024-12-26 16:10:00,088 [ERROR] LogOutputStream:75 - [STDERR_REDIRECT] [Fatal Error] :1:1: Premature end of file.
2024-12-26 16:10:00,088 [ERROR] LogOutputStream:75 - [STDERR_REDIRECT] 
2024-12-26 16:10:01,089 [ERROR] LogOutputStream:75 - [STDERR_REDIRECT] [Fatal Error] :1:1: Premature end of file.
2024-12-26 16:10:01,089 [ERROR] LogOutputStream:75 - [STDERR_REDIRECT] 
2024-12-26 16:10:02,089 [ERROR] LogOutputStream:75 - [STDERR_REDIRECT] [Fatal Error] :1:1: Premature end of file.
2024-12-26 16:10:02,089 [ERROR] LogOutputStream:75 - [STDERR_REDIRECT] 
2024-12-26 16:10:03,090 [ERROR] LogOutputStream:75 - [STDERR_REDIRECT] [Fatal Error] :1:1: Premature end of file.
2024-12-26 16:10:03,090 [ERROR] LogOutputStream:75 - [STDERR_REDIRECT] 
2024-12-26 16:10:04,089 [ERROR] LogOutputStream:75 - [STDERR_REDIRECT] [Fatal Error] :1:1: Premature end of file.
2024-12-26 16:10:04,089 [ERROR] LogOutputStream:75 - [STDERR_REDIRECT] 
2024-12-26 16:10:05,091 [ERROR] LogOutputStream:75 - [STDERR_REDIRECT] [Fatal Error] :1:1: Premature end of file.
2024-12-26 16:10:05,091 [ERROR] LogOutputStream:75 - [STDERR_REDIRECT] 
2024-12-26 16:10:06,089 [ERROR] LogOutputStream:75 - [STDERR_REDIRECT] [Fatal Error] :1:1: Premature end of file.
2024-12-26 16:10:06,089 [ERROR] LogOutputStream:75 - [STDERR_REDIRECT] 
2024-12-26 16:10:07,092 [ERROR] LogOutputStream:75 - [STDERR_REDIRECT] [Fatal Error] :1:1: Premature end of file.
2024-12-26 16:10:07,092 [ERROR] LogOutputStream:75 - [STDERR_REDIRECT] 
2024-12-26 16:10:08,087 [ERROR] LogOutputStream:75 - [STDERR_REDIRECT] [Fatal Error] :1:1: Premature end of file.
2024-12-26 16:10:08,087 [ERROR] LogOutputStream:75 - [STDERR_REDIRECT] 
2024-12-26 16:10:09,091 [ERROR] LogOutputStream:75 - [STDERR_REDIRECT] [Fatal Error] :1:1: Premature end of file.
2024-12-26 16:10:09,091 [ERROR] LogOutputStream:75 - [STDERR_REDIRECT] 
2024-12-26 16:10:10,086 [ERROR] LogOutputStream:75 - [STDERR_REDIRECT] [Fatal Error] :1:1: Premature end of file.
2024-12-26 16:10:10,086 [ERROR] LogOutputStream:75 - [STDERR_REDIRECT] 
2024-12-26 16:10:11,088 [ERROR] LogOutputStream:75 - [STDERR_REDIRECT] [Fatal Error] :1:1: Premature end of file.
2024-12-26 16:10:11,088 [ERROR] LogOutputStream:75 - [STDERR_REDIRECT] 
2024-12-26 16:10:12,090 [ERROR] LogOutputStream:75 - [STDERR_REDIRECT] [Fatal Error] :1:1: Premature end of file.
2024-12-26 16:10:12,090 [ERROR] LogOutputStream:75 - [STDERR_REDIRECT] 
2024-12-26 16:10:13,096 [ERROR] LogOutputStream:75 - [STDERR_REDIRECT] [Fatal Error] :1:1: Premature end of file.
2024-12-26 16:10:13,097 [ERROR] LogOutputStream:75 - [STDERR_REDIRECT] 
2024-12-26 16:10:14,091 [ERROR] LogOutputStream:75 - [STDERR_REDIRECT] [Fatal Error] :1:1: Premature end of file.
2024-12-26 16:10:14,092 [ERROR] LogOutputStream:75 - [STDERR_REDIRECT] 
2024-12-26 16:10:15,111 [ERROR] LogOutputStream:75 - [STDERR_REDIRECT] [Fatal Error] :1:1: Premature end of file.
2024-12-26 16:10:15,112 [ERROR] LogOutputStream:75 - [STDERR_REDIRECT] 
2024-12-26 16:10:16,085 [ERROR] LogOutputStream:75 - [STDERR_REDIRECT] [Fatal Error] :1:1: Premature end of file.
2024-12-26 16:10:16,085 [ERROR] LogOutputStream:75 - [STDERR_REDIRECT] 
2024-12-26 16:10:17,092 [ERROR] LogOutputStream:75 - [STDERR_REDIRECT] [Fatal Error] :1:1: Premature end of file.
2024-12-26 16:10:17,092 [ERROR] LogOutputStream:75 - [STDERR_REDIRECT] 
2024-12-26 16:10:18,090 [ERROR] LogOutputStream:75 - [STDERR_REDIRECT] [Fatal Error] :1:1: Premature end of file.
2024-12-26 16:10:18,090 [ERROR] LogOutputStream:75 - [STDERR_REDIRECT] 
2024-12-26 16:10:19,089 [ERROR] LogOutputStream:75 - [STDERR_REDIRECT] [Fatal Error] :1:1: Premature end of file.
2024-12-26 16:10:19,089 [ERROR] LogOutputStream:75 - [STDERR_REDIRECT] 
2024-12-26 16:10:20,087 [ERROR] LogOutputStream:75 - [STDERR_REDIRECT] [Fatal Error] :1:1: Premature end of file.
2024-12-26 16:10:20,087 [ERROR] LogOutputStream:75 - [STDERR_REDIRECT] 
2024-12-26 16:10:21,088 [ERROR] LogOutputStream:75 - [STDERR_REDIRECT] [Fatal Error] :1:1: Premature end of file.
2024-12-26 16:10:21,088 [ERROR] LogOutputStream:75 - [STDERR_REDIRECT] 
2024-12-26 16:10:22,090 [ERROR] LogOutputStream:75 - [STDERR_REDIRECT] [Fatal Error] :1:1: Premature end of file.
2024-12-26 16:10:22,090 [ERROR] LogOutputStream:75 - [STDERR_REDIRECT] 
2024-12-26 16:10:23,085 [ERROR] LogOutputStream:75 - [STDERR_REDIRECT] [Fatal Error] :1:1: Premature end of file.
2024-12-26 16:10:23,085 [ERROR] LogOutputStream:75 - [STDERR_REDIRECT] 
2024-12-26 16:10:24,087 [ERROR] LogOutputStream:75 - [STDERR_REDIRECT] [Fatal Error] :1:1: Premature end of file.
2024-12-26 16:10:24,087 [ERROR] LogOutputStream:75 - [STDERR_REDIRECT] 
2024-12-26 16:10:25,088 [ERROR] LogOutputStream:75 - [STDERR_REDIRECT] [Fatal Error] :1:1: Premature end of file.
2024-12-26 16:10:25,088 [ERROR] LogOutputStream:75 - [STDERR_REDIRECT] 
2024-12-26 16:10:26,101 [ERROR] LogOutputStream:75 - [STDERR_REDIRECT] [Fatal Error] :1:1: Premature end of file.
2024-12-26 16:10:26,101 [ERROR] LogOutputStream:75 - [STDERR_REDIRECT] 
2024-12-26 16:10:27,090 [ERROR] LogOutputStream:75 - [STDERR_REDIRECT] [Fatal Error] :1:1: Premature end of file.
2024-12-26 16:10:27,090 [ERROR] LogOutputStream:75 - [STDERR_REDIRECT] 
2024-12-26 16:10:28,089 [ERROR] LogOutputStream:75 - [STDERR_REDIRECT] [Fatal Error] :1:1: Premature end of file.
2024-12-26 16:10:28,089 [ERROR] LogOutputStream:75 - [STDERR_REDIRECT] 
2024-12-26 16:10:29,093 [ERROR] LogOutputStream:75 - [STDERR_REDIRECT] [Fatal Error] :1:1: Premature end of file.
2024-12-26 16:10:29,093 [ERROR] LogOutputStream:75 - [STDERR_REDIRECT] 
2024-12-26 16:10:30,088 [ERROR] LogOutputStream:75 - [STDERR_REDIRECT] [Fatal Error] :1:1: Premature end of file.
2024-12-26 16:10:30,088 [ERROR] LogOutputStream:75 - [STDERR_REDIRECT] 
2024-12-26 16:10:31,090 [ERROR] LogOutputStream:75 - [STDERR_REDIRECT] [Fatal Error] :1:1: Premature end of file.
2024-12-26 16:10:31,090 [ERROR] LogOutputStream:75 - [STDERR_REDIRECT] 
2024-12-26 16:10:32,094 [ERROR] LogOutputStream:75 - [STDERR_REDIRECT] [Fatal Error] :1:1: Premature end of file.
2024-12-26 16:10:32,094 [ERROR] LogOutputStream:75 - [STDERR_REDIRECT] 
2024-12-26 16:10:33,092 [ERROR] LogOutputStream:75 - [STDERR_REDIRECT] [Fatal Error] :1:1: Premature end of file.
2024-12-26 16:10:33,092 [ERROR] LogOutputStream:75 - [STDERR_REDIRECT] 
2024-12-26 16:10:34,085 [ERROR] LogOutputStream:75 - [STDERR_REDIRECT] [Fatal Error] :1:1: Premature end of file.
2024-12-26 16:10:34,085 [ERROR] LogOutputStream:75 - [STDERR_REDIRECT] 
2024-12-26 16:10:35,084 [ERROR] LogOutputStream:75 - [STDERR_REDIRECT] [Fatal Error] :1:1: Premature end of file.
2024-12-26 16:10:35,085 [ERROR] LogOutputStream:75 - [STDERR_REDIRECT] 
2024-12-26 16:10:36,085 [ERROR] LogOutputStream:75 - [STDERR_REDIRECT] [Fatal Error] :1:1: Premature end of file.
2024-12-26 16:10:36,085 [ERROR] LogOutputStream:75 - [STDERR_REDIRECT] 
2024-12-26 16:10:37,090 [ERROR] LogOutputStream:75 - [STDERR_REDIRECT] [Fatal Error] :1:1: Premature end of file.
2024-12-26 16:10:37,090 [ERROR] LogOutputStream:75 - [STDERR_REDIRECT] 
2024-12-26 16:10:38,092 [ERROR] LogOutputStream:75 - [STDERR_REDIRECT] [Fatal Error] :1:1: Premature end of file.
2024-12-26 16:10:38,092 [ERROR] LogOutputStream:75 - [STDERR_REDIRECT] 
2024-12-26 16:10:39,085 [ERROR] LogOutputStream:75 - [STDERR_REDIRECT] [Fatal Error] :1:1: Premature end of file.
2024-12-26 16:10:39,085 [ERROR] LogOutputStream:75 - [STDERR_REDIRECT] 
2024-12-26 16:10:40,091 [ERROR] LogOutputStream:75 - [STDERR_REDIRECT] [Fatal Error] :1:1: Premature end of file.
2024-12-26 16:10:40,092 [ERROR] LogOutputStream:75 - [STDERR_REDIRECT] 
2024-12-26 16:10:41,090 [ERROR] LogOutputStream:75 - [STDERR_REDIRECT] [Fatal Error] :1:1: Premature end of file.
2024-12-26 16:10:41,091 [ERROR] LogOutputStream:75 - [STDERR_REDIRECT] 
2024-12-26 16:10:42,087 [ERROR] LogOutputStream:75 - [STDERR_REDIRECT] [Fatal Error] :1:1: Premature end of file.
2024-12-26 16:10:42,087 [ERROR] LogOutputStream:75 - [STDERR_REDIRECT] 
2024-12-26 16:10:43,090 [ERROR] LogOutputStream:75 - [STDERR_REDIRECT] [Fatal Error] :1:1: Premature end of file.
2024-12-26 16:10:43,090 [ERROR] LogOutputStream:75 - [STDERR_REDIRECT] 
2024-12-26 16:10:44,084 [ERROR] LogOutputStream:75 - [STDERR_REDIRECT] [Fatal Error] :1:1: Premature end of file.
2024-12-26 16:10:44,084 [ERROR] LogOutputStream:75 - [STDERR_REDIRECT] 
2024-12-26 16:10:45,086 [ERROR] LogOutputStream:75 - [STDERR_REDIRECT] [Fatal Error] :1:1: Premature end of file.
2024-12-26 16:10:45,087 [ERROR] LogOutputStream:75 - [STDERR_REDIRECT] 
2024-12-26 16:10:46,092 [ERROR] LogOutputStream:75 - [STDERR_REDIRECT] [Fatal Error] :1:1: Premature end of file.
2024-12-26 16:10:46,092 [ERROR] LogOutputStream:75 - [STDERR_REDIRECT] 
2024-12-26 16:10:47,090 [ERROR] LogOutputStream:75 - [STDERR_REDIRECT] [Fatal Error] :1:1: Premature end of file.
2024-12-26 16:10:47,090 [ERROR] LogOutputStream:75 - [STDERR_REDIRECT] 
2024-12-26 16:10:48,092 [ERROR] LogOutputStream:75 - [STDERR_REDIRECT] [Fatal Error] :1:1: Premature end of file.
2024-12-26 16:10:48,092 [ERROR] LogOutputStream:75 - [STDERR_REDIRECT] 
2024-12-26 16:10:49,089 [ERROR] LogOutputStream:75 - [STDERR_REDIRECT] [Fatal Error] :1:1: Premature end of file.
2024-12-26 16:10:49,089 [ERROR] LogOutputStream:75 - [STDERR_REDIRECT] 
2024-12-26 16:10:50,092 [ERROR] LogOutputStream:75 - [STDERR_REDIRECT] [Fatal Error] :1:1: Premature end of file.
2024-12-26 16:10:50,092 [ERROR] LogOutputStream:75 - [STDERR_REDIRECT] 
2024-12-26 16:10:51,092 [ERROR] LogOutputStream:75 - [STDERR_REDIRECT] [Fatal Error] :1:1: Premature end of file.
2024-12-26 16:10:51,092 [ERROR] LogOutputStream:75 - [STDERR_REDIRECT] 
2024-12-26 16:10:52,093 [ERROR] LogOutputStream:75 - [STDERR_REDIRECT] [Fatal Error] :1:1: Premature end of file.
2024-12-26 16:10:52,093 [ERROR] LogOutputStream:75 - [STDERR_REDIRECT] 
2024-12-26 16:10:53,089 [ERROR] LogOutputStream:75 - [STDERR_REDIRECT] [Fatal Error] :1:1: Premature end of file.
2024-12-26 16:10:53,089 [ERROR] LogOutputStream:75 - [STDERR_REDIRECT] 
2024-12-26 16:10:54,090 [ERROR] LogOutputStream:75 - [STDERR_REDIRECT] [Fatal Error] :1:1: Premature end of file.
2024-12-26 16:10:54,090 [ERROR] LogOutputStream:75 - [STDERR_REDIRECT] 
2024-12-26 16:10:55,086 [ERROR] LogOutputStream:75 - [STDERR_REDIRECT] [Fatal Error] :1:1: Premature end of file.
2024-12-26 16:10:55,086 [ERROR] LogOutputStream:75 - [STDERR_REDIRECT] 
2024-12-26 16:10:56,096 [ERROR] LogOutputStream:75 - [STDERR_REDIRECT] [Fatal Error] :1:1: Premature end of file.
2024-12-26 16:10:56,096 [ERROR] LogOutputStream:75 - [STDERR_REDIRECT] 
2024-12-26 16:10:57,088 [ERROR] LogOutputStream:75 - [STDERR_REDIRECT] [Fatal Error] :1:1: Premature end of file.
2024-12-26 16:10:57,089 [ERROR] LogOutputStream:75 - [STDERR_REDIRECT] 
2024-12-26 16:10:58,090 [ERROR] LogOutputStream:75 - [STDERR_REDIRECT] [Fatal Error] :1:1: Premature end of file.
2024-12-26 16:10:58,090 [ERROR] LogOutputStream:75 - [STDERR_REDIRECT] 
2024-12-26 16:10:59,089 [ERROR] LogOutputStream:75 - [STDERR_REDIRECT] [Fatal Error] :1:1: Premature end of file.
2024-12-26 16:10:59,089 [ERROR] LogOutputStream:75 - [STDERR_REDIRECT] 
2024-12-26 16:11:00,090 [ERROR] LogOutputStream:75 - [STDERR_REDIRECT] [Fatal Error] :1:1: Premature end of file.
2024-12-26 16:11:00,091 [ERROR] LogOutputStream:75 - [STDERR_REDIRECT] 
2024-12-26 16:11:01,086 [ERROR] LogOutputStream:75 - [STDERR_REDIRECT] [Fatal Error] :1:1: Premature end of file.
2024-12-26 16:11:01,087 [ERROR] LogOutputStream:75 - [STDERR_REDIRECT] 
2024-12-26 16:11:02,089 [ERROR] LogOutputStream:75 - [STDERR_REDIRECT] [Fatal Error] :1:1: Premature end of file.
2024-12-26 16:11:02,089 [ERROR] LogOutputStream:75 - [STDERR_REDIRECT] 
2024-12-26 16:11:03,085 [ERROR] LogOutputStream:75 - [STDERR_REDIRECT] [Fatal Error] :1:1: Premature end of file.
2024-12-26 16:11:03,085 [ERROR] LogOutputStream:75 - [STDERR_REDIRECT] 
2024-12-26 16:11:04,088 [ERROR] LogOutputStream:75 - [STDERR_REDIRECT] [Fatal Error] :1:1: Premature end of file.
2024-12-26 16:11:04,088 [ERROR] LogOutputStream:75 - [STDERR_REDIRECT] 
2024-12-26 16:11:05,086 [ERROR] LogOutputStream:75 - [STDERR_REDIRECT] [Fatal Error] :1:1: Premature end of file.
2024-12-26 16:11:05,086 [ERROR] LogOutputStream:75 - [STDERR_REDIRECT] 
2024-12-26 16:11:06,089 [ERROR] LogOutputStream:75 - [STDERR_REDIRECT] [Fatal Error] :1:1: Premature end of file.
2024-12-26 16:11:06,089 [ERROR] LogOutputStream:75 - [STDERR_REDIRECT] 
2024-12-26 16:11:07,091 [ERROR] LogOutputStream:75 - [STDERR_REDIRECT] [Fatal Error] :1:1: Premature end of file.
2024-12-26 16:11:07,091 [ERROR] LogOutputStream:75 - [STDERR_REDIRECT] 
2024-12-26 16:11:08,086 [ERROR] LogOutputStream:75 - [STDERR_REDIRECT] [Fatal Error] :1:1: Premature end of file.
2024-12-26 16:11:08,086 [ERROR] LogOutputStream:75 - [STDERR_REDIRECT] 
2024-12-26 16:11:09,087 [ERROR] LogOutputStream:75 - [STDERR_REDIRECT] [Fatal Error] :1:1: Premature end of file.
2024-12-26 16:11:09,087 [ERROR] LogOutputStream:75 - [STDERR_REDIRECT] 
2024-12-26 16:11:10,088 [ERROR] LogOutputStream:75 - [STDERR_REDIRECT] [Fatal Error] :1:1: Premature end of file.
2024-12-26 16:11:10,089 [ERROR] LogOutputStream:75 - [STDERR_REDIRECT] 
2024-12-26 16:11:11,085 [ERROR] LogOutputStream:75 - [STDERR_REDIRECT] [Fatal Error] :1:1: Premature end of file.
2024-12-26 16:11:11,086 [ERROR] LogOutputStream:75 - [STDERR_REDIRECT] 
2024-12-26 16:11:12,089 [ERROR] LogOutputStream:75 - [STDERR_REDIRECT] [Fatal Error] :1:1: Premature end of file.
2024-12-26 16:11:12,089 [ERROR] LogOutputStream:75 - [STDERR_REDIRECT] 
2024-12-26 16:11:13,090 [ERROR] LogOutputStream:75 - [STDERR_REDIRECT] [Fatal Error] :1:1: Premature end of file.
2024-12-26 16:11:13,091 [ERROR] LogOutputStream:75 - [STDERR_REDIRECT] 
2024-12-26 16:11:14,098 [ERROR] LogOutputStream:75 - [STDERR_REDIRECT] [Fatal Error] :1:1: Premature end of file.
2024-12-26 16:11:14,098 [ERROR] LogOutputStream:75 - [STDERR_REDIRECT] 
2024-12-26 16:11:15,086 [ERROR] LogOutputStream:75 - [STDERR_REDIRECT] [Fatal Error] :1:1: Premature end of file.
2024-12-26 16:11:15,086 [ERROR] LogOutputStream:75 - [STDERR_REDIRECT] 
2024-12-26 16:11:16,095 [ERROR] LogOutputStream:75 - [STDERR_REDIRECT] [Fatal Error] :1:1: Premature end of file.
2024-12-26 16:11:16,095 [ERROR] LogOutputStream:75 - [STDERR_REDIRECT] 
2024-12-26 16:11:17,087 [ERROR] LogOutputStream:75 - [STDERR_REDIRECT] [Fatal Error] :1:1: Premature end of file.
2024-12-26 16:11:17,087 [ERROR] LogOutputStream:75 - [STDERR_REDIRECT] 
2024-12-26 16:11:18,089 [ERROR] LogOutputStream:75 - [STDERR_REDIRECT] [Fatal Error] :1:1: Premature end of file.
2024-12-26 16:11:18,089 [ERROR] LogOutputStream:75 - [STDERR_REDIRECT] 
2024-12-26 16:11:19,089 [ERROR] LogOutputStream:75 - [STDERR_REDIRECT] [Fatal Error] :1:1: Premature end of file.
2024-12-26 16:11:19,089 [ERROR] LogOutputStream:75 - [STDERR_REDIRECT] 
2024-12-26 16:11:20,090 [ERROR] LogOutputStream:75 - [STDERR_REDIRECT] [Fatal Error] :1:1: Premature end of file.
2024-12-26 16:11:20,090 [ERROR] LogOutputStream:75 - [STDERR_REDIRECT] 
2024-12-26 16:11:21,087 [ERROR] LogOutputStream:75 - [STDERR_REDIRECT] [Fatal Error] :1:1: Premature end of file.
2024-12-26 16:11:21,087 [ERROR] LogOutputStream:75 - [STDERR_REDIRECT] 
2024-12-26 16:11:22,089 [ERROR] LogOutputStream:75 - [STDERR_REDIRECT] [Fatal Error] :1:1: Premature end of file.
2024-12-26 16:11:22,089 [ERROR] LogOutputStream:75 - [STDERR_REDIRECT] 
2024-12-26 16:11:23,088 [ERROR] LogOutputStream:75 - [STDERR_REDIRECT] [Fatal Error] :1:1: Premature end of file.
2024-12-26 16:11:23,088 [ERROR] LogOutputStream:75 - [STDERR_REDIRECT] 
2024-12-26 16:11:24,088 [ERROR] LogOutputStream:75 - [STDERR_REDIRECT] [Fatal Error] :1:1: Premature end of file.
2024-12-26 16:11:24,088 [ERROR] LogOutputStream:75 - [STDERR_REDIRECT] 
2024-12-26 16:11:25,088 [ERROR] LogOutputStream:75 - [STDERR_REDIRECT] [Fatal Error] :1:1: Premature end of file.
2024-12-26 16:11:25,088 [ERROR] LogOutputStream:75 - [STDERR_REDIRECT] 
2024-12-26 16:11:26,091 [ERROR] LogOutputStream:75 - [STDERR_REDIRECT] [Fatal Error] :1:1: Premature end of file.
2024-12-26 16:11:26,091 [ERROR] LogOutputStream:75 - [STDERR_REDIRECT] 
2024-12-26 16:11:27,089 [ERROR] LogOutputStream:75 - [STDERR_REDIRECT] [Fatal Error] :1:1: Premature end of file.
2024-12-26 16:11:27,089 [ERROR] LogOutputStream:75 - [STDERR_REDIRECT] 
2024-12-26 16:11:28,086 [ERROR] LogOutputStream:75 - [STDERR_REDIRECT] [Fatal Error] :1:1: Premature end of file.
2024-12-26 16:11:28,086 [ERROR] LogOutputStream:75 - [STDERR_REDIRECT] 
2024-12-26 16:11:29,092 [ERROR] LogOutputStream:75 - [STDERR_REDIRECT] [Fatal Error] :1:1: Premature end of file.
2024-12-26 16:11:29,092 [ERROR] LogOutputStream:75 - [STDERR_REDIRECT] 
2024-12-26 16:11:30,087 [ERROR] LogOutputStream:75 - [STDERR_REDIRECT] [Fatal Error] :1:1: Premature end of file.
2024-12-26 16:11:30,087 [ERROR] LogOutputStream:75 - [STDERR_REDIRECT] 
2024-12-26 16:11:31,088 [ERROR] LogOutputStream:75 - [STDERR_REDIRECT] [Fatal Error] :1:1: Premature end of file.
2024-12-26 16:11:31,088 [ERROR] LogOutputStream:75 - [STDERR_REDIRECT] 
2024-12-26 16:11:32,087 [ERROR] LogOutputStream:75 - [STDERR_REDIRECT] [Fatal Error] :1:1: Premature end of file.
2024-12-26 16:11:32,087 [ERROR] LogOutputStream:75 - [STDERR_REDIRECT] 
2024-12-26 16:11:33,091 [ERROR] LogOutputStream:75 - [STDERR_REDIRECT] [Fatal Error] :1:1: Premature end of file.
2024-12-26 16:11:33,091 [ERROR] LogOutputStream:75 - [STDERR_REDIRECT] 
2024-12-26 16:11:34,089 [ERROR] LogOutputStream:75 - [STDERR_REDIRECT] [Fatal Error] :1:1: Premature end of file.
2024-12-26 16:11:34,090 [ERROR] LogOutputStream:75 - [STDERR_REDIRECT] 
2024-12-26 16:11:35,090 [ERROR] LogOutputStream:75 - [STDERR_REDIRECT] [Fatal Error] :1:1: Premature end of file.
2024-12-26 16:11:35,090 [ERROR] LogOutputStream:75 - [STDERR_REDIRECT] 
2024-12-26 16:11:36,086 [ERROR] LogOutputStream:75 - [STDERR_REDIRECT] [Fatal Error] :1:1: Premature end of file.
2024-12-26 16:11:36,086 [ERROR] LogOutputStream:75 - [STDERR_REDIRECT] 
2024-12-26 16:11:37,088 [ERROR] LogOutputStream:75 - [STDERR_REDIRECT] [Fatal Error] :1:1: Premature end of file.
2024-12-26 16:11:37,088 [ERROR] LogOutputStream:75 - [STDERR_REDIRECT] 
2024-12-26 16:11:38,088 [ERROR] LogOutputStream:75 - [STDERR_REDIRECT] [Fatal Error] :1:1: Premature end of file.
2024-12-26 16:11:38,088 [ERROR] LogOutputStream:75 - [STDERR_REDIRECT] 
2024-12-26 16:11:39,087 [ERROR] LogOutputStream:75 - [STDERR_REDIRECT] [Fatal Error] :1:1: Premature end of file.
2024-12-26 16:11:39,087 [ERROR] LogOutputStream:75 - [STDERR_REDIRECT] 
2024-12-26 16:11:40,086 [ERROR] LogOutputStream:75 - [STDERR_REDIRECT] [Fatal Error] :1:1: Premature end of file.
2024-12-26 16:11:40,086 [ERROR] LogOutputStream:75 - [STDERR_REDIRECT] 
2024-12-26 16:11:41,089 [ERROR] LogOutputStream:75 - [STDERR_REDIRECT] [Fatal Error] :1:1: Premature end of file.
2024-12-26 16:11:41,090 [ERROR] LogOutputStream:75 - [STDERR_REDIRECT] 
2024-12-26 16:11:42,089 [ERROR] LogOutputStream:75 - [STDERR_REDIRECT] [Fatal Error] :1:1: Premature end of file.
2024-12-26 16:11:42,089 [ERROR] LogOutputStream:75 - [STDERR_REDIRECT] 
2024-12-26 16:11:43,088 [ERROR] LogOutputStream:75 - [STDERR_REDIRECT] [Fatal Error] :1:1: Premature end of file.
2024-12-26 16:11:43,088 [ERROR] LogOutputStream:75 - [STDERR_REDIRECT] 
2024-12-26 16:11:44,085 [ERROR] LogOutputStream:75 - [STDERR_REDIRECT] [Fatal Error] :1:1: Premature end of file.
2024-12-26 16:11:44,085 [ERROR] LogOutputStream:75 - [STDERR_REDIRECT] 
2024-12-26 16:11:45,090 [ERROR] LogOutputStream:75 - [STDERR_REDIRECT] [Fatal Error] :1:1: Premature end of file.
2024-12-26 16:11:45,090 [ERROR] LogOutputStream:75 - [STDERR_REDIRECT] 
2024-12-26 16:11:46,091 [ERROR] LogOutputStream:75 - [STDERR_REDIRECT] [Fatal Error] :1:1: Premature end of file.
2024-12-26 16:11:46,091 [ERROR] LogOutputStream:75 - [STDERR_REDIRECT] 
2024-12-26 16:11:47,096 [ERROR] LogOutputStream:75 - [STDERR_REDIRECT] [Fatal Error] :1:1: Premature end of file.
2024-12-26 16:11:47,096 [ERROR] LogOutputStream:75 - [STDERR_REDIRECT] 
2024-12-26 16:11:48,091 [ERROR] LogOutputStream:75 - [STDERR_REDIRECT] [Fatal Error] :1:1: Premature end of file.
2024-12-26 16:11:48,091 [ERROR] LogOutputStream:75 - [STDERR_REDIRECT] 
2024-12-26 16:11:49,092 [ERROR] LogOutputStream:75 - [STDERR_REDIRECT] [Fatal Error] :1:1: Premature end of file.
2024-12-26 16:11:49,092 [ERROR] LogOutputStream:75 - [STDERR_REDIRECT] 
2024-12-26 16:11:50,087 [ERROR] LogOutputStream:75 - [STDERR_REDIRECT] [Fatal Error] :1:1: Premature end of file.
2024-12-26 16:11:50,087 [ERROR] LogOutputStream:75 - [STDERR_REDIRECT] 
2024-12-26 16:11:51,085 [ERROR] LogOutputStream:75 - [STDERR_REDIRECT] [Fatal Error] :1:1: Premature end of file.
2024-12-26 16:11:51,085 [ERROR] LogOutputStream:75 - [STDERR_REDIRECT] 
2024-12-26 16:11:52,091 [ERROR] LogOutputStream:75 - [STDERR_REDIRECT] [Fatal Error] :1:1: Premature end of file.
2024-12-26 16:11:52,091 [ERROR] LogOutputStream:75 - [STDERR_REDIRECT] 
2024-12-26 16:11:53,091 [ERROR] LogOutputStream:75 - [STDERR_REDIRECT] [Fatal Error] :1:1: Premature end of file.
2024-12-26 16:11:53,091 [ERROR] LogOutputStream:75 - [STDERR_REDIRECT] 
2024-12-26 16:11:54,084 [ERROR] LogOutputStream:75 - [STDERR_REDIRECT] [Fatal Error] :1:1: Premature end of file.
2024-12-26 16:11:54,084 [ERROR] LogOutputStream:75 - [STDERR_REDIRECT] 
2024-12-26 16:11:55,089 [ERROR] LogOutputStream:75 - [STDERR_REDIRECT] [Fatal Error] :1:1: Premature end of file.
2024-12-26 16:11:55,089 [ERROR] LogOutputStream:75 - [STDERR_REDIRECT] 
2024-12-26 16:11:56,089 [ERROR] LogOutputStream:75 - [STDERR_REDIRECT] [Fatal Error] :1:1: Premature end of file.
2024-12-26 16:11:56,089 [ERROR] LogOutputStream:75 - [STDERR_REDIRECT] 
2024-12-26 16:11:57,089 [ERROR] LogOutputStream:75 - [STDERR_REDIRECT] [Fatal Error] :1:1: Premature end of file.
2024-12-26 16:11:57,089 [ERROR] LogOutputStream:75 - [STDERR_REDIRECT] 
2024-12-26 16:11:58,101 [ERROR] LogOutputStream:75 - [STDERR_REDIRECT] [Fatal Error] :1:1: Premature end of file.
2024-12-26 16:11:58,101 [ERROR] LogOutputStream:75 - [STDERR_REDIRECT] 
2024-12-26 16:11:59,090 [ERROR] LogOutputStream:75 - [STDERR_REDIRECT] [Fatal Error] :1:1: Premature end of file.
2024-12-26 16:11:59,090 [ERROR] LogOutputStream:75 - [STDERR_REDIRECT] 
2024-12-26 16:12:00,094 [ERROR] LogOutputStream:75 - [STDERR_REDIRECT] [Fatal Error] :1:1: Premature end of file.
2024-12-26 16:12:00,094 [ERROR] LogOutputStream:75 - [STDERR_REDIRECT] 
2024-12-26 16:12:01,088 [ERROR] LogOutputStream:75 - [STDERR_REDIRECT] [Fatal Error] :1:1: Premature end of file.
2024-12-26 16:12:01,088 [ERROR] LogOutputStream:75 - [STDERR_REDIRECT] 
2024-12-26 16:12:02,092 [ERROR] LogOutputStream:75 - [STDERR_REDIRECT] [Fatal Error] :1:1: Premature end of file.
2024-12-26 16:12:02,092 [ERROR] LogOutputStream:75 - [STDERR_REDIRECT] 
2024-12-26 16:12:03,089 [ERROR] LogOutputStream:75 - [STDERR_REDIRECT] [Fatal Error] :1:1: Premature end of file.
2024-12-26 16:12:03,089 [ERROR] LogOutputStream:75 - [STDERR_REDIRECT] 
2024-12-26 16:12:04,090 [ERROR] LogOutputStream:75 - [STDERR_REDIRECT] [Fatal Error] :1:1: Premature end of file.
2024-12-26 16:12:04,090 [ERROR] LogOutputStream:75 - [STDERR_REDIRECT] 
2024-12-26 16:12:05,088 [ERROR] LogOutputStream:75 - [STDERR_REDIRECT] [Fatal Error] :1:1: Premature end of file.
2024-12-26 16:12:05,089 [ERROR] LogOutputStream:75 - [STDERR_REDIRECT] 
2024-12-26 16:12:06,085 [ERROR] LogOutputStream:75 - [STDERR_REDIRECT] [Fatal Error] :1:1: Premature end of file.
2024-12-26 16:12:06,086 [ERROR] LogOutputStream:75 - [STDERR_REDIRECT] 
2024-12-26 16:12:07,084 [ERROR] LogOutputStream:75 - [STDERR_REDIRECT] [Fatal Error] :1:1: Premature end of file.
2024-12-26 16:12:07,084 [ERROR] LogOutputStream:75 - [STDERR_REDIRECT] 
2024-12-26 16:12:08,086 [ERROR] LogOutputStream:75 - [STDERR_REDIRECT] [Fatal Error] :1:1: Premature end of file.
2024-12-26 16:12:08,086 [ERROR] LogOutputStream:75 - [STDERR_REDIRECT] 
2024-12-26 16:12:09,087 [ERROR] LogOutputStream:75 - [STDERR_REDIRECT] [Fatal Error] :1:1: Premature end of file.
2024-12-26 16:12:09,087 [ERROR] LogOutputStream:75 - [STDERR_REDIRECT] 
2024-12-26 16:12:10,086 [ERROR] LogOutputStream:75 - [STDERR_REDIRECT] [Fatal Error] :1:1: Premature end of file.
2024-12-26 16:12:10,086 [ERROR] LogOutputStream:75 - [STDERR_REDIRECT] 
2024-12-26 16:12:11,093 [ERROR] LogOutputStream:75 - [STDERR_REDIRECT] [Fatal Error] :1:1: Premature end of file.
2024-12-26 16:12:11,093 [ERROR] LogOutputStream:75 - [STDERR_REDIRECT] 
2024-12-26 16:12:12,086 [ERROR] LogOutputStream:75 - [STDERR_REDIRECT] [Fatal Error] :1:1: Premature end of file.
2024-12-26 16:12:12,086 [ERROR] LogOutputStream:75 - [STDERR_REDIRECT] 
2024-12-26 16:12:13,090 [ERROR] LogOutputStream:75 - [STDERR_REDIRECT] [Fatal Error] :1:1: Premature end of file.
2024-12-26 16:12:13,090 [ERROR] LogOutputStream:75 - [STDERR_REDIRECT] 
2024-12-26 16:12:14,091 [ERROR] LogOutputStream:75 - [STDERR_REDIRECT] [Fatal Error] :1:1: Premature end of file.
2024-12-26 16:12:14,091 [ERROR] LogOutputStream:75 - [STDERR_REDIRECT] 
2024-12-26 16:12:15,091 [ERROR] LogOutputStream:75 - [STDERR_REDIRECT] [Fatal Error] :1:1: Premature end of file.
2024-12-26 16:12:15,091 [ERROR] LogOutputStream:75 - [STDERR_REDIRECT] 
2024-12-26 16:12:16,085 [ERROR] LogOutputStream:75 - [STDERR_REDIRECT] [Fatal Error] :1:1: Premature end of file.
2024-12-26 16:12:16,086 [ERROR] LogOutputStream:75 - [STDERR_REDIRECT] 
2024-12-26 16:12:17,089 [ERROR] LogOutputStream:75 - [STDERR_REDIRECT] [Fatal Error] :1:1: Premature end of file.
2024-12-26 16:12:17,089 [ERROR] LogOutputStream:75 - [STDERR_REDIRECT] 
2024-12-26 16:12:18,089 [ERROR] LogOutputStream:75 - [STDERR_REDIRECT] [Fatal Error] :1:1: Premature end of file.
2024-12-26 16:12:18,089 [ERROR] LogOutputStream:75 - [STDERR_REDIRECT] 
2024-12-26 16:12:19,087 [ERROR] LogOutputStream:75 - [STDERR_REDIRECT] [Fatal Error] :1:1: Premature end of file.
2024-12-26 16:12:19,087 [ERROR] LogOutputStream:75 - [STDERR_REDIRECT] 
2024-12-26 16:12:20,090 [ERROR] LogOutputStream:75 - [STDERR_REDIRECT] [Fatal Error] :1:1: Premature end of file.
2024-12-26 16:12:20,090 [ERROR] LogOutputStream:75 - [STDERR_REDIRECT] 
2024-12-26 16:12:21,086 [ERROR] LogOutputStream:75 - [STDERR_REDIRECT] [Fatal Error] :1:1: Premature end of file.
2024-12-26 16:12:21,086 [ERROR] LogOutputStream:75 - [STDERR_REDIRECT] 
2024-12-26 16:12:22,088 [ERROR] LogOutputStream:75 - [STDERR_REDIRECT] [Fatal Error] :1:1: Premature end of file.
2024-12-26 16:12:22,088 [ERROR] LogOutputStream:75 - [STDERR_REDIRECT] 
2024-12-26 16:12:23,087 [ERROR] LogOutputStream:75 - [STDERR_REDIRECT] [Fatal Error] :1:1: Premature end of file.
2024-12-26 16:12:23,087 [ERROR] LogOutputStream:75 - [STDERR_REDIRECT] 
2024-12-26 16:12:24,090 [ERROR] LogOutputStream:75 - [STDERR_REDIRECT] [Fatal Error] :1:1: Premature end of file.
2024-12-26 16:12:24,090 [ERROR] LogOutputStream:75 - [STDERR_REDIRECT] 
2024-12-26 16:12:25,089 [ERROR] LogOutputStream:75 - [STDERR_REDIRECT] [Fatal Error] :1:1: Premature end of file.
2024-12-26 16:12:25,089 [ERROR] LogOutputStream:75 - [STDERR_REDIRECT] 
2024-12-26 16:12:26,082 [ERROR] LogOutputStream:75 - [STDERR_REDIRECT] [Fatal Error] :1:1: Premature end of file.
2024-12-26 16:12:26,083 [ERROR] LogOutputStream:75 - [STDERR_REDIRECT] 
2024-12-26 16:12:27,090 [ERROR] LogOutputStream:75 - [STDERR_REDIRECT] [Fatal Error] :1:1: Premature end of file.
2024-12-26 16:12:27,090 [ERROR] LogOutputStream:75 - [STDERR_REDIRECT] 
2024-12-26 16:12:28,091 [ERROR] LogOutputStream:75 - [STDERR_REDIRECT] [Fatal Error] :1:1: Premature end of file.
2024-12-26 16:12:28,091 [ERROR] LogOutputStream:75 - [STDERR_REDIRECT] 
2024-12-26 16:12:29,090 [ERROR] LogOutputStream:75 - [STDERR_REDIRECT] [Fatal Error] :1:1: Premature end of file.
2024-12-26 16:12:29,090 [ERROR] LogOutputStream:75 - [STDERR_REDIRECT] 
2024-12-26 16:12:30,091 [ERROR] LogOutputStream:75 - [STDERR_REDIRECT] [Fatal Error] :1:1: Premature end of file.
2024-12-26 16:12:30,091 [ERROR] LogOutputStream:75 - [STDERR_REDIRECT] 
2024-12-26 16:12:31,086 [ERROR] LogOutputStream:75 - [STDERR_REDIRECT] [Fatal Error] :1:1: Premature end of file.
2024-12-26 16:12:31,086 [ERROR] LogOutputStream:75 - [STDERR_REDIRECT] 
2024-12-26 16:12:32,090 [ERROR] LogOutputStream:75 - [STDERR_REDIRECT] [Fatal Error] :1:1: Premature end of file.
2024-12-26 16:12:32,090 [ERROR] LogOutputStream:75 - [STDERR_REDIRECT] 
2024-12-26 16:12:33,088 [ERROR] LogOutputStream:75 - [STDERR_REDIRECT] [Fatal Error] :1:1: Premature end of file.
2024-12-26 16:12:33,088 [ERROR] LogOutputStream:75 - [STDERR_REDIRECT] 
2024-12-26 16:12:34,096 [ERROR] LogOutputStream:75 - [STDERR_REDIRECT] [Fatal Error] :1:1: Premature end of file.
2024-12-26 16:12:34,096 [ERROR] LogOutputStream:75 - [STDERR_REDIRECT] 
2024-12-26 16:12:35,091 [ERROR] LogOutputStream:75 - [STDERR_REDIRECT] [Fatal Error] :1:1: Premature end of file.
2024-12-26 16:12:35,091 [ERROR] LogOutputStream:75 - [STDERR_REDIRECT] 
2024-12-26 16:12:36,091 [ERROR] LogOutputStream:75 - [STDERR_REDIRECT] [Fatal Error] :1:1: Premature end of file.
2024-12-26 16:12:36,092 [ERROR] LogOutputStream:75 - [STDERR_REDIRECT] 
2024-12-26 16:12:37,087 [ERROR] LogOutputStream:75 - [STDERR_REDIRECT] [Fatal Error] :1:1: Premature end of file.
2024-12-26 16:12:37,088 [ERROR] LogOutputStream:75 - [STDERR_REDIRECT] 
2024-12-26 16:12:38,085 [ERROR] LogOutputStream:75 - [STDERR_REDIRECT] [Fatal Error] :1:1: Premature end of file.
2024-12-26 16:12:38,085 [ERROR] LogOutputStream:75 - [STDERR_REDIRECT] 
2024-12-26 16:12:39,089 [ERROR] LogOutputStream:75 - [STDERR_REDIRECT] [Fatal Error] :1:1: Premature end of file.
2024-12-26 16:12:39,090 [ERROR] LogOutputStream:75 - [STDERR_REDIRECT] 
2024-12-26 16:12:40,086 [ERROR] LogOutputStream:75 - [STDERR_REDIRECT] [Fatal Error] :1:1: Premature end of file.
2024-12-26 16:12:40,086 [ERROR] LogOutputStream:75 - [STDERR_REDIRECT] 
2024-12-26 16:12:41,088 [ERROR] LogOutputStream:75 - [STDERR_REDIRECT] [Fatal Error] :1:1: Premature end of file.
2024-12-26 16:12:41,088 [ERROR] LogOutputStream:75 - [STDERR_REDIRECT] 
2024-12-26 16:12:42,088 [ERROR] LogOutputStream:75 - [STDERR_REDIRECT] [Fatal Error] :1:1: Premature end of file.
2024-12-26 16:12:42,088 [ERROR] LogOutputStream:75 - [STDERR_REDIRECT] 
2024-12-26 16:12:43,089 [ERROR] LogOutputStream:75 - [STDERR_REDIRECT] [Fatal Error] :1:1: Premature end of file.
2024-12-26 16:12:43,089 [ERROR] LogOutputStream:75 - [STDERR_REDIRECT] 
2024-12-26 16:12:44,086 [ERROR] LogOutputStream:75 - [STDERR_REDIRECT] [Fatal Error] :1:1: Premature end of file.
2024-12-26 16:12:44,086 [ERROR] LogOutputStream:75 - [STDERR_REDIRECT] 
2024-12-26 16:12:45,090 [ERROR] LogOutputStream:75 - [STDERR_REDIRECT] [Fatal Error] :1:1: Premature end of file.
2024-12-26 16:12:45,090 [ERROR] LogOutputStream:75 - [STDERR_REDIRECT] 
2024-12-26 16:12:46,095 [ERROR] LogOutputStream:75 - [STDERR_REDIRECT] [Fatal Error] :1:1: Premature end of file.
2024-12-26 16:12:46,095 [ERROR] LogOutputStream:75 - [STDERR_REDIRECT] 
2024-12-26 16:12:47,086 [ERROR] LogOutputStream:75 - [STDERR_REDIRECT] [Fatal Error] :1:1: Premature end of file.
2024-12-26 16:12:47,086 [ERROR] LogOutputStream:75 - [STDERR_REDIRECT] 
2024-12-26 16:12:48,092 [ERROR] LogOutputStream:75 - [STDERR_REDIRECT] [Fatal Error] :1:1: Premature end of file.
2024-12-26 16:12:48,092 [ERROR] LogOutputStream:75 - [STDERR_REDIRECT] 
2024-12-26 16:12:49,092 [ERROR] LogOutputStream:75 - [STDERR_REDIRECT] [Fatal Error] :1:1: Premature end of file.
2024-12-26 16:12:49,092 [ERROR] LogOutputStream:75 - [STDERR_REDIRECT] 
2024-12-26 16:12:50,087 [ERROR] LogOutputStream:75 - [STDERR_REDIRECT] [Fatal Error] :1:1: Premature end of file.
2024-12-26 16:12:50,087 [ERROR] LogOutputStream:75 - [STDERR_REDIRECT] 
2024-12-26 16:12:51,088 [ERROR] LogOutputStream:75 - [STDERR_REDIRECT] [Fatal Error] :1:1: Premature end of file.
2024-12-26 16:12:51,088 [ERROR] LogOutputStream:75 - [STDERR_REDIRECT] 
2024-12-26 16:12:52,094 [ERROR] LogOutputStream:75 - [STDERR_REDIRECT] [Fatal Error] :1:1: Premature end of file.
2024-12-26 16:12:52,094 [ERROR] LogOutputStream:75 - [STDERR_REDIRECT] 
2024-12-26 16:12:53,093 [ERROR] LogOutputStream:75 - [STDERR_REDIRECT] [Fatal Error] :1:1: Premature end of file.
2024-12-26 16:12:53,093 [ERROR] LogOutputStream:75 - [STDERR_REDIRECT] 
2024-12-26 16:12:54,093 [ERROR] LogOutputStream:75 - [STDERR_REDIRECT] [Fatal Error] :1:1: Premature end of file.
2024-12-26 16:12:54,093 [ERROR] LogOutputStream:75 - [STDERR_REDIRECT] 
2024-12-26 16:12:55,086 [ERROR] LogOutputStream:75 - [STDERR_REDIRECT] [Fatal Error] :1:1: Premature end of file.
2024-12-26 16:12:55,086 [ERROR] LogOutputStream:75 - [STDERR_REDIRECT] 
2024-12-26 16:12:56,087 [ERROR] LogOutputStream:75 - [STDERR_REDIRECT] [Fatal Error] :1:1: Premature end of file.
2024-12-26 16:12:56,087 [ERROR] LogOutputStream:75 - [STDERR_REDIRECT] 
2024-12-26 16:12:57,090 [ERROR] LogOutputStream:75 - [STDERR_REDIRECT] [Fatal Error] :1:1: Premature end of file.
2024-12-26 16:12:57,090 [ERROR] LogOutputStream:75 - [STDERR_REDIRECT] 
2024-12-26 16:12:58,092 [ERROR] LogOutputStream:75 - [STDERR_REDIRECT] [Fatal Error] :1:1: Premature end of file.
2024-12-26 16:12:58,092 [ERROR] LogOutputStream:75 - [STDERR_REDIRECT] 
2024-12-26 16:12:59,088 [ERROR] LogOutputStream:75 - [STDERR_REDIRECT] [Fatal Error] :1:1: Premature end of file.
2024-12-26 16:12:59,088 [ERROR] LogOutputStream:75 - [STDERR_REDIRECT] 
2024-12-26 16:13:00,089 [ERROR] LogOutputStream:75 - [STDERR_REDIRECT] [Fatal Error] :1:1: Premature end of file.
2024-12-26 16:13:00,089 [ERROR] LogOutputStream:75 - [STDERR_REDIRECT] 
2024-12-26 16:13:01,086 [ERROR] LogOutputStream:75 - [STDERR_REDIRECT] [Fatal Error] :1:1: Premature end of file.
2024-12-26 16:13:01,086 [ERROR] LogOutputStream:75 - [STDERR_REDIRECT] 
2024-12-26 16:13:02,089 [ERROR] LogOutputStream:75 - [STDERR_REDIRECT] [Fatal Error] :1:1: Premature end of file.
2024-12-26 16:13:02,089 [ERROR] LogOutputStream:75 - [STDERR_REDIRECT] 
2024-12-26 16:13:03,088 [ERROR] LogOutputStream:75 - [STDERR_REDIRECT] [Fatal Error] :1:1: Premature end of file.
2024-12-26 16:13:03,088 [ERROR] LogOutputStream:75 - [STDERR_REDIRECT] 
2024-12-26 16:13:04,118 [ERROR] LogOutputStream:75 - [STDERR_REDIRECT] [Fatal Error] :1:1: Premature end of file.
2024-12-26 16:13:04,119 [ERROR] LogOutputStream:75 - [STDERR_REDIRECT] 
2024-12-26 16:13:05,092 [ERROR] LogOutputStream:75 - [STDERR_REDIRECT] [Fatal Error] :1:1: Premature end of file.
2024-12-26 16:13:05,092 [ERROR] LogOutputStream:75 - [STDERR_REDIRECT] 
2024-12-26 16:13:06,089 [ERROR] LogOutputStream:75 - [STDERR_REDIRECT] [Fatal Error] :1:1: Premature end of file.
2024-12-26 16:13:06,090 [ERROR] LogOutputStream:75 - [STDERR_REDIRECT] 
2024-12-26 16:13:07,087 [ERROR] LogOutputStream:75 - [STDERR_REDIRECT] [Fatal Error] :1:1: Premature end of file.
2024-12-26 16:13:07,087 [ERROR] LogOutputStream:75 - [STDERR_REDIRECT] 
2024-12-26 16:13:08,090 [ERROR] LogOutputStream:75 - [STDERR_REDIRECT] [Fatal Error] :1:1: Premature end of file.
2024-12-26 16:13:08,091 [ERROR] LogOutputStream:75 - [STDERR_REDIRECT] 
2024-12-26 16:13:09,091 [ERROR] LogOutputStream:75 - [STDERR_REDIRECT] [Fatal Error] :1:1: Premature end of file.
2024-12-26 16:13:09,091 [ERROR] LogOutputStream:75 - [STDERR_REDIRECT] 
2024-12-26 16:13:10,088 [ERROR] LogOutputStream:75 - [STDERR_REDIRECT] [Fatal Error] :1:1: Premature end of file.
2024-12-26 16:13:10,088 [ERROR] LogOutputStream:75 - [STDERR_REDIRECT] 
2024-12-26 16:13:11,090 [ERROR] LogOutputStream:75 - [STDERR_REDIRECT] [Fatal Error] :1:1: Premature end of file.
2024-12-26 16:13:11,090 [ERROR] LogOutputStream:75 - [STDERR_REDIRECT] 
2024-12-26 16:13:12,087 [ERROR] LogOutputStream:75 - [STDERR_REDIRECT] [Fatal Error] :1:1: Premature end of file.
2024-12-26 16:13:12,087 [ERROR] LogOutputStream:75 - [STDERR_REDIRECT] 
2024-12-26 16:13:13,090 [ERROR] LogOutputStream:75 - [STDERR_REDIRECT] [Fatal Error] :1:1: Premature end of file.
2024-12-26 16:13:13,090 [ERROR] LogOutputStream:75 - [STDERR_REDIRECT] 
2024-12-26 16:13:14,087 [ERROR] LogOutputStream:75 - [STDERR_REDIRECT] [Fatal Error] :1:1: Premature end of file.
2024-12-26 16:13:14,087 [ERROR] LogOutputStream:75 - [STDERR_REDIRECT] 
2024-12-26 16:13:15,093 [ERROR] LogOutputStream:75 - [STDERR_REDIRECT] [Fatal Error] :1:1: Premature end of file.
2024-12-26 16:13:15,093 [ERROR] LogOutputStream:75 - [STDERR_REDIRECT] 
2024-12-26 16:13:16,090 [ERROR] LogOutputStream:75 - [STDERR_REDIRECT] [Fatal Error] :1:1: Premature end of file.
2024-12-26 16:13:16,090 [ERROR] LogOutputStream:75 - [STDERR_REDIRECT] 
2024-12-26 16:13:17,088 [ERROR] LogOutputStream:75 - [STDERR_REDIRECT] [Fatal Error] :1:1: Premature end of file.
2024-12-26 16:13:17,088 [ERROR] LogOutputStream:75 - [STDERR_REDIRECT] 
2024-12-26 16:13:18,087 [ERROR] LogOutputStream:75 - [STDERR_REDIRECT] [Fatal Error] :1:1: Premature end of file.
2024-12-26 16:13:18,087 [ERROR] LogOutputStream:75 - [STDERR_REDIRECT] 
2024-12-26 16:13:19,087 [ERROR] LogOutputStream:75 - [STDERR_REDIRECT] [Fatal Error] :1:1: Premature end of file.
2024-12-26 16:13:19,088 [ERROR] LogOutputStream:75 - [STDERR_REDIRECT] 
2024-12-26 16:13:20,090 [ERROR] LogOutputStream:75 - [STDERR_REDIRECT] [Fatal Error] :1:1: Premature end of file.
2024-12-26 16:13:20,090 [ERROR] LogOutputStream:75 - [STDERR_REDIRECT] 
2024-12-26 16:13:21,084 [ERROR] LogOutputStream:75 - [STDERR_REDIRECT] [Fatal Error] :1:1: Premature end of file.
2024-12-26 16:13:21,084 [ERROR] LogOutputStream:75 - [STDERR_REDIRECT] 
2024-12-26 16:13:22,086 [ERROR] LogOutputStream:75 - [STDERR_REDIRECT] [Fatal Error] :1:1: Premature end of file.
2024-12-26 16:13:22,086 [ERROR] LogOutputStream:75 - [STDERR_REDIRECT] 
2024-12-26 16:13:23,088 [ERROR] LogOutputStream:75 - [STDERR_REDIRECT] [Fatal Error] :1:1: Premature end of file.
2024-12-26 16:13:23,088 [ERROR] LogOutputStream:75 - [STDERR_REDIRECT] 
2024-12-26 16:13:24,087 [ERROR] LogOutputStream:75 - [STDERR_REDIRECT] [Fatal Error] :1:1: Premature end of file.
2024-12-26 16:13:24,087 [ERROR] LogOutputStream:75 - [STDERR_REDIRECT] 
2024-12-26 16:13:25,088 [ERROR] LogOutputStream:75 - [STDERR_REDIRECT] [Fatal Error] :1:1: Premature end of file.
2024-12-26 16:13:25,088 [ERROR] LogOutputStream:75 - [STDERR_REDIRECT] 
2024-12-26 16:13:26,089 [ERROR] LogOutputStream:75 - [STDERR_REDIRECT] [Fatal Error] :1:1: Premature end of file.
2024-12-26 16:13:26,089 [ERROR] LogOutputStream:75 - [STDERR_REDIRECT] 
2024-12-26 16:13:27,088 [ERROR] LogOutputStream:75 - [STDERR_REDIRECT] [Fatal Error] :1:1: Premature end of file.
2024-12-26 16:13:27,089 [ERROR] LogOutputStream:75 - [STDERR_REDIRECT] 
2024-12-26 16:13:28,094 [ERROR] LogOutputStream:75 - [STDERR_REDIRECT] [Fatal Error] :1:1: Premature end of file.
2024-12-26 16:13:28,095 [ERROR] LogOutputStream:75 - [STDERR_REDIRECT] 
2024-12-26 16:13:29,086 [ERROR] LogOutputStream:75 - [STDERR_REDIRECT] [Fatal Error] :1:1: Premature end of file.
2024-12-26 16:13:29,086 [ERROR] LogOutputStream:75 - [STDERR_REDIRECT] 
2024-12-26 16:13:30,090 [ERROR] LogOutputStream:75 - [STDERR_REDIRECT] [Fatal Error] :1:1: Premature end of file.
2024-12-26 16:13:30,090 [ERROR] LogOutputStream:75 - [STDERR_REDIRECT] 
2024-12-26 16:13:31,090 [ERROR] LogOutputStream:75 - [STDERR_REDIRECT] [Fatal Error] :1:1: Premature end of file.
2024-12-26 16:13:31,090 [ERROR] LogOutputStream:75 - [STDERR_REDIRECT] 
2024-12-26 16:13:32,090 [ERROR] LogOutputStream:75 - [STDERR_REDIRECT] [Fatal Error] :1:1: Premature end of file.
2024-12-26 16:13:32,090 [ERROR] LogOutputStream:75 - [STDERR_REDIRECT] 
2024-12-26 16:13:33,090 [ERROR] LogOutputStream:75 - [STDERR_REDIRECT] [Fatal Error] :1:1: Premature end of file.
2024-12-26 16:13:33,090 [ERROR] LogOutputStream:75 - [STDERR_REDIRECT] 
2024-12-26 16:13:34,088 [ERROR] LogOutputStream:75 - [STDERR_REDIRECT] [Fatal Error] :1:1: Premature end of file.
2024-12-26 16:13:34,088 [ERROR] LogOutputStream:75 - [STDERR_REDIRECT] 
2024-12-26 16:13:35,091 [ERROR] LogOutputStream:75 - [STDERR_REDIRECT] [Fatal Error] :1:1: Premature end of file.
2024-12-26 16:13:35,091 [ERROR] LogOutputStream:75 - [STDERR_REDIRECT] 
2024-12-26 16:13:36,087 [ERROR] LogOutputStream:75 - [STDERR_REDIRECT] [Fatal Error] :1:1: Premature end of file.
2024-12-26 16:13:36,087 [ERROR] LogOutputStream:75 - [STDERR_REDIRECT] 
2024-12-26 16:13:37,089 [ERROR] LogOutputStream:75 - [STDERR_REDIRECT] [Fatal Error] :1:1: Premature end of file.
2024-12-26 16:13:37,090 [ERROR] LogOutputStream:75 - [STDERR_REDIRECT] 
2024-12-26 16:13:38,086 [ERROR] LogOutputStream:75 - [STDERR_REDIRECT] [Fatal Error] :1:1: Premature end of file.
2024-12-26 16:13:38,086 [ERROR] LogOutputStream:75 - [STDERR_REDIRECT] 
2024-12-26 16:13:39,087 [ERROR] LogOutputStream:75 - [STDERR_REDIRECT] [Fatal Error] :1:1: Premature end of file.
2024-12-26 16:13:39,088 [ERROR] LogOutputStream:75 - [STDERR_REDIRECT] 
2024-12-26 16:13:40,087 [ERROR] LogOutputStream:75 - [STDERR_REDIRECT] [Fatal Error] :1:1: Premature end of file.
2024-12-26 16:13:40,087 [ERROR] LogOutputStream:75 - [STDERR_REDIRECT] 
2024-12-26 16:13:41,087 [ERROR] LogOutputStream:75 - [STDERR_REDIRECT] [Fatal Error] :1:1: Premature end of file.
2024-12-26 16:13:41,088 [ERROR] LogOutputStream:75 - [STDERR_REDIRECT] 
2024-12-26 16:13:42,088 [ERROR] LogOutputStream:75 - [STDERR_REDIRECT] [Fatal Error] :1:1: Premature end of file.
2024-12-26 16:13:42,088 [ERROR] LogOutputStream:75 - [STDERR_REDIRECT] 
2024-12-26 16:13:43,094 [ERROR] LogOutputStream:75 - [STDERR_REDIRECT] [Fatal Error] :1:1: Premature end of file.
2024-12-26 16:13:43,094 [ERROR] LogOutputStream:75 - [STDERR_REDIRECT] 
2024-12-26 16:13:44,088 [ERROR] LogOutputStream:75 - [STDERR_REDIRECT] [Fatal Error] :1:1: Premature end of file.
2024-12-26 16:13:44,088 [ERROR] LogOutputStream:75 - [STDERR_REDIRECT] 
2024-12-26 16:13:45,092 [ERROR] LogOutputStream:75 - [STDERR_REDIRECT] [Fatal Error] :1:1: Premature end of file.
2024-12-26 16:13:45,092 [ERROR] LogOutputStream:75 - [STDERR_REDIRECT] 
2024-12-26 16:13:46,086 [ERROR] LogOutputStream:75 - [STDERR_REDIRECT] [Fatal Error] :1:1: Premature end of file.
2024-12-26 16:13:46,086 [ERROR] LogOutputStream:75 - [STDERR_REDIRECT] 
2024-12-26 16:13:47,087 [ERROR] LogOutputStream:75 - [STDERR_REDIRECT] [Fatal Error] :1:1: Premature end of file.
2024-12-26 16:13:47,087 [ERROR] LogOutputStream:75 - [STDERR_REDIRECT] 
2024-12-26 16:13:48,086 [ERROR] LogOutputStream:75 - [STDERR_REDIRECT] [Fatal Error] :1:1: Premature end of file.
2024-12-26 16:13:48,086 [ERROR] LogOutputStream:75 - [STDERR_REDIRECT] 
2024-12-26 16:13:49,088 [ERROR] LogOutputStream:75 - [STDERR_REDIRECT] [Fatal Error] :1:1: Premature end of file.
2024-12-26 16:13:49,088 [ERROR] LogOutputStream:75 - [STDERR_REDIRECT] 
2024-12-26 16:13:50,084 [ERROR] LogOutputStream:75 - [STDERR_REDIRECT] [Fatal Error] :1:1: Premature end of file.
2024-12-26 16:13:50,086 [ERROR] LogOutputStream:75 - [STDERR_REDIRECT] 
2024-12-26 16:13:51,087 [ERROR] LogOutputStream:75 - [STDERR_REDIRECT] [Fatal Error] :1:1: Premature end of file.
2024-12-26 16:13:51,087 [ERROR] LogOutputStream:75 - [STDERR_REDIRECT] 
2024-12-26 16:13:52,088 [ERROR] LogOutputStream:75 - [STDERR_REDIRECT] [Fatal Error] :1:1: Premature end of file.
2024-12-26 16:13:52,088 [ERROR] LogOutputStream:75 - [STDERR_REDIRECT] 
2024-12-26 16:13:53,086 [ERROR] LogOutputStream:75 - [STDERR_REDIRECT] [Fatal Error] :1:1: Premature end of file.
2024-12-26 16:13:53,086 [ERROR] LogOutputStream:75 - [STDERR_REDIRECT] 
2024-12-26 16:13:54,092 [ERROR] LogOutputStream:75 - [STDERR_REDIRECT] [Fatal Error] :1:1: Premature end of file.
2024-12-26 16:13:54,092 [ERROR] LogOutputStream:75 - [STDERR_REDIRECT] 
2024-12-26 16:13:55,089 [ERROR] LogOutputStream:75 - [STDERR_REDIRECT] [Fatal Error] :1:1: Premature end of file.
2024-12-26 16:13:55,089 [ERROR] LogOutputStream:75 - [STDERR_REDIRECT] 
2024-12-26 16:13:56,088 [ERROR] LogOutputStream:75 - [STDERR_REDIRECT] [Fatal Error] :1:1: Premature end of file.
2024-12-26 16:13:56,088 [ERROR] LogOutputStream:75 - [STDERR_REDIRECT] 
2024-12-26 16:13:57,089 [ERROR] LogOutputStream:75 - [STDERR_REDIRECT] [Fatal Error] :1:1: Premature end of file.
2024-12-26 16:13:57,089 [ERROR] LogOutputStream:75 - [STDERR_REDIRECT] 
2024-12-26 16:13:58,089 [ERROR] LogOutputStream:75 - [STDERR_REDIRECT] [Fatal Error] :1:1: Premature end of file.
2024-12-26 16:13:58,089 [ERROR] LogOutputStream:75 - [STDERR_REDIRECT] 
2024-12-26 16:13:59,087 [ERROR] LogOutputStream:75 - [STDERR_REDIRECT] [Fatal Error] :1:1: Premature end of file.
2024-12-26 16:13:59,087 [ERROR] LogOutputStream:75 - [STDERR_REDIRECT] 
2024-12-26 16:14:00,089 [ERROR] LogOutputStream:75 - [STDERR_REDIRECT] [Fatal Error] :1:1: Premature end of file.
2024-12-26 16:14:00,089 [ERROR] LogOutputStream:75 - [STDERR_REDIRECT] 
2024-12-26 16:14:01,088 [ERROR] LogOutputStream:75 - [STDERR_REDIRECT] [Fatal Error] :1:1: Premature end of file.
2024-12-26 16:14:01,088 [ERROR] LogOutputStream:75 - [STDERR_REDIRECT] 
2024-12-26 16:14:02,089 [ERROR] LogOutputStream:75 - [STDERR_REDIRECT] [Fatal Error] :1:1: Premature end of file.
2024-12-26 16:14:02,089 [ERROR] LogOutputStream:75 - [STDERR_REDIRECT] 
2024-12-26 16:14:03,091 [ERROR] LogOutputStream:75 - [STDERR_REDIRECT] [Fatal Error] :1:1: Premature end of file.
2024-12-26 16:14:03,091 [ERROR] LogOutputStream:75 - [STDERR_REDIRECT] 
2024-12-26 16:14:04,091 [ERROR] LogOutputStream:75 - [STDERR_REDIRECT] [Fatal Error] :1:1: Premature end of file.
2024-12-26 16:14:04,092 [ERROR] LogOutputStream:75 - [STDERR_REDIRECT] 
2024-12-26 16:14:05,089 [ERROR] LogOutputStream:75 - [STDERR_REDIRECT] [Fatal Error] :1:1: Premature end of file.
2024-12-26 16:14:05,089 [ERROR] LogOutputStream:75 - [STDERR_REDIRECT] 
2024-12-26 16:14:06,086 [ERROR] LogOutputStream:75 - [STDERR_REDIRECT] [Fatal Error] :1:1: Premature end of file.
2024-12-26 16:14:06,086 [ERROR] LogOutputStream:75 - [STDERR_REDIRECT] 
2024-12-26 16:14:07,089 [ERROR] LogOutputStream:75 - [STDERR_REDIRECT] [Fatal Error] :1:1: Premature end of file.
2024-12-26 16:14:07,089 [ERROR] LogOutputStream:75 - [STDERR_REDIRECT] 
2024-12-26 16:14:08,102 [ERROR] LogOutputStream:75 - [STDERR_REDIRECT] [Fatal Error] :1:1: Premature end of file.
2024-12-26 16:14:08,102 [ERROR] LogOutputStream:75 - [STDERR_REDIRECT] 
2024-12-26 16:14:09,087 [ERROR] LogOutputStream:75 - [STDERR_REDIRECT] [Fatal Error] :1:1: Premature end of file.
2024-12-26 16:14:09,087 [ERROR] LogOutputStream:75 - [STDERR_REDIRECT] 
2024-12-26 16:14:10,088 [ERROR] LogOutputStream:75 - [STDERR_REDIRECT] [Fatal Error] :1:1: Premature end of file.
2024-12-26 16:14:10,088 [ERROR] LogOutputStream:75 - [STDERR_REDIRECT] 
2024-12-26 16:14:11,085 [ERROR] LogOutputStream:75 - [STDERR_REDIRECT] [Fatal Error] :1:1: Premature end of file.
2024-12-26 16:14:11,085 [ERROR] LogOutputStream:75 - [STDERR_REDIRECT] 
2024-12-26 16:14:12,090 [ERROR] LogOutputStream:75 - [STDERR_REDIRECT] [Fatal Error] :1:1: Premature end of file.
2024-12-26 16:14:12,090 [ERROR] LogOutputStream:75 - [STDERR_REDIRECT] 
2024-12-26 16:14:13,089 [ERROR] LogOutputStream:75 - [STDERR_REDIRECT] [Fatal Error] :1:1: Premature end of file.
2024-12-26 16:14:13,089 [ERROR] LogOutputStream:75 - [STDERR_REDIRECT] 
2024-12-26 16:14:14,089 [ERROR] LogOutputStream:75 - [STDERR_REDIRECT] [Fatal Error] :1:1: Premature end of file.
2024-12-26 16:14:14,089 [ERROR] LogOutputStream:75 - [STDERR_REDIRECT] 
2024-12-26 16:14:15,088 [ERROR] LogOutputStream:75 - [STDERR_REDIRECT] [Fatal Error] :1:1: Premature end of file.
2024-12-26 16:14:15,088 [ERROR] LogOutputStream:75 - [STDERR_REDIRECT] 
2024-12-26 16:14:16,091 [ERROR] LogOutputStream:75 - [STDERR_REDIRECT] [Fatal Error] :1:1: Premature end of file.
2024-12-26 16:14:16,093 [ERROR] LogOutputStream:75 - [STDERR_REDIRECT] 
2024-12-26 16:14:17,086 [ERROR] LogOutputStream:75 - [STDERR_REDIRECT] [Fatal Error] :1:1: Premature end of file.
2024-12-26 16:14:17,086 [ERROR] LogOutputStream:75 - [STDERR_REDIRECT] 
2024-12-26 16:14:18,089 [ERROR] LogOutputStream:75 - [STDERR_REDIRECT] [Fatal Error] :1:1: Premature end of file.
2024-12-26 16:14:18,090 [ERROR] LogOutputStream:75 - [STDERR_REDIRECT] 
2024-12-26 16:14:19,087 [ERROR] LogOutputStream:75 - [STDERR_REDIRECT] [Fatal Error] :1:1: Premature end of file.
2024-12-26 16:14:19,087 [ERROR] LogOutputStream:75 - [STDERR_REDIRECT] 
2024-12-26 16:14:20,090 [ERROR] LogOutputStream:75 - [STDERR_REDIRECT] [Fatal Error] :1:1: Premature end of file.
2024-12-26 16:14:20,090 [ERROR] LogOutputStream:75 - [STDERR_REDIRECT] 
2024-12-26 16:14:21,091 [ERROR] LogOutputStream:75 - [STDERR_REDIRECT] [Fatal Error] :1:1: Premature end of file.
2024-12-26 16:14:21,091 [ERROR] LogOutputStream:75 - [STDERR_REDIRECT] 
2024-12-26 16:14:22,088 [ERROR] LogOutputStream:75 - [STDERR_REDIRECT] [Fatal Error] :1:1: Premature end of file.
2024-12-26 16:14:22,089 [ERROR] LogOutputStream:75 - [STDERR_REDIRECT] 
2024-12-26 16:14:23,091 [ERROR] LogOutputStream:75 - [STDERR_REDIRECT] [Fatal Error] :1:1: Premature end of file.
2024-12-26 16:14:23,091 [ERROR] LogOutputStream:75 - [STDERR_REDIRECT] 
2024-12-26 16:14:24,087 [ERROR] LogOutputStream:75 - [STDERR_REDIRECT] [Fatal Error] :1:1: Premature end of file.
2024-12-26 16:14:24,087 [ERROR] LogOutputStream:75 - [STDERR_REDIRECT] 
2024-12-26 16:14:25,092 [ERROR] LogOutputStream:75 - [STDERR_REDIRECT] [Fatal Error] :1:1: Premature end of file.
2024-12-26 16:14:25,092 [ERROR] LogOutputStream:75 - [STDERR_REDIRECT] 
2024-12-26 16:14:26,091 [ERROR] LogOutputStream:75 - [STDERR_REDIRECT] [Fatal Error] :1:1: Premature end of file.
2024-12-26 16:14:26,091 [ERROR] LogOutputStream:75 - [STDERR_REDIRECT] 
2024-12-26 16:14:27,087 [ERROR] LogOutputStream:75 - [STDERR_REDIRECT] [Fatal Error] :1:1: Premature end of file.
2024-12-26 16:14:27,087 [ERROR] LogOutputStream:75 - [STDERR_REDIRECT] 
2024-12-26 16:14:28,087 [ERROR] LogOutputStream:75 - [STDERR_REDIRECT] [Fatal Error] :1:1: Premature end of file.
2024-12-26 16:14:28,088 [ERROR] LogOutputStream:75 - [STDERR_REDIRECT] 
2024-12-26 16:14:29,091 [ERROR] LogOutputStream:75 - [STDERR_REDIRECT] [Fatal Error] :1:1: Premature end of file.
2024-12-26 16:14:29,092 [ERROR] LogOutputStream:75 - [STDERR_REDIRECT] 
2024-12-26 16:14:30,086 [ERROR] LogOutputStream:75 - [STDERR_REDIRECT] [Fatal Error] :1:1: Premature end of file.
2024-12-26 16:14:30,086 [ERROR] LogOutputStream:75 - [STDERR_REDIRECT] 
2024-12-26 16:14:31,092 [ERROR] LogOutputStream:75 - [STDERR_REDIRECT] [Fatal Error] :1:1: Premature end of file.
2024-12-26 16:14:31,092 [ERROR] LogOutputStream:75 - [STDERR_REDIRECT] 
2024-12-26 16:14:32,091 [ERROR] LogOutputStream:75 - [STDERR_REDIRECT] [Fatal Error] :1:1: Premature end of file.
2024-12-26 16:14:32,091 [ERROR] LogOutputStream:75 - [STDERR_REDIRECT] 
2024-12-26 16:14:33,090 [ERROR] LogOutputStream:75 - [STDERR_REDIRECT] [Fatal Error] :1:1: Premature end of file.
2024-12-26 16:14:33,090 [ERROR] LogOutputStream:75 - [STDERR_REDIRECT] 
2024-12-26 16:14:34,086 [ERROR] LogOutputStream:75 - [STDERR_REDIRECT] [Fatal Error] :1:1: Premature end of file.
2024-12-26 16:14:34,086 [ERROR] LogOutputStream:75 - [STDERR_REDIRECT] 
2024-12-26 16:14:35,091 [ERROR] LogOutputStream:75 - [STDERR_REDIRECT] [Fatal Error] :1:1: Premature end of file.
2024-12-26 16:14:35,091 [ERROR] LogOutputStream:75 - [STDERR_REDIRECT] 
2024-12-26 16:14:36,090 [ERROR] LogOutputStream:75 - [STDERR_REDIRECT] [Fatal Error] :1:1: Premature end of file.
2024-12-26 16:14:36,090 [ERROR] LogOutputStream:75 - [STDERR_REDIRECT] 
2024-12-26 16:14:37,088 [ERROR] LogOutputStream:75 - [STDERR_REDIRECT] [Fatal Error] :1:1: Premature end of file.
2024-12-26 16:14:37,089 [ERROR] LogOutputStream:75 - [STDERR_REDIRECT] 
2024-12-26 16:14:38,088 [ERROR] LogOutputStream:75 - [STDERR_REDIRECT] [Fatal Error] :1:1: Premature end of file.
2024-12-26 16:14:38,088 [ERROR] LogOutputStream:75 - [STDERR_REDIRECT] 
2024-12-26 16:14:39,090 [ERROR] LogOutputStream:75 - [STDERR_REDIRECT] [Fatal Error] :1:1: Premature end of file.
2024-12-26 16:14:39,090 [ERROR] LogOutputStream:75 - [STDERR_REDIRECT] 
2024-12-26 16:14:40,087 [ERROR] LogOutputStream:75 - [STDERR_REDIRECT] [Fatal Error] :1:1: Premature end of file.
2024-12-26 16:14:40,087 [ERROR] LogOutputStream:75 - [STDERR_REDIRECT] 
2024-12-26 16:14:41,090 [ERROR] LogOutputStream:75 - [STDERR_REDIRECT] [Fatal Error] :1:1: Premature end of file.
2024-12-26 16:14:41,090 [ERROR] LogOutputStream:75 - [STDERR_REDIRECT] 
2024-12-26 16:14:42,089 [ERROR] LogOutputStream:75 - [STDERR_REDIRECT] [Fatal Error] :1:1: Premature end of file.
2024-12-26 16:14:42,089 [ERROR] LogOutputStream:75 - [STDERR_REDIRECT] 
2024-12-26 16:14:43,088 [ERROR] LogOutputStream:75 - [STDERR_REDIRECT] [Fatal Error] :1:1: Premature end of file.
2024-12-26 16:14:43,088 [ERROR] LogOutputStream:75 - [STDERR_REDIRECT] 
2024-12-26 16:14:44,090 [ERROR] LogOutputStream:75 - [STDERR_REDIRECT] [Fatal Error] :1:1: Premature end of file.
2024-12-26 16:14:44,090 [ERROR] LogOutputStream:75 - [STDERR_REDIRECT] 
2024-12-26 16:14:45,087 [ERROR] LogOutputStream:75 - [STDERR_REDIRECT] [Fatal Error] :1:1: Premature end of file.
2024-12-26 16:14:45,087 [ERROR] LogOutputStream:75 - [STDERR_REDIRECT] 
2024-12-26 16:14:46,090 [ERROR] LogOutputStream:75 - [STDERR_REDIRECT] [Fatal Error] :1:1: Premature end of file.
2024-12-26 16:14:46,090 [ERROR] LogOutputStream:75 - [STDERR_REDIRECT] 
2024-12-26 16:14:47,097 [ERROR] LogOutputStream:75 - [STDERR_REDIRECT] [Fatal Error] :1:1: Premature end of file.
2024-12-26 16:14:47,097 [ERROR] LogOutputStream:75 - [STDERR_REDIRECT] 
2024-12-26 16:14:48,092 [ERROR] LogOutputStream:75 - [STDERR_REDIRECT] [Fatal Error] :1:1: Premature end of file.
2024-12-26 16:14:48,092 [ERROR] LogOutputStream:75 - [STDERR_REDIRECT] 
2024-12-26 16:14:49,093 [ERROR] LogOutputStream:75 - [STDERR_REDIRECT] [Fatal Error] :1:1: Premature end of file.
2024-12-26 16:14:49,093 [ERROR] LogOutputStream:75 - [STDERR_REDIRECT] 
2024-12-26 16:14:50,090 [ERROR] LogOutputStream:75 - [STDERR_REDIRECT] [Fatal Error] :1:1: Premature end of file.
2024-12-26 16:14:50,090 [ERROR] LogOutputStream:75 - [STDERR_REDIRECT] 
2024-12-26 16:14:51,087 [ERROR] LogOutputStream:75 - [STDERR_REDIRECT] [Fatal Error] :1:1: Premature end of file.
2024-12-26 16:14:51,087 [ERROR] LogOutputStream:75 - [STDERR_REDIRECT] 
2024-12-26 16:14:52,087 [ERROR] LogOutputStream:75 - [STDERR_REDIRECT] [Fatal Error] :1:1: Premature end of file.
2024-12-26 16:14:52,087 [ERROR] LogOutputStream:75 - [STDERR_REDIRECT] 
2024-12-26 16:14:53,087 [ERROR] LogOutputStream:75 - [STDERR_REDIRECT] [Fatal Error] :1:1: Premature end of file.
2024-12-26 16:14:53,087 [ERROR] LogOutputStream:75 - [STDERR_REDIRECT] 
2024-12-26 16:14:54,089 [ERROR] LogOutputStream:75 - [STDERR_REDIRECT] [Fatal Error] :1:1: Premature end of file.
2024-12-26 16:14:54,089 [ERROR] LogOutputStream:75 - [STDERR_REDIRECT] 
2024-12-26 16:14:55,090 [ERROR] LogOutputStream:75 - [STDERR_REDIRECT] [Fatal Error] :1:1: Premature end of file.
2024-12-26 16:14:55,090 [ERROR] LogOutputStream:75 - [STDERR_REDIRECT] 
2024-12-26 16:14:56,089 [ERROR] LogOutputStream:75 - [STDERR_REDIRECT] [Fatal Error] :1:1: Premature end of file.
2024-12-26 16:14:56,089 [ERROR] LogOutputStream:75 - [STDERR_REDIRECT] 
2024-12-26 16:14:57,141 [ERROR] LogOutputStream:75 - [STDERR_REDIRECT] [Fatal Error] :1:1: Premature end of file.
2024-12-26 16:14:57,141 [ERROR] LogOutputStream:75 - [STDERR_REDIRECT] 
2024-12-26 16:14:57,430 [ERROR] LogOutputStream:75 - [STDERR_REDIRECT] 
