2024-12-22 18:41:39,584 [INFO] Activator:176 - 


2024-12-22 18:41:39,584 [INFO] Activator:177 - !SESSION log4j initialized
2024-12-22 18:41:44,372 [INFO] LogOutputStream:77 - [STDOUT_REDIRECT] 
2024-12-22 18:41:45,281 [INFO] ApplicationProperties:184 - Using Application install path: C:\ST\STM32CubeIDE_1.17.0\STM32CubeIDE\plugins\com.st.stm32cube.common.mx_6.13.0.202411220809
2024-12-22 18:41:45,297 [INFO] DbMcusXml:78 - Set database path to: C:\ST\STM32CubeIDE_1.17.0\STM32CubeIDE\plugins\com.st.stm32cube.common.mx_6.13.0.202411220809\\db\/mcu/
2024-12-22 18:41:45,298 [INFO] ApiDb:274 - Set plugin database path to: C:\ST\STM32CubeIDE_1.17.0\STM32CubeIDE\plugins\com.st.stm32cube.common.mx_6.13.0.202411220809\\db\/plugins/boardmanager/
2024-12-22 18:41:45,298 [WARN] ApiDb:259 - Overriding images path with different value:  => C:\ST\STM32CubeIDE_1.17.0\STM32CubeIDE\plugins\com.st.stm32cube.common.mx_6.13.0.202411220809\\db\/plugins/mcufinder/images/
2024-12-22 18:41:45,303 [INFO] ApiDb:250 - Set database path to: C:\Users\o1yus\.stmcufinder\plugins\mcufinder//mcu/
2024-12-22 18:41:45,305 [INFO] DbMcusAds:125 - Set database path to: C:\Users\o1yus\.stmcufinder\plugins\mcufinder//mcu/
2024-12-22 18:41:45,308 [INFO] CrossReferenceDbSqlite:203 - Set database path to: C:\Users\o1yus\.stmcufinder\plugins\mcufinder//mcu/cs/
2024-12-22 18:41:45,400 [INFO] RulesReader:64 - Compatibility file has been processed (297 Rules)
2024-12-22 18:41:45,467 [INFO] DbMcusXml:78 - Set database path to: C:\ST\STM32CubeIDE_1.17.0\STM32CubeIDE\plugins\com.st.stm32cube.common.mx_6.13.0.202411220809\\db\/mcu/
2024-12-22 18:41:45,467 [INFO] ApiDb:274 - Set plugin database path to: C:\ST\STM32CubeIDE_1.17.0\STM32CubeIDE\plugins\com.st.stm32cube.common.mx_6.13.0.202411220809\\db\/plugins/boardmanager/
2024-12-22 18:41:45,467 [INFO] ApiDb:261 - Set plugin images path to: C:\ST\STM32CubeIDE_1.17.0\STM32CubeIDE\plugins\com.st.stm32cube.common.mx_6.13.0.202411220809\\db\/plugins/mcufinder/images/
2024-12-22 18:41:45,467 [WARN] DbFile:41 - Overriding database path with different value: C:\Users\o1yus\.stmcufinder\plugins\mcufinder/ => C:\Users\o1yus\.stmcufinder\plugins\mcufinder
2024-12-22 18:41:45,468 [INFO] ApiDb:250 - Set database path to: C:\Users\o1yus\.stmcufinder\plugins\mcufinder//mcu/
2024-12-22 18:41:45,468 [WARN] DbFile:41 - Overriding database path with different value: C:\Users\o1yus\.stmcufinder\plugins\mcufinder/ => C:\Users\o1yus\.stmcufinder\plugins\mcufinder
2024-12-22 18:41:45,468 [INFO] DbMcusAds:125 - Set database path to: C:\Users\o1yus\.stmcufinder\plugins\mcufinder//mcu/
2024-12-22 18:41:45,468 [WARN] DbFile:41 - Overriding database path with different value: C:\Users\o1yus\.stmcufinder\plugins\mcufinder/ => C:\Users\o1yus\.stmcufinder\plugins\mcufinder
2024-12-22 18:41:45,468 [WARN] DbFile:41 - Overriding database path with different value: C:\Users\o1yus\.stmcufinder\plugins\mcufinder/ => C:\Users\o1yus\.stmcufinder\plugins\mcufinder
2024-12-22 18:41:45,468 [INFO] CrossReferenceDbSqlite:203 - Set database path to: C:\Users\o1yus\.stmcufinder\plugins\mcufinder//mcu/cs/
2024-12-22 18:41:45,530 [INFO] MainPanel:272 - HeapMemory: 268435456
2024-12-22 18:41:45,616 [INFO] DbMcusXml:78 - Set database path to: C:\ST\STM32CubeIDE_1.17.0\STM32CubeIDE\plugins\com.st.stm32cube.common.mx_6.13.0.202411220809\\db\/mcu/
2024-12-22 18:41:45,616 [INFO] ApiDb:274 - Set plugin database path to: C:\ST\STM32CubeIDE_1.17.0\STM32CubeIDE\plugins\com.st.stm32cube.common.mx_6.13.0.202411220809\\db\/plugins/boardmanager/
2024-12-22 18:41:45,616 [INFO] ApiDb:261 - Set plugin images path to: C:\ST\STM32CubeIDE_1.17.0\STM32CubeIDE\plugins\com.st.stm32cube.common.mx_6.13.0.202411220809\\db\/plugins/mcufinder/images/
2024-12-22 18:41:45,617 [WARN] DbFile:41 - Overriding database path with different value: C:\Users\o1yus\.stmcufinder\plugins\mcufinder/ => C:\Users\o1yus\.stmcufinder\plugins\mcufinder
2024-12-22 18:41:45,617 [INFO] ApiDb:250 - Set database path to: C:\Users\o1yus\.stmcufinder\plugins\mcufinder//mcu/
2024-12-22 18:41:45,617 [WARN] DbFile:41 - Overriding database path with different value: C:\Users\o1yus\.stmcufinder\plugins\mcufinder/ => C:\Users\o1yus\.stmcufinder\plugins\mcufinder
2024-12-22 18:41:45,617 [INFO] DbMcusAds:125 - Set database path to: C:\Users\o1yus\.stmcufinder\plugins\mcufinder//mcu/
2024-12-22 18:41:45,617 [WARN] DbFile:41 - Overriding database path with different value: C:\Users\o1yus\.stmcufinder\plugins\mcufinder/ => C:\Users\o1yus\.stmcufinder\plugins\mcufinder
2024-12-22 18:41:45,617 [WARN] DbFile:41 - Overriding database path with different value: C:\Users\o1yus\.stmcufinder\plugins\mcufinder/ => C:\Users\o1yus\.stmcufinder\plugins\mcufinder
2024-12-22 18:41:45,617 [INFO] CrossReferenceDbSqlite:203 - Set database path to: C:\Users\o1yus\.stmcufinder\plugins\mcufinder//mcu/cs/
2024-12-22 18:41:45,632 [INFO] ApplicationProperties:184 - Using Application install path: C:\ST\STM32CubeIDE_1.17.0\STM32CubeIDE\plugins\com.st.stm32cube.common.mx_6.13.0.202411220809
2024-12-22 18:41:45,633 [INFO] PluginManage:196 - Search for loadable plugins [exclusion list=, ]
2024-12-22 18:41:45,634 [INFO] PluginManage:310 - Check plugin analytics
2024-12-22 18:41:45,821 [INFO] AnalyticsPlugin:253 - Accepted Software Licenses: 
2024-12-22 18:41:45,821 [INFO] AnalyticsPlugin:255 - Accepted CMSIS Pack Licenses: 
2024-12-22 18:41:45,821 [INFO] AnalyticsPlugin:257 - Accepted Firmware Licenses: 
2024-12-22 18:41:45,827 [INFO] PluginManage:359 - Loaded plugin analytics (category:tool,tabindex:-1)
2024-12-22 18:41:45,828 [INFO] PluginManage:310 - Check plugin cadmodel
2024-12-22 18:41:45,834 [INFO] CADModel:105 - Init CAD model plugin
2024-12-22 18:41:45,834 [INFO] PluginManage:359 - Loaded plugin cadmodel (category:power,tabindex:5)
2024-12-22 18:41:45,834 [INFO] PluginManage:310 - Check plugin clock
2024-12-22 18:41:45,842 [INFO] PluginManage:359 - Loaded plugin clock (category:base,tabindex:2)
2024-12-22 18:41:45,842 [INFO] PluginManage:310 - Check plugin ddr
2024-12-22 18:41:45,844 [INFO] PluginManage:359 - Loaded plugin ddr (category:tool,tabindex:6)
2024-12-22 18:41:45,845 [INFO] PluginManage:310 - Check plugin filemanager
2024-12-22 18:41:45,964 [INFO] PluginManage:359 - Loaded plugin filemanager (category:base,tabindex:10)
2024-12-22 18:41:45,965 [INFO] PluginManage:310 - Check plugin ipmanager
2024-12-22 18:41:45,971 [INFO] PluginManage:359 - Loaded plugin ipmanager (category:base,tabindex:5)
2024-12-22 18:41:45,971 [INFO] PluginManage:310 - Check plugin lpbam
2024-12-22 18:41:45,980 [INFO] PluginManage:359 - Loaded plugin lpbam (category:base,tabindex:0)
2024-12-22 18:41:45,980 [INFO] PluginManage:310 - Check plugin memorymap
2024-12-22 18:41:45,994 [INFO] PluginManage:359 - Loaded plugin memorymap (category:base,tabindex:4)
2024-12-22 18:41:45,994 [INFO] PluginManage:310 - Check plugin pinoutandconfiguration
2024-12-22 18:41:46,001 [INFO] PluginManage:359 - Loaded plugin pinoutandconfiguration (category:base,tabindex:1)
2024-12-22 18:41:46,002 [INFO] PluginManage:310 - Check plugin pinoutconfig
2024-12-22 18:41:46,086 [WARN] SupportedApi:132 - Cannot load RTOS API schema: s4s-elt-must-match.1: The content of 'definitions' must match (annotation?, (simpleType | complexType)?, (unique | key | keyref)*)). A problem was found starting at: attribute.
2024-12-22 18:41:46,272 [INFO] PluginManage:359 - Loaded plugin pinoutconfig (category:base,tabindex:0)
2024-12-22 18:41:46,272 [INFO] PluginManage:310 - Check plugin power
2024-12-22 18:41:46,296 [INFO] PluginManage:359 - Loaded plugin power (category:power,tabindex:4)
2024-12-22 18:41:46,296 [INFO] PluginManage:310 - Check plugin projectmanager
2024-12-22 18:41:46,319 [INFO] PluginManage:359 - Loaded plugin projectmanager (category:projectmanager,tabindex:4)
2024-12-22 18:41:46,319 [INFO] PluginManage:310 - Check plugin rif
2024-12-22 18:41:46,338 [INFO] PluginManage:359 - Loaded plugin rif (category:base,tabindex:3)
2024-12-22 18:41:46,338 [INFO] PluginManage:310 - Check plugin thirdparty
2024-12-22 18:41:46,499 [WARN] IntegrityCheckThread:84 - waiting for thirdparty lock release [integrity check]
2024-12-22 18:41:46,500 [INFO] IntegrityCheckThread:86 - entering critical section [integrity check]
2024-12-22 18:41:46,500 [INFO] ThirdPartyUpdaterWithRetryManager:70 - Updater plugin not ready yet. [1/15]
2024-12-22 18:41:46,500 [INFO] PluginManage:359 - Loaded plugin thirdparty (category:base,tabindex:-1)
2024-12-22 18:41:46,500 [INFO] PluginManage:310 - Check plugin tools
2024-12-22 18:41:46,503 [INFO] PluginManage:359 - Loaded plugin tools (category:base,tabindex:7)
2024-12-22 18:41:46,503 [INFO] PluginManage:310 - Check plugin tutovideos
2024-12-22 18:41:46,645 [INFO] PluginManage:359 - Loaded plugin tutovideos (category:base,tabindex:-1)
2024-12-22 18:41:46,645 [INFO] PluginManage:310 - Check plugin updater
2024-12-22 18:41:46,663 [INFO] PluginManage:359 - Loaded plugin updater (category:base,tabindex:12)
2024-12-22 18:41:46,663 [INFO] PluginManage:310 - Check plugin userauth
2024-12-22 18:41:46,666 [INFO] UserAuth:118 - Init User Auth plugin
2024-12-22 18:41:46,666 [INFO] PluginManage:359 - Loaded plugin userauth (category:base,tabindex:14)
2024-12-22 18:41:46,667 [INFO] PluginManage:283 - PluginManage : Loaded plugins [18]
2024-12-22 18:41:46,935 [INFO] PinOutPanel:1589 - setPackage(No Configuration,No Configuration)
2024-12-22 18:41:47,010 [INFO] CADModel:165 - CPN selected for project level
2024-12-22 18:41:47,010 [INFO] CADModel:114 - Register for checkConnection events
2024-12-22 18:41:47,028 [INFO] IPUIPlugin:80 - create IPUIPlugin
2024-12-22 18:41:47,029 [INFO] PluginManager:220 - loadIPPluginJar : add adc
2024-12-22 18:41:47,031 [INFO] IPUIPlugin:80 - create IPUIPlugin
2024-12-22 18:41:47,031 [INFO] PluginManager:220 - loadIPPluginJar : add aes
2024-12-22 18:41:47,033 [INFO] IPUIPlugin:80 - create IPUIPlugin
2024-12-22 18:41:47,033 [INFO] PluginManager:220 - loadIPPluginJar : add can
2024-12-22 18:41:47,034 [INFO] IPUIPlugin:80 - create IPUIPlugin
2024-12-22 18:41:47,034 [INFO] PluginManager:220 - loadIPPluginJar : add comp
2024-12-22 18:41:47,036 [INFO] IPUIPlugin:80 - create IPUIPlugin
2024-12-22 18:41:47,036 [INFO] PluginManager:220 - loadIPPluginJar : add cryp
2024-12-22 18:41:47,039 [INFO] IPUIPlugin:80 - create IPUIPlugin
2024-12-22 18:41:47,039 [INFO] PluginManager:220 - loadIPPluginJar : add ddr_ctrl_phy
2024-12-22 18:41:47,041 [INFO] IPUIPlugin:80 - create IPUIPlugin
2024-12-22 18:41:47,041 [INFO] PluginManager:220 - loadIPPluginJar : add dfsdm
2024-12-22 18:41:47,046 [INFO] IPUIPlugin:80 - create IPUIPlugin
2024-12-22 18:41:47,046 [INFO] PluginManager:220 - loadIPPluginJar : add dma
2024-12-22 18:41:47,048 [INFO] IPUIPlugin:80 - create IPUIPlugin
2024-12-22 18:41:47,048 [INFO] PluginManager:220 - loadIPPluginJar : add dma3
2024-12-22 18:41:47,051 [INFO] IPUIPlugin:80 - create IPUIPlugin
2024-12-22 18:41:47,051 [INFO] PluginManager:220 - loadIPPluginJar : add extmemmanager
2024-12-22 18:41:47,052 [INFO] IPUIPlugin:80 - create IPUIPlugin
2024-12-22 18:41:47,052 [INFO] PluginManager:220 - loadIPPluginJar : add fatfs
2024-12-22 18:41:47,055 [INFO] IPUIPlugin:80 - create IPUIPlugin
2024-12-22 18:41:47,056 [INFO] PluginManager:220 - loadIPPluginJar : add fmc
2024-12-22 18:41:47,059 [INFO] IPUIPlugin:80 - create IPUIPlugin
2024-12-22 18:41:47,059 [INFO] PluginManager:220 - loadIPPluginJar : add freertos
2024-12-22 18:41:47,060 [INFO] IPUIPlugin:80 - create IPUIPlugin
2024-12-22 18:41:47,060 [INFO] PluginManager:220 - loadIPPluginJar : add genericplugin
2024-12-22 18:41:47,062 [INFO] IPUIPlugin:80 - create IPUIPlugin
2024-12-22 18:41:47,062 [INFO] PluginManager:220 - loadIPPluginJar : add gfxmmu
2024-12-22 18:41:47,066 [INFO] IPUIPlugin:80 - create IPUIPlugin
2024-12-22 18:41:47,066 [INFO] PluginManager:220 - loadIPPluginJar : add gic
2024-12-22 18:41:47,069 [INFO] IPUIPlugin:80 - create IPUIPlugin
2024-12-22 18:41:47,069 [INFO] PluginManager:220 - loadIPPluginJar : add gpio
2024-12-22 18:41:47,071 [INFO] IPUIPlugin:80 - create IPUIPlugin
2024-12-22 18:41:47,071 [INFO] PluginManager:220 - loadIPPluginJar : add gtzc
2024-12-22 18:41:47,073 [INFO] IPUIPlugin:80 - create IPUIPlugin
2024-12-22 18:41:47,073 [INFO] PluginManager:220 - loadIPPluginJar : add hash
2024-12-22 18:41:47,075 [INFO] IPUIPlugin:80 - create IPUIPlugin
2024-12-22 18:41:47,075 [INFO] PluginManager:220 - loadIPPluginJar : add i2c
2024-12-22 18:41:47,077 [INFO] IPUIPlugin:80 - create IPUIPlugin
2024-12-22 18:41:47,077 [INFO] PluginManager:220 - loadIPPluginJar : add i2s
2024-12-22 18:41:47,079 [INFO] IPUIPlugin:80 - create IPUIPlugin
2024-12-22 18:41:47,079 [INFO] PluginManager:220 - loadIPPluginJar : add i3c
2024-12-22 18:41:47,082 [INFO] IPUIPlugin:80 - create IPUIPlugin
2024-12-22 18:41:47,082 [INFO] PluginManager:220 - loadIPPluginJar : add ipddr
2024-12-22 18:41:47,088 [INFO] IPUIPlugin:80 - create IPUIPlugin
2024-12-22 18:41:47,089 [INFO] PluginManager:220 - loadIPPluginJar : add linkedlist
2024-12-22 18:41:47,092 [INFO] IPUIPlugin:80 - create IPUIPlugin
2024-12-22 18:41:47,092 [INFO] PluginManager:220 - loadIPPluginJar : add lorawan
2024-12-22 18:41:47,093 [INFO] IPUIPlugin:80 - create IPUIPlugin
2024-12-22 18:41:47,093 [INFO] PluginManager:220 - loadIPPluginJar : add ltdc
2024-12-22 18:41:47,098 [INFO] IPUIPlugin:80 - create IPUIPlugin
2024-12-22 18:41:47,099 [INFO] PluginManager:220 - loadIPPluginJar : add mdma
2024-12-22 18:41:47,104 [INFO] IPUIPlugin:80 - create IPUIPlugin
2024-12-22 18:41:47,104 [INFO] PluginManager:220 - loadIPPluginJar : add nvic
2024-12-22 18:41:47,106 [INFO] IPUIPlugin:80 - create IPUIPlugin
2024-12-22 18:41:47,106 [INFO] PluginManager:220 - loadIPPluginJar : add opamp
2024-12-22 18:41:47,108 [INFO] IPUIPlugin:80 - create IPUIPlugin
2024-12-22 18:41:47,109 [INFO] PluginManager:220 - loadIPPluginJar : add openamp
2024-12-22 18:41:47,111 [INFO] IPUIPlugin:80 - create IPUIPlugin
2024-12-22 18:41:47,111 [INFO] PluginManager:220 - loadIPPluginJar : add pdm2pcm
2024-12-22 18:41:47,116 [INFO] IPUIPlugin:80 - create IPUIPlugin
2024-12-22 18:41:47,118 [INFO] PluginManager:220 - loadIPPluginJar : add plateformsettings
2024-12-22 18:41:47,119 [INFO] IPUIPlugin:80 - create IPUIPlugin
2024-12-22 18:41:47,119 [INFO] PluginManager:220 - loadIPPluginJar : add quadspi
2024-12-22 18:41:47,120 [INFO] IPUIPlugin:80 - create IPUIPlugin
2024-12-22 18:41:47,120 [INFO] PluginManager:220 - loadIPPluginJar : add radio
2024-12-22 18:41:47,123 [INFO] IPUIPlugin:80 - create IPUIPlugin
2024-12-22 18:41:47,123 [INFO] PluginManager:220 - loadIPPluginJar : add resmgrutility
2024-12-22 18:41:47,126 [INFO] IPUIPlugin:80 - create IPUIPlugin
2024-12-22 18:41:47,126 [INFO] PluginManager:220 - loadIPPluginJar : add sai
2024-12-22 18:41:47,128 [INFO] IPUIPlugin:80 - create IPUIPlugin
2024-12-22 18:41:47,128 [INFO] PluginManager:220 - loadIPPluginJar : add spi
2024-12-22 18:41:47,131 [INFO] IPUIPlugin:80 - create IPUIPlugin
2024-12-22 18:41:47,131 [INFO] PluginManager:220 - loadIPPluginJar : add stm32_wpan
2024-12-22 18:41:47,132 [INFO] IPUIPlugin:80 - create IPUIPlugin
2024-12-22 18:41:47,132 [INFO] PluginManager:220 - loadIPPluginJar : add tim
2024-12-22 18:41:47,135 [INFO] IPUIPlugin:80 - create IPUIPlugin
2024-12-22 18:41:47,136 [INFO] PluginManager:220 - loadIPPluginJar : add touchsensing
2024-12-22 18:41:47,137 [INFO] IPUIPlugin:80 - create IPUIPlugin
2024-12-22 18:41:47,137 [INFO] PluginManager:220 - loadIPPluginJar : add tracer_emb
2024-12-22 18:41:47,138 [INFO] IPUIPlugin:80 - create IPUIPlugin
2024-12-22 18:41:47,138 [INFO] PluginManager:220 - loadIPPluginJar : add ts
2024-12-22 18:41:47,140 [INFO] IPUIPlugin:80 - create IPUIPlugin
2024-12-22 18:41:47,140 [INFO] PluginManager:220 - loadIPPluginJar : add tsc
2024-12-22 18:41:47,141 [INFO] IPUIPlugin:80 - create IPUIPlugin
2024-12-22 18:41:47,141 [INFO] PluginManager:220 - loadIPPluginJar : add ucpd
2024-12-22 18:41:47,142 [INFO] IPUIPlugin:80 - create IPUIPlugin
2024-12-22 18:41:47,142 [INFO] PluginManager:220 - loadIPPluginJar : add usart
2024-12-22 18:41:47,145 [INFO] IPUIPlugin:80 - create IPUIPlugin
2024-12-22 18:41:47,145 [INFO] PluginManager:220 - loadIPPluginJar : add usbx
2024-12-22 18:41:47,253 [FATAL] Updater:351 - Updater called before beeing initialized
2024-12-22 18:41:47,280 [INFO] RulesReader:64 - Compatibility file has been processed (297 Rules)
2024-12-22 18:41:47,287 [INFO] RulesReader:64 - Compatibility file has been processed (297 Rules)
2024-12-22 18:41:47,296 [INFO] CADModel:165 - CPN selected for project level
2024-12-22 18:41:47,296 [INFO] CADModel:114 - Register for checkConnection events
2024-12-22 18:41:47,297 [FATAL] Updater:351 - Updater called before beeing initialized
2024-12-22 18:41:47,297 [ERROR] CADModel:125 - Updater not yet initialized, retry later 
2024-12-22 18:41:47,420 [FATAL] Updater:351 - Updater called before beeing initialized
2024-12-22 18:41:47,423 [INFO] CADModel:165 - CPN selected for project level
2024-12-22 18:41:47,423 [INFO] CADModel:114 - Register for checkConnection events
2024-12-22 18:41:47,423 [FATAL] Updater:351 - Updater called before beeing initialized
2024-12-22 18:41:47,423 [ERROR] CADModel:125 - Updater not yet initialized, retry later 
2024-12-22 18:41:47,425 [FATAL] Updater:351 - Updater called before beeing initialized
2024-12-22 18:41:47,499 [FATAL] Updater:351 - Updater called before beeing initialized
2024-12-22 18:41:47,502 [INFO] DbMcusAds:53 - JSON generation date=Tue Dec 17 19:01:15 TRT 2024 (1734451275222)
2024-12-22 18:41:47,502 [FATAL] Updater:351 - Updater called before beeing initialized
2024-12-22 18:41:47,530 [WARN] DetailPanel:346 - Failed to get advertising image, set to default
2024-12-22 18:41:47,717 [FATAL] Updater:351 - Updater called before beeing initialized
2024-12-22 18:41:47,718 [FATAL] Updater:351 - Updater called before beeing initialized
2024-12-22 18:41:47,718 [FATAL] Updater:351 - Updater called before beeing initialized
2024-12-22 18:41:47,719 [WARN] DetailPanel:346 - Failed to get advertising image, set to default
2024-12-22 18:41:47,720 [FATAL] Updater:351 - Updater called before beeing initialized
2024-12-22 18:41:47,754 [ERROR] Updater:1198 - MainUpdater not yet initialized. External WinMGr cannot be set.
2024-12-22 18:41:47,755 [INFO] Updater:1134 - Updater Version found : 6.13.0
2024-12-22 18:41:47,768 [INFO] ApplicationProperties:184 - Using Application install path: C:\ST\STM32CubeIDE_1.17.0\STM32CubeIDE\plugins\com.st.stm32cube.common.mx_6.13.0.202411220809
2024-12-22 18:41:49,335 [ERROR] LogOutputStream:75 - [STDERR_REDIRECT] Dec 22, 2024 6:41:49 PM java.util.prefs.WindowsPreferences <init>
2024-12-22 18:41:49,337 [ERROR] LogOutputStream:75 - [STDERR_REDIRECT] WARNING: Could not open/create prefs root node Software\JavaSoft\Prefs at root 0xffffffff80000002. Windows RegCreateKeyEx(...) returned error code 5.
2024-12-22 18:41:49,337 [ERROR] LogOutputStream:75 - [STDERR_REDIRECT] 
2024-12-22 18:41:49,501 [INFO] ThirdPartyUpdaterWithRetryManager:70 - Updater plugin not ready yet. [2/15]
2024-12-22 18:41:49,900 [INFO] MainUpdater:2872 - connection check result : 10
2024-12-22 18:41:49,901 [INFO] MainUpdater:289 - Updater Check For Update Now.
2024-12-22 18:41:49,901 [INFO] MicroXplorer:498 - Change Database Version : DB.6.0.130
2024-12-22 18:41:49,911 [INFO] McuFinderGlobals:63 - Set McuFinder mode to 2 (CubeIDE integrated)
2024-12-22 18:41:49,911 [INFO] UserAuth:171 - activating auth plugin
2024-12-22 18:41:49,916 [INFO] UserAuth:486 - Internet connection configuration mode: 1
2024-12-22 18:41:49,950 [INFO] JxBrowserEngine:152 - Initiate JxBrowser Engine with user profile folder
2024-12-22 18:41:50,059 [INFO] CheckServerUpdateThread:120 - End of CheckServer Thread
2024-12-22 18:41:50,574 [INFO] WebApp:168 - Instantiating new browser for Auth
2024-12-22 18:41:51,143 [INFO] WebApp:449 - Apply proxy settings
2024-12-22 18:41:51,143 [INFO] WebApp:534 - Chromium requires no authentication
2024-12-22 18:41:51,156 [INFO] WebApp:477 - Direct internet connection detected
2024-12-22 18:41:51,183 [INFO] WebApp:880 - Register for checkConnection events
2024-12-22 18:41:51,184 [INFO] WebApp:449 - Apply proxy settings
2024-12-22 18:41:51,184 [INFO] WebApp:534 - Chromium requires no authentication
2024-12-22 18:41:51,185 [INFO] WebApp:477 - Direct internet connection detected
2024-12-22 18:41:51,370 [INFO] WebApp:221 - Starting web application
2024-12-22 18:41:51,370 [INFO] WebApp:579 - Web application path used C:\ST\STM32CubeIDE_1.17.0\STM32CubeIDE\plugins\com.st.stm32cube.common.mx_6.13.0.202411220809\db\plugins\mcufinder\reactClient1\index.html
2024-12-22 18:41:51,534 [ERROR] LogOutputStream:75 - [STDERR_REDIRECT] [Fatal Error] :1:1: Premature end of file.
2024-12-22 18:41:51,535 [ERROR] LogOutputStream:75 - [STDERR_REDIRECT] 
2024-12-22 18:41:52,386 [INFO] WebApp:187 - Connection restablished
2024-12-22 18:41:52,507 [ERROR] LogOutputStream:75 - [STDERR_REDIRECT] [Fatal Error] :1:1: Premature end of file.
2024-12-22 18:41:52,508 [ERROR] LogOutputStream:75 - [STDERR_REDIRECT] 
2024-12-22 18:41:52,636 [WARN] PackLoader:240 - Cannot read IP mode file for STMicroelectronics.FP-SNS-MOTENVWB1.1.4.0
2024-12-22 18:41:52,644 [WARN] PackLoader:240 - Cannot read IP mode file for STMicroelectronics.FP-ATR-ASTRA1.2.0.1
2024-12-22 18:41:52,651 [WARN] PackLoader:240 - Cannot read IP mode file for STMicroelectronics.X-CUBE-SMBUS.2.1.0
2024-12-22 18:41:52,658 [WARN] PackLoader:240 - Cannot read IP mode file for STMicroelectronics.X-CUBE-WB05N.1.1.0
2024-12-22 18:41:52,691 [WARN] PackLoader:240 - Cannot read IP mode file for STMicroelectronics.X-CUBE-AZRTOS-F7.1.1.0
2024-12-22 18:41:52,723 [WARN] PackLoader:240 - Cannot read IP mode file for STMicroelectronics.X-CUBE-MEMS1.11.0.0
2024-12-22 18:41:52,803 [WARN] PackLoader:240 - Cannot read IP mode file for STMicroelectronics.FP-SNS-FLIGHT1.5.0.2
2024-12-22 18:41:52,820 [WARN] PackLoader:240 - Cannot read IP mode file for Infineon.AIROC-Wi-Fi-Bluetooth-STM32.1.7.0
2024-12-22 18:41:52,829 [WARN] PackLoader:240 - Cannot read IP mode file for STMicroelectronics.X-CUBE-DISPLAY.3.0.0
2024-12-22 18:41:52,834 [WARN] PackLoader:240 - Cannot read IP mode file for STMicroelectronics.X-CUBE-BLE1.7.0.0
2024-12-22 18:41:52,839 [WARN] PackLoader:240 - Cannot read IP mode file for STMicroelectronics.X-CUBE-NFC10.1.0.0
2024-12-22 18:41:52,845 [WARN] PackLoader:240 - Cannot read IP mode file for STMicroelectronics.X-CUBE-BLEMGR.4.0.0
2024-12-22 18:41:52,849 [WARN] PackLoader:240 - Cannot read IP mode file for emotas.I-CUBE-CANOPEN.1.3.0
2024-12-22 18:41:52,853 [WARN] PackLoader:240 - Cannot read IP mode file for STMicroelectronics.FP-SNS-SMARTAG2.1.2.0
2024-12-22 18:41:52,872 [WARN] PackLoader:240 - Cannot read IP mode file for STMicroelectronics.X-CUBE-MEMS1.11.1.0
2024-12-22 18:41:52,952 [INFO] LogOutputStream:77 - [STDOUT_REDIRECT] 1 : Invalid condition id : UX_CORESTACK_Condition cause : null
2024-12-22 18:41:52,953 [INFO] LogOutputStream:77 - [STDOUT_REDIRECT] 1 : Invalid condition id : UX_CORESTACK_Condition cause : null
2024-12-22 18:41:52,954 [INFO] LogOutputStream:77 - [STDOUT_REDIRECT] 1 : Invalid condition id : UX_CORESTACK_Condition cause : null
2024-12-22 18:41:52,956 [INFO] LogOutputStream:77 - [STDOUT_REDIRECT] 1 : Invalid condition id : UX_CORESTACK_Condition cause : null
2024-12-22 18:41:52,957 [INFO] LogOutputStream:77 - [STDOUT_REDIRECT] 1 : Invalid condition id : UX_CORESTACK_Condition cause : null
2024-12-22 18:41:52,959 [WARN] PackLoader:240 - Cannot read IP mode file for STMicroelectronics.X-CUBE-AZRTOS-WL.2.0.0
2024-12-22 18:41:52,962 [WARN] PackLoader:240 - Cannot read IP mode file for STMicroelectronics.FP-SNS-MOTENV1.5.0.0
2024-12-22 18:41:52,985 [WARN] PackLoader:240 - Cannot read IP mode file for wolfSSL.I-CUBE-wolfMQTT.1.19.0
2024-12-22 18:41:52,997 [WARN] PackLoader:240 - Cannot read IP mode file for WES.I-CUBE-Cesium.1.3.0
2024-12-22 18:41:53,003 [WARN] PackLoader:240 - Cannot read IP mode file for STMicroelectronics.X-CUBE-BLE2.3.3.0
2024-12-22 18:41:53,008 [WARN] PackLoader:240 - Cannot read IP mode file for STMicroelectronics.X-CUBE-NFC9.1.0.0
2024-12-22 18:41:53,017 [WARN] PackLoader:240 - Cannot read IP mode file for STMicroelectronics.X-CUBE-AZRTOS-G0.1.1.0
2024-12-22 18:41:53,022 [WARN] PackLoader:240 - Cannot read IP mode file for STMicroelectronics.X-CUBE-SAFEA1.1.2.2
2024-12-22 18:41:53,026 [WARN] PackLoader:240 - Cannot read IP mode file for STMicroelectronics.X-CUBE-NFC4.3.0.0
2024-12-22 18:41:53,032 [WARN] PackLoader:240 - Cannot read IP mode file for EmbeddedOffice.I-CUBE-FS-RTOS.1.0.1
2024-12-22 18:41:53,037 [WARN] PackLoader:240 - Cannot read IP mode file for STMicroelectronics.X-CUBE-TCPP.4.2.0
2024-12-22 18:41:53,043 [WARN] PackLoader:240 - Cannot read IP mode file for RealThread.X-CUBE-RT-Thread_Nano.4.1.1
2024-12-22 18:41:53,048 [WARN] PackLoader:240 - Cannot read IP mode file for STMicroelectronics.FP-ATR-SIGFOX1.3.2.0
2024-12-22 18:41:53,052 [WARN] ConditionMgr:438 - getConditionDescription Invalid condition id : Cortex-A Device cause : null
2024-12-22 18:41:53,078 [WARN] ConditionMgr:1044 - genDependencies : Invalid condition id : Cortex-A Device cause : null
2024-12-22 18:41:53,079 [WARN] ConditionMgr:1044 - genDependencies : Invalid condition id : Cortex-A Device cause : null
2024-12-22 18:41:53,079 [WARN] ConditionMgr:1044 - genDependencies : Invalid condition id : Cortex-A Device cause : null
2024-12-22 18:41:53,084 [WARN] PackLoader:240 - Cannot read IP mode file for STMicroelectronics.X-CUBE-EEPRMA1.5.1.0
2024-12-22 18:41:53,089 [WARN] PackLoader:240 - Cannot read IP mode file for wolfSSL.I-CUBE-wolfSSL.5.7.4
2024-12-22 18:41:53,093 [WARN] PackLoader:240 - Cannot read IP mode file for ITTIA_DB.I-CUBE-ITTIADB.8.9.0
2024-12-22 18:41:53,110 [WARN] PackLoader:240 - Cannot read IP mode file for SEGGER.I-CUBE-embOS.1.3.1
2024-12-22 18:41:53,142 [WARN] PackLoader:240 - Cannot read IP mode file for STMicroelectronics.X-CUBE-ALGOBUILD.1.4.0
2024-12-22 18:41:53,145 [WARN] PackLoader:240 - Cannot read IP mode file for STMicroelectronics.X-CUBE-AI.9.1.0
2024-12-22 18:41:53,156 [WARN] PackLoader:240 - Cannot read IP mode file for STMicroelectronics.X-CUBE-AZRTOS-F4.1.1.0
2024-12-22 18:41:53,161 [WARN] PackLoader:240 - Cannot read IP mode file for STMicroelectronics.X-CUBE-ISPU.2.1.0
2024-12-22 18:41:53,174 [WARN] PackLoader:240 - Cannot read IP mode file for STMicroelectronics.X-CUBE-AZRTOS-L5.2.0.0
2024-12-22 18:41:53,181 [WARN] PackLoader:240 - Cannot read IP mode file for STMicroelectronics.X-CUBE-NFC6.3.1.0
2024-12-22 18:41:53,187 [WARN] PackLoader:240 - Cannot read IP mode file for STMicroelectronics.X-CUBE-DPower.1.2.0
2024-12-22 18:41:53,190 [WARN] PackLoader:240 - Cannot read IP mode file for STMicroelectronics.X-CUBE-FREERTOS.1.3.0
2024-12-22 18:41:53,193 [WARN] PackLoader:240 - Cannot read IP mode file for STMicroelectronics.X-CUBE-NFC7.1.0.1
2024-12-22 18:41:53,202 [WARN] ConditionMgr:438 - getConditionDescription Invalid condition id : LAN8742 Phy interface Condition cause : null
2024-12-22 18:41:53,202 [WARN] PackLoader:240 - Cannot read IP mode file for STMicroelectronics.X-CUBE-AZRTOS-L4.2.0.0
2024-12-22 18:41:53,203 [WARN] ConditionMgr:1044 - genDependencies : Invalid condition id : LAN8742 Phy interface Condition cause : null
2024-12-22 18:41:53,203 [WARN] ConditionMgr:1044 - genDependencies : Invalid condition id : LAN8742 Phy interface Condition cause : null
2024-12-22 18:41:53,203 [WARN] ConditionMgr:1044 - genDependencies : Invalid condition id : LAN8742 Phy interface Condition cause : null
2024-12-22 18:41:53,207 [WARN] PackLoader:240 - Cannot read IP mode file for STMicroelectronics.X-CUBE-SFXS2LP1.4.0.0
2024-12-22 18:41:53,217 [WARN] PackLoader:240 - Cannot read IP mode file for STMicroelectronics.X-CUBE-AZRTOS-H7.3.3.0
2024-12-22 18:41:53,224 [WARN] PackLoader:240 - Cannot read IP mode file for STMicroelectronics.X-CUBE-IPS.3.0.0
2024-12-22 18:41:53,232 [WARN] ConditionMgr:438 - getConditionDescription Invalid condition id : UX DEVICE CLASS RTOS Condition cause : null
2024-12-22 18:41:53,232 [WARN] ConditionMgr:438 - getConditionDescription Invalid condition id : UX DEVICE CLASS RTOS Condition cause : null
2024-12-22 18:41:53,233 [WARN] PackLoader:240 - Cannot read IP mode file for STMicroelectronics.X-CUBE-AZRTOS-WB.2.0.0
2024-12-22 18:41:53,233 [WARN] ConditionMgr:1044 - genDependencies : Invalid condition id : UX DEVICE CLASS RTOS Condition cause : null
2024-12-22 18:41:53,234 [WARN] ConditionMgr:1044 - genDependencies : Invalid condition id : UX DEVICE CLASS RTOS Condition cause : null
2024-12-22 18:41:53,234 [WARN] ConditionMgr:1044 - genDependencies : Invalid condition id : UX DEVICE CLASS RTOS Condition cause : null
2024-12-22 18:41:53,234 [WARN] ConditionMgr:1044 - genDependencies : Invalid condition id : UX DEVICE CLASS RTOS Condition cause : null
2024-12-22 18:41:53,234 [WARN] ConditionMgr:1044 - genDependencies : Invalid condition id : UX DEVICE CLASS RTOS Condition cause : null
2024-12-22 18:41:53,238 [WARN] PackLoader:240 - Cannot read IP mode file for STMicroelectronics.X-CUBE-GNSS1.7.0.0
2024-12-22 18:41:53,242 [WARN] PackLoader:240 - Cannot read IP mode file for STMicroelectronics.X-CUBE-GNSS1.7.0.1
2024-12-22 18:41:53,246 [WARN] PackLoader:240 - Cannot read IP mode file for STMicroelectronics.FP-SNS-STBOX1.2.0.0
2024-12-22 18:41:53,253 [WARN] PackLoader:240 - Cannot read IP mode file for STMicroelectronics.X-CUBE-SUBG2.5.0.0
2024-12-22 18:41:53,258 [WARN] PackLoader:240 - Cannot read IP mode file for Cesanta.I-CUBE-Mongoose.7.13.0
2024-12-22 18:41:53,266 [WARN] PackLoader:240 - Cannot read IP mode file for STMicroelectronics.X-CUBE-AZRTOS-G4.2.0.0
2024-12-22 18:41:53,270 [WARN] PackLoader:240 - Cannot read IP mode file for STMicroelectronics.X-CUBE-ALS.1.0.2
2024-12-22 18:41:53,278 [WARN] PackLoader:240 - Cannot read IP mode file for STMicroelectronics.X-CUBE-TOUCHGFX.4.24.1
2024-12-22 18:41:53,282 [WARN] PackLoader:240 - Cannot read IP mode file for wolfSSL.I-CUBE-wolfTPM.3.4.0
2024-12-22 18:41:53,285 [WARN] PackLoader:240 - Cannot read IP mode file for portGmbH.I-Cube-SoM-uGOAL.1.1.0
2024-12-22 18:41:53,297 [WARN] PackLoader:240 - Cannot read IP mode file for STMicroelectronics.X-CUBE-AZRTOS-H7RS.1.0.0
2024-12-22 18:41:53,303 [WARN] PackLoader:240 - Cannot read IP mode file for STMicroelectronics.X-CUBE-TOF1.3.4.2
2024-12-22 18:41:53,311 [WARN] PackLoader:240 - Cannot read IP mode file for wolfSSL.I-CUBE-wolfSSH.1.4.17
2024-12-22 18:41:53,311 [INFO] ThirdParty:978 - Integrity check success = true
2024-12-22 18:41:53,311 [INFO] IntegrityCheckThread:100 - exiting critical section [integrity check]
2024-12-22 18:41:53,311 [INFO] IntegrityCheckThread:103 - End integrity checks thread
2024-12-22 18:41:53,507 [ERROR] LogOutputStream:75 - [STDERR_REDIRECT] [Fatal Error] :1:1: Premature end of file.
2024-12-22 18:41:53,507 [ERROR] LogOutputStream:75 - [STDERR_REDIRECT] 
2024-12-22 18:41:54,503 [ERROR] LogOutputStream:75 - [STDERR_REDIRECT] [Fatal Error] :1:1: Premature end of file.
2024-12-22 18:41:54,503 [ERROR] LogOutputStream:75 - [STDERR_REDIRECT] 
2024-12-22 18:41:55,501 [ERROR] LogOutputStream:75 - [STDERR_REDIRECT] [Fatal Error] :1:1: Premature end of file.
2024-12-22 18:41:55,502 [ERROR] LogOutputStream:75 - [STDERR_REDIRECT] 
2024-12-22 18:41:56,501 [ERROR] LogOutputStream:75 - [STDERR_REDIRECT] [Fatal Error] :1:1: Premature end of file.
2024-12-22 18:41:56,501 [ERROR] LogOutputStream:75 - [STDERR_REDIRECT] 
2024-12-22 18:41:57,504 [ERROR] LogOutputStream:75 - [STDERR_REDIRECT] [Fatal Error] :1:1: Premature end of file.
2024-12-22 18:41:57,504 [ERROR] LogOutputStream:75 - [STDERR_REDIRECT] 
2024-12-22 18:41:58,509 [ERROR] LogOutputStream:75 - [STDERR_REDIRECT] [Fatal Error] :1:1: Premature end of file.
2024-12-22 18:41:58,510 [ERROR] LogOutputStream:75 - [STDERR_REDIRECT] 
2024-12-22 18:41:59,504 [ERROR] LogOutputStream:75 - [STDERR_REDIRECT] [Fatal Error] :1:1: Premature end of file.
2024-12-22 18:41:59,504 [ERROR] LogOutputStream:75 - [STDERR_REDIRECT] 
2024-12-22 18:42:00,500 [ERROR] LogOutputStream:75 - [STDERR_REDIRECT] [Fatal Error] :1:1: Premature end of file.
2024-12-22 18:42:00,500 [ERROR] LogOutputStream:75 - [STDERR_REDIRECT] 
2024-12-22 18:42:01,503 [ERROR] LogOutputStream:75 - [STDERR_REDIRECT] [Fatal Error] :1:1: Premature end of file.
2024-12-22 18:42:01,503 [ERROR] LogOutputStream:75 - [STDERR_REDIRECT] 
2024-12-22 18:42:02,505 [ERROR] LogOutputStream:75 - [STDERR_REDIRECT] [Fatal Error] :1:1: Premature end of file.
2024-12-22 18:42:02,506 [ERROR] LogOutputStream:75 - [STDERR_REDIRECT] 
2024-12-22 18:42:03,502 [ERROR] LogOutputStream:75 - [STDERR_REDIRECT] [Fatal Error] :1:1: Premature end of file.
2024-12-22 18:42:03,503 [ERROR] LogOutputStream:75 - [STDERR_REDIRECT] 
2024-12-22 18:42:04,501 [ERROR] LogOutputStream:75 - [STDERR_REDIRECT] [Fatal Error] :1:1: Premature end of file.
2024-12-22 18:42:04,501 [ERROR] LogOutputStream:75 - [STDERR_REDIRECT] 
2024-12-22 18:42:05,503 [ERROR] LogOutputStream:75 - [STDERR_REDIRECT] [Fatal Error] :1:1: Premature end of file.
2024-12-22 18:42:05,503 [ERROR] LogOutputStream:75 - [STDERR_REDIRECT] 
2024-12-22 18:42:06,503 [ERROR] LogOutputStream:75 - [STDERR_REDIRECT] [Fatal Error] :1:1: Premature end of file.
2024-12-22 18:42:06,504 [ERROR] LogOutputStream:75 - [STDERR_REDIRECT] 
2024-12-22 18:42:06,816 [INFO] WebApp:190 - Connection lost
2024-12-22 18:42:07,355 [INFO] WebApp:187 - Connection restablished
2024-12-22 18:42:07,504 [ERROR] LogOutputStream:75 - [STDERR_REDIRECT] [Fatal Error] :1:1: Premature end of file.
2024-12-22 18:42:07,504 [ERROR] LogOutputStream:75 - [STDERR_REDIRECT] 
2024-12-22 18:42:08,502 [ERROR] LogOutputStream:75 - [STDERR_REDIRECT] [Fatal Error] :1:1: Premature end of file.
2024-12-22 18:42:08,502 [ERROR] LogOutputStream:75 - [STDERR_REDIRECT] 
2024-12-22 18:42:09,503 [ERROR] LogOutputStream:75 - [STDERR_REDIRECT] [Fatal Error] :1:1: Premature end of file.
2024-12-22 18:42:09,503 [ERROR] LogOutputStream:75 - [STDERR_REDIRECT] 
2024-12-22 18:42:10,502 [ERROR] LogOutputStream:75 - [STDERR_REDIRECT] [Fatal Error] :1:1: Premature end of file.
2024-12-22 18:42:10,503 [ERROR] LogOutputStream:75 - [STDERR_REDIRECT] 
2024-12-22 18:42:11,503 [ERROR] LogOutputStream:75 - [STDERR_REDIRECT] [Fatal Error] :1:1: Premature end of file.
2024-12-22 18:42:11,503 [ERROR] LogOutputStream:75 - [STDERR_REDIRECT] 
2024-12-22 18:42:12,503 [ERROR] LogOutputStream:75 - [STDERR_REDIRECT] [Fatal Error] :1:1: Premature end of file.
2024-12-22 18:42:12,503 [ERROR] LogOutputStream:75 - [STDERR_REDIRECT] 
2024-12-22 18:42:13,507 [ERROR] LogOutputStream:75 - [STDERR_REDIRECT] [Fatal Error] :1:1: Premature end of file.
2024-12-22 18:42:13,508 [ERROR] LogOutputStream:75 - [STDERR_REDIRECT] 
2024-12-22 18:42:14,502 [ERROR] LogOutputStream:75 - [STDERR_REDIRECT] [Fatal Error] :1:1: Premature end of file.
2024-12-22 18:42:14,503 [ERROR] LogOutputStream:75 - [STDERR_REDIRECT] 
2024-12-22 18:42:15,502 [ERROR] LogOutputStream:75 - [STDERR_REDIRECT] [Fatal Error] :1:1: Premature end of file.
2024-12-22 18:42:15,502 [ERROR] LogOutputStream:75 - [STDERR_REDIRECT] 
2024-12-22 18:42:16,501 [ERROR] LogOutputStream:75 - [STDERR_REDIRECT] [Fatal Error] :1:1: Premature end of file.
2024-12-22 18:42:16,501 [ERROR] LogOutputStream:75 - [STDERR_REDIRECT] 
2024-12-22 18:42:17,503 [ERROR] LogOutputStream:75 - [STDERR_REDIRECT] [Fatal Error] :1:1: Premature end of file.
2024-12-22 18:42:17,504 [ERROR] LogOutputStream:75 - [STDERR_REDIRECT] 
2024-12-22 18:42:18,504 [ERROR] LogOutputStream:75 - [STDERR_REDIRECT] [Fatal Error] :1:1: Premature end of file.
2024-12-22 18:42:18,504 [ERROR] LogOutputStream:75 - [STDERR_REDIRECT] 
2024-12-22 18:42:19,502 [ERROR] LogOutputStream:75 - [STDERR_REDIRECT] [Fatal Error] :1:1: Premature end of file.
2024-12-22 18:42:19,503 [ERROR] LogOutputStream:75 - [STDERR_REDIRECT] 
2024-12-22 18:42:20,502 [ERROR] LogOutputStream:75 - [STDERR_REDIRECT] [Fatal Error] :1:1: Premature end of file.
2024-12-22 18:42:20,502 [ERROR] LogOutputStream:75 - [STDERR_REDIRECT] 
2024-12-22 18:42:21,502 [ERROR] LogOutputStream:75 - [STDERR_REDIRECT] [Fatal Error] :1:1: Premature end of file.
2024-12-22 18:42:21,503 [ERROR] LogOutputStream:75 - [STDERR_REDIRECT] 
2024-12-22 18:42:22,508 [ERROR] LogOutputStream:75 - [STDERR_REDIRECT] [Fatal Error] :1:1: Premature end of file.
2024-12-22 18:42:22,508 [ERROR] LogOutputStream:75 - [STDERR_REDIRECT] 
2024-12-22 18:42:23,501 [ERROR] LogOutputStream:75 - [STDERR_REDIRECT] [Fatal Error] :1:1: Premature end of file.
2024-12-22 18:42:23,502 [ERROR] LogOutputStream:75 - [STDERR_REDIRECT] 
2024-12-22 18:42:24,504 [ERROR] LogOutputStream:75 - [STDERR_REDIRECT] [Fatal Error] :1:1: Premature end of file.
2024-12-22 18:42:24,504 [ERROR] LogOutputStream:75 - [STDERR_REDIRECT] 
2024-12-22 18:42:25,508 [ERROR] LogOutputStream:75 - [STDERR_REDIRECT] [Fatal Error] :1:1: Premature end of file.
2024-12-22 18:42:25,508 [ERROR] LogOutputStream:75 - [STDERR_REDIRECT] 
2024-12-22 18:42:26,503 [ERROR] LogOutputStream:75 - [STDERR_REDIRECT] [Fatal Error] :1:1: Premature end of file.
2024-12-22 18:42:26,504 [ERROR] LogOutputStream:75 - [STDERR_REDIRECT] 
2024-12-22 18:42:27,501 [ERROR] LogOutputStream:75 - [STDERR_REDIRECT] [Fatal Error] :1:1: Premature end of file.
2024-12-22 18:42:27,501 [ERROR] LogOutputStream:75 - [STDERR_REDIRECT] 
2024-12-22 18:42:28,506 [ERROR] LogOutputStream:75 - [STDERR_REDIRECT] [Fatal Error] :1:1: Premature end of file.
2024-12-22 18:42:28,506 [ERROR] LogOutputStream:75 - [STDERR_REDIRECT] 
2024-12-22 18:42:29,504 [ERROR] LogOutputStream:75 - [STDERR_REDIRECT] [Fatal Error] :1:1: Premature end of file.
2024-12-22 18:42:29,504 [ERROR] LogOutputStream:75 - [STDERR_REDIRECT] 
2024-12-22 18:42:30,513 [ERROR] LogOutputStream:75 - [STDERR_REDIRECT] [Fatal Error] :1:1: Premature end of file.
2024-12-22 18:42:30,513 [ERROR] LogOutputStream:75 - [STDERR_REDIRECT] 
2024-12-22 18:42:31,505 [ERROR] LogOutputStream:75 - [STDERR_REDIRECT] [Fatal Error] :1:1: Premature end of file.
2024-12-22 18:42:31,506 [ERROR] LogOutputStream:75 - [STDERR_REDIRECT] 
2024-12-22 18:42:32,504 [ERROR] LogOutputStream:75 - [STDERR_REDIRECT] [Fatal Error] :1:1: Premature end of file.
2024-12-22 18:42:32,504 [ERROR] LogOutputStream:75 - [STDERR_REDIRECT] 
2024-12-22 18:42:33,504 [ERROR] LogOutputStream:75 - [STDERR_REDIRECT] [Fatal Error] :1:1: Premature end of file.
2024-12-22 18:42:33,504 [ERROR] LogOutputStream:75 - [STDERR_REDIRECT] 
2024-12-22 18:42:34,502 [ERROR] LogOutputStream:75 - [STDERR_REDIRECT] [Fatal Error] :1:1: Premature end of file.
2024-12-22 18:42:34,502 [ERROR] LogOutputStream:75 - [STDERR_REDIRECT] 
2024-12-22 18:42:35,502 [ERROR] LogOutputStream:75 - [STDERR_REDIRECT] [Fatal Error] :1:1: Premature end of file.
2024-12-22 18:42:35,502 [ERROR] LogOutputStream:75 - [STDERR_REDIRECT] 
2024-12-22 18:42:36,503 [ERROR] LogOutputStream:75 - [STDERR_REDIRECT] [Fatal Error] :1:1: Premature end of file.
2024-12-22 18:42:36,503 [ERROR] LogOutputStream:75 - [STDERR_REDIRECT] 
2024-12-22 18:42:37,504 [ERROR] LogOutputStream:75 - [STDERR_REDIRECT] [Fatal Error] :1:1: Premature end of file.
2024-12-22 18:42:37,504 [ERROR] LogOutputStream:75 - [STDERR_REDIRECT] 
2024-12-22 18:42:38,504 [ERROR] LogOutputStream:75 - [STDERR_REDIRECT] [Fatal Error] :1:1: Premature end of file.
2024-12-22 18:42:38,504 [ERROR] LogOutputStream:75 - [STDERR_REDIRECT] 
2024-12-22 18:42:39,503 [ERROR] LogOutputStream:75 - [STDERR_REDIRECT] [Fatal Error] :1:1: Premature end of file.
2024-12-22 18:42:39,503 [ERROR] LogOutputStream:75 - [STDERR_REDIRECT] 
2024-12-22 18:42:40,503 [ERROR] LogOutputStream:75 - [STDERR_REDIRECT] [Fatal Error] :1:1: Premature end of file.
2024-12-22 18:42:40,504 [ERROR] LogOutputStream:75 - [STDERR_REDIRECT] 
2024-12-22 18:42:41,502 [ERROR] LogOutputStream:75 - [STDERR_REDIRECT] [Fatal Error] :1:1: Premature end of file.
2024-12-22 18:42:41,502 [ERROR] LogOutputStream:75 - [STDERR_REDIRECT] 
2024-12-22 18:42:42,504 [ERROR] LogOutputStream:75 - [STDERR_REDIRECT] [Fatal Error] :1:1: Premature end of file.
2024-12-22 18:42:42,504 [ERROR] LogOutputStream:75 - [STDERR_REDIRECT] 
2024-12-22 18:42:43,502 [ERROR] LogOutputStream:75 - [STDERR_REDIRECT] [Fatal Error] :1:1: Premature end of file.
2024-12-22 18:42:43,502 [ERROR] LogOutputStream:75 - [STDERR_REDIRECT] 
2024-12-22 18:42:44,503 [ERROR] LogOutputStream:75 - [STDERR_REDIRECT] [Fatal Error] :1:1: Premature end of file.
2024-12-22 18:42:44,504 [ERROR] LogOutputStream:75 - [STDERR_REDIRECT] 
2024-12-22 18:42:45,502 [ERROR] LogOutputStream:75 - [STDERR_REDIRECT] [Fatal Error] :1:1: Premature end of file.
2024-12-22 18:42:45,503 [ERROR] LogOutputStream:75 - [STDERR_REDIRECT] 
2024-12-22 18:42:46,504 [ERROR] LogOutputStream:75 - [STDERR_REDIRECT] [Fatal Error] :1:1: Premature end of file.
2024-12-22 18:42:46,504 [ERROR] LogOutputStream:75 - [STDERR_REDIRECT] 
2024-12-22 18:42:47,502 [ERROR] LogOutputStream:75 - [STDERR_REDIRECT] [Fatal Error] :1:1: Premature end of file.
2024-12-22 18:42:47,502 [ERROR] LogOutputStream:75 - [STDERR_REDIRECT] 
2024-12-22 18:42:48,506 [ERROR] LogOutputStream:75 - [STDERR_REDIRECT] [Fatal Error] :1:1: Premature end of file.
2024-12-22 18:42:48,506 [ERROR] LogOutputStream:75 - [STDERR_REDIRECT] 
2024-12-22 18:42:49,504 [ERROR] LogOutputStream:75 - [STDERR_REDIRECT] [Fatal Error] :1:1: Premature end of file.
2024-12-22 18:42:49,505 [ERROR] LogOutputStream:75 - [STDERR_REDIRECT] 
2024-12-22 18:42:50,503 [ERROR] LogOutputStream:75 - [STDERR_REDIRECT] [Fatal Error] :1:1: Premature end of file.
2024-12-22 18:42:50,504 [ERROR] LogOutputStream:75 - [STDERR_REDIRECT] 
2024-12-22 18:42:51,504 [ERROR] LogOutputStream:75 - [STDERR_REDIRECT] [Fatal Error] :1:1: Premature end of file.
2024-12-22 18:42:51,504 [ERROR] LogOutputStream:75 - [STDERR_REDIRECT] 
2024-12-22 18:42:52,502 [ERROR] LogOutputStream:75 - [STDERR_REDIRECT] [Fatal Error] :1:1: Premature end of file.
2024-12-22 18:42:52,502 [ERROR] LogOutputStream:75 - [STDERR_REDIRECT] 
2024-12-22 18:42:53,501 [ERROR] LogOutputStream:75 - [STDERR_REDIRECT] [Fatal Error] :1:1: Premature end of file.
2024-12-22 18:42:53,501 [ERROR] LogOutputStream:75 - [STDERR_REDIRECT] 
2024-12-22 18:42:54,502 [ERROR] LogOutputStream:75 - [STDERR_REDIRECT] [Fatal Error] :1:1: Premature end of file.
2024-12-22 18:42:54,502 [ERROR] LogOutputStream:75 - [STDERR_REDIRECT] 
2024-12-22 18:42:55,502 [ERROR] LogOutputStream:75 - [STDERR_REDIRECT] [Fatal Error] :1:1: Premature end of file.
2024-12-22 18:42:55,502 [ERROR] LogOutputStream:75 - [STDERR_REDIRECT] 
2024-12-22 18:42:56,501 [ERROR] LogOutputStream:75 - [STDERR_REDIRECT] [Fatal Error] :1:1: Premature end of file.
2024-12-22 18:42:56,501 [ERROR] LogOutputStream:75 - [STDERR_REDIRECT] 
2024-12-22 18:42:57,529 [ERROR] LogOutputStream:75 - [STDERR_REDIRECT] [Fatal Error] :1:1: Premature end of file.
2024-12-22 18:42:57,529 [ERROR] LogOutputStream:75 - [STDERR_REDIRECT] 
2024-12-22 18:42:58,503 [ERROR] LogOutputStream:75 - [STDERR_REDIRECT] [Fatal Error] :1:1: Premature end of file.
2024-12-22 18:42:58,504 [ERROR] LogOutputStream:75 - [STDERR_REDIRECT] 
2024-12-22 18:42:59,507 [ERROR] LogOutputStream:75 - [STDERR_REDIRECT] [Fatal Error] :1:1: Premature end of file.
2024-12-22 18:42:59,507 [ERROR] LogOutputStream:75 - [STDERR_REDIRECT] 
2024-12-22 18:43:00,502 [ERROR] LogOutputStream:75 - [STDERR_REDIRECT] [Fatal Error] :1:1: Premature end of file.
2024-12-22 18:43:00,502 [ERROR] LogOutputStream:75 - [STDERR_REDIRECT] 
2024-12-22 18:43:01,503 [ERROR] LogOutputStream:75 - [STDERR_REDIRECT] [Fatal Error] :1:1: Premature end of file.
2024-12-22 18:43:01,503 [ERROR] LogOutputStream:75 - [STDERR_REDIRECT] 
2024-12-22 18:43:02,501 [ERROR] LogOutputStream:75 - [STDERR_REDIRECT] [Fatal Error] :1:1: Premature end of file.
2024-12-22 18:43:02,502 [ERROR] LogOutputStream:75 - [STDERR_REDIRECT] 
2024-12-22 18:43:03,502 [ERROR] LogOutputStream:75 - [STDERR_REDIRECT] [Fatal Error] :1:1: Premature end of file.
2024-12-22 18:43:03,502 [ERROR] LogOutputStream:75 - [STDERR_REDIRECT] 
2024-12-22 18:43:04,503 [ERROR] LogOutputStream:75 - [STDERR_REDIRECT] [Fatal Error] :1:1: Premature end of file.
2024-12-22 18:43:04,503 [ERROR] LogOutputStream:75 - [STDERR_REDIRECT] 
2024-12-22 18:43:05,501 [ERROR] LogOutputStream:75 - [STDERR_REDIRECT] [Fatal Error] :1:1: Premature end of file.
2024-12-22 18:43:05,501 [ERROR] LogOutputStream:75 - [STDERR_REDIRECT] 
2024-12-22 18:43:06,502 [ERROR] LogOutputStream:75 - [STDERR_REDIRECT] [Fatal Error] :1:1: Premature end of file.
2024-12-22 18:43:06,502 [ERROR] LogOutputStream:75 - [STDERR_REDIRECT] 
2024-12-22 18:43:07,504 [ERROR] LogOutputStream:75 - [STDERR_REDIRECT] [Fatal Error] :1:1: Premature end of file.
2024-12-22 18:43:07,504 [ERROR] LogOutputStream:75 - [STDERR_REDIRECT] 
2024-12-22 18:43:08,517 [ERROR] LogOutputStream:75 - [STDERR_REDIRECT] [Fatal Error] :1:1: Premature end of file.
2024-12-22 18:43:08,518 [ERROR] LogOutputStream:75 - [STDERR_REDIRECT] 
2024-12-22 18:43:09,503 [ERROR] LogOutputStream:75 - [STDERR_REDIRECT] [Fatal Error] :1:1: Premature end of file.
2024-12-22 18:43:09,503 [ERROR] LogOutputStream:75 - [STDERR_REDIRECT] 
2024-12-22 18:43:10,503 [ERROR] LogOutputStream:75 - [STDERR_REDIRECT] [Fatal Error] :1:1: Premature end of file.
2024-12-22 18:43:10,503 [ERROR] LogOutputStream:75 - [STDERR_REDIRECT] 
2024-12-22 18:43:11,503 [ERROR] LogOutputStream:75 - [STDERR_REDIRECT] [Fatal Error] :1:1: Premature end of file.
2024-12-22 18:43:11,503 [ERROR] LogOutputStream:75 - [STDERR_REDIRECT] 
2024-12-22 18:43:12,505 [ERROR] LogOutputStream:75 - [STDERR_REDIRECT] [Fatal Error] :1:1: Premature end of file.
2024-12-22 18:43:12,505 [ERROR] LogOutputStream:75 - [STDERR_REDIRECT] 
2024-12-22 18:43:13,502 [ERROR] LogOutputStream:75 - [STDERR_REDIRECT] [Fatal Error] :1:1: Premature end of file.
2024-12-22 18:43:13,503 [ERROR] LogOutputStream:75 - [STDERR_REDIRECT] 
2024-12-22 18:43:14,504 [ERROR] LogOutputStream:75 - [STDERR_REDIRECT] [Fatal Error] :1:1: Premature end of file.
2024-12-22 18:43:14,504 [ERROR] LogOutputStream:75 - [STDERR_REDIRECT] 
2024-12-22 18:43:15,506 [ERROR] LogOutputStream:75 - [STDERR_REDIRECT] [Fatal Error] :1:1: Premature end of file.
2024-12-22 18:43:15,506 [ERROR] LogOutputStream:75 - [STDERR_REDIRECT] 
2024-12-22 18:43:16,505 [ERROR] LogOutputStream:75 - [STDERR_REDIRECT] [Fatal Error] :1:1: Premature end of file.
2024-12-22 18:43:16,505 [ERROR] LogOutputStream:75 - [STDERR_REDIRECT] 
2024-12-22 18:43:17,503 [ERROR] LogOutputStream:75 - [STDERR_REDIRECT] [Fatal Error] :1:1: Premature end of file.
2024-12-22 18:43:17,504 [ERROR] LogOutputStream:75 - [STDERR_REDIRECT] 
2024-12-22 18:43:18,509 [ERROR] LogOutputStream:75 - [STDERR_REDIRECT] [Fatal Error] :1:1: Premature end of file.
2024-12-22 18:43:18,509 [ERROR] LogOutputStream:75 - [STDERR_REDIRECT] 
2024-12-22 18:43:19,507 [ERROR] LogOutputStream:75 - [STDERR_REDIRECT] [Fatal Error] :1:1: Premature end of file.
2024-12-22 18:43:19,507 [ERROR] LogOutputStream:75 - [STDERR_REDIRECT] 
2024-12-22 18:43:20,509 [ERROR] LogOutputStream:75 - [STDERR_REDIRECT] [Fatal Error] :1:1: Premature end of file.
2024-12-22 18:43:20,509 [ERROR] LogOutputStream:75 - [STDERR_REDIRECT] 
2024-12-22 18:43:21,508 [ERROR] LogOutputStream:75 - [STDERR_REDIRECT] [Fatal Error] :1:1: Premature end of file.
2024-12-22 18:43:21,508 [ERROR] LogOutputStream:75 - [STDERR_REDIRECT] 
2024-12-22 18:43:22,505 [ERROR] LogOutputStream:75 - [STDERR_REDIRECT] [Fatal Error] :1:1: Premature end of file.
2024-12-22 18:43:22,505 [ERROR] LogOutputStream:75 - [STDERR_REDIRECT] 
2024-12-22 18:43:23,504 [ERROR] LogOutputStream:75 - [STDERR_REDIRECT] [Fatal Error] :1:1: Premature end of file.
2024-12-22 18:43:23,504 [ERROR] LogOutputStream:75 - [STDERR_REDIRECT] 
2024-12-22 18:43:24,504 [ERROR] LogOutputStream:75 - [STDERR_REDIRECT] [Fatal Error] :1:1: Premature end of file.
2024-12-22 18:43:24,504 [ERROR] LogOutputStream:75 - [STDERR_REDIRECT] 
2024-12-22 18:43:25,503 [ERROR] LogOutputStream:75 - [STDERR_REDIRECT] [Fatal Error] :1:1: Premature end of file.
2024-12-22 18:43:25,503 [ERROR] LogOutputStream:75 - [STDERR_REDIRECT] 
2024-12-22 18:43:26,502 [ERROR] LogOutputStream:75 - [STDERR_REDIRECT] [Fatal Error] :1:1: Premature end of file.
2024-12-22 18:43:26,503 [ERROR] LogOutputStream:75 - [STDERR_REDIRECT] 
2024-12-22 18:43:27,501 [ERROR] LogOutputStream:75 - [STDERR_REDIRECT] [Fatal Error] :1:1: Premature end of file.
2024-12-22 18:43:27,502 [ERROR] LogOutputStream:75 - [STDERR_REDIRECT] 
2024-12-22 18:43:28,503 [ERROR] LogOutputStream:75 - [STDERR_REDIRECT] [Fatal Error] :1:1: Premature end of file.
2024-12-22 18:43:28,503 [ERROR] LogOutputStream:75 - [STDERR_REDIRECT] 
2024-12-22 18:43:29,503 [ERROR] LogOutputStream:75 - [STDERR_REDIRECT] [Fatal Error] :1:1: Premature end of file.
2024-12-22 18:43:29,503 [ERROR] LogOutputStream:75 - [STDERR_REDIRECT] 
2024-12-22 18:43:30,505 [ERROR] LogOutputStream:75 - [STDERR_REDIRECT] [Fatal Error] :1:1: Premature end of file.
2024-12-22 18:43:30,505 [ERROR] LogOutputStream:75 - [STDERR_REDIRECT] 
2024-12-22 18:43:31,503 [ERROR] LogOutputStream:75 - [STDERR_REDIRECT] [Fatal Error] :1:1: Premature end of file.
2024-12-22 18:43:31,503 [ERROR] LogOutputStream:75 - [STDERR_REDIRECT] 
2024-12-22 18:43:32,503 [ERROR] LogOutputStream:75 - [STDERR_REDIRECT] [Fatal Error] :1:1: Premature end of file.
2024-12-22 18:43:32,503 [ERROR] LogOutputStream:75 - [STDERR_REDIRECT] 
2024-12-22 18:43:33,505 [ERROR] LogOutputStream:75 - [STDERR_REDIRECT] [Fatal Error] :1:1: Premature end of file.
2024-12-22 18:43:33,505 [ERROR] LogOutputStream:75 - [STDERR_REDIRECT] 
2024-12-22 18:43:34,502 [ERROR] LogOutputStream:75 - [STDERR_REDIRECT] [Fatal Error] :1:1: Premature end of file.
2024-12-22 18:43:34,502 [ERROR] LogOutputStream:75 - [STDERR_REDIRECT] 
2024-12-22 18:43:35,503 [ERROR] LogOutputStream:75 - [STDERR_REDIRECT] [Fatal Error] :1:1: Premature end of file.
2024-12-22 18:43:35,503 [ERROR] LogOutputStream:75 - [STDERR_REDIRECT] 
2024-12-22 18:43:36,502 [ERROR] LogOutputStream:75 - [STDERR_REDIRECT] [Fatal Error] :1:1: Premature end of file.
2024-12-22 18:43:36,502 [ERROR] LogOutputStream:75 - [STDERR_REDIRECT] 
2024-12-22 18:43:37,503 [ERROR] LogOutputStream:75 - [STDERR_REDIRECT] [Fatal Error] :1:1: Premature end of file.
2024-12-22 18:43:37,503 [ERROR] LogOutputStream:75 - [STDERR_REDIRECT] 
2024-12-22 18:43:38,504 [ERROR] LogOutputStream:75 - [STDERR_REDIRECT] [Fatal Error] :1:1: Premature end of file.
2024-12-22 18:43:38,505 [ERROR] LogOutputStream:75 - [STDERR_REDIRECT] 
2024-12-22 18:43:39,504 [ERROR] LogOutputStream:75 - [STDERR_REDIRECT] [Fatal Error] :1:1: Premature end of file.
2024-12-22 18:43:39,504 [ERROR] LogOutputStream:75 - [STDERR_REDIRECT] 
2024-12-22 18:43:40,503 [ERROR] LogOutputStream:75 - [STDERR_REDIRECT] [Fatal Error] :1:1: Premature end of file.
2024-12-22 18:43:40,503 [ERROR] LogOutputStream:75 - [STDERR_REDIRECT] 
2024-12-22 18:43:41,503 [ERROR] LogOutputStream:75 - [STDERR_REDIRECT] [Fatal Error] :1:1: Premature end of file.
2024-12-22 18:43:41,503 [ERROR] LogOutputStream:75 - [STDERR_REDIRECT] 
2024-12-22 18:43:42,503 [ERROR] LogOutputStream:75 - [STDERR_REDIRECT] [Fatal Error] :1:1: Premature end of file.
2024-12-22 18:43:42,503 [ERROR] LogOutputStream:75 - [STDERR_REDIRECT] 
2024-12-22 18:43:43,503 [ERROR] LogOutputStream:75 - [STDERR_REDIRECT] [Fatal Error] :1:1: Premature end of file.
2024-12-22 18:43:43,504 [ERROR] LogOutputStream:75 - [STDERR_REDIRECT] 
2024-12-22 18:43:44,504 [ERROR] LogOutputStream:75 - [STDERR_REDIRECT] [Fatal Error] :1:1: Premature end of file.
2024-12-22 18:43:44,504 [ERROR] LogOutputStream:75 - [STDERR_REDIRECT] 
2024-12-22 18:43:45,501 [ERROR] LogOutputStream:75 - [STDERR_REDIRECT] [Fatal Error] :1:1: Premature end of file.
2024-12-22 18:43:45,501 [ERROR] LogOutputStream:75 - [STDERR_REDIRECT] 
2024-12-22 18:43:46,504 [ERROR] LogOutputStream:75 - [STDERR_REDIRECT] [Fatal Error] :1:1: Premature end of file.
2024-12-22 18:43:46,504 [ERROR] LogOutputStream:75 - [STDERR_REDIRECT] 
2024-12-22 18:43:47,502 [ERROR] LogOutputStream:75 - [STDERR_REDIRECT] [Fatal Error] :1:1: Premature end of file.
2024-12-22 18:43:47,502 [ERROR] LogOutputStream:75 - [STDERR_REDIRECT] 
2024-12-22 18:43:48,502 [ERROR] LogOutputStream:75 - [STDERR_REDIRECT] [Fatal Error] :1:1: Premature end of file.
2024-12-22 18:43:48,502 [ERROR] LogOutputStream:75 - [STDERR_REDIRECT] 
2024-12-22 18:43:49,502 [ERROR] LogOutputStream:75 - [STDERR_REDIRECT] [Fatal Error] :1:1: Premature end of file.
2024-12-22 18:43:49,502 [ERROR] LogOutputStream:75 - [STDERR_REDIRECT] 
2024-12-22 18:43:50,502 [ERROR] LogOutputStream:75 - [STDERR_REDIRECT] [Fatal Error] :1:1: Premature end of file.
2024-12-22 18:43:50,502 [ERROR] LogOutputStream:75 - [STDERR_REDIRECT] 
2024-12-22 18:43:51,503 [ERROR] LogOutputStream:75 - [STDERR_REDIRECT] [Fatal Error] :1:1: Premature end of file.
2024-12-22 18:43:51,503 [ERROR] LogOutputStream:75 - [STDERR_REDIRECT] 
2024-12-22 18:43:52,503 [ERROR] LogOutputStream:75 - [STDERR_REDIRECT] [Fatal Error] :1:1: Premature end of file.
2024-12-22 18:43:52,503 [ERROR] LogOutputStream:75 - [STDERR_REDIRECT] 
2024-12-22 18:43:53,503 [ERROR] LogOutputStream:75 - [STDERR_REDIRECT] [Fatal Error] :1:1: Premature end of file.
2024-12-22 18:43:53,503 [ERROR] LogOutputStream:75 - [STDERR_REDIRECT] 
2024-12-22 18:43:54,023 [INFO] McuFinderGlobals:63 - Set McuFinder mode to 2 (CubeIDE integrated)
2024-12-22 18:43:54,026 [INFO] MainUpdater:2872 - connection check result : 10
2024-12-22 18:43:54,027 [INFO] MainUpdater:2872 - connection check result : 10
2024-12-22 18:43:54,052 [INFO] MicroXplorer:468 - Change Database Path : 
2024-12-22 18:43:54,052 [INFO] MicroXplorer:498 - Change Database Version : DB.6.0.130
2024-12-22 18:43:54,063 [WARN] ThirdParty:871 - waiting for thirdparty lock release [close project]
2024-12-22 18:43:54,063 [INFO] ThirdParty:873 - entering critical section [close project]
2024-12-22 18:43:54,065 [INFO] ThirdParty:883 - exiting critical section [close project]
2024-12-22 18:43:54,068 [INFO] PinOutPanel:1589 - setPackage(No Configuration,No Configuration)
2024-12-22 18:43:54,073 [INFO] UtilMem:75 - Begin LoadConfig() Used Memory: 762376416 Bytes (948961280)
2024-12-22 18:43:54,075 [INFO] MicroXplorer:468 - Change Database Path : 
2024-12-22 18:43:54,075 [INFO] MicroXplorer:498 - Change Database Version : DB.6.0.130
2024-12-22 18:43:54,075 [INFO] OpenFileManager:332 - Change cursor
2024-12-22 18:43:54,106 [INFO] Mcu:2035 - Initializing MCU STM32F103C(8-B)Tx STM32F103C8Tx STM32F103C8T6
2024-12-22 18:43:54,508 [ERROR] LogOutputStream:75 - [STDERR_REDIRECT] [Fatal Error] :1:1: Premature end of file.
2024-12-22 18:43:54,509 [ERROR] LogOutputStream:75 - [STDERR_REDIRECT] 
2024-12-22 18:43:55,367 [INFO] Context:748 - Trying to add GPIOservice into a context  which must be forbidden
2024-12-22 18:43:55,523 [ERROR] LogOutputStream:75 - [STDERR_REDIRECT] [Fatal Error] :1:1: Premature end of file.
2024-12-22 18:43:55,524 [ERROR] LogOutputStream:75 - [STDERR_REDIRECT] 
2024-12-22 18:43:55,824 [INFO] RtosManager:555 - Registered RTOS mode: class=CMSIS, group=RTOS, mode=CMSIS_V1, owner=FREERTOS
2024-12-22 18:43:55,825 [INFO] RtosManager:555 - Registered RTOS mode: class=CMSIS, group=RTOS2, mode=CMSIS_V2, owner=FREERTOS
2024-12-22 18:43:55,825 [INFO] RtosManager:555 - Registered RTOS mode: class=RTOS, group=Core, mode=CMSIS_V1, owner=FREERTOS
2024-12-22 18:43:55,825 [INFO] RtosManager:555 - Registered RTOS mode: class=RTOS, group=Core, mode=CMSIS_V2, owner=FREERTOS
2024-12-22 18:43:55,825 [WARN] ModelIntegratedComponent:184 - Missing modes for component STMicroelectronics:FreeRTOS:0.0.1:STMicroelectronics:RTOS:FreeRTOS:Core:::10.2.0:
2024-12-22 18:43:55,843 [WARN] ModelIntegratedComponent:63 - No mode defined for component null
2024-12-22 18:43:55,843 [WARN] ModelIntegratedComponent:63 - No mode defined for component null
2024-12-22 18:43:55,843 [WARN] ModelIntegratedComponent:63 - No mode defined for component null
2024-12-22 18:43:55,843 [WARN] ModelIntegratedComponent:63 - No mode defined for component null
2024-12-22 18:43:55,843 [WARN] ModelIntegratedComponent:63 - No mode defined for component null
2024-12-22 18:43:55,843 [WARN] ModelIntegratedComponent:63 - No mode defined for component null
2024-12-22 18:43:55,843 [WARN] ModelIntegratedComponent:63 - No mode defined for component null
2024-12-22 18:43:55,843 [WARN] ModelIntegratedComponent:63 - No mode defined for component null
2024-12-22 18:43:55,843 [WARN] ModelIntegratedComponent:63 - No mode defined for component null
2024-12-22 18:43:55,843 [WARN] ModelIntegratedComponent:63 - No mode defined for component null
2024-12-22 18:43:55,843 [WARN] ModelIntegratedComponent:63 - No mode defined for component null
2024-12-22 18:43:55,843 [WARN] ModelIntegratedComponent:63 - No mode defined for component null
2024-12-22 18:43:55,843 [WARN] ModelIntegratedComponent:63 - No mode defined for component null
2024-12-22 18:43:55,843 [WARN] ModelIntegratedComponent:63 - No mode defined for component null
2024-12-22 18:43:55,843 [WARN] ModelIntegratedComponent:63 - No mode defined for component null
2024-12-22 18:43:55,843 [WARN] ModelIntegratedComponent:63 - No mode defined for component null
2024-12-22 18:43:55,844 [WARN] ModelIntegratedComponent:63 - No mode defined for component null
2024-12-22 18:43:55,844 [WARN] ModelIntegratedComponent:63 - No mode defined for component null
2024-12-22 18:43:55,844 [WARN] ModelIntegratedComponent:63 - No mode defined for component null
2024-12-22 18:43:55,844 [WARN] ModelIntegratedComponent:63 - No mode defined for component null
2024-12-22 18:43:55,844 [WARN] ModelIntegratedComponent:63 - No mode defined for component null
2024-12-22 18:43:55,844 [WARN] ModelIntegratedComponent:63 - No mode defined for component null
2024-12-22 18:43:55,844 [WARN] ModelIntegratedComponent:63 - No mode defined for component null
2024-12-22 18:43:55,844 [WARN] ModelIntegratedComponent:63 - No mode defined for component null
2024-12-22 18:43:55,844 [WARN] ModelIntegratedComponent:63 - No mode defined for component null
2024-12-22 18:43:55,844 [WARN] ModelIntegratedComponent:63 - No mode defined for component null
2024-12-22 18:43:55,844 [WARN] ModelIntegratedComponent:63 - No mode defined for component null
2024-12-22 18:43:55,844 [WARN] ModelIntegratedComponent:63 - No mode defined for component null
2024-12-22 18:43:55,844 [WARN] ModelIntegratedComponent:63 - No mode defined for component null
2024-12-22 18:43:55,844 [WARN] ModelIntegratedComponent:63 - No mode defined for component null
2024-12-22 18:43:55,844 [WARN] ModelIntegratedComponent:63 - No mode defined for component null
2024-12-22 18:43:55,844 [WARN] ModelIntegratedComponent:63 - No mode defined for component null
2024-12-22 18:43:55,844 [WARN] ModelIntegratedComponent:63 - No mode defined for component null
2024-12-22 18:43:55,844 [WARN] ModelIntegratedComponent:63 - No mode defined for component null
2024-12-22 18:43:55,844 [WARN] ModelIntegratedComponent:63 - No mode defined for component null
2024-12-22 18:43:55,844 [WARN] ModelPack:524 - Component already loaded: STMicroelectronics:HAL Drivers:0.0.0:STMicroelectronics:Device:STMicro_Driver:XSPI:HAL::0.0.1:HAL_XSPI
2024-12-22 18:43:55,980 [INFO] ThirdPartyModel:298 - Start build external matchings
2024-12-22 18:43:56,266 [INFO] ThirdPartyModel:316 - End build external matchings
2024-12-22 18:43:56,279 [INFO] ImportTextPane:218 - (OptionalMessage_ERROR) IP (RCC) : Invalid parameter (FamilyName)
2024-12-22 18:43:56,489 [INFO] ApiDb:581 - Connected to CubeFinder SQLite database (C:\Users\o1yus\.stmcufinder\plugins\mcufinder\mcu\cube-finder-db.db)
2024-12-22 18:43:56,503 [ERROR] LogOutputStream:75 - [STDERR_REDIRECT] [Fatal Error] :1:1: Premature end of file.
2024-12-22 18:43:56,503 [ERROR] LogOutputStream:75 - [STDERR_REDIRECT] 
2024-12-22 18:43:56,550 [INFO] ApiDb:668 - CubeFinder database Data Model version=2.1
2024-12-22 18:43:56,550 [INFO] ApiDb:669 - CubeFinder database Configuration version=3.0.39
2024-12-22 18:43:56,550 [INFO] ApiDb:670 - CubeFinder database generation date=2024-11-21 (1732182206)
2024-12-22 18:43:56,550 [INFO] ApiDb:671 - CubeFinder database FW Pack versions=[FP-ATR-ASTRA1_V2.0.0, FP-SNS-FLIGHT1_V5.0.2, FP-SNS-MOTENV1_V5.0.0, FP-SNS-MOTENVWB1_V1.4.0, FP-SNS-SMARTAG2_V1.2.0, FP-SNS-STBOX1_V2.0.0, STM32Cube_FW_C0_V1.3.0, STM32Cube_FW_F4_V1.28.1, STM32Cube_FW_F7_V1.17.2, STM32Cube_FW_G0_V1.6.2, STM32Cube_FW_G4_V1.6.1, STM32Cube_FW_H5_V1.4.0, STM32Cube_FW_H7RS_V1.1.0, STM32Cube_FW_H7_V1.12.0, STM32Cube_FW_L0_V1.12.2, STM32Cube_FW_L4_V1.18.1, STM32Cube_FW_L5_V1.5.1, STM32Cube_FW_N6_V1.0.0, STM32Cube_FW_U0_V1.2.0, STM32Cube_FW_U3_V1.0.0, STM32Cube_FW_U5_V1.7.0, STM32Cube_FW_WB0_V1.1.0, STM32Cube_FW_WBA_V1.5.0, STM32Cube_FW_WB_V1.21.0, STM32Cube_FW_WL3_V1.0.0, STM32Cube_FW_WL_V1.3.0, X-CUBE-ALGOBUILD_V1.4.0, X-CUBE-ALS_V1.0.2, X-CUBE-AZRTOS-F4_V1.1.0, X-CUBE-AZRTOS-F7_V1.1.0, X-CUBE-AZRTOS-G0_V1.1.0, X-CUBE-AZRTOS-G4_V2.0.0, X-CUBE-AZRTOS-H7RS_V1.0.0, X-CUBE-AZRTOS-H7_V3.3.0, X-CUBE-AZRTOS-L4_V2.0.0, X-CUBE-AZRTOS-L5_V2.0.0, X-CUBE-AZRTOS-WB_V2.0.0, X-CUBE-AZRTOS-WL_V2.0.0, X-CUBE-BLE1_V7.0.0, X-CUBE-BLE2_V3.3.0, X-CUBE-BLEMGR_V3.1.0, X-CUBE-EEPRMA1_V5.1.0, X-CUBE-FREERTOS_V1.2.0, X-CUBE-GNSS1_V6.0.0, X-CUBE-MEMS1_V11.0.0, X-CUBE-NFC4_V3.0.0, X-CUBE-NFC7_V1.0.1, X-CUBE-SFXS2LP1_V4.0.0, X-CUBE-SUBG2_V5.0.0, X-CUBE-TOF1_V3.4.2]
2024-12-22 18:43:56,633 [INFO] DbBoardsSqlite:226 - include board P-NUCLEO-WB55-NUCLEO as a kit item of type 'Nucleo-64'
2024-12-22 18:43:56,634 [INFO] DbBoardsSqlite:226 - include board P-NUCLEO-WB55-USBDONGLE as a kit item of type 'Nucleo USB Dongle'
2024-12-22 18:43:56,635 [INFO] DbBoardsSqlite:226 - include board STEVAL-IDP005V1 as a kit item of type 'Evaluation Board'
2024-12-22 18:43:56,635 [INFO] DbBoardsSqlite:226 - include board STEVAL-IDP005V2 as a kit item of type 'Evaluation Board'
2024-12-22 18:43:56,997 [INFO] ApiDb:240 - Found 858 in-development CPN: [B-G473E-ZEST1S, B-WB1M-WPAN1, B-WBA5M-WPAN, B-WL5M-SUBG1, NUCLEO-C031C6, NUCLEO-C051C8, NUCLEO-C071RB, NUCLEO-C092RC, NUCLEO-H503RB, NUCLEO-H533RE, NUCLEO-H563ZI, NUCLEO-H7S3L8, NUCLEO-N657X0-Q, NUCLEO-U031R8, NUCLEO-U083RC, NUCLEO-U385RG-Q, NUCLEO-U545RE-Q, NUCLEO-U5A5ZJ-Q, NUCLEO-WB05KZ, NUCLEO-WB07CC, NUCLEO-WB09KE, NUCLEO-WBA52CG, NUCLEO-WBA55CG, NUCLEO-WL33CC1, NUCLEO-WL33CC2, STEVAL-PROTEUS1, STEVAL-SMARTAG2, STEVAL-STWINBX1, STM320518-EVAL, STM32C0116-DK, STM32C011D6Y3TR, STM32C011D6Y6TR, STM32C011F4P3, STM32C011F4P6, STM32C011F4U3, STM32C011F4U6TR, STM32C011F6P3, STM32C011F6P6, STM32C011F6U3, STM32C011F6U6TR, STM32C011J4M3, STM32C011J4M6, STM32C011J6M3, STM32C011J6M6, STM32C0316-DK, STM32C031C4T3, STM32C031C4T6, STM32C031C4U3, STM32C031C4U6, STM32C031C6T3, STM32C031C6T6, STM32C031C6U3, STM32C031C6U6, STM32C031F4P3, STM32C031F4P6, STM32C031F6P3, STM32C031F6P6, STM32C031G4U3, STM32C031G4U6, STM32C031G6U3, STM32C031G6U6, STM32C031K4T3, STM32C031K4T6, STM32C031K4U3, STM32C031K4U6, STM32C031K6T3, STM32C031K6T6, STM32C031K6U3, STM32C031K6U6, STM32C051C6T6, STM32C051C6U6, STM32C051C8T6, STM32C051C8U6, STM32C051D8Y6TR, STM32C051F6P6, STM32C051F8P6, STM32C051G6U6, STM32C051G8U6, STM32C051K6T6, STM32C051K6U6, STM32C051K8T6, STM32C071C8T6, STM32C071C8T6N, STM32C071C8U6, STM32C071C8U6N, STM32C071CBT6, STM32C071CBT6N, STM32C071CBU6, STM32C071CBU6N, STM32C071F8P6, STM32C071F8P6N, STM32C071FBP6, STM32C071FBP6N, STM32C071FBY6TR, STM32C071G8U6, STM32C071G8U6N, STM32C071GBU6, STM32C071GBU6N, STM32C071K8T6, STM32C071K8T6N, STM32C071K8U6, STM32C071K8U6N, STM32C071KBT6, STM32C071KBT6N, STM32C071KBU6, STM32C071KBU6N, STM32C071R8T6, STM32C071R8T6N, STM32C071RBI6N, STM32C071RBT6, STM32C071RBT6N, STM32C091CBT6, STM32C091CBU6, STM32C091CCT6, STM32C091CCU6, STM32C091ECY6TR, STM32C091FBP6, STM32C091FCP6, STM32C091GBU6, STM32C091GCU6, STM32C091KBT6, STM32C091KBU6, STM32C091KCT6, STM32C091KCU6, STM32C091RBT6, STM32C091RCI6, STM32C091RCT6, STM32C092CBT6, STM32C092CBU6, STM32C092CCT6, STM32C092CCU6, STM32C092ECY6TR, STM32C092FBP6, STM32C092FCP6, STM32C092GBU6, STM32C092GCU6, STM32C092KBT6, STM32C092KBU6, STM32C092KCT6, STM32C092KCU6, STM32C092RBT6, STM32C092RCI6, STM32C092RCT6, STM32G071K8TXN, STM32G071K8UXN, STM32G081GBU6N, STM32G081KBT6N, STM32G081KBUXN, STM32G0B1CCT6N, STM32G0B1KCT6, STM32G0B1NEY6TR, STM32G0B1RCT6N, STM32G0C1CCT6, STM32G0C1CCT6N, STM32G0C1CCU6N, STM32G0C1CET6N, STM32G0C1CEU6N, STM32G0C1KCT6, STM32G0C1NEY6TR, STM32G0C1RCI6N, STM32G0C1RCT6N, STM32G0C1REI6N, STM32G0C1RET6N, STM32G0C1VCI6, STM32G0C1VEI6, STM32G411C6T3, STM32G411C6T6, STM32G411C6U3, STM32G411C6U6, STM32G411C8T3, STM32G411C8T6, STM32G411C8U3, STM32G411C8U6, STM32G411CBT3, STM32G411CBT6, STM32G411CBU3, STM32G411CBU6, STM32G411CCT3, STM32G411CCT6, STM32G411CCU3, STM32G411CCU6, STM32G411K6T3, STM32G411K6T6, STM32G411K6U3, STM32G411K6U6, STM32G411K8T3, STM32G411K8T6, STM32G411K8U3, STM32G411K8U6, STM32G411KBT3, STM32G411KBT6, STM32G411KBU3, STM32G411KBU6, STM32G411M6T3, STM32G411M6T6, STM32G411M8T3, STM32G411M8T6, STM32G411MBT3, STM32G411MBT6, STM32G411MCT3, STM32G411MCT6, STM32G411R6T3, STM32G411R6T6, STM32G411R8T3, STM32G411R8T6, STM32G411RBT3, STM32G411RBT6, STM32G411RCT3, STM32G411RCT6, STM32G414CBT3, STM32G414CBT6, STM32G414CBU3, STM32G414CBU6, STM32G414CCT3, STM32G414CCT6, STM32G414CCU3, STM32G414CCU6, STM32G414MBT3, STM32G414MBT6, STM32G414MCT3, STM32G414MCT6, STM32G414RBT3, STM32G414RBT6, STM32G414RCT3, STM32G414RCT6, STM32G414VBT3, STM32G414VBT6, STM32G414VCT3, STM32G414VCT6, STM32G431CBT3Z, STM32G431RBT3Z, STM32G471CCT6, STM32G471CCU6, STM32G471CET3, STM32G471CET6, STM32G471CEU3, STM32G471CEU6, STM32G471MCT6, STM32G471MET3, STM32G471MET6, STM32G471MEY6TR, STM32G471QCT6, STM32G471QET3, STM32G471RCT6, STM32G471RET3, STM32G471RET6, STM32G471VCH6, STM32G471VCI6, STM32G471VCT6, STM32G471VEH3, STM32G471VEH6, STM32G471VEI3, STM32G471VEI6, STM32G471VET3, STM32G471VET6, STM32G473QET3Z, STM32G473RET3Z, STM32G474CCT6, STM32G491RET3Z, STM32H503CBT6, STM32H503CBU6, STM32H503EBY6TR, STM32H503KBU6, STM32H503RBT6, STM32H523CCT6, STM32H523CCU6, STM32H523CET6, STM32H523CEU6, STM32H523HEY6TR, STM32H523RCT6, STM32H523RET6, STM32H523VCI6, STM32H523VCT6, STM32H523VEI6, STM32H523VET6, STM32H523ZCJ6, STM32H523ZCT6, STM32H523ZEJ6, STM32H523ZET6, STM32H533CET6, STM32H533CEU6, STM32H533HEY6TR, STM32H533RET6, STM32H533VEI6, STM32H533VET6, STM32H533ZEJ6, STM32H533ZET6, STM32H562AGI6, STM32H562AII6, STM32H562IGK6, STM32H562IGT6, STM32H562IIK6, STM32H562IIT6, STM32H562RGT6, STM32H562RGV6, STM32H562RIT6, STM32H562RIV6, STM32H562VGT6, STM32H562VIT6, STM32H562ZGT6, STM32H562ZIT6, STM32H563AGI6, STM32H563AII3Q, STM32H563AII6, STM32H563IGK6, STM32H563IGT6, STM32H563IIK3Q, STM32H563IIK6, STM32H563IIT3Q, STM32H563IIT6, STM32H563MIY3QTR, STM32H563RGT6, STM32H563RGV6, STM32H563RIT6, STM32H563RIV6, STM32H563VGT6, STM32H563VIT3Q, STM32H563VIT6, STM32H563ZGT6, STM32H563ZIT3Q, STM32H563ZIT6, STM32H573AII3Q, STM32H573AII6, STM32H573I-DK, STM32H573IIK3Q, STM32H573IIK6, STM32H573IIT3Q, STM32H573IIT6, STM32H573MIY3QTR, STM32H573RIT6, STM32H573RIV6, STM32H573VIT3Q, STM32H573VIT6, STM32H573ZIT3Q, STM32H573ZIT6, STM32H7R3A8I6, STM32H7R3I8K6, STM32H7R3I8T6, STM32H7R3L8H6, STM32H7R3L8H6H, STM32H7R3R8V6, STM32H7R3V8H6, STM32H7R3V8T6, STM32H7R3V8Y6TR, STM32H7R3Z8J6, STM32H7R3Z8T6, STM32H7R7A8I6, STM32H7R7I8K6, STM32H7R7I8T6, STM32H7R7L8H6, STM32H7R7L8H6H, STM32H7R7Z8J6, STM32H7S3A8I6, STM32H7S3I8K6, STM32H7S3I8T6, STM32H7S3L8H6, STM32H7S3L8H6H, STM32H7S3R8V6, STM32H7S3V8H6, STM32H7S3V8T6, STM32H7S3V8Y6TR, STM32H7S3Z8J6, STM32H7S3Z8T6, STM32H7S78-DK, STM32H7S7A8I6, STM32H7S7I8K6, STM32H7S7I8T6, STM32H7S7L8H6, STM32H7S7L8H6H, STM32H7S7Z8J6, STM32L4R5QGI6STR, STM32MP131AAE3, STM32MP131AAF3, STM32MP131AAG3, STM32MP131CAE3, STM32MP131CAF3, STM32MP131CAG3, STM32MP131DAE7, STM32MP131DAF7, STM32MP131DAG7, STM32MP131FAE7, STM32MP131FAF7, STM32MP131FAG7, STM32MP133AAE3, STM32MP133AAF3, STM32MP133AAG3, STM32MP133CAE3, STM32MP133CAF3, STM32MP133CAG3, STM32MP133DAE7, STM32MP133DAF7, STM32MP133DAG7, STM32MP133FAE7, STM32MP133FAF7, STM32MP133FAG7, STM32MP135AAE3, STM32MP135AAF3, STM32MP135AAG3, STM32MP135CAE3, STM32MP135CAF3, STM32MP135CAG3, STM32MP135DAE7, STM32MP135DAF7, STM32MP135DAG7, STM32MP135F-DK, STM32MP135FAE7, STM32MP135FAF7, STM32MP135FAF7T, STM32MP135FAF7U, STM32MP135FAG7, STM32MP231AAJ3, STM32MP231AAK3, STM32MP231AAL3, STM32MP231CAJ3, STM32MP231CAK3, STM32MP231CAL3, STM32MP231DAJ3, STM32MP231DAK3, STM32MP231DAL3, STM32MP231FAJ3, STM32MP231FAK3, STM32MP231FAL3, STM32MP233AAJ3, STM32MP233AAK3, STM32MP233AAL3, STM32MP233CAJ3, STM32MP233CAK3, STM32MP233CAL3, STM32MP233DAJ3, STM32MP233DAK3, STM32MP233DAL3, STM32MP233FAJ3, STM32MP233FAK3, STM32MP233FAL3, STM32MP235AAJ3, STM32MP235AAK3, STM32MP235AAL3, STM32MP235CAJ3, STM32MP235CAK3, STM32MP235CAL3, STM32MP235DAJ3, STM32MP235DAK3, STM32MP235DAL3, STM32MP235FAJ3, STM32MP235FAK3, STM32MP235FAL3, STM32MP251AAI3, STM32MP251AAJ3, STM32MP251AAK3, STM32MP251AAL3, STM32MP251CAI3, STM32MP251CAJ3, STM32MP251CAK3, STM32MP251CAL3, STM32MP251DAI3, STM32MP251DAJ3, STM32MP251DAK3, STM32MP251DAL3, STM32MP251FAI3, STM32MP251FAJ3, STM32MP251FAK3, STM32MP251FAL3, STM32MP253AAI3, STM32MP253AAJ3, STM32MP253AAK3, STM32MP253AAL3, STM32MP253CAI3, STM32MP253CAJ3, STM32MP253CAK3, STM32MP253CAL3, STM32MP253DAI3, STM32MP253DAJ3, STM32MP253DAK3, STM32MP253DAL3, STM32MP253FAI3, STM32MP253FAJ3, STM32MP253FAK3, STM32MP253FAL3, STM32MP255AAI3, STM32MP255AAJ3, STM32MP255AAK3, STM32MP255AAL3, STM32MP255CAI3, STM32MP255CAJ3, STM32MP255CAK3, STM32MP255CAL3, STM32MP255DAI3, STM32MP255DAJ3, STM32MP255DAK3, STM32MP255DAL3, STM32MP255FAI3, STM32MP255FAJ3, STM32MP255FAK3, STM32MP255FAL3, STM32MP257AAI3, STM32MP257AAJ3, STM32MP257AAK3, STM32MP257AAL3, STM32MP257CAI3, STM32MP257CAJ3, STM32MP257CAK3, STM32MP257CAL3, STM32MP257DAI3, STM32MP257DAJ3, STM32MP257DAK3, STM32MP257DAL3, STM32MP257F-DK, STM32MP257F-EV1, STM32MP257FAI3, STM32MP257FAJ3, STM32MP257FAK3, STM32MP257FAL3, STM32N645A0H3Q, STM32N645B0H3Q, STM32N645I0H3Q, STM32N645L0H3Q, STM32N645X0H3Q, STM32N645Z0H3Q, STM32N647A0H3Q, STM32N647B0H3Q, STM32N647I0H3Q, STM32N647L0H3Q, STM32N647X0H3Q, STM32N647Z0H3Q, STM32N655A0H3Q, STM32N655B0H3Q, STM32N655I0H3Q, STM32N655L0H3Q, STM32N655X0H3Q, STM32N655Z0H3Q, STM32N6570-DK, STM32N657A0H3Q, STM32N657B0H3Q, STM32N657I0H3Q, STM32N657L0H3Q, STM32N657X0H3Q, STM32N657Z0H3Q, STM32U031C6T6, STM32U031C6U6, STM32U031C8T6, STM32U031C8U6, STM32U031F4P6, STM32U031F6P6, STM32U031F8P6, STM32U031G6Y6TR, STM32U031G8Y6TR, STM32U031K4U6, STM32U031K6U6, STM32U031K8U6, STM32U031R6I6, STM32U031R6T6, STM32U031R8I6, STM32U031R8T6, STM32U073C8T6, STM32U073C8U6, STM32U073CBT6, STM32U073CBU6, STM32U073CCT6, STM32U073CCU6, STM32U073H8Y6TR, STM32U073HBY6TR, STM32U073HCY6TR, STM32U073K8U6, STM32U073KBU6, STM32U073KCU6, STM32U073M8I6, STM32U073M8T6, STM32U073MBI6, STM32U073MBT6, STM32U073MCI6, STM32U073MCT6, STM32U073R8I6, STM32U073R8T6, STM32U073RBI6, STM32U073RBT6, STM32U073RCI6, STM32U073RCT6, STM32U083C-DK, STM32U083CCT6, STM32U083CCU6, STM32U083HCY6TR, STM32U083KCU6, STM32U083MCI6, STM32U083MCT6, STM32U083RCI6, STM32U083RCT6, STM32U375CET6, STM32U375CET6Q, STM32U375CEU6, STM32U375CEU6Q, STM32U375CEY6QTR, STM32U375CGT6, STM32U375CGT6Q, STM32U375CGU6, STM32U375CGU6Q, STM32U375CGY6QTR, STM32U375KEU6, STM32U375KGU6, STM32U375REI6, STM32U375REI6Q, STM32U375RET6, STM32U375RET6Q, STM32U375REY6GTR, STM32U375REY6QTR, STM32U375RGI6, STM32U375RGI6Q, STM32U375RGT6, STM32U375RGT6Q, STM32U375RGY6GTR, STM32U375RGY6QTR, STM32U375VEI6, STM32U375VEI6Q, STM32U375VET6, STM32U375VET6Q, STM32U375VGI6, STM32U375VGI6Q, STM32U375VGT6, STM32U375VGT6Q, STM32U385CGT6, STM32U385CGT6Q, STM32U385CGU6, STM32U385CGU6Q, STM32U385CGY6QTR, STM32U385KGU6, STM32U385RGI6, STM32U385RGI6Q, STM32U385RGT6, STM32U385RGT6Q, STM32U385RGY6GTR, STM32U385RGY6QTR, STM32U385VGI6, STM32U385VGI6Q, STM32U385VGT6, STM32U385VGT6Q, STM32U535CBT6, STM32U535CBT6Q, STM32U535CBU6, STM32U535CBU6Q, STM32U535CCT6, STM32U535CCT6Q, STM32U535CCU6, STM32U535CCU6Q, STM32U535CET6, STM32U535CET6Q, STM32U535CEU6, STM32U535CEU6Q, STM32U535JEY6QTR, STM32U535NCY6QTR, STM32U535NEY6QTR, STM32U535RBI6, STM32U535RBI6Q, STM32U535RBT6, STM32U535RBT6Q, STM32U535RCI6, STM32U535RCI6Q, STM32U535RCT6, STM32U535RCT6Q, STM32U535REI6, STM32U535REI6Q, STM32U535RET6, STM32U535RET6Q, STM32U535VCI6, STM32U535VCI6Q, STM32U535VCT6, STM32U535VCT6Q, STM32U535VEI6, STM32U535VEI6Q, STM32U535VET6, STM32U535VET6Q, STM32U545CET6, STM32U545CET6Q, STM32U545CEU6, STM32U545CEU6Q, STM32U545JEY6QTR, STM32U545NEY6QTR, STM32U545REI6, STM32U545REI6Q, STM32U545RET6, STM32U545RET6Q, STM32U545VEI6, STM32U545VEI6Q, STM32U545VET6, STM32U545VET6Q, STM32U595AIH6, STM32U595AIH6Q, STM32U595AJH6, STM32U595AJH6Q, STM32U595QII6, STM32U595QII6Q, STM32U595QJI6, STM32U595QJI6Q, STM32U595RIT6, STM32U595RIT6Q, STM32U595RJT6, STM32U595RJT6Q, STM32U595VIT6, STM32U595VIT6Q, STM32U595VJT6, STM32U595VJT6Q, STM32U595ZIT6, STM32U595ZIT6Q, STM32U595ZIY6QTR, STM32U595ZJT6, STM32U595ZJT6Q, STM32U595ZJY6QTR, STM32U599BJY6QTR, STM32U599NIH6Q, STM32U599NJH6Q, STM32U599VIT6Q, STM32U599VJT6, STM32U599VJT6Q, STM32U599ZIT6Q, STM32U599ZIY6QTR, STM32U599ZJT6Q, STM32U599ZJY6QTR, STM32U5A5AJH6, STM32U5A5AJH6Q, STM32U5A5QII3Q , STM32U5A5QJI6, STM32U5A5QJI6Q, STM32U5A5RJT6, STM32U5A5RJT6Q, STM32U5A5VJT6, STM32U5A5VJT6Q, STM32U5A5ZJT6, STM32U5A5ZJT6Q, STM32U5A5ZJY6QTR, STM32U5A9BJY6QTR, STM32U5A9J-DK, STM32U5A9NJH6Q, STM32U5A9VJT6Q, STM32U5A9ZJT6Q, STM32U5A9ZJY6QTR, STM32U5F7VIT6, STM32U5F7VIT6Q, STM32U5F7VJT6, STM32U5F7VJT6Q, STM32U5F9BJY6QTR, STM32U5F9NJH6Q, STM32U5F9VIT6Q, STM32U5F9VJT6Q, STM32U5F9ZIJ6QTR, STM32U5F9ZIT6Q, STM32U5F9ZJJ6QTR, STM32U5F9ZJT6Q, STM32U5G7VJT6, STM32U5G7VJT6Q, STM32U5G9BJY6QTR, STM32U5G9J-DK1, STM32U5G9J-DK2, STM32U5G9NJH6Q, STM32U5G9VJT6Q, STM32U5G9ZJJ6QTR, STM32U5G9ZJT6Q, STM32WB05KZV6TR, STM32WB05KZV7TR, STM32WB05TZF6TR, STM32WB05TZF7TR, STM32WB06CCF6TR, STM32WB06CCF7TR, STM32WB06CCV6TR, STM32WB06CCV7TR, STM32WB06KCV6TR, STM32WB06KCV7TR, STM32WB07CCF6TR, STM32WB07CCF7TR, STM32WB07CCV6TR, STM32WB07CCV7TR, STM32WB07KCV6TR, STM32WB07KCV7TR, STM32WB09KEV6TR, STM32WB09KEV7TR, STM32WB09TEF6TR, STM32WB09TEF7TR, STM32WB1MMCH6, STM32WBA50KGU6, STM32WBA50KGU6TR, STM32WBA52CEU6, STM32WBA52CEU6TR, STM32WBA52CEU7, STM32WBA52CEU7TR, STM32WBA52CGU6, STM32WBA52CGU6TR, STM32WBA52CGU6U, STM32WBA52CGU7, STM32WBA52CGU7TR, STM32WBA52KEU6, STM32WBA52KEU6TR, STM32WBA52KGU6, STM32WBA52KGU6TR, STM32WBA54CEU6, STM32WBA54CEU6TR, STM32WBA54CEU7, STM32WBA54CEU7TR, STM32WBA54CGU6, STM32WBA54CGU6TR, STM32WBA54CGU7, STM32WBA54CGU7TR, STM32WBA54KEU6, STM32WBA54KEU6TR, STM32WBA54KEU7, STM32WBA54KEU7TR, STM32WBA54KGU6, STM32WBA54KGU6TR, STM32WBA54KGU7, STM32WBA54KGU7TR, STM32WBA55CEU6, STM32WBA55CEU6TR, STM32WBA55CEU7, STM32WBA55CEU7TR, STM32WBA55CGU6, STM32WBA55CGU6TR, STM32WBA55CGU6U, STM32WBA55CGU7, STM32WBA55CGU7TR, STM32WBA55G-DK1, STM32WBA55HEF6, STM32WBA55HEF7, STM32WBA55HGF6, STM32WBA55HGF7, STM32WBA55UEI6, STM32WBA55UEI6TR, STM32WBA55UEI7, STM32WBA55UEI7TR, STM32WBA55UGI6, STM32WBA55UGI6TR, STM32WBA55UGI7, STM32WBA55UGI7TR, STM32WBA5MJGH6TR, STM32WBA5MJGH6U, STM32WL33C8V6, STM32WL33C8V6TR, STM32WL33C8V7, STM32WL33C8V7TR, STM32WL33CBV6, STM32WL33CBV6TR, STM32WL33CBV7, STM32WL33CBV7TR, STM32WL33CCV6, STM32WL33CCV6TR, STM32WL33CCV7, STM32WL33CCV7A, STM32WL33CCV7ATR, STM32WL33CCV7TR, STM32WL33K8V6, STM32WL33K8V6TR, STM32WL33K8V7, STM32WL33K8V7TR, STM32WL33KBV6, STM32WL33KBV6TR, STM32WL33KBV7, STM32WL33KBV7TR, STM32WL33KCV6, STM32WL33KCV6TR, STM32WL33KCV7, STM32WL33KCV7TR, STM32WL5MOCH6, STM32WL5MOCH6TR]
2024-12-22 18:43:57,147 [INFO] BoardInfo:889 - No configuration file found for board P-NUCLEO-WB55
2024-12-22 18:43:57,148 [INFO] DbBoards:161 - Kit is not supported: P-NUCLEO-WB55
2024-12-22 18:43:57,152 [INFO] BoardInfo:889 - No configuration file found for board STEVAL-BFA001V1B
2024-12-22 18:43:57,153 [INFO] DbBoards:161 - Kit is not supported: STEVAL-BFA001V1B
2024-12-22 18:43:57,154 [INFO] BoardInfo:889 - No configuration file found for board STEVAL-BFA001V2B
2024-12-22 18:43:57,155 [INFO] DbBoards:161 - Kit is not supported: STEVAL-BFA001V2B
2024-12-22 18:43:57,303 [INFO] DbBoards:168 - Found 209 boards, 206 are supported
2024-12-22 18:43:57,303 [INFO] DbBoards:169 - Found 209 boards, 42 of them is supported for  Bsp
2024-12-22 18:43:57,306 [INFO] ApiDb:668 - CubeFinder database Data Model version=2.1
2024-12-22 18:43:57,306 [INFO] ApiDb:669 - CubeFinder database Configuration version=3.0.39
2024-12-22 18:43:57,306 [INFO] ApiDb:670 - CubeFinder database generation date=2024-11-21 (1732182206)
2024-12-22 18:43:57,306 [INFO] ApiDb:671 - CubeFinder database FW Pack versions=[FP-ATR-ASTRA1_V2.0.0, FP-SNS-FLIGHT1_V5.0.2, FP-SNS-MOTENV1_V5.0.0, FP-SNS-MOTENVWB1_V1.4.0, FP-SNS-SMARTAG2_V1.2.0, FP-SNS-STBOX1_V2.0.0, STM32Cube_FW_C0_V1.3.0, STM32Cube_FW_F4_V1.28.1, STM32Cube_FW_F7_V1.17.2, STM32Cube_FW_G0_V1.6.2, STM32Cube_FW_G4_V1.6.1, STM32Cube_FW_H5_V1.4.0, STM32Cube_FW_H7RS_V1.1.0, STM32Cube_FW_H7_V1.12.0, STM32Cube_FW_L0_V1.12.2, STM32Cube_FW_L4_V1.18.1, STM32Cube_FW_L5_V1.5.1, STM32Cube_FW_N6_V1.0.0, STM32Cube_FW_U0_V1.2.0, STM32Cube_FW_U3_V1.0.0, STM32Cube_FW_U5_V1.7.0, STM32Cube_FW_WB0_V1.1.0, STM32Cube_FW_WBA_V1.5.0, STM32Cube_FW_WB_V1.21.0, STM32Cube_FW_WL3_V1.0.0, STM32Cube_FW_WL_V1.3.0, X-CUBE-ALGOBUILD_V1.4.0, X-CUBE-ALS_V1.0.2, X-CUBE-AZRTOS-F4_V1.1.0, X-CUBE-AZRTOS-F7_V1.1.0, X-CUBE-AZRTOS-G0_V1.1.0, X-CUBE-AZRTOS-G4_V2.0.0, X-CUBE-AZRTOS-H7RS_V1.0.0, X-CUBE-AZRTOS-H7_V3.3.0, X-CUBE-AZRTOS-L4_V2.0.0, X-CUBE-AZRTOS-L5_V2.0.0, X-CUBE-AZRTOS-WB_V2.0.0, X-CUBE-AZRTOS-WL_V2.0.0, X-CUBE-BLE1_V7.0.0, X-CUBE-BLE2_V3.3.0, X-CUBE-BLEMGR_V3.1.0, X-CUBE-EEPRMA1_V5.1.0, X-CUBE-FREERTOS_V1.2.0, X-CUBE-GNSS1_V6.0.0, X-CUBE-MEMS1_V11.0.0, X-CUBE-NFC4_V3.0.0, X-CUBE-NFC7_V1.0.1, X-CUBE-SFXS2LP1_V4.0.0, X-CUBE-SUBG2_V5.0.0, X-CUBE-TOF1_V3.4.2]
2024-12-22 18:43:57,501 [ERROR] LogOutputStream:75 - [STDERR_REDIRECT] [Fatal Error] :1:1: Premature end of file.
2024-12-22 18:43:57,502 [ERROR] LogOutputStream:75 - [STDERR_REDIRECT] 
2024-12-22 18:43:58,506 [ERROR] LogOutputStream:75 - [STDERR_REDIRECT] [Fatal Error] :1:1: Premature end of file.
2024-12-22 18:43:58,506 [ERROR] LogOutputStream:75 - [STDERR_REDIRECT] 
2024-12-22 18:43:58,609 [INFO] ApiDb:240 - Found 858 in-development CPN: [B-G473E-ZEST1S, B-WB1M-WPAN1, B-WBA5M-WPAN, B-WL5M-SUBG1, NUCLEO-C031C6, NUCLEO-C051C8, NUCLEO-C071RB, NUCLEO-C092RC, NUCLEO-H503RB, NUCLEO-H533RE, NUCLEO-H563ZI, NUCLEO-H7S3L8, NUCLEO-N657X0-Q, NUCLEO-U031R8, NUCLEO-U083RC, NUCLEO-U385RG-Q, NUCLEO-U545RE-Q, NUCLEO-U5A5ZJ-Q, NUCLEO-WB05KZ, NUCLEO-WB07CC, NUCLEO-WB09KE, NUCLEO-WBA52CG, NUCLEO-WBA55CG, NUCLEO-WL33CC1, NUCLEO-WL33CC2, STEVAL-PROTEUS1, STEVAL-SMARTAG2, STEVAL-STWINBX1, STM320518-EVAL, STM32C0116-DK, STM32C011D6Y3TR, STM32C011D6Y6TR, STM32C011F4P3, STM32C011F4P6, STM32C011F4U3, STM32C011F4U6TR, STM32C011F6P3, STM32C011F6P6, STM32C011F6U3, STM32C011F6U6TR, STM32C011J4M3, STM32C011J4M6, STM32C011J6M3, STM32C011J6M6, STM32C0316-DK, STM32C031C4T3, STM32C031C4T6, STM32C031C4U3, STM32C031C4U6, STM32C031C6T3, STM32C031C6T6, STM32C031C6U3, STM32C031C6U6, STM32C031F4P3, STM32C031F4P6, STM32C031F6P3, STM32C031F6P6, STM32C031G4U3, STM32C031G4U6, STM32C031G6U3, STM32C031G6U6, STM32C031K4T3, STM32C031K4T6, STM32C031K4U3, STM32C031K4U6, STM32C031K6T3, STM32C031K6T6, STM32C031K6U3, STM32C031K6U6, STM32C051C6T6, STM32C051C6U6, STM32C051C8T6, STM32C051C8U6, STM32C051D8Y6TR, STM32C051F6P6, STM32C051F8P6, STM32C051G6U6, STM32C051G8U6, STM32C051K6T6, STM32C051K6U6, STM32C051K8T6, STM32C071C8T6, STM32C071C8T6N, STM32C071C8U6, STM32C071C8U6N, STM32C071CBT6, STM32C071CBT6N, STM32C071CBU6, STM32C071CBU6N, STM32C071F8P6, STM32C071F8P6N, STM32C071FBP6, STM32C071FBP6N, STM32C071FBY6TR, STM32C071G8U6, STM32C071G8U6N, STM32C071GBU6, STM32C071GBU6N, STM32C071K8T6, STM32C071K8T6N, STM32C071K8U6, STM32C071K8U6N, STM32C071KBT6, STM32C071KBT6N, STM32C071KBU6, STM32C071KBU6N, STM32C071R8T6, STM32C071R8T6N, STM32C071RBI6N, STM32C071RBT6, STM32C071RBT6N, STM32C091CBT6, STM32C091CBU6, STM32C091CCT6, STM32C091CCU6, STM32C091ECY6TR, STM32C091FBP6, STM32C091FCP6, STM32C091GBU6, STM32C091GCU6, STM32C091KBT6, STM32C091KBU6, STM32C091KCT6, STM32C091KCU6, STM32C091RBT6, STM32C091RCI6, STM32C091RCT6, STM32C092CBT6, STM32C092CBU6, STM32C092CCT6, STM32C092CCU6, STM32C092ECY6TR, STM32C092FBP6, STM32C092FCP6, STM32C092GBU6, STM32C092GCU6, STM32C092KBT6, STM32C092KBU6, STM32C092KCT6, STM32C092KCU6, STM32C092RBT6, STM32C092RCI6, STM32C092RCT6, STM32G071K8TXN, STM32G071K8UXN, STM32G081GBU6N, STM32G081KBT6N, STM32G081KBUXN, STM32G0B1CCT6N, STM32G0B1KCT6, STM32G0B1NEY6TR, STM32G0B1RCT6N, STM32G0C1CCT6, STM32G0C1CCT6N, STM32G0C1CCU6N, STM32G0C1CET6N, STM32G0C1CEU6N, STM32G0C1KCT6, STM32G0C1NEY6TR, STM32G0C1RCI6N, STM32G0C1RCT6N, STM32G0C1REI6N, STM32G0C1RET6N, STM32G0C1VCI6, STM32G0C1VEI6, STM32G411C6T3, STM32G411C6T6, STM32G411C6U3, STM32G411C6U6, STM32G411C8T3, STM32G411C8T6, STM32G411C8U3, STM32G411C8U6, STM32G411CBT3, STM32G411CBT6, STM32G411CBU3, STM32G411CBU6, STM32G411CCT3, STM32G411CCT6, STM32G411CCU3, STM32G411CCU6, STM32G411K6T3, STM32G411K6T6, STM32G411K6U3, STM32G411K6U6, STM32G411K8T3, STM32G411K8T6, STM32G411K8U3, STM32G411K8U6, STM32G411KBT3, STM32G411KBT6, STM32G411KBU3, STM32G411KBU6, STM32G411M6T3, STM32G411M6T6, STM32G411M8T3, STM32G411M8T6, STM32G411MBT3, STM32G411MBT6, STM32G411MCT3, STM32G411MCT6, STM32G411R6T3, STM32G411R6T6, STM32G411R8T3, STM32G411R8T6, STM32G411RBT3, STM32G411RBT6, STM32G411RCT3, STM32G411RCT6, STM32G414CBT3, STM32G414CBT6, STM32G414CBU3, STM32G414CBU6, STM32G414CCT3, STM32G414CCT6, STM32G414CCU3, STM32G414CCU6, STM32G414MBT3, STM32G414MBT6, STM32G414MCT3, STM32G414MCT6, STM32G414RBT3, STM32G414RBT6, STM32G414RCT3, STM32G414RCT6, STM32G414VBT3, STM32G414VBT6, STM32G414VCT3, STM32G414VCT6, STM32G431CBT3Z, STM32G431RBT3Z, STM32G471CCT6, STM32G471CCU6, STM32G471CET3, STM32G471CET6, STM32G471CEU3, STM32G471CEU6, STM32G471MCT6, STM32G471MET3, STM32G471MET6, STM32G471MEY6TR, STM32G471QCT6, STM32G471QET3, STM32G471RCT6, STM32G471RET3, STM32G471RET6, STM32G471VCH6, STM32G471VCI6, STM32G471VCT6, STM32G471VEH3, STM32G471VEH6, STM32G471VEI3, STM32G471VEI6, STM32G471VET3, STM32G471VET6, STM32G473QET3Z, STM32G473RET3Z, STM32G474CCT6, STM32G491RET3Z, STM32H503CBT6, STM32H503CBU6, STM32H503EBY6TR, STM32H503KBU6, STM32H503RBT6, STM32H523CCT6, STM32H523CCU6, STM32H523CET6, STM32H523CEU6, STM32H523HEY6TR, STM32H523RCT6, STM32H523RET6, STM32H523VCI6, STM32H523VCT6, STM32H523VEI6, STM32H523VET6, STM32H523ZCJ6, STM32H523ZCT6, STM32H523ZEJ6, STM32H523ZET6, STM32H533CET6, STM32H533CEU6, STM32H533HEY6TR, STM32H533RET6, STM32H533VEI6, STM32H533VET6, STM32H533ZEJ6, STM32H533ZET6, STM32H562AGI6, STM32H562AII6, STM32H562IGK6, STM32H562IGT6, STM32H562IIK6, STM32H562IIT6, STM32H562RGT6, STM32H562RGV6, STM32H562RIT6, STM32H562RIV6, STM32H562VGT6, STM32H562VIT6, STM32H562ZGT6, STM32H562ZIT6, STM32H563AGI6, STM32H563AII3Q, STM32H563AII6, STM32H563IGK6, STM32H563IGT6, STM32H563IIK3Q, STM32H563IIK6, STM32H563IIT3Q, STM32H563IIT6, STM32H563MIY3QTR, STM32H563RGT6, STM32H563RGV6, STM32H563RIT6, STM32H563RIV6, STM32H563VGT6, STM32H563VIT3Q, STM32H563VIT6, STM32H563ZGT6, STM32H563ZIT3Q, STM32H563ZIT6, STM32H573AII3Q, STM32H573AII6, STM32H573I-DK, STM32H573IIK3Q, STM32H573IIK6, STM32H573IIT3Q, STM32H573IIT6, STM32H573MIY3QTR, STM32H573RIT6, STM32H573RIV6, STM32H573VIT3Q, STM32H573VIT6, STM32H573ZIT3Q, STM32H573ZIT6, STM32H7R3A8I6, STM32H7R3I8K6, STM32H7R3I8T6, STM32H7R3L8H6, STM32H7R3L8H6H, STM32H7R3R8V6, STM32H7R3V8H6, STM32H7R3V8T6, STM32H7R3V8Y6TR, STM32H7R3Z8J6, STM32H7R3Z8T6, STM32H7R7A8I6, STM32H7R7I8K6, STM32H7R7I8T6, STM32H7R7L8H6, STM32H7R7L8H6H, STM32H7R7Z8J6, STM32H7S3A8I6, STM32H7S3I8K6, STM32H7S3I8T6, STM32H7S3L8H6, STM32H7S3L8H6H, STM32H7S3R8V6, STM32H7S3V8H6, STM32H7S3V8T6, STM32H7S3V8Y6TR, STM32H7S3Z8J6, STM32H7S3Z8T6, STM32H7S78-DK, STM32H7S7A8I6, STM32H7S7I8K6, STM32H7S7I8T6, STM32H7S7L8H6, STM32H7S7L8H6H, STM32H7S7Z8J6, STM32L4R5QGI6STR, STM32MP131AAE3, STM32MP131AAF3, STM32MP131AAG3, STM32MP131CAE3, STM32MP131CAF3, STM32MP131CAG3, STM32MP131DAE7, STM32MP131DAF7, STM32MP131DAG7, STM32MP131FAE7, STM32MP131FAF7, STM32MP131FAG7, STM32MP133AAE3, STM32MP133AAF3, STM32MP133AAG3, STM32MP133CAE3, STM32MP133CAF3, STM32MP133CAG3, STM32MP133DAE7, STM32MP133DAF7, STM32MP133DAG7, STM32MP133FAE7, STM32MP133FAF7, STM32MP133FAG7, STM32MP135AAE3, STM32MP135AAF3, STM32MP135AAG3, STM32MP135CAE3, STM32MP135CAF3, STM32MP135CAG3, STM32MP135DAE7, STM32MP135DAF7, STM32MP135DAG7, STM32MP135F-DK, STM32MP135FAE7, STM32MP135FAF7, STM32MP135FAF7T, STM32MP135FAF7U, STM32MP135FAG7, STM32MP231AAJ3, STM32MP231AAK3, STM32MP231AAL3, STM32MP231CAJ3, STM32MP231CAK3, STM32MP231CAL3, STM32MP231DAJ3, STM32MP231DAK3, STM32MP231DAL3, STM32MP231FAJ3, STM32MP231FAK3, STM32MP231FAL3, STM32MP233AAJ3, STM32MP233AAK3, STM32MP233AAL3, STM32MP233CAJ3, STM32MP233CAK3, STM32MP233CAL3, STM32MP233DAJ3, STM32MP233DAK3, STM32MP233DAL3, STM32MP233FAJ3, STM32MP233FAK3, STM32MP233FAL3, STM32MP235AAJ3, STM32MP235AAK3, STM32MP235AAL3, STM32MP235CAJ3, STM32MP235CAK3, STM32MP235CAL3, STM32MP235DAJ3, STM32MP235DAK3, STM32MP235DAL3, STM32MP235FAJ3, STM32MP235FAK3, STM32MP235FAL3, STM32MP251AAI3, STM32MP251AAJ3, STM32MP251AAK3, STM32MP251AAL3, STM32MP251CAI3, STM32MP251CAJ3, STM32MP251CAK3, STM32MP251CAL3, STM32MP251DAI3, STM32MP251DAJ3, STM32MP251DAK3, STM32MP251DAL3, STM32MP251FAI3, STM32MP251FAJ3, STM32MP251FAK3, STM32MP251FAL3, STM32MP253AAI3, STM32MP253AAJ3, STM32MP253AAK3, STM32MP253AAL3, STM32MP253CAI3, STM32MP253CAJ3, STM32MP253CAK3, STM32MP253CAL3, STM32MP253DAI3, STM32MP253DAJ3, STM32MP253DAK3, STM32MP253DAL3, STM32MP253FAI3, STM32MP253FAJ3, STM32MP253FAK3, STM32MP253FAL3, STM32MP255AAI3, STM32MP255AAJ3, STM32MP255AAK3, STM32MP255AAL3, STM32MP255CAI3, STM32MP255CAJ3, STM32MP255CAK3, STM32MP255CAL3, STM32MP255DAI3, STM32MP255DAJ3, STM32MP255DAK3, STM32MP255DAL3, STM32MP255FAI3, STM32MP255FAJ3, STM32MP255FAK3, STM32MP255FAL3, STM32MP257AAI3, STM32MP257AAJ3, STM32MP257AAK3, STM32MP257AAL3, STM32MP257CAI3, STM32MP257CAJ3, STM32MP257CAK3, STM32MP257CAL3, STM32MP257DAI3, STM32MP257DAJ3, STM32MP257DAK3, STM32MP257DAL3, STM32MP257F-DK, STM32MP257F-EV1, STM32MP257FAI3, STM32MP257FAJ3, STM32MP257FAK3, STM32MP257FAL3, STM32N645A0H3Q, STM32N645B0H3Q, STM32N645I0H3Q, STM32N645L0H3Q, STM32N645X0H3Q, STM32N645Z0H3Q, STM32N647A0H3Q, STM32N647B0H3Q, STM32N647I0H3Q, STM32N647L0H3Q, STM32N647X0H3Q, STM32N647Z0H3Q, STM32N655A0H3Q, STM32N655B0H3Q, STM32N655I0H3Q, STM32N655L0H3Q, STM32N655X0H3Q, STM32N655Z0H3Q, STM32N6570-DK, STM32N657A0H3Q, STM32N657B0H3Q, STM32N657I0H3Q, STM32N657L0H3Q, STM32N657X0H3Q, STM32N657Z0H3Q, STM32U031C6T6, STM32U031C6U6, STM32U031C8T6, STM32U031C8U6, STM32U031F4P6, STM32U031F6P6, STM32U031F8P6, STM32U031G6Y6TR, STM32U031G8Y6TR, STM32U031K4U6, STM32U031K6U6, STM32U031K8U6, STM32U031R6I6, STM32U031R6T6, STM32U031R8I6, STM32U031R8T6, STM32U073C8T6, STM32U073C8U6, STM32U073CBT6, STM32U073CBU6, STM32U073CCT6, STM32U073CCU6, STM32U073H8Y6TR, STM32U073HBY6TR, STM32U073HCY6TR, STM32U073K8U6, STM32U073KBU6, STM32U073KCU6, STM32U073M8I6, STM32U073M8T6, STM32U073MBI6, STM32U073MBT6, STM32U073MCI6, STM32U073MCT6, STM32U073R8I6, STM32U073R8T6, STM32U073RBI6, STM32U073RBT6, STM32U073RCI6, STM32U073RCT6, STM32U083C-DK, STM32U083CCT6, STM32U083CCU6, STM32U083HCY6TR, STM32U083KCU6, STM32U083MCI6, STM32U083MCT6, STM32U083RCI6, STM32U083RCT6, STM32U375CET6, STM32U375CET6Q, STM32U375CEU6, STM32U375CEU6Q, STM32U375CEY6QTR, STM32U375CGT6, STM32U375CGT6Q, STM32U375CGU6, STM32U375CGU6Q, STM32U375CGY6QTR, STM32U375KEU6, STM32U375KGU6, STM32U375REI6, STM32U375REI6Q, STM32U375RET6, STM32U375RET6Q, STM32U375REY6GTR, STM32U375REY6QTR, STM32U375RGI6, STM32U375RGI6Q, STM32U375RGT6, STM32U375RGT6Q, STM32U375RGY6GTR, STM32U375RGY6QTR, STM32U375VEI6, STM32U375VEI6Q, STM32U375VET6, STM32U375VET6Q, STM32U375VGI6, STM32U375VGI6Q, STM32U375VGT6, STM32U375VGT6Q, STM32U385CGT6, STM32U385CGT6Q, STM32U385CGU6, STM32U385CGU6Q, STM32U385CGY6QTR, STM32U385KGU6, STM32U385RGI6, STM32U385RGI6Q, STM32U385RGT6, STM32U385RGT6Q, STM32U385RGY6GTR, STM32U385RGY6QTR, STM32U385VGI6, STM32U385VGI6Q, STM32U385VGT6, STM32U385VGT6Q, STM32U535CBT6, STM32U535CBT6Q, STM32U535CBU6, STM32U535CBU6Q, STM32U535CCT6, STM32U535CCT6Q, STM32U535CCU6, STM32U535CCU6Q, STM32U535CET6, STM32U535CET6Q, STM32U535CEU6, STM32U535CEU6Q, STM32U535JEY6QTR, STM32U535NCY6QTR, STM32U535NEY6QTR, STM32U535RBI6, STM32U535RBI6Q, STM32U535RBT6, STM32U535RBT6Q, STM32U535RCI6, STM32U535RCI6Q, STM32U535RCT6, STM32U535RCT6Q, STM32U535REI6, STM32U535REI6Q, STM32U535RET6, STM32U535RET6Q, STM32U535VCI6, STM32U535VCI6Q, STM32U535VCT6, STM32U535VCT6Q, STM32U535VEI6, STM32U535VEI6Q, STM32U535VET6, STM32U535VET6Q, STM32U545CET6, STM32U545CET6Q, STM32U545CEU6, STM32U545CEU6Q, STM32U545JEY6QTR, STM32U545NEY6QTR, STM32U545REI6, STM32U545REI6Q, STM32U545RET6, STM32U545RET6Q, STM32U545VEI6, STM32U545VEI6Q, STM32U545VET6, STM32U545VET6Q, STM32U595AIH6, STM32U595AIH6Q, STM32U595AJH6, STM32U595AJH6Q, STM32U595QII6, STM32U595QII6Q, STM32U595QJI6, STM32U595QJI6Q, STM32U595RIT6, STM32U595RIT6Q, STM32U595RJT6, STM32U595RJT6Q, STM32U595VIT6, STM32U595VIT6Q, STM32U595VJT6, STM32U595VJT6Q, STM32U595ZIT6, STM32U595ZIT6Q, STM32U595ZIY6QTR, STM32U595ZJT6, STM32U595ZJT6Q, STM32U595ZJY6QTR, STM32U599BJY6QTR, STM32U599NIH6Q, STM32U599NJH6Q, STM32U599VIT6Q, STM32U599VJT6, STM32U599VJT6Q, STM32U599ZIT6Q, STM32U599ZIY6QTR, STM32U599ZJT6Q, STM32U599ZJY6QTR, STM32U5A5AJH6, STM32U5A5AJH6Q, STM32U5A5QII3Q , STM32U5A5QJI6, STM32U5A5QJI6Q, STM32U5A5RJT6, STM32U5A5RJT6Q, STM32U5A5VJT6, STM32U5A5VJT6Q, STM32U5A5ZJT6, STM32U5A5ZJT6Q, STM32U5A5ZJY6QTR, STM32U5A9BJY6QTR, STM32U5A9J-DK, STM32U5A9NJH6Q, STM32U5A9VJT6Q, STM32U5A9ZJT6Q, STM32U5A9ZJY6QTR, STM32U5F7VIT6, STM32U5F7VIT6Q, STM32U5F7VJT6, STM32U5F7VJT6Q, STM32U5F9BJY6QTR, STM32U5F9NJH6Q, STM32U5F9VIT6Q, STM32U5F9VJT6Q, STM32U5F9ZIJ6QTR, STM32U5F9ZIT6Q, STM32U5F9ZJJ6QTR, STM32U5F9ZJT6Q, STM32U5G7VJT6, STM32U5G7VJT6Q, STM32U5G9BJY6QTR, STM32U5G9J-DK1, STM32U5G9J-DK2, STM32U5G9NJH6Q, STM32U5G9VJT6Q, STM32U5G9ZJJ6QTR, STM32U5G9ZJT6Q, STM32WB05KZV6TR, STM32WB05KZV7TR, STM32WB05TZF6TR, STM32WB05TZF7TR, STM32WB06CCF6TR, STM32WB06CCF7TR, STM32WB06CCV6TR, STM32WB06CCV7TR, STM32WB06KCV6TR, STM32WB06KCV7TR, STM32WB07CCF6TR, STM32WB07CCF7TR, STM32WB07CCV6TR, STM32WB07CCV7TR, STM32WB07KCV6TR, STM32WB07KCV7TR, STM32WB09KEV6TR, STM32WB09KEV7TR, STM32WB09TEF6TR, STM32WB09TEF7TR, STM32WB1MMCH6, STM32WBA50KGU6, STM32WBA50KGU6TR, STM32WBA52CEU6, STM32WBA52CEU6TR, STM32WBA52CEU7, STM32WBA52CEU7TR, STM32WBA52CGU6, STM32WBA52CGU6TR, STM32WBA52CGU6U, STM32WBA52CGU7, STM32WBA52CGU7TR, STM32WBA52KEU6, STM32WBA52KEU6TR, STM32WBA52KGU6, STM32WBA52KGU6TR, STM32WBA54CEU6, STM32WBA54CEU6TR, STM32WBA54CEU7, STM32WBA54CEU7TR, STM32WBA54CGU6, STM32WBA54CGU6TR, STM32WBA54CGU7, STM32WBA54CGU7TR, STM32WBA54KEU6, STM32WBA54KEU6TR, STM32WBA54KEU7, STM32WBA54KEU7TR, STM32WBA54KGU6, STM32WBA54KGU6TR, STM32WBA54KGU7, STM32WBA54KGU7TR, STM32WBA55CEU6, STM32WBA55CEU6TR, STM32WBA55CEU7, STM32WBA55CEU7TR, STM32WBA55CGU6, STM32WBA55CGU6TR, STM32WBA55CGU6U, STM32WBA55CGU7, STM32WBA55CGU7TR, STM32WBA55G-DK1, STM32WBA55HEF6, STM32WBA55HEF7, STM32WBA55HGF6, STM32WBA55HGF7, STM32WBA55UEI6, STM32WBA55UEI6TR, STM32WBA55UEI7, STM32WBA55UEI7TR, STM32WBA55UGI6, STM32WBA55UGI6TR, STM32WBA55UGI7, STM32WBA55UGI7TR, STM32WBA5MJGH6TR, STM32WBA5MJGH6U, STM32WL33C8V6, STM32WL33C8V6TR, STM32WL33C8V7, STM32WL33C8V7TR, STM32WL33CBV6, STM32WL33CBV6TR, STM32WL33CBV7, STM32WL33CBV7TR, STM32WL33CCV6, STM32WL33CCV6TR, STM32WL33CCV7, STM32WL33CCV7A, STM32WL33CCV7ATR, STM32WL33CCV7TR, STM32WL33K8V6, STM32WL33K8V6TR, STM32WL33K8V7, STM32WL33K8V7TR, STM32WL33KBV6, STM32WL33KBV6TR, STM32WL33KBV7, STM32WL33KBV7TR, STM32WL33KCV6, STM32WL33KCV6TR, STM32WL33KCV7, STM32WL33KCV7TR, STM32WL5MOCH6, STM32WL5MOCH6TR]
2024-12-22 18:43:58,612 [INFO] DbMcus:218 - Found 4542 MCUs, 4542 are supported
2024-12-22 18:43:58,613 [INFO] ApiDb:423 - Load user favorites file C:\Users\o1yus/.stm32cubeide/favorites.mcus.txt: 0 item(s)
2024-12-22 18:43:58,613 [INFO] ApiDb:427 - User favorites MCUs=[]
2024-12-22 18:43:58,613 [INFO] DbMcus:224 - Set 0 / 0 favorites MCUs
2024-12-22 18:43:58,880 [INFO] ApiDb:423 - Load user favorites file C:\Users\o1yus/.stm32cubeide/favorites.boards.txt: 0 item(s)
2024-12-22 18:43:58,880 [INFO] ApiDb:427 - User favorites Boards=[]
2024-12-22 18:43:58,881 [INFO] DbBoards:198 - Set 0 / 0 favorites Boards
2024-12-22 18:43:58,935 [INFO] UtilMem:75 - End LoadConfig() Used Memory: 814754456 Bytes (1005584384)
2024-12-22 18:43:59,026 [WARN] ThirdParty:833 - waiting for thirdparty lock release [change project]
2024-12-22 18:43:59,027 [INFO] ThirdParty:835 - entering critical section [change project]
2024-12-22 18:43:59,027 [INFO] ThirdParty:1030 - CMSIS Pack Vendor :STMicroelectronics USBPD 4.1
2024-12-22 18:43:59,027 [INFO] ThirdParty:1030 - CMSIS Pack Vendor :STMicroelectronics X-CUBE-AZRTOS-H7 3.3.0
2024-12-22 18:43:59,027 [INFO] ThirdParty:1030 - CMSIS Pack Vendor :STMicroelectronics X-CUBE-NFC9 1.0.0
2024-12-22 18:43:59,027 [INFO] ThirdParty:1030 - CMSIS Pack Vendor :STMicroelectronics USB_HOST 2.0.0
2024-12-22 18:43:59,027 [INFO] ThirdParty:1030 - CMSIS Pack Vendor :STMicroelectronics FP-SNS-MOTENVWB1 1.4.0
2024-12-22 18:43:59,027 [INFO] ThirdParty:1030 - CMSIS Pack Vendor :STMicroelectronics X-CUBE-AZRTOS-F4 1.1.0
2024-12-22 18:43:59,027 [INFO] ThirdParty:1030 - CMSIS Pack Vendor :STMicroelectronics LIBJPEG 8.0.0
2024-12-22 18:43:59,027 [INFO] ThirdParty:1030 - CMSIS Pack Vendor :STMicroelectronics FP-ATR-ASTRA1 2.0.1
2024-12-22 18:43:59,027 [INFO] ThirdParty:1030 - CMSIS Pack Vendor :STMicroelectronics X-CUBE-SMBUS 2.1.0
2024-12-22 18:43:59,027 [INFO] ThirdParty:1030 - CMSIS Pack Vendor :STMicroelectronics X-CUBE-WB05N 1.1.0
2024-12-22 18:43:59,027 [INFO] ThirdParty:1030 - CMSIS Pack Vendor :STMicroelectronics USB_DEVICE 3.0.0
2024-12-22 18:43:59,027 [INFO] ThirdParty:1030 - CMSIS Pack Vendor :STMicroelectronics X-CUBE-ISPU 2.1.0
2024-12-22 18:43:59,027 [INFO] ThirdParty:1030 - CMSIS Pack Vendor :STMicroelectronics X-CUBE-IPS 3.0.0
2024-12-22 18:43:59,027 [INFO] ThirdParty:1030 - CMSIS Pack Vendor :STMicroelectronics X-CUBE-AZRTOS-WB 2.0.0
2024-12-22 18:43:59,027 [INFO] ThirdParty:1030 - CMSIS Pack Vendor :STMicroelectronics X-CUBE-GNSS1 7.0.0
2024-12-22 18:43:59,027 [INFO] ThirdParty:1030 - CMSIS Pack Vendor :STMicroelectronics X-CUBE-GNSS1 7.0.1
2024-12-22 18:43:59,027 [INFO] ThirdParty:1030 - CMSIS Pack Vendor :STMicroelectronics X-CUBE-AZRTOS-F7 1.1.0
2024-12-22 18:43:59,027 [INFO] ThirdParty:1030 - CMSIS Pack Vendor :STMicroelectronics X-CUBE-AZRTOS-L5 2.0.0
2024-12-22 18:43:59,027 [INFO] ThirdParty:1030 - CMSIS Pack Vendor :STMicroelectronics USB_DEVICE 2.0.0
2024-12-22 18:43:59,027 [INFO] ThirdParty:1030 - CMSIS Pack Vendor :STMicroelectronics X-CUBE-NFC6 3.1.0
2024-12-22 18:43:59,027 [INFO] ThirdParty:1030 - CMSIS Pack Vendor :STMicroelectronics FP-SNS-STBOX1 2.0.0
2024-12-22 18:43:59,027 [INFO] ThirdParty:1030 - CMSIS Pack Vendor :STMicroelectronics X-CUBE-MEMS1 11.0.0
2024-12-22 18:43:59,027 [INFO] ThirdParty:1030 - CMSIS Pack Vendor :STMicroelectronics FreeRTOS 0.0.1
2024-12-22 18:43:59,027 [INFO] ThirdParty:1030 - CMSIS Pack Vendor :STMicroelectronics X-CUBE-AZRTOS-G0 1.1.0
2024-12-22 18:43:59,027 [INFO] ThirdParty:1030 - CMSIS Pack Vendor :STMicroelectronics X-CUBE-SAFEA1 1.2.2
2024-12-22 18:43:59,027 [INFO] ThirdParty:1030 - CMSIS Pack Vendor :STMicroelectronics X-CUBE-NFC4 3.0.0
2024-12-22 18:43:59,027 [INFO] ThirdParty:1030 - CMSIS Pack Vendor :STMicroelectronics X-CUBE-DPower 1.2.0
2024-12-22 18:43:59,027 [INFO] ThirdParty:1030 - CMSIS Pack Vendor :STMicroelectronics X-CUBE-SUBG2 5.0.0
2024-12-22 18:43:59,027 [INFO] ThirdParty:1030 - CMSIS Pack Vendor :STMicroelectronics STM32_WPAN 1.0.0
2024-12-22 18:43:59,027 [INFO] ThirdParty:1030 - CMSIS Pack Vendor :EmbeddedOffice I-CUBE-FS-RTOS 1.0.1
2024-12-22 18:43:59,027 [INFO] ThirdParty:1030 - CMSIS Pack Vendor :STMicroelectronics lwIP 2.0.3
2024-12-22 18:43:59,027 [INFO] ThirdParty:1030 - CMSIS Pack Vendor :STMicroelectronics FP-SNS-FLIGHT1 5.0.2
2024-12-22 18:43:59,027 [INFO] ThirdParty:1030 - CMSIS Pack Vendor :Cesanta I-CUBE-Mongoose 7.13.0
2024-12-22 18:43:59,027 [INFO] ThirdParty:1030 - CMSIS Pack Vendor :STMicroelectronics USB_HOST 1.0.0
2024-12-22 18:43:59,028 [INFO] ThirdParty:1030 - CMSIS Pack Vendor :Infineon AIROC-Wi-Fi-Bluetooth-STM32 1.7.0
2024-12-22 18:43:59,028 [INFO] ThirdParty:1030 - CMSIS Pack Vendor :STMicroelectronics X-CUBE-AZRTOS-G4 2.0.0
2024-12-22 18:43:59,028 [INFO] ThirdParty:1030 - CMSIS Pack Vendor :STMicroelectronics PDM2PCM 3.1.0
2024-12-22 18:43:59,028 [INFO] ThirdParty:1030 - CMSIS Pack Vendor :STMicroelectronics PDM2PCM 3.3.0
2024-12-22 18:43:59,028 [INFO] ThirdParty:1030 - CMSIS Pack Vendor :STMicroelectronics X-CUBE-DISPLAY 3.0.0
2024-12-22 18:43:59,028 [INFO] ThirdParty:1030 - CMSIS Pack Vendor :STMicroelectronics X-CUBE-TCPP 4.2.0
2024-12-22 18:43:59,028 [INFO] ThirdParty:1030 - CMSIS Pack Vendor :RealThread X-CUBE-RT-Thread_Nano 4.1.1
2024-12-22 18:43:59,028 [INFO] ThirdParty:1030 - CMSIS Pack Vendor :STMicroelectronics X-CUBE-BLE1 7.0.0
2024-12-22 18:43:59,028 [INFO] ThirdParty:1030 - CMSIS Pack Vendor :STMicroelectronics FP-ATR-SIGFOX1 3.2.0
2024-12-22 18:43:59,028 [INFO] ThirdParty:1030 - CMSIS Pack Vendor :STMicroelectronics X-CUBE-NFC10 1.0.0
2024-12-22 18:43:59,028 [INFO] ThirdParty:1030 - CMSIS Pack Vendor :quantropi X-CUBE-qispace-sdk-base 1.9.3
2024-12-22 18:43:59,028 [INFO] ThirdParty:1030 - CMSIS Pack Vendor :STMicroelectronics X-CUBE-BLEMGR 4.0.0
2024-12-22 18:43:59,028 [INFO] ThirdParty:1030 - CMSIS Pack Vendor :STMicroelectronics X-CUBE-EEPRMA1 5.1.0
2024-12-22 18:43:59,028 [INFO] ThirdParty:1030 - CMSIS Pack Vendor :STMicroelectronics HAL Drivers 0.0.0
2024-12-22 18:43:59,029 [INFO] ThirdParty:1030 - CMSIS Pack Vendor :STMicroelectronics MBEDTLS 2.16.2
2024-12-22 18:43:59,029 [INFO] ThirdParty:1030 - CMSIS Pack Vendor :STMicroelectronics X-CUBE-ALS 1.0.2
2024-12-22 18:43:59,029 [INFO] ThirdParty:1030 - CMSIS Pack Vendor :emotas I-CUBE-CANOPEN 1.3.0
2024-12-22 18:43:59,029 [INFO] ThirdParty:1030 - CMSIS Pack Vendor :STMicroelectronics X-CUBE-FREERTOS 1.3.0
2024-12-22 18:43:59,029 [INFO] ThirdParty:1030 - CMSIS Pack Vendor :wolfSSL I-CUBE-wolfSSL 5.7.4
2024-12-22 18:43:59,029 [INFO] ThirdParty:1030 - CMSIS Pack Vendor :STMicroelectronics X-CUBE-NFC7 1.0.1
2024-12-22 18:43:59,029 [INFO] ThirdParty:1030 - CMSIS Pack Vendor :STMicroelectronics MBEDTLS 2.14.1
2024-12-22 18:43:59,029 [INFO] ThirdParty:1030 - CMSIS Pack Vendor :ITTIA_DB I-CUBE-ITTIADB 8.9.0
2024-12-22 18:43:59,029 [INFO] ThirdParty:1030 - CMSIS Pack Vendor :STMicroelectronics X-CUBE-TOUCHGFX 4.24.1
2024-12-22 18:43:59,029 [INFO] ThirdParty:1030 - CMSIS Pack Vendor :wolfSSL I-CUBE-wolfTPM 3.4.0
2024-12-22 18:43:59,029 [INFO] ThirdParty:1030 - CMSIS Pack Vendor :portGmbH I-Cube-SoM-uGOAL 1.1.0
2024-12-22 18:43:59,029 [INFO] ThirdParty:1030 - CMSIS Pack Vendor :STMicroelectronics ThreadX 1.0.0
2024-12-22 18:43:59,029 [INFO] ThirdParty:1030 - CMSIS Pack Vendor :STMicroelectronics FP-SNS-SMARTAG2 1.2.0
2024-12-22 18:43:59,029 [INFO] ThirdParty:1030 - CMSIS Pack Vendor :STMicroelectronics X-CUBE-MEMS1 11.1.0
2024-12-22 18:43:59,029 [INFO] ThirdParty:1030 - CMSIS Pack Vendor :STMicroelectronics X-CUBE-AZRTOS-WL 2.0.0
2024-12-22 18:43:59,029 [INFO] ThirdParty:1030 - CMSIS Pack Vendor :SEGGER I-CUBE-embOS 1.3.1
2024-12-22 18:43:59,029 [INFO] ThirdParty:1030 - CMSIS Pack Vendor :STMicroelectronics X-CUBE-ALGOBUILD 1.4.0
2024-12-22 18:43:59,029 [INFO] ThirdParty:1030 - CMSIS Pack Vendor :STMicroelectronics FP-SNS-MOTENV1 5.0.0
2024-12-22 18:43:59,029 [INFO] ThirdParty:1030 - CMSIS Pack Vendor :STMicroelectronics USB_DEVICE 1.0.0
2024-12-22 18:43:59,029 [INFO] ThirdParty:1030 - CMSIS Pack Vendor :STMicroelectronics X-CUBE-AZRTOS-H7RS 1.0.0
2024-12-22 18:43:59,029 [INFO] ThirdParty:1030 - CMSIS Pack Vendor :wolfSSL I-CUBE-wolfMQTT 1.19.0
2024-12-22 18:43:59,029 [INFO] ThirdParty:1030 - CMSIS Pack Vendor :STMicroelectronics X-CUBE-AZRTOS-L4 2.0.0
2024-12-22 18:43:59,029 [INFO] ThirdParty:1030 - CMSIS Pack Vendor :STMicroelectronics ThreadX 0.0.2
2024-12-22 18:43:59,029 [INFO] ThirdParty:1030 - CMSIS Pack Vendor :WES I-CUBE-Cesium 1.3.0
2024-12-22 18:43:59,029 [INFO] ThirdParty:1030 - CMSIS Pack Vendor :STMicroelectronics lwIP 2.1.2
2024-12-22 18:43:59,029 [INFO] ThirdParty:1030 - CMSIS Pack Vendor :STMicroelectronics X-CUBE-SFXS2LP1 4.0.0
2024-12-22 18:43:59,029 [INFO] ThirdParty:1030 - CMSIS Pack Vendor :STMicroelectronics X-CUBE-BLE2 3.3.0
2024-12-22 18:43:59,029 [INFO] ThirdParty:1030 - CMSIS Pack Vendor :STMicroelectronics X-CUBE-TOF1 3.4.2
2024-12-22 18:43:59,029 [INFO] ThirdParty:1030 - CMSIS Pack Vendor :STMicroelectronics X-CUBE-AI 9.1.0
2024-12-22 18:43:59,029 [INFO] ThirdParty:1030 - CMSIS Pack Vendor :STMicroelectronics PDM2PCM 3.2.0
2024-12-22 18:43:59,029 [INFO] ThirdParty:1030 - CMSIS Pack Vendor :wolfSSL I-CUBE-wolfSSH 1.4.17
2024-12-22 18:43:59,029 [INFO] ThirdParty:841 - exiting critical section [change project]
2024-12-22 18:43:59,248 [INFO] PinOutPanel:1589 - setPackage(No Configuration,No Configuration)
2024-12-22 18:43:59,252 [INFO] PinOutPanel:1589 - setPackage(STM32F103C8Tx,LQFP48)
2024-12-22 18:43:59,509 [ERROR] LogOutputStream:75 - [STDERR_REDIRECT] [Fatal Error] :1:1: Premature end of file.
2024-12-22 18:43:59,510 [ERROR] LogOutputStream:75 - [STDERR_REDIRECT] 
2024-12-22 18:43:59,650 [INFO] UtilMem:75 - Before build in PCC Used Memory: 621283328 Bytes (1031798784)
2024-12-22 18:44:00,508 [ERROR] LogOutputStream:75 - [STDERR_REDIRECT] [Fatal Error] :1:1: Premature end of file.
2024-12-22 18:44:00,508 [ERROR] LogOutputStream:75 - [STDERR_REDIRECT] 
2024-12-22 18:44:00,532 [INFO] UtilMem:75 - After build in PCC Used Memory: 678428672 Bytes (1031798784)
2024-12-22 18:44:00,557 [INFO] IPUIPlugin:80 - create IPUIPlugin
2024-12-22 18:44:00,557 [INFO] IPUIPlugin:80 - create IPUIPlugin
2024-12-22 18:44:00,557 [INFO] IPUIPlugin:80 - create IPUIPlugin
2024-12-22 18:44:00,557 [INFO] IPUIPlugin:80 - create IPUIPlugin
2024-12-22 18:44:00,557 [INFO] IPUIPlugin:80 - create IPUIPlugin
2024-12-22 18:44:00,557 [INFO] IPUIPlugin:80 - create IPUIPlugin
2024-12-22 18:44:00,557 [INFO] IPUIPlugin:80 - create IPUIPlugin
2024-12-22 18:44:00,558 [INFO] IPUIPlugin:80 - create IPUIPlugin
2024-12-22 18:44:00,558 [INFO] IPUIPlugin:80 - create IPUIPlugin
2024-12-22 18:44:00,558 [INFO] IPUIPlugin:80 - create IPUIPlugin
2024-12-22 18:44:00,558 [INFO] IPUIPlugin:80 - create IPUIPlugin
2024-12-22 18:44:00,558 [INFO] IPUIPlugin:80 - create IPUIPlugin
2024-12-22 18:44:00,558 [INFO] IPUIPlugin:80 - create IPUIPlugin
2024-12-22 18:44:00,558 [INFO] IPUIPlugin:80 - create IPUIPlugin
2024-12-22 18:44:00,558 [INFO] IPUIPlugin:80 - create IPUIPlugin
2024-12-22 18:44:00,558 [INFO] IPUIPlugin:80 - create IPUIPlugin
2024-12-22 18:44:00,558 [INFO] IPUIPlugin:80 - create IPUIPlugin
2024-12-22 18:44:00,558 [INFO] IPUIPlugin:80 - create IPUIPlugin
2024-12-22 18:44:00,558 [INFO] IPUIPlugin:80 - create IPUIPlugin
2024-12-22 18:44:00,558 [INFO] IPUIPlugin:80 - create IPUIPlugin
2024-12-22 18:44:00,558 [INFO] IPUIPlugin:80 - create IPUIPlugin
2024-12-22 18:44:00,559 [INFO] IPUIPlugin:80 - create IPUIPlugin
2024-12-22 18:44:00,559 [INFO] IPUIPlugin:80 - create IPUIPlugin
2024-12-22 18:44:00,559 [INFO] IPUIPlugin:80 - create IPUIPlugin
2024-12-22 18:44:00,559 [INFO] IPUIPlugin:80 - create IPUIPlugin
2024-12-22 18:44:00,559 [INFO] IPUIPlugin:80 - create IPUIPlugin
2024-12-22 18:44:00,559 [INFO] IPUIPlugin:80 - create IPUIPlugin
2024-12-22 18:44:00,746 [INFO] CADModel:165 - CPN selected for project levelSTM32F103C8T6
2024-12-22 18:44:00,746 [INFO] CADModel:114 - Register for checkConnection events
2024-12-22 18:44:00,796 [INFO] OpenFileManager:363 - Restore cursor
2024-12-22 18:44:01,503 [ERROR] LogOutputStream:75 - [STDERR_REDIRECT] [Fatal Error] :1:1: Premature end of file.
2024-12-22 18:44:01,504 [ERROR] LogOutputStream:75 - [STDERR_REDIRECT] 
2024-12-22 18:44:02,503 [ERROR] LogOutputStream:75 - [STDERR_REDIRECT] [Fatal Error] :1:1: Premature end of file.
2024-12-22 18:44:02,504 [ERROR] LogOutputStream:75 - [STDERR_REDIRECT] 
2024-12-22 18:44:03,502 [ERROR] LogOutputStream:75 - [STDERR_REDIRECT] [Fatal Error] :1:1: Premature end of file.
2024-12-22 18:44:03,502 [ERROR] LogOutputStream:75 - [STDERR_REDIRECT] 
2024-12-22 18:44:04,501 [ERROR] LogOutputStream:75 - [STDERR_REDIRECT] [Fatal Error] :1:1: Premature end of file.
2024-12-22 18:44:04,501 [ERROR] LogOutputStream:75 - [STDERR_REDIRECT] 
2024-12-22 18:44:05,503 [ERROR] LogOutputStream:75 - [STDERR_REDIRECT] [Fatal Error] :1:1: Premature end of file.
2024-12-22 18:44:05,503 [ERROR] LogOutputStream:75 - [STDERR_REDIRECT] 
2024-12-22 18:44:06,501 [ERROR] LogOutputStream:75 - [STDERR_REDIRECT] [Fatal Error] :1:1: Premature end of file.
2024-12-22 18:44:06,501 [ERROR] LogOutputStream:75 - [STDERR_REDIRECT] 
2024-12-22 18:44:07,503 [ERROR] LogOutputStream:75 - [STDERR_REDIRECT] [Fatal Error] :1:1: Premature end of file.
2024-12-22 18:44:07,503 [ERROR] LogOutputStream:75 - [STDERR_REDIRECT] 
2024-12-22 18:44:08,506 [ERROR] LogOutputStream:75 - [STDERR_REDIRECT] [Fatal Error] :1:1: Premature end of file.
2024-12-22 18:44:08,507 [ERROR] LogOutputStream:75 - [STDERR_REDIRECT] 
2024-12-22 18:44:09,502 [ERROR] LogOutputStream:75 - [STDERR_REDIRECT] [Fatal Error] :1:1: Premature end of file.
2024-12-22 18:44:09,502 [ERROR] LogOutputStream:75 - [STDERR_REDIRECT] 
2024-12-22 18:44:10,502 [ERROR] LogOutputStream:75 - [STDERR_REDIRECT] [Fatal Error] :1:1: Premature end of file.
2024-12-22 18:44:10,502 [ERROR] LogOutputStream:75 - [STDERR_REDIRECT] 
2024-12-22 18:44:11,502 [ERROR] LogOutputStream:75 - [STDERR_REDIRECT] [Fatal Error] :1:1: Premature end of file.
2024-12-22 18:44:11,502 [ERROR] LogOutputStream:75 - [STDERR_REDIRECT] 
2024-12-22 18:44:12,501 [ERROR] LogOutputStream:75 - [STDERR_REDIRECT] [Fatal Error] :1:1: Premature end of file.
2024-12-22 18:44:12,501 [ERROR] LogOutputStream:75 - [STDERR_REDIRECT] 
2024-12-22 18:44:13,503 [ERROR] LogOutputStream:75 - [STDERR_REDIRECT] [Fatal Error] :1:1: Premature end of file.
2024-12-22 18:44:13,503 [ERROR] LogOutputStream:75 - [STDERR_REDIRECT] 
2024-12-22 18:44:14,502 [ERROR] LogOutputStream:75 - [STDERR_REDIRECT] [Fatal Error] :1:1: Premature end of file.
2024-12-22 18:44:14,502 [ERROR] LogOutputStream:75 - [STDERR_REDIRECT] 
2024-12-22 18:44:15,503 [ERROR] LogOutputStream:75 - [STDERR_REDIRECT] [Fatal Error] :1:1: Premature end of file.
2024-12-22 18:44:15,503 [ERROR] LogOutputStream:75 - [STDERR_REDIRECT] 
2024-12-22 18:44:16,502 [ERROR] LogOutputStream:75 - [STDERR_REDIRECT] [Fatal Error] :1:1: Premature end of file.
2024-12-22 18:44:16,502 [ERROR] LogOutputStream:75 - [STDERR_REDIRECT] 
2024-12-22 18:44:17,503 [ERROR] LogOutputStream:75 - [STDERR_REDIRECT] [Fatal Error] :1:1: Premature end of file.
2024-12-22 18:44:17,503 [ERROR] LogOutputStream:75 - [STDERR_REDIRECT] 
2024-12-22 18:44:18,502 [ERROR] LogOutputStream:75 - [STDERR_REDIRECT] [Fatal Error] :1:1: Premature end of file.
2024-12-22 18:44:18,502 [ERROR] LogOutputStream:75 - [STDERR_REDIRECT] 
2024-12-22 18:44:19,502 [ERROR] LogOutputStream:75 - [STDERR_REDIRECT] [Fatal Error] :1:1: Premature end of file.
2024-12-22 18:44:19,503 [ERROR] LogOutputStream:75 - [STDERR_REDIRECT] 
2024-12-22 18:44:20,502 [ERROR] LogOutputStream:75 - [STDERR_REDIRECT] [Fatal Error] :1:1: Premature end of file.
2024-12-22 18:44:20,502 [ERROR] LogOutputStream:75 - [STDERR_REDIRECT] 
2024-12-22 18:44:21,507 [ERROR] LogOutputStream:75 - [STDERR_REDIRECT] [Fatal Error] :1:1: Premature end of file.
2024-12-22 18:44:21,507 [ERROR] LogOutputStream:75 - [STDERR_REDIRECT] 
2024-12-22 18:44:22,501 [ERROR] LogOutputStream:75 - [STDERR_REDIRECT] [Fatal Error] :1:1: Premature end of file.
2024-12-22 18:44:22,502 [ERROR] LogOutputStream:75 - [STDERR_REDIRECT] 
2024-12-22 18:44:23,504 [ERROR] LogOutputStream:75 - [STDERR_REDIRECT] [Fatal Error] :1:1: Premature end of file.
2024-12-22 18:44:23,504 [ERROR] LogOutputStream:75 - [STDERR_REDIRECT] 
2024-12-22 18:44:24,503 [ERROR] LogOutputStream:75 - [STDERR_REDIRECT] [Fatal Error] :1:1: Premature end of file.
2024-12-22 18:44:24,503 [ERROR] LogOutputStream:75 - [STDERR_REDIRECT] 
2024-12-22 18:44:25,502 [ERROR] LogOutputStream:75 - [STDERR_REDIRECT] [Fatal Error] :1:1: Premature end of file.
2024-12-22 18:44:25,502 [ERROR] LogOutputStream:75 - [STDERR_REDIRECT] 
2024-12-22 18:44:26,503 [ERROR] LogOutputStream:75 - [STDERR_REDIRECT] [Fatal Error] :1:1: Premature end of file.
2024-12-22 18:44:26,503 [ERROR] LogOutputStream:75 - [STDERR_REDIRECT] 
2024-12-22 18:44:27,505 [ERROR] LogOutputStream:75 - [STDERR_REDIRECT] [Fatal Error] :1:1: Premature end of file.
2024-12-22 18:44:27,505 [ERROR] LogOutputStream:75 - [STDERR_REDIRECT] 
2024-12-22 18:44:28,504 [ERROR] LogOutputStream:75 - [STDERR_REDIRECT] [Fatal Error] :1:1: Premature end of file.
2024-12-22 18:44:28,504 [ERROR] LogOutputStream:75 - [STDERR_REDIRECT] 
2024-12-22 18:44:29,505 [ERROR] LogOutputStream:75 - [STDERR_REDIRECT] [Fatal Error] :1:1: Premature end of file.
2024-12-22 18:44:29,506 [ERROR] LogOutputStream:75 - [STDERR_REDIRECT] 
2024-12-22 18:44:30,504 [ERROR] LogOutputStream:75 - [STDERR_REDIRECT] [Fatal Error] :1:1: Premature end of file.
2024-12-22 18:44:30,504 [ERROR] LogOutputStream:75 - [STDERR_REDIRECT] 
2024-12-22 18:44:31,503 [ERROR] LogOutputStream:75 - [STDERR_REDIRECT] [Fatal Error] :1:1: Premature end of file.
2024-12-22 18:44:31,503 [ERROR] LogOutputStream:75 - [STDERR_REDIRECT] 
2024-12-22 18:44:32,503 [ERROR] LogOutputStream:75 - [STDERR_REDIRECT] [Fatal Error] :1:1: Premature end of file.
2024-12-22 18:44:32,504 [ERROR] LogOutputStream:75 - [STDERR_REDIRECT] 
2024-12-22 18:44:33,502 [ERROR] LogOutputStream:75 - [STDERR_REDIRECT] [Fatal Error] :1:1: Premature end of file.
2024-12-22 18:44:33,502 [ERROR] LogOutputStream:75 - [STDERR_REDIRECT] 
2024-12-22 18:44:34,504 [ERROR] LogOutputStream:75 - [STDERR_REDIRECT] [Fatal Error] :1:1: Premature end of file.
2024-12-22 18:44:34,505 [ERROR] LogOutputStream:75 - [STDERR_REDIRECT] 
2024-12-22 18:44:35,505 [ERROR] LogOutputStream:75 - [STDERR_REDIRECT] [Fatal Error] :1:1: Premature end of file.
2024-12-22 18:44:35,505 [ERROR] LogOutputStream:75 - [STDERR_REDIRECT] 
2024-12-22 18:44:36,505 [ERROR] LogOutputStream:75 - [STDERR_REDIRECT] [Fatal Error] :1:1: Premature end of file.
2024-12-22 18:44:36,506 [ERROR] LogOutputStream:75 - [STDERR_REDIRECT] 
2024-12-22 18:44:37,503 [ERROR] LogOutputStream:75 - [STDERR_REDIRECT] [Fatal Error] :1:1: Premature end of file.
2024-12-22 18:44:37,503 [ERROR] LogOutputStream:75 - [STDERR_REDIRECT] 
2024-12-22 18:44:38,501 [ERROR] LogOutputStream:75 - [STDERR_REDIRECT] [Fatal Error] :1:1: Premature end of file.
2024-12-22 18:44:38,502 [ERROR] LogOutputStream:75 - [STDERR_REDIRECT] 
2024-12-22 18:44:39,501 [ERROR] LogOutputStream:75 - [STDERR_REDIRECT] [Fatal Error] :1:1: Premature end of file.
2024-12-22 18:44:39,502 [ERROR] LogOutputStream:75 - [STDERR_REDIRECT] 
2024-12-22 18:44:40,501 [ERROR] LogOutputStream:75 - [STDERR_REDIRECT] [Fatal Error] :1:1: Premature end of file.
2024-12-22 18:44:40,501 [ERROR] LogOutputStream:75 - [STDERR_REDIRECT] 
2024-12-22 18:44:41,503 [ERROR] LogOutputStream:75 - [STDERR_REDIRECT] [Fatal Error] :1:1: Premature end of file.
2024-12-22 18:44:41,504 [ERROR] LogOutputStream:75 - [STDERR_REDIRECT] 
2024-12-22 18:44:42,504 [ERROR] LogOutputStream:75 - [STDERR_REDIRECT] [Fatal Error] :1:1: Premature end of file.
2024-12-22 18:44:42,504 [ERROR] LogOutputStream:75 - [STDERR_REDIRECT] 
2024-12-22 18:44:43,502 [ERROR] LogOutputStream:75 - [STDERR_REDIRECT] [Fatal Error] :1:1: Premature end of file.
2024-12-22 18:44:43,502 [ERROR] LogOutputStream:75 - [STDERR_REDIRECT] 
2024-12-22 18:44:44,502 [ERROR] LogOutputStream:75 - [STDERR_REDIRECT] [Fatal Error] :1:1: Premature end of file.
2024-12-22 18:44:44,502 [ERROR] LogOutputStream:75 - [STDERR_REDIRECT] 
2024-12-22 18:44:45,504 [ERROR] LogOutputStream:75 - [STDERR_REDIRECT] [Fatal Error] :1:1: Premature end of file.
2024-12-22 18:44:45,504 [ERROR] LogOutputStream:75 - [STDERR_REDIRECT] 
2024-12-22 18:44:46,502 [ERROR] LogOutputStream:75 - [STDERR_REDIRECT] [Fatal Error] :1:1: Premature end of file.
2024-12-22 18:44:46,502 [ERROR] LogOutputStream:75 - [STDERR_REDIRECT] 
2024-12-22 18:44:47,502 [ERROR] LogOutputStream:75 - [STDERR_REDIRECT] [Fatal Error] :1:1: Premature end of file.
2024-12-22 18:44:47,502 [ERROR] LogOutputStream:75 - [STDERR_REDIRECT] 
2024-12-22 18:44:48,501 [ERROR] LogOutputStream:75 - [STDERR_REDIRECT] [Fatal Error] :1:1: Premature end of file.
2024-12-22 18:44:48,501 [ERROR] LogOutputStream:75 - [STDERR_REDIRECT] 
2024-12-22 18:44:49,504 [ERROR] LogOutputStream:75 - [STDERR_REDIRECT] [Fatal Error] :1:1: Premature end of file.
2024-12-22 18:44:49,504 [ERROR] LogOutputStream:75 - [STDERR_REDIRECT] 
2024-12-22 18:44:50,503 [ERROR] LogOutputStream:75 - [STDERR_REDIRECT] [Fatal Error] :1:1: Premature end of file.
2024-12-22 18:44:50,503 [ERROR] LogOutputStream:75 - [STDERR_REDIRECT] 
2024-12-22 18:44:51,504 [ERROR] LogOutputStream:75 - [STDERR_REDIRECT] [Fatal Error] :1:1: Premature end of file.
2024-12-22 18:44:51,504 [ERROR] LogOutputStream:75 - [STDERR_REDIRECT] 
2024-12-22 18:44:52,502 [ERROR] LogOutputStream:75 - [STDERR_REDIRECT] [Fatal Error] :1:1: Premature end of file.
2024-12-22 18:44:52,502 [ERROR] LogOutputStream:75 - [STDERR_REDIRECT] 
2024-12-22 18:44:53,503 [ERROR] LogOutputStream:75 - [STDERR_REDIRECT] [Fatal Error] :1:1: Premature end of file.
2024-12-22 18:44:53,504 [ERROR] LogOutputStream:75 - [STDERR_REDIRECT] 
2024-12-22 18:44:54,502 [ERROR] LogOutputStream:75 - [STDERR_REDIRECT] [Fatal Error] :1:1: Premature end of file.
2024-12-22 18:44:54,502 [ERROR] LogOutputStream:75 - [STDERR_REDIRECT] 
2024-12-22 18:44:55,504 [ERROR] LogOutputStream:75 - [STDERR_REDIRECT] [Fatal Error] :1:1: Premature end of file.
2024-12-22 18:44:55,505 [ERROR] LogOutputStream:75 - [STDERR_REDIRECT] 
2024-12-22 18:44:56,503 [ERROR] LogOutputStream:75 - [STDERR_REDIRECT] [Fatal Error] :1:1: Premature end of file.
2024-12-22 18:44:56,504 [ERROR] LogOutputStream:75 - [STDERR_REDIRECT] 
2024-12-22 18:44:57,502 [ERROR] LogOutputStream:75 - [STDERR_REDIRECT] [Fatal Error] :1:1: Premature end of file.
2024-12-22 18:44:57,502 [ERROR] LogOutputStream:75 - [STDERR_REDIRECT] 
2024-12-22 18:44:58,504 [ERROR] LogOutputStream:75 - [STDERR_REDIRECT] [Fatal Error] :1:1: Premature end of file.
2024-12-22 18:44:58,505 [ERROR] LogOutputStream:75 - [STDERR_REDIRECT] 
2024-12-22 18:44:59,504 [ERROR] LogOutputStream:75 - [STDERR_REDIRECT] [Fatal Error] :1:1: Premature end of file.
2024-12-22 18:44:59,504 [ERROR] LogOutputStream:75 - [STDERR_REDIRECT] 
2024-12-22 18:45:00,503 [ERROR] LogOutputStream:75 - [STDERR_REDIRECT] [Fatal Error] :1:1: Premature end of file.
2024-12-22 18:45:00,503 [ERROR] LogOutputStream:75 - [STDERR_REDIRECT] 
2024-12-22 18:45:01,503 [ERROR] LogOutputStream:75 - [STDERR_REDIRECT] [Fatal Error] :1:1: Premature end of file.
2024-12-22 18:45:01,503 [ERROR] LogOutputStream:75 - [STDERR_REDIRECT] 
2024-12-22 18:45:02,504 [ERROR] LogOutputStream:75 - [STDERR_REDIRECT] [Fatal Error] :1:1: Premature end of file.
2024-12-22 18:45:02,504 [ERROR] LogOutputStream:75 - [STDERR_REDIRECT] 
2024-12-22 18:45:03,503 [ERROR] LogOutputStream:75 - [STDERR_REDIRECT] [Fatal Error] :1:1: Premature end of file.
2024-12-22 18:45:03,503 [ERROR] LogOutputStream:75 - [STDERR_REDIRECT] 
2024-12-22 18:45:04,503 [ERROR] LogOutputStream:75 - [STDERR_REDIRECT] [Fatal Error] :1:1: Premature end of file.
2024-12-22 18:45:04,503 [ERROR] LogOutputStream:75 - [STDERR_REDIRECT] 
2024-12-22 18:45:05,504 [ERROR] LogOutputStream:75 - [STDERR_REDIRECT] [Fatal Error] :1:1: Premature end of file.
2024-12-22 18:45:05,504 [ERROR] LogOutputStream:75 - [STDERR_REDIRECT] 
2024-12-22 18:45:06,503 [ERROR] LogOutputStream:75 - [STDERR_REDIRECT] [Fatal Error] :1:1: Premature end of file.
2024-12-22 18:45:06,503 [ERROR] LogOutputStream:75 - [STDERR_REDIRECT] 
2024-12-22 18:45:07,502 [ERROR] LogOutputStream:75 - [STDERR_REDIRECT] [Fatal Error] :1:1: Premature end of file.
2024-12-22 18:45:07,503 [ERROR] LogOutputStream:75 - [STDERR_REDIRECT] 
2024-12-22 18:45:08,504 [ERROR] LogOutputStream:75 - [STDERR_REDIRECT] [Fatal Error] :1:1: Premature end of file.
2024-12-22 18:45:08,504 [ERROR] LogOutputStream:75 - [STDERR_REDIRECT] 
2024-12-22 18:45:09,505 [ERROR] LogOutputStream:75 - [STDERR_REDIRECT] [Fatal Error] :1:1: Premature end of file.
2024-12-22 18:45:09,505 [ERROR] LogOutputStream:75 - [STDERR_REDIRECT] 
2024-12-22 18:45:10,503 [ERROR] LogOutputStream:75 - [STDERR_REDIRECT] [Fatal Error] :1:1: Premature end of file.
2024-12-22 18:45:10,503 [ERROR] LogOutputStream:75 - [STDERR_REDIRECT] 
2024-12-22 18:45:11,505 [ERROR] LogOutputStream:75 - [STDERR_REDIRECT] [Fatal Error] :1:1: Premature end of file.
2024-12-22 18:45:11,505 [ERROR] LogOutputStream:75 - [STDERR_REDIRECT] 
2024-12-22 18:45:12,502 [ERROR] LogOutputStream:75 - [STDERR_REDIRECT] [Fatal Error] :1:1: Premature end of file.
2024-12-22 18:45:12,502 [ERROR] LogOutputStream:75 - [STDERR_REDIRECT] 
2024-12-22 18:45:13,504 [ERROR] LogOutputStream:75 - [STDERR_REDIRECT] [Fatal Error] :1:1: Premature end of file.
2024-12-22 18:45:13,504 [ERROR] LogOutputStream:75 - [STDERR_REDIRECT] 
2024-12-22 18:45:14,500 [ERROR] LogOutputStream:75 - [STDERR_REDIRECT] [Fatal Error] :1:1: Premature end of file.
2024-12-22 18:45:14,500 [ERROR] LogOutputStream:75 - [STDERR_REDIRECT] 
2024-12-22 18:45:15,503 [ERROR] LogOutputStream:75 - [STDERR_REDIRECT] [Fatal Error] :1:1: Premature end of file.
2024-12-22 18:45:15,503 [ERROR] LogOutputStream:75 - [STDERR_REDIRECT] 
2024-12-22 18:45:16,501 [ERROR] LogOutputStream:75 - [STDERR_REDIRECT] [Fatal Error] :1:1: Premature end of file.
2024-12-22 18:45:16,502 [ERROR] LogOutputStream:75 - [STDERR_REDIRECT] 
2024-12-22 18:45:17,501 [ERROR] LogOutputStream:75 - [STDERR_REDIRECT] [Fatal Error] :1:1: Premature end of file.
2024-12-22 18:45:17,501 [ERROR] LogOutputStream:75 - [STDERR_REDIRECT] 
2024-12-22 18:45:18,502 [ERROR] LogOutputStream:75 - [STDERR_REDIRECT] [Fatal Error] :1:1: Premature end of file.
2024-12-22 18:45:18,503 [ERROR] LogOutputStream:75 - [STDERR_REDIRECT] 
2024-12-22 18:45:19,501 [ERROR] LogOutputStream:75 - [STDERR_REDIRECT] [Fatal Error] :1:1: Premature end of file.
2024-12-22 18:45:19,501 [ERROR] LogOutputStream:75 - [STDERR_REDIRECT] 
2024-12-22 18:45:20,504 [ERROR] LogOutputStream:75 - [STDERR_REDIRECT] [Fatal Error] :1:1: Premature end of file.
2024-12-22 18:45:20,504 [ERROR] LogOutputStream:75 - [STDERR_REDIRECT] 
2024-12-22 18:45:21,503 [ERROR] LogOutputStream:75 - [STDERR_REDIRECT] [Fatal Error] :1:1: Premature end of file.
2024-12-22 18:45:21,503 [ERROR] LogOutputStream:75 - [STDERR_REDIRECT] 
2024-12-22 18:45:22,505 [ERROR] LogOutputStream:75 - [STDERR_REDIRECT] [Fatal Error] :1:1: Premature end of file.
2024-12-22 18:45:22,505 [ERROR] LogOutputStream:75 - [STDERR_REDIRECT] 
2024-12-22 18:45:23,501 [ERROR] LogOutputStream:75 - [STDERR_REDIRECT] [Fatal Error] :1:1: Premature end of file.
2024-12-22 18:45:23,501 [ERROR] LogOutputStream:75 - [STDERR_REDIRECT] 
2024-12-22 18:45:24,508 [ERROR] LogOutputStream:75 - [STDERR_REDIRECT] [Fatal Error] :1:1: Premature end of file.
2024-12-22 18:45:24,509 [ERROR] LogOutputStream:75 - [STDERR_REDIRECT] 
2024-12-22 18:45:25,507 [ERROR] LogOutputStream:75 - [STDERR_REDIRECT] [Fatal Error] :1:1: Premature end of file.
2024-12-22 18:45:25,507 [ERROR] LogOutputStream:75 - [STDERR_REDIRECT] 
2024-12-22 18:45:26,507 [ERROR] LogOutputStream:75 - [STDERR_REDIRECT] [Fatal Error] :1:1: Premature end of file.
2024-12-22 18:45:26,507 [ERROR] LogOutputStream:75 - [STDERR_REDIRECT] 
2024-12-22 18:45:27,501 [ERROR] LogOutputStream:75 - [STDERR_REDIRECT] [Fatal Error] :1:1: Premature end of file.
2024-12-22 18:45:27,501 [ERROR] LogOutputStream:75 - [STDERR_REDIRECT] 
2024-12-22 18:45:28,503 [ERROR] LogOutputStream:75 - [STDERR_REDIRECT] [Fatal Error] :1:1: Premature end of file.
2024-12-22 18:45:28,503 [ERROR] LogOutputStream:75 - [STDERR_REDIRECT] 
2024-12-22 18:45:29,504 [ERROR] LogOutputStream:75 - [STDERR_REDIRECT] [Fatal Error] :1:1: Premature end of file.
2024-12-22 18:45:29,504 [ERROR] LogOutputStream:75 - [STDERR_REDIRECT] 
2024-12-22 18:45:30,504 [ERROR] LogOutputStream:75 - [STDERR_REDIRECT] [Fatal Error] :1:1: Premature end of file.
2024-12-22 18:45:30,504 [ERROR] LogOutputStream:75 - [STDERR_REDIRECT] 
2024-12-22 18:45:31,501 [ERROR] LogOutputStream:75 - [STDERR_REDIRECT] [Fatal Error] :1:1: Premature end of file.
2024-12-22 18:45:31,501 [ERROR] LogOutputStream:75 - [STDERR_REDIRECT] 
2024-12-22 18:45:32,503 [ERROR] LogOutputStream:75 - [STDERR_REDIRECT] [Fatal Error] :1:1: Premature end of file.
2024-12-22 18:45:32,503 [ERROR] LogOutputStream:75 - [STDERR_REDIRECT] 
2024-12-22 18:45:33,502 [ERROR] LogOutputStream:75 - [STDERR_REDIRECT] [Fatal Error] :1:1: Premature end of file.
2024-12-22 18:45:33,502 [ERROR] LogOutputStream:75 - [STDERR_REDIRECT] 
2024-12-22 18:45:34,501 [ERROR] LogOutputStream:75 - [STDERR_REDIRECT] [Fatal Error] :1:1: Premature end of file.
2024-12-22 18:45:34,501 [ERROR] LogOutputStream:75 - [STDERR_REDIRECT] 
2024-12-22 18:45:35,501 [ERROR] LogOutputStream:75 - [STDERR_REDIRECT] [Fatal Error] :1:1: Premature end of file.
2024-12-22 18:45:35,501 [ERROR] LogOutputStream:75 - [STDERR_REDIRECT] 
2024-12-22 18:45:36,505 [ERROR] LogOutputStream:75 - [STDERR_REDIRECT] [Fatal Error] :1:1: Premature end of file.
2024-12-22 18:45:36,505 [ERROR] LogOutputStream:75 - [STDERR_REDIRECT] 
2024-12-22 18:45:37,502 [ERROR] LogOutputStream:75 - [STDERR_REDIRECT] [Fatal Error] :1:1: Premature end of file.
2024-12-22 18:45:37,502 [ERROR] LogOutputStream:75 - [STDERR_REDIRECT] 
2024-12-22 18:45:38,506 [ERROR] LogOutputStream:75 - [STDERR_REDIRECT] [Fatal Error] :1:1: Premature end of file.
2024-12-22 18:45:38,506 [ERROR] LogOutputStream:75 - [STDERR_REDIRECT] 
2024-12-22 18:45:39,509 [ERROR] LogOutputStream:75 - [STDERR_REDIRECT] [Fatal Error] :1:1: Premature end of file.
2024-12-22 18:45:39,509 [ERROR] LogOutputStream:75 - [STDERR_REDIRECT] 
2024-12-22 18:45:40,508 [ERROR] LogOutputStream:75 - [STDERR_REDIRECT] [Fatal Error] :1:1: Premature end of file.
2024-12-22 18:45:40,508 [ERROR] LogOutputStream:75 - [STDERR_REDIRECT] 
2024-12-22 18:45:41,508 [ERROR] LogOutputStream:75 - [STDERR_REDIRECT] [Fatal Error] :1:1: Premature end of file.
2024-12-22 18:45:41,508 [ERROR] LogOutputStream:75 - [STDERR_REDIRECT] 
2024-12-22 18:45:42,514 [ERROR] LogOutputStream:75 - [STDERR_REDIRECT] [Fatal Error] :1:1: Premature end of file.
2024-12-22 18:45:42,514 [ERROR] LogOutputStream:75 - [STDERR_REDIRECT] 
2024-12-22 18:45:43,512 [ERROR] LogOutputStream:75 - [STDERR_REDIRECT] [Fatal Error] :1:1: Premature end of file.
2024-12-22 18:45:43,512 [ERROR] LogOutputStream:75 - [STDERR_REDIRECT] 
2024-12-22 18:45:44,503 [ERROR] LogOutputStream:75 - [STDERR_REDIRECT] [Fatal Error] :1:1: Premature end of file.
2024-12-22 18:45:44,503 [ERROR] LogOutputStream:75 - [STDERR_REDIRECT] 
2024-12-22 18:45:45,522 [ERROR] LogOutputStream:75 - [STDERR_REDIRECT] [Fatal Error] :1:1: Premature end of file.
2024-12-22 18:45:45,522 [ERROR] LogOutputStream:75 - [STDERR_REDIRECT] 
2024-12-22 18:45:46,507 [ERROR] LogOutputStream:75 - [STDERR_REDIRECT] [Fatal Error] :1:1: Premature end of file.
2024-12-22 18:45:46,508 [ERROR] LogOutputStream:75 - [STDERR_REDIRECT] 
2024-12-22 18:45:47,503 [ERROR] LogOutputStream:75 - [STDERR_REDIRECT] [Fatal Error] :1:1: Premature end of file.
2024-12-22 18:45:47,503 [ERROR] LogOutputStream:75 - [STDERR_REDIRECT] 
2024-12-22 18:45:48,511 [ERROR] LogOutputStream:75 - [STDERR_REDIRECT] [Fatal Error] :1:1: Premature end of file.
2024-12-22 18:45:48,511 [ERROR] LogOutputStream:75 - [STDERR_REDIRECT] 
2024-12-22 18:45:49,503 [ERROR] LogOutputStream:75 - [STDERR_REDIRECT] [Fatal Error] :1:1: Premature end of file.
2024-12-22 18:45:49,503 [ERROR] LogOutputStream:75 - [STDERR_REDIRECT] 
2024-12-22 18:45:50,502 [ERROR] LogOutputStream:75 - [STDERR_REDIRECT] [Fatal Error] :1:1: Premature end of file.
2024-12-22 18:45:50,502 [ERROR] LogOutputStream:75 - [STDERR_REDIRECT] 
2024-12-22 18:45:51,502 [ERROR] LogOutputStream:75 - [STDERR_REDIRECT] [Fatal Error] :1:1: Premature end of file.
2024-12-22 18:45:51,502 [ERROR] LogOutputStream:75 - [STDERR_REDIRECT] 
2024-12-22 18:45:52,505 [ERROR] LogOutputStream:75 - [STDERR_REDIRECT] [Fatal Error] :1:1: Premature end of file.
2024-12-22 18:45:52,505 [ERROR] LogOutputStream:75 - [STDERR_REDIRECT] 
2024-12-22 18:45:53,502 [ERROR] LogOutputStream:75 - [STDERR_REDIRECT] [Fatal Error] :1:1: Premature end of file.
2024-12-22 18:45:53,503 [ERROR] LogOutputStream:75 - [STDERR_REDIRECT] 
2024-12-22 18:45:54,502 [ERROR] LogOutputStream:75 - [STDERR_REDIRECT] [Fatal Error] :1:1: Premature end of file.
2024-12-22 18:45:54,502 [ERROR] LogOutputStream:75 - [STDERR_REDIRECT] 
2024-12-22 18:45:55,507 [ERROR] LogOutputStream:75 - [STDERR_REDIRECT] [Fatal Error] :1:1: Premature end of file.
2024-12-22 18:45:55,507 [ERROR] LogOutputStream:75 - [STDERR_REDIRECT] 
2024-12-22 18:45:56,506 [ERROR] LogOutputStream:75 - [STDERR_REDIRECT] [Fatal Error] :1:1: Premature end of file.
2024-12-22 18:45:56,506 [ERROR] LogOutputStream:75 - [STDERR_REDIRECT] 
2024-12-22 18:45:57,508 [ERROR] LogOutputStream:75 - [STDERR_REDIRECT] [Fatal Error] :1:1: Premature end of file.
2024-12-22 18:45:57,508 [ERROR] LogOutputStream:75 - [STDERR_REDIRECT] 
2024-12-22 18:45:58,506 [ERROR] LogOutputStream:75 - [STDERR_REDIRECT] [Fatal Error] :1:1: Premature end of file.
2024-12-22 18:45:58,506 [ERROR] LogOutputStream:75 - [STDERR_REDIRECT] 
2024-12-22 18:45:59,515 [ERROR] LogOutputStream:75 - [STDERR_REDIRECT] [Fatal Error] :1:1: Premature end of file.
2024-12-22 18:45:59,515 [ERROR] LogOutputStream:75 - [STDERR_REDIRECT] 
2024-12-22 18:46:00,506 [ERROR] LogOutputStream:75 - [STDERR_REDIRECT] [Fatal Error] :1:1: Premature end of file.
2024-12-22 18:46:00,506 [ERROR] LogOutputStream:75 - [STDERR_REDIRECT] 
2024-12-22 18:46:01,511 [ERROR] LogOutputStream:75 - [STDERR_REDIRECT] [Fatal Error] :1:1: Premature end of file.
2024-12-22 18:46:01,512 [ERROR] LogOutputStream:75 - [STDERR_REDIRECT] 
2024-12-22 18:46:02,501 [ERROR] LogOutputStream:75 - [STDERR_REDIRECT] [Fatal Error] :1:1: Premature end of file.
2024-12-22 18:46:02,501 [ERROR] LogOutputStream:75 - [STDERR_REDIRECT] 
2024-12-22 18:46:03,508 [ERROR] LogOutputStream:75 - [STDERR_REDIRECT] [Fatal Error] :1:1: Premature end of file.
2024-12-22 18:46:03,508 [ERROR] LogOutputStream:75 - [STDERR_REDIRECT] 
2024-12-22 18:46:04,504 [ERROR] LogOutputStream:75 - [STDERR_REDIRECT] [Fatal Error] :1:1: Premature end of file.
2024-12-22 18:46:04,504 [ERROR] LogOutputStream:75 - [STDERR_REDIRECT] 
2024-12-22 18:46:05,510 [ERROR] LogOutputStream:75 - [STDERR_REDIRECT] [Fatal Error] :1:1: Premature end of file.
2024-12-22 18:46:05,511 [ERROR] LogOutputStream:75 - [STDERR_REDIRECT] 
2024-12-22 18:46:06,508 [ERROR] LogOutputStream:75 - [STDERR_REDIRECT] [Fatal Error] :1:1: Premature end of file.
2024-12-22 18:46:06,508 [ERROR] LogOutputStream:75 - [STDERR_REDIRECT] 
2024-12-22 18:46:07,516 [ERROR] LogOutputStream:75 - [STDERR_REDIRECT] [Fatal Error] :1:1: Premature end of file.
2024-12-22 18:46:07,516 [ERROR] LogOutputStream:75 - [STDERR_REDIRECT] 
2024-12-22 18:46:08,513 [ERROR] LogOutputStream:75 - [STDERR_REDIRECT] [Fatal Error] :1:1: Premature end of file.
2024-12-22 18:46:08,513 [ERROR] LogOutputStream:75 - [STDERR_REDIRECT] 
2024-12-22 18:46:09,507 [ERROR] LogOutputStream:75 - [STDERR_REDIRECT] [Fatal Error] :1:1: Premature end of file.
2024-12-22 18:46:09,507 [ERROR] LogOutputStream:75 - [STDERR_REDIRECT] 
2024-12-22 18:46:10,507 [ERROR] LogOutputStream:75 - [STDERR_REDIRECT] [Fatal Error] :1:1: Premature end of file.
2024-12-22 18:46:10,507 [ERROR] LogOutputStream:75 - [STDERR_REDIRECT] 
2024-12-22 18:46:11,504 [ERROR] LogOutputStream:75 - [STDERR_REDIRECT] [Fatal Error] :1:1: Premature end of file.
2024-12-22 18:46:11,504 [ERROR] LogOutputStream:75 - [STDERR_REDIRECT] 
2024-12-22 18:46:12,507 [ERROR] LogOutputStream:75 - [STDERR_REDIRECT] [Fatal Error] :1:1: Premature end of file.
2024-12-22 18:46:12,507 [ERROR] LogOutputStream:75 - [STDERR_REDIRECT] 
2024-12-22 18:46:13,511 [ERROR] LogOutputStream:75 - [STDERR_REDIRECT] [Fatal Error] :1:1: Premature end of file.
2024-12-22 18:46:13,511 [ERROR] LogOutputStream:75 - [STDERR_REDIRECT] 
2024-12-22 18:46:14,502 [ERROR] LogOutputStream:75 - [STDERR_REDIRECT] [Fatal Error] :1:1: Premature end of file.
2024-12-22 18:46:14,502 [ERROR] LogOutputStream:75 - [STDERR_REDIRECT] 
2024-12-22 18:46:15,502 [ERROR] LogOutputStream:75 - [STDERR_REDIRECT] [Fatal Error] :1:1: Premature end of file.
2024-12-22 18:46:15,502 [ERROR] LogOutputStream:75 - [STDERR_REDIRECT] 
2024-12-22 18:46:16,502 [ERROR] LogOutputStream:75 - [STDERR_REDIRECT] [Fatal Error] :1:1: Premature end of file.
2024-12-22 18:46:16,502 [ERROR] LogOutputStream:75 - [STDERR_REDIRECT] 
2024-12-22 18:46:17,502 [ERROR] LogOutputStream:75 - [STDERR_REDIRECT] [Fatal Error] :1:1: Premature end of file.
2024-12-22 18:46:17,502 [ERROR] LogOutputStream:75 - [STDERR_REDIRECT] 
2024-12-22 18:46:18,500 [ERROR] LogOutputStream:75 - [STDERR_REDIRECT] [Fatal Error] :1:1: Premature end of file.
2024-12-22 18:46:18,500 [ERROR] LogOutputStream:75 - [STDERR_REDIRECT] 
2024-12-22 18:46:19,504 [ERROR] LogOutputStream:75 - [STDERR_REDIRECT] [Fatal Error] :1:1: Premature end of file.
2024-12-22 18:46:19,504 [ERROR] LogOutputStream:75 - [STDERR_REDIRECT] 
2024-12-22 18:46:20,502 [ERROR] LogOutputStream:75 - [STDERR_REDIRECT] [Fatal Error] :1:1: Premature end of file.
2024-12-22 18:46:20,502 [ERROR] LogOutputStream:75 - [STDERR_REDIRECT] 
2024-12-22 18:46:21,503 [ERROR] LogOutputStream:75 - [STDERR_REDIRECT] [Fatal Error] :1:1: Premature end of file.
2024-12-22 18:46:21,503 [ERROR] LogOutputStream:75 - [STDERR_REDIRECT] 
2024-12-22 18:46:22,507 [ERROR] LogOutputStream:75 - [STDERR_REDIRECT] [Fatal Error] :1:1: Premature end of file.
2024-12-22 18:46:22,507 [ERROR] LogOutputStream:75 - [STDERR_REDIRECT] 
2024-12-22 18:46:23,503 [ERROR] LogOutputStream:75 - [STDERR_REDIRECT] [Fatal Error] :1:1: Premature end of file.
2024-12-22 18:46:23,503 [ERROR] LogOutputStream:75 - [STDERR_REDIRECT] 
2024-12-22 18:46:24,506 [ERROR] LogOutputStream:75 - [STDERR_REDIRECT] [Fatal Error] :1:1: Premature end of file.
2024-12-22 18:46:24,506 [ERROR] LogOutputStream:75 - [STDERR_REDIRECT] 
2024-12-22 18:46:25,503 [ERROR] LogOutputStream:75 - [STDERR_REDIRECT] [Fatal Error] :1:1: Premature end of file.
2024-12-22 18:46:25,504 [ERROR] LogOutputStream:75 - [STDERR_REDIRECT] 
2024-12-22 18:46:26,506 [ERROR] LogOutputStream:75 - [STDERR_REDIRECT] [Fatal Error] :1:1: Premature end of file.
2024-12-22 18:46:26,506 [ERROR] LogOutputStream:75 - [STDERR_REDIRECT] 
2024-12-22 18:46:27,508 [ERROR] LogOutputStream:75 - [STDERR_REDIRECT] [Fatal Error] :1:1: Premature end of file.
2024-12-22 18:46:27,508 [ERROR] LogOutputStream:75 - [STDERR_REDIRECT] 
2024-12-22 18:46:28,519 [ERROR] LogOutputStream:75 - [STDERR_REDIRECT] [Fatal Error] :1:1: Premature end of file.
2024-12-22 18:46:28,519 [ERROR] LogOutputStream:75 - [STDERR_REDIRECT] 
2024-12-22 18:46:29,511 [ERROR] LogOutputStream:75 - [STDERR_REDIRECT] [Fatal Error] :1:1: Premature end of file.
2024-12-22 18:46:29,511 [ERROR] LogOutputStream:75 - [STDERR_REDIRECT] 
2024-12-22 18:46:30,505 [ERROR] LogOutputStream:75 - [STDERR_REDIRECT] [Fatal Error] :1:1: Premature end of file.
2024-12-22 18:46:30,505 [ERROR] LogOutputStream:75 - [STDERR_REDIRECT] 
2024-12-22 18:46:31,499 [ERROR] LogOutputStream:75 - [STDERR_REDIRECT] [Fatal Error] :1:1: Premature end of file.
2024-12-22 18:46:31,499 [ERROR] LogOutputStream:75 - [STDERR_REDIRECT] 
2024-12-22 18:46:32,512 [ERROR] LogOutputStream:75 - [STDERR_REDIRECT] [Fatal Error] :1:1: Premature end of file.
2024-12-22 18:46:32,512 [ERROR] LogOutputStream:75 - [STDERR_REDIRECT] 
2024-12-22 18:46:33,513 [ERROR] LogOutputStream:75 - [STDERR_REDIRECT] [Fatal Error] :1:1: Premature end of file.
2024-12-22 18:46:33,513 [ERROR] LogOutputStream:75 - [STDERR_REDIRECT] 
2024-12-22 18:46:34,518 [ERROR] LogOutputStream:75 - [STDERR_REDIRECT] [Fatal Error] :1:1: Premature end of file.
2024-12-22 18:46:34,518 [ERROR] LogOutputStream:75 - [STDERR_REDIRECT] 
2024-12-22 18:46:35,506 [ERROR] LogOutputStream:75 - [STDERR_REDIRECT] [Fatal Error] :1:1: Premature end of file.
2024-12-22 18:46:35,507 [ERROR] LogOutputStream:75 - [STDERR_REDIRECT] 
2024-12-22 18:46:36,501 [ERROR] LogOutputStream:75 - [STDERR_REDIRECT] [Fatal Error] :1:1: Premature end of file.
2024-12-22 18:46:36,501 [ERROR] LogOutputStream:75 - [STDERR_REDIRECT] 
2024-12-22 18:46:37,503 [ERROR] LogOutputStream:75 - [STDERR_REDIRECT] [Fatal Error] :1:1: Premature end of file.
2024-12-22 18:46:37,503 [ERROR] LogOutputStream:75 - [STDERR_REDIRECT] 
2024-12-22 18:46:38,502 [ERROR] LogOutputStream:75 - [STDERR_REDIRECT] [Fatal Error] :1:1: Premature end of file.
2024-12-22 18:46:38,502 [ERROR] LogOutputStream:75 - [STDERR_REDIRECT] 
2024-12-22 18:46:39,502 [ERROR] LogOutputStream:75 - [STDERR_REDIRECT] [Fatal Error] :1:1: Premature end of file.
2024-12-22 18:46:39,502 [ERROR] LogOutputStream:75 - [STDERR_REDIRECT] 
2024-12-22 18:46:40,504 [ERROR] LogOutputStream:75 - [STDERR_REDIRECT] [Fatal Error] :1:1: Premature end of file.
2024-12-22 18:46:40,504 [ERROR] LogOutputStream:75 - [STDERR_REDIRECT] 
2024-12-22 18:46:41,503 [ERROR] LogOutputStream:75 - [STDERR_REDIRECT] [Fatal Error] :1:1: Premature end of file.
2024-12-22 18:46:41,503 [ERROR] LogOutputStream:75 - [STDERR_REDIRECT] 
2024-12-22 18:46:42,506 [ERROR] LogOutputStream:75 - [STDERR_REDIRECT] [Fatal Error] :1:1: Premature end of file.
2024-12-22 18:46:42,506 [ERROR] LogOutputStream:75 - [STDERR_REDIRECT] 
2024-12-22 18:46:43,508 [ERROR] LogOutputStream:75 - [STDERR_REDIRECT] [Fatal Error] :1:1: Premature end of file.
2024-12-22 18:46:43,508 [ERROR] LogOutputStream:75 - [STDERR_REDIRECT] 
2024-12-22 18:46:44,507 [ERROR] LogOutputStream:75 - [STDERR_REDIRECT] [Fatal Error] :1:1: Premature end of file.
2024-12-22 18:46:44,507 [ERROR] LogOutputStream:75 - [STDERR_REDIRECT] 
2024-12-22 18:46:45,506 [ERROR] LogOutputStream:75 - [STDERR_REDIRECT] [Fatal Error] :1:1: Premature end of file.
2024-12-22 18:46:45,506 [ERROR] LogOutputStream:75 - [STDERR_REDIRECT] 
2024-12-22 18:46:46,513 [ERROR] LogOutputStream:75 - [STDERR_REDIRECT] [Fatal Error] :1:1: Premature end of file.
2024-12-22 18:46:46,514 [ERROR] LogOutputStream:75 - [STDERR_REDIRECT] 
2024-12-22 18:46:47,509 [ERROR] LogOutputStream:75 - [STDERR_REDIRECT] [Fatal Error] :1:1: Premature end of file.
2024-12-22 18:46:47,509 [ERROR] LogOutputStream:75 - [STDERR_REDIRECT] 
2024-12-22 18:46:48,517 [ERROR] LogOutputStream:75 - [STDERR_REDIRECT] [Fatal Error] :1:1: Premature end of file.
2024-12-22 18:46:48,518 [ERROR] LogOutputStream:75 - [STDERR_REDIRECT] 
2024-12-22 18:46:49,513 [ERROR] LogOutputStream:75 - [STDERR_REDIRECT] [Fatal Error] :1:1: Premature end of file.
2024-12-22 18:46:49,513 [ERROR] LogOutputStream:75 - [STDERR_REDIRECT] 
2024-12-22 18:46:50,502 [ERROR] LogOutputStream:75 - [STDERR_REDIRECT] [Fatal Error] :1:1: Premature end of file.
2024-12-22 18:46:50,502 [ERROR] LogOutputStream:75 - [STDERR_REDIRECT] 
2024-12-22 18:46:51,503 [ERROR] LogOutputStream:75 - [STDERR_REDIRECT] [Fatal Error] :1:1: Premature end of file.
2024-12-22 18:46:51,503 [ERROR] LogOutputStream:75 - [STDERR_REDIRECT] 
2024-12-22 18:46:52,513 [ERROR] LogOutputStream:75 - [STDERR_REDIRECT] [Fatal Error] :1:1: Premature end of file.
2024-12-22 18:46:52,513 [ERROR] LogOutputStream:75 - [STDERR_REDIRECT] 
2024-12-22 18:46:53,516 [ERROR] LogOutputStream:75 - [STDERR_REDIRECT] [Fatal Error] :1:1: Premature end of file.
2024-12-22 18:46:53,516 [ERROR] LogOutputStream:75 - [STDERR_REDIRECT] 
2024-12-22 18:46:54,510 [ERROR] LogOutputStream:75 - [STDERR_REDIRECT] [Fatal Error] :1:1: Premature end of file.
2024-12-22 18:46:54,510 [ERROR] LogOutputStream:75 - [STDERR_REDIRECT] 
2024-12-22 18:46:55,513 [ERROR] LogOutputStream:75 - [STDERR_REDIRECT] [Fatal Error] :1:1: Premature end of file.
2024-12-22 18:46:55,513 [ERROR] LogOutputStream:75 - [STDERR_REDIRECT] 
2024-12-22 18:46:56,517 [ERROR] LogOutputStream:75 - [STDERR_REDIRECT] [Fatal Error] :1:1: Premature end of file.
2024-12-22 18:46:56,517 [ERROR] LogOutputStream:75 - [STDERR_REDIRECT] 
2024-12-22 18:46:57,513 [ERROR] LogOutputStream:75 - [STDERR_REDIRECT] [Fatal Error] :1:1: Premature end of file.
2024-12-22 18:46:57,513 [ERROR] LogOutputStream:75 - [STDERR_REDIRECT] 
2024-12-22 18:46:58,507 [ERROR] LogOutputStream:75 - [STDERR_REDIRECT] [Fatal Error] :1:1: Premature end of file.
2024-12-22 18:46:58,507 [ERROR] LogOutputStream:75 - [STDERR_REDIRECT] 
2024-12-22 18:46:59,509 [ERROR] LogOutputStream:75 - [STDERR_REDIRECT] [Fatal Error] :1:1: Premature end of file.
2024-12-22 18:46:59,509 [ERROR] LogOutputStream:75 - [STDERR_REDIRECT] 
2024-12-22 18:47:00,517 [ERROR] LogOutputStream:75 - [STDERR_REDIRECT] [Fatal Error] :1:1: Premature end of file.
2024-12-22 18:47:00,517 [ERROR] LogOutputStream:75 - [STDERR_REDIRECT] 
2024-12-22 18:47:01,503 [ERROR] LogOutputStream:75 - [STDERR_REDIRECT] [Fatal Error] :1:1: Premature end of file.
2024-12-22 18:47:01,503 [ERROR] LogOutputStream:75 - [STDERR_REDIRECT] 
2024-12-22 18:47:02,516 [ERROR] LogOutputStream:75 - [STDERR_REDIRECT] [Fatal Error] :1:1: Premature end of file.
2024-12-22 18:47:02,516 [ERROR] LogOutputStream:75 - [STDERR_REDIRECT] 
2024-12-22 18:47:03,514 [ERROR] LogOutputStream:75 - [STDERR_REDIRECT] [Fatal Error] :1:1: Premature end of file.
2024-12-22 18:47:03,514 [ERROR] LogOutputStream:75 - [STDERR_REDIRECT] 
2024-12-22 18:47:04,506 [ERROR] LogOutputStream:75 - [STDERR_REDIRECT] [Fatal Error] :1:1: Premature end of file.
2024-12-22 18:47:04,506 [ERROR] LogOutputStream:75 - [STDERR_REDIRECT] 
2024-12-22 18:47:05,517 [ERROR] LogOutputStream:75 - [STDERR_REDIRECT] [Fatal Error] :1:1: Premature end of file.
2024-12-22 18:47:05,517 [ERROR] LogOutputStream:75 - [STDERR_REDIRECT] 
2024-12-22 18:47:06,504 [ERROR] LogOutputStream:75 - [STDERR_REDIRECT] [Fatal Error] :1:1: Premature end of file.
2024-12-22 18:47:06,504 [ERROR] LogOutputStream:75 - [STDERR_REDIRECT] 
2024-12-22 18:47:07,506 [ERROR] LogOutputStream:75 - [STDERR_REDIRECT] [Fatal Error] :1:1: Premature end of file.
2024-12-22 18:47:07,507 [ERROR] LogOutputStream:75 - [STDERR_REDIRECT] 
2024-12-22 18:47:08,503 [ERROR] LogOutputStream:75 - [STDERR_REDIRECT] [Fatal Error] :1:1: Premature end of file.
2024-12-22 18:47:08,503 [ERROR] LogOutputStream:75 - [STDERR_REDIRECT] 
2024-12-22 18:47:09,510 [ERROR] LogOutputStream:75 - [STDERR_REDIRECT] [Fatal Error] :1:1: Premature end of file.
2024-12-22 18:47:09,510 [ERROR] LogOutputStream:75 - [STDERR_REDIRECT] 
2024-12-22 18:47:10,503 [ERROR] LogOutputStream:75 - [STDERR_REDIRECT] [Fatal Error] :1:1: Premature end of file.
2024-12-22 18:47:10,503 [ERROR] LogOutputStream:75 - [STDERR_REDIRECT] 
2024-12-22 18:47:11,513 [ERROR] LogOutputStream:75 - [STDERR_REDIRECT] [Fatal Error] :1:1: Premature end of file.
2024-12-22 18:47:11,513 [ERROR] LogOutputStream:75 - [STDERR_REDIRECT] 
2024-12-22 18:47:12,506 [ERROR] LogOutputStream:75 - [STDERR_REDIRECT] [Fatal Error] :1:1: Premature end of file.
2024-12-22 18:47:12,506 [ERROR] LogOutputStream:75 - [STDERR_REDIRECT] 
2024-12-22 18:47:13,507 [ERROR] LogOutputStream:75 - [STDERR_REDIRECT] [Fatal Error] :1:1: Premature end of file.
2024-12-22 18:47:13,507 [ERROR] LogOutputStream:75 - [STDERR_REDIRECT] 
2024-12-22 18:47:14,513 [ERROR] LogOutputStream:75 - [STDERR_REDIRECT] [Fatal Error] :1:1: Premature end of file.
2024-12-22 18:47:14,513 [ERROR] LogOutputStream:75 - [STDERR_REDIRECT] 
2024-12-22 18:47:15,511 [ERROR] LogOutputStream:75 - [STDERR_REDIRECT] [Fatal Error] :1:1: Premature end of file.
2024-12-22 18:47:15,511 [ERROR] LogOutputStream:75 - [STDERR_REDIRECT] 
2024-12-22 18:47:16,507 [ERROR] LogOutputStream:75 - [STDERR_REDIRECT] [Fatal Error] :1:1: Premature end of file.
2024-12-22 18:47:16,507 [ERROR] LogOutputStream:75 - [STDERR_REDIRECT] 
2024-12-22 18:47:17,506 [ERROR] LogOutputStream:75 - [STDERR_REDIRECT] [Fatal Error] :1:1: Premature end of file.
2024-12-22 18:47:17,506 [ERROR] LogOutputStream:75 - [STDERR_REDIRECT] 
2024-12-22 18:47:18,514 [ERROR] LogOutputStream:75 - [STDERR_REDIRECT] [Fatal Error] :1:1: Premature end of file.
2024-12-22 18:47:18,514 [ERROR] LogOutputStream:75 - [STDERR_REDIRECT] 
2024-12-22 18:47:19,513 [ERROR] LogOutputStream:75 - [STDERR_REDIRECT] [Fatal Error] :1:1: Premature end of file.
2024-12-22 18:47:19,513 [ERROR] LogOutputStream:75 - [STDERR_REDIRECT] 
2024-12-22 18:47:20,504 [ERROR] LogOutputStream:75 - [STDERR_REDIRECT] [Fatal Error] :1:1: Premature end of file.
2024-12-22 18:47:20,504 [ERROR] LogOutputStream:75 - [STDERR_REDIRECT] 
2024-12-22 18:47:21,512 [ERROR] LogOutputStream:75 - [STDERR_REDIRECT] [Fatal Error] :1:1: Premature end of file.
2024-12-22 18:47:21,512 [ERROR] LogOutputStream:75 - [STDERR_REDIRECT] 
2024-12-22 18:47:22,514 [ERROR] LogOutputStream:75 - [STDERR_REDIRECT] [Fatal Error] :1:1: Premature end of file.
2024-12-22 18:47:22,514 [ERROR] LogOutputStream:75 - [STDERR_REDIRECT] 
2024-12-22 18:47:23,503 [ERROR] LogOutputStream:75 - [STDERR_REDIRECT] [Fatal Error] :1:1: Premature end of file.
2024-12-22 18:47:23,503 [ERROR] LogOutputStream:75 - [STDERR_REDIRECT] 
2024-12-22 18:47:24,511 [ERROR] LogOutputStream:75 - [STDERR_REDIRECT] [Fatal Error] :1:1: Premature end of file.
2024-12-22 18:47:24,511 [ERROR] LogOutputStream:75 - [STDERR_REDIRECT] 
2024-12-22 18:47:25,510 [ERROR] LogOutputStream:75 - [STDERR_REDIRECT] [Fatal Error] :1:1: Premature end of file.
2024-12-22 18:47:25,510 [ERROR] LogOutputStream:75 - [STDERR_REDIRECT] 
2024-12-22 18:47:26,504 [ERROR] LogOutputStream:75 - [STDERR_REDIRECT] [Fatal Error] :1:1: Premature end of file.
2024-12-22 18:47:26,504 [ERROR] LogOutputStream:75 - [STDERR_REDIRECT] 
2024-12-22 18:47:27,512 [ERROR] LogOutputStream:75 - [STDERR_REDIRECT] [Fatal Error] :1:1: Premature end of file.
2024-12-22 18:47:27,512 [ERROR] LogOutputStream:75 - [STDERR_REDIRECT] 
2024-12-22 18:47:28,509 [ERROR] LogOutputStream:75 - [STDERR_REDIRECT] [Fatal Error] :1:1: Premature end of file.
2024-12-22 18:47:28,509 [ERROR] LogOutputStream:75 - [STDERR_REDIRECT] 
2024-12-22 18:47:29,506 [ERROR] LogOutputStream:75 - [STDERR_REDIRECT] [Fatal Error] :1:1: Premature end of file.
2024-12-22 18:47:29,506 [ERROR] LogOutputStream:75 - [STDERR_REDIRECT] 
2024-12-22 18:47:30,504 [ERROR] LogOutputStream:75 - [STDERR_REDIRECT] [Fatal Error] :1:1: Premature end of file.
2024-12-22 18:47:30,504 [ERROR] LogOutputStream:75 - [STDERR_REDIRECT] 
2024-12-22 18:47:31,512 [ERROR] LogOutputStream:75 - [STDERR_REDIRECT] [Fatal Error] :1:1: Premature end of file.
2024-12-22 18:47:31,512 [ERROR] LogOutputStream:75 - [STDERR_REDIRECT] 
2024-12-22 18:47:32,513 [ERROR] LogOutputStream:75 - [STDERR_REDIRECT] [Fatal Error] :1:1: Premature end of file.
2024-12-22 18:47:32,513 [ERROR] LogOutputStream:75 - [STDERR_REDIRECT] 
2024-12-22 18:47:33,503 [ERROR] LogOutputStream:75 - [STDERR_REDIRECT] [Fatal Error] :1:1: Premature end of file.
2024-12-22 18:47:33,503 [ERROR] LogOutputStream:75 - [STDERR_REDIRECT] 
2024-12-22 18:47:34,508 [ERROR] LogOutputStream:75 - [STDERR_REDIRECT] [Fatal Error] :1:1: Premature end of file.
2024-12-22 18:47:34,508 [ERROR] LogOutputStream:75 - [STDERR_REDIRECT] 
2024-12-22 18:47:35,511 [ERROR] LogOutputStream:75 - [STDERR_REDIRECT] [Fatal Error] :1:1: Premature end of file.
2024-12-22 18:47:35,512 [ERROR] LogOutputStream:75 - [STDERR_REDIRECT] 
2024-12-22 18:47:36,502 [ERROR] LogOutputStream:75 - [STDERR_REDIRECT] [Fatal Error] :1:1: Premature end of file.
2024-12-22 18:47:36,502 [ERROR] LogOutputStream:75 - [STDERR_REDIRECT] 
2024-12-22 18:47:37,503 [ERROR] LogOutputStream:75 - [STDERR_REDIRECT] [Fatal Error] :1:1: Premature end of file.
2024-12-22 18:47:37,503 [ERROR] LogOutputStream:75 - [STDERR_REDIRECT] 
2024-12-22 18:47:38,506 [ERROR] LogOutputStream:75 - [STDERR_REDIRECT] [Fatal Error] :1:1: Premature end of file.
2024-12-22 18:47:38,506 [ERROR] LogOutputStream:75 - [STDERR_REDIRECT] 
2024-12-22 18:47:39,504 [ERROR] LogOutputStream:75 - [STDERR_REDIRECT] [Fatal Error] :1:1: Premature end of file.
2024-12-22 18:47:39,504 [ERROR] LogOutputStream:75 - [STDERR_REDIRECT] 
2024-12-22 18:47:40,505 [ERROR] LogOutputStream:75 - [STDERR_REDIRECT] [Fatal Error] :1:1: Premature end of file.
2024-12-22 18:47:40,505 [ERROR] LogOutputStream:75 - [STDERR_REDIRECT] 
2024-12-22 18:47:41,502 [ERROR] LogOutputStream:75 - [STDERR_REDIRECT] [Fatal Error] :1:1: Premature end of file.
2024-12-22 18:47:41,502 [ERROR] LogOutputStream:75 - [STDERR_REDIRECT] 
2024-12-22 18:47:42,509 [ERROR] LogOutputStream:75 - [STDERR_REDIRECT] [Fatal Error] :1:1: Premature end of file.
2024-12-22 18:47:42,509 [ERROR] LogOutputStream:75 - [STDERR_REDIRECT] 
2024-12-22 18:47:43,508 [ERROR] LogOutputStream:75 - [STDERR_REDIRECT] [Fatal Error] :1:1: Premature end of file.
2024-12-22 18:47:43,508 [ERROR] LogOutputStream:75 - [STDERR_REDIRECT] 
2024-12-22 18:47:44,504 [ERROR] LogOutputStream:75 - [STDERR_REDIRECT] [Fatal Error] :1:1: Premature end of file.
2024-12-22 18:47:44,504 [ERROR] LogOutputStream:75 - [STDERR_REDIRECT] 
2024-12-22 18:47:45,519 [ERROR] LogOutputStream:75 - [STDERR_REDIRECT] [Fatal Error] :1:1: Premature end of file.
2024-12-22 18:47:45,519 [ERROR] LogOutputStream:75 - [STDERR_REDIRECT] 
2024-12-22 18:47:46,515 [ERROR] LogOutputStream:75 - [STDERR_REDIRECT] [Fatal Error] :1:1: Premature end of file.
2024-12-22 18:47:46,515 [ERROR] LogOutputStream:75 - [STDERR_REDIRECT] 
2024-12-22 18:47:47,513 [ERROR] LogOutputStream:75 - [STDERR_REDIRECT] [Fatal Error] :1:1: Premature end of file.
2024-12-22 18:47:47,513 [ERROR] LogOutputStream:75 - [STDERR_REDIRECT] 
2024-12-22 18:47:48,514 [ERROR] LogOutputStream:75 - [STDERR_REDIRECT] [Fatal Error] :1:1: Premature end of file.
2024-12-22 18:47:48,514 [ERROR] LogOutputStream:75 - [STDERR_REDIRECT] 
2024-12-22 18:47:49,515 [ERROR] LogOutputStream:75 - [STDERR_REDIRECT] [Fatal Error] :1:1: Premature end of file.
2024-12-22 18:47:49,515 [ERROR] LogOutputStream:75 - [STDERR_REDIRECT] 
2024-12-22 18:47:50,516 [ERROR] LogOutputStream:75 - [STDERR_REDIRECT] [Fatal Error] :1:1: Premature end of file.
2024-12-22 18:47:50,516 [ERROR] LogOutputStream:75 - [STDERR_REDIRECT] 
2024-12-22 18:47:51,515 [ERROR] LogOutputStream:75 - [STDERR_REDIRECT] [Fatal Error] :1:1: Premature end of file.
2024-12-22 18:47:51,515 [ERROR] LogOutputStream:75 - [STDERR_REDIRECT] 
2024-12-22 18:47:52,510 [ERROR] LogOutputStream:75 - [STDERR_REDIRECT] [Fatal Error] :1:1: Premature end of file.
2024-12-22 18:47:52,510 [ERROR] LogOutputStream:75 - [STDERR_REDIRECT] 
2024-12-22 18:47:53,513 [ERROR] LogOutputStream:75 - [STDERR_REDIRECT] [Fatal Error] :1:1: Premature end of file.
2024-12-22 18:47:53,514 [ERROR] LogOutputStream:75 - [STDERR_REDIRECT] 
2024-12-22 18:47:54,508 [ERROR] LogOutputStream:75 - [STDERR_REDIRECT] [Fatal Error] :1:1: Premature end of file.
2024-12-22 18:47:54,509 [ERROR] LogOutputStream:75 - [STDERR_REDIRECT] 
2024-12-22 18:47:55,515 [ERROR] LogOutputStream:75 - [STDERR_REDIRECT] [Fatal Error] :1:1: Premature end of file.
2024-12-22 18:47:55,515 [ERROR] LogOutputStream:75 - [STDERR_REDIRECT] 
2024-12-22 18:47:56,503 [ERROR] LogOutputStream:75 - [STDERR_REDIRECT] [Fatal Error] :1:1: Premature end of file.
2024-12-22 18:47:56,503 [ERROR] LogOutputStream:75 - [STDERR_REDIRECT] 
2024-12-22 18:47:57,508 [ERROR] LogOutputStream:75 - [STDERR_REDIRECT] [Fatal Error] :1:1: Premature end of file.
2024-12-22 18:47:57,508 [ERROR] LogOutputStream:75 - [STDERR_REDIRECT] 
2024-12-22 18:47:58,507 [ERROR] LogOutputStream:75 - [STDERR_REDIRECT] [Fatal Error] :1:1: Premature end of file.
2024-12-22 18:47:58,507 [ERROR] LogOutputStream:75 - [STDERR_REDIRECT] 
2024-12-22 18:47:59,504 [ERROR] LogOutputStream:75 - [STDERR_REDIRECT] [Fatal Error] :1:1: Premature end of file.
2024-12-22 18:47:59,504 [ERROR] LogOutputStream:75 - [STDERR_REDIRECT] 
2024-12-22 18:48:00,518 [ERROR] LogOutputStream:75 - [STDERR_REDIRECT] [Fatal Error] :1:1: Premature end of file.
2024-12-22 18:48:00,518 [ERROR] LogOutputStream:75 - [STDERR_REDIRECT] 
2024-12-22 18:48:01,507 [ERROR] LogOutputStream:75 - [STDERR_REDIRECT] [Fatal Error] :1:1: Premature end of file.
2024-12-22 18:48:01,507 [ERROR] LogOutputStream:75 - [STDERR_REDIRECT] 
2024-12-22 18:48:02,516 [ERROR] LogOutputStream:75 - [STDERR_REDIRECT] [Fatal Error] :1:1: Premature end of file.
2024-12-22 18:48:02,516 [ERROR] LogOutputStream:75 - [STDERR_REDIRECT] 
2024-12-22 18:48:03,510 [ERROR] LogOutputStream:75 - [STDERR_REDIRECT] [Fatal Error] :1:1: Premature end of file.
2024-12-22 18:48:03,510 [ERROR] LogOutputStream:75 - [STDERR_REDIRECT] 
2024-12-22 18:48:04,521 [ERROR] LogOutputStream:75 - [STDERR_REDIRECT] [Fatal Error] :1:1: Premature end of file.
2024-12-22 18:48:04,521 [ERROR] LogOutputStream:75 - [STDERR_REDIRECT] 
2024-12-22 18:48:05,512 [ERROR] LogOutputStream:75 - [STDERR_REDIRECT] [Fatal Error] :1:1: Premature end of file.
2024-12-22 18:48:05,512 [ERROR] LogOutputStream:75 - [STDERR_REDIRECT] 
2024-12-22 18:48:06,517 [ERROR] LogOutputStream:75 - [STDERR_REDIRECT] [Fatal Error] :1:1: Premature end of file.
2024-12-22 18:48:06,517 [ERROR] LogOutputStream:75 - [STDERR_REDIRECT] 
2024-12-22 18:48:07,505 [ERROR] LogOutputStream:75 - [STDERR_REDIRECT] [Fatal Error] :1:1: Premature end of file.
2024-12-22 18:48:07,505 [ERROR] LogOutputStream:75 - [STDERR_REDIRECT] 
2024-12-22 18:48:08,510 [ERROR] LogOutputStream:75 - [STDERR_REDIRECT] [Fatal Error] :1:1: Premature end of file.
2024-12-22 18:48:08,510 [ERROR] LogOutputStream:75 - [STDERR_REDIRECT] 
2024-12-22 18:48:09,511 [ERROR] LogOutputStream:75 - [STDERR_REDIRECT] [Fatal Error] :1:1: Premature end of file.
2024-12-22 18:48:09,512 [ERROR] LogOutputStream:75 - [STDERR_REDIRECT] 
2024-12-22 18:48:10,510 [ERROR] LogOutputStream:75 - [STDERR_REDIRECT] [Fatal Error] :1:1: Premature end of file.
2024-12-22 18:48:10,510 [ERROR] LogOutputStream:75 - [STDERR_REDIRECT] 
2024-12-22 18:48:11,504 [ERROR] LogOutputStream:75 - [STDERR_REDIRECT] [Fatal Error] :1:1: Premature end of file.
2024-12-22 18:48:11,504 [ERROR] LogOutputStream:75 - [STDERR_REDIRECT] 
2024-12-22 18:48:12,504 [ERROR] LogOutputStream:75 - [STDERR_REDIRECT] [Fatal Error] :1:1: Premature end of file.
2024-12-22 18:48:12,504 [ERROR] LogOutputStream:75 - [STDERR_REDIRECT] 
2024-12-22 18:48:13,518 [ERROR] LogOutputStream:75 - [STDERR_REDIRECT] [Fatal Error] :1:1: Premature end of file.
2024-12-22 18:48:13,518 [ERROR] LogOutputStream:75 - [STDERR_REDIRECT] 
2024-12-22 18:48:14,514 [ERROR] LogOutputStream:75 - [STDERR_REDIRECT] [Fatal Error] :1:1: Premature end of file.
2024-12-22 18:48:14,515 [ERROR] LogOutputStream:75 - [STDERR_REDIRECT] 
2024-12-22 18:48:15,511 [ERROR] LogOutputStream:75 - [STDERR_REDIRECT] [Fatal Error] :1:1: Premature end of file.
2024-12-22 18:48:15,511 [ERROR] LogOutputStream:75 - [STDERR_REDIRECT] 
2024-12-22 18:48:16,511 [ERROR] LogOutputStream:75 - [STDERR_REDIRECT] [Fatal Error] :1:1: Premature end of file.
2024-12-22 18:48:16,511 [ERROR] LogOutputStream:75 - [STDERR_REDIRECT] 
2024-12-22 18:48:17,508 [ERROR] LogOutputStream:75 - [STDERR_REDIRECT] [Fatal Error] :1:1: Premature end of file.
2024-12-22 18:48:17,508 [ERROR] LogOutputStream:75 - [STDERR_REDIRECT] 
2024-12-22 18:48:18,504 [ERROR] LogOutputStream:75 - [STDERR_REDIRECT] [Fatal Error] :1:1: Premature end of file.
2024-12-22 18:48:18,504 [ERROR] LogOutputStream:75 - [STDERR_REDIRECT] 
2024-12-22 18:48:19,510 [ERROR] LogOutputStream:75 - [STDERR_REDIRECT] [Fatal Error] :1:1: Premature end of file.
2024-12-22 18:48:19,510 [ERROR] LogOutputStream:75 - [STDERR_REDIRECT] 
2024-12-22 18:48:20,503 [ERROR] LogOutputStream:75 - [STDERR_REDIRECT] [Fatal Error] :1:1: Premature end of file.
2024-12-22 18:48:20,503 [ERROR] LogOutputStream:75 - [STDERR_REDIRECT] 
2024-12-22 18:48:21,503 [ERROR] LogOutputStream:75 - [STDERR_REDIRECT] [Fatal Error] :1:1: Premature end of file.
2024-12-22 18:48:21,503 [ERROR] LogOutputStream:75 - [STDERR_REDIRECT] 
2024-12-22 18:48:22,502 [ERROR] LogOutputStream:75 - [STDERR_REDIRECT] [Fatal Error] :1:1: Premature end of file.
2024-12-22 18:48:22,503 [ERROR] LogOutputStream:75 - [STDERR_REDIRECT] 
2024-12-22 18:48:23,504 [ERROR] LogOutputStream:75 - [STDERR_REDIRECT] [Fatal Error] :1:1: Premature end of file.
2024-12-22 18:48:23,504 [ERROR] LogOutputStream:75 - [STDERR_REDIRECT] 
2024-12-22 18:48:24,500 [ERROR] LogOutputStream:75 - [STDERR_REDIRECT] [Fatal Error] :1:1: Premature end of file.
2024-12-22 18:48:24,500 [ERROR] LogOutputStream:75 - [STDERR_REDIRECT] 
2024-12-22 18:48:25,504 [ERROR] LogOutputStream:75 - [STDERR_REDIRECT] [Fatal Error] :1:1: Premature end of file.
2024-12-22 18:48:25,504 [ERROR] LogOutputStream:75 - [STDERR_REDIRECT] 
2024-12-22 18:48:26,504 [ERROR] LogOutputStream:75 - [STDERR_REDIRECT] [Fatal Error] :1:1: Premature end of file.
2024-12-22 18:48:26,504 [ERROR] LogOutputStream:75 - [STDERR_REDIRECT] 
2024-12-22 18:48:27,517 [ERROR] LogOutputStream:75 - [STDERR_REDIRECT] [Fatal Error] :1:1: Premature end of file.
2024-12-22 18:48:27,517 [ERROR] LogOutputStream:75 - [STDERR_REDIRECT] 
2024-12-22 18:48:28,504 [ERROR] LogOutputStream:75 - [STDERR_REDIRECT] [Fatal Error] :1:1: Premature end of file.
2024-12-22 18:48:28,504 [ERROR] LogOutputStream:75 - [STDERR_REDIRECT] 
2024-12-22 18:48:29,507 [ERROR] LogOutputStream:75 - [STDERR_REDIRECT] [Fatal Error] :1:1: Premature end of file.
2024-12-22 18:48:29,507 [ERROR] LogOutputStream:75 - [STDERR_REDIRECT] 
2024-12-22 18:48:30,514 [ERROR] LogOutputStream:75 - [STDERR_REDIRECT] [Fatal Error] :1:1: Premature end of file.
2024-12-22 18:48:30,514 [ERROR] LogOutputStream:75 - [STDERR_REDIRECT] 
2024-12-22 18:48:31,512 [ERROR] LogOutputStream:75 - [STDERR_REDIRECT] [Fatal Error] :1:1: Premature end of file.
2024-12-22 18:48:31,512 [ERROR] LogOutputStream:75 - [STDERR_REDIRECT] 
2024-12-22 18:48:32,504 [ERROR] LogOutputStream:75 - [STDERR_REDIRECT] [Fatal Error] :1:1: Premature end of file.
2024-12-22 18:48:32,504 [ERROR] LogOutputStream:75 - [STDERR_REDIRECT] 
2024-12-22 18:48:33,505 [ERROR] LogOutputStream:75 - [STDERR_REDIRECT] [Fatal Error] :1:1: Premature end of file.
2024-12-22 18:48:33,505 [ERROR] LogOutputStream:75 - [STDERR_REDIRECT] 
2024-12-22 18:48:34,504 [ERROR] LogOutputStream:75 - [STDERR_REDIRECT] [Fatal Error] :1:1: Premature end of file.
2024-12-22 18:48:34,504 [ERROR] LogOutputStream:75 - [STDERR_REDIRECT] 
2024-12-22 18:48:35,510 [ERROR] LogOutputStream:75 - [STDERR_REDIRECT] [Fatal Error] :1:1: Premature end of file.
2024-12-22 18:48:35,510 [ERROR] LogOutputStream:75 - [STDERR_REDIRECT] 
2024-12-22 18:48:36,510 [ERROR] LogOutputStream:75 - [STDERR_REDIRECT] [Fatal Error] :1:1: Premature end of file.
2024-12-22 18:48:36,510 [ERROR] LogOutputStream:75 - [STDERR_REDIRECT] 
2024-12-22 18:48:37,514 [ERROR] LogOutputStream:75 - [STDERR_REDIRECT] [Fatal Error] :1:1: Premature end of file.
2024-12-22 18:48:37,514 [ERROR] LogOutputStream:75 - [STDERR_REDIRECT] 
2024-12-22 18:48:38,507 [ERROR] LogOutputStream:75 - [STDERR_REDIRECT] [Fatal Error] :1:1: Premature end of file.
2024-12-22 18:48:38,507 [ERROR] LogOutputStream:75 - [STDERR_REDIRECT] 
2024-12-22 18:48:39,517 [ERROR] LogOutputStream:75 - [STDERR_REDIRECT] [Fatal Error] :1:1: Premature end of file.
2024-12-22 18:48:39,517 [ERROR] LogOutputStream:75 - [STDERR_REDIRECT] 
2024-12-22 18:48:40,517 [ERROR] LogOutputStream:75 - [STDERR_REDIRECT] [Fatal Error] :1:1: Premature end of file.
2024-12-22 18:48:40,517 [ERROR] LogOutputStream:75 - [STDERR_REDIRECT] 
2024-12-22 18:48:41,511 [ERROR] LogOutputStream:75 - [STDERR_REDIRECT] [Fatal Error] :1:1: Premature end of file.
2024-12-22 18:48:41,511 [ERROR] LogOutputStream:75 - [STDERR_REDIRECT] 
2024-12-22 18:48:42,506 [ERROR] LogOutputStream:75 - [STDERR_REDIRECT] [Fatal Error] :1:1: Premature end of file.
2024-12-22 18:48:42,506 [ERROR] LogOutputStream:75 - [STDERR_REDIRECT] 
2024-12-22 18:48:43,504 [ERROR] LogOutputStream:75 - [STDERR_REDIRECT] [Fatal Error] :1:1: Premature end of file.
2024-12-22 18:48:43,504 [ERROR] LogOutputStream:75 - [STDERR_REDIRECT] 
2024-12-22 18:48:44,501 [ERROR] LogOutputStream:75 - [STDERR_REDIRECT] [Fatal Error] :1:1: Premature end of file.
2024-12-22 18:48:44,501 [ERROR] LogOutputStream:75 - [STDERR_REDIRECT] 
2024-12-22 18:48:45,512 [ERROR] LogOutputStream:75 - [STDERR_REDIRECT] [Fatal Error] :1:1: Premature end of file.
2024-12-22 18:48:45,512 [ERROR] LogOutputStream:75 - [STDERR_REDIRECT] 
2024-12-22 18:48:46,514 [ERROR] LogOutputStream:75 - [STDERR_REDIRECT] [Fatal Error] :1:1: Premature end of file.
2024-12-22 18:48:46,514 [ERROR] LogOutputStream:75 - [STDERR_REDIRECT] 
2024-12-22 18:48:47,517 [ERROR] LogOutputStream:75 - [STDERR_REDIRECT] [Fatal Error] :1:1: Premature end of file.
2024-12-22 18:48:47,517 [ERROR] LogOutputStream:75 - [STDERR_REDIRECT] 
2024-12-22 18:48:48,506 [ERROR] LogOutputStream:75 - [STDERR_REDIRECT] [Fatal Error] :1:1: Premature end of file.
2024-12-22 18:48:48,508 [ERROR] LogOutputStream:75 - [STDERR_REDIRECT] 
2024-12-22 18:48:49,513 [ERROR] LogOutputStream:75 - [STDERR_REDIRECT] [Fatal Error] :1:1: Premature end of file.
2024-12-22 18:48:49,513 [ERROR] LogOutputStream:75 - [STDERR_REDIRECT] 
2024-12-22 18:48:50,500 [ERROR] LogOutputStream:75 - [STDERR_REDIRECT] [Fatal Error] :1:1: Premature end of file.
2024-12-22 18:48:50,500 [ERROR] LogOutputStream:75 - [STDERR_REDIRECT] 
2024-12-22 18:48:51,510 [ERROR] LogOutputStream:75 - [STDERR_REDIRECT] [Fatal Error] :1:1: Premature end of file.
2024-12-22 18:48:51,511 [ERROR] LogOutputStream:75 - [STDERR_REDIRECT] 
2024-12-22 18:48:52,518 [ERROR] LogOutputStream:75 - [STDERR_REDIRECT] [Fatal Error] :1:1: Premature end of file.
2024-12-22 18:48:52,518 [ERROR] LogOutputStream:75 - [STDERR_REDIRECT] 
2024-12-22 18:48:53,516 [ERROR] LogOutputStream:75 - [STDERR_REDIRECT] [Fatal Error] :1:1: Premature end of file.
2024-12-22 18:48:53,516 [ERROR] LogOutputStream:75 - [STDERR_REDIRECT] 
2024-12-22 18:48:54,505 [ERROR] LogOutputStream:75 - [STDERR_REDIRECT] [Fatal Error] :1:1: Premature end of file.
2024-12-22 18:48:54,505 [ERROR] LogOutputStream:75 - [STDERR_REDIRECT] 
2024-12-22 18:48:55,518 [ERROR] LogOutputStream:75 - [STDERR_REDIRECT] [Fatal Error] :1:1: Premature end of file.
2024-12-22 18:48:55,518 [ERROR] LogOutputStream:75 - [STDERR_REDIRECT] 
2024-12-22 18:48:56,517 [ERROR] LogOutputStream:75 - [STDERR_REDIRECT] [Fatal Error] :1:1: Premature end of file.
2024-12-22 18:48:56,517 [ERROR] LogOutputStream:75 - [STDERR_REDIRECT] 
2024-12-22 18:48:57,513 [ERROR] LogOutputStream:75 - [STDERR_REDIRECT] [Fatal Error] :1:1: Premature end of file.
2024-12-22 18:48:57,513 [ERROR] LogOutputStream:75 - [STDERR_REDIRECT] 
2024-12-22 18:48:58,515 [ERROR] LogOutputStream:75 - [STDERR_REDIRECT] [Fatal Error] :1:1: Premature end of file.
2024-12-22 18:48:58,515 [ERROR] LogOutputStream:75 - [STDERR_REDIRECT] 
2024-12-22 18:48:59,512 [ERROR] LogOutputStream:75 - [STDERR_REDIRECT] [Fatal Error] :1:1: Premature end of file.
2024-12-22 18:48:59,513 [ERROR] LogOutputStream:75 - [STDERR_REDIRECT] 
2024-12-22 18:49:00,507 [ERROR] LogOutputStream:75 - [STDERR_REDIRECT] [Fatal Error] :1:1: Premature end of file.
2024-12-22 18:49:00,507 [ERROR] LogOutputStream:75 - [STDERR_REDIRECT] 
2024-12-22 18:49:01,509 [ERROR] LogOutputStream:75 - [STDERR_REDIRECT] [Fatal Error] :1:1: Premature end of file.
2024-12-22 18:49:01,509 [ERROR] LogOutputStream:75 - [STDERR_REDIRECT] 
2024-12-22 18:49:02,508 [ERROR] LogOutputStream:75 - [STDERR_REDIRECT] [Fatal Error] :1:1: Premature end of file.
2024-12-22 18:49:02,508 [ERROR] LogOutputStream:75 - [STDERR_REDIRECT] 
2024-12-22 18:49:03,505 [ERROR] LogOutputStream:75 - [STDERR_REDIRECT] [Fatal Error] :1:1: Premature end of file.
2024-12-22 18:49:03,506 [ERROR] LogOutputStream:75 - [STDERR_REDIRECT] 
2024-12-22 18:49:04,507 [ERROR] LogOutputStream:75 - [STDERR_REDIRECT] [Fatal Error] :1:1: Premature end of file.
2024-12-22 18:49:04,507 [ERROR] LogOutputStream:75 - [STDERR_REDIRECT] 
2024-12-22 18:49:05,505 [ERROR] LogOutputStream:75 - [STDERR_REDIRECT] [Fatal Error] :1:1: Premature end of file.
2024-12-22 18:49:05,505 [ERROR] LogOutputStream:75 - [STDERR_REDIRECT] 
2024-12-22 18:49:06,503 [ERROR] LogOutputStream:75 - [STDERR_REDIRECT] [Fatal Error] :1:1: Premature end of file.
2024-12-22 18:49:06,503 [ERROR] LogOutputStream:75 - [STDERR_REDIRECT] 
2024-12-22 18:49:07,517 [ERROR] LogOutputStream:75 - [STDERR_REDIRECT] [Fatal Error] :1:1: Premature end of file.
2024-12-22 18:49:07,517 [ERROR] LogOutputStream:75 - [STDERR_REDIRECT] 
2024-12-22 18:49:08,517 [ERROR] LogOutputStream:75 - [STDERR_REDIRECT] [Fatal Error] :1:1: Premature end of file.
2024-12-22 18:49:08,517 [ERROR] LogOutputStream:75 - [STDERR_REDIRECT] 
2024-12-22 18:49:09,494 [ERROR] LogOutputStream:75 - [STDERR_REDIRECT] [Fatal Error] :1:1: Premature end of file.
2024-12-22 18:49:09,494 [ERROR] LogOutputStream:75 - [STDERR_REDIRECT] 
2024-12-22 18:49:10,511 [ERROR] LogOutputStream:75 - [STDERR_REDIRECT] [Fatal Error] :1:1: Premature end of file.
2024-12-22 18:49:10,511 [ERROR] LogOutputStream:75 - [STDERR_REDIRECT] 
2024-12-22 18:49:11,494 [ERROR] LogOutputStream:75 - [STDERR_REDIRECT] [Fatal Error] :1:1: Premature end of file.
2024-12-22 18:49:11,494 [ERROR] LogOutputStream:75 - [STDERR_REDIRECT] 
2024-12-22 18:49:12,517 [ERROR] LogOutputStream:75 - [STDERR_REDIRECT] [Fatal Error] :1:1: Premature end of file.
2024-12-22 18:49:12,518 [ERROR] LogOutputStream:75 - [STDERR_REDIRECT] 
2024-12-22 18:49:13,513 [ERROR] LogOutputStream:75 - [STDERR_REDIRECT] [Fatal Error] :1:1: Premature end of file.
2024-12-22 18:49:13,513 [ERROR] LogOutputStream:75 - [STDERR_REDIRECT] 
2024-12-22 18:49:14,504 [ERROR] LogOutputStream:75 - [STDERR_REDIRECT] [Fatal Error] :1:1: Premature end of file.
2024-12-22 18:49:14,504 [ERROR] LogOutputStream:75 - [STDERR_REDIRECT] 
2024-12-22 18:49:15,517 [ERROR] LogOutputStream:75 - [STDERR_REDIRECT] [Fatal Error] :1:1: Premature end of file.
2024-12-22 18:49:15,517 [ERROR] LogOutputStream:75 - [STDERR_REDIRECT] 
2024-12-22 18:49:16,503 [ERROR] LogOutputStream:75 - [STDERR_REDIRECT] [Fatal Error] :1:1: Premature end of file.
2024-12-22 18:49:16,503 [ERROR] LogOutputStream:75 - [STDERR_REDIRECT] 
2024-12-22 18:49:17,519 [ERROR] LogOutputStream:75 - [STDERR_REDIRECT] [Fatal Error] :1:1: Premature end of file.
2024-12-22 18:49:17,519 [ERROR] LogOutputStream:75 - [STDERR_REDIRECT] 
2024-12-22 18:49:18,510 [ERROR] LogOutputStream:75 - [STDERR_REDIRECT] [Fatal Error] :1:1: Premature end of file.
2024-12-22 18:49:18,510 [ERROR] LogOutputStream:75 - [STDERR_REDIRECT] 
2024-12-22 18:49:19,502 [ERROR] LogOutputStream:75 - [STDERR_REDIRECT] [Fatal Error] :1:1: Premature end of file.
2024-12-22 18:49:19,502 [ERROR] LogOutputStream:75 - [STDERR_REDIRECT] 
2024-12-22 18:49:20,504 [ERROR] LogOutputStream:75 - [STDERR_REDIRECT] [Fatal Error] :1:1: Premature end of file.
2024-12-22 18:49:20,504 [ERROR] LogOutputStream:75 - [STDERR_REDIRECT] 
2024-12-22 18:49:21,516 [ERROR] LogOutputStream:75 - [STDERR_REDIRECT] [Fatal Error] :1:1: Premature end of file.
2024-12-22 18:49:21,516 [ERROR] LogOutputStream:75 - [STDERR_REDIRECT] 
2024-12-22 18:49:22,518 [ERROR] LogOutputStream:75 - [STDERR_REDIRECT] [Fatal Error] :1:1: Premature end of file.
2024-12-22 18:49:22,519 [ERROR] LogOutputStream:75 - [STDERR_REDIRECT] 
2024-12-22 18:49:23,507 [ERROR] LogOutputStream:75 - [STDERR_REDIRECT] [Fatal Error] :1:1: Premature end of file.
2024-12-22 18:49:23,507 [ERROR] LogOutputStream:75 - [STDERR_REDIRECT] 
2024-12-22 18:49:24,497 [ERROR] LogOutputStream:75 - [STDERR_REDIRECT] [Fatal Error] :1:1: Premature end of file.
2024-12-22 18:49:24,497 [ERROR] LogOutputStream:75 - [STDERR_REDIRECT] 
2024-12-22 18:49:25,506 [ERROR] LogOutputStream:75 - [STDERR_REDIRECT] [Fatal Error] :1:1: Premature end of file.
2024-12-22 18:49:25,506 [ERROR] LogOutputStream:75 - [STDERR_REDIRECT] 
2024-12-22 18:49:26,508 [ERROR] LogOutputStream:75 - [STDERR_REDIRECT] [Fatal Error] :1:1: Premature end of file.
2024-12-22 18:49:26,509 [ERROR] LogOutputStream:75 - [STDERR_REDIRECT] 
2024-12-22 18:49:27,511 [ERROR] LogOutputStream:75 - [STDERR_REDIRECT] [Fatal Error] :1:1: Premature end of file.
2024-12-22 18:49:27,511 [ERROR] LogOutputStream:75 - [STDERR_REDIRECT] 
2024-12-22 18:49:28,515 [ERROR] LogOutputStream:75 - [STDERR_REDIRECT] [Fatal Error] :1:1: Premature end of file.
2024-12-22 18:49:28,515 [ERROR] LogOutputStream:75 - [STDERR_REDIRECT] 
2024-12-22 18:49:29,517 [ERROR] LogOutputStream:75 - [STDERR_REDIRECT] [Fatal Error] :1:1: Premature end of file.
2024-12-22 18:49:29,517 [ERROR] LogOutputStream:75 - [STDERR_REDIRECT] 
2024-12-22 18:49:30,514 [ERROR] LogOutputStream:75 - [STDERR_REDIRECT] [Fatal Error] :1:1: Premature end of file.
2024-12-22 18:49:30,514 [ERROR] LogOutputStream:75 - [STDERR_REDIRECT] 
2024-12-22 18:49:31,504 [ERROR] LogOutputStream:75 - [STDERR_REDIRECT] [Fatal Error] :1:1: Premature end of file.
2024-12-22 18:49:31,504 [ERROR] LogOutputStream:75 - [STDERR_REDIRECT] 
2024-12-22 18:49:32,506 [ERROR] LogOutputStream:75 - [STDERR_REDIRECT] [Fatal Error] :1:1: Premature end of file.
2024-12-22 18:49:32,506 [ERROR] LogOutputStream:75 - [STDERR_REDIRECT] 
2024-12-22 18:49:33,517 [ERROR] LogOutputStream:75 - [STDERR_REDIRECT] [Fatal Error] :1:1: Premature end of file.
2024-12-22 18:49:33,517 [ERROR] LogOutputStream:75 - [STDERR_REDIRECT] 
2024-12-22 18:49:34,519 [ERROR] LogOutputStream:75 - [STDERR_REDIRECT] [Fatal Error] :1:1: Premature end of file.
2024-12-22 18:49:34,519 [ERROR] LogOutputStream:75 - [STDERR_REDIRECT] 
2024-12-22 18:49:35,495 [ERROR] LogOutputStream:75 - [STDERR_REDIRECT] [Fatal Error] :1:1: Premature end of file.
2024-12-22 18:49:35,495 [ERROR] LogOutputStream:75 - [STDERR_REDIRECT] 
2024-12-22 18:49:36,507 [ERROR] LogOutputStream:75 - [STDERR_REDIRECT] [Fatal Error] :1:1: Premature end of file.
2024-12-22 18:49:36,507 [ERROR] LogOutputStream:75 - [STDERR_REDIRECT] 
2024-12-22 18:49:37,504 [ERROR] LogOutputStream:75 - [STDERR_REDIRECT] [Fatal Error] :1:1: Premature end of file.
2024-12-22 18:49:37,504 [ERROR] LogOutputStream:75 - [STDERR_REDIRECT] 
2024-12-22 18:49:38,506 [ERROR] LogOutputStream:75 - [STDERR_REDIRECT] [Fatal Error] :1:1: Premature end of file.
2024-12-22 18:49:38,506 [ERROR] LogOutputStream:75 - [STDERR_REDIRECT] 
2024-12-22 18:49:39,494 [ERROR] LogOutputStream:75 - [STDERR_REDIRECT] [Fatal Error] :1:1: Premature end of file.
2024-12-22 18:49:39,494 [ERROR] LogOutputStream:75 - [STDERR_REDIRECT] 
2024-12-22 18:49:40,516 [ERROR] LogOutputStream:75 - [STDERR_REDIRECT] [Fatal Error] :1:1: Premature end of file.
2024-12-22 18:49:40,516 [ERROR] LogOutputStream:75 - [STDERR_REDIRECT] 
2024-12-22 18:49:41,506 [ERROR] LogOutputStream:75 - [STDERR_REDIRECT] [Fatal Error] :1:1: Premature end of file.
2024-12-22 18:49:41,506 [ERROR] LogOutputStream:75 - [STDERR_REDIRECT] 
2024-12-22 18:49:42,519 [ERROR] LogOutputStream:75 - [STDERR_REDIRECT] [Fatal Error] :1:1: Premature end of file.
2024-12-22 18:49:42,519 [ERROR] LogOutputStream:75 - [STDERR_REDIRECT] 
2024-12-22 18:49:43,519 [ERROR] LogOutputStream:75 - [STDERR_REDIRECT] [Fatal Error] :1:1: Premature end of file.
2024-12-22 18:49:43,519 [ERROR] LogOutputStream:75 - [STDERR_REDIRECT] 
2024-12-22 18:49:44,519 [ERROR] LogOutputStream:75 - [STDERR_REDIRECT] [Fatal Error] :1:1: Premature end of file.
2024-12-22 18:49:44,519 [ERROR] LogOutputStream:75 - [STDERR_REDIRECT] 
2024-12-22 18:49:45,519 [ERROR] LogOutputStream:75 - [STDERR_REDIRECT] [Fatal Error] :1:1: Premature end of file.
2024-12-22 18:49:45,519 [ERROR] LogOutputStream:75 - [STDERR_REDIRECT] 
2024-12-22 18:49:46,506 [ERROR] LogOutputStream:75 - [STDERR_REDIRECT] [Fatal Error] :1:1: Premature end of file.
2024-12-22 18:49:46,506 [ERROR] LogOutputStream:75 - [STDERR_REDIRECT] 
2024-12-22 18:49:47,514 [ERROR] LogOutputStream:75 - [STDERR_REDIRECT] [Fatal Error] :1:1: Premature end of file.
2024-12-22 18:49:47,514 [ERROR] LogOutputStream:75 - [STDERR_REDIRECT] 
2024-12-22 18:49:48,512 [ERROR] LogOutputStream:75 - [STDERR_REDIRECT] [Fatal Error] :1:1: Premature end of file.
2024-12-22 18:49:48,512 [ERROR] LogOutputStream:75 - [STDERR_REDIRECT] 
2024-12-22 18:49:49,518 [ERROR] LogOutputStream:75 - [STDERR_REDIRECT] [Fatal Error] :1:1: Premature end of file.
2024-12-22 18:49:49,518 [ERROR] LogOutputStream:75 - [STDERR_REDIRECT] 
2024-12-22 18:49:50,515 [ERROR] LogOutputStream:75 - [STDERR_REDIRECT] [Fatal Error] :1:1: Premature end of file.
2024-12-22 18:49:50,515 [ERROR] LogOutputStream:75 - [STDERR_REDIRECT] 
2024-12-22 18:49:51,515 [ERROR] LogOutputStream:75 - [STDERR_REDIRECT] [Fatal Error] :1:1: Premature end of file.
2024-12-22 18:49:51,515 [ERROR] LogOutputStream:75 - [STDERR_REDIRECT] 
2024-12-22 18:49:52,506 [ERROR] LogOutputStream:75 - [STDERR_REDIRECT] [Fatal Error] :1:1: Premature end of file.
2024-12-22 18:49:52,506 [ERROR] LogOutputStream:75 - [STDERR_REDIRECT] 
2024-12-22 18:49:53,502 [ERROR] LogOutputStream:75 - [STDERR_REDIRECT] [Fatal Error] :1:1: Premature end of file.
2024-12-22 18:49:53,503 [ERROR] LogOutputStream:75 - [STDERR_REDIRECT] 
2024-12-22 18:49:54,512 [ERROR] LogOutputStream:75 - [STDERR_REDIRECT] [Fatal Error] :1:1: Premature end of file.
2024-12-22 18:49:54,512 [ERROR] LogOutputStream:75 - [STDERR_REDIRECT] 
2024-12-22 18:49:55,514 [ERROR] LogOutputStream:75 - [STDERR_REDIRECT] [Fatal Error] :1:1: Premature end of file.
2024-12-22 18:49:55,514 [ERROR] LogOutputStream:75 - [STDERR_REDIRECT] 
2024-12-22 18:49:56,510 [ERROR] LogOutputStream:75 - [STDERR_REDIRECT] [Fatal Error] :1:1: Premature end of file.
2024-12-22 18:49:56,510 [ERROR] LogOutputStream:75 - [STDERR_REDIRECT] 
2024-12-22 18:49:57,508 [ERROR] LogOutputStream:75 - [STDERR_REDIRECT] [Fatal Error] :1:1: Premature end of file.
2024-12-22 18:49:57,508 [ERROR] LogOutputStream:75 - [STDERR_REDIRECT] 
2024-12-22 18:49:58,511 [ERROR] LogOutputStream:75 - [STDERR_REDIRECT] [Fatal Error] :1:1: Premature end of file.
2024-12-22 18:49:58,511 [ERROR] LogOutputStream:75 - [STDERR_REDIRECT] 
2024-12-22 18:49:59,511 [ERROR] LogOutputStream:75 - [STDERR_REDIRECT] [Fatal Error] :1:1: Premature end of file.
2024-12-22 18:49:59,512 [ERROR] LogOutputStream:75 - [STDERR_REDIRECT] 
2024-12-22 18:50:00,508 [ERROR] LogOutputStream:75 - [STDERR_REDIRECT] [Fatal Error] :1:1: Premature end of file.
2024-12-22 18:50:00,509 [ERROR] LogOutputStream:75 - [STDERR_REDIRECT] 
2024-12-22 18:50:01,503 [ERROR] LogOutputStream:75 - [STDERR_REDIRECT] [Fatal Error] :1:1: Premature end of file.
2024-12-22 18:50:01,503 [ERROR] LogOutputStream:75 - [STDERR_REDIRECT] 
2024-12-22 18:50:02,521 [ERROR] LogOutputStream:75 - [STDERR_REDIRECT] [Fatal Error] :1:1: Premature end of file.
2024-12-22 18:50:02,521 [ERROR] LogOutputStream:75 - [STDERR_REDIRECT] 
2024-12-22 18:50:03,508 [ERROR] LogOutputStream:75 - [STDERR_REDIRECT] [Fatal Error] :1:1: Premature end of file.
2024-12-22 18:50:03,509 [ERROR] LogOutputStream:75 - [STDERR_REDIRECT] 
2024-12-22 18:50:04,521 [ERROR] LogOutputStream:75 - [STDERR_REDIRECT] [Fatal Error] :1:1: Premature end of file.
2024-12-22 18:50:04,521 [ERROR] LogOutputStream:75 - [STDERR_REDIRECT] 
2024-12-22 18:50:05,507 [ERROR] LogOutputStream:75 - [STDERR_REDIRECT] [Fatal Error] :1:1: Premature end of file.
2024-12-22 18:50:05,507 [ERROR] LogOutputStream:75 - [STDERR_REDIRECT] 
2024-12-22 18:50:06,503 [ERROR] LogOutputStream:75 - [STDERR_REDIRECT] [Fatal Error] :1:1: Premature end of file.
2024-12-22 18:50:06,503 [ERROR] LogOutputStream:75 - [STDERR_REDIRECT] 
2024-12-22 18:50:07,519 [ERROR] LogOutputStream:75 - [STDERR_REDIRECT] [Fatal Error] :1:1: Premature end of file.
2024-12-22 18:50:07,519 [ERROR] LogOutputStream:75 - [STDERR_REDIRECT] 
2024-12-22 18:50:08,505 [ERROR] LogOutputStream:75 - [STDERR_REDIRECT] [Fatal Error] :1:1: Premature end of file.
2024-12-22 18:50:08,506 [ERROR] LogOutputStream:75 - [STDERR_REDIRECT] 
2024-12-22 18:50:09,504 [ERROR] LogOutputStream:75 - [STDERR_REDIRECT] [Fatal Error] :1:1: Premature end of file.
2024-12-22 18:50:09,504 [ERROR] LogOutputStream:75 - [STDERR_REDIRECT] 
2024-12-22 18:50:10,510 [ERROR] LogOutputStream:75 - [STDERR_REDIRECT] [Fatal Error] :1:1: Premature end of file.
2024-12-22 18:50:10,510 [ERROR] LogOutputStream:75 - [STDERR_REDIRECT] 
2024-12-22 18:50:11,502 [ERROR] LogOutputStream:75 - [STDERR_REDIRECT] [Fatal Error] :1:1: Premature end of file.
2024-12-22 18:50:11,502 [ERROR] LogOutputStream:75 - [STDERR_REDIRECT] 
2024-12-22 18:50:12,504 [ERROR] LogOutputStream:75 - [STDERR_REDIRECT] [Fatal Error] :1:1: Premature end of file.
2024-12-22 18:50:12,504 [ERROR] LogOutputStream:75 - [STDERR_REDIRECT] 
2024-12-22 18:50:13,501 [ERROR] LogOutputStream:75 - [STDERR_REDIRECT] [Fatal Error] :1:1: Premature end of file.
2024-12-22 18:50:13,501 [ERROR] LogOutputStream:75 - [STDERR_REDIRECT] 
2024-12-22 18:50:14,507 [ERROR] LogOutputStream:75 - [STDERR_REDIRECT] [Fatal Error] :1:1: Premature end of file.
2024-12-22 18:50:14,507 [ERROR] LogOutputStream:75 - [STDERR_REDIRECT] 
2024-12-22 18:50:15,506 [ERROR] LogOutputStream:75 - [STDERR_REDIRECT] [Fatal Error] :1:1: Premature end of file.
2024-12-22 18:50:15,506 [ERROR] LogOutputStream:75 - [STDERR_REDIRECT] 
2024-12-22 18:50:16,503 [ERROR] LogOutputStream:75 - [STDERR_REDIRECT] [Fatal Error] :1:1: Premature end of file.
2024-12-22 18:50:16,503 [ERROR] LogOutputStream:75 - [STDERR_REDIRECT] 
2024-12-22 18:50:17,517 [ERROR] LogOutputStream:75 - [STDERR_REDIRECT] [Fatal Error] :1:1: Premature end of file.
2024-12-22 18:50:17,517 [ERROR] LogOutputStream:75 - [STDERR_REDIRECT] 
2024-12-22 18:50:18,517 [ERROR] LogOutputStream:75 - [STDERR_REDIRECT] [Fatal Error] :1:1: Premature end of file.
2024-12-22 18:50:18,517 [ERROR] LogOutputStream:75 - [STDERR_REDIRECT] 
2024-12-22 18:50:19,503 [ERROR] LogOutputStream:75 - [STDERR_REDIRECT] [Fatal Error] :1:1: Premature end of file.
2024-12-22 18:50:19,503 [ERROR] LogOutputStream:75 - [STDERR_REDIRECT] 
2024-12-22 18:50:20,504 [ERROR] LogOutputStream:75 - [STDERR_REDIRECT] [Fatal Error] :1:1: Premature end of file.
2024-12-22 18:50:20,505 [ERROR] LogOutputStream:75 - [STDERR_REDIRECT] 
2024-12-22 18:50:21,508 [ERROR] LogOutputStream:75 - [STDERR_REDIRECT] [Fatal Error] :1:1: Premature end of file.
2024-12-22 18:50:21,508 [ERROR] LogOutputStream:75 - [STDERR_REDIRECT] 
2024-12-22 18:50:22,516 [ERROR] LogOutputStream:75 - [STDERR_REDIRECT] [Fatal Error] :1:1: Premature end of file.
2024-12-22 18:50:22,516 [ERROR] LogOutputStream:75 - [STDERR_REDIRECT] 
2024-12-22 18:50:23,520 [ERROR] LogOutputStream:75 - [STDERR_REDIRECT] [Fatal Error] :1:1: Premature end of file.
2024-12-22 18:50:23,520 [ERROR] LogOutputStream:75 - [STDERR_REDIRECT] 
2024-12-22 18:50:24,518 [ERROR] LogOutputStream:75 - [STDERR_REDIRECT] [Fatal Error] :1:1: Premature end of file.
2024-12-22 18:50:24,519 [ERROR] LogOutputStream:75 - [STDERR_REDIRECT] 
2024-12-22 18:50:25,503 [ERROR] LogOutputStream:75 - [STDERR_REDIRECT] [Fatal Error] :1:1: Premature end of file.
2024-12-22 18:50:25,503 [ERROR] LogOutputStream:75 - [STDERR_REDIRECT] 
2024-12-22 18:50:26,516 [ERROR] LogOutputStream:75 - [STDERR_REDIRECT] [Fatal Error] :1:1: Premature end of file.
2024-12-22 18:50:26,516 [ERROR] LogOutputStream:75 - [STDERR_REDIRECT] 
2024-12-22 18:50:27,514 [ERROR] LogOutputStream:75 - [STDERR_REDIRECT] [Fatal Error] :1:1: Premature end of file.
2024-12-22 18:50:27,514 [ERROR] LogOutputStream:75 - [STDERR_REDIRECT] 
2024-12-22 18:50:28,520 [ERROR] LogOutputStream:75 - [STDERR_REDIRECT] [Fatal Error] :1:1: Premature end of file.
2024-12-22 18:50:28,520 [ERROR] LogOutputStream:75 - [STDERR_REDIRECT] 
2024-12-22 18:50:29,502 [ERROR] LogOutputStream:75 - [STDERR_REDIRECT] [Fatal Error] :1:1: Premature end of file.
2024-12-22 18:50:29,502 [ERROR] LogOutputStream:75 - [STDERR_REDIRECT] 
2024-12-22 18:50:30,507 [ERROR] LogOutputStream:75 - [STDERR_REDIRECT] [Fatal Error] :1:1: Premature end of file.
2024-12-22 18:50:30,507 [ERROR] LogOutputStream:75 - [STDERR_REDIRECT] 
2024-12-22 18:50:31,518 [ERROR] LogOutputStream:75 - [STDERR_REDIRECT] [Fatal Error] :1:1: Premature end of file.
2024-12-22 18:50:31,518 [ERROR] LogOutputStream:75 - [STDERR_REDIRECT] 
2024-12-22 18:50:32,517 [ERROR] LogOutputStream:75 - [STDERR_REDIRECT] [Fatal Error] :1:1: Premature end of file.
2024-12-22 18:50:32,517 [ERROR] LogOutputStream:75 - [STDERR_REDIRECT] 
2024-12-22 18:50:33,516 [ERROR] LogOutputStream:75 - [STDERR_REDIRECT] [Fatal Error] :1:1: Premature end of file.
2024-12-22 18:50:33,516 [ERROR] LogOutputStream:75 - [STDERR_REDIRECT] 
2024-12-22 18:50:34,502 [ERROR] LogOutputStream:75 - [STDERR_REDIRECT] [Fatal Error] :1:1: Premature end of file.
2024-12-22 18:50:34,502 [ERROR] LogOutputStream:75 - [STDERR_REDIRECT] 
2024-12-22 18:50:35,514 [ERROR] LogOutputStream:75 - [STDERR_REDIRECT] [Fatal Error] :1:1: Premature end of file.
2024-12-22 18:50:35,514 [ERROR] LogOutputStream:75 - [STDERR_REDIRECT] 
2024-12-22 18:50:36,505 [ERROR] LogOutputStream:75 - [STDERR_REDIRECT] [Fatal Error] :1:1: Premature end of file.
2024-12-22 18:50:36,505 [ERROR] LogOutputStream:75 - [STDERR_REDIRECT] 
2024-12-22 18:50:37,507 [ERROR] LogOutputStream:75 - [STDERR_REDIRECT] [Fatal Error] :1:1: Premature end of file.
2024-12-22 18:50:37,507 [ERROR] LogOutputStream:75 - [STDERR_REDIRECT] 
2024-12-22 18:50:38,506 [ERROR] LogOutputStream:75 - [STDERR_REDIRECT] [Fatal Error] :1:1: Premature end of file.
2024-12-22 18:50:38,506 [ERROR] LogOutputStream:75 - [STDERR_REDIRECT] 
2024-12-22 18:50:39,519 [ERROR] LogOutputStream:75 - [STDERR_REDIRECT] [Fatal Error] :1:1: Premature end of file.
2024-12-22 18:50:39,519 [ERROR] LogOutputStream:75 - [STDERR_REDIRECT] 
2024-12-22 18:50:40,515 [ERROR] LogOutputStream:75 - [STDERR_REDIRECT] [Fatal Error] :1:1: Premature end of file.
2024-12-22 18:50:40,515 [ERROR] LogOutputStream:75 - [STDERR_REDIRECT] 
2024-12-22 18:50:41,519 [ERROR] LogOutputStream:75 - [STDERR_REDIRECT] [Fatal Error] :1:1: Premature end of file.
2024-12-22 18:50:41,519 [ERROR] LogOutputStream:75 - [STDERR_REDIRECT] 
2024-12-22 18:50:42,506 [ERROR] LogOutputStream:75 - [STDERR_REDIRECT] [Fatal Error] :1:1: Premature end of file.
2024-12-22 18:50:42,506 [ERROR] LogOutputStream:75 - [STDERR_REDIRECT] 
2024-12-22 18:50:43,513 [ERROR] LogOutputStream:75 - [STDERR_REDIRECT] [Fatal Error] :1:1: Premature end of file.
2024-12-22 18:50:43,513 [ERROR] LogOutputStream:75 - [STDERR_REDIRECT] 
2024-12-22 18:50:44,535 [ERROR] LogOutputStream:75 - [STDERR_REDIRECT] [Fatal Error] :1:1: Premature end of file.
2024-12-22 18:50:44,535 [ERROR] LogOutputStream:75 - [STDERR_REDIRECT] 
2024-12-22 18:50:45,517 [ERROR] LogOutputStream:75 - [STDERR_REDIRECT] [Fatal Error] :1:1: Premature end of file.
2024-12-22 18:50:45,517 [ERROR] LogOutputStream:75 - [STDERR_REDIRECT] 
2024-12-22 18:50:46,501 [ERROR] LogOutputStream:75 - [STDERR_REDIRECT] [Fatal Error] :1:1: Premature end of file.
2024-12-22 18:50:46,501 [ERROR] LogOutputStream:75 - [STDERR_REDIRECT] 
2024-12-22 18:50:47,517 [ERROR] LogOutputStream:75 - [STDERR_REDIRECT] [Fatal Error] :1:1: Premature end of file.
2024-12-22 18:50:47,517 [ERROR] LogOutputStream:75 - [STDERR_REDIRECT] 
2024-12-22 18:50:48,518 [ERROR] LogOutputStream:75 - [STDERR_REDIRECT] [Fatal Error] :1:1: Premature end of file.
2024-12-22 18:50:48,518 [ERROR] LogOutputStream:75 - [STDERR_REDIRECT] 
2024-12-22 18:50:49,517 [ERROR] LogOutputStream:75 - [STDERR_REDIRECT] [Fatal Error] :1:1: Premature end of file.
2024-12-22 18:50:49,517 [ERROR] LogOutputStream:75 - [STDERR_REDIRECT] 
2024-12-22 18:50:50,511 [ERROR] LogOutputStream:75 - [STDERR_REDIRECT] [Fatal Error] :1:1: Premature end of file.
2024-12-22 18:50:50,511 [ERROR] LogOutputStream:75 - [STDERR_REDIRECT] 
2024-12-22 18:50:51,513 [ERROR] LogOutputStream:75 - [STDERR_REDIRECT] [Fatal Error] :1:1: Premature end of file.
2024-12-22 18:50:51,513 [ERROR] LogOutputStream:75 - [STDERR_REDIRECT] 
2024-12-22 18:50:52,503 [ERROR] LogOutputStream:75 - [STDERR_REDIRECT] [Fatal Error] :1:1: Premature end of file.
2024-12-22 18:50:52,503 [ERROR] LogOutputStream:75 - [STDERR_REDIRECT] 
2024-12-22 18:50:53,506 [ERROR] LogOutputStream:75 - [STDERR_REDIRECT] [Fatal Error] :1:1: Premature end of file.
2024-12-22 18:50:53,506 [ERROR] LogOutputStream:75 - [STDERR_REDIRECT] 
2024-12-22 18:50:54,504 [ERROR] LogOutputStream:75 - [STDERR_REDIRECT] [Fatal Error] :1:1: Premature end of file.
2024-12-22 18:50:54,504 [ERROR] LogOutputStream:75 - [STDERR_REDIRECT] 
2024-12-22 18:50:55,519 [ERROR] LogOutputStream:75 - [STDERR_REDIRECT] [Fatal Error] :1:1: Premature end of file.
2024-12-22 18:50:55,519 [ERROR] LogOutputStream:75 - [STDERR_REDIRECT] 
2024-12-22 18:50:56,503 [ERROR] LogOutputStream:75 - [STDERR_REDIRECT] [Fatal Error] :1:1: Premature end of file.
2024-12-22 18:50:56,503 [ERROR] LogOutputStream:75 - [STDERR_REDIRECT] 
2024-12-22 18:50:57,515 [ERROR] LogOutputStream:75 - [STDERR_REDIRECT] [Fatal Error] :1:1: Premature end of file.
2024-12-22 18:50:57,515 [ERROR] LogOutputStream:75 - [STDERR_REDIRECT] 
2024-12-22 18:50:58,529 [ERROR] LogOutputStream:75 - [STDERR_REDIRECT] [Fatal Error] :1:1: Premature end of file.
2024-12-22 18:50:58,529 [ERROR] LogOutputStream:75 - [STDERR_REDIRECT] 
2024-12-22 18:50:59,515 [ERROR] LogOutputStream:75 - [STDERR_REDIRECT] [Fatal Error] :1:1: Premature end of file.
2024-12-22 18:50:59,515 [ERROR] LogOutputStream:75 - [STDERR_REDIRECT] 
2024-12-22 18:51:00,504 [ERROR] LogOutputStream:75 - [STDERR_REDIRECT] [Fatal Error] :1:1: Premature end of file.
2024-12-22 18:51:00,504 [ERROR] LogOutputStream:75 - [STDERR_REDIRECT] 
2024-12-22 18:51:01,504 [ERROR] LogOutputStream:75 - [STDERR_REDIRECT] [Fatal Error] :1:1: Premature end of file.
2024-12-22 18:51:01,504 [ERROR] LogOutputStream:75 - [STDERR_REDIRECT] 
2024-12-22 18:51:02,519 [ERROR] LogOutputStream:75 - [STDERR_REDIRECT] [Fatal Error] :1:1: Premature end of file.
2024-12-22 18:51:02,519 [ERROR] LogOutputStream:75 - [STDERR_REDIRECT] 
2024-12-22 18:51:03,519 [ERROR] LogOutputStream:75 - [STDERR_REDIRECT] [Fatal Error] :1:1: Premature end of file.
2024-12-22 18:51:03,519 [ERROR] LogOutputStream:75 - [STDERR_REDIRECT] 
2024-12-22 18:51:04,517 [ERROR] LogOutputStream:75 - [STDERR_REDIRECT] [Fatal Error] :1:1: Premature end of file.
2024-12-22 18:51:04,517 [ERROR] LogOutputStream:75 - [STDERR_REDIRECT] 
2024-12-22 18:51:05,518 [ERROR] LogOutputStream:75 - [STDERR_REDIRECT] [Fatal Error] :1:1: Premature end of file.
2024-12-22 18:51:05,518 [ERROR] LogOutputStream:75 - [STDERR_REDIRECT] 
2024-12-22 18:51:06,515 [ERROR] LogOutputStream:75 - [STDERR_REDIRECT] [Fatal Error] :1:1: Premature end of file.
2024-12-22 18:51:06,515 [ERROR] LogOutputStream:75 - [STDERR_REDIRECT] 
2024-12-22 18:51:07,503 [ERROR] LogOutputStream:75 - [STDERR_REDIRECT] [Fatal Error] :1:1: Premature end of file.
2024-12-22 18:51:07,503 [ERROR] LogOutputStream:75 - [STDERR_REDIRECT] 
2024-12-22 18:51:08,501 [ERROR] LogOutputStream:75 - [STDERR_REDIRECT] [Fatal Error] :1:1: Premature end of file.
2024-12-22 18:51:08,501 [ERROR] LogOutputStream:75 - [STDERR_REDIRECT] 
2024-12-22 18:51:09,505 [ERROR] LogOutputStream:75 - [STDERR_REDIRECT] [Fatal Error] :1:1: Premature end of file.
2024-12-22 18:51:09,505 [ERROR] LogOutputStream:75 - [STDERR_REDIRECT] 
2024-12-22 18:51:10,516 [ERROR] LogOutputStream:75 - [STDERR_REDIRECT] [Fatal Error] :1:1: Premature end of file.
2024-12-22 18:51:10,516 [ERROR] LogOutputStream:75 - [STDERR_REDIRECT] 
2024-12-22 18:51:11,505 [ERROR] LogOutputStream:75 - [STDERR_REDIRECT] [Fatal Error] :1:1: Premature end of file.
2024-12-22 18:51:11,505 [ERROR] LogOutputStream:75 - [STDERR_REDIRECT] 
2024-12-22 18:51:12,507 [ERROR] LogOutputStream:75 - [STDERR_REDIRECT] [Fatal Error] :1:1: Premature end of file.
2024-12-22 18:51:12,507 [ERROR] LogOutputStream:75 - [STDERR_REDIRECT] 
2024-12-22 18:51:13,514 [ERROR] LogOutputStream:75 - [STDERR_REDIRECT] [Fatal Error] :1:1: Premature end of file.
2024-12-22 18:51:13,514 [ERROR] LogOutputStream:75 - [STDERR_REDIRECT] 
2024-12-22 18:51:14,518 [ERROR] LogOutputStream:75 - [STDERR_REDIRECT] [Fatal Error] :1:1: Premature end of file.
2024-12-22 18:51:14,518 [ERROR] LogOutputStream:75 - [STDERR_REDIRECT] 
2024-12-22 18:51:15,505 [ERROR] LogOutputStream:75 - [STDERR_REDIRECT] [Fatal Error] :1:1: Premature end of file.
2024-12-22 18:51:15,505 [ERROR] LogOutputStream:75 - [STDERR_REDIRECT] 
2024-12-22 18:51:16,520 [ERROR] LogOutputStream:75 - [STDERR_REDIRECT] [Fatal Error] :1:1: Premature end of file.
2024-12-22 18:51:16,520 [ERROR] LogOutputStream:75 - [STDERR_REDIRECT] 
2024-12-22 18:51:17,506 [ERROR] LogOutputStream:75 - [STDERR_REDIRECT] [Fatal Error] :1:1: Premature end of file.
2024-12-22 18:51:17,506 [ERROR] LogOutputStream:75 - [STDERR_REDIRECT] 
2024-12-22 18:51:18,515 [ERROR] LogOutputStream:75 - [STDERR_REDIRECT] [Fatal Error] :1:1: Premature end of file.
2024-12-22 18:51:18,516 [ERROR] LogOutputStream:75 - [STDERR_REDIRECT] 
2024-12-22 18:51:19,505 [ERROR] LogOutputStream:75 - [STDERR_REDIRECT] [Fatal Error] :1:1: Premature end of file.
2024-12-22 18:51:19,505 [ERROR] LogOutputStream:75 - [STDERR_REDIRECT] 
2024-12-22 18:51:20,503 [ERROR] LogOutputStream:75 - [STDERR_REDIRECT] [Fatal Error] :1:1: Premature end of file.
2024-12-22 18:51:20,503 [ERROR] LogOutputStream:75 - [STDERR_REDIRECT] 
2024-12-22 18:51:21,511 [ERROR] LogOutputStream:75 - [STDERR_REDIRECT] [Fatal Error] :1:1: Premature end of file.
2024-12-22 18:51:21,511 [ERROR] LogOutputStream:75 - [STDERR_REDIRECT] 
2024-12-22 18:51:22,517 [ERROR] LogOutputStream:75 - [STDERR_REDIRECT] [Fatal Error] :1:1: Premature end of file.
2024-12-22 18:51:22,517 [ERROR] LogOutputStream:75 - [STDERR_REDIRECT] 
2024-12-22 18:51:23,503 [ERROR] LogOutputStream:75 - [STDERR_REDIRECT] [Fatal Error] :1:1: Premature end of file.
2024-12-22 18:51:23,503 [ERROR] LogOutputStream:75 - [STDERR_REDIRECT] 
2024-12-22 18:51:24,524 [ERROR] LogOutputStream:75 - [STDERR_REDIRECT] [Fatal Error] :1:1: Premature end of file.
2024-12-22 18:51:24,524 [ERROR] LogOutputStream:75 - [STDERR_REDIRECT] 
2024-12-22 18:51:25,504 [ERROR] LogOutputStream:75 - [STDERR_REDIRECT] [Fatal Error] :1:1: Premature end of file.
2024-12-22 18:51:25,504 [ERROR] LogOutputStream:75 - [STDERR_REDIRECT] 
2024-12-22 18:51:26,506 [ERROR] LogOutputStream:75 - [STDERR_REDIRECT] [Fatal Error] :1:1: Premature end of file.
2024-12-22 18:51:26,506 [ERROR] LogOutputStream:75 - [STDERR_REDIRECT] 
2024-12-22 18:51:27,514 [ERROR] LogOutputStream:75 - [STDERR_REDIRECT] [Fatal Error] :1:1: Premature end of file.
2024-12-22 18:51:27,515 [ERROR] LogOutputStream:75 - [STDERR_REDIRECT] 
2024-12-22 18:51:28,513 [ERROR] LogOutputStream:75 - [STDERR_REDIRECT] [Fatal Error] :1:1: Premature end of file.
2024-12-22 18:51:28,513 [ERROR] LogOutputStream:75 - [STDERR_REDIRECT] 
2024-12-22 18:51:29,515 [ERROR] LogOutputStream:75 - [STDERR_REDIRECT] [Fatal Error] :1:1: Premature end of file.
2024-12-22 18:51:29,515 [ERROR] LogOutputStream:75 - [STDERR_REDIRECT] 
2024-12-22 18:51:30,517 [ERROR] LogOutputStream:75 - [STDERR_REDIRECT] [Fatal Error] :1:1: Premature end of file.
2024-12-22 18:51:30,517 [ERROR] LogOutputStream:75 - [STDERR_REDIRECT] 
2024-12-22 18:51:31,512 [ERROR] LogOutputStream:75 - [STDERR_REDIRECT] [Fatal Error] :1:1: Premature end of file.
2024-12-22 18:51:31,513 [ERROR] LogOutputStream:75 - [STDERR_REDIRECT] 
2024-12-22 18:51:32,514 [ERROR] LogOutputStream:75 - [STDERR_REDIRECT] [Fatal Error] :1:1: Premature end of file.
2024-12-22 18:51:32,514 [ERROR] LogOutputStream:75 - [STDERR_REDIRECT] 
2024-12-22 18:51:33,506 [ERROR] LogOutputStream:75 - [STDERR_REDIRECT] [Fatal Error] :1:1: Premature end of file.
2024-12-22 18:51:33,506 [ERROR] LogOutputStream:75 - [STDERR_REDIRECT] 
2024-12-22 18:51:34,503 [ERROR] LogOutputStream:75 - [STDERR_REDIRECT] [Fatal Error] :1:1: Premature end of file.
2024-12-22 18:51:34,503 [ERROR] LogOutputStream:75 - [STDERR_REDIRECT] 
2024-12-22 18:51:35,504 [ERROR] LogOutputStream:75 - [STDERR_REDIRECT] [Fatal Error] :1:1: Premature end of file.
2024-12-22 18:51:35,504 [ERROR] LogOutputStream:75 - [STDERR_REDIRECT] 
2024-12-22 18:51:36,512 [ERROR] LogOutputStream:75 - [STDERR_REDIRECT] [Fatal Error] :1:1: Premature end of file.
2024-12-22 18:51:36,512 [ERROR] LogOutputStream:75 - [STDERR_REDIRECT] 
2024-12-22 18:51:37,517 [ERROR] LogOutputStream:75 - [STDERR_REDIRECT] [Fatal Error] :1:1: Premature end of file.
2024-12-22 18:51:37,517 [ERROR] LogOutputStream:75 - [STDERR_REDIRECT] 
2024-12-22 18:51:38,504 [ERROR] LogOutputStream:75 - [STDERR_REDIRECT] [Fatal Error] :1:1: Premature end of file.
2024-12-22 18:51:38,504 [ERROR] LogOutputStream:75 - [STDERR_REDIRECT] 
2024-12-22 18:51:39,511 [ERROR] LogOutputStream:75 - [STDERR_REDIRECT] [Fatal Error] :1:1: Premature end of file.
2024-12-22 18:51:39,511 [ERROR] LogOutputStream:75 - [STDERR_REDIRECT] 
2024-12-22 18:51:40,503 [ERROR] LogOutputStream:75 - [STDERR_REDIRECT] [Fatal Error] :1:1: Premature end of file.
2024-12-22 18:51:40,503 [ERROR] LogOutputStream:75 - [STDERR_REDIRECT] 
2024-12-22 18:51:41,515 [ERROR] LogOutputStream:75 - [STDERR_REDIRECT] [Fatal Error] :1:1: Premature end of file.
2024-12-22 18:51:41,515 [ERROR] LogOutputStream:75 - [STDERR_REDIRECT] 
2024-12-22 18:51:42,510 [ERROR] LogOutputStream:75 - [STDERR_REDIRECT] [Fatal Error] :1:1: Premature end of file.
2024-12-22 18:51:42,510 [ERROR] LogOutputStream:75 - [STDERR_REDIRECT] 
2024-12-22 18:51:43,507 [ERROR] LogOutputStream:75 - [STDERR_REDIRECT] [Fatal Error] :1:1: Premature end of file.
2024-12-22 18:51:43,507 [ERROR] LogOutputStream:75 - [STDERR_REDIRECT] 
2024-12-22 18:51:44,516 [ERROR] LogOutputStream:75 - [STDERR_REDIRECT] [Fatal Error] :1:1: Premature end of file.
2024-12-22 18:51:44,516 [ERROR] LogOutputStream:75 - [STDERR_REDIRECT] 
2024-12-22 18:51:45,512 [ERROR] LogOutputStream:75 - [STDERR_REDIRECT] [Fatal Error] :1:1: Premature end of file.
2024-12-22 18:51:45,512 [ERROR] LogOutputStream:75 - [STDERR_REDIRECT] 
2024-12-22 18:51:46,517 [ERROR] LogOutputStream:75 - [STDERR_REDIRECT] [Fatal Error] :1:1: Premature end of file.
2024-12-22 18:51:46,518 [ERROR] LogOutputStream:75 - [STDERR_REDIRECT] 
2024-12-22 18:51:47,515 [ERROR] LogOutputStream:75 - [STDERR_REDIRECT] [Fatal Error] :1:1: Premature end of file.
2024-12-22 18:51:47,516 [ERROR] LogOutputStream:75 - [STDERR_REDIRECT] 
2024-12-22 18:51:48,514 [ERROR] LogOutputStream:75 - [STDERR_REDIRECT] [Fatal Error] :1:1: Premature end of file.
2024-12-22 18:51:48,514 [ERROR] LogOutputStream:75 - [STDERR_REDIRECT] 
2024-12-22 18:51:49,505 [ERROR] LogOutputStream:75 - [STDERR_REDIRECT] [Fatal Error] :1:1: Premature end of file.
2024-12-22 18:51:49,505 [ERROR] LogOutputStream:75 - [STDERR_REDIRECT] 
2024-12-22 18:51:50,514 [ERROR] LogOutputStream:75 - [STDERR_REDIRECT] [Fatal Error] :1:1: Premature end of file.
2024-12-22 18:51:50,514 [ERROR] LogOutputStream:75 - [STDERR_REDIRECT] 
2024-12-22 18:51:51,516 [ERROR] LogOutputStream:75 - [STDERR_REDIRECT] [Fatal Error] :1:1: Premature end of file.
2024-12-22 18:51:51,516 [ERROR] LogOutputStream:75 - [STDERR_REDIRECT] 
2024-12-22 18:51:52,505 [ERROR] LogOutputStream:75 - [STDERR_REDIRECT] [Fatal Error] :1:1: Premature end of file.
2024-12-22 18:51:52,505 [ERROR] LogOutputStream:75 - [STDERR_REDIRECT] 
2024-12-22 18:51:53,510 [ERROR] LogOutputStream:75 - [STDERR_REDIRECT] [Fatal Error] :1:1: Premature end of file.
2024-12-22 18:51:53,510 [ERROR] LogOutputStream:75 - [STDERR_REDIRECT] 
2024-12-22 18:51:54,516 [ERROR] LogOutputStream:75 - [STDERR_REDIRECT] [Fatal Error] :1:1: Premature end of file.
2024-12-22 18:51:54,516 [ERROR] LogOutputStream:75 - [STDERR_REDIRECT] 
2024-12-22 18:51:55,518 [ERROR] LogOutputStream:75 - [STDERR_REDIRECT] [Fatal Error] :1:1: Premature end of file.
2024-12-22 18:51:55,518 [ERROR] LogOutputStream:75 - [STDERR_REDIRECT] 
2024-12-22 18:51:56,516 [ERROR] LogOutputStream:75 - [STDERR_REDIRECT] [Fatal Error] :1:1: Premature end of file.
2024-12-22 18:51:56,516 [ERROR] LogOutputStream:75 - [STDERR_REDIRECT] 
2024-12-22 18:51:57,502 [ERROR] LogOutputStream:75 - [STDERR_REDIRECT] [Fatal Error] :1:1: Premature end of file.
2024-12-22 18:51:57,502 [ERROR] LogOutputStream:75 - [STDERR_REDIRECT] 
2024-12-22 18:51:58,506 [ERROR] LogOutputStream:75 - [STDERR_REDIRECT] [Fatal Error] :1:1: Premature end of file.
2024-12-22 18:51:58,506 [ERROR] LogOutputStream:75 - [STDERR_REDIRECT] 
2024-12-22 18:51:59,502 [ERROR] LogOutputStream:75 - [STDERR_REDIRECT] [Fatal Error] :1:1: Premature end of file.
2024-12-22 18:51:59,502 [ERROR] LogOutputStream:75 - [STDERR_REDIRECT] 
2024-12-22 18:52:00,502 [ERROR] LogOutputStream:75 - [STDERR_REDIRECT] [Fatal Error] :1:1: Premature end of file.
2024-12-22 18:52:00,502 [ERROR] LogOutputStream:75 - [STDERR_REDIRECT] 
2024-12-22 18:52:01,506 [ERROR] LogOutputStream:75 - [STDERR_REDIRECT] [Fatal Error] :1:1: Premature end of file.
2024-12-22 18:52:01,506 [ERROR] LogOutputStream:75 - [STDERR_REDIRECT] 
2024-12-22 18:52:02,508 [ERROR] LogOutputStream:75 - [STDERR_REDIRECT] [Fatal Error] :1:1: Premature end of file.
2024-12-22 18:52:02,508 [ERROR] LogOutputStream:75 - [STDERR_REDIRECT] 
2024-12-22 18:52:03,513 [ERROR] LogOutputStream:75 - [STDERR_REDIRECT] [Fatal Error] :1:1: Premature end of file.
2024-12-22 18:52:03,513 [ERROR] LogOutputStream:75 - [STDERR_REDIRECT] 
2024-12-22 18:52:04,516 [ERROR] LogOutputStream:75 - [STDERR_REDIRECT] [Fatal Error] :1:1: Premature end of file.
2024-12-22 18:52:04,516 [ERROR] LogOutputStream:75 - [STDERR_REDIRECT] 
2024-12-22 18:52:05,515 [ERROR] LogOutputStream:75 - [STDERR_REDIRECT] [Fatal Error] :1:1: Premature end of file.
2024-12-22 18:52:05,515 [ERROR] LogOutputStream:75 - [STDERR_REDIRECT] 
2024-12-22 18:52:06,513 [ERROR] LogOutputStream:75 - [STDERR_REDIRECT] [Fatal Error] :1:1: Premature end of file.
2024-12-22 18:52:06,514 [ERROR] LogOutputStream:75 - [STDERR_REDIRECT] 
2024-12-22 18:52:07,513 [ERROR] LogOutputStream:75 - [STDERR_REDIRECT] [Fatal Error] :1:1: Premature end of file.
2024-12-22 18:52:07,513 [ERROR] LogOutputStream:75 - [STDERR_REDIRECT] 
2024-12-22 18:52:08,518 [ERROR] LogOutputStream:75 - [STDERR_REDIRECT] [Fatal Error] :1:1: Premature end of file.
2024-12-22 18:52:08,518 [ERROR] LogOutputStream:75 - [STDERR_REDIRECT] 
2024-12-22 18:52:09,509 [ERROR] LogOutputStream:75 - [STDERR_REDIRECT] [Fatal Error] :1:1: Premature end of file.
2024-12-22 18:52:09,509 [ERROR] LogOutputStream:75 - [STDERR_REDIRECT] 
2024-12-22 18:52:10,503 [ERROR] LogOutputStream:75 - [STDERR_REDIRECT] [Fatal Error] :1:1: Premature end of file.
2024-12-22 18:52:10,503 [ERROR] LogOutputStream:75 - [STDERR_REDIRECT] 
2024-12-22 18:52:11,501 [ERROR] LogOutputStream:75 - [STDERR_REDIRECT] [Fatal Error] :1:1: Premature end of file.
2024-12-22 18:52:11,501 [ERROR] LogOutputStream:75 - [STDERR_REDIRECT] 
2024-12-22 18:52:12,509 [ERROR] LogOutputStream:75 - [STDERR_REDIRECT] [Fatal Error] :1:1: Premature end of file.
2024-12-22 18:52:12,509 [ERROR] LogOutputStream:75 - [STDERR_REDIRECT] 
2024-12-22 18:52:13,520 [ERROR] LogOutputStream:75 - [STDERR_REDIRECT] [Fatal Error] :1:1: Premature end of file.
2024-12-22 18:52:13,520 [ERROR] LogOutputStream:75 - [STDERR_REDIRECT] 
2024-12-22 18:52:14,541 [ERROR] LogOutputStream:75 - [STDERR_REDIRECT] [Fatal Error] :1:1: Premature end of file.
2024-12-22 18:52:14,542 [ERROR] LogOutputStream:75 - [STDERR_REDIRECT] 
2024-12-22 18:52:15,517 [ERROR] LogOutputStream:75 - [STDERR_REDIRECT] [Fatal Error] :1:1: Premature end of file.
2024-12-22 18:52:15,517 [ERROR] LogOutputStream:75 - [STDERR_REDIRECT] 
2024-12-22 18:52:16,517 [ERROR] LogOutputStream:75 - [STDERR_REDIRECT] [Fatal Error] :1:1: Premature end of file.
2024-12-22 18:52:16,517 [ERROR] LogOutputStream:75 - [STDERR_REDIRECT] 
2024-12-22 18:52:17,502 [ERROR] LogOutputStream:75 - [STDERR_REDIRECT] [Fatal Error] :1:1: Premature end of file.
2024-12-22 18:52:17,502 [ERROR] LogOutputStream:75 - [STDERR_REDIRECT] 
2024-12-22 18:52:18,502 [ERROR] LogOutputStream:75 - [STDERR_REDIRECT] [Fatal Error] :1:1: Premature end of file.
2024-12-22 18:52:18,503 [ERROR] LogOutputStream:75 - [STDERR_REDIRECT] 
2024-12-22 18:52:19,505 [ERROR] LogOutputStream:75 - [STDERR_REDIRECT] [Fatal Error] :1:1: Premature end of file.
2024-12-22 18:52:19,505 [ERROR] LogOutputStream:75 - [STDERR_REDIRECT] 
2024-12-22 18:52:20,501 [ERROR] LogOutputStream:75 - [STDERR_REDIRECT] [Fatal Error] :1:1: Premature end of file.
2024-12-22 18:52:20,501 [ERROR] LogOutputStream:75 - [STDERR_REDIRECT] 
2024-12-22 18:52:21,506 [ERROR] LogOutputStream:75 - [STDERR_REDIRECT] [Fatal Error] :1:1: Premature end of file.
2024-12-22 18:52:21,506 [ERROR] LogOutputStream:75 - [STDERR_REDIRECT] 
2024-12-22 18:52:22,502 [ERROR] LogOutputStream:75 - [STDERR_REDIRECT] [Fatal Error] :1:1: Premature end of file.
2024-12-22 18:52:22,502 [ERROR] LogOutputStream:75 - [STDERR_REDIRECT] 
2024-12-22 18:52:23,504 [ERROR] LogOutputStream:75 - [STDERR_REDIRECT] [Fatal Error] :1:1: Premature end of file.
2024-12-22 18:52:23,504 [ERROR] LogOutputStream:75 - [STDERR_REDIRECT] 
2024-12-22 18:52:24,504 [ERROR] LogOutputStream:75 - [STDERR_REDIRECT] [Fatal Error] :1:1: Premature end of file.
2024-12-22 18:52:24,504 [ERROR] LogOutputStream:75 - [STDERR_REDIRECT] 
2024-12-22 18:52:25,503 [ERROR] LogOutputStream:75 - [STDERR_REDIRECT] [Fatal Error] :1:1: Premature end of file.
2024-12-22 18:52:25,503 [ERROR] LogOutputStream:75 - [STDERR_REDIRECT] 
2024-12-22 18:52:26,505 [ERROR] LogOutputStream:75 - [STDERR_REDIRECT] [Fatal Error] :1:1: Premature end of file.
2024-12-22 18:52:26,505 [ERROR] LogOutputStream:75 - [STDERR_REDIRECT] 
2024-12-22 18:52:27,509 [ERROR] LogOutputStream:75 - [STDERR_REDIRECT] [Fatal Error] :1:1: Premature end of file.
2024-12-22 18:52:27,509 [ERROR] LogOutputStream:75 - [STDERR_REDIRECT] 
2024-12-22 18:52:28,499 [ERROR] LogOutputStream:75 - [STDERR_REDIRECT] [Fatal Error] :1:1: Premature end of file.
2024-12-22 18:52:28,499 [ERROR] LogOutputStream:75 - [STDERR_REDIRECT] 
2024-12-22 18:52:29,502 [ERROR] LogOutputStream:75 - [STDERR_REDIRECT] [Fatal Error] :1:1: Premature end of file.
2024-12-22 18:52:29,502 [ERROR] LogOutputStream:75 - [STDERR_REDIRECT] 
2024-12-22 18:52:30,505 [ERROR] LogOutputStream:75 - [STDERR_REDIRECT] [Fatal Error] :1:1: Premature end of file.
2024-12-22 18:52:30,506 [ERROR] LogOutputStream:75 - [STDERR_REDIRECT] 
2024-12-22 18:52:31,502 [ERROR] LogOutputStream:75 - [STDERR_REDIRECT] [Fatal Error] :1:1: Premature end of file.
2024-12-22 18:52:31,502 [ERROR] LogOutputStream:75 - [STDERR_REDIRECT] 
2024-12-22 18:52:32,502 [ERROR] LogOutputStream:75 - [STDERR_REDIRECT] [Fatal Error] :1:1: Premature end of file.
2024-12-22 18:52:32,502 [ERROR] LogOutputStream:75 - [STDERR_REDIRECT] 
2024-12-22 18:52:33,502 [ERROR] LogOutputStream:75 - [STDERR_REDIRECT] [Fatal Error] :1:1: Premature end of file.
2024-12-22 18:52:33,502 [ERROR] LogOutputStream:75 - [STDERR_REDIRECT] 
2024-12-22 18:52:34,501 [ERROR] LogOutputStream:75 - [STDERR_REDIRECT] [Fatal Error] :1:1: Premature end of file.
2024-12-22 18:52:34,501 [ERROR] LogOutputStream:75 - [STDERR_REDIRECT] 
2024-12-22 18:52:35,501 [ERROR] LogOutputStream:75 - [STDERR_REDIRECT] [Fatal Error] :1:1: Premature end of file.
2024-12-22 18:52:35,502 [ERROR] LogOutputStream:75 - [STDERR_REDIRECT] 
2024-12-22 18:52:36,505 [ERROR] LogOutputStream:75 - [STDERR_REDIRECT] [Fatal Error] :1:1: Premature end of file.
2024-12-22 18:52:36,505 [ERROR] LogOutputStream:75 - [STDERR_REDIRECT] 
2024-12-22 18:52:37,500 [ERROR] LogOutputStream:75 - [STDERR_REDIRECT] [Fatal Error] :1:1: Premature end of file.
2024-12-22 18:52:37,500 [ERROR] LogOutputStream:75 - [STDERR_REDIRECT] 
2024-12-22 18:52:38,503 [ERROR] LogOutputStream:75 - [STDERR_REDIRECT] [Fatal Error] :1:1: Premature end of file.
2024-12-22 18:52:38,503 [ERROR] LogOutputStream:75 - [STDERR_REDIRECT] 
2024-12-22 18:52:39,503 [ERROR] LogOutputStream:75 - [STDERR_REDIRECT] [Fatal Error] :1:1: Premature end of file.
2024-12-22 18:52:39,503 [ERROR] LogOutputStream:75 - [STDERR_REDIRECT] 
2024-12-22 18:52:40,503 [ERROR] LogOutputStream:75 - [STDERR_REDIRECT] [Fatal Error] :1:1: Premature end of file.
2024-12-22 18:52:40,503 [ERROR] LogOutputStream:75 - [STDERR_REDIRECT] 
2024-12-22 18:52:41,507 [ERROR] LogOutputStream:75 - [STDERR_REDIRECT] [Fatal Error] :1:1: Premature end of file.
2024-12-22 18:52:41,507 [ERROR] LogOutputStream:75 - [STDERR_REDIRECT] 
2024-12-22 18:52:42,504 [ERROR] LogOutputStream:75 - [STDERR_REDIRECT] [Fatal Error] :1:1: Premature end of file.
2024-12-22 18:52:42,504 [ERROR] LogOutputStream:75 - [STDERR_REDIRECT] 
2024-12-22 18:52:43,504 [ERROR] LogOutputStream:75 - [STDERR_REDIRECT] [Fatal Error] :1:1: Premature end of file.
2024-12-22 18:52:43,504 [ERROR] LogOutputStream:75 - [STDERR_REDIRECT] 
2024-12-22 18:52:44,503 [ERROR] LogOutputStream:75 - [STDERR_REDIRECT] [Fatal Error] :1:1: Premature end of file.
2024-12-22 18:52:44,503 [ERROR] LogOutputStream:75 - [STDERR_REDIRECT] 
2024-12-22 18:52:45,506 [ERROR] LogOutputStream:75 - [STDERR_REDIRECT] [Fatal Error] :1:1: Premature end of file.
2024-12-22 18:52:45,506 [ERROR] LogOutputStream:75 - [STDERR_REDIRECT] 
2024-12-22 18:52:46,505 [ERROR] LogOutputStream:75 - [STDERR_REDIRECT] [Fatal Error] :1:1: Premature end of file.
2024-12-22 18:52:46,505 [ERROR] LogOutputStream:75 - [STDERR_REDIRECT] 
2024-12-22 18:52:47,504 [ERROR] LogOutputStream:75 - [STDERR_REDIRECT] [Fatal Error] :1:1: Premature end of file.
2024-12-22 18:52:47,504 [ERROR] LogOutputStream:75 - [STDERR_REDIRECT] 
2024-12-22 18:52:48,502 [ERROR] LogOutputStream:75 - [STDERR_REDIRECT] [Fatal Error] :1:1: Premature end of file.
2024-12-22 18:52:48,502 [ERROR] LogOutputStream:75 - [STDERR_REDIRECT] 
2024-12-22 18:52:49,504 [ERROR] LogOutputStream:75 - [STDERR_REDIRECT] [Fatal Error] :1:1: Premature end of file.
2024-12-22 18:52:49,504 [ERROR] LogOutputStream:75 - [STDERR_REDIRECT] 
2024-12-22 18:52:50,503 [ERROR] LogOutputStream:75 - [STDERR_REDIRECT] [Fatal Error] :1:1: Premature end of file.
2024-12-22 18:52:50,503 [ERROR] LogOutputStream:75 - [STDERR_REDIRECT] 
2024-12-22 18:52:51,501 [ERROR] LogOutputStream:75 - [STDERR_REDIRECT] [Fatal Error] :1:1: Premature end of file.
2024-12-22 18:52:51,502 [ERROR] LogOutputStream:75 - [STDERR_REDIRECT] 
2024-12-22 18:52:52,506 [ERROR] LogOutputStream:75 - [STDERR_REDIRECT] [Fatal Error] :1:1: Premature end of file.
2024-12-22 18:52:52,506 [ERROR] LogOutputStream:75 - [STDERR_REDIRECT] 
2024-12-22 18:52:53,507 [ERROR] LogOutputStream:75 - [STDERR_REDIRECT] [Fatal Error] :1:1: Premature end of file.
2024-12-22 18:52:53,507 [ERROR] LogOutputStream:75 - [STDERR_REDIRECT] 
2024-12-22 18:52:54,504 [ERROR] LogOutputStream:75 - [STDERR_REDIRECT] [Fatal Error] :1:1: Premature end of file.
2024-12-22 18:52:54,504 [ERROR] LogOutputStream:75 - [STDERR_REDIRECT] 
2024-12-22 18:52:55,505 [ERROR] LogOutputStream:75 - [STDERR_REDIRECT] [Fatal Error] :1:1: Premature end of file.
2024-12-22 18:52:55,505 [ERROR] LogOutputStream:75 - [STDERR_REDIRECT] 
2024-12-22 18:52:56,504 [ERROR] LogOutputStream:75 - [STDERR_REDIRECT] [Fatal Error] :1:1: Premature end of file.
2024-12-22 18:52:56,505 [ERROR] LogOutputStream:75 - [STDERR_REDIRECT] 
2024-12-22 18:52:57,504 [ERROR] LogOutputStream:75 - [STDERR_REDIRECT] [Fatal Error] :1:1: Premature end of file.
2024-12-22 18:52:57,504 [ERROR] LogOutputStream:75 - [STDERR_REDIRECT] 
2024-12-22 18:52:58,503 [ERROR] LogOutputStream:75 - [STDERR_REDIRECT] [Fatal Error] :1:1: Premature end of file.
2024-12-22 18:52:58,503 [ERROR] LogOutputStream:75 - [STDERR_REDIRECT] 
2024-12-22 18:52:59,502 [ERROR] LogOutputStream:75 - [STDERR_REDIRECT] [Fatal Error] :1:1: Premature end of file.
2024-12-22 18:52:59,502 [ERROR] LogOutputStream:75 - [STDERR_REDIRECT] 
2024-12-22 18:53:00,503 [ERROR] LogOutputStream:75 - [STDERR_REDIRECT] [Fatal Error] :1:1: Premature end of file.
2024-12-22 18:53:00,503 [ERROR] LogOutputStream:75 - [STDERR_REDIRECT] 
2024-12-22 18:53:01,504 [ERROR] LogOutputStream:75 - [STDERR_REDIRECT] [Fatal Error] :1:1: Premature end of file.
2024-12-22 18:53:01,504 [ERROR] LogOutputStream:75 - [STDERR_REDIRECT] 
2024-12-22 18:53:02,501 [ERROR] LogOutputStream:75 - [STDERR_REDIRECT] [Fatal Error] :1:1: Premature end of file.
2024-12-22 18:53:02,501 [ERROR] LogOutputStream:75 - [STDERR_REDIRECT] 
2024-12-22 18:53:03,502 [ERROR] LogOutputStream:75 - [STDERR_REDIRECT] [Fatal Error] :1:1: Premature end of file.
2024-12-22 18:53:03,502 [ERROR] LogOutputStream:75 - [STDERR_REDIRECT] 
2024-12-22 18:53:04,503 [ERROR] LogOutputStream:75 - [STDERR_REDIRECT] [Fatal Error] :1:1: Premature end of file.
2024-12-22 18:53:04,503 [ERROR] LogOutputStream:75 - [STDERR_REDIRECT] 
2024-12-22 18:53:05,502 [ERROR] LogOutputStream:75 - [STDERR_REDIRECT] [Fatal Error] :1:1: Premature end of file.
2024-12-22 18:53:05,503 [ERROR] LogOutputStream:75 - [STDERR_REDIRECT] 
2024-12-22 18:53:06,503 [ERROR] LogOutputStream:75 - [STDERR_REDIRECT] [Fatal Error] :1:1: Premature end of file.
2024-12-22 18:53:06,503 [ERROR] LogOutputStream:75 - [STDERR_REDIRECT] 
2024-12-22 18:53:07,509 [ERROR] LogOutputStream:75 - [STDERR_REDIRECT] [Fatal Error] :1:1: Premature end of file.
2024-12-22 18:53:07,509 [ERROR] LogOutputStream:75 - [STDERR_REDIRECT] 
2024-12-22 18:53:08,511 [ERROR] LogOutputStream:75 - [STDERR_REDIRECT] [Fatal Error] :1:1: Premature end of file.
2024-12-22 18:53:08,511 [ERROR] LogOutputStream:75 - [STDERR_REDIRECT] 
2024-12-22 18:53:09,503 [ERROR] LogOutputStream:75 - [STDERR_REDIRECT] [Fatal Error] :1:1: Premature end of file.
2024-12-22 18:53:09,503 [ERROR] LogOutputStream:75 - [STDERR_REDIRECT] 
2024-12-22 18:53:10,513 [ERROR] LogOutputStream:75 - [STDERR_REDIRECT] [Fatal Error] :1:1: Premature end of file.
2024-12-22 18:53:10,513 [ERROR] LogOutputStream:75 - [STDERR_REDIRECT] 
2024-12-22 18:53:11,504 [ERROR] LogOutputStream:75 - [STDERR_REDIRECT] [Fatal Error] :1:1: Premature end of file.
2024-12-22 18:53:11,504 [ERROR] LogOutputStream:75 - [STDERR_REDIRECT] 
2024-12-22 18:53:12,503 [ERROR] LogOutputStream:75 - [STDERR_REDIRECT] [Fatal Error] :1:1: Premature end of file.
2024-12-22 18:53:12,503 [ERROR] LogOutputStream:75 - [STDERR_REDIRECT] 
2024-12-22 18:53:13,512 [ERROR] LogOutputStream:75 - [STDERR_REDIRECT] [Fatal Error] :1:1: Premature end of file.
2024-12-22 18:53:13,512 [ERROR] LogOutputStream:75 - [STDERR_REDIRECT] 
2024-12-22 18:53:14,508 [ERROR] LogOutputStream:75 - [STDERR_REDIRECT] [Fatal Error] :1:1: Premature end of file.
2024-12-22 18:53:14,508 [ERROR] LogOutputStream:75 - [STDERR_REDIRECT] 
2024-12-22 18:53:15,506 [ERROR] LogOutputStream:75 - [STDERR_REDIRECT] [Fatal Error] :1:1: Premature end of file.
2024-12-22 18:53:15,507 [ERROR] LogOutputStream:75 - [STDERR_REDIRECT] 
2024-12-22 18:53:16,519 [ERROR] LogOutputStream:75 - [STDERR_REDIRECT] [Fatal Error] :1:1: Premature end of file.
2024-12-22 18:53:16,519 [ERROR] LogOutputStream:75 - [STDERR_REDIRECT] 
2024-12-22 18:53:17,516 [ERROR] LogOutputStream:75 - [STDERR_REDIRECT] [Fatal Error] :1:1: Premature end of file.
2024-12-22 18:53:17,516 [ERROR] LogOutputStream:75 - [STDERR_REDIRECT] 
2024-12-22 18:53:18,513 [ERROR] LogOutputStream:75 - [STDERR_REDIRECT] [Fatal Error] :1:1: Premature end of file.
2024-12-22 18:53:18,513 [ERROR] LogOutputStream:75 - [STDERR_REDIRECT] 
2024-12-22 18:53:19,516 [ERROR] LogOutputStream:75 - [STDERR_REDIRECT] [Fatal Error] :1:1: Premature end of file.
2024-12-22 18:53:19,516 [ERROR] LogOutputStream:75 - [STDERR_REDIRECT] 
2024-12-22 18:53:20,512 [ERROR] LogOutputStream:75 - [STDERR_REDIRECT] [Fatal Error] :1:1: Premature end of file.
2024-12-22 18:53:20,512 [ERROR] LogOutputStream:75 - [STDERR_REDIRECT] 
2024-12-22 18:53:21,508 [ERROR] LogOutputStream:75 - [STDERR_REDIRECT] [Fatal Error] :1:1: Premature end of file.
2024-12-22 18:53:21,509 [ERROR] LogOutputStream:75 - [STDERR_REDIRECT] 
2024-12-22 18:53:22,518 [ERROR] LogOutputStream:75 - [STDERR_REDIRECT] [Fatal Error] :1:1: Premature end of file.
2024-12-22 18:53:22,518 [ERROR] LogOutputStream:75 - [STDERR_REDIRECT] 
2024-12-22 18:53:23,507 [ERROR] LogOutputStream:75 - [STDERR_REDIRECT] [Fatal Error] :1:1: Premature end of file.
2024-12-22 18:53:23,507 [ERROR] LogOutputStream:75 - [STDERR_REDIRECT] 
2024-12-22 18:53:24,506 [ERROR] LogOutputStream:75 - [STDERR_REDIRECT] [Fatal Error] :1:1: Premature end of file.
2024-12-22 18:53:24,506 [ERROR] LogOutputStream:75 - [STDERR_REDIRECT] 
2024-12-22 18:53:25,507 [ERROR] LogOutputStream:75 - [STDERR_REDIRECT] [Fatal Error] :1:1: Premature end of file.
2024-12-22 18:53:25,509 [ERROR] LogOutputStream:75 - [STDERR_REDIRECT] 
2024-12-22 18:53:26,516 [ERROR] LogOutputStream:75 - [STDERR_REDIRECT] [Fatal Error] :1:1: Premature end of file.
2024-12-22 18:53:26,516 [ERROR] LogOutputStream:75 - [STDERR_REDIRECT] 
2024-12-22 18:53:27,516 [ERROR] LogOutputStream:75 - [STDERR_REDIRECT] [Fatal Error] :1:1: Premature end of file.
2024-12-22 18:53:27,516 [ERROR] LogOutputStream:75 - [STDERR_REDIRECT] 
2024-12-22 18:53:28,510 [ERROR] LogOutputStream:75 - [STDERR_REDIRECT] [Fatal Error] :1:1: Premature end of file.
2024-12-22 18:53:28,510 [ERROR] LogOutputStream:75 - [STDERR_REDIRECT] 
2024-12-22 18:53:29,510 [ERROR] LogOutputStream:75 - [STDERR_REDIRECT] [Fatal Error] :1:1: Premature end of file.
2024-12-22 18:53:29,512 [ERROR] LogOutputStream:75 - [STDERR_REDIRECT] 
2024-12-22 18:53:30,503 [ERROR] LogOutputStream:75 - [STDERR_REDIRECT] [Fatal Error] :1:1: Premature end of file.
2024-12-22 18:53:30,503 [ERROR] LogOutputStream:75 - [STDERR_REDIRECT] 
2024-12-22 18:53:31,517 [ERROR] LogOutputStream:75 - [STDERR_REDIRECT] [Fatal Error] :1:1: Premature end of file.
2024-12-22 18:53:31,517 [ERROR] LogOutputStream:75 - [STDERR_REDIRECT] 
2024-12-22 18:53:32,517 [ERROR] LogOutputStream:75 - [STDERR_REDIRECT] [Fatal Error] :1:1: Premature end of file.
2024-12-22 18:53:32,517 [ERROR] LogOutputStream:75 - [STDERR_REDIRECT] 
2024-12-22 18:53:33,508 [ERROR] LogOutputStream:75 - [STDERR_REDIRECT] [Fatal Error] :1:1: Premature end of file.
2024-12-22 18:53:33,508 [ERROR] LogOutputStream:75 - [STDERR_REDIRECT] 
2024-12-22 18:53:34,515 [ERROR] LogOutputStream:75 - [STDERR_REDIRECT] [Fatal Error] :1:1: Premature end of file.
2024-12-22 18:53:34,515 [ERROR] LogOutputStream:75 - [STDERR_REDIRECT] 
2024-12-22 18:53:35,515 [ERROR] LogOutputStream:75 - [STDERR_REDIRECT] [Fatal Error] :1:1: Premature end of file.
2024-12-22 18:53:35,516 [ERROR] LogOutputStream:75 - [STDERR_REDIRECT] 
2024-12-22 18:53:36,506 [ERROR] LogOutputStream:75 - [STDERR_REDIRECT] [Fatal Error] :1:1: Premature end of file.
2024-12-22 18:53:36,506 [ERROR] LogOutputStream:75 - [STDERR_REDIRECT] 
2024-12-22 18:53:37,516 [ERROR] LogOutputStream:75 - [STDERR_REDIRECT] [Fatal Error] :1:1: Premature end of file.
2024-12-22 18:53:37,516 [ERROR] LogOutputStream:75 - [STDERR_REDIRECT] 
2024-12-22 18:53:38,509 [ERROR] LogOutputStream:75 - [STDERR_REDIRECT] [Fatal Error] :1:1: Premature end of file.
2024-12-22 18:53:38,509 [ERROR] LogOutputStream:75 - [STDERR_REDIRECT] 
2024-12-22 18:53:39,504 [ERROR] LogOutputStream:75 - [STDERR_REDIRECT] [Fatal Error] :1:1: Premature end of file.
2024-12-22 18:53:39,504 [ERROR] LogOutputStream:75 - [STDERR_REDIRECT] 
2024-12-22 18:53:40,508 [ERROR] LogOutputStream:75 - [STDERR_REDIRECT] [Fatal Error] :1:1: Premature end of file.
2024-12-22 18:53:40,508 [ERROR] LogOutputStream:75 - [STDERR_REDIRECT] 
2024-12-22 18:53:41,508 [ERROR] LogOutputStream:75 - [STDERR_REDIRECT] [Fatal Error] :1:1: Premature end of file.
2024-12-22 18:53:41,508 [ERROR] LogOutputStream:75 - [STDERR_REDIRECT] 
2024-12-22 18:53:42,513 [ERROR] LogOutputStream:75 - [STDERR_REDIRECT] [Fatal Error] :1:1: Premature end of file.
2024-12-22 18:53:42,513 [ERROR] LogOutputStream:75 - [STDERR_REDIRECT] 
2024-12-22 18:53:43,506 [ERROR] LogOutputStream:75 - [STDERR_REDIRECT] [Fatal Error] :1:1: Premature end of file.
2024-12-22 18:53:43,506 [ERROR] LogOutputStream:75 - [STDERR_REDIRECT] 
2024-12-22 18:53:44,514 [ERROR] LogOutputStream:75 - [STDERR_REDIRECT] [Fatal Error] :1:1: Premature end of file.
2024-12-22 18:53:44,514 [ERROR] LogOutputStream:75 - [STDERR_REDIRECT] 
2024-12-22 18:53:45,513 [ERROR] LogOutputStream:75 - [STDERR_REDIRECT] [Fatal Error] :1:1: Premature end of file.
2024-12-22 18:53:45,513 [ERROR] LogOutputStream:75 - [STDERR_REDIRECT] 
2024-12-22 18:53:46,502 [ERROR] LogOutputStream:75 - [STDERR_REDIRECT] [Fatal Error] :1:1: Premature end of file.
2024-12-22 18:53:46,502 [ERROR] LogOutputStream:75 - [STDERR_REDIRECT] 
2024-12-22 18:53:47,513 [ERROR] LogOutputStream:75 - [STDERR_REDIRECT] [Fatal Error] :1:1: Premature end of file.
2024-12-22 18:53:47,513 [ERROR] LogOutputStream:75 - [STDERR_REDIRECT] 
2024-12-22 18:53:48,510 [ERROR] LogOutputStream:75 - [STDERR_REDIRECT] [Fatal Error] :1:1: Premature end of file.
2024-12-22 18:53:48,510 [ERROR] LogOutputStream:75 - [STDERR_REDIRECT] 
2024-12-22 18:53:49,510 [ERROR] LogOutputStream:75 - [STDERR_REDIRECT] [Fatal Error] :1:1: Premature end of file.
2024-12-22 18:53:49,510 [ERROR] LogOutputStream:75 - [STDERR_REDIRECT] 
2024-12-22 18:53:50,504 [ERROR] LogOutputStream:75 - [STDERR_REDIRECT] [Fatal Error] :1:1: Premature end of file.
2024-12-22 18:53:50,504 [ERROR] LogOutputStream:75 - [STDERR_REDIRECT] 
2024-12-22 18:53:51,508 [ERROR] LogOutputStream:75 - [STDERR_REDIRECT] [Fatal Error] :1:1: Premature end of file.
2024-12-22 18:53:51,508 [ERROR] LogOutputStream:75 - [STDERR_REDIRECT] 
2024-12-22 18:53:52,511 [ERROR] LogOutputStream:75 - [STDERR_REDIRECT] [Fatal Error] :1:1: Premature end of file.
2024-12-22 18:53:52,511 [ERROR] LogOutputStream:75 - [STDERR_REDIRECT] 
2024-12-22 18:53:53,502 [ERROR] LogOutputStream:75 - [STDERR_REDIRECT] [Fatal Error] :1:1: Premature end of file.
2024-12-22 18:53:53,502 [ERROR] LogOutputStream:75 - [STDERR_REDIRECT] 
2024-12-22 18:53:54,503 [ERROR] LogOutputStream:75 - [STDERR_REDIRECT] [Fatal Error] :1:1: Premature end of file.
2024-12-22 18:53:54,503 [ERROR] LogOutputStream:75 - [STDERR_REDIRECT] 
2024-12-22 18:53:55,503 [ERROR] LogOutputStream:75 - [STDERR_REDIRECT] [Fatal Error] :1:1: Premature end of file.
2024-12-22 18:53:55,503 [ERROR] LogOutputStream:75 - [STDERR_REDIRECT] 
2024-12-22 18:53:56,511 [ERROR] LogOutputStream:75 - [STDERR_REDIRECT] [Fatal Error] :1:1: Premature end of file.
2024-12-22 18:53:56,511 [ERROR] LogOutputStream:75 - [STDERR_REDIRECT] 
2024-12-22 18:53:57,509 [ERROR] LogOutputStream:75 - [STDERR_REDIRECT] [Fatal Error] :1:1: Premature end of file.
2024-12-22 18:53:57,509 [ERROR] LogOutputStream:75 - [STDERR_REDIRECT] 
2024-12-22 18:53:58,505 [ERROR] LogOutputStream:75 - [STDERR_REDIRECT] [Fatal Error] :1:1: Premature end of file.
2024-12-22 18:53:58,505 [ERROR] LogOutputStream:75 - [STDERR_REDIRECT] 
2024-12-22 18:53:59,509 [ERROR] LogOutputStream:75 - [STDERR_REDIRECT] [Fatal Error] :1:1: Premature end of file.
2024-12-22 18:53:59,509 [ERROR] LogOutputStream:75 - [STDERR_REDIRECT] 
2024-12-22 18:54:00,507 [ERROR] LogOutputStream:75 - [STDERR_REDIRECT] [Fatal Error] :1:1: Premature end of file.
2024-12-22 18:54:00,507 [ERROR] LogOutputStream:75 - [STDERR_REDIRECT] 
2024-12-22 18:54:01,505 [ERROR] LogOutputStream:75 - [STDERR_REDIRECT] [Fatal Error] :1:1: Premature end of file.
2024-12-22 18:54:01,506 [ERROR] LogOutputStream:75 - [STDERR_REDIRECT] 
2024-12-22 18:54:02,507 [ERROR] LogOutputStream:75 - [STDERR_REDIRECT] [Fatal Error] :1:1: Premature end of file.
2024-12-22 18:54:02,507 [ERROR] LogOutputStream:75 - [STDERR_REDIRECT] 
2024-12-22 18:54:03,518 [ERROR] LogOutputStream:75 - [STDERR_REDIRECT] [Fatal Error] :1:1: Premature end of file.
2024-12-22 18:54:03,518 [ERROR] LogOutputStream:75 - [STDERR_REDIRECT] 
2024-12-22 18:54:04,507 [ERROR] LogOutputStream:75 - [STDERR_REDIRECT] [Fatal Error] :1:1: Premature end of file.
2024-12-22 18:54:04,507 [ERROR] LogOutputStream:75 - [STDERR_REDIRECT] 
2024-12-22 18:54:05,508 [ERROR] LogOutputStream:75 - [STDERR_REDIRECT] [Fatal Error] :1:1: Premature end of file.
2024-12-22 18:54:05,508 [ERROR] LogOutputStream:75 - [STDERR_REDIRECT] 
2024-12-22 18:54:06,508 [ERROR] LogOutputStream:75 - [STDERR_REDIRECT] [Fatal Error] :1:1: Premature end of file.
2024-12-22 18:54:06,508 [ERROR] LogOutputStream:75 - [STDERR_REDIRECT] 
2024-12-22 18:54:07,503 [ERROR] LogOutputStream:75 - [STDERR_REDIRECT] [Fatal Error] :1:1: Premature end of file.
2024-12-22 18:54:07,503 [ERROR] LogOutputStream:75 - [STDERR_REDIRECT] 
2024-12-22 18:54:08,515 [ERROR] LogOutputStream:75 - [STDERR_REDIRECT] [Fatal Error] :1:1: Premature end of file.
2024-12-22 18:54:08,515 [ERROR] LogOutputStream:75 - [STDERR_REDIRECT] 
2024-12-22 18:54:09,515 [ERROR] LogOutputStream:75 - [STDERR_REDIRECT] [Fatal Error] :1:1: Premature end of file.
2024-12-22 18:54:09,515 [ERROR] LogOutputStream:75 - [STDERR_REDIRECT] 
2024-12-22 18:54:10,517 [ERROR] LogOutputStream:75 - [STDERR_REDIRECT] [Fatal Error] :1:1: Premature end of file.
2024-12-22 18:54:10,517 [ERROR] LogOutputStream:75 - [STDERR_REDIRECT] 
2024-12-22 18:54:11,502 [ERROR] LogOutputStream:75 - [STDERR_REDIRECT] [Fatal Error] :1:1: Premature end of file.
2024-12-22 18:54:11,502 [ERROR] LogOutputStream:75 - [STDERR_REDIRECT] 
2024-12-22 18:54:12,511 [ERROR] LogOutputStream:75 - [STDERR_REDIRECT] [Fatal Error] :1:1: Premature end of file.
2024-12-22 18:54:12,511 [ERROR] LogOutputStream:75 - [STDERR_REDIRECT] 
2024-12-22 18:54:13,517 [ERROR] LogOutputStream:75 - [STDERR_REDIRECT] [Fatal Error] :1:1: Premature end of file.
2024-12-22 18:54:13,517 [ERROR] LogOutputStream:75 - [STDERR_REDIRECT] 
2024-12-22 18:54:14,515 [ERROR] LogOutputStream:75 - [STDERR_REDIRECT] [Fatal Error] :1:1: Premature end of file.
2024-12-22 18:54:14,515 [ERROR] LogOutputStream:75 - [STDERR_REDIRECT] 
2024-12-22 18:54:15,517 [ERROR] LogOutputStream:75 - [STDERR_REDIRECT] [Fatal Error] :1:1: Premature end of file.
2024-12-22 18:54:15,517 [ERROR] LogOutputStream:75 - [STDERR_REDIRECT] 
2024-12-22 18:54:16,511 [ERROR] LogOutputStream:75 - [STDERR_REDIRECT] [Fatal Error] :1:1: Premature end of file.
2024-12-22 18:54:16,511 [ERROR] LogOutputStream:75 - [STDERR_REDIRECT] 
2024-12-22 18:54:17,502 [ERROR] LogOutputStream:75 - [STDERR_REDIRECT] [Fatal Error] :1:1: Premature end of file.
2024-12-22 18:54:17,502 [ERROR] LogOutputStream:75 - [STDERR_REDIRECT] 
2024-12-22 18:54:18,508 [ERROR] LogOutputStream:75 - [STDERR_REDIRECT] [Fatal Error] :1:1: Premature end of file.
2024-12-22 18:54:18,508 [ERROR] LogOutputStream:75 - [STDERR_REDIRECT] 
2024-12-22 18:54:19,515 [ERROR] LogOutputStream:75 - [STDERR_REDIRECT] [Fatal Error] :1:1: Premature end of file.
2024-12-22 18:54:19,515 [ERROR] LogOutputStream:75 - [STDERR_REDIRECT] 
2024-12-22 18:54:20,509 [ERROR] LogOutputStream:75 - [STDERR_REDIRECT] [Fatal Error] :1:1: Premature end of file.
2024-12-22 18:54:20,509 [ERROR] LogOutputStream:75 - [STDERR_REDIRECT] 
2024-12-22 18:54:21,505 [ERROR] LogOutputStream:75 - [STDERR_REDIRECT] [Fatal Error] :1:1: Premature end of file.
2024-12-22 18:54:21,505 [ERROR] LogOutputStream:75 - [STDERR_REDIRECT] 
2024-12-22 18:54:22,518 [ERROR] LogOutputStream:75 - [STDERR_REDIRECT] [Fatal Error] :1:1: Premature end of file.
2024-12-22 18:54:22,519 [ERROR] LogOutputStream:75 - [STDERR_REDIRECT] 
2024-12-22 18:54:23,502 [ERROR] LogOutputStream:75 - [STDERR_REDIRECT] [Fatal Error] :1:1: Premature end of file.
2024-12-22 18:54:23,502 [ERROR] LogOutputStream:75 - [STDERR_REDIRECT] 
2024-12-22 18:54:24,517 [ERROR] LogOutputStream:75 - [STDERR_REDIRECT] [Fatal Error] :1:1: Premature end of file.
2024-12-22 18:54:24,517 [ERROR] LogOutputStream:75 - [STDERR_REDIRECT] 
2024-12-22 18:54:25,498 [ERROR] LogOutputStream:75 - [STDERR_REDIRECT] [Fatal Error] :1:1: Premature end of file.
2024-12-22 18:54:25,498 [ERROR] LogOutputStream:75 - [STDERR_REDIRECT] 
2024-12-22 18:54:26,517 [ERROR] LogOutputStream:75 - [STDERR_REDIRECT] [Fatal Error] :1:1: Premature end of file.
2024-12-22 18:54:26,517 [ERROR] LogOutputStream:75 - [STDERR_REDIRECT] 
2024-12-22 18:54:27,516 [ERROR] LogOutputStream:75 - [STDERR_REDIRECT] [Fatal Error] :1:1: Premature end of file.
2024-12-22 18:54:27,516 [ERROR] LogOutputStream:75 - [STDERR_REDIRECT] 
2024-12-22 18:54:28,509 [ERROR] LogOutputStream:75 - [STDERR_REDIRECT] [Fatal Error] :1:1: Premature end of file.
2024-12-22 18:54:28,509 [ERROR] LogOutputStream:75 - [STDERR_REDIRECT] 
2024-12-22 18:54:29,505 [ERROR] LogOutputStream:75 - [STDERR_REDIRECT] [Fatal Error] :1:1: Premature end of file.
2024-12-22 18:54:29,505 [ERROR] LogOutputStream:75 - [STDERR_REDIRECT] 
2024-12-22 18:54:30,504 [ERROR] LogOutputStream:75 - [STDERR_REDIRECT] [Fatal Error] :1:1: Premature end of file.
2024-12-22 18:54:30,504 [ERROR] LogOutputStream:75 - [STDERR_REDIRECT] 
2024-12-22 18:54:31,509 [ERROR] LogOutputStream:75 - [STDERR_REDIRECT] [Fatal Error] :1:1: Premature end of file.
2024-12-22 18:54:31,509 [ERROR] LogOutputStream:75 - [STDERR_REDIRECT] 
2024-12-22 18:54:32,506 [ERROR] LogOutputStream:75 - [STDERR_REDIRECT] [Fatal Error] :1:1: Premature end of file.
2024-12-22 18:54:32,506 [ERROR] LogOutputStream:75 - [STDERR_REDIRECT] 
2024-12-22 18:54:33,502 [ERROR] LogOutputStream:75 - [STDERR_REDIRECT] [Fatal Error] :1:1: Premature end of file.
2024-12-22 18:54:33,502 [ERROR] LogOutputStream:75 - [STDERR_REDIRECT] 
2024-12-22 18:54:34,508 [ERROR] LogOutputStream:75 - [STDERR_REDIRECT] [Fatal Error] :1:1: Premature end of file.
2024-12-22 18:54:34,508 [ERROR] LogOutputStream:75 - [STDERR_REDIRECT] 
2024-12-22 18:54:35,504 [ERROR] LogOutputStream:75 - [STDERR_REDIRECT] [Fatal Error] :1:1: Premature end of file.
2024-12-22 18:54:35,504 [ERROR] LogOutputStream:75 - [STDERR_REDIRECT] 
2024-12-22 18:54:36,511 [ERROR] LogOutputStream:75 - [STDERR_REDIRECT] [Fatal Error] :1:1: Premature end of file.
2024-12-22 18:54:36,511 [ERROR] LogOutputStream:75 - [STDERR_REDIRECT] 
2024-12-22 18:54:37,504 [ERROR] LogOutputStream:75 - [STDERR_REDIRECT] [Fatal Error] :1:1: Premature end of file.
2024-12-22 18:54:37,504 [ERROR] LogOutputStream:75 - [STDERR_REDIRECT] 
2024-12-22 18:54:38,503 [ERROR] LogOutputStream:75 - [STDERR_REDIRECT] [Fatal Error] :1:1: Premature end of file.
2024-12-22 18:54:38,503 [ERROR] LogOutputStream:75 - [STDERR_REDIRECT] 
2024-12-22 18:54:39,510 [ERROR] LogOutputStream:75 - [STDERR_REDIRECT] [Fatal Error] :1:1: Premature end of file.
2024-12-22 18:54:39,510 [ERROR] LogOutputStream:75 - [STDERR_REDIRECT] 
2024-12-22 18:54:40,506 [ERROR] LogOutputStream:75 - [STDERR_REDIRECT] [Fatal Error] :1:1: Premature end of file.
2024-12-22 18:54:40,507 [ERROR] LogOutputStream:75 - [STDERR_REDIRECT] 
2024-12-22 18:54:41,507 [ERROR] LogOutputStream:75 - [STDERR_REDIRECT] [Fatal Error] :1:1: Premature end of file.
2024-12-22 18:54:41,507 [ERROR] LogOutputStream:75 - [STDERR_REDIRECT] 
2024-12-22 18:54:42,516 [ERROR] LogOutputStream:75 - [STDERR_REDIRECT] [Fatal Error] :1:1: Premature end of file.
2024-12-22 18:54:42,517 [ERROR] LogOutputStream:75 - [STDERR_REDIRECT] 
2024-12-22 18:54:43,508 [ERROR] LogOutputStream:75 - [STDERR_REDIRECT] [Fatal Error] :1:1: Premature end of file.
2024-12-22 18:54:43,508 [ERROR] LogOutputStream:75 - [STDERR_REDIRECT] 
2024-12-22 18:54:44,506 [ERROR] LogOutputStream:75 - [STDERR_REDIRECT] [Fatal Error] :1:1: Premature end of file.
2024-12-22 18:54:44,506 [ERROR] LogOutputStream:75 - [STDERR_REDIRECT] 
2024-12-22 18:54:45,513 [ERROR] LogOutputStream:75 - [STDERR_REDIRECT] [Fatal Error] :1:1: Premature end of file.
2024-12-22 18:54:45,514 [ERROR] LogOutputStream:75 - [STDERR_REDIRECT] 
2024-12-22 18:54:46,514 [ERROR] LogOutputStream:75 - [STDERR_REDIRECT] [Fatal Error] :1:1: Premature end of file.
2024-12-22 18:54:46,514 [ERROR] LogOutputStream:75 - [STDERR_REDIRECT] 
2024-12-22 18:54:47,519 [ERROR] LogOutputStream:75 - [STDERR_REDIRECT] [Fatal Error] :1:1: Premature end of file.
2024-12-22 18:54:47,519 [ERROR] LogOutputStream:75 - [STDERR_REDIRECT] 
2024-12-22 18:54:48,509 [ERROR] LogOutputStream:75 - [STDERR_REDIRECT] [Fatal Error] :1:1: Premature end of file.
2024-12-22 18:54:48,509 [ERROR] LogOutputStream:75 - [STDERR_REDIRECT] 
2024-12-22 18:54:49,508 [ERROR] LogOutputStream:75 - [STDERR_REDIRECT] [Fatal Error] :1:1: Premature end of file.
2024-12-22 18:54:49,508 [ERROR] LogOutputStream:75 - [STDERR_REDIRECT] 
2024-12-22 18:54:50,517 [ERROR] LogOutputStream:75 - [STDERR_REDIRECT] [Fatal Error] :1:1: Premature end of file.
2024-12-22 18:54:50,517 [ERROR] LogOutputStream:75 - [STDERR_REDIRECT] 
2024-12-22 18:54:51,507 [ERROR] LogOutputStream:75 - [STDERR_REDIRECT] [Fatal Error] :1:1: Premature end of file.
2024-12-22 18:54:51,507 [ERROR] LogOutputStream:75 - [STDERR_REDIRECT] 
2024-12-22 18:54:52,508 [ERROR] LogOutputStream:75 - [STDERR_REDIRECT] [Fatal Error] :1:1: Premature end of file.
2024-12-22 18:54:52,508 [ERROR] LogOutputStream:75 - [STDERR_REDIRECT] 
2024-12-22 18:54:53,514 [ERROR] LogOutputStream:75 - [STDERR_REDIRECT] [Fatal Error] :1:1: Premature end of file.
2024-12-22 18:54:53,514 [ERROR] LogOutputStream:75 - [STDERR_REDIRECT] 
2024-12-22 18:54:54,504 [ERROR] LogOutputStream:75 - [STDERR_REDIRECT] [Fatal Error] :1:1: Premature end of file.
2024-12-22 18:54:54,504 [ERROR] LogOutputStream:75 - [STDERR_REDIRECT] 
2024-12-22 18:54:55,502 [ERROR] LogOutputStream:75 - [STDERR_REDIRECT] [Fatal Error] :1:1: Premature end of file.
2024-12-22 18:54:55,503 [ERROR] LogOutputStream:75 - [STDERR_REDIRECT] 
2024-12-22 18:54:56,503 [ERROR] LogOutputStream:75 - [STDERR_REDIRECT] [Fatal Error] :1:1: Premature end of file.
2024-12-22 18:54:56,503 [ERROR] LogOutputStream:75 - [STDERR_REDIRECT] 
2024-12-22 18:54:57,504 [ERROR] LogOutputStream:75 - [STDERR_REDIRECT] [Fatal Error] :1:1: Premature end of file.
2024-12-22 18:54:57,504 [ERROR] LogOutputStream:75 - [STDERR_REDIRECT] 
2024-12-22 18:54:58,507 [ERROR] LogOutputStream:75 - [STDERR_REDIRECT] [Fatal Error] :1:1: Premature end of file.
2024-12-22 18:54:58,507 [ERROR] LogOutputStream:75 - [STDERR_REDIRECT] 
2024-12-22 18:54:59,515 [ERROR] LogOutputStream:75 - [STDERR_REDIRECT] [Fatal Error] :1:1: Premature end of file.
2024-12-22 18:54:59,515 [ERROR] LogOutputStream:75 - [STDERR_REDIRECT] 
2024-12-22 18:55:00,513 [ERROR] LogOutputStream:75 - [STDERR_REDIRECT] [Fatal Error] :1:1: Premature end of file.
2024-12-22 18:55:00,513 [ERROR] LogOutputStream:75 - [STDERR_REDIRECT] 
2024-12-22 18:55:01,509 [ERROR] LogOutputStream:75 - [STDERR_REDIRECT] [Fatal Error] :1:1: Premature end of file.
2024-12-22 18:55:01,509 [ERROR] LogOutputStream:75 - [STDERR_REDIRECT] 
2024-12-22 18:55:02,504 [ERROR] LogOutputStream:75 - [STDERR_REDIRECT] [Fatal Error] :1:1: Premature end of file.
2024-12-22 18:55:02,504 [ERROR] LogOutputStream:75 - [STDERR_REDIRECT] 
2024-12-22 18:55:03,510 [ERROR] LogOutputStream:75 - [STDERR_REDIRECT] [Fatal Error] :1:1: Premature end of file.
2024-12-22 18:55:03,510 [ERROR] LogOutputStream:75 - [STDERR_REDIRECT] 
2024-12-22 18:55:04,504 [ERROR] LogOutputStream:75 - [STDERR_REDIRECT] [Fatal Error] :1:1: Premature end of file.
2024-12-22 18:55:04,504 [ERROR] LogOutputStream:75 - [STDERR_REDIRECT] 
2024-12-22 18:55:05,504 [ERROR] LogOutputStream:75 - [STDERR_REDIRECT] [Fatal Error] :1:1: Premature end of file.
2024-12-22 18:55:05,504 [ERROR] LogOutputStream:75 - [STDERR_REDIRECT] 
2024-12-22 18:55:06,512 [ERROR] LogOutputStream:75 - [STDERR_REDIRECT] [Fatal Error] :1:1: Premature end of file.
2024-12-22 18:55:06,512 [ERROR] LogOutputStream:75 - [STDERR_REDIRECT] 
2024-12-22 18:55:07,513 [ERROR] LogOutputStream:75 - [STDERR_REDIRECT] [Fatal Error] :1:1: Premature end of file.
2024-12-22 18:55:07,513 [ERROR] LogOutputStream:75 - [STDERR_REDIRECT] 
2024-12-22 18:55:08,514 [ERROR] LogOutputStream:75 - [STDERR_REDIRECT] [Fatal Error] :1:1: Premature end of file.
2024-12-22 18:55:08,515 [ERROR] LogOutputStream:75 - [STDERR_REDIRECT] 
2024-12-22 18:55:09,515 [ERROR] LogOutputStream:75 - [STDERR_REDIRECT] [Fatal Error] :1:1: Premature end of file.
2024-12-22 18:55:09,515 [ERROR] LogOutputStream:75 - [STDERR_REDIRECT] 
2024-12-22 18:55:10,509 [ERROR] LogOutputStream:75 - [STDERR_REDIRECT] [Fatal Error] :1:1: Premature end of file.
2024-12-22 18:55:10,509 [ERROR] LogOutputStream:75 - [STDERR_REDIRECT] 
2024-12-22 18:55:11,512 [ERROR] LogOutputStream:75 - [STDERR_REDIRECT] [Fatal Error] :1:1: Premature end of file.
2024-12-22 18:55:11,512 [ERROR] LogOutputStream:75 - [STDERR_REDIRECT] 
2024-12-22 18:55:12,508 [ERROR] LogOutputStream:75 - [STDERR_REDIRECT] [Fatal Error] :1:1: Premature end of file.
2024-12-22 18:55:12,508 [ERROR] LogOutputStream:75 - [STDERR_REDIRECT] 
2024-12-22 18:55:13,508 [ERROR] LogOutputStream:75 - [STDERR_REDIRECT] [Fatal Error] :1:1: Premature end of file.
2024-12-22 18:55:13,508 [ERROR] LogOutputStream:75 - [STDERR_REDIRECT] 
2024-12-22 18:55:14,508 [ERROR] LogOutputStream:75 - [STDERR_REDIRECT] [Fatal Error] :1:1: Premature end of file.
2024-12-22 18:55:14,508 [ERROR] LogOutputStream:75 - [STDERR_REDIRECT] 
2024-12-22 18:55:15,504 [ERROR] LogOutputStream:75 - [STDERR_REDIRECT] [Fatal Error] :1:1: Premature end of file.
2024-12-22 18:55:15,504 [ERROR] LogOutputStream:75 - [STDERR_REDIRECT] 
2024-12-22 18:55:16,507 [ERROR] LogOutputStream:75 - [STDERR_REDIRECT] [Fatal Error] :1:1: Premature end of file.
2024-12-22 18:55:16,507 [ERROR] LogOutputStream:75 - [STDERR_REDIRECT] 
2024-12-22 18:55:17,511 [ERROR] LogOutputStream:75 - [STDERR_REDIRECT] [Fatal Error] :1:1: Premature end of file.
2024-12-22 18:55:17,511 [ERROR] LogOutputStream:75 - [STDERR_REDIRECT] 
2024-12-22 18:55:18,511 [ERROR] LogOutputStream:75 - [STDERR_REDIRECT] [Fatal Error] :1:1: Premature end of file.
2024-12-22 18:55:18,511 [ERROR] LogOutputStream:75 - [STDERR_REDIRECT] 
2024-12-22 18:55:19,512 [ERROR] LogOutputStream:75 - [STDERR_REDIRECT] [Fatal Error] :1:1: Premature end of file.
2024-12-22 18:55:19,512 [ERROR] LogOutputStream:75 - [STDERR_REDIRECT] 
2024-12-22 18:55:20,505 [ERROR] LogOutputStream:75 - [STDERR_REDIRECT] [Fatal Error] :1:1: Premature end of file.
2024-12-22 18:55:20,505 [ERROR] LogOutputStream:75 - [STDERR_REDIRECT] 
2024-12-22 18:55:21,509 [ERROR] LogOutputStream:75 - [STDERR_REDIRECT] [Fatal Error] :1:1: Premature end of file.
2024-12-22 18:55:21,509 [ERROR] LogOutputStream:75 - [STDERR_REDIRECT] 
2024-12-22 18:55:22,504 [ERROR] LogOutputStream:75 - [STDERR_REDIRECT] [Fatal Error] :1:1: Premature end of file.
2024-12-22 18:55:22,504 [ERROR] LogOutputStream:75 - [STDERR_REDIRECT] 
2024-12-22 18:55:23,512 [ERROR] LogOutputStream:75 - [STDERR_REDIRECT] [Fatal Error] :1:1: Premature end of file.
2024-12-22 18:55:23,512 [ERROR] LogOutputStream:75 - [STDERR_REDIRECT] 
2024-12-22 18:55:24,511 [ERROR] LogOutputStream:75 - [STDERR_REDIRECT] [Fatal Error] :1:1: Premature end of file.
2024-12-22 18:55:24,511 [ERROR] LogOutputStream:75 - [STDERR_REDIRECT] 
2024-12-22 18:55:25,515 [ERROR] LogOutputStream:75 - [STDERR_REDIRECT] [Fatal Error] :1:1: Premature end of file.
2024-12-22 18:55:25,515 [ERROR] LogOutputStream:75 - [STDERR_REDIRECT] 
2024-12-22 18:55:26,509 [ERROR] LogOutputStream:75 - [STDERR_REDIRECT] [Fatal Error] :1:1: Premature end of file.
2024-12-22 18:55:26,509 [ERROR] LogOutputStream:75 - [STDERR_REDIRECT] 
2024-12-22 18:55:27,508 [ERROR] LogOutputStream:75 - [STDERR_REDIRECT] [Fatal Error] :1:1: Premature end of file.
2024-12-22 18:55:27,508 [ERROR] LogOutputStream:75 - [STDERR_REDIRECT] 
2024-12-22 18:55:28,510 [ERROR] LogOutputStream:75 - [STDERR_REDIRECT] [Fatal Error] :1:1: Premature end of file.
2024-12-22 18:55:28,510 [ERROR] LogOutputStream:75 - [STDERR_REDIRECT] 
2024-12-22 18:55:29,504 [ERROR] LogOutputStream:75 - [STDERR_REDIRECT] [Fatal Error] :1:1: Premature end of file.
2024-12-22 18:55:29,504 [ERROR] LogOutputStream:75 - [STDERR_REDIRECT] 
2024-12-22 18:55:30,499 [ERROR] LogOutputStream:75 - [STDERR_REDIRECT] [Fatal Error] :1:1: Premature end of file.
2024-12-22 18:55:30,499 [ERROR] LogOutputStream:75 - [STDERR_REDIRECT] 
2024-12-22 18:55:31,503 [ERROR] LogOutputStream:75 - [STDERR_REDIRECT] [Fatal Error] :1:1: Premature end of file.
2024-12-22 18:55:31,503 [ERROR] LogOutputStream:75 - [STDERR_REDIRECT] 
2024-12-22 18:55:32,504 [ERROR] LogOutputStream:75 - [STDERR_REDIRECT] [Fatal Error] :1:1: Premature end of file.
2024-12-22 18:55:32,504 [ERROR] LogOutputStream:75 - [STDERR_REDIRECT] 
2024-12-22 18:55:33,509 [ERROR] LogOutputStream:75 - [STDERR_REDIRECT] [Fatal Error] :1:1: Premature end of file.
2024-12-22 18:55:33,509 [ERROR] LogOutputStream:75 - [STDERR_REDIRECT] 
2024-12-22 18:55:34,503 [ERROR] LogOutputStream:75 - [STDERR_REDIRECT] [Fatal Error] :1:1: Premature end of file.
2024-12-22 18:55:34,503 [ERROR] LogOutputStream:75 - [STDERR_REDIRECT] 
2024-12-22 18:55:35,510 [ERROR] LogOutputStream:75 - [STDERR_REDIRECT] [Fatal Error] :1:1: Premature end of file.
2024-12-22 18:55:35,510 [ERROR] LogOutputStream:75 - [STDERR_REDIRECT] 
2024-12-22 18:55:36,508 [ERROR] LogOutputStream:75 - [STDERR_REDIRECT] [Fatal Error] :1:1: Premature end of file.
2024-12-22 18:55:36,508 [ERROR] LogOutputStream:75 - [STDERR_REDIRECT] 
2024-12-22 18:55:37,506 [ERROR] LogOutputStream:75 - [STDERR_REDIRECT] [Fatal Error] :1:1: Premature end of file.
2024-12-22 18:55:37,506 [ERROR] LogOutputStream:75 - [STDERR_REDIRECT] 
2024-12-22 18:55:38,506 [ERROR] LogOutputStream:75 - [STDERR_REDIRECT] [Fatal Error] :1:1: Premature end of file.
2024-12-22 18:55:38,506 [ERROR] LogOutputStream:75 - [STDERR_REDIRECT] 
2024-12-22 18:55:39,515 [ERROR] LogOutputStream:75 - [STDERR_REDIRECT] [Fatal Error] :1:1: Premature end of file.
2024-12-22 18:55:39,515 [ERROR] LogOutputStream:75 - [STDERR_REDIRECT] 
2024-12-22 18:55:40,502 [ERROR] LogOutputStream:75 - [STDERR_REDIRECT] [Fatal Error] :1:1: Premature end of file.
2024-12-22 18:55:40,502 [ERROR] LogOutputStream:75 - [STDERR_REDIRECT] 
2024-12-22 18:55:41,504 [ERROR] LogOutputStream:75 - [STDERR_REDIRECT] [Fatal Error] :1:1: Premature end of file.
2024-12-22 18:55:41,506 [ERROR] LogOutputStream:75 - [STDERR_REDIRECT] 
2024-12-22 18:55:42,508 [ERROR] LogOutputStream:75 - [STDERR_REDIRECT] [Fatal Error] :1:1: Premature end of file.
2024-12-22 18:55:42,508 [ERROR] LogOutputStream:75 - [STDERR_REDIRECT] 
2024-12-22 18:55:43,503 [ERROR] LogOutputStream:75 - [STDERR_REDIRECT] [Fatal Error] :1:1: Premature end of file.
2024-12-22 18:55:43,503 [ERROR] LogOutputStream:75 - [STDERR_REDIRECT] 
2024-12-22 18:55:44,511 [ERROR] LogOutputStream:75 - [STDERR_REDIRECT] [Fatal Error] :1:1: Premature end of file.
2024-12-22 18:55:44,511 [ERROR] LogOutputStream:75 - [STDERR_REDIRECT] 
2024-12-22 18:55:45,514 [ERROR] LogOutputStream:75 - [STDERR_REDIRECT] [Fatal Error] :1:1: Premature end of file.
2024-12-22 18:55:45,514 [ERROR] LogOutputStream:75 - [STDERR_REDIRECT] 
2024-12-22 18:55:46,515 [ERROR] LogOutputStream:75 - [STDERR_REDIRECT] [Fatal Error] :1:1: Premature end of file.
2024-12-22 18:55:46,515 [ERROR] LogOutputStream:75 - [STDERR_REDIRECT] 
2024-12-22 18:55:47,516 [ERROR] LogOutputStream:75 - [STDERR_REDIRECT] [Fatal Error] :1:1: Premature end of file.
2024-12-22 18:55:47,516 [ERROR] LogOutputStream:75 - [STDERR_REDIRECT] 
2024-12-22 18:55:48,516 [ERROR] LogOutputStream:75 - [STDERR_REDIRECT] [Fatal Error] :1:1: Premature end of file.
2024-12-22 18:55:48,516 [ERROR] LogOutputStream:75 - [STDERR_REDIRECT] 
2024-12-22 18:55:49,506 [ERROR] LogOutputStream:75 - [STDERR_REDIRECT] [Fatal Error] :1:1: Premature end of file.
2024-12-22 18:55:49,506 [ERROR] LogOutputStream:75 - [STDERR_REDIRECT] 
2024-12-22 18:55:50,513 [ERROR] LogOutputStream:75 - [STDERR_REDIRECT] [Fatal Error] :1:1: Premature end of file.
2024-12-22 18:55:50,513 [ERROR] LogOutputStream:75 - [STDERR_REDIRECT] 
2024-12-22 18:55:51,501 [ERROR] LogOutputStream:75 - [STDERR_REDIRECT] [Fatal Error] :1:1: Premature end of file.
2024-12-22 18:55:51,501 [ERROR] LogOutputStream:75 - [STDERR_REDIRECT] 
2024-12-22 18:55:52,503 [ERROR] LogOutputStream:75 - [STDERR_REDIRECT] [Fatal Error] :1:1: Premature end of file.
2024-12-22 18:55:52,503 [ERROR] LogOutputStream:75 - [STDERR_REDIRECT] 
2024-12-22 18:55:53,509 [ERROR] LogOutputStream:75 - [STDERR_REDIRECT] [Fatal Error] :1:1: Premature end of file.
2024-12-22 18:55:53,510 [ERROR] LogOutputStream:75 - [STDERR_REDIRECT] 
2024-12-22 18:55:54,514 [ERROR] LogOutputStream:75 - [STDERR_REDIRECT] [Fatal Error] :1:1: Premature end of file.
2024-12-22 18:55:54,514 [ERROR] LogOutputStream:75 - [STDERR_REDIRECT] 
2024-12-22 18:55:55,500 [ERROR] LogOutputStream:75 - [STDERR_REDIRECT] [Fatal Error] :1:1: Premature end of file.
2024-12-22 18:55:55,500 [ERROR] LogOutputStream:75 - [STDERR_REDIRECT] 
2024-12-22 18:55:56,500 [ERROR] LogOutputStream:75 - [STDERR_REDIRECT] [Fatal Error] :1:1: Premature end of file.
2024-12-22 18:55:56,500 [ERROR] LogOutputStream:75 - [STDERR_REDIRECT] 
2024-12-22 18:55:57,509 [ERROR] LogOutputStream:75 - [STDERR_REDIRECT] [Fatal Error] :1:1: Premature end of file.
2024-12-22 18:55:57,509 [ERROR] LogOutputStream:75 - [STDERR_REDIRECT] 
2024-12-22 18:55:58,501 [ERROR] LogOutputStream:75 - [STDERR_REDIRECT] [Fatal Error] :1:1: Premature end of file.
2024-12-22 18:55:58,501 [ERROR] LogOutputStream:75 - [STDERR_REDIRECT] 
2024-12-22 18:55:59,504 [ERROR] LogOutputStream:75 - [STDERR_REDIRECT] [Fatal Error] :1:1: Premature end of file.
2024-12-22 18:55:59,504 [ERROR] LogOutputStream:75 - [STDERR_REDIRECT] 
2024-12-22 18:56:00,506 [ERROR] LogOutputStream:75 - [STDERR_REDIRECT] [Fatal Error] :1:1: Premature end of file.
2024-12-22 18:56:00,506 [ERROR] LogOutputStream:75 - [STDERR_REDIRECT] 
2024-12-22 18:56:01,508 [ERROR] LogOutputStream:75 - [STDERR_REDIRECT] [Fatal Error] :1:1: Premature end of file.
2024-12-22 18:56:01,508 [ERROR] LogOutputStream:75 - [STDERR_REDIRECT] 
2024-12-22 18:56:02,507 [ERROR] LogOutputStream:75 - [STDERR_REDIRECT] [Fatal Error] :1:1: Premature end of file.
2024-12-22 18:56:02,507 [ERROR] LogOutputStream:75 - [STDERR_REDIRECT] 
2024-12-22 18:56:03,512 [ERROR] LogOutputStream:75 - [STDERR_REDIRECT] [Fatal Error] :1:1: Premature end of file.
2024-12-22 18:56:03,512 [ERROR] LogOutputStream:75 - [STDERR_REDIRECT] 
2024-12-22 18:56:04,508 [ERROR] LogOutputStream:75 - [STDERR_REDIRECT] [Fatal Error] :1:1: Premature end of file.
2024-12-22 18:56:04,508 [ERROR] LogOutputStream:75 - [STDERR_REDIRECT] 
2024-12-22 18:56:05,512 [ERROR] LogOutputStream:75 - [STDERR_REDIRECT] [Fatal Error] :1:1: Premature end of file.
2024-12-22 18:56:05,512 [ERROR] LogOutputStream:75 - [STDERR_REDIRECT] 
2024-12-22 18:56:06,511 [ERROR] LogOutputStream:75 - [STDERR_REDIRECT] [Fatal Error] :1:1: Premature end of file.
2024-12-22 18:56:06,511 [ERROR] LogOutputStream:75 - [STDERR_REDIRECT] 
2024-12-22 18:56:07,503 [ERROR] LogOutputStream:75 - [STDERR_REDIRECT] [Fatal Error] :1:1: Premature end of file.
2024-12-22 18:56:07,503 [ERROR] LogOutputStream:75 - [STDERR_REDIRECT] 
2024-12-22 18:56:08,505 [ERROR] LogOutputStream:75 - [STDERR_REDIRECT] [Fatal Error] :1:1: Premature end of file.
2024-12-22 18:56:08,505 [ERROR] LogOutputStream:75 - [STDERR_REDIRECT] 
2024-12-22 18:56:09,502 [ERROR] LogOutputStream:75 - [STDERR_REDIRECT] [Fatal Error] :1:1: Premature end of file.
2024-12-22 18:56:09,502 [ERROR] LogOutputStream:75 - [STDERR_REDIRECT] 
2024-12-22 18:56:10,510 [ERROR] LogOutputStream:75 - [STDERR_REDIRECT] [Fatal Error] :1:1: Premature end of file.
2024-12-22 18:56:10,510 [ERROR] LogOutputStream:75 - [STDERR_REDIRECT] 
2024-12-22 18:56:11,507 [ERROR] LogOutputStream:75 - [STDERR_REDIRECT] [Fatal Error] :1:1: Premature end of file.
2024-12-22 18:56:11,507 [ERROR] LogOutputStream:75 - [STDERR_REDIRECT] 
2024-12-22 18:56:12,510 [ERROR] LogOutputStream:75 - [STDERR_REDIRECT] [Fatal Error] :1:1: Premature end of file.
2024-12-22 18:56:12,510 [ERROR] LogOutputStream:75 - [STDERR_REDIRECT] 
2024-12-22 18:56:13,510 [ERROR] LogOutputStream:75 - [STDERR_REDIRECT] [Fatal Error] :1:1: Premature end of file.
2024-12-22 18:56:13,510 [ERROR] LogOutputStream:75 - [STDERR_REDIRECT] 
2024-12-22 18:56:14,509 [ERROR] LogOutputStream:75 - [STDERR_REDIRECT] [Fatal Error] :1:1: Premature end of file.
2024-12-22 18:56:14,509 [ERROR] LogOutputStream:75 - [STDERR_REDIRECT] 
2024-12-22 18:56:15,506 [ERROR] LogOutputStream:75 - [STDERR_REDIRECT] [Fatal Error] :1:1: Premature end of file.
2024-12-22 18:56:15,506 [ERROR] LogOutputStream:75 - [STDERR_REDIRECT] 
2024-12-22 18:56:16,510 [ERROR] LogOutputStream:75 - [STDERR_REDIRECT] [Fatal Error] :1:1: Premature end of file.
2024-12-22 18:56:16,510 [ERROR] LogOutputStream:75 - [STDERR_REDIRECT] 
2024-12-22 18:56:17,512 [ERROR] LogOutputStream:75 - [STDERR_REDIRECT] [Fatal Error] :1:1: Premature end of file.
2024-12-22 18:56:17,512 [ERROR] LogOutputStream:75 - [STDERR_REDIRECT] 
2024-12-22 18:56:18,516 [ERROR] LogOutputStream:75 - [STDERR_REDIRECT] [Fatal Error] :1:1: Premature end of file.
2024-12-22 18:56:18,516 [ERROR] LogOutputStream:75 - [STDERR_REDIRECT] 
2024-12-22 18:56:19,503 [ERROR] LogOutputStream:75 - [STDERR_REDIRECT] [Fatal Error] :1:1: Premature end of file.
2024-12-22 18:56:19,503 [ERROR] LogOutputStream:75 - [STDERR_REDIRECT] 
2024-12-22 18:56:20,518 [ERROR] LogOutputStream:75 - [STDERR_REDIRECT] [Fatal Error] :1:1: Premature end of file.
2024-12-22 18:56:20,518 [ERROR] LogOutputStream:75 - [STDERR_REDIRECT] 
2024-12-22 18:56:21,509 [ERROR] LogOutputStream:75 - [STDERR_REDIRECT] [Fatal Error] :1:1: Premature end of file.
2024-12-22 18:56:21,509 [ERROR] LogOutputStream:75 - [STDERR_REDIRECT] 
2024-12-22 18:56:22,502 [ERROR] LogOutputStream:75 - [STDERR_REDIRECT] [Fatal Error] :1:1: Premature end of file.
2024-12-22 18:56:22,502 [ERROR] LogOutputStream:75 - [STDERR_REDIRECT] 
2024-12-22 18:56:23,508 [ERROR] LogOutputStream:75 - [STDERR_REDIRECT] [Fatal Error] :1:1: Premature end of file.
2024-12-22 18:56:23,508 [ERROR] LogOutputStream:75 - [STDERR_REDIRECT] 
2024-12-22 18:56:24,507 [ERROR] LogOutputStream:75 - [STDERR_REDIRECT] [Fatal Error] :1:1: Premature end of file.
2024-12-22 18:56:24,507 [ERROR] LogOutputStream:75 - [STDERR_REDIRECT] 
2024-12-22 18:56:25,507 [ERROR] LogOutputStream:75 - [STDERR_REDIRECT] [Fatal Error] :1:1: Premature end of file.
2024-12-22 18:56:25,507 [ERROR] LogOutputStream:75 - [STDERR_REDIRECT] 
2024-12-22 18:56:26,518 [ERROR] LogOutputStream:75 - [STDERR_REDIRECT] [Fatal Error] :1:1: Premature end of file.
2024-12-22 18:56:26,519 [ERROR] LogOutputStream:75 - [STDERR_REDIRECT] 
2024-12-22 18:56:27,502 [ERROR] LogOutputStream:75 - [STDERR_REDIRECT] [Fatal Error] :1:1: Premature end of file.
2024-12-22 18:56:27,502 [ERROR] LogOutputStream:75 - [STDERR_REDIRECT] 
2024-12-22 18:56:28,511 [ERROR] LogOutputStream:75 - [STDERR_REDIRECT] [Fatal Error] :1:1: Premature end of file.
2024-12-22 18:56:28,511 [ERROR] LogOutputStream:75 - [STDERR_REDIRECT] 
2024-12-22 18:56:29,515 [ERROR] LogOutputStream:75 - [STDERR_REDIRECT] [Fatal Error] :1:1: Premature end of file.
2024-12-22 18:56:29,515 [ERROR] LogOutputStream:75 - [STDERR_REDIRECT] 
2024-12-22 18:56:30,516 [ERROR] LogOutputStream:75 - [STDERR_REDIRECT] [Fatal Error] :1:1: Premature end of file.
2024-12-22 18:56:30,516 [ERROR] LogOutputStream:75 - [STDERR_REDIRECT] 
2024-12-22 18:56:31,513 [ERROR] LogOutputStream:75 - [STDERR_REDIRECT] [Fatal Error] :1:1: Premature end of file.
2024-12-22 18:56:31,513 [ERROR] LogOutputStream:75 - [STDERR_REDIRECT] 
2024-12-22 18:56:32,508 [ERROR] LogOutputStream:75 - [STDERR_REDIRECT] [Fatal Error] :1:1: Premature end of file.
2024-12-22 18:56:32,508 [ERROR] LogOutputStream:75 - [STDERR_REDIRECT] 
2024-12-22 18:56:33,509 [ERROR] LogOutputStream:75 - [STDERR_REDIRECT] [Fatal Error] :1:1: Premature end of file.
2024-12-22 18:56:33,509 [ERROR] LogOutputStream:75 - [STDERR_REDIRECT] 
2024-12-22 18:56:34,509 [ERROR] LogOutputStream:75 - [STDERR_REDIRECT] [Fatal Error] :1:1: Premature end of file.
2024-12-22 18:56:34,509 [ERROR] LogOutputStream:75 - [STDERR_REDIRECT] 
2024-12-22 18:56:35,503 [ERROR] LogOutputStream:75 - [STDERR_REDIRECT] [Fatal Error] :1:1: Premature end of file.
2024-12-22 18:56:35,503 [ERROR] LogOutputStream:75 - [STDERR_REDIRECT] 
2024-12-22 18:56:36,509 [ERROR] LogOutputStream:75 - [STDERR_REDIRECT] [Fatal Error] :1:1: Premature end of file.
2024-12-22 18:56:36,509 [ERROR] LogOutputStream:75 - [STDERR_REDIRECT] 
2024-12-22 18:56:37,510 [ERROR] LogOutputStream:75 - [STDERR_REDIRECT] [Fatal Error] :1:1: Premature end of file.
2024-12-22 18:56:37,511 [ERROR] LogOutputStream:75 - [STDERR_REDIRECT] 
2024-12-22 18:56:38,504 [ERROR] LogOutputStream:75 - [STDERR_REDIRECT] [Fatal Error] :1:1: Premature end of file.
2024-12-22 18:56:38,504 [ERROR] LogOutputStream:75 - [STDERR_REDIRECT] 
2024-12-22 18:56:39,515 [ERROR] LogOutputStream:75 - [STDERR_REDIRECT] [Fatal Error] :1:1: Premature end of file.
2024-12-22 18:56:39,516 [ERROR] LogOutputStream:75 - [STDERR_REDIRECT] 
2024-12-22 18:56:40,515 [ERROR] LogOutputStream:75 - [STDERR_REDIRECT] [Fatal Error] :1:1: Premature end of file.
2024-12-22 18:56:40,515 [ERROR] LogOutputStream:75 - [STDERR_REDIRECT] 
2024-12-22 18:56:41,504 [ERROR] LogOutputStream:75 - [STDERR_REDIRECT] [Fatal Error] :1:1: Premature end of file.
2024-12-22 18:56:41,505 [ERROR] LogOutputStream:75 - [STDERR_REDIRECT] 
2024-12-22 18:56:42,517 [ERROR] LogOutputStream:75 - [STDERR_REDIRECT] [Fatal Error] :1:1: Premature end of file.
2024-12-22 18:56:42,517 [ERROR] LogOutputStream:75 - [STDERR_REDIRECT] 
2024-12-22 18:56:43,517 [ERROR] LogOutputStream:75 - [STDERR_REDIRECT] [Fatal Error] :1:1: Premature end of file.
2024-12-22 18:56:43,517 [ERROR] LogOutputStream:75 - [STDERR_REDIRECT] 
2024-12-22 18:56:44,517 [ERROR] LogOutputStream:75 - [STDERR_REDIRECT] [Fatal Error] :1:1: Premature end of file.
2024-12-22 18:56:44,517 [ERROR] LogOutputStream:75 - [STDERR_REDIRECT] 
2024-12-22 18:56:45,505 [ERROR] LogOutputStream:75 - [STDERR_REDIRECT] [Fatal Error] :1:1: Premature end of file.
2024-12-22 18:56:45,505 [ERROR] LogOutputStream:75 - [STDERR_REDIRECT] 
2024-12-22 18:56:46,509 [ERROR] LogOutputStream:75 - [STDERR_REDIRECT] [Fatal Error] :1:1: Premature end of file.
2024-12-22 18:56:46,509 [ERROR] LogOutputStream:75 - [STDERR_REDIRECT] 
2024-12-22 18:56:47,502 [ERROR] LogOutputStream:75 - [STDERR_REDIRECT] [Fatal Error] :1:1: Premature end of file.
2024-12-22 18:56:47,502 [ERROR] LogOutputStream:75 - [STDERR_REDIRECT] 
2024-12-22 18:56:48,506 [ERROR] LogOutputStream:75 - [STDERR_REDIRECT] [Fatal Error] :1:1: Premature end of file.
2024-12-22 18:56:48,507 [ERROR] LogOutputStream:75 - [STDERR_REDIRECT] 
2024-12-22 18:56:49,502 [ERROR] LogOutputStream:75 - [STDERR_REDIRECT] [Fatal Error] :1:1: Premature end of file.
2024-12-22 18:56:49,503 [ERROR] LogOutputStream:75 - [STDERR_REDIRECT] 
2024-12-22 18:56:50,519 [ERROR] LogOutputStream:75 - [STDERR_REDIRECT] [Fatal Error] :1:1: Premature end of file.
2024-12-22 18:56:50,519 [ERROR] LogOutputStream:75 - [STDERR_REDIRECT] 
2024-12-22 18:56:51,503 [ERROR] LogOutputStream:75 - [STDERR_REDIRECT] [Fatal Error] :1:1: Premature end of file.
2024-12-22 18:56:51,503 [ERROR] LogOutputStream:75 - [STDERR_REDIRECT] 
2024-12-22 18:56:52,508 [ERROR] LogOutputStream:75 - [STDERR_REDIRECT] [Fatal Error] :1:1: Premature end of file.
2024-12-22 18:56:52,508 [ERROR] LogOutputStream:75 - [STDERR_REDIRECT] 
2024-12-22 18:56:53,508 [ERROR] LogOutputStream:75 - [STDERR_REDIRECT] [Fatal Error] :1:1: Premature end of file.
2024-12-22 18:56:53,508 [ERROR] LogOutputStream:75 - [STDERR_REDIRECT] 
2024-12-22 18:56:54,509 [ERROR] LogOutputStream:75 - [STDERR_REDIRECT] [Fatal Error] :1:1: Premature end of file.
2024-12-22 18:56:54,509 [ERROR] LogOutputStream:75 - [STDERR_REDIRECT] 
2024-12-22 18:56:55,503 [ERROR] LogOutputStream:75 - [STDERR_REDIRECT] [Fatal Error] :1:1: Premature end of file.
2024-12-22 18:56:55,503 [ERROR] LogOutputStream:75 - [STDERR_REDIRECT] 
2024-12-22 18:56:56,506 [ERROR] LogOutputStream:75 - [STDERR_REDIRECT] [Fatal Error] :1:1: Premature end of file.
2024-12-22 18:56:56,506 [ERROR] LogOutputStream:75 - [STDERR_REDIRECT] 
2024-12-22 18:56:57,504 [ERROR] LogOutputStream:75 - [STDERR_REDIRECT] [Fatal Error] :1:1: Premature end of file.
2024-12-22 18:56:57,504 [ERROR] LogOutputStream:75 - [STDERR_REDIRECT] 
2024-12-22 18:56:58,513 [ERROR] LogOutputStream:75 - [STDERR_REDIRECT] [Fatal Error] :1:1: Premature end of file.
2024-12-22 18:56:58,513 [ERROR] LogOutputStream:75 - [STDERR_REDIRECT] 
2024-12-22 18:56:59,502 [ERROR] LogOutputStream:75 - [STDERR_REDIRECT] [Fatal Error] :1:1: Premature end of file.
2024-12-22 18:56:59,502 [ERROR] LogOutputStream:75 - [STDERR_REDIRECT] 
2024-12-22 18:57:00,517 [ERROR] LogOutputStream:75 - [STDERR_REDIRECT] [Fatal Error] :1:1: Premature end of file.
2024-12-22 18:57:00,517 [ERROR] LogOutputStream:75 - [STDERR_REDIRECT] 
2024-12-22 18:57:01,505 [ERROR] LogOutputStream:75 - [STDERR_REDIRECT] [Fatal Error] :1:1: Premature end of file.
2024-12-22 18:57:01,505 [ERROR] LogOutputStream:75 - [STDERR_REDIRECT] 
2024-12-22 18:57:02,511 [ERROR] LogOutputStream:75 - [STDERR_REDIRECT] [Fatal Error] :1:1: Premature end of file.
2024-12-22 18:57:02,511 [ERROR] LogOutputStream:75 - [STDERR_REDIRECT] 
2024-12-22 18:57:03,502 [ERROR] LogOutputStream:75 - [STDERR_REDIRECT] [Fatal Error] :1:1: Premature end of file.
2024-12-22 18:57:03,502 [ERROR] LogOutputStream:75 - [STDERR_REDIRECT] 
2024-12-22 18:57:04,506 [ERROR] LogOutputStream:75 - [STDERR_REDIRECT] [Fatal Error] :1:1: Premature end of file.
2024-12-22 18:57:04,506 [ERROR] LogOutputStream:75 - [STDERR_REDIRECT] 
2024-12-22 18:57:05,506 [ERROR] LogOutputStream:75 - [STDERR_REDIRECT] [Fatal Error] :1:1: Premature end of file.
2024-12-22 18:57:05,506 [ERROR] LogOutputStream:75 - [STDERR_REDIRECT] 
2024-12-22 18:57:06,502 [ERROR] LogOutputStream:75 - [STDERR_REDIRECT] [Fatal Error] :1:1: Premature end of file.
2024-12-22 18:57:06,502 [ERROR] LogOutputStream:75 - [STDERR_REDIRECT] 
2024-12-22 18:57:07,510 [ERROR] LogOutputStream:75 - [STDERR_REDIRECT] [Fatal Error] :1:1: Premature end of file.
2024-12-22 18:57:07,510 [ERROR] LogOutputStream:75 - [STDERR_REDIRECT] 
2024-12-22 18:57:08,507 [ERROR] LogOutputStream:75 - [STDERR_REDIRECT] [Fatal Error] :1:1: Premature end of file.
2024-12-22 18:57:08,507 [ERROR] LogOutputStream:75 - [STDERR_REDIRECT] 
2024-12-22 18:57:09,503 [ERROR] LogOutputStream:75 - [STDERR_REDIRECT] [Fatal Error] :1:1: Premature end of file.
2024-12-22 18:57:09,503 [ERROR] LogOutputStream:75 - [STDERR_REDIRECT] 
2024-12-22 18:57:10,506 [ERROR] LogOutputStream:75 - [STDERR_REDIRECT] [Fatal Error] :1:1: Premature end of file.
2024-12-22 18:57:10,506 [ERROR] LogOutputStream:75 - [STDERR_REDIRECT] 
2024-12-22 18:57:11,510 [ERROR] LogOutputStream:75 - [STDERR_REDIRECT] [Fatal Error] :1:1: Premature end of file.
2024-12-22 18:57:11,510 [ERROR] LogOutputStream:75 - [STDERR_REDIRECT] 
2024-12-22 18:57:12,510 [ERROR] LogOutputStream:75 - [STDERR_REDIRECT] [Fatal Error] :1:1: Premature end of file.
2024-12-22 18:57:12,510 [ERROR] LogOutputStream:75 - [STDERR_REDIRECT] 
2024-12-22 18:57:13,499 [ERROR] LogOutputStream:75 - [STDERR_REDIRECT] [Fatal Error] :1:1: Premature end of file.
2024-12-22 18:57:13,499 [ERROR] LogOutputStream:75 - [STDERR_REDIRECT] 
2024-12-22 18:57:14,511 [ERROR] LogOutputStream:75 - [STDERR_REDIRECT] [Fatal Error] :1:1: Premature end of file.
2024-12-22 18:57:14,511 [ERROR] LogOutputStream:75 - [STDERR_REDIRECT] 
2024-12-22 18:57:15,504 [ERROR] LogOutputStream:75 - [STDERR_REDIRECT] [Fatal Error] :1:1: Premature end of file.
2024-12-22 18:57:15,505 [ERROR] LogOutputStream:75 - [STDERR_REDIRECT] 
2024-12-22 18:57:16,503 [ERROR] LogOutputStream:75 - [STDERR_REDIRECT] [Fatal Error] :1:1: Premature end of file.
2024-12-22 18:57:16,503 [ERROR] LogOutputStream:75 - [STDERR_REDIRECT] 
2024-12-22 18:57:17,509 [ERROR] LogOutputStream:75 - [STDERR_REDIRECT] [Fatal Error] :1:1: Premature end of file.
2024-12-22 18:57:17,509 [ERROR] LogOutputStream:75 - [STDERR_REDIRECT] 
2024-12-22 18:57:18,508 [ERROR] LogOutputStream:75 - [STDERR_REDIRECT] [Fatal Error] :1:1: Premature end of file.
2024-12-22 18:57:18,508 [ERROR] LogOutputStream:75 - [STDERR_REDIRECT] 
2024-12-22 18:57:19,503 [ERROR] LogOutputStream:75 - [STDERR_REDIRECT] [Fatal Error] :1:1: Premature end of file.
2024-12-22 18:57:19,503 [ERROR] LogOutputStream:75 - [STDERR_REDIRECT] 
2024-12-22 18:57:20,518 [ERROR] LogOutputStream:75 - [STDERR_REDIRECT] [Fatal Error] :1:1: Premature end of file.
2024-12-22 18:57:20,518 [ERROR] LogOutputStream:75 - [STDERR_REDIRECT] 
2024-12-22 18:57:21,508 [ERROR] LogOutputStream:75 - [STDERR_REDIRECT] [Fatal Error] :1:1: Premature end of file.
2024-12-22 18:57:21,508 [ERROR] LogOutputStream:75 - [STDERR_REDIRECT] 
2024-12-22 18:57:22,510 [ERROR] LogOutputStream:75 - [STDERR_REDIRECT] [Fatal Error] :1:1: Premature end of file.
2024-12-22 18:57:22,510 [ERROR] LogOutputStream:75 - [STDERR_REDIRECT] 
2024-12-22 18:57:23,509 [ERROR] LogOutputStream:75 - [STDERR_REDIRECT] [Fatal Error] :1:1: Premature end of file.
2024-12-22 18:57:23,509 [ERROR] LogOutputStream:75 - [STDERR_REDIRECT] 
2024-12-22 18:57:24,508 [ERROR] LogOutputStream:75 - [STDERR_REDIRECT] [Fatal Error] :1:1: Premature end of file.
2024-12-22 18:57:24,509 [ERROR] LogOutputStream:75 - [STDERR_REDIRECT] 
2024-12-22 18:57:25,505 [ERROR] LogOutputStream:75 - [STDERR_REDIRECT] [Fatal Error] :1:1: Premature end of file.
2024-12-22 18:57:25,505 [ERROR] LogOutputStream:75 - [STDERR_REDIRECT] 
2024-12-22 18:57:26,506 [ERROR] LogOutputStream:75 - [STDERR_REDIRECT] [Fatal Error] :1:1: Premature end of file.
2024-12-22 18:57:26,506 [ERROR] LogOutputStream:75 - [STDERR_REDIRECT] 
2024-12-22 18:57:27,516 [ERROR] LogOutputStream:75 - [STDERR_REDIRECT] [Fatal Error] :1:1: Premature end of file.
2024-12-22 18:57:27,516 [ERROR] LogOutputStream:75 - [STDERR_REDIRECT] 
2024-12-22 18:57:28,507 [ERROR] LogOutputStream:75 - [STDERR_REDIRECT] [Fatal Error] :1:1: Premature end of file.
2024-12-22 18:57:28,507 [ERROR] LogOutputStream:75 - [STDERR_REDIRECT] 
2024-12-22 18:57:29,506 [ERROR] LogOutputStream:75 - [STDERR_REDIRECT] [Fatal Error] :1:1: Premature end of file.
2024-12-22 18:57:29,506 [ERROR] LogOutputStream:75 - [STDERR_REDIRECT] 
2024-12-22 18:57:30,506 [ERROR] LogOutputStream:75 - [STDERR_REDIRECT] [Fatal Error] :1:1: Premature end of file.
2024-12-22 18:57:30,507 [ERROR] LogOutputStream:75 - [STDERR_REDIRECT] 
2024-12-22 18:57:31,507 [ERROR] LogOutputStream:75 - [STDERR_REDIRECT] [Fatal Error] :1:1: Premature end of file.
2024-12-22 18:57:31,507 [ERROR] LogOutputStream:75 - [STDERR_REDIRECT] 
2024-12-22 18:57:32,507 [ERROR] LogOutputStream:75 - [STDERR_REDIRECT] [Fatal Error] :1:1: Premature end of file.
2024-12-22 18:57:32,507 [ERROR] LogOutputStream:75 - [STDERR_REDIRECT] 
2024-12-22 18:57:33,506 [ERROR] LogOutputStream:75 - [STDERR_REDIRECT] [Fatal Error] :1:1: Premature end of file.
2024-12-22 18:57:33,507 [ERROR] LogOutputStream:75 - [STDERR_REDIRECT] 
2024-12-22 18:57:34,507 [ERROR] LogOutputStream:75 - [STDERR_REDIRECT] [Fatal Error] :1:1: Premature end of file.
2024-12-22 18:57:34,507 [ERROR] LogOutputStream:75 - [STDERR_REDIRECT] 
2024-12-22 18:57:35,505 [ERROR] LogOutputStream:75 - [STDERR_REDIRECT] [Fatal Error] :1:1: Premature end of file.
2024-12-22 18:57:35,505 [ERROR] LogOutputStream:75 - [STDERR_REDIRECT] 
2024-12-22 18:57:36,505 [ERROR] LogOutputStream:75 - [STDERR_REDIRECT] [Fatal Error] :1:1: Premature end of file.
2024-12-22 18:57:36,505 [ERROR] LogOutputStream:75 - [STDERR_REDIRECT] 
2024-12-22 18:57:37,503 [ERROR] LogOutputStream:75 - [STDERR_REDIRECT] [Fatal Error] :1:1: Premature end of file.
2024-12-22 18:57:37,503 [ERROR] LogOutputStream:75 - [STDERR_REDIRECT] 
2024-12-22 18:57:38,512 [ERROR] LogOutputStream:75 - [STDERR_REDIRECT] [Fatal Error] :1:1: Premature end of file.
2024-12-22 18:57:38,512 [ERROR] LogOutputStream:75 - [STDERR_REDIRECT] 
2024-12-22 18:57:39,509 [ERROR] LogOutputStream:75 - [STDERR_REDIRECT] [Fatal Error] :1:1: Premature end of file.
2024-12-22 18:57:39,509 [ERROR] LogOutputStream:75 - [STDERR_REDIRECT] 
2024-12-22 18:57:40,514 [ERROR] LogOutputStream:75 - [STDERR_REDIRECT] [Fatal Error] :1:1: Premature end of file.
2024-12-22 18:57:40,514 [ERROR] LogOutputStream:75 - [STDERR_REDIRECT] 
2024-12-22 18:57:41,506 [ERROR] LogOutputStream:75 - [STDERR_REDIRECT] [Fatal Error] :1:1: Premature end of file.
2024-12-22 18:57:41,506 [ERROR] LogOutputStream:75 - [STDERR_REDIRECT] 
2024-12-22 18:57:42,512 [ERROR] LogOutputStream:75 - [STDERR_REDIRECT] [Fatal Error] :1:1: Premature end of file.
2024-12-22 18:57:42,512 [ERROR] LogOutputStream:75 - [STDERR_REDIRECT] 
2024-12-22 18:57:43,511 [ERROR] LogOutputStream:75 - [STDERR_REDIRECT] [Fatal Error] :1:1: Premature end of file.
2024-12-22 18:57:43,511 [ERROR] LogOutputStream:75 - [STDERR_REDIRECT] 
2024-12-22 18:57:44,506 [ERROR] LogOutputStream:75 - [STDERR_REDIRECT] [Fatal Error] :1:1: Premature end of file.
2024-12-22 18:57:44,506 [ERROR] LogOutputStream:75 - [STDERR_REDIRECT] 
2024-12-22 18:57:45,508 [ERROR] LogOutputStream:75 - [STDERR_REDIRECT] [Fatal Error] :1:1: Premature end of file.
2024-12-22 18:57:45,508 [ERROR] LogOutputStream:75 - [STDERR_REDIRECT] 
2024-12-22 18:57:46,511 [ERROR] LogOutputStream:75 - [STDERR_REDIRECT] [Fatal Error] :1:1: Premature end of file.
2024-12-22 18:57:46,511 [ERROR] LogOutputStream:75 - [STDERR_REDIRECT] 
2024-12-22 18:57:47,508 [ERROR] LogOutputStream:75 - [STDERR_REDIRECT] [Fatal Error] :1:1: Premature end of file.
2024-12-22 18:57:47,508 [ERROR] LogOutputStream:75 - [STDERR_REDIRECT] 
2024-12-22 18:57:48,508 [ERROR] LogOutputStream:75 - [STDERR_REDIRECT] [Fatal Error] :1:1: Premature end of file.
2024-12-22 18:57:48,508 [ERROR] LogOutputStream:75 - [STDERR_REDIRECT] 
2024-12-22 18:57:49,503 [ERROR] LogOutputStream:75 - [STDERR_REDIRECT] [Fatal Error] :1:1: Premature end of file.
2024-12-22 18:57:49,503 [ERROR] LogOutputStream:75 - [STDERR_REDIRECT] 
2024-12-22 18:57:50,508 [ERROR] LogOutputStream:75 - [STDERR_REDIRECT] [Fatal Error] :1:1: Premature end of file.
2024-12-22 18:57:50,508 [ERROR] LogOutputStream:75 - [STDERR_REDIRECT] 
2024-12-22 18:57:51,513 [ERROR] LogOutputStream:75 - [STDERR_REDIRECT] [Fatal Error] :1:1: Premature end of file.
2024-12-22 18:57:51,513 [ERROR] LogOutputStream:75 - [STDERR_REDIRECT] 
2024-12-22 18:57:52,505 [ERROR] LogOutputStream:75 - [STDERR_REDIRECT] [Fatal Error] :1:1: Premature end of file.
2024-12-22 18:57:52,505 [ERROR] LogOutputStream:75 - [STDERR_REDIRECT] 
2024-12-22 18:57:53,510 [ERROR] LogOutputStream:75 - [STDERR_REDIRECT] [Fatal Error] :1:1: Premature end of file.
2024-12-22 18:57:53,510 [ERROR] LogOutputStream:75 - [STDERR_REDIRECT] 
2024-12-22 18:57:54,516 [ERROR] LogOutputStream:75 - [STDERR_REDIRECT] [Fatal Error] :1:1: Premature end of file.
2024-12-22 18:57:54,516 [ERROR] LogOutputStream:75 - [STDERR_REDIRECT] 
2024-12-22 18:57:55,505 [ERROR] LogOutputStream:75 - [STDERR_REDIRECT] [Fatal Error] :1:1: Premature end of file.
2024-12-22 18:57:55,506 [ERROR] LogOutputStream:75 - [STDERR_REDIRECT] 
2024-12-22 18:57:56,508 [ERROR] LogOutputStream:75 - [STDERR_REDIRECT] [Fatal Error] :1:1: Premature end of file.
2024-12-22 18:57:56,508 [ERROR] LogOutputStream:75 - [STDERR_REDIRECT] 
2024-12-22 18:57:57,509 [ERROR] LogOutputStream:75 - [STDERR_REDIRECT] [Fatal Error] :1:1: Premature end of file.
2024-12-22 18:57:57,509 [ERROR] LogOutputStream:75 - [STDERR_REDIRECT] 
2024-12-22 18:57:58,513 [ERROR] LogOutputStream:75 - [STDERR_REDIRECT] [Fatal Error] :1:1: Premature end of file.
2024-12-22 18:57:58,513 [ERROR] LogOutputStream:75 - [STDERR_REDIRECT] 
2024-12-22 18:57:59,516 [ERROR] LogOutputStream:75 - [STDERR_REDIRECT] [Fatal Error] :1:1: Premature end of file.
2024-12-22 18:57:59,516 [ERROR] LogOutputStream:75 - [STDERR_REDIRECT] 
2024-12-22 18:58:00,509 [ERROR] LogOutputStream:75 - [STDERR_REDIRECT] [Fatal Error] :1:1: Premature end of file.
2024-12-22 18:58:00,510 [ERROR] LogOutputStream:75 - [STDERR_REDIRECT] 
2024-12-22 18:58:01,517 [ERROR] LogOutputStream:75 - [STDERR_REDIRECT] [Fatal Error] :1:1: Premature end of file.
2024-12-22 18:58:01,517 [ERROR] LogOutputStream:75 - [STDERR_REDIRECT] 
2024-12-22 18:58:02,503 [ERROR] LogOutputStream:75 - [STDERR_REDIRECT] [Fatal Error] :1:1: Premature end of file.
2024-12-22 18:58:02,503 [ERROR] LogOutputStream:75 - [STDERR_REDIRECT] 
2024-12-22 18:58:03,506 [ERROR] LogOutputStream:75 - [STDERR_REDIRECT] [Fatal Error] :1:1: Premature end of file.
2024-12-22 18:58:03,506 [ERROR] LogOutputStream:75 - [STDERR_REDIRECT] 
2024-12-22 18:58:04,510 [ERROR] LogOutputStream:75 - [STDERR_REDIRECT] [Fatal Error] :1:1: Premature end of file.
2024-12-22 18:58:04,510 [ERROR] LogOutputStream:75 - [STDERR_REDIRECT] 
2024-12-22 18:58:05,499 [ERROR] LogOutputStream:75 - [STDERR_REDIRECT] [Fatal Error] :1:1: Premature end of file.
2024-12-22 18:58:05,502 [ERROR] LogOutputStream:75 - [STDERR_REDIRECT] 
2024-12-22 18:58:06,508 [ERROR] LogOutputStream:75 - [STDERR_REDIRECT] [Fatal Error] :1:1: Premature end of file.
2024-12-22 18:58:06,509 [ERROR] LogOutputStream:75 - [STDERR_REDIRECT] 
2024-12-22 18:58:07,504 [ERROR] LogOutputStream:75 - [STDERR_REDIRECT] [Fatal Error] :1:1: Premature end of file.
2024-12-22 18:58:07,504 [ERROR] LogOutputStream:75 - [STDERR_REDIRECT] 
2024-12-22 18:58:08,505 [ERROR] LogOutputStream:75 - [STDERR_REDIRECT] [Fatal Error] :1:1: Premature end of file.
2024-12-22 18:58:08,505 [ERROR] LogOutputStream:75 - [STDERR_REDIRECT] 
2024-12-22 18:58:09,503 [ERROR] LogOutputStream:75 - [STDERR_REDIRECT] [Fatal Error] :1:1: Premature end of file.
2024-12-22 18:58:09,503 [ERROR] LogOutputStream:75 - [STDERR_REDIRECT] 
2024-12-22 18:58:10,503 [ERROR] LogOutputStream:75 - [STDERR_REDIRECT] [Fatal Error] :1:1: Premature end of file.
2024-12-22 18:58:10,503 [ERROR] LogOutputStream:75 - [STDERR_REDIRECT] 
2024-12-22 18:58:11,519 [ERROR] LogOutputStream:75 - [STDERR_REDIRECT] [Fatal Error] :1:1: Premature end of file.
2024-12-22 18:58:11,520 [ERROR] LogOutputStream:75 - [STDERR_REDIRECT] 
2024-12-22 18:58:12,502 [ERROR] LogOutputStream:75 - [STDERR_REDIRECT] [Fatal Error] :1:1: Premature end of file.
2024-12-22 18:58:12,502 [ERROR] LogOutputStream:75 - [STDERR_REDIRECT] 
2024-12-22 18:58:13,504 [ERROR] LogOutputStream:75 - [STDERR_REDIRECT] [Fatal Error] :1:1: Premature end of file.
2024-12-22 18:58:13,504 [ERROR] LogOutputStream:75 - [STDERR_REDIRECT] 
2024-12-22 18:58:14,505 [ERROR] LogOutputStream:75 - [STDERR_REDIRECT] [Fatal Error] :1:1: Premature end of file.
2024-12-22 18:58:14,505 [ERROR] LogOutputStream:75 - [STDERR_REDIRECT] 
2024-12-22 18:58:15,508 [ERROR] LogOutputStream:75 - [STDERR_REDIRECT] [Fatal Error] :1:1: Premature end of file.
2024-12-22 18:58:15,508 [ERROR] LogOutputStream:75 - [STDERR_REDIRECT] 
2024-12-22 18:58:16,512 [ERROR] LogOutputStream:75 - [STDERR_REDIRECT] [Fatal Error] :1:1: Premature end of file.
2024-12-22 18:58:16,512 [ERROR] LogOutputStream:75 - [STDERR_REDIRECT] 
2024-12-22 18:58:17,512 [ERROR] LogOutputStream:75 - [STDERR_REDIRECT] [Fatal Error] :1:1: Premature end of file.
2024-12-22 18:58:17,512 [ERROR] LogOutputStream:75 - [STDERR_REDIRECT] 
2024-12-22 18:58:18,512 [ERROR] LogOutputStream:75 - [STDERR_REDIRECT] [Fatal Error] :1:1: Premature end of file.
2024-12-22 18:58:18,512 [ERROR] LogOutputStream:75 - [STDERR_REDIRECT] 
2024-12-22 18:58:19,510 [ERROR] LogOutputStream:75 - [STDERR_REDIRECT] [Fatal Error] :1:1: Premature end of file.
2024-12-22 18:58:19,510 [ERROR] LogOutputStream:75 - [STDERR_REDIRECT] 
2024-12-22 18:58:20,513 [ERROR] LogOutputStream:75 - [STDERR_REDIRECT] [Fatal Error] :1:1: Premature end of file.
2024-12-22 18:58:20,513 [ERROR] LogOutputStream:75 - [STDERR_REDIRECT] 
2024-12-22 18:58:21,511 [ERROR] LogOutputStream:75 - [STDERR_REDIRECT] [Fatal Error] :1:1: Premature end of file.
2024-12-22 18:58:21,511 [ERROR] LogOutputStream:75 - [STDERR_REDIRECT] 
2024-12-22 18:58:22,512 [ERROR] LogOutputStream:75 - [STDERR_REDIRECT] [Fatal Error] :1:1: Premature end of file.
2024-12-22 18:58:22,512 [ERROR] LogOutputStream:75 - [STDERR_REDIRECT] 
2024-12-22 18:58:23,512 [ERROR] LogOutputStream:75 - [STDERR_REDIRECT] [Fatal Error] :1:1: Premature end of file.
2024-12-22 18:58:23,512 [ERROR] LogOutputStream:75 - [STDERR_REDIRECT] 
2024-12-22 18:58:24,509 [ERROR] LogOutputStream:75 - [STDERR_REDIRECT] [Fatal Error] :1:1: Premature end of file.
2024-12-22 18:58:24,509 [ERROR] LogOutputStream:75 - [STDERR_REDIRECT] 
2024-12-22 18:58:25,509 [ERROR] LogOutputStream:75 - [STDERR_REDIRECT] [Fatal Error] :1:1: Premature end of file.
2024-12-22 18:58:25,509 [ERROR] LogOutputStream:75 - [STDERR_REDIRECT] 
2024-12-22 18:58:26,509 [ERROR] LogOutputStream:75 - [STDERR_REDIRECT] [Fatal Error] :1:1: Premature end of file.
2024-12-22 18:58:26,509 [ERROR] LogOutputStream:75 - [STDERR_REDIRECT] 
2024-12-22 18:58:27,516 [ERROR] LogOutputStream:75 - [STDERR_REDIRECT] [Fatal Error] :1:1: Premature end of file.
2024-12-22 18:58:27,516 [ERROR] LogOutputStream:75 - [STDERR_REDIRECT] 
2024-12-22 18:58:28,512 [ERROR] LogOutputStream:75 - [STDERR_REDIRECT] [Fatal Error] :1:1: Premature end of file.
2024-12-22 18:58:28,512 [ERROR] LogOutputStream:75 - [STDERR_REDIRECT] 
2024-12-22 18:58:29,519 [ERROR] LogOutputStream:75 - [STDERR_REDIRECT] [Fatal Error] :1:1: Premature end of file.
2024-12-22 18:58:29,519 [ERROR] LogOutputStream:75 - [STDERR_REDIRECT] 
2024-12-22 18:58:30,503 [ERROR] LogOutputStream:75 - [STDERR_REDIRECT] [Fatal Error] :1:1: Premature end of file.
2024-12-22 18:58:30,503 [ERROR] LogOutputStream:75 - [STDERR_REDIRECT] 
2024-12-22 18:58:31,508 [ERROR] LogOutputStream:75 - [STDERR_REDIRECT] [Fatal Error] :1:1: Premature end of file.
2024-12-22 18:58:31,508 [ERROR] LogOutputStream:75 - [STDERR_REDIRECT] 
2024-12-22 18:58:32,506 [ERROR] LogOutputStream:75 - [STDERR_REDIRECT] [Fatal Error] :1:1: Premature end of file.
2024-12-22 18:58:32,506 [ERROR] LogOutputStream:75 - [STDERR_REDIRECT] 
2024-12-22 18:58:33,506 [ERROR] LogOutputStream:75 - [STDERR_REDIRECT] [Fatal Error] :1:1: Premature end of file.
2024-12-22 18:58:33,506 [ERROR] LogOutputStream:75 - [STDERR_REDIRECT] 
2024-12-22 18:58:34,505 [ERROR] LogOutputStream:75 - [STDERR_REDIRECT] [Fatal Error] :1:1: Premature end of file.
2024-12-22 18:58:34,505 [ERROR] LogOutputStream:75 - [STDERR_REDIRECT] 
2024-12-22 18:58:35,509 [ERROR] LogOutputStream:75 - [STDERR_REDIRECT] [Fatal Error] :1:1: Premature end of file.
2024-12-22 18:58:35,509 [ERROR] LogOutputStream:75 - [STDERR_REDIRECT] 
2024-12-22 18:58:36,509 [ERROR] LogOutputStream:75 - [STDERR_REDIRECT] [Fatal Error] :1:1: Premature end of file.
2024-12-22 18:58:36,509 [ERROR] LogOutputStream:75 - [STDERR_REDIRECT] 
2024-12-22 18:58:37,514 [ERROR] LogOutputStream:75 - [STDERR_REDIRECT] [Fatal Error] :1:1: Premature end of file.
2024-12-22 18:58:37,514 [ERROR] LogOutputStream:75 - [STDERR_REDIRECT] 
2024-12-22 18:58:38,501 [ERROR] LogOutputStream:75 - [STDERR_REDIRECT] [Fatal Error] :1:1: Premature end of file.
2024-12-22 18:58:38,502 [ERROR] LogOutputStream:75 - [STDERR_REDIRECT] 
2024-12-22 18:58:39,504 [ERROR] LogOutputStream:75 - [STDERR_REDIRECT] [Fatal Error] :1:1: Premature end of file.
2024-12-22 18:58:39,504 [ERROR] LogOutputStream:75 - [STDERR_REDIRECT] 
2024-12-22 18:58:40,514 [ERROR] LogOutputStream:75 - [STDERR_REDIRECT] [Fatal Error] :1:1: Premature end of file.
2024-12-22 18:58:40,514 [ERROR] LogOutputStream:75 - [STDERR_REDIRECT] 
2024-12-22 18:58:41,507 [ERROR] LogOutputStream:75 - [STDERR_REDIRECT] [Fatal Error] :1:1: Premature end of file.
2024-12-22 18:58:41,507 [ERROR] LogOutputStream:75 - [STDERR_REDIRECT] 
2024-12-22 18:58:42,509 [ERROR] LogOutputStream:75 - [STDERR_REDIRECT] [Fatal Error] :1:1: Premature end of file.
2024-12-22 18:58:42,509 [ERROR] LogOutputStream:75 - [STDERR_REDIRECT] 
2024-12-22 18:58:43,502 [ERROR] LogOutputStream:75 - [STDERR_REDIRECT] [Fatal Error] :1:1: Premature end of file.
2024-12-22 18:58:43,502 [ERROR] LogOutputStream:75 - [STDERR_REDIRECT] 
2024-12-22 18:58:44,508 [ERROR] LogOutputStream:75 - [STDERR_REDIRECT] [Fatal Error] :1:1: Premature end of file.
2024-12-22 18:58:44,508 [ERROR] LogOutputStream:75 - [STDERR_REDIRECT] 
2024-12-22 18:58:45,508 [ERROR] LogOutputStream:75 - [STDERR_REDIRECT] [Fatal Error] :1:1: Premature end of file.
2024-12-22 18:58:45,508 [ERROR] LogOutputStream:75 - [STDERR_REDIRECT] 
2024-12-22 18:58:46,502 [ERROR] LogOutputStream:75 - [STDERR_REDIRECT] [Fatal Error] :1:1: Premature end of file.
2024-12-22 18:58:46,502 [ERROR] LogOutputStream:75 - [STDERR_REDIRECT] 
2024-12-22 18:58:47,504 [ERROR] LogOutputStream:75 - [STDERR_REDIRECT] [Fatal Error] :1:1: Premature end of file.
2024-12-22 18:58:47,504 [ERROR] LogOutputStream:75 - [STDERR_REDIRECT] 
2024-12-22 18:58:48,508 [ERROR] LogOutputStream:75 - [STDERR_REDIRECT] [Fatal Error] :1:1: Premature end of file.
2024-12-22 18:58:48,508 [ERROR] LogOutputStream:75 - [STDERR_REDIRECT] 
2024-12-22 18:58:49,506 [ERROR] LogOutputStream:75 - [STDERR_REDIRECT] [Fatal Error] :1:1: Premature end of file.
2024-12-22 18:58:49,506 [ERROR] LogOutputStream:75 - [STDERR_REDIRECT] 
2024-12-22 18:58:50,501 [ERROR] LogOutputStream:75 - [STDERR_REDIRECT] [Fatal Error] :1:1: Premature end of file.
2024-12-22 18:58:50,501 [ERROR] LogOutputStream:75 - [STDERR_REDIRECT] 
2024-12-22 18:58:51,505 [ERROR] LogOutputStream:75 - [STDERR_REDIRECT] [Fatal Error] :1:1: Premature end of file.
2024-12-22 18:58:51,505 [ERROR] LogOutputStream:75 - [STDERR_REDIRECT] 
2024-12-22 18:58:52,508 [ERROR] LogOutputStream:75 - [STDERR_REDIRECT] [Fatal Error] :1:1: Premature end of file.
2024-12-22 18:58:52,508 [ERROR] LogOutputStream:75 - [STDERR_REDIRECT] 
2024-12-22 18:58:53,500 [ERROR] LogOutputStream:75 - [STDERR_REDIRECT] [Fatal Error] :1:1: Premature end of file.
2024-12-22 18:58:53,500 [ERROR] LogOutputStream:75 - [STDERR_REDIRECT] 
2024-12-22 18:58:54,501 [ERROR] LogOutputStream:75 - [STDERR_REDIRECT] [Fatal Error] :1:1: Premature end of file.
2024-12-22 18:58:54,501 [ERROR] LogOutputStream:75 - [STDERR_REDIRECT] 
2024-12-22 18:58:55,504 [ERROR] LogOutputStream:75 - [STDERR_REDIRECT] [Fatal Error] :1:1: Premature end of file.
2024-12-22 18:58:55,505 [ERROR] LogOutputStream:75 - [STDERR_REDIRECT] 
2024-12-22 18:58:56,509 [ERROR] LogOutputStream:75 - [STDERR_REDIRECT] [Fatal Error] :1:1: Premature end of file.
2024-12-22 18:58:56,509 [ERROR] LogOutputStream:75 - [STDERR_REDIRECT] 
2024-12-22 18:58:57,515 [ERROR] LogOutputStream:75 - [STDERR_REDIRECT] [Fatal Error] :1:1: Premature end of file.
2024-12-22 18:58:57,515 [ERROR] LogOutputStream:75 - [STDERR_REDIRECT] 
2024-12-22 18:58:58,514 [ERROR] LogOutputStream:75 - [STDERR_REDIRECT] [Fatal Error] :1:1: Premature end of file.
2024-12-22 18:58:58,514 [ERROR] LogOutputStream:75 - [STDERR_REDIRECT] 
2024-12-22 18:58:59,507 [ERROR] LogOutputStream:75 - [STDERR_REDIRECT] [Fatal Error] :1:1: Premature end of file.
2024-12-22 18:58:59,507 [ERROR] LogOutputStream:75 - [STDERR_REDIRECT] 
2024-12-22 18:59:00,501 [ERROR] LogOutputStream:75 - [STDERR_REDIRECT] [Fatal Error] :1:1: Premature end of file.
2024-12-22 18:59:00,501 [ERROR] LogOutputStream:75 - [STDERR_REDIRECT] 
2024-12-22 18:59:01,501 [ERROR] LogOutputStream:75 - [STDERR_REDIRECT] [Fatal Error] :1:1: Premature end of file.
2024-12-22 18:59:01,503 [ERROR] LogOutputStream:75 - [STDERR_REDIRECT] 
2024-12-22 18:59:02,514 [ERROR] LogOutputStream:75 - [STDERR_REDIRECT] [Fatal Error] :1:1: Premature end of file.
2024-12-22 18:59:02,514 [ERROR] LogOutputStream:75 - [STDERR_REDIRECT] 
2024-12-22 18:59:03,510 [ERROR] LogOutputStream:75 - [STDERR_REDIRECT] [Fatal Error] :1:1: Premature end of file.
2024-12-22 18:59:03,510 [ERROR] LogOutputStream:75 - [STDERR_REDIRECT] 
2024-12-22 18:59:04,506 [ERROR] LogOutputStream:75 - [STDERR_REDIRECT] [Fatal Error] :1:1: Premature end of file.
2024-12-22 18:59:04,506 [ERROR] LogOutputStream:75 - [STDERR_REDIRECT] 
2024-12-22 18:59:05,512 [ERROR] LogOutputStream:75 - [STDERR_REDIRECT] [Fatal Error] :1:1: Premature end of file.
2024-12-22 18:59:05,512 [ERROR] LogOutputStream:75 - [STDERR_REDIRECT] 
2024-12-22 18:59:06,509 [ERROR] LogOutputStream:75 - [STDERR_REDIRECT] [Fatal Error] :1:1: Premature end of file.
2024-12-22 18:59:06,509 [ERROR] LogOutputStream:75 - [STDERR_REDIRECT] 
2024-12-22 18:59:07,510 [ERROR] LogOutputStream:75 - [STDERR_REDIRECT] [Fatal Error] :1:1: Premature end of file.
2024-12-22 18:59:07,510 [ERROR] LogOutputStream:75 - [STDERR_REDIRECT] 
2024-12-22 18:59:08,518 [ERROR] LogOutputStream:75 - [STDERR_REDIRECT] [Fatal Error] :1:1: Premature end of file.
2024-12-22 18:59:08,518 [ERROR] LogOutputStream:75 - [STDERR_REDIRECT] 
2024-12-22 18:59:09,508 [ERROR] LogOutputStream:75 - [STDERR_REDIRECT] [Fatal Error] :1:1: Premature end of file.
2024-12-22 18:59:09,508 [ERROR] LogOutputStream:75 - [STDERR_REDIRECT] 
2024-12-22 18:59:10,511 [ERROR] LogOutputStream:75 - [STDERR_REDIRECT] [Fatal Error] :1:1: Premature end of file.
2024-12-22 18:59:10,511 [ERROR] LogOutputStream:75 - [STDERR_REDIRECT] 
2024-12-22 18:59:11,508 [ERROR] LogOutputStream:75 - [STDERR_REDIRECT] [Fatal Error] :1:1: Premature end of file.
2024-12-22 18:59:11,508 [ERROR] LogOutputStream:75 - [STDERR_REDIRECT] 
2024-12-22 18:59:12,510 [ERROR] LogOutputStream:75 - [STDERR_REDIRECT] [Fatal Error] :1:1: Premature end of file.
2024-12-22 18:59:12,510 [ERROR] LogOutputStream:75 - [STDERR_REDIRECT] 
2024-12-22 18:59:13,509 [ERROR] LogOutputStream:75 - [STDERR_REDIRECT] [Fatal Error] :1:1: Premature end of file.
2024-12-22 18:59:13,509 [ERROR] LogOutputStream:75 - [STDERR_REDIRECT] 
2024-12-22 18:59:14,509 [ERROR] LogOutputStream:75 - [STDERR_REDIRECT] [Fatal Error] :1:1: Premature end of file.
2024-12-22 18:59:14,509 [ERROR] LogOutputStream:75 - [STDERR_REDIRECT] 
2024-12-22 18:59:15,512 [ERROR] LogOutputStream:75 - [STDERR_REDIRECT] [Fatal Error] :1:1: Premature end of file.
2024-12-22 18:59:15,512 [ERROR] LogOutputStream:75 - [STDERR_REDIRECT] 
2024-12-22 18:59:16,508 [ERROR] LogOutputStream:75 - [STDERR_REDIRECT] [Fatal Error] :1:1: Premature end of file.
2024-12-22 18:59:16,509 [ERROR] LogOutputStream:75 - [STDERR_REDIRECT] 
2024-12-22 18:59:17,507 [ERROR] LogOutputStream:75 - [STDERR_REDIRECT] [Fatal Error] :1:1: Premature end of file.
2024-12-22 18:59:17,507 [ERROR] LogOutputStream:75 - [STDERR_REDIRECT] 
2024-12-22 18:59:18,515 [ERROR] LogOutputStream:75 - [STDERR_REDIRECT] [Fatal Error] :1:1: Premature end of file.
2024-12-22 18:59:18,515 [ERROR] LogOutputStream:75 - [STDERR_REDIRECT] 
2024-12-22 18:59:19,509 [ERROR] LogOutputStream:75 - [STDERR_REDIRECT] [Fatal Error] :1:1: Premature end of file.
2024-12-22 18:59:19,509 [ERROR] LogOutputStream:75 - [STDERR_REDIRECT] 
2024-12-22 18:59:20,510 [ERROR] LogOutputStream:75 - [STDERR_REDIRECT] [Fatal Error] :1:1: Premature end of file.
2024-12-22 18:59:20,510 [ERROR] LogOutputStream:75 - [STDERR_REDIRECT] 
2024-12-22 18:59:21,509 [ERROR] LogOutputStream:75 - [STDERR_REDIRECT] [Fatal Error] :1:1: Premature end of file.
2024-12-22 18:59:21,509 [ERROR] LogOutputStream:75 - [STDERR_REDIRECT] 
2024-12-22 18:59:22,509 [ERROR] LogOutputStream:75 - [STDERR_REDIRECT] [Fatal Error] :1:1: Premature end of file.
2024-12-22 18:59:22,509 [ERROR] LogOutputStream:75 - [STDERR_REDIRECT] 
2024-12-22 18:59:23,519 [ERROR] LogOutputStream:75 - [STDERR_REDIRECT] [Fatal Error] :1:1: Premature end of file.
2024-12-22 18:59:23,519 [ERROR] LogOutputStream:75 - [STDERR_REDIRECT] 
2024-12-22 18:59:24,503 [ERROR] LogOutputStream:75 - [STDERR_REDIRECT] [Fatal Error] :1:1: Premature end of file.
2024-12-22 18:59:24,503 [ERROR] LogOutputStream:75 - [STDERR_REDIRECT] 
2024-12-22 18:59:25,511 [ERROR] LogOutputStream:75 - [STDERR_REDIRECT] [Fatal Error] :1:1: Premature end of file.
2024-12-22 18:59:25,511 [ERROR] LogOutputStream:75 - [STDERR_REDIRECT] 
2024-12-22 18:59:26,510 [ERROR] LogOutputStream:75 - [STDERR_REDIRECT] [Fatal Error] :1:1: Premature end of file.
2024-12-22 18:59:26,510 [ERROR] LogOutputStream:75 - [STDERR_REDIRECT] 
2024-12-22 18:59:27,512 [ERROR] LogOutputStream:75 - [STDERR_REDIRECT] [Fatal Error] :1:1: Premature end of file.
2024-12-22 18:59:27,513 [ERROR] LogOutputStream:75 - [STDERR_REDIRECT] 
2024-12-22 18:59:28,508 [ERROR] LogOutputStream:75 - [STDERR_REDIRECT] [Fatal Error] :1:1: Premature end of file.
2024-12-22 18:59:28,509 [ERROR] LogOutputStream:75 - [STDERR_REDIRECT] 
2024-12-22 18:59:29,518 [ERROR] LogOutputStream:75 - [STDERR_REDIRECT] [Fatal Error] :1:1: Premature end of file.
2024-12-22 18:59:29,518 [ERROR] LogOutputStream:75 - [STDERR_REDIRECT] 
2024-12-22 18:59:30,512 [ERROR] LogOutputStream:75 - [STDERR_REDIRECT] [Fatal Error] :1:1: Premature end of file.
2024-12-22 18:59:30,513 [ERROR] LogOutputStream:75 - [STDERR_REDIRECT] 
2024-12-22 18:59:31,510 [ERROR] LogOutputStream:75 - [STDERR_REDIRECT] [Fatal Error] :1:1: Premature end of file.
2024-12-22 18:59:31,510 [ERROR] LogOutputStream:75 - [STDERR_REDIRECT] 
2024-12-22 18:59:32,499 [ERROR] LogOutputStream:75 - [STDERR_REDIRECT] [Fatal Error] :1:1: Premature end of file.
2024-12-22 18:59:32,499 [ERROR] LogOutputStream:75 - [STDERR_REDIRECT] 
2024-12-22 18:59:33,513 [ERROR] LogOutputStream:75 - [STDERR_REDIRECT] [Fatal Error] :1:1: Premature end of file.
2024-12-22 18:59:33,513 [ERROR] LogOutputStream:75 - [STDERR_REDIRECT] 
2024-12-22 18:59:34,504 [ERROR] LogOutputStream:75 - [STDERR_REDIRECT] [Fatal Error] :1:1: Premature end of file.
2024-12-22 18:59:34,504 [ERROR] LogOutputStream:75 - [STDERR_REDIRECT] 
2024-12-22 18:59:35,511 [ERROR] LogOutputStream:75 - [STDERR_REDIRECT] [Fatal Error] :1:1: Premature end of file.
2024-12-22 18:59:35,512 [ERROR] LogOutputStream:75 - [STDERR_REDIRECT] 
2024-12-22 18:59:36,510 [ERROR] LogOutputStream:75 - [STDERR_REDIRECT] [Fatal Error] :1:1: Premature end of file.
2024-12-22 18:59:36,510 [ERROR] LogOutputStream:75 - [STDERR_REDIRECT] 
2024-12-22 18:59:37,510 [ERROR] LogOutputStream:75 - [STDERR_REDIRECT] [Fatal Error] :1:1: Premature end of file.
2024-12-22 18:59:37,510 [ERROR] LogOutputStream:75 - [STDERR_REDIRECT] 
2024-12-22 18:59:38,510 [ERROR] LogOutputStream:75 - [STDERR_REDIRECT] [Fatal Error] :1:1: Premature end of file.
2024-12-22 18:59:38,510 [ERROR] LogOutputStream:75 - [STDERR_REDIRECT] 
2024-12-22 18:59:39,509 [ERROR] LogOutputStream:75 - [STDERR_REDIRECT] [Fatal Error] :1:1: Premature end of file.
2024-12-22 18:59:39,509 [ERROR] LogOutputStream:75 - [STDERR_REDIRECT] 
2024-12-22 18:59:40,510 [ERROR] LogOutputStream:75 - [STDERR_REDIRECT] [Fatal Error] :1:1: Premature end of file.
2024-12-22 18:59:40,510 [ERROR] LogOutputStream:75 - [STDERR_REDIRECT] 
2024-12-22 18:59:41,509 [ERROR] LogOutputStream:75 - [STDERR_REDIRECT] [Fatal Error] :1:1: Premature end of file.
2024-12-22 18:59:41,509 [ERROR] LogOutputStream:75 - [STDERR_REDIRECT] 
2024-12-22 18:59:42,503 [ERROR] LogOutputStream:75 - [STDERR_REDIRECT] [Fatal Error] :1:1: Premature end of file.
2024-12-22 18:59:42,503 [ERROR] LogOutputStream:75 - [STDERR_REDIRECT] 
2024-12-22 18:59:43,508 [ERROR] LogOutputStream:75 - [STDERR_REDIRECT] [Fatal Error] :1:1: Premature end of file.
2024-12-22 18:59:43,508 [ERROR] LogOutputStream:75 - [STDERR_REDIRECT] 
2024-12-22 18:59:44,506 [ERROR] LogOutputStream:75 - [STDERR_REDIRECT] [Fatal Error] :1:1: Premature end of file.
2024-12-22 18:59:44,506 [ERROR] LogOutputStream:75 - [STDERR_REDIRECT] 
2024-12-22 18:59:45,507 [ERROR] LogOutputStream:75 - [STDERR_REDIRECT] [Fatal Error] :1:1: Premature end of file.
2024-12-22 18:59:45,507 [ERROR] LogOutputStream:75 - [STDERR_REDIRECT] 
2024-12-22 18:59:46,510 [ERROR] LogOutputStream:75 - [STDERR_REDIRECT] [Fatal Error] :1:1: Premature end of file.
2024-12-22 18:59:46,510 [ERROR] LogOutputStream:75 - [STDERR_REDIRECT] 
2024-12-22 18:59:47,504 [ERROR] LogOutputStream:75 - [STDERR_REDIRECT] [Fatal Error] :1:1: Premature end of file.
2024-12-22 18:59:47,504 [ERROR] LogOutputStream:75 - [STDERR_REDIRECT] 
2024-12-22 18:59:48,504 [ERROR] LogOutputStream:75 - [STDERR_REDIRECT] [Fatal Error] :1:1: Premature end of file.
2024-12-22 18:59:48,504 [ERROR] LogOutputStream:75 - [STDERR_REDIRECT] 
2024-12-22 18:59:49,510 [ERROR] LogOutputStream:75 - [STDERR_REDIRECT] [Fatal Error] :1:1: Premature end of file.
2024-12-22 18:59:49,510 [ERROR] LogOutputStream:75 - [STDERR_REDIRECT] 
2024-12-22 18:59:50,507 [ERROR] LogOutputStream:75 - [STDERR_REDIRECT] [Fatal Error] :1:1: Premature end of file.
2024-12-22 18:59:50,507 [ERROR] LogOutputStream:75 - [STDERR_REDIRECT] 
2024-12-22 18:59:51,502 [ERROR] LogOutputStream:75 - [STDERR_REDIRECT] [Fatal Error] :1:1: Premature end of file.
2024-12-22 18:59:51,502 [ERROR] LogOutputStream:75 - [STDERR_REDIRECT] 
2024-12-22 18:59:52,508 [ERROR] LogOutputStream:75 - [STDERR_REDIRECT] [Fatal Error] :1:1: Premature end of file.
2024-12-22 18:59:52,508 [ERROR] LogOutputStream:75 - [STDERR_REDIRECT] 
2024-12-22 18:59:53,510 [ERROR] LogOutputStream:75 - [STDERR_REDIRECT] [Fatal Error] :1:1: Premature end of file.
2024-12-22 18:59:53,510 [ERROR] LogOutputStream:75 - [STDERR_REDIRECT] 
2024-12-22 18:59:54,512 [ERROR] LogOutputStream:75 - [STDERR_REDIRECT] [Fatal Error] :1:1: Premature end of file.
2024-12-22 18:59:54,512 [ERROR] LogOutputStream:75 - [STDERR_REDIRECT] 
2024-12-22 18:59:55,506 [ERROR] LogOutputStream:75 - [STDERR_REDIRECT] [Fatal Error] :1:1: Premature end of file.
2024-12-22 18:59:55,506 [ERROR] LogOutputStream:75 - [STDERR_REDIRECT] 
2024-12-22 18:59:56,512 [ERROR] LogOutputStream:75 - [STDERR_REDIRECT] [Fatal Error] :1:1: Premature end of file.
2024-12-22 18:59:56,512 [ERROR] LogOutputStream:75 - [STDERR_REDIRECT] 
2024-12-22 18:59:57,505 [ERROR] LogOutputStream:75 - [STDERR_REDIRECT] [Fatal Error] :1:1: Premature end of file.
2024-12-22 18:59:57,506 [ERROR] LogOutputStream:75 - [STDERR_REDIRECT] 
2024-12-22 18:59:58,508 [ERROR] LogOutputStream:75 - [STDERR_REDIRECT] [Fatal Error] :1:1: Premature end of file.
2024-12-22 18:59:58,509 [ERROR] LogOutputStream:75 - [STDERR_REDIRECT] 
2024-12-22 18:59:59,510 [ERROR] LogOutputStream:75 - [STDERR_REDIRECT] [Fatal Error] :1:1: Premature end of file.
2024-12-22 18:59:59,510 [ERROR] LogOutputStream:75 - [STDERR_REDIRECT] 
2024-12-22 19:00:00,510 [ERROR] LogOutputStream:75 - [STDERR_REDIRECT] [Fatal Error] :1:1: Premature end of file.
2024-12-22 19:00:00,511 [ERROR] LogOutputStream:75 - [STDERR_REDIRECT] 
2024-12-22 19:00:01,507 [ERROR] LogOutputStream:75 - [STDERR_REDIRECT] [Fatal Error] :1:1: Premature end of file.
2024-12-22 19:00:01,507 [ERROR] LogOutputStream:75 - [STDERR_REDIRECT] 
2024-12-22 19:00:02,508 [ERROR] LogOutputStream:75 - [STDERR_REDIRECT] [Fatal Error] :1:1: Premature end of file.
2024-12-22 19:00:02,508 [ERROR] LogOutputStream:75 - [STDERR_REDIRECT] 
2024-12-22 19:00:03,509 [ERROR] LogOutputStream:75 - [STDERR_REDIRECT] [Fatal Error] :1:1: Premature end of file.
2024-12-22 19:00:03,509 [ERROR] LogOutputStream:75 - [STDERR_REDIRECT] 
2024-12-22 19:00:04,505 [ERROR] LogOutputStream:75 - [STDERR_REDIRECT] [Fatal Error] :1:1: Premature end of file.
2024-12-22 19:00:04,505 [ERROR] LogOutputStream:75 - [STDERR_REDIRECT] 
2024-12-22 19:00:05,509 [ERROR] LogOutputStream:75 - [STDERR_REDIRECT] [Fatal Error] :1:1: Premature end of file.
2024-12-22 19:00:05,510 [ERROR] LogOutputStream:75 - [STDERR_REDIRECT] 
2024-12-22 19:00:06,508 [ERROR] LogOutputStream:75 - [STDERR_REDIRECT] [Fatal Error] :1:1: Premature end of file.
2024-12-22 19:00:06,508 [ERROR] LogOutputStream:75 - [STDERR_REDIRECT] 
2024-12-22 19:00:07,522 [ERROR] LogOutputStream:75 - [STDERR_REDIRECT] [Fatal Error] :1:1: Premature end of file.
2024-12-22 19:00:07,522 [ERROR] LogOutputStream:75 - [STDERR_REDIRECT] 
2024-12-22 19:00:08,511 [ERROR] LogOutputStream:75 - [STDERR_REDIRECT] [Fatal Error] :1:1: Premature end of file.
2024-12-22 19:00:08,512 [ERROR] LogOutputStream:75 - [STDERR_REDIRECT] 
2024-12-22 19:00:09,509 [ERROR] LogOutputStream:75 - [STDERR_REDIRECT] [Fatal Error] :1:1: Premature end of file.
2024-12-22 19:00:09,509 [ERROR] LogOutputStream:75 - [STDERR_REDIRECT] 
2024-12-22 19:00:10,512 [ERROR] LogOutputStream:75 - [STDERR_REDIRECT] [Fatal Error] :1:1: Premature end of file.
2024-12-22 19:00:10,512 [ERROR] LogOutputStream:75 - [STDERR_REDIRECT] 
2024-12-22 19:00:11,509 [ERROR] LogOutputStream:75 - [STDERR_REDIRECT] [Fatal Error] :1:1: Premature end of file.
2024-12-22 19:00:11,509 [ERROR] LogOutputStream:75 - [STDERR_REDIRECT] 
2024-12-22 19:00:12,506 [ERROR] LogOutputStream:75 - [STDERR_REDIRECT] [Fatal Error] :1:1: Premature end of file.
2024-12-22 19:00:12,506 [ERROR] LogOutputStream:75 - [STDERR_REDIRECT] 
2024-12-22 19:00:13,508 [ERROR] LogOutputStream:75 - [STDERR_REDIRECT] [Fatal Error] :1:1: Premature end of file.
2024-12-22 19:00:13,508 [ERROR] LogOutputStream:75 - [STDERR_REDIRECT] 
2024-12-22 19:00:14,511 [ERROR] LogOutputStream:75 - [STDERR_REDIRECT] [Fatal Error] :1:1: Premature end of file.
2024-12-22 19:00:14,511 [ERROR] LogOutputStream:75 - [STDERR_REDIRECT] 
2024-12-22 19:00:15,500 [ERROR] LogOutputStream:75 - [STDERR_REDIRECT] [Fatal Error] :1:1: Premature end of file.
2024-12-22 19:00:15,500 [ERROR] LogOutputStream:75 - [STDERR_REDIRECT] 
2024-12-22 19:00:16,514 [ERROR] LogOutputStream:75 - [STDERR_REDIRECT] [Fatal Error] :1:1: Premature end of file.
2024-12-22 19:00:16,514 [ERROR] LogOutputStream:75 - [STDERR_REDIRECT] 
2024-12-22 19:00:17,505 [ERROR] LogOutputStream:75 - [STDERR_REDIRECT] [Fatal Error] :1:1: Premature end of file.
2024-12-22 19:00:17,505 [ERROR] LogOutputStream:75 - [STDERR_REDIRECT] 
2024-12-22 19:00:18,509 [ERROR] LogOutputStream:75 - [STDERR_REDIRECT] [Fatal Error] :1:1: Premature end of file.
2024-12-22 19:00:18,509 [ERROR] LogOutputStream:75 - [STDERR_REDIRECT] 
2024-12-22 19:00:19,512 [ERROR] LogOutputStream:75 - [STDERR_REDIRECT] [Fatal Error] :1:1: Premature end of file.
2024-12-22 19:00:19,512 [ERROR] LogOutputStream:75 - [STDERR_REDIRECT] 
2024-12-22 19:00:20,515 [ERROR] LogOutputStream:75 - [STDERR_REDIRECT] [Fatal Error] :1:1: Premature end of file.
2024-12-22 19:00:20,515 [ERROR] LogOutputStream:75 - [STDERR_REDIRECT] 
2024-12-22 19:00:21,505 [ERROR] LogOutputStream:75 - [STDERR_REDIRECT] [Fatal Error] :1:1: Premature end of file.
2024-12-22 19:00:21,505 [ERROR] LogOutputStream:75 - [STDERR_REDIRECT] 
2024-12-22 19:00:22,512 [ERROR] LogOutputStream:75 - [STDERR_REDIRECT] [Fatal Error] :1:1: Premature end of file.
2024-12-22 19:00:22,512 [ERROR] LogOutputStream:75 - [STDERR_REDIRECT] 
2024-12-22 19:00:23,510 [ERROR] LogOutputStream:75 - [STDERR_REDIRECT] [Fatal Error] :1:1: Premature end of file.
2024-12-22 19:00:23,510 [ERROR] LogOutputStream:75 - [STDERR_REDIRECT] 
2024-12-22 19:00:24,502 [ERROR] LogOutputStream:75 - [STDERR_REDIRECT] [Fatal Error] :1:1: Premature end of file.
2024-12-22 19:00:24,502 [ERROR] LogOutputStream:75 - [STDERR_REDIRECT] 
2024-12-22 19:00:25,517 [ERROR] LogOutputStream:75 - [STDERR_REDIRECT] [Fatal Error] :1:1: Premature end of file.
2024-12-22 19:00:25,518 [ERROR] LogOutputStream:75 - [STDERR_REDIRECT] 
2024-12-22 19:00:26,508 [ERROR] LogOutputStream:75 - [STDERR_REDIRECT] [Fatal Error] :1:1: Premature end of file.
2024-12-22 19:00:26,508 [ERROR] LogOutputStream:75 - [STDERR_REDIRECT] 
2024-12-22 19:00:27,519 [ERROR] LogOutputStream:75 - [STDERR_REDIRECT] [Fatal Error] :1:1: Premature end of file.
2024-12-22 19:00:27,519 [ERROR] LogOutputStream:75 - [STDERR_REDIRECT] 
2024-12-22 19:00:28,499 [ERROR] LogOutputStream:75 - [STDERR_REDIRECT] [Fatal Error] :1:1: Premature end of file.
2024-12-22 19:00:28,499 [ERROR] LogOutputStream:75 - [STDERR_REDIRECT] 
2024-12-22 19:00:29,507 [ERROR] LogOutputStream:75 - [STDERR_REDIRECT] [Fatal Error] :1:1: Premature end of file.
2024-12-22 19:00:29,507 [ERROR] LogOutputStream:75 - [STDERR_REDIRECT] 
2024-12-22 19:00:30,502 [ERROR] LogOutputStream:75 - [STDERR_REDIRECT] [Fatal Error] :1:1: Premature end of file.
2024-12-22 19:00:30,502 [ERROR] LogOutputStream:75 - [STDERR_REDIRECT] 
2024-12-22 19:00:31,500 [ERROR] LogOutputStream:75 - [STDERR_REDIRECT] [Fatal Error] :1:1: Premature end of file.
2024-12-22 19:00:31,500 [ERROR] LogOutputStream:75 - [STDERR_REDIRECT] 
2024-12-22 19:00:32,501 [ERROR] LogOutputStream:75 - [STDERR_REDIRECT] [Fatal Error] :1:1: Premature end of file.
2024-12-22 19:00:32,501 [ERROR] LogOutputStream:75 - [STDERR_REDIRECT] 
2024-12-22 19:00:33,499 [ERROR] LogOutputStream:75 - [STDERR_REDIRECT] [Fatal Error] :1:1: Premature end of file.
2024-12-22 19:00:33,499 [ERROR] LogOutputStream:75 - [STDERR_REDIRECT] 
2024-12-22 19:00:34,502 [ERROR] LogOutputStream:75 - [STDERR_REDIRECT] [Fatal Error] :1:1: Premature end of file.
2024-12-22 19:00:34,503 [ERROR] LogOutputStream:75 - [STDERR_REDIRECT] 
2024-12-22 19:00:35,504 [ERROR] LogOutputStream:75 - [STDERR_REDIRECT] [Fatal Error] :1:1: Premature end of file.
2024-12-22 19:00:35,504 [ERROR] LogOutputStream:75 - [STDERR_REDIRECT] 
2024-12-22 19:00:36,506 [ERROR] LogOutputStream:75 - [STDERR_REDIRECT] [Fatal Error] :1:1: Premature end of file.
2024-12-22 19:00:36,506 [ERROR] LogOutputStream:75 - [STDERR_REDIRECT] 
2024-12-22 19:00:37,503 [ERROR] LogOutputStream:75 - [STDERR_REDIRECT] [Fatal Error] :1:1: Premature end of file.
2024-12-22 19:00:37,504 [ERROR] LogOutputStream:75 - [STDERR_REDIRECT] 
2024-12-22 19:00:38,504 [ERROR] LogOutputStream:75 - [STDERR_REDIRECT] [Fatal Error] :1:1: Premature end of file.
2024-12-22 19:00:38,505 [ERROR] LogOutputStream:75 - [STDERR_REDIRECT] 
2024-12-22 19:00:39,513 [ERROR] LogOutputStream:75 - [STDERR_REDIRECT] [Fatal Error] :1:1: Premature end of file.
2024-12-22 19:00:39,513 [ERROR] LogOutputStream:75 - [STDERR_REDIRECT] 
2024-12-22 19:00:40,504 [ERROR] LogOutputStream:75 - [STDERR_REDIRECT] [Fatal Error] :1:1: Premature end of file.
2024-12-22 19:00:40,504 [ERROR] LogOutputStream:75 - [STDERR_REDIRECT] 
2024-12-22 19:00:41,514 [ERROR] LogOutputStream:75 - [STDERR_REDIRECT] [Fatal Error] :1:1: Premature end of file.
2024-12-22 19:00:41,515 [ERROR] LogOutputStream:75 - [STDERR_REDIRECT] 
2024-12-22 19:00:42,515 [ERROR] LogOutputStream:75 - [STDERR_REDIRECT] [Fatal Error] :1:1: Premature end of file.
2024-12-22 19:00:42,515 [ERROR] LogOutputStream:75 - [STDERR_REDIRECT] 
2024-12-22 19:00:43,514 [ERROR] LogOutputStream:75 - [STDERR_REDIRECT] [Fatal Error] :1:1: Premature end of file.
2024-12-22 19:00:43,514 [ERROR] LogOutputStream:75 - [STDERR_REDIRECT] 
2024-12-22 19:00:44,509 [ERROR] LogOutputStream:75 - [STDERR_REDIRECT] [Fatal Error] :1:1: Premature end of file.
2024-12-22 19:00:44,509 [ERROR] LogOutputStream:75 - [STDERR_REDIRECT] 
2024-12-22 19:00:45,512 [ERROR] LogOutputStream:75 - [STDERR_REDIRECT] [Fatal Error] :1:1: Premature end of file.
2024-12-22 19:00:45,512 [ERROR] LogOutputStream:75 - [STDERR_REDIRECT] 
2024-12-22 19:00:46,506 [ERROR] LogOutputStream:75 - [STDERR_REDIRECT] [Fatal Error] :1:1: Premature end of file.
2024-12-22 19:00:46,506 [ERROR] LogOutputStream:75 - [STDERR_REDIRECT] 
2024-12-22 19:00:47,503 [ERROR] LogOutputStream:75 - [STDERR_REDIRECT] [Fatal Error] :1:1: Premature end of file.
2024-12-22 19:00:47,503 [ERROR] LogOutputStream:75 - [STDERR_REDIRECT] 
2024-12-22 19:00:48,501 [ERROR] LogOutputStream:75 - [STDERR_REDIRECT] [Fatal Error] :1:1: Premature end of file.
2024-12-22 19:00:48,501 [ERROR] LogOutputStream:75 - [STDERR_REDIRECT] 
2024-12-22 19:00:49,516 [ERROR] LogOutputStream:75 - [STDERR_REDIRECT] [Fatal Error] :1:1: Premature end of file.
2024-12-22 19:00:49,516 [ERROR] LogOutputStream:75 - [STDERR_REDIRECT] 
2024-12-22 19:00:50,508 [ERROR] LogOutputStream:75 - [STDERR_REDIRECT] [Fatal Error] :1:1: Premature end of file.
2024-12-22 19:00:50,509 [ERROR] LogOutputStream:75 - [STDERR_REDIRECT] 
2024-12-22 19:00:51,508 [ERROR] LogOutputStream:75 - [STDERR_REDIRECT] [Fatal Error] :1:1: Premature end of file.
2024-12-22 19:00:51,508 [ERROR] LogOutputStream:75 - [STDERR_REDIRECT] 
2024-12-22 19:00:52,505 [ERROR] LogOutputStream:75 - [STDERR_REDIRECT] [Fatal Error] :1:1: Premature end of file.
2024-12-22 19:00:52,505 [ERROR] LogOutputStream:75 - [STDERR_REDIRECT] 
2024-12-22 19:00:53,514 [ERROR] LogOutputStream:75 - [STDERR_REDIRECT] [Fatal Error] :1:1: Premature end of file.
2024-12-22 19:00:53,514 [ERROR] LogOutputStream:75 - [STDERR_REDIRECT] 
2024-12-22 19:00:54,513 [ERROR] LogOutputStream:75 - [STDERR_REDIRECT] [Fatal Error] :1:1: Premature end of file.
2024-12-22 19:00:54,513 [ERROR] LogOutputStream:75 - [STDERR_REDIRECT] 
2024-12-22 19:00:55,513 [ERROR] LogOutputStream:75 - [STDERR_REDIRECT] [Fatal Error] :1:1: Premature end of file.
2024-12-22 19:00:55,513 [ERROR] LogOutputStream:75 - [STDERR_REDIRECT] 
2024-12-22 19:00:56,505 [ERROR] LogOutputStream:75 - [STDERR_REDIRECT] [Fatal Error] :1:1: Premature end of file.
2024-12-22 19:00:56,505 [ERROR] LogOutputStream:75 - [STDERR_REDIRECT] 
2024-12-22 19:00:57,507 [ERROR] LogOutputStream:75 - [STDERR_REDIRECT] [Fatal Error] :1:1: Premature end of file.
2024-12-22 19:00:57,507 [ERROR] LogOutputStream:75 - [STDERR_REDIRECT] 
2024-12-22 19:00:58,504 [ERROR] LogOutputStream:75 - [STDERR_REDIRECT] [Fatal Error] :1:1: Premature end of file.
2024-12-22 19:00:58,504 [ERROR] LogOutputStream:75 - [STDERR_REDIRECT] 
2024-12-22 19:00:59,504 [ERROR] LogOutputStream:75 - [STDERR_REDIRECT] [Fatal Error] :1:1: Premature end of file.
2024-12-22 19:00:59,504 [ERROR] LogOutputStream:75 - [STDERR_REDIRECT] 
2024-12-22 19:01:00,506 [ERROR] LogOutputStream:75 - [STDERR_REDIRECT] [Fatal Error] :1:1: Premature end of file.
2024-12-22 19:01:00,506 [ERROR] LogOutputStream:75 - [STDERR_REDIRECT] 
2024-12-22 19:01:01,506 [ERROR] LogOutputStream:75 - [STDERR_REDIRECT] [Fatal Error] :1:1: Premature end of file.
2024-12-22 19:01:01,506 [ERROR] LogOutputStream:75 - [STDERR_REDIRECT] 
2024-12-22 19:01:02,505 [ERROR] LogOutputStream:75 - [STDERR_REDIRECT] [Fatal Error] :1:1: Premature end of file.
2024-12-22 19:01:02,506 [ERROR] LogOutputStream:75 - [STDERR_REDIRECT] 
2024-12-22 19:01:03,505 [ERROR] LogOutputStream:75 - [STDERR_REDIRECT] [Fatal Error] :1:1: Premature end of file.
2024-12-22 19:01:03,506 [ERROR] LogOutputStream:75 - [STDERR_REDIRECT] 
2024-12-22 19:01:04,510 [ERROR] LogOutputStream:75 - [STDERR_REDIRECT] [Fatal Error] :1:1: Premature end of file.
2024-12-22 19:01:04,510 [ERROR] LogOutputStream:75 - [STDERR_REDIRECT] 
2024-12-22 19:01:05,509 [ERROR] LogOutputStream:75 - [STDERR_REDIRECT] [Fatal Error] :1:1: Premature end of file.
2024-12-22 19:01:05,509 [ERROR] LogOutputStream:75 - [STDERR_REDIRECT] 
2024-12-22 19:01:06,505 [ERROR] LogOutputStream:75 - [STDERR_REDIRECT] [Fatal Error] :1:1: Premature end of file.
2024-12-22 19:01:06,505 [ERROR] LogOutputStream:75 - [STDERR_REDIRECT] 
2024-12-22 19:01:07,513 [ERROR] LogOutputStream:75 - [STDERR_REDIRECT] [Fatal Error] :1:1: Premature end of file.
2024-12-22 19:01:07,513 [ERROR] LogOutputStream:75 - [STDERR_REDIRECT] 
2024-12-22 19:01:08,513 [ERROR] LogOutputStream:75 - [STDERR_REDIRECT] [Fatal Error] :1:1: Premature end of file.
2024-12-22 19:01:08,514 [ERROR] LogOutputStream:75 - [STDERR_REDIRECT] 
2024-12-22 19:01:09,512 [ERROR] LogOutputStream:75 - [STDERR_REDIRECT] [Fatal Error] :1:1: Premature end of file.
2024-12-22 19:01:09,512 [ERROR] LogOutputStream:75 - [STDERR_REDIRECT] 
2024-12-22 19:01:10,516 [ERROR] LogOutputStream:75 - [STDERR_REDIRECT] [Fatal Error] :1:1: Premature end of file.
2024-12-22 19:01:10,517 [ERROR] LogOutputStream:75 - [STDERR_REDIRECT] 
2024-12-22 19:01:11,509 [ERROR] LogOutputStream:75 - [STDERR_REDIRECT] [Fatal Error] :1:1: Premature end of file.
2024-12-22 19:01:11,509 [ERROR] LogOutputStream:75 - [STDERR_REDIRECT] 
2024-12-22 19:01:12,504 [ERROR] LogOutputStream:75 - [STDERR_REDIRECT] [Fatal Error] :1:1: Premature end of file.
2024-12-22 19:01:12,504 [ERROR] LogOutputStream:75 - [STDERR_REDIRECT] 
2024-12-22 19:01:13,504 [ERROR] LogOutputStream:75 - [STDERR_REDIRECT] [Fatal Error] :1:1: Premature end of file.
2024-12-22 19:01:13,504 [ERROR] LogOutputStream:75 - [STDERR_REDIRECT] 
2024-12-22 19:01:14,500 [ERROR] LogOutputStream:75 - [STDERR_REDIRECT] [Fatal Error] :1:1: Premature end of file.
2024-12-22 19:01:14,500 [ERROR] LogOutputStream:75 - [STDERR_REDIRECT] 
2024-12-22 19:01:15,499 [ERROR] LogOutputStream:75 - [STDERR_REDIRECT] [Fatal Error] :1:1: Premature end of file.
2024-12-22 19:01:15,499 [ERROR] LogOutputStream:75 - [STDERR_REDIRECT] 
2024-12-22 19:01:16,504 [ERROR] LogOutputStream:75 - [STDERR_REDIRECT] [Fatal Error] :1:1: Premature end of file.
2024-12-22 19:01:16,504 [ERROR] LogOutputStream:75 - [STDERR_REDIRECT] 
2024-12-22 19:01:17,504 [ERROR] LogOutputStream:75 - [STDERR_REDIRECT] [Fatal Error] :1:1: Premature end of file.
2024-12-22 19:01:17,504 [ERROR] LogOutputStream:75 - [STDERR_REDIRECT] 
2024-12-22 19:01:18,503 [ERROR] LogOutputStream:75 - [STDERR_REDIRECT] [Fatal Error] :1:1: Premature end of file.
2024-12-22 19:01:18,503 [ERROR] LogOutputStream:75 - [STDERR_REDIRECT] 
2024-12-22 19:01:19,510 [ERROR] LogOutputStream:75 - [STDERR_REDIRECT] [Fatal Error] :1:1: Premature end of file.
2024-12-22 19:01:19,511 [ERROR] LogOutputStream:75 - [STDERR_REDIRECT] 
2024-12-22 19:01:20,503 [ERROR] LogOutputStream:75 - [STDERR_REDIRECT] [Fatal Error] :1:1: Premature end of file.
2024-12-22 19:01:20,503 [ERROR] LogOutputStream:75 - [STDERR_REDIRECT] 
2024-12-22 19:01:21,510 [ERROR] LogOutputStream:75 - [STDERR_REDIRECT] [Fatal Error] :1:1: Premature end of file.
2024-12-22 19:01:21,510 [ERROR] LogOutputStream:75 - [STDERR_REDIRECT] 
2024-12-22 19:01:22,505 [ERROR] LogOutputStream:75 - [STDERR_REDIRECT] [Fatal Error] :1:1: Premature end of file.
2024-12-22 19:01:22,505 [ERROR] LogOutputStream:75 - [STDERR_REDIRECT] 
2024-12-22 19:01:23,508 [ERROR] LogOutputStream:75 - [STDERR_REDIRECT] [Fatal Error] :1:1: Premature end of file.
2024-12-22 19:01:23,508 [ERROR] LogOutputStream:75 - [STDERR_REDIRECT] 
2024-12-22 19:01:24,504 [ERROR] LogOutputStream:75 - [STDERR_REDIRECT] [Fatal Error] :1:1: Premature end of file.
2024-12-22 19:01:24,504 [ERROR] LogOutputStream:75 - [STDERR_REDIRECT] 
2024-12-22 19:01:25,506 [ERROR] LogOutputStream:75 - [STDERR_REDIRECT] [Fatal Error] :1:1: Premature end of file.
2024-12-22 19:01:25,506 [ERROR] LogOutputStream:75 - [STDERR_REDIRECT] 
2024-12-22 19:01:26,509 [ERROR] LogOutputStream:75 - [STDERR_REDIRECT] [Fatal Error] :1:1: Premature end of file.
2024-12-22 19:01:26,509 [ERROR] LogOutputStream:75 - [STDERR_REDIRECT] 
2024-12-22 19:01:27,509 [ERROR] LogOutputStream:75 - [STDERR_REDIRECT] [Fatal Error] :1:1: Premature end of file.
2024-12-22 19:01:27,509 [ERROR] LogOutputStream:75 - [STDERR_REDIRECT] 
2024-12-22 19:01:28,508 [ERROR] LogOutputStream:75 - [STDERR_REDIRECT] [Fatal Error] :1:1: Premature end of file.
2024-12-22 19:01:28,508 [ERROR] LogOutputStream:75 - [STDERR_REDIRECT] 
2024-12-22 19:01:29,506 [ERROR] LogOutputStream:75 - [STDERR_REDIRECT] [Fatal Error] :1:1: Premature end of file.
2024-12-22 19:01:29,506 [ERROR] LogOutputStream:75 - [STDERR_REDIRECT] 
2024-12-22 19:01:30,508 [ERROR] LogOutputStream:75 - [STDERR_REDIRECT] [Fatal Error] :1:1: Premature end of file.
2024-12-22 19:01:30,508 [ERROR] LogOutputStream:75 - [STDERR_REDIRECT] 
2024-12-22 19:01:31,518 [ERROR] LogOutputStream:75 - [STDERR_REDIRECT] [Fatal Error] :1:1: Premature end of file.
2024-12-22 19:01:31,518 [ERROR] LogOutputStream:75 - [STDERR_REDIRECT] 
2024-12-22 19:01:32,517 [ERROR] LogOutputStream:75 - [STDERR_REDIRECT] [Fatal Error] :1:1: Premature end of file.
2024-12-22 19:01:32,517 [ERROR] LogOutputStream:75 - [STDERR_REDIRECT] 
2024-12-22 19:01:33,517 [ERROR] LogOutputStream:75 - [STDERR_REDIRECT] [Fatal Error] :1:1: Premature end of file.
2024-12-22 19:01:33,517 [ERROR] LogOutputStream:75 - [STDERR_REDIRECT] 
2024-12-22 19:01:34,509 [ERROR] LogOutputStream:75 - [STDERR_REDIRECT] [Fatal Error] :1:1: Premature end of file.
2024-12-22 19:01:34,509 [ERROR] LogOutputStream:75 - [STDERR_REDIRECT] 
2024-12-22 19:01:35,511 [ERROR] LogOutputStream:75 - [STDERR_REDIRECT] [Fatal Error] :1:1: Premature end of file.
2024-12-22 19:01:35,512 [ERROR] LogOutputStream:75 - [STDERR_REDIRECT] 
2024-12-22 19:01:36,517 [ERROR] LogOutputStream:75 - [STDERR_REDIRECT] [Fatal Error] :1:1: Premature end of file.
2024-12-22 19:01:36,517 [ERROR] LogOutputStream:75 - [STDERR_REDIRECT] 
2024-12-22 19:01:37,518 [ERROR] LogOutputStream:75 - [STDERR_REDIRECT] [Fatal Error] :1:1: Premature end of file.
2024-12-22 19:01:37,519 [ERROR] LogOutputStream:75 - [STDERR_REDIRECT] 
2024-12-22 19:01:38,507 [ERROR] LogOutputStream:75 - [STDERR_REDIRECT] [Fatal Error] :1:1: Premature end of file.
2024-12-22 19:01:38,507 [ERROR] LogOutputStream:75 - [STDERR_REDIRECT] 
2024-12-22 19:01:39,510 [ERROR] LogOutputStream:75 - [STDERR_REDIRECT] [Fatal Error] :1:1: Premature end of file.
2024-12-22 19:01:39,510 [ERROR] LogOutputStream:75 - [STDERR_REDIRECT] 
2024-12-22 19:01:40,514 [ERROR] LogOutputStream:75 - [STDERR_REDIRECT] [Fatal Error] :1:1: Premature end of file.
2024-12-22 19:01:40,514 [ERROR] LogOutputStream:75 - [STDERR_REDIRECT] 
2024-12-22 19:01:41,508 [ERROR] LogOutputStream:75 - [STDERR_REDIRECT] [Fatal Error] :1:1: Premature end of file.
2024-12-22 19:01:41,508 [ERROR] LogOutputStream:75 - [STDERR_REDIRECT] 
2024-12-22 19:01:42,519 [ERROR] LogOutputStream:75 - [STDERR_REDIRECT] [Fatal Error] :1:1: Premature end of file.
2024-12-22 19:01:42,519 [ERROR] LogOutputStream:75 - [STDERR_REDIRECT] 
2024-12-22 19:01:43,514 [ERROR] LogOutputStream:75 - [STDERR_REDIRECT] [Fatal Error] :1:1: Premature end of file.
2024-12-22 19:01:43,514 [ERROR] LogOutputStream:75 - [STDERR_REDIRECT] 
2024-12-22 19:01:44,508 [ERROR] LogOutputStream:75 - [STDERR_REDIRECT] [Fatal Error] :1:1: Premature end of file.
2024-12-22 19:01:44,508 [ERROR] LogOutputStream:75 - [STDERR_REDIRECT] 
2024-12-22 19:01:45,505 [ERROR] LogOutputStream:75 - [STDERR_REDIRECT] [Fatal Error] :1:1: Premature end of file.
2024-12-22 19:01:45,505 [ERROR] LogOutputStream:75 - [STDERR_REDIRECT] 
2024-12-22 19:01:46,507 [ERROR] LogOutputStream:75 - [STDERR_REDIRECT] [Fatal Error] :1:1: Premature end of file.
2024-12-22 19:01:46,507 [ERROR] LogOutputStream:75 - [STDERR_REDIRECT] 
2024-12-22 19:01:47,511 [ERROR] LogOutputStream:75 - [STDERR_REDIRECT] [Fatal Error] :1:1: Premature end of file.
2024-12-22 19:01:47,511 [ERROR] LogOutputStream:75 - [STDERR_REDIRECT] 
2024-12-22 19:01:48,513 [ERROR] LogOutputStream:75 - [STDERR_REDIRECT] [Fatal Error] :1:1: Premature end of file.
2024-12-22 19:01:48,513 [ERROR] LogOutputStream:75 - [STDERR_REDIRECT] 
2024-12-22 19:01:49,509 [ERROR] LogOutputStream:75 - [STDERR_REDIRECT] [Fatal Error] :1:1: Premature end of file.
2024-12-22 19:01:49,509 [ERROR] LogOutputStream:75 - [STDERR_REDIRECT] 
2024-12-22 19:01:50,507 [ERROR] LogOutputStream:75 - [STDERR_REDIRECT] [Fatal Error] :1:1: Premature end of file.
2024-12-22 19:01:50,507 [ERROR] LogOutputStream:75 - [STDERR_REDIRECT] 
2024-12-22 19:01:51,511 [ERROR] LogOutputStream:75 - [STDERR_REDIRECT] [Fatal Error] :1:1: Premature end of file.
2024-12-22 19:01:51,511 [ERROR] LogOutputStream:75 - [STDERR_REDIRECT] 
2024-12-22 19:01:52,512 [ERROR] LogOutputStream:75 - [STDERR_REDIRECT] [Fatal Error] :1:1: Premature end of file.
2024-12-22 19:01:52,512 [ERROR] LogOutputStream:75 - [STDERR_REDIRECT] 
2024-12-22 19:01:53,510 [ERROR] LogOutputStream:75 - [STDERR_REDIRECT] [Fatal Error] :1:1: Premature end of file.
2024-12-22 19:01:53,510 [ERROR] LogOutputStream:75 - [STDERR_REDIRECT] 
2024-12-22 19:01:54,506 [ERROR] LogOutputStream:75 - [STDERR_REDIRECT] [Fatal Error] :1:1: Premature end of file.
2024-12-22 19:01:54,506 [ERROR] LogOutputStream:75 - [STDERR_REDIRECT] 
2024-12-22 19:01:55,514 [ERROR] LogOutputStream:75 - [STDERR_REDIRECT] [Fatal Error] :1:1: Premature end of file.
2024-12-22 19:01:55,514 [ERROR] LogOutputStream:75 - [STDERR_REDIRECT] 
2024-12-22 19:01:56,514 [ERROR] LogOutputStream:75 - [STDERR_REDIRECT] [Fatal Error] :1:1: Premature end of file.
2024-12-22 19:01:56,514 [ERROR] LogOutputStream:75 - [STDERR_REDIRECT] 
2024-12-22 19:01:57,518 [ERROR] LogOutputStream:75 - [STDERR_REDIRECT] [Fatal Error] :1:1: Premature end of file.
2024-12-22 19:01:57,518 [ERROR] LogOutputStream:75 - [STDERR_REDIRECT] 
2024-12-22 19:01:58,510 [ERROR] LogOutputStream:75 - [STDERR_REDIRECT] [Fatal Error] :1:1: Premature end of file.
2024-12-22 19:01:58,511 [ERROR] LogOutputStream:75 - [STDERR_REDIRECT] 
2024-12-22 19:01:59,511 [ERROR] LogOutputStream:75 - [STDERR_REDIRECT] [Fatal Error] :1:1: Premature end of file.
2024-12-22 19:01:59,511 [ERROR] LogOutputStream:75 - [STDERR_REDIRECT] 
2024-12-22 19:02:00,501 [ERROR] LogOutputStream:75 - [STDERR_REDIRECT] [Fatal Error] :1:1: Premature end of file.
2024-12-22 19:02:00,508 [ERROR] LogOutputStream:75 - [STDERR_REDIRECT] 
2024-12-22 19:02:01,516 [ERROR] LogOutputStream:75 - [STDERR_REDIRECT] [Fatal Error] :1:1: Premature end of file.
2024-12-22 19:02:01,516 [ERROR] LogOutputStream:75 - [STDERR_REDIRECT] 
2024-12-22 19:02:02,508 [ERROR] LogOutputStream:75 - [STDERR_REDIRECT] [Fatal Error] :1:1: Premature end of file.
2024-12-22 19:02:02,508 [ERROR] LogOutputStream:75 - [STDERR_REDIRECT] 
2024-12-22 19:02:03,508 [ERROR] LogOutputStream:75 - [STDERR_REDIRECT] [Fatal Error] :1:1: Premature end of file.
2024-12-22 19:02:03,508 [ERROR] LogOutputStream:75 - [STDERR_REDIRECT] 
2024-12-22 19:02:04,507 [ERROR] LogOutputStream:75 - [STDERR_REDIRECT] [Fatal Error] :1:1: Premature end of file.
2024-12-22 19:02:04,508 [ERROR] LogOutputStream:75 - [STDERR_REDIRECT] 
2024-12-22 19:02:05,508 [ERROR] LogOutputStream:75 - [STDERR_REDIRECT] [Fatal Error] :1:1: Premature end of file.
2024-12-22 19:02:05,508 [ERROR] LogOutputStream:75 - [STDERR_REDIRECT] 
2024-12-22 19:02:06,511 [ERROR] LogOutputStream:75 - [STDERR_REDIRECT] [Fatal Error] :1:1: Premature end of file.
2024-12-22 19:02:06,511 [ERROR] LogOutputStream:75 - [STDERR_REDIRECT] 
2024-12-22 19:02:07,504 [ERROR] LogOutputStream:75 - [STDERR_REDIRECT] [Fatal Error] :1:1: Premature end of file.
2024-12-22 19:02:07,504 [ERROR] LogOutputStream:75 - [STDERR_REDIRECT] 
2024-12-22 19:02:08,510 [ERROR] LogOutputStream:75 - [STDERR_REDIRECT] [Fatal Error] :1:1: Premature end of file.
2024-12-22 19:02:08,510 [ERROR] LogOutputStream:75 - [STDERR_REDIRECT] 
2024-12-22 19:02:09,507 [ERROR] LogOutputStream:75 - [STDERR_REDIRECT] [Fatal Error] :1:1: Premature end of file.
2024-12-22 19:02:09,507 [ERROR] LogOutputStream:75 - [STDERR_REDIRECT] 
2024-12-22 19:02:10,505 [ERROR] LogOutputStream:75 - [STDERR_REDIRECT] [Fatal Error] :1:1: Premature end of file.
2024-12-22 19:02:10,506 [ERROR] LogOutputStream:75 - [STDERR_REDIRECT] 
2024-12-22 19:02:11,504 [ERROR] LogOutputStream:75 - [STDERR_REDIRECT] [Fatal Error] :1:1: Premature end of file.
2024-12-22 19:02:11,504 [ERROR] LogOutputStream:75 - [STDERR_REDIRECT] 
2024-12-22 19:02:12,512 [ERROR] LogOutputStream:75 - [STDERR_REDIRECT] [Fatal Error] :1:1: Premature end of file.
2024-12-22 19:02:12,512 [ERROR] LogOutputStream:75 - [STDERR_REDIRECT] 
2024-12-22 19:02:13,507 [ERROR] LogOutputStream:75 - [STDERR_REDIRECT] [Fatal Error] :1:1: Premature end of file.
2024-12-22 19:02:13,507 [ERROR] LogOutputStream:75 - [STDERR_REDIRECT] 
2024-12-22 19:02:14,502 [ERROR] LogOutputStream:75 - [STDERR_REDIRECT] [Fatal Error] :1:1: Premature end of file.
2024-12-22 19:02:14,502 [ERROR] LogOutputStream:75 - [STDERR_REDIRECT] 
2024-12-22 19:02:15,509 [ERROR] LogOutputStream:75 - [STDERR_REDIRECT] [Fatal Error] :1:1: Premature end of file.
2024-12-22 19:02:15,509 [ERROR] LogOutputStream:75 - [STDERR_REDIRECT] 
2024-12-22 19:02:16,511 [ERROR] LogOutputStream:75 - [STDERR_REDIRECT] [Fatal Error] :1:1: Premature end of file.
2024-12-22 19:02:16,511 [ERROR] LogOutputStream:75 - [STDERR_REDIRECT] 
2024-12-22 19:02:17,514 [ERROR] LogOutputStream:75 - [STDERR_REDIRECT] [Fatal Error] :1:1: Premature end of file.
2024-12-22 19:02:17,514 [ERROR] LogOutputStream:75 - [STDERR_REDIRECT] 
2024-12-22 19:02:18,506 [ERROR] LogOutputStream:75 - [STDERR_REDIRECT] [Fatal Error] :1:1: Premature end of file.
2024-12-22 19:02:18,506 [ERROR] LogOutputStream:75 - [STDERR_REDIRECT] 
2024-12-22 19:02:19,506 [ERROR] LogOutputStream:75 - [STDERR_REDIRECT] [Fatal Error] :1:1: Premature end of file.
2024-12-22 19:02:19,507 [ERROR] LogOutputStream:75 - [STDERR_REDIRECT] 
2024-12-22 19:02:20,499 [ERROR] LogOutputStream:75 - [STDERR_REDIRECT] [Fatal Error] :1:1: Premature end of file.
2024-12-22 19:02:20,499 [ERROR] LogOutputStream:75 - [STDERR_REDIRECT] 
2024-12-22 19:02:21,520 [ERROR] LogOutputStream:75 - [STDERR_REDIRECT] [Fatal Error] :1:1: Premature end of file.
2024-12-22 19:02:21,520 [ERROR] LogOutputStream:75 - [STDERR_REDIRECT] 
2024-12-22 19:02:22,509 [ERROR] LogOutputStream:75 - [STDERR_REDIRECT] [Fatal Error] :1:1: Premature end of file.
2024-12-22 19:02:22,509 [ERROR] LogOutputStream:75 - [STDERR_REDIRECT] 
2024-12-22 19:02:23,513 [ERROR] LogOutputStream:75 - [STDERR_REDIRECT] [Fatal Error] :1:1: Premature end of file.
2024-12-22 19:02:23,513 [ERROR] LogOutputStream:75 - [STDERR_REDIRECT] 
2024-12-22 19:02:24,513 [ERROR] LogOutputStream:75 - [STDERR_REDIRECT] [Fatal Error] :1:1: Premature end of file.
2024-12-22 19:02:24,513 [ERROR] LogOutputStream:75 - [STDERR_REDIRECT] 
2024-12-22 19:02:25,505 [ERROR] LogOutputStream:75 - [STDERR_REDIRECT] [Fatal Error] :1:1: Premature end of file.
2024-12-22 19:02:25,505 [ERROR] LogOutputStream:75 - [STDERR_REDIRECT] 
2024-12-22 19:02:26,510 [ERROR] LogOutputStream:75 - [STDERR_REDIRECT] [Fatal Error] :1:1: Premature end of file.
2024-12-22 19:02:26,510 [ERROR] LogOutputStream:75 - [STDERR_REDIRECT] 
2024-12-22 19:02:27,503 [ERROR] LogOutputStream:75 - [STDERR_REDIRECT] [Fatal Error] :1:1: Premature end of file.
2024-12-22 19:02:27,503 [ERROR] LogOutputStream:75 - [STDERR_REDIRECT] 
2024-12-22 19:02:28,511 [ERROR] LogOutputStream:75 - [STDERR_REDIRECT] [Fatal Error] :1:1: Premature end of file.
2024-12-22 19:02:28,511 [ERROR] LogOutputStream:75 - [STDERR_REDIRECT] 
2024-12-22 19:02:29,502 [ERROR] LogOutputStream:75 - [STDERR_REDIRECT] [Fatal Error] :1:1: Premature end of file.
2024-12-22 19:02:29,502 [ERROR] LogOutputStream:75 - [STDERR_REDIRECT] 
2024-12-22 19:02:30,503 [ERROR] LogOutputStream:75 - [STDERR_REDIRECT] [Fatal Error] :1:1: Premature end of file.
2024-12-22 19:02:30,503 [ERROR] LogOutputStream:75 - [STDERR_REDIRECT] 
2024-12-22 19:02:31,507 [ERROR] LogOutputStream:75 - [STDERR_REDIRECT] [Fatal Error] :1:1: Premature end of file.
2024-12-22 19:02:31,507 [ERROR] LogOutputStream:75 - [STDERR_REDIRECT] 
2024-12-22 19:02:32,513 [ERROR] LogOutputStream:75 - [STDERR_REDIRECT] [Fatal Error] :1:1: Premature end of file.
2024-12-22 19:02:32,513 [ERROR] LogOutputStream:75 - [STDERR_REDIRECT] 
2024-12-22 19:02:33,502 [ERROR] LogOutputStream:75 - [STDERR_REDIRECT] [Fatal Error] :1:1: Premature end of file.
2024-12-22 19:02:33,502 [ERROR] LogOutputStream:75 - [STDERR_REDIRECT] 
2024-12-22 19:02:34,505 [ERROR] LogOutputStream:75 - [STDERR_REDIRECT] [Fatal Error] :1:1: Premature end of file.
2024-12-22 19:02:34,505 [ERROR] LogOutputStream:75 - [STDERR_REDIRECT] 
2024-12-22 19:02:35,510 [ERROR] LogOutputStream:75 - [STDERR_REDIRECT] [Fatal Error] :1:1: Premature end of file.
2024-12-22 19:02:35,510 [ERROR] LogOutputStream:75 - [STDERR_REDIRECT] 
2024-12-22 19:02:36,508 [ERROR] LogOutputStream:75 - [STDERR_REDIRECT] [Fatal Error] :1:1: Premature end of file.
2024-12-22 19:02:36,508 [ERROR] LogOutputStream:75 - [STDERR_REDIRECT] 
2024-12-22 19:02:37,501 [ERROR] LogOutputStream:75 - [STDERR_REDIRECT] [Fatal Error] :1:1: Premature end of file.
2024-12-22 19:02:37,501 [ERROR] LogOutputStream:75 - [STDERR_REDIRECT] 
2024-12-22 19:02:38,510 [ERROR] LogOutputStream:75 - [STDERR_REDIRECT] [Fatal Error] :1:1: Premature end of file.
2024-12-22 19:02:38,510 [ERROR] LogOutputStream:75 - [STDERR_REDIRECT] 
2024-12-22 19:02:39,512 [ERROR] LogOutputStream:75 - [STDERR_REDIRECT] [Fatal Error] :1:1: Premature end of file.
2024-12-22 19:02:39,512 [ERROR] LogOutputStream:75 - [STDERR_REDIRECT] 
2024-12-22 19:02:40,505 [ERROR] LogOutputStream:75 - [STDERR_REDIRECT] [Fatal Error] :1:1: Premature end of file.
2024-12-22 19:02:40,505 [ERROR] LogOutputStream:75 - [STDERR_REDIRECT] 
2024-12-22 19:02:41,502 [ERROR] LogOutputStream:75 - [STDERR_REDIRECT] [Fatal Error] :1:1: Premature end of file.
2024-12-22 19:02:41,502 [ERROR] LogOutputStream:75 - [STDERR_REDIRECT] 
2024-12-22 19:02:42,501 [ERROR] LogOutputStream:75 - [STDERR_REDIRECT] [Fatal Error] :1:1: Premature end of file.
2024-12-22 19:02:42,501 [ERROR] LogOutputStream:75 - [STDERR_REDIRECT] 
2024-12-22 19:02:43,502 [ERROR] LogOutputStream:75 - [STDERR_REDIRECT] [Fatal Error] :1:1: Premature end of file.
2024-12-22 19:02:43,502 [ERROR] LogOutputStream:75 - [STDERR_REDIRECT] 
2024-12-22 19:02:44,502 [ERROR] LogOutputStream:75 - [STDERR_REDIRECT] [Fatal Error] :1:1: Premature end of file.
2024-12-22 19:02:44,502 [ERROR] LogOutputStream:75 - [STDERR_REDIRECT] 
2024-12-22 19:02:45,503 [ERROR] LogOutputStream:75 - [STDERR_REDIRECT] [Fatal Error] :1:1: Premature end of file.
2024-12-22 19:02:45,503 [ERROR] LogOutputStream:75 - [STDERR_REDIRECT] 
2024-12-22 19:02:46,504 [ERROR] LogOutputStream:75 - [STDERR_REDIRECT] [Fatal Error] :1:1: Premature end of file.
2024-12-22 19:02:46,504 [ERROR] LogOutputStream:75 - [STDERR_REDIRECT] 
2024-12-22 19:02:47,502 [ERROR] LogOutputStream:75 - [STDERR_REDIRECT] [Fatal Error] :1:1: Premature end of file.
2024-12-22 19:02:47,502 [ERROR] LogOutputStream:75 - [STDERR_REDIRECT] 
2024-12-22 19:02:48,500 [ERROR] LogOutputStream:75 - [STDERR_REDIRECT] [Fatal Error] :1:1: Premature end of file.
2024-12-22 19:02:48,500 [ERROR] LogOutputStream:75 - [STDERR_REDIRECT] 
2024-12-22 19:02:49,512 [ERROR] LogOutputStream:75 - [STDERR_REDIRECT] [Fatal Error] :1:1: Premature end of file.
2024-12-22 19:02:49,512 [ERROR] LogOutputStream:75 - [STDERR_REDIRECT] 
2024-12-22 19:02:50,501 [ERROR] LogOutputStream:75 - [STDERR_REDIRECT] [Fatal Error] :1:1: Premature end of file.
2024-12-22 19:02:50,501 [ERROR] LogOutputStream:75 - [STDERR_REDIRECT] 
2024-12-22 19:02:51,507 [ERROR] LogOutputStream:75 - [STDERR_REDIRECT] [Fatal Error] :1:1: Premature end of file.
2024-12-22 19:02:51,507 [ERROR] LogOutputStream:75 - [STDERR_REDIRECT] 
2024-12-22 19:02:52,513 [ERROR] LogOutputStream:75 - [STDERR_REDIRECT] [Fatal Error] :1:1: Premature end of file.
2024-12-22 19:02:52,513 [ERROR] LogOutputStream:75 - [STDERR_REDIRECT] 
2024-12-22 19:02:53,518 [ERROR] LogOutputStream:75 - [STDERR_REDIRECT] [Fatal Error] :1:1: Premature end of file.
2024-12-22 19:02:53,518 [ERROR] LogOutputStream:75 - [STDERR_REDIRECT] 
2024-12-22 19:02:54,510 [ERROR] LogOutputStream:75 - [STDERR_REDIRECT] [Fatal Error] :1:1: Premature end of file.
2024-12-22 19:02:54,510 [ERROR] LogOutputStream:75 - [STDERR_REDIRECT] 
2024-12-22 19:02:55,505 [ERROR] LogOutputStream:75 - [STDERR_REDIRECT] [Fatal Error] :1:1: Premature end of file.
2024-12-22 19:02:55,505 [ERROR] LogOutputStream:75 - [STDERR_REDIRECT] 
2024-12-22 19:02:56,510 [ERROR] LogOutputStream:75 - [STDERR_REDIRECT] [Fatal Error] :1:1: Premature end of file.
2024-12-22 19:02:56,510 [ERROR] LogOutputStream:75 - [STDERR_REDIRECT] 
2024-12-22 19:02:57,510 [ERROR] LogOutputStream:75 - [STDERR_REDIRECT] [Fatal Error] :1:1: Premature end of file.
2024-12-22 19:02:57,510 [ERROR] LogOutputStream:75 - [STDERR_REDIRECT] 
2024-12-22 19:02:58,505 [ERROR] LogOutputStream:75 - [STDERR_REDIRECT] [Fatal Error] :1:1: Premature end of file.
2024-12-22 19:02:58,505 [ERROR] LogOutputStream:75 - [STDERR_REDIRECT] 
2024-12-22 19:02:59,503 [ERROR] LogOutputStream:75 - [STDERR_REDIRECT] [Fatal Error] :1:1: Premature end of file.
2024-12-22 19:02:59,503 [ERROR] LogOutputStream:75 - [STDERR_REDIRECT] 
2024-12-22 19:03:00,506 [ERROR] LogOutputStream:75 - [STDERR_REDIRECT] [Fatal Error] :1:1: Premature end of file.
2024-12-22 19:03:00,506 [ERROR] LogOutputStream:75 - [STDERR_REDIRECT] 
2024-12-22 19:03:01,514 [ERROR] LogOutputStream:75 - [STDERR_REDIRECT] [Fatal Error] :1:1: Premature end of file.
2024-12-22 19:03:01,514 [ERROR] LogOutputStream:75 - [STDERR_REDIRECT] 
2024-12-22 19:03:02,503 [ERROR] LogOutputStream:75 - [STDERR_REDIRECT] [Fatal Error] :1:1: Premature end of file.
2024-12-22 19:03:02,503 [ERROR] LogOutputStream:75 - [STDERR_REDIRECT] 
2024-12-22 19:03:03,508 [ERROR] LogOutputStream:75 - [STDERR_REDIRECT] [Fatal Error] :1:1: Premature end of file.
2024-12-22 19:03:03,508 [ERROR] LogOutputStream:75 - [STDERR_REDIRECT] 
2024-12-22 19:03:04,511 [ERROR] LogOutputStream:75 - [STDERR_REDIRECT] [Fatal Error] :1:1: Premature end of file.
2024-12-22 19:03:04,511 [ERROR] LogOutputStream:75 - [STDERR_REDIRECT] 
2024-12-22 19:03:05,506 [ERROR] LogOutputStream:75 - [STDERR_REDIRECT] [Fatal Error] :1:1: Premature end of file.
2024-12-22 19:03:05,506 [ERROR] LogOutputStream:75 - [STDERR_REDIRECT] 
2024-12-22 19:03:06,507 [ERROR] LogOutputStream:75 - [STDERR_REDIRECT] [Fatal Error] :1:1: Premature end of file.
2024-12-22 19:03:06,508 [ERROR] LogOutputStream:75 - [STDERR_REDIRECT] 
2024-12-22 19:03:07,517 [ERROR] LogOutputStream:75 - [STDERR_REDIRECT] [Fatal Error] :1:1: Premature end of file.
2024-12-22 19:03:07,517 [ERROR] LogOutputStream:75 - [STDERR_REDIRECT] 
2024-12-22 19:03:08,507 [ERROR] LogOutputStream:75 - [STDERR_REDIRECT] [Fatal Error] :1:1: Premature end of file.
2024-12-22 19:03:08,507 [ERROR] LogOutputStream:75 - [STDERR_REDIRECT] 
2024-12-22 19:03:09,518 [ERROR] LogOutputStream:75 - [STDERR_REDIRECT] [Fatal Error] :1:1: Premature end of file.
2024-12-22 19:03:09,518 [ERROR] LogOutputStream:75 - [STDERR_REDIRECT] 
2024-12-22 19:03:10,504 [ERROR] LogOutputStream:75 - [STDERR_REDIRECT] [Fatal Error] :1:1: Premature end of file.
2024-12-22 19:03:10,504 [ERROR] LogOutputStream:75 - [STDERR_REDIRECT] 
2024-12-22 19:03:11,503 [ERROR] LogOutputStream:75 - [STDERR_REDIRECT] [Fatal Error] :1:1: Premature end of file.
2024-12-22 19:03:11,503 [ERROR] LogOutputStream:75 - [STDERR_REDIRECT] 
2024-12-22 19:03:12,511 [ERROR] LogOutputStream:75 - [STDERR_REDIRECT] [Fatal Error] :1:1: Premature end of file.
2024-12-22 19:03:12,511 [ERROR] LogOutputStream:75 - [STDERR_REDIRECT] 
2024-12-22 19:03:13,506 [ERROR] LogOutputStream:75 - [STDERR_REDIRECT] [Fatal Error] :1:1: Premature end of file.
2024-12-22 19:03:13,507 [ERROR] LogOutputStream:75 - [STDERR_REDIRECT] 
2024-12-22 19:03:14,505 [ERROR] LogOutputStream:75 - [STDERR_REDIRECT] [Fatal Error] :1:1: Premature end of file.
2024-12-22 19:03:14,505 [ERROR] LogOutputStream:75 - [STDERR_REDIRECT] 
2024-12-22 19:03:15,509 [ERROR] LogOutputStream:75 - [STDERR_REDIRECT] [Fatal Error] :1:1: Premature end of file.
2024-12-22 19:03:15,509 [ERROR] LogOutputStream:75 - [STDERR_REDIRECT] 
2024-12-22 19:03:16,516 [ERROR] LogOutputStream:75 - [STDERR_REDIRECT] [Fatal Error] :1:1: Premature end of file.
2024-12-22 19:03:16,516 [ERROR] LogOutputStream:75 - [STDERR_REDIRECT] 
2024-12-22 19:03:17,502 [ERROR] LogOutputStream:75 - [STDERR_REDIRECT] [Fatal Error] :1:1: Premature end of file.
2024-12-22 19:03:17,502 [ERROR] LogOutputStream:75 - [STDERR_REDIRECT] 
2024-12-22 19:03:18,513 [ERROR] LogOutputStream:75 - [STDERR_REDIRECT] [Fatal Error] :1:1: Premature end of file.
2024-12-22 19:03:18,513 [ERROR] LogOutputStream:75 - [STDERR_REDIRECT] 
2024-12-22 19:03:19,512 [ERROR] LogOutputStream:75 - [STDERR_REDIRECT] [Fatal Error] :1:1: Premature end of file.
2024-12-22 19:03:19,512 [ERROR] LogOutputStream:75 - [STDERR_REDIRECT] 
2024-12-22 19:03:20,506 [ERROR] LogOutputStream:75 - [STDERR_REDIRECT] [Fatal Error] :1:1: Premature end of file.
2024-12-22 19:03:20,506 [ERROR] LogOutputStream:75 - [STDERR_REDIRECT] 
2024-12-22 19:03:21,506 [ERROR] LogOutputStream:75 - [STDERR_REDIRECT] [Fatal Error] :1:1: Premature end of file.
2024-12-22 19:03:21,506 [ERROR] LogOutputStream:75 - [STDERR_REDIRECT] 
2024-12-22 19:03:22,512 [ERROR] LogOutputStream:75 - [STDERR_REDIRECT] [Fatal Error] :1:1: Premature end of file.
2024-12-22 19:03:22,512 [ERROR] LogOutputStream:75 - [STDERR_REDIRECT] 
2024-12-22 19:03:23,506 [ERROR] LogOutputStream:75 - [STDERR_REDIRECT] [Fatal Error] :1:1: Premature end of file.
2024-12-22 19:03:23,506 [ERROR] LogOutputStream:75 - [STDERR_REDIRECT] 
2024-12-22 19:03:24,501 [ERROR] LogOutputStream:75 - [STDERR_REDIRECT] [Fatal Error] :1:1: Premature end of file.
2024-12-22 19:03:24,501 [ERROR] LogOutputStream:75 - [STDERR_REDIRECT] 
2024-12-22 19:03:25,504 [ERROR] LogOutputStream:75 - [STDERR_REDIRECT] [Fatal Error] :1:1: Premature end of file.
2024-12-22 19:03:25,504 [ERROR] LogOutputStream:75 - [STDERR_REDIRECT] 
2024-12-22 19:03:26,517 [ERROR] LogOutputStream:75 - [STDERR_REDIRECT] [Fatal Error] :1:1: Premature end of file.
2024-12-22 19:03:26,517 [ERROR] LogOutputStream:75 - [STDERR_REDIRECT] 
2024-12-22 19:03:27,504 [ERROR] LogOutputStream:75 - [STDERR_REDIRECT] [Fatal Error] :1:1: Premature end of file.
2024-12-22 19:03:27,504 [ERROR] LogOutputStream:75 - [STDERR_REDIRECT] 
2024-12-22 19:03:28,503 [ERROR] LogOutputStream:75 - [STDERR_REDIRECT] [Fatal Error] :1:1: Premature end of file.
2024-12-22 19:03:28,503 [ERROR] LogOutputStream:75 - [STDERR_REDIRECT] 
2024-12-22 19:03:29,505 [ERROR] LogOutputStream:75 - [STDERR_REDIRECT] [Fatal Error] :1:1: Premature end of file.
2024-12-22 19:03:29,505 [ERROR] LogOutputStream:75 - [STDERR_REDIRECT] 
2024-12-22 19:03:30,507 [ERROR] LogOutputStream:75 - [STDERR_REDIRECT] [Fatal Error] :1:1: Premature end of file.
2024-12-22 19:03:30,507 [ERROR] LogOutputStream:75 - [STDERR_REDIRECT] 
2024-12-22 19:03:31,502 [ERROR] LogOutputStream:75 - [STDERR_REDIRECT] [Fatal Error] :1:1: Premature end of file.
2024-12-22 19:03:31,502 [ERROR] LogOutputStream:75 - [STDERR_REDIRECT] 
2024-12-22 19:03:32,503 [ERROR] LogOutputStream:75 - [STDERR_REDIRECT] [Fatal Error] :1:1: Premature end of file.
2024-12-22 19:03:32,504 [ERROR] LogOutputStream:75 - [STDERR_REDIRECT] 
2024-12-22 19:03:33,509 [ERROR] LogOutputStream:75 - [STDERR_REDIRECT] [Fatal Error] :1:1: Premature end of file.
2024-12-22 19:03:33,509 [ERROR] LogOutputStream:75 - [STDERR_REDIRECT] 
2024-12-22 19:03:34,503 [ERROR] LogOutputStream:75 - [STDERR_REDIRECT] [Fatal Error] :1:1: Premature end of file.
2024-12-22 19:03:34,503 [ERROR] LogOutputStream:75 - [STDERR_REDIRECT] 
2024-12-22 19:03:35,504 [ERROR] LogOutputStream:75 - [STDERR_REDIRECT] [Fatal Error] :1:1: Premature end of file.
2024-12-22 19:03:35,504 [ERROR] LogOutputStream:75 - [STDERR_REDIRECT] 
2024-12-22 19:03:36,504 [ERROR] LogOutputStream:75 - [STDERR_REDIRECT] [Fatal Error] :1:1: Premature end of file.
2024-12-22 19:03:36,504 [ERROR] LogOutputStream:75 - [STDERR_REDIRECT] 
2024-12-22 19:03:37,504 [ERROR] LogOutputStream:75 - [STDERR_REDIRECT] [Fatal Error] :1:1: Premature end of file.
2024-12-22 19:03:37,504 [ERROR] LogOutputStream:75 - [STDERR_REDIRECT] 
2024-12-22 19:03:38,502 [ERROR] LogOutputStream:75 - [STDERR_REDIRECT] [Fatal Error] :1:1: Premature end of file.
2024-12-22 19:03:38,502 [ERROR] LogOutputStream:75 - [STDERR_REDIRECT] 
2024-12-22 19:03:39,507 [ERROR] LogOutputStream:75 - [STDERR_REDIRECT] [Fatal Error] :1:1: Premature end of file.
2024-12-22 19:03:39,507 [ERROR] LogOutputStream:75 - [STDERR_REDIRECT] 
2024-12-22 19:03:40,511 [ERROR] LogOutputStream:75 - [STDERR_REDIRECT] [Fatal Error] :1:1: Premature end of file.
2024-12-22 19:03:40,511 [ERROR] LogOutputStream:75 - [STDERR_REDIRECT] 
2024-12-22 19:03:41,506 [ERROR] LogOutputStream:75 - [STDERR_REDIRECT] [Fatal Error] :1:1: Premature end of file.
2024-12-22 19:03:41,506 [ERROR] LogOutputStream:75 - [STDERR_REDIRECT] 
2024-12-22 19:03:42,513 [ERROR] LogOutputStream:75 - [STDERR_REDIRECT] [Fatal Error] :1:1: Premature end of file.
2024-12-22 19:03:42,513 [ERROR] LogOutputStream:75 - [STDERR_REDIRECT] 
2024-12-22 19:03:43,506 [ERROR] LogOutputStream:75 - [STDERR_REDIRECT] [Fatal Error] :1:1: Premature end of file.
2024-12-22 19:03:43,506 [ERROR] LogOutputStream:75 - [STDERR_REDIRECT] 
2024-12-22 19:03:44,513 [ERROR] LogOutputStream:75 - [STDERR_REDIRECT] [Fatal Error] :1:1: Premature end of file.
2024-12-22 19:03:44,513 [ERROR] LogOutputStream:75 - [STDERR_REDIRECT] 
2024-12-22 19:03:45,512 [ERROR] LogOutputStream:75 - [STDERR_REDIRECT] [Fatal Error] :1:1: Premature end of file.
2024-12-22 19:03:45,512 [ERROR] LogOutputStream:75 - [STDERR_REDIRECT] 
2024-12-22 19:03:46,510 [ERROR] LogOutputStream:75 - [STDERR_REDIRECT] [Fatal Error] :1:1: Premature end of file.
2024-12-22 19:03:46,510 [ERROR] LogOutputStream:75 - [STDERR_REDIRECT] 
2024-12-22 19:03:47,515 [ERROR] LogOutputStream:75 - [STDERR_REDIRECT] [Fatal Error] :1:1: Premature end of file.
2024-12-22 19:03:47,515 [ERROR] LogOutputStream:75 - [STDERR_REDIRECT] 
2024-12-22 19:03:48,502 [ERROR] LogOutputStream:75 - [STDERR_REDIRECT] [Fatal Error] :1:1: Premature end of file.
2024-12-22 19:03:48,502 [ERROR] LogOutputStream:75 - [STDERR_REDIRECT] 
2024-12-22 19:03:49,510 [ERROR] LogOutputStream:75 - [STDERR_REDIRECT] [Fatal Error] :1:1: Premature end of file.
2024-12-22 19:03:49,510 [ERROR] LogOutputStream:75 - [STDERR_REDIRECT] 
2024-12-22 19:03:50,508 [ERROR] LogOutputStream:75 - [STDERR_REDIRECT] [Fatal Error] :1:1: Premature end of file.
2024-12-22 19:03:50,508 [ERROR] LogOutputStream:75 - [STDERR_REDIRECT] 
2024-12-22 19:03:51,506 [ERROR] LogOutputStream:75 - [STDERR_REDIRECT] [Fatal Error] :1:1: Premature end of file.
2024-12-22 19:03:51,506 [ERROR] LogOutputStream:75 - [STDERR_REDIRECT] 
2024-12-22 19:03:52,506 [ERROR] LogOutputStream:75 - [STDERR_REDIRECT] [Fatal Error] :1:1: Premature end of file.
2024-12-22 19:03:52,506 [ERROR] LogOutputStream:75 - [STDERR_REDIRECT] 
2024-12-22 19:03:53,503 [ERROR] LogOutputStream:75 - [STDERR_REDIRECT] [Fatal Error] :1:1: Premature end of file.
2024-12-22 19:03:53,503 [ERROR] LogOutputStream:75 - [STDERR_REDIRECT] 
2024-12-22 19:03:54,510 [ERROR] LogOutputStream:75 - [STDERR_REDIRECT] [Fatal Error] :1:1: Premature end of file.
2024-12-22 19:03:54,510 [ERROR] LogOutputStream:75 - [STDERR_REDIRECT] 
2024-12-22 19:03:55,503 [ERROR] LogOutputStream:75 - [STDERR_REDIRECT] [Fatal Error] :1:1: Premature end of file.
2024-12-22 19:03:55,503 [ERROR] LogOutputStream:75 - [STDERR_REDIRECT] 
2024-12-22 19:03:56,512 [ERROR] LogOutputStream:75 - [STDERR_REDIRECT] [Fatal Error] :1:1: Premature end of file.
2024-12-22 19:03:56,512 [ERROR] LogOutputStream:75 - [STDERR_REDIRECT] 
2024-12-22 19:03:57,519 [ERROR] LogOutputStream:75 - [STDERR_REDIRECT] [Fatal Error] :1:1: Premature end of file.
2024-12-22 19:03:57,519 [ERROR] LogOutputStream:75 - [STDERR_REDIRECT] 
2024-12-22 19:03:58,507 [ERROR] LogOutputStream:75 - [STDERR_REDIRECT] [Fatal Error] :1:1: Premature end of file.
2024-12-22 19:03:58,507 [ERROR] LogOutputStream:75 - [STDERR_REDIRECT] 
2024-12-22 19:03:59,508 [ERROR] LogOutputStream:75 - [STDERR_REDIRECT] [Fatal Error] :1:1: Premature end of file.
2024-12-22 19:03:59,508 [ERROR] LogOutputStream:75 - [STDERR_REDIRECT] 
2024-12-22 19:04:00,511 [ERROR] LogOutputStream:75 - [STDERR_REDIRECT] [Fatal Error] :1:1: Premature end of file.
2024-12-22 19:04:00,512 [ERROR] LogOutputStream:75 - [STDERR_REDIRECT] 
2024-12-22 19:04:01,505 [ERROR] LogOutputStream:75 - [STDERR_REDIRECT] [Fatal Error] :1:1: Premature end of file.
2024-12-22 19:04:01,505 [ERROR] LogOutputStream:75 - [STDERR_REDIRECT] 
2024-12-22 19:04:02,512 [ERROR] LogOutputStream:75 - [STDERR_REDIRECT] [Fatal Error] :1:1: Premature end of file.
2024-12-22 19:04:02,512 [ERROR] LogOutputStream:75 - [STDERR_REDIRECT] 
2024-12-22 19:04:03,516 [ERROR] LogOutputStream:75 - [STDERR_REDIRECT] [Fatal Error] :1:1: Premature end of file.
2024-12-22 19:04:03,516 [ERROR] LogOutputStream:75 - [STDERR_REDIRECT] 
2024-12-22 19:04:04,512 [ERROR] LogOutputStream:75 - [STDERR_REDIRECT] [Fatal Error] :1:1: Premature end of file.
2024-12-22 19:04:04,512 [ERROR] LogOutputStream:75 - [STDERR_REDIRECT] 
2024-12-22 19:04:05,509 [ERROR] LogOutputStream:75 - [STDERR_REDIRECT] [Fatal Error] :1:1: Premature end of file.
2024-12-22 19:04:05,509 [ERROR] LogOutputStream:75 - [STDERR_REDIRECT] 
2024-12-22 19:04:06,505 [ERROR] LogOutputStream:75 - [STDERR_REDIRECT] [Fatal Error] :1:1: Premature end of file.
2024-12-22 19:04:06,505 [ERROR] LogOutputStream:75 - [STDERR_REDIRECT] 
2024-12-22 19:04:07,505 [ERROR] LogOutputStream:75 - [STDERR_REDIRECT] [Fatal Error] :1:1: Premature end of file.
2024-12-22 19:04:07,505 [ERROR] LogOutputStream:75 - [STDERR_REDIRECT] 
2024-12-22 19:04:08,509 [ERROR] LogOutputStream:75 - [STDERR_REDIRECT] [Fatal Error] :1:1: Premature end of file.
2024-12-22 19:04:08,509 [ERROR] LogOutputStream:75 - [STDERR_REDIRECT] 
2024-12-22 19:04:09,520 [ERROR] LogOutputStream:75 - [STDERR_REDIRECT] [Fatal Error] :1:1: Premature end of file.
2024-12-22 19:04:09,520 [ERROR] LogOutputStream:75 - [STDERR_REDIRECT] 
2024-12-22 19:04:10,509 [ERROR] LogOutputStream:75 - [STDERR_REDIRECT] [Fatal Error] :1:1: Premature end of file.
2024-12-22 19:04:10,509 [ERROR] LogOutputStream:75 - [STDERR_REDIRECT] 
2024-12-22 19:04:11,511 [ERROR] LogOutputStream:75 - [STDERR_REDIRECT] [Fatal Error] :1:1: Premature end of file.
2024-12-22 19:04:11,511 [ERROR] LogOutputStream:75 - [STDERR_REDIRECT] 
2024-12-22 19:04:12,502 [ERROR] LogOutputStream:75 - [STDERR_REDIRECT] [Fatal Error] :1:1: Premature end of file.
2024-12-22 19:04:12,502 [ERROR] LogOutputStream:75 - [STDERR_REDIRECT] 
2024-12-22 19:04:13,502 [ERROR] LogOutputStream:75 - [STDERR_REDIRECT] [Fatal Error] :1:1: Premature end of file.
2024-12-22 19:04:13,502 [ERROR] LogOutputStream:75 - [STDERR_REDIRECT] 
2024-12-22 19:04:14,509 [ERROR] LogOutputStream:75 - [STDERR_REDIRECT] [Fatal Error] :1:1: Premature end of file.
2024-12-22 19:04:14,509 [ERROR] LogOutputStream:75 - [STDERR_REDIRECT] 
2024-12-22 19:04:15,514 [ERROR] LogOutputStream:75 - [STDERR_REDIRECT] [Fatal Error] :1:1: Premature end of file.
2024-12-22 19:04:15,514 [ERROR] LogOutputStream:75 - [STDERR_REDIRECT] 
2024-12-22 19:04:16,502 [ERROR] LogOutputStream:75 - [STDERR_REDIRECT] [Fatal Error] :1:1: Premature end of file.
2024-12-22 19:04:16,504 [ERROR] LogOutputStream:75 - [STDERR_REDIRECT] 
2024-12-22 19:04:17,498 [ERROR] LogOutputStream:75 - [STDERR_REDIRECT] [Fatal Error] :1:1: Premature end of file.
2024-12-22 19:04:17,498 [ERROR] LogOutputStream:75 - [STDERR_REDIRECT] 
2024-12-22 19:04:18,514 [ERROR] LogOutputStream:75 - [STDERR_REDIRECT] [Fatal Error] :1:1: Premature end of file.
2024-12-22 19:04:18,514 [ERROR] LogOutputStream:75 - [STDERR_REDIRECT] 
2024-12-22 19:04:19,508 [ERROR] LogOutputStream:75 - [STDERR_REDIRECT] [Fatal Error] :1:1: Premature end of file.
2024-12-22 19:04:19,508 [ERROR] LogOutputStream:75 - [STDERR_REDIRECT] 
2024-12-22 19:04:20,504 [ERROR] LogOutputStream:75 - [STDERR_REDIRECT] [Fatal Error] :1:1: Premature end of file.
2024-12-22 19:04:20,505 [ERROR] LogOutputStream:75 - [STDERR_REDIRECT] 
2024-12-22 19:04:21,515 [ERROR] LogOutputStream:75 - [STDERR_REDIRECT] [Fatal Error] :1:1: Premature end of file.
2024-12-22 19:04:21,515 [ERROR] LogOutputStream:75 - [STDERR_REDIRECT] 
2024-12-22 19:04:22,513 [ERROR] LogOutputStream:75 - [STDERR_REDIRECT] [Fatal Error] :1:1: Premature end of file.
2024-12-22 19:04:22,513 [ERROR] LogOutputStream:75 - [STDERR_REDIRECT] 
2024-12-22 19:04:23,513 [ERROR] LogOutputStream:75 - [STDERR_REDIRECT] [Fatal Error] :1:1: Premature end of file.
2024-12-22 19:04:23,513 [ERROR] LogOutputStream:75 - [STDERR_REDIRECT] 
2024-12-22 19:04:24,506 [ERROR] LogOutputStream:75 - [STDERR_REDIRECT] [Fatal Error] :1:1: Premature end of file.
2024-12-22 19:04:24,506 [ERROR] LogOutputStream:75 - [STDERR_REDIRECT] 
2024-12-22 19:04:25,505 [ERROR] LogOutputStream:75 - [STDERR_REDIRECT] [Fatal Error] :1:1: Premature end of file.
2024-12-22 19:04:25,506 [ERROR] LogOutputStream:75 - [STDERR_REDIRECT] 
2024-12-22 19:04:26,499 [ERROR] LogOutputStream:75 - [STDERR_REDIRECT] [Fatal Error] :1:1: Premature end of file.
2024-12-22 19:04:26,499 [ERROR] LogOutputStream:75 - [STDERR_REDIRECT] 
2024-12-22 19:04:27,501 [ERROR] LogOutputStream:75 - [STDERR_REDIRECT] [Fatal Error] :1:1: Premature end of file.
2024-12-22 19:04:27,501 [ERROR] LogOutputStream:75 - [STDERR_REDIRECT] 
2024-12-22 19:04:28,505 [ERROR] LogOutputStream:75 - [STDERR_REDIRECT] [Fatal Error] :1:1: Premature end of file.
2024-12-22 19:04:28,505 [ERROR] LogOutputStream:75 - [STDERR_REDIRECT] 
2024-12-22 19:04:29,501 [ERROR] LogOutputStream:75 - [STDERR_REDIRECT] [Fatal Error] :1:1: Premature end of file.
2024-12-22 19:04:29,501 [ERROR] LogOutputStream:75 - [STDERR_REDIRECT] 
2024-12-22 19:04:30,502 [ERROR] LogOutputStream:75 - [STDERR_REDIRECT] [Fatal Error] :1:1: Premature end of file.
2024-12-22 19:04:30,502 [ERROR] LogOutputStream:75 - [STDERR_REDIRECT] 
2024-12-22 19:04:31,508 [ERROR] LogOutputStream:75 - [STDERR_REDIRECT] [Fatal Error] :1:1: Premature end of file.
2024-12-22 19:04:31,508 [ERROR] LogOutputStream:75 - [STDERR_REDIRECT] 
2024-12-22 19:04:32,512 [ERROR] LogOutputStream:75 - [STDERR_REDIRECT] [Fatal Error] :1:1: Premature end of file.
2024-12-22 19:04:32,512 [ERROR] LogOutputStream:75 - [STDERR_REDIRECT] 
2024-12-22 19:04:33,508 [ERROR] LogOutputStream:75 - [STDERR_REDIRECT] [Fatal Error] :1:1: Premature end of file.
2024-12-22 19:04:33,508 [ERROR] LogOutputStream:75 - [STDERR_REDIRECT] 
2024-12-22 19:04:34,503 [ERROR] LogOutputStream:75 - [STDERR_REDIRECT] [Fatal Error] :1:1: Premature end of file.
2024-12-22 19:04:34,503 [ERROR] LogOutputStream:75 - [STDERR_REDIRECT] 
2024-12-22 19:04:35,504 [ERROR] LogOutputStream:75 - [STDERR_REDIRECT] [Fatal Error] :1:1: Premature end of file.
2024-12-22 19:04:35,504 [ERROR] LogOutputStream:75 - [STDERR_REDIRECT] 
2024-12-22 19:04:36,510 [ERROR] LogOutputStream:75 - [STDERR_REDIRECT] [Fatal Error] :1:1: Premature end of file.
2024-12-22 19:04:36,510 [ERROR] LogOutputStream:75 - [STDERR_REDIRECT] 
2024-12-22 19:04:37,504 [ERROR] LogOutputStream:75 - [STDERR_REDIRECT] [Fatal Error] :1:1: Premature end of file.
2024-12-22 19:04:37,504 [ERROR] LogOutputStream:75 - [STDERR_REDIRECT] 
2024-12-22 19:04:38,502 [ERROR] LogOutputStream:75 - [STDERR_REDIRECT] [Fatal Error] :1:1: Premature end of file.
2024-12-22 19:04:38,502 [ERROR] LogOutputStream:75 - [STDERR_REDIRECT] 
2024-12-22 19:04:39,505 [ERROR] LogOutputStream:75 - [STDERR_REDIRECT] [Fatal Error] :1:1: Premature end of file.
2024-12-22 19:04:39,505 [ERROR] LogOutputStream:75 - [STDERR_REDIRECT] 
2024-12-22 19:04:40,499 [ERROR] LogOutputStream:75 - [STDERR_REDIRECT] [Fatal Error] :1:1: Premature end of file.
2024-12-22 19:04:40,499 [ERROR] LogOutputStream:75 - [STDERR_REDIRECT] 
2024-12-22 19:04:41,503 [ERROR] LogOutputStream:75 - [STDERR_REDIRECT] [Fatal Error] :1:1: Premature end of file.
2024-12-22 19:04:41,503 [ERROR] LogOutputStream:75 - [STDERR_REDIRECT] 
2024-12-22 19:04:42,505 [ERROR] LogOutputStream:75 - [STDERR_REDIRECT] [Fatal Error] :1:1: Premature end of file.
2024-12-22 19:04:42,506 [ERROR] LogOutputStream:75 - [STDERR_REDIRECT] 
2024-12-22 19:04:43,508 [ERROR] LogOutputStream:75 - [STDERR_REDIRECT] [Fatal Error] :1:1: Premature end of file.
2024-12-22 19:04:43,508 [ERROR] LogOutputStream:75 - [STDERR_REDIRECT] 
2024-12-22 19:04:44,512 [ERROR] LogOutputStream:75 - [STDERR_REDIRECT] [Fatal Error] :1:1: Premature end of file.
2024-12-22 19:04:44,512 [ERROR] LogOutputStream:75 - [STDERR_REDIRECT] 
2024-12-22 19:04:45,506 [ERROR] LogOutputStream:75 - [STDERR_REDIRECT] [Fatal Error] :1:1: Premature end of file.
2024-12-22 19:04:45,506 [ERROR] LogOutputStream:75 - [STDERR_REDIRECT] 
2024-12-22 19:04:46,505 [ERROR] LogOutputStream:75 - [STDERR_REDIRECT] [Fatal Error] :1:1: Premature end of file.
2024-12-22 19:04:46,505 [ERROR] LogOutputStream:75 - [STDERR_REDIRECT] 
2024-12-22 19:04:47,514 [ERROR] LogOutputStream:75 - [STDERR_REDIRECT] [Fatal Error] :1:1: Premature end of file.
2024-12-22 19:04:47,514 [ERROR] LogOutputStream:75 - [STDERR_REDIRECT] 
2024-12-22 19:04:48,507 [ERROR] LogOutputStream:75 - [STDERR_REDIRECT] [Fatal Error] :1:1: Premature end of file.
2024-12-22 19:04:48,507 [ERROR] LogOutputStream:75 - [STDERR_REDIRECT] 
2024-12-22 19:04:49,507 [ERROR] LogOutputStream:75 - [STDERR_REDIRECT] [Fatal Error] :1:1: Premature end of file.
2024-12-22 19:04:49,507 [ERROR] LogOutputStream:75 - [STDERR_REDIRECT] 
2024-12-22 19:04:50,512 [ERROR] LogOutputStream:75 - [STDERR_REDIRECT] [Fatal Error] :1:1: Premature end of file.
2024-12-22 19:04:50,512 [ERROR] LogOutputStream:75 - [STDERR_REDIRECT] 
2024-12-22 19:04:51,519 [ERROR] LogOutputStream:75 - [STDERR_REDIRECT] [Fatal Error] :1:1: Premature end of file.
2024-12-22 19:04:51,519 [ERROR] LogOutputStream:75 - [STDERR_REDIRECT] 
2024-12-22 19:04:52,498 [ERROR] LogOutputStream:75 - [STDERR_REDIRECT] [Fatal Error] :1:1: Premature end of file.
2024-12-22 19:04:52,498 [ERROR] LogOutputStream:75 - [STDERR_REDIRECT] 
2024-12-22 19:04:53,506 [ERROR] LogOutputStream:75 - [STDERR_REDIRECT] [Fatal Error] :1:1: Premature end of file.
2024-12-22 19:04:53,506 [ERROR] LogOutputStream:75 - [STDERR_REDIRECT] 
2024-12-22 19:04:54,510 [ERROR] LogOutputStream:75 - [STDERR_REDIRECT] [Fatal Error] :1:1: Premature end of file.
2024-12-22 19:04:54,510 [ERROR] LogOutputStream:75 - [STDERR_REDIRECT] 
2024-12-22 19:04:55,516 [ERROR] LogOutputStream:75 - [STDERR_REDIRECT] [Fatal Error] :1:1: Premature end of file.
2024-12-22 19:04:55,516 [ERROR] LogOutputStream:75 - [STDERR_REDIRECT] 
2024-12-22 19:04:56,506 [ERROR] LogOutputStream:75 - [STDERR_REDIRECT] [Fatal Error] :1:1: Premature end of file.
2024-12-22 19:04:56,506 [ERROR] LogOutputStream:75 - [STDERR_REDIRECT] 
2024-12-22 19:04:57,508 [ERROR] LogOutputStream:75 - [STDERR_REDIRECT] [Fatal Error] :1:1: Premature end of file.
2024-12-22 19:04:57,508 [ERROR] LogOutputStream:75 - [STDERR_REDIRECT] 
2024-12-22 19:04:58,513 [ERROR] LogOutputStream:75 - [STDERR_REDIRECT] [Fatal Error] :1:1: Premature end of file.
2024-12-22 19:04:58,513 [ERROR] LogOutputStream:75 - [STDERR_REDIRECT] 
2024-12-22 19:04:59,514 [ERROR] LogOutputStream:75 - [STDERR_REDIRECT] [Fatal Error] :1:1: Premature end of file.
2024-12-22 19:04:59,514 [ERROR] LogOutputStream:75 - [STDERR_REDIRECT] 
2024-12-22 19:05:00,502 [ERROR] LogOutputStream:75 - [STDERR_REDIRECT] [Fatal Error] :1:1: Premature end of file.
2024-12-22 19:05:00,502 [ERROR] LogOutputStream:75 - [STDERR_REDIRECT] 
2024-12-22 19:05:01,511 [ERROR] LogOutputStream:75 - [STDERR_REDIRECT] [Fatal Error] :1:1: Premature end of file.
2024-12-22 19:05:01,511 [ERROR] LogOutputStream:75 - [STDERR_REDIRECT] 
2024-12-22 19:05:02,512 [ERROR] LogOutputStream:75 - [STDERR_REDIRECT] [Fatal Error] :1:1: Premature end of file.
2024-12-22 19:05:02,512 [ERROR] LogOutputStream:75 - [STDERR_REDIRECT] 
2024-12-22 19:05:03,517 [ERROR] LogOutputStream:75 - [STDERR_REDIRECT] [Fatal Error] :1:1: Premature end of file.
2024-12-22 19:05:03,517 [ERROR] LogOutputStream:75 - [STDERR_REDIRECT] 
2024-12-22 19:05:04,500 [ERROR] LogOutputStream:75 - [STDERR_REDIRECT] [Fatal Error] :1:1: Premature end of file.
2024-12-22 19:05:04,500 [ERROR] LogOutputStream:75 - [STDERR_REDIRECT] 
2024-12-22 19:05:05,502 [ERROR] LogOutputStream:75 - [STDERR_REDIRECT] [Fatal Error] :1:1: Premature end of file.
2024-12-22 19:05:05,502 [ERROR] LogOutputStream:75 - [STDERR_REDIRECT] 
2024-12-22 19:05:06,514 [ERROR] LogOutputStream:75 - [STDERR_REDIRECT] [Fatal Error] :1:1: Premature end of file.
2024-12-22 19:05:06,514 [ERROR] LogOutputStream:75 - [STDERR_REDIRECT] 
2024-12-22 19:05:07,510 [ERROR] LogOutputStream:75 - [STDERR_REDIRECT] [Fatal Error] :1:1: Premature end of file.
2024-12-22 19:05:07,510 [ERROR] LogOutputStream:75 - [STDERR_REDIRECT] 
2024-12-22 19:05:08,511 [ERROR] LogOutputStream:75 - [STDERR_REDIRECT] [Fatal Error] :1:1: Premature end of file.
2024-12-22 19:05:08,511 [ERROR] LogOutputStream:75 - [STDERR_REDIRECT] 
2024-12-22 19:05:09,510 [ERROR] LogOutputStream:75 - [STDERR_REDIRECT] [Fatal Error] :1:1: Premature end of file.
2024-12-22 19:05:09,510 [ERROR] LogOutputStream:75 - [STDERR_REDIRECT] 
2024-12-22 19:05:10,511 [ERROR] LogOutputStream:75 - [STDERR_REDIRECT] [Fatal Error] :1:1: Premature end of file.
2024-12-22 19:05:10,511 [ERROR] LogOutputStream:75 - [STDERR_REDIRECT] 
2024-12-22 19:05:11,509 [ERROR] LogOutputStream:75 - [STDERR_REDIRECT] [Fatal Error] :1:1: Premature end of file.
2024-12-22 19:05:11,509 [ERROR] LogOutputStream:75 - [STDERR_REDIRECT] 
2024-12-22 19:05:12,511 [ERROR] LogOutputStream:75 - [STDERR_REDIRECT] [Fatal Error] :1:1: Premature end of file.
2024-12-22 19:05:12,512 [ERROR] LogOutputStream:75 - [STDERR_REDIRECT] 
2024-12-22 19:05:13,506 [ERROR] LogOutputStream:75 - [STDERR_REDIRECT] [Fatal Error] :1:1: Premature end of file.
2024-12-22 19:05:13,506 [ERROR] LogOutputStream:75 - [STDERR_REDIRECT] 
2024-12-22 19:05:14,512 [ERROR] LogOutputStream:75 - [STDERR_REDIRECT] [Fatal Error] :1:1: Premature end of file.
2024-12-22 19:05:14,512 [ERROR] LogOutputStream:75 - [STDERR_REDIRECT] 
2024-12-22 19:05:15,514 [ERROR] LogOutputStream:75 - [STDERR_REDIRECT] [Fatal Error] :1:1: Premature end of file.
2024-12-22 19:05:15,514 [ERROR] LogOutputStream:75 - [STDERR_REDIRECT] 
2024-12-22 19:05:16,507 [ERROR] LogOutputStream:75 - [STDERR_REDIRECT] [Fatal Error] :1:1: Premature end of file.
2024-12-22 19:05:16,508 [ERROR] LogOutputStream:75 - [STDERR_REDIRECT] 
2024-12-22 19:05:17,502 [ERROR] LogOutputStream:75 - [STDERR_REDIRECT] [Fatal Error] :1:1: Premature end of file.
2024-12-22 19:05:17,502 [ERROR] LogOutputStream:75 - [STDERR_REDIRECT] 
2024-12-22 19:05:18,504 [ERROR] LogOutputStream:75 - [STDERR_REDIRECT] [Fatal Error] :1:1: Premature end of file.
2024-12-22 19:05:18,504 [ERROR] LogOutputStream:75 - [STDERR_REDIRECT] 
2024-12-22 19:05:19,505 [ERROR] LogOutputStream:75 - [STDERR_REDIRECT] [Fatal Error] :1:1: Premature end of file.
2024-12-22 19:05:19,505 [ERROR] LogOutputStream:75 - [STDERR_REDIRECT] 
2024-12-22 19:05:20,505 [ERROR] LogOutputStream:75 - [STDERR_REDIRECT] [Fatal Error] :1:1: Premature end of file.
2024-12-22 19:05:20,505 [ERROR] LogOutputStream:75 - [STDERR_REDIRECT] 
2024-12-22 19:05:21,502 [ERROR] LogOutputStream:75 - [STDERR_REDIRECT] [Fatal Error] :1:1: Premature end of file.
2024-12-22 19:05:21,502 [ERROR] LogOutputStream:75 - [STDERR_REDIRECT] 
2024-12-22 19:05:22,510 [ERROR] LogOutputStream:75 - [STDERR_REDIRECT] [Fatal Error] :1:1: Premature end of file.
2024-12-22 19:05:22,511 [ERROR] LogOutputStream:75 - [STDERR_REDIRECT] 
2024-12-22 19:05:23,505 [ERROR] LogOutputStream:75 - [STDERR_REDIRECT] [Fatal Error] :1:1: Premature end of file.
2024-12-22 19:05:23,505 [ERROR] LogOutputStream:75 - [STDERR_REDIRECT] 
2024-12-22 19:05:24,517 [ERROR] LogOutputStream:75 - [STDERR_REDIRECT] [Fatal Error] :1:1: Premature end of file.
2024-12-22 19:05:24,517 [ERROR] LogOutputStream:75 - [STDERR_REDIRECT] 
2024-12-22 19:05:25,500 [ERROR] LogOutputStream:75 - [STDERR_REDIRECT] [Fatal Error] :1:1: Premature end of file.
2024-12-22 19:05:25,500 [ERROR] LogOutputStream:75 - [STDERR_REDIRECT] 
2024-12-22 19:05:26,515 [ERROR] LogOutputStream:75 - [STDERR_REDIRECT] [Fatal Error] :1:1: Premature end of file.
2024-12-22 19:05:26,515 [ERROR] LogOutputStream:75 - [STDERR_REDIRECT] 
2024-12-22 19:05:27,503 [ERROR] LogOutputStream:75 - [STDERR_REDIRECT] [Fatal Error] :1:1: Premature end of file.
2024-12-22 19:05:27,504 [ERROR] LogOutputStream:75 - [STDERR_REDIRECT] 
2024-12-22 19:05:28,509 [ERROR] LogOutputStream:75 - [STDERR_REDIRECT] [Fatal Error] :1:1: Premature end of file.
2024-12-22 19:05:28,509 [ERROR] LogOutputStream:75 - [STDERR_REDIRECT] 
2024-12-22 19:05:29,519 [ERROR] LogOutputStream:75 - [STDERR_REDIRECT] [Fatal Error] :1:1: Premature end of file.
2024-12-22 19:05:29,519 [ERROR] LogOutputStream:75 - [STDERR_REDIRECT] 
2024-12-22 19:05:30,506 [ERROR] LogOutputStream:75 - [STDERR_REDIRECT] [Fatal Error] :1:1: Premature end of file.
2024-12-22 19:05:30,506 [ERROR] LogOutputStream:75 - [STDERR_REDIRECT] 
2024-12-22 19:05:31,513 [ERROR] LogOutputStream:75 - [STDERR_REDIRECT] [Fatal Error] :1:1: Premature end of file.
2024-12-22 19:05:31,513 [ERROR] LogOutputStream:75 - [STDERR_REDIRECT] 
2024-12-22 19:05:32,515 [ERROR] LogOutputStream:75 - [STDERR_REDIRECT] [Fatal Error] :1:1: Premature end of file.
2024-12-22 19:05:32,515 [ERROR] LogOutputStream:75 - [STDERR_REDIRECT] 
2024-12-22 19:05:33,513 [ERROR] LogOutputStream:75 - [STDERR_REDIRECT] [Fatal Error] :1:1: Premature end of file.
2024-12-22 19:05:33,513 [ERROR] LogOutputStream:75 - [STDERR_REDIRECT] 
2024-12-22 19:05:34,514 [ERROR] LogOutputStream:75 - [STDERR_REDIRECT] [Fatal Error] :1:1: Premature end of file.
2024-12-22 19:05:34,514 [ERROR] LogOutputStream:75 - [STDERR_REDIRECT] 
2024-12-22 19:05:35,508 [ERROR] LogOutputStream:75 - [STDERR_REDIRECT] [Fatal Error] :1:1: Premature end of file.
2024-12-22 19:05:35,508 [ERROR] LogOutputStream:75 - [STDERR_REDIRECT] 
2024-12-22 19:05:36,509 [ERROR] LogOutputStream:75 - [STDERR_REDIRECT] [Fatal Error] :1:1: Premature end of file.
2024-12-22 19:05:36,509 [ERROR] LogOutputStream:75 - [STDERR_REDIRECT] 
2024-12-22 19:05:37,514 [ERROR] LogOutputStream:75 - [STDERR_REDIRECT] [Fatal Error] :1:1: Premature end of file.
2024-12-22 19:05:37,515 [ERROR] LogOutputStream:75 - [STDERR_REDIRECT] 
2024-12-22 19:05:38,515 [ERROR] LogOutputStream:75 - [STDERR_REDIRECT] [Fatal Error] :1:1: Premature end of file.
2024-12-22 19:05:38,515 [ERROR] LogOutputStream:75 - [STDERR_REDIRECT] 
2024-12-22 19:05:39,497 [ERROR] LogOutputStream:75 - [STDERR_REDIRECT] [Fatal Error] :1:1: Premature end of file.
2024-12-22 19:05:39,497 [ERROR] LogOutputStream:75 - [STDERR_REDIRECT] 
2024-12-22 19:05:40,516 [ERROR] LogOutputStream:75 - [STDERR_REDIRECT] [Fatal Error] :1:1: Premature end of file.
2024-12-22 19:05:40,516 [ERROR] LogOutputStream:75 - [STDERR_REDIRECT] 
2024-12-22 19:05:41,516 [ERROR] LogOutputStream:75 - [STDERR_REDIRECT] [Fatal Error] :1:1: Premature end of file.
2024-12-22 19:05:41,517 [ERROR] LogOutputStream:75 - [STDERR_REDIRECT] 
2024-12-22 19:05:42,507 [ERROR] LogOutputStream:75 - [STDERR_REDIRECT] [Fatal Error] :1:1: Premature end of file.
2024-12-22 19:05:42,507 [ERROR] LogOutputStream:75 - [STDERR_REDIRECT] 
2024-12-22 19:05:43,512 [ERROR] LogOutputStream:75 - [STDERR_REDIRECT] [Fatal Error] :1:1: Premature end of file.
2024-12-22 19:05:43,512 [ERROR] LogOutputStream:75 - [STDERR_REDIRECT] 
2024-12-22 19:05:44,503 [ERROR] LogOutputStream:75 - [STDERR_REDIRECT] [Fatal Error] :1:1: Premature end of file.
2024-12-22 19:05:44,503 [ERROR] LogOutputStream:75 - [STDERR_REDIRECT] 
2024-12-22 19:05:45,503 [ERROR] LogOutputStream:75 - [STDERR_REDIRECT] [Fatal Error] :1:1: Premature end of file.
2024-12-22 19:05:45,504 [ERROR] LogOutputStream:75 - [STDERR_REDIRECT] 
2024-12-22 19:05:46,512 [ERROR] LogOutputStream:75 - [STDERR_REDIRECT] [Fatal Error] :1:1: Premature end of file.
2024-12-22 19:05:46,512 [ERROR] LogOutputStream:75 - [STDERR_REDIRECT] 
2024-12-22 19:05:47,514 [ERROR] LogOutputStream:75 - [STDERR_REDIRECT] [Fatal Error] :1:1: Premature end of file.
2024-12-22 19:05:47,514 [ERROR] LogOutputStream:75 - [STDERR_REDIRECT] 
2024-12-22 19:05:48,507 [ERROR] LogOutputStream:75 - [STDERR_REDIRECT] [Fatal Error] :1:1: Premature end of file.
2024-12-22 19:05:48,507 [ERROR] LogOutputStream:75 - [STDERR_REDIRECT] 
2024-12-22 19:05:49,517 [ERROR] LogOutputStream:75 - [STDERR_REDIRECT] [Fatal Error] :1:1: Premature end of file.
2024-12-22 19:05:49,517 [ERROR] LogOutputStream:75 - [STDERR_REDIRECT] 
2024-12-22 19:05:50,504 [ERROR] LogOutputStream:75 - [STDERR_REDIRECT] [Fatal Error] :1:1: Premature end of file.
2024-12-22 19:05:50,504 [ERROR] LogOutputStream:75 - [STDERR_REDIRECT] 
2024-12-22 19:05:51,514 [ERROR] LogOutputStream:75 - [STDERR_REDIRECT] [Fatal Error] :1:1: Premature end of file.
2024-12-22 19:05:51,514 [ERROR] LogOutputStream:75 - [STDERR_REDIRECT] 
2024-12-22 19:05:52,509 [ERROR] LogOutputStream:75 - [STDERR_REDIRECT] [Fatal Error] :1:1: Premature end of file.
2024-12-22 19:05:52,510 [ERROR] LogOutputStream:75 - [STDERR_REDIRECT] 
2024-12-22 19:05:53,517 [ERROR] LogOutputStream:75 - [STDERR_REDIRECT] [Fatal Error] :1:1: Premature end of file.
2024-12-22 19:05:53,517 [ERROR] LogOutputStream:75 - [STDERR_REDIRECT] 
2024-12-22 19:05:54,521 [ERROR] LogOutputStream:75 - [STDERR_REDIRECT] [Fatal Error] :1:1: Premature end of file.
2024-12-22 19:05:54,521 [ERROR] LogOutputStream:75 - [STDERR_REDIRECT] 
2024-12-22 19:05:55,512 [ERROR] LogOutputStream:75 - [STDERR_REDIRECT] [Fatal Error] :1:1: Premature end of file.
2024-12-22 19:05:55,512 [ERROR] LogOutputStream:75 - [STDERR_REDIRECT] 
2024-12-22 19:05:56,504 [ERROR] LogOutputStream:75 - [STDERR_REDIRECT] [Fatal Error] :1:1: Premature end of file.
2024-12-22 19:05:56,505 [ERROR] LogOutputStream:75 - [STDERR_REDIRECT] 
2024-12-22 19:05:57,509 [ERROR] LogOutputStream:75 - [STDERR_REDIRECT] [Fatal Error] :1:1: Premature end of file.
2024-12-22 19:05:57,509 [ERROR] LogOutputStream:75 - [STDERR_REDIRECT] 
2024-12-22 19:05:58,509 [ERROR] LogOutputStream:75 - [STDERR_REDIRECT] [Fatal Error] :1:1: Premature end of file.
2024-12-22 19:05:58,509 [ERROR] LogOutputStream:75 - [STDERR_REDIRECT] 
2024-12-22 19:05:59,506 [ERROR] LogOutputStream:75 - [STDERR_REDIRECT] [Fatal Error] :1:1: Premature end of file.
2024-12-22 19:05:59,506 [ERROR] LogOutputStream:75 - [STDERR_REDIRECT] 
2024-12-22 19:06:00,518 [ERROR] LogOutputStream:75 - [STDERR_REDIRECT] [Fatal Error] :1:1: Premature end of file.
2024-12-22 19:06:00,518 [ERROR] LogOutputStream:75 - [STDERR_REDIRECT] 
2024-12-22 19:06:01,508 [ERROR] LogOutputStream:75 - [STDERR_REDIRECT] [Fatal Error] :1:1: Premature end of file.
2024-12-22 19:06:01,508 [ERROR] LogOutputStream:75 - [STDERR_REDIRECT] 
2024-12-22 19:06:02,518 [ERROR] LogOutputStream:75 - [STDERR_REDIRECT] [Fatal Error] :1:1: Premature end of file.
2024-12-22 19:06:02,519 [ERROR] LogOutputStream:75 - [STDERR_REDIRECT] 
2024-12-22 19:06:03,509 [ERROR] LogOutputStream:75 - [STDERR_REDIRECT] [Fatal Error] :1:1: Premature end of file.
2024-12-22 19:06:03,509 [ERROR] LogOutputStream:75 - [STDERR_REDIRECT] 
2024-12-22 19:06:04,504 [ERROR] LogOutputStream:75 - [STDERR_REDIRECT] [Fatal Error] :1:1: Premature end of file.
2024-12-22 19:06:04,504 [ERROR] LogOutputStream:75 - [STDERR_REDIRECT] 
2024-12-22 19:06:05,502 [ERROR] LogOutputStream:75 - [STDERR_REDIRECT] [Fatal Error] :1:1: Premature end of file.
2024-12-22 19:06:05,502 [ERROR] LogOutputStream:75 - [STDERR_REDIRECT] 
2024-12-22 19:06:06,503 [ERROR] LogOutputStream:75 - [STDERR_REDIRECT] [Fatal Error] :1:1: Premature end of file.
2024-12-22 19:06:06,503 [ERROR] LogOutputStream:75 - [STDERR_REDIRECT] 
2024-12-22 19:06:07,507 [ERROR] LogOutputStream:75 - [STDERR_REDIRECT] [Fatal Error] :1:1: Premature end of file.
2024-12-22 19:06:07,507 [ERROR] LogOutputStream:75 - [STDERR_REDIRECT] 
2024-12-22 19:06:08,510 [ERROR] LogOutputStream:75 - [STDERR_REDIRECT] [Fatal Error] :1:1: Premature end of file.
2024-12-22 19:06:08,510 [ERROR] LogOutputStream:75 - [STDERR_REDIRECT] 
2024-12-22 19:06:09,502 [ERROR] LogOutputStream:75 - [STDERR_REDIRECT] [Fatal Error] :1:1: Premature end of file.
2024-12-22 19:06:09,502 [ERROR] LogOutputStream:75 - [STDERR_REDIRECT] 
2024-12-22 19:06:10,503 [ERROR] LogOutputStream:75 - [STDERR_REDIRECT] [Fatal Error] :1:1: Premature end of file.
2024-12-22 19:06:10,503 [ERROR] LogOutputStream:75 - [STDERR_REDIRECT] 
2024-12-22 19:06:11,505 [ERROR] LogOutputStream:75 - [STDERR_REDIRECT] [Fatal Error] :1:1: Premature end of file.
2024-12-22 19:06:11,505 [ERROR] LogOutputStream:75 - [STDERR_REDIRECT] 
2024-12-22 19:06:12,501 [ERROR] LogOutputStream:75 - [STDERR_REDIRECT] [Fatal Error] :1:1: Premature end of file.
2024-12-22 19:06:12,501 [ERROR] LogOutputStream:75 - [STDERR_REDIRECT] 
2024-12-22 19:06:13,509 [ERROR] LogOutputStream:75 - [STDERR_REDIRECT] [Fatal Error] :1:1: Premature end of file.
2024-12-22 19:06:13,509 [ERROR] LogOutputStream:75 - [STDERR_REDIRECT] 
2024-12-22 19:06:14,502 [ERROR] LogOutputStream:75 - [STDERR_REDIRECT] [Fatal Error] :1:1: Premature end of file.
2024-12-22 19:06:14,502 [ERROR] LogOutputStream:75 - [STDERR_REDIRECT] 
2024-12-22 19:06:15,518 [ERROR] LogOutputStream:75 - [STDERR_REDIRECT] [Fatal Error] :1:1: Premature end of file.
2024-12-22 19:06:15,518 [ERROR] LogOutputStream:75 - [STDERR_REDIRECT] 
2024-12-22 19:06:16,508 [ERROR] LogOutputStream:75 - [STDERR_REDIRECT] [Fatal Error] :1:1: Premature end of file.
2024-12-22 19:06:16,509 [ERROR] LogOutputStream:75 - [STDERR_REDIRECT] 
2024-12-22 19:06:17,506 [ERROR] LogOutputStream:75 - [STDERR_REDIRECT] [Fatal Error] :1:1: Premature end of file.
2024-12-22 19:06:17,506 [ERROR] LogOutputStream:75 - [STDERR_REDIRECT] 
2024-12-22 19:06:18,502 [ERROR] LogOutputStream:75 - [STDERR_REDIRECT] [Fatal Error] :1:1: Premature end of file.
2024-12-22 19:06:18,502 [ERROR] LogOutputStream:75 - [STDERR_REDIRECT] 
2024-12-22 19:06:19,509 [ERROR] LogOutputStream:75 - [STDERR_REDIRECT] [Fatal Error] :1:1: Premature end of file.
2024-12-22 19:06:19,509 [ERROR] LogOutputStream:75 - [STDERR_REDIRECT] 
2024-12-22 19:06:20,507 [ERROR] LogOutputStream:75 - [STDERR_REDIRECT] [Fatal Error] :1:1: Premature end of file.
2024-12-22 19:06:20,507 [ERROR] LogOutputStream:75 - [STDERR_REDIRECT] 
2024-12-22 19:06:21,502 [ERROR] LogOutputStream:75 - [STDERR_REDIRECT] [Fatal Error] :1:1: Premature end of file.
2024-12-22 19:06:21,502 [ERROR] LogOutputStream:75 - [STDERR_REDIRECT] 
2024-12-22 19:06:22,506 [ERROR] LogOutputStream:75 - [STDERR_REDIRECT] [Fatal Error] :1:1: Premature end of file.
2024-12-22 19:06:22,506 [ERROR] LogOutputStream:75 - [STDERR_REDIRECT] 
2024-12-22 19:06:23,512 [ERROR] LogOutputStream:75 - [STDERR_REDIRECT] [Fatal Error] :1:1: Premature end of file.
2024-12-22 19:06:23,512 [ERROR] LogOutputStream:75 - [STDERR_REDIRECT] 
2024-12-22 19:06:24,505 [ERROR] LogOutputStream:75 - [STDERR_REDIRECT] [Fatal Error] :1:1: Premature end of file.
2024-12-22 19:06:24,505 [ERROR] LogOutputStream:75 - [STDERR_REDIRECT] 
2024-12-22 19:06:25,501 [ERROR] LogOutputStream:75 - [STDERR_REDIRECT] [Fatal Error] :1:1: Premature end of file.
2024-12-22 19:06:25,501 [ERROR] LogOutputStream:75 - [STDERR_REDIRECT] 
2024-12-22 19:06:26,507 [ERROR] LogOutputStream:75 - [STDERR_REDIRECT] [Fatal Error] :1:1: Premature end of file.
2024-12-22 19:06:26,507 [ERROR] LogOutputStream:75 - [STDERR_REDIRECT] 
2024-12-22 19:06:27,507 [ERROR] LogOutputStream:75 - [STDERR_REDIRECT] [Fatal Error] :1:1: Premature end of file.
2024-12-22 19:06:27,507 [ERROR] LogOutputStream:75 - [STDERR_REDIRECT] 
2024-12-22 19:06:28,509 [ERROR] LogOutputStream:75 - [STDERR_REDIRECT] [Fatal Error] :1:1: Premature end of file.
2024-12-22 19:06:28,509 [ERROR] LogOutputStream:75 - [STDERR_REDIRECT] 
2024-12-22 19:06:29,507 [ERROR] LogOutputStream:75 - [STDERR_REDIRECT] [Fatal Error] :1:1: Premature end of file.
2024-12-22 19:06:29,507 [ERROR] LogOutputStream:75 - [STDERR_REDIRECT] 
2024-12-22 19:06:30,514 [ERROR] LogOutputStream:75 - [STDERR_REDIRECT] [Fatal Error] :1:1: Premature end of file.
2024-12-22 19:06:30,515 [ERROR] LogOutputStream:75 - [STDERR_REDIRECT] 
2024-12-22 19:06:31,515 [ERROR] LogOutputStream:75 - [STDERR_REDIRECT] [Fatal Error] :1:1: Premature end of file.
2024-12-22 19:06:31,515 [ERROR] LogOutputStream:75 - [STDERR_REDIRECT] 
2024-12-22 19:06:32,513 [ERROR] LogOutputStream:75 - [STDERR_REDIRECT] [Fatal Error] :1:1: Premature end of file.
2024-12-22 19:06:32,513 [ERROR] LogOutputStream:75 - [STDERR_REDIRECT] 
2024-12-22 19:06:33,498 [ERROR] LogOutputStream:75 - [STDERR_REDIRECT] [Fatal Error] :1:1: Premature end of file.
2024-12-22 19:06:33,498 [ERROR] LogOutputStream:75 - [STDERR_REDIRECT] 
2024-12-22 19:06:34,512 [ERROR] LogOutputStream:75 - [STDERR_REDIRECT] [Fatal Error] :1:1: Premature end of file.
2024-12-22 19:06:34,512 [ERROR] LogOutputStream:75 - [STDERR_REDIRECT] 
2024-12-22 19:06:35,515 [ERROR] LogOutputStream:75 - [STDERR_REDIRECT] [Fatal Error] :1:1: Premature end of file.
2024-12-22 19:06:35,515 [ERROR] LogOutputStream:75 - [STDERR_REDIRECT] 
2024-12-22 19:06:36,503 [ERROR] LogOutputStream:75 - [STDERR_REDIRECT] [Fatal Error] :1:1: Premature end of file.
2024-12-22 19:06:36,503 [ERROR] LogOutputStream:75 - [STDERR_REDIRECT] 
2024-12-22 19:06:37,506 [ERROR] LogOutputStream:75 - [STDERR_REDIRECT] [Fatal Error] :1:1: Premature end of file.
2024-12-22 19:06:37,506 [ERROR] LogOutputStream:75 - [STDERR_REDIRECT] 
2024-12-22 19:06:38,506 [ERROR] LogOutputStream:75 - [STDERR_REDIRECT] [Fatal Error] :1:1: Premature end of file.
2024-12-22 19:06:38,506 [ERROR] LogOutputStream:75 - [STDERR_REDIRECT] 
2024-12-22 19:06:39,506 [ERROR] LogOutputStream:75 - [STDERR_REDIRECT] [Fatal Error] :1:1: Premature end of file.
2024-12-22 19:06:39,506 [ERROR] LogOutputStream:75 - [STDERR_REDIRECT] 
2024-12-22 19:06:40,507 [ERROR] LogOutputStream:75 - [STDERR_REDIRECT] [Fatal Error] :1:1: Premature end of file.
2024-12-22 19:06:40,507 [ERROR] LogOutputStream:75 - [STDERR_REDIRECT] 
2024-12-22 19:06:41,513 [ERROR] LogOutputStream:75 - [STDERR_REDIRECT] [Fatal Error] :1:1: Premature end of file.
2024-12-22 19:06:41,513 [ERROR] LogOutputStream:75 - [STDERR_REDIRECT] 
2024-12-22 19:06:42,509 [ERROR] LogOutputStream:75 - [STDERR_REDIRECT] [Fatal Error] :1:1: Premature end of file.
2024-12-22 19:06:42,509 [ERROR] LogOutputStream:75 - [STDERR_REDIRECT] 
2024-12-22 19:06:43,504 [ERROR] LogOutputStream:75 - [STDERR_REDIRECT] [Fatal Error] :1:1: Premature end of file.
2024-12-22 19:06:43,504 [ERROR] LogOutputStream:75 - [STDERR_REDIRECT] 
2024-12-22 19:06:44,507 [ERROR] LogOutputStream:75 - [STDERR_REDIRECT] [Fatal Error] :1:1: Premature end of file.
2024-12-22 19:06:44,507 [ERROR] LogOutputStream:75 - [STDERR_REDIRECT] 
2024-12-22 19:06:45,506 [ERROR] LogOutputStream:75 - [STDERR_REDIRECT] [Fatal Error] :1:1: Premature end of file.
2024-12-22 19:06:45,506 [ERROR] LogOutputStream:75 - [STDERR_REDIRECT] 
2024-12-22 19:06:46,504 [ERROR] LogOutputStream:75 - [STDERR_REDIRECT] [Fatal Error] :1:1: Premature end of file.
2024-12-22 19:06:46,504 [ERROR] LogOutputStream:75 - [STDERR_REDIRECT] 
2024-12-22 19:06:47,505 [ERROR] LogOutputStream:75 - [STDERR_REDIRECT] [Fatal Error] :1:1: Premature end of file.
2024-12-22 19:06:47,505 [ERROR] LogOutputStream:75 - [STDERR_REDIRECT] 
2024-12-22 19:06:48,507 [ERROR] LogOutputStream:75 - [STDERR_REDIRECT] [Fatal Error] :1:1: Premature end of file.
2024-12-22 19:06:48,507 [ERROR] LogOutputStream:75 - [STDERR_REDIRECT] 
2024-12-22 19:06:49,503 [ERROR] LogOutputStream:75 - [STDERR_REDIRECT] [Fatal Error] :1:1: Premature end of file.
2024-12-22 19:06:49,503 [ERROR] LogOutputStream:75 - [STDERR_REDIRECT] 
2024-12-22 19:06:50,510 [ERROR] LogOutputStream:75 - [STDERR_REDIRECT] [Fatal Error] :1:1: Premature end of file.
2024-12-22 19:06:50,510 [ERROR] LogOutputStream:75 - [STDERR_REDIRECT] 
2024-12-22 19:06:51,502 [ERROR] LogOutputStream:75 - [STDERR_REDIRECT] [Fatal Error] :1:1: Premature end of file.
2024-12-22 19:06:51,502 [ERROR] LogOutputStream:75 - [STDERR_REDIRECT] 
2024-12-22 19:06:52,505 [ERROR] LogOutputStream:75 - [STDERR_REDIRECT] [Fatal Error] :1:1: Premature end of file.
2024-12-22 19:06:52,505 [ERROR] LogOutputStream:75 - [STDERR_REDIRECT] 
2024-12-22 19:06:53,507 [ERROR] LogOutputStream:75 - [STDERR_REDIRECT] [Fatal Error] :1:1: Premature end of file.
2024-12-22 19:06:53,507 [ERROR] LogOutputStream:75 - [STDERR_REDIRECT] 
2024-12-22 19:06:54,502 [ERROR] LogOutputStream:75 - [STDERR_REDIRECT] [Fatal Error] :1:1: Premature end of file.
2024-12-22 19:06:54,502 [ERROR] LogOutputStream:75 - [STDERR_REDIRECT] 
2024-12-22 19:06:55,501 [ERROR] LogOutputStream:75 - [STDERR_REDIRECT] [Fatal Error] :1:1: Premature end of file.
2024-12-22 19:06:55,501 [ERROR] LogOutputStream:75 - [STDERR_REDIRECT] 
2024-12-22 19:06:56,518 [ERROR] LogOutputStream:75 - [STDERR_REDIRECT] [Fatal Error] :1:1: Premature end of file.
2024-12-22 19:06:56,518 [ERROR] LogOutputStream:75 - [STDERR_REDIRECT] 
2024-12-22 19:06:57,514 [ERROR] LogOutputStream:75 - [STDERR_REDIRECT] [Fatal Error] :1:1: Premature end of file.
2024-12-22 19:06:57,514 [ERROR] LogOutputStream:75 - [STDERR_REDIRECT] 
2024-12-22 19:06:58,504 [ERROR] LogOutputStream:75 - [STDERR_REDIRECT] [Fatal Error] :1:1: Premature end of file.
2024-12-22 19:06:58,504 [ERROR] LogOutputStream:75 - [STDERR_REDIRECT] 
2024-12-22 19:06:59,516 [ERROR] LogOutputStream:75 - [STDERR_REDIRECT] [Fatal Error] :1:1: Premature end of file.
2024-12-22 19:06:59,516 [ERROR] LogOutputStream:75 - [STDERR_REDIRECT] 
2024-12-22 19:07:00,510 [ERROR] LogOutputStream:75 - [STDERR_REDIRECT] [Fatal Error] :1:1: Premature end of file.
2024-12-22 19:07:00,510 [ERROR] LogOutputStream:75 - [STDERR_REDIRECT] 
2024-12-22 19:07:01,516 [ERROR] LogOutputStream:75 - [STDERR_REDIRECT] [Fatal Error] :1:1: Premature end of file.
2024-12-22 19:07:01,516 [ERROR] LogOutputStream:75 - [STDERR_REDIRECT] 
2024-12-22 19:07:02,500 [ERROR] LogOutputStream:75 - [STDERR_REDIRECT] [Fatal Error] :1:1: Premature end of file.
2024-12-22 19:07:02,500 [ERROR] LogOutputStream:75 - [STDERR_REDIRECT] 
2024-12-22 19:07:03,502 [ERROR] LogOutputStream:75 - [STDERR_REDIRECT] [Fatal Error] :1:1: Premature end of file.
2024-12-22 19:07:03,502 [ERROR] LogOutputStream:75 - [STDERR_REDIRECT] 
2024-12-22 19:07:04,515 [ERROR] LogOutputStream:75 - [STDERR_REDIRECT] [Fatal Error] :1:1: Premature end of file.
2024-12-22 19:07:04,515 [ERROR] LogOutputStream:75 - [STDERR_REDIRECT] 
2024-12-22 19:07:05,503 [ERROR] LogOutputStream:75 - [STDERR_REDIRECT] [Fatal Error] :1:1: Premature end of file.
2024-12-22 19:07:05,503 [ERROR] LogOutputStream:75 - [STDERR_REDIRECT] 
2024-12-22 19:07:06,515 [ERROR] LogOutputStream:75 - [STDERR_REDIRECT] [Fatal Error] :1:1: Premature end of file.
2024-12-22 19:07:06,515 [ERROR] LogOutputStream:75 - [STDERR_REDIRECT] 
2024-12-22 19:07:07,514 [ERROR] LogOutputStream:75 - [STDERR_REDIRECT] [Fatal Error] :1:1: Premature end of file.
2024-12-22 19:07:07,515 [ERROR] LogOutputStream:75 - [STDERR_REDIRECT] 
2024-12-22 19:07:08,514 [ERROR] LogOutputStream:75 - [STDERR_REDIRECT] [Fatal Error] :1:1: Premature end of file.
2024-12-22 19:07:08,514 [ERROR] LogOutputStream:75 - [STDERR_REDIRECT] 
2024-12-22 19:07:09,507 [ERROR] LogOutputStream:75 - [STDERR_REDIRECT] [Fatal Error] :1:1: Premature end of file.
2024-12-22 19:07:09,508 [ERROR] LogOutputStream:75 - [STDERR_REDIRECT] 
2024-12-22 19:07:10,521 [ERROR] LogOutputStream:75 - [STDERR_REDIRECT] [Fatal Error] :1:1: Premature end of file.
2024-12-22 19:07:10,521 [ERROR] LogOutputStream:75 - [STDERR_REDIRECT] 
2024-12-22 19:07:11,514 [ERROR] LogOutputStream:75 - [STDERR_REDIRECT] [Fatal Error] :1:1: Premature end of file.
2024-12-22 19:07:11,514 [ERROR] LogOutputStream:75 - [STDERR_REDIRECT] 
2024-12-22 19:07:12,510 [ERROR] LogOutputStream:75 - [STDERR_REDIRECT] [Fatal Error] :1:1: Premature end of file.
2024-12-22 19:07:12,510 [ERROR] LogOutputStream:75 - [STDERR_REDIRECT] 
2024-12-22 19:07:13,508 [ERROR] LogOutputStream:75 - [STDERR_REDIRECT] [Fatal Error] :1:1: Premature end of file.
2024-12-22 19:07:13,508 [ERROR] LogOutputStream:75 - [STDERR_REDIRECT] 
2024-12-22 19:07:14,507 [ERROR] LogOutputStream:75 - [STDERR_REDIRECT] [Fatal Error] :1:1: Premature end of file.
2024-12-22 19:07:14,507 [ERROR] LogOutputStream:75 - [STDERR_REDIRECT] 
2024-12-22 19:07:15,508 [ERROR] LogOutputStream:75 - [STDERR_REDIRECT] [Fatal Error] :1:1: Premature end of file.
2024-12-22 19:07:15,508 [ERROR] LogOutputStream:75 - [STDERR_REDIRECT] 
2024-12-22 19:07:16,515 [ERROR] LogOutputStream:75 - [STDERR_REDIRECT] [Fatal Error] :1:1: Premature end of file.
2024-12-22 19:07:16,515 [ERROR] LogOutputStream:75 - [STDERR_REDIRECT] 
2024-12-22 19:07:17,509 [ERROR] LogOutputStream:75 - [STDERR_REDIRECT] [Fatal Error] :1:1: Premature end of file.
2024-12-22 19:07:17,509 [ERROR] LogOutputStream:75 - [STDERR_REDIRECT] 
2024-12-22 19:07:18,509 [ERROR] LogOutputStream:75 - [STDERR_REDIRECT] [Fatal Error] :1:1: Premature end of file.
2024-12-22 19:07:18,509 [ERROR] LogOutputStream:75 - [STDERR_REDIRECT] 
2024-12-22 19:07:19,506 [ERROR] LogOutputStream:75 - [STDERR_REDIRECT] [Fatal Error] :1:1: Premature end of file.
2024-12-22 19:07:19,506 [ERROR] LogOutputStream:75 - [STDERR_REDIRECT] 
2024-12-22 19:07:20,497 [ERROR] LogOutputStream:75 - [STDERR_REDIRECT] [Fatal Error] :1:1: Premature end of file.
2024-12-22 19:07:20,497 [ERROR] LogOutputStream:75 - [STDERR_REDIRECT] 
2024-12-22 19:07:21,497 [ERROR] LogOutputStream:75 - [STDERR_REDIRECT] [Fatal Error] :1:1: Premature end of file.
2024-12-22 19:07:21,497 [ERROR] LogOutputStream:75 - [STDERR_REDIRECT] 
2024-12-22 19:07:22,509 [ERROR] LogOutputStream:75 - [STDERR_REDIRECT] [Fatal Error] :1:1: Premature end of file.
2024-12-22 19:07:22,509 [ERROR] LogOutputStream:75 - [STDERR_REDIRECT] 
2024-12-22 19:07:23,509 [ERROR] LogOutputStream:75 - [STDERR_REDIRECT] [Fatal Error] :1:1: Premature end of file.
2024-12-22 19:07:23,509 [ERROR] LogOutputStream:75 - [STDERR_REDIRECT] 
2024-12-22 19:07:24,505 [ERROR] LogOutputStream:75 - [STDERR_REDIRECT] [Fatal Error] :1:1: Premature end of file.
2024-12-22 19:07:24,505 [ERROR] LogOutputStream:75 - [STDERR_REDIRECT] 
2024-12-22 19:07:25,480 [INFO] UtilMem:75 - End SaveConfig() Used Memory: 843654304 Bytes (1073741824)
2024-12-22 19:07:25,520 [ERROR] LogOutputStream:75 - [STDERR_REDIRECT] [Fatal Error] :1:1: Premature end of file.
2024-12-22 19:07:25,520 [ERROR] LogOutputStream:75 - [STDERR_REDIRECT] 
2024-12-22 19:07:26,503 [ERROR] LogOutputStream:75 - [STDERR_REDIRECT] [Fatal Error] :1:1: Premature end of file.
2024-12-22 19:07:26,504 [ERROR] LogOutputStream:75 - [STDERR_REDIRECT] 
2024-12-22 19:07:26,769 [INFO] UtilMem:75 - End SaveConfig() Used Memory: 862015400 Bytes (1073741824)
2024-12-22 19:07:26,933 [INFO] UtilMem:75 - End SaveConfig() Used Memory: 881412008 Bytes (1073741824)
2024-12-22 19:07:27,346 [INFO] BlockDiagram:2766 - set Specific Code input for plugin: NVIC
2024-12-22 19:07:27,347 [INFO] BlockDiagram:2766 - set Specific Code input for plugin: SYS
2024-12-22 19:07:27,347 [INFO] BlockDiagram:2766 - set Specific Code input for plugin: GPIO
2024-12-22 19:07:27,347 [INFO] BlockDiagram:2766 - set Specific Code input for plugin: RCC
2024-12-22 19:07:27,349 [INFO] CodeGenerator:896 - code generatio: config db path: C:\ST\STM32CubeIDE_1.17.0\STM32CubeIDE\plugins\com.st.stm32cube.common.mx_6.13.0.202411220809\\db\
2024-12-22 19:07:27,478 [INFO] CodeEngine:255 - oldGeneratedFile, C:\Users\o1yus\OneDrive\Desktop\Workspace\deneme\MXTmpFiles\license.tmp_save
2024-12-22 19:07:27,505 [ERROR] LogOutputStream:75 - [STDERR_REDIRECT] [Fatal Error] :1:1: Premature end of file.
2024-12-22 19:07:27,506 [ERROR] LogOutputStream:75 - [STDERR_REDIRECT] 
2024-12-22 19:07:27,885 [INFO] CodeEngine:279 - Generated code: C:\Users\o1yus\OneDrive\Desktop\Workspace\deneme\MXTmpFiles\license.tmp
2024-12-22 19:07:28,005 [INFO] CodeEngine:255 - oldGeneratedFile, C:\Users\o1yus\OneDrive\Desktop\Workspace\deneme\MXTmpFiles\gpio.tmp_save
2024-12-22 19:07:28,137 [INFO] CodeEngine:279 - Generated code: C:\Users\o1yus\OneDrive\Desktop\Workspace\deneme\MXTmpFiles\gpio.tmp
2024-12-22 19:07:28,211 [INFO] CodeEngine:255 - oldGeneratedFile, C:\Users\o1yus\OneDrive\Desktop\Workspace\deneme\Core\Src\stm32f1xx_it.c_save
2024-12-22 19:07:28,335 [INFO] CodeEngine:279 - Generated code: C:\Users\o1yus\OneDrive\Desktop\Workspace\deneme\Core\Src\stm32f1xx_it.c
2024-12-22 19:07:28,357 [INFO] CodeEngine:255 - oldGeneratedFile, C:\Users\o1yus\OneDrive\Desktop\Workspace\deneme\Core\Inc\stm32f1xx_it.h_save
2024-12-22 19:07:28,426 [INFO] CodeEngine:279 - Generated code: C:\Users\o1yus\OneDrive\Desktop\Workspace\deneme\Core\Inc\stm32f1xx_it.h
2024-12-22 19:07:28,462 [INFO] CodeEngine:255 - oldGeneratedFile, C:\Users\o1yus\OneDrive\Desktop\Workspace\deneme\Core\Src\stm32f1xx_hal_msp.c_save
2024-12-22 19:07:28,503 [ERROR] LogOutputStream:75 - [STDERR_REDIRECT] [Fatal Error] :1:1: Premature end of file.
2024-12-22 19:07:28,504 [ERROR] LogOutputStream:75 - [STDERR_REDIRECT] 
2024-12-22 19:07:28,557 [INFO] CodeEngine:279 - Generated code: C:\Users\o1yus\OneDrive\Desktop\Workspace\deneme\Core\Src\stm32f1xx_hal_msp.c
2024-12-22 19:07:28,570 [INFO] CodeEngine:255 - oldGeneratedFile, C:\Users\o1yus\OneDrive\Desktop\Workspace\deneme\MXTmpFiles\system.tmp_save
2024-12-22 19:07:28,622 [INFO] CodeEngine:279 - Generated code: C:\Users\o1yus\OneDrive\Desktop\Workspace\deneme\MXTmpFiles\system.tmp
2024-12-22 19:07:28,647 [INFO] CodeEngine:311 - oldGeneratedFile, C:\Users\o1yus\OneDrive\Desktop\Workspace\deneme\Core\Inc\stm32f1xx_hal_conf.h_save
2024-12-22 19:07:28,726 [INFO] CodeEngine:335 - Generated code: C:\Users\o1yus\OneDrive\Desktop\Workspace\deneme\Core\Inc\stm32f1xx_hal_conf.h
2024-12-22 19:07:28,781 [INFO] ApiDbMcu:508 - Load IP Config File for RCC
2024-12-22 19:07:28,813 [INFO] CodeEngine:255 - oldGeneratedFile, C:\Users\o1yus\OneDrive\Desktop\Workspace\deneme\Core\Inc\main.h_save
2024-12-22 19:07:28,900 [INFO] CodeEngine:279 - Generated code: C:\Users\o1yus\OneDrive\Desktop\Workspace\deneme\Core\Inc\main.h
2024-12-22 19:07:28,921 [INFO] CodeEngine:255 - oldGeneratedFile, C:\Users\o1yus\OneDrive\Desktop\Workspace\deneme\Core\Src\main.c_save
2024-12-22 19:07:29,040 [INFO] CodeEngine:279 - Generated code: C:\Users\o1yus\OneDrive\Desktop\Workspace\deneme\Core\Src\main.c
2024-12-22 19:07:29,253 [INFO] ProjectBuilder:3289 - Time for Copy HAL[1] : 98mS.
2024-12-22 19:07:29,257 [INFO] ProjectBuilder:4876 - Project Generator version: 4.5.0-RC5
2024-12-22 19:07:29,310 [INFO] ConfigFileManager:1579 - The Die is : DIE410
2024-12-22 19:07:29,324 [INFO] ApiDbMcu:508 - Load IP Config File for FATFS
2024-12-22 19:07:29,336 [INFO] ApiDbMcu:508 - Load IP Config File for FREERTOS
2024-12-22 19:07:29,350 [INFO] ApiDbMcu:508 - Load IP Config File for USB_DEVICE
2024-12-22 19:07:29,502 [ERROR] LogOutputStream:75 - [STDERR_REDIRECT] [Fatal Error] :1:1: Premature end of file.
2024-12-22 19:07:29,502 [ERROR] LogOutputStream:75 - [STDERR_REDIRECT] 
2024-12-22 19:07:29,860 [INFO] LogOutputStream:77 - [STDOUT_REDIRECT] 
2024-12-22 19:07:30,501 [ERROR] LogOutputStream:75 - [STDERR_REDIRECT] [Fatal Error] :1:1: Premature end of file.
2024-12-22 19:07:30,501 [ERROR] LogOutputStream:75 - [STDERR_REDIRECT] 
2024-12-22 19:07:31,279 [INFO] ProjectBuilder:5154 - Time for Generating toolchain IDE Files: 2022mS.
2024-12-22 19:07:31,280 [INFO] ProjectBuilder:3146 - Time for Copy CMSIS : 1mS.
2024-12-22 19:07:31,281 [INFO] ProjectBuilder:3146 - Time for Copy CMSIS : 0mS.
2024-12-22 19:07:31,503 [ERROR] LogOutputStream:75 - [STDERR_REDIRECT] [Fatal Error] :1:1: Premature end of file.
2024-12-22 19:07:31,503 [ERROR] LogOutputStream:75 - [STDERR_REDIRECT] 
2024-12-22 19:07:32,503 [ERROR] LogOutputStream:75 - [STDERR_REDIRECT] [Fatal Error] :1:1: Premature end of file.
2024-12-22 19:07:32,503 [ERROR] LogOutputStream:75 - [STDERR_REDIRECT] 
2024-12-22 19:07:33,503 [ERROR] LogOutputStream:75 - [STDERR_REDIRECT] [Fatal Error] :1:1: Premature end of file.
2024-12-22 19:07:33,503 [ERROR] LogOutputStream:75 - [STDERR_REDIRECT] 
2024-12-22 19:07:34,506 [ERROR] LogOutputStream:75 - [STDERR_REDIRECT] [Fatal Error] :1:1: Premature end of file.
2024-12-22 19:07:34,506 [ERROR] LogOutputStream:75 - [STDERR_REDIRECT] 
2024-12-22 19:07:35,501 [ERROR] LogOutputStream:75 - [STDERR_REDIRECT] [Fatal Error] :1:1: Premature end of file.
2024-12-22 19:07:35,501 [ERROR] LogOutputStream:75 - [STDERR_REDIRECT] 
2024-12-22 19:07:36,500 [ERROR] LogOutputStream:75 - [STDERR_REDIRECT] [Fatal Error] :1:1: Premature end of file.
2024-12-22 19:07:36,500 [ERROR] LogOutputStream:75 - [STDERR_REDIRECT] 
2024-12-22 19:07:37,502 [ERROR] LogOutputStream:75 - [STDERR_REDIRECT] [Fatal Error] :1:1: Premature end of file.
2024-12-22 19:07:37,502 [ERROR] LogOutputStream:75 - [STDERR_REDIRECT] 
2024-12-22 19:07:38,500 [ERROR] LogOutputStream:75 - [STDERR_REDIRECT] [Fatal Error] :1:1: Premature end of file.
2024-12-22 19:07:38,500 [ERROR] LogOutputStream:75 - [STDERR_REDIRECT] 
2024-12-22 19:07:39,505 [ERROR] LogOutputStream:75 - [STDERR_REDIRECT] [Fatal Error] :1:1: Premature end of file.
2024-12-22 19:07:39,505 [ERROR] LogOutputStream:75 - [STDERR_REDIRECT] 
2024-12-22 19:07:40,503 [ERROR] LogOutputStream:75 - [STDERR_REDIRECT] [Fatal Error] :1:1: Premature end of file.
2024-12-22 19:07:40,503 [ERROR] LogOutputStream:75 - [STDERR_REDIRECT] 
2024-12-22 19:07:41,500 [ERROR] LogOutputStream:75 - [STDERR_REDIRECT] [Fatal Error] :1:1: Premature end of file.
2024-12-22 19:07:41,500 [ERROR] LogOutputStream:75 - [STDERR_REDIRECT] 
2024-12-22 19:07:42,503 [ERROR] LogOutputStream:75 - [STDERR_REDIRECT] [Fatal Error] :1:1: Premature end of file.
2024-12-22 19:07:42,503 [ERROR] LogOutputStream:75 - [STDERR_REDIRECT] 
2024-12-22 19:07:43,504 [ERROR] LogOutputStream:75 - [STDERR_REDIRECT] [Fatal Error] :1:1: Premature end of file.
2024-12-22 19:07:43,505 [ERROR] LogOutputStream:75 - [STDERR_REDIRECT] 
2024-12-22 19:07:44,506 [ERROR] LogOutputStream:75 - [STDERR_REDIRECT] [Fatal Error] :1:1: Premature end of file.
2024-12-22 19:07:44,506 [ERROR] LogOutputStream:75 - [STDERR_REDIRECT] 
2024-12-22 19:07:45,499 [ERROR] LogOutputStream:75 - [STDERR_REDIRECT] [Fatal Error] :1:1: Premature end of file.
2024-12-22 19:07:45,499 [ERROR] LogOutputStream:75 - [STDERR_REDIRECT] 
2024-12-22 19:07:46,509 [ERROR] LogOutputStream:75 - [STDERR_REDIRECT] [Fatal Error] :1:1: Premature end of file.
2024-12-22 19:07:46,509 [ERROR] LogOutputStream:75 - [STDERR_REDIRECT] 
2024-12-22 19:07:47,509 [ERROR] LogOutputStream:75 - [STDERR_REDIRECT] [Fatal Error] :1:1: Premature end of file.
2024-12-22 19:07:47,509 [ERROR] LogOutputStream:75 - [STDERR_REDIRECT] 
2024-12-22 19:07:48,513 [ERROR] LogOutputStream:75 - [STDERR_REDIRECT] [Fatal Error] :1:1: Premature end of file.
2024-12-22 19:07:48,514 [ERROR] LogOutputStream:75 - [STDERR_REDIRECT] 
2024-12-22 19:07:49,509 [ERROR] LogOutputStream:75 - [STDERR_REDIRECT] [Fatal Error] :1:1: Premature end of file.
2024-12-22 19:07:49,509 [ERROR] LogOutputStream:75 - [STDERR_REDIRECT] 
2024-12-22 19:07:50,517 [ERROR] LogOutputStream:75 - [STDERR_REDIRECT] [Fatal Error] :1:1: Premature end of file.
2024-12-22 19:07:50,517 [ERROR] LogOutputStream:75 - [STDERR_REDIRECT] 
2024-12-22 19:07:51,499 [ERROR] LogOutputStream:75 - [STDERR_REDIRECT] [Fatal Error] :1:1: Premature end of file.
2024-12-22 19:07:51,499 [ERROR] LogOutputStream:75 - [STDERR_REDIRECT] 
2024-12-22 19:07:52,504 [ERROR] LogOutputStream:75 - [STDERR_REDIRECT] [Fatal Error] :1:1: Premature end of file.
2024-12-22 19:07:52,504 [ERROR] LogOutputStream:75 - [STDERR_REDIRECT] 
2024-12-22 19:07:53,505 [ERROR] LogOutputStream:75 - [STDERR_REDIRECT] [Fatal Error] :1:1: Premature end of file.
2024-12-22 19:07:53,505 [ERROR] LogOutputStream:75 - [STDERR_REDIRECT] 
2024-12-22 19:07:54,514 [ERROR] LogOutputStream:75 - [STDERR_REDIRECT] [Fatal Error] :1:1: Premature end of file.
2024-12-22 19:07:54,514 [ERROR] LogOutputStream:75 - [STDERR_REDIRECT] 
2024-12-22 19:07:55,507 [ERROR] LogOutputStream:75 - [STDERR_REDIRECT] [Fatal Error] :1:1: Premature end of file.
2024-12-22 19:07:55,507 [ERROR] LogOutputStream:75 - [STDERR_REDIRECT] 
2024-12-22 19:07:56,511 [ERROR] LogOutputStream:75 - [STDERR_REDIRECT] [Fatal Error] :1:1: Premature end of file.
2024-12-22 19:07:56,511 [ERROR] LogOutputStream:75 - [STDERR_REDIRECT] 
2024-12-22 19:07:57,508 [ERROR] LogOutputStream:75 - [STDERR_REDIRECT] [Fatal Error] :1:1: Premature end of file.
2024-12-22 19:07:57,515 [ERROR] LogOutputStream:75 - [STDERR_REDIRECT] 
2024-12-22 19:07:58,505 [ERROR] LogOutputStream:75 - [STDERR_REDIRECT] [Fatal Error] :1:1: Premature end of file.
2024-12-22 19:07:58,505 [ERROR] LogOutputStream:75 - [STDERR_REDIRECT] 
2024-12-22 19:07:59,512 [ERROR] LogOutputStream:75 - [STDERR_REDIRECT] [Fatal Error] :1:1: Premature end of file.
2024-12-22 19:07:59,512 [ERROR] LogOutputStream:75 - [STDERR_REDIRECT] 
2024-12-22 19:08:00,508 [ERROR] LogOutputStream:75 - [STDERR_REDIRECT] [Fatal Error] :1:1: Premature end of file.
2024-12-22 19:08:00,508 [ERROR] LogOutputStream:75 - [STDERR_REDIRECT] 
2024-12-22 19:08:01,500 [ERROR] LogOutputStream:75 - [STDERR_REDIRECT] [Fatal Error] :1:1: Premature end of file.
2024-12-22 19:08:01,500 [ERROR] LogOutputStream:75 - [STDERR_REDIRECT] 
2024-12-22 19:08:02,508 [ERROR] LogOutputStream:75 - [STDERR_REDIRECT] [Fatal Error] :1:1: Premature end of file.
2024-12-22 19:08:02,508 [ERROR] LogOutputStream:75 - [STDERR_REDIRECT] 
2024-12-22 19:08:03,499 [ERROR] LogOutputStream:75 - [STDERR_REDIRECT] [Fatal Error] :1:1: Premature end of file.
2024-12-22 19:08:03,499 [ERROR] LogOutputStream:75 - [STDERR_REDIRECT] 
2024-12-22 19:08:04,512 [ERROR] LogOutputStream:75 - [STDERR_REDIRECT] [Fatal Error] :1:1: Premature end of file.
2024-12-22 19:08:04,512 [ERROR] LogOutputStream:75 - [STDERR_REDIRECT] 
2024-12-22 19:08:05,513 [ERROR] LogOutputStream:75 - [STDERR_REDIRECT] [Fatal Error] :1:1: Premature end of file.
2024-12-22 19:08:05,513 [ERROR] LogOutputStream:75 - [STDERR_REDIRECT] 
2024-12-22 19:08:06,498 [ERROR] LogOutputStream:75 - [STDERR_REDIRECT] [Fatal Error] :1:1: Premature end of file.
2024-12-22 19:08:06,498 [ERROR] LogOutputStream:75 - [STDERR_REDIRECT] 
2024-12-22 19:08:07,512 [ERROR] LogOutputStream:75 - [STDERR_REDIRECT] [Fatal Error] :1:1: Premature end of file.
2024-12-22 19:08:07,512 [ERROR] LogOutputStream:75 - [STDERR_REDIRECT] 
2024-12-22 19:08:08,508 [ERROR] LogOutputStream:75 - [STDERR_REDIRECT] [Fatal Error] :1:1: Premature end of file.
2024-12-22 19:08:08,508 [ERROR] LogOutputStream:75 - [STDERR_REDIRECT] 
2024-12-22 19:08:09,505 [ERROR] LogOutputStream:75 - [STDERR_REDIRECT] [Fatal Error] :1:1: Premature end of file.
2024-12-22 19:08:09,505 [ERROR] LogOutputStream:75 - [STDERR_REDIRECT] 
2024-12-22 19:08:10,503 [ERROR] LogOutputStream:75 - [STDERR_REDIRECT] [Fatal Error] :1:1: Premature end of file.
2024-12-22 19:08:10,503 [ERROR] LogOutputStream:75 - [STDERR_REDIRECT] 
2024-12-22 19:08:11,498 [ERROR] LogOutputStream:75 - [STDERR_REDIRECT] [Fatal Error] :1:1: Premature end of file.
2024-12-22 19:08:11,498 [ERROR] LogOutputStream:75 - [STDERR_REDIRECT] 
2024-12-22 19:08:12,510 [ERROR] LogOutputStream:75 - [STDERR_REDIRECT] [Fatal Error] :1:1: Premature end of file.
2024-12-22 19:08:12,510 [ERROR] LogOutputStream:75 - [STDERR_REDIRECT] 
2024-12-22 19:08:13,505 [ERROR] LogOutputStream:75 - [STDERR_REDIRECT] [Fatal Error] :1:1: Premature end of file.
2024-12-22 19:08:13,505 [ERROR] LogOutputStream:75 - [STDERR_REDIRECT] 
2024-12-22 19:08:14,510 [ERROR] LogOutputStream:75 - [STDERR_REDIRECT] [Fatal Error] :1:1: Premature end of file.
2024-12-22 19:08:14,510 [ERROR] LogOutputStream:75 - [STDERR_REDIRECT] 
2024-12-22 19:08:15,501 [ERROR] LogOutputStream:75 - [STDERR_REDIRECT] [Fatal Error] :1:1: Premature end of file.
2024-12-22 19:08:15,501 [ERROR] LogOutputStream:75 - [STDERR_REDIRECT] 
2024-12-22 19:08:16,513 [ERROR] LogOutputStream:75 - [STDERR_REDIRECT] [Fatal Error] :1:1: Premature end of file.
2024-12-22 19:08:16,513 [ERROR] LogOutputStream:75 - [STDERR_REDIRECT] 
2024-12-22 19:08:17,516 [ERROR] LogOutputStream:75 - [STDERR_REDIRECT] [Fatal Error] :1:1: Premature end of file.
2024-12-22 19:08:17,516 [ERROR] LogOutputStream:75 - [STDERR_REDIRECT] 
2024-12-22 19:08:18,511 [ERROR] LogOutputStream:75 - [STDERR_REDIRECT] [Fatal Error] :1:1: Premature end of file.
2024-12-22 19:08:18,511 [ERROR] LogOutputStream:75 - [STDERR_REDIRECT] 
2024-12-22 19:08:19,505 [ERROR] LogOutputStream:75 - [STDERR_REDIRECT] [Fatal Error] :1:1: Premature end of file.
2024-12-22 19:08:19,505 [ERROR] LogOutputStream:75 - [STDERR_REDIRECT] 
2024-12-22 19:08:20,504 [ERROR] LogOutputStream:75 - [STDERR_REDIRECT] [Fatal Error] :1:1: Premature end of file.
2024-12-22 19:08:20,504 [ERROR] LogOutputStream:75 - [STDERR_REDIRECT] 
2024-12-22 19:08:21,515 [ERROR] LogOutputStream:75 - [STDERR_REDIRECT] [Fatal Error] :1:1: Premature end of file.
2024-12-22 19:08:21,515 [ERROR] LogOutputStream:75 - [STDERR_REDIRECT] 
2024-12-22 19:08:22,511 [ERROR] LogOutputStream:75 - [STDERR_REDIRECT] [Fatal Error] :1:1: Premature end of file.
2024-12-22 19:08:22,511 [ERROR] LogOutputStream:75 - [STDERR_REDIRECT] 
2024-12-22 19:08:23,515 [ERROR] LogOutputStream:75 - [STDERR_REDIRECT] [Fatal Error] :1:1: Premature end of file.
2024-12-22 19:08:23,515 [ERROR] LogOutputStream:75 - [STDERR_REDIRECT] 
2024-12-22 19:08:24,502 [ERROR] LogOutputStream:75 - [STDERR_REDIRECT] [Fatal Error] :1:1: Premature end of file.
2024-12-22 19:08:24,502 [ERROR] LogOutputStream:75 - [STDERR_REDIRECT] 
2024-12-22 19:08:25,501 [ERROR] LogOutputStream:75 - [STDERR_REDIRECT] [Fatal Error] :1:1: Premature end of file.
2024-12-22 19:08:25,501 [ERROR] LogOutputStream:75 - [STDERR_REDIRECT] 
2024-12-22 19:08:26,512 [ERROR] LogOutputStream:75 - [STDERR_REDIRECT] [Fatal Error] :1:1: Premature end of file.
2024-12-22 19:08:26,512 [ERROR] LogOutputStream:75 - [STDERR_REDIRECT] 
2024-12-22 19:08:27,505 [ERROR] LogOutputStream:75 - [STDERR_REDIRECT] [Fatal Error] :1:1: Premature end of file.
2024-12-22 19:08:27,505 [ERROR] LogOutputStream:75 - [STDERR_REDIRECT] 
2024-12-22 19:08:28,505 [ERROR] LogOutputStream:75 - [STDERR_REDIRECT] [Fatal Error] :1:1: Premature end of file.
2024-12-22 19:08:28,505 [ERROR] LogOutputStream:75 - [STDERR_REDIRECT] 
2024-12-22 19:08:29,503 [ERROR] LogOutputStream:75 - [STDERR_REDIRECT] [Fatal Error] :1:1: Premature end of file.
2024-12-22 19:08:29,503 [ERROR] LogOutputStream:75 - [STDERR_REDIRECT] 
2024-12-22 19:08:30,503 [ERROR] LogOutputStream:75 - [STDERR_REDIRECT] [Fatal Error] :1:1: Premature end of file.
2024-12-22 19:08:30,503 [ERROR] LogOutputStream:75 - [STDERR_REDIRECT] 
2024-12-22 19:08:31,512 [ERROR] LogOutputStream:75 - [STDERR_REDIRECT] [Fatal Error] :1:1: Premature end of file.
2024-12-22 19:08:31,512 [ERROR] LogOutputStream:75 - [STDERR_REDIRECT] 
2024-12-22 19:08:32,514 [ERROR] LogOutputStream:75 - [STDERR_REDIRECT] [Fatal Error] :1:1: Premature end of file.
2024-12-22 19:08:32,514 [ERROR] LogOutputStream:75 - [STDERR_REDIRECT] 
2024-12-22 19:08:33,510 [ERROR] LogOutputStream:75 - [STDERR_REDIRECT] [Fatal Error] :1:1: Premature end of file.
2024-12-22 19:08:33,510 [ERROR] LogOutputStream:75 - [STDERR_REDIRECT] 
2024-12-22 19:08:34,506 [ERROR] LogOutputStream:75 - [STDERR_REDIRECT] [Fatal Error] :1:1: Premature end of file.
2024-12-22 19:08:34,506 [ERROR] LogOutputStream:75 - [STDERR_REDIRECT] 
2024-12-22 19:08:35,508 [ERROR] LogOutputStream:75 - [STDERR_REDIRECT] [Fatal Error] :1:1: Premature end of file.
2024-12-22 19:08:35,508 [ERROR] LogOutputStream:75 - [STDERR_REDIRECT] 
2024-12-22 19:08:36,510 [ERROR] LogOutputStream:75 - [STDERR_REDIRECT] [Fatal Error] :1:1: Premature end of file.
2024-12-22 19:08:36,510 [ERROR] LogOutputStream:75 - [STDERR_REDIRECT] 
2024-12-22 19:08:37,514 [ERROR] LogOutputStream:75 - [STDERR_REDIRECT] [Fatal Error] :1:1: Premature end of file.
2024-12-22 19:08:37,514 [ERROR] LogOutputStream:75 - [STDERR_REDIRECT] 
2024-12-22 19:08:38,503 [ERROR] LogOutputStream:75 - [STDERR_REDIRECT] [Fatal Error] :1:1: Premature end of file.
2024-12-22 19:08:38,503 [ERROR] LogOutputStream:75 - [STDERR_REDIRECT] 
2024-12-22 19:08:39,502 [ERROR] LogOutputStream:75 - [STDERR_REDIRECT] [Fatal Error] :1:1: Premature end of file.
2024-12-22 19:08:39,502 [ERROR] LogOutputStream:75 - [STDERR_REDIRECT] 
2024-12-22 19:08:40,511 [ERROR] LogOutputStream:75 - [STDERR_REDIRECT] [Fatal Error] :1:1: Premature end of file.
2024-12-22 19:08:40,511 [ERROR] LogOutputStream:75 - [STDERR_REDIRECT] 
2024-12-22 19:08:41,516 [ERROR] LogOutputStream:75 - [STDERR_REDIRECT] [Fatal Error] :1:1: Premature end of file.
2024-12-22 19:08:41,516 [ERROR] LogOutputStream:75 - [STDERR_REDIRECT] 
2024-12-22 19:08:42,504 [ERROR] LogOutputStream:75 - [STDERR_REDIRECT] [Fatal Error] :1:1: Premature end of file.
2024-12-22 19:08:42,504 [ERROR] LogOutputStream:75 - [STDERR_REDIRECT] 
2024-12-22 19:08:43,508 [ERROR] LogOutputStream:75 - [STDERR_REDIRECT] [Fatal Error] :1:1: Premature end of file.
2024-12-22 19:08:43,508 [ERROR] LogOutputStream:75 - [STDERR_REDIRECT] 
2024-12-22 19:08:44,512 [ERROR] LogOutputStream:75 - [STDERR_REDIRECT] [Fatal Error] :1:1: Premature end of file.
2024-12-22 19:08:44,512 [ERROR] LogOutputStream:75 - [STDERR_REDIRECT] 
2024-12-22 19:08:45,509 [ERROR] LogOutputStream:75 - [STDERR_REDIRECT] [Fatal Error] :1:1: Premature end of file.
2024-12-22 19:08:45,509 [ERROR] LogOutputStream:75 - [STDERR_REDIRECT] 
2024-12-22 19:08:46,506 [ERROR] LogOutputStream:75 - [STDERR_REDIRECT] [Fatal Error] :1:1: Premature end of file.
2024-12-22 19:08:46,506 [ERROR] LogOutputStream:75 - [STDERR_REDIRECT] 
2024-12-22 19:08:47,501 [ERROR] LogOutputStream:75 - [STDERR_REDIRECT] [Fatal Error] :1:1: Premature end of file.
2024-12-22 19:08:47,501 [ERROR] LogOutputStream:75 - [STDERR_REDIRECT] 
2024-12-22 19:08:48,510 [ERROR] LogOutputStream:75 - [STDERR_REDIRECT] [Fatal Error] :1:1: Premature end of file.
2024-12-22 19:08:48,510 [ERROR] LogOutputStream:75 - [STDERR_REDIRECT] 
2024-12-22 19:08:49,508 [ERROR] LogOutputStream:75 - [STDERR_REDIRECT] [Fatal Error] :1:1: Premature end of file.
2024-12-22 19:08:49,508 [ERROR] LogOutputStream:75 - [STDERR_REDIRECT] 
2024-12-22 19:08:50,505 [ERROR] LogOutputStream:75 - [STDERR_REDIRECT] [Fatal Error] :1:1: Premature end of file.
2024-12-22 19:08:50,505 [ERROR] LogOutputStream:75 - [STDERR_REDIRECT] 
2024-12-22 19:08:51,519 [ERROR] LogOutputStream:75 - [STDERR_REDIRECT] [Fatal Error] :1:1: Premature end of file.
2024-12-22 19:08:51,519 [ERROR] LogOutputStream:75 - [STDERR_REDIRECT] 
2024-12-22 19:08:52,508 [ERROR] LogOutputStream:75 - [STDERR_REDIRECT] [Fatal Error] :1:1: Premature end of file.
2024-12-22 19:08:52,508 [ERROR] LogOutputStream:75 - [STDERR_REDIRECT] 
2024-12-22 19:08:53,506 [ERROR] LogOutputStream:75 - [STDERR_REDIRECT] [Fatal Error] :1:1: Premature end of file.
2024-12-22 19:08:53,506 [ERROR] LogOutputStream:75 - [STDERR_REDIRECT] 
2024-12-22 19:08:54,507 [ERROR] LogOutputStream:75 - [STDERR_REDIRECT] [Fatal Error] :1:1: Premature end of file.
2024-12-22 19:08:54,507 [ERROR] LogOutputStream:75 - [STDERR_REDIRECT] 
2024-12-22 19:08:55,506 [ERROR] LogOutputStream:75 - [STDERR_REDIRECT] [Fatal Error] :1:1: Premature end of file.
2024-12-22 19:08:55,506 [ERROR] LogOutputStream:75 - [STDERR_REDIRECT] 
2024-12-22 19:08:56,502 [ERROR] LogOutputStream:75 - [STDERR_REDIRECT] [Fatal Error] :1:1: Premature end of file.
2024-12-22 19:08:56,502 [ERROR] LogOutputStream:75 - [STDERR_REDIRECT] 
2024-12-22 19:08:57,503 [ERROR] LogOutputStream:75 - [STDERR_REDIRECT] [Fatal Error] :1:1: Premature end of file.
2024-12-22 19:08:57,503 [ERROR] LogOutputStream:75 - [STDERR_REDIRECT] 
2024-12-22 19:08:58,507 [ERROR] LogOutputStream:75 - [STDERR_REDIRECT] [Fatal Error] :1:1: Premature end of file.
2024-12-22 19:08:58,507 [ERROR] LogOutputStream:75 - [STDERR_REDIRECT] 
2024-12-22 19:08:59,502 [ERROR] LogOutputStream:75 - [STDERR_REDIRECT] [Fatal Error] :1:1: Premature end of file.
2024-12-22 19:08:59,502 [ERROR] LogOutputStream:75 - [STDERR_REDIRECT] 
2024-12-22 19:09:00,502 [ERROR] LogOutputStream:75 - [STDERR_REDIRECT] [Fatal Error] :1:1: Premature end of file.
2024-12-22 19:09:00,503 [ERROR] LogOutputStream:75 - [STDERR_REDIRECT] 
2024-12-22 19:09:01,504 [ERROR] LogOutputStream:75 - [STDERR_REDIRECT] [Fatal Error] :1:1: Premature end of file.
2024-12-22 19:09:01,504 [ERROR] LogOutputStream:75 - [STDERR_REDIRECT] 
2024-12-22 19:09:02,500 [ERROR] LogOutputStream:75 - [STDERR_REDIRECT] [Fatal Error] :1:1: Premature end of file.
2024-12-22 19:09:02,500 [ERROR] LogOutputStream:75 - [STDERR_REDIRECT] 
2024-12-22 19:09:03,504 [ERROR] LogOutputStream:75 - [STDERR_REDIRECT] [Fatal Error] :1:1: Premature end of file.
2024-12-22 19:09:03,504 [ERROR] LogOutputStream:75 - [STDERR_REDIRECT] 
2024-12-22 19:09:04,503 [ERROR] LogOutputStream:75 - [STDERR_REDIRECT] [Fatal Error] :1:1: Premature end of file.
2024-12-22 19:09:04,503 [ERROR] LogOutputStream:75 - [STDERR_REDIRECT] 
2024-12-22 19:09:05,502 [ERROR] LogOutputStream:75 - [STDERR_REDIRECT] [Fatal Error] :1:1: Premature end of file.
2024-12-22 19:09:05,502 [ERROR] LogOutputStream:75 - [STDERR_REDIRECT] 
2024-12-22 19:09:06,512 [ERROR] LogOutputStream:75 - [STDERR_REDIRECT] [Fatal Error] :1:1: Premature end of file.
2024-12-22 19:09:06,512 [ERROR] LogOutputStream:75 - [STDERR_REDIRECT] 
2024-12-22 19:09:07,502 [ERROR] LogOutputStream:75 - [STDERR_REDIRECT] [Fatal Error] :1:1: Premature end of file.
2024-12-22 19:09:07,503 [ERROR] LogOutputStream:75 - [STDERR_REDIRECT] 
2024-12-22 19:09:08,502 [ERROR] LogOutputStream:75 - [STDERR_REDIRECT] [Fatal Error] :1:1: Premature end of file.
2024-12-22 19:09:08,502 [ERROR] LogOutputStream:75 - [STDERR_REDIRECT] 
2024-12-22 19:09:09,502 [ERROR] LogOutputStream:75 - [STDERR_REDIRECT] [Fatal Error] :1:1: Premature end of file.
2024-12-22 19:09:09,502 [ERROR] LogOutputStream:75 - [STDERR_REDIRECT] 
2024-12-22 19:09:10,512 [ERROR] LogOutputStream:75 - [STDERR_REDIRECT] [Fatal Error] :1:1: Premature end of file.
2024-12-22 19:09:10,512 [ERROR] LogOutputStream:75 - [STDERR_REDIRECT] 
2024-12-22 19:09:11,511 [ERROR] LogOutputStream:75 - [STDERR_REDIRECT] [Fatal Error] :1:1: Premature end of file.
2024-12-22 19:09:11,512 [ERROR] LogOutputStream:75 - [STDERR_REDIRECT] 
2024-12-22 19:09:12,508 [ERROR] LogOutputStream:75 - [STDERR_REDIRECT] [Fatal Error] :1:1: Premature end of file.
2024-12-22 19:09:12,508 [ERROR] LogOutputStream:75 - [STDERR_REDIRECT] 
2024-12-22 19:09:13,506 [ERROR] LogOutputStream:75 - [STDERR_REDIRECT] [Fatal Error] :1:1: Premature end of file.
2024-12-22 19:09:13,506 [ERROR] LogOutputStream:75 - [STDERR_REDIRECT] 
2024-12-22 19:09:14,514 [ERROR] LogOutputStream:75 - [STDERR_REDIRECT] [Fatal Error] :1:1: Premature end of file.
2024-12-22 19:09:14,514 [ERROR] LogOutputStream:75 - [STDERR_REDIRECT] 
2024-12-22 19:09:15,511 [ERROR] LogOutputStream:75 - [STDERR_REDIRECT] [Fatal Error] :1:1: Premature end of file.
2024-12-22 19:09:15,511 [ERROR] LogOutputStream:75 - [STDERR_REDIRECT] 
2024-12-22 19:09:16,502 [ERROR] LogOutputStream:75 - [STDERR_REDIRECT] [Fatal Error] :1:1: Premature end of file.
2024-12-22 19:09:16,502 [ERROR] LogOutputStream:75 - [STDERR_REDIRECT] 
2024-12-22 19:09:17,513 [ERROR] LogOutputStream:75 - [STDERR_REDIRECT] [Fatal Error] :1:1: Premature end of file.
2024-12-22 19:09:17,513 [ERROR] LogOutputStream:75 - [STDERR_REDIRECT] 
2024-12-22 19:09:18,511 [ERROR] LogOutputStream:75 - [STDERR_REDIRECT] [Fatal Error] :1:1: Premature end of file.
2024-12-22 19:09:18,511 [ERROR] LogOutputStream:75 - [STDERR_REDIRECT] 
2024-12-22 19:09:19,510 [ERROR] LogOutputStream:75 - [STDERR_REDIRECT] [Fatal Error] :1:1: Premature end of file.
2024-12-22 19:09:19,510 [ERROR] LogOutputStream:75 - [STDERR_REDIRECT] 
2024-12-22 19:09:20,502 [ERROR] LogOutputStream:75 - [STDERR_REDIRECT] [Fatal Error] :1:1: Premature end of file.
2024-12-22 19:09:20,502 [ERROR] LogOutputStream:75 - [STDERR_REDIRECT] 
2024-12-22 19:09:21,517 [ERROR] LogOutputStream:75 - [STDERR_REDIRECT] [Fatal Error] :1:1: Premature end of file.
2024-12-22 19:09:21,517 [ERROR] LogOutputStream:75 - [STDERR_REDIRECT] 
2024-12-22 19:09:22,505 [ERROR] LogOutputStream:75 - [STDERR_REDIRECT] [Fatal Error] :1:1: Premature end of file.
2024-12-22 19:09:22,506 [ERROR] LogOutputStream:75 - [STDERR_REDIRECT] 
2024-12-22 19:09:23,515 [ERROR] LogOutputStream:75 - [STDERR_REDIRECT] [Fatal Error] :1:1: Premature end of file.
2024-12-22 19:09:23,515 [ERROR] LogOutputStream:75 - [STDERR_REDIRECT] 
2024-12-22 19:09:24,515 [ERROR] LogOutputStream:75 - [STDERR_REDIRECT] [Fatal Error] :1:1: Premature end of file.
2024-12-22 19:09:24,516 [ERROR] LogOutputStream:75 - [STDERR_REDIRECT] 
2024-12-22 19:09:25,514 [ERROR] LogOutputStream:75 - [STDERR_REDIRECT] [Fatal Error] :1:1: Premature end of file.
2024-12-22 19:09:25,514 [ERROR] LogOutputStream:75 - [STDERR_REDIRECT] 
2024-12-22 19:09:26,519 [ERROR] LogOutputStream:75 - [STDERR_REDIRECT] [Fatal Error] :1:1: Premature end of file.
2024-12-22 19:09:26,519 [ERROR] LogOutputStream:75 - [STDERR_REDIRECT] 
2024-12-22 19:09:27,519 [ERROR] LogOutputStream:75 - [STDERR_REDIRECT] [Fatal Error] :1:1: Premature end of file.
2024-12-22 19:09:27,519 [ERROR] LogOutputStream:75 - [STDERR_REDIRECT] 
2024-12-22 19:09:28,504 [ERROR] LogOutputStream:75 - [STDERR_REDIRECT] [Fatal Error] :1:1: Premature end of file.
2024-12-22 19:09:28,504 [ERROR] LogOutputStream:75 - [STDERR_REDIRECT] 
2024-12-22 19:09:29,515 [ERROR] LogOutputStream:75 - [STDERR_REDIRECT] [Fatal Error] :1:1: Premature end of file.
2024-12-22 19:09:29,515 [ERROR] LogOutputStream:75 - [STDERR_REDIRECT] 
2024-12-22 19:09:30,516 [ERROR] LogOutputStream:75 - [STDERR_REDIRECT] [Fatal Error] :1:1: Premature end of file.
2024-12-22 19:09:30,516 [ERROR] LogOutputStream:75 - [STDERR_REDIRECT] 
2024-12-22 19:09:31,518 [ERROR] LogOutputStream:75 - [STDERR_REDIRECT] [Fatal Error] :1:1: Premature end of file.
2024-12-22 19:09:31,518 [ERROR] LogOutputStream:75 - [STDERR_REDIRECT] 
2024-12-22 19:09:32,516 [ERROR] LogOutputStream:75 - [STDERR_REDIRECT] [Fatal Error] :1:1: Premature end of file.
2024-12-22 19:09:32,516 [ERROR] LogOutputStream:75 - [STDERR_REDIRECT] 
2024-12-22 19:09:33,523 [ERROR] LogOutputStream:75 - [STDERR_REDIRECT] [Fatal Error] :1:1: Premature end of file.
2024-12-22 19:09:33,523 [ERROR] LogOutputStream:75 - [STDERR_REDIRECT] 
2024-12-22 19:09:34,515 [ERROR] LogOutputStream:75 - [STDERR_REDIRECT] [Fatal Error] :1:1: Premature end of file.
2024-12-22 19:09:34,515 [ERROR] LogOutputStream:75 - [STDERR_REDIRECT] 
2024-12-22 19:09:35,512 [ERROR] LogOutputStream:75 - [STDERR_REDIRECT] [Fatal Error] :1:1: Premature end of file.
2024-12-22 19:09:35,512 [ERROR] LogOutputStream:75 - [STDERR_REDIRECT] 
2024-12-22 19:09:36,517 [ERROR] LogOutputStream:75 - [STDERR_REDIRECT] [Fatal Error] :1:1: Premature end of file.
2024-12-22 19:09:36,518 [ERROR] LogOutputStream:75 - [STDERR_REDIRECT] 
2024-12-22 19:09:37,514 [ERROR] LogOutputStream:75 - [STDERR_REDIRECT] [Fatal Error] :1:1: Premature end of file.
2024-12-22 19:09:37,514 [ERROR] LogOutputStream:75 - [STDERR_REDIRECT] 
2024-12-22 19:09:38,502 [ERROR] LogOutputStream:75 - [STDERR_REDIRECT] [Fatal Error] :1:1: Premature end of file.
2024-12-22 19:09:38,502 [ERROR] LogOutputStream:75 - [STDERR_REDIRECT] 
2024-12-22 19:09:39,504 [ERROR] LogOutputStream:75 - [STDERR_REDIRECT] [Fatal Error] :1:1: Premature end of file.
2024-12-22 19:09:39,504 [ERROR] LogOutputStream:75 - [STDERR_REDIRECT] 
2024-12-22 19:09:40,521 [ERROR] LogOutputStream:75 - [STDERR_REDIRECT] [Fatal Error] :1:1: Premature end of file.
2024-12-22 19:09:40,521 [ERROR] LogOutputStream:75 - [STDERR_REDIRECT] 
2024-12-22 19:09:41,502 [ERROR] LogOutputStream:75 - [STDERR_REDIRECT] [Fatal Error] :1:1: Premature end of file.
2024-12-22 19:09:41,502 [ERROR] LogOutputStream:75 - [STDERR_REDIRECT] 
2024-12-22 19:09:42,516 [ERROR] LogOutputStream:75 - [STDERR_REDIRECT] [Fatal Error] :1:1: Premature end of file.
2024-12-22 19:09:42,516 [ERROR] LogOutputStream:75 - [STDERR_REDIRECT] 
2024-12-22 19:09:43,525 [ERROR] LogOutputStream:75 - [STDERR_REDIRECT] [Fatal Error] :1:1: Premature end of file.
2024-12-22 19:09:43,526 [ERROR] LogOutputStream:75 - [STDERR_REDIRECT] 
2024-12-22 19:09:44,508 [ERROR] LogOutputStream:75 - [STDERR_REDIRECT] [Fatal Error] :1:1: Premature end of file.
2024-12-22 19:09:44,508 [ERROR] LogOutputStream:75 - [STDERR_REDIRECT] 
2024-12-22 19:09:45,505 [ERROR] LogOutputStream:75 - [STDERR_REDIRECT] [Fatal Error] :1:1: Premature end of file.
2024-12-22 19:09:45,506 [ERROR] LogOutputStream:75 - [STDERR_REDIRECT] 
2024-12-22 19:09:46,507 [ERROR] LogOutputStream:75 - [STDERR_REDIRECT] [Fatal Error] :1:1: Premature end of file.
2024-12-22 19:09:46,507 [ERROR] LogOutputStream:75 - [STDERR_REDIRECT] 
2024-12-22 19:09:47,504 [ERROR] LogOutputStream:75 - [STDERR_REDIRECT] [Fatal Error] :1:1: Premature end of file.
2024-12-22 19:09:47,504 [ERROR] LogOutputStream:75 - [STDERR_REDIRECT] 
2024-12-22 19:09:48,505 [ERROR] LogOutputStream:75 - [STDERR_REDIRECT] [Fatal Error] :1:1: Premature end of file.
2024-12-22 19:09:48,505 [ERROR] LogOutputStream:75 - [STDERR_REDIRECT] 
2024-12-22 19:09:49,505 [ERROR] LogOutputStream:75 - [STDERR_REDIRECT] [Fatal Error] :1:1: Premature end of file.
2024-12-22 19:09:49,506 [ERROR] LogOutputStream:75 - [STDERR_REDIRECT] 
2024-12-22 19:09:50,504 [ERROR] LogOutputStream:75 - [STDERR_REDIRECT] [Fatal Error] :1:1: Premature end of file.
2024-12-22 19:09:50,504 [ERROR] LogOutputStream:75 - [STDERR_REDIRECT] 
2024-12-22 19:09:51,504 [ERROR] LogOutputStream:75 - [STDERR_REDIRECT] [Fatal Error] :1:1: Premature end of file.
2024-12-22 19:09:51,504 [ERROR] LogOutputStream:75 - [STDERR_REDIRECT] 
2024-12-22 19:09:52,505 [ERROR] LogOutputStream:75 - [STDERR_REDIRECT] [Fatal Error] :1:1: Premature end of file.
2024-12-22 19:09:52,505 [ERROR] LogOutputStream:75 - [STDERR_REDIRECT] 
2024-12-22 19:09:53,517 [ERROR] LogOutputStream:75 - [STDERR_REDIRECT] [Fatal Error] :1:1: Premature end of file.
2024-12-22 19:09:53,517 [ERROR] LogOutputStream:75 - [STDERR_REDIRECT] 
2024-12-22 19:09:54,515 [ERROR] LogOutputStream:75 - [STDERR_REDIRECT] [Fatal Error] :1:1: Premature end of file.
2024-12-22 19:09:54,515 [ERROR] LogOutputStream:75 - [STDERR_REDIRECT] 
2024-12-22 19:09:55,512 [ERROR] LogOutputStream:75 - [STDERR_REDIRECT] [Fatal Error] :1:1: Premature end of file.
2024-12-22 19:09:55,512 [ERROR] LogOutputStream:75 - [STDERR_REDIRECT] 
2024-12-22 19:09:56,512 [ERROR] LogOutputStream:75 - [STDERR_REDIRECT] [Fatal Error] :1:1: Premature end of file.
2024-12-22 19:09:56,512 [ERROR] LogOutputStream:75 - [STDERR_REDIRECT] 
2024-12-22 19:09:57,515 [ERROR] LogOutputStream:75 - [STDERR_REDIRECT] [Fatal Error] :1:1: Premature end of file.
2024-12-22 19:09:57,515 [ERROR] LogOutputStream:75 - [STDERR_REDIRECT] 
2024-12-22 19:09:58,508 [ERROR] LogOutputStream:75 - [STDERR_REDIRECT] [Fatal Error] :1:1: Premature end of file.
2024-12-22 19:09:58,508 [ERROR] LogOutputStream:75 - [STDERR_REDIRECT] 
2024-12-22 19:09:59,515 [ERROR] LogOutputStream:75 - [STDERR_REDIRECT] [Fatal Error] :1:1: Premature end of file.
2024-12-22 19:09:59,515 [ERROR] LogOutputStream:75 - [STDERR_REDIRECT] 
2024-12-22 19:10:00,516 [ERROR] LogOutputStream:75 - [STDERR_REDIRECT] [Fatal Error] :1:1: Premature end of file.
2024-12-22 19:10:00,516 [ERROR] LogOutputStream:75 - [STDERR_REDIRECT] 
2024-12-22 19:10:01,503 [ERROR] LogOutputStream:75 - [STDERR_REDIRECT] [Fatal Error] :1:1: Premature end of file.
2024-12-22 19:10:01,503 [ERROR] LogOutputStream:75 - [STDERR_REDIRECT] 
2024-12-22 19:10:02,503 [ERROR] LogOutputStream:75 - [STDERR_REDIRECT] [Fatal Error] :1:1: Premature end of file.
2024-12-22 19:10:02,503 [ERROR] LogOutputStream:75 - [STDERR_REDIRECT] 
2024-12-22 19:10:03,510 [ERROR] LogOutputStream:75 - [STDERR_REDIRECT] [Fatal Error] :1:1: Premature end of file.
2024-12-22 19:10:03,510 [ERROR] LogOutputStream:75 - [STDERR_REDIRECT] 
2024-12-22 19:10:04,506 [ERROR] LogOutputStream:75 - [STDERR_REDIRECT] [Fatal Error] :1:1: Premature end of file.
2024-12-22 19:10:04,506 [ERROR] LogOutputStream:75 - [STDERR_REDIRECT] 
2024-12-22 19:10:05,508 [ERROR] LogOutputStream:75 - [STDERR_REDIRECT] [Fatal Error] :1:1: Premature end of file.
2024-12-22 19:10:05,509 [ERROR] LogOutputStream:75 - [STDERR_REDIRECT] 
2024-12-22 19:10:06,508 [ERROR] LogOutputStream:75 - [STDERR_REDIRECT] [Fatal Error] :1:1: Premature end of file.
2024-12-22 19:10:06,508 [ERROR] LogOutputStream:75 - [STDERR_REDIRECT] 
2024-12-22 19:10:07,516 [ERROR] LogOutputStream:75 - [STDERR_REDIRECT] [Fatal Error] :1:1: Premature end of file.
2024-12-22 19:10:07,516 [ERROR] LogOutputStream:75 - [STDERR_REDIRECT] 
2024-12-22 19:10:08,513 [ERROR] LogOutputStream:75 - [STDERR_REDIRECT] [Fatal Error] :1:1: Premature end of file.
2024-12-22 19:10:08,513 [ERROR] LogOutputStream:75 - [STDERR_REDIRECT] 
2024-12-22 19:10:09,514 [ERROR] LogOutputStream:75 - [STDERR_REDIRECT] [Fatal Error] :1:1: Premature end of file.
2024-12-22 19:10:09,514 [ERROR] LogOutputStream:75 - [STDERR_REDIRECT] 
2024-12-22 19:10:10,513 [ERROR] LogOutputStream:75 - [STDERR_REDIRECT] [Fatal Error] :1:1: Premature end of file.
2024-12-22 19:10:10,513 [ERROR] LogOutputStream:75 - [STDERR_REDIRECT] 
2024-12-22 19:10:11,512 [ERROR] LogOutputStream:75 - [STDERR_REDIRECT] [Fatal Error] :1:1: Premature end of file.
2024-12-22 19:10:11,512 [ERROR] LogOutputStream:75 - [STDERR_REDIRECT] 
2024-12-22 19:10:12,515 [ERROR] LogOutputStream:75 - [STDERR_REDIRECT] [Fatal Error] :1:1: Premature end of file.
2024-12-22 19:10:12,515 [ERROR] LogOutputStream:75 - [STDERR_REDIRECT] 
2024-12-22 19:10:13,514 [ERROR] LogOutputStream:75 - [STDERR_REDIRECT] [Fatal Error] :1:1: Premature end of file.
2024-12-22 19:10:13,514 [ERROR] LogOutputStream:75 - [STDERR_REDIRECT] 
2024-12-22 19:10:14,515 [ERROR] LogOutputStream:75 - [STDERR_REDIRECT] [Fatal Error] :1:1: Premature end of file.
2024-12-22 19:10:14,515 [ERROR] LogOutputStream:75 - [STDERR_REDIRECT] 
2024-12-22 19:10:15,507 [ERROR] LogOutputStream:75 - [STDERR_REDIRECT] [Fatal Error] :1:1: Premature end of file.
2024-12-22 19:10:15,507 [ERROR] LogOutputStream:75 - [STDERR_REDIRECT] 
2024-12-22 19:10:16,514 [ERROR] LogOutputStream:75 - [STDERR_REDIRECT] [Fatal Error] :1:1: Premature end of file.
2024-12-22 19:10:16,514 [ERROR] LogOutputStream:75 - [STDERR_REDIRECT] 
2024-12-22 19:10:17,505 [ERROR] LogOutputStream:75 - [STDERR_REDIRECT] [Fatal Error] :1:1: Premature end of file.
2024-12-22 19:10:17,505 [ERROR] LogOutputStream:75 - [STDERR_REDIRECT] 
2024-12-22 19:10:18,500 [ERROR] LogOutputStream:75 - [STDERR_REDIRECT] [Fatal Error] :1:1: Premature end of file.
2024-12-22 19:10:18,500 [ERROR] LogOutputStream:75 - [STDERR_REDIRECT] 
2024-12-22 19:10:19,511 [ERROR] LogOutputStream:75 - [STDERR_REDIRECT] [Fatal Error] :1:1: Premature end of file.
2024-12-22 19:10:19,511 [ERROR] LogOutputStream:75 - [STDERR_REDIRECT] 
2024-12-22 19:10:20,507 [ERROR] LogOutputStream:75 - [STDERR_REDIRECT] [Fatal Error] :1:1: Premature end of file.
2024-12-22 19:10:20,507 [ERROR] LogOutputStream:75 - [STDERR_REDIRECT] 
2024-12-22 19:10:21,507 [ERROR] LogOutputStream:75 - [STDERR_REDIRECT] [Fatal Error] :1:1: Premature end of file.
2024-12-22 19:10:21,507 [ERROR] LogOutputStream:75 - [STDERR_REDIRECT] 
2024-12-22 19:10:22,501 [ERROR] LogOutputStream:75 - [STDERR_REDIRECT] [Fatal Error] :1:1: Premature end of file.
2024-12-22 19:10:22,501 [ERROR] LogOutputStream:75 - [STDERR_REDIRECT] 
2024-12-22 19:10:23,505 [ERROR] LogOutputStream:75 - [STDERR_REDIRECT] [Fatal Error] :1:1: Premature end of file.
2024-12-22 19:10:23,505 [ERROR] LogOutputStream:75 - [STDERR_REDIRECT] 
2024-12-22 19:10:24,500 [ERROR] LogOutputStream:75 - [STDERR_REDIRECT] [Fatal Error] :1:1: Premature end of file.
2024-12-22 19:10:24,500 [ERROR] LogOutputStream:75 - [STDERR_REDIRECT] 
2024-12-22 19:10:25,516 [ERROR] LogOutputStream:75 - [STDERR_REDIRECT] [Fatal Error] :1:1: Premature end of file.
2024-12-22 19:10:25,516 [ERROR] LogOutputStream:75 - [STDERR_REDIRECT] 
2024-12-22 19:10:26,518 [ERROR] LogOutputStream:75 - [STDERR_REDIRECT] [Fatal Error] :1:1: Premature end of file.
2024-12-22 19:10:26,518 [ERROR] LogOutputStream:75 - [STDERR_REDIRECT] 
2024-12-22 19:10:27,517 [ERROR] LogOutputStream:75 - [STDERR_REDIRECT] [Fatal Error] :1:1: Premature end of file.
2024-12-22 19:10:27,517 [ERROR] LogOutputStream:75 - [STDERR_REDIRECT] 
2024-12-22 19:10:28,506 [ERROR] LogOutputStream:75 - [STDERR_REDIRECT] [Fatal Error] :1:1: Premature end of file.
2024-12-22 19:10:28,506 [ERROR] LogOutputStream:75 - [STDERR_REDIRECT] 
2024-12-22 19:10:29,505 [ERROR] LogOutputStream:75 - [STDERR_REDIRECT] [Fatal Error] :1:1: Premature end of file.
2024-12-22 19:10:29,505 [ERROR] LogOutputStream:75 - [STDERR_REDIRECT] 
2024-12-22 19:10:30,504 [ERROR] LogOutputStream:75 - [STDERR_REDIRECT] [Fatal Error] :1:1: Premature end of file.
2024-12-22 19:10:30,504 [ERROR] LogOutputStream:75 - [STDERR_REDIRECT] 
2024-12-22 19:10:31,520 [ERROR] LogOutputStream:75 - [STDERR_REDIRECT] [Fatal Error] :1:1: Premature end of file.
2024-12-22 19:10:31,520 [ERROR] LogOutputStream:75 - [STDERR_REDIRECT] 
2024-12-22 19:10:32,509 [ERROR] LogOutputStream:75 - [STDERR_REDIRECT] [Fatal Error] :1:1: Premature end of file.
2024-12-22 19:10:32,509 [ERROR] LogOutputStream:75 - [STDERR_REDIRECT] 
2024-12-22 19:10:33,506 [ERROR] LogOutputStream:75 - [STDERR_REDIRECT] [Fatal Error] :1:1: Premature end of file.
2024-12-22 19:10:33,506 [ERROR] LogOutputStream:75 - [STDERR_REDIRECT] 
2024-12-22 19:10:34,513 [ERROR] LogOutputStream:75 - [STDERR_REDIRECT] [Fatal Error] :1:1: Premature end of file.
2024-12-22 19:10:34,513 [ERROR] LogOutputStream:75 - [STDERR_REDIRECT] 
2024-12-22 19:10:35,514 [ERROR] LogOutputStream:75 - [STDERR_REDIRECT] [Fatal Error] :1:1: Premature end of file.
2024-12-22 19:10:35,514 [ERROR] LogOutputStream:75 - [STDERR_REDIRECT] 
2024-12-22 19:10:36,512 [ERROR] LogOutputStream:75 - [STDERR_REDIRECT] [Fatal Error] :1:1: Premature end of file.
2024-12-22 19:10:36,512 [ERROR] LogOutputStream:75 - [STDERR_REDIRECT] 
2024-12-22 19:10:37,512 [ERROR] LogOutputStream:75 - [STDERR_REDIRECT] [Fatal Error] :1:1: Premature end of file.
2024-12-22 19:10:37,512 [ERROR] LogOutputStream:75 - [STDERR_REDIRECT] 
2024-12-22 19:10:38,502 [ERROR] LogOutputStream:75 - [STDERR_REDIRECT] [Fatal Error] :1:1: Premature end of file.
2024-12-22 19:10:38,502 [ERROR] LogOutputStream:75 - [STDERR_REDIRECT] 
2024-12-22 19:10:39,508 [ERROR] LogOutputStream:75 - [STDERR_REDIRECT] [Fatal Error] :1:1: Premature end of file.
2024-12-22 19:10:39,508 [ERROR] LogOutputStream:75 - [STDERR_REDIRECT] 
2024-12-22 19:10:40,501 [ERROR] LogOutputStream:75 - [STDERR_REDIRECT] [Fatal Error] :1:1: Premature end of file.
2024-12-22 19:10:40,501 [ERROR] LogOutputStream:75 - [STDERR_REDIRECT] 
2024-12-22 19:10:41,511 [ERROR] LogOutputStream:75 - [STDERR_REDIRECT] [Fatal Error] :1:1: Premature end of file.
2024-12-22 19:10:41,511 [ERROR] LogOutputStream:75 - [STDERR_REDIRECT] 
2024-12-22 19:10:42,512 [ERROR] LogOutputStream:75 - [STDERR_REDIRECT] [Fatal Error] :1:1: Premature end of file.
2024-12-22 19:10:42,512 [ERROR] LogOutputStream:75 - [STDERR_REDIRECT] 
2024-12-22 19:10:43,506 [ERROR] LogOutputStream:75 - [STDERR_REDIRECT] [Fatal Error] :1:1: Premature end of file.
2024-12-22 19:10:43,506 [ERROR] LogOutputStream:75 - [STDERR_REDIRECT] 
2024-12-22 19:10:44,516 [ERROR] LogOutputStream:75 - [STDERR_REDIRECT] [Fatal Error] :1:1: Premature end of file.
2024-12-22 19:10:44,516 [ERROR] LogOutputStream:75 - [STDERR_REDIRECT] 
2024-12-22 19:10:45,506 [ERROR] LogOutputStream:75 - [STDERR_REDIRECT] [Fatal Error] :1:1: Premature end of file.
2024-12-22 19:10:45,506 [ERROR] LogOutputStream:75 - [STDERR_REDIRECT] 
2024-12-22 19:10:46,508 [ERROR] LogOutputStream:75 - [STDERR_REDIRECT] [Fatal Error] :1:1: Premature end of file.
2024-12-22 19:10:46,508 [ERROR] LogOutputStream:75 - [STDERR_REDIRECT] 
2024-12-22 19:10:47,504 [ERROR] LogOutputStream:75 - [STDERR_REDIRECT] [Fatal Error] :1:1: Premature end of file.
2024-12-22 19:10:47,504 [ERROR] LogOutputStream:75 - [STDERR_REDIRECT] 
2024-12-22 19:10:48,516 [ERROR] LogOutputStream:75 - [STDERR_REDIRECT] [Fatal Error] :1:1: Premature end of file.
2024-12-22 19:10:48,516 [ERROR] LogOutputStream:75 - [STDERR_REDIRECT] 
2024-12-22 19:10:49,508 [ERROR] LogOutputStream:75 - [STDERR_REDIRECT] [Fatal Error] :1:1: Premature end of file.
2024-12-22 19:10:49,508 [ERROR] LogOutputStream:75 - [STDERR_REDIRECT] 
2024-12-22 19:10:50,500 [ERROR] LogOutputStream:75 - [STDERR_REDIRECT] [Fatal Error] :1:1: Premature end of file.
2024-12-22 19:10:50,500 [ERROR] LogOutputStream:75 - [STDERR_REDIRECT] 
2024-12-22 19:10:51,507 [ERROR] LogOutputStream:75 - [STDERR_REDIRECT] [Fatal Error] :1:1: Premature end of file.
2024-12-22 19:10:51,507 [ERROR] LogOutputStream:75 - [STDERR_REDIRECT] 
2024-12-22 19:10:52,513 [ERROR] LogOutputStream:75 - [STDERR_REDIRECT] [Fatal Error] :1:1: Premature end of file.
2024-12-22 19:10:52,513 [ERROR] LogOutputStream:75 - [STDERR_REDIRECT] 
2024-12-22 19:10:53,503 [ERROR] LogOutputStream:75 - [STDERR_REDIRECT] [Fatal Error] :1:1: Premature end of file.
2024-12-22 19:10:53,503 [ERROR] LogOutputStream:75 - [STDERR_REDIRECT] 
2024-12-22 19:10:54,510 [ERROR] LogOutputStream:75 - [STDERR_REDIRECT] [Fatal Error] :1:1: Premature end of file.
2024-12-22 19:10:54,510 [ERROR] LogOutputStream:75 - [STDERR_REDIRECT] 
2024-12-22 19:10:55,499 [ERROR] LogOutputStream:75 - [STDERR_REDIRECT] [Fatal Error] :1:1: Premature end of file.
2024-12-22 19:10:55,499 [ERROR] LogOutputStream:75 - [STDERR_REDIRECT] 
2024-12-22 19:10:56,508 [ERROR] LogOutputStream:75 - [STDERR_REDIRECT] [Fatal Error] :1:1: Premature end of file.
2024-12-22 19:10:56,508 [ERROR] LogOutputStream:75 - [STDERR_REDIRECT] 
2024-12-22 19:10:57,501 [ERROR] LogOutputStream:75 - [STDERR_REDIRECT] [Fatal Error] :1:1: Premature end of file.
2024-12-22 19:10:57,501 [ERROR] LogOutputStream:75 - [STDERR_REDIRECT] 
2024-12-22 19:10:58,513 [ERROR] LogOutputStream:75 - [STDERR_REDIRECT] [Fatal Error] :1:1: Premature end of file.
2024-12-22 19:10:58,513 [ERROR] LogOutputStream:75 - [STDERR_REDIRECT] 
2024-12-22 19:10:59,505 [ERROR] LogOutputStream:75 - [STDERR_REDIRECT] [Fatal Error] :1:1: Premature end of file.
2024-12-22 19:10:59,505 [ERROR] LogOutputStream:75 - [STDERR_REDIRECT] 
2024-12-22 19:11:00,510 [ERROR] LogOutputStream:75 - [STDERR_REDIRECT] [Fatal Error] :1:1: Premature end of file.
2024-12-22 19:11:00,510 [ERROR] LogOutputStream:75 - [STDERR_REDIRECT] 
2024-12-22 19:11:01,502 [ERROR] LogOutputStream:75 - [STDERR_REDIRECT] [Fatal Error] :1:1: Premature end of file.
2024-12-22 19:11:01,502 [ERROR] LogOutputStream:75 - [STDERR_REDIRECT] 
2024-12-22 19:11:02,506 [ERROR] LogOutputStream:75 - [STDERR_REDIRECT] [Fatal Error] :1:1: Premature end of file.
2024-12-22 19:11:02,506 [ERROR] LogOutputStream:75 - [STDERR_REDIRECT] 
2024-12-22 19:11:03,513 [ERROR] LogOutputStream:75 - [STDERR_REDIRECT] [Fatal Error] :1:1: Premature end of file.
2024-12-22 19:11:03,513 [ERROR] LogOutputStream:75 - [STDERR_REDIRECT] 
2024-12-22 19:11:04,501 [ERROR] LogOutputStream:75 - [STDERR_REDIRECT] [Fatal Error] :1:1: Premature end of file.
2024-12-22 19:11:04,501 [ERROR] LogOutputStream:75 - [STDERR_REDIRECT] 
2024-12-22 19:11:05,511 [ERROR] LogOutputStream:75 - [STDERR_REDIRECT] [Fatal Error] :1:1: Premature end of file.
2024-12-22 19:11:05,511 [ERROR] LogOutputStream:75 - [STDERR_REDIRECT] 
2024-12-22 19:11:06,513 [ERROR] LogOutputStream:75 - [STDERR_REDIRECT] [Fatal Error] :1:1: Premature end of file.
2024-12-22 19:11:06,513 [ERROR] LogOutputStream:75 - [STDERR_REDIRECT] 
2024-12-22 19:11:07,502 [ERROR] LogOutputStream:75 - [STDERR_REDIRECT] [Fatal Error] :1:1: Premature end of file.
2024-12-22 19:11:07,502 [ERROR] LogOutputStream:75 - [STDERR_REDIRECT] 
2024-12-22 19:11:08,516 [ERROR] LogOutputStream:75 - [STDERR_REDIRECT] [Fatal Error] :1:1: Premature end of file.
2024-12-22 19:11:08,516 [ERROR] LogOutputStream:75 - [STDERR_REDIRECT] 
2024-12-22 19:11:09,503 [ERROR] LogOutputStream:75 - [STDERR_REDIRECT] [Fatal Error] :1:1: Premature end of file.
2024-12-22 19:11:09,503 [ERROR] LogOutputStream:75 - [STDERR_REDIRECT] 
2024-12-22 19:11:10,521 [ERROR] LogOutputStream:75 - [STDERR_REDIRECT] [Fatal Error] :1:1: Premature end of file.
2024-12-22 19:11:10,521 [ERROR] LogOutputStream:75 - [STDERR_REDIRECT] 
2024-12-22 19:11:11,504 [ERROR] LogOutputStream:75 - [STDERR_REDIRECT] [Fatal Error] :1:1: Premature end of file.
2024-12-22 19:11:11,504 [ERROR] LogOutputStream:75 - [STDERR_REDIRECT] 
2024-12-22 19:11:12,512 [ERROR] LogOutputStream:75 - [STDERR_REDIRECT] [Fatal Error] :1:1: Premature end of file.
2024-12-22 19:11:12,512 [ERROR] LogOutputStream:75 - [STDERR_REDIRECT] 
2024-12-22 19:11:13,513 [ERROR] LogOutputStream:75 - [STDERR_REDIRECT] [Fatal Error] :1:1: Premature end of file.
2024-12-22 19:11:13,513 [ERROR] LogOutputStream:75 - [STDERR_REDIRECT] 
2024-12-22 19:11:14,504 [ERROR] LogOutputStream:75 - [STDERR_REDIRECT] [Fatal Error] :1:1: Premature end of file.
2024-12-22 19:11:14,504 [ERROR] LogOutputStream:75 - [STDERR_REDIRECT] 
2024-12-22 19:11:15,514 [ERROR] LogOutputStream:75 - [STDERR_REDIRECT] [Fatal Error] :1:1: Premature end of file.
2024-12-22 19:11:15,514 [ERROR] LogOutputStream:75 - [STDERR_REDIRECT] 
2024-12-22 19:11:16,517 [ERROR] LogOutputStream:75 - [STDERR_REDIRECT] [Fatal Error] :1:1: Premature end of file.
2024-12-22 19:11:16,517 [ERROR] LogOutputStream:75 - [STDERR_REDIRECT] 
2024-12-22 19:11:17,502 [ERROR] LogOutputStream:75 - [STDERR_REDIRECT] [Fatal Error] :1:1: Premature end of file.
2024-12-22 19:11:17,502 [ERROR] LogOutputStream:75 - [STDERR_REDIRECT] 
2024-12-22 19:11:18,517 [ERROR] LogOutputStream:75 - [STDERR_REDIRECT] [Fatal Error] :1:1: Premature end of file.
2024-12-22 19:11:18,517 [ERROR] LogOutputStream:75 - [STDERR_REDIRECT] 
2024-12-22 19:11:19,509 [ERROR] LogOutputStream:75 - [STDERR_REDIRECT] [Fatal Error] :1:1: Premature end of file.
2024-12-22 19:11:19,509 [ERROR] LogOutputStream:75 - [STDERR_REDIRECT] 
2024-12-22 19:11:20,513 [ERROR] LogOutputStream:75 - [STDERR_REDIRECT] [Fatal Error] :1:1: Premature end of file.
2024-12-22 19:11:20,513 [ERROR] LogOutputStream:75 - [STDERR_REDIRECT] 
2024-12-22 19:11:21,513 [ERROR] LogOutputStream:75 - [STDERR_REDIRECT] [Fatal Error] :1:1: Premature end of file.
2024-12-22 19:11:21,513 [ERROR] LogOutputStream:75 - [STDERR_REDIRECT] 
2024-12-22 19:11:22,498 [ERROR] LogOutputStream:75 - [STDERR_REDIRECT] [Fatal Error] :1:1: Premature end of file.
2024-12-22 19:11:22,498 [ERROR] LogOutputStream:75 - [STDERR_REDIRECT] 
2024-12-22 19:11:23,511 [ERROR] LogOutputStream:75 - [STDERR_REDIRECT] [Fatal Error] :1:1: Premature end of file.
2024-12-22 19:11:23,511 [ERROR] LogOutputStream:75 - [STDERR_REDIRECT] 
2024-12-22 19:11:24,507 [ERROR] LogOutputStream:75 - [STDERR_REDIRECT] [Fatal Error] :1:1: Premature end of file.
2024-12-22 19:11:24,507 [ERROR] LogOutputStream:75 - [STDERR_REDIRECT] 
2024-12-22 19:11:25,510 [ERROR] LogOutputStream:75 - [STDERR_REDIRECT] [Fatal Error] :1:1: Premature end of file.
2024-12-22 19:11:25,510 [ERROR] LogOutputStream:75 - [STDERR_REDIRECT] 
2024-12-22 19:11:26,502 [ERROR] LogOutputStream:75 - [STDERR_REDIRECT] [Fatal Error] :1:1: Premature end of file.
2024-12-22 19:11:26,502 [ERROR] LogOutputStream:75 - [STDERR_REDIRECT] 
2024-12-22 19:11:27,503 [ERROR] LogOutputStream:75 - [STDERR_REDIRECT] [Fatal Error] :1:1: Premature end of file.
2024-12-22 19:11:27,503 [ERROR] LogOutputStream:75 - [STDERR_REDIRECT] 
2024-12-22 19:11:28,523 [ERROR] LogOutputStream:75 - [STDERR_REDIRECT] [Fatal Error] :1:1: Premature end of file.
2024-12-22 19:11:28,523 [ERROR] LogOutputStream:75 - [STDERR_REDIRECT] 
2024-12-22 19:11:29,508 [ERROR] LogOutputStream:75 - [STDERR_REDIRECT] [Fatal Error] :1:1: Premature end of file.
2024-12-22 19:11:29,508 [ERROR] LogOutputStream:75 - [STDERR_REDIRECT] 
2024-12-22 19:11:30,510 [ERROR] LogOutputStream:75 - [STDERR_REDIRECT] [Fatal Error] :1:1: Premature end of file.
2024-12-22 19:11:30,510 [ERROR] LogOutputStream:75 - [STDERR_REDIRECT] 
2024-12-22 19:11:31,503 [ERROR] LogOutputStream:75 - [STDERR_REDIRECT] [Fatal Error] :1:1: Premature end of file.
2024-12-22 19:11:31,503 [ERROR] LogOutputStream:75 - [STDERR_REDIRECT] 
2024-12-22 19:11:32,512 [ERROR] LogOutputStream:75 - [STDERR_REDIRECT] [Fatal Error] :1:1: Premature end of file.
2024-12-22 19:11:32,512 [ERROR] LogOutputStream:75 - [STDERR_REDIRECT] 
2024-12-22 19:11:33,512 [ERROR] LogOutputStream:75 - [STDERR_REDIRECT] [Fatal Error] :1:1: Premature end of file.
2024-12-22 19:11:33,512 [ERROR] LogOutputStream:75 - [STDERR_REDIRECT] 
2024-12-22 19:11:34,506 [ERROR] LogOutputStream:75 - [STDERR_REDIRECT] [Fatal Error] :1:1: Premature end of file.
2024-12-22 19:11:34,506 [ERROR] LogOutputStream:75 - [STDERR_REDIRECT] 
2024-12-22 19:11:35,500 [ERROR] LogOutputStream:75 - [STDERR_REDIRECT] [Fatal Error] :1:1: Premature end of file.
2024-12-22 19:11:35,500 [ERROR] LogOutputStream:75 - [STDERR_REDIRECT] 
2024-12-22 19:11:36,510 [ERROR] LogOutputStream:75 - [STDERR_REDIRECT] [Fatal Error] :1:1: Premature end of file.
2024-12-22 19:11:36,510 [ERROR] LogOutputStream:75 - [STDERR_REDIRECT] 
2024-12-22 19:11:37,505 [ERROR] LogOutputStream:75 - [STDERR_REDIRECT] [Fatal Error] :1:1: Premature end of file.
2024-12-22 19:11:37,505 [ERROR] LogOutputStream:75 - [STDERR_REDIRECT] 
2024-12-22 19:11:38,513 [ERROR] LogOutputStream:75 - [STDERR_REDIRECT] [Fatal Error] :1:1: Premature end of file.
2024-12-22 19:11:38,513 [ERROR] LogOutputStream:75 - [STDERR_REDIRECT] 
2024-12-22 19:11:39,510 [ERROR] LogOutputStream:75 - [STDERR_REDIRECT] [Fatal Error] :1:1: Premature end of file.
2024-12-22 19:11:39,510 [ERROR] LogOutputStream:75 - [STDERR_REDIRECT] 
2024-12-22 19:11:40,515 [ERROR] LogOutputStream:75 - [STDERR_REDIRECT] [Fatal Error] :1:1: Premature end of file.
2024-12-22 19:11:40,515 [ERROR] LogOutputStream:75 - [STDERR_REDIRECT] 
2024-12-22 19:11:41,504 [ERROR] LogOutputStream:75 - [STDERR_REDIRECT] [Fatal Error] :1:1: Premature end of file.
2024-12-22 19:11:41,504 [ERROR] LogOutputStream:75 - [STDERR_REDIRECT] 
2024-12-22 19:11:42,514 [ERROR] LogOutputStream:75 - [STDERR_REDIRECT] [Fatal Error] :1:1: Premature end of file.
2024-12-22 19:11:42,514 [ERROR] LogOutputStream:75 - [STDERR_REDIRECT] 
2024-12-22 19:11:43,516 [ERROR] LogOutputStream:75 - [STDERR_REDIRECT] [Fatal Error] :1:1: Premature end of file.
2024-12-22 19:11:43,516 [ERROR] LogOutputStream:75 - [STDERR_REDIRECT] 
2024-12-22 19:11:44,510 [ERROR] LogOutputStream:75 - [STDERR_REDIRECT] [Fatal Error] :1:1: Premature end of file.
2024-12-22 19:11:44,510 [ERROR] LogOutputStream:75 - [STDERR_REDIRECT] 
2024-12-22 19:11:45,513 [ERROR] LogOutputStream:75 - [STDERR_REDIRECT] [Fatal Error] :1:1: Premature end of file.
2024-12-22 19:11:45,513 [ERROR] LogOutputStream:75 - [STDERR_REDIRECT] 
2024-12-22 19:11:46,503 [ERROR] LogOutputStream:75 - [STDERR_REDIRECT] [Fatal Error] :1:1: Premature end of file.
2024-12-22 19:11:46,503 [ERROR] LogOutputStream:75 - [STDERR_REDIRECT] 
2024-12-22 19:11:47,509 [ERROR] LogOutputStream:75 - [STDERR_REDIRECT] [Fatal Error] :1:1: Premature end of file.
2024-12-22 19:11:47,509 [ERROR] LogOutputStream:75 - [STDERR_REDIRECT] 
2024-12-22 19:11:48,504 [ERROR] LogOutputStream:75 - [STDERR_REDIRECT] [Fatal Error] :1:1: Premature end of file.
2024-12-22 19:11:48,505 [ERROR] LogOutputStream:75 - [STDERR_REDIRECT] 
2024-12-22 19:11:49,508 [ERROR] LogOutputStream:75 - [STDERR_REDIRECT] [Fatal Error] :1:1: Premature end of file.
2024-12-22 19:11:49,508 [ERROR] LogOutputStream:75 - [STDERR_REDIRECT] 
2024-12-22 19:11:50,516 [ERROR] LogOutputStream:75 - [STDERR_REDIRECT] [Fatal Error] :1:1: Premature end of file.
2024-12-22 19:11:50,516 [ERROR] LogOutputStream:75 - [STDERR_REDIRECT] 
2024-12-22 19:11:51,510 [ERROR] LogOutputStream:75 - [STDERR_REDIRECT] [Fatal Error] :1:1: Premature end of file.
2024-12-22 19:11:51,511 [ERROR] LogOutputStream:75 - [STDERR_REDIRECT] 
2024-12-22 19:11:52,513 [ERROR] LogOutputStream:75 - [STDERR_REDIRECT] [Fatal Error] :1:1: Premature end of file.
2024-12-22 19:11:52,514 [ERROR] LogOutputStream:75 - [STDERR_REDIRECT] 
2024-12-22 19:11:53,510 [ERROR] LogOutputStream:75 - [STDERR_REDIRECT] [Fatal Error] :1:1: Premature end of file.
2024-12-22 19:11:53,510 [ERROR] LogOutputStream:75 - [STDERR_REDIRECT] 
2024-12-22 19:11:54,496 [ERROR] LogOutputStream:75 - [STDERR_REDIRECT] [Fatal Error] :1:1: Premature end of file.
2024-12-22 19:11:54,496 [ERROR] LogOutputStream:75 - [STDERR_REDIRECT] 
2024-12-22 19:11:55,515 [ERROR] LogOutputStream:75 - [STDERR_REDIRECT] [Fatal Error] :1:1: Premature end of file.
2024-12-22 19:11:55,515 [ERROR] LogOutputStream:75 - [STDERR_REDIRECT] 
2024-12-22 19:11:56,514 [ERROR] LogOutputStream:75 - [STDERR_REDIRECT] [Fatal Error] :1:1: Premature end of file.
2024-12-22 19:11:56,514 [ERROR] LogOutputStream:75 - [STDERR_REDIRECT] 
2024-12-22 19:11:57,507 [ERROR] LogOutputStream:75 - [STDERR_REDIRECT] [Fatal Error] :1:1: Premature end of file.
2024-12-22 19:11:57,507 [ERROR] LogOutputStream:75 - [STDERR_REDIRECT] 
2024-12-22 19:11:58,507 [ERROR] LogOutputStream:75 - [STDERR_REDIRECT] [Fatal Error] :1:1: Premature end of file.
2024-12-22 19:11:58,507 [ERROR] LogOutputStream:75 - [STDERR_REDIRECT] 
2024-12-22 19:11:59,507 [ERROR] LogOutputStream:75 - [STDERR_REDIRECT] [Fatal Error] :1:1: Premature end of file.
2024-12-22 19:11:59,508 [ERROR] LogOutputStream:75 - [STDERR_REDIRECT] 
2024-12-22 19:12:00,506 [ERROR] LogOutputStream:75 - [STDERR_REDIRECT] [Fatal Error] :1:1: Premature end of file.
2024-12-22 19:12:00,506 [ERROR] LogOutputStream:75 - [STDERR_REDIRECT] 
2024-12-22 19:12:01,507 [ERROR] LogOutputStream:75 - [STDERR_REDIRECT] [Fatal Error] :1:1: Premature end of file.
2024-12-22 19:12:01,507 [ERROR] LogOutputStream:75 - [STDERR_REDIRECT] 
2024-12-22 19:12:02,506 [ERROR] LogOutputStream:75 - [STDERR_REDIRECT] [Fatal Error] :1:1: Premature end of file.
2024-12-22 19:12:02,506 [ERROR] LogOutputStream:75 - [STDERR_REDIRECT] 
2024-12-22 19:12:03,503 [ERROR] LogOutputStream:75 - [STDERR_REDIRECT] [Fatal Error] :1:1: Premature end of file.
2024-12-22 19:12:03,504 [ERROR] LogOutputStream:75 - [STDERR_REDIRECT] 
2024-12-22 19:12:04,507 [ERROR] LogOutputStream:75 - [STDERR_REDIRECT] [Fatal Error] :1:1: Premature end of file.
2024-12-22 19:12:04,507 [ERROR] LogOutputStream:75 - [STDERR_REDIRECT] 
2024-12-22 19:12:05,502 [ERROR] LogOutputStream:75 - [STDERR_REDIRECT] [Fatal Error] :1:1: Premature end of file.
2024-12-22 19:12:05,503 [ERROR] LogOutputStream:75 - [STDERR_REDIRECT] 
2024-12-22 19:12:06,507 [ERROR] LogOutputStream:75 - [STDERR_REDIRECT] [Fatal Error] :1:1: Premature end of file.
2024-12-22 19:12:06,507 [ERROR] LogOutputStream:75 - [STDERR_REDIRECT] 
2024-12-22 19:12:07,507 [ERROR] LogOutputStream:75 - [STDERR_REDIRECT] [Fatal Error] :1:1: Premature end of file.
2024-12-22 19:12:07,507 [ERROR] LogOutputStream:75 - [STDERR_REDIRECT] 
2024-12-22 19:12:08,503 [ERROR] LogOutputStream:75 - [STDERR_REDIRECT] [Fatal Error] :1:1: Premature end of file.
2024-12-22 19:12:08,503 [ERROR] LogOutputStream:75 - [STDERR_REDIRECT] 
2024-12-22 19:12:09,516 [ERROR] LogOutputStream:75 - [STDERR_REDIRECT] [Fatal Error] :1:1: Premature end of file.
2024-12-22 19:12:09,516 [ERROR] LogOutputStream:75 - [STDERR_REDIRECT] 
2024-12-22 19:12:10,501 [ERROR] LogOutputStream:75 - [STDERR_REDIRECT] [Fatal Error] :1:1: Premature end of file.
2024-12-22 19:12:10,502 [ERROR] LogOutputStream:75 - [STDERR_REDIRECT] 
2024-12-22 19:12:11,511 [ERROR] LogOutputStream:75 - [STDERR_REDIRECT] [Fatal Error] :1:1: Premature end of file.
2024-12-22 19:12:11,511 [ERROR] LogOutputStream:75 - [STDERR_REDIRECT] 
2024-12-22 19:12:12,510 [ERROR] LogOutputStream:75 - [STDERR_REDIRECT] [Fatal Error] :1:1: Premature end of file.
2024-12-22 19:12:12,510 [ERROR] LogOutputStream:75 - [STDERR_REDIRECT] 
2024-12-22 19:12:13,504 [ERROR] LogOutputStream:75 - [STDERR_REDIRECT] [Fatal Error] :1:1: Premature end of file.
2024-12-22 19:12:13,504 [ERROR] LogOutputStream:75 - [STDERR_REDIRECT] 
2024-12-22 19:12:14,513 [ERROR] LogOutputStream:75 - [STDERR_REDIRECT] [Fatal Error] :1:1: Premature end of file.
2024-12-22 19:12:14,513 [ERROR] LogOutputStream:75 - [STDERR_REDIRECT] 
2024-12-22 19:12:15,511 [ERROR] LogOutputStream:75 - [STDERR_REDIRECT] [Fatal Error] :1:1: Premature end of file.
2024-12-22 19:12:15,511 [ERROR] LogOutputStream:75 - [STDERR_REDIRECT] 
2024-12-22 19:12:16,511 [ERROR] LogOutputStream:75 - [STDERR_REDIRECT] [Fatal Error] :1:1: Premature end of file.
2024-12-22 19:12:16,511 [ERROR] LogOutputStream:75 - [STDERR_REDIRECT] 
2024-12-22 19:12:17,513 [ERROR] LogOutputStream:75 - [STDERR_REDIRECT] [Fatal Error] :1:1: Premature end of file.
2024-12-22 19:12:17,513 [ERROR] LogOutputStream:75 - [STDERR_REDIRECT] 
2024-12-22 19:12:18,503 [ERROR] LogOutputStream:75 - [STDERR_REDIRECT] [Fatal Error] :1:1: Premature end of file.
2024-12-22 19:12:18,503 [ERROR] LogOutputStream:75 - [STDERR_REDIRECT] 
2024-12-22 19:12:19,505 [ERROR] LogOutputStream:75 - [STDERR_REDIRECT] [Fatal Error] :1:1: Premature end of file.
2024-12-22 19:12:19,505 [ERROR] LogOutputStream:75 - [STDERR_REDIRECT] 
2024-12-22 19:12:20,509 [ERROR] LogOutputStream:75 - [STDERR_REDIRECT] [Fatal Error] :1:1: Premature end of file.
2024-12-22 19:12:20,509 [ERROR] LogOutputStream:75 - [STDERR_REDIRECT] 
2024-12-22 19:12:21,509 [ERROR] LogOutputStream:75 - [STDERR_REDIRECT] [Fatal Error] :1:1: Premature end of file.
2024-12-22 19:12:21,509 [ERROR] LogOutputStream:75 - [STDERR_REDIRECT] 
2024-12-22 19:12:22,504 [ERROR] LogOutputStream:75 - [STDERR_REDIRECT] [Fatal Error] :1:1: Premature end of file.
2024-12-22 19:12:22,506 [ERROR] LogOutputStream:75 - [STDERR_REDIRECT] 
2024-12-22 19:12:23,502 [ERROR] LogOutputStream:75 - [STDERR_REDIRECT] [Fatal Error] :1:1: Premature end of file.
2024-12-22 19:12:23,503 [ERROR] LogOutputStream:75 - [STDERR_REDIRECT] 
2024-12-22 19:12:24,503 [ERROR] LogOutputStream:75 - [STDERR_REDIRECT] [Fatal Error] :1:1: Premature end of file.
2024-12-22 19:12:24,503 [ERROR] LogOutputStream:75 - [STDERR_REDIRECT] 
2024-12-22 19:12:25,510 [ERROR] LogOutputStream:75 - [STDERR_REDIRECT] [Fatal Error] :1:1: Premature end of file.
2024-12-22 19:12:25,510 [ERROR] LogOutputStream:75 - [STDERR_REDIRECT] 
2024-12-22 19:12:26,502 [ERROR] LogOutputStream:75 - [STDERR_REDIRECT] [Fatal Error] :1:1: Premature end of file.
2024-12-22 19:12:26,502 [ERROR] LogOutputStream:75 - [STDERR_REDIRECT] 
2024-12-22 19:12:27,515 [ERROR] LogOutputStream:75 - [STDERR_REDIRECT] [Fatal Error] :1:1: Premature end of file.
2024-12-22 19:12:27,515 [ERROR] LogOutputStream:75 - [STDERR_REDIRECT] 
2024-12-22 19:12:28,512 [ERROR] LogOutputStream:75 - [STDERR_REDIRECT] [Fatal Error] :1:1: Premature end of file.
2024-12-22 19:12:28,512 [ERROR] LogOutputStream:75 - [STDERR_REDIRECT] 
2024-12-22 19:12:29,501 [ERROR] LogOutputStream:75 - [STDERR_REDIRECT] [Fatal Error] :1:1: Premature end of file.
2024-12-22 19:12:29,501 [ERROR] LogOutputStream:75 - [STDERR_REDIRECT] 
2024-12-22 19:12:30,515 [ERROR] LogOutputStream:75 - [STDERR_REDIRECT] [Fatal Error] :1:1: Premature end of file.
2024-12-22 19:12:30,515 [ERROR] LogOutputStream:75 - [STDERR_REDIRECT] 
2024-12-22 19:12:31,508 [ERROR] LogOutputStream:75 - [STDERR_REDIRECT] [Fatal Error] :1:1: Premature end of file.
2024-12-22 19:12:31,508 [ERROR] LogOutputStream:75 - [STDERR_REDIRECT] 
2024-12-22 19:12:32,502 [ERROR] LogOutputStream:75 - [STDERR_REDIRECT] [Fatal Error] :1:1: Premature end of file.
2024-12-22 19:12:32,502 [ERROR] LogOutputStream:75 - [STDERR_REDIRECT] 
2024-12-22 19:12:33,501 [ERROR] LogOutputStream:75 - [STDERR_REDIRECT] [Fatal Error] :1:1: Premature end of file.
2024-12-22 19:12:33,501 [ERROR] LogOutputStream:75 - [STDERR_REDIRECT] 
2024-12-22 19:12:34,507 [ERROR] LogOutputStream:75 - [STDERR_REDIRECT] [Fatal Error] :1:1: Premature end of file.
2024-12-22 19:12:34,507 [ERROR] LogOutputStream:75 - [STDERR_REDIRECT] 
2024-12-22 19:12:35,508 [ERROR] LogOutputStream:75 - [STDERR_REDIRECT] [Fatal Error] :1:1: Premature end of file.
2024-12-22 19:12:35,508 [ERROR] LogOutputStream:75 - [STDERR_REDIRECT] 
2024-12-22 19:12:36,501 [ERROR] LogOutputStream:75 - [STDERR_REDIRECT] [Fatal Error] :1:1: Premature end of file.
2024-12-22 19:12:36,501 [ERROR] LogOutputStream:75 - [STDERR_REDIRECT] 
2024-12-22 19:12:37,509 [ERROR] LogOutputStream:75 - [STDERR_REDIRECT] [Fatal Error] :1:1: Premature end of file.
2024-12-22 19:12:37,509 [ERROR] LogOutputStream:75 - [STDERR_REDIRECT] 
2024-12-22 19:12:38,496 [ERROR] LogOutputStream:75 - [STDERR_REDIRECT] [Fatal Error] :1:1: Premature end of file.
2024-12-22 19:12:38,496 [ERROR] LogOutputStream:75 - [STDERR_REDIRECT] 
2024-12-22 19:12:39,509 [ERROR] LogOutputStream:75 - [STDERR_REDIRECT] [Fatal Error] :1:1: Premature end of file.
2024-12-22 19:12:39,509 [ERROR] LogOutputStream:75 - [STDERR_REDIRECT] 
2024-12-22 19:12:40,510 [ERROR] LogOutputStream:75 - [STDERR_REDIRECT] [Fatal Error] :1:1: Premature end of file.
2024-12-22 19:12:40,510 [ERROR] LogOutputStream:75 - [STDERR_REDIRECT] 
2024-12-22 19:12:41,510 [ERROR] LogOutputStream:75 - [STDERR_REDIRECT] [Fatal Error] :1:1: Premature end of file.
2024-12-22 19:12:41,510 [ERROR] LogOutputStream:75 - [STDERR_REDIRECT] 
2024-12-22 19:12:42,514 [ERROR] LogOutputStream:75 - [STDERR_REDIRECT] [Fatal Error] :1:1: Premature end of file.
2024-12-22 19:12:42,514 [ERROR] LogOutputStream:75 - [STDERR_REDIRECT] 
2024-12-22 19:12:43,513 [ERROR] LogOutputStream:75 - [STDERR_REDIRECT] [Fatal Error] :1:1: Premature end of file.
2024-12-22 19:12:43,513 [ERROR] LogOutputStream:75 - [STDERR_REDIRECT] 
2024-12-22 19:12:44,515 [ERROR] LogOutputStream:75 - [STDERR_REDIRECT] [Fatal Error] :1:1: Premature end of file.
2024-12-22 19:12:44,515 [ERROR] LogOutputStream:75 - [STDERR_REDIRECT] 
2024-12-22 19:12:45,506 [ERROR] LogOutputStream:75 - [STDERR_REDIRECT] [Fatal Error] :1:1: Premature end of file.
2024-12-22 19:12:45,506 [ERROR] LogOutputStream:75 - [STDERR_REDIRECT] 
2024-12-22 19:12:46,508 [ERROR] LogOutputStream:75 - [STDERR_REDIRECT] [Fatal Error] :1:1: Premature end of file.
2024-12-22 19:12:46,509 [ERROR] LogOutputStream:75 - [STDERR_REDIRECT] 
2024-12-22 19:12:47,506 [ERROR] LogOutputStream:75 - [STDERR_REDIRECT] [Fatal Error] :1:1: Premature end of file.
2024-12-22 19:12:47,506 [ERROR] LogOutputStream:75 - [STDERR_REDIRECT] 
2024-12-22 19:12:48,506 [ERROR] LogOutputStream:75 - [STDERR_REDIRECT] [Fatal Error] :1:1: Premature end of file.
2024-12-22 19:12:48,506 [ERROR] LogOutputStream:75 - [STDERR_REDIRECT] 
2024-12-22 19:12:49,505 [ERROR] LogOutputStream:75 - [STDERR_REDIRECT] [Fatal Error] :1:1: Premature end of file.
2024-12-22 19:12:49,505 [ERROR] LogOutputStream:75 - [STDERR_REDIRECT] 
2024-12-22 19:12:50,507 [ERROR] LogOutputStream:75 - [STDERR_REDIRECT] [Fatal Error] :1:1: Premature end of file.
2024-12-22 19:12:50,507 [ERROR] LogOutputStream:75 - [STDERR_REDIRECT] 
2024-12-22 19:12:51,503 [ERROR] LogOutputStream:75 - [STDERR_REDIRECT] [Fatal Error] :1:1: Premature end of file.
2024-12-22 19:12:51,503 [ERROR] LogOutputStream:75 - [STDERR_REDIRECT] 
2024-12-22 19:12:52,505 [ERROR] LogOutputStream:75 - [STDERR_REDIRECT] [Fatal Error] :1:1: Premature end of file.
2024-12-22 19:12:52,505 [ERROR] LogOutputStream:75 - [STDERR_REDIRECT] 
2024-12-22 19:12:53,504 [ERROR] LogOutputStream:75 - [STDERR_REDIRECT] [Fatal Error] :1:1: Premature end of file.
2024-12-22 19:12:53,504 [ERROR] LogOutputStream:75 - [STDERR_REDIRECT] 
2024-12-22 19:12:54,505 [ERROR] LogOutputStream:75 - [STDERR_REDIRECT] [Fatal Error] :1:1: Premature end of file.
2024-12-22 19:12:54,505 [ERROR] LogOutputStream:75 - [STDERR_REDIRECT] 
2024-12-22 19:12:55,505 [ERROR] LogOutputStream:75 - [STDERR_REDIRECT] [Fatal Error] :1:1: Premature end of file.
2024-12-22 19:12:55,505 [ERROR] LogOutputStream:75 - [STDERR_REDIRECT] 
2024-12-22 19:12:56,509 [ERROR] LogOutputStream:75 - [STDERR_REDIRECT] [Fatal Error] :1:1: Premature end of file.
2024-12-22 19:12:56,509 [ERROR] LogOutputStream:75 - [STDERR_REDIRECT] 
2024-12-22 19:12:57,512 [ERROR] LogOutputStream:75 - [STDERR_REDIRECT] [Fatal Error] :1:1: Premature end of file.
2024-12-22 19:12:57,513 [ERROR] LogOutputStream:75 - [STDERR_REDIRECT] 
2024-12-22 19:12:58,504 [ERROR] LogOutputStream:75 - [STDERR_REDIRECT] [Fatal Error] :1:1: Premature end of file.
2024-12-22 19:12:58,504 [ERROR] LogOutputStream:75 - [STDERR_REDIRECT] 
2024-12-22 19:12:59,504 [ERROR] LogOutputStream:75 - [STDERR_REDIRECT] [Fatal Error] :1:1: Premature end of file.
2024-12-22 19:12:59,504 [ERROR] LogOutputStream:75 - [STDERR_REDIRECT] 
2024-12-22 19:13:00,505 [ERROR] LogOutputStream:75 - [STDERR_REDIRECT] [Fatal Error] :1:1: Premature end of file.
2024-12-22 19:13:00,505 [ERROR] LogOutputStream:75 - [STDERR_REDIRECT] 
2024-12-22 19:13:01,505 [ERROR] LogOutputStream:75 - [STDERR_REDIRECT] [Fatal Error] :1:1: Premature end of file.
2024-12-22 19:13:01,505 [ERROR] LogOutputStream:75 - [STDERR_REDIRECT] 
2024-12-22 19:13:02,511 [ERROR] LogOutputStream:75 - [STDERR_REDIRECT] [Fatal Error] :1:1: Premature end of file.
2024-12-22 19:13:02,511 [ERROR] LogOutputStream:75 - [STDERR_REDIRECT] 
2024-12-22 19:13:03,502 [ERROR] LogOutputStream:75 - [STDERR_REDIRECT] [Fatal Error] :1:1: Premature end of file.
2024-12-22 19:13:03,502 [ERROR] LogOutputStream:75 - [STDERR_REDIRECT] 
2024-12-22 19:13:04,503 [ERROR] LogOutputStream:75 - [STDERR_REDIRECT] [Fatal Error] :1:1: Premature end of file.
2024-12-22 19:13:04,503 [ERROR] LogOutputStream:75 - [STDERR_REDIRECT] 
2024-12-22 19:13:05,502 [ERROR] LogOutputStream:75 - [STDERR_REDIRECT] [Fatal Error] :1:1: Premature end of file.
2024-12-22 19:13:05,502 [ERROR] LogOutputStream:75 - [STDERR_REDIRECT] 
2024-12-22 19:13:06,510 [ERROR] LogOutputStream:75 - [STDERR_REDIRECT] [Fatal Error] :1:1: Premature end of file.
2024-12-22 19:13:06,510 [ERROR] LogOutputStream:75 - [STDERR_REDIRECT] 
2024-12-22 19:13:07,509 [ERROR] LogOutputStream:75 - [STDERR_REDIRECT] [Fatal Error] :1:1: Premature end of file.
2024-12-22 19:13:07,509 [ERROR] LogOutputStream:75 - [STDERR_REDIRECT] 
2024-12-22 19:13:08,514 [ERROR] LogOutputStream:75 - [STDERR_REDIRECT] [Fatal Error] :1:1: Premature end of file.
2024-12-22 19:13:08,514 [ERROR] LogOutputStream:75 - [STDERR_REDIRECT] 
2024-12-22 19:13:09,501 [ERROR] LogOutputStream:75 - [STDERR_REDIRECT] [Fatal Error] :1:1: Premature end of file.
2024-12-22 19:13:09,501 [ERROR] LogOutputStream:75 - [STDERR_REDIRECT] 
2024-12-22 19:13:10,507 [ERROR] LogOutputStream:75 - [STDERR_REDIRECT] [Fatal Error] :1:1: Premature end of file.
2024-12-22 19:13:10,507 [ERROR] LogOutputStream:75 - [STDERR_REDIRECT] 
2024-12-22 19:13:11,513 [ERROR] LogOutputStream:75 - [STDERR_REDIRECT] [Fatal Error] :1:1: Premature end of file.
2024-12-22 19:13:11,513 [ERROR] LogOutputStream:75 - [STDERR_REDIRECT] 
2024-12-22 19:13:12,520 [ERROR] LogOutputStream:75 - [STDERR_REDIRECT] [Fatal Error] :1:1: Premature end of file.
2024-12-22 19:13:12,520 [ERROR] LogOutputStream:75 - [STDERR_REDIRECT] 
2024-12-22 19:13:13,504 [ERROR] LogOutputStream:75 - [STDERR_REDIRECT] [Fatal Error] :1:1: Premature end of file.
2024-12-22 19:13:13,504 [ERROR] LogOutputStream:75 - [STDERR_REDIRECT] 
2024-12-22 19:13:14,517 [ERROR] LogOutputStream:75 - [STDERR_REDIRECT] [Fatal Error] :1:1: Premature end of file.
2024-12-22 19:13:14,517 [ERROR] LogOutputStream:75 - [STDERR_REDIRECT] 
2024-12-22 19:13:15,511 [ERROR] LogOutputStream:75 - [STDERR_REDIRECT] [Fatal Error] :1:1: Premature end of file.
2024-12-22 19:13:15,511 [ERROR] LogOutputStream:75 - [STDERR_REDIRECT] 
2024-12-22 19:13:16,511 [ERROR] LogOutputStream:75 - [STDERR_REDIRECT] [Fatal Error] :1:1: Premature end of file.
2024-12-22 19:13:16,512 [ERROR] LogOutputStream:75 - [STDERR_REDIRECT] 
2024-12-22 19:13:17,507 [ERROR] LogOutputStream:75 - [STDERR_REDIRECT] [Fatal Error] :1:1: Premature end of file.
2024-12-22 19:13:17,507 [ERROR] LogOutputStream:75 - [STDERR_REDIRECT] 
2024-12-22 19:13:18,512 [ERROR] LogOutputStream:75 - [STDERR_REDIRECT] [Fatal Error] :1:1: Premature end of file.
2024-12-22 19:13:18,512 [ERROR] LogOutputStream:75 - [STDERR_REDIRECT] 
2024-12-22 19:13:19,514 [ERROR] LogOutputStream:75 - [STDERR_REDIRECT] [Fatal Error] :1:1: Premature end of file.
2024-12-22 19:13:19,514 [ERROR] LogOutputStream:75 - [STDERR_REDIRECT] 
2024-12-22 19:13:20,509 [ERROR] LogOutputStream:75 - [STDERR_REDIRECT] [Fatal Error] :1:1: Premature end of file.
2024-12-22 19:13:20,510 [ERROR] LogOutputStream:75 - [STDERR_REDIRECT] 
2024-12-22 19:13:21,511 [ERROR] LogOutputStream:75 - [STDERR_REDIRECT] [Fatal Error] :1:1: Premature end of file.
2024-12-22 19:13:21,511 [ERROR] LogOutputStream:75 - [STDERR_REDIRECT] 
2024-12-22 19:13:22,519 [ERROR] LogOutputStream:75 - [STDERR_REDIRECT] [Fatal Error] :1:1: Premature end of file.
2024-12-22 19:13:22,519 [ERROR] LogOutputStream:75 - [STDERR_REDIRECT] 
2024-12-22 19:13:23,514 [ERROR] LogOutputStream:75 - [STDERR_REDIRECT] [Fatal Error] :1:1: Premature end of file.
2024-12-22 19:13:23,514 [ERROR] LogOutputStream:75 - [STDERR_REDIRECT] 
2024-12-22 19:13:24,508 [ERROR] LogOutputStream:75 - [STDERR_REDIRECT] [Fatal Error] :1:1: Premature end of file.
2024-12-22 19:13:24,508 [ERROR] LogOutputStream:75 - [STDERR_REDIRECT] 
2024-12-22 19:13:25,516 [ERROR] LogOutputStream:75 - [STDERR_REDIRECT] [Fatal Error] :1:1: Premature end of file.
2024-12-22 19:13:25,516 [ERROR] LogOutputStream:75 - [STDERR_REDIRECT] 
2024-12-22 19:13:26,509 [ERROR] LogOutputStream:75 - [STDERR_REDIRECT] [Fatal Error] :1:1: Premature end of file.
2024-12-22 19:13:26,509 [ERROR] LogOutputStream:75 - [STDERR_REDIRECT] 
2024-12-22 19:13:27,519 [ERROR] LogOutputStream:75 - [STDERR_REDIRECT] [Fatal Error] :1:1: Premature end of file.
2024-12-22 19:13:27,519 [ERROR] LogOutputStream:75 - [STDERR_REDIRECT] 
2024-12-22 19:13:28,512 [ERROR] LogOutputStream:75 - [STDERR_REDIRECT] [Fatal Error] :1:1: Premature end of file.
2024-12-22 19:13:28,512 [ERROR] LogOutputStream:75 - [STDERR_REDIRECT] 
2024-12-22 19:13:29,508 [ERROR] LogOutputStream:75 - [STDERR_REDIRECT] [Fatal Error] :1:1: Premature end of file.
2024-12-22 19:13:29,508 [ERROR] LogOutputStream:75 - [STDERR_REDIRECT] 
2024-12-22 19:13:30,521 [ERROR] LogOutputStream:75 - [STDERR_REDIRECT] [Fatal Error] :1:1: Premature end of file.
2024-12-22 19:13:30,521 [ERROR] LogOutputStream:75 - [STDERR_REDIRECT] 
2024-12-22 19:13:31,510 [ERROR] LogOutputStream:75 - [STDERR_REDIRECT] [Fatal Error] :1:1: Premature end of file.
2024-12-22 19:13:31,510 [ERROR] LogOutputStream:75 - [STDERR_REDIRECT] 
2024-12-22 19:13:32,511 [ERROR] LogOutputStream:75 - [STDERR_REDIRECT] [Fatal Error] :1:1: Premature end of file.
2024-12-22 19:13:32,511 [ERROR] LogOutputStream:75 - [STDERR_REDIRECT] 
2024-12-22 19:13:33,512 [ERROR] LogOutputStream:75 - [STDERR_REDIRECT] [Fatal Error] :1:1: Premature end of file.
2024-12-22 19:13:33,512 [ERROR] LogOutputStream:75 - [STDERR_REDIRECT] 
2024-12-22 19:13:34,512 [ERROR] LogOutputStream:75 - [STDERR_REDIRECT] [Fatal Error] :1:1: Premature end of file.
2024-12-22 19:13:34,512 [ERROR] LogOutputStream:75 - [STDERR_REDIRECT] 
2024-12-22 19:13:35,517 [ERROR] LogOutputStream:75 - [STDERR_REDIRECT] [Fatal Error] :1:1: Premature end of file.
2024-12-22 19:13:35,517 [ERROR] LogOutputStream:75 - [STDERR_REDIRECT] 
2024-12-22 19:13:36,511 [ERROR] LogOutputStream:75 - [STDERR_REDIRECT] [Fatal Error] :1:1: Premature end of file.
2024-12-22 19:13:36,511 [ERROR] LogOutputStream:75 - [STDERR_REDIRECT] 
2024-12-22 19:13:37,509 [ERROR] LogOutputStream:75 - [STDERR_REDIRECT] [Fatal Error] :1:1: Premature end of file.
2024-12-22 19:13:37,509 [ERROR] LogOutputStream:75 - [STDERR_REDIRECT] 
2024-12-22 19:13:38,520 [ERROR] LogOutputStream:75 - [STDERR_REDIRECT] [Fatal Error] :1:1: Premature end of file.
2024-12-22 19:13:38,520 [ERROR] LogOutputStream:75 - [STDERR_REDIRECT] 
2024-12-22 19:13:39,504 [ERROR] LogOutputStream:75 - [STDERR_REDIRECT] [Fatal Error] :1:1: Premature end of file.
2024-12-22 19:13:39,504 [ERROR] LogOutputStream:75 - [STDERR_REDIRECT] 
2024-12-22 19:13:40,523 [ERROR] LogOutputStream:75 - [STDERR_REDIRECT] [Fatal Error] :1:1: Premature end of file.
2024-12-22 19:13:40,524 [ERROR] LogOutputStream:75 - [STDERR_REDIRECT] 
2024-12-22 19:13:41,513 [ERROR] LogOutputStream:75 - [STDERR_REDIRECT] [Fatal Error] :1:1: Premature end of file.
2024-12-22 19:13:41,513 [ERROR] LogOutputStream:75 - [STDERR_REDIRECT] 
2024-12-22 19:13:42,503 [ERROR] LogOutputStream:75 - [STDERR_REDIRECT] [Fatal Error] :1:1: Premature end of file.
2024-12-22 19:13:42,503 [ERROR] LogOutputStream:75 - [STDERR_REDIRECT] 
2024-12-22 19:13:43,495 [ERROR] LogOutputStream:75 - [STDERR_REDIRECT] [Fatal Error] :1:1: Premature end of file.
2024-12-22 19:13:43,495 [ERROR] LogOutputStream:75 - [STDERR_REDIRECT] 
2024-12-22 19:13:44,513 [ERROR] LogOutputStream:75 - [STDERR_REDIRECT] [Fatal Error] :1:1: Premature end of file.
2024-12-22 19:13:44,513 [ERROR] LogOutputStream:75 - [STDERR_REDIRECT] 
2024-12-22 19:13:45,508 [ERROR] LogOutputStream:75 - [STDERR_REDIRECT] [Fatal Error] :1:1: Premature end of file.
2024-12-22 19:13:45,508 [ERROR] LogOutputStream:75 - [STDERR_REDIRECT] 
2024-12-22 19:13:46,507 [ERROR] LogOutputStream:75 - [STDERR_REDIRECT] [Fatal Error] :1:1: Premature end of file.
2024-12-22 19:13:46,507 [ERROR] LogOutputStream:75 - [STDERR_REDIRECT] 
2024-12-22 19:13:47,517 [ERROR] LogOutputStream:75 - [STDERR_REDIRECT] [Fatal Error] :1:1: Premature end of file.
2024-12-22 19:13:47,517 [ERROR] LogOutputStream:75 - [STDERR_REDIRECT] 
2024-12-22 19:13:48,512 [ERROR] LogOutputStream:75 - [STDERR_REDIRECT] [Fatal Error] :1:1: Premature end of file.
2024-12-22 19:13:48,512 [ERROR] LogOutputStream:75 - [STDERR_REDIRECT] 
2024-12-22 19:13:49,516 [ERROR] LogOutputStream:75 - [STDERR_REDIRECT] [Fatal Error] :1:1: Premature end of file.
2024-12-22 19:13:49,516 [ERROR] LogOutputStream:75 - [STDERR_REDIRECT] 
2024-12-22 19:13:50,516 [ERROR] LogOutputStream:75 - [STDERR_REDIRECT] [Fatal Error] :1:1: Premature end of file.
2024-12-22 19:13:50,516 [ERROR] LogOutputStream:75 - [STDERR_REDIRECT] 
2024-12-22 19:13:51,508 [ERROR] LogOutputStream:75 - [STDERR_REDIRECT] [Fatal Error] :1:1: Premature end of file.
2024-12-22 19:13:51,508 [ERROR] LogOutputStream:75 - [STDERR_REDIRECT] 
2024-12-22 19:13:52,517 [ERROR] LogOutputStream:75 - [STDERR_REDIRECT] [Fatal Error] :1:1: Premature end of file.
2024-12-22 19:13:52,517 [ERROR] LogOutputStream:75 - [STDERR_REDIRECT] 
2024-12-22 19:13:53,507 [ERROR] LogOutputStream:75 - [STDERR_REDIRECT] [Fatal Error] :1:1: Premature end of file.
2024-12-22 19:13:53,507 [ERROR] LogOutputStream:75 - [STDERR_REDIRECT] 
2024-12-22 19:13:54,512 [ERROR] LogOutputStream:75 - [STDERR_REDIRECT] [Fatal Error] :1:1: Premature end of file.
2024-12-22 19:13:54,513 [ERROR] LogOutputStream:75 - [STDERR_REDIRECT] 
2024-12-22 19:13:55,521 [ERROR] LogOutputStream:75 - [STDERR_REDIRECT] [Fatal Error] :1:1: Premature end of file.
2024-12-22 19:13:55,522 [ERROR] LogOutputStream:75 - [STDERR_REDIRECT] 
2024-12-22 19:13:56,509 [ERROR] LogOutputStream:75 - [STDERR_REDIRECT] [Fatal Error] :1:1: Premature end of file.
2024-12-22 19:13:56,510 [ERROR] LogOutputStream:75 - [STDERR_REDIRECT] 
2024-12-22 19:13:57,519 [ERROR] LogOutputStream:75 - [STDERR_REDIRECT] [Fatal Error] :1:1: Premature end of file.
2024-12-22 19:13:57,519 [ERROR] LogOutputStream:75 - [STDERR_REDIRECT] 
2024-12-22 19:13:58,511 [ERROR] LogOutputStream:75 - [STDERR_REDIRECT] [Fatal Error] :1:1: Premature end of file.
2024-12-22 19:13:58,511 [ERROR] LogOutputStream:75 - [STDERR_REDIRECT] 
2024-12-22 19:13:59,505 [ERROR] LogOutputStream:75 - [STDERR_REDIRECT] [Fatal Error] :1:1: Premature end of file.
2024-12-22 19:13:59,505 [ERROR] LogOutputStream:75 - [STDERR_REDIRECT] 
2024-12-22 19:14:00,505 [ERROR] LogOutputStream:75 - [STDERR_REDIRECT] [Fatal Error] :1:1: Premature end of file.
2024-12-22 19:14:00,505 [ERROR] LogOutputStream:75 - [STDERR_REDIRECT] 
2024-12-22 19:14:01,505 [ERROR] LogOutputStream:75 - [STDERR_REDIRECT] [Fatal Error] :1:1: Premature end of file.
2024-12-22 19:14:01,505 [ERROR] LogOutputStream:75 - [STDERR_REDIRECT] 
2024-12-22 19:14:02,506 [ERROR] LogOutputStream:75 - [STDERR_REDIRECT] [Fatal Error] :1:1: Premature end of file.
2024-12-22 19:14:02,506 [ERROR] LogOutputStream:75 - [STDERR_REDIRECT] 
2024-12-22 19:14:03,513 [ERROR] LogOutputStream:75 - [STDERR_REDIRECT] [Fatal Error] :1:1: Premature end of file.
2024-12-22 19:14:03,513 [ERROR] LogOutputStream:75 - [STDERR_REDIRECT] 
2024-12-22 19:14:04,503 [ERROR] LogOutputStream:75 - [STDERR_REDIRECT] [Fatal Error] :1:1: Premature end of file.
2024-12-22 19:14:04,503 [ERROR] LogOutputStream:75 - [STDERR_REDIRECT] 
2024-12-22 19:14:05,508 [ERROR] LogOutputStream:75 - [STDERR_REDIRECT] [Fatal Error] :1:1: Premature end of file.
2024-12-22 19:14:05,508 [ERROR] LogOutputStream:75 - [STDERR_REDIRECT] 
2024-12-22 19:14:06,518 [ERROR] LogOutputStream:75 - [STDERR_REDIRECT] [Fatal Error] :1:1: Premature end of file.
2024-12-22 19:14:06,518 [ERROR] LogOutputStream:75 - [STDERR_REDIRECT] 
2024-12-22 19:14:07,518 [ERROR] LogOutputStream:75 - [STDERR_REDIRECT] [Fatal Error] :1:1: Premature end of file.
2024-12-22 19:14:07,518 [ERROR] LogOutputStream:75 - [STDERR_REDIRECT] 
2024-12-22 19:14:08,520 [ERROR] LogOutputStream:75 - [STDERR_REDIRECT] [Fatal Error] :1:1: Premature end of file.
2024-12-22 19:14:08,521 [ERROR] LogOutputStream:75 - [STDERR_REDIRECT] 
2024-12-22 19:14:09,515 [ERROR] LogOutputStream:75 - [STDERR_REDIRECT] [Fatal Error] :1:1: Premature end of file.
2024-12-22 19:14:09,515 [ERROR] LogOutputStream:75 - [STDERR_REDIRECT] 
2024-12-22 19:14:10,515 [ERROR] LogOutputStream:75 - [STDERR_REDIRECT] [Fatal Error] :1:1: Premature end of file.
2024-12-22 19:14:10,515 [ERROR] LogOutputStream:75 - [STDERR_REDIRECT] 
2024-12-22 19:14:11,509 [ERROR] LogOutputStream:75 - [STDERR_REDIRECT] [Fatal Error] :1:1: Premature end of file.
2024-12-22 19:14:11,509 [ERROR] LogOutputStream:75 - [STDERR_REDIRECT] 
2024-12-22 19:14:12,514 [ERROR] LogOutputStream:75 - [STDERR_REDIRECT] [Fatal Error] :1:1: Premature end of file.
2024-12-22 19:14:12,514 [ERROR] LogOutputStream:75 - [STDERR_REDIRECT] 
2024-12-22 19:14:13,507 [ERROR] LogOutputStream:75 - [STDERR_REDIRECT] [Fatal Error] :1:1: Premature end of file.
2024-12-22 19:14:13,508 [ERROR] LogOutputStream:75 - [STDERR_REDIRECT] 
2024-12-22 19:14:14,508 [ERROR] LogOutputStream:75 - [STDERR_REDIRECT] [Fatal Error] :1:1: Premature end of file.
2024-12-22 19:14:14,508 [ERROR] LogOutputStream:75 - [STDERR_REDIRECT] 
2024-12-22 19:14:15,514 [ERROR] LogOutputStream:75 - [STDERR_REDIRECT] [Fatal Error] :1:1: Premature end of file.
2024-12-22 19:14:15,514 [ERROR] LogOutputStream:75 - [STDERR_REDIRECT] 
2024-12-22 19:14:16,514 [ERROR] LogOutputStream:75 - [STDERR_REDIRECT] [Fatal Error] :1:1: Premature end of file.
2024-12-22 19:14:16,514 [ERROR] LogOutputStream:75 - [STDERR_REDIRECT] 
2024-12-22 19:14:17,518 [ERROR] LogOutputStream:75 - [STDERR_REDIRECT] [Fatal Error] :1:1: Premature end of file.
2024-12-22 19:14:17,518 [ERROR] LogOutputStream:75 - [STDERR_REDIRECT] 
2024-12-22 19:14:18,509 [ERROR] LogOutputStream:75 - [STDERR_REDIRECT] [Fatal Error] :1:1: Premature end of file.
2024-12-22 19:14:18,509 [ERROR] LogOutputStream:75 - [STDERR_REDIRECT] 
2024-12-22 19:14:19,504 [ERROR] LogOutputStream:75 - [STDERR_REDIRECT] [Fatal Error] :1:1: Premature end of file.
2024-12-22 19:14:19,504 [ERROR] LogOutputStream:75 - [STDERR_REDIRECT] 
2024-12-22 19:14:20,503 [ERROR] LogOutputStream:75 - [STDERR_REDIRECT] [Fatal Error] :1:1: Premature end of file.
2024-12-22 19:14:20,503 [ERROR] LogOutputStream:75 - [STDERR_REDIRECT] 
2024-12-22 19:14:21,514 [ERROR] LogOutputStream:75 - [STDERR_REDIRECT] [Fatal Error] :1:1: Premature end of file.
2024-12-22 19:14:21,514 [ERROR] LogOutputStream:75 - [STDERR_REDIRECT] 
2024-12-22 19:14:22,506 [ERROR] LogOutputStream:75 - [STDERR_REDIRECT] [Fatal Error] :1:1: Premature end of file.
2024-12-22 19:14:22,506 [ERROR] LogOutputStream:75 - [STDERR_REDIRECT] 
2024-12-22 19:14:23,510 [ERROR] LogOutputStream:75 - [STDERR_REDIRECT] [Fatal Error] :1:1: Premature end of file.
2024-12-22 19:14:23,510 [ERROR] LogOutputStream:75 - [STDERR_REDIRECT] 
2024-12-22 19:14:24,505 [ERROR] LogOutputStream:75 - [STDERR_REDIRECT] [Fatal Error] :1:1: Premature end of file.
2024-12-22 19:14:24,505 [ERROR] LogOutputStream:75 - [STDERR_REDIRECT] 
2024-12-22 19:14:25,508 [ERROR] LogOutputStream:75 - [STDERR_REDIRECT] [Fatal Error] :1:1: Premature end of file.
2024-12-22 19:14:25,508 [ERROR] LogOutputStream:75 - [STDERR_REDIRECT] 
2024-12-22 19:14:26,511 [ERROR] LogOutputStream:75 - [STDERR_REDIRECT] [Fatal Error] :1:1: Premature end of file.
2024-12-22 19:14:26,511 [ERROR] LogOutputStream:75 - [STDERR_REDIRECT] 
2024-12-22 19:14:27,520 [ERROR] LogOutputStream:75 - [STDERR_REDIRECT] [Fatal Error] :1:1: Premature end of file.
2024-12-22 19:14:27,520 [ERROR] LogOutputStream:75 - [STDERR_REDIRECT] 
2024-12-22 19:14:28,508 [ERROR] LogOutputStream:75 - [STDERR_REDIRECT] [Fatal Error] :1:1: Premature end of file.
2024-12-22 19:14:28,509 [ERROR] LogOutputStream:75 - [STDERR_REDIRECT] 
2024-12-22 19:14:29,509 [ERROR] LogOutputStream:75 - [STDERR_REDIRECT] [Fatal Error] :1:1: Premature end of file.
2024-12-22 19:14:29,510 [ERROR] LogOutputStream:75 - [STDERR_REDIRECT] 
2024-12-22 19:14:30,517 [ERROR] LogOutputStream:75 - [STDERR_REDIRECT] [Fatal Error] :1:1: Premature end of file.
2024-12-22 19:14:30,517 [ERROR] LogOutputStream:75 - [STDERR_REDIRECT] 
2024-12-22 19:14:31,516 [ERROR] LogOutputStream:75 - [STDERR_REDIRECT] [Fatal Error] :1:1: Premature end of file.
2024-12-22 19:14:31,516 [ERROR] LogOutputStream:75 - [STDERR_REDIRECT] 
2024-12-22 19:14:32,519 [ERROR] LogOutputStream:75 - [STDERR_REDIRECT] [Fatal Error] :1:1: Premature end of file.
2024-12-22 19:14:32,519 [ERROR] LogOutputStream:75 - [STDERR_REDIRECT] 
2024-12-22 19:14:33,509 [ERROR] LogOutputStream:75 - [STDERR_REDIRECT] [Fatal Error] :1:1: Premature end of file.
2024-12-22 19:14:33,509 [ERROR] LogOutputStream:75 - [STDERR_REDIRECT] 
2024-12-22 19:14:34,516 [ERROR] LogOutputStream:75 - [STDERR_REDIRECT] [Fatal Error] :1:1: Premature end of file.
2024-12-22 19:14:34,516 [ERROR] LogOutputStream:75 - [STDERR_REDIRECT] 
2024-12-22 19:14:35,495 [ERROR] LogOutputStream:75 - [STDERR_REDIRECT] [Fatal Error] :1:1: Premature end of file.
2024-12-22 19:14:35,495 [ERROR] LogOutputStream:75 - [STDERR_REDIRECT] 
2024-12-22 19:14:36,509 [ERROR] LogOutputStream:75 - [STDERR_REDIRECT] [Fatal Error] :1:1: Premature end of file.
2024-12-22 19:14:36,509 [ERROR] LogOutputStream:75 - [STDERR_REDIRECT] 
2024-12-22 19:14:37,509 [ERROR] LogOutputStream:75 - [STDERR_REDIRECT] [Fatal Error] :1:1: Premature end of file.
2024-12-22 19:14:37,509 [ERROR] LogOutputStream:75 - [STDERR_REDIRECT] 
2024-12-22 19:14:38,514 [ERROR] LogOutputStream:75 - [STDERR_REDIRECT] [Fatal Error] :1:1: Premature end of file.
2024-12-22 19:14:38,514 [ERROR] LogOutputStream:75 - [STDERR_REDIRECT] 
2024-12-22 19:14:39,506 [ERROR] LogOutputStream:75 - [STDERR_REDIRECT] [Fatal Error] :1:1: Premature end of file.
2024-12-22 19:14:39,506 [ERROR] LogOutputStream:75 - [STDERR_REDIRECT] 
2024-12-22 19:14:40,509 [ERROR] LogOutputStream:75 - [STDERR_REDIRECT] [Fatal Error] :1:1: Premature end of file.
2024-12-22 19:14:40,509 [ERROR] LogOutputStream:75 - [STDERR_REDIRECT] 
2024-12-22 19:14:41,512 [ERROR] LogOutputStream:75 - [STDERR_REDIRECT] [Fatal Error] :1:1: Premature end of file.
2024-12-22 19:14:41,512 [ERROR] LogOutputStream:75 - [STDERR_REDIRECT] 
2024-12-22 19:14:42,509 [ERROR] LogOutputStream:75 - [STDERR_REDIRECT] [Fatal Error] :1:1: Premature end of file.
2024-12-22 19:14:42,509 [ERROR] LogOutputStream:75 - [STDERR_REDIRECT] 
2024-12-22 19:14:43,514 [ERROR] LogOutputStream:75 - [STDERR_REDIRECT] [Fatal Error] :1:1: Premature end of file.
2024-12-22 19:14:43,514 [ERROR] LogOutputStream:75 - [STDERR_REDIRECT] 
2024-12-22 19:14:44,510 [ERROR] LogOutputStream:75 - [STDERR_REDIRECT] [Fatal Error] :1:1: Premature end of file.
2024-12-22 19:14:44,510 [ERROR] LogOutputStream:75 - [STDERR_REDIRECT] 
2024-12-22 19:14:45,514 [ERROR] LogOutputStream:75 - [STDERR_REDIRECT] [Fatal Error] :1:1: Premature end of file.
2024-12-22 19:14:45,514 [ERROR] LogOutputStream:75 - [STDERR_REDIRECT] 
2024-12-22 19:14:46,508 [ERROR] LogOutputStream:75 - [STDERR_REDIRECT] [Fatal Error] :1:1: Premature end of file.
2024-12-22 19:14:46,508 [ERROR] LogOutputStream:75 - [STDERR_REDIRECT] 
2024-12-22 19:14:47,511 [ERROR] LogOutputStream:75 - [STDERR_REDIRECT] [Fatal Error] :1:1: Premature end of file.
2024-12-22 19:14:47,511 [ERROR] LogOutputStream:75 - [STDERR_REDIRECT] 
2024-12-22 19:14:48,513 [ERROR] LogOutputStream:75 - [STDERR_REDIRECT] [Fatal Error] :1:1: Premature end of file.
2024-12-22 19:14:48,513 [ERROR] LogOutputStream:75 - [STDERR_REDIRECT] 
2024-12-22 19:14:49,507 [ERROR] LogOutputStream:75 - [STDERR_REDIRECT] [Fatal Error] :1:1: Premature end of file.
2024-12-22 19:14:49,507 [ERROR] LogOutputStream:75 - [STDERR_REDIRECT] 
2024-12-22 19:14:50,513 [ERROR] LogOutputStream:75 - [STDERR_REDIRECT] [Fatal Error] :1:1: Premature end of file.
2024-12-22 19:14:50,513 [ERROR] LogOutputStream:75 - [STDERR_REDIRECT] 
2024-12-22 19:14:51,520 [ERROR] LogOutputStream:75 - [STDERR_REDIRECT] [Fatal Error] :1:1: Premature end of file.
2024-12-22 19:14:51,520 [ERROR] LogOutputStream:75 - [STDERR_REDIRECT] 
2024-12-22 19:14:52,508 [ERROR] LogOutputStream:75 - [STDERR_REDIRECT] [Fatal Error] :1:1: Premature end of file.
2024-12-22 19:14:52,508 [ERROR] LogOutputStream:75 - [STDERR_REDIRECT] 
2024-12-22 19:14:53,516 [ERROR] LogOutputStream:75 - [STDERR_REDIRECT] [Fatal Error] :1:1: Premature end of file.
2024-12-22 19:14:53,516 [ERROR] LogOutputStream:75 - [STDERR_REDIRECT] 
2024-12-22 19:14:54,508 [ERROR] LogOutputStream:75 - [STDERR_REDIRECT] [Fatal Error] :1:1: Premature end of file.
2024-12-22 19:14:54,509 [ERROR] LogOutputStream:75 - [STDERR_REDIRECT] 
2024-12-22 19:14:55,506 [ERROR] LogOutputStream:75 - [STDERR_REDIRECT] [Fatal Error] :1:1: Premature end of file.
2024-12-22 19:14:55,506 [ERROR] LogOutputStream:75 - [STDERR_REDIRECT] 
2024-12-22 19:14:56,507 [ERROR] LogOutputStream:75 - [STDERR_REDIRECT] [Fatal Error] :1:1: Premature end of file.
2024-12-22 19:14:56,507 [ERROR] LogOutputStream:75 - [STDERR_REDIRECT] 
2024-12-22 19:14:57,503 [ERROR] LogOutputStream:75 - [STDERR_REDIRECT] [Fatal Error] :1:1: Premature end of file.
2024-12-22 19:14:57,503 [ERROR] LogOutputStream:75 - [STDERR_REDIRECT] 
2024-12-22 19:14:58,511 [ERROR] LogOutputStream:75 - [STDERR_REDIRECT] [Fatal Error] :1:1: Premature end of file.
2024-12-22 19:14:58,511 [ERROR] LogOutputStream:75 - [STDERR_REDIRECT] 
2024-12-22 19:14:59,519 [ERROR] LogOutputStream:75 - [STDERR_REDIRECT] [Fatal Error] :1:1: Premature end of file.
2024-12-22 19:14:59,521 [ERROR] LogOutputStream:75 - [STDERR_REDIRECT] 
2024-12-22 19:15:00,505 [ERROR] LogOutputStream:75 - [STDERR_REDIRECT] [Fatal Error] :1:1: Premature end of file.
2024-12-22 19:15:00,506 [ERROR] LogOutputStream:75 - [STDERR_REDIRECT] 
2024-12-22 19:15:01,512 [ERROR] LogOutputStream:75 - [STDERR_REDIRECT] [Fatal Error] :1:1: Premature end of file.
2024-12-22 19:15:01,512 [ERROR] LogOutputStream:75 - [STDERR_REDIRECT] 
2024-12-22 19:15:02,519 [ERROR] LogOutputStream:75 - [STDERR_REDIRECT] [Fatal Error] :1:1: Premature end of file.
2024-12-22 19:15:02,519 [ERROR] LogOutputStream:75 - [STDERR_REDIRECT] 
2024-12-22 19:15:03,508 [ERROR] LogOutputStream:75 - [STDERR_REDIRECT] [Fatal Error] :1:1: Premature end of file.
2024-12-22 19:15:03,508 [ERROR] LogOutputStream:75 - [STDERR_REDIRECT] 
2024-12-22 19:15:04,496 [ERROR] LogOutputStream:75 - [STDERR_REDIRECT] [Fatal Error] :1:1: Premature end of file.
2024-12-22 19:15:04,496 [ERROR] LogOutputStream:75 - [STDERR_REDIRECT] 
2024-12-22 19:15:05,511 [ERROR] LogOutputStream:75 - [STDERR_REDIRECT] [Fatal Error] :1:1: Premature end of file.
2024-12-22 19:15:05,511 [ERROR] LogOutputStream:75 - [STDERR_REDIRECT] 
2024-12-22 19:15:06,514 [ERROR] LogOutputStream:75 - [STDERR_REDIRECT] [Fatal Error] :1:1: Premature end of file.
2024-12-22 19:15:06,514 [ERROR] LogOutputStream:75 - [STDERR_REDIRECT] 
2024-12-22 19:15:07,517 [ERROR] LogOutputStream:75 - [STDERR_REDIRECT] [Fatal Error] :1:1: Premature end of file.
2024-12-22 19:15:07,517 [ERROR] LogOutputStream:75 - [STDERR_REDIRECT] 
2024-12-22 19:15:08,506 [ERROR] LogOutputStream:75 - [STDERR_REDIRECT] [Fatal Error] :1:1: Premature end of file.
2024-12-22 19:15:08,506 [ERROR] LogOutputStream:75 - [STDERR_REDIRECT] 
2024-12-22 19:15:09,510 [ERROR] LogOutputStream:75 - [STDERR_REDIRECT] [Fatal Error] :1:1: Premature end of file.
2024-12-22 19:15:09,510 [ERROR] LogOutputStream:75 - [STDERR_REDIRECT] 
2024-12-22 19:15:10,514 [ERROR] LogOutputStream:75 - [STDERR_REDIRECT] [Fatal Error] :1:1: Premature end of file.
2024-12-22 19:15:10,515 [ERROR] LogOutputStream:75 - [STDERR_REDIRECT] 
2024-12-22 19:15:11,508 [ERROR] LogOutputStream:75 - [STDERR_REDIRECT] [Fatal Error] :1:1: Premature end of file.
2024-12-22 19:15:11,508 [ERROR] LogOutputStream:75 - [STDERR_REDIRECT] 
2024-12-22 19:15:12,508 [ERROR] LogOutputStream:75 - [STDERR_REDIRECT] [Fatal Error] :1:1: Premature end of file.
2024-12-22 19:15:12,508 [ERROR] LogOutputStream:75 - [STDERR_REDIRECT] 
2024-12-22 19:15:13,505 [ERROR] LogOutputStream:75 - [STDERR_REDIRECT] [Fatal Error] :1:1: Premature end of file.
2024-12-22 19:15:13,506 [ERROR] LogOutputStream:75 - [STDERR_REDIRECT] 
2024-12-22 19:15:14,505 [ERROR] LogOutputStream:75 - [STDERR_REDIRECT] [Fatal Error] :1:1: Premature end of file.
2024-12-22 19:15:14,505 [ERROR] LogOutputStream:75 - [STDERR_REDIRECT] 
2024-12-22 19:15:15,507 [ERROR] LogOutputStream:75 - [STDERR_REDIRECT] [Fatal Error] :1:1: Premature end of file.
2024-12-22 19:15:15,507 [ERROR] LogOutputStream:75 - [STDERR_REDIRECT] 
2024-12-22 19:15:16,510 [ERROR] LogOutputStream:75 - [STDERR_REDIRECT] [Fatal Error] :1:1: Premature end of file.
2024-12-22 19:15:16,510 [ERROR] LogOutputStream:75 - [STDERR_REDIRECT] 
2024-12-22 19:15:17,513 [ERROR] LogOutputStream:75 - [STDERR_REDIRECT] [Fatal Error] :1:1: Premature end of file.
2024-12-22 19:15:17,514 [ERROR] LogOutputStream:75 - [STDERR_REDIRECT] 
2024-12-22 19:15:18,510 [ERROR] LogOutputStream:75 - [STDERR_REDIRECT] [Fatal Error] :1:1: Premature end of file.
2024-12-22 19:15:18,510 [ERROR] LogOutputStream:75 - [STDERR_REDIRECT] 
2024-12-22 19:15:19,512 [ERROR] LogOutputStream:75 - [STDERR_REDIRECT] [Fatal Error] :1:1: Premature end of file.
2024-12-22 19:15:19,512 [ERROR] LogOutputStream:75 - [STDERR_REDIRECT] 
2024-12-22 19:15:20,505 [ERROR] LogOutputStream:75 - [STDERR_REDIRECT] [Fatal Error] :1:1: Premature end of file.
2024-12-22 19:15:20,505 [ERROR] LogOutputStream:75 - [STDERR_REDIRECT] 
2024-12-22 19:15:21,514 [ERROR] LogOutputStream:75 - [STDERR_REDIRECT] [Fatal Error] :1:1: Premature end of file.
2024-12-22 19:15:21,514 [ERROR] LogOutputStream:75 - [STDERR_REDIRECT] 
2024-12-22 19:15:22,510 [ERROR] LogOutputStream:75 - [STDERR_REDIRECT] [Fatal Error] :1:1: Premature end of file.
2024-12-22 19:15:22,510 [ERROR] LogOutputStream:75 - [STDERR_REDIRECT] 
2024-12-22 19:15:23,517 [ERROR] LogOutputStream:75 - [STDERR_REDIRECT] [Fatal Error] :1:1: Premature end of file.
2024-12-22 19:15:23,518 [ERROR] LogOutputStream:75 - [STDERR_REDIRECT] 
2024-12-22 19:15:24,514 [ERROR] LogOutputStream:75 - [STDERR_REDIRECT] [Fatal Error] :1:1: Premature end of file.
2024-12-22 19:15:24,515 [ERROR] LogOutputStream:75 - [STDERR_REDIRECT] 
2024-12-22 19:15:25,503 [ERROR] LogOutputStream:75 - [STDERR_REDIRECT] [Fatal Error] :1:1: Premature end of file.
2024-12-22 19:15:25,503 [ERROR] LogOutputStream:75 - [STDERR_REDIRECT] 
2024-12-22 19:15:26,505 [ERROR] LogOutputStream:75 - [STDERR_REDIRECT] [Fatal Error] :1:1: Premature end of file.
2024-12-22 19:15:26,505 [ERROR] LogOutputStream:75 - [STDERR_REDIRECT] 
2024-12-22 19:15:27,504 [ERROR] LogOutputStream:75 - [STDERR_REDIRECT] [Fatal Error] :1:1: Premature end of file.
2024-12-22 19:15:27,504 [ERROR] LogOutputStream:75 - [STDERR_REDIRECT] 
2024-12-22 19:15:28,504 [ERROR] LogOutputStream:75 - [STDERR_REDIRECT] [Fatal Error] :1:1: Premature end of file.
2024-12-22 19:15:28,504 [ERROR] LogOutputStream:75 - [STDERR_REDIRECT] 
2024-12-22 19:15:29,503 [ERROR] LogOutputStream:75 - [STDERR_REDIRECT] [Fatal Error] :1:1: Premature end of file.
2024-12-22 19:15:29,503 [ERROR] LogOutputStream:75 - [STDERR_REDIRECT] 
2024-12-22 19:15:30,510 [ERROR] LogOutputStream:75 - [STDERR_REDIRECT] [Fatal Error] :1:1: Premature end of file.
2024-12-22 19:15:30,510 [ERROR] LogOutputStream:75 - [STDERR_REDIRECT] 
2024-12-22 19:15:31,503 [ERROR] LogOutputStream:75 - [STDERR_REDIRECT] [Fatal Error] :1:1: Premature end of file.
2024-12-22 19:15:31,503 [ERROR] LogOutputStream:75 - [STDERR_REDIRECT] 
2024-12-22 19:15:32,507 [ERROR] LogOutputStream:75 - [STDERR_REDIRECT] [Fatal Error] :1:1: Premature end of file.
2024-12-22 19:15:32,507 [ERROR] LogOutputStream:75 - [STDERR_REDIRECT] 
2024-12-22 19:15:33,511 [ERROR] LogOutputStream:75 - [STDERR_REDIRECT] [Fatal Error] :1:1: Premature end of file.
2024-12-22 19:15:33,511 [ERROR] LogOutputStream:75 - [STDERR_REDIRECT] 
2024-12-22 19:15:34,511 [ERROR] LogOutputStream:75 - [STDERR_REDIRECT] [Fatal Error] :1:1: Premature end of file.
2024-12-22 19:15:34,511 [ERROR] LogOutputStream:75 - [STDERR_REDIRECT] 
2024-12-22 19:15:35,516 [ERROR] LogOutputStream:75 - [STDERR_REDIRECT] [Fatal Error] :1:1: Premature end of file.
2024-12-22 19:15:35,516 [ERROR] LogOutputStream:75 - [STDERR_REDIRECT] 
2024-12-22 19:15:36,516 [ERROR] LogOutputStream:75 - [STDERR_REDIRECT] [Fatal Error] :1:1: Premature end of file.
2024-12-22 19:15:36,516 [ERROR] LogOutputStream:75 - [STDERR_REDIRECT] 
2024-12-22 19:15:37,507 [ERROR] LogOutputStream:75 - [STDERR_REDIRECT] [Fatal Error] :1:1: Premature end of file.
2024-12-22 19:15:37,507 [ERROR] LogOutputStream:75 - [STDERR_REDIRECT] 
2024-12-22 19:15:38,508 [ERROR] LogOutputStream:75 - [STDERR_REDIRECT] [Fatal Error] :1:1: Premature end of file.
2024-12-22 19:15:38,509 [ERROR] LogOutputStream:75 - [STDERR_REDIRECT] 
2024-12-22 19:15:39,513 [ERROR] LogOutputStream:75 - [STDERR_REDIRECT] [Fatal Error] :1:1: Premature end of file.
2024-12-22 19:15:39,513 [ERROR] LogOutputStream:75 - [STDERR_REDIRECT] 
2024-12-22 19:15:40,512 [ERROR] LogOutputStream:75 - [STDERR_REDIRECT] [Fatal Error] :1:1: Premature end of file.
2024-12-22 19:15:40,512 [ERROR] LogOutputStream:75 - [STDERR_REDIRECT] 
2024-12-22 19:15:41,510 [ERROR] LogOutputStream:75 - [STDERR_REDIRECT] [Fatal Error] :1:1: Premature end of file.
2024-12-22 19:15:41,510 [ERROR] LogOutputStream:75 - [STDERR_REDIRECT] 
2024-12-22 19:15:42,511 [ERROR] LogOutputStream:75 - [STDERR_REDIRECT] [Fatal Error] :1:1: Premature end of file.
2024-12-22 19:15:42,511 [ERROR] LogOutputStream:75 - [STDERR_REDIRECT] 
2024-12-22 19:15:43,514 [ERROR] LogOutputStream:75 - [STDERR_REDIRECT] [Fatal Error] :1:1: Premature end of file.
2024-12-22 19:15:43,515 [ERROR] LogOutputStream:75 - [STDERR_REDIRECT] 
2024-12-22 19:15:44,517 [ERROR] LogOutputStream:75 - [STDERR_REDIRECT] [Fatal Error] :1:1: Premature end of file.
2024-12-22 19:15:44,517 [ERROR] LogOutputStream:75 - [STDERR_REDIRECT] 
2024-12-22 19:15:45,508 [ERROR] LogOutputStream:75 - [STDERR_REDIRECT] [Fatal Error] :1:1: Premature end of file.
2024-12-22 19:15:45,508 [ERROR] LogOutputStream:75 - [STDERR_REDIRECT] 
2024-12-22 19:15:46,503 [ERROR] LogOutputStream:75 - [STDERR_REDIRECT] [Fatal Error] :1:1: Premature end of file.
2024-12-22 19:15:46,503 [ERROR] LogOutputStream:75 - [STDERR_REDIRECT] 
2024-12-22 19:15:47,503 [ERROR] LogOutputStream:75 - [STDERR_REDIRECT] [Fatal Error] :1:1: Premature end of file.
2024-12-22 19:15:47,503 [ERROR] LogOutputStream:75 - [STDERR_REDIRECT] 
2024-12-22 19:15:48,505 [ERROR] LogOutputStream:75 - [STDERR_REDIRECT] [Fatal Error] :1:1: Premature end of file.
2024-12-22 19:15:48,505 [ERROR] LogOutputStream:75 - [STDERR_REDIRECT] 
2024-12-22 19:15:49,522 [ERROR] LogOutputStream:75 - [STDERR_REDIRECT] [Fatal Error] :1:1: Premature end of file.
2024-12-22 19:15:49,522 [ERROR] LogOutputStream:75 - [STDERR_REDIRECT] 
2024-12-22 19:15:50,502 [ERROR] LogOutputStream:75 - [STDERR_REDIRECT] [Fatal Error] :1:1: Premature end of file.
2024-12-22 19:15:50,502 [ERROR] LogOutputStream:75 - [STDERR_REDIRECT] 
2024-12-22 19:15:51,506 [ERROR] LogOutputStream:75 - [STDERR_REDIRECT] [Fatal Error] :1:1: Premature end of file.
2024-12-22 19:15:51,507 [ERROR] LogOutputStream:75 - [STDERR_REDIRECT] 
2024-12-22 19:15:52,506 [ERROR] LogOutputStream:75 - [STDERR_REDIRECT] [Fatal Error] :1:1: Premature end of file.
2024-12-22 19:15:52,506 [ERROR] LogOutputStream:75 - [STDERR_REDIRECT] 
2024-12-22 19:15:53,506 [ERROR] LogOutputStream:75 - [STDERR_REDIRECT] [Fatal Error] :1:1: Premature end of file.
2024-12-22 19:15:53,506 [ERROR] LogOutputStream:75 - [STDERR_REDIRECT] 
2024-12-22 19:15:54,504 [ERROR] LogOutputStream:75 - [STDERR_REDIRECT] [Fatal Error] :1:1: Premature end of file.
2024-12-22 19:15:54,504 [ERROR] LogOutputStream:75 - [STDERR_REDIRECT] 
2024-12-22 19:15:55,519 [ERROR] LogOutputStream:75 - [STDERR_REDIRECT] [Fatal Error] :1:1: Premature end of file.
2024-12-22 19:15:55,519 [ERROR] LogOutputStream:75 - [STDERR_REDIRECT] 
2024-12-22 19:15:56,507 [ERROR] LogOutputStream:75 - [STDERR_REDIRECT] [Fatal Error] :1:1: Premature end of file.
2024-12-22 19:15:56,507 [ERROR] LogOutputStream:75 - [STDERR_REDIRECT] 
2024-12-22 19:15:57,507 [ERROR] LogOutputStream:75 - [STDERR_REDIRECT] [Fatal Error] :1:1: Premature end of file.
2024-12-22 19:15:57,507 [ERROR] LogOutputStream:75 - [STDERR_REDIRECT] 
2024-12-22 19:15:58,515 [ERROR] LogOutputStream:75 - [STDERR_REDIRECT] [Fatal Error] :1:1: Premature end of file.
2024-12-22 19:15:58,515 [ERROR] LogOutputStream:75 - [STDERR_REDIRECT] 
2024-12-22 19:15:59,516 [ERROR] LogOutputStream:75 - [STDERR_REDIRECT] [Fatal Error] :1:1: Premature end of file.
2024-12-22 19:15:59,516 [ERROR] LogOutputStream:75 - [STDERR_REDIRECT] 
2024-12-22 19:16:00,505 [ERROR] LogOutputStream:75 - [STDERR_REDIRECT] [Fatal Error] :1:1: Premature end of file.
2024-12-22 19:16:00,505 [ERROR] LogOutputStream:75 - [STDERR_REDIRECT] 
2024-12-22 19:16:01,510 [ERROR] LogOutputStream:75 - [STDERR_REDIRECT] [Fatal Error] :1:1: Premature end of file.
2024-12-22 19:16:01,510 [ERROR] LogOutputStream:75 - [STDERR_REDIRECT] 
2024-12-22 19:16:02,515 [ERROR] LogOutputStream:75 - [STDERR_REDIRECT] [Fatal Error] :1:1: Premature end of file.
2024-12-22 19:16:02,515 [ERROR] LogOutputStream:75 - [STDERR_REDIRECT] 
2024-12-22 19:16:03,507 [ERROR] LogOutputStream:75 - [STDERR_REDIRECT] [Fatal Error] :1:1: Premature end of file.
2024-12-22 19:16:03,507 [ERROR] LogOutputStream:75 - [STDERR_REDIRECT] 
2024-12-22 19:16:04,509 [ERROR] LogOutputStream:75 - [STDERR_REDIRECT] [Fatal Error] :1:1: Premature end of file.
2024-12-22 19:16:04,509 [ERROR] LogOutputStream:75 - [STDERR_REDIRECT] 
2024-12-22 19:16:05,504 [ERROR] LogOutputStream:75 - [STDERR_REDIRECT] [Fatal Error] :1:1: Premature end of file.
2024-12-22 19:16:05,504 [ERROR] LogOutputStream:75 - [STDERR_REDIRECT] 
2024-12-22 19:16:06,516 [ERROR] LogOutputStream:75 - [STDERR_REDIRECT] [Fatal Error] :1:1: Premature end of file.
2024-12-22 19:16:06,516 [ERROR] LogOutputStream:75 - [STDERR_REDIRECT] 
2024-12-22 19:16:07,507 [ERROR] LogOutputStream:75 - [STDERR_REDIRECT] [Fatal Error] :1:1: Premature end of file.
2024-12-22 19:16:07,507 [ERROR] LogOutputStream:75 - [STDERR_REDIRECT] 
2024-12-22 19:16:08,511 [ERROR] LogOutputStream:75 - [STDERR_REDIRECT] [Fatal Error] :1:1: Premature end of file.
2024-12-22 19:16:08,511 [ERROR] LogOutputStream:75 - [STDERR_REDIRECT] 
2024-12-22 19:16:09,505 [ERROR] LogOutputStream:75 - [STDERR_REDIRECT] [Fatal Error] :1:1: Premature end of file.
2024-12-22 19:16:09,505 [ERROR] LogOutputStream:75 - [STDERR_REDIRECT] 
2024-12-22 19:16:10,510 [ERROR] LogOutputStream:75 - [STDERR_REDIRECT] [Fatal Error] :1:1: Premature end of file.
2024-12-22 19:16:10,511 [ERROR] LogOutputStream:75 - [STDERR_REDIRECT] 
2024-12-22 19:16:11,507 [ERROR] LogOutputStream:75 - [STDERR_REDIRECT] [Fatal Error] :1:1: Premature end of file.
2024-12-22 19:16:11,507 [ERROR] LogOutputStream:75 - [STDERR_REDIRECT] 
2024-12-22 19:16:12,516 [ERROR] LogOutputStream:75 - [STDERR_REDIRECT] [Fatal Error] :1:1: Premature end of file.
2024-12-22 19:16:12,516 [ERROR] LogOutputStream:75 - [STDERR_REDIRECT] 
2024-12-22 19:16:13,509 [ERROR] LogOutputStream:75 - [STDERR_REDIRECT] [Fatal Error] :1:1: Premature end of file.
2024-12-22 19:16:13,509 [ERROR] LogOutputStream:75 - [STDERR_REDIRECT] 
2024-12-22 19:16:14,502 [ERROR] LogOutputStream:75 - [STDERR_REDIRECT] [Fatal Error] :1:1: Premature end of file.
2024-12-22 19:16:14,502 [ERROR] LogOutputStream:75 - [STDERR_REDIRECT] 
2024-12-22 19:16:15,516 [ERROR] LogOutputStream:75 - [STDERR_REDIRECT] [Fatal Error] :1:1: Premature end of file.
2024-12-22 19:16:15,516 [ERROR] LogOutputStream:75 - [STDERR_REDIRECT] 
2024-12-22 19:16:16,502 [ERROR] LogOutputStream:75 - [STDERR_REDIRECT] [Fatal Error] :1:1: Premature end of file.
2024-12-22 19:16:16,502 [ERROR] LogOutputStream:75 - [STDERR_REDIRECT] 
2024-12-22 19:16:17,512 [ERROR] LogOutputStream:75 - [STDERR_REDIRECT] [Fatal Error] :1:1: Premature end of file.
2024-12-22 19:16:17,512 [ERROR] LogOutputStream:75 - [STDERR_REDIRECT] 
2024-12-22 19:16:18,502 [ERROR] LogOutputStream:75 - [STDERR_REDIRECT] [Fatal Error] :1:1: Premature end of file.
2024-12-22 19:16:18,502 [ERROR] LogOutputStream:75 - [STDERR_REDIRECT] 
2024-12-22 19:16:19,505 [ERROR] LogOutputStream:75 - [STDERR_REDIRECT] [Fatal Error] :1:1: Premature end of file.
2024-12-22 19:16:19,505 [ERROR] LogOutputStream:75 - [STDERR_REDIRECT] 
2024-12-22 19:16:20,506 [ERROR] LogOutputStream:75 - [STDERR_REDIRECT] [Fatal Error] :1:1: Premature end of file.
2024-12-22 19:16:20,508 [ERROR] LogOutputStream:75 - [STDERR_REDIRECT] 
2024-12-22 19:16:21,510 [ERROR] LogOutputStream:75 - [STDERR_REDIRECT] [Fatal Error] :1:1: Premature end of file.
2024-12-22 19:16:21,510 [ERROR] LogOutputStream:75 - [STDERR_REDIRECT] 
2024-12-22 19:16:22,506 [ERROR] LogOutputStream:75 - [STDERR_REDIRECT] [Fatal Error] :1:1: Premature end of file.
2024-12-22 19:16:22,506 [ERROR] LogOutputStream:75 - [STDERR_REDIRECT] 
2024-12-22 19:16:23,508 [ERROR] LogOutputStream:75 - [STDERR_REDIRECT] [Fatal Error] :1:1: Premature end of file.
2024-12-22 19:16:23,508 [ERROR] LogOutputStream:75 - [STDERR_REDIRECT] 
2024-12-22 19:16:24,514 [ERROR] LogOutputStream:75 - [STDERR_REDIRECT] [Fatal Error] :1:1: Premature end of file.
2024-12-22 19:16:24,514 [ERROR] LogOutputStream:75 - [STDERR_REDIRECT] 
2024-12-22 19:16:25,504 [ERROR] LogOutputStream:75 - [STDERR_REDIRECT] [Fatal Error] :1:1: Premature end of file.
2024-12-22 19:16:25,504 [ERROR] LogOutputStream:75 - [STDERR_REDIRECT] 
2024-12-22 19:16:26,504 [ERROR] LogOutputStream:75 - [STDERR_REDIRECT] [Fatal Error] :1:1: Premature end of file.
2024-12-22 19:16:26,504 [ERROR] LogOutputStream:75 - [STDERR_REDIRECT] 
2024-12-22 19:16:27,520 [ERROR] LogOutputStream:75 - [STDERR_REDIRECT] [Fatal Error] :1:1: Premature end of file.
2024-12-22 19:16:27,520 [ERROR] LogOutputStream:75 - [STDERR_REDIRECT] 
2024-12-22 19:16:28,509 [ERROR] LogOutputStream:75 - [STDERR_REDIRECT] [Fatal Error] :1:1: Premature end of file.
2024-12-22 19:16:28,509 [ERROR] LogOutputStream:75 - [STDERR_REDIRECT] 
2024-12-22 19:16:29,521 [ERROR] LogOutputStream:75 - [STDERR_REDIRECT] [Fatal Error] :1:1: Premature end of file.
2024-12-22 19:16:29,521 [ERROR] LogOutputStream:75 - [STDERR_REDIRECT] 
2024-12-22 19:16:30,502 [ERROR] LogOutputStream:75 - [STDERR_REDIRECT] [Fatal Error] :1:1: Premature end of file.
2024-12-22 19:16:30,502 [ERROR] LogOutputStream:75 - [STDERR_REDIRECT] 
2024-12-22 19:16:31,511 [ERROR] LogOutputStream:75 - [STDERR_REDIRECT] [Fatal Error] :1:1: Premature end of file.
2024-12-22 19:16:31,511 [ERROR] LogOutputStream:75 - [STDERR_REDIRECT] 
2024-12-22 19:16:32,496 [ERROR] LogOutputStream:75 - [STDERR_REDIRECT] [Fatal Error] :1:1: Premature end of file.
2024-12-22 19:16:32,496 [ERROR] LogOutputStream:75 - [STDERR_REDIRECT] 
2024-12-22 19:16:33,509 [ERROR] LogOutputStream:75 - [STDERR_REDIRECT] [Fatal Error] :1:1: Premature end of file.
2024-12-22 19:16:33,510 [ERROR] LogOutputStream:75 - [STDERR_REDIRECT] 
2024-12-22 19:16:34,519 [ERROR] LogOutputStream:75 - [STDERR_REDIRECT] [Fatal Error] :1:1: Premature end of file.
2024-12-22 19:16:34,519 [ERROR] LogOutputStream:75 - [STDERR_REDIRECT] 
2024-12-22 19:16:35,511 [ERROR] LogOutputStream:75 - [STDERR_REDIRECT] [Fatal Error] :1:1: Premature end of file.
2024-12-22 19:16:35,511 [ERROR] LogOutputStream:75 - [STDERR_REDIRECT] 
2024-12-22 19:16:36,519 [ERROR] LogOutputStream:75 - [STDERR_REDIRECT] [Fatal Error] :1:1: Premature end of file.
2024-12-22 19:16:36,519 [ERROR] LogOutputStream:75 - [STDERR_REDIRECT] 
2024-12-22 19:16:37,507 [ERROR] LogOutputStream:75 - [STDERR_REDIRECT] [Fatal Error] :1:1: Premature end of file.
2024-12-22 19:16:37,507 [ERROR] LogOutputStream:75 - [STDERR_REDIRECT] 
2024-12-22 19:16:38,519 [ERROR] LogOutputStream:75 - [STDERR_REDIRECT] [Fatal Error] :1:1: Premature end of file.
2024-12-22 19:16:38,519 [ERROR] LogOutputStream:75 - [STDERR_REDIRECT] 
2024-12-22 19:16:39,517 [ERROR] LogOutputStream:75 - [STDERR_REDIRECT] [Fatal Error] :1:1: Premature end of file.
2024-12-22 19:16:39,517 [ERROR] LogOutputStream:75 - [STDERR_REDIRECT] 
2024-12-22 19:16:40,519 [ERROR] LogOutputStream:75 - [STDERR_REDIRECT] [Fatal Error] :1:1: Premature end of file.
2024-12-22 19:16:40,519 [ERROR] LogOutputStream:75 - [STDERR_REDIRECT] 
2024-12-22 19:16:41,510 [ERROR] LogOutputStream:75 - [STDERR_REDIRECT] [Fatal Error] :1:1: Premature end of file.
2024-12-22 19:16:41,510 [ERROR] LogOutputStream:75 - [STDERR_REDIRECT] 
2024-12-22 19:16:42,519 [ERROR] LogOutputStream:75 - [STDERR_REDIRECT] [Fatal Error] :1:1: Premature end of file.
2024-12-22 19:16:42,520 [ERROR] LogOutputStream:75 - [STDERR_REDIRECT] 
2024-12-22 19:16:43,506 [ERROR] LogOutputStream:75 - [STDERR_REDIRECT] [Fatal Error] :1:1: Premature end of file.
2024-12-22 19:16:43,506 [ERROR] LogOutputStream:75 - [STDERR_REDIRECT] 
2024-12-22 19:16:44,509 [ERROR] LogOutputStream:75 - [STDERR_REDIRECT] [Fatal Error] :1:1: Premature end of file.
2024-12-22 19:16:44,509 [ERROR] LogOutputStream:75 - [STDERR_REDIRECT] 
2024-12-22 19:16:45,516 [ERROR] LogOutputStream:75 - [STDERR_REDIRECT] [Fatal Error] :1:1: Premature end of file.
2024-12-22 19:16:45,516 [ERROR] LogOutputStream:75 - [STDERR_REDIRECT] 
2024-12-22 19:16:46,510 [ERROR] LogOutputStream:75 - [STDERR_REDIRECT] [Fatal Error] :1:1: Premature end of file.
2024-12-22 19:16:46,510 [ERROR] LogOutputStream:75 - [STDERR_REDIRECT] 
2024-12-22 19:16:47,516 [ERROR] LogOutputStream:75 - [STDERR_REDIRECT] [Fatal Error] :1:1: Premature end of file.
2024-12-22 19:16:47,516 [ERROR] LogOutputStream:75 - [STDERR_REDIRECT] 
2024-12-22 19:16:48,521 [ERROR] LogOutputStream:75 - [STDERR_REDIRECT] [Fatal Error] :1:1: Premature end of file.
2024-12-22 19:16:48,521 [ERROR] LogOutputStream:75 - [STDERR_REDIRECT] 
2024-12-22 19:16:49,515 [ERROR] LogOutputStream:75 - [STDERR_REDIRECT] [Fatal Error] :1:1: Premature end of file.
2024-12-22 19:16:49,516 [ERROR] LogOutputStream:75 - [STDERR_REDIRECT] 
2024-12-22 19:16:50,515 [ERROR] LogOutputStream:75 - [STDERR_REDIRECT] [Fatal Error] :1:1: Premature end of file.
2024-12-22 19:16:50,515 [ERROR] LogOutputStream:75 - [STDERR_REDIRECT] 
2024-12-22 19:16:51,511 [ERROR] LogOutputStream:75 - [STDERR_REDIRECT] [Fatal Error] :1:1: Premature end of file.
2024-12-22 19:16:51,511 [ERROR] LogOutputStream:75 - [STDERR_REDIRECT] 
2024-12-22 19:16:52,508 [ERROR] LogOutputStream:75 - [STDERR_REDIRECT] [Fatal Error] :1:1: Premature end of file.
2024-12-22 19:16:52,508 [ERROR] LogOutputStream:75 - [STDERR_REDIRECT] 
2024-12-22 19:16:53,512 [ERROR] LogOutputStream:75 - [STDERR_REDIRECT] [Fatal Error] :1:1: Premature end of file.
2024-12-22 19:16:53,512 [ERROR] LogOutputStream:75 - [STDERR_REDIRECT] 
2024-12-22 19:16:54,515 [ERROR] LogOutputStream:75 - [STDERR_REDIRECT] [Fatal Error] :1:1: Premature end of file.
2024-12-22 19:16:54,515 [ERROR] LogOutputStream:75 - [STDERR_REDIRECT] 
2024-12-22 19:16:55,519 [ERROR] LogOutputStream:75 - [STDERR_REDIRECT] [Fatal Error] :1:1: Premature end of file.
2024-12-22 19:16:55,519 [ERROR] LogOutputStream:75 - [STDERR_REDIRECT] 
2024-12-22 19:16:56,517 [ERROR] LogOutputStream:75 - [STDERR_REDIRECT] [Fatal Error] :1:1: Premature end of file.
2024-12-22 19:16:56,518 [ERROR] LogOutputStream:75 - [STDERR_REDIRECT] 
2024-12-22 19:16:57,517 [ERROR] LogOutputStream:75 - [STDERR_REDIRECT] [Fatal Error] :1:1: Premature end of file.
2024-12-22 19:16:57,517 [ERROR] LogOutputStream:75 - [STDERR_REDIRECT] 
2024-12-22 19:16:58,517 [ERROR] LogOutputStream:75 - [STDERR_REDIRECT] [Fatal Error] :1:1: Premature end of file.
2024-12-22 19:16:58,517 [ERROR] LogOutputStream:75 - [STDERR_REDIRECT] 
2024-12-22 19:16:59,518 [ERROR] LogOutputStream:75 - [STDERR_REDIRECT] [Fatal Error] :1:1: Premature end of file.
2024-12-22 19:16:59,518 [ERROR] LogOutputStream:75 - [STDERR_REDIRECT] 
2024-12-22 19:17:00,509 [ERROR] LogOutputStream:75 - [STDERR_REDIRECT] [Fatal Error] :1:1: Premature end of file.
2024-12-22 19:17:00,509 [ERROR] LogOutputStream:75 - [STDERR_REDIRECT] 
2024-12-22 19:17:01,514 [ERROR] LogOutputStream:75 - [STDERR_REDIRECT] [Fatal Error] :1:1: Premature end of file.
2024-12-22 19:17:01,514 [ERROR] LogOutputStream:75 - [STDERR_REDIRECT] 
2024-12-22 19:17:02,511 [ERROR] LogOutputStream:75 - [STDERR_REDIRECT] [Fatal Error] :1:1: Premature end of file.
2024-12-22 19:17:02,511 [ERROR] LogOutputStream:75 - [STDERR_REDIRECT] 
2024-12-22 19:17:03,515 [ERROR] LogOutputStream:75 - [STDERR_REDIRECT] [Fatal Error] :1:1: Premature end of file.
2024-12-22 19:17:03,515 [ERROR] LogOutputStream:75 - [STDERR_REDIRECT] 
2024-12-22 19:17:04,515 [ERROR] LogOutputStream:75 - [STDERR_REDIRECT] [Fatal Error] :1:1: Premature end of file.
2024-12-22 19:17:04,515 [ERROR] LogOutputStream:75 - [STDERR_REDIRECT] 
2024-12-22 19:17:05,502 [ERROR] LogOutputStream:75 - [STDERR_REDIRECT] [Fatal Error] :1:1: Premature end of file.
2024-12-22 19:17:05,503 [ERROR] LogOutputStream:75 - [STDERR_REDIRECT] 
2024-12-22 19:17:06,513 [ERROR] LogOutputStream:75 - [STDERR_REDIRECT] [Fatal Error] :1:1: Premature end of file.
2024-12-22 19:17:06,513 [ERROR] LogOutputStream:75 - [STDERR_REDIRECT] 
2024-12-22 19:17:07,505 [ERROR] LogOutputStream:75 - [STDERR_REDIRECT] [Fatal Error] :1:1: Premature end of file.
2024-12-22 19:17:07,505 [ERROR] LogOutputStream:75 - [STDERR_REDIRECT] 
2024-12-22 19:17:08,516 [ERROR] LogOutputStream:75 - [STDERR_REDIRECT] [Fatal Error] :1:1: Premature end of file.
2024-12-22 19:17:08,516 [ERROR] LogOutputStream:75 - [STDERR_REDIRECT] 
2024-12-22 19:17:09,517 [ERROR] LogOutputStream:75 - [STDERR_REDIRECT] [Fatal Error] :1:1: Premature end of file.
2024-12-22 19:17:09,517 [ERROR] LogOutputStream:75 - [STDERR_REDIRECT] 
2024-12-22 19:17:10,508 [ERROR] LogOutputStream:75 - [STDERR_REDIRECT] [Fatal Error] :1:1: Premature end of file.
2024-12-22 19:17:10,508 [ERROR] LogOutputStream:75 - [STDERR_REDIRECT] 
2024-12-22 19:17:11,511 [ERROR] LogOutputStream:75 - [STDERR_REDIRECT] [Fatal Error] :1:1: Premature end of file.
2024-12-22 19:17:11,511 [ERROR] LogOutputStream:75 - [STDERR_REDIRECT] 
2024-12-22 19:17:12,515 [ERROR] LogOutputStream:75 - [STDERR_REDIRECT] [Fatal Error] :1:1: Premature end of file.
2024-12-22 19:17:12,515 [ERROR] LogOutputStream:75 - [STDERR_REDIRECT] 
2024-12-22 19:17:13,504 [ERROR] LogOutputStream:75 - [STDERR_REDIRECT] [Fatal Error] :1:1: Premature end of file.
2024-12-22 19:17:13,504 [ERROR] LogOutputStream:75 - [STDERR_REDIRECT] 
2024-12-22 19:17:14,521 [ERROR] LogOutputStream:75 - [STDERR_REDIRECT] [Fatal Error] :1:1: Premature end of file.
2024-12-22 19:17:14,521 [ERROR] LogOutputStream:75 - [STDERR_REDIRECT] 
2024-12-22 19:17:15,520 [ERROR] LogOutputStream:75 - [STDERR_REDIRECT] [Fatal Error] :1:1: Premature end of file.
2024-12-22 19:17:15,520 [ERROR] LogOutputStream:75 - [STDERR_REDIRECT] 
2024-12-22 19:17:16,512 [ERROR] LogOutputStream:75 - [STDERR_REDIRECT] [Fatal Error] :1:1: Premature end of file.
2024-12-22 19:17:16,512 [ERROR] LogOutputStream:75 - [STDERR_REDIRECT] 
2024-12-22 19:17:17,518 [ERROR] LogOutputStream:75 - [STDERR_REDIRECT] [Fatal Error] :1:1: Premature end of file.
2024-12-22 19:17:17,518 [ERROR] LogOutputStream:75 - [STDERR_REDIRECT] 
2024-12-22 19:17:18,510 [ERROR] LogOutputStream:75 - [STDERR_REDIRECT] [Fatal Error] :1:1: Premature end of file.
2024-12-22 19:17:18,510 [ERROR] LogOutputStream:75 - [STDERR_REDIRECT] 
2024-12-22 19:17:19,519 [ERROR] LogOutputStream:75 - [STDERR_REDIRECT] [Fatal Error] :1:1: Premature end of file.
2024-12-22 19:17:19,519 [ERROR] LogOutputStream:75 - [STDERR_REDIRECT] 
2024-12-22 19:17:20,510 [ERROR] LogOutputStream:75 - [STDERR_REDIRECT] [Fatal Error] :1:1: Premature end of file.
2024-12-22 19:17:20,511 [ERROR] LogOutputStream:75 - [STDERR_REDIRECT] 
2024-12-22 19:17:21,514 [ERROR] LogOutputStream:75 - [STDERR_REDIRECT] [Fatal Error] :1:1: Premature end of file.
2024-12-22 19:17:21,514 [ERROR] LogOutputStream:75 - [STDERR_REDIRECT] 
2024-12-22 19:17:22,508 [ERROR] LogOutputStream:75 - [STDERR_REDIRECT] [Fatal Error] :1:1: Premature end of file.
2024-12-22 19:17:22,508 [ERROR] LogOutputStream:75 - [STDERR_REDIRECT] 
2024-12-22 19:17:23,510 [ERROR] LogOutputStream:75 - [STDERR_REDIRECT] [Fatal Error] :1:1: Premature end of file.
2024-12-22 19:17:23,510 [ERROR] LogOutputStream:75 - [STDERR_REDIRECT] 
2024-12-22 19:17:24,519 [ERROR] LogOutputStream:75 - [STDERR_REDIRECT] [Fatal Error] :1:1: Premature end of file.
2024-12-22 19:17:24,519 [ERROR] LogOutputStream:75 - [STDERR_REDIRECT] 
2024-12-22 19:17:25,509 [ERROR] LogOutputStream:75 - [STDERR_REDIRECT] [Fatal Error] :1:1: Premature end of file.
2024-12-22 19:17:25,509 [ERROR] LogOutputStream:75 - [STDERR_REDIRECT] 
2024-12-22 19:17:26,504 [ERROR] LogOutputStream:75 - [STDERR_REDIRECT] [Fatal Error] :1:1: Premature end of file.
2024-12-22 19:17:26,504 [ERROR] LogOutputStream:75 - [STDERR_REDIRECT] 
2024-12-22 19:17:27,510 [ERROR] LogOutputStream:75 - [STDERR_REDIRECT] [Fatal Error] :1:1: Premature end of file.
2024-12-22 19:17:27,510 [ERROR] LogOutputStream:75 - [STDERR_REDIRECT] 
2024-12-22 19:17:28,511 [ERROR] LogOutputStream:75 - [STDERR_REDIRECT] [Fatal Error] :1:1: Premature end of file.
2024-12-22 19:17:28,511 [ERROR] LogOutputStream:75 - [STDERR_REDIRECT] 
2024-12-22 19:17:29,508 [ERROR] LogOutputStream:75 - [STDERR_REDIRECT] [Fatal Error] :1:1: Premature end of file.
2024-12-22 19:17:29,508 [ERROR] LogOutputStream:75 - [STDERR_REDIRECT] 
2024-12-22 19:17:30,508 [ERROR] LogOutputStream:75 - [STDERR_REDIRECT] [Fatal Error] :1:1: Premature end of file.
2024-12-22 19:17:30,508 [ERROR] LogOutputStream:75 - [STDERR_REDIRECT] 
2024-12-22 19:17:31,520 [ERROR] LogOutputStream:75 - [STDERR_REDIRECT] [Fatal Error] :1:1: Premature end of file.
2024-12-22 19:17:31,520 [ERROR] LogOutputStream:75 - [STDERR_REDIRECT] 
2024-12-22 19:17:32,506 [ERROR] LogOutputStream:75 - [STDERR_REDIRECT] [Fatal Error] :1:1: Premature end of file.
2024-12-22 19:17:32,506 [ERROR] LogOutputStream:75 - [STDERR_REDIRECT] 
2024-12-22 19:17:33,510 [ERROR] LogOutputStream:75 - [STDERR_REDIRECT] [Fatal Error] :1:1: Premature end of file.
2024-12-22 19:17:33,510 [ERROR] LogOutputStream:75 - [STDERR_REDIRECT] 
2024-12-22 19:17:34,512 [ERROR] LogOutputStream:75 - [STDERR_REDIRECT] [Fatal Error] :1:1: Premature end of file.
2024-12-22 19:17:34,512 [ERROR] LogOutputStream:75 - [STDERR_REDIRECT] 
2024-12-22 19:17:35,513 [ERROR] LogOutputStream:75 - [STDERR_REDIRECT] [Fatal Error] :1:1: Premature end of file.
2024-12-22 19:17:35,513 [ERROR] LogOutputStream:75 - [STDERR_REDIRECT] 
2024-12-22 19:17:36,509 [ERROR] LogOutputStream:75 - [STDERR_REDIRECT] [Fatal Error] :1:1: Premature end of file.
2024-12-22 19:17:36,509 [ERROR] LogOutputStream:75 - [STDERR_REDIRECT] 
2024-12-22 19:17:37,507 [ERROR] LogOutputStream:75 - [STDERR_REDIRECT] [Fatal Error] :1:1: Premature end of file.
2024-12-22 19:17:37,507 [ERROR] LogOutputStream:75 - [STDERR_REDIRECT] 
2024-12-22 19:17:38,506 [ERROR] LogOutputStream:75 - [STDERR_REDIRECT] [Fatal Error] :1:1: Premature end of file.
2024-12-22 19:17:38,506 [ERROR] LogOutputStream:75 - [STDERR_REDIRECT] 
2024-12-22 19:17:39,517 [ERROR] LogOutputStream:75 - [STDERR_REDIRECT] [Fatal Error] :1:1: Premature end of file.
2024-12-22 19:17:39,517 [ERROR] LogOutputStream:75 - [STDERR_REDIRECT] 
2024-12-22 19:17:40,519 [ERROR] LogOutputStream:75 - [STDERR_REDIRECT] [Fatal Error] :1:1: Premature end of file.
2024-12-22 19:17:40,519 [ERROR] LogOutputStream:75 - [STDERR_REDIRECT] 
2024-12-22 19:17:41,510 [ERROR] LogOutputStream:75 - [STDERR_REDIRECT] [Fatal Error] :1:1: Premature end of file.
2024-12-22 19:17:41,511 [ERROR] LogOutputStream:75 - [STDERR_REDIRECT] 
2024-12-22 19:17:42,506 [ERROR] LogOutputStream:75 - [STDERR_REDIRECT] [Fatal Error] :1:1: Premature end of file.
2024-12-22 19:17:42,506 [ERROR] LogOutputStream:75 - [STDERR_REDIRECT] 
2024-12-22 19:17:43,519 [ERROR] LogOutputStream:75 - [STDERR_REDIRECT] [Fatal Error] :1:1: Premature end of file.
2024-12-22 19:17:43,519 [ERROR] LogOutputStream:75 - [STDERR_REDIRECT] 
2024-12-22 19:17:44,505 [ERROR] LogOutputStream:75 - [STDERR_REDIRECT] [Fatal Error] :1:1: Premature end of file.
2024-12-22 19:17:44,505 [ERROR] LogOutputStream:75 - [STDERR_REDIRECT] 
2024-12-22 19:17:45,514 [ERROR] LogOutputStream:75 - [STDERR_REDIRECT] [Fatal Error] :1:1: Premature end of file.
2024-12-22 19:17:45,514 [ERROR] LogOutputStream:75 - [STDERR_REDIRECT] 
2024-12-22 19:17:46,513 [ERROR] LogOutputStream:75 - [STDERR_REDIRECT] [Fatal Error] :1:1: Premature end of file.
2024-12-22 19:17:46,513 [ERROR] LogOutputStream:75 - [STDERR_REDIRECT] 
2024-12-22 19:17:47,508 [ERROR] LogOutputStream:75 - [STDERR_REDIRECT] [Fatal Error] :1:1: Premature end of file.
2024-12-22 19:17:47,508 [ERROR] LogOutputStream:75 - [STDERR_REDIRECT] 
2024-12-22 19:17:48,514 [ERROR] LogOutputStream:75 - [STDERR_REDIRECT] [Fatal Error] :1:1: Premature end of file.
2024-12-22 19:17:48,514 [ERROR] LogOutputStream:75 - [STDERR_REDIRECT] 
2024-12-22 19:17:49,496 [ERROR] LogOutputStream:75 - [STDERR_REDIRECT] [Fatal Error] :1:1: Premature end of file.
2024-12-22 19:17:49,496 [ERROR] LogOutputStream:75 - [STDERR_REDIRECT] 
2024-12-22 19:17:50,509 [ERROR] LogOutputStream:75 - [STDERR_REDIRECT] [Fatal Error] :1:1: Premature end of file.
2024-12-22 19:17:50,509 [ERROR] LogOutputStream:75 - [STDERR_REDIRECT] 
2024-12-22 19:17:51,506 [ERROR] LogOutputStream:75 - [STDERR_REDIRECT] [Fatal Error] :1:1: Premature end of file.
2024-12-22 19:17:51,506 [ERROR] LogOutputStream:75 - [STDERR_REDIRECT] 
2024-12-22 19:17:52,516 [ERROR] LogOutputStream:75 - [STDERR_REDIRECT] [Fatal Error] :1:1: Premature end of file.
2024-12-22 19:17:52,516 [ERROR] LogOutputStream:75 - [STDERR_REDIRECT] 
2024-12-22 19:17:53,520 [ERROR] LogOutputStream:75 - [STDERR_REDIRECT] [Fatal Error] :1:1: Premature end of file.
2024-12-22 19:17:53,520 [ERROR] LogOutputStream:75 - [STDERR_REDIRECT] 
2024-12-22 19:17:54,507 [ERROR] LogOutputStream:75 - [STDERR_REDIRECT] [Fatal Error] :1:1: Premature end of file.
2024-12-22 19:17:54,507 [ERROR] LogOutputStream:75 - [STDERR_REDIRECT] 
2024-12-22 19:17:55,508 [ERROR] LogOutputStream:75 - [STDERR_REDIRECT] [Fatal Error] :1:1: Premature end of file.
2024-12-22 19:17:55,509 [ERROR] LogOutputStream:75 - [STDERR_REDIRECT] 
2024-12-22 19:17:56,518 [ERROR] LogOutputStream:75 - [STDERR_REDIRECT] [Fatal Error] :1:1: Premature end of file.
2024-12-22 19:17:56,518 [ERROR] LogOutputStream:75 - [STDERR_REDIRECT] 
2024-12-22 19:17:57,502 [ERROR] LogOutputStream:75 - [STDERR_REDIRECT] [Fatal Error] :1:1: Premature end of file.
2024-12-22 19:17:57,502 [ERROR] LogOutputStream:75 - [STDERR_REDIRECT] 
2024-12-22 19:17:58,512 [ERROR] LogOutputStream:75 - [STDERR_REDIRECT] [Fatal Error] :1:1: Premature end of file.
2024-12-22 19:17:58,513 [ERROR] LogOutputStream:75 - [STDERR_REDIRECT] 
2024-12-22 19:17:59,515 [ERROR] LogOutputStream:75 - [STDERR_REDIRECT] [Fatal Error] :1:1: Premature end of file.
2024-12-22 19:17:59,515 [ERROR] LogOutputStream:75 - [STDERR_REDIRECT] 
2024-12-22 19:18:00,519 [ERROR] LogOutputStream:75 - [STDERR_REDIRECT] [Fatal Error] :1:1: Premature end of file.
2024-12-22 19:18:00,519 [ERROR] LogOutputStream:75 - [STDERR_REDIRECT] 
2024-12-22 19:18:01,506 [ERROR] LogOutputStream:75 - [STDERR_REDIRECT] [Fatal Error] :1:1: Premature end of file.
2024-12-22 19:18:01,507 [ERROR] LogOutputStream:75 - [STDERR_REDIRECT] 
2024-12-22 19:18:02,505 [ERROR] LogOutputStream:75 - [STDERR_REDIRECT] [Fatal Error] :1:1: Premature end of file.
2024-12-22 19:18:02,505 [ERROR] LogOutputStream:75 - [STDERR_REDIRECT] 
2024-12-22 19:18:03,509 [ERROR] LogOutputStream:75 - [STDERR_REDIRECT] [Fatal Error] :1:1: Premature end of file.
2024-12-22 19:18:03,509 [ERROR] LogOutputStream:75 - [STDERR_REDIRECT] 
2024-12-22 19:18:04,514 [ERROR] LogOutputStream:75 - [STDERR_REDIRECT] [Fatal Error] :1:1: Premature end of file.
2024-12-22 19:18:04,514 [ERROR] LogOutputStream:75 - [STDERR_REDIRECT] 
2024-12-22 19:18:05,515 [ERROR] LogOutputStream:75 - [STDERR_REDIRECT] [Fatal Error] :1:1: Premature end of file.
2024-12-22 19:18:05,515 [ERROR] LogOutputStream:75 - [STDERR_REDIRECT] 
2024-12-22 19:18:06,508 [ERROR] LogOutputStream:75 - [STDERR_REDIRECT] [Fatal Error] :1:1: Premature end of file.
2024-12-22 19:18:06,508 [ERROR] LogOutputStream:75 - [STDERR_REDIRECT] 
2024-12-22 19:18:07,515 [ERROR] LogOutputStream:75 - [STDERR_REDIRECT] [Fatal Error] :1:1: Premature end of file.
2024-12-22 19:18:07,516 [ERROR] LogOutputStream:75 - [STDERR_REDIRECT] 
2024-12-22 19:18:08,517 [ERROR] LogOutputStream:75 - [STDERR_REDIRECT] [Fatal Error] :1:1: Premature end of file.
2024-12-22 19:18:08,517 [ERROR] LogOutputStream:75 - [STDERR_REDIRECT] 
2024-12-22 19:18:09,508 [ERROR] LogOutputStream:75 - [STDERR_REDIRECT] [Fatal Error] :1:1: Premature end of file.
2024-12-22 19:18:09,508 [ERROR] LogOutputStream:75 - [STDERR_REDIRECT] 
2024-12-22 19:18:10,517 [ERROR] LogOutputStream:75 - [STDERR_REDIRECT] [Fatal Error] :1:1: Premature end of file.
2024-12-22 19:18:10,517 [ERROR] LogOutputStream:75 - [STDERR_REDIRECT] 
2024-12-22 19:18:11,505 [ERROR] LogOutputStream:75 - [STDERR_REDIRECT] [Fatal Error] :1:1: Premature end of file.
2024-12-22 19:18:11,505 [ERROR] LogOutputStream:75 - [STDERR_REDIRECT] 
2024-12-22 19:18:12,509 [ERROR] LogOutputStream:75 - [STDERR_REDIRECT] [Fatal Error] :1:1: Premature end of file.
2024-12-22 19:18:12,509 [ERROR] LogOutputStream:75 - [STDERR_REDIRECT] 
2024-12-22 19:18:13,516 [ERROR] LogOutputStream:75 - [STDERR_REDIRECT] [Fatal Error] :1:1: Premature end of file.
2024-12-22 19:18:13,516 [ERROR] LogOutputStream:75 - [STDERR_REDIRECT] 
2024-12-22 19:18:14,518 [ERROR] LogOutputStream:75 - [STDERR_REDIRECT] [Fatal Error] :1:1: Premature end of file.
2024-12-22 19:18:14,518 [ERROR] LogOutputStream:75 - [STDERR_REDIRECT] 
2024-12-22 19:18:15,518 [ERROR] LogOutputStream:75 - [STDERR_REDIRECT] [Fatal Error] :1:1: Premature end of file.
2024-12-22 19:18:15,518 [ERROR] LogOutputStream:75 - [STDERR_REDIRECT] 
2024-12-22 19:18:16,509 [ERROR] LogOutputStream:75 - [STDERR_REDIRECT] [Fatal Error] :1:1: Premature end of file.
2024-12-22 19:18:16,509 [ERROR] LogOutputStream:75 - [STDERR_REDIRECT] 
2024-12-22 19:18:17,505 [ERROR] LogOutputStream:75 - [STDERR_REDIRECT] [Fatal Error] :1:1: Premature end of file.
2024-12-22 19:18:17,505 [ERROR] LogOutputStream:75 - [STDERR_REDIRECT] 
2024-12-22 19:18:18,518 [ERROR] LogOutputStream:75 - [STDERR_REDIRECT] [Fatal Error] :1:1: Premature end of file.
2024-12-22 19:18:18,518 [ERROR] LogOutputStream:75 - [STDERR_REDIRECT] 
2024-12-22 19:18:19,517 [ERROR] LogOutputStream:75 - [STDERR_REDIRECT] [Fatal Error] :1:1: Premature end of file.
2024-12-22 19:18:19,517 [ERROR] LogOutputStream:75 - [STDERR_REDIRECT] 
2024-12-22 19:18:20,510 [ERROR] LogOutputStream:75 - [STDERR_REDIRECT] [Fatal Error] :1:1: Premature end of file.
2024-12-22 19:18:20,510 [ERROR] LogOutputStream:75 - [STDERR_REDIRECT] 
2024-12-22 19:18:21,517 [ERROR] LogOutputStream:75 - [STDERR_REDIRECT] [Fatal Error] :1:1: Premature end of file.
2024-12-22 19:18:21,517 [ERROR] LogOutputStream:75 - [STDERR_REDIRECT] 
2024-12-22 19:18:22,513 [ERROR] LogOutputStream:75 - [STDERR_REDIRECT] [Fatal Error] :1:1: Premature end of file.
2024-12-22 19:18:22,513 [ERROR] LogOutputStream:75 - [STDERR_REDIRECT] 
2024-12-22 19:18:23,513 [ERROR] LogOutputStream:75 - [STDERR_REDIRECT] [Fatal Error] :1:1: Premature end of file.
2024-12-22 19:18:23,513 [ERROR] LogOutputStream:75 - [STDERR_REDIRECT] 
2024-12-22 19:18:24,505 [ERROR] LogOutputStream:75 - [STDERR_REDIRECT] [Fatal Error] :1:1: Premature end of file.
2024-12-22 19:18:24,505 [ERROR] LogOutputStream:75 - [STDERR_REDIRECT] 
2024-12-22 19:18:25,512 [ERROR] LogOutputStream:75 - [STDERR_REDIRECT] [Fatal Error] :1:1: Premature end of file.
2024-12-22 19:18:25,512 [ERROR] LogOutputStream:75 - [STDERR_REDIRECT] 
2024-12-22 19:18:26,518 [ERROR] LogOutputStream:75 - [STDERR_REDIRECT] [Fatal Error] :1:1: Premature end of file.
2024-12-22 19:18:26,518 [ERROR] LogOutputStream:75 - [STDERR_REDIRECT] 
2024-12-22 19:18:27,518 [ERROR] LogOutputStream:75 - [STDERR_REDIRECT] [Fatal Error] :1:1: Premature end of file.
2024-12-22 19:18:27,518 [ERROR] LogOutputStream:75 - [STDERR_REDIRECT] 
2024-12-22 19:18:28,511 [ERROR] LogOutputStream:75 - [STDERR_REDIRECT] [Fatal Error] :1:1: Premature end of file.
2024-12-22 19:18:28,511 [ERROR] LogOutputStream:75 - [STDERR_REDIRECT] 
2024-12-22 19:18:29,517 [ERROR] LogOutputStream:75 - [STDERR_REDIRECT] [Fatal Error] :1:1: Premature end of file.
2024-12-22 19:18:29,518 [ERROR] LogOutputStream:75 - [STDERR_REDIRECT] 
2024-12-22 19:18:30,505 [ERROR] LogOutputStream:75 - [STDERR_REDIRECT] [Fatal Error] :1:1: Premature end of file.
2024-12-22 19:18:30,505 [ERROR] LogOutputStream:75 - [STDERR_REDIRECT] 
2024-12-22 19:18:31,521 [ERROR] LogOutputStream:75 - [STDERR_REDIRECT] [Fatal Error] :1:1: Premature end of file.
2024-12-22 19:18:31,521 [ERROR] LogOutputStream:75 - [STDERR_REDIRECT] 
2024-12-22 19:18:32,515 [ERROR] LogOutputStream:75 - [STDERR_REDIRECT] [Fatal Error] :1:1: Premature end of file.
2024-12-22 19:18:32,515 [ERROR] LogOutputStream:75 - [STDERR_REDIRECT] 
2024-12-22 19:18:33,519 [ERROR] LogOutputStream:75 - [STDERR_REDIRECT] [Fatal Error] :1:1: Premature end of file.
2024-12-22 19:18:33,519 [ERROR] LogOutputStream:75 - [STDERR_REDIRECT] 
2024-12-22 19:18:34,520 [ERROR] LogOutputStream:75 - [STDERR_REDIRECT] [Fatal Error] :1:1: Premature end of file.
2024-12-22 19:18:34,520 [ERROR] LogOutputStream:75 - [STDERR_REDIRECT] 
2024-12-22 19:18:35,511 [ERROR] LogOutputStream:75 - [STDERR_REDIRECT] [Fatal Error] :1:1: Premature end of file.
2024-12-22 19:18:35,511 [ERROR] LogOutputStream:75 - [STDERR_REDIRECT] 
2024-12-22 19:18:36,517 [ERROR] LogOutputStream:75 - [STDERR_REDIRECT] [Fatal Error] :1:1: Premature end of file.
2024-12-22 19:18:36,517 [ERROR] LogOutputStream:75 - [STDERR_REDIRECT] 
2024-12-22 19:18:37,510 [ERROR] LogOutputStream:75 - [STDERR_REDIRECT] [Fatal Error] :1:1: Premature end of file.
2024-12-22 19:18:37,510 [ERROR] LogOutputStream:75 - [STDERR_REDIRECT] 
2024-12-22 19:18:38,512 [ERROR] LogOutputStream:75 - [STDERR_REDIRECT] [Fatal Error] :1:1: Premature end of file.
2024-12-22 19:18:38,512 [ERROR] LogOutputStream:75 - [STDERR_REDIRECT] 
2024-12-22 19:18:39,503 [ERROR] LogOutputStream:75 - [STDERR_REDIRECT] [Fatal Error] :1:1: Premature end of file.
2024-12-22 19:18:39,503 [ERROR] LogOutputStream:75 - [STDERR_REDIRECT] 
2024-12-22 19:18:40,515 [ERROR] LogOutputStream:75 - [STDERR_REDIRECT] [Fatal Error] :1:1: Premature end of file.
2024-12-22 19:18:40,515 [ERROR] LogOutputStream:75 - [STDERR_REDIRECT] 
2024-12-22 19:18:41,520 [ERROR] LogOutputStream:75 - [STDERR_REDIRECT] [Fatal Error] :1:1: Premature end of file.
2024-12-22 19:18:41,520 [ERROR] LogOutputStream:75 - [STDERR_REDIRECT] 
2024-12-22 19:18:42,511 [ERROR] LogOutputStream:75 - [STDERR_REDIRECT] [Fatal Error] :1:1: Premature end of file.
2024-12-22 19:18:42,511 [ERROR] LogOutputStream:75 - [STDERR_REDIRECT] 
2024-12-22 19:18:43,517 [ERROR] LogOutputStream:75 - [STDERR_REDIRECT] [Fatal Error] :1:1: Premature end of file.
2024-12-22 19:18:43,517 [ERROR] LogOutputStream:75 - [STDERR_REDIRECT] 
2024-12-22 19:18:44,520 [ERROR] LogOutputStream:75 - [STDERR_REDIRECT] [Fatal Error] :1:1: Premature end of file.
2024-12-22 19:18:44,521 [ERROR] LogOutputStream:75 - [STDERR_REDIRECT] 
2024-12-22 19:18:45,510 [ERROR] LogOutputStream:75 - [STDERR_REDIRECT] [Fatal Error] :1:1: Premature end of file.
2024-12-22 19:18:45,510 [ERROR] LogOutputStream:75 - [STDERR_REDIRECT] 
2024-12-22 19:18:46,511 [ERROR] LogOutputStream:75 - [STDERR_REDIRECT] [Fatal Error] :1:1: Premature end of file.
2024-12-22 19:18:46,511 [ERROR] LogOutputStream:75 - [STDERR_REDIRECT] 
2024-12-22 19:18:47,517 [ERROR] LogOutputStream:75 - [STDERR_REDIRECT] [Fatal Error] :1:1: Premature end of file.
2024-12-22 19:18:47,517 [ERROR] LogOutputStream:75 - [STDERR_REDIRECT] 
2024-12-22 19:18:48,510 [ERROR] LogOutputStream:75 - [STDERR_REDIRECT] [Fatal Error] :1:1: Premature end of file.
2024-12-22 19:18:48,510 [ERROR] LogOutputStream:75 - [STDERR_REDIRECT] 
2024-12-22 19:18:49,513 [ERROR] LogOutputStream:75 - [STDERR_REDIRECT] [Fatal Error] :1:1: Premature end of file.
2024-12-22 19:18:49,513 [ERROR] LogOutputStream:75 - [STDERR_REDIRECT] 
2024-12-22 19:18:50,513 [ERROR] LogOutputStream:75 - [STDERR_REDIRECT] [Fatal Error] :1:1: Premature end of file.
2024-12-22 19:18:50,513 [ERROR] LogOutputStream:75 - [STDERR_REDIRECT] 
2024-12-22 19:18:51,506 [ERROR] LogOutputStream:75 - [STDERR_REDIRECT] [Fatal Error] :1:1: Premature end of file.
2024-12-22 19:18:51,506 [ERROR] LogOutputStream:75 - [STDERR_REDIRECT] 
2024-12-22 19:18:52,504 [ERROR] LogOutputStream:75 - [STDERR_REDIRECT] [Fatal Error] :1:1: Premature end of file.
2024-12-22 19:18:52,504 [ERROR] LogOutputStream:75 - [STDERR_REDIRECT] 
2024-12-22 19:18:53,505 [ERROR] LogOutputStream:75 - [STDERR_REDIRECT] [Fatal Error] :1:1: Premature end of file.
2024-12-22 19:18:53,505 [ERROR] LogOutputStream:75 - [STDERR_REDIRECT] 
2024-12-22 19:18:54,504 [ERROR] LogOutputStream:75 - [STDERR_REDIRECT] [Fatal Error] :1:1: Premature end of file.
2024-12-22 19:18:54,504 [ERROR] LogOutputStream:75 - [STDERR_REDIRECT] 
2024-12-22 19:18:55,506 [ERROR] LogOutputStream:75 - [STDERR_REDIRECT] [Fatal Error] :1:1: Premature end of file.
2024-12-22 19:18:55,506 [ERROR] LogOutputStream:75 - [STDERR_REDIRECT] 
2024-12-22 19:18:56,508 [ERROR] LogOutputStream:75 - [STDERR_REDIRECT] [Fatal Error] :1:1: Premature end of file.
2024-12-22 19:18:56,508 [ERROR] LogOutputStream:75 - [STDERR_REDIRECT] 
2024-12-22 19:18:57,517 [ERROR] LogOutputStream:75 - [STDERR_REDIRECT] [Fatal Error] :1:1: Premature end of file.
2024-12-22 19:18:57,517 [ERROR] LogOutputStream:75 - [STDERR_REDIRECT] 
2024-12-22 19:18:58,504 [ERROR] LogOutputStream:75 - [STDERR_REDIRECT] [Fatal Error] :1:1: Premature end of file.
2024-12-22 19:18:58,504 [ERROR] LogOutputStream:75 - [STDERR_REDIRECT] 
2024-12-22 19:18:59,512 [ERROR] LogOutputStream:75 - [STDERR_REDIRECT] [Fatal Error] :1:1: Premature end of file.
2024-12-22 19:18:59,512 [ERROR] LogOutputStream:75 - [STDERR_REDIRECT] 
2024-12-22 19:19:00,503 [ERROR] LogOutputStream:75 - [STDERR_REDIRECT] [Fatal Error] :1:1: Premature end of file.
2024-12-22 19:19:00,503 [ERROR] LogOutputStream:75 - [STDERR_REDIRECT] 
2024-12-22 19:19:01,508 [ERROR] LogOutputStream:75 - [STDERR_REDIRECT] [Fatal Error] :1:1: Premature end of file.
2024-12-22 19:19:01,508 [ERROR] LogOutputStream:75 - [STDERR_REDIRECT] 
2024-12-22 19:19:02,512 [ERROR] LogOutputStream:75 - [STDERR_REDIRECT] [Fatal Error] :1:1: Premature end of file.
2024-12-22 19:19:02,512 [ERROR] LogOutputStream:75 - [STDERR_REDIRECT] 
2024-12-22 19:19:03,524 [ERROR] LogOutputStream:75 - [STDERR_REDIRECT] [Fatal Error] :1:1: Premature end of file.
2024-12-22 19:19:03,524 [ERROR] LogOutputStream:75 - [STDERR_REDIRECT] 
2024-12-22 19:19:04,506 [ERROR] LogOutputStream:75 - [STDERR_REDIRECT] [Fatal Error] :1:1: Premature end of file.
2024-12-22 19:19:04,506 [ERROR] LogOutputStream:75 - [STDERR_REDIRECT] 
2024-12-22 19:19:05,522 [ERROR] LogOutputStream:75 - [STDERR_REDIRECT] [Fatal Error] :1:1: Premature end of file.
2024-12-22 19:19:05,522 [ERROR] LogOutputStream:75 - [STDERR_REDIRECT] 
2024-12-22 19:19:06,513 [ERROR] LogOutputStream:75 - [STDERR_REDIRECT] [Fatal Error] :1:1: Premature end of file.
2024-12-22 19:19:06,514 [ERROR] LogOutputStream:75 - [STDERR_REDIRECT] 
2024-12-22 19:19:07,518 [ERROR] LogOutputStream:75 - [STDERR_REDIRECT] [Fatal Error] :1:1: Premature end of file.
2024-12-22 19:19:07,518 [ERROR] LogOutputStream:75 - [STDERR_REDIRECT] 
2024-12-22 19:19:08,518 [ERROR] LogOutputStream:75 - [STDERR_REDIRECT] [Fatal Error] :1:1: Premature end of file.
2024-12-22 19:19:08,518 [ERROR] LogOutputStream:75 - [STDERR_REDIRECT] 
2024-12-22 19:19:09,506 [ERROR] LogOutputStream:75 - [STDERR_REDIRECT] [Fatal Error] :1:1: Premature end of file.
2024-12-22 19:19:09,506 [ERROR] LogOutputStream:75 - [STDERR_REDIRECT] 
2024-12-22 19:19:10,512 [ERROR] LogOutputStream:75 - [STDERR_REDIRECT] [Fatal Error] :1:1: Premature end of file.
2024-12-22 19:19:10,512 [ERROR] LogOutputStream:75 - [STDERR_REDIRECT] 
2024-12-22 19:19:11,510 [ERROR] LogOutputStream:75 - [STDERR_REDIRECT] [Fatal Error] :1:1: Premature end of file.
2024-12-22 19:19:11,511 [ERROR] LogOutputStream:75 - [STDERR_REDIRECT] 
2024-12-22 19:19:12,516 [ERROR] LogOutputStream:75 - [STDERR_REDIRECT] [Fatal Error] :1:1: Premature end of file.
2024-12-22 19:19:12,516 [ERROR] LogOutputStream:75 - [STDERR_REDIRECT] 
2024-12-22 19:19:13,519 [ERROR] LogOutputStream:75 - [STDERR_REDIRECT] [Fatal Error] :1:1: Premature end of file.
2024-12-22 19:19:13,519 [ERROR] LogOutputStream:75 - [STDERR_REDIRECT] 
2024-12-22 19:19:14,514 [ERROR] LogOutputStream:75 - [STDERR_REDIRECT] [Fatal Error] :1:1: Premature end of file.
2024-12-22 19:19:14,514 [ERROR] LogOutputStream:75 - [STDERR_REDIRECT] 
2024-12-22 19:19:15,506 [ERROR] LogOutputStream:75 - [STDERR_REDIRECT] [Fatal Error] :1:1: Premature end of file.
2024-12-22 19:19:15,506 [ERROR] LogOutputStream:75 - [STDERR_REDIRECT] 
2024-12-22 19:19:16,517 [ERROR] LogOutputStream:75 - [STDERR_REDIRECT] [Fatal Error] :1:1: Premature end of file.
2024-12-22 19:19:16,517 [ERROR] LogOutputStream:75 - [STDERR_REDIRECT] 
2024-12-22 19:19:17,518 [ERROR] LogOutputStream:75 - [STDERR_REDIRECT] [Fatal Error] :1:1: Premature end of file.
2024-12-22 19:19:17,518 [ERROR] LogOutputStream:75 - [STDERR_REDIRECT] 
2024-12-22 19:19:18,509 [ERROR] LogOutputStream:75 - [STDERR_REDIRECT] [Fatal Error] :1:1: Premature end of file.
2024-12-22 19:19:18,509 [ERROR] LogOutputStream:75 - [STDERR_REDIRECT] 
2024-12-22 19:19:19,511 [ERROR] LogOutputStream:75 - [STDERR_REDIRECT] [Fatal Error] :1:1: Premature end of file.
2024-12-22 19:19:19,511 [ERROR] LogOutputStream:75 - [STDERR_REDIRECT] 
2024-12-22 19:19:20,505 [ERROR] LogOutputStream:75 - [STDERR_REDIRECT] [Fatal Error] :1:1: Premature end of file.
2024-12-22 19:19:20,505 [ERROR] LogOutputStream:75 - [STDERR_REDIRECT] 
2024-12-22 19:19:21,513 [ERROR] LogOutputStream:75 - [STDERR_REDIRECT] [Fatal Error] :1:1: Premature end of file.
2024-12-22 19:19:21,513 [ERROR] LogOutputStream:75 - [STDERR_REDIRECT] 
2024-12-22 19:19:22,506 [ERROR] LogOutputStream:75 - [STDERR_REDIRECT] [Fatal Error] :1:1: Premature end of file.
2024-12-22 19:19:22,506 [ERROR] LogOutputStream:75 - [STDERR_REDIRECT] 
2024-12-22 19:19:23,510 [ERROR] LogOutputStream:75 - [STDERR_REDIRECT] [Fatal Error] :1:1: Premature end of file.
2024-12-22 19:19:23,510 [ERROR] LogOutputStream:75 - [STDERR_REDIRECT] 
2024-12-22 19:19:24,516 [ERROR] LogOutputStream:75 - [STDERR_REDIRECT] [Fatal Error] :1:1: Premature end of file.
2024-12-22 19:19:24,516 [ERROR] LogOutputStream:75 - [STDERR_REDIRECT] 
2024-12-22 19:19:25,518 [ERROR] LogOutputStream:75 - [STDERR_REDIRECT] [Fatal Error] :1:1: Premature end of file.
2024-12-22 19:19:25,518 [ERROR] LogOutputStream:75 - [STDERR_REDIRECT] 
2024-12-22 19:19:26,524 [ERROR] LogOutputStream:75 - [STDERR_REDIRECT] [Fatal Error] :1:1: Premature end of file.
2024-12-22 19:19:26,524 [ERROR] LogOutputStream:75 - [STDERR_REDIRECT] 
2024-12-22 19:19:27,510 [ERROR] LogOutputStream:75 - [STDERR_REDIRECT] [Fatal Error] :1:1: Premature end of file.
2024-12-22 19:19:27,510 [ERROR] LogOutputStream:75 - [STDERR_REDIRECT] 
2024-12-22 19:19:28,513 [ERROR] LogOutputStream:75 - [STDERR_REDIRECT] [Fatal Error] :1:1: Premature end of file.
2024-12-22 19:19:28,513 [ERROR] LogOutputStream:75 - [STDERR_REDIRECT] 
2024-12-22 19:19:29,519 [ERROR] LogOutputStream:75 - [STDERR_REDIRECT] [Fatal Error] :1:1: Premature end of file.
2024-12-22 19:19:29,519 [ERROR] LogOutputStream:75 - [STDERR_REDIRECT] 
2024-12-22 19:19:30,511 [ERROR] LogOutputStream:75 - [STDERR_REDIRECT] [Fatal Error] :1:1: Premature end of file.
2024-12-22 19:19:30,511 [ERROR] LogOutputStream:75 - [STDERR_REDIRECT] 
2024-12-22 19:19:31,521 [ERROR] LogOutputStream:75 - [STDERR_REDIRECT] [Fatal Error] :1:1: Premature end of file.
2024-12-22 19:19:31,521 [ERROR] LogOutputStream:75 - [STDERR_REDIRECT] 
2024-12-22 19:19:32,516 [ERROR] LogOutputStream:75 - [STDERR_REDIRECT] [Fatal Error] :1:1: Premature end of file.
2024-12-22 19:19:32,516 [ERROR] LogOutputStream:75 - [STDERR_REDIRECT] 
2024-12-22 19:19:33,507 [ERROR] LogOutputStream:75 - [STDERR_REDIRECT] [Fatal Error] :1:1: Premature end of file.
2024-12-22 19:19:33,507 [ERROR] LogOutputStream:75 - [STDERR_REDIRECT] 
2024-12-22 19:19:34,509 [ERROR] LogOutputStream:75 - [STDERR_REDIRECT] [Fatal Error] :1:1: Premature end of file.
2024-12-22 19:19:34,509 [ERROR] LogOutputStream:75 - [STDERR_REDIRECT] 
2024-12-22 19:19:35,505 [ERROR] LogOutputStream:75 - [STDERR_REDIRECT] [Fatal Error] :1:1: Premature end of file.
2024-12-22 19:19:35,505 [ERROR] LogOutputStream:75 - [STDERR_REDIRECT] 
2024-12-22 19:19:36,511 [ERROR] LogOutputStream:75 - [STDERR_REDIRECT] [Fatal Error] :1:1: Premature end of file.
2024-12-22 19:19:36,511 [ERROR] LogOutputStream:75 - [STDERR_REDIRECT] 
2024-12-22 19:19:37,519 [ERROR] LogOutputStream:75 - [STDERR_REDIRECT] [Fatal Error] :1:1: Premature end of file.
2024-12-22 19:19:37,519 [ERROR] LogOutputStream:75 - [STDERR_REDIRECT] 
2024-12-22 19:19:38,517 [ERROR] LogOutputStream:75 - [STDERR_REDIRECT] [Fatal Error] :1:1: Premature end of file.
2024-12-22 19:19:38,517 [ERROR] LogOutputStream:75 - [STDERR_REDIRECT] 
2024-12-22 19:19:39,515 [ERROR] LogOutputStream:75 - [STDERR_REDIRECT] [Fatal Error] :1:1: Premature end of file.
2024-12-22 19:19:39,515 [ERROR] LogOutputStream:75 - [STDERR_REDIRECT] 
2024-12-22 19:19:40,515 [ERROR] LogOutputStream:75 - [STDERR_REDIRECT] [Fatal Error] :1:1: Premature end of file.
2024-12-22 19:19:40,515 [ERROR] LogOutputStream:75 - [STDERR_REDIRECT] 
2024-12-22 19:19:41,495 [ERROR] LogOutputStream:75 - [STDERR_REDIRECT] [Fatal Error] :1:1: Premature end of file.
2024-12-22 19:19:41,495 [ERROR] LogOutputStream:75 - [STDERR_REDIRECT] 
2024-12-22 19:19:42,508 [ERROR] LogOutputStream:75 - [STDERR_REDIRECT] [Fatal Error] :1:1: Premature end of file.
2024-12-22 19:19:42,508 [ERROR] LogOutputStream:75 - [STDERR_REDIRECT] 
2024-12-22 19:19:43,503 [ERROR] LogOutputStream:75 - [STDERR_REDIRECT] [Fatal Error] :1:1: Premature end of file.
2024-12-22 19:19:43,503 [ERROR] LogOutputStream:75 - [STDERR_REDIRECT] 
2024-12-22 19:19:44,498 [ERROR] LogOutputStream:75 - [STDERR_REDIRECT] [Fatal Error] :1:1: Premature end of file.
2024-12-22 19:19:44,498 [ERROR] LogOutputStream:75 - [STDERR_REDIRECT] 
2024-12-22 19:19:45,507 [ERROR] LogOutputStream:75 - [STDERR_REDIRECT] [Fatal Error] :1:1: Premature end of file.
2024-12-22 19:19:45,507 [ERROR] LogOutputStream:75 - [STDERR_REDIRECT] 
2024-12-22 19:19:46,507 [ERROR] LogOutputStream:75 - [STDERR_REDIRECT] [Fatal Error] :1:1: Premature end of file.
2024-12-22 19:19:46,507 [ERROR] LogOutputStream:75 - [STDERR_REDIRECT] 
2024-12-22 19:19:47,499 [ERROR] LogOutputStream:75 - [STDERR_REDIRECT] [Fatal Error] :1:1: Premature end of file.
2024-12-22 19:19:47,499 [ERROR] LogOutputStream:75 - [STDERR_REDIRECT] 
2024-12-22 19:19:48,513 [ERROR] LogOutputStream:75 - [STDERR_REDIRECT] [Fatal Error] :1:1: Premature end of file.
2024-12-22 19:19:48,513 [ERROR] LogOutputStream:75 - [STDERR_REDIRECT] 
2024-12-22 19:19:49,510 [ERROR] LogOutputStream:75 - [STDERR_REDIRECT] [Fatal Error] :1:1: Premature end of file.
2024-12-22 19:19:49,510 [ERROR] LogOutputStream:75 - [STDERR_REDIRECT] 
2024-12-22 19:19:50,511 [ERROR] LogOutputStream:75 - [STDERR_REDIRECT] [Fatal Error] :1:1: Premature end of file.
2024-12-22 19:19:50,511 [ERROR] LogOutputStream:75 - [STDERR_REDIRECT] 
2024-12-22 19:19:51,530 [ERROR] LogOutputStream:75 - [STDERR_REDIRECT] [Fatal Error] :1:1: Premature end of file.
2024-12-22 19:19:51,530 [ERROR] LogOutputStream:75 - [STDERR_REDIRECT] 
2024-12-22 19:19:52,502 [ERROR] LogOutputStream:75 - [STDERR_REDIRECT] [Fatal Error] :1:1: Premature end of file.
2024-12-22 19:19:52,502 [ERROR] LogOutputStream:75 - [STDERR_REDIRECT] 
2024-12-22 19:19:53,504 [ERROR] LogOutputStream:75 - [STDERR_REDIRECT] [Fatal Error] :1:1: Premature end of file.
2024-12-22 19:19:53,504 [ERROR] LogOutputStream:75 - [STDERR_REDIRECT] 
2024-12-22 19:19:54,504 [ERROR] LogOutputStream:75 - [STDERR_REDIRECT] [Fatal Error] :1:1: Premature end of file.
2024-12-22 19:19:54,504 [ERROR] LogOutputStream:75 - [STDERR_REDIRECT] 
2024-12-22 19:19:55,514 [ERROR] LogOutputStream:75 - [STDERR_REDIRECT] [Fatal Error] :1:1: Premature end of file.
2024-12-22 19:19:55,514 [ERROR] LogOutputStream:75 - [STDERR_REDIRECT] 
2024-12-22 19:19:56,511 [ERROR] LogOutputStream:75 - [STDERR_REDIRECT] [Fatal Error] :1:1: Premature end of file.
2024-12-22 19:19:56,511 [ERROR] LogOutputStream:75 - [STDERR_REDIRECT] 
2024-12-22 19:19:57,504 [ERROR] LogOutputStream:75 - [STDERR_REDIRECT] [Fatal Error] :1:1: Premature end of file.
2024-12-22 19:19:57,504 [ERROR] LogOutputStream:75 - [STDERR_REDIRECT] 
2024-12-22 19:19:58,504 [ERROR] LogOutputStream:75 - [STDERR_REDIRECT] [Fatal Error] :1:1: Premature end of file.
2024-12-22 19:19:58,504 [ERROR] LogOutputStream:75 - [STDERR_REDIRECT] 
2024-12-22 19:19:59,508 [ERROR] LogOutputStream:75 - [STDERR_REDIRECT] [Fatal Error] :1:1: Premature end of file.
2024-12-22 19:19:59,508 [ERROR] LogOutputStream:75 - [STDERR_REDIRECT] 
2024-12-22 19:20:00,521 [ERROR] LogOutputStream:75 - [STDERR_REDIRECT] [Fatal Error] :1:1: Premature end of file.
2024-12-22 19:20:00,521 [ERROR] LogOutputStream:75 - [STDERR_REDIRECT] 
2024-12-22 19:20:01,502 [ERROR] LogOutputStream:75 - [STDERR_REDIRECT] [Fatal Error] :1:1: Premature end of file.
2024-12-22 19:20:01,502 [ERROR] LogOutputStream:75 - [STDERR_REDIRECT] 
2024-12-22 19:20:02,498 [ERROR] LogOutputStream:75 - [STDERR_REDIRECT] [Fatal Error] :1:1: Premature end of file.
2024-12-22 19:20:02,498 [ERROR] LogOutputStream:75 - [STDERR_REDIRECT] 
2024-12-22 19:20:03,505 [ERROR] LogOutputStream:75 - [STDERR_REDIRECT] [Fatal Error] :1:1: Premature end of file.
2024-12-22 19:20:03,505 [ERROR] LogOutputStream:75 - [STDERR_REDIRECT] 
2024-12-22 19:20:04,499 [ERROR] LogOutputStream:75 - [STDERR_REDIRECT] [Fatal Error] :1:1: Premature end of file.
2024-12-22 19:20:04,499 [ERROR] LogOutputStream:75 - [STDERR_REDIRECT] 
2024-12-22 19:20:05,505 [ERROR] LogOutputStream:75 - [STDERR_REDIRECT] [Fatal Error] :1:1: Premature end of file.
2024-12-22 19:20:05,505 [ERROR] LogOutputStream:75 - [STDERR_REDIRECT] 
2024-12-22 19:20:06,510 [ERROR] LogOutputStream:75 - [STDERR_REDIRECT] [Fatal Error] :1:1: Premature end of file.
2024-12-22 19:20:06,510 [ERROR] LogOutputStream:75 - [STDERR_REDIRECT] 
2024-12-22 19:20:07,499 [ERROR] LogOutputStream:75 - [STDERR_REDIRECT] [Fatal Error] :1:1: Premature end of file.
2024-12-22 19:20:07,499 [ERROR] LogOutputStream:75 - [STDERR_REDIRECT] 
2024-12-22 19:20:08,507 [ERROR] LogOutputStream:75 - [STDERR_REDIRECT] [Fatal Error] :1:1: Premature end of file.
2024-12-22 19:20:08,507 [ERROR] LogOutputStream:75 - [STDERR_REDIRECT] 
2024-12-22 19:20:09,506 [ERROR] LogOutputStream:75 - [STDERR_REDIRECT] [Fatal Error] :1:1: Premature end of file.
2024-12-22 19:20:09,506 [ERROR] LogOutputStream:75 - [STDERR_REDIRECT] 
2024-12-22 19:20:10,513 [ERROR] LogOutputStream:75 - [STDERR_REDIRECT] [Fatal Error] :1:1: Premature end of file.
2024-12-22 19:20:10,513 [ERROR] LogOutputStream:75 - [STDERR_REDIRECT] 
2024-12-22 19:20:11,513 [ERROR] LogOutputStream:75 - [STDERR_REDIRECT] [Fatal Error] :1:1: Premature end of file.
2024-12-22 19:20:11,513 [ERROR] LogOutputStream:75 - [STDERR_REDIRECT] 
2024-12-22 19:20:12,502 [ERROR] LogOutputStream:75 - [STDERR_REDIRECT] [Fatal Error] :1:1: Premature end of file.
2024-12-22 19:20:12,502 [ERROR] LogOutputStream:75 - [STDERR_REDIRECT] 
2024-12-22 19:20:13,511 [ERROR] LogOutputStream:75 - [STDERR_REDIRECT] [Fatal Error] :1:1: Premature end of file.
2024-12-22 19:20:13,511 [ERROR] LogOutputStream:75 - [STDERR_REDIRECT] 
2024-12-22 19:20:14,502 [ERROR] LogOutputStream:75 - [STDERR_REDIRECT] [Fatal Error] :1:1: Premature end of file.
2024-12-22 19:20:14,502 [ERROR] LogOutputStream:75 - [STDERR_REDIRECT] 
2024-12-22 19:20:15,502 [ERROR] LogOutputStream:75 - [STDERR_REDIRECT] [Fatal Error] :1:1: Premature end of file.
2024-12-22 19:20:15,502 [ERROR] LogOutputStream:75 - [STDERR_REDIRECT] 
2024-12-22 19:20:16,507 [ERROR] LogOutputStream:75 - [STDERR_REDIRECT] [Fatal Error] :1:1: Premature end of file.
2024-12-22 19:20:16,507 [ERROR] LogOutputStream:75 - [STDERR_REDIRECT] 
2024-12-22 19:20:17,508 [ERROR] LogOutputStream:75 - [STDERR_REDIRECT] [Fatal Error] :1:1: Premature end of file.
2024-12-22 19:20:17,508 [ERROR] LogOutputStream:75 - [STDERR_REDIRECT] 
2024-12-22 19:20:18,500 [ERROR] LogOutputStream:75 - [STDERR_REDIRECT] [Fatal Error] :1:1: Premature end of file.
2024-12-22 19:20:18,500 [ERROR] LogOutputStream:75 - [STDERR_REDIRECT] 
2024-12-22 19:20:19,514 [ERROR] LogOutputStream:75 - [STDERR_REDIRECT] [Fatal Error] :1:1: Premature end of file.
2024-12-22 19:20:19,514 [ERROR] LogOutputStream:75 - [STDERR_REDIRECT] 
2024-12-22 19:20:20,501 [ERROR] LogOutputStream:75 - [STDERR_REDIRECT] [Fatal Error] :1:1: Premature end of file.
2024-12-22 19:20:20,501 [ERROR] LogOutputStream:75 - [STDERR_REDIRECT] 
2024-12-22 19:20:21,509 [ERROR] LogOutputStream:75 - [STDERR_REDIRECT] [Fatal Error] :1:1: Premature end of file.
2024-12-22 19:20:21,509 [ERROR] LogOutputStream:75 - [STDERR_REDIRECT] 
2024-12-22 19:20:22,508 [ERROR] LogOutputStream:75 - [STDERR_REDIRECT] [Fatal Error] :1:1: Premature end of file.
2024-12-22 19:20:22,508 [ERROR] LogOutputStream:75 - [STDERR_REDIRECT] 
2024-12-22 19:20:23,502 [ERROR] LogOutputStream:75 - [STDERR_REDIRECT] [Fatal Error] :1:1: Premature end of file.
2024-12-22 19:20:23,502 [ERROR] LogOutputStream:75 - [STDERR_REDIRECT] 
2024-12-22 19:20:24,507 [ERROR] LogOutputStream:75 - [STDERR_REDIRECT] [Fatal Error] :1:1: Premature end of file.
2024-12-22 19:20:24,507 [ERROR] LogOutputStream:75 - [STDERR_REDIRECT] 
2024-12-22 19:20:25,507 [ERROR] LogOutputStream:75 - [STDERR_REDIRECT] [Fatal Error] :1:1: Premature end of file.
2024-12-22 19:20:25,507 [ERROR] LogOutputStream:75 - [STDERR_REDIRECT] 
2024-12-22 19:20:26,511 [ERROR] LogOutputStream:75 - [STDERR_REDIRECT] [Fatal Error] :1:1: Premature end of file.
2024-12-22 19:20:26,511 [ERROR] LogOutputStream:75 - [STDERR_REDIRECT] 
2024-12-22 19:20:27,518 [ERROR] LogOutputStream:75 - [STDERR_REDIRECT] [Fatal Error] :1:1: Premature end of file.
2024-12-22 19:20:27,518 [ERROR] LogOutputStream:75 - [STDERR_REDIRECT] 
2024-12-22 19:20:28,507 [ERROR] LogOutputStream:75 - [STDERR_REDIRECT] [Fatal Error] :1:1: Premature end of file.
2024-12-22 19:20:28,507 [ERROR] LogOutputStream:75 - [STDERR_REDIRECT] 
2024-12-22 19:20:29,514 [ERROR] LogOutputStream:75 - [STDERR_REDIRECT] [Fatal Error] :1:1: Premature end of file.
2024-12-22 19:20:29,514 [ERROR] LogOutputStream:75 - [STDERR_REDIRECT] 
2024-12-22 19:20:30,508 [ERROR] LogOutputStream:75 - [STDERR_REDIRECT] [Fatal Error] :1:1: Premature end of file.
2024-12-22 19:20:30,508 [ERROR] LogOutputStream:75 - [STDERR_REDIRECT] 
2024-12-22 19:20:31,519 [ERROR] LogOutputStream:75 - [STDERR_REDIRECT] [Fatal Error] :1:1: Premature end of file.
2024-12-22 19:20:31,519 [ERROR] LogOutputStream:75 - [STDERR_REDIRECT] 
2024-12-22 19:20:32,506 [ERROR] LogOutputStream:75 - [STDERR_REDIRECT] [Fatal Error] :1:1: Premature end of file.
2024-12-22 19:20:32,506 [ERROR] LogOutputStream:75 - [STDERR_REDIRECT] 
2024-12-22 19:20:33,501 [ERROR] LogOutputStream:75 - [STDERR_REDIRECT] [Fatal Error] :1:1: Premature end of file.
2024-12-22 19:20:33,501 [ERROR] LogOutputStream:75 - [STDERR_REDIRECT] 
2024-12-22 19:20:34,512 [ERROR] LogOutputStream:75 - [STDERR_REDIRECT] [Fatal Error] :1:1: Premature end of file.
2024-12-22 19:20:34,512 [ERROR] LogOutputStream:75 - [STDERR_REDIRECT] 
2024-12-22 19:20:35,506 [ERROR] LogOutputStream:75 - [STDERR_REDIRECT] [Fatal Error] :1:1: Premature end of file.
2024-12-22 19:20:35,506 [ERROR] LogOutputStream:75 - [STDERR_REDIRECT] 
2024-12-22 19:20:36,512 [ERROR] LogOutputStream:75 - [STDERR_REDIRECT] [Fatal Error] :1:1: Premature end of file.
2024-12-22 19:20:36,512 [ERROR] LogOutputStream:75 - [STDERR_REDIRECT] 
2024-12-22 19:20:37,501 [ERROR] LogOutputStream:75 - [STDERR_REDIRECT] [Fatal Error] :1:1: Premature end of file.
2024-12-22 19:20:37,501 [ERROR] LogOutputStream:75 - [STDERR_REDIRECT] 
2024-12-22 19:20:38,514 [ERROR] LogOutputStream:75 - [STDERR_REDIRECT] [Fatal Error] :1:1: Premature end of file.
2024-12-22 19:20:38,514 [ERROR] LogOutputStream:75 - [STDERR_REDIRECT] 
2024-12-22 19:20:39,508 [ERROR] LogOutputStream:75 - [STDERR_REDIRECT] [Fatal Error] :1:1: Premature end of file.
2024-12-22 19:20:39,508 [ERROR] LogOutputStream:75 - [STDERR_REDIRECT] 
2024-12-22 19:20:40,507 [ERROR] LogOutputStream:75 - [STDERR_REDIRECT] [Fatal Error] :1:1: Premature end of file.
2024-12-22 19:20:40,507 [ERROR] LogOutputStream:75 - [STDERR_REDIRECT] 
2024-12-22 19:20:41,504 [ERROR] LogOutputStream:75 - [STDERR_REDIRECT] [Fatal Error] :1:1: Premature end of file.
2024-12-22 19:20:41,504 [ERROR] LogOutputStream:75 - [STDERR_REDIRECT] 
2024-12-22 19:20:42,512 [ERROR] LogOutputStream:75 - [STDERR_REDIRECT] [Fatal Error] :1:1: Premature end of file.
2024-12-22 19:20:42,512 [ERROR] LogOutputStream:75 - [STDERR_REDIRECT] 
2024-12-22 19:20:43,502 [ERROR] LogOutputStream:75 - [STDERR_REDIRECT] [Fatal Error] :1:1: Premature end of file.
2024-12-22 19:20:43,502 [ERROR] LogOutputStream:75 - [STDERR_REDIRECT] 
2024-12-22 19:20:44,507 [ERROR] LogOutputStream:75 - [STDERR_REDIRECT] [Fatal Error] :1:1: Premature end of file.
2024-12-22 19:20:44,507 [ERROR] LogOutputStream:75 - [STDERR_REDIRECT] 
2024-12-22 19:20:45,507 [ERROR] LogOutputStream:75 - [STDERR_REDIRECT] [Fatal Error] :1:1: Premature end of file.
2024-12-22 19:20:45,513 [ERROR] LogOutputStream:75 - [STDERR_REDIRECT] 
2024-12-22 19:20:46,507 [ERROR] LogOutputStream:75 - [STDERR_REDIRECT] [Fatal Error] :1:1: Premature end of file.
2024-12-22 19:20:46,507 [ERROR] LogOutputStream:75 - [STDERR_REDIRECT] 
2024-12-22 19:20:47,509 [ERROR] LogOutputStream:75 - [STDERR_REDIRECT] [Fatal Error] :1:1: Premature end of file.
2024-12-22 19:20:47,509 [ERROR] LogOutputStream:75 - [STDERR_REDIRECT] 
2024-12-22 19:20:48,517 [ERROR] LogOutputStream:75 - [STDERR_REDIRECT] [Fatal Error] :1:1: Premature end of file.
2024-12-22 19:20:48,517 [ERROR] LogOutputStream:75 - [STDERR_REDIRECT] 
2024-12-22 19:20:49,504 [ERROR] LogOutputStream:75 - [STDERR_REDIRECT] [Fatal Error] :1:1: Premature end of file.
2024-12-22 19:20:49,504 [ERROR] LogOutputStream:75 - [STDERR_REDIRECT] 
2024-12-22 19:20:50,501 [ERROR] LogOutputStream:75 - [STDERR_REDIRECT] [Fatal Error] :1:1: Premature end of file.
2024-12-22 19:20:50,501 [ERROR] LogOutputStream:75 - [STDERR_REDIRECT] 
2024-12-22 19:20:51,508 [ERROR] LogOutputStream:75 - [STDERR_REDIRECT] [Fatal Error] :1:1: Premature end of file.
2024-12-22 19:20:51,508 [ERROR] LogOutputStream:75 - [STDERR_REDIRECT] 
2024-12-22 19:20:52,513 [ERROR] LogOutputStream:75 - [STDERR_REDIRECT] [Fatal Error] :1:1: Premature end of file.
2024-12-22 19:20:52,513 [ERROR] LogOutputStream:75 - [STDERR_REDIRECT] 
2024-12-22 19:20:53,511 [ERROR] LogOutputStream:75 - [STDERR_REDIRECT] [Fatal Error] :1:1: Premature end of file.
2024-12-22 19:20:53,511 [ERROR] LogOutputStream:75 - [STDERR_REDIRECT] 
2024-12-22 19:20:54,505 [ERROR] LogOutputStream:75 - [STDERR_REDIRECT] [Fatal Error] :1:1: Premature end of file.
2024-12-22 19:20:54,505 [ERROR] LogOutputStream:75 - [STDERR_REDIRECT] 
2024-12-22 19:20:55,506 [ERROR] LogOutputStream:75 - [STDERR_REDIRECT] [Fatal Error] :1:1: Premature end of file.
2024-12-22 19:20:55,506 [ERROR] LogOutputStream:75 - [STDERR_REDIRECT] 
2024-12-22 19:20:56,514 [ERROR] LogOutputStream:75 - [STDERR_REDIRECT] [Fatal Error] :1:1: Premature end of file.
2024-12-22 19:20:56,514 [ERROR] LogOutputStream:75 - [STDERR_REDIRECT] 
2024-12-22 19:20:57,503 [ERROR] LogOutputStream:75 - [STDERR_REDIRECT] [Fatal Error] :1:1: Premature end of file.
2024-12-22 19:20:57,503 [ERROR] LogOutputStream:75 - [STDERR_REDIRECT] 
2024-12-22 19:20:58,506 [ERROR] LogOutputStream:75 - [STDERR_REDIRECT] [Fatal Error] :1:1: Premature end of file.
2024-12-22 19:20:58,506 [ERROR] LogOutputStream:75 - [STDERR_REDIRECT] 
2024-12-22 19:20:59,511 [ERROR] LogOutputStream:75 - [STDERR_REDIRECT] [Fatal Error] :1:1: Premature end of file.
2024-12-22 19:20:59,511 [ERROR] LogOutputStream:75 - [STDERR_REDIRECT] 
2024-12-22 19:21:00,506 [ERROR] LogOutputStream:75 - [STDERR_REDIRECT] [Fatal Error] :1:1: Premature end of file.
2024-12-22 19:21:00,506 [ERROR] LogOutputStream:75 - [STDERR_REDIRECT] 
2024-12-22 19:21:01,509 [ERROR] LogOutputStream:75 - [STDERR_REDIRECT] [Fatal Error] :1:1: Premature end of file.
2024-12-22 19:21:01,509 [ERROR] LogOutputStream:75 - [STDERR_REDIRECT] 
2024-12-22 19:21:02,520 [ERROR] LogOutputStream:75 - [STDERR_REDIRECT] [Fatal Error] :1:1: Premature end of file.
2024-12-22 19:21:02,520 [ERROR] LogOutputStream:75 - [STDERR_REDIRECT] 
2024-12-22 19:21:03,502 [ERROR] LogOutputStream:75 - [STDERR_REDIRECT] [Fatal Error] :1:1: Premature end of file.
2024-12-22 19:21:03,502 [ERROR] LogOutputStream:75 - [STDERR_REDIRECT] 
2024-12-22 19:21:04,507 [ERROR] LogOutputStream:75 - [STDERR_REDIRECT] [Fatal Error] :1:1: Premature end of file.
2024-12-22 19:21:04,507 [ERROR] LogOutputStream:75 - [STDERR_REDIRECT] 
2024-12-22 19:21:05,498 [ERROR] LogOutputStream:75 - [STDERR_REDIRECT] [Fatal Error] :1:1: Premature end of file.
2024-12-22 19:21:05,498 [ERROR] LogOutputStream:75 - [STDERR_REDIRECT] 
2024-12-22 19:21:06,503 [ERROR] LogOutputStream:75 - [STDERR_REDIRECT] [Fatal Error] :1:1: Premature end of file.
2024-12-22 19:21:06,503 [ERROR] LogOutputStream:75 - [STDERR_REDIRECT] 
2024-12-22 19:21:07,505 [ERROR] LogOutputStream:75 - [STDERR_REDIRECT] [Fatal Error] :1:1: Premature end of file.
2024-12-22 19:21:07,505 [ERROR] LogOutputStream:75 - [STDERR_REDIRECT] 
2024-12-22 19:21:08,510 [ERROR] LogOutputStream:75 - [STDERR_REDIRECT] [Fatal Error] :1:1: Premature end of file.
2024-12-22 19:21:08,510 [ERROR] LogOutputStream:75 - [STDERR_REDIRECT] 
2024-12-22 19:21:09,514 [ERROR] LogOutputStream:75 - [STDERR_REDIRECT] [Fatal Error] :1:1: Premature end of file.
2024-12-22 19:21:09,514 [ERROR] LogOutputStream:75 - [STDERR_REDIRECT] 
2024-12-22 19:21:10,505 [ERROR] LogOutputStream:75 - [STDERR_REDIRECT] [Fatal Error] :1:1: Premature end of file.
2024-12-22 19:21:10,505 [ERROR] LogOutputStream:75 - [STDERR_REDIRECT] 
2024-12-22 19:21:11,510 [ERROR] LogOutputStream:75 - [STDERR_REDIRECT] [Fatal Error] :1:1: Premature end of file.
2024-12-22 19:21:11,510 [ERROR] LogOutputStream:75 - [STDERR_REDIRECT] 
2024-12-22 19:21:12,503 [ERROR] LogOutputStream:75 - [STDERR_REDIRECT] [Fatal Error] :1:1: Premature end of file.
2024-12-22 19:21:12,503 [ERROR] LogOutputStream:75 - [STDERR_REDIRECT] 
2024-12-22 19:21:13,507 [ERROR] LogOutputStream:75 - [STDERR_REDIRECT] [Fatal Error] :1:1: Premature end of file.
2024-12-22 19:21:13,507 [ERROR] LogOutputStream:75 - [STDERR_REDIRECT] 
2024-12-22 19:21:14,512 [ERROR] LogOutputStream:75 - [STDERR_REDIRECT] [Fatal Error] :1:1: Premature end of file.
2024-12-22 19:21:14,512 [ERROR] LogOutputStream:75 - [STDERR_REDIRECT] 
2024-12-22 19:21:15,502 [ERROR] LogOutputStream:75 - [STDERR_REDIRECT] [Fatal Error] :1:1: Premature end of file.
2024-12-22 19:21:15,502 [ERROR] LogOutputStream:75 - [STDERR_REDIRECT] 
2024-12-22 19:21:16,509 [ERROR] LogOutputStream:75 - [STDERR_REDIRECT] [Fatal Error] :1:1: Premature end of file.
2024-12-22 19:21:16,509 [ERROR] LogOutputStream:75 - [STDERR_REDIRECT] 
2024-12-22 19:21:17,503 [ERROR] LogOutputStream:75 - [STDERR_REDIRECT] [Fatal Error] :1:1: Premature end of file.
2024-12-22 19:21:17,503 [ERROR] LogOutputStream:75 - [STDERR_REDIRECT] 
2024-12-22 19:21:18,509 [ERROR] LogOutputStream:75 - [STDERR_REDIRECT] [Fatal Error] :1:1: Premature end of file.
2024-12-22 19:21:18,509 [ERROR] LogOutputStream:75 - [STDERR_REDIRECT] 
2024-12-22 19:21:19,499 [ERROR] LogOutputStream:75 - [STDERR_REDIRECT] [Fatal Error] :1:1: Premature end of file.
2024-12-22 19:21:19,499 [ERROR] LogOutputStream:75 - [STDERR_REDIRECT] 
2024-12-22 19:21:20,501 [ERROR] LogOutputStream:75 - [STDERR_REDIRECT] [Fatal Error] :1:1: Premature end of file.
2024-12-22 19:21:20,501 [ERROR] LogOutputStream:75 - [STDERR_REDIRECT] 
2024-12-22 19:21:21,501 [ERROR] LogOutputStream:75 - [STDERR_REDIRECT] [Fatal Error] :1:1: Premature end of file.
2024-12-22 19:21:21,501 [ERROR] LogOutputStream:75 - [STDERR_REDIRECT] 
2024-12-22 19:21:22,511 [ERROR] LogOutputStream:75 - [STDERR_REDIRECT] [Fatal Error] :1:1: Premature end of file.
2024-12-22 19:21:22,512 [ERROR] LogOutputStream:75 - [STDERR_REDIRECT] 
2024-12-22 19:21:23,515 [ERROR] LogOutputStream:75 - [STDERR_REDIRECT] [Fatal Error] :1:1: Premature end of file.
2024-12-22 19:21:23,515 [ERROR] LogOutputStream:75 - [STDERR_REDIRECT] 
2024-12-22 19:21:24,501 [ERROR] LogOutputStream:75 - [STDERR_REDIRECT] [Fatal Error] :1:1: Premature end of file.
2024-12-22 19:21:24,501 [ERROR] LogOutputStream:75 - [STDERR_REDIRECT] 
2024-12-22 19:21:25,506 [ERROR] LogOutputStream:75 - [STDERR_REDIRECT] [Fatal Error] :1:1: Premature end of file.
2024-12-22 19:21:25,506 [ERROR] LogOutputStream:75 - [STDERR_REDIRECT] 
2024-12-22 19:21:26,507 [ERROR] LogOutputStream:75 - [STDERR_REDIRECT] [Fatal Error] :1:1: Premature end of file.
2024-12-22 19:21:26,507 [ERROR] LogOutputStream:75 - [STDERR_REDIRECT] 
2024-12-22 19:21:27,514 [ERROR] LogOutputStream:75 - [STDERR_REDIRECT] [Fatal Error] :1:1: Premature end of file.
2024-12-22 19:21:27,514 [ERROR] LogOutputStream:75 - [STDERR_REDIRECT] 
2024-12-22 19:21:28,502 [ERROR] LogOutputStream:75 - [STDERR_REDIRECT] [Fatal Error] :1:1: Premature end of file.
2024-12-22 19:21:28,502 [ERROR] LogOutputStream:75 - [STDERR_REDIRECT] 
2024-12-22 19:21:29,507 [ERROR] LogOutputStream:75 - [STDERR_REDIRECT] [Fatal Error] :1:1: Premature end of file.
2024-12-22 19:21:29,507 [ERROR] LogOutputStream:75 - [STDERR_REDIRECT] 
2024-12-22 19:21:30,509 [ERROR] LogOutputStream:75 - [STDERR_REDIRECT] [Fatal Error] :1:1: Premature end of file.
2024-12-22 19:21:30,509 [ERROR] LogOutputStream:75 - [STDERR_REDIRECT] 
2024-12-22 19:21:31,514 [ERROR] LogOutputStream:75 - [STDERR_REDIRECT] [Fatal Error] :1:1: Premature end of file.
2024-12-22 19:21:31,514 [ERROR] LogOutputStream:75 - [STDERR_REDIRECT] 
2024-12-22 19:21:32,509 [ERROR] LogOutputStream:75 - [STDERR_REDIRECT] [Fatal Error] :1:1: Premature end of file.
2024-12-22 19:21:32,509 [ERROR] LogOutputStream:75 - [STDERR_REDIRECT] 
2024-12-22 19:21:33,512 [ERROR] LogOutputStream:75 - [STDERR_REDIRECT] [Fatal Error] :1:1: Premature end of file.
2024-12-22 19:21:33,512 [ERROR] LogOutputStream:75 - [STDERR_REDIRECT] 
2024-12-22 19:21:34,505 [ERROR] LogOutputStream:75 - [STDERR_REDIRECT] [Fatal Error] :1:1: Premature end of file.
2024-12-22 19:21:34,505 [ERROR] LogOutputStream:75 - [STDERR_REDIRECT] 
2024-12-22 19:21:35,508 [ERROR] LogOutputStream:75 - [STDERR_REDIRECT] [Fatal Error] :1:1: Premature end of file.
2024-12-22 19:21:35,508 [ERROR] LogOutputStream:75 - [STDERR_REDIRECT] 
2024-12-22 19:21:36,514 [ERROR] LogOutputStream:75 - [STDERR_REDIRECT] [Fatal Error] :1:1: Premature end of file.
2024-12-22 19:21:36,514 [ERROR] LogOutputStream:75 - [STDERR_REDIRECT] 
2024-12-22 19:21:37,509 [ERROR] LogOutputStream:75 - [STDERR_REDIRECT] [Fatal Error] :1:1: Premature end of file.
2024-12-22 19:21:37,509 [ERROR] LogOutputStream:75 - [STDERR_REDIRECT] 
2024-12-22 19:21:38,510 [ERROR] LogOutputStream:75 - [STDERR_REDIRECT] [Fatal Error] :1:1: Premature end of file.
2024-12-22 19:21:38,510 [ERROR] LogOutputStream:75 - [STDERR_REDIRECT] 
2024-12-22 19:21:39,520 [ERROR] LogOutputStream:75 - [STDERR_REDIRECT] [Fatal Error] :1:1: Premature end of file.
2024-12-22 19:21:39,520 [ERROR] LogOutputStream:75 - [STDERR_REDIRECT] 
2024-12-22 19:21:40,500 [ERROR] LogOutputStream:75 - [STDERR_REDIRECT] [Fatal Error] :1:1: Premature end of file.
2024-12-22 19:21:40,500 [ERROR] LogOutputStream:75 - [STDERR_REDIRECT] 
2024-12-22 19:21:41,503 [ERROR] LogOutputStream:75 - [STDERR_REDIRECT] [Fatal Error] :1:1: Premature end of file.
2024-12-22 19:21:41,503 [ERROR] LogOutputStream:75 - [STDERR_REDIRECT] 
2024-12-22 19:21:42,508 [ERROR] LogOutputStream:75 - [STDERR_REDIRECT] [Fatal Error] :1:1: Premature end of file.
2024-12-22 19:21:42,508 [ERROR] LogOutputStream:75 - [STDERR_REDIRECT] 
2024-12-22 19:21:43,516 [ERROR] LogOutputStream:75 - [STDERR_REDIRECT] [Fatal Error] :1:1: Premature end of file.
2024-12-22 19:21:43,516 [ERROR] LogOutputStream:75 - [STDERR_REDIRECT] 
2024-12-22 19:21:44,515 [ERROR] LogOutputStream:75 - [STDERR_REDIRECT] [Fatal Error] :1:1: Premature end of file.
2024-12-22 19:21:44,515 [ERROR] LogOutputStream:75 - [STDERR_REDIRECT] 
2024-12-22 19:21:45,500 [ERROR] LogOutputStream:75 - [STDERR_REDIRECT] [Fatal Error] :1:1: Premature end of file.
2024-12-22 19:21:45,500 [ERROR] LogOutputStream:75 - [STDERR_REDIRECT] 
2024-12-22 19:21:46,507 [ERROR] LogOutputStream:75 - [STDERR_REDIRECT] [Fatal Error] :1:1: Premature end of file.
2024-12-22 19:21:46,507 [ERROR] LogOutputStream:75 - [STDERR_REDIRECT] 
2024-12-22 19:21:47,504 [ERROR] LogOutputStream:75 - [STDERR_REDIRECT] [Fatal Error] :1:1: Premature end of file.
2024-12-22 19:21:47,504 [ERROR] LogOutputStream:75 - [STDERR_REDIRECT] 
2024-12-22 19:21:48,504 [ERROR] LogOutputStream:75 - [STDERR_REDIRECT] [Fatal Error] :1:1: Premature end of file.
2024-12-22 19:21:48,504 [ERROR] LogOutputStream:75 - [STDERR_REDIRECT] 
2024-12-22 19:21:49,507 [ERROR] LogOutputStream:75 - [STDERR_REDIRECT] [Fatal Error] :1:1: Premature end of file.
2024-12-22 19:21:49,507 [ERROR] LogOutputStream:75 - [STDERR_REDIRECT] 
2024-12-22 19:21:50,514 [ERROR] LogOutputStream:75 - [STDERR_REDIRECT] [Fatal Error] :1:1: Premature end of file.
2024-12-22 19:21:50,514 [ERROR] LogOutputStream:75 - [STDERR_REDIRECT] 
2024-12-22 19:21:51,503 [ERROR] LogOutputStream:75 - [STDERR_REDIRECT] [Fatal Error] :1:1: Premature end of file.
2024-12-22 19:21:51,503 [ERROR] LogOutputStream:75 - [STDERR_REDIRECT] 
2024-12-22 19:21:52,509 [ERROR] LogOutputStream:75 - [STDERR_REDIRECT] [Fatal Error] :1:1: Premature end of file.
2024-12-22 19:21:52,509 [ERROR] LogOutputStream:75 - [STDERR_REDIRECT] 
2024-12-22 19:21:53,501 [ERROR] LogOutputStream:75 - [STDERR_REDIRECT] [Fatal Error] :1:1: Premature end of file.
2024-12-22 19:21:53,501 [ERROR] LogOutputStream:75 - [STDERR_REDIRECT] 
2024-12-22 19:21:54,513 [ERROR] LogOutputStream:75 - [STDERR_REDIRECT] [Fatal Error] :1:1: Premature end of file.
2024-12-22 19:21:54,513 [ERROR] LogOutputStream:75 - [STDERR_REDIRECT] 
2024-12-22 19:21:55,518 [ERROR] LogOutputStream:75 - [STDERR_REDIRECT] [Fatal Error] :1:1: Premature end of file.
2024-12-22 19:21:55,518 [ERROR] LogOutputStream:75 - [STDERR_REDIRECT] 
2024-12-22 19:21:56,511 [ERROR] LogOutputStream:75 - [STDERR_REDIRECT] [Fatal Error] :1:1: Premature end of file.
2024-12-22 19:21:56,511 [ERROR] LogOutputStream:75 - [STDERR_REDIRECT] 
2024-12-22 19:21:57,511 [ERROR] LogOutputStream:75 - [STDERR_REDIRECT] [Fatal Error] :1:1: Premature end of file.
2024-12-22 19:21:57,511 [ERROR] LogOutputStream:75 - [STDERR_REDIRECT] 
2024-12-22 19:21:58,500 [ERROR] LogOutputStream:75 - [STDERR_REDIRECT] [Fatal Error] :1:1: Premature end of file.
2024-12-22 19:21:58,500 [ERROR] LogOutputStream:75 - [STDERR_REDIRECT] 
2024-12-22 19:21:59,504 [ERROR] LogOutputStream:75 - [STDERR_REDIRECT] [Fatal Error] :1:1: Premature end of file.
2024-12-22 19:21:59,504 [ERROR] LogOutputStream:75 - [STDERR_REDIRECT] 
2024-12-22 19:22:00,512 [ERROR] LogOutputStream:75 - [STDERR_REDIRECT] [Fatal Error] :1:1: Premature end of file.
2024-12-22 19:22:00,512 [ERROR] LogOutputStream:75 - [STDERR_REDIRECT] 
2024-12-22 19:22:01,501 [ERROR] LogOutputStream:75 - [STDERR_REDIRECT] [Fatal Error] :1:1: Premature end of file.
2024-12-22 19:22:01,501 [ERROR] LogOutputStream:75 - [STDERR_REDIRECT] 
2024-12-22 19:22:02,509 [ERROR] LogOutputStream:75 - [STDERR_REDIRECT] [Fatal Error] :1:1: Premature end of file.
2024-12-22 19:22:02,509 [ERROR] LogOutputStream:75 - [STDERR_REDIRECT] 
2024-12-22 19:22:03,513 [ERROR] LogOutputStream:75 - [STDERR_REDIRECT] [Fatal Error] :1:1: Premature end of file.
2024-12-22 19:22:03,513 [ERROR] LogOutputStream:75 - [STDERR_REDIRECT] 
2024-12-22 19:22:04,505 [ERROR] LogOutputStream:75 - [STDERR_REDIRECT] [Fatal Error] :1:1: Premature end of file.
2024-12-22 19:22:04,505 [ERROR] LogOutputStream:75 - [STDERR_REDIRECT] 
2024-12-22 19:22:05,508 [ERROR] LogOutputStream:75 - [STDERR_REDIRECT] [Fatal Error] :1:1: Premature end of file.
2024-12-22 19:22:05,508 [ERROR] LogOutputStream:75 - [STDERR_REDIRECT] 
2024-12-22 19:22:06,519 [ERROR] LogOutputStream:75 - [STDERR_REDIRECT] [Fatal Error] :1:1: Premature end of file.
2024-12-22 19:22:06,519 [ERROR] LogOutputStream:75 - [STDERR_REDIRECT] 
2024-12-22 19:22:07,504 [ERROR] LogOutputStream:75 - [STDERR_REDIRECT] [Fatal Error] :1:1: Premature end of file.
2024-12-22 19:22:07,504 [ERROR] LogOutputStream:75 - [STDERR_REDIRECT] 
2024-12-22 19:22:08,513 [ERROR] LogOutputStream:75 - [STDERR_REDIRECT] [Fatal Error] :1:1: Premature end of file.
2024-12-22 19:22:08,513 [ERROR] LogOutputStream:75 - [STDERR_REDIRECT] 
2024-12-22 19:22:09,500 [ERROR] LogOutputStream:75 - [STDERR_REDIRECT] [Fatal Error] :1:1: Premature end of file.
2024-12-22 19:22:09,500 [ERROR] LogOutputStream:75 - [STDERR_REDIRECT] 
2024-12-22 19:22:10,507 [ERROR] LogOutputStream:75 - [STDERR_REDIRECT] [Fatal Error] :1:1: Premature end of file.
2024-12-22 19:22:10,507 [ERROR] LogOutputStream:75 - [STDERR_REDIRECT] 
2024-12-22 19:22:11,512 [ERROR] LogOutputStream:75 - [STDERR_REDIRECT] [Fatal Error] :1:1: Premature end of file.
2024-12-22 19:22:11,512 [ERROR] LogOutputStream:75 - [STDERR_REDIRECT] 
2024-12-22 19:22:12,500 [ERROR] LogOutputStream:75 - [STDERR_REDIRECT] [Fatal Error] :1:1: Premature end of file.
2024-12-22 19:22:12,500 [ERROR] LogOutputStream:75 - [STDERR_REDIRECT] 
2024-12-22 19:22:13,507 [ERROR] LogOutputStream:75 - [STDERR_REDIRECT] [Fatal Error] :1:1: Premature end of file.
2024-12-22 19:22:13,507 [ERROR] LogOutputStream:75 - [STDERR_REDIRECT] 
2024-12-22 19:22:14,515 [ERROR] LogOutputStream:75 - [STDERR_REDIRECT] [Fatal Error] :1:1: Premature end of file.
2024-12-22 19:22:14,515 [ERROR] LogOutputStream:75 - [STDERR_REDIRECT] 
2024-12-22 19:22:15,499 [ERROR] LogOutputStream:75 - [STDERR_REDIRECT] [Fatal Error] :1:1: Premature end of file.
2024-12-22 19:22:15,499 [ERROR] LogOutputStream:75 - [STDERR_REDIRECT] 
2024-12-22 19:22:16,508 [ERROR] LogOutputStream:75 - [STDERR_REDIRECT] [Fatal Error] :1:1: Premature end of file.
2024-12-22 19:22:16,508 [ERROR] LogOutputStream:75 - [STDERR_REDIRECT] 
2024-12-22 19:22:17,499 [ERROR] LogOutputStream:75 - [STDERR_REDIRECT] [Fatal Error] :1:1: Premature end of file.
2024-12-22 19:22:17,499 [ERROR] LogOutputStream:75 - [STDERR_REDIRECT] 
2024-12-22 19:22:18,510 [ERROR] LogOutputStream:75 - [STDERR_REDIRECT] [Fatal Error] :1:1: Premature end of file.
2024-12-22 19:22:18,510 [ERROR] LogOutputStream:75 - [STDERR_REDIRECT] 
2024-12-22 19:22:19,508 [ERROR] LogOutputStream:75 - [STDERR_REDIRECT] [Fatal Error] :1:1: Premature end of file.
2024-12-22 19:22:19,508 [ERROR] LogOutputStream:75 - [STDERR_REDIRECT] 
2024-12-22 19:22:20,508 [ERROR] LogOutputStream:75 - [STDERR_REDIRECT] [Fatal Error] :1:1: Premature end of file.
2024-12-22 19:22:20,508 [ERROR] LogOutputStream:75 - [STDERR_REDIRECT] 
2024-12-22 19:22:21,518 [ERROR] LogOutputStream:75 - [STDERR_REDIRECT] [Fatal Error] :1:1: Premature end of file.
2024-12-22 19:22:21,518 [ERROR] LogOutputStream:75 - [STDERR_REDIRECT] 
2024-12-22 19:22:22,502 [ERROR] LogOutputStream:75 - [STDERR_REDIRECT] [Fatal Error] :1:1: Premature end of file.
2024-12-22 19:22:22,502 [ERROR] LogOutputStream:75 - [STDERR_REDIRECT] 
2024-12-22 19:22:23,508 [ERROR] LogOutputStream:75 - [STDERR_REDIRECT] [Fatal Error] :1:1: Premature end of file.
2024-12-22 19:22:23,508 [ERROR] LogOutputStream:75 - [STDERR_REDIRECT] 
2024-12-22 19:22:24,502 [ERROR] LogOutputStream:75 - [STDERR_REDIRECT] [Fatal Error] :1:1: Premature end of file.
2024-12-22 19:22:24,502 [ERROR] LogOutputStream:75 - [STDERR_REDIRECT] 
2024-12-22 19:22:25,512 [ERROR] LogOutputStream:75 - [STDERR_REDIRECT] [Fatal Error] :1:1: Premature end of file.
2024-12-22 19:22:25,512 [ERROR] LogOutputStream:75 - [STDERR_REDIRECT] 
2024-12-22 19:22:26,503 [ERROR] LogOutputStream:75 - [STDERR_REDIRECT] [Fatal Error] :1:1: Premature end of file.
2024-12-22 19:22:26,503 [ERROR] LogOutputStream:75 - [STDERR_REDIRECT] 
2024-12-22 19:22:27,516 [ERROR] LogOutputStream:75 - [STDERR_REDIRECT] [Fatal Error] :1:1: Premature end of file.
2024-12-22 19:22:27,516 [ERROR] LogOutputStream:75 - [STDERR_REDIRECT] 
2024-12-22 19:22:28,502 [ERROR] LogOutputStream:75 - [STDERR_REDIRECT] [Fatal Error] :1:1: Premature end of file.
2024-12-22 19:22:28,502 [ERROR] LogOutputStream:75 - [STDERR_REDIRECT] 
2024-12-22 19:22:29,509 [ERROR] LogOutputStream:75 - [STDERR_REDIRECT] [Fatal Error] :1:1: Premature end of file.
2024-12-22 19:22:29,509 [ERROR] LogOutputStream:75 - [STDERR_REDIRECT] 
2024-12-22 19:22:30,502 [ERROR] LogOutputStream:75 - [STDERR_REDIRECT] [Fatal Error] :1:1: Premature end of file.
2024-12-22 19:22:30,502 [ERROR] LogOutputStream:75 - [STDERR_REDIRECT] 
2024-12-22 19:22:31,514 [ERROR] LogOutputStream:75 - [STDERR_REDIRECT] [Fatal Error] :1:1: Premature end of file.
2024-12-22 19:22:31,514 [ERROR] LogOutputStream:75 - [STDERR_REDIRECT] 
2024-12-22 19:22:32,508 [ERROR] LogOutputStream:75 - [STDERR_REDIRECT] [Fatal Error] :1:1: Premature end of file.
2024-12-22 19:22:32,508 [ERROR] LogOutputStream:75 - [STDERR_REDIRECT] 
2024-12-22 19:22:33,511 [ERROR] LogOutputStream:75 - [STDERR_REDIRECT] [Fatal Error] :1:1: Premature end of file.
2024-12-22 19:22:33,511 [ERROR] LogOutputStream:75 - [STDERR_REDIRECT] 
2024-12-22 19:22:34,508 [ERROR] LogOutputStream:75 - [STDERR_REDIRECT] [Fatal Error] :1:1: Premature end of file.
2024-12-22 19:22:34,508 [ERROR] LogOutputStream:75 - [STDERR_REDIRECT] 
2024-12-22 19:22:35,509 [ERROR] LogOutputStream:75 - [STDERR_REDIRECT] [Fatal Error] :1:1: Premature end of file.
2024-12-22 19:22:35,509 [ERROR] LogOutputStream:75 - [STDERR_REDIRECT] 
2024-12-22 19:22:36,510 [ERROR] LogOutputStream:75 - [STDERR_REDIRECT] [Fatal Error] :1:1: Premature end of file.
2024-12-22 19:22:36,510 [ERROR] LogOutputStream:75 - [STDERR_REDIRECT] 
2024-12-22 19:22:37,504 [ERROR] LogOutputStream:75 - [STDERR_REDIRECT] [Fatal Error] :1:1: Premature end of file.
2024-12-22 19:22:37,504 [ERROR] LogOutputStream:75 - [STDERR_REDIRECT] 
2024-12-22 19:22:38,500 [ERROR] LogOutputStream:75 - [STDERR_REDIRECT] [Fatal Error] :1:1: Premature end of file.
2024-12-22 19:22:38,500 [ERROR] LogOutputStream:75 - [STDERR_REDIRECT] 
2024-12-22 19:22:39,513 [ERROR] LogOutputStream:75 - [STDERR_REDIRECT] [Fatal Error] :1:1: Premature end of file.
2024-12-22 19:22:39,513 [ERROR] LogOutputStream:75 - [STDERR_REDIRECT] 
2024-12-22 19:22:40,500 [ERROR] LogOutputStream:75 - [STDERR_REDIRECT] [Fatal Error] :1:1: Premature end of file.
2024-12-22 19:22:40,500 [ERROR] LogOutputStream:75 - [STDERR_REDIRECT] 
2024-12-22 19:22:41,516 [ERROR] LogOutputStream:75 - [STDERR_REDIRECT] [Fatal Error] :1:1: Premature end of file.
2024-12-22 19:22:41,516 [ERROR] LogOutputStream:75 - [STDERR_REDIRECT] 
2024-12-22 19:22:42,506 [ERROR] LogOutputStream:75 - [STDERR_REDIRECT] [Fatal Error] :1:1: Premature end of file.
2024-12-22 19:22:42,506 [ERROR] LogOutputStream:75 - [STDERR_REDIRECT] 
2024-12-22 19:22:43,507 [ERROR] LogOutputStream:75 - [STDERR_REDIRECT] [Fatal Error] :1:1: Premature end of file.
2024-12-22 19:22:43,507 [ERROR] LogOutputStream:75 - [STDERR_REDIRECT] 
2024-12-22 19:22:44,513 [ERROR] LogOutputStream:75 - [STDERR_REDIRECT] [Fatal Error] :1:1: Premature end of file.
2024-12-22 19:22:44,513 [ERROR] LogOutputStream:75 - [STDERR_REDIRECT] 
2024-12-22 19:22:45,508 [ERROR] LogOutputStream:75 - [STDERR_REDIRECT] [Fatal Error] :1:1: Premature end of file.
2024-12-22 19:22:45,508 [ERROR] LogOutputStream:75 - [STDERR_REDIRECT] 
2024-12-22 19:22:46,512 [ERROR] LogOutputStream:75 - [STDERR_REDIRECT] [Fatal Error] :1:1: Premature end of file.
2024-12-22 19:22:46,512 [ERROR] LogOutputStream:75 - [STDERR_REDIRECT] 
2024-12-22 19:22:47,502 [ERROR] LogOutputStream:75 - [STDERR_REDIRECT] [Fatal Error] :1:1: Premature end of file.
2024-12-22 19:22:47,502 [ERROR] LogOutputStream:75 - [STDERR_REDIRECT] 
2024-12-22 19:22:48,512 [ERROR] LogOutputStream:75 - [STDERR_REDIRECT] [Fatal Error] :1:1: Premature end of file.
2024-12-22 19:22:48,512 [ERROR] LogOutputStream:75 - [STDERR_REDIRECT] 
2024-12-22 19:22:49,514 [ERROR] LogOutputStream:75 - [STDERR_REDIRECT] [Fatal Error] :1:1: Premature end of file.
2024-12-22 19:22:49,514 [ERROR] LogOutputStream:75 - [STDERR_REDIRECT] 
2024-12-22 19:22:50,507 [ERROR] LogOutputStream:75 - [STDERR_REDIRECT] [Fatal Error] :1:1: Premature end of file.
2024-12-22 19:22:50,507 [ERROR] LogOutputStream:75 - [STDERR_REDIRECT] 
2024-12-22 19:22:51,512 [ERROR] LogOutputStream:75 - [STDERR_REDIRECT] [Fatal Error] :1:1: Premature end of file.
2024-12-22 19:22:51,512 [ERROR] LogOutputStream:75 - [STDERR_REDIRECT] 
2024-12-22 19:22:52,505 [ERROR] LogOutputStream:75 - [STDERR_REDIRECT] [Fatal Error] :1:1: Premature end of file.
2024-12-22 19:22:52,505 [ERROR] LogOutputStream:75 - [STDERR_REDIRECT] 
2024-12-22 19:22:53,516 [ERROR] LogOutputStream:75 - [STDERR_REDIRECT] [Fatal Error] :1:1: Premature end of file.
2024-12-22 19:22:53,516 [ERROR] LogOutputStream:75 - [STDERR_REDIRECT] 
2024-12-22 19:22:54,504 [ERROR] LogOutputStream:75 - [STDERR_REDIRECT] [Fatal Error] :1:1: Premature end of file.
2024-12-22 19:22:54,504 [ERROR] LogOutputStream:75 - [STDERR_REDIRECT] 
2024-12-22 19:22:55,507 [ERROR] LogOutputStream:75 - [STDERR_REDIRECT] [Fatal Error] :1:1: Premature end of file.
2024-12-22 19:22:55,507 [ERROR] LogOutputStream:75 - [STDERR_REDIRECT] 
2024-12-22 19:22:56,509 [ERROR] LogOutputStream:75 - [STDERR_REDIRECT] [Fatal Error] :1:1: Premature end of file.
2024-12-22 19:22:56,509 [ERROR] LogOutputStream:75 - [STDERR_REDIRECT] 
2024-12-22 19:22:57,507 [ERROR] LogOutputStream:75 - [STDERR_REDIRECT] [Fatal Error] :1:1: Premature end of file.
2024-12-22 19:22:57,507 [ERROR] LogOutputStream:75 - [STDERR_REDIRECT] 
2024-12-22 19:22:58,508 [ERROR] LogOutputStream:75 - [STDERR_REDIRECT] [Fatal Error] :1:1: Premature end of file.
2024-12-22 19:22:58,508 [ERROR] LogOutputStream:75 - [STDERR_REDIRECT] 
2024-12-22 19:22:59,506 [ERROR] LogOutputStream:75 - [STDERR_REDIRECT] [Fatal Error] :1:1: Premature end of file.
2024-12-22 19:22:59,509 [ERROR] LogOutputStream:75 - [STDERR_REDIRECT] 
2024-12-22 19:23:00,505 [ERROR] LogOutputStream:75 - [STDERR_REDIRECT] [Fatal Error] :1:1: Premature end of file.
2024-12-22 19:23:00,505 [ERROR] LogOutputStream:75 - [STDERR_REDIRECT] 
2024-12-22 19:23:01,510 [ERROR] LogOutputStream:75 - [STDERR_REDIRECT] [Fatal Error] :1:1: Premature end of file.
2024-12-22 19:23:01,510 [ERROR] LogOutputStream:75 - [STDERR_REDIRECT] 
2024-12-22 19:23:02,512 [ERROR] LogOutputStream:75 - [STDERR_REDIRECT] [Fatal Error] :1:1: Premature end of file.
2024-12-22 19:23:02,512 [ERROR] LogOutputStream:75 - [STDERR_REDIRECT] 
2024-12-22 19:23:03,504 [ERROR] LogOutputStream:75 - [STDERR_REDIRECT] [Fatal Error] :1:1: Premature end of file.
2024-12-22 19:23:03,504 [ERROR] LogOutputStream:75 - [STDERR_REDIRECT] 
2024-12-22 19:23:04,510 [ERROR] LogOutputStream:75 - [STDERR_REDIRECT] [Fatal Error] :1:1: Premature end of file.
2024-12-22 19:23:04,510 [ERROR] LogOutputStream:75 - [STDERR_REDIRECT] 
2024-12-22 19:23:05,503 [ERROR] LogOutputStream:75 - [STDERR_REDIRECT] [Fatal Error] :1:1: Premature end of file.
2024-12-22 19:23:05,503 [ERROR] LogOutputStream:75 - [STDERR_REDIRECT] 
2024-12-22 19:23:06,518 [ERROR] LogOutputStream:75 - [STDERR_REDIRECT] [Fatal Error] :1:1: Premature end of file.
2024-12-22 19:23:06,518 [ERROR] LogOutputStream:75 - [STDERR_REDIRECT] 
2024-12-22 19:23:07,513 [ERROR] LogOutputStream:75 - [STDERR_REDIRECT] [Fatal Error] :1:1: Premature end of file.
2024-12-22 19:23:07,513 [ERROR] LogOutputStream:75 - [STDERR_REDIRECT] 
2024-12-22 19:23:08,509 [ERROR] LogOutputStream:75 - [STDERR_REDIRECT] [Fatal Error] :1:1: Premature end of file.
2024-12-22 19:23:08,509 [ERROR] LogOutputStream:75 - [STDERR_REDIRECT] 
2024-12-22 19:23:09,501 [ERROR] LogOutputStream:75 - [STDERR_REDIRECT] [Fatal Error] :1:1: Premature end of file.
2024-12-22 19:23:09,501 [ERROR] LogOutputStream:75 - [STDERR_REDIRECT] 
2024-12-22 19:23:10,508 [ERROR] LogOutputStream:75 - [STDERR_REDIRECT] [Fatal Error] :1:1: Premature end of file.
2024-12-22 19:23:10,508 [ERROR] LogOutputStream:75 - [STDERR_REDIRECT] 
2024-12-22 19:23:11,517 [ERROR] LogOutputStream:75 - [STDERR_REDIRECT] [Fatal Error] :1:1: Premature end of file.
2024-12-22 19:23:11,517 [ERROR] LogOutputStream:75 - [STDERR_REDIRECT] 
2024-12-22 19:23:12,514 [ERROR] LogOutputStream:75 - [STDERR_REDIRECT] [Fatal Error] :1:1: Premature end of file.
2024-12-22 19:23:12,514 [ERROR] LogOutputStream:75 - [STDERR_REDIRECT] 
2024-12-22 19:23:13,509 [ERROR] LogOutputStream:75 - [STDERR_REDIRECT] [Fatal Error] :1:1: Premature end of file.
2024-12-22 19:23:13,509 [ERROR] LogOutputStream:75 - [STDERR_REDIRECT] 
2024-12-22 19:23:14,515 [ERROR] LogOutputStream:75 - [STDERR_REDIRECT] [Fatal Error] :1:1: Premature end of file.
2024-12-22 19:23:14,515 [ERROR] LogOutputStream:75 - [STDERR_REDIRECT] 
2024-12-22 19:23:15,506 [ERROR] LogOutputStream:75 - [STDERR_REDIRECT] [Fatal Error] :1:1: Premature end of file.
2024-12-22 19:23:15,506 [ERROR] LogOutputStream:75 - [STDERR_REDIRECT] 
2024-12-22 19:23:16,517 [ERROR] LogOutputStream:75 - [STDERR_REDIRECT] [Fatal Error] :1:1: Premature end of file.
2024-12-22 19:23:16,517 [ERROR] LogOutputStream:75 - [STDERR_REDIRECT] 
2024-12-22 19:23:17,506 [ERROR] LogOutputStream:75 - [STDERR_REDIRECT] [Fatal Error] :1:1: Premature end of file.
2024-12-22 19:23:17,506 [ERROR] LogOutputStream:75 - [STDERR_REDIRECT] 
2024-12-22 19:23:18,500 [ERROR] LogOutputStream:75 - [STDERR_REDIRECT] [Fatal Error] :1:1: Premature end of file.
2024-12-22 19:23:18,500 [ERROR] LogOutputStream:75 - [STDERR_REDIRECT] 
2024-12-22 19:23:19,517 [ERROR] LogOutputStream:75 - [STDERR_REDIRECT] [Fatal Error] :1:1: Premature end of file.
2024-12-22 19:23:19,517 [ERROR] LogOutputStream:75 - [STDERR_REDIRECT] 
2024-12-22 19:23:20,511 [ERROR] LogOutputStream:75 - [STDERR_REDIRECT] [Fatal Error] :1:1: Premature end of file.
2024-12-22 19:23:20,511 [ERROR] LogOutputStream:75 - [STDERR_REDIRECT] 
2024-12-22 19:23:21,498 [ERROR] LogOutputStream:75 - [STDERR_REDIRECT] [Fatal Error] :1:1: Premature end of file.
2024-12-22 19:23:21,498 [ERROR] LogOutputStream:75 - [STDERR_REDIRECT] 
2024-12-22 19:23:22,505 [ERROR] LogOutputStream:75 - [STDERR_REDIRECT] [Fatal Error] :1:1: Premature end of file.
2024-12-22 19:23:22,505 [ERROR] LogOutputStream:75 - [STDERR_REDIRECT] 
2024-12-22 19:23:23,500 [ERROR] LogOutputStream:75 - [STDERR_REDIRECT] [Fatal Error] :1:1: Premature end of file.
2024-12-22 19:23:23,500 [ERROR] LogOutputStream:75 - [STDERR_REDIRECT] 
2024-12-22 19:23:24,517 [ERROR] LogOutputStream:75 - [STDERR_REDIRECT] [Fatal Error] :1:1: Premature end of file.
2024-12-22 19:23:24,517 [ERROR] LogOutputStream:75 - [STDERR_REDIRECT] 
2024-12-22 19:23:25,511 [ERROR] LogOutputStream:75 - [STDERR_REDIRECT] [Fatal Error] :1:1: Premature end of file.
2024-12-22 19:23:25,511 [ERROR] LogOutputStream:75 - [STDERR_REDIRECT] 
2024-12-22 19:23:26,516 [ERROR] LogOutputStream:75 - [STDERR_REDIRECT] [Fatal Error] :1:1: Premature end of file.
2024-12-22 19:23:26,516 [ERROR] LogOutputStream:75 - [STDERR_REDIRECT] 
2024-12-22 19:23:27,522 [ERROR] LogOutputStream:75 - [STDERR_REDIRECT] [Fatal Error] :1:1: Premature end of file.
2024-12-22 19:23:27,522 [ERROR] LogOutputStream:75 - [STDERR_REDIRECT] 
2024-12-22 19:23:28,506 [ERROR] LogOutputStream:75 - [STDERR_REDIRECT] [Fatal Error] :1:1: Premature end of file.
2024-12-22 19:23:28,506 [ERROR] LogOutputStream:75 - [STDERR_REDIRECT] 
2024-12-22 19:23:29,501 [ERROR] LogOutputStream:75 - [STDERR_REDIRECT] [Fatal Error] :1:1: Premature end of file.
2024-12-22 19:23:29,503 [ERROR] LogOutputStream:75 - [STDERR_REDIRECT] 
2024-12-22 19:23:30,510 [ERROR] LogOutputStream:75 - [STDERR_REDIRECT] [Fatal Error] :1:1: Premature end of file.
2024-12-22 19:23:30,510 [ERROR] LogOutputStream:75 - [STDERR_REDIRECT] 
2024-12-22 19:23:31,499 [ERROR] LogOutputStream:75 - [STDERR_REDIRECT] [Fatal Error] :1:1: Premature end of file.
2024-12-22 19:23:31,499 [ERROR] LogOutputStream:75 - [STDERR_REDIRECT] 
2024-12-22 19:23:32,501 [ERROR] LogOutputStream:75 - [STDERR_REDIRECT] [Fatal Error] :1:1: Premature end of file.
2024-12-22 19:23:32,501 [ERROR] LogOutputStream:75 - [STDERR_REDIRECT] 
2024-12-22 19:23:33,508 [ERROR] LogOutputStream:75 - [STDERR_REDIRECT] [Fatal Error] :1:1: Premature end of file.
2024-12-22 19:23:33,508 [ERROR] LogOutputStream:75 - [STDERR_REDIRECT] 
2024-12-22 19:23:34,511 [ERROR] LogOutputStream:75 - [STDERR_REDIRECT] [Fatal Error] :1:1: Premature end of file.
2024-12-22 19:23:34,511 [ERROR] LogOutputStream:75 - [STDERR_REDIRECT] 
2024-12-22 19:23:35,505 [ERROR] LogOutputStream:75 - [STDERR_REDIRECT] [Fatal Error] :1:1: Premature end of file.
2024-12-22 19:23:35,505 [ERROR] LogOutputStream:75 - [STDERR_REDIRECT] 
2024-12-22 19:23:36,500 [ERROR] LogOutputStream:75 - [STDERR_REDIRECT] [Fatal Error] :1:1: Premature end of file.
2024-12-22 19:23:36,500 [ERROR] LogOutputStream:75 - [STDERR_REDIRECT] 
2024-12-22 19:23:37,510 [ERROR] LogOutputStream:75 - [STDERR_REDIRECT] [Fatal Error] :1:1: Premature end of file.
2024-12-22 19:23:37,510 [ERROR] LogOutputStream:75 - [STDERR_REDIRECT] 
2024-12-22 19:23:38,512 [ERROR] LogOutputStream:75 - [STDERR_REDIRECT] [Fatal Error] :1:1: Premature end of file.
2024-12-22 19:23:38,512 [ERROR] LogOutputStream:75 - [STDERR_REDIRECT] 
2024-12-22 19:23:39,506 [ERROR] LogOutputStream:75 - [STDERR_REDIRECT] [Fatal Error] :1:1: Premature end of file.
2024-12-22 19:23:39,506 [ERROR] LogOutputStream:75 - [STDERR_REDIRECT] 
2024-12-22 19:23:40,501 [ERROR] LogOutputStream:75 - [STDERR_REDIRECT] [Fatal Error] :1:1: Premature end of file.
2024-12-22 19:23:40,501 [ERROR] LogOutputStream:75 - [STDERR_REDIRECT] 
2024-12-22 19:23:41,502 [ERROR] LogOutputStream:75 - [STDERR_REDIRECT] [Fatal Error] :1:1: Premature end of file.
2024-12-22 19:23:41,502 [ERROR] LogOutputStream:75 - [STDERR_REDIRECT] 
2024-12-22 19:23:42,512 [ERROR] LogOutputStream:75 - [STDERR_REDIRECT] [Fatal Error] :1:1: Premature end of file.
2024-12-22 19:23:42,512 [ERROR] LogOutputStream:75 - [STDERR_REDIRECT] 
2024-12-22 19:23:43,513 [ERROR] LogOutputStream:75 - [STDERR_REDIRECT] [Fatal Error] :1:1: Premature end of file.
2024-12-22 19:23:43,513 [ERROR] LogOutputStream:75 - [STDERR_REDIRECT] 
2024-12-22 19:23:44,514 [ERROR] LogOutputStream:75 - [STDERR_REDIRECT] [Fatal Error] :1:1: Premature end of file.
2024-12-22 19:23:44,514 [ERROR] LogOutputStream:75 - [STDERR_REDIRECT] 
2024-12-22 19:23:45,504 [ERROR] LogOutputStream:75 - [STDERR_REDIRECT] [Fatal Error] :1:1: Premature end of file.
2024-12-22 19:23:45,504 [ERROR] LogOutputStream:75 - [STDERR_REDIRECT] 
2024-12-22 19:23:46,507 [ERROR] LogOutputStream:75 - [STDERR_REDIRECT] [Fatal Error] :1:1: Premature end of file.
2024-12-22 19:23:46,507 [ERROR] LogOutputStream:75 - [STDERR_REDIRECT] 
2024-12-22 19:23:47,511 [ERROR] LogOutputStream:75 - [STDERR_REDIRECT] [Fatal Error] :1:1: Premature end of file.
2024-12-22 19:23:47,511 [ERROR] LogOutputStream:75 - [STDERR_REDIRECT] 
2024-12-22 19:23:48,513 [ERROR] LogOutputStream:75 - [STDERR_REDIRECT] [Fatal Error] :1:1: Premature end of file.
2024-12-22 19:23:48,513 [ERROR] LogOutputStream:75 - [STDERR_REDIRECT] 
2024-12-22 19:23:49,505 [ERROR] LogOutputStream:75 - [STDERR_REDIRECT] [Fatal Error] :1:1: Premature end of file.
2024-12-22 19:23:49,505 [ERROR] LogOutputStream:75 - [STDERR_REDIRECT] 
2024-12-22 19:23:50,504 [ERROR] LogOutputStream:75 - [STDERR_REDIRECT] [Fatal Error] :1:1: Premature end of file.
2024-12-22 19:23:50,504 [ERROR] LogOutputStream:75 - [STDERR_REDIRECT] 
2024-12-22 19:23:51,497 [ERROR] LogOutputStream:75 - [STDERR_REDIRECT] [Fatal Error] :1:1: Premature end of file.
2024-12-22 19:23:51,497 [ERROR] LogOutputStream:75 - [STDERR_REDIRECT] 
2024-12-22 19:23:52,502 [ERROR] LogOutputStream:75 - [STDERR_REDIRECT] [Fatal Error] :1:1: Premature end of file.
2024-12-22 19:23:52,502 [ERROR] LogOutputStream:75 - [STDERR_REDIRECT] 
2024-12-22 19:23:53,502 [ERROR] LogOutputStream:75 - [STDERR_REDIRECT] [Fatal Error] :1:1: Premature end of file.
2024-12-22 19:23:53,502 [ERROR] LogOutputStream:75 - [STDERR_REDIRECT] 
2024-12-22 19:23:54,510 [ERROR] LogOutputStream:75 - [STDERR_REDIRECT] [Fatal Error] :1:1: Premature end of file.
2024-12-22 19:23:54,510 [ERROR] LogOutputStream:75 - [STDERR_REDIRECT] 
2024-12-22 19:23:55,513 [ERROR] LogOutputStream:75 - [STDERR_REDIRECT] [Fatal Error] :1:1: Premature end of file.
2024-12-22 19:23:55,513 [ERROR] LogOutputStream:75 - [STDERR_REDIRECT] 
2024-12-22 19:23:56,505 [ERROR] LogOutputStream:75 - [STDERR_REDIRECT] [Fatal Error] :1:1: Premature end of file.
2024-12-22 19:23:56,505 [ERROR] LogOutputStream:75 - [STDERR_REDIRECT] 
2024-12-22 19:23:57,510 [ERROR] LogOutputStream:75 - [STDERR_REDIRECT] [Fatal Error] :1:1: Premature end of file.
2024-12-22 19:23:57,510 [ERROR] LogOutputStream:75 - [STDERR_REDIRECT] 
2024-12-22 19:23:58,514 [ERROR] LogOutputStream:75 - [STDERR_REDIRECT] [Fatal Error] :1:1: Premature end of file.
2024-12-22 19:23:58,514 [ERROR] LogOutputStream:75 - [STDERR_REDIRECT] 
2024-12-22 19:23:59,505 [ERROR] LogOutputStream:75 - [STDERR_REDIRECT] [Fatal Error] :1:1: Premature end of file.
2024-12-22 19:23:59,505 [ERROR] LogOutputStream:75 - [STDERR_REDIRECT] 
2024-12-22 19:24:00,510 [ERROR] LogOutputStream:75 - [STDERR_REDIRECT] [Fatal Error] :1:1: Premature end of file.
2024-12-22 19:24:00,510 [ERROR] LogOutputStream:75 - [STDERR_REDIRECT] 
2024-12-22 19:24:01,508 [ERROR] LogOutputStream:75 - [STDERR_REDIRECT] [Fatal Error] :1:1: Premature end of file.
2024-12-22 19:24:01,508 [ERROR] LogOutputStream:75 - [STDERR_REDIRECT] 
2024-12-22 19:24:02,515 [ERROR] LogOutputStream:75 - [STDERR_REDIRECT] [Fatal Error] :1:1: Premature end of file.
2024-12-22 19:24:02,515 [ERROR] LogOutputStream:75 - [STDERR_REDIRECT] 
2024-12-22 19:24:03,518 [ERROR] LogOutputStream:75 - [STDERR_REDIRECT] [Fatal Error] :1:1: Premature end of file.
2024-12-22 19:24:03,518 [ERROR] LogOutputStream:75 - [STDERR_REDIRECT] 
2024-12-22 19:24:04,509 [ERROR] LogOutputStream:75 - [STDERR_REDIRECT] [Fatal Error] :1:1: Premature end of file.
2024-12-22 19:24:04,509 [ERROR] LogOutputStream:75 - [STDERR_REDIRECT] 
2024-12-22 19:24:05,511 [ERROR] LogOutputStream:75 - [STDERR_REDIRECT] [Fatal Error] :1:1: Premature end of file.
2024-12-22 19:24:05,511 [ERROR] LogOutputStream:75 - [STDERR_REDIRECT] 
2024-12-22 19:24:06,498 [ERROR] LogOutputStream:75 - [STDERR_REDIRECT] [Fatal Error] :1:1: Premature end of file.
2024-12-22 19:24:06,498 [ERROR] LogOutputStream:75 - [STDERR_REDIRECT] 
2024-12-22 19:24:07,508 [ERROR] LogOutputStream:75 - [STDERR_REDIRECT] [Fatal Error] :1:1: Premature end of file.
2024-12-22 19:24:07,508 [ERROR] LogOutputStream:75 - [STDERR_REDIRECT] 
2024-12-22 19:24:08,512 [ERROR] LogOutputStream:75 - [STDERR_REDIRECT] [Fatal Error] :1:1: Premature end of file.
2024-12-22 19:24:08,512 [ERROR] LogOutputStream:75 - [STDERR_REDIRECT] 
2024-12-22 19:24:09,510 [ERROR] LogOutputStream:75 - [STDERR_REDIRECT] [Fatal Error] :1:1: Premature end of file.
2024-12-22 19:24:09,510 [ERROR] LogOutputStream:75 - [STDERR_REDIRECT] 
2024-12-22 19:24:10,498 [ERROR] LogOutputStream:75 - [STDERR_REDIRECT] [Fatal Error] :1:1: Premature end of file.
2024-12-22 19:24:10,498 [ERROR] LogOutputStream:75 - [STDERR_REDIRECT] 
2024-12-22 19:24:11,506 [ERROR] LogOutputStream:75 - [STDERR_REDIRECT] [Fatal Error] :1:1: Premature end of file.
2024-12-22 19:24:11,506 [ERROR] LogOutputStream:75 - [STDERR_REDIRECT] 
2024-12-22 19:24:12,503 [ERROR] LogOutputStream:75 - [STDERR_REDIRECT] [Fatal Error] :1:1: Premature end of file.
2024-12-22 19:24:12,503 [ERROR] LogOutputStream:75 - [STDERR_REDIRECT] 
2024-12-22 19:24:13,499 [ERROR] LogOutputStream:75 - [STDERR_REDIRECT] [Fatal Error] :1:1: Premature end of file.
2024-12-22 19:24:13,499 [ERROR] LogOutputStream:75 - [STDERR_REDIRECT] 
2024-12-22 19:24:14,510 [ERROR] LogOutputStream:75 - [STDERR_REDIRECT] [Fatal Error] :1:1: Premature end of file.
2024-12-22 19:24:14,510 [ERROR] LogOutputStream:75 - [STDERR_REDIRECT] 
2024-12-22 19:24:15,508 [ERROR] LogOutputStream:75 - [STDERR_REDIRECT] [Fatal Error] :1:1: Premature end of file.
2024-12-22 19:24:15,508 [ERROR] LogOutputStream:75 - [STDERR_REDIRECT] 
2024-12-22 19:24:16,505 [ERROR] LogOutputStream:75 - [STDERR_REDIRECT] [Fatal Error] :1:1: Premature end of file.
2024-12-22 19:24:16,505 [ERROR] LogOutputStream:75 - [STDERR_REDIRECT] 
2024-12-22 19:24:17,511 [ERROR] LogOutputStream:75 - [STDERR_REDIRECT] [Fatal Error] :1:1: Premature end of file.
2024-12-22 19:24:17,511 [ERROR] LogOutputStream:75 - [STDERR_REDIRECT] 
2024-12-22 19:24:18,504 [ERROR] LogOutputStream:75 - [STDERR_REDIRECT] [Fatal Error] :1:1: Premature end of file.
2024-12-22 19:24:18,504 [ERROR] LogOutputStream:75 - [STDERR_REDIRECT] 
2024-12-22 19:24:19,508 [ERROR] LogOutputStream:75 - [STDERR_REDIRECT] [Fatal Error] :1:1: Premature end of file.
2024-12-22 19:24:19,508 [ERROR] LogOutputStream:75 - [STDERR_REDIRECT] 
2024-12-22 19:24:20,518 [ERROR] LogOutputStream:75 - [STDERR_REDIRECT] [Fatal Error] :1:1: Premature end of file.
2024-12-22 19:24:20,518 [ERROR] LogOutputStream:75 - [STDERR_REDIRECT] 
2024-12-22 19:24:21,510 [ERROR] LogOutputStream:75 - [STDERR_REDIRECT] [Fatal Error] :1:1: Premature end of file.
2024-12-22 19:24:21,510 [ERROR] LogOutputStream:75 - [STDERR_REDIRECT] 
2024-12-22 19:24:22,499 [ERROR] LogOutputStream:75 - [STDERR_REDIRECT] [Fatal Error] :1:1: Premature end of file.
2024-12-22 19:24:22,499 [ERROR] LogOutputStream:75 - [STDERR_REDIRECT] 
2024-12-22 19:24:23,504 [ERROR] LogOutputStream:75 - [STDERR_REDIRECT] [Fatal Error] :1:1: Premature end of file.
2024-12-22 19:24:23,504 [ERROR] LogOutputStream:75 - [STDERR_REDIRECT] 
2024-12-22 19:24:24,506 [ERROR] LogOutputStream:75 - [STDERR_REDIRECT] [Fatal Error] :1:1: Premature end of file.
2024-12-22 19:24:24,506 [ERROR] LogOutputStream:75 - [STDERR_REDIRECT] 
2024-12-22 19:24:25,510 [ERROR] LogOutputStream:75 - [STDERR_REDIRECT] [Fatal Error] :1:1: Premature end of file.
2024-12-22 19:24:25,510 [ERROR] LogOutputStream:75 - [STDERR_REDIRECT] 
2024-12-22 19:24:26,506 [ERROR] LogOutputStream:75 - [STDERR_REDIRECT] [Fatal Error] :1:1: Premature end of file.
2024-12-22 19:24:26,506 [ERROR] LogOutputStream:75 - [STDERR_REDIRECT] 
2024-12-22 19:24:27,510 [ERROR] LogOutputStream:75 - [STDERR_REDIRECT] [Fatal Error] :1:1: Premature end of file.
2024-12-22 19:24:27,510 [ERROR] LogOutputStream:75 - [STDERR_REDIRECT] 
2024-12-22 19:24:28,511 [ERROR] LogOutputStream:75 - [STDERR_REDIRECT] [Fatal Error] :1:1: Premature end of file.
2024-12-22 19:24:28,511 [ERROR] LogOutputStream:75 - [STDERR_REDIRECT] 
2024-12-22 19:24:29,511 [ERROR] LogOutputStream:75 - [STDERR_REDIRECT] [Fatal Error] :1:1: Premature end of file.
2024-12-22 19:24:29,511 [ERROR] LogOutputStream:75 - [STDERR_REDIRECT] 
2024-12-22 19:24:30,514 [ERROR] LogOutputStream:75 - [STDERR_REDIRECT] [Fatal Error] :1:1: Premature end of file.
2024-12-22 19:24:30,514 [ERROR] LogOutputStream:75 - [STDERR_REDIRECT] 
2024-12-22 19:24:31,511 [ERROR] LogOutputStream:75 - [STDERR_REDIRECT] [Fatal Error] :1:1: Premature end of file.
2024-12-22 19:24:31,511 [ERROR] LogOutputStream:75 - [STDERR_REDIRECT] 
2024-12-22 19:24:32,501 [ERROR] LogOutputStream:75 - [STDERR_REDIRECT] [Fatal Error] :1:1: Premature end of file.
2024-12-22 19:24:32,501 [ERROR] LogOutputStream:75 - [STDERR_REDIRECT] 
2024-12-22 19:24:33,512 [ERROR] LogOutputStream:75 - [STDERR_REDIRECT] [Fatal Error] :1:1: Premature end of file.
2024-12-22 19:24:33,512 [ERROR] LogOutputStream:75 - [STDERR_REDIRECT] 
2024-12-22 19:24:34,513 [ERROR] LogOutputStream:75 - [STDERR_REDIRECT] [Fatal Error] :1:1: Premature end of file.
2024-12-22 19:24:34,513 [ERROR] LogOutputStream:75 - [STDERR_REDIRECT] 
2024-12-22 19:24:35,502 [ERROR] LogOutputStream:75 - [STDERR_REDIRECT] [Fatal Error] :1:1: Premature end of file.
2024-12-22 19:24:35,502 [ERROR] LogOutputStream:75 - [STDERR_REDIRECT] 
2024-12-22 19:24:36,505 [ERROR] LogOutputStream:75 - [STDERR_REDIRECT] [Fatal Error] :1:1: Premature end of file.
2024-12-22 19:24:36,505 [ERROR] LogOutputStream:75 - [STDERR_REDIRECT] 
2024-12-22 19:24:37,511 [ERROR] LogOutputStream:75 - [STDERR_REDIRECT] [Fatal Error] :1:1: Premature end of file.
2024-12-22 19:24:37,511 [ERROR] LogOutputStream:75 - [STDERR_REDIRECT] 
2024-12-22 19:24:38,509 [ERROR] LogOutputStream:75 - [STDERR_REDIRECT] [Fatal Error] :1:1: Premature end of file.
2024-12-22 19:24:38,509 [ERROR] LogOutputStream:75 - [STDERR_REDIRECT] 
2024-12-22 19:24:39,501 [ERROR] LogOutputStream:75 - [STDERR_REDIRECT] [Fatal Error] :1:1: Premature end of file.
2024-12-22 19:24:39,501 [ERROR] LogOutputStream:75 - [STDERR_REDIRECT] 
2024-12-22 19:24:40,507 [ERROR] LogOutputStream:75 - [STDERR_REDIRECT] [Fatal Error] :1:1: Premature end of file.
2024-12-22 19:24:40,507 [ERROR] LogOutputStream:75 - [STDERR_REDIRECT] 
2024-12-22 19:24:41,514 [ERROR] LogOutputStream:75 - [STDERR_REDIRECT] [Fatal Error] :1:1: Premature end of file.
2024-12-22 19:24:41,515 [ERROR] LogOutputStream:75 - [STDERR_REDIRECT] 
2024-12-22 19:24:42,503 [ERROR] LogOutputStream:75 - [STDERR_REDIRECT] [Fatal Error] :1:1: Premature end of file.
2024-12-22 19:24:42,503 [ERROR] LogOutputStream:75 - [STDERR_REDIRECT] 
2024-12-22 19:24:43,505 [ERROR] LogOutputStream:75 - [STDERR_REDIRECT] [Fatal Error] :1:1: Premature end of file.
2024-12-22 19:24:43,505 [ERROR] LogOutputStream:75 - [STDERR_REDIRECT] 
2024-12-22 19:24:44,502 [ERROR] LogOutputStream:75 - [STDERR_REDIRECT] [Fatal Error] :1:1: Premature end of file.
2024-12-22 19:24:44,502 [ERROR] LogOutputStream:75 - [STDERR_REDIRECT] 
2024-12-22 19:24:45,510 [ERROR] LogOutputStream:75 - [STDERR_REDIRECT] [Fatal Error] :1:1: Premature end of file.
2024-12-22 19:24:45,510 [ERROR] LogOutputStream:75 - [STDERR_REDIRECT] 
2024-12-22 19:24:46,504 [ERROR] LogOutputStream:75 - [STDERR_REDIRECT] [Fatal Error] :1:1: Premature end of file.
2024-12-22 19:24:46,504 [ERROR] LogOutputStream:75 - [STDERR_REDIRECT] 
2024-12-22 19:24:47,504 [ERROR] LogOutputStream:75 - [STDERR_REDIRECT] [Fatal Error] :1:1: Premature end of file.
2024-12-22 19:24:47,504 [ERROR] LogOutputStream:75 - [STDERR_REDIRECT] 
2024-12-22 19:24:48,502 [ERROR] LogOutputStream:75 - [STDERR_REDIRECT] [Fatal Error] :1:1: Premature end of file.
2024-12-22 19:24:48,502 [ERROR] LogOutputStream:75 - [STDERR_REDIRECT] 
2024-12-22 19:24:49,513 [ERROR] LogOutputStream:75 - [STDERR_REDIRECT] [Fatal Error] :1:1: Premature end of file.
2024-12-22 19:24:49,513 [ERROR] LogOutputStream:75 - [STDERR_REDIRECT] 
2024-12-22 19:24:50,511 [ERROR] LogOutputStream:75 - [STDERR_REDIRECT] [Fatal Error] :1:1: Premature end of file.
2024-12-22 19:24:50,511 [ERROR] LogOutputStream:75 - [STDERR_REDIRECT] 
2024-12-22 19:24:51,514 [ERROR] LogOutputStream:75 - [STDERR_REDIRECT] [Fatal Error] :1:1: Premature end of file.
2024-12-22 19:24:51,514 [ERROR] LogOutputStream:75 - [STDERR_REDIRECT] 
2024-12-22 19:24:52,510 [ERROR] LogOutputStream:75 - [STDERR_REDIRECT] [Fatal Error] :1:1: Premature end of file.
2024-12-22 19:24:52,510 [ERROR] LogOutputStream:75 - [STDERR_REDIRECT] 
2024-12-22 19:24:53,504 [ERROR] LogOutputStream:75 - [STDERR_REDIRECT] [Fatal Error] :1:1: Premature end of file.
2024-12-22 19:24:53,504 [ERROR] LogOutputStream:75 - [STDERR_REDIRECT] 
2024-12-22 19:24:54,500 [ERROR] LogOutputStream:75 - [STDERR_REDIRECT] [Fatal Error] :1:1: Premature end of file.
2024-12-22 19:24:54,500 [ERROR] LogOutputStream:75 - [STDERR_REDIRECT] 
2024-12-22 19:24:55,505 [ERROR] LogOutputStream:75 - [STDERR_REDIRECT] [Fatal Error] :1:1: Premature end of file.
2024-12-22 19:24:55,505 [ERROR] LogOutputStream:75 - [STDERR_REDIRECT] 
2024-12-22 19:24:56,511 [ERROR] LogOutputStream:75 - [STDERR_REDIRECT] [Fatal Error] :1:1: Premature end of file.
2024-12-22 19:24:56,511 [ERROR] LogOutputStream:75 - [STDERR_REDIRECT] 
2024-12-22 19:24:57,505 [ERROR] LogOutputStream:75 - [STDERR_REDIRECT] [Fatal Error] :1:1: Premature end of file.
2024-12-22 19:24:57,505 [ERROR] LogOutputStream:75 - [STDERR_REDIRECT] 
2024-12-22 19:24:58,505 [ERROR] LogOutputStream:75 - [STDERR_REDIRECT] [Fatal Error] :1:1: Premature end of file.
2024-12-22 19:24:58,505 [ERROR] LogOutputStream:75 - [STDERR_REDIRECT] 
2024-12-22 19:24:59,513 [ERROR] LogOutputStream:75 - [STDERR_REDIRECT] [Fatal Error] :1:1: Premature end of file.
2024-12-22 19:24:59,513 [ERROR] LogOutputStream:75 - [STDERR_REDIRECT] 
2024-12-22 19:25:00,499 [ERROR] LogOutputStream:75 - [STDERR_REDIRECT] [Fatal Error] :1:1: Premature end of file.
2024-12-22 19:25:00,499 [ERROR] LogOutputStream:75 - [STDERR_REDIRECT] 
2024-12-22 19:25:01,508 [ERROR] LogOutputStream:75 - [STDERR_REDIRECT] [Fatal Error] :1:1: Premature end of file.
2024-12-22 19:25:01,508 [ERROR] LogOutputStream:75 - [STDERR_REDIRECT] 
2024-12-22 19:25:02,505 [ERROR] LogOutputStream:75 - [STDERR_REDIRECT] [Fatal Error] :1:1: Premature end of file.
2024-12-22 19:25:02,505 [ERROR] LogOutputStream:75 - [STDERR_REDIRECT] 
2024-12-22 19:25:03,510 [ERROR] LogOutputStream:75 - [STDERR_REDIRECT] [Fatal Error] :1:1: Premature end of file.
2024-12-22 19:25:03,510 [ERROR] LogOutputStream:75 - [STDERR_REDIRECT] 
2024-12-22 19:25:04,513 [ERROR] LogOutputStream:75 - [STDERR_REDIRECT] [Fatal Error] :1:1: Premature end of file.
2024-12-22 19:25:04,513 [ERROR] LogOutputStream:75 - [STDERR_REDIRECT] 
2024-12-22 19:25:05,501 [ERROR] LogOutputStream:75 - [STDERR_REDIRECT] [Fatal Error] :1:1: Premature end of file.
2024-12-22 19:25:05,501 [ERROR] LogOutputStream:75 - [STDERR_REDIRECT] 
2024-12-22 19:25:06,511 [ERROR] LogOutputStream:75 - [STDERR_REDIRECT] [Fatal Error] :1:1: Premature end of file.
2024-12-22 19:25:06,511 [ERROR] LogOutputStream:75 - [STDERR_REDIRECT] 
2024-12-22 19:25:07,505 [ERROR] LogOutputStream:75 - [STDERR_REDIRECT] [Fatal Error] :1:1: Premature end of file.
2024-12-22 19:25:07,505 [ERROR] LogOutputStream:75 - [STDERR_REDIRECT] 
2024-12-22 19:25:08,508 [ERROR] LogOutputStream:75 - [STDERR_REDIRECT] [Fatal Error] :1:1: Premature end of file.
2024-12-22 19:25:08,508 [ERROR] LogOutputStream:75 - [STDERR_REDIRECT] 
2024-12-22 19:25:09,504 [ERROR] LogOutputStream:75 - [STDERR_REDIRECT] [Fatal Error] :1:1: Premature end of file.
2024-12-22 19:25:09,504 [ERROR] LogOutputStream:75 - [STDERR_REDIRECT] 
2024-12-22 19:25:10,510 [ERROR] LogOutputStream:75 - [STDERR_REDIRECT] [Fatal Error] :1:1: Premature end of file.
2024-12-22 19:25:10,510 [ERROR] LogOutputStream:75 - [STDERR_REDIRECT] 
2024-12-22 19:25:11,503 [ERROR] LogOutputStream:75 - [STDERR_REDIRECT] [Fatal Error] :1:1: Premature end of file.
2024-12-22 19:25:11,503 [ERROR] LogOutputStream:75 - [STDERR_REDIRECT] 
2024-12-22 19:25:12,510 [ERROR] LogOutputStream:75 - [STDERR_REDIRECT] [Fatal Error] :1:1: Premature end of file.
2024-12-22 19:25:12,510 [ERROR] LogOutputStream:75 - [STDERR_REDIRECT] 
2024-12-22 19:25:13,508 [ERROR] LogOutputStream:75 - [STDERR_REDIRECT] [Fatal Error] :1:1: Premature end of file.
2024-12-22 19:25:13,508 [ERROR] LogOutputStream:75 - [STDERR_REDIRECT] 
2024-12-22 19:25:14,509 [ERROR] LogOutputStream:75 - [STDERR_REDIRECT] [Fatal Error] :1:1: Premature end of file.
2024-12-22 19:25:14,509 [ERROR] LogOutputStream:75 - [STDERR_REDIRECT] 
2024-12-22 19:25:15,516 [ERROR] LogOutputStream:75 - [STDERR_REDIRECT] [Fatal Error] :1:1: Premature end of file.
2024-12-22 19:25:15,516 [ERROR] LogOutputStream:75 - [STDERR_REDIRECT] 
2024-12-22 19:25:16,501 [ERROR] LogOutputStream:75 - [STDERR_REDIRECT] [Fatal Error] :1:1: Premature end of file.
2024-12-22 19:25:16,501 [ERROR] LogOutputStream:75 - [STDERR_REDIRECT] 
2024-12-22 19:25:17,510 [ERROR] LogOutputStream:75 - [STDERR_REDIRECT] [Fatal Error] :1:1: Premature end of file.
2024-12-22 19:25:17,510 [ERROR] LogOutputStream:75 - [STDERR_REDIRECT] 
2024-12-22 19:25:18,499 [ERROR] LogOutputStream:75 - [STDERR_REDIRECT] [Fatal Error] :1:1: Premature end of file.
2024-12-22 19:25:18,499 [ERROR] LogOutputStream:75 - [STDERR_REDIRECT] 
2024-12-22 19:25:19,505 [ERROR] LogOutputStream:75 - [STDERR_REDIRECT] [Fatal Error] :1:1: Premature end of file.
2024-12-22 19:25:19,505 [ERROR] LogOutputStream:75 - [STDERR_REDIRECT] 
2024-12-22 19:25:20,508 [ERROR] LogOutputStream:75 - [STDERR_REDIRECT] [Fatal Error] :1:1: Premature end of file.
2024-12-22 19:25:20,508 [ERROR] LogOutputStream:75 - [STDERR_REDIRECT] 
2024-12-22 19:25:21,498 [ERROR] LogOutputStream:75 - [STDERR_REDIRECT] [Fatal Error] :1:1: Premature end of file.
2024-12-22 19:25:21,498 [ERROR] LogOutputStream:75 - [STDERR_REDIRECT] 
2024-12-22 19:25:22,508 [ERROR] LogOutputStream:75 - [STDERR_REDIRECT] [Fatal Error] :1:1: Premature end of file.
2024-12-22 19:25:22,508 [ERROR] LogOutputStream:75 - [STDERR_REDIRECT] 
2024-12-22 19:25:23,515 [ERROR] LogOutputStream:75 - [STDERR_REDIRECT] [Fatal Error] :1:1: Premature end of file.
2024-12-22 19:25:23,515 [ERROR] LogOutputStream:75 - [STDERR_REDIRECT] 
2024-12-22 19:25:24,513 [ERROR] LogOutputStream:75 - [STDERR_REDIRECT] [Fatal Error] :1:1: Premature end of file.
2024-12-22 19:25:24,513 [ERROR] LogOutputStream:75 - [STDERR_REDIRECT] 
2024-12-22 19:25:25,508 [ERROR] LogOutputStream:75 - [STDERR_REDIRECT] [Fatal Error] :1:1: Premature end of file.
2024-12-22 19:25:25,508 [ERROR] LogOutputStream:75 - [STDERR_REDIRECT] 
2024-12-22 19:25:26,515 [ERROR] LogOutputStream:75 - [STDERR_REDIRECT] [Fatal Error] :1:1: Premature end of file.
2024-12-22 19:25:26,515 [ERROR] LogOutputStream:75 - [STDERR_REDIRECT] 
2024-12-22 19:25:27,499 [ERROR] LogOutputStream:75 - [STDERR_REDIRECT] [Fatal Error] :1:1: Premature end of file.
2024-12-22 19:25:27,499 [ERROR] LogOutputStream:75 - [STDERR_REDIRECT] 
2024-12-22 19:25:28,507 [ERROR] LogOutputStream:75 - [STDERR_REDIRECT] [Fatal Error] :1:1: Premature end of file.
2024-12-22 19:25:28,507 [ERROR] LogOutputStream:75 - [STDERR_REDIRECT] 
2024-12-22 19:25:29,513 [ERROR] LogOutputStream:75 - [STDERR_REDIRECT] [Fatal Error] :1:1: Premature end of file.
2024-12-22 19:25:29,513 [ERROR] LogOutputStream:75 - [STDERR_REDIRECT] 
2024-12-22 19:25:30,512 [ERROR] LogOutputStream:75 - [STDERR_REDIRECT] [Fatal Error] :1:1: Premature end of file.
2024-12-22 19:25:30,512 [ERROR] LogOutputStream:75 - [STDERR_REDIRECT] 
2024-12-22 19:25:31,512 [ERROR] LogOutputStream:75 - [STDERR_REDIRECT] [Fatal Error] :1:1: Premature end of file.
2024-12-22 19:25:31,512 [ERROR] LogOutputStream:75 - [STDERR_REDIRECT] 
2024-12-22 19:25:32,499 [ERROR] LogOutputStream:75 - [STDERR_REDIRECT] [Fatal Error] :1:1: Premature end of file.
2024-12-22 19:25:32,499 [ERROR] LogOutputStream:75 - [STDERR_REDIRECT] 
2024-12-22 19:25:33,508 [ERROR] LogOutputStream:75 - [STDERR_REDIRECT] [Fatal Error] :1:1: Premature end of file.
2024-12-22 19:25:33,508 [ERROR] LogOutputStream:75 - [STDERR_REDIRECT] 
2024-12-22 19:25:34,514 [ERROR] LogOutputStream:75 - [STDERR_REDIRECT] [Fatal Error] :1:1: Premature end of file.
2024-12-22 19:25:34,514 [ERROR] LogOutputStream:75 - [STDERR_REDIRECT] 
2024-12-22 19:25:35,504 [ERROR] LogOutputStream:75 - [STDERR_REDIRECT] [Fatal Error] :1:1: Premature end of file.
2024-12-22 19:25:35,504 [ERROR] LogOutputStream:75 - [STDERR_REDIRECT] 
2024-12-22 19:25:36,514 [ERROR] LogOutputStream:75 - [STDERR_REDIRECT] [Fatal Error] :1:1: Premature end of file.
2024-12-22 19:25:36,514 [ERROR] LogOutputStream:75 - [STDERR_REDIRECT] 
2024-12-22 19:25:37,503 [ERROR] LogOutputStream:75 - [STDERR_REDIRECT] [Fatal Error] :1:1: Premature end of file.
2024-12-22 19:25:37,503 [ERROR] LogOutputStream:75 - [STDERR_REDIRECT] 
2024-12-22 19:25:38,506 [ERROR] LogOutputStream:75 - [STDERR_REDIRECT] [Fatal Error] :1:1: Premature end of file.
2024-12-22 19:25:38,506 [ERROR] LogOutputStream:75 - [STDERR_REDIRECT] 
2024-12-22 19:25:39,498 [ERROR] LogOutputStream:75 - [STDERR_REDIRECT] [Fatal Error] :1:1: Premature end of file.
2024-12-22 19:25:39,498 [ERROR] LogOutputStream:75 - [STDERR_REDIRECT] 
2024-12-22 19:25:40,508 [ERROR] LogOutputStream:75 - [STDERR_REDIRECT] [Fatal Error] :1:1: Premature end of file.
2024-12-22 19:25:40,508 [ERROR] LogOutputStream:75 - [STDERR_REDIRECT] 
2024-12-22 19:25:41,512 [ERROR] LogOutputStream:75 - [STDERR_REDIRECT] [Fatal Error] :1:1: Premature end of file.
2024-12-22 19:25:41,512 [ERROR] LogOutputStream:75 - [STDERR_REDIRECT] 
2024-12-22 19:25:42,503 [ERROR] LogOutputStream:75 - [STDERR_REDIRECT] [Fatal Error] :1:1: Premature end of file.
2024-12-22 19:25:42,503 [ERROR] LogOutputStream:75 - [STDERR_REDIRECT] 
2024-12-22 19:25:43,512 [ERROR] LogOutputStream:75 - [STDERR_REDIRECT] [Fatal Error] :1:1: Premature end of file.
2024-12-22 19:25:43,512 [ERROR] LogOutputStream:75 - [STDERR_REDIRECT] 
2024-12-22 19:25:44,505 [ERROR] LogOutputStream:75 - [STDERR_REDIRECT] [Fatal Error] :1:1: Premature end of file.
2024-12-22 19:25:44,505 [ERROR] LogOutputStream:75 - [STDERR_REDIRECT] 
2024-12-22 19:25:45,511 [ERROR] LogOutputStream:75 - [STDERR_REDIRECT] [Fatal Error] :1:1: Premature end of file.
2024-12-22 19:25:45,511 [ERROR] LogOutputStream:75 - [STDERR_REDIRECT] 
2024-12-22 19:25:46,500 [ERROR] LogOutputStream:75 - [STDERR_REDIRECT] [Fatal Error] :1:1: Premature end of file.
2024-12-22 19:25:46,500 [ERROR] LogOutputStream:75 - [STDERR_REDIRECT] 
2024-12-22 19:25:47,504 [ERROR] LogOutputStream:75 - [STDERR_REDIRECT] [Fatal Error] :1:1: Premature end of file.
2024-12-22 19:25:47,504 [ERROR] LogOutputStream:75 - [STDERR_REDIRECT] 
2024-12-22 19:25:48,510 [ERROR] LogOutputStream:75 - [STDERR_REDIRECT] [Fatal Error] :1:1: Premature end of file.
2024-12-22 19:25:48,510 [ERROR] LogOutputStream:75 - [STDERR_REDIRECT] 
2024-12-22 19:25:49,520 [ERROR] LogOutputStream:75 - [STDERR_REDIRECT] [Fatal Error] :1:1: Premature end of file.
2024-12-22 19:25:49,520 [ERROR] LogOutputStream:75 - [STDERR_REDIRECT] 
2024-12-22 19:25:50,501 [ERROR] LogOutputStream:75 - [STDERR_REDIRECT] [Fatal Error] :1:1: Premature end of file.
2024-12-22 19:25:50,501 [ERROR] LogOutputStream:75 - [STDERR_REDIRECT] 
2024-12-22 19:25:51,511 [ERROR] LogOutputStream:75 - [STDERR_REDIRECT] [Fatal Error] :1:1: Premature end of file.
2024-12-22 19:25:51,511 [ERROR] LogOutputStream:75 - [STDERR_REDIRECT] 
2024-12-22 19:25:52,501 [ERROR] LogOutputStream:75 - [STDERR_REDIRECT] [Fatal Error] :1:1: Premature end of file.
2024-12-22 19:25:52,501 [ERROR] LogOutputStream:75 - [STDERR_REDIRECT] 
2024-12-22 19:25:53,507 [ERROR] LogOutputStream:75 - [STDERR_REDIRECT] [Fatal Error] :1:1: Premature end of file.
2024-12-22 19:25:53,507 [ERROR] LogOutputStream:75 - [STDERR_REDIRECT] 
2024-12-22 19:25:54,518 [ERROR] LogOutputStream:75 - [STDERR_REDIRECT] [Fatal Error] :1:1: Premature end of file.
2024-12-22 19:25:54,518 [ERROR] LogOutputStream:75 - [STDERR_REDIRECT] 
2024-12-22 19:25:55,520 [ERROR] LogOutputStream:75 - [STDERR_REDIRECT] [Fatal Error] :1:1: Premature end of file.
2024-12-22 19:25:55,520 [ERROR] LogOutputStream:75 - [STDERR_REDIRECT] 
2024-12-22 19:25:56,507 [ERROR] LogOutputStream:75 - [STDERR_REDIRECT] [Fatal Error] :1:1: Premature end of file.
2024-12-22 19:25:56,507 [ERROR] LogOutputStream:75 - [STDERR_REDIRECT] 
2024-12-22 19:25:57,509 [ERROR] LogOutputStream:75 - [STDERR_REDIRECT] [Fatal Error] :1:1: Premature end of file.
2024-12-22 19:25:57,509 [ERROR] LogOutputStream:75 - [STDERR_REDIRECT] 
2024-12-22 19:25:58,510 [ERROR] LogOutputStream:75 - [STDERR_REDIRECT] [Fatal Error] :1:1: Premature end of file.
2024-12-22 19:25:58,510 [ERROR] LogOutputStream:75 - [STDERR_REDIRECT] 
2024-12-22 19:25:59,504 [ERROR] LogOutputStream:75 - [STDERR_REDIRECT] [Fatal Error] :1:1: Premature end of file.
2024-12-22 19:25:59,504 [ERROR] LogOutputStream:75 - [STDERR_REDIRECT] 
2024-12-22 19:26:00,517 [ERROR] LogOutputStream:75 - [STDERR_REDIRECT] [Fatal Error] :1:1: Premature end of file.
2024-12-22 19:26:00,517 [ERROR] LogOutputStream:75 - [STDERR_REDIRECT] 
2024-12-22 19:26:01,519 [ERROR] LogOutputStream:75 - [STDERR_REDIRECT] [Fatal Error] :1:1: Premature end of file.
2024-12-22 19:26:01,519 [ERROR] LogOutputStream:75 - [STDERR_REDIRECT] 
2024-12-22 19:26:02,521 [ERROR] LogOutputStream:75 - [STDERR_REDIRECT] [Fatal Error] :1:1: Premature end of file.
2024-12-22 19:26:02,521 [ERROR] LogOutputStream:75 - [STDERR_REDIRECT] 
2024-12-22 19:26:03,507 [ERROR] LogOutputStream:75 - [STDERR_REDIRECT] [Fatal Error] :1:1: Premature end of file.
2024-12-22 19:26:03,507 [ERROR] LogOutputStream:75 - [STDERR_REDIRECT] 
2024-12-22 19:26:04,506 [ERROR] LogOutputStream:75 - [STDERR_REDIRECT] [Fatal Error] :1:1: Premature end of file.
2024-12-22 19:26:04,506 [ERROR] LogOutputStream:75 - [STDERR_REDIRECT] 
2024-12-22 19:26:05,515 [ERROR] LogOutputStream:75 - [STDERR_REDIRECT] [Fatal Error] :1:1: Premature end of file.
2024-12-22 19:26:05,515 [ERROR] LogOutputStream:75 - [STDERR_REDIRECT] 
2024-12-22 19:26:06,519 [ERROR] LogOutputStream:75 - [STDERR_REDIRECT] [Fatal Error] :1:1: Premature end of file.
2024-12-22 19:26:06,519 [ERROR] LogOutputStream:75 - [STDERR_REDIRECT] 
2024-12-22 19:26:07,514 [ERROR] LogOutputStream:75 - [STDERR_REDIRECT] [Fatal Error] :1:1: Premature end of file.
2024-12-22 19:26:07,514 [ERROR] LogOutputStream:75 - [STDERR_REDIRECT] 
2024-12-22 19:26:08,516 [ERROR] LogOutputStream:75 - [STDERR_REDIRECT] [Fatal Error] :1:1: Premature end of file.
2024-12-22 19:26:08,516 [ERROR] LogOutputStream:75 - [STDERR_REDIRECT] 
2024-12-22 19:26:09,520 [ERROR] LogOutputStream:75 - [STDERR_REDIRECT] [Fatal Error] :1:1: Premature end of file.
2024-12-22 19:26:09,520 [ERROR] LogOutputStream:75 - [STDERR_REDIRECT] 
2024-12-22 19:26:10,508 [ERROR] LogOutputStream:75 - [STDERR_REDIRECT] [Fatal Error] :1:1: Premature end of file.
2024-12-22 19:26:10,508 [ERROR] LogOutputStream:75 - [STDERR_REDIRECT] 
2024-12-22 19:26:11,514 [ERROR] LogOutputStream:75 - [STDERR_REDIRECT] [Fatal Error] :1:1: Premature end of file.
2024-12-22 19:26:11,514 [ERROR] LogOutputStream:75 - [STDERR_REDIRECT] 
2024-12-22 19:26:12,510 [ERROR] LogOutputStream:75 - [STDERR_REDIRECT] [Fatal Error] :1:1: Premature end of file.
2024-12-22 19:26:12,510 [ERROR] LogOutputStream:75 - [STDERR_REDIRECT] 
2024-12-22 19:26:13,516 [ERROR] LogOutputStream:75 - [STDERR_REDIRECT] [Fatal Error] :1:1: Premature end of file.
2024-12-22 19:26:13,516 [ERROR] LogOutputStream:75 - [STDERR_REDIRECT] 
2024-12-22 19:26:14,518 [ERROR] LogOutputStream:75 - [STDERR_REDIRECT] [Fatal Error] :1:1: Premature end of file.
2024-12-22 19:26:14,518 [ERROR] LogOutputStream:75 - [STDERR_REDIRECT] 
2024-12-22 19:26:15,514 [ERROR] LogOutputStream:75 - [STDERR_REDIRECT] [Fatal Error] :1:1: Premature end of file.
2024-12-22 19:26:15,514 [ERROR] LogOutputStream:75 - [STDERR_REDIRECT] 
2024-12-22 19:26:16,510 [ERROR] LogOutputStream:75 - [STDERR_REDIRECT] [Fatal Error] :1:1: Premature end of file.
2024-12-22 19:26:16,510 [ERROR] LogOutputStream:75 - [STDERR_REDIRECT] 
2024-12-22 19:26:17,521 [ERROR] LogOutputStream:75 - [STDERR_REDIRECT] [Fatal Error] :1:1: Premature end of file.
2024-12-22 19:26:17,521 [ERROR] LogOutputStream:75 - [STDERR_REDIRECT] 
2024-12-22 19:26:18,509 [ERROR] LogOutputStream:75 - [STDERR_REDIRECT] [Fatal Error] :1:1: Premature end of file.
2024-12-22 19:26:18,509 [ERROR] LogOutputStream:75 - [STDERR_REDIRECT] 
2024-12-22 19:26:19,510 [ERROR] LogOutputStream:75 - [STDERR_REDIRECT] [Fatal Error] :1:1: Premature end of file.
2024-12-22 19:26:19,510 [ERROR] LogOutputStream:75 - [STDERR_REDIRECT] 
2024-12-22 19:26:20,509 [ERROR] LogOutputStream:75 - [STDERR_REDIRECT] [Fatal Error] :1:1: Premature end of file.
2024-12-22 19:26:20,509 [ERROR] LogOutputStream:75 - [STDERR_REDIRECT] 
2024-12-22 19:26:21,509 [ERROR] LogOutputStream:75 - [STDERR_REDIRECT] [Fatal Error] :1:1: Premature end of file.
2024-12-22 19:26:21,509 [ERROR] LogOutputStream:75 - [STDERR_REDIRECT] 
2024-12-22 19:26:22,510 [ERROR] LogOutputStream:75 - [STDERR_REDIRECT] [Fatal Error] :1:1: Premature end of file.
2024-12-22 19:26:22,510 [ERROR] LogOutputStream:75 - [STDERR_REDIRECT] 
2024-12-22 19:26:23,515 [ERROR] LogOutputStream:75 - [STDERR_REDIRECT] [Fatal Error] :1:1: Premature end of file.
2024-12-22 19:26:23,515 [ERROR] LogOutputStream:75 - [STDERR_REDIRECT] 
2024-12-22 19:26:24,509 [ERROR] LogOutputStream:75 - [STDERR_REDIRECT] [Fatal Error] :1:1: Premature end of file.
2024-12-22 19:26:24,509 [ERROR] LogOutputStream:75 - [STDERR_REDIRECT] 
2024-12-22 19:26:25,516 [ERROR] LogOutputStream:75 - [STDERR_REDIRECT] [Fatal Error] :1:1: Premature end of file.
2024-12-22 19:26:25,516 [ERROR] LogOutputStream:75 - [STDERR_REDIRECT] 
2024-12-22 19:26:26,511 [ERROR] LogOutputStream:75 - [STDERR_REDIRECT] [Fatal Error] :1:1: Premature end of file.
2024-12-22 19:26:26,511 [ERROR] LogOutputStream:75 - [STDERR_REDIRECT] 
2024-12-22 19:26:27,513 [ERROR] LogOutputStream:75 - [STDERR_REDIRECT] [Fatal Error] :1:1: Premature end of file.
2024-12-22 19:26:27,513 [ERROR] LogOutputStream:75 - [STDERR_REDIRECT] 
2024-12-22 19:26:28,508 [ERROR] LogOutputStream:75 - [STDERR_REDIRECT] [Fatal Error] :1:1: Premature end of file.
2024-12-22 19:26:28,508 [ERROR] LogOutputStream:75 - [STDERR_REDIRECT] 
2024-12-22 19:26:29,517 [ERROR] LogOutputStream:75 - [STDERR_REDIRECT] [Fatal Error] :1:1: Premature end of file.
2024-12-22 19:26:29,517 [ERROR] LogOutputStream:75 - [STDERR_REDIRECT] 
2024-12-22 19:26:30,520 [ERROR] LogOutputStream:75 - [STDERR_REDIRECT] [Fatal Error] :1:1: Premature end of file.
2024-12-22 19:26:30,520 [ERROR] LogOutputStream:75 - [STDERR_REDIRECT] 
2024-12-22 19:26:31,514 [ERROR] LogOutputStream:75 - [STDERR_REDIRECT] [Fatal Error] :1:1: Premature end of file.
2024-12-22 19:26:31,514 [ERROR] LogOutputStream:75 - [STDERR_REDIRECT] 
2024-12-22 19:26:32,513 [ERROR] LogOutputStream:75 - [STDERR_REDIRECT] [Fatal Error] :1:1: Premature end of file.
2024-12-22 19:26:32,513 [ERROR] LogOutputStream:75 - [STDERR_REDIRECT] 
2024-12-22 19:26:33,512 [ERROR] LogOutputStream:75 - [STDERR_REDIRECT] [Fatal Error] :1:1: Premature end of file.
2024-12-22 19:26:33,512 [ERROR] LogOutputStream:75 - [STDERR_REDIRECT] 
2024-12-22 19:26:34,507 [ERROR] LogOutputStream:75 - [STDERR_REDIRECT] [Fatal Error] :1:1: Premature end of file.
2024-12-22 19:26:34,507 [ERROR] LogOutputStream:75 - [STDERR_REDIRECT] 
2024-12-22 19:26:35,518 [ERROR] LogOutputStream:75 - [STDERR_REDIRECT] [Fatal Error] :1:1: Premature end of file.
2024-12-22 19:26:35,518 [ERROR] LogOutputStream:75 - [STDERR_REDIRECT] 
2024-12-22 19:26:36,514 [ERROR] LogOutputStream:75 - [STDERR_REDIRECT] [Fatal Error] :1:1: Premature end of file.
2024-12-22 19:26:36,515 [ERROR] LogOutputStream:75 - [STDERR_REDIRECT] 
2024-12-22 19:26:37,517 [ERROR] LogOutputStream:75 - [STDERR_REDIRECT] [Fatal Error] :1:1: Premature end of file.
2024-12-22 19:26:37,517 [ERROR] LogOutputStream:75 - [STDERR_REDIRECT] 
2024-12-22 19:26:38,512 [ERROR] LogOutputStream:75 - [STDERR_REDIRECT] [Fatal Error] :1:1: Premature end of file.
2024-12-22 19:26:38,512 [ERROR] LogOutputStream:75 - [STDERR_REDIRECT] 
2024-12-22 19:26:39,512 [ERROR] LogOutputStream:75 - [STDERR_REDIRECT] [Fatal Error] :1:1: Premature end of file.
2024-12-22 19:26:39,512 [ERROR] LogOutputStream:75 - [STDERR_REDIRECT] 
2024-12-22 19:26:40,506 [ERROR] LogOutputStream:75 - [STDERR_REDIRECT] [Fatal Error] :1:1: Premature end of file.
2024-12-22 19:26:40,506 [ERROR] LogOutputStream:75 - [STDERR_REDIRECT] 
2024-12-22 19:26:41,502 [ERROR] LogOutputStream:75 - [STDERR_REDIRECT] [Fatal Error] :1:1: Premature end of file.
2024-12-22 19:26:41,502 [ERROR] LogOutputStream:75 - [STDERR_REDIRECT] 
2024-12-22 19:26:42,512 [ERROR] LogOutputStream:75 - [STDERR_REDIRECT] [Fatal Error] :1:1: Premature end of file.
2024-12-22 19:26:42,512 [ERROR] LogOutputStream:75 - [STDERR_REDIRECT] 
2024-12-22 19:26:43,516 [ERROR] LogOutputStream:75 - [STDERR_REDIRECT] [Fatal Error] :1:1: Premature end of file.
2024-12-22 19:26:43,516 [ERROR] LogOutputStream:75 - [STDERR_REDIRECT] 
2024-12-22 19:26:44,519 [ERROR] LogOutputStream:75 - [STDERR_REDIRECT] [Fatal Error] :1:1: Premature end of file.
2024-12-22 19:26:44,519 [ERROR] LogOutputStream:75 - [STDERR_REDIRECT] 
2024-12-22 19:26:45,517 [ERROR] LogOutputStream:75 - [STDERR_REDIRECT] [Fatal Error] :1:1: Premature end of file.
2024-12-22 19:26:45,517 [ERROR] LogOutputStream:75 - [STDERR_REDIRECT] 
2024-12-22 19:26:46,520 [ERROR] LogOutputStream:75 - [STDERR_REDIRECT] [Fatal Error] :1:1: Premature end of file.
2024-12-22 19:26:46,520 [ERROR] LogOutputStream:75 - [STDERR_REDIRECT] 
2024-12-22 19:26:47,507 [ERROR] LogOutputStream:75 - [STDERR_REDIRECT] [Fatal Error] :1:1: Premature end of file.
2024-12-22 19:26:47,507 [ERROR] LogOutputStream:75 - [STDERR_REDIRECT] 
2024-12-22 19:26:48,509 [ERROR] LogOutputStream:75 - [STDERR_REDIRECT] [Fatal Error] :1:1: Premature end of file.
2024-12-22 19:26:48,509 [ERROR] LogOutputStream:75 - [STDERR_REDIRECT] 
2024-12-22 19:26:49,512 [ERROR] LogOutputStream:75 - [STDERR_REDIRECT] [Fatal Error] :1:1: Premature end of file.
2024-12-22 19:26:49,512 [ERROR] LogOutputStream:75 - [STDERR_REDIRECT] 
2024-12-22 19:26:50,517 [ERROR] LogOutputStream:75 - [STDERR_REDIRECT] [Fatal Error] :1:1: Premature end of file.
2024-12-22 19:26:50,517 [ERROR] LogOutputStream:75 - [STDERR_REDIRECT] 
2024-12-22 19:26:51,504 [ERROR] LogOutputStream:75 - [STDERR_REDIRECT] [Fatal Error] :1:1: Premature end of file.
2024-12-22 19:26:51,504 [ERROR] LogOutputStream:75 - [STDERR_REDIRECT] 
2024-12-22 19:26:52,505 [ERROR] LogOutputStream:75 - [STDERR_REDIRECT] [Fatal Error] :1:1: Premature end of file.
2024-12-22 19:26:52,505 [ERROR] LogOutputStream:75 - [STDERR_REDIRECT] 
2024-12-22 19:26:53,512 [ERROR] LogOutputStream:75 - [STDERR_REDIRECT] [Fatal Error] :1:1: Premature end of file.
2024-12-22 19:26:53,512 [ERROR] LogOutputStream:75 - [STDERR_REDIRECT] 
2024-12-22 19:26:54,501 [ERROR] LogOutputStream:75 - [STDERR_REDIRECT] [Fatal Error] :1:1: Premature end of file.
2024-12-22 19:26:54,501 [ERROR] LogOutputStream:75 - [STDERR_REDIRECT] 
2024-12-22 19:26:55,516 [ERROR] LogOutputStream:75 - [STDERR_REDIRECT] [Fatal Error] :1:1: Premature end of file.
2024-12-22 19:26:55,516 [ERROR] LogOutputStream:75 - [STDERR_REDIRECT] 
2024-12-22 19:26:56,514 [ERROR] LogOutputStream:75 - [STDERR_REDIRECT] [Fatal Error] :1:1: Premature end of file.
2024-12-22 19:26:56,514 [ERROR] LogOutputStream:75 - [STDERR_REDIRECT] 
2024-12-22 19:26:57,507 [ERROR] LogOutputStream:75 - [STDERR_REDIRECT] [Fatal Error] :1:1: Premature end of file.
2024-12-22 19:26:57,507 [ERROR] LogOutputStream:75 - [STDERR_REDIRECT] 
2024-12-22 19:26:58,508 [ERROR] LogOutputStream:75 - [STDERR_REDIRECT] [Fatal Error] :1:1: Premature end of file.
2024-12-22 19:26:58,508 [ERROR] LogOutputStream:75 - [STDERR_REDIRECT] 
2024-12-22 19:26:59,513 [ERROR] LogOutputStream:75 - [STDERR_REDIRECT] [Fatal Error] :1:1: Premature end of file.
2024-12-22 19:26:59,513 [ERROR] LogOutputStream:75 - [STDERR_REDIRECT] 
2024-12-22 19:27:00,508 [ERROR] LogOutputStream:75 - [STDERR_REDIRECT] [Fatal Error] :1:1: Premature end of file.
2024-12-22 19:27:00,508 [ERROR] LogOutputStream:75 - [STDERR_REDIRECT] 
2024-12-22 19:27:01,513 [ERROR] LogOutputStream:75 - [STDERR_REDIRECT] [Fatal Error] :1:1: Premature end of file.
2024-12-22 19:27:01,513 [ERROR] LogOutputStream:75 - [STDERR_REDIRECT] 
2024-12-22 19:27:02,501 [ERROR] LogOutputStream:75 - [STDERR_REDIRECT] [Fatal Error] :1:1: Premature end of file.
2024-12-22 19:27:02,501 [ERROR] LogOutputStream:75 - [STDERR_REDIRECT] 
2024-12-22 19:27:03,511 [ERROR] LogOutputStream:75 - [STDERR_REDIRECT] [Fatal Error] :1:1: Premature end of file.
2024-12-22 19:27:03,511 [ERROR] LogOutputStream:75 - [STDERR_REDIRECT] 
2024-12-22 19:27:04,514 [ERROR] LogOutputStream:75 - [STDERR_REDIRECT] [Fatal Error] :1:1: Premature end of file.
2024-12-22 19:27:04,514 [ERROR] LogOutputStream:75 - [STDERR_REDIRECT] 
2024-12-22 19:27:05,516 [ERROR] LogOutputStream:75 - [STDERR_REDIRECT] [Fatal Error] :1:1: Premature end of file.
2024-12-22 19:27:05,516 [ERROR] LogOutputStream:75 - [STDERR_REDIRECT] 
2024-12-22 19:27:06,507 [ERROR] LogOutputStream:75 - [STDERR_REDIRECT] [Fatal Error] :1:1: Premature end of file.
2024-12-22 19:27:06,507 [ERROR] LogOutputStream:75 - [STDERR_REDIRECT] 
2024-12-22 19:27:07,515 [ERROR] LogOutputStream:75 - [STDERR_REDIRECT] [Fatal Error] :1:1: Premature end of file.
2024-12-22 19:27:07,515 [ERROR] LogOutputStream:75 - [STDERR_REDIRECT] 
2024-12-22 19:27:08,519 [ERROR] LogOutputStream:75 - [STDERR_REDIRECT] [Fatal Error] :1:1: Premature end of file.
2024-12-22 19:27:08,519 [ERROR] LogOutputStream:75 - [STDERR_REDIRECT] 
2024-12-22 19:27:09,504 [ERROR] LogOutputStream:75 - [STDERR_REDIRECT] [Fatal Error] :1:1: Premature end of file.
2024-12-22 19:27:09,504 [ERROR] LogOutputStream:75 - [STDERR_REDIRECT] 
2024-12-22 19:27:10,505 [ERROR] LogOutputStream:75 - [STDERR_REDIRECT] [Fatal Error] :1:1: Premature end of file.
2024-12-22 19:27:10,505 [ERROR] LogOutputStream:75 - [STDERR_REDIRECT] 
2024-12-22 19:27:11,520 [ERROR] LogOutputStream:75 - [STDERR_REDIRECT] [Fatal Error] :1:1: Premature end of file.
2024-12-22 19:27:11,520 [ERROR] LogOutputStream:75 - [STDERR_REDIRECT] 
2024-12-22 19:27:12,500 [ERROR] LogOutputStream:75 - [STDERR_REDIRECT] [Fatal Error] :1:1: Premature end of file.
2024-12-22 19:27:12,500 [ERROR] LogOutputStream:75 - [STDERR_REDIRECT] 
2024-12-22 19:27:13,506 [ERROR] LogOutputStream:75 - [STDERR_REDIRECT] [Fatal Error] :1:1: Premature end of file.
2024-12-22 19:27:13,506 [ERROR] LogOutputStream:75 - [STDERR_REDIRECT] 
2024-12-22 19:27:14,498 [ERROR] LogOutputStream:75 - [STDERR_REDIRECT] [Fatal Error] :1:1: Premature end of file.
2024-12-22 19:27:14,498 [ERROR] LogOutputStream:75 - [STDERR_REDIRECT] 
2024-12-22 19:27:15,505 [ERROR] LogOutputStream:75 - [STDERR_REDIRECT] [Fatal Error] :1:1: Premature end of file.
2024-12-22 19:27:15,505 [ERROR] LogOutputStream:75 - [STDERR_REDIRECT] 
2024-12-22 19:27:16,512 [ERROR] LogOutputStream:75 - [STDERR_REDIRECT] [Fatal Error] :1:1: Premature end of file.
2024-12-22 19:27:16,512 [ERROR] LogOutputStream:75 - [STDERR_REDIRECT] 
2024-12-22 19:27:17,510 [ERROR] LogOutputStream:75 - [STDERR_REDIRECT] [Fatal Error] :1:1: Premature end of file.
2024-12-22 19:27:17,510 [ERROR] LogOutputStream:75 - [STDERR_REDIRECT] 
2024-12-22 19:27:18,503 [ERROR] LogOutputStream:75 - [STDERR_REDIRECT] [Fatal Error] :1:1: Premature end of file.
2024-12-22 19:27:18,503 [ERROR] LogOutputStream:75 - [STDERR_REDIRECT] 
2024-12-22 19:27:19,502 [ERROR] LogOutputStream:75 - [STDERR_REDIRECT] [Fatal Error] :1:1: Premature end of file.
2024-12-22 19:27:19,502 [ERROR] LogOutputStream:75 - [STDERR_REDIRECT] 
2024-12-22 19:27:20,504 [ERROR] LogOutputStream:75 - [STDERR_REDIRECT] [Fatal Error] :1:1: Premature end of file.
2024-12-22 19:27:20,504 [ERROR] LogOutputStream:75 - [STDERR_REDIRECT] 
2024-12-22 19:27:21,500 [ERROR] LogOutputStream:75 - [STDERR_REDIRECT] [Fatal Error] :1:1: Premature end of file.
2024-12-22 19:27:21,500 [ERROR] LogOutputStream:75 - [STDERR_REDIRECT] 
2024-12-22 19:27:22,503 [ERROR] LogOutputStream:75 - [STDERR_REDIRECT] [Fatal Error] :1:1: Premature end of file.
2024-12-22 19:27:22,504 [ERROR] LogOutputStream:75 - [STDERR_REDIRECT] 
2024-12-22 19:27:23,504 [ERROR] LogOutputStream:75 - [STDERR_REDIRECT] [Fatal Error] :1:1: Premature end of file.
2024-12-22 19:27:23,504 [ERROR] LogOutputStream:75 - [STDERR_REDIRECT] 
2024-12-22 19:27:24,502 [ERROR] LogOutputStream:75 - [STDERR_REDIRECT] [Fatal Error] :1:1: Premature end of file.
2024-12-22 19:27:24,502 [ERROR] LogOutputStream:75 - [STDERR_REDIRECT] 
2024-12-22 19:27:25,505 [ERROR] LogOutputStream:75 - [STDERR_REDIRECT] [Fatal Error] :1:1: Premature end of file.
2024-12-22 19:27:25,505 [ERROR] LogOutputStream:75 - [STDERR_REDIRECT] 
2024-12-22 19:27:26,516 [ERROR] LogOutputStream:75 - [STDERR_REDIRECT] [Fatal Error] :1:1: Premature end of file.
2024-12-22 19:27:26,516 [ERROR] LogOutputStream:75 - [STDERR_REDIRECT] 
2024-12-22 19:27:27,505 [ERROR] LogOutputStream:75 - [STDERR_REDIRECT] [Fatal Error] :1:1: Premature end of file.
2024-12-22 19:27:27,505 [ERROR] LogOutputStream:75 - [STDERR_REDIRECT] 
2024-12-22 19:27:28,512 [ERROR] LogOutputStream:75 - [STDERR_REDIRECT] [Fatal Error] :1:1: Premature end of file.
2024-12-22 19:27:28,512 [ERROR] LogOutputStream:75 - [STDERR_REDIRECT] 
2024-12-22 19:27:29,502 [ERROR] LogOutputStream:75 - [STDERR_REDIRECT] [Fatal Error] :1:1: Premature end of file.
2024-12-22 19:27:29,502 [ERROR] LogOutputStream:75 - [STDERR_REDIRECT] 
2024-12-22 19:27:30,502 [ERROR] LogOutputStream:75 - [STDERR_REDIRECT] [Fatal Error] :1:1: Premature end of file.
2024-12-22 19:27:30,502 [ERROR] LogOutputStream:75 - [STDERR_REDIRECT] 
2024-12-22 19:27:31,508 [ERROR] LogOutputStream:75 - [STDERR_REDIRECT] [Fatal Error] :1:1: Premature end of file.
2024-12-22 19:27:31,513 [ERROR] LogOutputStream:75 - [STDERR_REDIRECT] 
2024-12-22 19:27:32,504 [ERROR] LogOutputStream:75 - [STDERR_REDIRECT] [Fatal Error] :1:1: Premature end of file.
2024-12-22 19:27:32,504 [ERROR] LogOutputStream:75 - [STDERR_REDIRECT] 
2024-12-22 19:27:33,508 [ERROR] LogOutputStream:75 - [STDERR_REDIRECT] [Fatal Error] :1:1: Premature end of file.
2024-12-22 19:27:33,508 [ERROR] LogOutputStream:75 - [STDERR_REDIRECT] 
2024-12-22 19:27:34,498 [ERROR] LogOutputStream:75 - [STDERR_REDIRECT] [Fatal Error] :1:1: Premature end of file.
2024-12-22 19:27:34,498 [ERROR] LogOutputStream:75 - [STDERR_REDIRECT] 
2024-12-22 19:27:35,514 [ERROR] LogOutputStream:75 - [STDERR_REDIRECT] [Fatal Error] :1:1: Premature end of file.
2024-12-22 19:27:35,514 [ERROR] LogOutputStream:75 - [STDERR_REDIRECT] 
2024-12-22 19:27:36,504 [ERROR] LogOutputStream:75 - [STDERR_REDIRECT] [Fatal Error] :1:1: Premature end of file.
2024-12-22 19:27:36,504 [ERROR] LogOutputStream:75 - [STDERR_REDIRECT] 
2024-12-22 19:27:37,515 [ERROR] LogOutputStream:75 - [STDERR_REDIRECT] [Fatal Error] :1:1: Premature end of file.
2024-12-22 19:27:37,515 [ERROR] LogOutputStream:75 - [STDERR_REDIRECT] 
2024-12-22 19:27:38,516 [ERROR] LogOutputStream:75 - [STDERR_REDIRECT] [Fatal Error] :1:1: Premature end of file.
2024-12-22 19:27:38,516 [ERROR] LogOutputStream:75 - [STDERR_REDIRECT] 
2024-12-22 19:27:39,504 [ERROR] LogOutputStream:75 - [STDERR_REDIRECT] [Fatal Error] :1:1: Premature end of file.
2024-12-22 19:27:39,504 [ERROR] LogOutputStream:75 - [STDERR_REDIRECT] 
2024-12-22 19:27:40,513 [ERROR] LogOutputStream:75 - [STDERR_REDIRECT] [Fatal Error] :1:1: Premature end of file.
2024-12-22 19:27:40,513 [ERROR] LogOutputStream:75 - [STDERR_REDIRECT] 
2024-12-22 19:27:41,501 [ERROR] LogOutputStream:75 - [STDERR_REDIRECT] [Fatal Error] :1:1: Premature end of file.
2024-12-22 19:27:41,501 [ERROR] LogOutputStream:75 - [STDERR_REDIRECT] 
2024-12-22 19:27:42,512 [ERROR] LogOutputStream:75 - [STDERR_REDIRECT] [Fatal Error] :1:1: Premature end of file.
2024-12-22 19:27:42,512 [ERROR] LogOutputStream:75 - [STDERR_REDIRECT] 
2024-12-22 19:27:43,518 [ERROR] LogOutputStream:75 - [STDERR_REDIRECT] [Fatal Error] :1:1: Premature end of file.
2024-12-22 19:27:43,518 [ERROR] LogOutputStream:75 - [STDERR_REDIRECT] 
2024-12-22 19:27:44,513 [ERROR] LogOutputStream:75 - [STDERR_REDIRECT] [Fatal Error] :1:1: Premature end of file.
2024-12-22 19:27:44,513 [ERROR] LogOutputStream:75 - [STDERR_REDIRECT] 
2024-12-22 19:27:45,500 [ERROR] LogOutputStream:75 - [STDERR_REDIRECT] [Fatal Error] :1:1: Premature end of file.
2024-12-22 19:27:45,500 [ERROR] LogOutputStream:75 - [STDERR_REDIRECT] 
2024-12-22 19:27:46,502 [ERROR] LogOutputStream:75 - [STDERR_REDIRECT] [Fatal Error] :1:1: Premature end of file.
2024-12-22 19:27:46,502 [ERROR] LogOutputStream:75 - [STDERR_REDIRECT] 
2024-12-22 19:27:47,505 [ERROR] LogOutputStream:75 - [STDERR_REDIRECT] [Fatal Error] :1:1: Premature end of file.
2024-12-22 19:27:47,505 [ERROR] LogOutputStream:75 - [STDERR_REDIRECT] 
2024-12-22 19:27:48,508 [ERROR] LogOutputStream:75 - [STDERR_REDIRECT] [Fatal Error] :1:1: Premature end of file.
2024-12-22 19:27:48,508 [ERROR] LogOutputStream:75 - [STDERR_REDIRECT] 
2024-12-22 19:27:49,514 [ERROR] LogOutputStream:75 - [STDERR_REDIRECT] [Fatal Error] :1:1: Premature end of file.
2024-12-22 19:27:49,514 [ERROR] LogOutputStream:75 - [STDERR_REDIRECT] 
2024-12-22 19:27:50,511 [ERROR] LogOutputStream:75 - [STDERR_REDIRECT] [Fatal Error] :1:1: Premature end of file.
2024-12-22 19:27:50,511 [ERROR] LogOutputStream:75 - [STDERR_REDIRECT] 
2024-12-22 19:27:51,500 [ERROR] LogOutputStream:75 - [STDERR_REDIRECT] [Fatal Error] :1:1: Premature end of file.
2024-12-22 19:27:51,500 [ERROR] LogOutputStream:75 - [STDERR_REDIRECT] 
2024-12-22 19:27:52,506 [ERROR] LogOutputStream:75 - [STDERR_REDIRECT] [Fatal Error] :1:1: Premature end of file.
2024-12-22 19:27:52,506 [ERROR] LogOutputStream:75 - [STDERR_REDIRECT] 
2024-12-22 19:27:53,513 [ERROR] LogOutputStream:75 - [STDERR_REDIRECT] [Fatal Error] :1:1: Premature end of file.
2024-12-22 19:27:53,513 [ERROR] LogOutputStream:75 - [STDERR_REDIRECT] 
2024-12-22 19:27:54,504 [ERROR] LogOutputStream:75 - [STDERR_REDIRECT] [Fatal Error] :1:1: Premature end of file.
2024-12-22 19:27:54,504 [ERROR] LogOutputStream:75 - [STDERR_REDIRECT] 
2024-12-22 19:27:55,509 [ERROR] LogOutputStream:75 - [STDERR_REDIRECT] [Fatal Error] :1:1: Premature end of file.
2024-12-22 19:27:55,509 [ERROR] LogOutputStream:75 - [STDERR_REDIRECT] 
2024-12-22 19:27:56,500 [ERROR] LogOutputStream:75 - [STDERR_REDIRECT] [Fatal Error] :1:1: Premature end of file.
2024-12-22 19:27:56,500 [ERROR] LogOutputStream:75 - [STDERR_REDIRECT] 
2024-12-22 19:27:57,509 [ERROR] LogOutputStream:75 - [STDERR_REDIRECT] [Fatal Error] :1:1: Premature end of file.
2024-12-22 19:27:57,509 [ERROR] LogOutputStream:75 - [STDERR_REDIRECT] 
2024-12-22 19:27:58,502 [ERROR] LogOutputStream:75 - [STDERR_REDIRECT] [Fatal Error] :1:1: Premature end of file.
2024-12-22 19:27:58,502 [ERROR] LogOutputStream:75 - [STDERR_REDIRECT] 
2024-12-22 19:27:59,506 [ERROR] LogOutputStream:75 - [STDERR_REDIRECT] [Fatal Error] :1:1: Premature end of file.
2024-12-22 19:27:59,506 [ERROR] LogOutputStream:75 - [STDERR_REDIRECT] 
2024-12-22 19:28:00,514 [ERROR] LogOutputStream:75 - [STDERR_REDIRECT] [Fatal Error] :1:1: Premature end of file.
2024-12-22 19:28:00,514 [ERROR] LogOutputStream:75 - [STDERR_REDIRECT] 
2024-12-22 19:28:01,505 [ERROR] LogOutputStream:75 - [STDERR_REDIRECT] [Fatal Error] :1:1: Premature end of file.
2024-12-22 19:28:01,505 [ERROR] LogOutputStream:75 - [STDERR_REDIRECT] 
2024-12-22 19:28:02,511 [ERROR] LogOutputStream:75 - [STDERR_REDIRECT] [Fatal Error] :1:1: Premature end of file.
2024-12-22 19:28:02,511 [ERROR] LogOutputStream:75 - [STDERR_REDIRECT] 
2024-12-22 19:28:03,503 [ERROR] LogOutputStream:75 - [STDERR_REDIRECT] [Fatal Error] :1:1: Premature end of file.
2024-12-22 19:28:03,503 [ERROR] LogOutputStream:75 - [STDERR_REDIRECT] 
2024-12-22 19:28:04,509 [ERROR] LogOutputStream:75 - [STDERR_REDIRECT] [Fatal Error] :1:1: Premature end of file.
2024-12-22 19:28:04,509 [ERROR] LogOutputStream:75 - [STDERR_REDIRECT] 
2024-12-22 19:28:05,502 [ERROR] LogOutputStream:75 - [STDERR_REDIRECT] [Fatal Error] :1:1: Premature end of file.
2024-12-22 19:28:05,502 [ERROR] LogOutputStream:75 - [STDERR_REDIRECT] 
2024-12-22 19:28:06,511 [ERROR] LogOutputStream:75 - [STDERR_REDIRECT] [Fatal Error] :1:1: Premature end of file.
2024-12-22 19:28:06,511 [ERROR] LogOutputStream:75 - [STDERR_REDIRECT] 
2024-12-22 19:28:07,511 [ERROR] LogOutputStream:75 - [STDERR_REDIRECT] [Fatal Error] :1:1: Premature end of file.
2024-12-22 19:28:07,511 [ERROR] LogOutputStream:75 - [STDERR_REDIRECT] 
2024-12-22 19:28:08,501 [ERROR] LogOutputStream:75 - [STDERR_REDIRECT] [Fatal Error] :1:1: Premature end of file.
2024-12-22 19:28:08,501 [ERROR] LogOutputStream:75 - [STDERR_REDIRECT] 
2024-12-22 19:28:09,509 [ERROR] LogOutputStream:75 - [STDERR_REDIRECT] [Fatal Error] :1:1: Premature end of file.
2024-12-22 19:28:09,509 [ERROR] LogOutputStream:75 - [STDERR_REDIRECT] 
2024-12-22 19:28:10,499 [ERROR] LogOutputStream:75 - [STDERR_REDIRECT] [Fatal Error] :1:1: Premature end of file.
2024-12-22 19:28:10,499 [ERROR] LogOutputStream:75 - [STDERR_REDIRECT] 
2024-12-22 19:28:11,509 [ERROR] LogOutputStream:75 - [STDERR_REDIRECT] [Fatal Error] :1:1: Premature end of file.
2024-12-22 19:28:11,509 [ERROR] LogOutputStream:75 - [STDERR_REDIRECT] 
2024-12-22 19:28:12,515 [ERROR] LogOutputStream:75 - [STDERR_REDIRECT] [Fatal Error] :1:1: Premature end of file.
2024-12-22 19:28:12,515 [ERROR] LogOutputStream:75 - [STDERR_REDIRECT] 
2024-12-22 19:28:13,503 [ERROR] LogOutputStream:75 - [STDERR_REDIRECT] [Fatal Error] :1:1: Premature end of file.
2024-12-22 19:28:13,503 [ERROR] LogOutputStream:75 - [STDERR_REDIRECT] 
2024-12-22 19:28:14,513 [ERROR] LogOutputStream:75 - [STDERR_REDIRECT] [Fatal Error] :1:1: Premature end of file.
2024-12-22 19:28:14,513 [ERROR] LogOutputStream:75 - [STDERR_REDIRECT] 
2024-12-22 19:28:15,509 [ERROR] LogOutputStream:75 - [STDERR_REDIRECT] [Fatal Error] :1:1: Premature end of file.
2024-12-22 19:28:15,509 [ERROR] LogOutputStream:75 - [STDERR_REDIRECT] 
2024-12-22 19:28:16,513 [ERROR] LogOutputStream:75 - [STDERR_REDIRECT] [Fatal Error] :1:1: Premature end of file.
2024-12-22 19:28:16,513 [ERROR] LogOutputStream:75 - [STDERR_REDIRECT] 
2024-12-22 19:28:17,510 [ERROR] LogOutputStream:75 - [STDERR_REDIRECT] [Fatal Error] :1:1: Premature end of file.
2024-12-22 19:28:17,510 [ERROR] LogOutputStream:75 - [STDERR_REDIRECT] 
2024-12-22 19:28:18,517 [ERROR] LogOutputStream:75 - [STDERR_REDIRECT] [Fatal Error] :1:1: Premature end of file.
2024-12-22 19:28:18,517 [ERROR] LogOutputStream:75 - [STDERR_REDIRECT] 
2024-12-22 19:28:19,503 [ERROR] LogOutputStream:75 - [STDERR_REDIRECT] [Fatal Error] :1:1: Premature end of file.
2024-12-22 19:28:19,503 [ERROR] LogOutputStream:75 - [STDERR_REDIRECT] 
2024-12-22 19:28:20,508 [ERROR] LogOutputStream:75 - [STDERR_REDIRECT] [Fatal Error] :1:1: Premature end of file.
2024-12-22 19:28:20,508 [ERROR] LogOutputStream:75 - [STDERR_REDIRECT] 
2024-12-22 19:28:21,501 [ERROR] LogOutputStream:75 - [STDERR_REDIRECT] [Fatal Error] :1:1: Premature end of file.
2024-12-22 19:28:21,506 [ERROR] LogOutputStream:75 - [STDERR_REDIRECT] 
2024-12-22 19:28:22,509 [ERROR] LogOutputStream:75 - [STDERR_REDIRECT] [Fatal Error] :1:1: Premature end of file.
2024-12-22 19:28:22,509 [ERROR] LogOutputStream:75 - [STDERR_REDIRECT] 
2024-12-22 19:28:23,501 [ERROR] LogOutputStream:75 - [STDERR_REDIRECT] [Fatal Error] :1:1: Premature end of file.
2024-12-22 19:28:23,501 [ERROR] LogOutputStream:75 - [STDERR_REDIRECT] 
2024-12-22 19:28:24,510 [ERROR] LogOutputStream:75 - [STDERR_REDIRECT] [Fatal Error] :1:1: Premature end of file.
2024-12-22 19:28:24,510 [ERROR] LogOutputStream:75 - [STDERR_REDIRECT] 
2024-12-22 19:28:25,500 [ERROR] LogOutputStream:75 - [STDERR_REDIRECT] [Fatal Error] :1:1: Premature end of file.
2024-12-22 19:28:25,507 [ERROR] LogOutputStream:75 - [STDERR_REDIRECT] 
2024-12-22 19:28:26,509 [ERROR] LogOutputStream:75 - [STDERR_REDIRECT] [Fatal Error] :1:1: Premature end of file.
2024-12-22 19:28:26,509 [ERROR] LogOutputStream:75 - [STDERR_REDIRECT] 
2024-12-22 19:28:27,502 [ERROR] LogOutputStream:75 - [STDERR_REDIRECT] [Fatal Error] :1:1: Premature end of file.
2024-12-22 19:28:27,502 [ERROR] LogOutputStream:75 - [STDERR_REDIRECT] 
2024-12-22 19:28:28,511 [ERROR] LogOutputStream:75 - [STDERR_REDIRECT] [Fatal Error] :1:1: Premature end of file.
2024-12-22 19:28:28,511 [ERROR] LogOutputStream:75 - [STDERR_REDIRECT] 
2024-12-22 19:28:29,510 [ERROR] LogOutputStream:75 - [STDERR_REDIRECT] [Fatal Error] :1:1: Premature end of file.
2024-12-22 19:28:29,510 [ERROR] LogOutputStream:75 - [STDERR_REDIRECT] 
2024-12-22 19:28:30,509 [ERROR] LogOutputStream:75 - [STDERR_REDIRECT] [Fatal Error] :1:1: Premature end of file.
2024-12-22 19:28:30,509 [ERROR] LogOutputStream:75 - [STDERR_REDIRECT] 
2024-12-22 19:28:31,501 [ERROR] LogOutputStream:75 - [STDERR_REDIRECT] [Fatal Error] :1:1: Premature end of file.
2024-12-22 19:28:31,501 [ERROR] LogOutputStream:75 - [STDERR_REDIRECT] 
2024-12-22 19:28:32,506 [ERROR] LogOutputStream:75 - [STDERR_REDIRECT] [Fatal Error] :1:1: Premature end of file.
2024-12-22 19:28:32,506 [ERROR] LogOutputStream:75 - [STDERR_REDIRECT] 
2024-12-22 19:28:33,513 [ERROR] LogOutputStream:75 - [STDERR_REDIRECT] [Fatal Error] :1:1: Premature end of file.
2024-12-22 19:28:33,521 [ERROR] LogOutputStream:75 - [STDERR_REDIRECT] 
2024-12-22 19:28:34,505 [ERROR] LogOutputStream:75 - [STDERR_REDIRECT] [Fatal Error] :1:1: Premature end of file.
2024-12-22 19:28:34,505 [ERROR] LogOutputStream:75 - [STDERR_REDIRECT] 
2024-12-22 19:28:35,512 [ERROR] LogOutputStream:75 - [STDERR_REDIRECT] [Fatal Error] :1:1: Premature end of file.
2024-12-22 19:28:35,512 [ERROR] LogOutputStream:75 - [STDERR_REDIRECT] 
2024-12-22 19:28:36,499 [ERROR] LogOutputStream:75 - [STDERR_REDIRECT] [Fatal Error] :1:1: Premature end of file.
2024-12-22 19:28:36,499 [ERROR] LogOutputStream:75 - [STDERR_REDIRECT] 
2024-12-22 19:28:37,510 [ERROR] LogOutputStream:75 - [STDERR_REDIRECT] [Fatal Error] :1:1: Premature end of file.
2024-12-22 19:28:37,510 [ERROR] LogOutputStream:75 - [STDERR_REDIRECT] 
2024-12-22 19:28:38,499 [ERROR] LogOutputStream:75 - [STDERR_REDIRECT] [Fatal Error] :1:1: Premature end of file.
2024-12-22 19:28:38,499 [ERROR] LogOutputStream:75 - [STDERR_REDIRECT] 
2024-12-22 19:28:39,507 [ERROR] LogOutputStream:75 - [STDERR_REDIRECT] [Fatal Error] :1:1: Premature end of file.
2024-12-22 19:28:39,507 [ERROR] LogOutputStream:75 - [STDERR_REDIRECT] 
2024-12-22 19:28:40,506 [ERROR] LogOutputStream:75 - [STDERR_REDIRECT] [Fatal Error] :1:1: Premature end of file.
2024-12-22 19:28:40,506 [ERROR] LogOutputStream:75 - [STDERR_REDIRECT] 
2024-12-22 19:28:41,509 [ERROR] LogOutputStream:75 - [STDERR_REDIRECT] [Fatal Error] :1:1: Premature end of file.
2024-12-22 19:28:41,509 [ERROR] LogOutputStream:75 - [STDERR_REDIRECT] 
2024-12-22 19:28:42,513 [ERROR] LogOutputStream:75 - [STDERR_REDIRECT] [Fatal Error] :1:1: Premature end of file.
2024-12-22 19:28:42,513 [ERROR] LogOutputStream:75 - [STDERR_REDIRECT] 
2024-12-22 19:28:43,507 [ERROR] LogOutputStream:75 - [STDERR_REDIRECT] [Fatal Error] :1:1: Premature end of file.
2024-12-22 19:28:43,507 [ERROR] LogOutputStream:75 - [STDERR_REDIRECT] 
2024-12-22 19:28:44,498 [ERROR] LogOutputStream:75 - [STDERR_REDIRECT] [Fatal Error] :1:1: Premature end of file.
2024-12-22 19:28:44,498 [ERROR] LogOutputStream:75 - [STDERR_REDIRECT] 
2024-12-22 19:28:45,505 [ERROR] LogOutputStream:75 - [STDERR_REDIRECT] [Fatal Error] :1:1: Premature end of file.
2024-12-22 19:28:45,505 [ERROR] LogOutputStream:75 - [STDERR_REDIRECT] 
2024-12-22 19:28:46,513 [ERROR] LogOutputStream:75 - [STDERR_REDIRECT] [Fatal Error] :1:1: Premature end of file.
2024-12-22 19:28:46,513 [ERROR] LogOutputStream:75 - [STDERR_REDIRECT] 
2024-12-22 19:28:47,507 [ERROR] LogOutputStream:75 - [STDERR_REDIRECT] [Fatal Error] :1:1: Premature end of file.
2024-12-22 19:28:47,507 [ERROR] LogOutputStream:75 - [STDERR_REDIRECT] 
2024-12-22 19:28:48,518 [ERROR] LogOutputStream:75 - [STDERR_REDIRECT] [Fatal Error] :1:1: Premature end of file.
2024-12-22 19:28:48,518 [ERROR] LogOutputStream:75 - [STDERR_REDIRECT] 
2024-12-22 19:28:49,505 [ERROR] LogOutputStream:75 - [STDERR_REDIRECT] [Fatal Error] :1:1: Premature end of file.
2024-12-22 19:28:49,505 [ERROR] LogOutputStream:75 - [STDERR_REDIRECT] 
2024-12-22 19:28:50,513 [ERROR] LogOutputStream:75 - [STDERR_REDIRECT] [Fatal Error] :1:1: Premature end of file.
2024-12-22 19:28:50,513 [ERROR] LogOutputStream:75 - [STDERR_REDIRECT] 
2024-12-22 19:28:51,505 [ERROR] LogOutputStream:75 - [STDERR_REDIRECT] [Fatal Error] :1:1: Premature end of file.
2024-12-22 19:28:51,505 [ERROR] LogOutputStream:75 - [STDERR_REDIRECT] 
2024-12-22 19:28:52,519 [ERROR] LogOutputStream:75 - [STDERR_REDIRECT] [Fatal Error] :1:1: Premature end of file.
2024-12-22 19:28:52,519 [ERROR] LogOutputStream:75 - [STDERR_REDIRECT] 
2024-12-22 19:28:53,505 [ERROR] LogOutputStream:75 - [STDERR_REDIRECT] [Fatal Error] :1:1: Premature end of file.
2024-12-22 19:28:53,505 [ERROR] LogOutputStream:75 - [STDERR_REDIRECT] 
2024-12-22 19:28:54,513 [ERROR] LogOutputStream:75 - [STDERR_REDIRECT] [Fatal Error] :1:1: Premature end of file.
2024-12-22 19:28:54,513 [ERROR] LogOutputStream:75 - [STDERR_REDIRECT] 
2024-12-22 19:28:55,506 [ERROR] LogOutputStream:75 - [STDERR_REDIRECT] [Fatal Error] :1:1: Premature end of file.
2024-12-22 19:28:55,506 [ERROR] LogOutputStream:75 - [STDERR_REDIRECT] 
2024-12-22 19:28:56,504 [ERROR] LogOutputStream:75 - [STDERR_REDIRECT] [Fatal Error] :1:1: Premature end of file.
2024-12-22 19:28:56,504 [ERROR] LogOutputStream:75 - [STDERR_REDIRECT] 
2024-12-22 19:28:57,508 [ERROR] LogOutputStream:75 - [STDERR_REDIRECT] [Fatal Error] :1:1: Premature end of file.
2024-12-22 19:28:57,508 [ERROR] LogOutputStream:75 - [STDERR_REDIRECT] 
2024-12-22 19:28:58,512 [ERROR] LogOutputStream:75 - [STDERR_REDIRECT] [Fatal Error] :1:1: Premature end of file.
2024-12-22 19:28:58,512 [ERROR] LogOutputStream:75 - [STDERR_REDIRECT] 
2024-12-22 19:28:59,503 [ERROR] LogOutputStream:75 - [STDERR_REDIRECT] [Fatal Error] :1:1: Premature end of file.
2024-12-22 19:28:59,503 [ERROR] LogOutputStream:75 - [STDERR_REDIRECT] 
2024-12-22 19:29:00,510 [ERROR] LogOutputStream:75 - [STDERR_REDIRECT] [Fatal Error] :1:1: Premature end of file.
2024-12-22 19:29:00,510 [ERROR] LogOutputStream:75 - [STDERR_REDIRECT] 
2024-12-22 19:29:01,503 [ERROR] LogOutputStream:75 - [STDERR_REDIRECT] [Fatal Error] :1:1: Premature end of file.
2024-12-22 19:29:01,503 [ERROR] LogOutputStream:75 - [STDERR_REDIRECT] 
2024-12-22 19:29:02,507 [ERROR] LogOutputStream:75 - [STDERR_REDIRECT] [Fatal Error] :1:1: Premature end of file.
2024-12-22 19:29:02,507 [ERROR] LogOutputStream:75 - [STDERR_REDIRECT] 
2024-12-22 19:29:03,513 [ERROR] LogOutputStream:75 - [STDERR_REDIRECT] [Fatal Error] :1:1: Premature end of file.
2024-12-22 19:29:03,513 [ERROR] LogOutputStream:75 - [STDERR_REDIRECT] 
2024-12-22 19:29:04,503 [ERROR] LogOutputStream:75 - [STDERR_REDIRECT] [Fatal Error] :1:1: Premature end of file.
2024-12-22 19:29:04,503 [ERROR] LogOutputStream:75 - [STDERR_REDIRECT] 
2024-12-22 19:29:05,512 [ERROR] LogOutputStream:75 - [STDERR_REDIRECT] [Fatal Error] :1:1: Premature end of file.
2024-12-22 19:29:05,512 [ERROR] LogOutputStream:75 - [STDERR_REDIRECT] 
2024-12-22 19:29:06,501 [ERROR] LogOutputStream:75 - [STDERR_REDIRECT] [Fatal Error] :1:1: Premature end of file.
2024-12-22 19:29:06,501 [ERROR] LogOutputStream:75 - [STDERR_REDIRECT] 
2024-12-22 19:29:07,507 [ERROR] LogOutputStream:75 - [STDERR_REDIRECT] [Fatal Error] :1:1: Premature end of file.
2024-12-22 19:29:07,507 [ERROR] LogOutputStream:75 - [STDERR_REDIRECT] 
2024-12-22 19:29:08,513 [ERROR] LogOutputStream:75 - [STDERR_REDIRECT] [Fatal Error] :1:1: Premature end of file.
2024-12-22 19:29:08,513 [ERROR] LogOutputStream:75 - [STDERR_REDIRECT] 
2024-12-22 19:29:09,507 [ERROR] LogOutputStream:75 - [STDERR_REDIRECT] [Fatal Error] :1:1: Premature end of file.
2024-12-22 19:29:09,507 [ERROR] LogOutputStream:75 - [STDERR_REDIRECT] 
2024-12-22 19:29:10,510 [ERROR] LogOutputStream:75 - [STDERR_REDIRECT] [Fatal Error] :1:1: Premature end of file.
2024-12-22 19:29:10,510 [ERROR] LogOutputStream:75 - [STDERR_REDIRECT] 
2024-12-22 19:29:11,498 [ERROR] LogOutputStream:75 - [STDERR_REDIRECT] [Fatal Error] :1:1: Premature end of file.
2024-12-22 19:29:11,498 [ERROR] LogOutputStream:75 - [STDERR_REDIRECT] 
2024-12-22 19:29:12,503 [ERROR] LogOutputStream:75 - [STDERR_REDIRECT] [Fatal Error] :1:1: Premature end of file.
2024-12-22 19:29:12,503 [ERROR] LogOutputStream:75 - [STDERR_REDIRECT] 
2024-12-22 19:29:13,510 [ERROR] LogOutputStream:75 - [STDERR_REDIRECT] [Fatal Error] :1:1: Premature end of file.
2024-12-22 19:29:13,510 [ERROR] LogOutputStream:75 - [STDERR_REDIRECT] 
2024-12-22 19:29:14,501 [ERROR] LogOutputStream:75 - [STDERR_REDIRECT] [Fatal Error] :1:1: Premature end of file.
2024-12-22 19:29:14,501 [ERROR] LogOutputStream:75 - [STDERR_REDIRECT] 
2024-12-22 19:29:15,505 [ERROR] LogOutputStream:75 - [STDERR_REDIRECT] [Fatal Error] :1:1: Premature end of file.
2024-12-22 19:29:15,505 [ERROR] LogOutputStream:75 - [STDERR_REDIRECT] 
2024-12-22 19:29:16,515 [ERROR] LogOutputStream:75 - [STDERR_REDIRECT] [Fatal Error] :1:1: Premature end of file.
2024-12-22 19:29:16,515 [ERROR] LogOutputStream:75 - [STDERR_REDIRECT] 
2024-12-22 19:29:17,500 [ERROR] LogOutputStream:75 - [STDERR_REDIRECT] [Fatal Error] :1:1: Premature end of file.
2024-12-22 19:29:17,500 [ERROR] LogOutputStream:75 - [STDERR_REDIRECT] 
2024-12-22 19:29:18,507 [ERROR] LogOutputStream:75 - [STDERR_REDIRECT] [Fatal Error] :1:1: Premature end of file.
2024-12-22 19:29:18,507 [ERROR] LogOutputStream:75 - [STDERR_REDIRECT] 
2024-12-22 19:29:19,513 [ERROR] LogOutputStream:75 - [STDERR_REDIRECT] [Fatal Error] :1:1: Premature end of file.
2024-12-22 19:29:19,513 [ERROR] LogOutputStream:75 - [STDERR_REDIRECT] 
2024-12-22 19:29:20,503 [ERROR] LogOutputStream:75 - [STDERR_REDIRECT] [Fatal Error] :1:1: Premature end of file.
2024-12-22 19:29:20,503 [ERROR] LogOutputStream:75 - [STDERR_REDIRECT] 
2024-12-22 19:29:21,514 [ERROR] LogOutputStream:75 - [STDERR_REDIRECT] [Fatal Error] :1:1: Premature end of file.
2024-12-22 19:29:21,514 [ERROR] LogOutputStream:75 - [STDERR_REDIRECT] 
2024-12-22 19:29:22,500 [ERROR] LogOutputStream:75 - [STDERR_REDIRECT] [Fatal Error] :1:1: Premature end of file.
2024-12-22 19:29:22,500 [ERROR] LogOutputStream:75 - [STDERR_REDIRECT] 
2024-12-22 19:29:23,508 [ERROR] LogOutputStream:75 - [STDERR_REDIRECT] [Fatal Error] :1:1: Premature end of file.
2024-12-22 19:29:23,508 [ERROR] LogOutputStream:75 - [STDERR_REDIRECT] 
2024-12-22 19:29:24,513 [ERROR] LogOutputStream:75 - [STDERR_REDIRECT] [Fatal Error] :1:1: Premature end of file.
2024-12-22 19:29:24,513 [ERROR] LogOutputStream:75 - [STDERR_REDIRECT] 
2024-12-22 19:29:25,507 [ERROR] LogOutputStream:75 - [STDERR_REDIRECT] [Fatal Error] :1:1: Premature end of file.
2024-12-22 19:29:25,507 [ERROR] LogOutputStream:75 - [STDERR_REDIRECT] 
2024-12-22 19:29:26,509 [ERROR] LogOutputStream:75 - [STDERR_REDIRECT] [Fatal Error] :1:1: Premature end of file.
2024-12-22 19:29:26,509 [ERROR] LogOutputStream:75 - [STDERR_REDIRECT] 
2024-12-22 19:29:27,498 [ERROR] LogOutputStream:75 - [STDERR_REDIRECT] [Fatal Error] :1:1: Premature end of file.
2024-12-22 19:29:27,498 [ERROR] LogOutputStream:75 - [STDERR_REDIRECT] 
2024-12-22 19:29:28,504 [ERROR] LogOutputStream:75 - [STDERR_REDIRECT] [Fatal Error] :1:1: Premature end of file.
2024-12-22 19:29:28,504 [ERROR] LogOutputStream:75 - [STDERR_REDIRECT] 
2024-12-22 19:29:29,510 [ERROR] LogOutputStream:75 - [STDERR_REDIRECT] [Fatal Error] :1:1: Premature end of file.
2024-12-22 19:29:29,510 [ERROR] LogOutputStream:75 - [STDERR_REDIRECT] 
2024-12-22 19:29:30,500 [ERROR] LogOutputStream:75 - [STDERR_REDIRECT] [Fatal Error] :1:1: Premature end of file.
2024-12-22 19:29:30,500 [ERROR] LogOutputStream:75 - [STDERR_REDIRECT] 
2024-12-22 19:29:31,502 [ERROR] LogOutputStream:75 - [STDERR_REDIRECT] [Fatal Error] :1:1: Premature end of file.
2024-12-22 19:29:31,502 [ERROR] LogOutputStream:75 - [STDERR_REDIRECT] 
2024-12-22 19:29:32,507 [ERROR] LogOutputStream:75 - [STDERR_REDIRECT] [Fatal Error] :1:1: Premature end of file.
2024-12-22 19:29:32,507 [ERROR] LogOutputStream:75 - [STDERR_REDIRECT] 
2024-12-22 19:29:33,501 [ERROR] LogOutputStream:75 - [STDERR_REDIRECT] [Fatal Error] :1:1: Premature end of file.
2024-12-22 19:29:33,501 [ERROR] LogOutputStream:75 - [STDERR_REDIRECT] 
2024-12-22 19:29:34,506 [ERROR] LogOutputStream:75 - [STDERR_REDIRECT] [Fatal Error] :1:1: Premature end of file.
2024-12-22 19:29:34,506 [ERROR] LogOutputStream:75 - [STDERR_REDIRECT] 
2024-12-22 19:29:35,501 [ERROR] LogOutputStream:75 - [STDERR_REDIRECT] [Fatal Error] :1:1: Premature end of file.
2024-12-22 19:29:35,501 [ERROR] LogOutputStream:75 - [STDERR_REDIRECT] 
2024-12-22 19:29:36,508 [ERROR] LogOutputStream:75 - [STDERR_REDIRECT] [Fatal Error] :1:1: Premature end of file.
2024-12-22 19:29:36,508 [ERROR] LogOutputStream:75 - [STDERR_REDIRECT] 
2024-12-22 19:29:37,515 [ERROR] LogOutputStream:75 - [STDERR_REDIRECT] [Fatal Error] :1:1: Premature end of file.
2024-12-22 19:29:37,515 [ERROR] LogOutputStream:75 - [STDERR_REDIRECT] 
2024-12-22 19:29:38,511 [ERROR] LogOutputStream:75 - [STDERR_REDIRECT] [Fatal Error] :1:1: Premature end of file.
2024-12-22 19:29:38,511 [ERROR] LogOutputStream:75 - [STDERR_REDIRECT] 
2024-12-22 19:29:39,499 [ERROR] LogOutputStream:75 - [STDERR_REDIRECT] [Fatal Error] :1:1: Premature end of file.
2024-12-22 19:29:39,499 [ERROR] LogOutputStream:75 - [STDERR_REDIRECT] 
2024-12-22 19:29:40,506 [ERROR] LogOutputStream:75 - [STDERR_REDIRECT] [Fatal Error] :1:1: Premature end of file.
2024-12-22 19:29:40,506 [ERROR] LogOutputStream:75 - [STDERR_REDIRECT] 
2024-12-22 19:29:41,516 [ERROR] LogOutputStream:75 - [STDERR_REDIRECT] [Fatal Error] :1:1: Premature end of file.
2024-12-22 19:29:41,516 [ERROR] LogOutputStream:75 - [STDERR_REDIRECT] 
2024-12-22 19:29:42,504 [ERROR] LogOutputStream:75 - [STDERR_REDIRECT] [Fatal Error] :1:1: Premature end of file.
2024-12-22 19:29:42,504 [ERROR] LogOutputStream:75 - [STDERR_REDIRECT] 
2024-12-22 19:29:43,511 [ERROR] LogOutputStream:75 - [STDERR_REDIRECT] [Fatal Error] :1:1: Premature end of file.
2024-12-22 19:29:43,511 [ERROR] LogOutputStream:75 - [STDERR_REDIRECT] 
2024-12-22 19:29:44,501 [ERROR] LogOutputStream:75 - [STDERR_REDIRECT] [Fatal Error] :1:1: Premature end of file.
2024-12-22 19:29:44,501 [ERROR] LogOutputStream:75 - [STDERR_REDIRECT] 
2024-12-22 19:29:45,508 [ERROR] LogOutputStream:75 - [STDERR_REDIRECT] [Fatal Error] :1:1: Premature end of file.
2024-12-22 19:29:45,508 [ERROR] LogOutputStream:75 - [STDERR_REDIRECT] 
2024-12-22 19:29:46,512 [ERROR] LogOutputStream:75 - [STDERR_REDIRECT] [Fatal Error] :1:1: Premature end of file.
2024-12-22 19:29:46,512 [ERROR] LogOutputStream:75 - [STDERR_REDIRECT] 
2024-12-22 19:29:47,503 [ERROR] LogOutputStream:75 - [STDERR_REDIRECT] [Fatal Error] :1:1: Premature end of file.
2024-12-22 19:29:47,503 [ERROR] LogOutputStream:75 - [STDERR_REDIRECT] 
2024-12-22 19:29:48,516 [ERROR] LogOutputStream:75 - [STDERR_REDIRECT] [Fatal Error] :1:1: Premature end of file.
2024-12-22 19:29:48,516 [ERROR] LogOutputStream:75 - [STDERR_REDIRECT] 
2024-12-22 19:29:49,502 [ERROR] LogOutputStream:75 - [STDERR_REDIRECT] [Fatal Error] :1:1: Premature end of file.
2024-12-22 19:29:49,502 [ERROR] LogOutputStream:75 - [STDERR_REDIRECT] 
2024-12-22 19:29:50,511 [ERROR] LogOutputStream:75 - [STDERR_REDIRECT] [Fatal Error] :1:1: Premature end of file.
2024-12-22 19:29:50,511 [ERROR] LogOutputStream:75 - [STDERR_REDIRECT] 
2024-12-22 19:29:51,502 [ERROR] LogOutputStream:75 - [STDERR_REDIRECT] [Fatal Error] :1:1: Premature end of file.
2024-12-22 19:29:51,502 [ERROR] LogOutputStream:75 - [STDERR_REDIRECT] 
2024-12-22 19:29:52,512 [ERROR] LogOutputStream:75 - [STDERR_REDIRECT] [Fatal Error] :1:1: Premature end of file.
2024-12-22 19:29:52,512 [ERROR] LogOutputStream:75 - [STDERR_REDIRECT] 
2024-12-22 19:29:53,503 [ERROR] LogOutputStream:75 - [STDERR_REDIRECT] [Fatal Error] :1:1: Premature end of file.
2024-12-22 19:29:53,503 [ERROR] LogOutputStream:75 - [STDERR_REDIRECT] 
2024-12-22 19:29:54,509 [ERROR] LogOutputStream:75 - [STDERR_REDIRECT] [Fatal Error] :1:1: Premature end of file.
2024-12-22 19:29:54,509 [ERROR] LogOutputStream:75 - [STDERR_REDIRECT] 
2024-12-22 19:29:55,501 [ERROR] LogOutputStream:75 - [STDERR_REDIRECT] [Fatal Error] :1:1: Premature end of file.
2024-12-22 19:29:55,501 [ERROR] LogOutputStream:75 - [STDERR_REDIRECT] 
2024-12-22 19:29:56,510 [ERROR] LogOutputStream:75 - [STDERR_REDIRECT] [Fatal Error] :1:1: Premature end of file.
2024-12-22 19:29:56,510 [ERROR] LogOutputStream:75 - [STDERR_REDIRECT] 
2024-12-22 19:29:57,517 [ERROR] LogOutputStream:75 - [STDERR_REDIRECT] [Fatal Error] :1:1: Premature end of file.
2024-12-22 19:29:57,517 [ERROR] LogOutputStream:75 - [STDERR_REDIRECT] 
2024-12-22 19:29:58,506 [ERROR] LogOutputStream:75 - [STDERR_REDIRECT] [Fatal Error] :1:1: Premature end of file.
2024-12-22 19:29:58,506 [ERROR] LogOutputStream:75 - [STDERR_REDIRECT] 
2024-12-22 19:29:59,505 [ERROR] LogOutputStream:75 - [STDERR_REDIRECT] [Fatal Error] :1:1: Premature end of file.
2024-12-22 19:29:59,505 [ERROR] LogOutputStream:75 - [STDERR_REDIRECT] 
2024-12-22 19:30:00,509 [ERROR] LogOutputStream:75 - [STDERR_REDIRECT] [Fatal Error] :1:1: Premature end of file.
2024-12-22 19:30:00,509 [ERROR] LogOutputStream:75 - [STDERR_REDIRECT] 
2024-12-22 19:30:01,501 [ERROR] LogOutputStream:75 - [STDERR_REDIRECT] [Fatal Error] :1:1: Premature end of file.
2024-12-22 19:30:01,501 [ERROR] LogOutputStream:75 - [STDERR_REDIRECT] 
2024-12-22 19:30:02,509 [ERROR] LogOutputStream:75 - [STDERR_REDIRECT] [Fatal Error] :1:1: Premature end of file.
2024-12-22 19:30:02,509 [ERROR] LogOutputStream:75 - [STDERR_REDIRECT] 
2024-12-22 19:30:03,502 [ERROR] LogOutputStream:75 - [STDERR_REDIRECT] [Fatal Error] :1:1: Premature end of file.
2024-12-22 19:30:03,502 [ERROR] LogOutputStream:75 - [STDERR_REDIRECT] 
2024-12-22 19:30:04,510 [ERROR] LogOutputStream:75 - [STDERR_REDIRECT] [Fatal Error] :1:1: Premature end of file.
2024-12-22 19:30:04,510 [ERROR] LogOutputStream:75 - [STDERR_REDIRECT] 
2024-12-22 19:30:05,502 [ERROR] LogOutputStream:75 - [STDERR_REDIRECT] [Fatal Error] :1:1: Premature end of file.
2024-12-22 19:30:05,502 [ERROR] LogOutputStream:75 - [STDERR_REDIRECT] 
2024-12-22 19:30:06,506 [ERROR] LogOutputStream:75 - [STDERR_REDIRECT] [Fatal Error] :1:1: Premature end of file.
2024-12-22 19:30:06,506 [ERROR] LogOutputStream:75 - [STDERR_REDIRECT] 
2024-12-22 19:30:07,520 [ERROR] LogOutputStream:75 - [STDERR_REDIRECT] [Fatal Error] :1:1: Premature end of file.
2024-12-22 19:30:07,520 [ERROR] LogOutputStream:75 - [STDERR_REDIRECT] 
2024-12-22 19:30:08,504 [ERROR] LogOutputStream:75 - [STDERR_REDIRECT] [Fatal Error] :1:1: Premature end of file.
2024-12-22 19:30:08,504 [ERROR] LogOutputStream:75 - [STDERR_REDIRECT] 
2024-12-22 19:30:09,513 [ERROR] LogOutputStream:75 - [STDERR_REDIRECT] [Fatal Error] :1:1: Premature end of file.
2024-12-22 19:30:09,513 [ERROR] LogOutputStream:75 - [STDERR_REDIRECT] 
2024-12-22 19:30:10,506 [ERROR] LogOutputStream:75 - [STDERR_REDIRECT] [Fatal Error] :1:1: Premature end of file.
2024-12-22 19:30:10,506 [ERROR] LogOutputStream:75 - [STDERR_REDIRECT] 
2024-12-22 19:30:11,517 [ERROR] LogOutputStream:75 - [STDERR_REDIRECT] [Fatal Error] :1:1: Premature end of file.
2024-12-22 19:30:11,518 [ERROR] LogOutputStream:75 - [STDERR_REDIRECT] 
2024-12-22 19:30:12,509 [ERROR] LogOutputStream:75 - [STDERR_REDIRECT] [Fatal Error] :1:1: Premature end of file.
2024-12-22 19:30:12,509 [ERROR] LogOutputStream:75 - [STDERR_REDIRECT] 
2024-12-22 19:30:13,516 [ERROR] LogOutputStream:75 - [STDERR_REDIRECT] [Fatal Error] :1:1: Premature end of file.
2024-12-22 19:30:13,516 [ERROR] LogOutputStream:75 - [STDERR_REDIRECT] 
2024-12-22 19:30:14,508 [ERROR] LogOutputStream:75 - [STDERR_REDIRECT] [Fatal Error] :1:1: Premature end of file.
2024-12-22 19:30:14,508 [ERROR] LogOutputStream:75 - [STDERR_REDIRECT] 
2024-12-22 19:30:15,505 [ERROR] LogOutputStream:75 - [STDERR_REDIRECT] [Fatal Error] :1:1: Premature end of file.
2024-12-22 19:30:15,505 [ERROR] LogOutputStream:75 - [STDERR_REDIRECT] 
2024-12-22 19:30:16,506 [ERROR] LogOutputStream:75 - [STDERR_REDIRECT] [Fatal Error] :1:1: Premature end of file.
2024-12-22 19:30:16,506 [ERROR] LogOutputStream:75 - [STDERR_REDIRECT] 
2024-12-22 19:30:17,523 [ERROR] LogOutputStream:75 - [STDERR_REDIRECT] [Fatal Error] :1:1: Premature end of file.
2024-12-22 19:30:17,523 [ERROR] LogOutputStream:75 - [STDERR_REDIRECT] 
2024-12-22 19:30:18,504 [ERROR] LogOutputStream:75 - [STDERR_REDIRECT] [Fatal Error] :1:1: Premature end of file.
2024-12-22 19:30:18,504 [ERROR] LogOutputStream:75 - [STDERR_REDIRECT] 
2024-12-22 19:30:19,508 [ERROR] LogOutputStream:75 - [STDERR_REDIRECT] [Fatal Error] :1:1: Premature end of file.
2024-12-22 19:30:19,508 [ERROR] LogOutputStream:75 - [STDERR_REDIRECT] 
2024-12-22 19:30:20,511 [ERROR] LogOutputStream:75 - [STDERR_REDIRECT] [Fatal Error] :1:1: Premature end of file.
2024-12-22 19:30:20,511 [ERROR] LogOutputStream:75 - [STDERR_REDIRECT] 
2024-12-22 19:30:21,503 [ERROR] LogOutputStream:75 - [STDERR_REDIRECT] [Fatal Error] :1:1: Premature end of file.
2024-12-22 19:30:21,503 [ERROR] LogOutputStream:75 - [STDERR_REDIRECT] 
2024-12-22 19:30:22,501 [ERROR] LogOutputStream:75 - [STDERR_REDIRECT] [Fatal Error] :1:1: Premature end of file.
2024-12-22 19:30:22,501 [ERROR] LogOutputStream:75 - [STDERR_REDIRECT] 
2024-12-22 19:30:23,503 [ERROR] LogOutputStream:75 - [STDERR_REDIRECT] [Fatal Error] :1:1: Premature end of file.
2024-12-22 19:30:23,503 [ERROR] LogOutputStream:75 - [STDERR_REDIRECT] 
2024-12-22 19:30:24,504 [ERROR] LogOutputStream:75 - [STDERR_REDIRECT] [Fatal Error] :1:1: Premature end of file.
2024-12-22 19:30:24,504 [ERROR] LogOutputStream:75 - [STDERR_REDIRECT] 
2024-12-22 19:30:25,501 [ERROR] LogOutputStream:75 - [STDERR_REDIRECT] [Fatal Error] :1:1: Premature end of file.
2024-12-22 19:30:25,502 [ERROR] LogOutputStream:75 - [STDERR_REDIRECT] 
2024-12-22 19:30:26,503 [ERROR] LogOutputStream:75 - [STDERR_REDIRECT] [Fatal Error] :1:1: Premature end of file.
2024-12-22 19:30:26,503 [ERROR] LogOutputStream:75 - [STDERR_REDIRECT] 
2024-12-22 19:30:27,503 [ERROR] LogOutputStream:75 - [STDERR_REDIRECT] [Fatal Error] :1:1: Premature end of file.
2024-12-22 19:30:27,503 [ERROR] LogOutputStream:75 - [STDERR_REDIRECT] 
2024-12-22 19:30:28,503 [ERROR] LogOutputStream:75 - [STDERR_REDIRECT] [Fatal Error] :1:1: Premature end of file.
2024-12-22 19:30:28,503 [ERROR] LogOutputStream:75 - [STDERR_REDIRECT] 
2024-12-22 19:30:29,502 [ERROR] LogOutputStream:75 - [STDERR_REDIRECT] [Fatal Error] :1:1: Premature end of file.
2024-12-22 19:30:29,502 [ERROR] LogOutputStream:75 - [STDERR_REDIRECT] 
2024-12-22 19:30:30,504 [ERROR] LogOutputStream:75 - [STDERR_REDIRECT] [Fatal Error] :1:1: Premature end of file.
2024-12-22 19:30:30,504 [ERROR] LogOutputStream:75 - [STDERR_REDIRECT] 
2024-12-22 19:30:31,504 [ERROR] LogOutputStream:75 - [STDERR_REDIRECT] [Fatal Error] :1:1: Premature end of file.
2024-12-22 19:30:31,504 [ERROR] LogOutputStream:75 - [STDERR_REDIRECT] 
2024-12-22 19:30:32,501 [ERROR] LogOutputStream:75 - [STDERR_REDIRECT] [Fatal Error] :1:1: Premature end of file.
2024-12-22 19:30:32,501 [ERROR] LogOutputStream:75 - [STDERR_REDIRECT] 
2024-12-22 19:30:33,501 [ERROR] LogOutputStream:75 - [STDERR_REDIRECT] [Fatal Error] :1:1: Premature end of file.
2024-12-22 19:30:33,501 [ERROR] LogOutputStream:75 - [STDERR_REDIRECT] 
2024-12-22 19:30:34,504 [ERROR] LogOutputStream:75 - [STDERR_REDIRECT] [Fatal Error] :1:1: Premature end of file.
2024-12-22 19:30:34,504 [ERROR] LogOutputStream:75 - [STDERR_REDIRECT] 
2024-12-22 19:30:35,503 [ERROR] LogOutputStream:75 - [STDERR_REDIRECT] [Fatal Error] :1:1: Premature end of file.
2024-12-22 19:30:35,504 [ERROR] LogOutputStream:75 - [STDERR_REDIRECT] 
2024-12-22 19:30:36,514 [ERROR] LogOutputStream:75 - [STDERR_REDIRECT] [Fatal Error] :1:1: Premature end of file.
2024-12-22 19:30:36,514 [ERROR] LogOutputStream:75 - [STDERR_REDIRECT] 
2024-12-22 19:30:37,518 [ERROR] LogOutputStream:75 - [STDERR_REDIRECT] [Fatal Error] :1:1: Premature end of file.
2024-12-22 19:30:37,518 [ERROR] LogOutputStream:75 - [STDERR_REDIRECT] 
2024-12-22 19:30:38,508 [ERROR] LogOutputStream:75 - [STDERR_REDIRECT] [Fatal Error] :1:1: Premature end of file.
2024-12-22 19:30:38,508 [ERROR] LogOutputStream:75 - [STDERR_REDIRECT] 
2024-12-22 19:30:39,512 [ERROR] LogOutputStream:75 - [STDERR_REDIRECT] [Fatal Error] :1:1: Premature end of file.
2024-12-22 19:30:39,512 [ERROR] LogOutputStream:75 - [STDERR_REDIRECT] 
2024-12-22 19:30:40,506 [ERROR] LogOutputStream:75 - [STDERR_REDIRECT] [Fatal Error] :1:1: Premature end of file.
2024-12-22 19:30:40,506 [ERROR] LogOutputStream:75 - [STDERR_REDIRECT] 
2024-12-22 19:30:41,509 [ERROR] LogOutputStream:75 - [STDERR_REDIRECT] [Fatal Error] :1:1: Premature end of file.
2024-12-22 19:30:41,509 [ERROR] LogOutputStream:75 - [STDERR_REDIRECT] 
2024-12-22 19:30:42,506 [ERROR] LogOutputStream:75 - [STDERR_REDIRECT] [Fatal Error] :1:1: Premature end of file.
2024-12-22 19:30:42,506 [ERROR] LogOutputStream:75 - [STDERR_REDIRECT] 
2024-12-22 19:30:43,502 [ERROR] LogOutputStream:75 - [STDERR_REDIRECT] [Fatal Error] :1:1: Premature end of file.
2024-12-22 19:30:43,502 [ERROR] LogOutputStream:75 - [STDERR_REDIRECT] 
2024-12-22 19:30:44,515 [ERROR] LogOutputStream:75 - [STDERR_REDIRECT] [Fatal Error] :1:1: Premature end of file.
2024-12-22 19:30:44,515 [ERROR] LogOutputStream:75 - [STDERR_REDIRECT] 
2024-12-22 19:30:45,516 [ERROR] LogOutputStream:75 - [STDERR_REDIRECT] [Fatal Error] :1:1: Premature end of file.
2024-12-22 19:30:45,516 [ERROR] LogOutputStream:75 - [STDERR_REDIRECT] 
2024-12-22 19:30:46,506 [ERROR] LogOutputStream:75 - [STDERR_REDIRECT] [Fatal Error] :1:1: Premature end of file.
2024-12-22 19:30:46,506 [ERROR] LogOutputStream:75 - [STDERR_REDIRECT] 
2024-12-22 19:30:47,509 [ERROR] LogOutputStream:75 - [STDERR_REDIRECT] [Fatal Error] :1:1: Premature end of file.
2024-12-22 19:30:47,509 [ERROR] LogOutputStream:75 - [STDERR_REDIRECT] 
2024-12-22 19:30:48,504 [ERROR] LogOutputStream:75 - [STDERR_REDIRECT] [Fatal Error] :1:1: Premature end of file.
2024-12-22 19:30:48,504 [ERROR] LogOutputStream:75 - [STDERR_REDIRECT] 
2024-12-22 19:30:49,508 [ERROR] LogOutputStream:75 - [STDERR_REDIRECT] [Fatal Error] :1:1: Premature end of file.
2024-12-22 19:30:49,508 [ERROR] LogOutputStream:75 - [STDERR_REDIRECT] 
2024-12-22 19:30:50,515 [ERROR] LogOutputStream:75 - [STDERR_REDIRECT] [Fatal Error] :1:1: Premature end of file.
2024-12-22 19:30:50,515 [ERROR] LogOutputStream:75 - [STDERR_REDIRECT] 
2024-12-22 19:30:51,513 [ERROR] LogOutputStream:75 - [STDERR_REDIRECT] [Fatal Error] :1:1: Premature end of file.
2024-12-22 19:30:51,513 [ERROR] LogOutputStream:75 - [STDERR_REDIRECT] 
2024-12-22 19:30:52,518 [ERROR] LogOutputStream:75 - [STDERR_REDIRECT] [Fatal Error] :1:1: Premature end of file.
2024-12-22 19:30:52,518 [ERROR] LogOutputStream:75 - [STDERR_REDIRECT] 
2024-12-22 19:30:53,506 [ERROR] LogOutputStream:75 - [STDERR_REDIRECT] [Fatal Error] :1:1: Premature end of file.
2024-12-22 19:30:53,507 [ERROR] LogOutputStream:75 - [STDERR_REDIRECT] 
2024-12-22 19:30:54,507 [ERROR] LogOutputStream:75 - [STDERR_REDIRECT] [Fatal Error] :1:1: Premature end of file.
2024-12-22 19:30:54,507 [ERROR] LogOutputStream:75 - [STDERR_REDIRECT] 
2024-12-22 19:30:55,509 [ERROR] LogOutputStream:75 - [STDERR_REDIRECT] [Fatal Error] :1:1: Premature end of file.
2024-12-22 19:30:55,509 [ERROR] LogOutputStream:75 - [STDERR_REDIRECT] 
2024-12-22 19:30:56,532 [ERROR] LogOutputStream:75 - [STDERR_REDIRECT] [Fatal Error] :1:1: Premature end of file.
2024-12-22 19:30:56,532 [ERROR] LogOutputStream:75 - [STDERR_REDIRECT] 
2024-12-22 19:30:57,503 [ERROR] LogOutputStream:75 - [STDERR_REDIRECT] [Fatal Error] :1:1: Premature end of file.
2024-12-22 19:30:57,503 [ERROR] LogOutputStream:75 - [STDERR_REDIRECT] 
2024-12-22 19:30:58,506 [ERROR] LogOutputStream:75 - [STDERR_REDIRECT] [Fatal Error] :1:1: Premature end of file.
2024-12-22 19:30:58,506 [ERROR] LogOutputStream:75 - [STDERR_REDIRECT] 
2024-12-22 19:30:59,499 [ERROR] LogOutputStream:75 - [STDERR_REDIRECT] [Fatal Error] :1:1: Premature end of file.
2024-12-22 19:30:59,499 [ERROR] LogOutputStream:75 - [STDERR_REDIRECT] 
2024-12-22 19:31:00,517 [ERROR] LogOutputStream:75 - [STDERR_REDIRECT] [Fatal Error] :1:1: Premature end of file.
2024-12-22 19:31:00,517 [ERROR] LogOutputStream:75 - [STDERR_REDIRECT] 
2024-12-22 19:31:01,509 [ERROR] LogOutputStream:75 - [STDERR_REDIRECT] [Fatal Error] :1:1: Premature end of file.
2024-12-22 19:31:01,509 [ERROR] LogOutputStream:75 - [STDERR_REDIRECT] 
2024-12-22 19:31:02,500 [ERROR] LogOutputStream:75 - [STDERR_REDIRECT] [Fatal Error] :1:1: Premature end of file.
2024-12-22 19:31:02,500 [ERROR] LogOutputStream:75 - [STDERR_REDIRECT] 
2024-12-22 19:31:03,504 [ERROR] LogOutputStream:75 - [STDERR_REDIRECT] [Fatal Error] :1:1: Premature end of file.
2024-12-22 19:31:03,504 [ERROR] LogOutputStream:75 - [STDERR_REDIRECT] 
2024-12-22 19:31:04,515 [ERROR] LogOutputStream:75 - [STDERR_REDIRECT] [Fatal Error] :1:1: Premature end of file.
2024-12-22 19:31:04,515 [ERROR] LogOutputStream:75 - [STDERR_REDIRECT] 
2024-12-22 19:31:05,509 [ERROR] LogOutputStream:75 - [STDERR_REDIRECT] [Fatal Error] :1:1: Premature end of file.
2024-12-22 19:31:05,509 [ERROR] LogOutputStream:75 - [STDERR_REDIRECT] 
2024-12-22 19:31:06,506 [ERROR] LogOutputStream:75 - [STDERR_REDIRECT] [Fatal Error] :1:1: Premature end of file.
2024-12-22 19:31:06,506 [ERROR] LogOutputStream:75 - [STDERR_REDIRECT] 
2024-12-22 19:31:07,503 [ERROR] LogOutputStream:75 - [STDERR_REDIRECT] [Fatal Error] :1:1: Premature end of file.
2024-12-22 19:31:07,503 [ERROR] LogOutputStream:75 - [STDERR_REDIRECT] 
2024-12-22 19:31:08,513 [ERROR] LogOutputStream:75 - [STDERR_REDIRECT] [Fatal Error] :1:1: Premature end of file.
2024-12-22 19:31:08,513 [ERROR] LogOutputStream:75 - [STDERR_REDIRECT] 
2024-12-22 19:31:09,514 [ERROR] LogOutputStream:75 - [STDERR_REDIRECT] [Fatal Error] :1:1: Premature end of file.
2024-12-22 19:31:09,515 [ERROR] LogOutputStream:75 - [STDERR_REDIRECT] 
2024-12-22 19:31:10,509 [ERROR] LogOutputStream:75 - [STDERR_REDIRECT] [Fatal Error] :1:1: Premature end of file.
2024-12-22 19:31:10,509 [ERROR] LogOutputStream:75 - [STDERR_REDIRECT] 
2024-12-22 19:31:11,516 [ERROR] LogOutputStream:75 - [STDERR_REDIRECT] [Fatal Error] :1:1: Premature end of file.
2024-12-22 19:31:11,516 [ERROR] LogOutputStream:75 - [STDERR_REDIRECT] 
2024-12-22 19:31:12,505 [ERROR] LogOutputStream:75 - [STDERR_REDIRECT] [Fatal Error] :1:1: Premature end of file.
2024-12-22 19:31:12,505 [ERROR] LogOutputStream:75 - [STDERR_REDIRECT] 
2024-12-22 19:31:13,518 [ERROR] LogOutputStream:75 - [STDERR_REDIRECT] [Fatal Error] :1:1: Premature end of file.
2024-12-22 19:31:13,519 [ERROR] LogOutputStream:75 - [STDERR_REDIRECT] 
2024-12-22 19:31:14,509 [ERROR] LogOutputStream:75 - [STDERR_REDIRECT] [Fatal Error] :1:1: Premature end of file.
2024-12-22 19:31:14,509 [ERROR] LogOutputStream:75 - [STDERR_REDIRECT] 
2024-12-22 19:31:15,506 [ERROR] LogOutputStream:75 - [STDERR_REDIRECT] [Fatal Error] :1:1: Premature end of file.
2024-12-22 19:31:15,506 [ERROR] LogOutputStream:75 - [STDERR_REDIRECT] 
2024-12-22 19:31:16,505 [ERROR] LogOutputStream:75 - [STDERR_REDIRECT] [Fatal Error] :1:1: Premature end of file.
2024-12-22 19:31:16,505 [ERROR] LogOutputStream:75 - [STDERR_REDIRECT] 
2024-12-22 19:31:17,511 [ERROR] LogOutputStream:75 - [STDERR_REDIRECT] [Fatal Error] :1:1: Premature end of file.
2024-12-22 19:31:17,512 [ERROR] LogOutputStream:75 - [STDERR_REDIRECT] 
2024-12-22 19:31:18,502 [ERROR] LogOutputStream:75 - [STDERR_REDIRECT] [Fatal Error] :1:1: Premature end of file.
2024-12-22 19:31:18,502 [ERROR] LogOutputStream:75 - [STDERR_REDIRECT] 
2024-12-22 19:31:19,514 [ERROR] LogOutputStream:75 - [STDERR_REDIRECT] [Fatal Error] :1:1: Premature end of file.
2024-12-22 19:31:19,514 [ERROR] LogOutputStream:75 - [STDERR_REDIRECT] 
2024-12-22 19:31:20,497 [ERROR] LogOutputStream:75 - [STDERR_REDIRECT] [Fatal Error] :1:1: Premature end of file.
2024-12-22 19:31:20,497 [ERROR] LogOutputStream:75 - [STDERR_REDIRECT] 
2024-12-22 19:31:21,510 [ERROR] LogOutputStream:75 - [STDERR_REDIRECT] [Fatal Error] :1:1: Premature end of file.
2024-12-22 19:31:21,510 [ERROR] LogOutputStream:75 - [STDERR_REDIRECT] 
2024-12-22 19:31:22,503 [ERROR] LogOutputStream:75 - [STDERR_REDIRECT] [Fatal Error] :1:1: Premature end of file.
2024-12-22 19:31:22,503 [ERROR] LogOutputStream:75 - [STDERR_REDIRECT] 
2024-12-22 19:31:23,505 [ERROR] LogOutputStream:75 - [STDERR_REDIRECT] [Fatal Error] :1:1: Premature end of file.
2024-12-22 19:31:23,505 [ERROR] LogOutputStream:75 - [STDERR_REDIRECT] 
2024-12-22 19:31:24,502 [ERROR] LogOutputStream:75 - [STDERR_REDIRECT] [Fatal Error] :1:1: Premature end of file.
2024-12-22 19:31:24,502 [ERROR] LogOutputStream:75 - [STDERR_REDIRECT] 
2024-12-22 19:31:25,507 [ERROR] LogOutputStream:75 - [STDERR_REDIRECT] [Fatal Error] :1:1: Premature end of file.
2024-12-22 19:31:25,507 [ERROR] LogOutputStream:75 - [STDERR_REDIRECT] 
2024-12-22 19:31:26,504 [ERROR] LogOutputStream:75 - [STDERR_REDIRECT] [Fatal Error] :1:1: Premature end of file.
2024-12-22 19:31:26,504 [ERROR] LogOutputStream:75 - [STDERR_REDIRECT] 
2024-12-22 19:31:27,511 [ERROR] LogOutputStream:75 - [STDERR_REDIRECT] [Fatal Error] :1:1: Premature end of file.
2024-12-22 19:31:27,511 [ERROR] LogOutputStream:75 - [STDERR_REDIRECT] 
2024-12-22 19:31:28,506 [ERROR] LogOutputStream:75 - [STDERR_REDIRECT] [Fatal Error] :1:1: Premature end of file.
2024-12-22 19:31:28,506 [ERROR] LogOutputStream:75 - [STDERR_REDIRECT] 
2024-12-22 19:31:29,508 [ERROR] LogOutputStream:75 - [STDERR_REDIRECT] [Fatal Error] :1:1: Premature end of file.
2024-12-22 19:31:29,510 [ERROR] LogOutputStream:75 - [STDERR_REDIRECT] 
2024-12-22 19:31:30,501 [ERROR] LogOutputStream:75 - [STDERR_REDIRECT] [Fatal Error] :1:1: Premature end of file.
2024-12-22 19:31:30,501 [ERROR] LogOutputStream:75 - [STDERR_REDIRECT] 
2024-12-22 19:31:31,506 [ERROR] LogOutputStream:75 - [STDERR_REDIRECT] [Fatal Error] :1:1: Premature end of file.
2024-12-22 19:31:31,506 [ERROR] LogOutputStream:75 - [STDERR_REDIRECT] 
2024-12-22 19:31:32,511 [ERROR] LogOutputStream:75 - [STDERR_REDIRECT] [Fatal Error] :1:1: Premature end of file.
2024-12-22 19:31:32,511 [ERROR] LogOutputStream:75 - [STDERR_REDIRECT] 
2024-12-22 19:31:33,503 [ERROR] LogOutputStream:75 - [STDERR_REDIRECT] [Fatal Error] :1:1: Premature end of file.
2024-12-22 19:31:33,503 [ERROR] LogOutputStream:75 - [STDERR_REDIRECT] 
2024-12-22 19:31:34,504 [ERROR] LogOutputStream:75 - [STDERR_REDIRECT] [Fatal Error] :1:1: Premature end of file.
2024-12-22 19:31:34,504 [ERROR] LogOutputStream:75 - [STDERR_REDIRECT] 
2024-12-22 19:31:35,506 [ERROR] LogOutputStream:75 - [STDERR_REDIRECT] [Fatal Error] :1:1: Premature end of file.
2024-12-22 19:31:35,506 [ERROR] LogOutputStream:75 - [STDERR_REDIRECT] 
2024-12-22 19:31:36,508 [ERROR] LogOutputStream:75 - [STDERR_REDIRECT] [Fatal Error] :1:1: Premature end of file.
2024-12-22 19:31:36,508 [ERROR] LogOutputStream:75 - [STDERR_REDIRECT] 
2024-12-22 19:31:37,509 [ERROR] LogOutputStream:75 - [STDERR_REDIRECT] [Fatal Error] :1:1: Premature end of file.
2024-12-22 19:31:37,509 [ERROR] LogOutputStream:75 - [STDERR_REDIRECT] 
2024-12-22 19:31:38,507 [ERROR] LogOutputStream:75 - [STDERR_REDIRECT] [Fatal Error] :1:1: Premature end of file.
2024-12-22 19:31:38,508 [ERROR] LogOutputStream:75 - [STDERR_REDIRECT] 
2024-12-22 19:31:39,510 [ERROR] LogOutputStream:75 - [STDERR_REDIRECT] [Fatal Error] :1:1: Premature end of file.
2024-12-22 19:31:39,510 [ERROR] LogOutputStream:75 - [STDERR_REDIRECT] 
2024-12-22 19:31:40,507 [ERROR] LogOutputStream:75 - [STDERR_REDIRECT] [Fatal Error] :1:1: Premature end of file.
2024-12-22 19:31:40,507 [ERROR] LogOutputStream:75 - [STDERR_REDIRECT] 
2024-12-22 19:31:41,507 [ERROR] LogOutputStream:75 - [STDERR_REDIRECT] [Fatal Error] :1:1: Premature end of file.
2024-12-22 19:31:41,507 [ERROR] LogOutputStream:75 - [STDERR_REDIRECT] 
2024-12-22 19:31:42,516 [ERROR] LogOutputStream:75 - [STDERR_REDIRECT] [Fatal Error] :1:1: Premature end of file.
2024-12-22 19:31:42,516 [ERROR] LogOutputStream:75 - [STDERR_REDIRECT] 
2024-12-22 19:31:43,509 [ERROR] LogOutputStream:75 - [STDERR_REDIRECT] [Fatal Error] :1:1: Premature end of file.
2024-12-22 19:31:43,509 [ERROR] LogOutputStream:75 - [STDERR_REDIRECT] 
2024-12-22 19:31:44,506 [ERROR] LogOutputStream:75 - [STDERR_REDIRECT] [Fatal Error] :1:1: Premature end of file.
2024-12-22 19:31:44,506 [ERROR] LogOutputStream:75 - [STDERR_REDIRECT] 
2024-12-22 19:31:45,515 [ERROR] LogOutputStream:75 - [STDERR_REDIRECT] [Fatal Error] :1:1: Premature end of file.
2024-12-22 19:31:45,515 [ERROR] LogOutputStream:75 - [STDERR_REDIRECT] 
2024-12-22 19:31:46,507 [ERROR] LogOutputStream:75 - [STDERR_REDIRECT] [Fatal Error] :1:1: Premature end of file.
2024-12-22 19:31:46,507 [ERROR] LogOutputStream:75 - [STDERR_REDIRECT] 
2024-12-22 19:31:47,508 [ERROR] LogOutputStream:75 - [STDERR_REDIRECT] [Fatal Error] :1:1: Premature end of file.
2024-12-22 19:31:47,508 [ERROR] LogOutputStream:75 - [STDERR_REDIRECT] 
2024-12-22 19:31:48,513 [ERROR] LogOutputStream:75 - [STDERR_REDIRECT] [Fatal Error] :1:1: Premature end of file.
2024-12-22 19:31:48,514 [ERROR] LogOutputStream:75 - [STDERR_REDIRECT] 
2024-12-22 19:31:49,517 [ERROR] LogOutputStream:75 - [STDERR_REDIRECT] [Fatal Error] :1:1: Premature end of file.
2024-12-22 19:31:49,517 [ERROR] LogOutputStream:75 - [STDERR_REDIRECT] 
2024-12-22 19:31:50,518 [ERROR] LogOutputStream:75 - [STDERR_REDIRECT] [Fatal Error] :1:1: Premature end of file.
2024-12-22 19:31:50,518 [ERROR] LogOutputStream:75 - [STDERR_REDIRECT] 
2024-12-22 19:31:51,514 [ERROR] LogOutputStream:75 - [STDERR_REDIRECT] [Fatal Error] :1:1: Premature end of file.
2024-12-22 19:31:51,514 [ERROR] LogOutputStream:75 - [STDERR_REDIRECT] 
2024-12-22 19:31:52,514 [ERROR] LogOutputStream:75 - [STDERR_REDIRECT] [Fatal Error] :1:1: Premature end of file.
2024-12-22 19:31:52,514 [ERROR] LogOutputStream:75 - [STDERR_REDIRECT] 
2024-12-22 19:31:53,517 [ERROR] LogOutputStream:75 - [STDERR_REDIRECT] [Fatal Error] :1:1: Premature end of file.
2024-12-22 19:31:53,517 [ERROR] LogOutputStream:75 - [STDERR_REDIRECT] 
2024-12-22 19:31:54,512 [ERROR] LogOutputStream:75 - [STDERR_REDIRECT] [Fatal Error] :1:1: Premature end of file.
2024-12-22 19:31:54,514 [ERROR] LogOutputStream:75 - [STDERR_REDIRECT] 
2024-12-22 19:31:55,515 [ERROR] LogOutputStream:75 - [STDERR_REDIRECT] [Fatal Error] :1:1: Premature end of file.
2024-12-22 19:31:55,515 [ERROR] LogOutputStream:75 - [STDERR_REDIRECT] 
2024-12-22 19:31:56,513 [ERROR] LogOutputStream:75 - [STDERR_REDIRECT] [Fatal Error] :1:1: Premature end of file.
2024-12-22 19:31:56,513 [ERROR] LogOutputStream:75 - [STDERR_REDIRECT] 
2024-12-22 19:31:57,505 [ERROR] LogOutputStream:75 - [STDERR_REDIRECT] [Fatal Error] :1:1: Premature end of file.
2024-12-22 19:31:57,505 [ERROR] LogOutputStream:75 - [STDERR_REDIRECT] 
2024-12-22 19:31:58,502 [ERROR] LogOutputStream:75 - [STDERR_REDIRECT] [Fatal Error] :1:1: Premature end of file.
2024-12-22 19:31:58,502 [ERROR] LogOutputStream:75 - [STDERR_REDIRECT] 
2024-12-22 19:31:59,503 [ERROR] LogOutputStream:75 - [STDERR_REDIRECT] [Fatal Error] :1:1: Premature end of file.
2024-12-22 19:31:59,503 [ERROR] LogOutputStream:75 - [STDERR_REDIRECT] 
2024-12-22 19:32:00,516 [ERROR] LogOutputStream:75 - [STDERR_REDIRECT] [Fatal Error] :1:1: Premature end of file.
2024-12-22 19:32:00,516 [ERROR] LogOutputStream:75 - [STDERR_REDIRECT] 
2024-12-22 19:32:01,510 [ERROR] LogOutputStream:75 - [STDERR_REDIRECT] [Fatal Error] :1:1: Premature end of file.
2024-12-22 19:32:01,510 [ERROR] LogOutputStream:75 - [STDERR_REDIRECT] 
2024-12-22 19:32:02,502 [ERROR] LogOutputStream:75 - [STDERR_REDIRECT] [Fatal Error] :1:1: Premature end of file.
2024-12-22 19:32:02,503 [ERROR] LogOutputStream:75 - [STDERR_REDIRECT] 
2024-12-22 19:32:03,505 [ERROR] LogOutputStream:75 - [STDERR_REDIRECT] [Fatal Error] :1:1: Premature end of file.
2024-12-22 19:32:03,505 [ERROR] LogOutputStream:75 - [STDERR_REDIRECT] 
2024-12-22 19:32:04,507 [ERROR] LogOutputStream:75 - [STDERR_REDIRECT] [Fatal Error] :1:1: Premature end of file.
2024-12-22 19:32:04,507 [ERROR] LogOutputStream:75 - [STDERR_REDIRECT] 
2024-12-22 19:32:05,513 [ERROR] LogOutputStream:75 - [STDERR_REDIRECT] [Fatal Error] :1:1: Premature end of file.
2024-12-22 19:32:05,513 [ERROR] LogOutputStream:75 - [STDERR_REDIRECT] 
2024-12-22 19:32:06,506 [ERROR] LogOutputStream:75 - [STDERR_REDIRECT] [Fatal Error] :1:1: Premature end of file.
2024-12-22 19:32:06,506 [ERROR] LogOutputStream:75 - [STDERR_REDIRECT] 
2024-12-22 19:32:07,513 [ERROR] LogOutputStream:75 - [STDERR_REDIRECT] [Fatal Error] :1:1: Premature end of file.
2024-12-22 19:32:07,514 [ERROR] LogOutputStream:75 - [STDERR_REDIRECT] 
2024-12-22 19:32:08,513 [ERROR] LogOutputStream:75 - [STDERR_REDIRECT] [Fatal Error] :1:1: Premature end of file.
2024-12-22 19:32:08,514 [ERROR] LogOutputStream:75 - [STDERR_REDIRECT] 
2024-12-22 19:32:09,516 [ERROR] LogOutputStream:75 - [STDERR_REDIRECT] [Fatal Error] :1:1: Premature end of file.
2024-12-22 19:32:09,516 [ERROR] LogOutputStream:75 - [STDERR_REDIRECT] 
2024-12-22 19:32:10,514 [ERROR] LogOutputStream:75 - [STDERR_REDIRECT] [Fatal Error] :1:1: Premature end of file.
2024-12-22 19:32:10,514 [ERROR] LogOutputStream:75 - [STDERR_REDIRECT] 
2024-12-22 19:32:11,509 [ERROR] LogOutputStream:75 - [STDERR_REDIRECT] [Fatal Error] :1:1: Premature end of file.
2024-12-22 19:32:11,509 [ERROR] LogOutputStream:75 - [STDERR_REDIRECT] 
2024-12-22 19:32:12,502 [ERROR] LogOutputStream:75 - [STDERR_REDIRECT] [Fatal Error] :1:1: Premature end of file.
2024-12-22 19:32:12,502 [ERROR] LogOutputStream:75 - [STDERR_REDIRECT] 
2024-12-22 19:32:13,507 [ERROR] LogOutputStream:75 - [STDERR_REDIRECT] [Fatal Error] :1:1: Premature end of file.
2024-12-22 19:32:13,507 [ERROR] LogOutputStream:75 - [STDERR_REDIRECT] 
2024-12-22 19:32:14,503 [ERROR] LogOutputStream:75 - [STDERR_REDIRECT] [Fatal Error] :1:1: Premature end of file.
2024-12-22 19:32:14,503 [ERROR] LogOutputStream:75 - [STDERR_REDIRECT] 
2024-12-22 19:32:15,511 [ERROR] LogOutputStream:75 - [STDERR_REDIRECT] [Fatal Error] :1:1: Premature end of file.
2024-12-22 19:32:15,511 [ERROR] LogOutputStream:75 - [STDERR_REDIRECT] 
2024-12-22 19:32:16,501 [ERROR] LogOutputStream:75 - [STDERR_REDIRECT] [Fatal Error] :1:1: Premature end of file.
2024-12-22 19:32:16,501 [ERROR] LogOutputStream:75 - [STDERR_REDIRECT] 
2024-12-22 19:32:17,507 [ERROR] LogOutputStream:75 - [STDERR_REDIRECT] [Fatal Error] :1:1: Premature end of file.
2024-12-22 19:32:17,507 [ERROR] LogOutputStream:75 - [STDERR_REDIRECT] 
2024-12-22 19:32:18,510 [ERROR] LogOutputStream:75 - [STDERR_REDIRECT] [Fatal Error] :1:1: Premature end of file.
2024-12-22 19:32:18,510 [ERROR] LogOutputStream:75 - [STDERR_REDIRECT] 
2024-12-22 19:32:19,502 [ERROR] LogOutputStream:75 - [STDERR_REDIRECT] [Fatal Error] :1:1: Premature end of file.
2024-12-22 19:32:19,502 [ERROR] LogOutputStream:75 - [STDERR_REDIRECT] 
2024-12-22 19:32:20,501 [ERROR] LogOutputStream:75 - [STDERR_REDIRECT] [Fatal Error] :1:1: Premature end of file.
2024-12-22 19:32:20,501 [ERROR] LogOutputStream:75 - [STDERR_REDIRECT] 
2024-12-22 19:32:21,502 [ERROR] LogOutputStream:75 - [STDERR_REDIRECT] [Fatal Error] :1:1: Premature end of file.
2024-12-22 19:32:21,502 [ERROR] LogOutputStream:75 - [STDERR_REDIRECT] 
2024-12-22 19:32:22,504 [ERROR] LogOutputStream:75 - [STDERR_REDIRECT] [Fatal Error] :1:1: Premature end of file.
2024-12-22 19:32:22,504 [ERROR] LogOutputStream:75 - [STDERR_REDIRECT] 
2024-12-22 19:32:23,501 [ERROR] LogOutputStream:75 - [STDERR_REDIRECT] [Fatal Error] :1:1: Premature end of file.
2024-12-22 19:32:23,501 [ERROR] LogOutputStream:75 - [STDERR_REDIRECT] 
2024-12-22 19:32:24,502 [ERROR] LogOutputStream:75 - [STDERR_REDIRECT] [Fatal Error] :1:1: Premature end of file.
2024-12-22 19:32:24,502 [ERROR] LogOutputStream:75 - [STDERR_REDIRECT] 
2024-12-22 19:32:25,502 [ERROR] LogOutputStream:75 - [STDERR_REDIRECT] [Fatal Error] :1:1: Premature end of file.
2024-12-22 19:32:25,503 [ERROR] LogOutputStream:75 - [STDERR_REDIRECT] 
2024-12-22 19:32:26,504 [ERROR] LogOutputStream:75 - [STDERR_REDIRECT] [Fatal Error] :1:1: Premature end of file.
2024-12-22 19:32:26,504 [ERROR] LogOutputStream:75 - [STDERR_REDIRECT] 
2024-12-22 19:32:27,503 [ERROR] LogOutputStream:75 - [STDERR_REDIRECT] [Fatal Error] :1:1: Premature end of file.
2024-12-22 19:32:27,503 [ERROR] LogOutputStream:75 - [STDERR_REDIRECT] 
2024-12-22 19:32:28,502 [ERROR] LogOutputStream:75 - [STDERR_REDIRECT] [Fatal Error] :1:1: Premature end of file.
2024-12-22 19:32:28,502 [ERROR] LogOutputStream:75 - [STDERR_REDIRECT] 
2024-12-22 19:32:29,511 [ERROR] LogOutputStream:75 - [STDERR_REDIRECT] [Fatal Error] :1:1: Premature end of file.
2024-12-22 19:32:29,511 [ERROR] LogOutputStream:75 - [STDERR_REDIRECT] 
2024-12-22 19:32:29,778 [ERROR] LogOutputStream:75 - [STDERR_REDIRECT] 
