2025-02-12 19:35:14,370 [INFO] Activator:176 - 


2025-02-12 19:35:14,385 [INFO] Activator:177 - !SESSION log4j initialized
2025-02-12 19:35:21,239 [INFO] LogOutputStream:77 - [STDOUT_REDIRECT] 
2025-02-12 19:35:23,545 [INFO] ApplicationProperties:184 - Using Application install path: C:\ST\STM32CubeIDE_1.17.0\STM32CubeIDE\plugins\com.st.stm32cube.common.mx_6.13.0.202411220809
2025-02-12 19:35:23,559 [INFO] DbMcusXml:78 - Set database path to: C:\ST\STM32CubeIDE_1.17.0\STM32CubeIDE\plugins\com.st.stm32cube.common.mx_6.13.0.202411220809\\db\/mcu/
2025-02-12 19:35:23,559 [INFO] ApiDb:274 - Set plugin database path to: C:\ST\STM32CubeIDE_1.17.0\STM32CubeIDE\plugins\com.st.stm32cube.common.mx_6.13.0.202411220809\\db\/plugins/boardmanager/
2025-02-12 19:35:23,559 [WARN] ApiDb:259 - Overriding images path with different value:  => C:\ST\STM32CubeIDE_1.17.0\STM32CubeIDE\plugins\com.st.stm32cube.common.mx_6.13.0.202411220809\\db\/plugins/mcufinder/images/
2025-02-12 19:35:23,565 [INFO] ApiDb:250 - Set database path to: C:\Users\o1yus\.stmcufinder\plugins\mcufinder//mcu/
2025-02-12 19:35:23,566 [INFO] DbMcusAds:125 - Set database path to: C:\Users\o1yus\.stmcufinder\plugins\mcufinder//mcu/
2025-02-12 19:35:23,569 [INFO] CrossReferenceDbSqlite:203 - Set database path to: C:\Users\o1yus\.stmcufinder\plugins\mcufinder//mcu/cs/
2025-02-12 19:35:23,662 [INFO] RulesReader:64 - Compatibility file has been processed (297 Rules)
2025-02-12 19:35:23,738 [INFO] DbMcusXml:78 - Set database path to: C:\ST\STM32CubeIDE_1.17.0\STM32CubeIDE\plugins\com.st.stm32cube.common.mx_6.13.0.202411220809\\db\/mcu/
2025-02-12 19:35:23,738 [INFO] ApiDb:274 - Set plugin database path to: C:\ST\STM32CubeIDE_1.17.0\STM32CubeIDE\plugins\com.st.stm32cube.common.mx_6.13.0.202411220809\\db\/plugins/boardmanager/
2025-02-12 19:35:23,738 [INFO] ApiDb:261 - Set plugin images path to: C:\ST\STM32CubeIDE_1.17.0\STM32CubeIDE\plugins\com.st.stm32cube.common.mx_6.13.0.202411220809\\db\/plugins/mcufinder/images/
2025-02-12 19:35:23,740 [WARN] DbFile:41 - Overriding database path with different value: C:\Users\o1yus\.stmcufinder\plugins\mcufinder/ => C:\Users\o1yus\.stmcufinder\plugins\mcufinder
2025-02-12 19:35:23,740 [INFO] ApiDb:250 - Set database path to: C:\Users\o1yus\.stmcufinder\plugins\mcufinder//mcu/
2025-02-12 19:35:23,740 [WARN] DbFile:41 - Overriding database path with different value: C:\Users\o1yus\.stmcufinder\plugins\mcufinder/ => C:\Users\o1yus\.stmcufinder\plugins\mcufinder
2025-02-12 19:35:23,740 [INFO] DbMcusAds:125 - Set database path to: C:\Users\o1yus\.stmcufinder\plugins\mcufinder//mcu/
2025-02-12 19:35:23,740 [WARN] DbFile:41 - Overriding database path with different value: C:\Users\o1yus\.stmcufinder\plugins\mcufinder/ => C:\Users\o1yus\.stmcufinder\plugins\mcufinder
2025-02-12 19:35:23,740 [WARN] DbFile:41 - Overriding database path with different value: C:\Users\o1yus\.stmcufinder\plugins\mcufinder/ => C:\Users\o1yus\.stmcufinder\plugins\mcufinder
2025-02-12 19:35:23,740 [INFO] CrossReferenceDbSqlite:203 - Set database path to: C:\Users\o1yus\.stmcufinder\plugins\mcufinder//mcu/cs/
2025-02-12 19:35:23,804 [INFO] MainPanel:272 - HeapMemory: 268435456
2025-02-12 19:35:23,902 [INFO] DbMcusXml:78 - Set database path to: C:\ST\STM32CubeIDE_1.17.0\STM32CubeIDE\plugins\com.st.stm32cube.common.mx_6.13.0.202411220809\\db\/mcu/
2025-02-12 19:35:23,902 [INFO] ApiDb:274 - Set plugin database path to: C:\ST\STM32CubeIDE_1.17.0\STM32CubeIDE\plugins\com.st.stm32cube.common.mx_6.13.0.202411220809\\db\/plugins/boardmanager/
2025-02-12 19:35:23,902 [INFO] ApiDb:261 - Set plugin images path to: C:\ST\STM32CubeIDE_1.17.0\STM32CubeIDE\plugins\com.st.stm32cube.common.mx_6.13.0.202411220809\\db\/plugins/mcufinder/images/
2025-02-12 19:35:23,904 [WARN] DbFile:41 - Overriding database path with different value: C:\Users\o1yus\.stmcufinder\plugins\mcufinder/ => C:\Users\o1yus\.stmcufinder\plugins\mcufinder
2025-02-12 19:35:23,904 [INFO] ApiDb:250 - Set database path to: C:\Users\o1yus\.stmcufinder\plugins\mcufinder//mcu/
2025-02-12 19:35:23,904 [WARN] DbFile:41 - Overriding database path with different value: C:\Users\o1yus\.stmcufinder\plugins\mcufinder/ => C:\Users\o1yus\.stmcufinder\plugins\mcufinder
2025-02-12 19:35:23,904 [INFO] DbMcusAds:125 - Set database path to: C:\Users\o1yus\.stmcufinder\plugins\mcufinder//mcu/
2025-02-12 19:35:23,904 [WARN] DbFile:41 - Overriding database path with different value: C:\Users\o1yus\.stmcufinder\plugins\mcufinder/ => C:\Users\o1yus\.stmcufinder\plugins\mcufinder
2025-02-12 19:35:23,904 [WARN] DbFile:41 - Overriding database path with different value: C:\Users\o1yus\.stmcufinder\plugins\mcufinder/ => C:\Users\o1yus\.stmcufinder\plugins\mcufinder
2025-02-12 19:35:23,904 [INFO] CrossReferenceDbSqlite:203 - Set database path to: C:\Users\o1yus\.stmcufinder\plugins\mcufinder//mcu/cs/
2025-02-12 19:35:23,925 [INFO] ApplicationProperties:184 - Using Application install path: C:\ST\STM32CubeIDE_1.17.0\STM32CubeIDE\plugins\com.st.stm32cube.common.mx_6.13.0.202411220809
2025-02-12 19:35:23,927 [INFO] PluginManage:196 - Search for loadable plugins [exclusion list=, ]
2025-02-12 19:35:23,929 [INFO] PluginManage:310 - Check plugin analytics
2025-02-12 19:35:24,144 [INFO] AnalyticsPlugin:253 - Accepted Software Licenses: 
2025-02-12 19:35:24,144 [INFO] AnalyticsPlugin:255 - Accepted CMSIS Pack Licenses: 
2025-02-12 19:35:24,144 [INFO] AnalyticsPlugin:257 - Accepted Firmware Licenses: 
2025-02-12 19:35:24,148 [INFO] PluginManage:359 - Loaded plugin analytics (category:tool,tabindex:-1)
2025-02-12 19:35:24,149 [INFO] PluginManage:310 - Check plugin cadmodel
2025-02-12 19:35:24,166 [INFO] CADModel:105 - Init CAD model plugin
2025-02-12 19:35:24,166 [INFO] PluginManage:359 - Loaded plugin cadmodel (category:power,tabindex:5)
2025-02-12 19:35:24,167 [INFO] PluginManage:310 - Check plugin clock
2025-02-12 19:35:24,185 [INFO] PluginManage:359 - Loaded plugin clock (category:base,tabindex:2)
2025-02-12 19:35:24,185 [INFO] PluginManage:310 - Check plugin ddr
2025-02-12 19:35:24,187 [INFO] PluginManage:359 - Loaded plugin ddr (category:tool,tabindex:6)
2025-02-12 19:35:24,187 [INFO] PluginManage:310 - Check plugin filemanager
2025-02-12 19:35:24,309 [INFO] PluginManage:359 - Loaded plugin filemanager (category:base,tabindex:10)
2025-02-12 19:35:24,309 [INFO] PluginManage:310 - Check plugin ipmanager
2025-02-12 19:35:24,315 [INFO] PluginManage:359 - Loaded plugin ipmanager (category:base,tabindex:5)
2025-02-12 19:35:24,315 [INFO] PluginManage:310 - Check plugin lpbam
2025-02-12 19:35:24,331 [INFO] PluginManage:359 - Loaded plugin lpbam (category:base,tabindex:0)
2025-02-12 19:35:24,332 [INFO] PluginManage:310 - Check plugin memorymap
2025-02-12 19:35:24,353 [INFO] PluginManage:359 - Loaded plugin memorymap (category:base,tabindex:4)
2025-02-12 19:35:24,353 [INFO] PluginManage:310 - Check plugin pinoutandconfiguration
2025-02-12 19:35:24,369 [INFO] PluginManage:359 - Loaded plugin pinoutandconfiguration (category:base,tabindex:1)
2025-02-12 19:35:24,369 [INFO] PluginManage:310 - Check plugin pinoutconfig
2025-02-12 19:35:24,457 [WARN] SupportedApi:132 - Cannot load RTOS API schema: s4s-elt-must-match.1: The content of 'definitions' must match (annotation?, (simpleType | complexType)?, (unique | key | keyref)*)). A problem was found starting at: attribute.
2025-02-12 19:35:24,566 [INFO] PluginManage:359 - Loaded plugin pinoutconfig (category:base,tabindex:0)
2025-02-12 19:35:24,566 [INFO] PluginManage:310 - Check plugin power
2025-02-12 19:35:24,587 [INFO] PluginManage:359 - Loaded plugin power (category:power,tabindex:4)
2025-02-12 19:35:24,587 [INFO] PluginManage:310 - Check plugin projectmanager
2025-02-12 19:35:24,600 [INFO] PluginManage:359 - Loaded plugin projectmanager (category:projectmanager,tabindex:4)
2025-02-12 19:35:24,600 [INFO] PluginManage:310 - Check plugin rif
2025-02-12 19:35:24,617 [INFO] PluginManage:359 - Loaded plugin rif (category:base,tabindex:3)
2025-02-12 19:35:24,617 [INFO] PluginManage:310 - Check plugin thirdparty
2025-02-12 19:35:24,872 [INFO] PluginManage:359 - Loaded plugin thirdparty (category:base,tabindex:-1)
2025-02-12 19:35:24,872 [WARN] IntegrityCheckThread:84 - waiting for thirdparty lock release [integrity check]
2025-02-12 19:35:24,873 [INFO] PluginManage:310 - Check plugin tools
2025-02-12 19:35:24,873 [INFO] IntegrityCheckThread:86 - entering critical section [integrity check]
2025-02-12 19:35:24,873 [INFO] ThirdPartyUpdaterWithRetryManager:70 - Updater plugin not ready yet. [1/15]
2025-02-12 19:35:24,907 [INFO] PluginManage:359 - Loaded plugin tools (category:base,tabindex:7)
2025-02-12 19:35:24,907 [INFO] PluginManage:310 - Check plugin tutovideos
2025-02-12 19:35:25,060 [INFO] PluginManage:359 - Loaded plugin tutovideos (category:base,tabindex:-1)
2025-02-12 19:35:25,060 [INFO] PluginManage:310 - Check plugin updater
2025-02-12 19:35:25,077 [INFO] PluginManage:359 - Loaded plugin updater (category:base,tabindex:12)
2025-02-12 19:35:25,077 [INFO] PluginManage:310 - Check plugin userauth
2025-02-12 19:35:25,080 [INFO] UserAuth:118 - Init User Auth plugin
2025-02-12 19:35:25,081 [INFO] PluginManage:359 - Loaded plugin userauth (category:base,tabindex:14)
2025-02-12 19:35:25,081 [INFO] PluginManage:283 - PluginManage : Loaded plugins [18]
2025-02-12 19:35:25,244 [INFO] PinOutPanel:1589 - setPackage(No Configuration,No Configuration)
2025-02-12 19:35:25,306 [INFO] CADModel:165 - CPN selected for project level
2025-02-12 19:35:25,306 [INFO] CADModel:114 - Register for checkConnection events
2025-02-12 19:35:25,334 [INFO] IPUIPlugin:80 - create IPUIPlugin
2025-02-12 19:35:25,334 [INFO] PluginManager:220 - loadIPPluginJar : add adc
2025-02-12 19:35:25,367 [INFO] IPUIPlugin:80 - create IPUIPlugin
2025-02-12 19:35:25,367 [INFO] PluginManager:220 - loadIPPluginJar : add aes
2025-02-12 19:35:25,412 [INFO] IPUIPlugin:80 - create IPUIPlugin
2025-02-12 19:35:25,413 [INFO] PluginManager:220 - loadIPPluginJar : add can
2025-02-12 19:35:25,448 [INFO] IPUIPlugin:80 - create IPUIPlugin
2025-02-12 19:35:25,448 [INFO] PluginManager:220 - loadIPPluginJar : add comp
2025-02-12 19:35:25,481 [INFO] IPUIPlugin:80 - create IPUIPlugin
2025-02-12 19:35:25,481 [INFO] PluginManager:220 - loadIPPluginJar : add cryp
2025-02-12 19:35:25,492 [INFO] IPUIPlugin:80 - create IPUIPlugin
2025-02-12 19:35:25,492 [INFO] PluginManager:220 - loadIPPluginJar : add ddr_ctrl_phy
2025-02-12 19:35:25,516 [INFO] IPUIPlugin:80 - create IPUIPlugin
2025-02-12 19:35:25,516 [INFO] PluginManager:220 - loadIPPluginJar : add dfsdm
2025-02-12 19:35:25,529 [INFO] IPUIPlugin:80 - create IPUIPlugin
2025-02-12 19:35:25,529 [INFO] PluginManager:220 - loadIPPluginJar : add dma
2025-02-12 19:35:25,565 [INFO] IPUIPlugin:80 - create IPUIPlugin
2025-02-12 19:35:25,565 [INFO] PluginManager:220 - loadIPPluginJar : add dma3
2025-02-12 19:35:25,607 [INFO] IPUIPlugin:80 - create IPUIPlugin
2025-02-12 19:35:25,607 [INFO] PluginManager:220 - loadIPPluginJar : add extmemmanager
2025-02-12 19:35:25,627 [INFO] IPUIPlugin:80 - create IPUIPlugin
2025-02-12 19:35:25,627 [INFO] PluginManager:220 - loadIPPluginJar : add fatfs
2025-02-12 19:35:25,668 [INFO] IPUIPlugin:80 - create IPUIPlugin
2025-02-12 19:35:25,668 [INFO] PluginManager:220 - loadIPPluginJar : add fmc
2025-02-12 19:35:25,683 [INFO] IPUIPlugin:80 - create IPUIPlugin
2025-02-12 19:35:25,683 [INFO] PluginManager:220 - loadIPPluginJar : add freertos
2025-02-12 19:35:25,703 [INFO] IPUIPlugin:80 - create IPUIPlugin
2025-02-12 19:35:25,703 [INFO] PluginManager:220 - loadIPPluginJar : add genericplugin
2025-02-12 19:35:25,779 [INFO] IPUIPlugin:80 - create IPUIPlugin
2025-02-12 19:35:25,779 [INFO] PluginManager:220 - loadIPPluginJar : add gfxmmu
2025-02-12 19:35:25,879 [INFO] IPUIPlugin:80 - create IPUIPlugin
2025-02-12 19:35:25,879 [INFO] PluginManager:220 - loadIPPluginJar : add gic
2025-02-12 19:35:25,892 [INFO] IPUIPlugin:80 - create IPUIPlugin
2025-02-12 19:35:25,892 [INFO] PluginManager:220 - loadIPPluginJar : add gpio
2025-02-12 19:35:25,964 [INFO] IPUIPlugin:80 - create IPUIPlugin
2025-02-12 19:35:25,964 [INFO] PluginManager:220 - loadIPPluginJar : add gtzc
2025-02-12 19:35:25,993 [INFO] IPUIPlugin:80 - create IPUIPlugin
2025-02-12 19:35:25,993 [INFO] PluginManager:220 - loadIPPluginJar : add hash
2025-02-12 19:35:26,034 [INFO] IPUIPlugin:80 - create IPUIPlugin
2025-02-12 19:35:26,034 [INFO] PluginManager:220 - loadIPPluginJar : add i2c
2025-02-12 19:35:26,071 [INFO] IPUIPlugin:80 - create IPUIPlugin
2025-02-12 19:35:26,071 [INFO] PluginManager:220 - loadIPPluginJar : add i2s
2025-02-12 19:35:26,116 [INFO] IPUIPlugin:80 - create IPUIPlugin
2025-02-12 19:35:26,116 [INFO] PluginManager:220 - loadIPPluginJar : add i3c
2025-02-12 19:35:26,208 [INFO] IPUIPlugin:80 - create IPUIPlugin
2025-02-12 19:35:26,209 [INFO] PluginManager:220 - loadIPPluginJar : add ipddr
2025-02-12 19:35:26,285 [INFO] IPUIPlugin:80 - create IPUIPlugin
2025-02-12 19:35:26,286 [INFO] PluginManager:220 - loadIPPluginJar : add linkedlist
2025-02-12 19:35:26,318 [INFO] IPUIPlugin:80 - create IPUIPlugin
2025-02-12 19:35:26,318 [INFO] PluginManager:220 - loadIPPluginJar : add lorawan
2025-02-12 19:35:26,353 [INFO] IPUIPlugin:80 - create IPUIPlugin
2025-02-12 19:35:26,353 [INFO] PluginManager:220 - loadIPPluginJar : add ltdc
2025-02-12 19:35:26,367 [INFO] IPUIPlugin:80 - create IPUIPlugin
2025-02-12 19:35:26,367 [INFO] PluginManager:220 - loadIPPluginJar : add mdma
2025-02-12 19:35:26,379 [INFO] IPUIPlugin:80 - create IPUIPlugin
2025-02-12 19:35:26,379 [INFO] PluginManager:220 - loadIPPluginJar : add nvic
2025-02-12 19:35:26,416 [INFO] IPUIPlugin:80 - create IPUIPlugin
2025-02-12 19:35:26,416 [INFO] PluginManager:220 - loadIPPluginJar : add opamp
2025-02-12 19:35:26,470 [INFO] IPUIPlugin:80 - create IPUIPlugin
2025-02-12 19:35:26,470 [INFO] PluginManager:220 - loadIPPluginJar : add openamp
2025-02-12 19:35:26,509 [INFO] IPUIPlugin:80 - create IPUIPlugin
2025-02-12 19:35:26,509 [INFO] PluginManager:220 - loadIPPluginJar : add pdm2pcm
2025-02-12 19:35:26,522 [INFO] IPUIPlugin:80 - create IPUIPlugin
2025-02-12 19:35:26,523 [INFO] PluginManager:220 - loadIPPluginJar : add plateformsettings
2025-02-12 19:35:26,546 [INFO] IPUIPlugin:80 - create IPUIPlugin
2025-02-12 19:35:26,546 [INFO] PluginManager:220 - loadIPPluginJar : add quadspi
2025-02-12 19:35:26,571 [INFO] IPUIPlugin:80 - create IPUIPlugin
2025-02-12 19:35:26,572 [INFO] PluginManager:220 - loadIPPluginJar : add radio
2025-02-12 19:35:26,584 [INFO] IPUIPlugin:80 - create IPUIPlugin
2025-02-12 19:35:26,584 [INFO] PluginManager:220 - loadIPPluginJar : add resmgrutility
2025-02-12 19:35:26,624 [INFO] IPUIPlugin:80 - create IPUIPlugin
2025-02-12 19:35:26,624 [INFO] PluginManager:220 - loadIPPluginJar : add sai
2025-02-12 19:35:26,658 [INFO] IPUIPlugin:80 - create IPUIPlugin
2025-02-12 19:35:26,658 [INFO] PluginManager:220 - loadIPPluginJar : add spi
2025-02-12 19:35:26,716 [INFO] IPUIPlugin:80 - create IPUIPlugin
2025-02-12 19:35:26,716 [INFO] PluginManager:220 - loadIPPluginJar : add stm32_wpan
2025-02-12 19:35:26,737 [INFO] IPUIPlugin:80 - create IPUIPlugin
2025-02-12 19:35:26,737 [INFO] PluginManager:220 - loadIPPluginJar : add tim
2025-02-12 19:35:26,783 [INFO] IPUIPlugin:80 - create IPUIPlugin
2025-02-12 19:35:26,783 [INFO] PluginManager:220 - loadIPPluginJar : add touchsensing
2025-02-12 19:35:26,802 [INFO] IPUIPlugin:80 - create IPUIPlugin
2025-02-12 19:35:26,803 [INFO] PluginManager:220 - loadIPPluginJar : add tracer_emb
2025-02-12 19:35:26,830 [INFO] IPUIPlugin:80 - create IPUIPlugin
2025-02-12 19:35:26,830 [INFO] PluginManager:220 - loadIPPluginJar : add ts
2025-02-12 19:35:26,855 [INFO] IPUIPlugin:80 - create IPUIPlugin
2025-02-12 19:35:26,855 [INFO] PluginManager:220 - loadIPPluginJar : add tsc
2025-02-12 19:35:26,878 [INFO] IPUIPlugin:80 - create IPUIPlugin
2025-02-12 19:35:26,879 [INFO] PluginManager:220 - loadIPPluginJar : add ucpd
2025-02-12 19:35:26,921 [INFO] IPUIPlugin:80 - create IPUIPlugin
2025-02-12 19:35:26,921 [INFO] PluginManager:220 - loadIPPluginJar : add usart
2025-02-12 19:35:26,958 [INFO] IPUIPlugin:80 - create IPUIPlugin
2025-02-12 19:35:26,959 [INFO] PluginManager:220 - loadIPPluginJar : add usbx
2025-02-12 19:35:27,070 [FATAL] Updater:351 - Updater called before beeing initialized
2025-02-12 19:35:27,093 [INFO] RulesReader:64 - Compatibility file has been processed (297 Rules)
2025-02-12 19:35:27,101 [INFO] RulesReader:64 - Compatibility file has been processed (297 Rules)
2025-02-12 19:35:27,109 [INFO] CADModel:165 - CPN selected for project level
2025-02-12 19:35:27,110 [INFO] CADModel:114 - Register for checkConnection events
2025-02-12 19:35:27,110 [FATAL] Updater:351 - Updater called before beeing initialized
2025-02-12 19:35:27,110 [ERROR] CADModel:125 - Updater not yet initialized, retry later 
2025-02-12 19:35:27,254 [FATAL] Updater:351 - Updater called before beeing initialized
2025-02-12 19:35:27,256 [INFO] CADModel:165 - CPN selected for project level
2025-02-12 19:35:27,257 [INFO] CADModel:114 - Register for checkConnection events
2025-02-12 19:35:27,257 [FATAL] Updater:351 - Updater called before beeing initialized
2025-02-12 19:35:27,257 [ERROR] CADModel:125 - Updater not yet initialized, retry later 
2025-02-12 19:35:27,262 [FATAL] Updater:351 - Updater called before beeing initialized
2025-02-12 19:35:27,337 [FATAL] Updater:351 - Updater called before beeing initialized
2025-02-12 19:35:27,345 [INFO] DbMcusAds:53 - JSON generation date=Tue Dec 17 19:01:15 TRT 2024 (1734451275222)
2025-02-12 19:35:27,346 [FATAL] Updater:351 - Updater called before beeing initialized
2025-02-12 19:35:27,372 [WARN] DetailPanel:346 - Failed to get advertising image, set to default
2025-02-12 19:35:27,513 [FATAL] Updater:351 - Updater called before beeing initialized
2025-02-12 19:35:27,515 [FATAL] Updater:351 - Updater called before beeing initialized
2025-02-12 19:35:27,515 [FATAL] Updater:351 - Updater called before beeing initialized
2025-02-12 19:35:27,515 [WARN] DetailPanel:346 - Failed to get advertising image, set to default
2025-02-12 19:35:27,516 [FATAL] Updater:351 - Updater called before beeing initialized
2025-02-12 19:35:27,568 [ERROR] Updater:1198 - MainUpdater not yet initialized. External WinMGr cannot be set.
2025-02-12 19:35:27,577 [INFO] Updater:1134 - Updater Version found : 6.13.0
2025-02-12 19:35:27,592 [INFO] ApplicationProperties:184 - Using Application install path: C:\ST\STM32CubeIDE_1.17.0\STM32CubeIDE\plugins\com.st.stm32cube.common.mx_6.13.0.202411220809
2025-02-12 19:35:27,876 [INFO] ThirdPartyUpdaterWithRetryManager:70 - Updater plugin not ready yet. [2/15]
2025-02-12 19:35:29,167 [ERROR] LogOutputStream:75 - [STDERR_REDIRECT] Feb 12, 2025 7:35:29 PM java.util.prefs.WindowsPreferences <init>
2025-02-12 19:35:29,169 [ERROR] LogOutputStream:75 - [STDERR_REDIRECT] WARNING: Could not open/create prefs root node Software\JavaSoft\Prefs at root 0xffffffff80000002. Windows RegCreateKeyEx(...) returned error code 5.
2025-02-12 19:35:29,169 [ERROR] LogOutputStream:75 - [STDERR_REDIRECT] 
2025-02-12 19:35:29,707 [INFO] MainUpdater:2872 - connection check result : 10
2025-02-12 19:35:29,707 [INFO] MainUpdater:3566 - Updater definition file requires update
2025-02-12 19:35:29,708 [INFO] MainUpdater:289 - Updater Check For Update Now.
2025-02-12 19:35:29,708 [INFO] MicroXplorer:498 - Change Database Version : DB.6.0.130
2025-02-12 19:35:29,724 [INFO] McuFinderGlobals:63 - Set McuFinder mode to 2 (CubeIDE integrated)
2025-02-12 19:35:29,725 [INFO] UserAuth:171 - activating auth plugin
2025-02-12 19:35:29,727 [INFO] UserAuth:486 - Internet connection configuration mode: 1
2025-02-12 19:35:29,749 [INFO] JxBrowserEngine:152 - Initiate JxBrowser Engine with user profile folder
2025-02-12 19:35:29,837 [INFO] ServerAccessManage:473 - Download File updaters.zip
2025-02-12 19:35:30,178 [INFO] FileExtend:240 - Unzip File : updaters.zip
2025-02-12 19:35:30,178 [INFO] FileExtend:255 - Standard Zip Deflate
2025-02-12 19:35:30,820 [INFO] WebApp:168 - Instantiating new browser for Auth
2025-02-12 19:35:30,868 [INFO] ServerAccessManage:473 - Download File PacksControlFlags.xml
2025-02-12 19:35:30,876 [WARN] MainUpdater:1193 - Updater busy. Cannot search thirdparties
2025-02-12 19:35:30,876 [INFO] ThirdPartyUpdaterWithRetryManager:96 - Updater plugin is busy. [1/15]
2025-02-12 19:35:31,027 [INFO] ServerAccessManage:473 - Download File cubemx.pidx
2025-02-12 19:35:31,680 [INFO] ServerAccessManage:473 - Download File STMicroelectronics.X-CUBE-AI.pdsc
2025-02-12 19:35:32,438 [INFO] WebApp:449 - Apply proxy settings
2025-02-12 19:35:32,439 [INFO] WebApp:534 - Chromium requires no authentication
2025-02-12 19:35:32,447 [INFO] WebApp:477 - Direct internet connection detected
2025-02-12 19:35:32,469 [INFO] WebApp:880 - Register for checkConnection events
2025-02-12 19:35:32,469 [INFO] WebApp:449 - Apply proxy settings
2025-02-12 19:35:32,469 [INFO] WebApp:534 - Chromium requires no authentication
2025-02-12 19:35:32,469 [INFO] WebApp:477 - Direct internet connection detected
2025-02-12 19:35:32,625 [INFO] WebApp:221 - Starting web application
2025-02-12 19:35:32,625 [INFO] WebApp:579 - Web application path used C:\ST\STM32CubeIDE_1.17.0\STM32CubeIDE\plugins\com.st.stm32cube.common.mx_6.13.0.202411220809\db\plugins\mcufinder\reactClient1\index.html
2025-02-12 19:35:32,865 [ERROR] LogOutputStream:75 - [STDERR_REDIRECT] [Fatal Error] :1:1: Premature end of file.
2025-02-12 19:35:32,865 [ERROR] LogOutputStream:75 - [STDERR_REDIRECT] 
2025-02-12 19:35:33,022 [INFO] WebApp:187 - Connection restablished
2025-02-12 19:35:33,829 [ERROR] LogOutputStream:75 - [STDERR_REDIRECT] [Fatal Error] :1:1: Premature end of file.
2025-02-12 19:35:33,829 [ERROR] LogOutputStream:75 - [STDERR_REDIRECT] 
2025-02-12 19:35:33,877 [WARN] MainUpdater:1193 - Updater busy. Cannot search thirdparties
2025-02-12 19:35:33,877 [INFO] ThirdPartyUpdaterWithRetryManager:96 - Updater plugin is busy. [2/15]
2025-02-12 19:35:34,830 [ERROR] LogOutputStream:75 - [STDERR_REDIRECT] [Fatal Error] :1:1: Premature end of file.
2025-02-12 19:35:34,831 [ERROR] LogOutputStream:75 - [STDERR_REDIRECT] 
2025-02-12 19:35:35,835 [ERROR] LogOutputStream:75 - [STDERR_REDIRECT] [Fatal Error] :1:1: Premature end of file.
2025-02-12 19:35:35,835 [ERROR] LogOutputStream:75 - [STDERR_REDIRECT] 
2025-02-12 19:35:36,672 [WARN] PackLoader:240 - Cannot read IP mode file for STMicroelectronics.X-CUBE-AI.10.0.0
2025-02-12 19:35:36,672 [INFO] PopulateThirdPartyThread:66 - Ending populate Thread
2025-02-12 19:35:36,677 [INFO] ThirdParty:1030 - CMSIS Pack Vendor :STMicroelectronics X-CUBE-AI 10.0.0
2025-02-12 19:35:36,677 [INFO] LoadServerUpdatesThread:375 - End of LoadServerUpdate Thread
2025-02-12 19:35:36,729 [INFO] CheckServerUpdateThread:120 - End of CheckServer Thread
2025-02-12 19:35:36,811 [INFO] MainUpdater:2872 - connection check result : 10
2025-02-12 19:35:36,841 [INFO] McuFinderGlobals:76 - Set McuFinderConnectedMode to true
2025-02-12 19:35:36,841 [ERROR] LogOutputStream:75 - [STDERR_REDIRECT] [Fatal Error] :1:1: Premature end of file.
2025-02-12 19:35:36,841 [ERROR] LogOutputStream:75 - [STDERR_REDIRECT] 
2025-02-12 19:35:36,881 [WARN] MainUpdater:1193 - Updater busy. Cannot search thirdparties
2025-02-12 19:35:36,881 [INFO] ThirdPartyUpdaterWithRetryManager:96 - Updater plugin is busy. [3/15]
2025-02-12 19:35:37,382 [INFO] ServerAccessManage:473 - Download File mcusAds.json._tmp_
2025-02-12 19:35:37,493 [INFO] LoadUrlFilesThread:156 - End of LoadUrlFiles Thread
2025-02-12 19:35:37,756 [INFO] ServerAccessManage:473 - Download File cube-finder-db.zip
2025-02-12 19:35:37,828 [ERROR] LogOutputStream:75 - [STDERR_REDIRECT] [Fatal Error] :1:1: Premature end of file.
2025-02-12 19:35:37,828 [ERROR] LogOutputStream:75 - [STDERR_REDIRECT] 
2025-02-12 19:35:38,846 [ERROR] LogOutputStream:75 - [STDERR_REDIRECT] [Fatal Error] :1:1: Premature end of file.
2025-02-12 19:35:38,846 [ERROR] LogOutputStream:75 - [STDERR_REDIRECT] 
2025-02-12 19:35:39,828 [ERROR] LogOutputStream:75 - [STDERR_REDIRECT] [Fatal Error] :1:1: Premature end of file.
2025-02-12 19:35:39,828 [ERROR] LogOutputStream:75 - [STDERR_REDIRECT] 
2025-02-12 19:35:39,883 [WARN] MainUpdater:1193 - Updater busy. Cannot search thirdparties
2025-02-12 19:35:39,883 [INFO] ThirdPartyUpdaterWithRetryManager:96 - Updater plugin is busy. [4/15]
2025-02-12 19:35:40,831 [ERROR] LogOutputStream:75 - [STDERR_REDIRECT] [Fatal Error] :1:1: Premature end of file.
2025-02-12 19:35:40,831 [ERROR] LogOutputStream:75 - [STDERR_REDIRECT] 
2025-02-12 19:35:41,836 [ERROR] LogOutputStream:75 - [STDERR_REDIRECT] [Fatal Error] :1:1: Premature end of file.
2025-02-12 19:35:41,836 [ERROR] LogOutputStream:75 - [STDERR_REDIRECT] 
2025-02-12 19:35:42,839 [ERROR] LogOutputStream:75 - [STDERR_REDIRECT] [Fatal Error] :1:1: Premature end of file.
2025-02-12 19:35:42,839 [ERROR] LogOutputStream:75 - [STDERR_REDIRECT] 
2025-02-12 19:35:42,897 [WARN] MainUpdater:1193 - Updater busy. Cannot search thirdparties
2025-02-12 19:35:42,897 [INFO] ThirdPartyUpdaterWithRetryManager:96 - Updater plugin is busy. [5/15]
2025-02-12 19:35:43,324 [INFO] FileExtend:240 - Unzip File : cube-finder-db.zip
2025-02-12 19:35:43,324 [INFO] FileExtend:255 - Standard Zip Deflate
2025-02-12 19:35:43,842 [ERROR] LogOutputStream:75 - [STDERR_REDIRECT] [Fatal Error] :1:1: Premature end of file.
2025-02-12 19:35:43,842 [ERROR] LogOutputStream:75 - [STDERR_REDIRECT] 
2025-02-12 19:35:43,979 [INFO] LoadUrlFilesThread:156 - End of LoadUrlFiles Thread
2025-02-12 19:35:44,488 [INFO] ServerAccessManage:473 - Download File crdb.zip
2025-02-12 19:35:44,829 [ERROR] LogOutputStream:75 - [STDERR_REDIRECT] [Fatal Error] :1:1: Premature end of file.
2025-02-12 19:35:44,829 [ERROR] LogOutputStream:75 - [STDERR_REDIRECT] 
2025-02-12 19:35:44,867 [INFO] FileExtend:240 - Unzip File : crdb.zip
2025-02-12 19:35:44,867 [INFO] FileExtend:255 - Standard Zip Deflate
2025-02-12 19:35:45,005 [INFO] LoadUrlFilesThread:156 - End of LoadUrlFiles Thread
2025-02-12 19:35:45,662 [INFO] ServerAccessManage:473 - Download File tutoVideoDB.zip
2025-02-12 19:35:45,674 [INFO] FileExtend:240 - Unzip File : tutoVideoDB.zip
2025-02-12 19:35:45,674 [INFO] FileExtend:255 - Standard Zip Deflate
2025-02-12 19:35:45,793 [INFO] LoadUrlFilesThread:156 - End of LoadUrlFiles Thread
2025-02-12 19:35:45,795 [WARN] DbFile:41 - Overriding database path with different value: C:\Users\o1yus\.stmcufinder\plugins\mcufinder/ => C:\Users\o1yus\.stmcufinder\plugins\mcufinder
2025-02-12 19:35:45,830 [ERROR] LogOutputStream:75 - [STDERR_REDIRECT] [Fatal Error] :1:1: Premature end of file.
2025-02-12 19:35:45,830 [ERROR] LogOutputStream:75 - [STDERR_REDIRECT] 
2025-02-12 19:35:45,898 [WARN] MainUpdater:1193 - Updater busy. Cannot search thirdparties
2025-02-12 19:35:45,898 [INFO] ThirdPartyUpdaterWithRetryManager:96 - Updater plugin is busy. [6/15]
2025-02-12 19:35:46,157 [INFO] ServerAccessManage:473 - Download File api_config.json
2025-02-12 19:35:46,266 [INFO] LoadUrlFilesThread:156 - End of LoadUrlFiles Thread
2025-02-12 19:35:46,268 [INFO] DbMcusAds:53 - JSON generation date=Tue Dec 17 19:01:15 TRT 2024 (1734451275111)
2025-02-12 19:35:46,283 [INFO] LoadUrlFilesThread:185 - End of LoadServerUrlFiles without Thread
2025-02-12 19:35:46,283 [INFO] TargetSelectorAdapter:259 - Refresh data is successful
2025-02-12 19:35:46,388 [INFO] ApiDb:581 - Connected to CubeFinder SQLite database (C:\Users\o1yus\.stmcufinder\plugins\mcufinder\mcu\cube-finder-db.db)
2025-02-12 19:35:46,430 [INFO] ApiDb:668 - CubeFinder database Data Model version=2.1
2025-02-12 19:35:46,430 [INFO] ApiDb:669 - CubeFinder database Configuration version=3.0.39
2025-02-12 19:35:46,430 [INFO] ApiDb:670 - CubeFinder database generation date=2025-02-07 (1738919966)
2025-02-12 19:35:46,430 [INFO] ApiDb:671 - CubeFinder database FW Pack versions=[FP-ATR-ASTRA1_V2.0.0, FP-SNS-FLIGHT1_V5.0.2, FP-SNS-MOTENV1_V5.0.0, FP-SNS-MOTENVWB1_V1.4.0, FP-SNS-SMARTAG2_V1.2.0, FP-SNS-STBOX1_V2.0.0, STM32Cube_FW_C0_V1.3.0, STM32Cube_FW_F4_V1.28.1, STM32Cube_FW_F7_V1.17.2, STM32Cube_FW_G0_V1.6.2, STM32Cube_FW_G4_V1.6.1, STM32Cube_FW_H5_V1.4.0, STM32Cube_FW_H7RS_V1.1.0, STM32Cube_FW_H7_V1.12.0, STM32Cube_FW_L0_V1.12.2, STM32Cube_FW_L4_V1.18.1, STM32Cube_FW_L5_V1.5.1, STM32Cube_FW_N6_V1.0.0, STM32Cube_FW_U0_V1.2.0, STM32Cube_FW_U3_V1.0.0, STM32Cube_FW_U5_V1.7.0, STM32Cube_FW_WB0_V1.1.0, STM32Cube_FW_WBA_V1.5.0, STM32Cube_FW_WB_V1.21.0, STM32Cube_FW_WL3_V1.0.0, STM32Cube_FW_WL_V1.3.0, X-CUBE-ALGOBUILD_V1.4.0, X-CUBE-ALS_V1.0.2, X-CUBE-AZRTOS-F4_V1.1.0, X-CUBE-AZRTOS-F7_V1.1.0, X-CUBE-AZRTOS-G0_V1.1.0, X-CUBE-AZRTOS-G4_V2.0.0, X-CUBE-AZRTOS-H7RS_V1.0.0, X-CUBE-AZRTOS-H7_V3.3.0, X-CUBE-AZRTOS-L4_V2.0.0, X-CUBE-AZRTOS-L5_V2.0.0, X-CUBE-AZRTOS-WB_V2.0.0, X-CUBE-AZRTOS-WL_V2.0.0, X-CUBE-BLE1_V7.0.0, X-CUBE-BLE2_V3.3.0, X-CUBE-BLEMGR_V4.0.0, X-CUBE-EEPRMA1_V5.1.0, X-CUBE-FREERTOS_V1.2.0, X-CUBE-GNSS1_V6.0.0, X-CUBE-MEMS1_V11.1.0, X-CUBE-NFC4_V3.0.0, X-CUBE-NFC7_V1.0.1, X-CUBE-SFXS2LP1_V4.0.0, X-CUBE-SUBG2_V5.0.0, X-CUBE-TOF1_V3.4.2]
2025-02-12 19:35:46,830 [ERROR] LogOutputStream:75 - [STDERR_REDIRECT] [Fatal Error] :1:1: Premature end of file.
2025-02-12 19:35:46,830 [ERROR] LogOutputStream:75 - [STDERR_REDIRECT] 
2025-02-12 19:35:47,826 [INFO] ApiDb:240 - Found 858 in-development CPN: [B-G473E-ZEST1S, B-WB1M-WPAN1, B-WBA5M-WPAN, B-WL5M-SUBG1, NUCLEO-C031C6, NUCLEO-C051C8, NUCLEO-C071RB, NUCLEO-C092RC, NUCLEO-H503RB, NUCLEO-H533RE, NUCLEO-H563ZI, NUCLEO-H7S3L8, NUCLEO-N657X0-Q, NUCLEO-U031R8, NUCLEO-U083RC, NUCLEO-U385RG-Q, NUCLEO-U545RE-Q, NUCLEO-U5A5ZJ-Q, NUCLEO-WB05KZ, NUCLEO-WB07CC, NUCLEO-WB09KE, NUCLEO-WBA52CG, NUCLEO-WBA55CG, NUCLEO-WL33CC1, NUCLEO-WL33CC2, STEVAL-PROTEUS1, STEVAL-SMARTAG2, STEVAL-STWINBX1, STM320518-EVAL, STM32C0116-DK, STM32C011D6Y3TR, STM32C011D6Y6TR, STM32C011F4P3, STM32C011F4P6, STM32C011F4U3, STM32C011F4U6TR, STM32C011F6P3, STM32C011F6P6, STM32C011F6U3, STM32C011F6U6TR, STM32C011J4M3, STM32C011J4M6, STM32C011J6M3, STM32C011J6M6, STM32C0316-DK, STM32C031C4T3, STM32C031C4T6, STM32C031C4U3, STM32C031C4U6, STM32C031C6T3, STM32C031C6T6, STM32C031C6U3, STM32C031C6U6, STM32C031F4P3, STM32C031F4P6, STM32C031F6P3, STM32C031F6P6, STM32C031G4U3, STM32C031G4U6, STM32C031G6U3, STM32C031G6U6, STM32C031K4T3, STM32C031K4T6, STM32C031K4U3, STM32C031K4U6, STM32C031K6T3, STM32C031K6T6, STM32C031K6U3, STM32C031K6U6, STM32C051C6T6, STM32C051C6U6, STM32C051C8T6, STM32C051C8U6, STM32C051D8Y6TR, STM32C051F6P6, STM32C051F8P6, STM32C051G6U6, STM32C051G8U6, STM32C051K6T6, STM32C051K6U6, STM32C051K8T6, STM32C071C8T6, STM32C071C8T6N, STM32C071C8U6, STM32C071C8U6N, STM32C071CBT6, STM32C071CBT6N, STM32C071CBU6, STM32C071CBU6N, STM32C071F8P6, STM32C071F8P6N, STM32C071FBP6, STM32C071FBP6N, STM32C071FBY6TR, STM32C071G8U6, STM32C071G8U6N, STM32C071GBU6, STM32C071GBU6N, STM32C071K8T6, STM32C071K8T6N, STM32C071K8U6, STM32C071K8U6N, STM32C071KBT6, STM32C071KBT6N, STM32C071KBU6, STM32C071KBU6N, STM32C071R8T6, STM32C071R8T6N, STM32C071RBI6N, STM32C071RBT6, STM32C071RBT6N, STM32C091CBT6, STM32C091CBU6, STM32C091CCT6, STM32C091CCU6, STM32C091ECY6TR, STM32C091FBP6, STM32C091FCP6, STM32C091GBU6, STM32C091GCU6, STM32C091KBT6, STM32C091KBU6, STM32C091KCT6, STM32C091KCU6, STM32C091RBT6, STM32C091RCI6, STM32C091RCT6, STM32C092CBT6, STM32C092CBU6, STM32C092CCT6, STM32C092CCU6, STM32C092ECY6TR, STM32C092FBP6, STM32C092FCP6, STM32C092GBU6, STM32C092GCU6, STM32C092KBT6, STM32C092KBU6, STM32C092KCT6, STM32C092KCU6, STM32C092RBT6, STM32C092RCI6, STM32C092RCT6, STM32G071K8TXN, STM32G071K8UXN, STM32G081GBU6N, STM32G081KBT6N, STM32G081KBUXN, STM32G0B1CCT6N, STM32G0B1KCT6, STM32G0B1NEY6TR, STM32G0B1RCT6N, STM32G0C1CCT6, STM32G0C1CCT6N, STM32G0C1CCU6N, STM32G0C1CET6N, STM32G0C1CEU6N, STM32G0C1KCT6, STM32G0C1NEY6TR, STM32G0C1RCI6N, STM32G0C1RCT6N, STM32G0C1REI6N, STM32G0C1RET6N, STM32G0C1VCI6, STM32G0C1VEI6, STM32G411C6T3, STM32G411C6T6, STM32G411C6U3, STM32G411C6U6, STM32G411C8T3, STM32G411C8T6, STM32G411C8U3, STM32G411C8U6, STM32G411CBT3, STM32G411CBT6, STM32G411CBU3, STM32G411CBU6, STM32G411CCT3, STM32G411CCT6, STM32G411CCU3, STM32G411CCU6, STM32G411K6T3, STM32G411K6T6, STM32G411K6U3, STM32G411K6U6, STM32G411K8T3, STM32G411K8T6, STM32G411K8U3, STM32G411K8U6, STM32G411KBT3, STM32G411KBT6, STM32G411KBU3, STM32G411KBU6, STM32G411M6T3, STM32G411M6T6, STM32G411M8T3, STM32G411M8T6, STM32G411MBT3, STM32G411MBT6, STM32G411MCT3, STM32G411MCT6, STM32G411R6T3, STM32G411R6T6, STM32G411R8T3, STM32G411R8T6, STM32G411RBT3, STM32G411RBT6, STM32G411RCT3, STM32G411RCT6, STM32G414CBT3, STM32G414CBT6, STM32G414CBU3, STM32G414CBU6, STM32G414CCT3, STM32G414CCT6, STM32G414CCU3, STM32G414CCU6, STM32G414MBT3, STM32G414MBT6, STM32G414MCT3, STM32G414MCT6, STM32G414RBT3, STM32G414RBT6, STM32G414RCT3, STM32G414RCT6, STM32G414VBT3, STM32G414VBT6, STM32G414VCT3, STM32G414VCT6, STM32G431CBT3Z, STM32G431RBT3Z, STM32G471CCT6, STM32G471CCU6, STM32G471CET3, STM32G471CET6, STM32G471CEU3, STM32G471CEU6, STM32G471MCT6, STM32G471MET3, STM32G471MET6, STM32G471MEY6TR, STM32G471QCT6, STM32G471QET3, STM32G471RCT6, STM32G471RET3, STM32G471RET6, STM32G471VCH6, STM32G471VCI6, STM32G471VCT6, STM32G471VEH3, STM32G471VEH6, STM32G471VEI3, STM32G471VEI6, STM32G471VET3, STM32G471VET6, STM32G473QET3Z, STM32G473RET3Z, STM32G474CCT6, STM32G491RET3Z, STM32H503CBT6, STM32H503CBU6, STM32H503EBY6TR, STM32H503KBU6, STM32H503RBT6, STM32H523CCT6, STM32H523CCU6, STM32H523CET6, STM32H523CEU6, STM32H523HEY6TR, STM32H523RCT6, STM32H523RET6, STM32H523VCI6, STM32H523VCT6, STM32H523VEI6, STM32H523VET6, STM32H523ZCJ6, STM32H523ZCT6, STM32H523ZEJ6, STM32H523ZET6, STM32H533CET6, STM32H533CEU6, STM32H533HEY6TR, STM32H533RET6, STM32H533VEI6, STM32H533VET6, STM32H533ZEJ6, STM32H533ZET6, STM32H562AGI6, STM32H562AII6, STM32H562IGK6, STM32H562IGT6, STM32H562IIK6, STM32H562IIT6, STM32H562RGT6, STM32H562RGV6, STM32H562RIT6, STM32H562RIV6, STM32H562VGT6, STM32H562VIT6, STM32H562ZGT6, STM32H562ZIT6, STM32H563AGI6, STM32H563AII3Q, STM32H563AII6, STM32H563IGK6, STM32H563IGT6, STM32H563IIK3Q, STM32H563IIK6, STM32H563IIT3Q, STM32H563IIT6, STM32H563MIY3QTR, STM32H563RGT6, STM32H563RGV6, STM32H563RIT6, STM32H563RIV6, STM32H563VGT6, STM32H563VIT3Q, STM32H563VIT6, STM32H563ZGT6, STM32H563ZIT3Q, STM32H563ZIT6, STM32H573AII3Q, STM32H573AII6, STM32H573I-DK, STM32H573IIK3Q, STM32H573IIK6, STM32H573IIT3Q, STM32H573IIT6, STM32H573MIY3QTR, STM32H573RIT6, STM32H573RIV6, STM32H573VIT3Q, STM32H573VIT6, STM32H573ZIT3Q, STM32H573ZIT6, STM32H7R3A8I6, STM32H7R3I8K6, STM32H7R3I8T6, STM32H7R3L8H6, STM32H7R3L8H6H, STM32H7R3R8V6, STM32H7R3V8H6, STM32H7R3V8T6, STM32H7R3V8Y6TR, STM32H7R3Z8J6, STM32H7R3Z8T6, STM32H7R7A8I6, STM32H7R7I8K6, STM32H7R7I8T6, STM32H7R7L8H6, STM32H7R7L8H6H, STM32H7R7Z8J6, STM32H7S3A8I6, STM32H7S3I8K6, STM32H7S3I8T6, STM32H7S3L8H6, STM32H7S3L8H6H, STM32H7S3R8V6, STM32H7S3V8H6, STM32H7S3V8T6, STM32H7S3V8Y6TR, STM32H7S3Z8J6, STM32H7S3Z8T6, STM32H7S78-DK, STM32H7S7A8I6, STM32H7S7I8K6, STM32H7S7I8T6, STM32H7S7L8H6, STM32H7S7L8H6H, STM32H7S7Z8J6, STM32L4R5QGI6STR, STM32MP131AAE3, STM32MP131AAF3, STM32MP131AAG3, STM32MP131CAE3, STM32MP131CAF3, STM32MP131CAG3, STM32MP131DAE7, STM32MP131DAF7, STM32MP131DAG7, STM32MP131FAE7, STM32MP131FAF7, STM32MP131FAG7, STM32MP133AAE3, STM32MP133AAF3, STM32MP133AAG3, STM32MP133CAE3, STM32MP133CAF3, STM32MP133CAG3, STM32MP133DAE7, STM32MP133DAF7, STM32MP133DAG7, STM32MP133FAE7, STM32MP133FAF7, STM32MP133FAG7, STM32MP135AAE3, STM32MP135AAF3, STM32MP135AAG3, STM32MP135CAE3, STM32MP135CAF3, STM32MP135CAG3, STM32MP135DAE7, STM32MP135DAF7, STM32MP135DAG7, STM32MP135F-DK, STM32MP135FAE7, STM32MP135FAF7, STM32MP135FAF7T, STM32MP135FAF7U, STM32MP135FAG7, STM32MP231AAJ3, STM32MP231AAK3, STM32MP231AAL3, STM32MP231CAJ3, STM32MP231CAK3, STM32MP231CAL3, STM32MP231DAJ3, STM32MP231DAK3, STM32MP231DAL3, STM32MP231FAJ3, STM32MP231FAK3, STM32MP231FAL3, STM32MP233AAJ3, STM32MP233AAK3, STM32MP233AAL3, STM32MP233CAJ3, STM32MP233CAK3, STM32MP233CAL3, STM32MP233DAJ3, STM32MP233DAK3, STM32MP233DAL3, STM32MP233FAJ3, STM32MP233FAK3, STM32MP233FAL3, STM32MP235AAJ3, STM32MP235AAK3, STM32MP235AAL3, STM32MP235CAJ3, STM32MP235CAK3, STM32MP235CAL3, STM32MP235DAJ3, STM32MP235DAK3, STM32MP235DAL3, STM32MP235FAJ3, STM32MP235FAK3, STM32MP235FAL3, STM32MP251AAI3, STM32MP251AAJ3, STM32MP251AAK3, STM32MP251AAL3, STM32MP251CAI3, STM32MP251CAJ3, STM32MP251CAK3, STM32MP251CAL3, STM32MP251DAI3, STM32MP251DAJ3, STM32MP251DAK3, STM32MP251DAL3, STM32MP251FAI3, STM32MP251FAJ3, STM32MP251FAK3, STM32MP251FAL3, STM32MP253AAI3, STM32MP253AAJ3, STM32MP253AAK3, STM32MP253AAL3, STM32MP253CAI3, STM32MP253CAJ3, STM32MP253CAK3, STM32MP253CAL3, STM32MP253DAI3, STM32MP253DAJ3, STM32MP253DAK3, STM32MP253DAL3, STM32MP253FAI3, STM32MP253FAJ3, STM32MP253FAK3, STM32MP253FAL3, STM32MP255AAI3, STM32MP255AAJ3, STM32MP255AAK3, STM32MP255AAL3, STM32MP255CAI3, STM32MP255CAJ3, STM32MP255CAK3, STM32MP255CAL3, STM32MP255DAI3, STM32MP255DAJ3, STM32MP255DAK3, STM32MP255DAL3, STM32MP255FAI3, STM32MP255FAJ3, STM32MP255FAK3, STM32MP255FAL3, STM32MP257AAI3, STM32MP257AAJ3, STM32MP257AAK3, STM32MP257AAL3, STM32MP257CAI3, STM32MP257CAJ3, STM32MP257CAK3, STM32MP257CAL3, STM32MP257DAI3, STM32MP257DAJ3, STM32MP257DAK3, STM32MP257DAL3, STM32MP257F-DK, STM32MP257F-EV1, STM32MP257FAI3, STM32MP257FAJ3, STM32MP257FAK3, STM32MP257FAL3, STM32N645A0H3Q, STM32N645B0H3Q, STM32N645I0H3Q, STM32N645L0H3Q, STM32N645X0H3Q, STM32N645Z0H3Q, STM32N647A0H3Q, STM32N647B0H3Q, STM32N647I0H3Q, STM32N647L0H3Q, STM32N647X0H3Q, STM32N647Z0H3Q, STM32N655A0H3Q, STM32N655B0H3Q, STM32N655I0H3Q, STM32N655L0H3Q, STM32N655X0H3Q, STM32N655Z0H3Q, STM32N6570-DK, STM32N657A0H3Q, STM32N657B0H3Q, STM32N657I0H3Q, STM32N657L0H3Q, STM32N657X0H3Q, STM32N657Z0H3Q, STM32U031C6T6, STM32U031C6U6, STM32U031C8T6, STM32U031C8U6, STM32U031F4P6, STM32U031F6P6, STM32U031F8P6, STM32U031G6Y6TR, STM32U031G8Y6TR, STM32U031K4U6, STM32U031K6U6, STM32U031K8U6, STM32U031R6I6, STM32U031R6T6, STM32U031R8I6, STM32U031R8T6, STM32U073C8T6, STM32U073C8U6, STM32U073CBT6, STM32U073CBU6, STM32U073CCT6, STM32U073CCU6, STM32U073H8Y6TR, STM32U073HBY6TR, STM32U073HCY6TR, STM32U073K8U6, STM32U073KBU6, STM32U073KCU6, STM32U073M8I6, STM32U073M8T6, STM32U073MBI6, STM32U073MBT6, STM32U073MCI6, STM32U073MCT6, STM32U073R8I6, STM32U073R8T6, STM32U073RBI6, STM32U073RBT6, STM32U073RCI6, STM32U073RCT6, STM32U083C-DK, STM32U083CCT6, STM32U083CCU6, STM32U083HCY6TR, STM32U083KCU6, STM32U083MCI6, STM32U083MCT6, STM32U083RCI6, STM32U083RCT6, STM32U375CET6, STM32U375CET6Q, STM32U375CEU6, STM32U375CEU6Q, STM32U375CEY6QTR, STM32U375CGT6, STM32U375CGT6Q, STM32U375CGU6, STM32U375CGU6Q, STM32U375CGY6QTR, STM32U375KEU6, STM32U375KGU6, STM32U375REI6, STM32U375REI6Q, STM32U375RET6, STM32U375RET6Q, STM32U375REY6GTR, STM32U375REY6QTR, STM32U375RGI6, STM32U375RGI6Q, STM32U375RGT6, STM32U375RGT6Q, STM32U375RGY6GTR, STM32U375RGY6QTR, STM32U375VEI6, STM32U375VEI6Q, STM32U375VET6, STM32U375VET6Q, STM32U375VGI6, STM32U375VGI6Q, STM32U375VGT6, STM32U375VGT6Q, STM32U385CGT6, STM32U385CGT6Q, STM32U385CGU6, STM32U385CGU6Q, STM32U385CGY6QTR, STM32U385KGU6, STM32U385RGI6, STM32U385RGI6Q, STM32U385RGT6, STM32U385RGT6Q, STM32U385RGY6GTR, STM32U385RGY6QTR, STM32U385VGI6, STM32U385VGI6Q, STM32U385VGT6, STM32U385VGT6Q, STM32U535CBT6, STM32U535CBT6Q, STM32U535CBU6, STM32U535CBU6Q, STM32U535CCT6, STM32U535CCT6Q, STM32U535CCU6, STM32U535CCU6Q, STM32U535CET6, STM32U535CET6Q, STM32U535CEU6, STM32U535CEU6Q, STM32U535JEY6QTR, STM32U535NCY6QTR, STM32U535NEY6QTR, STM32U535RBI6, STM32U535RBI6Q, STM32U535RBT6, STM32U535RBT6Q, STM32U535RCI6, STM32U535RCI6Q, STM32U535RCT6, STM32U535RCT6Q, STM32U535REI6, STM32U535REI6Q, STM32U535RET6, STM32U535RET6Q, STM32U535VCI6, STM32U535VCI6Q, STM32U535VCT6, STM32U535VCT6Q, STM32U535VEI6, STM32U535VEI6Q, STM32U535VET6, STM32U535VET6Q, STM32U545CET6, STM32U545CET6Q, STM32U545CEU6, STM32U545CEU6Q, STM32U545JEY6QTR, STM32U545NEY6QTR, STM32U545REI6, STM32U545REI6Q, STM32U545RET6, STM32U545RET6Q, STM32U545VEI6, STM32U545VEI6Q, STM32U545VET6, STM32U545VET6Q, STM32U595AIH6, STM32U595AIH6Q, STM32U595AJH6, STM32U595AJH6Q, STM32U595QII6, STM32U595QII6Q, STM32U595QJI6, STM32U595QJI6Q, STM32U595RIT6, STM32U595RIT6Q, STM32U595RJT6, STM32U595RJT6Q, STM32U595VIT6, STM32U595VIT6Q, STM32U595VJT6, STM32U595VJT6Q, STM32U595ZIT6, STM32U595ZIT6Q, STM32U595ZIY6QTR, STM32U595ZJT6, STM32U595ZJT6Q, STM32U595ZJY6QTR, STM32U599BJY6QTR, STM32U599NIH6Q, STM32U599NJH6Q, STM32U599VIT6Q, STM32U599VJT6, STM32U599VJT6Q, STM32U599ZIT6Q, STM32U599ZIY6QTR, STM32U599ZJT6Q, STM32U599ZJY6QTR, STM32U5A5AJH6, STM32U5A5AJH6Q, STM32U5A5QII3Q , STM32U5A5QJI6, STM32U5A5QJI6Q, STM32U5A5RJT6, STM32U5A5RJT6Q, STM32U5A5VJT6, STM32U5A5VJT6Q, STM32U5A5ZJT6, STM32U5A5ZJT6Q, STM32U5A5ZJY6QTR, STM32U5A9BJY6QTR, STM32U5A9J-DK, STM32U5A9NJH6Q, STM32U5A9VJT6Q, STM32U5A9ZJT6Q, STM32U5A9ZJY6QTR, STM32U5F7VIT6, STM32U5F7VIT6Q, STM32U5F7VJT6, STM32U5F7VJT6Q, STM32U5F9BJY6QTR, STM32U5F9NJH6Q, STM32U5F9VIT6Q, STM32U5F9VJT6Q, STM32U5F9ZIJ6QTR, STM32U5F9ZIT6Q, STM32U5F9ZJJ6QTR, STM32U5F9ZJT6Q, STM32U5G7VJT6, STM32U5G7VJT6Q, STM32U5G9BJY6QTR, STM32U5G9J-DK1, STM32U5G9J-DK2, STM32U5G9NJH6Q, STM32U5G9VJT6Q, STM32U5G9ZJJ6QTR, STM32U5G9ZJT6Q, STM32WB05KZV6TR, STM32WB05KZV7TR, STM32WB05TZF6TR, STM32WB05TZF7TR, STM32WB06CCF6TR, STM32WB06CCF7TR, STM32WB06CCV6TR, STM32WB06CCV7TR, STM32WB06KCV6TR, STM32WB06KCV7TR, STM32WB07CCF6TR, STM32WB07CCF7TR, STM32WB07CCV6TR, STM32WB07CCV7TR, STM32WB07KCV6TR, STM32WB07KCV7TR, STM32WB09KEV6TR, STM32WB09KEV7TR, STM32WB09TEF6TR, STM32WB09TEF7TR, STM32WB1MMCH6, STM32WBA50KGU6, STM32WBA50KGU6TR, STM32WBA52CEU6, STM32WBA52CEU6TR, STM32WBA52CEU7, STM32WBA52CEU7TR, STM32WBA52CGU6, STM32WBA52CGU6TR, STM32WBA52CGU6U, STM32WBA52CGU7, STM32WBA52CGU7TR, STM32WBA52KEU6, STM32WBA52KEU6TR, STM32WBA52KGU6, STM32WBA52KGU6TR, STM32WBA54CEU6, STM32WBA54CEU6TR, STM32WBA54CEU7, STM32WBA54CEU7TR, STM32WBA54CGU6, STM32WBA54CGU6TR, STM32WBA54CGU7, STM32WBA54CGU7TR, STM32WBA54KEU6, STM32WBA54KEU6TR, STM32WBA54KEU7, STM32WBA54KEU7TR, STM32WBA54KGU6, STM32WBA54KGU6TR, STM32WBA54KGU7, STM32WBA54KGU7TR, STM32WBA55CEU6, STM32WBA55CEU6TR, STM32WBA55CEU7, STM32WBA55CEU7TR, STM32WBA55CGU6, STM32WBA55CGU6TR, STM32WBA55CGU6U, STM32WBA55CGU7, STM32WBA55CGU7TR, STM32WBA55G-DK1, STM32WBA55HEF6, STM32WBA55HEF7, STM32WBA55HGF6, STM32WBA55HGF7, STM32WBA55UEI6, STM32WBA55UEI6TR, STM32WBA55UEI7, STM32WBA55UEI7TR, STM32WBA55UGI6, STM32WBA55UGI6TR, STM32WBA55UGI7, STM32WBA55UGI7TR, STM32WBA5MJGH6TR, STM32WBA5MJGH6U, STM32WL33C8V6, STM32WL33C8V6TR, STM32WL33C8V7, STM32WL33C8V7TR, STM32WL33CBV6, STM32WL33CBV6TR, STM32WL33CBV7, STM32WL33CBV7TR, STM32WL33CCV6, STM32WL33CCV6TR, STM32WL33CCV7, STM32WL33CCV7A, STM32WL33CCV7ATR, STM32WL33CCV7TR, STM32WL33K8V6, STM32WL33K8V6TR, STM32WL33K8V7, STM32WL33K8V7TR, STM32WL33KBV6, STM32WL33KBV6TR, STM32WL33KBV7, STM32WL33KBV7TR, STM32WL33KCV6, STM32WL33KCV6TR, STM32WL33KCV7, STM32WL33KCV7TR, STM32WL5MOCH6, STM32WL5MOCH6TR]
2025-02-12 19:35:47,829 [INFO] DbMcus:218 - Found 4545 MCUs, 4545 are supported
2025-02-12 19:35:47,832 [ERROR] LogOutputStream:75 - [STDERR_REDIRECT] [Fatal Error] :1:1: Premature end of file.
2025-02-12 19:35:47,832 [ERROR] LogOutputStream:75 - [STDERR_REDIRECT] 
2025-02-12 19:35:47,837 [INFO] ApiDb:423 - Load user favorites file C:\Users\o1yus/.stm32cubeide/favorites.mcus.txt: 1 item(s)
2025-02-12 19:35:47,837 [INFO] ApiDb:427 - User favorites MCUs=[STM32F103C8T6]
2025-02-12 19:35:47,837 [INFO] DbMcus:224 - Set 1 / 1 favorites MCUs
2025-02-12 19:35:48,099 [INFO] ApiDb:668 - CubeFinder database Data Model version=2.1
2025-02-12 19:35:48,099 [INFO] ApiDb:669 - CubeFinder database Configuration version=3.0.39
2025-02-12 19:35:48,099 [INFO] ApiDb:670 - CubeFinder database generation date=2025-02-07 (1738919966)
2025-02-12 19:35:48,099 [INFO] ApiDb:671 - CubeFinder database FW Pack versions=[FP-ATR-ASTRA1_V2.0.0, FP-SNS-FLIGHT1_V5.0.2, FP-SNS-MOTENV1_V5.0.0, FP-SNS-MOTENVWB1_V1.4.0, FP-SNS-SMARTAG2_V1.2.0, FP-SNS-STBOX1_V2.0.0, STM32Cube_FW_C0_V1.3.0, STM32Cube_FW_F4_V1.28.1, STM32Cube_FW_F7_V1.17.2, STM32Cube_FW_G0_V1.6.2, STM32Cube_FW_G4_V1.6.1, STM32Cube_FW_H5_V1.4.0, STM32Cube_FW_H7RS_V1.1.0, STM32Cube_FW_H7_V1.12.0, STM32Cube_FW_L0_V1.12.2, STM32Cube_FW_L4_V1.18.1, STM32Cube_FW_L5_V1.5.1, STM32Cube_FW_N6_V1.0.0, STM32Cube_FW_U0_V1.2.0, STM32Cube_FW_U3_V1.0.0, STM32Cube_FW_U5_V1.7.0, STM32Cube_FW_WB0_V1.1.0, STM32Cube_FW_WBA_V1.5.0, STM32Cube_FW_WB_V1.21.0, STM32Cube_FW_WL3_V1.0.0, STM32Cube_FW_WL_V1.3.0, X-CUBE-ALGOBUILD_V1.4.0, X-CUBE-ALS_V1.0.2, X-CUBE-AZRTOS-F4_V1.1.0, X-CUBE-AZRTOS-F7_V1.1.0, X-CUBE-AZRTOS-G0_V1.1.0, X-CUBE-AZRTOS-G4_V2.0.0, X-CUBE-AZRTOS-H7RS_V1.0.0, X-CUBE-AZRTOS-H7_V3.3.0, X-CUBE-AZRTOS-L4_V2.0.0, X-CUBE-AZRTOS-L5_V2.0.0, X-CUBE-AZRTOS-WB_V2.0.0, X-CUBE-AZRTOS-WL_V2.0.0, X-CUBE-BLE1_V7.0.0, X-CUBE-BLE2_V3.3.0, X-CUBE-BLEMGR_V4.0.0, X-CUBE-EEPRMA1_V5.1.0, X-CUBE-FREERTOS_V1.2.0, X-CUBE-GNSS1_V6.0.0, X-CUBE-MEMS1_V11.1.0, X-CUBE-NFC4_V3.0.0, X-CUBE-NFC7_V1.0.1, X-CUBE-SFXS2LP1_V4.0.0, X-CUBE-SUBG2_V5.0.0, X-CUBE-TOF1_V3.4.2]
2025-02-12 19:35:48,133 [INFO] DbBoardsSqlite:226 - include board P-NUCLEO-WB55-NUCLEO as a kit item of type 'Nucleo-64'
2025-02-12 19:35:48,133 [INFO] DbBoardsSqlite:226 - include board P-NUCLEO-WB55-USBDONGLE as a kit item of type 'Nucleo USB Dongle'
2025-02-12 19:35:48,133 [INFO] DbBoardsSqlite:226 - include board STEVAL-IDP005V1 as a kit item of type 'Evaluation Board'
2025-02-12 19:35:48,134 [INFO] DbBoardsSqlite:226 - include board STEVAL-IDP005V2 as a kit item of type 'Evaluation Board'
2025-02-12 19:35:48,171 [INFO] ApiDb:240 - Found 858 in-development CPN: [B-G473E-ZEST1S, B-WB1M-WPAN1, B-WBA5M-WPAN, B-WL5M-SUBG1, NUCLEO-C031C6, NUCLEO-C051C8, NUCLEO-C071RB, NUCLEO-C092RC, NUCLEO-H503RB, NUCLEO-H533RE, NUCLEO-H563ZI, NUCLEO-H7S3L8, NUCLEO-N657X0-Q, NUCLEO-U031R8, NUCLEO-U083RC, NUCLEO-U385RG-Q, NUCLEO-U545RE-Q, NUCLEO-U5A5ZJ-Q, NUCLEO-WB05KZ, NUCLEO-WB07CC, NUCLEO-WB09KE, NUCLEO-WBA52CG, NUCLEO-WBA55CG, NUCLEO-WL33CC1, NUCLEO-WL33CC2, STEVAL-PROTEUS1, STEVAL-SMARTAG2, STEVAL-STWINBX1, STM320518-EVAL, STM32C0116-DK, STM32C011D6Y3TR, STM32C011D6Y6TR, STM32C011F4P3, STM32C011F4P6, STM32C011F4U3, STM32C011F4U6TR, STM32C011F6P3, STM32C011F6P6, STM32C011F6U3, STM32C011F6U6TR, STM32C011J4M3, STM32C011J4M6, STM32C011J6M3, STM32C011J6M6, STM32C0316-DK, STM32C031C4T3, STM32C031C4T6, STM32C031C4U3, STM32C031C4U6, STM32C031C6T3, STM32C031C6T6, STM32C031C6U3, STM32C031C6U6, STM32C031F4P3, STM32C031F4P6, STM32C031F6P3, STM32C031F6P6, STM32C031G4U3, STM32C031G4U6, STM32C031G6U3, STM32C031G6U6, STM32C031K4T3, STM32C031K4T6, STM32C031K4U3, STM32C031K4U6, STM32C031K6T3, STM32C031K6T6, STM32C031K6U3, STM32C031K6U6, STM32C051C6T6, STM32C051C6U6, STM32C051C8T6, STM32C051C8U6, STM32C051D8Y6TR, STM32C051F6P6, STM32C051F8P6, STM32C051G6U6, STM32C051G8U6, STM32C051K6T6, STM32C051K6U6, STM32C051K8T6, STM32C071C8T6, STM32C071C8T6N, STM32C071C8U6, STM32C071C8U6N, STM32C071CBT6, STM32C071CBT6N, STM32C071CBU6, STM32C071CBU6N, STM32C071F8P6, STM32C071F8P6N, STM32C071FBP6, STM32C071FBP6N, STM32C071FBY6TR, STM32C071G8U6, STM32C071G8U6N, STM32C071GBU6, STM32C071GBU6N, STM32C071K8T6, STM32C071K8T6N, STM32C071K8U6, STM32C071K8U6N, STM32C071KBT6, STM32C071KBT6N, STM32C071KBU6, STM32C071KBU6N, STM32C071R8T6, STM32C071R8T6N, STM32C071RBI6N, STM32C071RBT6, STM32C071RBT6N, STM32C091CBT6, STM32C091CBU6, STM32C091CCT6, STM32C091CCU6, STM32C091ECY6TR, STM32C091FBP6, STM32C091FCP6, STM32C091GBU6, STM32C091GCU6, STM32C091KBT6, STM32C091KBU6, STM32C091KCT6, STM32C091KCU6, STM32C091RBT6, STM32C091RCI6, STM32C091RCT6, STM32C092CBT6, STM32C092CBU6, STM32C092CCT6, STM32C092CCU6, STM32C092ECY6TR, STM32C092FBP6, STM32C092FCP6, STM32C092GBU6, STM32C092GCU6, STM32C092KBT6, STM32C092KBU6, STM32C092KCT6, STM32C092KCU6, STM32C092RBT6, STM32C092RCI6, STM32C092RCT6, STM32G071K8TXN, STM32G071K8UXN, STM32G081GBU6N, STM32G081KBT6N, STM32G081KBUXN, STM32G0B1CCT6N, STM32G0B1KCT6, STM32G0B1NEY6TR, STM32G0B1RCT6N, STM32G0C1CCT6, STM32G0C1CCT6N, STM32G0C1CCU6N, STM32G0C1CET6N, STM32G0C1CEU6N, STM32G0C1KCT6, STM32G0C1NEY6TR, STM32G0C1RCI6N, STM32G0C1RCT6N, STM32G0C1REI6N, STM32G0C1RET6N, STM32G0C1VCI6, STM32G0C1VEI6, STM32G411C6T3, STM32G411C6T6, STM32G411C6U3, STM32G411C6U6, STM32G411C8T3, STM32G411C8T6, STM32G411C8U3, STM32G411C8U6, STM32G411CBT3, STM32G411CBT6, STM32G411CBU3, STM32G411CBU6, STM32G411CCT3, STM32G411CCT6, STM32G411CCU3, STM32G411CCU6, STM32G411K6T3, STM32G411K6T6, STM32G411K6U3, STM32G411K6U6, STM32G411K8T3, STM32G411K8T6, STM32G411K8U3, STM32G411K8U6, STM32G411KBT3, STM32G411KBT6, STM32G411KBU3, STM32G411KBU6, STM32G411M6T3, STM32G411M6T6, STM32G411M8T3, STM32G411M8T6, STM32G411MBT3, STM32G411MBT6, STM32G411MCT3, STM32G411MCT6, STM32G411R6T3, STM32G411R6T6, STM32G411R8T3, STM32G411R8T6, STM32G411RBT3, STM32G411RBT6, STM32G411RCT3, STM32G411RCT6, STM32G414CBT3, STM32G414CBT6, STM32G414CBU3, STM32G414CBU6, STM32G414CCT3, STM32G414CCT6, STM32G414CCU3, STM32G414CCU6, STM32G414MBT3, STM32G414MBT6, STM32G414MCT3, STM32G414MCT6, STM32G414RBT3, STM32G414RBT6, STM32G414RCT3, STM32G414RCT6, STM32G414VBT3, STM32G414VBT6, STM32G414VCT3, STM32G414VCT6, STM32G431CBT3Z, STM32G431RBT3Z, STM32G471CCT6, STM32G471CCU6, STM32G471CET3, STM32G471CET6, STM32G471CEU3, STM32G471CEU6, STM32G471MCT6, STM32G471MET3, STM32G471MET6, STM32G471MEY6TR, STM32G471QCT6, STM32G471QET3, STM32G471RCT6, STM32G471RET3, STM32G471RET6, STM32G471VCH6, STM32G471VCI6, STM32G471VCT6, STM32G471VEH3, STM32G471VEH6, STM32G471VEI3, STM32G471VEI6, STM32G471VET3, STM32G471VET6, STM32G473QET3Z, STM32G473RET3Z, STM32G474CCT6, STM32G491RET3Z, STM32H503CBT6, STM32H503CBU6, STM32H503EBY6TR, STM32H503KBU6, STM32H503RBT6, STM32H523CCT6, STM32H523CCU6, STM32H523CET6, STM32H523CEU6, STM32H523HEY6TR, STM32H523RCT6, STM32H523RET6, STM32H523VCI6, STM32H523VCT6, STM32H523VEI6, STM32H523VET6, STM32H523ZCJ6, STM32H523ZCT6, STM32H523ZEJ6, STM32H523ZET6, STM32H533CET6, STM32H533CEU6, STM32H533HEY6TR, STM32H533RET6, STM32H533VEI6, STM32H533VET6, STM32H533ZEJ6, STM32H533ZET6, STM32H562AGI6, STM32H562AII6, STM32H562IGK6, STM32H562IGT6, STM32H562IIK6, STM32H562IIT6, STM32H562RGT6, STM32H562RGV6, STM32H562RIT6, STM32H562RIV6, STM32H562VGT6, STM32H562VIT6, STM32H562ZGT6, STM32H562ZIT6, STM32H563AGI6, STM32H563AII3Q, STM32H563AII6, STM32H563IGK6, STM32H563IGT6, STM32H563IIK3Q, STM32H563IIK6, STM32H563IIT3Q, STM32H563IIT6, STM32H563MIY3QTR, STM32H563RGT6, STM32H563RGV6, STM32H563RIT6, STM32H563RIV6, STM32H563VGT6, STM32H563VIT3Q, STM32H563VIT6, STM32H563ZGT6, STM32H563ZIT3Q, STM32H563ZIT6, STM32H573AII3Q, STM32H573AII6, STM32H573I-DK, STM32H573IIK3Q, STM32H573IIK6, STM32H573IIT3Q, STM32H573IIT6, STM32H573MIY3QTR, STM32H573RIT6, STM32H573RIV6, STM32H573VIT3Q, STM32H573VIT6, STM32H573ZIT3Q, STM32H573ZIT6, STM32H7R3A8I6, STM32H7R3I8K6, STM32H7R3I8T6, STM32H7R3L8H6, STM32H7R3L8H6H, STM32H7R3R8V6, STM32H7R3V8H6, STM32H7R3V8T6, STM32H7R3V8Y6TR, STM32H7R3Z8J6, STM32H7R3Z8T6, STM32H7R7A8I6, STM32H7R7I8K6, STM32H7R7I8T6, STM32H7R7L8H6, STM32H7R7L8H6H, STM32H7R7Z8J6, STM32H7S3A8I6, STM32H7S3I8K6, STM32H7S3I8T6, STM32H7S3L8H6, STM32H7S3L8H6H, STM32H7S3R8V6, STM32H7S3V8H6, STM32H7S3V8T6, STM32H7S3V8Y6TR, STM32H7S3Z8J6, STM32H7S3Z8T6, STM32H7S78-DK, STM32H7S7A8I6, STM32H7S7I8K6, STM32H7S7I8T6, STM32H7S7L8H6, STM32H7S7L8H6H, STM32H7S7Z8J6, STM32L4R5QGI6STR, STM32MP131AAE3, STM32MP131AAF3, STM32MP131AAG3, STM32MP131CAE3, STM32MP131CAF3, STM32MP131CAG3, STM32MP131DAE7, STM32MP131DAF7, STM32MP131DAG7, STM32MP131FAE7, STM32MP131FAF7, STM32MP131FAG7, STM32MP133AAE3, STM32MP133AAF3, STM32MP133AAG3, STM32MP133CAE3, STM32MP133CAF3, STM32MP133CAG3, STM32MP133DAE7, STM32MP133DAF7, STM32MP133DAG7, STM32MP133FAE7, STM32MP133FAF7, STM32MP133FAG7, STM32MP135AAE3, STM32MP135AAF3, STM32MP135AAG3, STM32MP135CAE3, STM32MP135CAF3, STM32MP135CAG3, STM32MP135DAE7, STM32MP135DAF7, STM32MP135DAG7, STM32MP135F-DK, STM32MP135FAE7, STM32MP135FAF7, STM32MP135FAF7T, STM32MP135FAF7U, STM32MP135FAG7, STM32MP231AAJ3, STM32MP231AAK3, STM32MP231AAL3, STM32MP231CAJ3, STM32MP231CAK3, STM32MP231CAL3, STM32MP231DAJ3, STM32MP231DAK3, STM32MP231DAL3, STM32MP231FAJ3, STM32MP231FAK3, STM32MP231FAL3, STM32MP233AAJ3, STM32MP233AAK3, STM32MP233AAL3, STM32MP233CAJ3, STM32MP233CAK3, STM32MP233CAL3, STM32MP233DAJ3, STM32MP233DAK3, STM32MP233DAL3, STM32MP233FAJ3, STM32MP233FAK3, STM32MP233FAL3, STM32MP235AAJ3, STM32MP235AAK3, STM32MP235AAL3, STM32MP235CAJ3, STM32MP235CAK3, STM32MP235CAL3, STM32MP235DAJ3, STM32MP235DAK3, STM32MP235DAL3, STM32MP235FAJ3, STM32MP235FAK3, STM32MP235FAL3, STM32MP251AAI3, STM32MP251AAJ3, STM32MP251AAK3, STM32MP251AAL3, STM32MP251CAI3, STM32MP251CAJ3, STM32MP251CAK3, STM32MP251CAL3, STM32MP251DAI3, STM32MP251DAJ3, STM32MP251DAK3, STM32MP251DAL3, STM32MP251FAI3, STM32MP251FAJ3, STM32MP251FAK3, STM32MP251FAL3, STM32MP253AAI3, STM32MP253AAJ3, STM32MP253AAK3, STM32MP253AAL3, STM32MP253CAI3, STM32MP253CAJ3, STM32MP253CAK3, STM32MP253CAL3, STM32MP253DAI3, STM32MP253DAJ3, STM32MP253DAK3, STM32MP253DAL3, STM32MP253FAI3, STM32MP253FAJ3, STM32MP253FAK3, STM32MP253FAL3, STM32MP255AAI3, STM32MP255AAJ3, STM32MP255AAK3, STM32MP255AAL3, STM32MP255CAI3, STM32MP255CAJ3, STM32MP255CAK3, STM32MP255CAL3, STM32MP255DAI3, STM32MP255DAJ3, STM32MP255DAK3, STM32MP255DAL3, STM32MP255FAI3, STM32MP255FAJ3, STM32MP255FAK3, STM32MP255FAL3, STM32MP257AAI3, STM32MP257AAJ3, STM32MP257AAK3, STM32MP257AAL3, STM32MP257CAI3, STM32MP257CAJ3, STM32MP257CAK3, STM32MP257CAL3, STM32MP257DAI3, STM32MP257DAJ3, STM32MP257DAK3, STM32MP257DAL3, STM32MP257F-DK, STM32MP257F-EV1, STM32MP257FAI3, STM32MP257FAJ3, STM32MP257FAK3, STM32MP257FAL3, STM32N645A0H3Q, STM32N645B0H3Q, STM32N645I0H3Q, STM32N645L0H3Q, STM32N645X0H3Q, STM32N645Z0H3Q, STM32N647A0H3Q, STM32N647B0H3Q, STM32N647I0H3Q, STM32N647L0H3Q, STM32N647X0H3Q, STM32N647Z0H3Q, STM32N655A0H3Q, STM32N655B0H3Q, STM32N655I0H3Q, STM32N655L0H3Q, STM32N655X0H3Q, STM32N655Z0H3Q, STM32N6570-DK, STM32N657A0H3Q, STM32N657B0H3Q, STM32N657I0H3Q, STM32N657L0H3Q, STM32N657X0H3Q, STM32N657Z0H3Q, STM32U031C6T6, STM32U031C6U6, STM32U031C8T6, STM32U031C8U6, STM32U031F4P6, STM32U031F6P6, STM32U031F8P6, STM32U031G6Y6TR, STM32U031G8Y6TR, STM32U031K4U6, STM32U031K6U6, STM32U031K8U6, STM32U031R6I6, STM32U031R6T6, STM32U031R8I6, STM32U031R8T6, STM32U073C8T6, STM32U073C8U6, STM32U073CBT6, STM32U073CBU6, STM32U073CCT6, STM32U073CCU6, STM32U073H8Y6TR, STM32U073HBY6TR, STM32U073HCY6TR, STM32U073K8U6, STM32U073KBU6, STM32U073KCU6, STM32U073M8I6, STM32U073M8T6, STM32U073MBI6, STM32U073MBT6, STM32U073MCI6, STM32U073MCT6, STM32U073R8I6, STM32U073R8T6, STM32U073RBI6, STM32U073RBT6, STM32U073RCI6, STM32U073RCT6, STM32U083C-DK, STM32U083CCT6, STM32U083CCU6, STM32U083HCY6TR, STM32U083KCU6, STM32U083MCI6, STM32U083MCT6, STM32U083RCI6, STM32U083RCT6, STM32U375CET6, STM32U375CET6Q, STM32U375CEU6, STM32U375CEU6Q, STM32U375CEY6QTR, STM32U375CGT6, STM32U375CGT6Q, STM32U375CGU6, STM32U375CGU6Q, STM32U375CGY6QTR, STM32U375KEU6, STM32U375KGU6, STM32U375REI6, STM32U375REI6Q, STM32U375RET6, STM32U375RET6Q, STM32U375REY6GTR, STM32U375REY6QTR, STM32U375RGI6, STM32U375RGI6Q, STM32U375RGT6, STM32U375RGT6Q, STM32U375RGY6GTR, STM32U375RGY6QTR, STM32U375VEI6, STM32U375VEI6Q, STM32U375VET6, STM32U375VET6Q, STM32U375VGI6, STM32U375VGI6Q, STM32U375VGT6, STM32U375VGT6Q, STM32U385CGT6, STM32U385CGT6Q, STM32U385CGU6, STM32U385CGU6Q, STM32U385CGY6QTR, STM32U385KGU6, STM32U385RGI6, STM32U385RGI6Q, STM32U385RGT6, STM32U385RGT6Q, STM32U385RGY6GTR, STM32U385RGY6QTR, STM32U385VGI6, STM32U385VGI6Q, STM32U385VGT6, STM32U385VGT6Q, STM32U535CBT6, STM32U535CBT6Q, STM32U535CBU6, STM32U535CBU6Q, STM32U535CCT6, STM32U535CCT6Q, STM32U535CCU6, STM32U535CCU6Q, STM32U535CET6, STM32U535CET6Q, STM32U535CEU6, STM32U535CEU6Q, STM32U535JEY6QTR, STM32U535NCY6QTR, STM32U535NEY6QTR, STM32U535RBI6, STM32U535RBI6Q, STM32U535RBT6, STM32U535RBT6Q, STM32U535RCI6, STM32U535RCI6Q, STM32U535RCT6, STM32U535RCT6Q, STM32U535REI6, STM32U535REI6Q, STM32U535RET6, STM32U535RET6Q, STM32U535VCI6, STM32U535VCI6Q, STM32U535VCT6, STM32U535VCT6Q, STM32U535VEI6, STM32U535VEI6Q, STM32U535VET6, STM32U535VET6Q, STM32U545CET6, STM32U545CET6Q, STM32U545CEU6, STM32U545CEU6Q, STM32U545JEY6QTR, STM32U545NEY6QTR, STM32U545REI6, STM32U545REI6Q, STM32U545RET6, STM32U545RET6Q, STM32U545VEI6, STM32U545VEI6Q, STM32U545VET6, STM32U545VET6Q, STM32U595AIH6, STM32U595AIH6Q, STM32U595AJH6, STM32U595AJH6Q, STM32U595QII6, STM32U595QII6Q, STM32U595QJI6, STM32U595QJI6Q, STM32U595RIT6, STM32U595RIT6Q, STM32U595RJT6, STM32U595RJT6Q, STM32U595VIT6, STM32U595VIT6Q, STM32U595VJT6, STM32U595VJT6Q, STM32U595ZIT6, STM32U595ZIT6Q, STM32U595ZIY6QTR, STM32U595ZJT6, STM32U595ZJT6Q, STM32U595ZJY6QTR, STM32U599BJY6QTR, STM32U599NIH6Q, STM32U599NJH6Q, STM32U599VIT6Q, STM32U599VJT6, STM32U599VJT6Q, STM32U599ZIT6Q, STM32U599ZIY6QTR, STM32U599ZJT6Q, STM32U599ZJY6QTR, STM32U5A5AJH6, STM32U5A5AJH6Q, STM32U5A5QII3Q , STM32U5A5QJI6, STM32U5A5QJI6Q, STM32U5A5RJT6, STM32U5A5RJT6Q, STM32U5A5VJT6, STM32U5A5VJT6Q, STM32U5A5ZJT6, STM32U5A5ZJT6Q, STM32U5A5ZJY6QTR, STM32U5A9BJY6QTR, STM32U5A9J-DK, STM32U5A9NJH6Q, STM32U5A9VJT6Q, STM32U5A9ZJT6Q, STM32U5A9ZJY6QTR, STM32U5F7VIT6, STM32U5F7VIT6Q, STM32U5F7VJT6, STM32U5F7VJT6Q, STM32U5F9BJY6QTR, STM32U5F9NJH6Q, STM32U5F9VIT6Q, STM32U5F9VJT6Q, STM32U5F9ZIJ6QTR, STM32U5F9ZIT6Q, STM32U5F9ZJJ6QTR, STM32U5F9ZJT6Q, STM32U5G7VJT6, STM32U5G7VJT6Q, STM32U5G9BJY6QTR, STM32U5G9J-DK1, STM32U5G9J-DK2, STM32U5G9NJH6Q, STM32U5G9VJT6Q, STM32U5G9ZJJ6QTR, STM32U5G9ZJT6Q, STM32WB05KZV6TR, STM32WB05KZV7TR, STM32WB05TZF6TR, STM32WB05TZF7TR, STM32WB06CCF6TR, STM32WB06CCF7TR, STM32WB06CCV6TR, STM32WB06CCV7TR, STM32WB06KCV6TR, STM32WB06KCV7TR, STM32WB07CCF6TR, STM32WB07CCF7TR, STM32WB07CCV6TR, STM32WB07CCV7TR, STM32WB07KCV6TR, STM32WB07KCV7TR, STM32WB09KEV6TR, STM32WB09KEV7TR, STM32WB09TEF6TR, STM32WB09TEF7TR, STM32WB1MMCH6, STM32WBA50KGU6, STM32WBA50KGU6TR, STM32WBA52CEU6, STM32WBA52CEU6TR, STM32WBA52CEU7, STM32WBA52CEU7TR, STM32WBA52CGU6, STM32WBA52CGU6TR, STM32WBA52CGU6U, STM32WBA52CGU7, STM32WBA52CGU7TR, STM32WBA52KEU6, STM32WBA52KEU6TR, STM32WBA52KGU6, STM32WBA52KGU6TR, STM32WBA54CEU6, STM32WBA54CEU6TR, STM32WBA54CEU7, STM32WBA54CEU7TR, STM32WBA54CGU6, STM32WBA54CGU6TR, STM32WBA54CGU7, STM32WBA54CGU7TR, STM32WBA54KEU6, STM32WBA54KEU6TR, STM32WBA54KEU7, STM32WBA54KEU7TR, STM32WBA54KGU6, STM32WBA54KGU6TR, STM32WBA54KGU7, STM32WBA54KGU7TR, STM32WBA55CEU6, STM32WBA55CEU6TR, STM32WBA55CEU7, STM32WBA55CEU7TR, STM32WBA55CGU6, STM32WBA55CGU6TR, STM32WBA55CGU6U, STM32WBA55CGU7, STM32WBA55CGU7TR, STM32WBA55G-DK1, STM32WBA55HEF6, STM32WBA55HEF7, STM32WBA55HGF6, STM32WBA55HGF7, STM32WBA55UEI6, STM32WBA55UEI6TR, STM32WBA55UEI7, STM32WBA55UEI7TR, STM32WBA55UGI6, STM32WBA55UGI6TR, STM32WBA55UGI7, STM32WBA55UGI7TR, STM32WBA5MJGH6TR, STM32WBA5MJGH6U, STM32WL33C8V6, STM32WL33C8V6TR, STM32WL33C8V7, STM32WL33C8V7TR, STM32WL33CBV6, STM32WL33CBV6TR, STM32WL33CBV7, STM32WL33CBV7TR, STM32WL33CCV6, STM32WL33CCV6TR, STM32WL33CCV7, STM32WL33CCV7A, STM32WL33CCV7ATR, STM32WL33CCV7TR, STM32WL33K8V6, STM32WL33K8V6TR, STM32WL33K8V7, STM32WL33K8V7TR, STM32WL33KBV6, STM32WL33KBV6TR, STM32WL33KBV7, STM32WL33KBV7TR, STM32WL33KCV6, STM32WL33KCV6TR, STM32WL33KCV7, STM32WL33KCV7TR, STM32WL5MOCH6, STM32WL5MOCH6TR]
2025-02-12 19:35:48,327 [INFO] BoardInfo:889 - No configuration file found for board P-NUCLEO-WB55
2025-02-12 19:35:48,328 [INFO] DbBoards:161 - Kit is not supported: P-NUCLEO-WB55
2025-02-12 19:35:48,333 [INFO] BoardInfo:889 - No configuration file found for board STEVAL-BFA001V1B
2025-02-12 19:35:48,334 [INFO] DbBoards:161 - Kit is not supported: STEVAL-BFA001V1B
2025-02-12 19:35:48,335 [INFO] BoardInfo:889 - No configuration file found for board STEVAL-BFA001V2B
2025-02-12 19:35:48,336 [INFO] DbBoards:161 - Kit is not supported: STEVAL-BFA001V2B
2025-02-12 19:35:48,497 [INFO] DbBoards:168 - Found 209 boards, 206 are supported
2025-02-12 19:35:48,497 [INFO] DbBoards:169 - Found 209 boards, 42 of them is supported for  Bsp
2025-02-12 19:35:48,499 [INFO] ApiDb:423 - Load user favorites file C:\Users\o1yus/.stm32cubeide/favorites.boards.txt: 0 item(s)
2025-02-12 19:35:48,499 [INFO] ApiDb:427 - User favorites Boards=[]
2025-02-12 19:35:48,499 [INFO] DbBoards:198 - Set 0 / 0 favorites Boards
2025-02-12 19:35:48,501 [INFO] ApiDb:668 - CubeFinder database Data Model version=2.1
2025-02-12 19:35:48,501 [INFO] ApiDb:669 - CubeFinder database Configuration version=3.0.39
2025-02-12 19:35:48,501 [INFO] ApiDb:670 - CubeFinder database generation date=2025-02-07 (1738919966)
2025-02-12 19:35:48,501 [INFO] ApiDb:671 - CubeFinder database FW Pack versions=[FP-ATR-ASTRA1_V2.0.0, FP-SNS-FLIGHT1_V5.0.2, FP-SNS-MOTENV1_V5.0.0, FP-SNS-MOTENVWB1_V1.4.0, FP-SNS-SMARTAG2_V1.2.0, FP-SNS-STBOX1_V2.0.0, STM32Cube_FW_C0_V1.3.0, STM32Cube_FW_F4_V1.28.1, STM32Cube_FW_F7_V1.17.2, STM32Cube_FW_G0_V1.6.2, STM32Cube_FW_G4_V1.6.1, STM32Cube_FW_H5_V1.4.0, STM32Cube_FW_H7RS_V1.1.0, STM32Cube_FW_H7_V1.12.0, STM32Cube_FW_L0_V1.12.2, STM32Cube_FW_L4_V1.18.1, STM32Cube_FW_L5_V1.5.1, STM32Cube_FW_N6_V1.0.0, STM32Cube_FW_U0_V1.2.0, STM32Cube_FW_U3_V1.0.0, STM32Cube_FW_U5_V1.7.0, STM32Cube_FW_WB0_V1.1.0, STM32Cube_FW_WBA_V1.5.0, STM32Cube_FW_WB_V1.21.0, STM32Cube_FW_WL3_V1.0.0, STM32Cube_FW_WL_V1.3.0, X-CUBE-ALGOBUILD_V1.4.0, X-CUBE-ALS_V1.0.2, X-CUBE-AZRTOS-F4_V1.1.0, X-CUBE-AZRTOS-F7_V1.1.0, X-CUBE-AZRTOS-G0_V1.1.0, X-CUBE-AZRTOS-G4_V2.0.0, X-CUBE-AZRTOS-H7RS_V1.0.0, X-CUBE-AZRTOS-H7_V3.3.0, X-CUBE-AZRTOS-L4_V2.0.0, X-CUBE-AZRTOS-L5_V2.0.0, X-CUBE-AZRTOS-WB_V2.0.0, X-CUBE-AZRTOS-WL_V2.0.0, X-CUBE-BLE1_V7.0.0, X-CUBE-BLE2_V3.3.0, X-CUBE-BLEMGR_V4.0.0, X-CUBE-EEPRMA1_V5.1.0, X-CUBE-FREERTOS_V1.2.0, X-CUBE-GNSS1_V6.0.0, X-CUBE-MEMS1_V11.1.0, X-CUBE-NFC4_V3.0.0, X-CUBE-NFC7_V1.0.1, X-CUBE-SFXS2LP1_V4.0.0, X-CUBE-SUBG2_V5.0.0, X-CUBE-TOF1_V3.4.2]
2025-02-12 19:35:48,839 [ERROR] LogOutputStream:75 - [STDERR_REDIRECT] [Fatal Error] :1:1: Premature end of file.
2025-02-12 19:35:48,840 [ERROR] LogOutputStream:75 - [STDERR_REDIRECT] 
2025-02-12 19:35:48,920 [ERROR] DbExamplesSqlite:437 - Missing JSON key: board_cpn
2025-02-12 19:35:48,920 [ERROR] DbExamplesSqlite:437 - Missing JSON key: board_cpn
2025-02-12 19:35:48,920 [ERROR] DbExamplesSqlite:437 - Missing JSON key: board_cpn
2025-02-12 19:35:48,920 [ERROR] DbExamplesSqlite:437 - Missing JSON key: board_cpn
2025-02-12 19:35:49,008 [ERROR] DbExamplesSqlite:437 - Missing JSON key: board_cpn
2025-02-12 19:35:49,008 [ERROR] DbExamplesSqlite:437 - Missing JSON key: board_cpn
2025-02-12 19:35:49,008 [ERROR] DbExamplesSqlite:437 - Missing JSON key: board_cpn
2025-02-12 19:35:49,008 [ERROR] DbExamplesSqlite:437 - Missing JSON key: board_cpn
2025-02-12 19:35:49,009 [ERROR] DbExamplesSqlite:437 - Missing JSON key: board_cpn
2025-02-12 19:35:49,009 [ERROR] DbExamplesSqlite:437 - Missing JSON key: board_cpn
2025-02-12 19:35:49,009 [ERROR] DbExamplesSqlite:437 - Missing JSON key: board_cpn
2025-02-12 19:35:49,009 [ERROR] DbExamplesSqlite:437 - Missing JSON key: board_cpn
2025-02-12 19:35:49,009 [ERROR] DbExamplesSqlite:437 - Missing JSON key: board_cpn
2025-02-12 19:35:49,029 [WARN] PackLoader:240 - Cannot read IP mode file for STMicroelectronics.FP-SNS-MOTENVWB1.1.4.0
2025-02-12 19:35:49,035 [WARN] PackLoader:240 - Cannot read IP mode file for STMicroelectronics.FP-ATR-ASTRA1.2.0.1
2025-02-12 19:35:49,048 [WARN] PackLoader:240 - Cannot read IP mode file for STMicroelectronics.X-CUBE-SMBUS.2.1.0
2025-02-12 19:35:49,062 [WARN] PackLoader:240 - Cannot read IP mode file for STMicroelectronics.X-CUBE-WB05N.1.1.0
2025-02-12 19:35:49,092 [WARN] PackLoader:240 - Cannot read IP mode file for STMicroelectronics.X-CUBE-AZRTOS-F7.1.1.0
2025-02-12 19:35:49,108 [ERROR] DbExamplesSqlite:437 - Missing JSON key: board_cpn
2025-02-12 19:35:49,108 [INFO] DbExamplesSqlite:395 - Ignored 77 examples not supported by CubeIDE
2025-02-12 19:35:49,108 [INFO] DbExamplesSqlite:396 - Found 10475 examples active
2025-02-12 19:35:49,108 [INFO] DbExamplesSqlite:397 - Found 0 examples obsolete
2025-02-12 19:35:49,108 [INFO] DbExamplesSqlite:398 - Found 0 examples under development
2025-02-12 19:35:49,109 [INFO] DbExamplesSqlite:399 - Found 43 examples not building
2025-02-12 19:35:49,110 [INFO] DbExamples:125 - Found 10441 examples
2025-02-12 19:35:49,122 [ERROR] DbExamples:208 - Found 3 examples with invalid data (board or MCU)
2025-02-12 19:35:49,123 [INFO] DbExamples:222 - Found 132 boards with related examples
2025-02-12 19:35:49,123 [INFO] DbExamples:235 - Found 109 MCUs with related examples
2025-02-12 19:35:49,133 [WARN] PackLoader:240 - Cannot read IP mode file for STMicroelectronics.X-CUBE-MEMS1.11.0.0
2025-02-12 19:35:49,138 [INFO] ApiDb:414 - User favorites file not found: C:\Users\o1yus/.stm32cubeide/favorites.examples.txt
2025-02-12 19:35:49,138 [INFO] DbExamples:250 - Set 0 / 0 favorites Examples
2025-02-12 19:35:49,234 [WARN] PackLoader:240 - Cannot read IP mode file for STMicroelectronics.FP-SNS-FLIGHT1.5.0.2
2025-02-12 19:35:49,294 [WARN] PackLoader:240 - Cannot read IP mode file for Infineon.AIROC-Wi-Fi-Bluetooth-STM32.1.7.0
2025-02-12 19:35:49,321 [WARN] PackLoader:240 - Cannot read IP mode file for STMicroelectronics.X-CUBE-DISPLAY.3.0.0
2025-02-12 19:35:49,335 [WARN] PackLoader:240 - Cannot read IP mode file for STMicroelectronics.X-CUBE-BLE1.7.0.0
2025-02-12 19:35:49,346 [WARN] PackLoader:240 - Cannot read IP mode file for STMicroelectronics.X-CUBE-NFC10.1.0.0
2025-02-12 19:35:49,361 [WARN] PackLoader:240 - Cannot read IP mode file for STMicroelectronics.X-CUBE-BLEMGR.4.0.0
2025-02-12 19:35:49,376 [WARN] PackLoader:240 - Cannot read IP mode file for emotas.I-CUBE-CANOPEN.1.3.0
2025-02-12 19:35:49,379 [WARN] PackLoader:240 - Cannot read IP mode file for STMicroelectronics.X-CUBE-AI.10.0.0
2025-02-12 19:35:49,394 [WARN] PackLoader:240 - Cannot read IP mode file for STMicroelectronics.FP-SNS-SMARTAG2.1.2.0
2025-02-12 19:35:49,429 [WARN] PackLoader:240 - Cannot read IP mode file for STMicroelectronics.X-CUBE-MEMS1.11.1.0
2025-02-12 19:35:49,504 [INFO] LogOutputStream:77 - [STDOUT_REDIRECT] 1 : Invalid condition id : UX_CORESTACK_Condition cause : null
2025-02-12 19:35:49,505 [INFO] LogOutputStream:77 - [STDOUT_REDIRECT] 1 : Invalid condition id : UX_CORESTACK_Condition cause : null
2025-02-12 19:35:49,507 [INFO] LogOutputStream:77 - [STDOUT_REDIRECT] 1 : Invalid condition id : UX_CORESTACK_Condition cause : null
2025-02-12 19:35:49,508 [INFO] LogOutputStream:77 - [STDOUT_REDIRECT] 1 : Invalid condition id : UX_CORESTACK_Condition cause : null
2025-02-12 19:35:49,509 [INFO] LogOutputStream:77 - [STDOUT_REDIRECT] 1 : Invalid condition id : UX_CORESTACK_Condition cause : null
2025-02-12 19:35:49,510 [WARN] PackLoader:240 - Cannot read IP mode file for STMicroelectronics.X-CUBE-AZRTOS-WL.2.0.0
2025-02-12 19:35:49,519 [INFO] McuFinderGlobals:76 - Set McuFinderConnectedMode to true
2025-02-12 19:35:49,523 [WARN] PackLoader:240 - Cannot read IP mode file for STMicroelectronics.FP-SNS-MOTENV1.5.0.0
2025-02-12 19:35:49,527 [WARN] PackLoader:240 - Cannot read IP mode file for wolfSSL.I-CUBE-wolfMQTT.1.19.0
2025-02-12 19:35:49,527 [INFO] MultiScanPanel:200 - Auto-refresh data requested => check proxy status ongoing
2025-02-12 19:35:49,534 [INFO] FinderPluginLoader:95 - Searching for filters in installed packs
2025-02-12 19:35:49,539 [WARN] PackLoader:240 - Cannot read IP mode file for WES.I-CUBE-Cesium.1.3.0
2025-02-12 19:35:49,550 [WARN] PackLoader:240 - Cannot read IP mode file for STMicroelectronics.X-CUBE-BLE2.3.3.0
2025-02-12 19:35:49,563 [WARN] PackLoader:240 - Cannot read IP mode file for STMicroelectronics.X-CUBE-NFC9.1.0.0
2025-02-12 19:35:49,583 [WARN] PackLoader:240 - Cannot read IP mode file for STMicroelectronics.X-CUBE-AZRTOS-G0.1.1.0
2025-02-12 19:35:49,597 [WARN] PackLoader:240 - Cannot read IP mode file for STMicroelectronics.X-CUBE-SAFEA1.1.2.2
2025-02-12 19:35:49,609 [WARN] PackLoader:240 - Cannot read IP mode file for STMicroelectronics.X-CUBE-NFC4.3.0.0
2025-02-12 19:35:49,622 [WARN] PackLoader:240 - Cannot read IP mode file for EmbeddedOffice.I-CUBE-FS-RTOS.1.0.1
2025-02-12 19:35:49,635 [WARN] PackLoader:240 - Cannot read IP mode file for STMicroelectronics.X-CUBE-TCPP.4.2.0
2025-02-12 19:35:49,647 [WARN] PackLoader:240 - Cannot read IP mode file for RealThread.X-CUBE-RT-Thread_Nano.4.1.1
2025-02-12 19:35:49,651 [WARN] PackLoader:240 - Cannot read IP mode file for STMicroelectronics.FP-ATR-SIGFOX1.3.2.0
2025-02-12 19:35:49,654 [WARN] ConditionMgr:438 - getConditionDescription Invalid condition id : Cortex-A Device cause : null
2025-02-12 19:35:49,680 [WARN] ConditionMgr:1044 - genDependencies : Invalid condition id : Cortex-A Device cause : null
2025-02-12 19:35:49,680 [WARN] ConditionMgr:1044 - genDependencies : Invalid condition id : Cortex-A Device cause : null
2025-02-12 19:35:49,680 [WARN] ConditionMgr:1044 - genDependencies : Invalid condition id : Cortex-A Device cause : null
2025-02-12 19:35:49,691 [WARN] PackLoader:240 - Cannot read IP mode file for STMicroelectronics.X-CUBE-EEPRMA1.5.1.0
2025-02-12 19:35:49,702 [WARN] PackLoader:240 - Cannot read IP mode file for wolfSSL.I-CUBE-wolfSSL.5.7.4
2025-02-12 19:35:49,715 [WARN] PackLoader:240 - Cannot read IP mode file for ITTIA_DB.I-CUBE-ITTIADB.8.9.0
2025-02-12 19:35:49,737 [WARN] PackLoader:240 - Cannot read IP mode file for SEGGER.I-CUBE-embOS.1.3.1
2025-02-12 19:35:49,769 [WARN] PackLoader:240 - Cannot read IP mode file for STMicroelectronics.X-CUBE-ALGOBUILD.1.4.0
2025-02-12 19:35:49,779 [WARN] PackLoader:240 - Cannot read IP mode file for STMicroelectronics.X-CUBE-AI.9.1.0
2025-02-12 19:35:49,798 [WARN] PackLoader:240 - Cannot read IP mode file for STMicroelectronics.X-CUBE-AZRTOS-F4.1.1.0
2025-02-12 19:35:49,811 [WARN] PackLoader:240 - Cannot read IP mode file for STMicroelectronics.X-CUBE-ISPU.2.1.0
2025-02-12 19:35:49,836 [WARN] PackLoader:240 - Cannot read IP mode file for STMicroelectronics.X-CUBE-AZRTOS-L5.2.0.0
2025-02-12 19:35:49,839 [ERROR] LogOutputStream:75 - [STDERR_REDIRECT] [Fatal Error] :1:1: Premature end of file.
2025-02-12 19:35:49,840 [ERROR] LogOutputStream:75 - [STDERR_REDIRECT] 
2025-02-12 19:35:49,851 [WARN] PackLoader:240 - Cannot read IP mode file for STMicroelectronics.X-CUBE-NFC6.3.1.0
2025-02-12 19:35:49,863 [WARN] PackLoader:240 - Cannot read IP mode file for STMicroelectronics.X-CUBE-DPower.1.2.0
2025-02-12 19:35:49,874 [WARN] PackLoader:240 - Cannot read IP mode file for STMicroelectronics.X-CUBE-FREERTOS.1.3.0
2025-02-12 19:35:49,886 [WARN] PackLoader:240 - Cannot read IP mode file for STMicroelectronics.X-CUBE-NFC7.1.0.1
2025-02-12 19:35:49,906 [WARN] ConditionMgr:438 - getConditionDescription Invalid condition id : LAN8742 Phy interface Condition cause : null
2025-02-12 19:35:49,906 [WARN] PackLoader:240 - Cannot read IP mode file for STMicroelectronics.X-CUBE-AZRTOS-L4.2.0.0
2025-02-12 19:35:49,907 [WARN] ConditionMgr:1044 - genDependencies : Invalid condition id : LAN8742 Phy interface Condition cause : null
2025-02-12 19:35:49,907 [WARN] ConditionMgr:1044 - genDependencies : Invalid condition id : LAN8742 Phy interface Condition cause : null
2025-02-12 19:35:49,907 [WARN] ConditionMgr:1044 - genDependencies : Invalid condition id : LAN8742 Phy interface Condition cause : null
2025-02-12 19:35:49,920 [WARN] PackLoader:240 - Cannot read IP mode file for STMicroelectronics.X-CUBE-SFXS2LP1.4.0.0
2025-02-12 19:35:49,943 [WARN] PackLoader:240 - Cannot read IP mode file for STMicroelectronics.X-CUBE-AZRTOS-H7.3.3.0
2025-02-12 19:35:49,959 [WARN] PackLoader:240 - Cannot read IP mode file for STMicroelectronics.X-CUBE-IPS.3.0.0
2025-02-12 19:35:49,978 [WARN] ConditionMgr:438 - getConditionDescription Invalid condition id : UX DEVICE CLASS RTOS Condition cause : null
2025-02-12 19:35:49,979 [WARN] ConditionMgr:438 - getConditionDescription Invalid condition id : UX DEVICE CLASS RTOS Condition cause : null
2025-02-12 19:35:49,979 [WARN] PackLoader:240 - Cannot read IP mode file for STMicroelectronics.X-CUBE-AZRTOS-WB.2.0.0
2025-02-12 19:35:49,981 [WARN] ConditionMgr:1044 - genDependencies : Invalid condition id : UX DEVICE CLASS RTOS Condition cause : null
2025-02-12 19:35:49,981 [WARN] ConditionMgr:1044 - genDependencies : Invalid condition id : UX DEVICE CLASS RTOS Condition cause : null
2025-02-12 19:35:49,981 [WARN] ConditionMgr:1044 - genDependencies : Invalid condition id : UX DEVICE CLASS RTOS Condition cause : null
2025-02-12 19:35:49,981 [WARN] ConditionMgr:1044 - genDependencies : Invalid condition id : UX DEVICE CLASS RTOS Condition cause : null
2025-02-12 19:35:49,981 [WARN] ConditionMgr:1044 - genDependencies : Invalid condition id : UX DEVICE CLASS RTOS Condition cause : null
2025-02-12 19:35:49,993 [WARN] PackLoader:240 - Cannot read IP mode file for STMicroelectronics.X-CUBE-GNSS1.7.0.0
2025-02-12 19:35:50,004 [WARN] PackLoader:240 - Cannot read IP mode file for STMicroelectronics.X-CUBE-GNSS1.7.0.1
2025-02-12 19:35:50,020 [WARN] PackLoader:240 - Cannot read IP mode file for STMicroelectronics.FP-SNS-STBOX1.2.0.0
2025-02-12 19:35:50,038 [WARN] PackLoader:240 - Cannot read IP mode file for STMicroelectronics.X-CUBE-SUBG2.5.0.0
2025-02-12 19:35:50,045 [WARN] PackLoader:240 - Cannot read IP mode file for Cesanta.I-CUBE-Mongoose.7.13.0
2025-02-12 19:35:50,066 [WARN] PackLoader:240 - Cannot read IP mode file for STMicroelectronics.X-CUBE-AZRTOS-G4.2.0.0
2025-02-12 19:35:50,082 [WARN] PackLoader:240 - Cannot read IP mode file for STMicroelectronics.X-CUBE-IPS.3.1.0
2025-02-12 19:35:50,095 [WARN] PackLoader:240 - Cannot read IP mode file for STMicroelectronics.X-CUBE-ALS.1.0.2
2025-02-12 19:35:50,109 [WARN] PackLoader:240 - Cannot read IP mode file for STMicroelectronics.X-CUBE-TOUCHGFX.4.24.2
2025-02-12 19:35:50,121 [WARN] PackLoader:240 - Cannot read IP mode file for STMicroelectronics.X-CUBE-TOUCHGFX.4.24.1
2025-02-12 19:35:50,124 [WARN] PackLoader:240 - Cannot read IP mode file for wolfSSL.I-CUBE-wolfTPM.3.4.0
2025-02-12 19:35:50,135 [WARN] PackLoader:240 - Cannot read IP mode file for portGmbH.I-Cube-SoM-uGOAL.1.1.0
2025-02-12 19:35:50,155 [WARN] PackLoader:240 - Cannot read IP mode file for STMicroelectronics.X-CUBE-AZRTOS-H7RS.1.0.0
2025-02-12 19:35:50,171 [WARN] PackLoader:240 - Cannot read IP mode file for STMicroelectronics.X-CUBE-TOF1.3.4.2
2025-02-12 19:35:50,180 [WARN] PackLoader:240 - Cannot read IP mode file for wolfSSL.I-CUBE-wolfSSH.1.4.17
2025-02-12 19:35:50,180 [INFO] ThirdParty:978 - Integrity check success = true
2025-02-12 19:35:50,180 [INFO] IntegrityCheckThread:100 - exiting critical section [integrity check]
2025-02-12 19:35:50,180 [INFO] IntegrityCheckThread:103 - End integrity checks thread
2025-02-12 19:35:50,832 [ERROR] LogOutputStream:75 - [STDERR_REDIRECT] [Fatal Error] :1:1: Premature end of file.
2025-02-12 19:35:50,832 [ERROR] LogOutputStream:75 - [STDERR_REDIRECT] 
2025-02-12 19:35:50,919 [INFO] LoadUrlFilesThread:185 - End of LoadServerUrlFiles without Thread
2025-02-12 19:35:50,954 [INFO] DetailPanel:341 - Set advertising image to C:/Users/o1yus/STM32Cube/Repository/\en.prom-stm32n6-mcu-finder.png
2025-02-12 19:35:51,841 [ERROR] LogOutputStream:75 - [STDERR_REDIRECT] [Fatal Error] :1:1: Premature end of file.
2025-02-12 19:35:51,842 [ERROR] LogOutputStream:75 - [STDERR_REDIRECT] 
2025-02-12 19:35:52,830 [ERROR] LogOutputStream:75 - [STDERR_REDIRECT] [Fatal Error] :1:1: Premature end of file.
2025-02-12 19:35:52,830 [ERROR] LogOutputStream:75 - [STDERR_REDIRECT] 
2025-02-12 19:35:53,832 [ERROR] LogOutputStream:75 - [STDERR_REDIRECT] [Fatal Error] :1:1: Premature end of file.
2025-02-12 19:35:53,832 [ERROR] LogOutputStream:75 - [STDERR_REDIRECT] 
2025-02-12 19:35:54,830 [ERROR] LogOutputStream:75 - [STDERR_REDIRECT] [Fatal Error] :1:1: Premature end of file.
2025-02-12 19:35:54,830 [ERROR] LogOutputStream:75 - [STDERR_REDIRECT] 
2025-02-12 19:35:55,829 [ERROR] LogOutputStream:75 - [STDERR_REDIRECT] [Fatal Error] :1:1: Premature end of file.
2025-02-12 19:35:55,829 [ERROR] LogOutputStream:75 - [STDERR_REDIRECT] 
2025-02-12 19:35:56,830 [ERROR] LogOutputStream:75 - [STDERR_REDIRECT] [Fatal Error] :1:1: Premature end of file.
2025-02-12 19:35:56,830 [ERROR] LogOutputStream:75 - [STDERR_REDIRECT] 
2025-02-12 19:35:57,831 [ERROR] LogOutputStream:75 - [STDERR_REDIRECT] [Fatal Error] :1:1: Premature end of file.
2025-02-12 19:35:57,831 [ERROR] LogOutputStream:75 - [STDERR_REDIRECT] 
2025-02-12 19:35:58,833 [ERROR] LogOutputStream:75 - [STDERR_REDIRECT] [Fatal Error] :1:1: Premature end of file.
2025-02-12 19:35:58,835 [ERROR] LogOutputStream:75 - [STDERR_REDIRECT] 
2025-02-12 19:35:59,837 [ERROR] LogOutputStream:75 - [STDERR_REDIRECT] [Fatal Error] :1:1: Premature end of file.
2025-02-12 19:35:59,837 [ERROR] LogOutputStream:75 - [STDERR_REDIRECT] 
2025-02-12 19:36:00,832 [ERROR] LogOutputStream:75 - [STDERR_REDIRECT] [Fatal Error] :1:1: Premature end of file.
2025-02-12 19:36:00,832 [ERROR] LogOutputStream:75 - [STDERR_REDIRECT] 
2025-02-12 19:36:01,847 [ERROR] LogOutputStream:75 - [STDERR_REDIRECT] [Fatal Error] :1:1: Premature end of file.
2025-02-12 19:36:01,848 [ERROR] LogOutputStream:75 - [STDERR_REDIRECT] 
2025-02-12 19:36:02,153 [INFO] MainUpdater:2872 - connection check result : 10
2025-02-12 19:36:02,153 [INFO] MainUpdater:2872 - connection check result : 10
2025-02-12 19:36:02,177 [INFO] MicroXplorer:468 - Change Database Path : 
2025-02-12 19:36:02,178 [INFO] MicroXplorer:498 - Change Database Version : DB.6.0.130
2025-02-12 19:36:02,182 [WARN] ThirdParty:871 - waiting for thirdparty lock release [close project]
2025-02-12 19:36:02,182 [INFO] ThirdParty:873 - entering critical section [close project]
2025-02-12 19:36:02,183 [INFO] ThirdParty:883 - exiting critical section [close project]
2025-02-12 19:36:02,187 [INFO] PinOutPanel:1589 - setPackage(No Configuration,No Configuration)
2025-02-12 19:36:02,202 [INFO] UtilMem:75 - Begin LoadConfig() Used Memory: 449383064 Bytes (505413632)
2025-02-12 19:36:02,203 [INFO] MicroXplorer:468 - Change Database Path : 
2025-02-12 19:36:02,203 [INFO] MicroXplorer:498 - Change Database Version : DB.6.0.130
2025-02-12 19:36:02,204 [INFO] OpenFileManager:332 - Change cursor
2025-02-12 19:36:02,313 [INFO] Mcu:2035 - Initializing MCU STM32F103C8Tx STM32F103C8Tx STM32F103C8T6
2025-02-12 19:36:02,837 [ERROR] LogOutputStream:75 - [STDERR_REDIRECT] [Fatal Error] :1:1: Premature end of file.
2025-02-12 19:36:02,838 [ERROR] LogOutputStream:75 - [STDERR_REDIRECT] 
2025-02-12 19:36:03,472 [INFO] Context:748 - Trying to add GPIOservice into a context  which must be forbidden
2025-02-12 19:36:03,634 [INFO] ImportTextPane:218 - (OptionalMessage_ERROR) Unable to find key (Mcu.ThirdPartyNb) in loaded IOC file
2025-02-12 19:36:03,634 [INFO] ImportTextPane:218 - (OptionalMessage_ERROR) Unable to find key (Mcu.PinsNb) in loaded IOC file
2025-02-12 19:36:03,634 [INFO] ImportTextPane:218 - (OptionalMessage_ERROR) Unable to find key (Mcu.IPNb) in loaded IOC file
2025-02-12 19:36:03,763 [INFO] RtosManager:555 - Registered RTOS mode: class=CMSIS, group=RTOS, mode=CMSIS_V1, owner=FREERTOS
2025-02-12 19:36:03,763 [INFO] RtosManager:555 - Registered RTOS mode: class=CMSIS, group=RTOS2, mode=CMSIS_V2, owner=FREERTOS
2025-02-12 19:36:03,763 [INFO] RtosManager:555 - Registered RTOS mode: class=RTOS, group=Core, mode=CMSIS_V1, owner=FREERTOS
2025-02-12 19:36:03,763 [INFO] RtosManager:555 - Registered RTOS mode: class=RTOS, group=Core, mode=CMSIS_V2, owner=FREERTOS
2025-02-12 19:36:03,763 [WARN] ModelIntegratedComponent:184 - Missing modes for component STMicroelectronics:FreeRTOS:0.0.1:STMicroelectronics:RTOS:FreeRTOS:Core:::10.2.0:
2025-02-12 19:36:03,779 [WARN] ModelIntegratedComponent:63 - No mode defined for component null
2025-02-12 19:36:03,779 [WARN] ModelIntegratedComponent:63 - No mode defined for component null
2025-02-12 19:36:03,779 [WARN] ModelIntegratedComponent:63 - No mode defined for component null
2025-02-12 19:36:03,779 [WARN] ModelIntegratedComponent:63 - No mode defined for component null
2025-02-12 19:36:03,779 [WARN] ModelIntegratedComponent:63 - No mode defined for component null
2025-02-12 19:36:03,780 [WARN] ModelIntegratedComponent:63 - No mode defined for component null
2025-02-12 19:36:03,780 [WARN] ModelIntegratedComponent:63 - No mode defined for component null
2025-02-12 19:36:03,780 [WARN] ModelIntegratedComponent:63 - No mode defined for component null
2025-02-12 19:36:03,780 [WARN] ModelIntegratedComponent:63 - No mode defined for component null
2025-02-12 19:36:03,780 [WARN] ModelIntegratedComponent:63 - No mode defined for component null
2025-02-12 19:36:03,780 [WARN] ModelIntegratedComponent:63 - No mode defined for component null
2025-02-12 19:36:03,780 [WARN] ModelIntegratedComponent:63 - No mode defined for component null
2025-02-12 19:36:03,780 [WARN] ModelIntegratedComponent:63 - No mode defined for component null
2025-02-12 19:36:03,780 [WARN] ModelIntegratedComponent:63 - No mode defined for component null
2025-02-12 19:36:03,780 [WARN] ModelIntegratedComponent:63 - No mode defined for component null
2025-02-12 19:36:03,780 [WARN] ModelIntegratedComponent:63 - No mode defined for component null
2025-02-12 19:36:03,780 [WARN] ModelIntegratedComponent:63 - No mode defined for component null
2025-02-12 19:36:03,780 [WARN] ModelIntegratedComponent:63 - No mode defined for component null
2025-02-12 19:36:03,780 [WARN] ModelIntegratedComponent:63 - No mode defined for component null
2025-02-12 19:36:03,780 [WARN] ModelIntegratedComponent:63 - No mode defined for component null
2025-02-12 19:36:03,780 [WARN] ModelIntegratedComponent:63 - No mode defined for component null
2025-02-12 19:36:03,780 [WARN] ModelIntegratedComponent:63 - No mode defined for component null
2025-02-12 19:36:03,780 [WARN] ModelIntegratedComponent:63 - No mode defined for component null
2025-02-12 19:36:03,780 [WARN] ModelIntegratedComponent:63 - No mode defined for component null
2025-02-12 19:36:03,780 [WARN] ModelIntegratedComponent:63 - No mode defined for component null
2025-02-12 19:36:03,780 [WARN] ModelIntegratedComponent:63 - No mode defined for component null
2025-02-12 19:36:03,780 [WARN] ModelIntegratedComponent:63 - No mode defined for component null
2025-02-12 19:36:03,780 [WARN] ModelIntegratedComponent:63 - No mode defined for component null
2025-02-12 19:36:03,780 [WARN] ModelIntegratedComponent:63 - No mode defined for component null
2025-02-12 19:36:03,780 [WARN] ModelIntegratedComponent:63 - No mode defined for component null
2025-02-12 19:36:03,780 [WARN] ModelIntegratedComponent:63 - No mode defined for component null
2025-02-12 19:36:03,780 [WARN] ModelIntegratedComponent:63 - No mode defined for component null
2025-02-12 19:36:03,780 [WARN] ModelIntegratedComponent:63 - No mode defined for component null
2025-02-12 19:36:03,780 [WARN] ModelIntegratedComponent:63 - No mode defined for component null
2025-02-12 19:36:03,780 [WARN] ModelIntegratedComponent:63 - No mode defined for component null
2025-02-12 19:36:03,780 [WARN] ModelPack:524 - Component already loaded: STMicroelectronics:HAL Drivers:0.0.0:STMicroelectronics:Device:STMicro_Driver:XSPI:HAL::0.0.1:HAL_XSPI
2025-02-12 19:36:03,836 [ERROR] LogOutputStream:75 - [STDERR_REDIRECT] [Fatal Error] :1:1: Premature end of file.
2025-02-12 19:36:03,837 [ERROR] LogOutputStream:75 - [STDERR_REDIRECT] 
2025-02-12 19:36:03,859 [INFO] ThirdPartyModel:298 - Start build external matchings
2025-02-12 19:36:04,281 [INFO] ThirdPartyModel:316 - End build external matchings
2025-02-12 19:36:04,468 [INFO] UtilMem:75 - End LoadConfig() Used Memory: 344844128 Bytes (560988160)
2025-02-12 19:36:04,491 [WARN] ThirdParty:833 - waiting for thirdparty lock release [change project]
2025-02-12 19:36:04,491 [INFO] ThirdParty:835 - entering critical section [change project]
2025-02-12 19:36:04,491 [INFO] ThirdParty:1030 - CMSIS Pack Vendor :STMicroelectronics USBPD 4.1
2025-02-12 19:36:04,491 [INFO] ThirdParty:1030 - CMSIS Pack Vendor :STMicroelectronics X-CUBE-AZRTOS-H7 3.3.0
2025-02-12 19:36:04,491 [INFO] ThirdParty:1030 - CMSIS Pack Vendor :STMicroelectronics X-CUBE-NFC9 1.0.0
2025-02-12 19:36:04,491 [INFO] ThirdParty:1030 - CMSIS Pack Vendor :STMicroelectronics USB_HOST 2.0.0
2025-02-12 19:36:04,491 [INFO] ThirdParty:1030 - CMSIS Pack Vendor :STMicroelectronics FP-SNS-MOTENVWB1 1.4.0
2025-02-12 19:36:04,491 [INFO] ThirdParty:1030 - CMSIS Pack Vendor :STMicroelectronics X-CUBE-AZRTOS-F4 1.1.0
2025-02-12 19:36:04,491 [INFO] ThirdParty:1030 - CMSIS Pack Vendor :STMicroelectronics LIBJPEG 8.0.0
2025-02-12 19:36:04,491 [INFO] ThirdParty:1030 - CMSIS Pack Vendor :STMicroelectronics FP-ATR-ASTRA1 2.0.1
2025-02-12 19:36:04,491 [INFO] ThirdParty:1030 - CMSIS Pack Vendor :STMicroelectronics X-CUBE-SMBUS 2.1.0
2025-02-12 19:36:04,491 [INFO] ThirdParty:1030 - CMSIS Pack Vendor :STMicroelectronics X-CUBE-WB05N 1.1.0
2025-02-12 19:36:04,491 [INFO] ThirdParty:1030 - CMSIS Pack Vendor :STMicroelectronics USB_DEVICE 3.0.0
2025-02-12 19:36:04,491 [INFO] ThirdParty:1030 - CMSIS Pack Vendor :STMicroelectronics X-CUBE-ISPU 2.1.0
2025-02-12 19:36:04,491 [INFO] ThirdParty:1030 - CMSIS Pack Vendor :STMicroelectronics X-CUBE-IPS 3.0.0
2025-02-12 19:36:04,492 [INFO] ThirdParty:1030 - CMSIS Pack Vendor :STMicroelectronics X-CUBE-AZRTOS-WB 2.0.0
2025-02-12 19:36:04,492 [INFO] ThirdParty:1030 - CMSIS Pack Vendor :STMicroelectronics X-CUBE-GNSS1 7.0.0
2025-02-12 19:36:04,492 [INFO] ThirdParty:1030 - CMSIS Pack Vendor :STMicroelectronics X-CUBE-GNSS1 7.0.1
2025-02-12 19:36:04,492 [INFO] ThirdParty:1030 - CMSIS Pack Vendor :STMicroelectronics X-CUBE-AZRTOS-F7 1.1.0
2025-02-12 19:36:04,492 [INFO] ThirdParty:1030 - CMSIS Pack Vendor :STMicroelectronics X-CUBE-AZRTOS-L5 2.0.0
2025-02-12 19:36:04,492 [INFO] ThirdParty:1030 - CMSIS Pack Vendor :STMicroelectronics USB_DEVICE 2.0.0
2025-02-12 19:36:04,492 [INFO] ThirdParty:1030 - CMSIS Pack Vendor :STMicroelectronics X-CUBE-NFC6 3.1.0
2025-02-12 19:36:04,492 [INFO] ThirdParty:1030 - CMSIS Pack Vendor :STMicroelectronics FP-SNS-STBOX1 2.0.0
2025-02-12 19:36:04,492 [INFO] ThirdParty:1030 - CMSIS Pack Vendor :STMicroelectronics X-CUBE-MEMS1 11.0.0
2025-02-12 19:36:04,492 [INFO] ThirdParty:1030 - CMSIS Pack Vendor :STMicroelectronics FreeRTOS 0.0.1
2025-02-12 19:36:04,492 [INFO] ThirdParty:1030 - CMSIS Pack Vendor :STMicroelectronics X-CUBE-AZRTOS-G0 1.1.0
2025-02-12 19:36:04,492 [INFO] ThirdParty:1030 - CMSIS Pack Vendor :STMicroelectronics X-CUBE-SAFEA1 1.2.2
2025-02-12 19:36:04,492 [INFO] ThirdParty:1030 - CMSIS Pack Vendor :STMicroelectronics X-CUBE-NFC4 3.0.0
2025-02-12 19:36:04,492 [INFO] ThirdParty:1030 - CMSIS Pack Vendor :STMicroelectronics X-CUBE-DPower 1.2.0
2025-02-12 19:36:04,492 [INFO] ThirdParty:1030 - CMSIS Pack Vendor :STMicroelectronics X-CUBE-SUBG2 5.0.0
2025-02-12 19:36:04,492 [INFO] ThirdParty:1030 - CMSIS Pack Vendor :STMicroelectronics STM32_WPAN 1.0.0
2025-02-12 19:36:04,492 [INFO] ThirdParty:1030 - CMSIS Pack Vendor :EmbeddedOffice I-CUBE-FS-RTOS 1.0.1
2025-02-12 19:36:04,492 [INFO] ThirdParty:1030 - CMSIS Pack Vendor :STMicroelectronics lwIP 2.0.3
2025-02-12 19:36:04,492 [INFO] ThirdParty:1030 - CMSIS Pack Vendor :STMicroelectronics FP-SNS-FLIGHT1 5.0.2
2025-02-12 19:36:04,492 [INFO] ThirdParty:1030 - CMSIS Pack Vendor :Cesanta I-CUBE-Mongoose 7.13.0
2025-02-12 19:36:04,492 [INFO] ThirdParty:1030 - CMSIS Pack Vendor :STMicroelectronics USB_HOST 1.0.0
2025-02-12 19:36:04,492 [INFO] ThirdParty:1030 - CMSIS Pack Vendor :Infineon AIROC-Wi-Fi-Bluetooth-STM32 1.7.0
2025-02-12 19:36:04,492 [INFO] ThirdParty:1030 - CMSIS Pack Vendor :STMicroelectronics X-CUBE-AZRTOS-G4 2.0.0
2025-02-12 19:36:04,492 [INFO] ThirdParty:1030 - CMSIS Pack Vendor :STMicroelectronics PDM2PCM 3.1.0
2025-02-12 19:36:04,492 [INFO] ThirdParty:1030 - CMSIS Pack Vendor :STMicroelectronics PDM2PCM 3.3.0
2025-02-12 19:36:04,492 [INFO] ThirdParty:1030 - CMSIS Pack Vendor :STMicroelectronics X-CUBE-DISPLAY 3.0.0
2025-02-12 19:36:04,492 [INFO] ThirdParty:1030 - CMSIS Pack Vendor :STMicroelectronics X-CUBE-TCPP 4.2.0
2025-02-12 19:36:04,492 [INFO] ThirdParty:1030 - CMSIS Pack Vendor :RealThread X-CUBE-RT-Thread_Nano 4.1.1
2025-02-12 19:36:04,492 [INFO] ThirdParty:1030 - CMSIS Pack Vendor :STMicroelectronics X-CUBE-BLE1 7.0.0
2025-02-12 19:36:04,492 [INFO] ThirdParty:1030 - CMSIS Pack Vendor :STMicroelectronics FP-ATR-SIGFOX1 3.2.0
2025-02-12 19:36:04,493 [INFO] ThirdParty:1030 - CMSIS Pack Vendor :STMicroelectronics X-CUBE-NFC10 1.0.0
2025-02-12 19:36:04,493 [INFO] ThirdParty:1030 - CMSIS Pack Vendor :quantropi X-CUBE-qispace-sdk-base 1.9.3
2025-02-12 19:36:04,493 [INFO] ThirdParty:1030 - CMSIS Pack Vendor :STMicroelectronics X-CUBE-BLEMGR 4.0.0
2025-02-12 19:36:04,493 [INFO] ThirdParty:1030 - CMSIS Pack Vendor :STMicroelectronics X-CUBE-EEPRMA1 5.1.0
2025-02-12 19:36:04,493 [INFO] ThirdParty:1030 - CMSIS Pack Vendor :STMicroelectronics HAL Drivers 0.0.0
2025-02-12 19:36:04,493 [INFO] ThirdParty:1030 - CMSIS Pack Vendor :STMicroelectronics MBEDTLS 2.16.2
2025-02-12 19:36:04,493 [INFO] ThirdParty:1030 - CMSIS Pack Vendor :STMicroelectronics X-CUBE-IPS 3.1.0
2025-02-12 19:36:04,493 [INFO] ThirdParty:1030 - CMSIS Pack Vendor :STMicroelectronics X-CUBE-ALS 1.0.2
2025-02-12 19:36:04,493 [INFO] ThirdParty:1030 - CMSIS Pack Vendor :emotas I-CUBE-CANOPEN 1.3.0
2025-02-12 19:36:04,493 [INFO] ThirdParty:1030 - CMSIS Pack Vendor :STMicroelectronics X-CUBE-FREERTOS 1.3.0
2025-02-12 19:36:04,493 [INFO] ThirdParty:1030 - CMSIS Pack Vendor :wolfSSL I-CUBE-wolfSSL 5.7.4
2025-02-12 19:36:04,493 [INFO] ThirdParty:1030 - CMSIS Pack Vendor :STMicroelectronics X-CUBE-NFC7 1.0.1
2025-02-12 19:36:04,493 [INFO] ThirdParty:1030 - CMSIS Pack Vendor :STMicroelectronics MBEDTLS 2.14.1
2025-02-12 19:36:04,493 [INFO] ThirdParty:1030 - CMSIS Pack Vendor :ITTIA_DB I-CUBE-ITTIADB 8.9.0
2025-02-12 19:36:04,493 [INFO] ThirdParty:1030 - CMSIS Pack Vendor :STMicroelectronics X-CUBE-TOUCHGFX 4.24.2
2025-02-12 19:36:04,493 [INFO] ThirdParty:1030 - CMSIS Pack Vendor :STMicroelectronics X-CUBE-TOUCHGFX 4.24.1
2025-02-12 19:36:04,493 [INFO] ThirdParty:1030 - CMSIS Pack Vendor :wolfSSL I-CUBE-wolfTPM 3.4.0
2025-02-12 19:36:04,493 [INFO] ThirdParty:1030 - CMSIS Pack Vendor :portGmbH I-Cube-SoM-uGOAL 1.1.0
2025-02-12 19:36:04,493 [INFO] ThirdParty:1030 - CMSIS Pack Vendor :STMicroelectronics X-CUBE-AI 10.0.0
2025-02-12 19:36:04,493 [INFO] ThirdParty:1030 - CMSIS Pack Vendor :STMicroelectronics ThreadX 1.0.0
2025-02-12 19:36:04,493 [INFO] ThirdParty:1030 - CMSIS Pack Vendor :STMicroelectronics FP-SNS-SMARTAG2 1.2.0
2025-02-12 19:36:04,493 [INFO] ThirdParty:1030 - CMSIS Pack Vendor :STMicroelectronics X-CUBE-MEMS1 11.1.0
2025-02-12 19:36:04,493 [INFO] ThirdParty:1030 - CMSIS Pack Vendor :STMicroelectronics X-CUBE-AZRTOS-WL 2.0.0
2025-02-12 19:36:04,493 [INFO] ThirdParty:1030 - CMSIS Pack Vendor :SEGGER I-CUBE-embOS 1.3.1
2025-02-12 19:36:04,493 [INFO] ThirdParty:1030 - CMSIS Pack Vendor :STMicroelectronics X-CUBE-ALGOBUILD 1.4.0
2025-02-12 19:36:04,493 [INFO] ThirdParty:1030 - CMSIS Pack Vendor :STMicroelectronics FP-SNS-MOTENV1 5.0.0
2025-02-12 19:36:04,493 [INFO] ThirdParty:1030 - CMSIS Pack Vendor :STMicroelectronics USB_DEVICE 1.0.0
2025-02-12 19:36:04,493 [INFO] ThirdParty:1030 - CMSIS Pack Vendor :STMicroelectronics X-CUBE-AZRTOS-H7RS 1.0.0
2025-02-12 19:36:04,493 [INFO] ThirdParty:1030 - CMSIS Pack Vendor :wolfSSL I-CUBE-wolfMQTT 1.19.0
2025-02-12 19:36:04,493 [INFO] ThirdParty:1030 - CMSIS Pack Vendor :STMicroelectronics X-CUBE-AZRTOS-L4 2.0.0
2025-02-12 19:36:04,493 [INFO] ThirdParty:1030 - CMSIS Pack Vendor :STMicroelectronics ThreadX 0.0.2
2025-02-12 19:36:04,493 [INFO] ThirdParty:1030 - CMSIS Pack Vendor :WES I-CUBE-Cesium 1.3.0
2025-02-12 19:36:04,493 [INFO] ThirdParty:1030 - CMSIS Pack Vendor :STMicroelectronics lwIP 2.1.2
2025-02-12 19:36:04,493 [INFO] ThirdParty:1030 - CMSIS Pack Vendor :STMicroelectronics X-CUBE-SFXS2LP1 4.0.0
2025-02-12 19:36:04,493 [INFO] ThirdParty:1030 - CMSIS Pack Vendor :STMicroelectronics X-CUBE-BLE2 3.3.0
2025-02-12 19:36:04,494 [INFO] ThirdParty:1030 - CMSIS Pack Vendor :STMicroelectronics X-CUBE-TOF1 3.4.2
2025-02-12 19:36:04,494 [INFO] ThirdParty:1030 - CMSIS Pack Vendor :STMicroelectronics X-CUBE-AI 9.1.0
2025-02-12 19:36:04,494 [INFO] ThirdParty:1030 - CMSIS Pack Vendor :STMicroelectronics PDM2PCM 3.2.0
2025-02-12 19:36:04,494 [INFO] ThirdParty:1030 - CMSIS Pack Vendor :wolfSSL I-CUBE-wolfSSH 1.4.17
2025-02-12 19:36:04,494 [INFO] ThirdParty:841 - exiting critical section [change project]
2025-02-12 19:36:04,648 [INFO] PinOutPanel:1589 - setPackage(No Configuration,No Configuration)
2025-02-12 19:36:04,649 [INFO] PinOutPanel:1589 - setPackage(STM32F103C8Tx,LQFP48)
2025-02-12 19:36:04,840 [ERROR] LogOutputStream:75 - [STDERR_REDIRECT] [Fatal Error] :1:1: Premature end of file.
2025-02-12 19:36:04,841 [ERROR] LogOutputStream:75 - [STDERR_REDIRECT] 
2025-02-12 19:36:05,034 [INFO] UtilMem:75 - Before build in PCC Used Memory: 521950032 Bytes (560988160)
2025-02-12 19:36:05,831 [ERROR] LogOutputStream:75 - [STDERR_REDIRECT] [Fatal Error] :1:1: Premature end of file.
2025-02-12 19:36:05,831 [ERROR] LogOutputStream:75 - [STDERR_REDIRECT] 
2025-02-12 19:36:05,880 [INFO] UtilMem:75 - After build in PCC Used Memory: 356323624 Bytes (596639744)
2025-02-12 19:36:05,901 [INFO] IPUIPlugin:80 - create IPUIPlugin
2025-02-12 19:36:05,901 [INFO] IPUIPlugin:80 - create IPUIPlugin
2025-02-12 19:36:05,901 [INFO] IPUIPlugin:80 - create IPUIPlugin
2025-02-12 19:36:05,901 [INFO] IPUIPlugin:80 - create IPUIPlugin
2025-02-12 19:36:05,902 [INFO] IPUIPlugin:80 - create IPUIPlugin
2025-02-12 19:36:05,902 [INFO] IPUIPlugin:80 - create IPUIPlugin
2025-02-12 19:36:05,902 [INFO] IPUIPlugin:80 - create IPUIPlugin
2025-02-12 19:36:05,902 [INFO] IPUIPlugin:80 - create IPUIPlugin
2025-02-12 19:36:05,902 [INFO] IPUIPlugin:80 - create IPUIPlugin
2025-02-12 19:36:05,902 [INFO] IPUIPlugin:80 - create IPUIPlugin
2025-02-12 19:36:05,902 [INFO] IPUIPlugin:80 - create IPUIPlugin
2025-02-12 19:36:05,902 [INFO] IPUIPlugin:80 - create IPUIPlugin
2025-02-12 19:36:05,902 [INFO] IPUIPlugin:80 - create IPUIPlugin
2025-02-12 19:36:05,902 [INFO] IPUIPlugin:80 - create IPUIPlugin
2025-02-12 19:36:05,902 [INFO] IPUIPlugin:80 - create IPUIPlugin
2025-02-12 19:36:05,903 [INFO] IPUIPlugin:80 - create IPUIPlugin
2025-02-12 19:36:05,903 [INFO] IPUIPlugin:80 - create IPUIPlugin
2025-02-12 19:36:05,903 [INFO] IPUIPlugin:80 - create IPUIPlugin
2025-02-12 19:36:05,903 [INFO] IPUIPlugin:80 - create IPUIPlugin
2025-02-12 19:36:05,903 [INFO] IPUIPlugin:80 - create IPUIPlugin
2025-02-12 19:36:05,903 [INFO] IPUIPlugin:80 - create IPUIPlugin
2025-02-12 19:36:05,903 [INFO] IPUIPlugin:80 - create IPUIPlugin
2025-02-12 19:36:05,903 [INFO] IPUIPlugin:80 - create IPUIPlugin
2025-02-12 19:36:05,904 [INFO] IPUIPlugin:80 - create IPUIPlugin
2025-02-12 19:36:05,904 [INFO] IPUIPlugin:80 - create IPUIPlugin
2025-02-12 19:36:05,904 [INFO] IPUIPlugin:80 - create IPUIPlugin
2025-02-12 19:36:05,904 [INFO] IPUIPlugin:80 - create IPUIPlugin
2025-02-12 19:36:06,060 [INFO] CADModel:165 - CPN selected for project levelSTM32F103C8T6
2025-02-12 19:36:06,060 [INFO] CADModel:114 - Register for checkConnection events
2025-02-12 19:36:06,105 [INFO] OpenFileManager:363 - Restore cursor
2025-02-12 19:36:06,834 [ERROR] LogOutputStream:75 - [STDERR_REDIRECT] [Fatal Error] :1:1: Premature end of file.
2025-02-12 19:36:06,835 [ERROR] LogOutputStream:75 - [STDERR_REDIRECT] 
2025-02-12 19:36:07,583 [INFO] UtilMem:75 - End SaveConfig() Used Memory: 318325416 Bytes (653262848)
2025-02-12 19:36:07,616 [INFO] UtilMem:75 - End SaveConfig() Used Memory: 333531816 Bytes (653262848)
2025-02-12 19:36:07,832 [ERROR] LogOutputStream:75 - [STDERR_REDIRECT] [Fatal Error] :1:1: Premature end of file.
2025-02-12 19:36:07,833 [ERROR] LogOutputStream:75 - [STDERR_REDIRECT] 
2025-02-12 19:36:07,931 [INFO] BlockDiagram:2766 - set Specific Code input for plugin: NVIC
2025-02-12 19:36:07,931 [INFO] BlockDiagram:2766 - set Specific Code input for plugin: RCC
2025-02-12 19:36:07,932 [INFO] CodeGenerator:896 - code generatio: config db path: C:\ST\STM32CubeIDE_1.17.0\STM32CubeIDE\plugins\com.st.stm32cube.common.mx_6.13.0.202411220809\\db\
2025-02-12 19:36:08,050 [INFO] CodeEngine:255 - oldGeneratedFile, C:\Users\o1yus\OneDrive\Desktop\Workspace\uart\MXTmpFiles\license.tmp_save
2025-02-12 19:36:08,314 [INFO] CodeEngine:279 - Generated code: C:\Users\o1yus\OneDrive\Desktop\Workspace\uart\MXTmpFiles\license.tmp
2025-02-12 19:36:08,336 [INFO] CodeEngine:255 - oldGeneratedFile, C:\Users\o1yus\OneDrive\Desktop\Workspace\uart\Core\Src\stm32f1xx_it.c_save
2025-02-12 19:36:08,490 [INFO] CodeEngine:279 - Generated code: C:\Users\o1yus\OneDrive\Desktop\Workspace\uart\Core\Src\stm32f1xx_it.c
2025-02-12 19:36:08,502 [INFO] CodeEngine:255 - oldGeneratedFile, C:\Users\o1yus\OneDrive\Desktop\Workspace\uart\Core\Inc\stm32f1xx_it.h_save
2025-02-12 19:36:08,596 [INFO] CodeEngine:279 - Generated code: C:\Users\o1yus\OneDrive\Desktop\Workspace\uart\Core\Inc\stm32f1xx_it.h
2025-02-12 19:36:08,832 [ERROR] LogOutputStream:75 - [STDERR_REDIRECT] [Fatal Error] :1:1: Premature end of file.
2025-02-12 19:36:08,832 [ERROR] LogOutputStream:75 - [STDERR_REDIRECT] 
2025-02-12 19:36:08,935 [INFO] CodeEngine:255 - oldGeneratedFile, C:\Users\o1yus\OneDrive\Desktop\Workspace\uart\Core\Src\stm32f1xx_hal_msp.c_save
2025-02-12 19:36:09,053 [INFO] CodeEngine:279 - Generated code: C:\Users\o1yus\OneDrive\Desktop\Workspace\uart\Core\Src\stm32f1xx_hal_msp.c
2025-02-12 19:36:09,063 [INFO] CodeEngine:255 - oldGeneratedFile, C:\Users\o1yus\OneDrive\Desktop\Workspace\uart\MXTmpFiles\system.tmp_save
2025-02-12 19:36:09,146 [INFO] CodeEngine:279 - Generated code: C:\Users\o1yus\OneDrive\Desktop\Workspace\uart\MXTmpFiles\system.tmp
2025-02-12 19:36:09,164 [INFO] CodeEngine:311 - oldGeneratedFile, C:\Users\o1yus\OneDrive\Desktop\Workspace\uart\Core\Inc\stm32f1xx_hal_conf.h_save
2025-02-12 19:36:09,243 [INFO] CodeEngine:335 - Generated code: C:\Users\o1yus\OneDrive\Desktop\Workspace\uart\Core\Inc\stm32f1xx_hal_conf.h
2025-02-12 19:36:09,288 [INFO] ApiDbMcu:508 - Load IP Config File for RCC
2025-02-12 19:36:09,304 [INFO] CodeEngine:255 - oldGeneratedFile, C:\Users\o1yus\OneDrive\Desktop\Workspace\uart\Core\Inc\main.h_save
2025-02-12 19:36:09,396 [INFO] CodeEngine:279 - Generated code: C:\Users\o1yus\OneDrive\Desktop\Workspace\uart\Core\Inc\main.h
2025-02-12 19:36:09,407 [INFO] CodeEngine:255 - oldGeneratedFile, C:\Users\o1yus\OneDrive\Desktop\Workspace\uart\Core\Src\main.c_save
2025-02-12 19:36:09,566 [INFO] CodeEngine:279 - Generated code: C:\Users\o1yus\OneDrive\Desktop\Workspace\uart\Core\Src\main.c
2025-02-12 19:36:09,800 [INFO] ProjectBuilder:3289 - Time for Copy HAL[1] : 97mS.
2025-02-12 19:36:09,805 [INFO] ProjectBuilder:4876 - Project Generator version: 4.5.0-RC5
2025-02-12 19:36:09,832 [ERROR] LogOutputStream:75 - [STDERR_REDIRECT] [Fatal Error] :1:1: Premature end of file.
2025-02-12 19:36:09,833 [ERROR] LogOutputStream:75 - [STDERR_REDIRECT] 
2025-02-12 19:36:09,858 [INFO] ConfigFileManager:1579 - The Die is : DIE410
2025-02-12 19:36:09,873 [INFO] ApiDbMcu:508 - Load IP Config File for FATFS
2025-02-12 19:36:09,886 [INFO] ApiDbMcu:508 - Load IP Config File for FREERTOS
2025-02-12 19:36:09,899 [INFO] ApiDbMcu:508 - Load IP Config File for USB_DEVICE
2025-02-12 19:36:10,538 [INFO] LogOutputStream:77 - [STDOUT_REDIRECT] 
2025-02-12 19:36:10,835 [ERROR] LogOutputStream:75 - [STDERR_REDIRECT] [Fatal Error] :1:1: Premature end of file.
2025-02-12 19:36:10,835 [ERROR] LogOutputStream:75 - [STDERR_REDIRECT] 
2025-02-12 19:36:11,834 [ERROR] LogOutputStream:75 - [STDERR_REDIRECT] [Fatal Error] :1:1: Premature end of file.
2025-02-12 19:36:11,835 [ERROR] LogOutputStream:75 - [STDERR_REDIRECT] 
2025-02-12 19:36:12,834 [ERROR] LogOutputStream:75 - [STDERR_REDIRECT] [Fatal Error] :1:1: Premature end of file.
2025-02-12 19:36:12,835 [ERROR] LogOutputStream:75 - [STDERR_REDIRECT] 
2025-02-12 19:36:12,987 [INFO] ProjectBuilder:5154 - Time for Generating toolchain IDE Files: 3182mS.
2025-02-12 19:36:12,988 [INFO] ProjectBuilder:3146 - Time for Copy CMSIS : 0mS.
2025-02-12 19:36:12,990 [INFO] ProjectBuilder:3146 - Time for Copy CMSIS : 0mS.
2025-02-12 19:36:13,620 [INFO] McuFinderGlobals:76 - Set McuFinderConnectedMode to true
2025-02-12 19:36:13,622 [INFO] ApiDb:448 - Save user favorites file C:\Users\o1yus/.stm32cubeide/favorites.mcus.txt: 1 item(s)
2025-02-12 19:36:13,623 [INFO] ApiDb:452 - User favorites MCUs=[STM32F103C8T6]
2025-02-12 19:36:13,835 [ERROR] LogOutputStream:75 - [STDERR_REDIRECT] [Fatal Error] :1:1: Premature end of file.
2025-02-12 19:36:13,836 [ERROR] LogOutputStream:75 - [STDERR_REDIRECT] 
2025-02-12 19:36:14,838 [ERROR] LogOutputStream:75 - [STDERR_REDIRECT] [Fatal Error] :1:1: Premature end of file.
2025-02-12 19:36:14,839 [ERROR] LogOutputStream:75 - [STDERR_REDIRECT] 
2025-02-12 19:36:15,844 [ERROR] LogOutputStream:75 - [STDERR_REDIRECT] [Fatal Error] :1:1: Premature end of file.
2025-02-12 19:36:15,845 [ERROR] LogOutputStream:75 - [STDERR_REDIRECT] 
2025-02-12 19:36:16,830 [ERROR] LogOutputStream:75 - [STDERR_REDIRECT] [Fatal Error] :1:1: Premature end of file.
2025-02-12 19:36:16,830 [ERROR] LogOutputStream:75 - [STDERR_REDIRECT] 
2025-02-12 19:36:17,831 [ERROR] LogOutputStream:75 - [STDERR_REDIRECT] [Fatal Error] :1:1: Premature end of file.
2025-02-12 19:36:17,832 [ERROR] LogOutputStream:75 - [STDERR_REDIRECT] 
2025-02-12 19:36:18,836 [ERROR] LogOutputStream:75 - [STDERR_REDIRECT] [Fatal Error] :1:1: Premature end of file.
2025-02-12 19:36:18,837 [ERROR] LogOutputStream:75 - [STDERR_REDIRECT] 
2025-02-12 19:36:19,835 [ERROR] LogOutputStream:75 - [STDERR_REDIRECT] [Fatal Error] :1:1: Premature end of file.
2025-02-12 19:36:19,835 [ERROR] LogOutputStream:75 - [STDERR_REDIRECT] 
2025-02-12 19:36:20,832 [ERROR] LogOutputStream:75 - [STDERR_REDIRECT] [Fatal Error] :1:1: Premature end of file.
2025-02-12 19:36:20,832 [ERROR] LogOutputStream:75 - [STDERR_REDIRECT] 
2025-02-12 19:36:21,829 [ERROR] LogOutputStream:75 - [STDERR_REDIRECT] [Fatal Error] :1:1: Premature end of file.
2025-02-12 19:36:21,829 [ERROR] LogOutputStream:75 - [STDERR_REDIRECT] 
2025-02-12 19:36:22,832 [ERROR] LogOutputStream:75 - [STDERR_REDIRECT] [Fatal Error] :1:1: Premature end of file.
2025-02-12 19:36:22,832 [ERROR] LogOutputStream:75 - [STDERR_REDIRECT] 
2025-02-12 19:36:23,831 [ERROR] LogOutputStream:75 - [STDERR_REDIRECT] [Fatal Error] :1:1: Premature end of file.
2025-02-12 19:36:23,831 [ERROR] LogOutputStream:75 - [STDERR_REDIRECT] 
2025-02-12 19:36:24,830 [ERROR] LogOutputStream:75 - [STDERR_REDIRECT] [Fatal Error] :1:1: Premature end of file.
2025-02-12 19:36:24,831 [ERROR] LogOutputStream:75 - [STDERR_REDIRECT] 
2025-02-12 19:36:25,830 [ERROR] LogOutputStream:75 - [STDERR_REDIRECT] [Fatal Error] :1:1: Premature end of file.
2025-02-12 19:36:25,830 [ERROR] LogOutputStream:75 - [STDERR_REDIRECT] 
2025-02-12 19:36:26,830 [ERROR] LogOutputStream:75 - [STDERR_REDIRECT] [Fatal Error] :1:1: Premature end of file.
2025-02-12 19:36:26,831 [ERROR] LogOutputStream:75 - [STDERR_REDIRECT] 
2025-02-12 19:36:27,831 [ERROR] LogOutputStream:75 - [STDERR_REDIRECT] [Fatal Error] :1:1: Premature end of file.
2025-02-12 19:36:27,831 [ERROR] LogOutputStream:75 - [STDERR_REDIRECT] 
2025-02-12 19:36:28,833 [ERROR] LogOutputStream:75 - [STDERR_REDIRECT] [Fatal Error] :1:1: Premature end of file.
2025-02-12 19:36:28,833 [ERROR] LogOutputStream:75 - [STDERR_REDIRECT] 
2025-02-12 19:36:29,837 [ERROR] LogOutputStream:75 - [STDERR_REDIRECT] [Fatal Error] :1:1: Premature end of file.
2025-02-12 19:36:29,837 [ERROR] LogOutputStream:75 - [STDERR_REDIRECT] 
2025-02-12 19:36:30,830 [ERROR] LogOutputStream:75 - [STDERR_REDIRECT] [Fatal Error] :1:1: Premature end of file.
2025-02-12 19:36:30,831 [ERROR] LogOutputStream:75 - [STDERR_REDIRECT] 
2025-02-12 19:36:31,838 [ERROR] LogOutputStream:75 - [STDERR_REDIRECT] [Fatal Error] :1:1: Premature end of file.
2025-02-12 19:36:31,839 [ERROR] LogOutputStream:75 - [STDERR_REDIRECT] 
2025-02-12 19:36:32,829 [ERROR] LogOutputStream:75 - [STDERR_REDIRECT] [Fatal Error] :1:1: Premature end of file.
2025-02-12 19:36:32,829 [ERROR] LogOutputStream:75 - [STDERR_REDIRECT] 
2025-02-12 19:36:33,830 [ERROR] LogOutputStream:75 - [STDERR_REDIRECT] [Fatal Error] :1:1: Premature end of file.
2025-02-12 19:36:33,830 [ERROR] LogOutputStream:75 - [STDERR_REDIRECT] 
2025-02-12 19:36:34,831 [ERROR] LogOutputStream:75 - [STDERR_REDIRECT] [Fatal Error] :1:1: Premature end of file.
2025-02-12 19:36:34,831 [ERROR] LogOutputStream:75 - [STDERR_REDIRECT] 
2025-02-12 19:36:35,829 [ERROR] LogOutputStream:75 - [STDERR_REDIRECT] [Fatal Error] :1:1: Premature end of file.
2025-02-12 19:36:35,830 [ERROR] LogOutputStream:75 - [STDERR_REDIRECT] 
2025-02-12 19:36:36,829 [ERROR] LogOutputStream:75 - [STDERR_REDIRECT] [Fatal Error] :1:1: Premature end of file.
2025-02-12 19:36:36,829 [ERROR] LogOutputStream:75 - [STDERR_REDIRECT] 
2025-02-12 19:36:37,832 [ERROR] LogOutputStream:75 - [STDERR_REDIRECT] [Fatal Error] :1:1: Premature end of file.
2025-02-12 19:36:37,832 [ERROR] LogOutputStream:75 - [STDERR_REDIRECT] 
2025-02-12 19:36:38,830 [ERROR] LogOutputStream:75 - [STDERR_REDIRECT] [Fatal Error] :1:1: Premature end of file.
2025-02-12 19:36:38,830 [ERROR] LogOutputStream:75 - [STDERR_REDIRECT] 
2025-02-12 19:36:39,834 [ERROR] LogOutputStream:75 - [STDERR_REDIRECT] [Fatal Error] :1:1: Premature end of file.
2025-02-12 19:36:39,834 [ERROR] LogOutputStream:75 - [STDERR_REDIRECT] 
2025-02-12 19:36:40,832 [ERROR] LogOutputStream:75 - [STDERR_REDIRECT] [Fatal Error] :1:1: Premature end of file.
2025-02-12 19:36:40,833 [ERROR] LogOutputStream:75 - [STDERR_REDIRECT] 
2025-02-12 19:36:41,829 [ERROR] LogOutputStream:75 - [STDERR_REDIRECT] [Fatal Error] :1:1: Premature end of file.
2025-02-12 19:36:41,829 [ERROR] LogOutputStream:75 - [STDERR_REDIRECT] 
2025-02-12 19:36:42,830 [ERROR] LogOutputStream:75 - [STDERR_REDIRECT] [Fatal Error] :1:1: Premature end of file.
2025-02-12 19:36:42,830 [ERROR] LogOutputStream:75 - [STDERR_REDIRECT] 
2025-02-12 19:36:43,829 [ERROR] LogOutputStream:75 - [STDERR_REDIRECT] [Fatal Error] :1:1: Premature end of file.
2025-02-12 19:36:43,829 [ERROR] LogOutputStream:75 - [STDERR_REDIRECT] 
2025-02-12 19:36:44,828 [ERROR] LogOutputStream:75 - [STDERR_REDIRECT] [Fatal Error] :1:1: Premature end of file.
2025-02-12 19:36:44,829 [ERROR] LogOutputStream:75 - [STDERR_REDIRECT] 
2025-02-12 19:36:45,828 [ERROR] LogOutputStream:75 - [STDERR_REDIRECT] [Fatal Error] :1:1: Premature end of file.
2025-02-12 19:36:45,828 [ERROR] LogOutputStream:75 - [STDERR_REDIRECT] 
2025-02-12 19:36:46,833 [ERROR] LogOutputStream:75 - [STDERR_REDIRECT] [Fatal Error] :1:1: Premature end of file.
2025-02-12 19:36:46,834 [ERROR] LogOutputStream:75 - [STDERR_REDIRECT] 
2025-02-12 19:36:47,831 [ERROR] LogOutputStream:75 - [STDERR_REDIRECT] [Fatal Error] :1:1: Premature end of file.
2025-02-12 19:36:47,831 [ERROR] LogOutputStream:75 - [STDERR_REDIRECT] 
2025-02-12 19:36:48,830 [ERROR] LogOutputStream:75 - [STDERR_REDIRECT] [Fatal Error] :1:1: Premature end of file.
2025-02-12 19:36:48,831 [ERROR] LogOutputStream:75 - [STDERR_REDIRECT] 
2025-02-12 19:36:49,831 [ERROR] LogOutputStream:75 - [STDERR_REDIRECT] [Fatal Error] :1:1: Premature end of file.
2025-02-12 19:36:49,831 [ERROR] LogOutputStream:75 - [STDERR_REDIRECT] 
2025-02-12 19:36:50,830 [ERROR] LogOutputStream:75 - [STDERR_REDIRECT] [Fatal Error] :1:1: Premature end of file.
2025-02-12 19:36:50,830 [ERROR] LogOutputStream:75 - [STDERR_REDIRECT] 
2025-02-12 19:36:51,829 [ERROR] LogOutputStream:75 - [STDERR_REDIRECT] [Fatal Error] :1:1: Premature end of file.
2025-02-12 19:36:51,830 [ERROR] LogOutputStream:75 - [STDERR_REDIRECT] 
2025-02-12 19:36:52,832 [ERROR] LogOutputStream:75 - [STDERR_REDIRECT] [Fatal Error] :1:1: Premature end of file.
2025-02-12 19:36:52,832 [ERROR] LogOutputStream:75 - [STDERR_REDIRECT] 
2025-02-12 19:36:53,830 [ERROR] LogOutputStream:75 - [STDERR_REDIRECT] [Fatal Error] :1:1: Premature end of file.
2025-02-12 19:36:53,830 [ERROR] LogOutputStream:75 - [STDERR_REDIRECT] 
2025-02-12 19:36:54,832 [ERROR] LogOutputStream:75 - [STDERR_REDIRECT] [Fatal Error] :1:1: Premature end of file.
2025-02-12 19:36:54,832 [ERROR] LogOutputStream:75 - [STDERR_REDIRECT] 
2025-02-12 19:36:55,831 [ERROR] LogOutputStream:75 - [STDERR_REDIRECT] [Fatal Error] :1:1: Premature end of file.
2025-02-12 19:36:55,831 [ERROR] LogOutputStream:75 - [STDERR_REDIRECT] 
2025-02-12 19:36:56,831 [ERROR] LogOutputStream:75 - [STDERR_REDIRECT] [Fatal Error] :1:1: Premature end of file.
2025-02-12 19:36:56,831 [ERROR] LogOutputStream:75 - [STDERR_REDIRECT] 
2025-02-12 19:36:57,829 [ERROR] LogOutputStream:75 - [STDERR_REDIRECT] [Fatal Error] :1:1: Premature end of file.
2025-02-12 19:36:57,830 [ERROR] LogOutputStream:75 - [STDERR_REDIRECT] 
2025-02-12 19:36:58,828 [ERROR] LogOutputStream:75 - [STDERR_REDIRECT] [Fatal Error] :1:1: Premature end of file.
2025-02-12 19:36:58,830 [ERROR] LogOutputStream:75 - [STDERR_REDIRECT] 
2025-02-12 19:36:59,831 [ERROR] LogOutputStream:75 - [STDERR_REDIRECT] [Fatal Error] :1:1: Premature end of file.
2025-02-12 19:36:59,831 [ERROR] LogOutputStream:75 - [STDERR_REDIRECT] 
2025-02-12 19:37:00,830 [ERROR] LogOutputStream:75 - [STDERR_REDIRECT] [Fatal Error] :1:1: Premature end of file.
2025-02-12 19:37:00,830 [ERROR] LogOutputStream:75 - [STDERR_REDIRECT] 
2025-02-12 19:37:01,829 [ERROR] LogOutputStream:75 - [STDERR_REDIRECT] [Fatal Error] :1:1: Premature end of file.
2025-02-12 19:37:01,829 [ERROR] LogOutputStream:75 - [STDERR_REDIRECT] 
2025-02-12 19:37:02,831 [ERROR] LogOutputStream:75 - [STDERR_REDIRECT] [Fatal Error] :1:1: Premature end of file.
2025-02-12 19:37:02,831 [ERROR] LogOutputStream:75 - [STDERR_REDIRECT] 
2025-02-12 19:37:03,831 [ERROR] LogOutputStream:75 - [STDERR_REDIRECT] [Fatal Error] :1:1: Premature end of file.
2025-02-12 19:37:03,832 [ERROR] LogOutputStream:75 - [STDERR_REDIRECT] 
2025-02-12 19:37:04,854 [ERROR] LogOutputStream:75 - [STDERR_REDIRECT] [Fatal Error] :1:1: Premature end of file.
2025-02-12 19:37:04,854 [ERROR] LogOutputStream:75 - [STDERR_REDIRECT] 
2025-02-12 19:37:05,830 [ERROR] LogOutputStream:75 - [STDERR_REDIRECT] [Fatal Error] :1:1: Premature end of file.
2025-02-12 19:37:05,830 [ERROR] LogOutputStream:75 - [STDERR_REDIRECT] 
2025-02-12 19:37:06,831 [ERROR] LogOutputStream:75 - [STDERR_REDIRECT] [Fatal Error] :1:1: Premature end of file.
2025-02-12 19:37:06,832 [ERROR] LogOutputStream:75 - [STDERR_REDIRECT] 
2025-02-12 19:37:07,828 [ERROR] LogOutputStream:75 - [STDERR_REDIRECT] [Fatal Error] :1:1: Premature end of file.
2025-02-12 19:37:07,829 [ERROR] LogOutputStream:75 - [STDERR_REDIRECT] 
2025-02-12 19:37:08,831 [ERROR] LogOutputStream:75 - [STDERR_REDIRECT] [Fatal Error] :1:1: Premature end of file.
2025-02-12 19:37:08,831 [ERROR] LogOutputStream:75 - [STDERR_REDIRECT] 
2025-02-12 19:37:09,832 [ERROR] LogOutputStream:75 - [STDERR_REDIRECT] [Fatal Error] :1:1: Premature end of file.
2025-02-12 19:37:09,832 [ERROR] LogOutputStream:75 - [STDERR_REDIRECT] 
2025-02-12 19:37:10,830 [ERROR] LogOutputStream:75 - [STDERR_REDIRECT] [Fatal Error] :1:1: Premature end of file.
2025-02-12 19:37:10,830 [ERROR] LogOutputStream:75 - [STDERR_REDIRECT] 
2025-02-12 19:37:11,833 [ERROR] LogOutputStream:75 - [STDERR_REDIRECT] [Fatal Error] :1:1: Premature end of file.
2025-02-12 19:37:11,833 [ERROR] LogOutputStream:75 - [STDERR_REDIRECT] 
2025-02-12 19:37:12,829 [ERROR] LogOutputStream:75 - [STDERR_REDIRECT] [Fatal Error] :1:1: Premature end of file.
2025-02-12 19:37:12,829 [ERROR] LogOutputStream:75 - [STDERR_REDIRECT] 
2025-02-12 19:37:13,829 [ERROR] LogOutputStream:75 - [STDERR_REDIRECT] [Fatal Error] :1:1: Premature end of file.
2025-02-12 19:37:13,829 [ERROR] LogOutputStream:75 - [STDERR_REDIRECT] 
2025-02-12 19:37:14,831 [ERROR] LogOutputStream:75 - [STDERR_REDIRECT] [Fatal Error] :1:1: Premature end of file.
2025-02-12 19:37:14,831 [ERROR] LogOutputStream:75 - [STDERR_REDIRECT] 
2025-02-12 19:37:15,829 [ERROR] LogOutputStream:75 - [STDERR_REDIRECT] [Fatal Error] :1:1: Premature end of file.
2025-02-12 19:37:15,829 [ERROR] LogOutputStream:75 - [STDERR_REDIRECT] 
2025-02-12 19:37:16,829 [ERROR] LogOutputStream:75 - [STDERR_REDIRECT] [Fatal Error] :1:1: Premature end of file.
2025-02-12 19:37:16,829 [ERROR] LogOutputStream:75 - [STDERR_REDIRECT] 
2025-02-12 19:37:17,829 [ERROR] LogOutputStream:75 - [STDERR_REDIRECT] [Fatal Error] :1:1: Premature end of file.
2025-02-12 19:37:17,830 [ERROR] LogOutputStream:75 - [STDERR_REDIRECT] 
2025-02-12 19:37:18,830 [ERROR] LogOutputStream:75 - [STDERR_REDIRECT] [Fatal Error] :1:1: Premature end of file.
2025-02-12 19:37:18,830 [ERROR] LogOutputStream:75 - [STDERR_REDIRECT] 
2025-02-12 19:37:19,828 [ERROR] LogOutputStream:75 - [STDERR_REDIRECT] [Fatal Error] :1:1: Premature end of file.
2025-02-12 19:37:19,828 [ERROR] LogOutputStream:75 - [STDERR_REDIRECT] 
2025-02-12 19:37:20,832 [ERROR] LogOutputStream:75 - [STDERR_REDIRECT] [Fatal Error] :1:1: Premature end of file.
2025-02-12 19:37:20,832 [ERROR] LogOutputStream:75 - [STDERR_REDIRECT] 
2025-02-12 19:37:21,829 [ERROR] LogOutputStream:75 - [STDERR_REDIRECT] [Fatal Error] :1:1: Premature end of file.
2025-02-12 19:37:21,829 [ERROR] LogOutputStream:75 - [STDERR_REDIRECT] 
2025-02-12 19:37:22,829 [ERROR] LogOutputStream:75 - [STDERR_REDIRECT] [Fatal Error] :1:1: Premature end of file.
2025-02-12 19:37:22,829 [ERROR] LogOutputStream:75 - [STDERR_REDIRECT] 
2025-02-12 19:37:23,831 [ERROR] LogOutputStream:75 - [STDERR_REDIRECT] [Fatal Error] :1:1: Premature end of file.
2025-02-12 19:37:23,832 [ERROR] LogOutputStream:75 - [STDERR_REDIRECT] 
2025-02-12 19:37:24,830 [ERROR] LogOutputStream:75 - [STDERR_REDIRECT] [Fatal Error] :1:1: Premature end of file.
2025-02-12 19:37:24,830 [ERROR] LogOutputStream:75 - [STDERR_REDIRECT] 
2025-02-12 19:37:25,832 [ERROR] LogOutputStream:75 - [STDERR_REDIRECT] [Fatal Error] :1:1: Premature end of file.
2025-02-12 19:37:25,832 [ERROR] LogOutputStream:75 - [STDERR_REDIRECT] 
2025-02-12 19:37:26,829 [ERROR] LogOutputStream:75 - [STDERR_REDIRECT] [Fatal Error] :1:1: Premature end of file.
2025-02-12 19:37:26,830 [ERROR] LogOutputStream:75 - [STDERR_REDIRECT] 
2025-02-12 19:37:27,830 [ERROR] LogOutputStream:75 - [STDERR_REDIRECT] [Fatal Error] :1:1: Premature end of file.
2025-02-12 19:37:27,830 [ERROR] LogOutputStream:75 - [STDERR_REDIRECT] 
2025-02-12 19:37:28,829 [ERROR] LogOutputStream:75 - [STDERR_REDIRECT] [Fatal Error] :1:1: Premature end of file.
2025-02-12 19:37:28,829 [ERROR] LogOutputStream:75 - [STDERR_REDIRECT] 
2025-02-12 19:37:29,830 [ERROR] LogOutputStream:75 - [STDERR_REDIRECT] [Fatal Error] :1:1: Premature end of file.
2025-02-12 19:37:29,830 [ERROR] LogOutputStream:75 - [STDERR_REDIRECT] 
2025-02-12 19:37:30,829 [ERROR] LogOutputStream:75 - [STDERR_REDIRECT] [Fatal Error] :1:1: Premature end of file.
2025-02-12 19:37:30,830 [ERROR] LogOutputStream:75 - [STDERR_REDIRECT] 
2025-02-12 19:37:31,830 [ERROR] LogOutputStream:75 - [STDERR_REDIRECT] [Fatal Error] :1:1: Premature end of file.
2025-02-12 19:37:31,831 [ERROR] LogOutputStream:75 - [STDERR_REDIRECT] 
2025-02-12 19:37:32,830 [ERROR] LogOutputStream:75 - [STDERR_REDIRECT] [Fatal Error] :1:1: Premature end of file.
2025-02-12 19:37:32,831 [ERROR] LogOutputStream:75 - [STDERR_REDIRECT] 
2025-02-12 19:37:33,827 [ERROR] LogOutputStream:75 - [STDERR_REDIRECT] [Fatal Error] :1:1: Premature end of file.
2025-02-12 19:37:33,828 [ERROR] LogOutputStream:75 - [STDERR_REDIRECT] 
2025-02-12 19:37:34,535 [INFO] NvicIntPanel:101 - NVIC parent = com.st.microxplorer.plugins.ip.nvic.MultiNvicIntPanel[,0,0,450x397,layout=javax.swing.BoxLayout,alignmentX=0.0,alignmentY=0.0,border=,flags=9,maximumSize=,minimumSize=,preferredSize=]
2025-02-12 19:37:34,830 [ERROR] LogOutputStream:75 - [STDERR_REDIRECT] [Fatal Error] :1:1: Premature end of file.
2025-02-12 19:37:34,830 [ERROR] LogOutputStream:75 - [STDERR_REDIRECT] 
2025-02-12 19:37:35,829 [ERROR] LogOutputStream:75 - [STDERR_REDIRECT] [Fatal Error] :1:1: Premature end of file.
2025-02-12 19:37:35,829 [ERROR] LogOutputStream:75 - [STDERR_REDIRECT] 
2025-02-12 19:37:36,827 [ERROR] LogOutputStream:75 - [STDERR_REDIRECT] [Fatal Error] :1:1: Premature end of file.
2025-02-12 19:37:36,828 [ERROR] LogOutputStream:75 - [STDERR_REDIRECT] 
2025-02-12 19:37:37,830 [ERROR] LogOutputStream:75 - [STDERR_REDIRECT] [Fatal Error] :1:1: Premature end of file.
2025-02-12 19:37:37,830 [ERROR] LogOutputStream:75 - [STDERR_REDIRECT] 
2025-02-12 19:37:38,830 [ERROR] LogOutputStream:75 - [STDERR_REDIRECT] [Fatal Error] :1:1: Premature end of file.
2025-02-12 19:37:38,830 [ERROR] LogOutputStream:75 - [STDERR_REDIRECT] 
2025-02-12 19:37:39,829 [ERROR] LogOutputStream:75 - [STDERR_REDIRECT] [Fatal Error] :1:1: Premature end of file.
2025-02-12 19:37:39,829 [ERROR] LogOutputStream:75 - [STDERR_REDIRECT] 
2025-02-12 19:37:40,831 [ERROR] LogOutputStream:75 - [STDERR_REDIRECT] [Fatal Error] :1:1: Premature end of file.
2025-02-12 19:37:40,833 [ERROR] LogOutputStream:75 - [STDERR_REDIRECT] 
2025-02-12 19:37:41,828 [ERROR] LogOutputStream:75 - [STDERR_REDIRECT] [Fatal Error] :1:1: Premature end of file.
2025-02-12 19:37:41,828 [ERROR] LogOutputStream:75 - [STDERR_REDIRECT] 
2025-02-12 19:37:42,829 [ERROR] LogOutputStream:75 - [STDERR_REDIRECT] [Fatal Error] :1:1: Premature end of file.
2025-02-12 19:37:42,829 [ERROR] LogOutputStream:75 - [STDERR_REDIRECT] 
2025-02-12 19:37:43,828 [ERROR] LogOutputStream:75 - [STDERR_REDIRECT] [Fatal Error] :1:1: Premature end of file.
2025-02-12 19:37:43,828 [ERROR] LogOutputStream:75 - [STDERR_REDIRECT] 
2025-02-12 19:37:44,830 [ERROR] LogOutputStream:75 - [STDERR_REDIRECT] [Fatal Error] :1:1: Premature end of file.
2025-02-12 19:37:44,830 [ERROR] LogOutputStream:75 - [STDERR_REDIRECT] 
2025-02-12 19:37:45,829 [ERROR] LogOutputStream:75 - [STDERR_REDIRECT] [Fatal Error] :1:1: Premature end of file.
2025-02-12 19:37:45,829 [ERROR] LogOutputStream:75 - [STDERR_REDIRECT] 
2025-02-12 19:37:46,830 [ERROR] LogOutputStream:75 - [STDERR_REDIRECT] [Fatal Error] :1:1: Premature end of file.
2025-02-12 19:37:46,830 [ERROR] LogOutputStream:75 - [STDERR_REDIRECT] 
2025-02-12 19:37:47,830 [ERROR] LogOutputStream:75 - [STDERR_REDIRECT] [Fatal Error] :1:1: Premature end of file.
2025-02-12 19:37:47,830 [ERROR] LogOutputStream:75 - [STDERR_REDIRECT] 
2025-02-12 19:37:48,829 [ERROR] LogOutputStream:75 - [STDERR_REDIRECT] [Fatal Error] :1:1: Premature end of file.
2025-02-12 19:37:48,829 [ERROR] LogOutputStream:75 - [STDERR_REDIRECT] 
2025-02-12 19:37:49,831 [ERROR] LogOutputStream:75 - [STDERR_REDIRECT] [Fatal Error] :1:1: Premature end of file.
2025-02-12 19:37:49,831 [ERROR] LogOutputStream:75 - [STDERR_REDIRECT] 
2025-02-12 19:37:50,830 [ERROR] LogOutputStream:75 - [STDERR_REDIRECT] [Fatal Error] :1:1: Premature end of file.
2025-02-12 19:37:50,830 [ERROR] LogOutputStream:75 - [STDERR_REDIRECT] 
2025-02-12 19:37:51,830 [ERROR] LogOutputStream:75 - [STDERR_REDIRECT] [Fatal Error] :1:1: Premature end of file.
2025-02-12 19:37:51,830 [ERROR] LogOutputStream:75 - [STDERR_REDIRECT] 
2025-02-12 19:37:52,831 [ERROR] LogOutputStream:75 - [STDERR_REDIRECT] [Fatal Error] :1:1: Premature end of file.
2025-02-12 19:37:52,831 [ERROR] LogOutputStream:75 - [STDERR_REDIRECT] 
2025-02-12 19:37:53,831 [ERROR] LogOutputStream:75 - [STDERR_REDIRECT] [Fatal Error] :1:1: Premature end of file.
2025-02-12 19:37:53,831 [ERROR] LogOutputStream:75 - [STDERR_REDIRECT] 
2025-02-12 19:37:54,829 [ERROR] LogOutputStream:75 - [STDERR_REDIRECT] [Fatal Error] :1:1: Premature end of file.
2025-02-12 19:37:54,830 [ERROR] LogOutputStream:75 - [STDERR_REDIRECT] 
2025-02-12 19:37:55,061 [INFO] NvicIntPanel:101 - NVIC parent = com.st.microxplorer.plugins.ip.nvic.MultiNvicIntPanel[,0,0,0x0,invalid,layout=javax.swing.BoxLayout,alignmentX=0.0,alignmentY=0.0,border=,flags=9,maximumSize=,minimumSize=,preferredSize=]
2025-02-12 19:37:55,830 [ERROR] LogOutputStream:75 - [STDERR_REDIRECT] [Fatal Error] :1:1: Premature end of file.
2025-02-12 19:37:55,830 [ERROR] LogOutputStream:75 - [STDERR_REDIRECT] 
2025-02-12 19:37:56,829 [ERROR] LogOutputStream:75 - [STDERR_REDIRECT] [Fatal Error] :1:1: Premature end of file.
2025-02-12 19:37:56,829 [ERROR] LogOutputStream:75 - [STDERR_REDIRECT] 
2025-02-12 19:37:57,831 [ERROR] LogOutputStream:75 - [STDERR_REDIRECT] [Fatal Error] :1:1: Premature end of file.
2025-02-12 19:37:57,831 [ERROR] LogOutputStream:75 - [STDERR_REDIRECT] 
2025-02-12 19:37:58,830 [ERROR] LogOutputStream:75 - [STDERR_REDIRECT] [Fatal Error] :1:1: Premature end of file.
2025-02-12 19:37:58,830 [ERROR] LogOutputStream:75 - [STDERR_REDIRECT] 
2025-02-12 19:37:59,830 [ERROR] LogOutputStream:75 - [STDERR_REDIRECT] [Fatal Error] :1:1: Premature end of file.
2025-02-12 19:37:59,830 [ERROR] LogOutputStream:75 - [STDERR_REDIRECT] 
2025-02-12 19:38:00,828 [ERROR] LogOutputStream:75 - [STDERR_REDIRECT] [Fatal Error] :1:1: Premature end of file.
2025-02-12 19:38:00,828 [ERROR] LogOutputStream:75 - [STDERR_REDIRECT] 
2025-02-12 19:38:01,830 [ERROR] LogOutputStream:75 - [STDERR_REDIRECT] [Fatal Error] :1:1: Premature end of file.
2025-02-12 19:38:01,830 [ERROR] LogOutputStream:75 - [STDERR_REDIRECT] 
2025-02-12 19:38:02,833 [ERROR] LogOutputStream:75 - [STDERR_REDIRECT] [Fatal Error] :1:1: Premature end of file.
2025-02-12 19:38:02,833 [ERROR] LogOutputStream:75 - [STDERR_REDIRECT] 
2025-02-12 19:38:03,831 [ERROR] LogOutputStream:75 - [STDERR_REDIRECT] [Fatal Error] :1:1: Premature end of file.
2025-02-12 19:38:03,831 [ERROR] LogOutputStream:75 - [STDERR_REDIRECT] 
2025-02-12 19:38:04,830 [ERROR] LogOutputStream:75 - [STDERR_REDIRECT] [Fatal Error] :1:1: Premature end of file.
2025-02-12 19:38:04,830 [ERROR] LogOutputStream:75 - [STDERR_REDIRECT] 
2025-02-12 19:38:05,829 [ERROR] LogOutputStream:75 - [STDERR_REDIRECT] [Fatal Error] :1:1: Premature end of file.
2025-02-12 19:38:05,830 [ERROR] LogOutputStream:75 - [STDERR_REDIRECT] 
2025-02-12 19:38:06,830 [ERROR] LogOutputStream:75 - [STDERR_REDIRECT] [Fatal Error] :1:1: Premature end of file.
2025-02-12 19:38:06,831 [ERROR] LogOutputStream:75 - [STDERR_REDIRECT] 
2025-02-12 19:38:07,828 [ERROR] LogOutputStream:75 - [STDERR_REDIRECT] [Fatal Error] :1:1: Premature end of file.
2025-02-12 19:38:07,829 [ERROR] LogOutputStream:75 - [STDERR_REDIRECT] 
2025-02-12 19:38:08,835 [ERROR] LogOutputStream:75 - [STDERR_REDIRECT] [Fatal Error] :1:1: Premature end of file.
2025-02-12 19:38:08,835 [ERROR] LogOutputStream:75 - [STDERR_REDIRECT] 
2025-02-12 19:38:09,833 [ERROR] LogOutputStream:75 - [STDERR_REDIRECT] [Fatal Error] :1:1: Premature end of file.
2025-02-12 19:38:09,833 [ERROR] LogOutputStream:75 - [STDERR_REDIRECT] 
2025-02-12 19:38:10,830 [ERROR] LogOutputStream:75 - [STDERR_REDIRECT] [Fatal Error] :1:1: Premature end of file.
2025-02-12 19:38:10,830 [ERROR] LogOutputStream:75 - [STDERR_REDIRECT] 
2025-02-12 19:38:11,829 [ERROR] LogOutputStream:75 - [STDERR_REDIRECT] [Fatal Error] :1:1: Premature end of file.
2025-02-12 19:38:11,829 [ERROR] LogOutputStream:75 - [STDERR_REDIRECT] 
2025-02-12 19:38:12,829 [ERROR] LogOutputStream:75 - [STDERR_REDIRECT] [Fatal Error] :1:1: Premature end of file.
2025-02-12 19:38:12,829 [ERROR] LogOutputStream:75 - [STDERR_REDIRECT] 
2025-02-12 19:38:13,830 [ERROR] LogOutputStream:75 - [STDERR_REDIRECT] [Fatal Error] :1:1: Premature end of file.
2025-02-12 19:38:13,830 [ERROR] LogOutputStream:75 - [STDERR_REDIRECT] 
2025-02-12 19:38:14,829 [ERROR] LogOutputStream:75 - [STDERR_REDIRECT] [Fatal Error] :1:1: Premature end of file.
2025-02-12 19:38:14,829 [ERROR] LogOutputStream:75 - [STDERR_REDIRECT] 
2025-02-12 19:38:15,833 [ERROR] LogOutputStream:75 - [STDERR_REDIRECT] [Fatal Error] :1:1: Premature end of file.
2025-02-12 19:38:15,833 [ERROR] LogOutputStream:75 - [STDERR_REDIRECT] 
2025-02-12 19:38:16,829 [ERROR] LogOutputStream:75 - [STDERR_REDIRECT] [Fatal Error] :1:1: Premature end of file.
2025-02-12 19:38:16,829 [ERROR] LogOutputStream:75 - [STDERR_REDIRECT] 
2025-02-12 19:38:17,830 [ERROR] LogOutputStream:75 - [STDERR_REDIRECT] [Fatal Error] :1:1: Premature end of file.
2025-02-12 19:38:17,830 [ERROR] LogOutputStream:75 - [STDERR_REDIRECT] 
2025-02-12 19:38:18,831 [ERROR] LogOutputStream:75 - [STDERR_REDIRECT] [Fatal Error] :1:1: Premature end of file.
2025-02-12 19:38:18,831 [ERROR] LogOutputStream:75 - [STDERR_REDIRECT] 
2025-02-12 19:38:19,829 [ERROR] LogOutputStream:75 - [STDERR_REDIRECT] [Fatal Error] :1:1: Premature end of file.
2025-02-12 19:38:19,829 [ERROR] LogOutputStream:75 - [STDERR_REDIRECT] 
2025-02-12 19:38:20,829 [ERROR] LogOutputStream:75 - [STDERR_REDIRECT] [Fatal Error] :1:1: Premature end of file.
2025-02-12 19:38:20,829 [ERROR] LogOutputStream:75 - [STDERR_REDIRECT] 
2025-02-12 19:38:21,942 [ERROR] LogOutputStream:75 - [STDERR_REDIRECT] [Fatal Error] :1:1: Premature end of file.
2025-02-12 19:38:21,942 [ERROR] LogOutputStream:75 - [STDERR_REDIRECT] 
2025-02-12 19:38:22,830 [ERROR] LogOutputStream:75 - [STDERR_REDIRECT] [Fatal Error] :1:1: Premature end of file.
2025-02-12 19:38:22,830 [ERROR] LogOutputStream:75 - [STDERR_REDIRECT] 
2025-02-12 19:38:23,832 [ERROR] LogOutputStream:75 - [STDERR_REDIRECT] [Fatal Error] :1:1: Premature end of file.
2025-02-12 19:38:23,832 [ERROR] LogOutputStream:75 - [STDERR_REDIRECT] 
2025-02-12 19:38:24,830 [ERROR] LogOutputStream:75 - [STDERR_REDIRECT] [Fatal Error] :1:1: Premature end of file.
2025-02-12 19:38:24,830 [ERROR] LogOutputStream:75 - [STDERR_REDIRECT] 
2025-02-12 19:38:25,829 [ERROR] LogOutputStream:75 - [STDERR_REDIRECT] [Fatal Error] :1:1: Premature end of file.
2025-02-12 19:38:25,829 [ERROR] LogOutputStream:75 - [STDERR_REDIRECT] 
2025-02-12 19:38:26,832 [ERROR] LogOutputStream:75 - [STDERR_REDIRECT] [Fatal Error] :1:1: Premature end of file.
2025-02-12 19:38:26,832 [ERROR] LogOutputStream:75 - [STDERR_REDIRECT] 
2025-02-12 19:38:27,830 [ERROR] LogOutputStream:75 - [STDERR_REDIRECT] [Fatal Error] :1:1: Premature end of file.
2025-02-12 19:38:27,830 [ERROR] LogOutputStream:75 - [STDERR_REDIRECT] 
2025-02-12 19:38:28,830 [ERROR] LogOutputStream:75 - [STDERR_REDIRECT] [Fatal Error] :1:1: Premature end of file.
2025-02-12 19:38:28,830 [ERROR] LogOutputStream:75 - [STDERR_REDIRECT] 
2025-02-12 19:38:29,829 [ERROR] LogOutputStream:75 - [STDERR_REDIRECT] [Fatal Error] :1:1: Premature end of file.
2025-02-12 19:38:29,829 [ERROR] LogOutputStream:75 - [STDERR_REDIRECT] 
2025-02-12 19:38:30,831 [ERROR] LogOutputStream:75 - [STDERR_REDIRECT] [Fatal Error] :1:1: Premature end of file.
2025-02-12 19:38:30,831 [ERROR] LogOutputStream:75 - [STDERR_REDIRECT] 
2025-02-12 19:38:31,830 [ERROR] LogOutputStream:75 - [STDERR_REDIRECT] [Fatal Error] :1:1: Premature end of file.
2025-02-12 19:38:31,830 [ERROR] LogOutputStream:75 - [STDERR_REDIRECT] 
2025-02-12 19:38:32,831 [ERROR] LogOutputStream:75 - [STDERR_REDIRECT] [Fatal Error] :1:1: Premature end of file.
2025-02-12 19:38:32,831 [ERROR] LogOutputStream:75 - [STDERR_REDIRECT] 
2025-02-12 19:38:33,831 [ERROR] LogOutputStream:75 - [STDERR_REDIRECT] [Fatal Error] :1:1: Premature end of file.
2025-02-12 19:38:33,831 [ERROR] LogOutputStream:75 - [STDERR_REDIRECT] 
2025-02-12 19:38:34,829 [ERROR] LogOutputStream:75 - [STDERR_REDIRECT] [Fatal Error] :1:1: Premature end of file.
2025-02-12 19:38:34,829 [ERROR] LogOutputStream:75 - [STDERR_REDIRECT] 
2025-02-12 19:38:35,832 [ERROR] LogOutputStream:75 - [STDERR_REDIRECT] [Fatal Error] :1:1: Premature end of file.
2025-02-12 19:38:35,832 [ERROR] LogOutputStream:75 - [STDERR_REDIRECT] 
2025-02-12 19:38:36,828 [ERROR] LogOutputStream:75 - [STDERR_REDIRECT] [Fatal Error] :1:1: Premature end of file.
2025-02-12 19:38:36,828 [ERROR] LogOutputStream:75 - [STDERR_REDIRECT] 
2025-02-12 19:38:37,832 [ERROR] LogOutputStream:75 - [STDERR_REDIRECT] [Fatal Error] :1:1: Premature end of file.
2025-02-12 19:38:37,833 [ERROR] LogOutputStream:75 - [STDERR_REDIRECT] 
2025-02-12 19:38:38,833 [ERROR] LogOutputStream:75 - [STDERR_REDIRECT] [Fatal Error] :1:1: Premature end of file.
2025-02-12 19:38:38,833 [ERROR] LogOutputStream:75 - [STDERR_REDIRECT] 
2025-02-12 19:38:39,833 [ERROR] LogOutputStream:75 - [STDERR_REDIRECT] [Fatal Error] :1:1: Premature end of file.
2025-02-12 19:38:39,833 [ERROR] LogOutputStream:75 - [STDERR_REDIRECT] 
2025-02-12 19:38:40,831 [ERROR] LogOutputStream:75 - [STDERR_REDIRECT] [Fatal Error] :1:1: Premature end of file.
2025-02-12 19:38:40,831 [ERROR] LogOutputStream:75 - [STDERR_REDIRECT] 
2025-02-12 19:38:41,831 [ERROR] LogOutputStream:75 - [STDERR_REDIRECT] [Fatal Error] :1:1: Premature end of file.
2025-02-12 19:38:41,831 [ERROR] LogOutputStream:75 - [STDERR_REDIRECT] 
2025-02-12 19:38:42,834 [ERROR] LogOutputStream:75 - [STDERR_REDIRECT] [Fatal Error] :1:1: Premature end of file.
2025-02-12 19:38:42,834 [ERROR] LogOutputStream:75 - [STDERR_REDIRECT] 
2025-02-12 19:38:43,831 [ERROR] LogOutputStream:75 - [STDERR_REDIRECT] [Fatal Error] :1:1: Premature end of file.
2025-02-12 19:38:43,831 [ERROR] LogOutputStream:75 - [STDERR_REDIRECT] 
2025-02-12 19:38:44,833 [ERROR] LogOutputStream:75 - [STDERR_REDIRECT] [Fatal Error] :1:1: Premature end of file.
2025-02-12 19:38:44,833 [ERROR] LogOutputStream:75 - [STDERR_REDIRECT] 
2025-02-12 19:38:45,833 [ERROR] LogOutputStream:75 - [STDERR_REDIRECT] [Fatal Error] :1:1: Premature end of file.
2025-02-12 19:38:45,833 [ERROR] LogOutputStream:75 - [STDERR_REDIRECT] 
2025-02-12 19:38:46,830 [ERROR] LogOutputStream:75 - [STDERR_REDIRECT] [Fatal Error] :1:1: Premature end of file.
2025-02-12 19:38:46,830 [ERROR] LogOutputStream:75 - [STDERR_REDIRECT] 
2025-02-12 19:38:47,831 [ERROR] LogOutputStream:75 - [STDERR_REDIRECT] [Fatal Error] :1:1: Premature end of file.
2025-02-12 19:38:47,831 [ERROR] LogOutputStream:75 - [STDERR_REDIRECT] 
2025-02-12 19:38:48,831 [ERROR] LogOutputStream:75 - [STDERR_REDIRECT] [Fatal Error] :1:1: Premature end of file.
2025-02-12 19:38:48,831 [ERROR] LogOutputStream:75 - [STDERR_REDIRECT] 
2025-02-12 19:38:49,831 [ERROR] LogOutputStream:75 - [STDERR_REDIRECT] [Fatal Error] :1:1: Premature end of file.
2025-02-12 19:38:49,831 [ERROR] LogOutputStream:75 - [STDERR_REDIRECT] 
2025-02-12 19:38:50,830 [ERROR] LogOutputStream:75 - [STDERR_REDIRECT] [Fatal Error] :1:1: Premature end of file.
2025-02-12 19:38:50,830 [ERROR] LogOutputStream:75 - [STDERR_REDIRECT] 
2025-02-12 19:38:51,832 [ERROR] LogOutputStream:75 - [STDERR_REDIRECT] [Fatal Error] :1:1: Premature end of file.
2025-02-12 19:38:51,832 [ERROR] LogOutputStream:75 - [STDERR_REDIRECT] 
2025-02-12 19:38:52,831 [ERROR] LogOutputStream:75 - [STDERR_REDIRECT] [Fatal Error] :1:1: Premature end of file.
2025-02-12 19:38:52,831 [ERROR] LogOutputStream:75 - [STDERR_REDIRECT] 
2025-02-12 19:38:53,831 [ERROR] LogOutputStream:75 - [STDERR_REDIRECT] [Fatal Error] :1:1: Premature end of file.
2025-02-12 19:38:53,831 [ERROR] LogOutputStream:75 - [STDERR_REDIRECT] 
2025-02-12 19:38:54,830 [ERROR] LogOutputStream:75 - [STDERR_REDIRECT] [Fatal Error] :1:1: Premature end of file.
2025-02-12 19:38:54,830 [ERROR] LogOutputStream:75 - [STDERR_REDIRECT] 
2025-02-12 19:38:55,831 [ERROR] LogOutputStream:75 - [STDERR_REDIRECT] [Fatal Error] :1:1: Premature end of file.
2025-02-12 19:38:55,831 [ERROR] LogOutputStream:75 - [STDERR_REDIRECT] 
2025-02-12 19:38:56,830 [ERROR] LogOutputStream:75 - [STDERR_REDIRECT] [Fatal Error] :1:1: Premature end of file.
2025-02-12 19:38:56,831 [ERROR] LogOutputStream:75 - [STDERR_REDIRECT] 
2025-02-12 19:38:57,830 [ERROR] LogOutputStream:75 - [STDERR_REDIRECT] [Fatal Error] :1:1: Premature end of file.
2025-02-12 19:38:57,831 [ERROR] LogOutputStream:75 - [STDERR_REDIRECT] 
2025-02-12 19:38:58,830 [ERROR] LogOutputStream:75 - [STDERR_REDIRECT] [Fatal Error] :1:1: Premature end of file.
2025-02-12 19:38:58,830 [ERROR] LogOutputStream:75 - [STDERR_REDIRECT] 
2025-02-12 19:38:59,831 [ERROR] LogOutputStream:75 - [STDERR_REDIRECT] [Fatal Error] :1:1: Premature end of file.
2025-02-12 19:38:59,831 [ERROR] LogOutputStream:75 - [STDERR_REDIRECT] 
2025-02-12 19:39:00,831 [ERROR] LogOutputStream:75 - [STDERR_REDIRECT] [Fatal Error] :1:1: Premature end of file.
2025-02-12 19:39:00,831 [ERROR] LogOutputStream:75 - [STDERR_REDIRECT] 
2025-02-12 19:39:01,830 [ERROR] LogOutputStream:75 - [STDERR_REDIRECT] [Fatal Error] :1:1: Premature end of file.
2025-02-12 19:39:01,830 [ERROR] LogOutputStream:75 - [STDERR_REDIRECT] 
2025-02-12 19:39:02,832 [ERROR] LogOutputStream:75 - [STDERR_REDIRECT] [Fatal Error] :1:1: Premature end of file.
2025-02-12 19:39:02,832 [ERROR] LogOutputStream:75 - [STDERR_REDIRECT] 
2025-02-12 19:39:03,830 [ERROR] LogOutputStream:75 - [STDERR_REDIRECT] [Fatal Error] :1:1: Premature end of file.
2025-02-12 19:39:03,830 [ERROR] LogOutputStream:75 - [STDERR_REDIRECT] 
2025-02-12 19:39:04,831 [ERROR] LogOutputStream:75 - [STDERR_REDIRECT] [Fatal Error] :1:1: Premature end of file.
2025-02-12 19:39:04,832 [ERROR] LogOutputStream:75 - [STDERR_REDIRECT] 
2025-02-12 19:39:05,830 [ERROR] LogOutputStream:75 - [STDERR_REDIRECT] [Fatal Error] :1:1: Premature end of file.
2025-02-12 19:39:05,832 [ERROR] LogOutputStream:75 - [STDERR_REDIRECT] 
2025-02-12 19:39:06,833 [ERROR] LogOutputStream:75 - [STDERR_REDIRECT] [Fatal Error] :1:1: Premature end of file.
2025-02-12 19:39:06,833 [ERROR] LogOutputStream:75 - [STDERR_REDIRECT] 
2025-02-12 19:39:07,830 [ERROR] LogOutputStream:75 - [STDERR_REDIRECT] [Fatal Error] :1:1: Premature end of file.
2025-02-12 19:39:07,830 [ERROR] LogOutputStream:75 - [STDERR_REDIRECT] 
2025-02-12 19:39:08,832 [ERROR] LogOutputStream:75 - [STDERR_REDIRECT] [Fatal Error] :1:1: Premature end of file.
2025-02-12 19:39:08,832 [ERROR] LogOutputStream:75 - [STDERR_REDIRECT] 
2025-02-12 19:39:09,828 [ERROR] LogOutputStream:75 - [STDERR_REDIRECT] [Fatal Error] :1:1: Premature end of file.
2025-02-12 19:39:09,828 [ERROR] LogOutputStream:75 - [STDERR_REDIRECT] 
2025-02-12 19:39:10,829 [ERROR] LogOutputStream:75 - [STDERR_REDIRECT] [Fatal Error] :1:1: Premature end of file.
2025-02-12 19:39:10,829 [ERROR] LogOutputStream:75 - [STDERR_REDIRECT] 
2025-02-12 19:39:11,829 [ERROR] LogOutputStream:75 - [STDERR_REDIRECT] [Fatal Error] :1:1: Premature end of file.
2025-02-12 19:39:11,829 [ERROR] LogOutputStream:75 - [STDERR_REDIRECT] 
2025-02-12 19:39:12,831 [ERROR] LogOutputStream:75 - [STDERR_REDIRECT] [Fatal Error] :1:1: Premature end of file.
2025-02-12 19:39:12,831 [ERROR] LogOutputStream:75 - [STDERR_REDIRECT] 
2025-02-12 19:39:13,831 [ERROR] LogOutputStream:75 - [STDERR_REDIRECT] [Fatal Error] :1:1: Premature end of file.
2025-02-12 19:39:13,831 [ERROR] LogOutputStream:75 - [STDERR_REDIRECT] 
2025-02-12 19:39:14,828 [ERROR] LogOutputStream:75 - [STDERR_REDIRECT] [Fatal Error] :1:1: Premature end of file.
2025-02-12 19:39:14,828 [ERROR] LogOutputStream:75 - [STDERR_REDIRECT] 
2025-02-12 19:39:15,832 [ERROR] LogOutputStream:75 - [STDERR_REDIRECT] [Fatal Error] :1:1: Premature end of file.
2025-02-12 19:39:15,832 [ERROR] LogOutputStream:75 - [STDERR_REDIRECT] 
2025-02-12 19:39:16,832 [ERROR] LogOutputStream:75 - [STDERR_REDIRECT] [Fatal Error] :1:1: Premature end of file.
2025-02-12 19:39:16,832 [ERROR] LogOutputStream:75 - [STDERR_REDIRECT] 
2025-02-12 19:39:17,830 [ERROR] LogOutputStream:75 - [STDERR_REDIRECT] [Fatal Error] :1:1: Premature end of file.
2025-02-12 19:39:17,830 [ERROR] LogOutputStream:75 - [STDERR_REDIRECT] 
2025-02-12 19:39:18,831 [ERROR] LogOutputStream:75 - [STDERR_REDIRECT] [Fatal Error] :1:1: Premature end of file.
2025-02-12 19:39:18,831 [ERROR] LogOutputStream:75 - [STDERR_REDIRECT] 
2025-02-12 19:39:19,829 [ERROR] LogOutputStream:75 - [STDERR_REDIRECT] [Fatal Error] :1:1: Premature end of file.
2025-02-12 19:39:19,829 [ERROR] LogOutputStream:75 - [STDERR_REDIRECT] 
2025-02-12 19:39:20,828 [ERROR] LogOutputStream:75 - [STDERR_REDIRECT] [Fatal Error] :1:1: Premature end of file.
2025-02-12 19:39:20,829 [ERROR] LogOutputStream:75 - [STDERR_REDIRECT] 
2025-02-12 19:39:21,830 [ERROR] LogOutputStream:75 - [STDERR_REDIRECT] [Fatal Error] :1:1: Premature end of file.
2025-02-12 19:39:21,830 [ERROR] LogOutputStream:75 - [STDERR_REDIRECT] 
2025-02-12 19:39:22,832 [ERROR] LogOutputStream:75 - [STDERR_REDIRECT] [Fatal Error] :1:1: Premature end of file.
2025-02-12 19:39:22,832 [ERROR] LogOutputStream:75 - [STDERR_REDIRECT] 
2025-02-12 19:39:23,831 [ERROR] LogOutputStream:75 - [STDERR_REDIRECT] [Fatal Error] :1:1: Premature end of file.
2025-02-12 19:39:23,831 [ERROR] LogOutputStream:75 - [STDERR_REDIRECT] 
2025-02-12 19:39:24,840 [ERROR] LogOutputStream:75 - [STDERR_REDIRECT] [Fatal Error] :1:1: Premature end of file.
2025-02-12 19:39:24,840 [ERROR] LogOutputStream:75 - [STDERR_REDIRECT] 
2025-02-12 19:39:25,829 [ERROR] LogOutputStream:75 - [STDERR_REDIRECT] [Fatal Error] :1:1: Premature end of file.
2025-02-12 19:39:25,829 [ERROR] LogOutputStream:75 - [STDERR_REDIRECT] 
2025-02-12 19:39:26,830 [ERROR] LogOutputStream:75 - [STDERR_REDIRECT] [Fatal Error] :1:1: Premature end of file.
2025-02-12 19:39:26,830 [ERROR] LogOutputStream:75 - [STDERR_REDIRECT] 
2025-02-12 19:39:27,831 [ERROR] LogOutputStream:75 - [STDERR_REDIRECT] [Fatal Error] :1:1: Premature end of file.
2025-02-12 19:39:27,831 [ERROR] LogOutputStream:75 - [STDERR_REDIRECT] 
2025-02-12 19:39:28,828 [ERROR] LogOutputStream:75 - [STDERR_REDIRECT] [Fatal Error] :1:1: Premature end of file.
2025-02-12 19:39:28,828 [ERROR] LogOutputStream:75 - [STDERR_REDIRECT] 
2025-02-12 19:39:29,830 [ERROR] LogOutputStream:75 - [STDERR_REDIRECT] [Fatal Error] :1:1: Premature end of file.
2025-02-12 19:39:29,830 [ERROR] LogOutputStream:75 - [STDERR_REDIRECT] 
2025-02-12 19:39:30,830 [ERROR] LogOutputStream:75 - [STDERR_REDIRECT] [Fatal Error] :1:1: Premature end of file.
2025-02-12 19:39:30,830 [ERROR] LogOutputStream:75 - [STDERR_REDIRECT] 
2025-02-12 19:39:31,829 [ERROR] LogOutputStream:75 - [STDERR_REDIRECT] [Fatal Error] :1:1: Premature end of file.
2025-02-12 19:39:31,829 [ERROR] LogOutputStream:75 - [STDERR_REDIRECT] 
2025-02-12 19:39:32,829 [ERROR] LogOutputStream:75 - [STDERR_REDIRECT] [Fatal Error] :1:1: Premature end of file.
2025-02-12 19:39:32,829 [ERROR] LogOutputStream:75 - [STDERR_REDIRECT] 
2025-02-12 19:39:33,832 [ERROR] LogOutputStream:75 - [STDERR_REDIRECT] [Fatal Error] :1:1: Premature end of file.
2025-02-12 19:39:33,832 [ERROR] LogOutputStream:75 - [STDERR_REDIRECT] 
2025-02-12 19:39:34,831 [ERROR] LogOutputStream:75 - [STDERR_REDIRECT] [Fatal Error] :1:1: Premature end of file.
2025-02-12 19:39:34,831 [ERROR] LogOutputStream:75 - [STDERR_REDIRECT] 
2025-02-12 19:39:35,828 [ERROR] LogOutputStream:75 - [STDERR_REDIRECT] [Fatal Error] :1:1: Premature end of file.
2025-02-12 19:39:35,828 [ERROR] LogOutputStream:75 - [STDERR_REDIRECT] 
2025-02-12 19:39:36,830 [ERROR] LogOutputStream:75 - [STDERR_REDIRECT] [Fatal Error] :1:1: Premature end of file.
2025-02-12 19:39:36,830 [ERROR] LogOutputStream:75 - [STDERR_REDIRECT] 
2025-02-12 19:39:37,830 [ERROR] LogOutputStream:75 - [STDERR_REDIRECT] [Fatal Error] :1:1: Premature end of file.
2025-02-12 19:39:37,831 [ERROR] LogOutputStream:75 - [STDERR_REDIRECT] 
2025-02-12 19:39:38,829 [ERROR] LogOutputStream:75 - [STDERR_REDIRECT] [Fatal Error] :1:1: Premature end of file.
2025-02-12 19:39:38,829 [ERROR] LogOutputStream:75 - [STDERR_REDIRECT] 
2025-02-12 19:39:39,832 [ERROR] LogOutputStream:75 - [STDERR_REDIRECT] [Fatal Error] :1:1: Premature end of file.
2025-02-12 19:39:39,832 [ERROR] LogOutputStream:75 - [STDERR_REDIRECT] 
2025-02-12 19:39:40,830 [ERROR] LogOutputStream:75 - [STDERR_REDIRECT] [Fatal Error] :1:1: Premature end of file.
2025-02-12 19:39:40,831 [ERROR] LogOutputStream:75 - [STDERR_REDIRECT] 
2025-02-12 19:39:41,831 [ERROR] LogOutputStream:75 - [STDERR_REDIRECT] [Fatal Error] :1:1: Premature end of file.
2025-02-12 19:39:41,831 [ERROR] LogOutputStream:75 - [STDERR_REDIRECT] 
2025-02-12 19:39:42,829 [ERROR] LogOutputStream:75 - [STDERR_REDIRECT] [Fatal Error] :1:1: Premature end of file.
2025-02-12 19:39:42,829 [ERROR] LogOutputStream:75 - [STDERR_REDIRECT] 
2025-02-12 19:39:43,829 [ERROR] LogOutputStream:75 - [STDERR_REDIRECT] [Fatal Error] :1:1: Premature end of file.
2025-02-12 19:39:43,829 [ERROR] LogOutputStream:75 - [STDERR_REDIRECT] 
2025-02-12 19:39:44,829 [ERROR] LogOutputStream:75 - [STDERR_REDIRECT] [Fatal Error] :1:1: Premature end of file.
2025-02-12 19:39:44,829 [ERROR] LogOutputStream:75 - [STDERR_REDIRECT] 
2025-02-12 19:39:45,829 [ERROR] LogOutputStream:75 - [STDERR_REDIRECT] [Fatal Error] :1:1: Premature end of file.
2025-02-12 19:39:45,829 [ERROR] LogOutputStream:75 - [STDERR_REDIRECT] 
2025-02-12 19:39:46,828 [ERROR] LogOutputStream:75 - [STDERR_REDIRECT] [Fatal Error] :1:1: Premature end of file.
2025-02-12 19:39:46,828 [ERROR] LogOutputStream:75 - [STDERR_REDIRECT] 
2025-02-12 19:39:47,827 [ERROR] LogOutputStream:75 - [STDERR_REDIRECT] [Fatal Error] :1:1: Premature end of file.
2025-02-12 19:39:47,828 [ERROR] LogOutputStream:75 - [STDERR_REDIRECT] 
2025-02-12 19:39:48,830 [ERROR] LogOutputStream:75 - [STDERR_REDIRECT] [Fatal Error] :1:1: Premature end of file.
2025-02-12 19:39:48,830 [ERROR] LogOutputStream:75 - [STDERR_REDIRECT] 
2025-02-12 19:39:49,263 [INFO] NvicIntPanel:101 - NVIC parent = com.st.microxplorer.plugins.ip.nvic.MultiNvicIntPanel[,0,0,0x0,invalid,layout=javax.swing.BoxLayout,alignmentX=0.0,alignmentY=0.0,border=,flags=9,maximumSize=,minimumSize=,preferredSize=]
2025-02-12 19:39:49,307 [INFO] NvicIntPanel:101 - NVIC parent = com.st.microxplorer.plugins.ip.nvic.MultiNvicIntPanel[,0,0,0x0,invalid,layout=javax.swing.BoxLayout,alignmentX=0.0,alignmentY=0.0,border=,flags=9,maximumSize=,minimumSize=,preferredSize=]
2025-02-12 19:39:49,829 [ERROR] LogOutputStream:75 - [STDERR_REDIRECT] [Fatal Error] :1:1: Premature end of file.
2025-02-12 19:39:49,829 [ERROR] LogOutputStream:75 - [STDERR_REDIRECT] 
2025-02-12 19:39:50,642 [INFO] NvicIntPanel:101 - NVIC parent = com.st.microxplorer.plugins.ip.nvic.MultiNvicIntPanel[,0,0,0x0,invalid,layout=javax.swing.BoxLayout,alignmentX=0.0,alignmentY=0.0,border=,flags=9,maximumSize=,minimumSize=,preferredSize=]
2025-02-12 19:39:50,827 [ERROR] LogOutputStream:75 - [STDERR_REDIRECT] [Fatal Error] :1:1: Premature end of file.
2025-02-12 19:39:50,827 [ERROR] LogOutputStream:75 - [STDERR_REDIRECT] 
2025-02-12 19:39:51,829 [ERROR] LogOutputStream:75 - [STDERR_REDIRECT] [Fatal Error] :1:1: Premature end of file.
2025-02-12 19:39:51,829 [ERROR] LogOutputStream:75 - [STDERR_REDIRECT] 
2025-02-12 19:39:52,831 [ERROR] LogOutputStream:75 - [STDERR_REDIRECT] [Fatal Error] :1:1: Premature end of file.
2025-02-12 19:39:52,831 [ERROR] LogOutputStream:75 - [STDERR_REDIRECT] 
2025-02-12 19:39:53,829 [ERROR] LogOutputStream:75 - [STDERR_REDIRECT] [Fatal Error] :1:1: Premature end of file.
2025-02-12 19:39:53,829 [ERROR] LogOutputStream:75 - [STDERR_REDIRECT] 
2025-02-12 19:39:54,830 [ERROR] LogOutputStream:75 - [STDERR_REDIRECT] [Fatal Error] :1:1: Premature end of file.
2025-02-12 19:39:54,831 [ERROR] LogOutputStream:75 - [STDERR_REDIRECT] 
2025-02-12 19:39:55,838 [ERROR] LogOutputStream:75 - [STDERR_REDIRECT] [Fatal Error] :1:1: Premature end of file.
2025-02-12 19:39:55,838 [ERROR] LogOutputStream:75 - [STDERR_REDIRECT] 
2025-02-12 19:39:56,831 [ERROR] LogOutputStream:75 - [STDERR_REDIRECT] [Fatal Error] :1:1: Premature end of file.
2025-02-12 19:39:56,831 [ERROR] LogOutputStream:75 - [STDERR_REDIRECT] 
2025-02-12 19:39:57,830 [ERROR] LogOutputStream:75 - [STDERR_REDIRECT] [Fatal Error] :1:1: Premature end of file.
2025-02-12 19:39:57,830 [ERROR] LogOutputStream:75 - [STDERR_REDIRECT] 
2025-02-12 19:39:58,832 [ERROR] LogOutputStream:75 - [STDERR_REDIRECT] [Fatal Error] :1:1: Premature end of file.
2025-02-12 19:39:58,832 [ERROR] LogOutputStream:75 - [STDERR_REDIRECT] 
2025-02-12 19:39:59,828 [ERROR] LogOutputStream:75 - [STDERR_REDIRECT] [Fatal Error] :1:1: Premature end of file.
2025-02-12 19:39:59,828 [ERROR] LogOutputStream:75 - [STDERR_REDIRECT] 
2025-02-12 19:40:00,831 [ERROR] LogOutputStream:75 - [STDERR_REDIRECT] [Fatal Error] :1:1: Premature end of file.
2025-02-12 19:40:00,831 [ERROR] LogOutputStream:75 - [STDERR_REDIRECT] 
2025-02-12 19:40:01,828 [ERROR] LogOutputStream:75 - [STDERR_REDIRECT] [Fatal Error] :1:1: Premature end of file.
2025-02-12 19:40:01,828 [ERROR] LogOutputStream:75 - [STDERR_REDIRECT] 
2025-02-12 19:40:02,830 [ERROR] LogOutputStream:75 - [STDERR_REDIRECT] [Fatal Error] :1:1: Premature end of file.
2025-02-12 19:40:02,830 [ERROR] LogOutputStream:75 - [STDERR_REDIRECT] 
2025-02-12 19:40:03,830 [ERROR] LogOutputStream:75 - [STDERR_REDIRECT] [Fatal Error] :1:1: Premature end of file.
2025-02-12 19:40:03,830 [ERROR] LogOutputStream:75 - [STDERR_REDIRECT] 
2025-02-12 19:40:04,829 [ERROR] LogOutputStream:75 - [STDERR_REDIRECT] [Fatal Error] :1:1: Premature end of file.
2025-02-12 19:40:04,829 [ERROR] LogOutputStream:75 - [STDERR_REDIRECT] 
2025-02-12 19:40:05,830 [ERROR] LogOutputStream:75 - [STDERR_REDIRECT] [Fatal Error] :1:1: Premature end of file.
2025-02-12 19:40:05,830 [ERROR] LogOutputStream:75 - [STDERR_REDIRECT] 
2025-02-12 19:40:06,830 [ERROR] LogOutputStream:75 - [STDERR_REDIRECT] [Fatal Error] :1:1: Premature end of file.
2025-02-12 19:40:06,830 [ERROR] LogOutputStream:75 - [STDERR_REDIRECT] 
2025-02-12 19:40:07,829 [ERROR] LogOutputStream:75 - [STDERR_REDIRECT] [Fatal Error] :1:1: Premature end of file.
2025-02-12 19:40:07,829 [ERROR] LogOutputStream:75 - [STDERR_REDIRECT] 
2025-02-12 19:40:08,831 [ERROR] LogOutputStream:75 - [STDERR_REDIRECT] [Fatal Error] :1:1: Premature end of file.
2025-02-12 19:40:08,831 [ERROR] LogOutputStream:75 - [STDERR_REDIRECT] 
2025-02-12 19:40:09,830 [ERROR] LogOutputStream:75 - [STDERR_REDIRECT] [Fatal Error] :1:1: Premature end of file.
2025-02-12 19:40:09,830 [ERROR] LogOutputStream:75 - [STDERR_REDIRECT] 
2025-02-12 19:40:10,830 [ERROR] LogOutputStream:75 - [STDERR_REDIRECT] [Fatal Error] :1:1: Premature end of file.
2025-02-12 19:40:10,830 [ERROR] LogOutputStream:75 - [STDERR_REDIRECT] 
2025-02-12 19:40:11,830 [ERROR] LogOutputStream:75 - [STDERR_REDIRECT] [Fatal Error] :1:1: Premature end of file.
2025-02-12 19:40:11,830 [ERROR] LogOutputStream:75 - [STDERR_REDIRECT] 
2025-02-12 19:40:12,831 [ERROR] LogOutputStream:75 - [STDERR_REDIRECT] [Fatal Error] :1:1: Premature end of file.
2025-02-12 19:40:12,831 [ERROR] LogOutputStream:75 - [STDERR_REDIRECT] 
2025-02-12 19:40:13,831 [ERROR] LogOutputStream:75 - [STDERR_REDIRECT] [Fatal Error] :1:1: Premature end of file.
2025-02-12 19:40:13,832 [ERROR] LogOutputStream:75 - [STDERR_REDIRECT] 
2025-02-12 19:40:14,830 [ERROR] LogOutputStream:75 - [STDERR_REDIRECT] [Fatal Error] :1:1: Premature end of file.
2025-02-12 19:40:14,830 [ERROR] LogOutputStream:75 - [STDERR_REDIRECT] 
2025-02-12 19:40:15,828 [ERROR] LogOutputStream:75 - [STDERR_REDIRECT] [Fatal Error] :1:1: Premature end of file.
2025-02-12 19:40:15,828 [ERROR] LogOutputStream:75 - [STDERR_REDIRECT] 
2025-02-12 19:40:16,830 [ERROR] LogOutputStream:75 - [STDERR_REDIRECT] [Fatal Error] :1:1: Premature end of file.
2025-02-12 19:40:16,830 [ERROR] LogOutputStream:75 - [STDERR_REDIRECT] 
2025-02-12 19:40:17,829 [ERROR] LogOutputStream:75 - [STDERR_REDIRECT] [Fatal Error] :1:1: Premature end of file.
2025-02-12 19:40:17,829 [ERROR] LogOutputStream:75 - [STDERR_REDIRECT] 
2025-02-12 19:40:18,830 [ERROR] LogOutputStream:75 - [STDERR_REDIRECT] [Fatal Error] :1:1: Premature end of file.
2025-02-12 19:40:18,830 [ERROR] LogOutputStream:75 - [STDERR_REDIRECT] 
2025-02-12 19:40:19,829 [ERROR] LogOutputStream:75 - [STDERR_REDIRECT] [Fatal Error] :1:1: Premature end of file.
2025-02-12 19:40:19,829 [ERROR] LogOutputStream:75 - [STDERR_REDIRECT] 
2025-02-12 19:40:20,830 [ERROR] LogOutputStream:75 - [STDERR_REDIRECT] [Fatal Error] :1:1: Premature end of file.
2025-02-12 19:40:20,830 [ERROR] LogOutputStream:75 - [STDERR_REDIRECT] 
2025-02-12 19:40:21,830 [ERROR] LogOutputStream:75 - [STDERR_REDIRECT] [Fatal Error] :1:1: Premature end of file.
2025-02-12 19:40:21,830 [ERROR] LogOutputStream:75 - [STDERR_REDIRECT] 
2025-02-12 19:40:22,829 [ERROR] LogOutputStream:75 - [STDERR_REDIRECT] [Fatal Error] :1:1: Premature end of file.
2025-02-12 19:40:22,829 [ERROR] LogOutputStream:75 - [STDERR_REDIRECT] 
2025-02-12 19:40:23,830 [ERROR] LogOutputStream:75 - [STDERR_REDIRECT] [Fatal Error] :1:1: Premature end of file.
2025-02-12 19:40:23,830 [ERROR] LogOutputStream:75 - [STDERR_REDIRECT] 
2025-02-12 19:40:24,832 [ERROR] LogOutputStream:75 - [STDERR_REDIRECT] [Fatal Error] :1:1: Premature end of file.
2025-02-12 19:40:24,832 [ERROR] LogOutputStream:75 - [STDERR_REDIRECT] 
2025-02-12 19:40:25,829 [ERROR] LogOutputStream:75 - [STDERR_REDIRECT] [Fatal Error] :1:1: Premature end of file.
2025-02-12 19:40:25,829 [ERROR] LogOutputStream:75 - [STDERR_REDIRECT] 
2025-02-12 19:40:26,832 [ERROR] LogOutputStream:75 - [STDERR_REDIRECT] [Fatal Error] :1:1: Premature end of file.
2025-02-12 19:40:26,832 [ERROR] LogOutputStream:75 - [STDERR_REDIRECT] 
2025-02-12 19:40:27,830 [ERROR] LogOutputStream:75 - [STDERR_REDIRECT] [Fatal Error] :1:1: Premature end of file.
2025-02-12 19:40:27,830 [ERROR] LogOutputStream:75 - [STDERR_REDIRECT] 
2025-02-12 19:40:28,830 [ERROR] LogOutputStream:75 - [STDERR_REDIRECT] [Fatal Error] :1:1: Premature end of file.
2025-02-12 19:40:28,830 [ERROR] LogOutputStream:75 - [STDERR_REDIRECT] 
2025-02-12 19:40:29,828 [ERROR] LogOutputStream:75 - [STDERR_REDIRECT] [Fatal Error] :1:1: Premature end of file.
2025-02-12 19:40:29,828 [ERROR] LogOutputStream:75 - [STDERR_REDIRECT] 
2025-02-12 19:40:30,829 [ERROR] LogOutputStream:75 - [STDERR_REDIRECT] [Fatal Error] :1:1: Premature end of file.
2025-02-12 19:40:30,829 [ERROR] LogOutputStream:75 - [STDERR_REDIRECT] 
2025-02-12 19:40:31,828 [ERROR] LogOutputStream:75 - [STDERR_REDIRECT] [Fatal Error] :1:1: Premature end of file.
2025-02-12 19:40:31,828 [ERROR] LogOutputStream:75 - [STDERR_REDIRECT] 
2025-02-12 19:40:32,828 [ERROR] LogOutputStream:75 - [STDERR_REDIRECT] [Fatal Error] :1:1: Premature end of file.
2025-02-12 19:40:32,828 [ERROR] LogOutputStream:75 - [STDERR_REDIRECT] 
2025-02-12 19:40:33,831 [ERROR] LogOutputStream:75 - [STDERR_REDIRECT] [Fatal Error] :1:1: Premature end of file.
2025-02-12 19:40:33,831 [ERROR] LogOutputStream:75 - [STDERR_REDIRECT] 
2025-02-12 19:40:34,830 [ERROR] LogOutputStream:75 - [STDERR_REDIRECT] [Fatal Error] :1:1: Premature end of file.
2025-02-12 19:40:34,831 [ERROR] LogOutputStream:75 - [STDERR_REDIRECT] 
2025-02-12 19:40:35,829 [ERROR] LogOutputStream:75 - [STDERR_REDIRECT] [Fatal Error] :1:1: Premature end of file.
2025-02-12 19:40:35,829 [ERROR] LogOutputStream:75 - [STDERR_REDIRECT] 
2025-02-12 19:40:36,830 [ERROR] LogOutputStream:75 - [STDERR_REDIRECT] [Fatal Error] :1:1: Premature end of file.
2025-02-12 19:40:36,830 [ERROR] LogOutputStream:75 - [STDERR_REDIRECT] 
2025-02-12 19:40:37,830 [ERROR] LogOutputStream:75 - [STDERR_REDIRECT] [Fatal Error] :1:1: Premature end of file.
2025-02-12 19:40:37,830 [ERROR] LogOutputStream:75 - [STDERR_REDIRECT] 
2025-02-12 19:40:38,829 [ERROR] LogOutputStream:75 - [STDERR_REDIRECT] [Fatal Error] :1:1: Premature end of file.
2025-02-12 19:40:38,830 [ERROR] LogOutputStream:75 - [STDERR_REDIRECT] 
2025-02-12 19:40:39,829 [ERROR] LogOutputStream:75 - [STDERR_REDIRECT] [Fatal Error] :1:1: Premature end of file.
2025-02-12 19:40:39,829 [ERROR] LogOutputStream:75 - [STDERR_REDIRECT] 
2025-02-12 19:40:40,831 [ERROR] LogOutputStream:75 - [STDERR_REDIRECT] [Fatal Error] :1:1: Premature end of file.
2025-02-12 19:40:40,831 [ERROR] LogOutputStream:75 - [STDERR_REDIRECT] 
2025-02-12 19:40:41,829 [ERROR] LogOutputStream:75 - [STDERR_REDIRECT] [Fatal Error] :1:1: Premature end of file.
2025-02-12 19:40:41,829 [ERROR] LogOutputStream:75 - [STDERR_REDIRECT] 
2025-02-12 19:40:42,829 [ERROR] LogOutputStream:75 - [STDERR_REDIRECT] [Fatal Error] :1:1: Premature end of file.
2025-02-12 19:40:42,829 [ERROR] LogOutputStream:75 - [STDERR_REDIRECT] 
2025-02-12 19:40:43,829 [ERROR] LogOutputStream:75 - [STDERR_REDIRECT] [Fatal Error] :1:1: Premature end of file.
2025-02-12 19:40:43,829 [ERROR] LogOutputStream:75 - [STDERR_REDIRECT] 
2025-02-12 19:40:44,829 [ERROR] LogOutputStream:75 - [STDERR_REDIRECT] [Fatal Error] :1:1: Premature end of file.
2025-02-12 19:40:44,829 [ERROR] LogOutputStream:75 - [STDERR_REDIRECT] 
2025-02-12 19:40:45,828 [ERROR] LogOutputStream:75 - [STDERR_REDIRECT] [Fatal Error] :1:1: Premature end of file.
2025-02-12 19:40:45,828 [ERROR] LogOutputStream:75 - [STDERR_REDIRECT] 
2025-02-12 19:40:46,829 [ERROR] LogOutputStream:75 - [STDERR_REDIRECT] [Fatal Error] :1:1: Premature end of file.
2025-02-12 19:40:46,829 [ERROR] LogOutputStream:75 - [STDERR_REDIRECT] 
2025-02-12 19:40:47,829 [ERROR] LogOutputStream:75 - [STDERR_REDIRECT] [Fatal Error] :1:1: Premature end of file.
2025-02-12 19:40:47,829 [ERROR] LogOutputStream:75 - [STDERR_REDIRECT] 
2025-02-12 19:40:48,829 [ERROR] LogOutputStream:75 - [STDERR_REDIRECT] [Fatal Error] :1:1: Premature end of file.
2025-02-12 19:40:48,829 [ERROR] LogOutputStream:75 - [STDERR_REDIRECT] 
2025-02-12 19:40:49,829 [ERROR] LogOutputStream:75 - [STDERR_REDIRECT] [Fatal Error] :1:1: Premature end of file.
2025-02-12 19:40:49,829 [ERROR] LogOutputStream:75 - [STDERR_REDIRECT] 
2025-02-12 19:40:50,829 [ERROR] LogOutputStream:75 - [STDERR_REDIRECT] [Fatal Error] :1:1: Premature end of file.
2025-02-12 19:40:50,829 [ERROR] LogOutputStream:75 - [STDERR_REDIRECT] 
2025-02-12 19:40:51,829 [ERROR] LogOutputStream:75 - [STDERR_REDIRECT] [Fatal Error] :1:1: Premature end of file.
2025-02-12 19:40:51,829 [ERROR] LogOutputStream:75 - [STDERR_REDIRECT] 
2025-02-12 19:40:52,830 [ERROR] LogOutputStream:75 - [STDERR_REDIRECT] [Fatal Error] :1:1: Premature end of file.
2025-02-12 19:40:52,830 [ERROR] LogOutputStream:75 - [STDERR_REDIRECT] 
2025-02-12 19:40:53,839 [ERROR] LogOutputStream:75 - [STDERR_REDIRECT] [Fatal Error] :1:1: Premature end of file.
2025-02-12 19:40:53,839 [ERROR] LogOutputStream:75 - [STDERR_REDIRECT] 
2025-02-12 19:40:54,831 [ERROR] LogOutputStream:75 - [STDERR_REDIRECT] [Fatal Error] :1:1: Premature end of file.
2025-02-12 19:40:54,831 [ERROR] LogOutputStream:75 - [STDERR_REDIRECT] 
2025-02-12 19:40:55,830 [ERROR] LogOutputStream:75 - [STDERR_REDIRECT] [Fatal Error] :1:1: Premature end of file.
2025-02-12 19:40:55,831 [ERROR] LogOutputStream:75 - [STDERR_REDIRECT] 
2025-02-12 19:40:56,830 [ERROR] LogOutputStream:75 - [STDERR_REDIRECT] [Fatal Error] :1:1: Premature end of file.
2025-02-12 19:40:56,830 [ERROR] LogOutputStream:75 - [STDERR_REDIRECT] 
2025-02-12 19:40:57,830 [ERROR] LogOutputStream:75 - [STDERR_REDIRECT] [Fatal Error] :1:1: Premature end of file.
2025-02-12 19:40:57,830 [ERROR] LogOutputStream:75 - [STDERR_REDIRECT] 
2025-02-12 19:40:58,829 [ERROR] LogOutputStream:75 - [STDERR_REDIRECT] [Fatal Error] :1:1: Premature end of file.
2025-02-12 19:40:58,830 [ERROR] LogOutputStream:75 - [STDERR_REDIRECT] 
2025-02-12 19:40:59,833 [ERROR] LogOutputStream:75 - [STDERR_REDIRECT] [Fatal Error] :1:1: Premature end of file.
2025-02-12 19:40:59,833 [ERROR] LogOutputStream:75 - [STDERR_REDIRECT] 
2025-02-12 19:41:00,829 [ERROR] LogOutputStream:75 - [STDERR_REDIRECT] [Fatal Error] :1:1: Premature end of file.
2025-02-12 19:41:00,829 [ERROR] LogOutputStream:75 - [STDERR_REDIRECT] 
2025-02-12 19:41:01,829 [ERROR] LogOutputStream:75 - [STDERR_REDIRECT] [Fatal Error] :1:1: Premature end of file.
2025-02-12 19:41:01,829 [ERROR] LogOutputStream:75 - [STDERR_REDIRECT] 
2025-02-12 19:41:02,830 [ERROR] LogOutputStream:75 - [STDERR_REDIRECT] [Fatal Error] :1:1: Premature end of file.
2025-02-12 19:41:02,830 [ERROR] LogOutputStream:75 - [STDERR_REDIRECT] 
2025-02-12 19:41:03,829 [ERROR] LogOutputStream:75 - [STDERR_REDIRECT] [Fatal Error] :1:1: Premature end of file.
2025-02-12 19:41:03,829 [ERROR] LogOutputStream:75 - [STDERR_REDIRECT] 
2025-02-12 19:41:04,832 [ERROR] LogOutputStream:75 - [STDERR_REDIRECT] [Fatal Error] :1:1: Premature end of file.
2025-02-12 19:41:04,832 [ERROR] LogOutputStream:75 - [STDERR_REDIRECT] 
2025-02-12 19:41:05,828 [ERROR] LogOutputStream:75 - [STDERR_REDIRECT] [Fatal Error] :1:1: Premature end of file.
2025-02-12 19:41:05,829 [ERROR] LogOutputStream:75 - [STDERR_REDIRECT] 
2025-02-12 19:41:06,829 [ERROR] LogOutputStream:75 - [STDERR_REDIRECT] [Fatal Error] :1:1: Premature end of file.
2025-02-12 19:41:06,829 [ERROR] LogOutputStream:75 - [STDERR_REDIRECT] 
2025-02-12 19:41:07,829 [ERROR] LogOutputStream:75 - [STDERR_REDIRECT] [Fatal Error] :1:1: Premature end of file.
2025-02-12 19:41:07,829 [ERROR] LogOutputStream:75 - [STDERR_REDIRECT] 
2025-02-12 19:41:08,830 [ERROR] LogOutputStream:75 - [STDERR_REDIRECT] [Fatal Error] :1:1: Premature end of file.
2025-02-12 19:41:08,830 [ERROR] LogOutputStream:75 - [STDERR_REDIRECT] 
2025-02-12 19:41:09,829 [ERROR] LogOutputStream:75 - [STDERR_REDIRECT] [Fatal Error] :1:1: Premature end of file.
2025-02-12 19:41:09,829 [ERROR] LogOutputStream:75 - [STDERR_REDIRECT] 
2025-02-12 19:41:10,831 [ERROR] LogOutputStream:75 - [STDERR_REDIRECT] [Fatal Error] :1:1: Premature end of file.
2025-02-12 19:41:10,831 [ERROR] LogOutputStream:75 - [STDERR_REDIRECT] 
2025-02-12 19:41:11,829 [ERROR] LogOutputStream:75 - [STDERR_REDIRECT] [Fatal Error] :1:1: Premature end of file.
2025-02-12 19:41:11,829 [ERROR] LogOutputStream:75 - [STDERR_REDIRECT] 
2025-02-12 19:41:12,245 [INFO] UtilMem:75 - End SaveConfig() Used Memory: 220110232 Bytes (734003200)
2025-02-12 19:41:12,836 [ERROR] LogOutputStream:75 - [STDERR_REDIRECT] [Fatal Error] :1:1: Premature end of file.
2025-02-12 19:41:12,836 [ERROR] LogOutputStream:75 - [STDERR_REDIRECT] 
2025-02-12 19:41:12,837 [INFO] UtilMem:75 - End SaveConfig() Used Memory: 251666744 Bytes (734003200)
2025-02-12 19:41:13,266 [INFO] BlockDiagram:2766 - set Specific Code input for plugin: NVIC
2025-02-12 19:41:13,266 [INFO] BlockDiagram:2766 - set Specific Code input for plugin: USART
2025-02-12 19:41:13,266 [INFO] BlockDiagram:2766 - set Specific Code input for plugin: SYS
2025-02-12 19:41:13,266 [INFO] BlockDiagram:2766 - set Specific Code input for plugin: GPIO
2025-02-12 19:41:13,266 [INFO] BlockDiagram:2766 - set Specific Code input for plugin: RCC
2025-02-12 19:41:13,268 [INFO] CodeGenerator:896 - code generatio: config db path: C:\ST\STM32CubeIDE_1.17.0\STM32CubeIDE\plugins\com.st.stm32cube.common.mx_6.13.0.202411220809\\db\
2025-02-12 19:41:13,409 [INFO] CodeEngine:255 - oldGeneratedFile, C:\Users\o1yus\OneDrive\Desktop\Workspace\uart\MXTmpFiles\license.tmp_save
2025-02-12 19:41:13,576 [INFO] CodeEngine:279 - Generated code: C:\Users\o1yus\OneDrive\Desktop\Workspace\uart\MXTmpFiles\license.tmp
2025-02-12 19:41:13,634 [INFO] CodeEngine:255 - oldGeneratedFile, C:\Users\o1yus\OneDrive\Desktop\Workspace\uart\MXTmpFiles\gpio.tmp_save
2025-02-12 19:41:13,748 [INFO] CodeEngine:279 - Generated code: C:\Users\o1yus\OneDrive\Desktop\Workspace\uart\MXTmpFiles\gpio.tmp
2025-02-12 19:41:13,820 [INFO] CodeEngine:255 - oldGeneratedFile, C:\Users\o1yus\OneDrive\Desktop\Workspace\uart\Core\Src\stm32f1xx_it.c_save
2025-02-12 19:41:13,834 [ERROR] LogOutputStream:75 - [STDERR_REDIRECT] [Fatal Error] :1:1: Premature end of file.
2025-02-12 19:41:13,835 [ERROR] LogOutputStream:75 - [STDERR_REDIRECT] 
2025-02-12 19:41:14,003 [INFO] CodeEngine:279 - Generated code: C:\Users\o1yus\OneDrive\Desktop\Workspace\uart\Core\Src\stm32f1xx_it.c
2025-02-12 19:41:14,011 [INFO] CodeEngine:255 - oldGeneratedFile, C:\Users\o1yus\OneDrive\Desktop\Workspace\uart\Core\Inc\stm32f1xx_it.h_save
2025-02-12 19:41:14,076 [INFO] CodeEngine:279 - Generated code: C:\Users\o1yus\OneDrive\Desktop\Workspace\uart\Core\Inc\stm32f1xx_it.h
2025-02-12 19:41:14,100 [INFO] CodeEngine:255 - oldGeneratedFile, C:\Users\o1yus\OneDrive\Desktop\Workspace\uart\Core\Src\stm32f1xx_hal_msp.c_save
2025-02-12 19:41:14,262 [INFO] CodeEngine:279 - Generated code: C:\Users\o1yus\OneDrive\Desktop\Workspace\uart\Core\Src\stm32f1xx_hal_msp.c
2025-02-12 19:41:14,270 [INFO] CodeEngine:255 - oldGeneratedFile, C:\Users\o1yus\OneDrive\Desktop\Workspace\uart\MXTmpFiles\system.tmp_save
2025-02-12 19:41:14,324 [INFO] CodeEngine:279 - Generated code: C:\Users\o1yus\OneDrive\Desktop\Workspace\uart\MXTmpFiles\system.tmp
2025-02-12 19:41:14,347 [INFO] CodeEngine:311 - oldGeneratedFile, C:\Users\o1yus\OneDrive\Desktop\Workspace\uart\Core\Inc\stm32f1xx_hal_conf.h_save
2025-02-12 19:41:14,432 [INFO] CodeEngine:335 - Generated code: C:\Users\o1yus\OneDrive\Desktop\Workspace\uart\Core\Inc\stm32f1xx_hal_conf.h
2025-02-12 19:41:14,471 [INFO] ApiDbMcu:508 - Load IP Config File for USART3
2025-02-12 19:41:14,491 [INFO] CodeEngine:255 - oldGeneratedFile, C:\Users\o1yus\OneDrive\Desktop\Workspace\uart\Core\Inc\main.h_save
2025-02-12 19:41:14,576 [INFO] CodeEngine:279 - Generated code: C:\Users\o1yus\OneDrive\Desktop\Workspace\uart\Core\Inc\main.h
2025-02-12 19:41:14,591 [INFO] CodeEngine:255 - oldGeneratedFile, C:\Users\o1yus\OneDrive\Desktop\Workspace\uart\Core\Src\main.c_save
2025-02-12 19:41:14,686 [INFO] CodeEngine:279 - Generated code: C:\Users\o1yus\OneDrive\Desktop\Workspace\uart\Core\Src\main.c
2025-02-12 19:41:14,836 [ERROR] LogOutputStream:75 - [STDERR_REDIRECT] [Fatal Error] :1:1: Premature end of file.
2025-02-12 19:41:14,837 [ERROR] LogOutputStream:75 - [STDERR_REDIRECT] 
2025-02-12 19:41:14,899 [INFO] ProjectBuilder:3289 - Time for Copy HAL[1] : 129mS.
2025-02-12 19:41:14,903 [INFO] ProjectBuilder:4876 - Project Generator version: 4.5.0-RC5
2025-02-12 19:41:14,951 [INFO] ConfigFileManager:1579 - The Die is : DIE410
2025-02-12 19:41:15,836 [ERROR] LogOutputStream:75 - [STDERR_REDIRECT] [Fatal Error] :1:1: Premature end of file.
2025-02-12 19:41:15,837 [ERROR] LogOutputStream:75 - [STDERR_REDIRECT] 
2025-02-12 19:41:16,083 [INFO] ProjectBuilder:5154 - Time for Generating toolchain IDE Files: 1180mS.
2025-02-12 19:41:16,084 [INFO] ProjectBuilder:3146 - Time for Copy CMSIS : 0mS.
2025-02-12 19:41:16,086 [INFO] ProjectBuilder:3146 - Time for Copy CMSIS : 0mS.
2025-02-12 19:41:16,833 [ERROR] LogOutputStream:75 - [STDERR_REDIRECT] [Fatal Error] :1:1: Premature end of file.
2025-02-12 19:41:16,834 [ERROR] LogOutputStream:75 - [STDERR_REDIRECT] 
2025-02-12 19:41:17,834 [ERROR] LogOutputStream:75 - [STDERR_REDIRECT] [Fatal Error] :1:1: Premature end of file.
2025-02-12 19:41:17,835 [ERROR] LogOutputStream:75 - [STDERR_REDIRECT] 
2025-02-12 19:41:18,831 [ERROR] LogOutputStream:75 - [STDERR_REDIRECT] [Fatal Error] :1:1: Premature end of file.
2025-02-12 19:41:18,831 [ERROR] LogOutputStream:75 - [STDERR_REDIRECT] 
2025-02-12 19:41:19,830 [ERROR] LogOutputStream:75 - [STDERR_REDIRECT] [Fatal Error] :1:1: Premature end of file.
2025-02-12 19:41:19,830 [ERROR] LogOutputStream:75 - [STDERR_REDIRECT] 
2025-02-12 19:41:20,830 [ERROR] LogOutputStream:75 - [STDERR_REDIRECT] [Fatal Error] :1:1: Premature end of file.
2025-02-12 19:41:20,830 [ERROR] LogOutputStream:75 - [STDERR_REDIRECT] 
2025-02-12 19:41:21,829 [ERROR] LogOutputStream:75 - [STDERR_REDIRECT] [Fatal Error] :1:1: Premature end of file.
2025-02-12 19:41:21,829 [ERROR] LogOutputStream:75 - [STDERR_REDIRECT] 
2025-02-12 19:41:22,833 [ERROR] LogOutputStream:75 - [STDERR_REDIRECT] [Fatal Error] :1:1: Premature end of file.
2025-02-12 19:41:22,833 [ERROR] LogOutputStream:75 - [STDERR_REDIRECT] 
2025-02-12 19:41:23,828 [ERROR] LogOutputStream:75 - [STDERR_REDIRECT] [Fatal Error] :1:1: Premature end of file.
2025-02-12 19:41:23,829 [ERROR] LogOutputStream:75 - [STDERR_REDIRECT] 
2025-02-12 19:41:24,829 [ERROR] LogOutputStream:75 - [STDERR_REDIRECT] [Fatal Error] :1:1: Premature end of file.
2025-02-12 19:41:24,829 [ERROR] LogOutputStream:75 - [STDERR_REDIRECT] 
2025-02-12 19:41:25,830 [ERROR] LogOutputStream:75 - [STDERR_REDIRECT] [Fatal Error] :1:1: Premature end of file.
2025-02-12 19:41:25,830 [ERROR] LogOutputStream:75 - [STDERR_REDIRECT] 
2025-02-12 19:41:26,828 [ERROR] LogOutputStream:75 - [STDERR_REDIRECT] [Fatal Error] :1:1: Premature end of file.
2025-02-12 19:41:26,828 [ERROR] LogOutputStream:75 - [STDERR_REDIRECT] 
2025-02-12 19:41:27,830 [ERROR] LogOutputStream:75 - [STDERR_REDIRECT] [Fatal Error] :1:1: Premature end of file.
2025-02-12 19:41:27,830 [ERROR] LogOutputStream:75 - [STDERR_REDIRECT] 
2025-02-12 19:41:28,829 [ERROR] LogOutputStream:75 - [STDERR_REDIRECT] [Fatal Error] :1:1: Premature end of file.
2025-02-12 19:41:28,829 [ERROR] LogOutputStream:75 - [STDERR_REDIRECT] 
2025-02-12 19:41:29,828 [ERROR] LogOutputStream:75 - [STDERR_REDIRECT] [Fatal Error] :1:1: Premature end of file.
2025-02-12 19:41:29,828 [ERROR] LogOutputStream:75 - [STDERR_REDIRECT] 
2025-02-12 19:41:30,830 [ERROR] LogOutputStream:75 - [STDERR_REDIRECT] [Fatal Error] :1:1: Premature end of file.
2025-02-12 19:41:30,830 [ERROR] LogOutputStream:75 - [STDERR_REDIRECT] 
2025-02-12 19:41:31,828 [ERROR] LogOutputStream:75 - [STDERR_REDIRECT] [Fatal Error] :1:1: Premature end of file.
2025-02-12 19:41:31,828 [ERROR] LogOutputStream:75 - [STDERR_REDIRECT] 
2025-02-12 19:41:32,829 [ERROR] LogOutputStream:75 - [STDERR_REDIRECT] [Fatal Error] :1:1: Premature end of file.
2025-02-12 19:41:32,829 [ERROR] LogOutputStream:75 - [STDERR_REDIRECT] 
2025-02-12 19:41:33,829 [ERROR] LogOutputStream:75 - [STDERR_REDIRECT] [Fatal Error] :1:1: Premature end of file.
2025-02-12 19:41:33,829 [ERROR] LogOutputStream:75 - [STDERR_REDIRECT] 
2025-02-12 19:41:34,829 [ERROR] LogOutputStream:75 - [STDERR_REDIRECT] [Fatal Error] :1:1: Premature end of file.
2025-02-12 19:41:34,829 [ERROR] LogOutputStream:75 - [STDERR_REDIRECT] 
2025-02-12 19:41:35,828 [ERROR] LogOutputStream:75 - [STDERR_REDIRECT] [Fatal Error] :1:1: Premature end of file.
2025-02-12 19:41:35,828 [ERROR] LogOutputStream:75 - [STDERR_REDIRECT] 
2025-02-12 19:41:36,828 [ERROR] LogOutputStream:75 - [STDERR_REDIRECT] [Fatal Error] :1:1: Premature end of file.
2025-02-12 19:41:36,828 [ERROR] LogOutputStream:75 - [STDERR_REDIRECT] 
2025-02-12 19:41:37,828 [ERROR] LogOutputStream:75 - [STDERR_REDIRECT] [Fatal Error] :1:1: Premature end of file.
2025-02-12 19:41:37,828 [ERROR] LogOutputStream:75 - [STDERR_REDIRECT] 
2025-02-12 19:41:38,828 [ERROR] LogOutputStream:75 - [STDERR_REDIRECT] [Fatal Error] :1:1: Premature end of file.
2025-02-12 19:41:38,828 [ERROR] LogOutputStream:75 - [STDERR_REDIRECT] 
2025-02-12 19:41:39,829 [ERROR] LogOutputStream:75 - [STDERR_REDIRECT] [Fatal Error] :1:1: Premature end of file.
2025-02-12 19:41:39,829 [ERROR] LogOutputStream:75 - [STDERR_REDIRECT] 
2025-02-12 19:41:40,829 [ERROR] LogOutputStream:75 - [STDERR_REDIRECT] [Fatal Error] :1:1: Premature end of file.
2025-02-12 19:41:40,829 [ERROR] LogOutputStream:75 - [STDERR_REDIRECT] 
2025-02-12 19:41:41,828 [ERROR] LogOutputStream:75 - [STDERR_REDIRECT] [Fatal Error] :1:1: Premature end of file.
2025-02-12 19:41:41,828 [ERROR] LogOutputStream:75 - [STDERR_REDIRECT] 
2025-02-12 19:41:42,831 [ERROR] LogOutputStream:75 - [STDERR_REDIRECT] [Fatal Error] :1:1: Premature end of file.
2025-02-12 19:41:42,831 [ERROR] LogOutputStream:75 - [STDERR_REDIRECT] 
2025-02-12 19:41:43,829 [ERROR] LogOutputStream:75 - [STDERR_REDIRECT] [Fatal Error] :1:1: Premature end of file.
2025-02-12 19:41:43,829 [ERROR] LogOutputStream:75 - [STDERR_REDIRECT] 
2025-02-12 19:41:44,830 [ERROR] LogOutputStream:75 - [STDERR_REDIRECT] [Fatal Error] :1:1: Premature end of file.
2025-02-12 19:41:44,830 [ERROR] LogOutputStream:75 - [STDERR_REDIRECT] 
2025-02-12 19:41:45,829 [ERROR] LogOutputStream:75 - [STDERR_REDIRECT] [Fatal Error] :1:1: Premature end of file.
2025-02-12 19:41:45,829 [ERROR] LogOutputStream:75 - [STDERR_REDIRECT] 
2025-02-12 19:41:46,829 [ERROR] LogOutputStream:75 - [STDERR_REDIRECT] [Fatal Error] :1:1: Premature end of file.
2025-02-12 19:41:46,830 [ERROR] LogOutputStream:75 - [STDERR_REDIRECT] 
2025-02-12 19:41:47,829 [ERROR] LogOutputStream:75 - [STDERR_REDIRECT] [Fatal Error] :1:1: Premature end of file.
2025-02-12 19:41:47,829 [ERROR] LogOutputStream:75 - [STDERR_REDIRECT] 
2025-02-12 19:41:48,829 [ERROR] LogOutputStream:75 - [STDERR_REDIRECT] [Fatal Error] :1:1: Premature end of file.
2025-02-12 19:41:48,829 [ERROR] LogOutputStream:75 - [STDERR_REDIRECT] 
2025-02-12 19:41:49,830 [ERROR] LogOutputStream:75 - [STDERR_REDIRECT] [Fatal Error] :1:1: Premature end of file.
2025-02-12 19:41:49,830 [ERROR] LogOutputStream:75 - [STDERR_REDIRECT] 
2025-02-12 19:41:50,829 [ERROR] LogOutputStream:75 - [STDERR_REDIRECT] [Fatal Error] :1:1: Premature end of file.
2025-02-12 19:41:50,829 [ERROR] LogOutputStream:75 - [STDERR_REDIRECT] 
2025-02-12 19:41:51,831 [ERROR] LogOutputStream:75 - [STDERR_REDIRECT] [Fatal Error] :1:1: Premature end of file.
2025-02-12 19:41:51,831 [ERROR] LogOutputStream:75 - [STDERR_REDIRECT] 
2025-02-12 19:41:52,828 [ERROR] LogOutputStream:75 - [STDERR_REDIRECT] [Fatal Error] :1:1: Premature end of file.
2025-02-12 19:41:52,828 [ERROR] LogOutputStream:75 - [STDERR_REDIRECT] 
2025-02-12 19:41:53,831 [ERROR] LogOutputStream:75 - [STDERR_REDIRECT] [Fatal Error] :1:1: Premature end of file.
2025-02-12 19:41:53,831 [ERROR] LogOutputStream:75 - [STDERR_REDIRECT] 
2025-02-12 19:41:54,829 [ERROR] LogOutputStream:75 - [STDERR_REDIRECT] [Fatal Error] :1:1: Premature end of file.
2025-02-12 19:41:54,829 [ERROR] LogOutputStream:75 - [STDERR_REDIRECT] 
2025-02-12 19:41:55,832 [ERROR] LogOutputStream:75 - [STDERR_REDIRECT] [Fatal Error] :1:1: Premature end of file.
2025-02-12 19:41:55,832 [ERROR] LogOutputStream:75 - [STDERR_REDIRECT] 
2025-02-12 19:41:56,830 [ERROR] LogOutputStream:75 - [STDERR_REDIRECT] [Fatal Error] :1:1: Premature end of file.
2025-02-12 19:41:56,830 [ERROR] LogOutputStream:75 - [STDERR_REDIRECT] 
2025-02-12 19:41:57,831 [ERROR] LogOutputStream:75 - [STDERR_REDIRECT] [Fatal Error] :1:1: Premature end of file.
2025-02-12 19:41:57,831 [ERROR] LogOutputStream:75 - [STDERR_REDIRECT] 
2025-02-12 19:41:58,830 [ERROR] LogOutputStream:75 - [STDERR_REDIRECT] [Fatal Error] :1:1: Premature end of file.
2025-02-12 19:41:58,830 [ERROR] LogOutputStream:75 - [STDERR_REDIRECT] 
2025-02-12 19:41:59,829 [ERROR] LogOutputStream:75 - [STDERR_REDIRECT] [Fatal Error] :1:1: Premature end of file.
2025-02-12 19:41:59,829 [ERROR] LogOutputStream:75 - [STDERR_REDIRECT] 
2025-02-12 19:42:00,830 [ERROR] LogOutputStream:75 - [STDERR_REDIRECT] [Fatal Error] :1:1: Premature end of file.
2025-02-12 19:42:00,830 [ERROR] LogOutputStream:75 - [STDERR_REDIRECT] 
2025-02-12 19:42:01,831 [ERROR] LogOutputStream:75 - [STDERR_REDIRECT] [Fatal Error] :1:1: Premature end of file.
2025-02-12 19:42:01,831 [ERROR] LogOutputStream:75 - [STDERR_REDIRECT] 
2025-02-12 19:42:02,831 [ERROR] LogOutputStream:75 - [STDERR_REDIRECT] [Fatal Error] :1:1: Premature end of file.
2025-02-12 19:42:02,831 [ERROR] LogOutputStream:75 - [STDERR_REDIRECT] 
2025-02-12 19:42:03,830 [ERROR] LogOutputStream:75 - [STDERR_REDIRECT] [Fatal Error] :1:1: Premature end of file.
2025-02-12 19:42:03,831 [ERROR] LogOutputStream:75 - [STDERR_REDIRECT] 
2025-02-12 19:42:04,830 [ERROR] LogOutputStream:75 - [STDERR_REDIRECT] [Fatal Error] :1:1: Premature end of file.
2025-02-12 19:42:04,830 [ERROR] LogOutputStream:75 - [STDERR_REDIRECT] 
2025-02-12 19:42:05,829 [ERROR] LogOutputStream:75 - [STDERR_REDIRECT] [Fatal Error] :1:1: Premature end of file.
2025-02-12 19:42:05,829 [ERROR] LogOutputStream:75 - [STDERR_REDIRECT] 
2025-02-12 19:42:06,831 [ERROR] LogOutputStream:75 - [STDERR_REDIRECT] [Fatal Error] :1:1: Premature end of file.
2025-02-12 19:42:06,831 [ERROR] LogOutputStream:75 - [STDERR_REDIRECT] 
2025-02-12 19:42:07,830 [ERROR] LogOutputStream:75 - [STDERR_REDIRECT] [Fatal Error] :1:1: Premature end of file.
2025-02-12 19:42:07,830 [ERROR] LogOutputStream:75 - [STDERR_REDIRECT] 
2025-02-12 19:42:08,829 [ERROR] LogOutputStream:75 - [STDERR_REDIRECT] [Fatal Error] :1:1: Premature end of file.
2025-02-12 19:42:08,829 [ERROR] LogOutputStream:75 - [STDERR_REDIRECT] 
2025-02-12 19:42:09,830 [ERROR] LogOutputStream:75 - [STDERR_REDIRECT] [Fatal Error] :1:1: Premature end of file.
2025-02-12 19:42:09,830 [ERROR] LogOutputStream:75 - [STDERR_REDIRECT] 
2025-02-12 19:42:10,830 [ERROR] LogOutputStream:75 - [STDERR_REDIRECT] [Fatal Error] :1:1: Premature end of file.
2025-02-12 19:42:10,830 [ERROR] LogOutputStream:75 - [STDERR_REDIRECT] 
2025-02-12 19:42:11,830 [ERROR] LogOutputStream:75 - [STDERR_REDIRECT] [Fatal Error] :1:1: Premature end of file.
2025-02-12 19:42:11,830 [ERROR] LogOutputStream:75 - [STDERR_REDIRECT] 
2025-02-12 19:42:12,830 [ERROR] LogOutputStream:75 - [STDERR_REDIRECT] [Fatal Error] :1:1: Premature end of file.
2025-02-12 19:42:12,830 [ERROR] LogOutputStream:75 - [STDERR_REDIRECT] 
2025-02-12 19:42:13,831 [ERROR] LogOutputStream:75 - [STDERR_REDIRECT] [Fatal Error] :1:1: Premature end of file.
2025-02-12 19:42:13,831 [ERROR] LogOutputStream:75 - [STDERR_REDIRECT] 
2025-02-12 19:42:14,828 [ERROR] LogOutputStream:75 - [STDERR_REDIRECT] [Fatal Error] :1:1: Premature end of file.
2025-02-12 19:42:14,828 [ERROR] LogOutputStream:75 - [STDERR_REDIRECT] 
2025-02-12 19:42:15,830 [ERROR] LogOutputStream:75 - [STDERR_REDIRECT] [Fatal Error] :1:1: Premature end of file.
2025-02-12 19:42:15,830 [ERROR] LogOutputStream:75 - [STDERR_REDIRECT] 
2025-02-12 19:42:16,831 [ERROR] LogOutputStream:75 - [STDERR_REDIRECT] [Fatal Error] :1:1: Premature end of file.
2025-02-12 19:42:16,831 [ERROR] LogOutputStream:75 - [STDERR_REDIRECT] 
2025-02-12 19:42:17,830 [ERROR] LogOutputStream:75 - [STDERR_REDIRECT] [Fatal Error] :1:1: Premature end of file.
2025-02-12 19:42:17,830 [ERROR] LogOutputStream:75 - [STDERR_REDIRECT] 
2025-02-12 19:42:18,831 [ERROR] LogOutputStream:75 - [STDERR_REDIRECT] [Fatal Error] :1:1: Premature end of file.
2025-02-12 19:42:18,831 [ERROR] LogOutputStream:75 - [STDERR_REDIRECT] 
2025-02-12 19:42:19,830 [ERROR] LogOutputStream:75 - [STDERR_REDIRECT] [Fatal Error] :1:1: Premature end of file.
2025-02-12 19:42:19,830 [ERROR] LogOutputStream:75 - [STDERR_REDIRECT] 
2025-02-12 19:42:20,829 [ERROR] LogOutputStream:75 - [STDERR_REDIRECT] [Fatal Error] :1:1: Premature end of file.
2025-02-12 19:42:20,829 [ERROR] LogOutputStream:75 - [STDERR_REDIRECT] 
2025-02-12 19:42:21,829 [ERROR] LogOutputStream:75 - [STDERR_REDIRECT] [Fatal Error] :1:1: Premature end of file.
2025-02-12 19:42:21,829 [ERROR] LogOutputStream:75 - [STDERR_REDIRECT] 
2025-02-12 19:42:22,829 [ERROR] LogOutputStream:75 - [STDERR_REDIRECT] [Fatal Error] :1:1: Premature end of file.
2025-02-12 19:42:22,829 [ERROR] LogOutputStream:75 - [STDERR_REDIRECT] 
2025-02-12 19:42:23,829 [ERROR] LogOutputStream:75 - [STDERR_REDIRECT] [Fatal Error] :1:1: Premature end of file.
2025-02-12 19:42:23,829 [ERROR] LogOutputStream:75 - [STDERR_REDIRECT] 
2025-02-12 19:42:24,831 [ERROR] LogOutputStream:75 - [STDERR_REDIRECT] [Fatal Error] :1:1: Premature end of file.
2025-02-12 19:42:24,831 [ERROR] LogOutputStream:75 - [STDERR_REDIRECT] 
2025-02-12 19:42:25,829 [ERROR] LogOutputStream:75 - [STDERR_REDIRECT] [Fatal Error] :1:1: Premature end of file.
2025-02-12 19:42:25,829 [ERROR] LogOutputStream:75 - [STDERR_REDIRECT] 
2025-02-12 19:42:26,829 [ERROR] LogOutputStream:75 - [STDERR_REDIRECT] [Fatal Error] :1:1: Premature end of file.
2025-02-12 19:42:26,829 [ERROR] LogOutputStream:75 - [STDERR_REDIRECT] 
2025-02-12 19:42:27,830 [ERROR] LogOutputStream:75 - [STDERR_REDIRECT] [Fatal Error] :1:1: Premature end of file.
2025-02-12 19:42:27,830 [ERROR] LogOutputStream:75 - [STDERR_REDIRECT] 
2025-02-12 19:42:28,831 [ERROR] LogOutputStream:75 - [STDERR_REDIRECT] [Fatal Error] :1:1: Premature end of file.
2025-02-12 19:42:28,832 [ERROR] LogOutputStream:75 - [STDERR_REDIRECT] 
2025-02-12 19:42:29,830 [ERROR] LogOutputStream:75 - [STDERR_REDIRECT] [Fatal Error] :1:1: Premature end of file.
2025-02-12 19:42:29,830 [ERROR] LogOutputStream:75 - [STDERR_REDIRECT] 
2025-02-12 19:42:30,832 [ERROR] LogOutputStream:75 - [STDERR_REDIRECT] [Fatal Error] :1:1: Premature end of file.
2025-02-12 19:42:30,832 [ERROR] LogOutputStream:75 - [STDERR_REDIRECT] 
2025-02-12 19:42:31,830 [ERROR] LogOutputStream:75 - [STDERR_REDIRECT] [Fatal Error] :1:1: Premature end of file.
2025-02-12 19:42:31,830 [ERROR] LogOutputStream:75 - [STDERR_REDIRECT] 
2025-02-12 19:42:32,829 [ERROR] LogOutputStream:75 - [STDERR_REDIRECT] [Fatal Error] :1:1: Premature end of file.
2025-02-12 19:42:32,829 [ERROR] LogOutputStream:75 - [STDERR_REDIRECT] 
2025-02-12 19:42:33,830 [ERROR] LogOutputStream:75 - [STDERR_REDIRECT] [Fatal Error] :1:1: Premature end of file.
2025-02-12 19:42:33,830 [ERROR] LogOutputStream:75 - [STDERR_REDIRECT] 
2025-02-12 19:42:34,829 [ERROR] LogOutputStream:75 - [STDERR_REDIRECT] [Fatal Error] :1:1: Premature end of file.
2025-02-12 19:42:34,829 [ERROR] LogOutputStream:75 - [STDERR_REDIRECT] 
2025-02-12 19:42:35,832 [ERROR] LogOutputStream:75 - [STDERR_REDIRECT] [Fatal Error] :1:1: Premature end of file.
2025-02-12 19:42:35,832 [ERROR] LogOutputStream:75 - [STDERR_REDIRECT] 
2025-02-12 19:42:36,829 [ERROR] LogOutputStream:75 - [STDERR_REDIRECT] [Fatal Error] :1:1: Premature end of file.
2025-02-12 19:42:36,829 [ERROR] LogOutputStream:75 - [STDERR_REDIRECT] 
2025-02-12 19:42:37,832 [ERROR] LogOutputStream:75 - [STDERR_REDIRECT] [Fatal Error] :1:1: Premature end of file.
2025-02-12 19:42:37,832 [ERROR] LogOutputStream:75 - [STDERR_REDIRECT] 
2025-02-12 19:42:38,832 [ERROR] LogOutputStream:75 - [STDERR_REDIRECT] [Fatal Error] :1:1: Premature end of file.
2025-02-12 19:42:38,832 [ERROR] LogOutputStream:75 - [STDERR_REDIRECT] 
2025-02-12 19:42:39,830 [ERROR] LogOutputStream:75 - [STDERR_REDIRECT] [Fatal Error] :1:1: Premature end of file.
2025-02-12 19:42:39,830 [ERROR] LogOutputStream:75 - [STDERR_REDIRECT] 
2025-02-12 19:42:40,831 [ERROR] LogOutputStream:75 - [STDERR_REDIRECT] [Fatal Error] :1:1: Premature end of file.
2025-02-12 19:42:40,831 [ERROR] LogOutputStream:75 - [STDERR_REDIRECT] 
2025-02-12 19:42:41,830 [ERROR] LogOutputStream:75 - [STDERR_REDIRECT] [Fatal Error] :1:1: Premature end of file.
2025-02-12 19:42:41,830 [ERROR] LogOutputStream:75 - [STDERR_REDIRECT] 
2025-02-12 19:42:42,830 [ERROR] LogOutputStream:75 - [STDERR_REDIRECT] [Fatal Error] :1:1: Premature end of file.
2025-02-12 19:42:42,830 [ERROR] LogOutputStream:75 - [STDERR_REDIRECT] 
2025-02-12 19:42:43,831 [ERROR] LogOutputStream:75 - [STDERR_REDIRECT] [Fatal Error] :1:1: Premature end of file.
2025-02-12 19:42:43,831 [ERROR] LogOutputStream:75 - [STDERR_REDIRECT] 
2025-02-12 19:42:44,829 [ERROR] LogOutputStream:75 - [STDERR_REDIRECT] [Fatal Error] :1:1: Premature end of file.
2025-02-12 19:42:44,829 [ERROR] LogOutputStream:75 - [STDERR_REDIRECT] 
2025-02-12 19:42:45,829 [ERROR] LogOutputStream:75 - [STDERR_REDIRECT] [Fatal Error] :1:1: Premature end of file.
2025-02-12 19:42:45,829 [ERROR] LogOutputStream:75 - [STDERR_REDIRECT] 
2025-02-12 19:42:46,830 [ERROR] LogOutputStream:75 - [STDERR_REDIRECT] [Fatal Error] :1:1: Premature end of file.
2025-02-12 19:42:46,831 [ERROR] LogOutputStream:75 - [STDERR_REDIRECT] 
2025-02-12 19:42:47,830 [ERROR] LogOutputStream:75 - [STDERR_REDIRECT] [Fatal Error] :1:1: Premature end of file.
2025-02-12 19:42:47,830 [ERROR] LogOutputStream:75 - [STDERR_REDIRECT] 
2025-02-12 19:42:48,831 [ERROR] LogOutputStream:75 - [STDERR_REDIRECT] [Fatal Error] :1:1: Premature end of file.
2025-02-12 19:42:48,831 [ERROR] LogOutputStream:75 - [STDERR_REDIRECT] 
2025-02-12 19:42:49,828 [ERROR] LogOutputStream:75 - [STDERR_REDIRECT] [Fatal Error] :1:1: Premature end of file.
2025-02-12 19:42:49,828 [ERROR] LogOutputStream:75 - [STDERR_REDIRECT] 
2025-02-12 19:42:50,831 [ERROR] LogOutputStream:75 - [STDERR_REDIRECT] [Fatal Error] :1:1: Premature end of file.
2025-02-12 19:42:50,832 [ERROR] LogOutputStream:75 - [STDERR_REDIRECT] 
2025-02-12 19:42:51,829 [ERROR] LogOutputStream:75 - [STDERR_REDIRECT] [Fatal Error] :1:1: Premature end of file.
2025-02-12 19:42:51,830 [ERROR] LogOutputStream:75 - [STDERR_REDIRECT] 
2025-02-12 19:42:52,828 [ERROR] LogOutputStream:75 - [STDERR_REDIRECT] [Fatal Error] :1:1: Premature end of file.
2025-02-12 19:42:52,828 [ERROR] LogOutputStream:75 - [STDERR_REDIRECT] 
2025-02-12 19:42:53,832 [ERROR] LogOutputStream:75 - [STDERR_REDIRECT] [Fatal Error] :1:1: Premature end of file.
2025-02-12 19:42:53,832 [ERROR] LogOutputStream:75 - [STDERR_REDIRECT] 
2025-02-12 19:42:54,830 [ERROR] LogOutputStream:75 - [STDERR_REDIRECT] [Fatal Error] :1:1: Premature end of file.
2025-02-12 19:42:54,830 [ERROR] LogOutputStream:75 - [STDERR_REDIRECT] 
2025-02-12 19:42:55,833 [ERROR] LogOutputStream:75 - [STDERR_REDIRECT] [Fatal Error] :1:1: Premature end of file.
2025-02-12 19:42:55,833 [ERROR] LogOutputStream:75 - [STDERR_REDIRECT] 
2025-02-12 19:42:56,831 [ERROR] LogOutputStream:75 - [STDERR_REDIRECT] [Fatal Error] :1:1: Premature end of file.
2025-02-12 19:42:56,831 [ERROR] LogOutputStream:75 - [STDERR_REDIRECT] 
2025-02-12 19:42:57,830 [ERROR] LogOutputStream:75 - [STDERR_REDIRECT] [Fatal Error] :1:1: Premature end of file.
2025-02-12 19:42:57,830 [ERROR] LogOutputStream:75 - [STDERR_REDIRECT] 
2025-02-12 19:42:58,831 [ERROR] LogOutputStream:75 - [STDERR_REDIRECT] [Fatal Error] :1:1: Premature end of file.
2025-02-12 19:42:58,831 [ERROR] LogOutputStream:75 - [STDERR_REDIRECT] 
2025-02-12 19:42:59,830 [ERROR] LogOutputStream:75 - [STDERR_REDIRECT] [Fatal Error] :1:1: Premature end of file.
2025-02-12 19:42:59,830 [ERROR] LogOutputStream:75 - [STDERR_REDIRECT] 
2025-02-12 19:43:00,838 [ERROR] LogOutputStream:75 - [STDERR_REDIRECT] [Fatal Error] :1:1: Premature end of file.
2025-02-12 19:43:00,838 [ERROR] LogOutputStream:75 - [STDERR_REDIRECT] 
2025-02-12 19:43:01,832 [ERROR] LogOutputStream:75 - [STDERR_REDIRECT] [Fatal Error] :1:1: Premature end of file.
2025-02-12 19:43:01,832 [ERROR] LogOutputStream:75 - [STDERR_REDIRECT] 
2025-02-12 19:43:02,830 [ERROR] LogOutputStream:75 - [STDERR_REDIRECT] [Fatal Error] :1:1: Premature end of file.
2025-02-12 19:43:02,830 [ERROR] LogOutputStream:75 - [STDERR_REDIRECT] 
2025-02-12 19:43:03,830 [ERROR] LogOutputStream:75 - [STDERR_REDIRECT] [Fatal Error] :1:1: Premature end of file.
2025-02-12 19:43:03,830 [ERROR] LogOutputStream:75 - [STDERR_REDIRECT] 
2025-02-12 19:43:04,830 [ERROR] LogOutputStream:75 - [STDERR_REDIRECT] [Fatal Error] :1:1: Premature end of file.
2025-02-12 19:43:04,830 [ERROR] LogOutputStream:75 - [STDERR_REDIRECT] 
2025-02-12 19:43:05,829 [ERROR] LogOutputStream:75 - [STDERR_REDIRECT] [Fatal Error] :1:1: Premature end of file.
2025-02-12 19:43:05,829 [ERROR] LogOutputStream:75 - [STDERR_REDIRECT] 
2025-02-12 19:43:06,830 [ERROR] LogOutputStream:75 - [STDERR_REDIRECT] [Fatal Error] :1:1: Premature end of file.
2025-02-12 19:43:06,830 [ERROR] LogOutputStream:75 - [STDERR_REDIRECT] 
2025-02-12 19:43:07,829 [ERROR] LogOutputStream:75 - [STDERR_REDIRECT] [Fatal Error] :1:1: Premature end of file.
2025-02-12 19:43:07,829 [ERROR] LogOutputStream:75 - [STDERR_REDIRECT] 
2025-02-12 19:43:08,830 [ERROR] LogOutputStream:75 - [STDERR_REDIRECT] [Fatal Error] :1:1: Premature end of file.
2025-02-12 19:43:08,831 [ERROR] LogOutputStream:75 - [STDERR_REDIRECT] 
2025-02-12 19:43:09,829 [ERROR] LogOutputStream:75 - [STDERR_REDIRECT] [Fatal Error] :1:1: Premature end of file.
2025-02-12 19:43:09,829 [ERROR] LogOutputStream:75 - [STDERR_REDIRECT] 
2025-02-12 19:43:10,830 [ERROR] LogOutputStream:75 - [STDERR_REDIRECT] [Fatal Error] :1:1: Premature end of file.
2025-02-12 19:43:10,830 [ERROR] LogOutputStream:75 - [STDERR_REDIRECT] 
2025-02-12 19:43:11,831 [ERROR] LogOutputStream:75 - [STDERR_REDIRECT] [Fatal Error] :1:1: Premature end of file.
2025-02-12 19:43:11,831 [ERROR] LogOutputStream:75 - [STDERR_REDIRECT] 
2025-02-12 19:43:12,830 [ERROR] LogOutputStream:75 - [STDERR_REDIRECT] [Fatal Error] :1:1: Premature end of file.
2025-02-12 19:43:12,830 [ERROR] LogOutputStream:75 - [STDERR_REDIRECT] 
2025-02-12 19:43:13,830 [ERROR] LogOutputStream:75 - [STDERR_REDIRECT] [Fatal Error] :1:1: Premature end of file.
2025-02-12 19:43:13,830 [ERROR] LogOutputStream:75 - [STDERR_REDIRECT] 
2025-02-12 19:43:14,830 [ERROR] LogOutputStream:75 - [STDERR_REDIRECT] [Fatal Error] :1:1: Premature end of file.
2025-02-12 19:43:14,830 [ERROR] LogOutputStream:75 - [STDERR_REDIRECT] 
2025-02-12 19:43:15,830 [ERROR] LogOutputStream:75 - [STDERR_REDIRECT] [Fatal Error] :1:1: Premature end of file.
2025-02-12 19:43:15,830 [ERROR] LogOutputStream:75 - [STDERR_REDIRECT] 
2025-02-12 19:43:16,830 [ERROR] LogOutputStream:75 - [STDERR_REDIRECT] [Fatal Error] :1:1: Premature end of file.
2025-02-12 19:43:16,830 [ERROR] LogOutputStream:75 - [STDERR_REDIRECT] 
2025-02-12 19:43:17,829 [ERROR] LogOutputStream:75 - [STDERR_REDIRECT] [Fatal Error] :1:1: Premature end of file.
2025-02-12 19:43:17,829 [ERROR] LogOutputStream:75 - [STDERR_REDIRECT] 
2025-02-12 19:43:18,829 [ERROR] LogOutputStream:75 - [STDERR_REDIRECT] [Fatal Error] :1:1: Premature end of file.
2025-02-12 19:43:18,829 [ERROR] LogOutputStream:75 - [STDERR_REDIRECT] 
2025-02-12 19:43:19,829 [ERROR] LogOutputStream:75 - [STDERR_REDIRECT] [Fatal Error] :1:1: Premature end of file.
2025-02-12 19:43:19,829 [ERROR] LogOutputStream:75 - [STDERR_REDIRECT] 
2025-02-12 19:43:20,829 [ERROR] LogOutputStream:75 - [STDERR_REDIRECT] [Fatal Error] :1:1: Premature end of file.
2025-02-12 19:43:20,829 [ERROR] LogOutputStream:75 - [STDERR_REDIRECT] 
2025-02-12 19:43:21,831 [ERROR] LogOutputStream:75 - [STDERR_REDIRECT] [Fatal Error] :1:1: Premature end of file.
2025-02-12 19:43:21,831 [ERROR] LogOutputStream:75 - [STDERR_REDIRECT] 
2025-02-12 19:43:22,832 [ERROR] LogOutputStream:75 - [STDERR_REDIRECT] [Fatal Error] :1:1: Premature end of file.
2025-02-12 19:43:22,833 [ERROR] LogOutputStream:75 - [STDERR_REDIRECT] 
2025-02-12 19:43:23,829 [ERROR] LogOutputStream:75 - [STDERR_REDIRECT] [Fatal Error] :1:1: Premature end of file.
2025-02-12 19:43:23,829 [ERROR] LogOutputStream:75 - [STDERR_REDIRECT] 
2025-02-12 19:43:24,830 [ERROR] LogOutputStream:75 - [STDERR_REDIRECT] [Fatal Error] :1:1: Premature end of file.
2025-02-12 19:43:24,831 [ERROR] LogOutputStream:75 - [STDERR_REDIRECT] 
2025-02-12 19:43:25,831 [ERROR] LogOutputStream:75 - [STDERR_REDIRECT] [Fatal Error] :1:1: Premature end of file.
2025-02-12 19:43:25,831 [ERROR] LogOutputStream:75 - [STDERR_REDIRECT] 
2025-02-12 19:43:26,833 [ERROR] LogOutputStream:75 - [STDERR_REDIRECT] [Fatal Error] :1:1: Premature end of file.
2025-02-12 19:43:26,833 [ERROR] LogOutputStream:75 - [STDERR_REDIRECT] 
2025-02-12 19:43:27,830 [ERROR] LogOutputStream:75 - [STDERR_REDIRECT] [Fatal Error] :1:1: Premature end of file.
2025-02-12 19:43:27,830 [ERROR] LogOutputStream:75 - [STDERR_REDIRECT] 
2025-02-12 19:43:28,830 [ERROR] LogOutputStream:75 - [STDERR_REDIRECT] [Fatal Error] :1:1: Premature end of file.
2025-02-12 19:43:28,830 [ERROR] LogOutputStream:75 - [STDERR_REDIRECT] 
2025-02-12 19:43:29,830 [ERROR] LogOutputStream:75 - [STDERR_REDIRECT] [Fatal Error] :1:1: Premature end of file.
2025-02-12 19:43:29,831 [ERROR] LogOutputStream:75 - [STDERR_REDIRECT] 
2025-02-12 19:43:30,830 [ERROR] LogOutputStream:75 - [STDERR_REDIRECT] [Fatal Error] :1:1: Premature end of file.
2025-02-12 19:43:30,830 [ERROR] LogOutputStream:75 - [STDERR_REDIRECT] 
2025-02-12 19:43:31,831 [ERROR] LogOutputStream:75 - [STDERR_REDIRECT] [Fatal Error] :1:1: Premature end of file.
2025-02-12 19:43:31,831 [ERROR] LogOutputStream:75 - [STDERR_REDIRECT] 
2025-02-12 19:43:32,830 [ERROR] LogOutputStream:75 - [STDERR_REDIRECT] [Fatal Error] :1:1: Premature end of file.
2025-02-12 19:43:32,830 [ERROR] LogOutputStream:75 - [STDERR_REDIRECT] 
2025-02-12 19:43:33,830 [ERROR] LogOutputStream:75 - [STDERR_REDIRECT] [Fatal Error] :1:1: Premature end of file.
2025-02-12 19:43:33,830 [ERROR] LogOutputStream:75 - [STDERR_REDIRECT] 
2025-02-12 19:43:34,830 [ERROR] LogOutputStream:75 - [STDERR_REDIRECT] [Fatal Error] :1:1: Premature end of file.
2025-02-12 19:43:34,830 [ERROR] LogOutputStream:75 - [STDERR_REDIRECT] 
2025-02-12 19:43:35,829 [ERROR] LogOutputStream:75 - [STDERR_REDIRECT] [Fatal Error] :1:1: Premature end of file.
2025-02-12 19:43:35,829 [ERROR] LogOutputStream:75 - [STDERR_REDIRECT] 
2025-02-12 19:43:36,829 [ERROR] LogOutputStream:75 - [STDERR_REDIRECT] [Fatal Error] :1:1: Premature end of file.
2025-02-12 19:43:36,829 [ERROR] LogOutputStream:75 - [STDERR_REDIRECT] 
2025-02-12 19:43:37,830 [ERROR] LogOutputStream:75 - [STDERR_REDIRECT] [Fatal Error] :1:1: Premature end of file.
2025-02-12 19:43:37,830 [ERROR] LogOutputStream:75 - [STDERR_REDIRECT] 
2025-02-12 19:43:38,831 [ERROR] LogOutputStream:75 - [STDERR_REDIRECT] [Fatal Error] :1:1: Premature end of file.
2025-02-12 19:43:38,831 [ERROR] LogOutputStream:75 - [STDERR_REDIRECT] 
2025-02-12 19:43:39,829 [ERROR] LogOutputStream:75 - [STDERR_REDIRECT] [Fatal Error] :1:1: Premature end of file.
2025-02-12 19:43:39,830 [ERROR] LogOutputStream:75 - [STDERR_REDIRECT] 
2025-02-12 19:43:40,830 [ERROR] LogOutputStream:75 - [STDERR_REDIRECT] [Fatal Error] :1:1: Premature end of file.
2025-02-12 19:43:40,831 [ERROR] LogOutputStream:75 - [STDERR_REDIRECT] 
2025-02-12 19:43:41,830 [ERROR] LogOutputStream:75 - [STDERR_REDIRECT] [Fatal Error] :1:1: Premature end of file.
2025-02-12 19:43:41,830 [ERROR] LogOutputStream:75 - [STDERR_REDIRECT] 
2025-02-12 19:43:42,830 [ERROR] LogOutputStream:75 - [STDERR_REDIRECT] [Fatal Error] :1:1: Premature end of file.
2025-02-12 19:43:42,830 [ERROR] LogOutputStream:75 - [STDERR_REDIRECT] 
2025-02-12 19:43:43,829 [ERROR] LogOutputStream:75 - [STDERR_REDIRECT] [Fatal Error] :1:1: Premature end of file.
2025-02-12 19:43:43,829 [ERROR] LogOutputStream:75 - [STDERR_REDIRECT] 
2025-02-12 19:43:44,830 [ERROR] LogOutputStream:75 - [STDERR_REDIRECT] [Fatal Error] :1:1: Premature end of file.
2025-02-12 19:43:44,830 [ERROR] LogOutputStream:75 - [STDERR_REDIRECT] 
2025-02-12 19:43:45,832 [ERROR] LogOutputStream:75 - [STDERR_REDIRECT] [Fatal Error] :1:1: Premature end of file.
2025-02-12 19:43:45,832 [ERROR] LogOutputStream:75 - [STDERR_REDIRECT] 
2025-02-12 19:43:46,830 [ERROR] LogOutputStream:75 - [STDERR_REDIRECT] [Fatal Error] :1:1: Premature end of file.
2025-02-12 19:43:46,830 [ERROR] LogOutputStream:75 - [STDERR_REDIRECT] 
2025-02-12 19:43:47,831 [ERROR] LogOutputStream:75 - [STDERR_REDIRECT] [Fatal Error] :1:1: Premature end of file.
2025-02-12 19:43:47,831 [ERROR] LogOutputStream:75 - [STDERR_REDIRECT] 
2025-02-12 19:43:48,830 [ERROR] LogOutputStream:75 - [STDERR_REDIRECT] [Fatal Error] :1:1: Premature end of file.
2025-02-12 19:43:48,830 [ERROR] LogOutputStream:75 - [STDERR_REDIRECT] 
2025-02-12 19:43:49,829 [ERROR] LogOutputStream:75 - [STDERR_REDIRECT] [Fatal Error] :1:1: Premature end of file.
2025-02-12 19:43:49,829 [ERROR] LogOutputStream:75 - [STDERR_REDIRECT] 
2025-02-12 19:43:50,831 [ERROR] LogOutputStream:75 - [STDERR_REDIRECT] [Fatal Error] :1:1: Premature end of file.
2025-02-12 19:43:50,831 [ERROR] LogOutputStream:75 - [STDERR_REDIRECT] 
2025-02-12 19:43:51,829 [ERROR] LogOutputStream:75 - [STDERR_REDIRECT] [Fatal Error] :1:1: Premature end of file.
2025-02-12 19:43:51,829 [ERROR] LogOutputStream:75 - [STDERR_REDIRECT] 
2025-02-12 19:43:52,831 [ERROR] LogOutputStream:75 - [STDERR_REDIRECT] [Fatal Error] :1:1: Premature end of file.
2025-02-12 19:43:52,831 [ERROR] LogOutputStream:75 - [STDERR_REDIRECT] 
2025-02-12 19:43:53,829 [ERROR] LogOutputStream:75 - [STDERR_REDIRECT] [Fatal Error] :1:1: Premature end of file.
2025-02-12 19:43:53,829 [ERROR] LogOutputStream:75 - [STDERR_REDIRECT] 
2025-02-12 19:43:54,830 [ERROR] LogOutputStream:75 - [STDERR_REDIRECT] [Fatal Error] :1:1: Premature end of file.
2025-02-12 19:43:54,830 [ERROR] LogOutputStream:75 - [STDERR_REDIRECT] 
2025-02-12 19:43:55,830 [ERROR] LogOutputStream:75 - [STDERR_REDIRECT] [Fatal Error] :1:1: Premature end of file.
2025-02-12 19:43:55,830 [ERROR] LogOutputStream:75 - [STDERR_REDIRECT] 
2025-02-12 19:43:56,829 [ERROR] LogOutputStream:75 - [STDERR_REDIRECT] [Fatal Error] :1:1: Premature end of file.
2025-02-12 19:43:56,829 [ERROR] LogOutputStream:75 - [STDERR_REDIRECT] 
2025-02-12 19:43:57,830 [ERROR] LogOutputStream:75 - [STDERR_REDIRECT] [Fatal Error] :1:1: Premature end of file.
2025-02-12 19:43:57,830 [ERROR] LogOutputStream:75 - [STDERR_REDIRECT] 
2025-02-12 19:43:58,831 [ERROR] LogOutputStream:75 - [STDERR_REDIRECT] [Fatal Error] :1:1: Premature end of file.
2025-02-12 19:43:58,831 [ERROR] LogOutputStream:75 - [STDERR_REDIRECT] 
2025-02-12 19:43:59,828 [ERROR] LogOutputStream:75 - [STDERR_REDIRECT] [Fatal Error] :1:1: Premature end of file.
2025-02-12 19:43:59,828 [ERROR] LogOutputStream:75 - [STDERR_REDIRECT] 
2025-02-12 19:44:00,831 [ERROR] LogOutputStream:75 - [STDERR_REDIRECT] [Fatal Error] :1:1: Premature end of file.
2025-02-12 19:44:00,831 [ERROR] LogOutputStream:75 - [STDERR_REDIRECT] 
2025-02-12 19:44:01,829 [ERROR] LogOutputStream:75 - [STDERR_REDIRECT] [Fatal Error] :1:1: Premature end of file.
2025-02-12 19:44:01,830 [ERROR] LogOutputStream:75 - [STDERR_REDIRECT] 
2025-02-12 19:44:02,832 [ERROR] LogOutputStream:75 - [STDERR_REDIRECT] [Fatal Error] :1:1: Premature end of file.
2025-02-12 19:44:02,832 [ERROR] LogOutputStream:75 - [STDERR_REDIRECT] 
2025-02-12 19:44:03,832 [ERROR] LogOutputStream:75 - [STDERR_REDIRECT] [Fatal Error] :1:1: Premature end of file.
2025-02-12 19:44:03,832 [ERROR] LogOutputStream:75 - [STDERR_REDIRECT] 
2025-02-12 19:44:04,830 [ERROR] LogOutputStream:75 - [STDERR_REDIRECT] [Fatal Error] :1:1: Premature end of file.
2025-02-12 19:44:04,830 [ERROR] LogOutputStream:75 - [STDERR_REDIRECT] 
2025-02-12 19:44:05,833 [ERROR] LogOutputStream:75 - [STDERR_REDIRECT] [Fatal Error] :1:1: Premature end of file.
2025-02-12 19:44:05,833 [ERROR] LogOutputStream:75 - [STDERR_REDIRECT] 
2025-02-12 19:44:06,831 [ERROR] LogOutputStream:75 - [STDERR_REDIRECT] [Fatal Error] :1:1: Premature end of file.
2025-02-12 19:44:06,831 [ERROR] LogOutputStream:75 - [STDERR_REDIRECT] 
2025-02-12 19:44:07,829 [ERROR] LogOutputStream:75 - [STDERR_REDIRECT] [Fatal Error] :1:1: Premature end of file.
2025-02-12 19:44:07,829 [ERROR] LogOutputStream:75 - [STDERR_REDIRECT] 
2025-02-12 19:44:08,830 [ERROR] LogOutputStream:75 - [STDERR_REDIRECT] [Fatal Error] :1:1: Premature end of file.
2025-02-12 19:44:08,830 [ERROR] LogOutputStream:75 - [STDERR_REDIRECT] 
2025-02-12 19:44:09,832 [ERROR] LogOutputStream:75 - [STDERR_REDIRECT] [Fatal Error] :1:1: Premature end of file.
2025-02-12 19:44:09,832 [ERROR] LogOutputStream:75 - [STDERR_REDIRECT] 
2025-02-12 19:44:10,831 [ERROR] LogOutputStream:75 - [STDERR_REDIRECT] [Fatal Error] :1:1: Premature end of file.
2025-02-12 19:44:10,831 [ERROR] LogOutputStream:75 - [STDERR_REDIRECT] 
2025-02-12 19:44:11,831 [ERROR] LogOutputStream:75 - [STDERR_REDIRECT] [Fatal Error] :1:1: Premature end of file.
2025-02-12 19:44:11,831 [ERROR] LogOutputStream:75 - [STDERR_REDIRECT] 
2025-02-12 19:44:12,832 [ERROR] LogOutputStream:75 - [STDERR_REDIRECT] [Fatal Error] :1:1: Premature end of file.
2025-02-12 19:44:12,832 [ERROR] LogOutputStream:75 - [STDERR_REDIRECT] 
2025-02-12 19:44:13,830 [ERROR] LogOutputStream:75 - [STDERR_REDIRECT] [Fatal Error] :1:1: Premature end of file.
2025-02-12 19:44:13,830 [ERROR] LogOutputStream:75 - [STDERR_REDIRECT] 
2025-02-12 19:44:14,830 [ERROR] LogOutputStream:75 - [STDERR_REDIRECT] [Fatal Error] :1:1: Premature end of file.
2025-02-12 19:44:14,830 [ERROR] LogOutputStream:75 - [STDERR_REDIRECT] 
2025-02-12 19:44:15,830 [ERROR] LogOutputStream:75 - [STDERR_REDIRECT] [Fatal Error] :1:1: Premature end of file.
2025-02-12 19:44:15,830 [ERROR] LogOutputStream:75 - [STDERR_REDIRECT] 
2025-02-12 19:44:16,830 [ERROR] LogOutputStream:75 - [STDERR_REDIRECT] [Fatal Error] :1:1: Premature end of file.
2025-02-12 19:44:16,830 [ERROR] LogOutputStream:75 - [STDERR_REDIRECT] 
2025-02-12 19:44:17,831 [ERROR] LogOutputStream:75 - [STDERR_REDIRECT] [Fatal Error] :1:1: Premature end of file.
2025-02-12 19:44:17,831 [ERROR] LogOutputStream:75 - [STDERR_REDIRECT] 
2025-02-12 19:44:18,829 [ERROR] LogOutputStream:75 - [STDERR_REDIRECT] [Fatal Error] :1:1: Premature end of file.
2025-02-12 19:44:18,829 [ERROR] LogOutputStream:75 - [STDERR_REDIRECT] 
2025-02-12 19:44:19,829 [ERROR] LogOutputStream:75 - [STDERR_REDIRECT] [Fatal Error] :1:1: Premature end of file.
2025-02-12 19:44:19,829 [ERROR] LogOutputStream:75 - [STDERR_REDIRECT] 
2025-02-12 19:44:20,832 [ERROR] LogOutputStream:75 - [STDERR_REDIRECT] [Fatal Error] :1:1: Premature end of file.
2025-02-12 19:44:20,832 [ERROR] LogOutputStream:75 - [STDERR_REDIRECT] 
2025-02-12 19:44:21,830 [ERROR] LogOutputStream:75 - [STDERR_REDIRECT] [Fatal Error] :1:1: Premature end of file.
2025-02-12 19:44:21,830 [ERROR] LogOutputStream:75 - [STDERR_REDIRECT] 
2025-02-12 19:44:22,830 [ERROR] LogOutputStream:75 - [STDERR_REDIRECT] [Fatal Error] :1:1: Premature end of file.
2025-02-12 19:44:22,830 [ERROR] LogOutputStream:75 - [STDERR_REDIRECT] 
2025-02-12 19:44:23,831 [ERROR] LogOutputStream:75 - [STDERR_REDIRECT] [Fatal Error] :1:1: Premature end of file.
2025-02-12 19:44:23,831 [ERROR] LogOutputStream:75 - [STDERR_REDIRECT] 
2025-02-12 19:44:24,831 [ERROR] LogOutputStream:75 - [STDERR_REDIRECT] [Fatal Error] :1:1: Premature end of file.
2025-02-12 19:44:24,831 [ERROR] LogOutputStream:75 - [STDERR_REDIRECT] 
2025-02-12 19:44:25,830 [ERROR] LogOutputStream:75 - [STDERR_REDIRECT] [Fatal Error] :1:1: Premature end of file.
2025-02-12 19:44:25,830 [ERROR] LogOutputStream:75 - [STDERR_REDIRECT] 
2025-02-12 19:44:26,831 [ERROR] LogOutputStream:75 - [STDERR_REDIRECT] [Fatal Error] :1:1: Premature end of file.
2025-02-12 19:44:26,831 [ERROR] LogOutputStream:75 - [STDERR_REDIRECT] 
2025-02-12 19:44:27,831 [ERROR] LogOutputStream:75 - [STDERR_REDIRECT] [Fatal Error] :1:1: Premature end of file.
2025-02-12 19:44:27,831 [ERROR] LogOutputStream:75 - [STDERR_REDIRECT] 
2025-02-12 19:44:28,832 [ERROR] LogOutputStream:75 - [STDERR_REDIRECT] [Fatal Error] :1:1: Premature end of file.
2025-02-12 19:44:28,832 [ERROR] LogOutputStream:75 - [STDERR_REDIRECT] 
2025-02-12 19:44:29,830 [ERROR] LogOutputStream:75 - [STDERR_REDIRECT] [Fatal Error] :1:1: Premature end of file.
2025-02-12 19:44:29,830 [ERROR] LogOutputStream:75 - [STDERR_REDIRECT] 
2025-02-12 19:44:30,829 [ERROR] LogOutputStream:75 - [STDERR_REDIRECT] [Fatal Error] :1:1: Premature end of file.
2025-02-12 19:44:30,830 [ERROR] LogOutputStream:75 - [STDERR_REDIRECT] 
2025-02-12 19:44:31,827 [ERROR] LogOutputStream:75 - [STDERR_REDIRECT] [Fatal Error] :1:1: Premature end of file.
2025-02-12 19:44:31,828 [ERROR] LogOutputStream:75 - [STDERR_REDIRECT] 
2025-02-12 19:44:32,828 [ERROR] LogOutputStream:75 - [STDERR_REDIRECT] [Fatal Error] :1:1: Premature end of file.
2025-02-12 19:44:32,828 [ERROR] LogOutputStream:75 - [STDERR_REDIRECT] 
2025-02-12 19:44:33,829 [ERROR] LogOutputStream:75 - [STDERR_REDIRECT] [Fatal Error] :1:1: Premature end of file.
2025-02-12 19:44:33,829 [ERROR] LogOutputStream:75 - [STDERR_REDIRECT] 
2025-02-12 19:44:34,829 [ERROR] LogOutputStream:75 - [STDERR_REDIRECT] [Fatal Error] :1:1: Premature end of file.
2025-02-12 19:44:34,829 [ERROR] LogOutputStream:75 - [STDERR_REDIRECT] 
2025-02-12 19:44:35,830 [ERROR] LogOutputStream:75 - [STDERR_REDIRECT] [Fatal Error] :1:1: Premature end of file.
2025-02-12 19:44:35,830 [ERROR] LogOutputStream:75 - [STDERR_REDIRECT] 
2025-02-12 19:44:36,831 [ERROR] LogOutputStream:75 - [STDERR_REDIRECT] [Fatal Error] :1:1: Premature end of file.
2025-02-12 19:44:36,831 [ERROR] LogOutputStream:75 - [STDERR_REDIRECT] 
2025-02-12 19:44:37,832 [ERROR] LogOutputStream:75 - [STDERR_REDIRECT] [Fatal Error] :1:1: Premature end of file.
2025-02-12 19:44:37,832 [ERROR] LogOutputStream:75 - [STDERR_REDIRECT] 
2025-02-12 19:44:38,829 [ERROR] LogOutputStream:75 - [STDERR_REDIRECT] [Fatal Error] :1:1: Premature end of file.
2025-02-12 19:44:38,829 [ERROR] LogOutputStream:75 - [STDERR_REDIRECT] 
2025-02-12 19:44:39,832 [ERROR] LogOutputStream:75 - [STDERR_REDIRECT] [Fatal Error] :1:1: Premature end of file.
2025-02-12 19:44:39,832 [ERROR] LogOutputStream:75 - [STDERR_REDIRECT] 
2025-02-12 19:44:40,829 [ERROR] LogOutputStream:75 - [STDERR_REDIRECT] [Fatal Error] :1:1: Premature end of file.
2025-02-12 19:44:40,830 [ERROR] LogOutputStream:75 - [STDERR_REDIRECT] 
2025-02-12 19:44:41,829 [ERROR] LogOutputStream:75 - [STDERR_REDIRECT] [Fatal Error] :1:1: Premature end of file.
2025-02-12 19:44:41,829 [ERROR] LogOutputStream:75 - [STDERR_REDIRECT] 
2025-02-12 19:44:42,830 [ERROR] LogOutputStream:75 - [STDERR_REDIRECT] [Fatal Error] :1:1: Premature end of file.
2025-02-12 19:44:42,830 [ERROR] LogOutputStream:75 - [STDERR_REDIRECT] 
2025-02-12 19:44:43,832 [ERROR] LogOutputStream:75 - [STDERR_REDIRECT] [Fatal Error] :1:1: Premature end of file.
2025-02-12 19:44:43,832 [ERROR] LogOutputStream:75 - [STDERR_REDIRECT] 
2025-02-12 19:44:44,831 [ERROR] LogOutputStream:75 - [STDERR_REDIRECT] [Fatal Error] :1:1: Premature end of file.
2025-02-12 19:44:44,831 [ERROR] LogOutputStream:75 - [STDERR_REDIRECT] 
2025-02-12 19:44:45,831 [ERROR] LogOutputStream:75 - [STDERR_REDIRECT] [Fatal Error] :1:1: Premature end of file.
2025-02-12 19:44:45,831 [ERROR] LogOutputStream:75 - [STDERR_REDIRECT] 
2025-02-12 19:44:46,832 [ERROR] LogOutputStream:75 - [STDERR_REDIRECT] [Fatal Error] :1:1: Premature end of file.
2025-02-12 19:44:46,832 [ERROR] LogOutputStream:75 - [STDERR_REDIRECT] 
2025-02-12 19:44:47,830 [ERROR] LogOutputStream:75 - [STDERR_REDIRECT] [Fatal Error] :1:1: Premature end of file.
2025-02-12 19:44:47,830 [ERROR] LogOutputStream:75 - [STDERR_REDIRECT] 
2025-02-12 19:44:48,830 [ERROR] LogOutputStream:75 - [STDERR_REDIRECT] [Fatal Error] :1:1: Premature end of file.
2025-02-12 19:44:48,830 [ERROR] LogOutputStream:75 - [STDERR_REDIRECT] 
2025-02-12 19:44:49,829 [ERROR] LogOutputStream:75 - [STDERR_REDIRECT] [Fatal Error] :1:1: Premature end of file.
2025-02-12 19:44:49,829 [ERROR] LogOutputStream:75 - [STDERR_REDIRECT] 
2025-02-12 19:44:50,830 [ERROR] LogOutputStream:75 - [STDERR_REDIRECT] [Fatal Error] :1:1: Premature end of file.
2025-02-12 19:44:50,830 [ERROR] LogOutputStream:75 - [STDERR_REDIRECT] 
2025-02-12 19:44:51,830 [ERROR] LogOutputStream:75 - [STDERR_REDIRECT] [Fatal Error] :1:1: Premature end of file.
2025-02-12 19:44:51,830 [ERROR] LogOutputStream:75 - [STDERR_REDIRECT] 
2025-02-12 19:44:52,828 [ERROR] LogOutputStream:75 - [STDERR_REDIRECT] [Fatal Error] :1:1: Premature end of file.
2025-02-12 19:44:52,828 [ERROR] LogOutputStream:75 - [STDERR_REDIRECT] 
2025-02-12 19:44:53,830 [ERROR] LogOutputStream:75 - [STDERR_REDIRECT] [Fatal Error] :1:1: Premature end of file.
2025-02-12 19:44:53,830 [ERROR] LogOutputStream:75 - [STDERR_REDIRECT] 
2025-02-12 19:44:54,829 [ERROR] LogOutputStream:75 - [STDERR_REDIRECT] [Fatal Error] :1:1: Premature end of file.
2025-02-12 19:44:54,829 [ERROR] LogOutputStream:75 - [STDERR_REDIRECT] 
2025-02-12 19:44:55,830 [ERROR] LogOutputStream:75 - [STDERR_REDIRECT] [Fatal Error] :1:1: Premature end of file.
2025-02-12 19:44:55,830 [ERROR] LogOutputStream:75 - [STDERR_REDIRECT] 
2025-02-12 19:44:56,830 [ERROR] LogOutputStream:75 - [STDERR_REDIRECT] [Fatal Error] :1:1: Premature end of file.
2025-02-12 19:44:56,830 [ERROR] LogOutputStream:75 - [STDERR_REDIRECT] 
2025-02-12 19:44:57,831 [ERROR] LogOutputStream:75 - [STDERR_REDIRECT] [Fatal Error] :1:1: Premature end of file.
2025-02-12 19:44:57,831 [ERROR] LogOutputStream:75 - [STDERR_REDIRECT] 
2025-02-12 19:44:58,829 [ERROR] LogOutputStream:75 - [STDERR_REDIRECT] [Fatal Error] :1:1: Premature end of file.
2025-02-12 19:44:58,829 [ERROR] LogOutputStream:75 - [STDERR_REDIRECT] 
2025-02-12 19:44:59,831 [ERROR] LogOutputStream:75 - [STDERR_REDIRECT] [Fatal Error] :1:1: Premature end of file.
2025-02-12 19:44:59,831 [ERROR] LogOutputStream:75 - [STDERR_REDIRECT] 
2025-02-12 19:45:00,833 [ERROR] LogOutputStream:75 - [STDERR_REDIRECT] [Fatal Error] :1:1: Premature end of file.
2025-02-12 19:45:00,833 [ERROR] LogOutputStream:75 - [STDERR_REDIRECT] 
2025-02-12 19:45:01,829 [ERROR] LogOutputStream:75 - [STDERR_REDIRECT] [Fatal Error] :1:1: Premature end of file.
2025-02-12 19:45:01,829 [ERROR] LogOutputStream:75 - [STDERR_REDIRECT] 
2025-02-12 19:45:02,830 [ERROR] LogOutputStream:75 - [STDERR_REDIRECT] [Fatal Error] :1:1: Premature end of file.
2025-02-12 19:45:02,830 [ERROR] LogOutputStream:75 - [STDERR_REDIRECT] 
2025-02-12 19:45:03,830 [ERROR] LogOutputStream:75 - [STDERR_REDIRECT] [Fatal Error] :1:1: Premature end of file.
2025-02-12 19:45:03,830 [ERROR] LogOutputStream:75 - [STDERR_REDIRECT] 
2025-02-12 19:45:04,831 [ERROR] LogOutputStream:75 - [STDERR_REDIRECT] [Fatal Error] :1:1: Premature end of file.
2025-02-12 19:45:04,831 [ERROR] LogOutputStream:75 - [STDERR_REDIRECT] 
2025-02-12 19:45:05,830 [ERROR] LogOutputStream:75 - [STDERR_REDIRECT] [Fatal Error] :1:1: Premature end of file.
2025-02-12 19:45:05,830 [ERROR] LogOutputStream:75 - [STDERR_REDIRECT] 
2025-02-12 19:45:06,830 [ERROR] LogOutputStream:75 - [STDERR_REDIRECT] [Fatal Error] :1:1: Premature end of file.
2025-02-12 19:45:06,830 [ERROR] LogOutputStream:75 - [STDERR_REDIRECT] 
2025-02-12 19:45:07,830 [ERROR] LogOutputStream:75 - [STDERR_REDIRECT] [Fatal Error] :1:1: Premature end of file.
2025-02-12 19:45:07,830 [ERROR] LogOutputStream:75 - [STDERR_REDIRECT] 
2025-02-12 19:45:08,829 [ERROR] LogOutputStream:75 - [STDERR_REDIRECT] [Fatal Error] :1:1: Premature end of file.
2025-02-12 19:45:08,829 [ERROR] LogOutputStream:75 - [STDERR_REDIRECT] 
2025-02-12 19:45:09,830 [ERROR] LogOutputStream:75 - [STDERR_REDIRECT] [Fatal Error] :1:1: Premature end of file.
2025-02-12 19:45:09,830 [ERROR] LogOutputStream:75 - [STDERR_REDIRECT] 
2025-02-12 19:45:10,830 [ERROR] LogOutputStream:75 - [STDERR_REDIRECT] [Fatal Error] :1:1: Premature end of file.
2025-02-12 19:45:10,830 [ERROR] LogOutputStream:75 - [STDERR_REDIRECT] 
2025-02-12 19:45:11,829 [ERROR] LogOutputStream:75 - [STDERR_REDIRECT] [Fatal Error] :1:1: Premature end of file.
2025-02-12 19:45:11,829 [ERROR] LogOutputStream:75 - [STDERR_REDIRECT] 
2025-02-12 19:45:12,830 [ERROR] LogOutputStream:75 - [STDERR_REDIRECT] [Fatal Error] :1:1: Premature end of file.
2025-02-12 19:45:12,830 [ERROR] LogOutputStream:75 - [STDERR_REDIRECT] 
2025-02-12 19:45:13,829 [ERROR] LogOutputStream:75 - [STDERR_REDIRECT] [Fatal Error] :1:1: Premature end of file.
2025-02-12 19:45:13,829 [ERROR] LogOutputStream:75 - [STDERR_REDIRECT] 
2025-02-12 19:45:14,832 [ERROR] LogOutputStream:75 - [STDERR_REDIRECT] [Fatal Error] :1:1: Premature end of file.
2025-02-12 19:45:14,832 [ERROR] LogOutputStream:75 - [STDERR_REDIRECT] 
2025-02-12 19:45:15,830 [ERROR] LogOutputStream:75 - [STDERR_REDIRECT] [Fatal Error] :1:1: Premature end of file.
2025-02-12 19:45:15,830 [ERROR] LogOutputStream:75 - [STDERR_REDIRECT] 
2025-02-12 19:45:16,833 [ERROR] LogOutputStream:75 - [STDERR_REDIRECT] [Fatal Error] :1:1: Premature end of file.
2025-02-12 19:45:16,833 [ERROR] LogOutputStream:75 - [STDERR_REDIRECT] 
2025-02-12 19:45:17,831 [ERROR] LogOutputStream:75 - [STDERR_REDIRECT] [Fatal Error] :1:1: Premature end of file.
2025-02-12 19:45:17,831 [ERROR] LogOutputStream:75 - [STDERR_REDIRECT] 
2025-02-12 19:45:18,830 [ERROR] LogOutputStream:75 - [STDERR_REDIRECT] [Fatal Error] :1:1: Premature end of file.
2025-02-12 19:45:18,830 [ERROR] LogOutputStream:75 - [STDERR_REDIRECT] 
2025-02-12 19:45:19,830 [ERROR] LogOutputStream:75 - [STDERR_REDIRECT] [Fatal Error] :1:1: Premature end of file.
2025-02-12 19:45:19,830 [ERROR] LogOutputStream:75 - [STDERR_REDIRECT] 
2025-02-12 19:45:20,830 [ERROR] LogOutputStream:75 - [STDERR_REDIRECT] [Fatal Error] :1:1: Premature end of file.
2025-02-12 19:45:20,830 [ERROR] LogOutputStream:75 - [STDERR_REDIRECT] 
2025-02-12 19:45:21,831 [ERROR] LogOutputStream:75 - [STDERR_REDIRECT] [Fatal Error] :1:1: Premature end of file.
2025-02-12 19:45:21,831 [ERROR] LogOutputStream:75 - [STDERR_REDIRECT] 
2025-02-12 19:45:22,838 [ERROR] LogOutputStream:75 - [STDERR_REDIRECT] [Fatal Error] :1:1: Premature end of file.
2025-02-12 19:45:22,838 [ERROR] LogOutputStream:75 - [STDERR_REDIRECT] 
2025-02-12 19:45:23,834 [ERROR] LogOutputStream:75 - [STDERR_REDIRECT] [Fatal Error] :1:1: Premature end of file.
2025-02-12 19:45:23,834 [ERROR] LogOutputStream:75 - [STDERR_REDIRECT] 
2025-02-12 19:45:24,829 [ERROR] LogOutputStream:75 - [STDERR_REDIRECT] [Fatal Error] :1:1: Premature end of file.
2025-02-12 19:45:24,829 [ERROR] LogOutputStream:75 - [STDERR_REDIRECT] 
2025-02-12 19:45:25,830 [ERROR] LogOutputStream:75 - [STDERR_REDIRECT] [Fatal Error] :1:1: Premature end of file.
2025-02-12 19:45:25,830 [ERROR] LogOutputStream:75 - [STDERR_REDIRECT] 
2025-02-12 19:45:26,835 [ERROR] LogOutputStream:75 - [STDERR_REDIRECT] [Fatal Error] :1:1: Premature end of file.
2025-02-12 19:45:26,835 [ERROR] LogOutputStream:75 - [STDERR_REDIRECT] 
2025-02-12 19:45:27,830 [ERROR] LogOutputStream:75 - [STDERR_REDIRECT] [Fatal Error] :1:1: Premature end of file.
2025-02-12 19:45:27,830 [ERROR] LogOutputStream:75 - [STDERR_REDIRECT] 
2025-02-12 19:45:28,831 [ERROR] LogOutputStream:75 - [STDERR_REDIRECT] [Fatal Error] :1:1: Premature end of file.
2025-02-12 19:45:28,831 [ERROR] LogOutputStream:75 - [STDERR_REDIRECT] 
2025-02-12 19:45:29,831 [ERROR] LogOutputStream:75 - [STDERR_REDIRECT] [Fatal Error] :1:1: Premature end of file.
2025-02-12 19:45:29,831 [ERROR] LogOutputStream:75 - [STDERR_REDIRECT] 
2025-02-12 19:45:30,828 [ERROR] LogOutputStream:75 - [STDERR_REDIRECT] [Fatal Error] :1:1: Premature end of file.
2025-02-12 19:45:30,828 [ERROR] LogOutputStream:75 - [STDERR_REDIRECT] 
2025-02-12 19:45:31,831 [ERROR] LogOutputStream:75 - [STDERR_REDIRECT] [Fatal Error] :1:1: Premature end of file.
2025-02-12 19:45:31,831 [ERROR] LogOutputStream:75 - [STDERR_REDIRECT] 
2025-02-12 19:45:32,829 [ERROR] LogOutputStream:75 - [STDERR_REDIRECT] [Fatal Error] :1:1: Premature end of file.
2025-02-12 19:45:32,829 [ERROR] LogOutputStream:75 - [STDERR_REDIRECT] 
2025-02-12 19:45:33,832 [ERROR] LogOutputStream:75 - [STDERR_REDIRECT] [Fatal Error] :1:1: Premature end of file.
2025-02-12 19:45:33,833 [ERROR] LogOutputStream:75 - [STDERR_REDIRECT] 
2025-02-12 19:45:34,831 [ERROR] LogOutputStream:75 - [STDERR_REDIRECT] [Fatal Error] :1:1: Premature end of file.
2025-02-12 19:45:34,832 [ERROR] LogOutputStream:75 - [STDERR_REDIRECT] 
2025-02-12 19:45:35,838 [ERROR] LogOutputStream:75 - [STDERR_REDIRECT] [Fatal Error] :1:1: Premature end of file.
2025-02-12 19:45:35,838 [ERROR] LogOutputStream:75 - [STDERR_REDIRECT] 
2025-02-12 19:45:36,832 [ERROR] LogOutputStream:75 - [STDERR_REDIRECT] [Fatal Error] :1:1: Premature end of file.
2025-02-12 19:45:36,832 [ERROR] LogOutputStream:75 - [STDERR_REDIRECT] 
2025-02-12 19:45:37,831 [ERROR] LogOutputStream:75 - [STDERR_REDIRECT] [Fatal Error] :1:1: Premature end of file.
2025-02-12 19:45:37,832 [ERROR] LogOutputStream:75 - [STDERR_REDIRECT] 
2025-02-12 19:45:38,841 [ERROR] LogOutputStream:75 - [STDERR_REDIRECT] [Fatal Error] :1:1: Premature end of file.
2025-02-12 19:45:38,842 [ERROR] LogOutputStream:75 - [STDERR_REDIRECT] 
2025-02-12 19:45:39,828 [ERROR] LogOutputStream:75 - [STDERR_REDIRECT] [Fatal Error] :1:1: Premature end of file.
2025-02-12 19:45:39,828 [ERROR] LogOutputStream:75 - [STDERR_REDIRECT] 
2025-02-12 19:45:40,829 [ERROR] LogOutputStream:75 - [STDERR_REDIRECT] [Fatal Error] :1:1: Premature end of file.
2025-02-12 19:45:40,829 [ERROR] LogOutputStream:75 - [STDERR_REDIRECT] 
2025-02-12 19:45:41,830 [ERROR] LogOutputStream:75 - [STDERR_REDIRECT] [Fatal Error] :1:1: Premature end of file.
2025-02-12 19:45:41,830 [ERROR] LogOutputStream:75 - [STDERR_REDIRECT] 
2025-02-12 19:45:42,831 [ERROR] LogOutputStream:75 - [STDERR_REDIRECT] [Fatal Error] :1:1: Premature end of file.
2025-02-12 19:45:42,832 [ERROR] LogOutputStream:75 - [STDERR_REDIRECT] 
2025-02-12 19:45:43,830 [ERROR] LogOutputStream:75 - [STDERR_REDIRECT] [Fatal Error] :1:1: Premature end of file.
2025-02-12 19:45:43,830 [ERROR] LogOutputStream:75 - [STDERR_REDIRECT] 
2025-02-12 19:45:44,833 [ERROR] LogOutputStream:75 - [STDERR_REDIRECT] [Fatal Error] :1:1: Premature end of file.
2025-02-12 19:45:44,833 [ERROR] LogOutputStream:75 - [STDERR_REDIRECT] 
2025-02-12 19:45:45,831 [ERROR] LogOutputStream:75 - [STDERR_REDIRECT] [Fatal Error] :1:1: Premature end of file.
2025-02-12 19:45:45,831 [ERROR] LogOutputStream:75 - [STDERR_REDIRECT] 
2025-02-12 19:45:46,831 [ERROR] LogOutputStream:75 - [STDERR_REDIRECT] [Fatal Error] :1:1: Premature end of file.
2025-02-12 19:45:46,831 [ERROR] LogOutputStream:75 - [STDERR_REDIRECT] 
2025-02-12 19:45:47,831 [ERROR] LogOutputStream:75 - [STDERR_REDIRECT] [Fatal Error] :1:1: Premature end of file.
2025-02-12 19:45:47,832 [ERROR] LogOutputStream:75 - [STDERR_REDIRECT] 
2025-02-12 19:45:48,830 [ERROR] LogOutputStream:75 - [STDERR_REDIRECT] [Fatal Error] :1:1: Premature end of file.
2025-02-12 19:45:48,830 [ERROR] LogOutputStream:75 - [STDERR_REDIRECT] 
2025-02-12 19:45:49,830 [ERROR] LogOutputStream:75 - [STDERR_REDIRECT] [Fatal Error] :1:1: Premature end of file.
2025-02-12 19:45:49,830 [ERROR] LogOutputStream:75 - [STDERR_REDIRECT] 
2025-02-12 19:45:50,833 [ERROR] LogOutputStream:75 - [STDERR_REDIRECT] [Fatal Error] :1:1: Premature end of file.
2025-02-12 19:45:50,833 [ERROR] LogOutputStream:75 - [STDERR_REDIRECT] 
2025-02-12 19:45:51,831 [ERROR] LogOutputStream:75 - [STDERR_REDIRECT] [Fatal Error] :1:1: Premature end of file.
2025-02-12 19:45:51,831 [ERROR] LogOutputStream:75 - [STDERR_REDIRECT] 
2025-02-12 19:45:52,828 [ERROR] LogOutputStream:75 - [STDERR_REDIRECT] [Fatal Error] :1:1: Premature end of file.
2025-02-12 19:45:52,828 [ERROR] LogOutputStream:75 - [STDERR_REDIRECT] 
2025-02-12 19:45:53,829 [ERROR] LogOutputStream:75 - [STDERR_REDIRECT] [Fatal Error] :1:1: Premature end of file.
2025-02-12 19:45:53,829 [ERROR] LogOutputStream:75 - [STDERR_REDIRECT] 
2025-02-12 19:45:54,830 [ERROR] LogOutputStream:75 - [STDERR_REDIRECT] [Fatal Error] :1:1: Premature end of file.
2025-02-12 19:45:54,831 [ERROR] LogOutputStream:75 - [STDERR_REDIRECT] 
2025-02-12 19:45:55,831 [ERROR] LogOutputStream:75 - [STDERR_REDIRECT] [Fatal Error] :1:1: Premature end of file.
2025-02-12 19:45:55,831 [ERROR] LogOutputStream:75 - [STDERR_REDIRECT] 
2025-02-12 19:45:56,831 [ERROR] LogOutputStream:75 - [STDERR_REDIRECT] [Fatal Error] :1:1: Premature end of file.
2025-02-12 19:45:56,831 [ERROR] LogOutputStream:75 - [STDERR_REDIRECT] 
2025-02-12 19:45:57,829 [ERROR] LogOutputStream:75 - [STDERR_REDIRECT] [Fatal Error] :1:1: Premature end of file.
2025-02-12 19:45:57,829 [ERROR] LogOutputStream:75 - [STDERR_REDIRECT] 
2025-02-12 19:45:58,830 [ERROR] LogOutputStream:75 - [STDERR_REDIRECT] [Fatal Error] :1:1: Premature end of file.
2025-02-12 19:45:58,830 [ERROR] LogOutputStream:75 - [STDERR_REDIRECT] 
2025-02-12 19:45:59,828 [ERROR] LogOutputStream:75 - [STDERR_REDIRECT] [Fatal Error] :1:1: Premature end of file.
2025-02-12 19:45:59,828 [ERROR] LogOutputStream:75 - [STDERR_REDIRECT] 
2025-02-12 19:46:00,830 [ERROR] LogOutputStream:75 - [STDERR_REDIRECT] [Fatal Error] :1:1: Premature end of file.
2025-02-12 19:46:00,830 [ERROR] LogOutputStream:75 - [STDERR_REDIRECT] 
2025-02-12 19:46:01,831 [ERROR] LogOutputStream:75 - [STDERR_REDIRECT] [Fatal Error] :1:1: Premature end of file.
2025-02-12 19:46:01,831 [ERROR] LogOutputStream:75 - [STDERR_REDIRECT] 
2025-02-12 19:46:02,832 [ERROR] LogOutputStream:75 - [STDERR_REDIRECT] [Fatal Error] :1:1: Premature end of file.
2025-02-12 19:46:02,832 [ERROR] LogOutputStream:75 - [STDERR_REDIRECT] 
2025-02-12 19:46:03,833 [ERROR] LogOutputStream:75 - [STDERR_REDIRECT] [Fatal Error] :1:1: Premature end of file.
2025-02-12 19:46:03,833 [ERROR] LogOutputStream:75 - [STDERR_REDIRECT] 
2025-02-12 19:46:04,830 [ERROR] LogOutputStream:75 - [STDERR_REDIRECT] [Fatal Error] :1:1: Premature end of file.
2025-02-12 19:46:04,830 [ERROR] LogOutputStream:75 - [STDERR_REDIRECT] 
2025-02-12 19:46:05,830 [ERROR] LogOutputStream:75 - [STDERR_REDIRECT] [Fatal Error] :1:1: Premature end of file.
2025-02-12 19:46:05,830 [ERROR] LogOutputStream:75 - [STDERR_REDIRECT] 
2025-02-12 19:46:06,833 [ERROR] LogOutputStream:75 - [STDERR_REDIRECT] [Fatal Error] :1:1: Premature end of file.
2025-02-12 19:46:06,833 [ERROR] LogOutputStream:75 - [STDERR_REDIRECT] 
2025-02-12 19:46:07,830 [ERROR] LogOutputStream:75 - [STDERR_REDIRECT] [Fatal Error] :1:1: Premature end of file.
2025-02-12 19:46:07,830 [ERROR] LogOutputStream:75 - [STDERR_REDIRECT] 
2025-02-12 19:46:08,836 [ERROR] LogOutputStream:75 - [STDERR_REDIRECT] [Fatal Error] :1:1: Premature end of file.
2025-02-12 19:46:08,836 [ERROR] LogOutputStream:75 - [STDERR_REDIRECT] 
2025-02-12 19:46:09,832 [ERROR] LogOutputStream:75 - [STDERR_REDIRECT] [Fatal Error] :1:1: Premature end of file.
2025-02-12 19:46:09,832 [ERROR] LogOutputStream:75 - [STDERR_REDIRECT] 
2025-02-12 19:46:10,832 [ERROR] LogOutputStream:75 - [STDERR_REDIRECT] [Fatal Error] :1:1: Premature end of file.
2025-02-12 19:46:10,832 [ERROR] LogOutputStream:75 - [STDERR_REDIRECT] 
2025-02-12 19:46:11,830 [ERROR] LogOutputStream:75 - [STDERR_REDIRECT] [Fatal Error] :1:1: Premature end of file.
2025-02-12 19:46:11,830 [ERROR] LogOutputStream:75 - [STDERR_REDIRECT] 
2025-02-12 19:46:12,830 [ERROR] LogOutputStream:75 - [STDERR_REDIRECT] [Fatal Error] :1:1: Premature end of file.
2025-02-12 19:46:12,830 [ERROR] LogOutputStream:75 - [STDERR_REDIRECT] 
2025-02-12 19:46:13,832 [ERROR] LogOutputStream:75 - [STDERR_REDIRECT] [Fatal Error] :1:1: Premature end of file.
2025-02-12 19:46:13,832 [ERROR] LogOutputStream:75 - [STDERR_REDIRECT] 
2025-02-12 19:46:14,832 [ERROR] LogOutputStream:75 - [STDERR_REDIRECT] [Fatal Error] :1:1: Premature end of file.
2025-02-12 19:46:14,832 [ERROR] LogOutputStream:75 - [STDERR_REDIRECT] 
2025-02-12 19:46:15,831 [ERROR] LogOutputStream:75 - [STDERR_REDIRECT] [Fatal Error] :1:1: Premature end of file.
2025-02-12 19:46:15,831 [ERROR] LogOutputStream:75 - [STDERR_REDIRECT] 
2025-02-12 19:46:16,830 [ERROR] LogOutputStream:75 - [STDERR_REDIRECT] [Fatal Error] :1:1: Premature end of file.
2025-02-12 19:46:16,830 [ERROR] LogOutputStream:75 - [STDERR_REDIRECT] 
2025-02-12 19:46:17,829 [ERROR] LogOutputStream:75 - [STDERR_REDIRECT] [Fatal Error] :1:1: Premature end of file.
2025-02-12 19:46:17,829 [ERROR] LogOutputStream:75 - [STDERR_REDIRECT] 
2025-02-12 19:46:18,830 [ERROR] LogOutputStream:75 - [STDERR_REDIRECT] [Fatal Error] :1:1: Premature end of file.
2025-02-12 19:46:18,830 [ERROR] LogOutputStream:75 - [STDERR_REDIRECT] 
2025-02-12 19:46:19,829 [ERROR] LogOutputStream:75 - [STDERR_REDIRECT] [Fatal Error] :1:1: Premature end of file.
2025-02-12 19:46:19,829 [ERROR] LogOutputStream:75 - [STDERR_REDIRECT] 
2025-02-12 19:46:20,830 [ERROR] LogOutputStream:75 - [STDERR_REDIRECT] [Fatal Error] :1:1: Premature end of file.
2025-02-12 19:46:20,830 [ERROR] LogOutputStream:75 - [STDERR_REDIRECT] 
2025-02-12 19:46:21,834 [ERROR] LogOutputStream:75 - [STDERR_REDIRECT] [Fatal Error] :1:1: Premature end of file.
2025-02-12 19:46:21,834 [ERROR] LogOutputStream:75 - [STDERR_REDIRECT] 
2025-02-12 19:46:22,834 [ERROR] LogOutputStream:75 - [STDERR_REDIRECT] [Fatal Error] :1:1: Premature end of file.
2025-02-12 19:46:22,834 [ERROR] LogOutputStream:75 - [STDERR_REDIRECT] 
2025-02-12 19:46:23,831 [ERROR] LogOutputStream:75 - [STDERR_REDIRECT] [Fatal Error] :1:1: Premature end of file.
2025-02-12 19:46:23,831 [ERROR] LogOutputStream:75 - [STDERR_REDIRECT] 
2025-02-12 19:46:24,843 [ERROR] LogOutputStream:75 - [STDERR_REDIRECT] [Fatal Error] :1:1: Premature end of file.
2025-02-12 19:46:24,843 [ERROR] LogOutputStream:75 - [STDERR_REDIRECT] 
2025-02-12 19:46:25,832 [ERROR] LogOutputStream:75 - [STDERR_REDIRECT] [Fatal Error] :1:1: Premature end of file.
2025-02-12 19:46:25,832 [ERROR] LogOutputStream:75 - [STDERR_REDIRECT] 
2025-02-12 19:46:26,829 [ERROR] LogOutputStream:75 - [STDERR_REDIRECT] [Fatal Error] :1:1: Premature end of file.
2025-02-12 19:46:26,829 [ERROR] LogOutputStream:75 - [STDERR_REDIRECT] 
2025-02-12 19:46:27,831 [ERROR] LogOutputStream:75 - [STDERR_REDIRECT] [Fatal Error] :1:1: Premature end of file.
2025-02-12 19:46:27,831 [ERROR] LogOutputStream:75 - [STDERR_REDIRECT] 
2025-02-12 19:46:28,830 [ERROR] LogOutputStream:75 - [STDERR_REDIRECT] [Fatal Error] :1:1: Premature end of file.
2025-02-12 19:46:28,830 [ERROR] LogOutputStream:75 - [STDERR_REDIRECT] 
2025-02-12 19:46:29,831 [ERROR] LogOutputStream:75 - [STDERR_REDIRECT] [Fatal Error] :1:1: Premature end of file.
2025-02-12 19:46:29,831 [ERROR] LogOutputStream:75 - [STDERR_REDIRECT] 
2025-02-12 19:46:30,832 [ERROR] LogOutputStream:75 - [STDERR_REDIRECT] [Fatal Error] :1:1: Premature end of file.
2025-02-12 19:46:30,832 [ERROR] LogOutputStream:75 - [STDERR_REDIRECT] 
2025-02-12 19:46:31,830 [ERROR] LogOutputStream:75 - [STDERR_REDIRECT] [Fatal Error] :1:1: Premature end of file.
2025-02-12 19:46:31,830 [ERROR] LogOutputStream:75 - [STDERR_REDIRECT] 
2025-02-12 19:46:32,832 [ERROR] LogOutputStream:75 - [STDERR_REDIRECT] [Fatal Error] :1:1: Premature end of file.
2025-02-12 19:46:32,833 [ERROR] LogOutputStream:75 - [STDERR_REDIRECT] 
2025-02-12 19:46:33,830 [ERROR] LogOutputStream:75 - [STDERR_REDIRECT] [Fatal Error] :1:1: Premature end of file.
2025-02-12 19:46:33,830 [ERROR] LogOutputStream:75 - [STDERR_REDIRECT] 
2025-02-12 19:46:34,831 [ERROR] LogOutputStream:75 - [STDERR_REDIRECT] [Fatal Error] :1:1: Premature end of file.
2025-02-12 19:46:34,832 [ERROR] LogOutputStream:75 - [STDERR_REDIRECT] 
2025-02-12 19:46:35,831 [ERROR] LogOutputStream:75 - [STDERR_REDIRECT] [Fatal Error] :1:1: Premature end of file.
2025-02-12 19:46:35,831 [ERROR] LogOutputStream:75 - [STDERR_REDIRECT] 
2025-02-12 19:46:36,830 [ERROR] LogOutputStream:75 - [STDERR_REDIRECT] [Fatal Error] :1:1: Premature end of file.
2025-02-12 19:46:36,830 [ERROR] LogOutputStream:75 - [STDERR_REDIRECT] 
2025-02-12 19:46:37,833 [ERROR] LogOutputStream:75 - [STDERR_REDIRECT] [Fatal Error] :1:1: Premature end of file.
2025-02-12 19:46:37,833 [ERROR] LogOutputStream:75 - [STDERR_REDIRECT] 
2025-02-12 19:46:38,831 [ERROR] LogOutputStream:75 - [STDERR_REDIRECT] [Fatal Error] :1:1: Premature end of file.
2025-02-12 19:46:38,831 [ERROR] LogOutputStream:75 - [STDERR_REDIRECT] 
2025-02-12 19:46:39,831 [ERROR] LogOutputStream:75 - [STDERR_REDIRECT] [Fatal Error] :1:1: Premature end of file.
2025-02-12 19:46:39,831 [ERROR] LogOutputStream:75 - [STDERR_REDIRECT] 
2025-02-12 19:46:40,830 [ERROR] LogOutputStream:75 - [STDERR_REDIRECT] [Fatal Error] :1:1: Premature end of file.
2025-02-12 19:46:40,830 [ERROR] LogOutputStream:75 - [STDERR_REDIRECT] 
2025-02-12 19:46:41,831 [ERROR] LogOutputStream:75 - [STDERR_REDIRECT] [Fatal Error] :1:1: Premature end of file.
2025-02-12 19:46:41,831 [ERROR] LogOutputStream:75 - [STDERR_REDIRECT] 
2025-02-12 19:46:42,831 [ERROR] LogOutputStream:75 - [STDERR_REDIRECT] [Fatal Error] :1:1: Premature end of file.
2025-02-12 19:46:42,831 [ERROR] LogOutputStream:75 - [STDERR_REDIRECT] 
2025-02-12 19:46:43,829 [ERROR] LogOutputStream:75 - [STDERR_REDIRECT] [Fatal Error] :1:1: Premature end of file.
2025-02-12 19:46:43,829 [ERROR] LogOutputStream:75 - [STDERR_REDIRECT] 
2025-02-12 19:46:44,831 [ERROR] LogOutputStream:75 - [STDERR_REDIRECT] [Fatal Error] :1:1: Premature end of file.
2025-02-12 19:46:44,831 [ERROR] LogOutputStream:75 - [STDERR_REDIRECT] 
2025-02-12 19:46:45,830 [ERROR] LogOutputStream:75 - [STDERR_REDIRECT] [Fatal Error] :1:1: Premature end of file.
2025-02-12 19:46:45,830 [ERROR] LogOutputStream:75 - [STDERR_REDIRECT] 
2025-02-12 19:46:46,830 [ERROR] LogOutputStream:75 - [STDERR_REDIRECT] [Fatal Error] :1:1: Premature end of file.
2025-02-12 19:46:46,830 [ERROR] LogOutputStream:75 - [STDERR_REDIRECT] 
2025-02-12 19:46:47,829 [ERROR] LogOutputStream:75 - [STDERR_REDIRECT] [Fatal Error] :1:1: Premature end of file.
2025-02-12 19:46:47,829 [ERROR] LogOutputStream:75 - [STDERR_REDIRECT] 
2025-02-12 19:46:48,830 [ERROR] LogOutputStream:75 - [STDERR_REDIRECT] [Fatal Error] :1:1: Premature end of file.
2025-02-12 19:46:48,830 [ERROR] LogOutputStream:75 - [STDERR_REDIRECT] 
2025-02-12 19:46:49,829 [ERROR] LogOutputStream:75 - [STDERR_REDIRECT] [Fatal Error] :1:1: Premature end of file.
2025-02-12 19:46:49,829 [ERROR] LogOutputStream:75 - [STDERR_REDIRECT] 
2025-02-12 19:46:50,829 [ERROR] LogOutputStream:75 - [STDERR_REDIRECT] [Fatal Error] :1:1: Premature end of file.
2025-02-12 19:46:50,830 [ERROR] LogOutputStream:75 - [STDERR_REDIRECT] 
2025-02-12 19:46:51,833 [ERROR] LogOutputStream:75 - [STDERR_REDIRECT] [Fatal Error] :1:1: Premature end of file.
2025-02-12 19:46:51,833 [ERROR] LogOutputStream:75 - [STDERR_REDIRECT] 
2025-02-12 19:46:52,829 [ERROR] LogOutputStream:75 - [STDERR_REDIRECT] [Fatal Error] :1:1: Premature end of file.
2025-02-12 19:46:52,829 [ERROR] LogOutputStream:75 - [STDERR_REDIRECT] 
2025-02-12 19:46:53,829 [ERROR] LogOutputStream:75 - [STDERR_REDIRECT] [Fatal Error] :1:1: Premature end of file.
2025-02-12 19:46:53,829 [ERROR] LogOutputStream:75 - [STDERR_REDIRECT] 
2025-02-12 19:46:54,829 [ERROR] LogOutputStream:75 - [STDERR_REDIRECT] [Fatal Error] :1:1: Premature end of file.
2025-02-12 19:46:54,830 [ERROR] LogOutputStream:75 - [STDERR_REDIRECT] 
2025-02-12 19:46:55,829 [ERROR] LogOutputStream:75 - [STDERR_REDIRECT] [Fatal Error] :1:1: Premature end of file.
2025-02-12 19:46:55,829 [ERROR] LogOutputStream:75 - [STDERR_REDIRECT] 
2025-02-12 19:46:56,828 [ERROR] LogOutputStream:75 - [STDERR_REDIRECT] [Fatal Error] :1:1: Premature end of file.
2025-02-12 19:46:56,828 [ERROR] LogOutputStream:75 - [STDERR_REDIRECT] 
2025-02-12 19:46:57,831 [ERROR] LogOutputStream:75 - [STDERR_REDIRECT] [Fatal Error] :1:1: Premature end of file.
2025-02-12 19:46:57,831 [ERROR] LogOutputStream:75 - [STDERR_REDIRECT] 
2025-02-12 19:46:58,830 [ERROR] LogOutputStream:75 - [STDERR_REDIRECT] [Fatal Error] :1:1: Premature end of file.
2025-02-12 19:46:58,830 [ERROR] LogOutputStream:75 - [STDERR_REDIRECT] 
2025-02-12 19:46:59,830 [ERROR] LogOutputStream:75 - [STDERR_REDIRECT] [Fatal Error] :1:1: Premature end of file.
2025-02-12 19:46:59,830 [ERROR] LogOutputStream:75 - [STDERR_REDIRECT] 
2025-02-12 19:47:00,831 [ERROR] LogOutputStream:75 - [STDERR_REDIRECT] [Fatal Error] :1:1: Premature end of file.
2025-02-12 19:47:00,831 [ERROR] LogOutputStream:75 - [STDERR_REDIRECT] 
2025-02-12 19:47:01,831 [ERROR] LogOutputStream:75 - [STDERR_REDIRECT] [Fatal Error] :1:1: Premature end of file.
2025-02-12 19:47:01,831 [ERROR] LogOutputStream:75 - [STDERR_REDIRECT] 
2025-02-12 19:47:02,830 [ERROR] LogOutputStream:75 - [STDERR_REDIRECT] [Fatal Error] :1:1: Premature end of file.
2025-02-12 19:47:02,830 [ERROR] LogOutputStream:75 - [STDERR_REDIRECT] 
2025-02-12 19:47:03,831 [ERROR] LogOutputStream:75 - [STDERR_REDIRECT] [Fatal Error] :1:1: Premature end of file.
2025-02-12 19:47:03,831 [ERROR] LogOutputStream:75 - [STDERR_REDIRECT] 
2025-02-12 19:47:04,829 [ERROR] LogOutputStream:75 - [STDERR_REDIRECT] [Fatal Error] :1:1: Premature end of file.
2025-02-12 19:47:04,829 [ERROR] LogOutputStream:75 - [STDERR_REDIRECT] 
2025-02-12 19:47:05,829 [ERROR] LogOutputStream:75 - [STDERR_REDIRECT] [Fatal Error] :1:1: Premature end of file.
2025-02-12 19:47:05,829 [ERROR] LogOutputStream:75 - [STDERR_REDIRECT] 
2025-02-12 19:47:06,831 [ERROR] LogOutputStream:75 - [STDERR_REDIRECT] [Fatal Error] :1:1: Premature end of file.
2025-02-12 19:47:06,831 [ERROR] LogOutputStream:75 - [STDERR_REDIRECT] 
2025-02-12 19:47:07,829 [ERROR] LogOutputStream:75 - [STDERR_REDIRECT] [Fatal Error] :1:1: Premature end of file.
2025-02-12 19:47:07,829 [ERROR] LogOutputStream:75 - [STDERR_REDIRECT] 
2025-02-12 19:47:08,829 [ERROR] LogOutputStream:75 - [STDERR_REDIRECT] [Fatal Error] :1:1: Premature end of file.
2025-02-12 19:47:08,829 [ERROR] LogOutputStream:75 - [STDERR_REDIRECT] 
2025-02-12 19:47:09,829 [ERROR] LogOutputStream:75 - [STDERR_REDIRECT] [Fatal Error] :1:1: Premature end of file.
2025-02-12 19:47:09,829 [ERROR] LogOutputStream:75 - [STDERR_REDIRECT] 
2025-02-12 19:47:10,832 [ERROR] LogOutputStream:75 - [STDERR_REDIRECT] [Fatal Error] :1:1: Premature end of file.
2025-02-12 19:47:10,832 [ERROR] LogOutputStream:75 - [STDERR_REDIRECT] 
2025-02-12 19:47:11,830 [ERROR] LogOutputStream:75 - [STDERR_REDIRECT] [Fatal Error] :1:1: Premature end of file.
2025-02-12 19:47:11,830 [ERROR] LogOutputStream:75 - [STDERR_REDIRECT] 
2025-02-12 19:47:12,832 [ERROR] LogOutputStream:75 - [STDERR_REDIRECT] [Fatal Error] :1:1: Premature end of file.
2025-02-12 19:47:12,832 [ERROR] LogOutputStream:75 - [STDERR_REDIRECT] 
2025-02-12 19:47:13,831 [ERROR] LogOutputStream:75 - [STDERR_REDIRECT] [Fatal Error] :1:1: Premature end of file.
2025-02-12 19:47:13,831 [ERROR] LogOutputStream:75 - [STDERR_REDIRECT] 
2025-02-12 19:47:14,830 [ERROR] LogOutputStream:75 - [STDERR_REDIRECT] [Fatal Error] :1:1: Premature end of file.
2025-02-12 19:47:14,831 [ERROR] LogOutputStream:75 - [STDERR_REDIRECT] 
2025-02-12 19:47:15,831 [ERROR] LogOutputStream:75 - [STDERR_REDIRECT] [Fatal Error] :1:1: Premature end of file.
2025-02-12 19:47:15,831 [ERROR] LogOutputStream:75 - [STDERR_REDIRECT] 
2025-02-12 19:47:16,829 [ERROR] LogOutputStream:75 - [STDERR_REDIRECT] [Fatal Error] :1:1: Premature end of file.
2025-02-12 19:47:16,831 [ERROR] LogOutputStream:75 - [STDERR_REDIRECT] 
2025-02-12 19:47:17,829 [ERROR] LogOutputStream:75 - [STDERR_REDIRECT] [Fatal Error] :1:1: Premature end of file.
2025-02-12 19:47:17,829 [ERROR] LogOutputStream:75 - [STDERR_REDIRECT] 
2025-02-12 19:47:18,832 [ERROR] LogOutputStream:75 - [STDERR_REDIRECT] [Fatal Error] :1:1: Premature end of file.
2025-02-12 19:47:18,832 [ERROR] LogOutputStream:75 - [STDERR_REDIRECT] 
2025-02-12 19:47:19,830 [ERROR] LogOutputStream:75 - [STDERR_REDIRECT] [Fatal Error] :1:1: Premature end of file.
2025-02-12 19:47:19,830 [ERROR] LogOutputStream:75 - [STDERR_REDIRECT] 
2025-02-12 19:47:20,830 [ERROR] LogOutputStream:75 - [STDERR_REDIRECT] [Fatal Error] :1:1: Premature end of file.
2025-02-12 19:47:20,830 [ERROR] LogOutputStream:75 - [STDERR_REDIRECT] 
2025-02-12 19:47:21,832 [ERROR] LogOutputStream:75 - [STDERR_REDIRECT] [Fatal Error] :1:1: Premature end of file.
2025-02-12 19:47:21,832 [ERROR] LogOutputStream:75 - [STDERR_REDIRECT] 
2025-02-12 19:47:22,831 [ERROR] LogOutputStream:75 - [STDERR_REDIRECT] [Fatal Error] :1:1: Premature end of file.
2025-02-12 19:47:22,831 [ERROR] LogOutputStream:75 - [STDERR_REDIRECT] 
2025-02-12 19:47:23,830 [ERROR] LogOutputStream:75 - [STDERR_REDIRECT] [Fatal Error] :1:1: Premature end of file.
2025-02-12 19:47:23,830 [ERROR] LogOutputStream:75 - [STDERR_REDIRECT] 
2025-02-12 19:47:24,831 [ERROR] LogOutputStream:75 - [STDERR_REDIRECT] [Fatal Error] :1:1: Premature end of file.
2025-02-12 19:47:24,831 [ERROR] LogOutputStream:75 - [STDERR_REDIRECT] 
2025-02-12 19:47:25,833 [ERROR] LogOutputStream:75 - [STDERR_REDIRECT] [Fatal Error] :1:1: Premature end of file.
2025-02-12 19:47:25,833 [ERROR] LogOutputStream:75 - [STDERR_REDIRECT] 
2025-02-12 19:47:26,831 [ERROR] LogOutputStream:75 - [STDERR_REDIRECT] [Fatal Error] :1:1: Premature end of file.
2025-02-12 19:47:26,831 [ERROR] LogOutputStream:75 - [STDERR_REDIRECT] 
2025-02-12 19:47:27,830 [ERROR] LogOutputStream:75 - [STDERR_REDIRECT] [Fatal Error] :1:1: Premature end of file.
2025-02-12 19:47:27,830 [ERROR] LogOutputStream:75 - [STDERR_REDIRECT] 
2025-02-12 19:47:28,831 [ERROR] LogOutputStream:75 - [STDERR_REDIRECT] [Fatal Error] :1:1: Premature end of file.
2025-02-12 19:47:28,831 [ERROR] LogOutputStream:75 - [STDERR_REDIRECT] 
2025-02-12 19:47:29,830 [ERROR] LogOutputStream:75 - [STDERR_REDIRECT] [Fatal Error] :1:1: Premature end of file.
2025-02-12 19:47:29,830 [ERROR] LogOutputStream:75 - [STDERR_REDIRECT] 
2025-02-12 19:47:30,830 [ERROR] LogOutputStream:75 - [STDERR_REDIRECT] [Fatal Error] :1:1: Premature end of file.
2025-02-12 19:47:30,830 [ERROR] LogOutputStream:75 - [STDERR_REDIRECT] 
2025-02-12 19:47:31,830 [ERROR] LogOutputStream:75 - [STDERR_REDIRECT] [Fatal Error] :1:1: Premature end of file.
2025-02-12 19:47:31,830 [ERROR] LogOutputStream:75 - [STDERR_REDIRECT] 
2025-02-12 19:47:32,831 [ERROR] LogOutputStream:75 - [STDERR_REDIRECT] [Fatal Error] :1:1: Premature end of file.
2025-02-12 19:47:32,831 [ERROR] LogOutputStream:75 - [STDERR_REDIRECT] 
2025-02-12 19:47:33,830 [ERROR] LogOutputStream:75 - [STDERR_REDIRECT] [Fatal Error] :1:1: Premature end of file.
2025-02-12 19:47:33,830 [ERROR] LogOutputStream:75 - [STDERR_REDIRECT] 
2025-02-12 19:47:34,830 [ERROR] LogOutputStream:75 - [STDERR_REDIRECT] [Fatal Error] :1:1: Premature end of file.
2025-02-12 19:47:34,830 [ERROR] LogOutputStream:75 - [STDERR_REDIRECT] 
2025-02-12 19:47:35,830 [ERROR] LogOutputStream:75 - [STDERR_REDIRECT] [Fatal Error] :1:1: Premature end of file.
2025-02-12 19:47:35,830 [ERROR] LogOutputStream:75 - [STDERR_REDIRECT] 
2025-02-12 19:47:36,832 [ERROR] LogOutputStream:75 - [STDERR_REDIRECT] [Fatal Error] :1:1: Premature end of file.
2025-02-12 19:47:36,832 [ERROR] LogOutputStream:75 - [STDERR_REDIRECT] 
2025-02-12 19:47:37,831 [ERROR] LogOutputStream:75 - [STDERR_REDIRECT] [Fatal Error] :1:1: Premature end of file.
2025-02-12 19:47:37,831 [ERROR] LogOutputStream:75 - [STDERR_REDIRECT] 
2025-02-12 19:47:38,830 [ERROR] LogOutputStream:75 - [STDERR_REDIRECT] [Fatal Error] :1:1: Premature end of file.
2025-02-12 19:47:38,830 [ERROR] LogOutputStream:75 - [STDERR_REDIRECT] 
2025-02-12 19:47:39,829 [ERROR] LogOutputStream:75 - [STDERR_REDIRECT] [Fatal Error] :1:1: Premature end of file.
2025-02-12 19:47:39,829 [ERROR] LogOutputStream:75 - [STDERR_REDIRECT] 
2025-02-12 19:47:40,831 [ERROR] LogOutputStream:75 - [STDERR_REDIRECT] [Fatal Error] :1:1: Premature end of file.
2025-02-12 19:47:40,831 [ERROR] LogOutputStream:75 - [STDERR_REDIRECT] 
2025-02-12 19:47:41,832 [ERROR] LogOutputStream:75 - [STDERR_REDIRECT] [Fatal Error] :1:1: Premature end of file.
2025-02-12 19:47:41,832 [ERROR] LogOutputStream:75 - [STDERR_REDIRECT] 
2025-02-12 19:47:42,829 [ERROR] LogOutputStream:75 - [STDERR_REDIRECT] [Fatal Error] :1:1: Premature end of file.
2025-02-12 19:47:42,829 [ERROR] LogOutputStream:75 - [STDERR_REDIRECT] 
2025-02-12 19:47:43,830 [ERROR] LogOutputStream:75 - [STDERR_REDIRECT] [Fatal Error] :1:1: Premature end of file.
2025-02-12 19:47:43,830 [ERROR] LogOutputStream:75 - [STDERR_REDIRECT] 
2025-02-12 19:47:44,833 [ERROR] LogOutputStream:75 - [STDERR_REDIRECT] [Fatal Error] :1:1: Premature end of file.
2025-02-12 19:47:44,833 [ERROR] LogOutputStream:75 - [STDERR_REDIRECT] 
2025-02-12 19:47:45,830 [ERROR] LogOutputStream:75 - [STDERR_REDIRECT] [Fatal Error] :1:1: Premature end of file.
2025-02-12 19:47:45,830 [ERROR] LogOutputStream:75 - [STDERR_REDIRECT] 
2025-02-12 19:47:46,831 [ERROR] LogOutputStream:75 - [STDERR_REDIRECT] [Fatal Error] :1:1: Premature end of file.
2025-02-12 19:47:46,831 [ERROR] LogOutputStream:75 - [STDERR_REDIRECT] 
2025-02-12 19:47:47,834 [ERROR] LogOutputStream:75 - [STDERR_REDIRECT] [Fatal Error] :1:1: Premature end of file.
2025-02-12 19:47:47,834 [ERROR] LogOutputStream:75 - [STDERR_REDIRECT] 
2025-02-12 19:47:48,831 [ERROR] LogOutputStream:75 - [STDERR_REDIRECT] [Fatal Error] :1:1: Premature end of file.
2025-02-12 19:47:48,831 [ERROR] LogOutputStream:75 - [STDERR_REDIRECT] 
2025-02-12 19:47:49,833 [ERROR] LogOutputStream:75 - [STDERR_REDIRECT] [Fatal Error] :1:1: Premature end of file.
2025-02-12 19:47:49,833 [ERROR] LogOutputStream:75 - [STDERR_REDIRECT] 
2025-02-12 19:47:50,831 [ERROR] LogOutputStream:75 - [STDERR_REDIRECT] [Fatal Error] :1:1: Premature end of file.
2025-02-12 19:47:50,831 [ERROR] LogOutputStream:75 - [STDERR_REDIRECT] 
2025-02-12 19:47:51,832 [ERROR] LogOutputStream:75 - [STDERR_REDIRECT] [Fatal Error] :1:1: Premature end of file.
2025-02-12 19:47:51,832 [ERROR] LogOutputStream:75 - [STDERR_REDIRECT] 
2025-02-12 19:47:52,831 [ERROR] LogOutputStream:75 - [STDERR_REDIRECT] [Fatal Error] :1:1: Premature end of file.
2025-02-12 19:47:52,831 [ERROR] LogOutputStream:75 - [STDERR_REDIRECT] 
2025-02-12 19:47:53,831 [ERROR] LogOutputStream:75 - [STDERR_REDIRECT] [Fatal Error] :1:1: Premature end of file.
2025-02-12 19:47:53,832 [ERROR] LogOutputStream:75 - [STDERR_REDIRECT] 
2025-02-12 19:47:54,830 [ERROR] LogOutputStream:75 - [STDERR_REDIRECT] [Fatal Error] :1:1: Premature end of file.
2025-02-12 19:47:54,830 [ERROR] LogOutputStream:75 - [STDERR_REDIRECT] 
2025-02-12 19:47:55,829 [ERROR] LogOutputStream:75 - [STDERR_REDIRECT] [Fatal Error] :1:1: Premature end of file.
2025-02-12 19:47:55,829 [ERROR] LogOutputStream:75 - [STDERR_REDIRECT] 
2025-02-12 19:47:56,832 [ERROR] LogOutputStream:75 - [STDERR_REDIRECT] [Fatal Error] :1:1: Premature end of file.
2025-02-12 19:47:56,832 [ERROR] LogOutputStream:75 - [STDERR_REDIRECT] 
2025-02-12 19:47:57,832 [ERROR] LogOutputStream:75 - [STDERR_REDIRECT] [Fatal Error] :1:1: Premature end of file.
2025-02-12 19:47:57,832 [ERROR] LogOutputStream:75 - [STDERR_REDIRECT] 
2025-02-12 19:47:58,831 [ERROR] LogOutputStream:75 - [STDERR_REDIRECT] [Fatal Error] :1:1: Premature end of file.
2025-02-12 19:47:58,831 [ERROR] LogOutputStream:75 - [STDERR_REDIRECT] 
2025-02-12 19:47:59,830 [ERROR] LogOutputStream:75 - [STDERR_REDIRECT] [Fatal Error] :1:1: Premature end of file.
2025-02-12 19:47:59,830 [ERROR] LogOutputStream:75 - [STDERR_REDIRECT] 
2025-02-12 19:48:00,830 [ERROR] LogOutputStream:75 - [STDERR_REDIRECT] [Fatal Error] :1:1: Premature end of file.
2025-02-12 19:48:00,830 [ERROR] LogOutputStream:75 - [STDERR_REDIRECT] 
2025-02-12 19:48:01,831 [ERROR] LogOutputStream:75 - [STDERR_REDIRECT] [Fatal Error] :1:1: Premature end of file.
2025-02-12 19:48:01,831 [ERROR] LogOutputStream:75 - [STDERR_REDIRECT] 
2025-02-12 19:48:02,835 [ERROR] LogOutputStream:75 - [STDERR_REDIRECT] [Fatal Error] :1:1: Premature end of file.
2025-02-12 19:48:02,835 [ERROR] LogOutputStream:75 - [STDERR_REDIRECT] 
2025-02-12 19:48:03,830 [ERROR] LogOutputStream:75 - [STDERR_REDIRECT] [Fatal Error] :1:1: Premature end of file.
2025-02-12 19:48:03,830 [ERROR] LogOutputStream:75 - [STDERR_REDIRECT] 
2025-02-12 19:48:04,828 [ERROR] LogOutputStream:75 - [STDERR_REDIRECT] [Fatal Error] :1:1: Premature end of file.
2025-02-12 19:48:04,829 [ERROR] LogOutputStream:75 - [STDERR_REDIRECT] 
2025-02-12 19:48:05,831 [ERROR] LogOutputStream:75 - [STDERR_REDIRECT] [Fatal Error] :1:1: Premature end of file.
2025-02-12 19:48:05,831 [ERROR] LogOutputStream:75 - [STDERR_REDIRECT] 
2025-02-12 19:48:06,830 [ERROR] LogOutputStream:75 - [STDERR_REDIRECT] [Fatal Error] :1:1: Premature end of file.
2025-02-12 19:48:06,830 [ERROR] LogOutputStream:75 - [STDERR_REDIRECT] 
2025-02-12 19:48:07,830 [ERROR] LogOutputStream:75 - [STDERR_REDIRECT] [Fatal Error] :1:1: Premature end of file.
2025-02-12 19:48:07,830 [ERROR] LogOutputStream:75 - [STDERR_REDIRECT] 
2025-02-12 19:48:08,831 [ERROR] LogOutputStream:75 - [STDERR_REDIRECT] [Fatal Error] :1:1: Premature end of file.
2025-02-12 19:48:08,831 [ERROR] LogOutputStream:75 - [STDERR_REDIRECT] 
2025-02-12 19:48:09,832 [ERROR] LogOutputStream:75 - [STDERR_REDIRECT] [Fatal Error] :1:1: Premature end of file.
2025-02-12 19:48:09,832 [ERROR] LogOutputStream:75 - [STDERR_REDIRECT] 
2025-02-12 19:48:10,830 [ERROR] LogOutputStream:75 - [STDERR_REDIRECT] [Fatal Error] :1:1: Premature end of file.
2025-02-12 19:48:10,830 [ERROR] LogOutputStream:75 - [STDERR_REDIRECT] 
2025-02-12 19:48:11,831 [ERROR] LogOutputStream:75 - [STDERR_REDIRECT] [Fatal Error] :1:1: Premature end of file.
2025-02-12 19:48:11,831 [ERROR] LogOutputStream:75 - [STDERR_REDIRECT] 
2025-02-12 19:48:12,831 [ERROR] LogOutputStream:75 - [STDERR_REDIRECT] [Fatal Error] :1:1: Premature end of file.
2025-02-12 19:48:12,831 [ERROR] LogOutputStream:75 - [STDERR_REDIRECT] 
2025-02-12 19:48:13,831 [ERROR] LogOutputStream:75 - [STDERR_REDIRECT] [Fatal Error] :1:1: Premature end of file.
2025-02-12 19:48:13,831 [ERROR] LogOutputStream:75 - [STDERR_REDIRECT] 
2025-02-12 19:48:14,829 [ERROR] LogOutputStream:75 - [STDERR_REDIRECT] [Fatal Error] :1:1: Premature end of file.
2025-02-12 19:48:14,829 [ERROR] LogOutputStream:75 - [STDERR_REDIRECT] 
2025-02-12 19:48:15,839 [ERROR] LogOutputStream:75 - [STDERR_REDIRECT] [Fatal Error] :1:1: Premature end of file.
2025-02-12 19:48:15,839 [ERROR] LogOutputStream:75 - [STDERR_REDIRECT] 
2025-02-12 19:48:16,829 [ERROR] LogOutputStream:75 - [STDERR_REDIRECT] [Fatal Error] :1:1: Premature end of file.
2025-02-12 19:48:16,829 [ERROR] LogOutputStream:75 - [STDERR_REDIRECT] 
2025-02-12 19:48:17,830 [ERROR] LogOutputStream:75 - [STDERR_REDIRECT] [Fatal Error] :1:1: Premature end of file.
2025-02-12 19:48:17,830 [ERROR] LogOutputStream:75 - [STDERR_REDIRECT] 
2025-02-12 19:48:18,829 [ERROR] LogOutputStream:75 - [STDERR_REDIRECT] [Fatal Error] :1:1: Premature end of file.
2025-02-12 19:48:18,829 [ERROR] LogOutputStream:75 - [STDERR_REDIRECT] 
2025-02-12 19:48:19,830 [ERROR] LogOutputStream:75 - [STDERR_REDIRECT] [Fatal Error] :1:1: Premature end of file.
2025-02-12 19:48:19,831 [ERROR] LogOutputStream:75 - [STDERR_REDIRECT] 
2025-02-12 19:48:20,829 [ERROR] LogOutputStream:75 - [STDERR_REDIRECT] [Fatal Error] :1:1: Premature end of file.
2025-02-12 19:48:20,829 [ERROR] LogOutputStream:75 - [STDERR_REDIRECT] 
2025-02-12 19:48:21,831 [ERROR] LogOutputStream:75 - [STDERR_REDIRECT] [Fatal Error] :1:1: Premature end of file.
2025-02-12 19:48:21,831 [ERROR] LogOutputStream:75 - [STDERR_REDIRECT] 
2025-02-12 19:48:22,830 [ERROR] LogOutputStream:75 - [STDERR_REDIRECT] [Fatal Error] :1:1: Premature end of file.
2025-02-12 19:48:22,830 [ERROR] LogOutputStream:75 - [STDERR_REDIRECT] 
2025-02-12 19:48:23,829 [ERROR] LogOutputStream:75 - [STDERR_REDIRECT] [Fatal Error] :1:1: Premature end of file.
2025-02-12 19:48:23,829 [ERROR] LogOutputStream:75 - [STDERR_REDIRECT] 
2025-02-12 19:48:24,830 [ERROR] LogOutputStream:75 - [STDERR_REDIRECT] [Fatal Error] :1:1: Premature end of file.
2025-02-12 19:48:24,831 [ERROR] LogOutputStream:75 - [STDERR_REDIRECT] 
2025-02-12 19:48:25,830 [ERROR] LogOutputStream:75 - [STDERR_REDIRECT] [Fatal Error] :1:1: Premature end of file.
2025-02-12 19:48:25,830 [ERROR] LogOutputStream:75 - [STDERR_REDIRECT] 
2025-02-12 19:48:26,829 [ERROR] LogOutputStream:75 - [STDERR_REDIRECT] [Fatal Error] :1:1: Premature end of file.
2025-02-12 19:48:26,829 [ERROR] LogOutputStream:75 - [STDERR_REDIRECT] 
2025-02-12 19:48:27,831 [ERROR] LogOutputStream:75 - [STDERR_REDIRECT] [Fatal Error] :1:1: Premature end of file.
2025-02-12 19:48:27,831 [ERROR] LogOutputStream:75 - [STDERR_REDIRECT] 
2025-02-12 19:48:28,832 [ERROR] LogOutputStream:75 - [STDERR_REDIRECT] [Fatal Error] :1:1: Premature end of file.
2025-02-12 19:48:28,832 [ERROR] LogOutputStream:75 - [STDERR_REDIRECT] 
2025-02-12 19:48:29,829 [ERROR] LogOutputStream:75 - [STDERR_REDIRECT] [Fatal Error] :1:1: Premature end of file.
2025-02-12 19:48:29,829 [ERROR] LogOutputStream:75 - [STDERR_REDIRECT] 
2025-02-12 19:48:30,830 [ERROR] LogOutputStream:75 - [STDERR_REDIRECT] [Fatal Error] :1:1: Premature end of file.
2025-02-12 19:48:30,830 [ERROR] LogOutputStream:75 - [STDERR_REDIRECT] 
2025-02-12 19:48:31,829 [ERROR] LogOutputStream:75 - [STDERR_REDIRECT] [Fatal Error] :1:1: Premature end of file.
2025-02-12 19:48:31,829 [ERROR] LogOutputStream:75 - [STDERR_REDIRECT] 
2025-02-12 19:48:32,830 [ERROR] LogOutputStream:75 - [STDERR_REDIRECT] [Fatal Error] :1:1: Premature end of file.
2025-02-12 19:48:32,830 [ERROR] LogOutputStream:75 - [STDERR_REDIRECT] 
2025-02-12 19:48:33,827 [ERROR] LogOutputStream:75 - [STDERR_REDIRECT] [Fatal Error] :1:1: Premature end of file.
2025-02-12 19:48:33,827 [ERROR] LogOutputStream:75 - [STDERR_REDIRECT] 
2025-02-12 19:48:34,830 [ERROR] LogOutputStream:75 - [STDERR_REDIRECT] [Fatal Error] :1:1: Premature end of file.
2025-02-12 19:48:34,830 [ERROR] LogOutputStream:75 - [STDERR_REDIRECT] 
2025-02-12 19:48:35,829 [ERROR] LogOutputStream:75 - [STDERR_REDIRECT] [Fatal Error] :1:1: Premature end of file.
2025-02-12 19:48:35,829 [ERROR] LogOutputStream:75 - [STDERR_REDIRECT] 
2025-02-12 19:48:36,829 [ERROR] LogOutputStream:75 - [STDERR_REDIRECT] [Fatal Error] :1:1: Premature end of file.
2025-02-12 19:48:36,829 [ERROR] LogOutputStream:75 - [STDERR_REDIRECT] 
2025-02-12 19:48:37,832 [ERROR] LogOutputStream:75 - [STDERR_REDIRECT] [Fatal Error] :1:1: Premature end of file.
2025-02-12 19:48:37,832 [ERROR] LogOutputStream:75 - [STDERR_REDIRECT] 
2025-02-12 19:48:38,832 [ERROR] LogOutputStream:75 - [STDERR_REDIRECT] [Fatal Error] :1:1: Premature end of file.
2025-02-12 19:48:38,832 [ERROR] LogOutputStream:75 - [STDERR_REDIRECT] 
2025-02-12 19:48:39,829 [ERROR] LogOutputStream:75 - [STDERR_REDIRECT] [Fatal Error] :1:1: Premature end of file.
2025-02-12 19:48:39,829 [ERROR] LogOutputStream:75 - [STDERR_REDIRECT] 
2025-02-12 19:48:40,829 [ERROR] LogOutputStream:75 - [STDERR_REDIRECT] [Fatal Error] :1:1: Premature end of file.
2025-02-12 19:48:40,829 [ERROR] LogOutputStream:75 - [STDERR_REDIRECT] 
2025-02-12 19:48:41,831 [ERROR] LogOutputStream:75 - [STDERR_REDIRECT] [Fatal Error] :1:1: Premature end of file.
2025-02-12 19:48:41,831 [ERROR] LogOutputStream:75 - [STDERR_REDIRECT] 
2025-02-12 19:48:42,827 [ERROR] LogOutputStream:75 - [STDERR_REDIRECT] [Fatal Error] :1:1: Premature end of file.
2025-02-12 19:48:42,827 [ERROR] LogOutputStream:75 - [STDERR_REDIRECT] 
2025-02-12 19:48:43,831 [ERROR] LogOutputStream:75 - [STDERR_REDIRECT] [Fatal Error] :1:1: Premature end of file.
2025-02-12 19:48:43,831 [ERROR] LogOutputStream:75 - [STDERR_REDIRECT] 
2025-02-12 19:48:44,830 [ERROR] LogOutputStream:75 - [STDERR_REDIRECT] [Fatal Error] :1:1: Premature end of file.
2025-02-12 19:48:44,830 [ERROR] LogOutputStream:75 - [STDERR_REDIRECT] 
2025-02-12 19:48:45,830 [ERROR] LogOutputStream:75 - [STDERR_REDIRECT] [Fatal Error] :1:1: Premature end of file.
2025-02-12 19:48:45,831 [ERROR] LogOutputStream:75 - [STDERR_REDIRECT] 
2025-02-12 19:48:46,829 [ERROR] LogOutputStream:75 - [STDERR_REDIRECT] [Fatal Error] :1:1: Premature end of file.
2025-02-12 19:48:46,829 [ERROR] LogOutputStream:75 - [STDERR_REDIRECT] 
2025-02-12 19:48:47,829 [ERROR] LogOutputStream:75 - [STDERR_REDIRECT] [Fatal Error] :1:1: Premature end of file.
2025-02-12 19:48:47,829 [ERROR] LogOutputStream:75 - [STDERR_REDIRECT] 
2025-02-12 19:48:48,831 [ERROR] LogOutputStream:75 - [STDERR_REDIRECT] [Fatal Error] :1:1: Premature end of file.
2025-02-12 19:48:48,831 [ERROR] LogOutputStream:75 - [STDERR_REDIRECT] 
2025-02-12 19:48:49,830 [ERROR] LogOutputStream:75 - [STDERR_REDIRECT] [Fatal Error] :1:1: Premature end of file.
2025-02-12 19:48:49,830 [ERROR] LogOutputStream:75 - [STDERR_REDIRECT] 
2025-02-12 19:48:50,829 [ERROR] LogOutputStream:75 - [STDERR_REDIRECT] [Fatal Error] :1:1: Premature end of file.
2025-02-12 19:48:50,830 [ERROR] LogOutputStream:75 - [STDERR_REDIRECT] 
2025-02-12 19:48:51,829 [ERROR] LogOutputStream:75 - [STDERR_REDIRECT] [Fatal Error] :1:1: Premature end of file.
2025-02-12 19:48:51,829 [ERROR] LogOutputStream:75 - [STDERR_REDIRECT] 
2025-02-12 19:48:52,832 [ERROR] LogOutputStream:75 - [STDERR_REDIRECT] [Fatal Error] :1:1: Premature end of file.
2025-02-12 19:48:52,832 [ERROR] LogOutputStream:75 - [STDERR_REDIRECT] 
2025-02-12 19:48:53,828 [ERROR] LogOutputStream:75 - [STDERR_REDIRECT] [Fatal Error] :1:1: Premature end of file.
2025-02-12 19:48:53,828 [ERROR] LogOutputStream:75 - [STDERR_REDIRECT] 
2025-02-12 19:48:54,828 [ERROR] LogOutputStream:75 - [STDERR_REDIRECT] [Fatal Error] :1:1: Premature end of file.
2025-02-12 19:48:54,828 [ERROR] LogOutputStream:75 - [STDERR_REDIRECT] 
2025-02-12 19:48:55,830 [ERROR] LogOutputStream:75 - [STDERR_REDIRECT] [Fatal Error] :1:1: Premature end of file.
2025-02-12 19:48:55,830 [ERROR] LogOutputStream:75 - [STDERR_REDIRECT] 
2025-02-12 19:48:56,829 [ERROR] LogOutputStream:75 - [STDERR_REDIRECT] [Fatal Error] :1:1: Premature end of file.
2025-02-12 19:48:56,829 [ERROR] LogOutputStream:75 - [STDERR_REDIRECT] 
2025-02-12 19:48:57,831 [ERROR] LogOutputStream:75 - [STDERR_REDIRECT] [Fatal Error] :1:1: Premature end of file.
2025-02-12 19:48:57,831 [ERROR] LogOutputStream:75 - [STDERR_REDIRECT] 
2025-02-12 19:48:58,829 [ERROR] LogOutputStream:75 - [STDERR_REDIRECT] [Fatal Error] :1:1: Premature end of file.
2025-02-12 19:48:58,830 [ERROR] LogOutputStream:75 - [STDERR_REDIRECT] 
2025-02-12 19:48:59,831 [ERROR] LogOutputStream:75 - [STDERR_REDIRECT] [Fatal Error] :1:1: Premature end of file.
2025-02-12 19:48:59,832 [ERROR] LogOutputStream:75 - [STDERR_REDIRECT] 
2025-02-12 19:49:00,827 [ERROR] LogOutputStream:75 - [STDERR_REDIRECT] [Fatal Error] :1:1: Premature end of file.
2025-02-12 19:49:00,827 [ERROR] LogOutputStream:75 - [STDERR_REDIRECT] 
2025-02-12 19:49:01,831 [ERROR] LogOutputStream:75 - [STDERR_REDIRECT] [Fatal Error] :1:1: Premature end of file.
2025-02-12 19:49:01,831 [ERROR] LogOutputStream:75 - [STDERR_REDIRECT] 
2025-02-12 19:49:02,828 [ERROR] LogOutputStream:75 - [STDERR_REDIRECT] [Fatal Error] :1:1: Premature end of file.
2025-02-12 19:49:02,828 [ERROR] LogOutputStream:75 - [STDERR_REDIRECT] 
2025-02-12 19:49:03,831 [ERROR] LogOutputStream:75 - [STDERR_REDIRECT] [Fatal Error] :1:1: Premature end of file.
2025-02-12 19:49:03,831 [ERROR] LogOutputStream:75 - [STDERR_REDIRECT] 
2025-02-12 19:49:04,831 [ERROR] LogOutputStream:75 - [STDERR_REDIRECT] [Fatal Error] :1:1: Premature end of file.
2025-02-12 19:49:04,831 [ERROR] LogOutputStream:75 - [STDERR_REDIRECT] 
2025-02-12 19:49:05,832 [ERROR] LogOutputStream:75 - [STDERR_REDIRECT] [Fatal Error] :1:1: Premature end of file.
2025-02-12 19:49:05,832 [ERROR] LogOutputStream:75 - [STDERR_REDIRECT] 
2025-02-12 19:49:06,830 [ERROR] LogOutputStream:75 - [STDERR_REDIRECT] [Fatal Error] :1:1: Premature end of file.
2025-02-12 19:49:06,830 [ERROR] LogOutputStream:75 - [STDERR_REDIRECT] 
2025-02-12 19:49:07,830 [ERROR] LogOutputStream:75 - [STDERR_REDIRECT] [Fatal Error] :1:1: Premature end of file.
2025-02-12 19:49:07,830 [ERROR] LogOutputStream:75 - [STDERR_REDIRECT] 
2025-02-12 19:49:08,830 [ERROR] LogOutputStream:75 - [STDERR_REDIRECT] [Fatal Error] :1:1: Premature end of file.
2025-02-12 19:49:08,830 [ERROR] LogOutputStream:75 - [STDERR_REDIRECT] 
2025-02-12 19:49:09,832 [ERROR] LogOutputStream:75 - [STDERR_REDIRECT] [Fatal Error] :1:1: Premature end of file.
2025-02-12 19:49:09,833 [ERROR] LogOutputStream:75 - [STDERR_REDIRECT] 
2025-02-12 19:49:10,830 [ERROR] LogOutputStream:75 - [STDERR_REDIRECT] [Fatal Error] :1:1: Premature end of file.
2025-02-12 19:49:10,830 [ERROR] LogOutputStream:75 - [STDERR_REDIRECT] 
2025-02-12 19:49:11,831 [ERROR] LogOutputStream:75 - [STDERR_REDIRECT] [Fatal Error] :1:1: Premature end of file.
2025-02-12 19:49:11,831 [ERROR] LogOutputStream:75 - [STDERR_REDIRECT] 
2025-02-12 19:49:12,840 [ERROR] LogOutputStream:75 - [STDERR_REDIRECT] [Fatal Error] :1:1: Premature end of file.
2025-02-12 19:49:12,840 [ERROR] LogOutputStream:75 - [STDERR_REDIRECT] 
2025-02-12 19:49:13,832 [ERROR] LogOutputStream:75 - [STDERR_REDIRECT] [Fatal Error] :1:1: Premature end of file.
2025-02-12 19:49:13,832 [ERROR] LogOutputStream:75 - [STDERR_REDIRECT] 
2025-02-12 19:49:14,831 [ERROR] LogOutputStream:75 - [STDERR_REDIRECT] [Fatal Error] :1:1: Premature end of file.
2025-02-12 19:49:14,831 [ERROR] LogOutputStream:75 - [STDERR_REDIRECT] 
2025-02-12 19:49:15,829 [ERROR] LogOutputStream:75 - [STDERR_REDIRECT] [Fatal Error] :1:1: Premature end of file.
2025-02-12 19:49:15,829 [ERROR] LogOutputStream:75 - [STDERR_REDIRECT] 
2025-02-12 19:49:16,830 [ERROR] LogOutputStream:75 - [STDERR_REDIRECT] [Fatal Error] :1:1: Premature end of file.
2025-02-12 19:49:16,830 [ERROR] LogOutputStream:75 - [STDERR_REDIRECT] 
2025-02-12 19:49:17,837 [ERROR] LogOutputStream:75 - [STDERR_REDIRECT] [Fatal Error] :1:1: Premature end of file.
2025-02-12 19:49:17,837 [ERROR] LogOutputStream:75 - [STDERR_REDIRECT] 
2025-02-12 19:49:18,831 [ERROR] LogOutputStream:75 - [STDERR_REDIRECT] [Fatal Error] :1:1: Premature end of file.
2025-02-12 19:49:18,831 [ERROR] LogOutputStream:75 - [STDERR_REDIRECT] 
2025-02-12 19:49:19,831 [ERROR] LogOutputStream:75 - [STDERR_REDIRECT] [Fatal Error] :1:1: Premature end of file.
2025-02-12 19:49:19,832 [ERROR] LogOutputStream:75 - [STDERR_REDIRECT] 
2025-02-12 19:49:20,833 [ERROR] LogOutputStream:75 - [STDERR_REDIRECT] [Fatal Error] :1:1: Premature end of file.
2025-02-12 19:49:20,833 [ERROR] LogOutputStream:75 - [STDERR_REDIRECT] 
2025-02-12 19:49:21,830 [ERROR] LogOutputStream:75 - [STDERR_REDIRECT] [Fatal Error] :1:1: Premature end of file.
2025-02-12 19:49:21,830 [ERROR] LogOutputStream:75 - [STDERR_REDIRECT] 
2025-02-12 19:49:22,844 [ERROR] LogOutputStream:75 - [STDERR_REDIRECT] [Fatal Error] :1:1: Premature end of file.
2025-02-12 19:49:22,844 [ERROR] LogOutputStream:75 - [STDERR_REDIRECT] 
2025-02-12 19:49:23,835 [ERROR] LogOutputStream:75 - [STDERR_REDIRECT] [Fatal Error] :1:1: Premature end of file.
2025-02-12 19:49:23,835 [ERROR] LogOutputStream:75 - [STDERR_REDIRECT] 
2025-02-12 19:49:24,840 [ERROR] LogOutputStream:75 - [STDERR_REDIRECT] [Fatal Error] :1:1: Premature end of file.
2025-02-12 19:49:24,840 [ERROR] LogOutputStream:75 - [STDERR_REDIRECT] 
2025-02-12 19:49:25,840 [ERROR] LogOutputStream:75 - [STDERR_REDIRECT] [Fatal Error] :1:1: Premature end of file.
2025-02-12 19:49:25,840 [ERROR] LogOutputStream:75 - [STDERR_REDIRECT] 
2025-02-12 19:49:26,830 [ERROR] LogOutputStream:75 - [STDERR_REDIRECT] [Fatal Error] :1:1: Premature end of file.
2025-02-12 19:49:26,830 [ERROR] LogOutputStream:75 - [STDERR_REDIRECT] 
2025-02-12 19:49:27,836 [ERROR] LogOutputStream:75 - [STDERR_REDIRECT] [Fatal Error] :1:1: Premature end of file.
2025-02-12 19:49:27,836 [ERROR] LogOutputStream:75 - [STDERR_REDIRECT] 
2025-02-12 19:49:28,844 [ERROR] LogOutputStream:75 - [STDERR_REDIRECT] [Fatal Error] :1:1: Premature end of file.
2025-02-12 19:49:28,844 [ERROR] LogOutputStream:75 - [STDERR_REDIRECT] 
2025-02-12 19:49:29,835 [ERROR] LogOutputStream:75 - [STDERR_REDIRECT] [Fatal Error] :1:1: Premature end of file.
2025-02-12 19:49:29,835 [ERROR] LogOutputStream:75 - [STDERR_REDIRECT] 
2025-02-12 19:49:30,837 [ERROR] LogOutputStream:75 - [STDERR_REDIRECT] [Fatal Error] :1:1: Premature end of file.
2025-02-12 19:49:30,837 [ERROR] LogOutputStream:75 - [STDERR_REDIRECT] 
2025-02-12 19:49:31,845 [ERROR] LogOutputStream:75 - [STDERR_REDIRECT] [Fatal Error] :1:1: Premature end of file.
2025-02-12 19:49:31,845 [ERROR] LogOutputStream:75 - [STDERR_REDIRECT] 
2025-02-12 19:49:32,846 [ERROR] LogOutputStream:75 - [STDERR_REDIRECT] [Fatal Error] :1:1: Premature end of file.
2025-02-12 19:49:32,846 [ERROR] LogOutputStream:75 - [STDERR_REDIRECT] 
2025-02-12 19:49:33,843 [ERROR] LogOutputStream:75 - [STDERR_REDIRECT] [Fatal Error] :1:1: Premature end of file.
2025-02-12 19:49:33,843 [ERROR] LogOutputStream:75 - [STDERR_REDIRECT] 
2025-02-12 19:49:34,850 [ERROR] LogOutputStream:75 - [STDERR_REDIRECT] [Fatal Error] :1:1: Premature end of file.
2025-02-12 19:49:34,852 [ERROR] LogOutputStream:75 - [STDERR_REDIRECT] 
2025-02-12 19:49:35,843 [ERROR] LogOutputStream:75 - [STDERR_REDIRECT] [Fatal Error] :1:1: Premature end of file.
2025-02-12 19:49:35,843 [ERROR] LogOutputStream:75 - [STDERR_REDIRECT] 
2025-02-12 19:49:36,835 [ERROR] LogOutputStream:75 - [STDERR_REDIRECT] [Fatal Error] :1:1: Premature end of file.
2025-02-12 19:49:36,835 [ERROR] LogOutputStream:75 - [STDERR_REDIRECT] 
2025-02-12 19:49:37,827 [ERROR] LogOutputStream:75 - [STDERR_REDIRECT] [Fatal Error] :1:1: Premature end of file.
2025-02-12 19:49:37,827 [ERROR] LogOutputStream:75 - [STDERR_REDIRECT] 
2025-02-12 19:49:38,873 [ERROR] LogOutputStream:75 - [STDERR_REDIRECT] [Fatal Error] :1:1: Premature end of file.
2025-02-12 19:49:38,873 [ERROR] LogOutputStream:75 - [STDERR_REDIRECT] 
2025-02-12 19:49:39,887 [ERROR] LogOutputStream:75 - [STDERR_REDIRECT] [Fatal Error] :1:1: Premature end of file.
2025-02-12 19:49:39,887 [ERROR] LogOutputStream:75 - [STDERR_REDIRECT] 
2025-02-12 19:49:40,874 [ERROR] LogOutputStream:75 - [STDERR_REDIRECT] [Fatal Error] :1:1: Premature end of file.
2025-02-12 19:49:40,876 [ERROR] LogOutputStream:75 - [STDERR_REDIRECT] 
2025-02-12 19:49:41,885 [ERROR] LogOutputStream:75 - [STDERR_REDIRECT] [Fatal Error] :1:1: Premature end of file.
2025-02-12 19:49:41,885 [ERROR] LogOutputStream:75 - [STDERR_REDIRECT] 
2025-02-12 19:49:42,854 [ERROR] LogOutputStream:75 - [STDERR_REDIRECT] [Fatal Error] :1:1: Premature end of file.
2025-02-12 19:49:42,854 [ERROR] LogOutputStream:75 - [STDERR_REDIRECT] 
2025-02-12 19:49:43,856 [ERROR] LogOutputStream:75 - [STDERR_REDIRECT] [Fatal Error] :1:1: Premature end of file.
2025-02-12 19:49:43,856 [ERROR] LogOutputStream:75 - [STDERR_REDIRECT] 
2025-02-12 19:49:44,857 [ERROR] LogOutputStream:75 - [STDERR_REDIRECT] [Fatal Error] :1:1: Premature end of file.
2025-02-12 19:49:44,857 [ERROR] LogOutputStream:75 - [STDERR_REDIRECT] 
2025-02-12 19:49:45,855 [ERROR] LogOutputStream:75 - [STDERR_REDIRECT] [Fatal Error] :1:1: Premature end of file.
2025-02-12 19:49:45,855 [ERROR] LogOutputStream:75 - [STDERR_REDIRECT] 
2025-02-12 19:49:46,868 [ERROR] LogOutputStream:75 - [STDERR_REDIRECT] [Fatal Error] :1:1: Premature end of file.
2025-02-12 19:49:46,869 [ERROR] LogOutputStream:75 - [STDERR_REDIRECT] 
2025-02-12 19:49:47,868 [ERROR] LogOutputStream:75 - [STDERR_REDIRECT] [Fatal Error] :1:1: Premature end of file.
2025-02-12 19:49:47,868 [ERROR] LogOutputStream:75 - [STDERR_REDIRECT] 
2025-02-12 19:49:48,836 [ERROR] LogOutputStream:75 - [STDERR_REDIRECT] [Fatal Error] :1:1: Premature end of file.
2025-02-12 19:49:48,836 [ERROR] LogOutputStream:75 - [STDERR_REDIRECT] 
2025-02-12 19:49:49,840 [ERROR] LogOutputStream:75 - [STDERR_REDIRECT] [Fatal Error] :1:1: Premature end of file.
2025-02-12 19:49:49,840 [ERROR] LogOutputStream:75 - [STDERR_REDIRECT] 
2025-02-12 19:49:50,846 [ERROR] LogOutputStream:75 - [STDERR_REDIRECT] [Fatal Error] :1:1: Premature end of file.
2025-02-12 19:49:50,846 [ERROR] LogOutputStream:75 - [STDERR_REDIRECT] 
2025-02-12 19:49:51,829 [ERROR] LogOutputStream:75 - [STDERR_REDIRECT] [Fatal Error] :1:1: Premature end of file.
2025-02-12 19:49:51,829 [ERROR] LogOutputStream:75 - [STDERR_REDIRECT] 
2025-02-12 19:49:52,835 [ERROR] LogOutputStream:75 - [STDERR_REDIRECT] [Fatal Error] :1:1: Premature end of file.
2025-02-12 19:49:52,835 [ERROR] LogOutputStream:75 - [STDERR_REDIRECT] 
2025-02-12 19:49:53,828 [ERROR] LogOutputStream:75 - [STDERR_REDIRECT] [Fatal Error] :1:1: Premature end of file.
2025-02-12 19:49:53,828 [ERROR] LogOutputStream:75 - [STDERR_REDIRECT] 
2025-02-12 19:49:54,839 [ERROR] LogOutputStream:75 - [STDERR_REDIRECT] [Fatal Error] :1:1: Premature end of file.
2025-02-12 19:49:54,839 [ERROR] LogOutputStream:75 - [STDERR_REDIRECT] 
2025-02-12 19:49:55,850 [ERROR] LogOutputStream:75 - [STDERR_REDIRECT] [Fatal Error] :1:1: Premature end of file.
2025-02-12 19:49:55,850 [ERROR] LogOutputStream:75 - [STDERR_REDIRECT] 
2025-02-12 19:49:56,831 [ERROR] LogOutputStream:75 - [STDERR_REDIRECT] [Fatal Error] :1:1: Premature end of file.
2025-02-12 19:49:56,831 [ERROR] LogOutputStream:75 - [STDERR_REDIRECT] 
2025-02-12 19:49:57,830 [ERROR] LogOutputStream:75 - [STDERR_REDIRECT] [Fatal Error] :1:1: Premature end of file.
2025-02-12 19:49:57,830 [ERROR] LogOutputStream:75 - [STDERR_REDIRECT] 
2025-02-12 19:49:58,833 [ERROR] LogOutputStream:75 - [STDERR_REDIRECT] [Fatal Error] :1:1: Premature end of file.
2025-02-12 19:49:58,833 [ERROR] LogOutputStream:75 - [STDERR_REDIRECT] 
2025-02-12 19:49:59,840 [ERROR] LogOutputStream:75 - [STDERR_REDIRECT] [Fatal Error] :1:1: Premature end of file.
2025-02-12 19:49:59,840 [ERROR] LogOutputStream:75 - [STDERR_REDIRECT] 
2025-02-12 19:50:00,840 [ERROR] LogOutputStream:75 - [STDERR_REDIRECT] [Fatal Error] :1:1: Premature end of file.
2025-02-12 19:50:00,840 [ERROR] LogOutputStream:75 - [STDERR_REDIRECT] 
2025-02-12 19:50:01,839 [ERROR] LogOutputStream:75 - [STDERR_REDIRECT] [Fatal Error] :1:1: Premature end of file.
2025-02-12 19:50:01,839 [ERROR] LogOutputStream:75 - [STDERR_REDIRECT] 
2025-02-12 19:50:02,841 [ERROR] LogOutputStream:75 - [STDERR_REDIRECT] [Fatal Error] :1:1: Premature end of file.
2025-02-12 19:50:02,841 [ERROR] LogOutputStream:75 - [STDERR_REDIRECT] 
2025-02-12 19:50:03,832 [ERROR] LogOutputStream:75 - [STDERR_REDIRECT] [Fatal Error] :1:1: Premature end of file.
2025-02-12 19:50:03,832 [ERROR] LogOutputStream:75 - [STDERR_REDIRECT] 
2025-02-12 19:50:04,830 [ERROR] LogOutputStream:75 - [STDERR_REDIRECT] [Fatal Error] :1:1: Premature end of file.
2025-02-12 19:50:04,830 [ERROR] LogOutputStream:75 - [STDERR_REDIRECT] 
2025-02-12 19:50:05,840 [ERROR] LogOutputStream:75 - [STDERR_REDIRECT] [Fatal Error] :1:1: Premature end of file.
2025-02-12 19:50:05,840 [ERROR] LogOutputStream:75 - [STDERR_REDIRECT] 
2025-02-12 19:50:06,834 [ERROR] LogOutputStream:75 - [STDERR_REDIRECT] [Fatal Error] :1:1: Premature end of file.
2025-02-12 19:50:06,834 [ERROR] LogOutputStream:75 - [STDERR_REDIRECT] 
2025-02-12 19:50:07,833 [ERROR] LogOutputStream:75 - [STDERR_REDIRECT] [Fatal Error] :1:1: Premature end of file.
2025-02-12 19:50:07,833 [ERROR] LogOutputStream:75 - [STDERR_REDIRECT] 
2025-02-12 19:50:08,836 [ERROR] LogOutputStream:75 - [STDERR_REDIRECT] [Fatal Error] :1:1: Premature end of file.
2025-02-12 19:50:08,836 [ERROR] LogOutputStream:75 - [STDERR_REDIRECT] 
2025-02-12 19:50:09,856 [ERROR] LogOutputStream:75 - [STDERR_REDIRECT] [Fatal Error] :1:1: Premature end of file.
2025-02-12 19:50:09,856 [ERROR] LogOutputStream:75 - [STDERR_REDIRECT] 
2025-02-12 19:50:10,831 [ERROR] LogOutputStream:75 - [STDERR_REDIRECT] [Fatal Error] :1:1: Premature end of file.
2025-02-12 19:50:10,831 [ERROR] LogOutputStream:75 - [STDERR_REDIRECT] 
2025-02-12 19:50:11,830 [ERROR] LogOutputStream:75 - [STDERR_REDIRECT] [Fatal Error] :1:1: Premature end of file.
2025-02-12 19:50:11,830 [ERROR] LogOutputStream:75 - [STDERR_REDIRECT] 
2025-02-12 19:50:12,835 [ERROR] LogOutputStream:75 - [STDERR_REDIRECT] [Fatal Error] :1:1: Premature end of file.
2025-02-12 19:50:12,835 [ERROR] LogOutputStream:75 - [STDERR_REDIRECT] 
2025-02-12 19:50:13,841 [ERROR] LogOutputStream:75 - [STDERR_REDIRECT] [Fatal Error] :1:1: Premature end of file.
2025-02-12 19:50:13,841 [ERROR] LogOutputStream:75 - [STDERR_REDIRECT] 
2025-02-12 19:50:14,842 [ERROR] LogOutputStream:75 - [STDERR_REDIRECT] [Fatal Error] :1:1: Premature end of file.
2025-02-12 19:50:14,842 [ERROR] LogOutputStream:75 - [STDERR_REDIRECT] 
2025-02-12 19:50:15,838 [ERROR] LogOutputStream:75 - [STDERR_REDIRECT] [Fatal Error] :1:1: Premature end of file.
2025-02-12 19:50:15,838 [ERROR] LogOutputStream:75 - [STDERR_REDIRECT] 
2025-02-12 19:50:16,831 [ERROR] LogOutputStream:75 - [STDERR_REDIRECT] [Fatal Error] :1:1: Premature end of file.
2025-02-12 19:50:16,831 [ERROR] LogOutputStream:75 - [STDERR_REDIRECT] 
2025-02-12 19:50:17,848 [ERROR] LogOutputStream:75 - [STDERR_REDIRECT] [Fatal Error] :1:1: Premature end of file.
2025-02-12 19:50:17,848 [ERROR] LogOutputStream:75 - [STDERR_REDIRECT] 
2025-02-12 19:50:18,843 [ERROR] LogOutputStream:75 - [STDERR_REDIRECT] [Fatal Error] :1:1: Premature end of file.
2025-02-12 19:50:18,843 [ERROR] LogOutputStream:75 - [STDERR_REDIRECT] 
2025-02-12 19:50:19,848 [ERROR] LogOutputStream:75 - [STDERR_REDIRECT] [Fatal Error] :1:1: Premature end of file.
2025-02-12 19:50:19,848 [ERROR] LogOutputStream:75 - [STDERR_REDIRECT] 
2025-02-12 19:50:20,831 [ERROR] LogOutputStream:75 - [STDERR_REDIRECT] [Fatal Error] :1:1: Premature end of file.
2025-02-12 19:50:20,831 [ERROR] LogOutputStream:75 - [STDERR_REDIRECT] 
2025-02-12 19:50:21,857 [ERROR] LogOutputStream:75 - [STDERR_REDIRECT] [Fatal Error] :1:1: Premature end of file.
2025-02-12 19:50:21,857 [ERROR] LogOutputStream:75 - [STDERR_REDIRECT] 
2025-02-12 19:50:22,845 [ERROR] LogOutputStream:75 - [STDERR_REDIRECT] [Fatal Error] :1:1: Premature end of file.
2025-02-12 19:50:22,845 [ERROR] LogOutputStream:75 - [STDERR_REDIRECT] 
2025-02-12 19:50:23,839 [ERROR] LogOutputStream:75 - [STDERR_REDIRECT] [Fatal Error] :1:1: Premature end of file.
2025-02-12 19:50:23,839 [ERROR] LogOutputStream:75 - [STDERR_REDIRECT] 
2025-02-12 19:50:24,840 [ERROR] LogOutputStream:75 - [STDERR_REDIRECT] [Fatal Error] :1:1: Premature end of file.
2025-02-12 19:50:24,840 [ERROR] LogOutputStream:75 - [STDERR_REDIRECT] 
2025-02-12 19:50:25,834 [ERROR] LogOutputStream:75 - [STDERR_REDIRECT] [Fatal Error] :1:1: Premature end of file.
2025-02-12 19:50:25,834 [ERROR] LogOutputStream:75 - [STDERR_REDIRECT] 
2025-02-12 19:50:26,830 [ERROR] LogOutputStream:75 - [STDERR_REDIRECT] [Fatal Error] :1:1: Premature end of file.
2025-02-12 19:50:26,830 [ERROR] LogOutputStream:75 - [STDERR_REDIRECT] 
2025-02-12 19:50:27,840 [ERROR] LogOutputStream:75 - [STDERR_REDIRECT] [Fatal Error] :1:1: Premature end of file.
2025-02-12 19:50:27,840 [ERROR] LogOutputStream:75 - [STDERR_REDIRECT] 
2025-02-12 19:50:28,829 [ERROR] LogOutputStream:75 - [STDERR_REDIRECT] [Fatal Error] :1:1: Premature end of file.
2025-02-12 19:50:28,829 [ERROR] LogOutputStream:75 - [STDERR_REDIRECT] 
2025-02-12 19:50:29,838 [ERROR] LogOutputStream:75 - [STDERR_REDIRECT] [Fatal Error] :1:1: Premature end of file.
2025-02-12 19:50:29,838 [ERROR] LogOutputStream:75 - [STDERR_REDIRECT] 
2025-02-12 19:50:30,845 [ERROR] LogOutputStream:75 - [STDERR_REDIRECT] [Fatal Error] :1:1: Premature end of file.
2025-02-12 19:50:30,845 [ERROR] LogOutputStream:75 - [STDERR_REDIRECT] 
2025-02-12 19:50:31,850 [ERROR] LogOutputStream:75 - [STDERR_REDIRECT] [Fatal Error] :1:1: Premature end of file.
2025-02-12 19:50:31,850 [ERROR] LogOutputStream:75 - [STDERR_REDIRECT] 
2025-02-12 19:50:32,831 [ERROR] LogOutputStream:75 - [STDERR_REDIRECT] [Fatal Error] :1:1: Premature end of file.
2025-02-12 19:50:32,831 [ERROR] LogOutputStream:75 - [STDERR_REDIRECT] 
2025-02-12 19:50:33,831 [ERROR] LogOutputStream:75 - [STDERR_REDIRECT] [Fatal Error] :1:1: Premature end of file.
2025-02-12 19:50:33,831 [ERROR] LogOutputStream:75 - [STDERR_REDIRECT] 
2025-02-12 19:50:34,847 [ERROR] LogOutputStream:75 - [STDERR_REDIRECT] [Fatal Error] :1:1: Premature end of file.
2025-02-12 19:50:34,847 [ERROR] LogOutputStream:75 - [STDERR_REDIRECT] 
2025-02-12 19:50:35,837 [ERROR] LogOutputStream:75 - [STDERR_REDIRECT] [Fatal Error] :1:1: Premature end of file.
2025-02-12 19:50:35,837 [ERROR] LogOutputStream:75 - [STDERR_REDIRECT] 
2025-02-12 19:50:36,832 [ERROR] LogOutputStream:75 - [STDERR_REDIRECT] [Fatal Error] :1:1: Premature end of file.
2025-02-12 19:50:36,832 [ERROR] LogOutputStream:75 - [STDERR_REDIRECT] 
2025-02-12 19:50:37,840 [ERROR] LogOutputStream:75 - [STDERR_REDIRECT] [Fatal Error] :1:1: Premature end of file.
2025-02-12 19:50:37,840 [ERROR] LogOutputStream:75 - [STDERR_REDIRECT] 
2025-02-12 19:50:38,836 [ERROR] LogOutputStream:75 - [STDERR_REDIRECT] [Fatal Error] :1:1: Premature end of file.
2025-02-12 19:50:38,836 [ERROR] LogOutputStream:75 - [STDERR_REDIRECT] 
2025-02-12 19:50:39,844 [ERROR] LogOutputStream:75 - [STDERR_REDIRECT] [Fatal Error] :1:1: Premature end of file.
2025-02-12 19:50:39,844 [ERROR] LogOutputStream:75 - [STDERR_REDIRECT] 
2025-02-12 19:50:40,845 [ERROR] LogOutputStream:75 - [STDERR_REDIRECT] [Fatal Error] :1:1: Premature end of file.
2025-02-12 19:50:40,845 [ERROR] LogOutputStream:75 - [STDERR_REDIRECT] 
2025-02-12 19:50:41,844 [ERROR] LogOutputStream:75 - [STDERR_REDIRECT] [Fatal Error] :1:1: Premature end of file.
2025-02-12 19:50:41,844 [ERROR] LogOutputStream:75 - [STDERR_REDIRECT] 
2025-02-12 19:50:42,837 [ERROR] LogOutputStream:75 - [STDERR_REDIRECT] [Fatal Error] :1:1: Premature end of file.
2025-02-12 19:50:42,837 [ERROR] LogOutputStream:75 - [STDERR_REDIRECT] 
2025-02-12 19:50:43,831 [ERROR] LogOutputStream:75 - [STDERR_REDIRECT] [Fatal Error] :1:1: Premature end of file.
2025-02-12 19:50:43,831 [ERROR] LogOutputStream:75 - [STDERR_REDIRECT] 
2025-02-12 19:50:44,839 [ERROR] LogOutputStream:75 - [STDERR_REDIRECT] [Fatal Error] :1:1: Premature end of file.
2025-02-12 19:50:44,839 [ERROR] LogOutputStream:75 - [STDERR_REDIRECT] 
2025-02-12 19:50:45,842 [ERROR] LogOutputStream:75 - [STDERR_REDIRECT] [Fatal Error] :1:1: Premature end of file.
2025-02-12 19:50:45,842 [ERROR] LogOutputStream:75 - [STDERR_REDIRECT] 
2025-02-12 19:50:46,840 [ERROR] LogOutputStream:75 - [STDERR_REDIRECT] [Fatal Error] :1:1: Premature end of file.
2025-02-12 19:50:46,840 [ERROR] LogOutputStream:75 - [STDERR_REDIRECT] 
2025-02-12 19:50:47,826 [ERROR] LogOutputStream:75 - [STDERR_REDIRECT] [Fatal Error] :1:1: Premature end of file.
2025-02-12 19:50:47,826 [ERROR] LogOutputStream:75 - [STDERR_REDIRECT] 
2025-02-12 19:50:48,837 [ERROR] LogOutputStream:75 - [STDERR_REDIRECT] [Fatal Error] :1:1: Premature end of file.
2025-02-12 19:50:48,837 [ERROR] LogOutputStream:75 - [STDERR_REDIRECT] 
2025-02-12 19:50:49,846 [ERROR] LogOutputStream:75 - [STDERR_REDIRECT] [Fatal Error] :1:1: Premature end of file.
2025-02-12 19:50:49,846 [ERROR] LogOutputStream:75 - [STDERR_REDIRECT] 
2025-02-12 19:50:50,835 [ERROR] LogOutputStream:75 - [STDERR_REDIRECT] [Fatal Error] :1:1: Premature end of file.
2025-02-12 19:50:50,835 [ERROR] LogOutputStream:75 - [STDERR_REDIRECT] 
2025-02-12 19:50:51,845 [ERROR] LogOutputStream:75 - [STDERR_REDIRECT] [Fatal Error] :1:1: Premature end of file.
2025-02-12 19:50:51,845 [ERROR] LogOutputStream:75 - [STDERR_REDIRECT] 
2025-02-12 19:50:52,827 [ERROR] LogOutputStream:75 - [STDERR_REDIRECT] [Fatal Error] :1:1: Premature end of file.
2025-02-12 19:50:52,827 [ERROR] LogOutputStream:75 - [STDERR_REDIRECT] 
2025-02-12 19:50:53,842 [ERROR] LogOutputStream:75 - [STDERR_REDIRECT] [Fatal Error] :1:1: Premature end of file.
2025-02-12 19:50:53,842 [ERROR] LogOutputStream:75 - [STDERR_REDIRECT] 
2025-02-12 19:50:54,828 [ERROR] LogOutputStream:75 - [STDERR_REDIRECT] [Fatal Error] :1:1: Premature end of file.
2025-02-12 19:50:54,828 [ERROR] LogOutputStream:75 - [STDERR_REDIRECT] 
2025-02-12 19:50:55,835 [ERROR] LogOutputStream:75 - [STDERR_REDIRECT] [Fatal Error] :1:1: Premature end of file.
2025-02-12 19:50:55,835 [ERROR] LogOutputStream:75 - [STDERR_REDIRECT] 
2025-02-12 19:50:56,834 [ERROR] LogOutputStream:75 - [STDERR_REDIRECT] [Fatal Error] :1:1: Premature end of file.
2025-02-12 19:50:56,834 [ERROR] LogOutputStream:75 - [STDERR_REDIRECT] 
2025-02-12 19:50:57,832 [ERROR] LogOutputStream:75 - [STDERR_REDIRECT] [Fatal Error] :1:1: Premature end of file.
2025-02-12 19:50:57,832 [ERROR] LogOutputStream:75 - [STDERR_REDIRECT] 
2025-02-12 19:50:58,832 [ERROR] LogOutputStream:75 - [STDERR_REDIRECT] [Fatal Error] :1:1: Premature end of file.
2025-02-12 19:50:58,832 [ERROR] LogOutputStream:75 - [STDERR_REDIRECT] 
2025-02-12 19:50:59,832 [ERROR] LogOutputStream:75 - [STDERR_REDIRECT] [Fatal Error] :1:1: Premature end of file.
2025-02-12 19:50:59,832 [ERROR] LogOutputStream:75 - [STDERR_REDIRECT] 
2025-02-12 19:51:00,836 [ERROR] LogOutputStream:75 - [STDERR_REDIRECT] [Fatal Error] :1:1: Premature end of file.
2025-02-12 19:51:00,837 [ERROR] LogOutputStream:75 - [STDERR_REDIRECT] 
2025-02-12 19:51:01,830 [ERROR] LogOutputStream:75 - [STDERR_REDIRECT] [Fatal Error] :1:1: Premature end of file.
2025-02-12 19:51:01,830 [ERROR] LogOutputStream:75 - [STDERR_REDIRECT] 
2025-02-12 19:51:02,843 [ERROR] LogOutputStream:75 - [STDERR_REDIRECT] [Fatal Error] :1:1: Premature end of file.
2025-02-12 19:51:02,843 [ERROR] LogOutputStream:75 - [STDERR_REDIRECT] 
2025-02-12 19:51:03,831 [ERROR] LogOutputStream:75 - [STDERR_REDIRECT] [Fatal Error] :1:1: Premature end of file.
2025-02-12 19:51:03,831 [ERROR] LogOutputStream:75 - [STDERR_REDIRECT] 
2025-02-12 19:51:04,834 [ERROR] LogOutputStream:75 - [STDERR_REDIRECT] [Fatal Error] :1:1: Premature end of file.
2025-02-12 19:51:04,834 [ERROR] LogOutputStream:75 - [STDERR_REDIRECT] 
2025-02-12 19:51:05,838 [ERROR] LogOutputStream:75 - [STDERR_REDIRECT] [Fatal Error] :1:1: Premature end of file.
2025-02-12 19:51:05,839 [ERROR] LogOutputStream:75 - [STDERR_REDIRECT] 
2025-02-12 19:51:06,840 [ERROR] LogOutputStream:75 - [STDERR_REDIRECT] [Fatal Error] :1:1: Premature end of file.
2025-02-12 19:51:06,840 [ERROR] LogOutputStream:75 - [STDERR_REDIRECT] 
2025-02-12 19:51:07,846 [ERROR] LogOutputStream:75 - [STDERR_REDIRECT] [Fatal Error] :1:1: Premature end of file.
2025-02-12 19:51:07,846 [ERROR] LogOutputStream:75 - [STDERR_REDIRECT] 
2025-02-12 19:51:08,829 [ERROR] LogOutputStream:75 - [STDERR_REDIRECT] [Fatal Error] :1:1: Premature end of file.
2025-02-12 19:51:08,829 [ERROR] LogOutputStream:75 - [STDERR_REDIRECT] 
2025-02-12 19:51:09,839 [ERROR] LogOutputStream:75 - [STDERR_REDIRECT] [Fatal Error] :1:1: Premature end of file.
2025-02-12 19:51:09,839 [ERROR] LogOutputStream:75 - [STDERR_REDIRECT] 
2025-02-12 19:51:10,835 [ERROR] LogOutputStream:75 - [STDERR_REDIRECT] [Fatal Error] :1:1: Premature end of file.
2025-02-12 19:51:10,835 [ERROR] LogOutputStream:75 - [STDERR_REDIRECT] 
2025-02-12 19:51:11,830 [ERROR] LogOutputStream:75 - [STDERR_REDIRECT] [Fatal Error] :1:1: Premature end of file.
2025-02-12 19:51:11,830 [ERROR] LogOutputStream:75 - [STDERR_REDIRECT] 
2025-02-12 19:51:12,833 [ERROR] LogOutputStream:75 - [STDERR_REDIRECT] [Fatal Error] :1:1: Premature end of file.
2025-02-12 19:51:12,833 [ERROR] LogOutputStream:75 - [STDERR_REDIRECT] 
2025-02-12 19:51:13,833 [ERROR] LogOutputStream:75 - [STDERR_REDIRECT] [Fatal Error] :1:1: Premature end of file.
2025-02-12 19:51:13,833 [ERROR] LogOutputStream:75 - [STDERR_REDIRECT] 
2025-02-12 19:51:14,834 [ERROR] LogOutputStream:75 - [STDERR_REDIRECT] [Fatal Error] :1:1: Premature end of file.
2025-02-12 19:51:14,834 [ERROR] LogOutputStream:75 - [STDERR_REDIRECT] 
2025-02-12 19:51:15,842 [ERROR] LogOutputStream:75 - [STDERR_REDIRECT] [Fatal Error] :1:1: Premature end of file.
2025-02-12 19:51:15,842 [ERROR] LogOutputStream:75 - [STDERR_REDIRECT] 
2025-02-12 19:51:16,839 [ERROR] LogOutputStream:75 - [STDERR_REDIRECT] [Fatal Error] :1:1: Premature end of file.
2025-02-12 19:51:16,840 [ERROR] LogOutputStream:75 - [STDERR_REDIRECT] 
2025-02-12 19:51:17,833 [ERROR] LogOutputStream:75 - [STDERR_REDIRECT] [Fatal Error] :1:1: Premature end of file.
2025-02-12 19:51:17,833 [ERROR] LogOutputStream:75 - [STDERR_REDIRECT] 
2025-02-12 19:51:18,840 [ERROR] LogOutputStream:75 - [STDERR_REDIRECT] [Fatal Error] :1:1: Premature end of file.
2025-02-12 19:51:18,840 [ERROR] LogOutputStream:75 - [STDERR_REDIRECT] 
2025-02-12 19:51:19,841 [ERROR] LogOutputStream:75 - [STDERR_REDIRECT] [Fatal Error] :1:1: Premature end of file.
2025-02-12 19:51:19,841 [ERROR] LogOutputStream:75 - [STDERR_REDIRECT] 
2025-02-12 19:51:20,828 [ERROR] LogOutputStream:75 - [STDERR_REDIRECT] [Fatal Error] :1:1: Premature end of file.
2025-02-12 19:51:20,828 [ERROR] LogOutputStream:75 - [STDERR_REDIRECT] 
2025-02-12 19:51:21,841 [ERROR] LogOutputStream:75 - [STDERR_REDIRECT] [Fatal Error] :1:1: Premature end of file.
2025-02-12 19:51:21,841 [ERROR] LogOutputStream:75 - [STDERR_REDIRECT] 
2025-02-12 19:51:22,835 [ERROR] LogOutputStream:75 - [STDERR_REDIRECT] [Fatal Error] :1:1: Premature end of file.
2025-02-12 19:51:22,835 [ERROR] LogOutputStream:75 - [STDERR_REDIRECT] 
2025-02-12 19:51:23,848 [ERROR] LogOutputStream:75 - [STDERR_REDIRECT] [Fatal Error] :1:1: Premature end of file.
2025-02-12 19:51:23,848 [ERROR] LogOutputStream:75 - [STDERR_REDIRECT] 
2025-02-12 19:51:24,836 [ERROR] LogOutputStream:75 - [STDERR_REDIRECT] [Fatal Error] :1:1: Premature end of file.
2025-02-12 19:51:24,836 [ERROR] LogOutputStream:75 - [STDERR_REDIRECT] 
2025-02-12 19:51:25,843 [ERROR] LogOutputStream:75 - [STDERR_REDIRECT] [Fatal Error] :1:1: Premature end of file.
2025-02-12 19:51:25,843 [ERROR] LogOutputStream:75 - [STDERR_REDIRECT] 
2025-02-12 19:51:26,842 [ERROR] LogOutputStream:75 - [STDERR_REDIRECT] [Fatal Error] :1:1: Premature end of file.
2025-02-12 19:51:26,842 [ERROR] LogOutputStream:75 - [STDERR_REDIRECT] 
2025-02-12 19:51:27,843 [ERROR] LogOutputStream:75 - [STDERR_REDIRECT] [Fatal Error] :1:1: Premature end of file.
2025-02-12 19:51:27,843 [ERROR] LogOutputStream:75 - [STDERR_REDIRECT] 
2025-02-12 19:51:28,838 [ERROR] LogOutputStream:75 - [STDERR_REDIRECT] [Fatal Error] :1:1: Premature end of file.
2025-02-12 19:51:28,839 [ERROR] LogOutputStream:75 - [STDERR_REDIRECT] 
2025-02-12 19:51:29,835 [ERROR] LogOutputStream:75 - [STDERR_REDIRECT] [Fatal Error] :1:1: Premature end of file.
2025-02-12 19:51:29,835 [ERROR] LogOutputStream:75 - [STDERR_REDIRECT] 
2025-02-12 19:51:30,833 [ERROR] LogOutputStream:75 - [STDERR_REDIRECT] [Fatal Error] :1:1: Premature end of file.
2025-02-12 19:51:30,833 [ERROR] LogOutputStream:75 - [STDERR_REDIRECT] 
2025-02-12 19:51:31,834 [ERROR] LogOutputStream:75 - [STDERR_REDIRECT] [Fatal Error] :1:1: Premature end of file.
2025-02-12 19:51:31,834 [ERROR] LogOutputStream:75 - [STDERR_REDIRECT] 
2025-02-12 19:51:32,841 [ERROR] LogOutputStream:75 - [STDERR_REDIRECT] [Fatal Error] :1:1: Premature end of file.
2025-02-12 19:51:32,841 [ERROR] LogOutputStream:75 - [STDERR_REDIRECT] 
2025-02-12 19:51:33,838 [ERROR] LogOutputStream:75 - [STDERR_REDIRECT] [Fatal Error] :1:1: Premature end of file.
2025-02-12 19:51:33,839 [ERROR] LogOutputStream:75 - [STDERR_REDIRECT] 
2025-02-12 19:51:34,842 [ERROR] LogOutputStream:75 - [STDERR_REDIRECT] [Fatal Error] :1:1: Premature end of file.
2025-02-12 19:51:34,842 [ERROR] LogOutputStream:75 - [STDERR_REDIRECT] 
2025-02-12 19:51:35,833 [ERROR] LogOutputStream:75 - [STDERR_REDIRECT] [Fatal Error] :1:1: Premature end of file.
2025-02-12 19:51:35,833 [ERROR] LogOutputStream:75 - [STDERR_REDIRECT] 
2025-02-12 19:51:36,836 [ERROR] LogOutputStream:75 - [STDERR_REDIRECT] [Fatal Error] :1:1: Premature end of file.
2025-02-12 19:51:36,836 [ERROR] LogOutputStream:75 - [STDERR_REDIRECT] 
2025-02-12 19:51:37,837 [ERROR] LogOutputStream:75 - [STDERR_REDIRECT] [Fatal Error] :1:1: Premature end of file.
2025-02-12 19:51:37,837 [ERROR] LogOutputStream:75 - [STDERR_REDIRECT] 
2025-02-12 19:51:38,833 [ERROR] LogOutputStream:75 - [STDERR_REDIRECT] [Fatal Error] :1:1: Premature end of file.
2025-02-12 19:51:38,833 [ERROR] LogOutputStream:75 - [STDERR_REDIRECT] 
2025-02-12 19:51:39,844 [ERROR] LogOutputStream:75 - [STDERR_REDIRECT] [Fatal Error] :1:1: Premature end of file.
2025-02-12 19:51:39,844 [ERROR] LogOutputStream:75 - [STDERR_REDIRECT] 
2025-02-12 19:51:40,830 [ERROR] LogOutputStream:75 - [STDERR_REDIRECT] [Fatal Error] :1:1: Premature end of file.
2025-02-12 19:51:40,831 [ERROR] LogOutputStream:75 - [STDERR_REDIRECT] 
2025-02-12 19:51:41,830 [ERROR] LogOutputStream:75 - [STDERR_REDIRECT] [Fatal Error] :1:1: Premature end of file.
2025-02-12 19:51:41,830 [ERROR] LogOutputStream:75 - [STDERR_REDIRECT] 
2025-02-12 19:51:42,834 [ERROR] LogOutputStream:75 - [STDERR_REDIRECT] [Fatal Error] :1:1: Premature end of file.
2025-02-12 19:51:42,834 [ERROR] LogOutputStream:75 - [STDERR_REDIRECT] 
2025-02-12 19:51:43,830 [ERROR] LogOutputStream:75 - [STDERR_REDIRECT] [Fatal Error] :1:1: Premature end of file.
2025-02-12 19:51:43,830 [ERROR] LogOutputStream:75 - [STDERR_REDIRECT] 
2025-02-12 19:51:44,830 [ERROR] LogOutputStream:75 - [STDERR_REDIRECT] [Fatal Error] :1:1: Premature end of file.
2025-02-12 19:51:44,830 [ERROR] LogOutputStream:75 - [STDERR_REDIRECT] 
2025-02-12 19:51:45,832 [ERROR] LogOutputStream:75 - [STDERR_REDIRECT] [Fatal Error] :1:1: Premature end of file.
2025-02-12 19:51:45,832 [ERROR] LogOutputStream:75 - [STDERR_REDIRECT] 
2025-02-12 19:51:46,832 [ERROR] LogOutputStream:75 - [STDERR_REDIRECT] [Fatal Error] :1:1: Premature end of file.
2025-02-12 19:51:46,832 [ERROR] LogOutputStream:75 - [STDERR_REDIRECT] 
2025-02-12 19:51:47,842 [ERROR] LogOutputStream:75 - [STDERR_REDIRECT] [Fatal Error] :1:1: Premature end of file.
2025-02-12 19:51:47,842 [ERROR] LogOutputStream:75 - [STDERR_REDIRECT] 
2025-02-12 19:51:48,835 [ERROR] LogOutputStream:75 - [STDERR_REDIRECT] [Fatal Error] :1:1: Premature end of file.
2025-02-12 19:51:48,835 [ERROR] LogOutputStream:75 - [STDERR_REDIRECT] 
2025-02-12 19:51:49,831 [ERROR] LogOutputStream:75 - [STDERR_REDIRECT] [Fatal Error] :1:1: Premature end of file.
2025-02-12 19:51:49,831 [ERROR] LogOutputStream:75 - [STDERR_REDIRECT] 
2025-02-12 19:51:50,830 [ERROR] LogOutputStream:75 - [STDERR_REDIRECT] [Fatal Error] :1:1: Premature end of file.
2025-02-12 19:51:50,830 [ERROR] LogOutputStream:75 - [STDERR_REDIRECT] 
2025-02-12 19:51:51,833 [ERROR] LogOutputStream:75 - [STDERR_REDIRECT] [Fatal Error] :1:1: Premature end of file.
2025-02-12 19:51:51,833 [ERROR] LogOutputStream:75 - [STDERR_REDIRECT] 
2025-02-12 19:51:52,830 [ERROR] LogOutputStream:75 - [STDERR_REDIRECT] [Fatal Error] :1:1: Premature end of file.
2025-02-12 19:51:52,830 [ERROR] LogOutputStream:75 - [STDERR_REDIRECT] 
2025-02-12 19:51:53,831 [ERROR] LogOutputStream:75 - [STDERR_REDIRECT] [Fatal Error] :1:1: Premature end of file.
2025-02-12 19:51:53,831 [ERROR] LogOutputStream:75 - [STDERR_REDIRECT] 
2025-02-12 19:51:54,830 [ERROR] LogOutputStream:75 - [STDERR_REDIRECT] [Fatal Error] :1:1: Premature end of file.
2025-02-12 19:51:54,830 [ERROR] LogOutputStream:75 - [STDERR_REDIRECT] 
2025-02-12 19:51:55,832 [ERROR] LogOutputStream:75 - [STDERR_REDIRECT] [Fatal Error] :1:1: Premature end of file.
2025-02-12 19:51:55,832 [ERROR] LogOutputStream:75 - [STDERR_REDIRECT] 
2025-02-12 19:51:56,832 [ERROR] LogOutputStream:75 - [STDERR_REDIRECT] [Fatal Error] :1:1: Premature end of file.
2025-02-12 19:51:56,832 [ERROR] LogOutputStream:75 - [STDERR_REDIRECT] 
2025-02-12 19:51:57,829 [ERROR] LogOutputStream:75 - [STDERR_REDIRECT] [Fatal Error] :1:1: Premature end of file.
2025-02-12 19:51:57,829 [ERROR] LogOutputStream:75 - [STDERR_REDIRECT] 
2025-02-12 19:51:58,831 [ERROR] LogOutputStream:75 - [STDERR_REDIRECT] [Fatal Error] :1:1: Premature end of file.
2025-02-12 19:51:58,831 [ERROR] LogOutputStream:75 - [STDERR_REDIRECT] 
2025-02-12 19:51:59,830 [ERROR] LogOutputStream:75 - [STDERR_REDIRECT] [Fatal Error] :1:1: Premature end of file.
2025-02-12 19:51:59,830 [ERROR] LogOutputStream:75 - [STDERR_REDIRECT] 
2025-02-12 19:52:00,832 [ERROR] LogOutputStream:75 - [STDERR_REDIRECT] [Fatal Error] :1:1: Premature end of file.
2025-02-12 19:52:00,832 [ERROR] LogOutputStream:75 - [STDERR_REDIRECT] 
2025-02-12 19:52:01,836 [ERROR] LogOutputStream:75 - [STDERR_REDIRECT] [Fatal Error] :1:1: Premature end of file.
2025-02-12 19:52:01,836 [ERROR] LogOutputStream:75 - [STDERR_REDIRECT] 
2025-02-12 19:52:02,842 [ERROR] LogOutputStream:75 - [STDERR_REDIRECT] [Fatal Error] :1:1: Premature end of file.
2025-02-12 19:52:02,842 [ERROR] LogOutputStream:75 - [STDERR_REDIRECT] 
2025-02-12 19:52:03,835 [ERROR] LogOutputStream:75 - [STDERR_REDIRECT] [Fatal Error] :1:1: Premature end of file.
2025-02-12 19:52:03,835 [ERROR] LogOutputStream:75 - [STDERR_REDIRECT] 
2025-02-12 19:52:04,834 [ERROR] LogOutputStream:75 - [STDERR_REDIRECT] [Fatal Error] :1:1: Premature end of file.
2025-02-12 19:52:04,834 [ERROR] LogOutputStream:75 - [STDERR_REDIRECT] 
2025-02-12 19:52:05,831 [ERROR] LogOutputStream:75 - [STDERR_REDIRECT] [Fatal Error] :1:1: Premature end of file.
2025-02-12 19:52:05,832 [ERROR] LogOutputStream:75 - [STDERR_REDIRECT] 
2025-02-12 19:52:06,847 [ERROR] LogOutputStream:75 - [STDERR_REDIRECT] [Fatal Error] :1:1: Premature end of file.
2025-02-12 19:52:06,847 [ERROR] LogOutputStream:75 - [STDERR_REDIRECT] 
2025-02-12 19:52:07,834 [ERROR] LogOutputStream:75 - [STDERR_REDIRECT] [Fatal Error] :1:1: Premature end of file.
2025-02-12 19:52:07,834 [ERROR] LogOutputStream:75 - [STDERR_REDIRECT] 
2025-02-12 19:52:08,840 [ERROR] LogOutputStream:75 - [STDERR_REDIRECT] [Fatal Error] :1:1: Premature end of file.
2025-02-12 19:52:08,840 [ERROR] LogOutputStream:75 - [STDERR_REDIRECT] 
2025-02-12 19:52:09,839 [ERROR] LogOutputStream:75 - [STDERR_REDIRECT] [Fatal Error] :1:1: Premature end of file.
2025-02-12 19:52:09,839 [ERROR] LogOutputStream:75 - [STDERR_REDIRECT] 
2025-02-12 19:52:10,838 [ERROR] LogOutputStream:75 - [STDERR_REDIRECT] [Fatal Error] :1:1: Premature end of file.
2025-02-12 19:52:10,838 [ERROR] LogOutputStream:75 - [STDERR_REDIRECT] 
2025-02-12 19:52:11,839 [ERROR] LogOutputStream:75 - [STDERR_REDIRECT] [Fatal Error] :1:1: Premature end of file.
2025-02-12 19:52:11,839 [ERROR] LogOutputStream:75 - [STDERR_REDIRECT] 
2025-02-12 19:52:12,830 [ERROR] LogOutputStream:75 - [STDERR_REDIRECT] [Fatal Error] :1:1: Premature end of file.
2025-02-12 19:52:12,830 [ERROR] LogOutputStream:75 - [STDERR_REDIRECT] 
2025-02-12 19:52:13,841 [ERROR] LogOutputStream:75 - [STDERR_REDIRECT] [Fatal Error] :1:1: Premature end of file.
2025-02-12 19:52:13,841 [ERROR] LogOutputStream:75 - [STDERR_REDIRECT] 
2025-02-12 19:52:14,833 [ERROR] LogOutputStream:75 - [STDERR_REDIRECT] [Fatal Error] :1:1: Premature end of file.
2025-02-12 19:52:14,833 [ERROR] LogOutputStream:75 - [STDERR_REDIRECT] 
2025-02-12 19:52:15,832 [ERROR] LogOutputStream:75 - [STDERR_REDIRECT] [Fatal Error] :1:1: Premature end of file.
2025-02-12 19:52:15,832 [ERROR] LogOutputStream:75 - [STDERR_REDIRECT] 
2025-02-12 19:52:16,834 [ERROR] LogOutputStream:75 - [STDERR_REDIRECT] [Fatal Error] :1:1: Premature end of file.
2025-02-12 19:52:16,834 [ERROR] LogOutputStream:75 - [STDERR_REDIRECT] 
2025-02-12 19:52:17,852 [ERROR] LogOutputStream:75 - [STDERR_REDIRECT] [Fatal Error] :1:1: Premature end of file.
2025-02-12 19:52:17,852 [ERROR] LogOutputStream:75 - [STDERR_REDIRECT] 
2025-02-12 19:52:18,834 [ERROR] LogOutputStream:75 - [STDERR_REDIRECT] [Fatal Error] :1:1: Premature end of file.
2025-02-12 19:52:18,834 [ERROR] LogOutputStream:75 - [STDERR_REDIRECT] 
2025-02-12 19:52:19,842 [ERROR] LogOutputStream:75 - [STDERR_REDIRECT] [Fatal Error] :1:1: Premature end of file.
2025-02-12 19:52:19,842 [ERROR] LogOutputStream:75 - [STDERR_REDIRECT] 
2025-02-12 19:52:20,838 [ERROR] LogOutputStream:75 - [STDERR_REDIRECT] [Fatal Error] :1:1: Premature end of file.
2025-02-12 19:52:20,838 [ERROR] LogOutputStream:75 - [STDERR_REDIRECT] 
2025-02-12 19:52:21,831 [ERROR] LogOutputStream:75 - [STDERR_REDIRECT] [Fatal Error] :1:1: Premature end of file.
2025-02-12 19:52:21,831 [ERROR] LogOutputStream:75 - [STDERR_REDIRECT] 
2025-02-12 19:52:22,828 [ERROR] LogOutputStream:75 - [STDERR_REDIRECT] [Fatal Error] :1:1: Premature end of file.
2025-02-12 19:52:22,828 [ERROR] LogOutputStream:75 - [STDERR_REDIRECT] 
2025-02-12 19:52:23,833 [ERROR] LogOutputStream:75 - [STDERR_REDIRECT] [Fatal Error] :1:1: Premature end of file.
2025-02-12 19:52:23,833 [ERROR] LogOutputStream:75 - [STDERR_REDIRECT] 
2025-02-12 19:52:24,832 [ERROR] LogOutputStream:75 - [STDERR_REDIRECT] [Fatal Error] :1:1: Premature end of file.
2025-02-12 19:52:24,833 [ERROR] LogOutputStream:75 - [STDERR_REDIRECT] 
2025-02-12 19:52:25,835 [ERROR] LogOutputStream:75 - [STDERR_REDIRECT] [Fatal Error] :1:1: Premature end of file.
2025-02-12 19:52:25,835 [ERROR] LogOutputStream:75 - [STDERR_REDIRECT] 
2025-02-12 19:52:26,842 [ERROR] LogOutputStream:75 - [STDERR_REDIRECT] [Fatal Error] :1:1: Premature end of file.
2025-02-12 19:52:26,842 [ERROR] LogOutputStream:75 - [STDERR_REDIRECT] 
2025-02-12 19:52:27,827 [ERROR] LogOutputStream:75 - [STDERR_REDIRECT] [Fatal Error] :1:1: Premature end of file.
2025-02-12 19:52:27,827 [ERROR] LogOutputStream:75 - [STDERR_REDIRECT] 
2025-02-12 19:52:28,833 [ERROR] LogOutputStream:75 - [STDERR_REDIRECT] [Fatal Error] :1:1: Premature end of file.
2025-02-12 19:52:28,833 [ERROR] LogOutputStream:75 - [STDERR_REDIRECT] 
2025-02-12 19:52:29,832 [ERROR] LogOutputStream:75 - [STDERR_REDIRECT] [Fatal Error] :1:1: Premature end of file.
2025-02-12 19:52:29,832 [ERROR] LogOutputStream:75 - [STDERR_REDIRECT] 
2025-02-12 19:52:30,825 [ERROR] LogOutputStream:75 - [STDERR_REDIRECT] [Fatal Error] :1:1: Premature end of file.
2025-02-12 19:52:30,825 [ERROR] LogOutputStream:75 - [STDERR_REDIRECT] 
2025-02-12 19:52:31,838 [ERROR] LogOutputStream:75 - [STDERR_REDIRECT] [Fatal Error] :1:1: Premature end of file.
2025-02-12 19:52:31,839 [ERROR] LogOutputStream:75 - [STDERR_REDIRECT] 
2025-02-12 19:52:32,846 [ERROR] LogOutputStream:75 - [STDERR_REDIRECT] [Fatal Error] :1:1: Premature end of file.
2025-02-12 19:52:32,846 [ERROR] LogOutputStream:75 - [STDERR_REDIRECT] 
2025-02-12 19:52:33,825 [ERROR] LogOutputStream:75 - [STDERR_REDIRECT] [Fatal Error] :1:1: Premature end of file.
2025-02-12 19:52:33,825 [ERROR] LogOutputStream:75 - [STDERR_REDIRECT] 
2025-02-12 19:52:34,832 [ERROR] LogOutputStream:75 - [STDERR_REDIRECT] [Fatal Error] :1:1: Premature end of file.
2025-02-12 19:52:34,833 [ERROR] LogOutputStream:75 - [STDERR_REDIRECT] 
2025-02-12 19:52:35,830 [ERROR] LogOutputStream:75 - [STDERR_REDIRECT] [Fatal Error] :1:1: Premature end of file.
2025-02-12 19:52:35,830 [ERROR] LogOutputStream:75 - [STDERR_REDIRECT] 
2025-02-12 19:52:36,838 [ERROR] LogOutputStream:75 - [STDERR_REDIRECT] [Fatal Error] :1:1: Premature end of file.
2025-02-12 19:52:36,838 [ERROR] LogOutputStream:75 - [STDERR_REDIRECT] 
2025-02-12 19:52:37,845 [ERROR] LogOutputStream:75 - [STDERR_REDIRECT] [Fatal Error] :1:1: Premature end of file.
2025-02-12 19:52:37,845 [ERROR] LogOutputStream:75 - [STDERR_REDIRECT] 
2025-02-12 19:52:38,833 [ERROR] LogOutputStream:75 - [STDERR_REDIRECT] [Fatal Error] :1:1: Premature end of file.
2025-02-12 19:52:38,833 [ERROR] LogOutputStream:75 - [STDERR_REDIRECT] 
2025-02-12 19:52:39,837 [ERROR] LogOutputStream:75 - [STDERR_REDIRECT] [Fatal Error] :1:1: Premature end of file.
2025-02-12 19:52:39,838 [ERROR] LogOutputStream:75 - [STDERR_REDIRECT] 
2025-02-12 19:52:40,830 [ERROR] LogOutputStream:75 - [STDERR_REDIRECT] [Fatal Error] :1:1: Premature end of file.
2025-02-12 19:52:40,830 [ERROR] LogOutputStream:75 - [STDERR_REDIRECT] 
2025-02-12 19:52:41,831 [ERROR] LogOutputStream:75 - [STDERR_REDIRECT] [Fatal Error] :1:1: Premature end of file.
2025-02-12 19:52:41,831 [ERROR] LogOutputStream:75 - [STDERR_REDIRECT] 
2025-02-12 19:52:42,831 [ERROR] LogOutputStream:75 - [STDERR_REDIRECT] [Fatal Error] :1:1: Premature end of file.
2025-02-12 19:52:42,831 [ERROR] LogOutputStream:75 - [STDERR_REDIRECT] 
2025-02-12 19:52:43,829 [ERROR] LogOutputStream:75 - [STDERR_REDIRECT] [Fatal Error] :1:1: Premature end of file.
2025-02-12 19:52:43,829 [ERROR] LogOutputStream:75 - [STDERR_REDIRECT] 
2025-02-12 19:52:44,831 [ERROR] LogOutputStream:75 - [STDERR_REDIRECT] [Fatal Error] :1:1: Premature end of file.
2025-02-12 19:52:44,831 [ERROR] LogOutputStream:75 - [STDERR_REDIRECT] 
2025-02-12 19:52:45,830 [ERROR] LogOutputStream:75 - [STDERR_REDIRECT] [Fatal Error] :1:1: Premature end of file.
2025-02-12 19:52:45,830 [ERROR] LogOutputStream:75 - [STDERR_REDIRECT] 
2025-02-12 19:52:46,834 [ERROR] LogOutputStream:75 - [STDERR_REDIRECT] [Fatal Error] :1:1: Premature end of file.
2025-02-12 19:52:46,834 [ERROR] LogOutputStream:75 - [STDERR_REDIRECT] 
2025-02-12 19:52:47,842 [ERROR] LogOutputStream:75 - [STDERR_REDIRECT] [Fatal Error] :1:1: Premature end of file.
2025-02-12 19:52:47,842 [ERROR] LogOutputStream:75 - [STDERR_REDIRECT] 
2025-02-12 19:52:48,838 [ERROR] LogOutputStream:75 - [STDERR_REDIRECT] [Fatal Error] :1:1: Premature end of file.
2025-02-12 19:52:48,838 [ERROR] LogOutputStream:75 - [STDERR_REDIRECT] 
2025-02-12 19:52:49,830 [ERROR] LogOutputStream:75 - [STDERR_REDIRECT] [Fatal Error] :1:1: Premature end of file.
2025-02-12 19:52:49,830 [ERROR] LogOutputStream:75 - [STDERR_REDIRECT] 
2025-02-12 19:52:50,832 [ERROR] LogOutputStream:75 - [STDERR_REDIRECT] [Fatal Error] :1:1: Premature end of file.
2025-02-12 19:52:50,832 [ERROR] LogOutputStream:75 - [STDERR_REDIRECT] 
2025-02-12 19:52:51,834 [ERROR] LogOutputStream:75 - [STDERR_REDIRECT] [Fatal Error] :1:1: Premature end of file.
2025-02-12 19:52:51,834 [ERROR] LogOutputStream:75 - [STDERR_REDIRECT] 
2025-02-12 19:52:52,829 [ERROR] LogOutputStream:75 - [STDERR_REDIRECT] [Fatal Error] :1:1: Premature end of file.
2025-02-12 19:52:52,829 [ERROR] LogOutputStream:75 - [STDERR_REDIRECT] 
2025-02-12 19:52:53,846 [ERROR] LogOutputStream:75 - [STDERR_REDIRECT] [Fatal Error] :1:1: Premature end of file.
2025-02-12 19:52:53,846 [ERROR] LogOutputStream:75 - [STDERR_REDIRECT] 
2025-02-12 19:52:54,843 [ERROR] LogOutputStream:75 - [STDERR_REDIRECT] [Fatal Error] :1:1: Premature end of file.
2025-02-12 19:52:54,843 [ERROR] LogOutputStream:75 - [STDERR_REDIRECT] 
2025-02-12 19:52:55,847 [ERROR] LogOutputStream:75 - [STDERR_REDIRECT] [Fatal Error] :1:1: Premature end of file.
2025-02-12 19:52:55,847 [ERROR] LogOutputStream:75 - [STDERR_REDIRECT] 
2025-02-12 19:52:56,836 [ERROR] LogOutputStream:75 - [STDERR_REDIRECT] [Fatal Error] :1:1: Premature end of file.
2025-02-12 19:52:56,837 [ERROR] LogOutputStream:75 - [STDERR_REDIRECT] 
2025-02-12 19:52:57,833 [ERROR] LogOutputStream:75 - [STDERR_REDIRECT] [Fatal Error] :1:1: Premature end of file.
2025-02-12 19:52:57,834 [ERROR] LogOutputStream:75 - [STDERR_REDIRECT] 
2025-02-12 19:52:58,834 [ERROR] LogOutputStream:75 - [STDERR_REDIRECT] [Fatal Error] :1:1: Premature end of file.
2025-02-12 19:52:58,834 [ERROR] LogOutputStream:75 - [STDERR_REDIRECT] 
2025-02-12 19:52:59,836 [ERROR] LogOutputStream:75 - [STDERR_REDIRECT] [Fatal Error] :1:1: Premature end of file.
2025-02-12 19:52:59,836 [ERROR] LogOutputStream:75 - [STDERR_REDIRECT] 
2025-02-12 19:53:00,841 [ERROR] LogOutputStream:75 - [STDERR_REDIRECT] [Fatal Error] :1:1: Premature end of file.
2025-02-12 19:53:00,841 [ERROR] LogOutputStream:75 - [STDERR_REDIRECT] 
2025-02-12 19:53:01,847 [ERROR] LogOutputStream:75 - [STDERR_REDIRECT] [Fatal Error] :1:1: Premature end of file.
2025-02-12 19:53:01,847 [ERROR] LogOutputStream:75 - [STDERR_REDIRECT] 
2025-02-12 19:53:02,837 [ERROR] LogOutputStream:75 - [STDERR_REDIRECT] [Fatal Error] :1:1: Premature end of file.
2025-02-12 19:53:02,837 [ERROR] LogOutputStream:75 - [STDERR_REDIRECT] 
2025-02-12 19:53:03,847 [ERROR] LogOutputStream:75 - [STDERR_REDIRECT] [Fatal Error] :1:1: Premature end of file.
2025-02-12 19:53:03,847 [ERROR] LogOutputStream:75 - [STDERR_REDIRECT] 
2025-02-12 19:53:04,847 [ERROR] LogOutputStream:75 - [STDERR_REDIRECT] [Fatal Error] :1:1: Premature end of file.
2025-02-12 19:53:04,847 [ERROR] LogOutputStream:75 - [STDERR_REDIRECT] 
2025-02-12 19:53:05,837 [ERROR] LogOutputStream:75 - [STDERR_REDIRECT] [Fatal Error] :1:1: Premature end of file.
2025-02-12 19:53:05,837 [ERROR] LogOutputStream:75 - [STDERR_REDIRECT] 
2025-02-12 19:53:06,836 [ERROR] LogOutputStream:75 - [STDERR_REDIRECT] [Fatal Error] :1:1: Premature end of file.
2025-02-12 19:53:06,836 [ERROR] LogOutputStream:75 - [STDERR_REDIRECT] 
2025-02-12 19:53:07,832 [ERROR] LogOutputStream:75 - [STDERR_REDIRECT] [Fatal Error] :1:1: Premature end of file.
2025-02-12 19:53:07,832 [ERROR] LogOutputStream:75 - [STDERR_REDIRECT] 
2025-02-12 19:53:08,835 [ERROR] LogOutputStream:75 - [STDERR_REDIRECT] [Fatal Error] :1:1: Premature end of file.
2025-02-12 19:53:08,835 [ERROR] LogOutputStream:75 - [STDERR_REDIRECT] 
2025-02-12 19:53:09,835 [ERROR] LogOutputStream:75 - [STDERR_REDIRECT] [Fatal Error] :1:1: Premature end of file.
2025-02-12 19:53:09,836 [ERROR] LogOutputStream:75 - [STDERR_REDIRECT] 
2025-02-12 19:53:10,845 [ERROR] LogOutputStream:75 - [STDERR_REDIRECT] [Fatal Error] :1:1: Premature end of file.
2025-02-12 19:53:10,846 [ERROR] LogOutputStream:75 - [STDERR_REDIRECT] 
2025-02-12 19:53:11,834 [ERROR] LogOutputStream:75 - [STDERR_REDIRECT] [Fatal Error] :1:1: Premature end of file.
2025-02-12 19:53:11,834 [ERROR] LogOutputStream:75 - [STDERR_REDIRECT] 
2025-02-12 19:53:12,844 [ERROR] LogOutputStream:75 - [STDERR_REDIRECT] [Fatal Error] :1:1: Premature end of file.
2025-02-12 19:53:12,844 [ERROR] LogOutputStream:75 - [STDERR_REDIRECT] 
2025-02-12 19:53:13,844 [ERROR] LogOutputStream:75 - [STDERR_REDIRECT] [Fatal Error] :1:1: Premature end of file.
2025-02-12 19:53:13,844 [ERROR] LogOutputStream:75 - [STDERR_REDIRECT] 
2025-02-12 19:53:14,843 [ERROR] LogOutputStream:75 - [STDERR_REDIRECT] [Fatal Error] :1:1: Premature end of file.
2025-02-12 19:53:14,843 [ERROR] LogOutputStream:75 - [STDERR_REDIRECT] 
2025-02-12 19:53:15,837 [ERROR] LogOutputStream:75 - [STDERR_REDIRECT] [Fatal Error] :1:1: Premature end of file.
2025-02-12 19:53:15,837 [ERROR] LogOutputStream:75 - [STDERR_REDIRECT] 
2025-02-12 19:53:16,843 [ERROR] LogOutputStream:75 - [STDERR_REDIRECT] [Fatal Error] :1:1: Premature end of file.
2025-02-12 19:53:16,843 [ERROR] LogOutputStream:75 - [STDERR_REDIRECT] 
2025-02-12 19:53:17,842 [ERROR] LogOutputStream:75 - [STDERR_REDIRECT] [Fatal Error] :1:1: Premature end of file.
2025-02-12 19:53:17,842 [ERROR] LogOutputStream:75 - [STDERR_REDIRECT] 
2025-02-12 19:53:18,836 [ERROR] LogOutputStream:75 - [STDERR_REDIRECT] [Fatal Error] :1:1: Premature end of file.
2025-02-12 19:53:18,836 [ERROR] LogOutputStream:75 - [STDERR_REDIRECT] 
2025-02-12 19:53:19,840 [ERROR] LogOutputStream:75 - [STDERR_REDIRECT] [Fatal Error] :1:1: Premature end of file.
2025-02-12 19:53:19,841 [ERROR] LogOutputStream:75 - [STDERR_REDIRECT] 
2025-02-12 19:53:20,835 [ERROR] LogOutputStream:75 - [STDERR_REDIRECT] [Fatal Error] :1:1: Premature end of file.
2025-02-12 19:53:20,835 [ERROR] LogOutputStream:75 - [STDERR_REDIRECT] 
2025-02-12 19:53:21,831 [ERROR] LogOutputStream:75 - [STDERR_REDIRECT] [Fatal Error] :1:1: Premature end of file.
2025-02-12 19:53:21,831 [ERROR] LogOutputStream:75 - [STDERR_REDIRECT] 
2025-02-12 19:53:22,835 [ERROR] LogOutputStream:75 - [STDERR_REDIRECT] [Fatal Error] :1:1: Premature end of file.
2025-02-12 19:53:22,835 [ERROR] LogOutputStream:75 - [STDERR_REDIRECT] 
2025-02-12 19:53:23,836 [ERROR] LogOutputStream:75 - [STDERR_REDIRECT] [Fatal Error] :1:1: Premature end of file.
2025-02-12 19:53:23,836 [ERROR] LogOutputStream:75 - [STDERR_REDIRECT] 
2025-02-12 19:53:24,834 [ERROR] LogOutputStream:75 - [STDERR_REDIRECT] [Fatal Error] :1:1: Premature end of file.
2025-02-12 19:53:24,834 [ERROR] LogOutputStream:75 - [STDERR_REDIRECT] 
2025-02-12 19:53:25,831 [ERROR] LogOutputStream:75 - [STDERR_REDIRECT] [Fatal Error] :1:1: Premature end of file.
2025-02-12 19:53:25,831 [ERROR] LogOutputStream:75 - [STDERR_REDIRECT] 
2025-02-12 19:53:26,827 [ERROR] LogOutputStream:75 - [STDERR_REDIRECT] [Fatal Error] :1:1: Premature end of file.
2025-02-12 19:53:26,827 [ERROR] LogOutputStream:75 - [STDERR_REDIRECT] 
2025-02-12 19:53:27,837 [ERROR] LogOutputStream:75 - [STDERR_REDIRECT] [Fatal Error] :1:1: Premature end of file.
2025-02-12 19:53:27,837 [ERROR] LogOutputStream:75 - [STDERR_REDIRECT] 
2025-02-12 19:53:28,837 [ERROR] LogOutputStream:75 - [STDERR_REDIRECT] [Fatal Error] :1:1: Premature end of file.
2025-02-12 19:53:28,837 [ERROR] LogOutputStream:75 - [STDERR_REDIRECT] 
2025-02-12 19:53:29,834 [ERROR] LogOutputStream:75 - [STDERR_REDIRECT] [Fatal Error] :1:1: Premature end of file.
2025-02-12 19:53:29,836 [ERROR] LogOutputStream:75 - [STDERR_REDIRECT] 
2025-02-12 19:53:30,845 [ERROR] LogOutputStream:75 - [STDERR_REDIRECT] [Fatal Error] :1:1: Premature end of file.
2025-02-12 19:53:30,845 [ERROR] LogOutputStream:75 - [STDERR_REDIRECT] 
2025-02-12 19:53:31,832 [ERROR] LogOutputStream:75 - [STDERR_REDIRECT] [Fatal Error] :1:1: Premature end of file.
2025-02-12 19:53:31,832 [ERROR] LogOutputStream:75 - [STDERR_REDIRECT] 
2025-02-12 19:53:32,832 [ERROR] LogOutputStream:75 - [STDERR_REDIRECT] [Fatal Error] :1:1: Premature end of file.
2025-02-12 19:53:32,832 [ERROR] LogOutputStream:75 - [STDERR_REDIRECT] 
2025-02-12 19:53:33,836 [ERROR] LogOutputStream:75 - [STDERR_REDIRECT] [Fatal Error] :1:1: Premature end of file.
2025-02-12 19:53:33,836 [ERROR] LogOutputStream:75 - [STDERR_REDIRECT] 
2025-02-12 19:53:34,833 [ERROR] LogOutputStream:75 - [STDERR_REDIRECT] [Fatal Error] :1:1: Premature end of file.
2025-02-12 19:53:34,833 [ERROR] LogOutputStream:75 - [STDERR_REDIRECT] 
2025-02-12 19:53:35,835 [ERROR] LogOutputStream:75 - [STDERR_REDIRECT] [Fatal Error] :1:1: Premature end of file.
2025-02-12 19:53:35,835 [ERROR] LogOutputStream:75 - [STDERR_REDIRECT] 
2025-02-12 19:53:36,835 [ERROR] LogOutputStream:75 - [STDERR_REDIRECT] [Fatal Error] :1:1: Premature end of file.
2025-02-12 19:53:36,835 [ERROR] LogOutputStream:75 - [STDERR_REDIRECT] 
2025-02-12 19:53:37,837 [ERROR] LogOutputStream:75 - [STDERR_REDIRECT] [Fatal Error] :1:1: Premature end of file.
2025-02-12 19:53:37,837 [ERROR] LogOutputStream:75 - [STDERR_REDIRECT] 
2025-02-12 19:53:38,841 [ERROR] LogOutputStream:75 - [STDERR_REDIRECT] [Fatal Error] :1:1: Premature end of file.
2025-02-12 19:53:38,841 [ERROR] LogOutputStream:75 - [STDERR_REDIRECT] 
2025-02-12 19:53:39,835 [ERROR] LogOutputStream:75 - [STDERR_REDIRECT] [Fatal Error] :1:1: Premature end of file.
2025-02-12 19:53:39,835 [ERROR] LogOutputStream:75 - [STDERR_REDIRECT] 
2025-02-12 19:53:40,834 [ERROR] LogOutputStream:75 - [STDERR_REDIRECT] [Fatal Error] :1:1: Premature end of file.
2025-02-12 19:53:40,834 [ERROR] LogOutputStream:75 - [STDERR_REDIRECT] 
2025-02-12 19:53:41,840 [ERROR] LogOutputStream:75 - [STDERR_REDIRECT] [Fatal Error] :1:1: Premature end of file.
2025-02-12 19:53:41,840 [ERROR] LogOutputStream:75 - [STDERR_REDIRECT] 
2025-02-12 19:53:42,834 [ERROR] LogOutputStream:75 - [STDERR_REDIRECT] [Fatal Error] :1:1: Premature end of file.
2025-02-12 19:53:42,834 [ERROR] LogOutputStream:75 - [STDERR_REDIRECT] 
2025-02-12 19:53:43,838 [ERROR] LogOutputStream:75 - [STDERR_REDIRECT] [Fatal Error] :1:1: Premature end of file.
2025-02-12 19:53:43,838 [ERROR] LogOutputStream:75 - [STDERR_REDIRECT] 
2025-02-12 19:53:44,840 [ERROR] LogOutputStream:75 - [STDERR_REDIRECT] [Fatal Error] :1:1: Premature end of file.
2025-02-12 19:53:44,840 [ERROR] LogOutputStream:75 - [STDERR_REDIRECT] 
2025-02-12 19:53:45,837 [ERROR] LogOutputStream:75 - [STDERR_REDIRECT] [Fatal Error] :1:1: Premature end of file.
2025-02-12 19:53:45,837 [ERROR] LogOutputStream:75 - [STDERR_REDIRECT] 
2025-02-12 19:53:46,835 [ERROR] LogOutputStream:75 - [STDERR_REDIRECT] [Fatal Error] :1:1: Premature end of file.
2025-02-12 19:53:46,835 [ERROR] LogOutputStream:75 - [STDERR_REDIRECT] 
2025-02-12 19:53:47,845 [ERROR] LogOutputStream:75 - [STDERR_REDIRECT] [Fatal Error] :1:1: Premature end of file.
2025-02-12 19:53:47,846 [ERROR] LogOutputStream:75 - [STDERR_REDIRECT] 
2025-02-12 19:53:48,846 [ERROR] LogOutputStream:75 - [STDERR_REDIRECT] [Fatal Error] :1:1: Premature end of file.
2025-02-12 19:53:48,846 [ERROR] LogOutputStream:75 - [STDERR_REDIRECT] 
2025-02-12 19:53:49,846 [ERROR] LogOutputStream:75 - [STDERR_REDIRECT] [Fatal Error] :1:1: Premature end of file.
2025-02-12 19:53:49,847 [ERROR] LogOutputStream:75 - [STDERR_REDIRECT] 
2025-02-12 19:53:50,837 [ERROR] LogOutputStream:75 - [STDERR_REDIRECT] [Fatal Error] :1:1: Premature end of file.
2025-02-12 19:53:50,837 [ERROR] LogOutputStream:75 - [STDERR_REDIRECT] 
2025-02-12 19:53:51,841 [ERROR] LogOutputStream:75 - [STDERR_REDIRECT] [Fatal Error] :1:1: Premature end of file.
2025-02-12 19:53:51,841 [ERROR] LogOutputStream:75 - [STDERR_REDIRECT] 
2025-02-12 19:53:52,839 [ERROR] LogOutputStream:75 - [STDERR_REDIRECT] [Fatal Error] :1:1: Premature end of file.
2025-02-12 19:53:52,839 [ERROR] LogOutputStream:75 - [STDERR_REDIRECT] 
2025-02-12 19:53:53,836 [ERROR] LogOutputStream:75 - [STDERR_REDIRECT] [Fatal Error] :1:1: Premature end of file.
2025-02-12 19:53:53,836 [ERROR] LogOutputStream:75 - [STDERR_REDIRECT] 
2025-02-12 19:53:54,849 [ERROR] LogOutputStream:75 - [STDERR_REDIRECT] [Fatal Error] :1:1: Premature end of file.
2025-02-12 19:53:54,849 [ERROR] LogOutputStream:75 - [STDERR_REDIRECT] 
2025-02-12 19:53:55,842 [ERROR] LogOutputStream:75 - [STDERR_REDIRECT] [Fatal Error] :1:1: Premature end of file.
2025-02-12 19:53:55,842 [ERROR] LogOutputStream:75 - [STDERR_REDIRECT] 
2025-02-12 19:53:56,834 [ERROR] LogOutputStream:75 - [STDERR_REDIRECT] [Fatal Error] :1:1: Premature end of file.
2025-02-12 19:53:56,834 [ERROR] LogOutputStream:75 - [STDERR_REDIRECT] 
2025-02-12 19:53:57,842 [ERROR] LogOutputStream:75 - [STDERR_REDIRECT] [Fatal Error] :1:1: Premature end of file.
2025-02-12 19:53:57,842 [ERROR] LogOutputStream:75 - [STDERR_REDIRECT] 
2025-02-12 19:53:58,840 [ERROR] LogOutputStream:75 - [STDERR_REDIRECT] [Fatal Error] :1:1: Premature end of file.
2025-02-12 19:53:58,840 [ERROR] LogOutputStream:75 - [STDERR_REDIRECT] 
2025-02-12 19:53:59,845 [ERROR] LogOutputStream:75 - [STDERR_REDIRECT] [Fatal Error] :1:1: Premature end of file.
2025-02-12 19:53:59,845 [ERROR] LogOutputStream:75 - [STDERR_REDIRECT] 
2025-02-12 19:54:00,834 [ERROR] LogOutputStream:75 - [STDERR_REDIRECT] [Fatal Error] :1:1: Premature end of file.
2025-02-12 19:54:00,834 [ERROR] LogOutputStream:75 - [STDERR_REDIRECT] 
2025-02-12 19:54:01,850 [ERROR] LogOutputStream:75 - [STDERR_REDIRECT] [Fatal Error] :1:1: Premature end of file.
2025-02-12 19:54:01,851 [ERROR] LogOutputStream:75 - [STDERR_REDIRECT] 
2025-02-12 19:54:02,854 [ERROR] LogOutputStream:75 - [STDERR_REDIRECT] [Fatal Error] :1:1: Premature end of file.
2025-02-12 19:54:02,854 [ERROR] LogOutputStream:75 - [STDERR_REDIRECT] 
2025-02-12 19:54:03,850 [ERROR] LogOutputStream:75 - [STDERR_REDIRECT] [Fatal Error] :1:1: Premature end of file.
2025-02-12 19:54:03,851 [ERROR] LogOutputStream:75 - [STDERR_REDIRECT] 
2025-02-12 19:54:04,851 [ERROR] LogOutputStream:75 - [STDERR_REDIRECT] [Fatal Error] :1:1: Premature end of file.
2025-02-12 19:54:04,851 [ERROR] LogOutputStream:75 - [STDERR_REDIRECT] 
2025-02-12 19:54:05,853 [ERROR] LogOutputStream:75 - [STDERR_REDIRECT] [Fatal Error] :1:1: Premature end of file.
2025-02-12 19:54:05,853 [ERROR] LogOutputStream:75 - [STDERR_REDIRECT] 
2025-02-12 19:54:06,830 [ERROR] LogOutputStream:75 - [STDERR_REDIRECT] [Fatal Error] :1:1: Premature end of file.
2025-02-12 19:54:06,830 [ERROR] LogOutputStream:75 - [STDERR_REDIRECT] 
2025-02-12 19:54:07,843 [ERROR] LogOutputStream:75 - [STDERR_REDIRECT] [Fatal Error] :1:1: Premature end of file.
2025-02-12 19:54:07,843 [ERROR] LogOutputStream:75 - [STDERR_REDIRECT] 
2025-02-12 19:54:08,840 [ERROR] LogOutputStream:75 - [STDERR_REDIRECT] [Fatal Error] :1:1: Premature end of file.
2025-02-12 19:54:08,840 [ERROR] LogOutputStream:75 - [STDERR_REDIRECT] 
2025-02-12 19:54:09,846 [ERROR] LogOutputStream:75 - [STDERR_REDIRECT] [Fatal Error] :1:1: Premature end of file.
2025-02-12 19:54:09,846 [ERROR] LogOutputStream:75 - [STDERR_REDIRECT] 
2025-02-12 19:54:10,850 [ERROR] LogOutputStream:75 - [STDERR_REDIRECT] [Fatal Error] :1:1: Premature end of file.
2025-02-12 19:54:10,851 [ERROR] LogOutputStream:75 - [STDERR_REDIRECT] 
2025-02-12 19:54:11,835 [ERROR] LogOutputStream:75 - [STDERR_REDIRECT] [Fatal Error] :1:1: Premature end of file.
2025-02-12 19:54:11,835 [ERROR] LogOutputStream:75 - [STDERR_REDIRECT] 
2025-02-12 19:54:12,831 [ERROR] LogOutputStream:75 - [STDERR_REDIRECT] [Fatal Error] :1:1: Premature end of file.
2025-02-12 19:54:12,831 [ERROR] LogOutputStream:75 - [STDERR_REDIRECT] 
2025-02-12 19:54:13,852 [ERROR] LogOutputStream:75 - [STDERR_REDIRECT] [Fatal Error] :1:1: Premature end of file.
2025-02-12 19:54:13,852 [ERROR] LogOutputStream:75 - [STDERR_REDIRECT] 
2025-02-12 19:54:14,856 [ERROR] LogOutputStream:75 - [STDERR_REDIRECT] [Fatal Error] :1:1: Premature end of file.
2025-02-12 19:54:14,856 [ERROR] LogOutputStream:75 - [STDERR_REDIRECT] 
2025-02-12 19:54:15,849 [ERROR] LogOutputStream:75 - [STDERR_REDIRECT] [Fatal Error] :1:1: Premature end of file.
2025-02-12 19:54:15,849 [ERROR] LogOutputStream:75 - [STDERR_REDIRECT] 
2025-02-12 19:54:16,853 [ERROR] LogOutputStream:75 - [STDERR_REDIRECT] [Fatal Error] :1:1: Premature end of file.
2025-02-12 19:54:16,853 [ERROR] LogOutputStream:75 - [STDERR_REDIRECT] 
2025-02-12 19:54:17,836 [ERROR] LogOutputStream:75 - [STDERR_REDIRECT] [Fatal Error] :1:1: Premature end of file.
2025-02-12 19:54:17,836 [ERROR] LogOutputStream:75 - [STDERR_REDIRECT] 
2025-02-12 19:54:18,842 [ERROR] LogOutputStream:75 - [STDERR_REDIRECT] [Fatal Error] :1:1: Premature end of file.
2025-02-12 19:54:18,842 [ERROR] LogOutputStream:75 - [STDERR_REDIRECT] 
2025-02-12 19:54:19,856 [ERROR] LogOutputStream:75 - [STDERR_REDIRECT] [Fatal Error] :1:1: Premature end of file.
2025-02-12 19:54:19,857 [ERROR] LogOutputStream:75 - [STDERR_REDIRECT] 
2025-02-12 19:54:20,843 [ERROR] LogOutputStream:75 - [STDERR_REDIRECT] [Fatal Error] :1:1: Premature end of file.
2025-02-12 19:54:20,843 [ERROR] LogOutputStream:75 - [STDERR_REDIRECT] 
2025-02-12 19:54:21,831 [ERROR] LogOutputStream:75 - [STDERR_REDIRECT] [Fatal Error] :1:1: Premature end of file.
2025-02-12 19:54:21,831 [ERROR] LogOutputStream:75 - [STDERR_REDIRECT] 
2025-02-12 19:54:22,834 [ERROR] LogOutputStream:75 - [STDERR_REDIRECT] [Fatal Error] :1:1: Premature end of file.
2025-02-12 19:54:22,834 [ERROR] LogOutputStream:75 - [STDERR_REDIRECT] 
2025-02-12 19:54:23,829 [ERROR] LogOutputStream:75 - [STDERR_REDIRECT] [Fatal Error] :1:1: Premature end of file.
2025-02-12 19:54:23,829 [ERROR] LogOutputStream:75 - [STDERR_REDIRECT] 
2025-02-12 19:54:24,828 [ERROR] LogOutputStream:75 - [STDERR_REDIRECT] [Fatal Error] :1:1: Premature end of file.
2025-02-12 19:54:24,828 [ERROR] LogOutputStream:75 - [STDERR_REDIRECT] 
2025-02-12 19:54:25,839 [ERROR] LogOutputStream:75 - [STDERR_REDIRECT] [Fatal Error] :1:1: Premature end of file.
2025-02-12 19:54:25,839 [ERROR] LogOutputStream:75 - [STDERR_REDIRECT] 
2025-02-12 19:54:26,831 [ERROR] LogOutputStream:75 - [STDERR_REDIRECT] [Fatal Error] :1:1: Premature end of file.
2025-02-12 19:54:26,832 [ERROR] LogOutputStream:75 - [STDERR_REDIRECT] 
2025-02-12 19:54:27,844 [ERROR] LogOutputStream:75 - [STDERR_REDIRECT] [Fatal Error] :1:1: Premature end of file.
2025-02-12 19:54:27,844 [ERROR] LogOutputStream:75 - [STDERR_REDIRECT] 
2025-02-12 19:54:28,826 [ERROR] LogOutputStream:75 - [STDERR_REDIRECT] [Fatal Error] :1:1: Premature end of file.
2025-02-12 19:54:28,826 [ERROR] LogOutputStream:75 - [STDERR_REDIRECT] 
2025-02-12 19:54:29,836 [ERROR] LogOutputStream:75 - [STDERR_REDIRECT] [Fatal Error] :1:1: Premature end of file.
2025-02-12 19:54:29,836 [ERROR] LogOutputStream:75 - [STDERR_REDIRECT] 
2025-02-12 19:54:30,830 [ERROR] LogOutputStream:75 - [STDERR_REDIRECT] [Fatal Error] :1:1: Premature end of file.
2025-02-12 19:54:30,830 [ERROR] LogOutputStream:75 - [STDERR_REDIRECT] 
2025-02-12 19:54:31,841 [ERROR] LogOutputStream:75 - [STDERR_REDIRECT] [Fatal Error] :1:1: Premature end of file.
2025-02-12 19:54:31,841 [ERROR] LogOutputStream:75 - [STDERR_REDIRECT] 
2025-02-12 19:54:32,835 [ERROR] LogOutputStream:75 - [STDERR_REDIRECT] [Fatal Error] :1:1: Premature end of file.
2025-02-12 19:54:32,835 [ERROR] LogOutputStream:75 - [STDERR_REDIRECT] 
2025-02-12 19:54:33,831 [ERROR] LogOutputStream:75 - [STDERR_REDIRECT] [Fatal Error] :1:1: Premature end of file.
2025-02-12 19:54:33,831 [ERROR] LogOutputStream:75 - [STDERR_REDIRECT] 
2025-02-12 19:54:34,847 [ERROR] LogOutputStream:75 - [STDERR_REDIRECT] [Fatal Error] :1:1: Premature end of file.
2025-02-12 19:54:34,847 [ERROR] LogOutputStream:75 - [STDERR_REDIRECT] 
2025-02-12 19:54:35,837 [ERROR] LogOutputStream:75 - [STDERR_REDIRECT] [Fatal Error] :1:1: Premature end of file.
2025-02-12 19:54:35,837 [ERROR] LogOutputStream:75 - [STDERR_REDIRECT] 
2025-02-12 19:54:36,844 [ERROR] LogOutputStream:75 - [STDERR_REDIRECT] [Fatal Error] :1:1: Premature end of file.
2025-02-12 19:54:36,844 [ERROR] LogOutputStream:75 - [STDERR_REDIRECT] 
2025-02-12 19:54:37,832 [ERROR] LogOutputStream:75 - [STDERR_REDIRECT] [Fatal Error] :1:1: Premature end of file.
2025-02-12 19:54:37,832 [ERROR] LogOutputStream:75 - [STDERR_REDIRECT] 
2025-02-12 19:54:38,832 [ERROR] LogOutputStream:75 - [STDERR_REDIRECT] [Fatal Error] :1:1: Premature end of file.
2025-02-12 19:54:38,832 [ERROR] LogOutputStream:75 - [STDERR_REDIRECT] 
2025-02-12 19:54:39,832 [ERROR] LogOutputStream:75 - [STDERR_REDIRECT] [Fatal Error] :1:1: Premature end of file.
2025-02-12 19:54:39,832 [ERROR] LogOutputStream:75 - [STDERR_REDIRECT] 
2025-02-12 19:54:40,831 [ERROR] LogOutputStream:75 - [STDERR_REDIRECT] [Fatal Error] :1:1: Premature end of file.
2025-02-12 19:54:40,831 [ERROR] LogOutputStream:75 - [STDERR_REDIRECT] 
2025-02-12 19:54:41,831 [ERROR] LogOutputStream:75 - [STDERR_REDIRECT] [Fatal Error] :1:1: Premature end of file.
2025-02-12 19:54:41,831 [ERROR] LogOutputStream:75 - [STDERR_REDIRECT] 
2025-02-12 19:54:42,832 [ERROR] LogOutputStream:75 - [STDERR_REDIRECT] [Fatal Error] :1:1: Premature end of file.
2025-02-12 19:54:42,832 [ERROR] LogOutputStream:75 - [STDERR_REDIRECT] 
2025-02-12 19:54:43,831 [ERROR] LogOutputStream:75 - [STDERR_REDIRECT] [Fatal Error] :1:1: Premature end of file.
2025-02-12 19:54:43,831 [ERROR] LogOutputStream:75 - [STDERR_REDIRECT] 
2025-02-12 19:54:44,836 [ERROR] LogOutputStream:75 - [STDERR_REDIRECT] [Fatal Error] :1:1: Premature end of file.
2025-02-12 19:54:44,836 [ERROR] LogOutputStream:75 - [STDERR_REDIRECT] 
2025-02-12 19:54:45,831 [ERROR] LogOutputStream:75 - [STDERR_REDIRECT] [Fatal Error] :1:1: Premature end of file.
2025-02-12 19:54:45,831 [ERROR] LogOutputStream:75 - [STDERR_REDIRECT] 
2025-02-12 19:54:46,832 [ERROR] LogOutputStream:75 - [STDERR_REDIRECT] [Fatal Error] :1:1: Premature end of file.
2025-02-12 19:54:46,832 [ERROR] LogOutputStream:75 - [STDERR_REDIRECT] 
2025-02-12 19:54:47,840 [ERROR] LogOutputStream:75 - [STDERR_REDIRECT] [Fatal Error] :1:1: Premature end of file.
2025-02-12 19:54:47,840 [ERROR] LogOutputStream:75 - [STDERR_REDIRECT] 
2025-02-12 19:54:48,835 [ERROR] LogOutputStream:75 - [STDERR_REDIRECT] [Fatal Error] :1:1: Premature end of file.
2025-02-12 19:54:48,835 [ERROR] LogOutputStream:75 - [STDERR_REDIRECT] 
2025-02-12 19:54:49,836 [ERROR] LogOutputStream:75 - [STDERR_REDIRECT] [Fatal Error] :1:1: Premature end of file.
2025-02-12 19:54:49,836 [ERROR] LogOutputStream:75 - [STDERR_REDIRECT] 
2025-02-12 19:54:50,834 [ERROR] LogOutputStream:75 - [STDERR_REDIRECT] [Fatal Error] :1:1: Premature end of file.
2025-02-12 19:54:50,834 [ERROR] LogOutputStream:75 - [STDERR_REDIRECT] 
2025-02-12 19:54:51,828 [ERROR] LogOutputStream:75 - [STDERR_REDIRECT] [Fatal Error] :1:1: Premature end of file.
2025-02-12 19:54:51,828 [ERROR] LogOutputStream:75 - [STDERR_REDIRECT] 
2025-02-12 19:54:52,827 [ERROR] LogOutputStream:75 - [STDERR_REDIRECT] [Fatal Error] :1:1: Premature end of file.
2025-02-12 19:54:52,827 [ERROR] LogOutputStream:75 - [STDERR_REDIRECT] 
2025-02-12 19:54:53,834 [ERROR] LogOutputStream:75 - [STDERR_REDIRECT] [Fatal Error] :1:1: Premature end of file.
2025-02-12 19:54:53,834 [ERROR] LogOutputStream:75 - [STDERR_REDIRECT] 
2025-02-12 19:54:54,838 [ERROR] LogOutputStream:75 - [STDERR_REDIRECT] [Fatal Error] :1:1: Premature end of file.
2025-02-12 19:54:54,838 [ERROR] LogOutputStream:75 - [STDERR_REDIRECT] 
2025-02-12 19:54:55,829 [ERROR] LogOutputStream:75 - [STDERR_REDIRECT] [Fatal Error] :1:1: Premature end of file.
2025-02-12 19:54:55,829 [ERROR] LogOutputStream:75 - [STDERR_REDIRECT] 
2025-02-12 19:54:56,842 [ERROR] LogOutputStream:75 - [STDERR_REDIRECT] [Fatal Error] :1:1: Premature end of file.
2025-02-12 19:54:56,842 [ERROR] LogOutputStream:75 - [STDERR_REDIRECT] 
2025-02-12 19:54:57,835 [ERROR] LogOutputStream:75 - [STDERR_REDIRECT] [Fatal Error] :1:1: Premature end of file.
2025-02-12 19:54:57,835 [ERROR] LogOutputStream:75 - [STDERR_REDIRECT] 
2025-02-12 19:54:58,826 [ERROR] LogOutputStream:75 - [STDERR_REDIRECT] [Fatal Error] :1:1: Premature end of file.
2025-02-12 19:54:58,826 [ERROR] LogOutputStream:75 - [STDERR_REDIRECT] 
2025-02-12 19:54:59,833 [ERROR] LogOutputStream:75 - [STDERR_REDIRECT] [Fatal Error] :1:1: Premature end of file.
2025-02-12 19:54:59,833 [ERROR] LogOutputStream:75 - [STDERR_REDIRECT] 
2025-02-12 19:55:00,848 [ERROR] LogOutputStream:75 - [STDERR_REDIRECT] [Fatal Error] :1:1: Premature end of file.
2025-02-12 19:55:00,848 [ERROR] LogOutputStream:75 - [STDERR_REDIRECT] 
2025-02-12 19:55:01,846 [ERROR] LogOutputStream:75 - [STDERR_REDIRECT] [Fatal Error] :1:1: Premature end of file.
2025-02-12 19:55:01,846 [ERROR] LogOutputStream:75 - [STDERR_REDIRECT] 
2025-02-12 19:55:02,825 [ERROR] LogOutputStream:75 - [STDERR_REDIRECT] [Fatal Error] :1:1: Premature end of file.
2025-02-12 19:55:02,825 [ERROR] LogOutputStream:75 - [STDERR_REDIRECT] 
2025-02-12 19:55:03,845 [ERROR] LogOutputStream:75 - [STDERR_REDIRECT] [Fatal Error] :1:1: Premature end of file.
2025-02-12 19:55:03,845 [ERROR] LogOutputStream:75 - [STDERR_REDIRECT] 
2025-02-12 19:55:04,832 [ERROR] LogOutputStream:75 - [STDERR_REDIRECT] [Fatal Error] :1:1: Premature end of file.
2025-02-12 19:55:04,832 [ERROR] LogOutputStream:75 - [STDERR_REDIRECT] 
2025-02-12 19:55:05,845 [ERROR] LogOutputStream:75 - [STDERR_REDIRECT] [Fatal Error] :1:1: Premature end of file.
2025-02-12 19:55:05,845 [ERROR] LogOutputStream:75 - [STDERR_REDIRECT] 
2025-02-12 19:55:06,845 [ERROR] LogOutputStream:75 - [STDERR_REDIRECT] [Fatal Error] :1:1: Premature end of file.
2025-02-12 19:55:06,845 [ERROR] LogOutputStream:75 - [STDERR_REDIRECT] 
2025-02-12 19:55:07,840 [ERROR] LogOutputStream:75 - [STDERR_REDIRECT] [Fatal Error] :1:1: Premature end of file.
2025-02-12 19:55:07,840 [ERROR] LogOutputStream:75 - [STDERR_REDIRECT] 
2025-02-12 19:55:08,838 [ERROR] LogOutputStream:75 - [STDERR_REDIRECT] [Fatal Error] :1:1: Premature end of file.
2025-02-12 19:55:08,839 [ERROR] LogOutputStream:75 - [STDERR_REDIRECT] 
2025-02-12 19:55:09,836 [ERROR] LogOutputStream:75 - [STDERR_REDIRECT] [Fatal Error] :1:1: Premature end of file.
2025-02-12 19:55:09,836 [ERROR] LogOutputStream:75 - [STDERR_REDIRECT] 
2025-02-12 19:55:10,838 [ERROR] LogOutputStream:75 - [STDERR_REDIRECT] [Fatal Error] :1:1: Premature end of file.
2025-02-12 19:55:10,838 [ERROR] LogOutputStream:75 - [STDERR_REDIRECT] 
2025-02-12 19:55:11,835 [ERROR] LogOutputStream:75 - [STDERR_REDIRECT] [Fatal Error] :1:1: Premature end of file.
2025-02-12 19:55:11,835 [ERROR] LogOutputStream:75 - [STDERR_REDIRECT] 
2025-02-12 19:55:12,831 [ERROR] LogOutputStream:75 - [STDERR_REDIRECT] [Fatal Error] :1:1: Premature end of file.
2025-02-12 19:55:12,831 [ERROR] LogOutputStream:75 - [STDERR_REDIRECT] 
2025-02-12 19:55:13,839 [ERROR] LogOutputStream:75 - [STDERR_REDIRECT] [Fatal Error] :1:1: Premature end of file.
2025-02-12 19:55:13,839 [ERROR] LogOutputStream:75 - [STDERR_REDIRECT] 
2025-02-12 19:55:14,843 [ERROR] LogOutputStream:75 - [STDERR_REDIRECT] [Fatal Error] :1:1: Premature end of file.
2025-02-12 19:55:14,843 [ERROR] LogOutputStream:75 - [STDERR_REDIRECT] 
2025-02-12 19:55:15,835 [ERROR] LogOutputStream:75 - [STDERR_REDIRECT] [Fatal Error] :1:1: Premature end of file.
2025-02-12 19:55:15,835 [ERROR] LogOutputStream:75 - [STDERR_REDIRECT] 
2025-02-12 19:55:16,842 [ERROR] LogOutputStream:75 - [STDERR_REDIRECT] [Fatal Error] :1:1: Premature end of file.
2025-02-12 19:55:16,842 [ERROR] LogOutputStream:75 - [STDERR_REDIRECT] 
2025-02-12 19:55:17,835 [ERROR] LogOutputStream:75 - [STDERR_REDIRECT] [Fatal Error] :1:1: Premature end of file.
2025-02-12 19:55:17,835 [ERROR] LogOutputStream:75 - [STDERR_REDIRECT] 
2025-02-12 19:55:18,834 [ERROR] LogOutputStream:75 - [STDERR_REDIRECT] [Fatal Error] :1:1: Premature end of file.
2025-02-12 19:55:18,834 [ERROR] LogOutputStream:75 - [STDERR_REDIRECT] 
2025-02-12 19:55:19,843 [ERROR] LogOutputStream:75 - [STDERR_REDIRECT] [Fatal Error] :1:1: Premature end of file.
2025-02-12 19:55:19,843 [ERROR] LogOutputStream:75 - [STDERR_REDIRECT] 
2025-02-12 19:55:20,840 [ERROR] LogOutputStream:75 - [STDERR_REDIRECT] [Fatal Error] :1:1: Premature end of file.
2025-02-12 19:55:20,840 [ERROR] LogOutputStream:75 - [STDERR_REDIRECT] 
2025-02-12 19:55:21,835 [ERROR] LogOutputStream:75 - [STDERR_REDIRECT] [Fatal Error] :1:1: Premature end of file.
2025-02-12 19:55:21,835 [ERROR] LogOutputStream:75 - [STDERR_REDIRECT] 
2025-02-12 19:55:22,833 [ERROR] LogOutputStream:75 - [STDERR_REDIRECT] [Fatal Error] :1:1: Premature end of file.
2025-02-12 19:55:22,833 [ERROR] LogOutputStream:75 - [STDERR_REDIRECT] 
2025-02-12 19:55:23,836 [ERROR] LogOutputStream:75 - [STDERR_REDIRECT] [Fatal Error] :1:1: Premature end of file.
2025-02-12 19:55:23,836 [ERROR] LogOutputStream:75 - [STDERR_REDIRECT] 
2025-02-12 19:55:24,843 [ERROR] LogOutputStream:75 - [STDERR_REDIRECT] [Fatal Error] :1:1: Premature end of file.
2025-02-12 19:55:24,843 [ERROR] LogOutputStream:75 - [STDERR_REDIRECT] 
2025-02-12 19:55:25,835 [ERROR] LogOutputStream:75 - [STDERR_REDIRECT] [Fatal Error] :1:1: Premature end of file.
2025-02-12 19:55:25,835 [ERROR] LogOutputStream:75 - [STDERR_REDIRECT] 
2025-02-12 19:55:26,837 [ERROR] LogOutputStream:75 - [STDERR_REDIRECT] [Fatal Error] :1:1: Premature end of file.
2025-02-12 19:55:26,837 [ERROR] LogOutputStream:75 - [STDERR_REDIRECT] 
2025-02-12 19:55:27,837 [ERROR] LogOutputStream:75 - [STDERR_REDIRECT] [Fatal Error] :1:1: Premature end of file.
2025-02-12 19:55:27,837 [ERROR] LogOutputStream:75 - [STDERR_REDIRECT] 
2025-02-12 19:55:28,834 [ERROR] LogOutputStream:75 - [STDERR_REDIRECT] [Fatal Error] :1:1: Premature end of file.
2025-02-12 19:55:28,834 [ERROR] LogOutputStream:75 - [STDERR_REDIRECT] 
2025-02-12 19:55:29,832 [ERROR] LogOutputStream:75 - [STDERR_REDIRECT] [Fatal Error] :1:1: Premature end of file.
2025-02-12 19:55:29,832 [ERROR] LogOutputStream:75 - [STDERR_REDIRECT] 
2025-02-12 19:55:30,830 [ERROR] LogOutputStream:75 - [STDERR_REDIRECT] [Fatal Error] :1:1: Premature end of file.
2025-02-12 19:55:30,830 [ERROR] LogOutputStream:75 - [STDERR_REDIRECT] 
2025-02-12 19:55:31,841 [ERROR] LogOutputStream:75 - [STDERR_REDIRECT] [Fatal Error] :1:1: Premature end of file.
2025-02-12 19:55:31,841 [ERROR] LogOutputStream:75 - [STDERR_REDIRECT] 
2025-02-12 19:55:32,833 [ERROR] LogOutputStream:75 - [STDERR_REDIRECT] [Fatal Error] :1:1: Premature end of file.
2025-02-12 19:55:32,833 [ERROR] LogOutputStream:75 - [STDERR_REDIRECT] 
2025-02-12 19:55:33,824 [ERROR] LogOutputStream:75 - [STDERR_REDIRECT] [Fatal Error] :1:1: Premature end of file.
2025-02-12 19:55:33,824 [ERROR] LogOutputStream:75 - [STDERR_REDIRECT] 
2025-02-12 19:55:34,836 [ERROR] LogOutputStream:75 - [STDERR_REDIRECT] [Fatal Error] :1:1: Premature end of file.
2025-02-12 19:55:34,836 [ERROR] LogOutputStream:75 - [STDERR_REDIRECT] 
2025-02-12 19:55:35,832 [ERROR] LogOutputStream:75 - [STDERR_REDIRECT] [Fatal Error] :1:1: Premature end of file.
2025-02-12 19:55:35,832 [ERROR] LogOutputStream:75 - [STDERR_REDIRECT] 
2025-02-12 19:55:36,834 [ERROR] LogOutputStream:75 - [STDERR_REDIRECT] [Fatal Error] :1:1: Premature end of file.
2025-02-12 19:55:36,834 [ERROR] LogOutputStream:75 - [STDERR_REDIRECT] 
2025-02-12 19:55:37,834 [ERROR] LogOutputStream:75 - [STDERR_REDIRECT] [Fatal Error] :1:1: Premature end of file.
2025-02-12 19:55:37,834 [ERROR] LogOutputStream:75 - [STDERR_REDIRECT] 
2025-02-12 19:55:38,827 [ERROR] LogOutputStream:75 - [STDERR_REDIRECT] [Fatal Error] :1:1: Premature end of file.
2025-02-12 19:55:38,827 [ERROR] LogOutputStream:75 - [STDERR_REDIRECT] 
2025-02-12 19:55:39,842 [ERROR] LogOutputStream:75 - [STDERR_REDIRECT] [Fatal Error] :1:1: Premature end of file.
2025-02-12 19:55:39,842 [ERROR] LogOutputStream:75 - [STDERR_REDIRECT] 
2025-02-12 19:55:40,835 [ERROR] LogOutputStream:75 - [STDERR_REDIRECT] [Fatal Error] :1:1: Premature end of file.
2025-02-12 19:55:40,835 [ERROR] LogOutputStream:75 - [STDERR_REDIRECT] 
2025-02-12 19:55:41,830 [ERROR] LogOutputStream:75 - [STDERR_REDIRECT] [Fatal Error] :1:1: Premature end of file.
2025-02-12 19:55:41,830 [ERROR] LogOutputStream:75 - [STDERR_REDIRECT] 
2025-02-12 19:55:42,829 [ERROR] LogOutputStream:75 - [STDERR_REDIRECT] [Fatal Error] :1:1: Premature end of file.
2025-02-12 19:55:42,829 [ERROR] LogOutputStream:75 - [STDERR_REDIRECT] 
2025-02-12 19:55:43,836 [ERROR] LogOutputStream:75 - [STDERR_REDIRECT] [Fatal Error] :1:1: Premature end of file.
2025-02-12 19:55:43,836 [ERROR] LogOutputStream:75 - [STDERR_REDIRECT] 
2025-02-12 19:55:44,831 [ERROR] LogOutputStream:75 - [STDERR_REDIRECT] [Fatal Error] :1:1: Premature end of file.
2025-02-12 19:55:44,831 [ERROR] LogOutputStream:75 - [STDERR_REDIRECT] 
2025-02-12 19:55:45,831 [ERROR] LogOutputStream:75 - [STDERR_REDIRECT] [Fatal Error] :1:1: Premature end of file.
2025-02-12 19:55:45,831 [ERROR] LogOutputStream:75 - [STDERR_REDIRECT] 
2025-02-12 19:55:46,832 [ERROR] LogOutputStream:75 - [STDERR_REDIRECT] [Fatal Error] :1:1: Premature end of file.
2025-02-12 19:55:46,832 [ERROR] LogOutputStream:75 - [STDERR_REDIRECT] 
2025-02-12 19:55:47,832 [ERROR] LogOutputStream:75 - [STDERR_REDIRECT] [Fatal Error] :1:1: Premature end of file.
2025-02-12 19:55:47,832 [ERROR] LogOutputStream:75 - [STDERR_REDIRECT] 
2025-02-12 19:55:48,832 [ERROR] LogOutputStream:75 - [STDERR_REDIRECT] [Fatal Error] :1:1: Premature end of file.
2025-02-12 19:55:48,832 [ERROR] LogOutputStream:75 - [STDERR_REDIRECT] 
2025-02-12 19:55:49,834 [ERROR] LogOutputStream:75 - [STDERR_REDIRECT] [Fatal Error] :1:1: Premature end of file.
2025-02-12 19:55:49,834 [ERROR] LogOutputStream:75 - [STDERR_REDIRECT] 
2025-02-12 19:55:50,831 [ERROR] LogOutputStream:75 - [STDERR_REDIRECT] [Fatal Error] :1:1: Premature end of file.
2025-02-12 19:55:50,831 [ERROR] LogOutputStream:75 - [STDERR_REDIRECT] 
2025-02-12 19:55:51,830 [ERROR] LogOutputStream:75 - [STDERR_REDIRECT] [Fatal Error] :1:1: Premature end of file.
2025-02-12 19:55:51,830 [ERROR] LogOutputStream:75 - [STDERR_REDIRECT] 
2025-02-12 19:55:52,831 [ERROR] LogOutputStream:75 - [STDERR_REDIRECT] [Fatal Error] :1:1: Premature end of file.
2025-02-12 19:55:52,831 [ERROR] LogOutputStream:75 - [STDERR_REDIRECT] 
2025-02-12 19:55:53,830 [ERROR] LogOutputStream:75 - [STDERR_REDIRECT] [Fatal Error] :1:1: Premature end of file.
2025-02-12 19:55:53,830 [ERROR] LogOutputStream:75 - [STDERR_REDIRECT] 
2025-02-12 19:55:54,831 [ERROR] LogOutputStream:75 - [STDERR_REDIRECT] [Fatal Error] :1:1: Premature end of file.
2025-02-12 19:55:54,831 [ERROR] LogOutputStream:75 - [STDERR_REDIRECT] 
2025-02-12 19:55:55,836 [ERROR] LogOutputStream:75 - [STDERR_REDIRECT] [Fatal Error] :1:1: Premature end of file.
2025-02-12 19:55:55,836 [ERROR] LogOutputStream:75 - [STDERR_REDIRECT] 
2025-02-12 19:55:56,837 [ERROR] LogOutputStream:75 - [STDERR_REDIRECT] [Fatal Error] :1:1: Premature end of file.
2025-02-12 19:55:56,837 [ERROR] LogOutputStream:75 - [STDERR_REDIRECT] 
2025-02-12 19:55:57,834 [ERROR] LogOutputStream:75 - [STDERR_REDIRECT] [Fatal Error] :1:1: Premature end of file.
2025-02-12 19:55:57,834 [ERROR] LogOutputStream:75 - [STDERR_REDIRECT] 
2025-02-12 19:55:58,832 [ERROR] LogOutputStream:75 - [STDERR_REDIRECT] [Fatal Error] :1:1: Premature end of file.
2025-02-12 19:55:58,832 [ERROR] LogOutputStream:75 - [STDERR_REDIRECT] 
2025-02-12 19:55:59,828 [ERROR] LogOutputStream:75 - [STDERR_REDIRECT] [Fatal Error] :1:1: Premature end of file.
2025-02-12 19:55:59,828 [ERROR] LogOutputStream:75 - [STDERR_REDIRECT] 
2025-02-12 19:56:00,828 [ERROR] LogOutputStream:75 - [STDERR_REDIRECT] [Fatal Error] :1:1: Premature end of file.
2025-02-12 19:56:00,828 [ERROR] LogOutputStream:75 - [STDERR_REDIRECT] 
2025-02-12 19:56:01,837 [ERROR] LogOutputStream:75 - [STDERR_REDIRECT] [Fatal Error] :1:1: Premature end of file.
2025-02-12 19:56:01,837 [ERROR] LogOutputStream:75 - [STDERR_REDIRECT] 
2025-02-12 19:56:02,832 [ERROR] LogOutputStream:75 - [STDERR_REDIRECT] [Fatal Error] :1:1: Premature end of file.
2025-02-12 19:56:02,832 [ERROR] LogOutputStream:75 - [STDERR_REDIRECT] 
2025-02-12 19:56:03,851 [ERROR] LogOutputStream:75 - [STDERR_REDIRECT] [Fatal Error] :1:1: Premature end of file.
2025-02-12 19:56:03,851 [ERROR] LogOutputStream:75 - [STDERR_REDIRECT] 
2025-02-12 19:56:04,840 [ERROR] LogOutputStream:75 - [STDERR_REDIRECT] [Fatal Error] :1:1: Premature end of file.
2025-02-12 19:56:04,840 [ERROR] LogOutputStream:75 - [STDERR_REDIRECT] 
2025-02-12 19:56:05,852 [ERROR] LogOutputStream:75 - [STDERR_REDIRECT] [Fatal Error] :1:1: Premature end of file.
2025-02-12 19:56:05,853 [ERROR] LogOutputStream:75 - [STDERR_REDIRECT] 
2025-02-12 19:56:06,852 [ERROR] LogOutputStream:75 - [STDERR_REDIRECT] [Fatal Error] :1:1: Premature end of file.
2025-02-12 19:56:06,852 [ERROR] LogOutputStream:75 - [STDERR_REDIRECT] 
2025-02-12 19:56:07,834 [ERROR] LogOutputStream:75 - [STDERR_REDIRECT] [Fatal Error] :1:1: Premature end of file.
2025-02-12 19:56:07,834 [ERROR] LogOutputStream:75 - [STDERR_REDIRECT] 
2025-02-12 19:56:08,854 [ERROR] LogOutputStream:75 - [STDERR_REDIRECT] [Fatal Error] :1:1: Premature end of file.
2025-02-12 19:56:08,854 [ERROR] LogOutputStream:75 - [STDERR_REDIRECT] 
2025-02-12 19:56:09,836 [ERROR] LogOutputStream:75 - [STDERR_REDIRECT] [Fatal Error] :1:1: Premature end of file.
2025-02-12 19:56:09,836 [ERROR] LogOutputStream:75 - [STDERR_REDIRECT] 
2025-02-12 19:56:10,846 [ERROR] LogOutputStream:75 - [STDERR_REDIRECT] [Fatal Error] :1:1: Premature end of file.
2025-02-12 19:56:10,847 [ERROR] LogOutputStream:75 - [STDERR_REDIRECT] 
2025-02-12 19:56:11,830 [ERROR] LogOutputStream:75 - [STDERR_REDIRECT] [Fatal Error] :1:1: Premature end of file.
2025-02-12 19:56:11,830 [ERROR] LogOutputStream:75 - [STDERR_REDIRECT] 
2025-02-12 19:56:12,831 [ERROR] LogOutputStream:75 - [STDERR_REDIRECT] [Fatal Error] :1:1: Premature end of file.
2025-02-12 19:56:12,831 [ERROR] LogOutputStream:75 - [STDERR_REDIRECT] 
2025-02-12 19:56:13,838 [ERROR] LogOutputStream:75 - [STDERR_REDIRECT] [Fatal Error] :1:1: Premature end of file.
2025-02-12 19:56:13,839 [ERROR] LogOutputStream:75 - [STDERR_REDIRECT] 
2025-02-12 19:56:14,845 [ERROR] LogOutputStream:75 - [STDERR_REDIRECT] [Fatal Error] :1:1: Premature end of file.
2025-02-12 19:56:14,845 [ERROR] LogOutputStream:75 - [STDERR_REDIRECT] 
2025-02-12 19:56:15,845 [ERROR] LogOutputStream:75 - [STDERR_REDIRECT] [Fatal Error] :1:1: Premature end of file.
2025-02-12 19:56:15,845 [ERROR] LogOutputStream:75 - [STDERR_REDIRECT] 
2025-02-12 19:56:16,833 [ERROR] LogOutputStream:75 - [STDERR_REDIRECT] [Fatal Error] :1:1: Premature end of file.
2025-02-12 19:56:16,833 [ERROR] LogOutputStream:75 - [STDERR_REDIRECT] 
2025-02-12 19:56:17,846 [ERROR] LogOutputStream:75 - [STDERR_REDIRECT] [Fatal Error] :1:1: Premature end of file.
2025-02-12 19:56:17,846 [ERROR] LogOutputStream:75 - [STDERR_REDIRECT] 
2025-02-12 19:56:18,831 [ERROR] LogOutputStream:75 - [STDERR_REDIRECT] [Fatal Error] :1:1: Premature end of file.
2025-02-12 19:56:18,831 [ERROR] LogOutputStream:75 - [STDERR_REDIRECT] 
2025-02-12 19:56:19,828 [ERROR] LogOutputStream:75 - [STDERR_REDIRECT] [Fatal Error] :1:1: Premature end of file.
2025-02-12 19:56:19,828 [ERROR] LogOutputStream:75 - [STDERR_REDIRECT] 
2025-02-12 19:56:20,831 [ERROR] LogOutputStream:75 - [STDERR_REDIRECT] [Fatal Error] :1:1: Premature end of file.
2025-02-12 19:56:20,831 [ERROR] LogOutputStream:75 - [STDERR_REDIRECT] 
2025-02-12 19:56:21,828 [ERROR] LogOutputStream:75 - [STDERR_REDIRECT] [Fatal Error] :1:1: Premature end of file.
2025-02-12 19:56:21,828 [ERROR] LogOutputStream:75 - [STDERR_REDIRECT] 
2025-02-12 19:56:22,830 [ERROR] LogOutputStream:75 - [STDERR_REDIRECT] [Fatal Error] :1:1: Premature end of file.
2025-02-12 19:56:22,830 [ERROR] LogOutputStream:75 - [STDERR_REDIRECT] 
2025-02-12 19:56:23,840 [ERROR] LogOutputStream:75 - [STDERR_REDIRECT] [Fatal Error] :1:1: Premature end of file.
2025-02-12 19:56:23,840 [ERROR] LogOutputStream:75 - [STDERR_REDIRECT] 
2025-02-12 19:56:24,843 [ERROR] LogOutputStream:75 - [STDERR_REDIRECT] [Fatal Error] :1:1: Premature end of file.
2025-02-12 19:56:24,843 [ERROR] LogOutputStream:75 - [STDERR_REDIRECT] 
2025-02-12 19:56:25,827 [ERROR] LogOutputStream:75 - [STDERR_REDIRECT] [Fatal Error] :1:1: Premature end of file.
2025-02-12 19:56:25,827 [ERROR] LogOutputStream:75 - [STDERR_REDIRECT] 
2025-02-12 19:56:26,847 [ERROR] LogOutputStream:75 - [STDERR_REDIRECT] [Fatal Error] :1:1: Premature end of file.
2025-02-12 19:56:26,847 [ERROR] LogOutputStream:75 - [STDERR_REDIRECT] 
2025-02-12 19:56:27,835 [ERROR] LogOutputStream:75 - [STDERR_REDIRECT] [Fatal Error] :1:1: Premature end of file.
2025-02-12 19:56:27,835 [ERROR] LogOutputStream:75 - [STDERR_REDIRECT] 
2025-02-12 19:56:28,828 [ERROR] LogOutputStream:75 - [STDERR_REDIRECT] [Fatal Error] :1:1: Premature end of file.
2025-02-12 19:56:28,828 [ERROR] LogOutputStream:75 - [STDERR_REDIRECT] 
2025-02-12 19:56:29,828 [ERROR] LogOutputStream:75 - [STDERR_REDIRECT] [Fatal Error] :1:1: Premature end of file.
2025-02-12 19:56:29,828 [ERROR] LogOutputStream:75 - [STDERR_REDIRECT] 
2025-02-12 19:56:30,830 [ERROR] LogOutputStream:75 - [STDERR_REDIRECT] [Fatal Error] :1:1: Premature end of file.
2025-02-12 19:56:30,830 [ERROR] LogOutputStream:75 - [STDERR_REDIRECT] 
2025-02-12 19:56:31,842 [ERROR] LogOutputStream:75 - [STDERR_REDIRECT] [Fatal Error] :1:1: Premature end of file.
2025-02-12 19:56:31,842 [ERROR] LogOutputStream:75 - [STDERR_REDIRECT] 
2025-02-12 19:56:32,842 [ERROR] LogOutputStream:75 - [STDERR_REDIRECT] [Fatal Error] :1:1: Premature end of file.
2025-02-12 19:56:32,842 [ERROR] LogOutputStream:75 - [STDERR_REDIRECT] 
2025-02-12 19:56:33,830 [ERROR] LogOutputStream:75 - [STDERR_REDIRECT] [Fatal Error] :1:1: Premature end of file.
2025-02-12 19:56:33,830 [ERROR] LogOutputStream:75 - [STDERR_REDIRECT] 
2025-02-12 19:56:34,835 [ERROR] LogOutputStream:75 - [STDERR_REDIRECT] [Fatal Error] :1:1: Premature end of file.
2025-02-12 19:56:34,835 [ERROR] LogOutputStream:75 - [STDERR_REDIRECT] 
2025-02-12 19:56:35,836 [ERROR] LogOutputStream:75 - [STDERR_REDIRECT] [Fatal Error] :1:1: Premature end of file.
2025-02-12 19:56:35,836 [ERROR] LogOutputStream:75 - [STDERR_REDIRECT] 
2025-02-12 19:56:36,837 [ERROR] LogOutputStream:75 - [STDERR_REDIRECT] [Fatal Error] :1:1: Premature end of file.
2025-02-12 19:56:36,837 [ERROR] LogOutputStream:75 - [STDERR_REDIRECT] 
2025-02-12 19:56:37,841 [ERROR] LogOutputStream:75 - [STDERR_REDIRECT] [Fatal Error] :1:1: Premature end of file.
2025-02-12 19:56:37,841 [ERROR] LogOutputStream:75 - [STDERR_REDIRECT] 
2025-02-12 19:56:38,841 [ERROR] LogOutputStream:75 - [STDERR_REDIRECT] [Fatal Error] :1:1: Premature end of file.
2025-02-12 19:56:38,841 [ERROR] LogOutputStream:75 - [STDERR_REDIRECT] 
2025-02-12 19:56:39,837 [ERROR] LogOutputStream:75 - [STDERR_REDIRECT] [Fatal Error] :1:1: Premature end of file.
2025-02-12 19:56:39,837 [ERROR] LogOutputStream:75 - [STDERR_REDIRECT] 
2025-02-12 19:56:40,841 [ERROR] LogOutputStream:75 - [STDERR_REDIRECT] [Fatal Error] :1:1: Premature end of file.
2025-02-12 19:56:40,841 [ERROR] LogOutputStream:75 - [STDERR_REDIRECT] 
2025-02-12 19:56:41,837 [ERROR] LogOutputStream:75 - [STDERR_REDIRECT] [Fatal Error] :1:1: Premature end of file.
2025-02-12 19:56:41,837 [ERROR] LogOutputStream:75 - [STDERR_REDIRECT] 
2025-02-12 19:56:42,840 [ERROR] LogOutputStream:75 - [STDERR_REDIRECT] [Fatal Error] :1:1: Premature end of file.
2025-02-12 19:56:42,840 [ERROR] LogOutputStream:75 - [STDERR_REDIRECT] 
2025-02-12 19:56:43,840 [ERROR] LogOutputStream:75 - [STDERR_REDIRECT] [Fatal Error] :1:1: Premature end of file.
2025-02-12 19:56:43,840 [ERROR] LogOutputStream:75 - [STDERR_REDIRECT] 
2025-02-12 19:56:44,829 [ERROR] LogOutputStream:75 - [STDERR_REDIRECT] [Fatal Error] :1:1: Premature end of file.
2025-02-12 19:56:44,829 [ERROR] LogOutputStream:75 - [STDERR_REDIRECT] 
2025-02-12 19:56:45,835 [ERROR] LogOutputStream:75 - [STDERR_REDIRECT] [Fatal Error] :1:1: Premature end of file.
2025-02-12 19:56:45,835 [ERROR] LogOutputStream:75 - [STDERR_REDIRECT] 
2025-02-12 19:56:46,832 [ERROR] LogOutputStream:75 - [STDERR_REDIRECT] [Fatal Error] :1:1: Premature end of file.
2025-02-12 19:56:46,832 [ERROR] LogOutputStream:75 - [STDERR_REDIRECT] 
2025-02-12 19:56:47,835 [ERROR] LogOutputStream:75 - [STDERR_REDIRECT] [Fatal Error] :1:1: Premature end of file.
2025-02-12 19:56:47,835 [ERROR] LogOutputStream:75 - [STDERR_REDIRECT] 
2025-02-12 19:56:48,832 [ERROR] LogOutputStream:75 - [STDERR_REDIRECT] [Fatal Error] :1:1: Premature end of file.
2025-02-12 19:56:48,832 [ERROR] LogOutputStream:75 - [STDERR_REDIRECT] 
2025-02-12 19:56:49,831 [ERROR] LogOutputStream:75 - [STDERR_REDIRECT] [Fatal Error] :1:1: Premature end of file.
2025-02-12 19:56:49,831 [ERROR] LogOutputStream:75 - [STDERR_REDIRECT] 
2025-02-12 19:56:50,828 [ERROR] LogOutputStream:75 - [STDERR_REDIRECT] [Fatal Error] :1:1: Premature end of file.
2025-02-12 19:56:50,828 [ERROR] LogOutputStream:75 - [STDERR_REDIRECT] 
2025-02-12 19:56:51,841 [ERROR] LogOutputStream:75 - [STDERR_REDIRECT] [Fatal Error] :1:1: Premature end of file.
2025-02-12 19:56:51,841 [ERROR] LogOutputStream:75 - [STDERR_REDIRECT] 
2025-02-12 19:56:52,833 [ERROR] LogOutputStream:75 - [STDERR_REDIRECT] [Fatal Error] :1:1: Premature end of file.
2025-02-12 19:56:52,833 [ERROR] LogOutputStream:75 - [STDERR_REDIRECT] 
2025-02-12 19:56:53,841 [ERROR] LogOutputStream:75 - [STDERR_REDIRECT] [Fatal Error] :1:1: Premature end of file.
2025-02-12 19:56:53,841 [ERROR] LogOutputStream:75 - [STDERR_REDIRECT] 
2025-02-12 19:56:54,849 [ERROR] LogOutputStream:75 - [STDERR_REDIRECT] [Fatal Error] :1:1: Premature end of file.
2025-02-12 19:56:54,849 [ERROR] LogOutputStream:75 - [STDERR_REDIRECT] 
2025-02-12 19:56:55,838 [ERROR] LogOutputStream:75 - [STDERR_REDIRECT] [Fatal Error] :1:1: Premature end of file.
2025-02-12 19:56:55,838 [ERROR] LogOutputStream:75 - [STDERR_REDIRECT] 
2025-02-12 19:56:56,839 [ERROR] LogOutputStream:75 - [STDERR_REDIRECT] [Fatal Error] :1:1: Premature end of file.
2025-02-12 19:56:56,839 [ERROR] LogOutputStream:75 - [STDERR_REDIRECT] 
2025-02-12 19:56:57,841 [ERROR] LogOutputStream:75 - [STDERR_REDIRECT] [Fatal Error] :1:1: Premature end of file.
2025-02-12 19:56:57,841 [ERROR] LogOutputStream:75 - [STDERR_REDIRECT] 
2025-02-12 19:56:58,844 [ERROR] LogOutputStream:75 - [STDERR_REDIRECT] [Fatal Error] :1:1: Premature end of file.
2025-02-12 19:56:58,844 [ERROR] LogOutputStream:75 - [STDERR_REDIRECT] 
2025-02-12 19:56:59,844 [ERROR] LogOutputStream:75 - [STDERR_REDIRECT] [Fatal Error] :1:1: Premature end of file.
2025-02-12 19:56:59,844 [ERROR] LogOutputStream:75 - [STDERR_REDIRECT] 
2025-02-12 19:57:00,830 [ERROR] LogOutputStream:75 - [STDERR_REDIRECT] [Fatal Error] :1:1: Premature end of file.
2025-02-12 19:57:00,830 [ERROR] LogOutputStream:75 - [STDERR_REDIRECT] 
2025-02-12 19:57:01,840 [ERROR] LogOutputStream:75 - [STDERR_REDIRECT] [Fatal Error] :1:1: Premature end of file.
2025-02-12 19:57:01,840 [ERROR] LogOutputStream:75 - [STDERR_REDIRECT] 
2025-02-12 19:57:02,829 [ERROR] LogOutputStream:75 - [STDERR_REDIRECT] [Fatal Error] :1:1: Premature end of file.
2025-02-12 19:57:02,829 [ERROR] LogOutputStream:75 - [STDERR_REDIRECT] 
2025-02-12 19:57:03,835 [ERROR] LogOutputStream:75 - [STDERR_REDIRECT] [Fatal Error] :1:1: Premature end of file.
2025-02-12 19:57:03,835 [ERROR] LogOutputStream:75 - [STDERR_REDIRECT] 
2025-02-12 19:57:04,832 [ERROR] LogOutputStream:75 - [STDERR_REDIRECT] [Fatal Error] :1:1: Premature end of file.
2025-02-12 19:57:04,832 [ERROR] LogOutputStream:75 - [STDERR_REDIRECT] 
2025-02-12 19:57:05,834 [ERROR] LogOutputStream:75 - [STDERR_REDIRECT] [Fatal Error] :1:1: Premature end of file.
2025-02-12 19:57:05,834 [ERROR] LogOutputStream:75 - [STDERR_REDIRECT] 
2025-02-12 19:57:06,842 [ERROR] LogOutputStream:75 - [STDERR_REDIRECT] [Fatal Error] :1:1: Premature end of file.
2025-02-12 19:57:06,842 [ERROR] LogOutputStream:75 - [STDERR_REDIRECT] 
2025-02-12 19:57:07,832 [ERROR] LogOutputStream:75 - [STDERR_REDIRECT] [Fatal Error] :1:1: Premature end of file.
2025-02-12 19:57:07,832 [ERROR] LogOutputStream:75 - [STDERR_REDIRECT] 
2025-02-12 19:57:08,848 [ERROR] LogOutputStream:75 - [STDERR_REDIRECT] [Fatal Error] :1:1: Premature end of file.
2025-02-12 19:57:08,848 [ERROR] LogOutputStream:75 - [STDERR_REDIRECT] 
2025-02-12 19:57:09,832 [ERROR] LogOutputStream:75 - [STDERR_REDIRECT] [Fatal Error] :1:1: Premature end of file.
2025-02-12 19:57:09,832 [ERROR] LogOutputStream:75 - [STDERR_REDIRECT] 
2025-02-12 19:57:10,848 [ERROR] LogOutputStream:75 - [STDERR_REDIRECT] [Fatal Error] :1:1: Premature end of file.
2025-02-12 19:57:10,848 [ERROR] LogOutputStream:75 - [STDERR_REDIRECT] 
2025-02-12 19:57:11,836 [ERROR] LogOutputStream:75 - [STDERR_REDIRECT] [Fatal Error] :1:1: Premature end of file.
2025-02-12 19:57:11,836 [ERROR] LogOutputStream:75 - [STDERR_REDIRECT] 
2025-02-12 19:57:12,843 [ERROR] LogOutputStream:75 - [STDERR_REDIRECT] [Fatal Error] :1:1: Premature end of file.
2025-02-12 19:57:12,843 [ERROR] LogOutputStream:75 - [STDERR_REDIRECT] 
2025-02-12 19:57:13,845 [ERROR] LogOutputStream:75 - [STDERR_REDIRECT] [Fatal Error] :1:1: Premature end of file.
2025-02-12 19:57:13,845 [ERROR] LogOutputStream:75 - [STDERR_REDIRECT] 
2025-02-12 19:57:14,831 [ERROR] LogOutputStream:75 - [STDERR_REDIRECT] [Fatal Error] :1:1: Premature end of file.
2025-02-12 19:57:14,831 [ERROR] LogOutputStream:75 - [STDERR_REDIRECT] 
2025-02-12 19:57:15,831 [ERROR] LogOutputStream:75 - [STDERR_REDIRECT] [Fatal Error] :1:1: Premature end of file.
2025-02-12 19:57:15,831 [ERROR] LogOutputStream:75 - [STDERR_REDIRECT] 
2025-02-12 19:57:16,842 [ERROR] LogOutputStream:75 - [STDERR_REDIRECT] [Fatal Error] :1:1: Premature end of file.
2025-02-12 19:57:16,842 [ERROR] LogOutputStream:75 - [STDERR_REDIRECT] 
2025-02-12 19:57:17,847 [ERROR] LogOutputStream:75 - [STDERR_REDIRECT] [Fatal Error] :1:1: Premature end of file.
2025-02-12 19:57:17,847 [ERROR] LogOutputStream:75 - [STDERR_REDIRECT] 
2025-02-12 19:57:18,843 [ERROR] LogOutputStream:75 - [STDERR_REDIRECT] [Fatal Error] :1:1: Premature end of file.
2025-02-12 19:57:18,843 [ERROR] LogOutputStream:75 - [STDERR_REDIRECT] 
2025-02-12 19:57:19,832 [ERROR] LogOutputStream:75 - [STDERR_REDIRECT] [Fatal Error] :1:1: Premature end of file.
2025-02-12 19:57:19,832 [ERROR] LogOutputStream:75 - [STDERR_REDIRECT] 
2025-02-12 19:57:20,840 [ERROR] LogOutputStream:75 - [STDERR_REDIRECT] [Fatal Error] :1:1: Premature end of file.
2025-02-12 19:57:20,840 [ERROR] LogOutputStream:75 - [STDERR_REDIRECT] 
2025-02-12 19:57:21,834 [ERROR] LogOutputStream:75 - [STDERR_REDIRECT] [Fatal Error] :1:1: Premature end of file.
2025-02-12 19:57:21,834 [ERROR] LogOutputStream:75 - [STDERR_REDIRECT] 
2025-02-12 19:57:22,836 [ERROR] LogOutputStream:75 - [STDERR_REDIRECT] [Fatal Error] :1:1: Premature end of file.
2025-02-12 19:57:22,836 [ERROR] LogOutputStream:75 - [STDERR_REDIRECT] 
2025-02-12 19:57:23,829 [ERROR] LogOutputStream:75 - [STDERR_REDIRECT] [Fatal Error] :1:1: Premature end of file.
2025-02-12 19:57:23,829 [ERROR] LogOutputStream:75 - [STDERR_REDIRECT] 
2025-02-12 19:57:24,835 [ERROR] LogOutputStream:75 - [STDERR_REDIRECT] [Fatal Error] :1:1: Premature end of file.
2025-02-12 19:57:24,835 [ERROR] LogOutputStream:75 - [STDERR_REDIRECT] 
2025-02-12 19:57:25,846 [ERROR] LogOutputStream:75 - [STDERR_REDIRECT] [Fatal Error] :1:1: Premature end of file.
2025-02-12 19:57:25,846 [ERROR] LogOutputStream:75 - [STDERR_REDIRECT] 
2025-02-12 19:57:26,837 [ERROR] LogOutputStream:75 - [STDERR_REDIRECT] [Fatal Error] :1:1: Premature end of file.
2025-02-12 19:57:26,837 [ERROR] LogOutputStream:75 - [STDERR_REDIRECT] 
2025-02-12 19:57:27,839 [ERROR] LogOutputStream:75 - [STDERR_REDIRECT] [Fatal Error] :1:1: Premature end of file.
2025-02-12 19:57:27,839 [ERROR] LogOutputStream:75 - [STDERR_REDIRECT] 
2025-02-12 19:57:28,835 [ERROR] LogOutputStream:75 - [STDERR_REDIRECT] [Fatal Error] :1:1: Premature end of file.
2025-02-12 19:57:28,835 [ERROR] LogOutputStream:75 - [STDERR_REDIRECT] 
2025-02-12 19:57:29,845 [ERROR] LogOutputStream:75 - [STDERR_REDIRECT] [Fatal Error] :1:1: Premature end of file.
2025-02-12 19:57:29,845 [ERROR] LogOutputStream:75 - [STDERR_REDIRECT] 
2025-02-12 19:57:30,831 [ERROR] LogOutputStream:75 - [STDERR_REDIRECT] [Fatal Error] :1:1: Premature end of file.
2025-02-12 19:57:30,831 [ERROR] LogOutputStream:75 - [STDERR_REDIRECT] 
2025-02-12 19:57:31,839 [ERROR] LogOutputStream:75 - [STDERR_REDIRECT] [Fatal Error] :1:1: Premature end of file.
2025-02-12 19:57:31,839 [ERROR] LogOutputStream:75 - [STDERR_REDIRECT] 
2025-02-12 19:57:32,835 [ERROR] LogOutputStream:75 - [STDERR_REDIRECT] [Fatal Error] :1:1: Premature end of file.
2025-02-12 19:57:32,835 [ERROR] LogOutputStream:75 - [STDERR_REDIRECT] 
2025-02-12 19:57:33,840 [ERROR] LogOutputStream:75 - [STDERR_REDIRECT] [Fatal Error] :1:1: Premature end of file.
2025-02-12 19:57:33,840 [ERROR] LogOutputStream:75 - [STDERR_REDIRECT] 
2025-02-12 19:57:34,833 [ERROR] LogOutputStream:75 - [STDERR_REDIRECT] [Fatal Error] :1:1: Premature end of file.
2025-02-12 19:57:34,833 [ERROR] LogOutputStream:75 - [STDERR_REDIRECT] 
2025-02-12 19:57:35,843 [ERROR] LogOutputStream:75 - [STDERR_REDIRECT] [Fatal Error] :1:1: Premature end of file.
2025-02-12 19:57:35,843 [ERROR] LogOutputStream:75 - [STDERR_REDIRECT] 
2025-02-12 19:57:36,838 [ERROR] LogOutputStream:75 - [STDERR_REDIRECT] [Fatal Error] :1:1: Premature end of file.
2025-02-12 19:57:36,838 [ERROR] LogOutputStream:75 - [STDERR_REDIRECT] 
2025-02-12 19:57:37,835 [ERROR] LogOutputStream:75 - [STDERR_REDIRECT] [Fatal Error] :1:1: Premature end of file.
2025-02-12 19:57:37,835 [ERROR] LogOutputStream:75 - [STDERR_REDIRECT] 
2025-02-12 19:57:38,842 [ERROR] LogOutputStream:75 - [STDERR_REDIRECT] [Fatal Error] :1:1: Premature end of file.
2025-02-12 19:57:38,842 [ERROR] LogOutputStream:75 - [STDERR_REDIRECT] 
2025-02-12 19:57:39,845 [ERROR] LogOutputStream:75 - [STDERR_REDIRECT] [Fatal Error] :1:1: Premature end of file.
2025-02-12 19:57:39,845 [ERROR] LogOutputStream:75 - [STDERR_REDIRECT] 
2025-02-12 19:57:40,829 [ERROR] LogOutputStream:75 - [STDERR_REDIRECT] [Fatal Error] :1:1: Premature end of file.
2025-02-12 19:57:40,829 [ERROR] LogOutputStream:75 - [STDERR_REDIRECT] 
2025-02-12 19:57:41,840 [ERROR] LogOutputStream:75 - [STDERR_REDIRECT] [Fatal Error] :1:1: Premature end of file.
2025-02-12 19:57:41,840 [ERROR] LogOutputStream:75 - [STDERR_REDIRECT] 
2025-02-12 19:57:42,841 [ERROR] LogOutputStream:75 - [STDERR_REDIRECT] [Fatal Error] :1:1: Premature end of file.
2025-02-12 19:57:42,841 [ERROR] LogOutputStream:75 - [STDERR_REDIRECT] 
2025-02-12 19:57:43,831 [ERROR] LogOutputStream:75 - [STDERR_REDIRECT] [Fatal Error] :1:1: Premature end of file.
2025-02-12 19:57:43,831 [ERROR] LogOutputStream:75 - [STDERR_REDIRECT] 
2025-02-12 19:57:44,837 [ERROR] LogOutputStream:75 - [STDERR_REDIRECT] [Fatal Error] :1:1: Premature end of file.
2025-02-12 19:57:44,837 [ERROR] LogOutputStream:75 - [STDERR_REDIRECT] 
2025-02-12 19:57:45,831 [ERROR] LogOutputStream:75 - [STDERR_REDIRECT] [Fatal Error] :1:1: Premature end of file.
2025-02-12 19:57:45,831 [ERROR] LogOutputStream:75 - [STDERR_REDIRECT] 
2025-02-12 19:57:46,845 [ERROR] LogOutputStream:75 - [STDERR_REDIRECT] [Fatal Error] :1:1: Premature end of file.
2025-02-12 19:57:46,845 [ERROR] LogOutputStream:75 - [STDERR_REDIRECT] 
2025-02-12 19:57:47,828 [ERROR] LogOutputStream:75 - [STDERR_REDIRECT] [Fatal Error] :1:1: Premature end of file.
2025-02-12 19:57:47,828 [ERROR] LogOutputStream:75 - [STDERR_REDIRECT] 
2025-02-12 19:57:48,832 [ERROR] LogOutputStream:75 - [STDERR_REDIRECT] [Fatal Error] :1:1: Premature end of file.
2025-02-12 19:57:48,832 [ERROR] LogOutputStream:75 - [STDERR_REDIRECT] 
2025-02-12 19:57:49,837 [ERROR] LogOutputStream:75 - [STDERR_REDIRECT] [Fatal Error] :1:1: Premature end of file.
2025-02-12 19:57:49,837 [ERROR] LogOutputStream:75 - [STDERR_REDIRECT] 
2025-02-12 19:57:50,845 [ERROR] LogOutputStream:75 - [STDERR_REDIRECT] [Fatal Error] :1:1: Premature end of file.
2025-02-12 19:57:50,845 [ERROR] LogOutputStream:75 - [STDERR_REDIRECT] 
2025-02-12 19:57:51,835 [ERROR] LogOutputStream:75 - [STDERR_REDIRECT] [Fatal Error] :1:1: Premature end of file.
2025-02-12 19:57:51,835 [ERROR] LogOutputStream:75 - [STDERR_REDIRECT] 
2025-02-12 19:57:52,830 [ERROR] LogOutputStream:75 - [STDERR_REDIRECT] [Fatal Error] :1:1: Premature end of file.
2025-02-12 19:57:52,830 [ERROR] LogOutputStream:75 - [STDERR_REDIRECT] 
2025-02-12 19:57:53,840 [ERROR] LogOutputStream:75 - [STDERR_REDIRECT] [Fatal Error] :1:1: Premature end of file.
2025-02-12 19:57:53,840 [ERROR] LogOutputStream:75 - [STDERR_REDIRECT] 
2025-02-12 19:57:54,833 [ERROR] LogOutputStream:75 - [STDERR_REDIRECT] [Fatal Error] :1:1: Premature end of file.
2025-02-12 19:57:54,833 [ERROR] LogOutputStream:75 - [STDERR_REDIRECT] 
2025-02-12 19:57:55,843 [ERROR] LogOutputStream:75 - [STDERR_REDIRECT] [Fatal Error] :1:1: Premature end of file.
2025-02-12 19:57:55,843 [ERROR] LogOutputStream:75 - [STDERR_REDIRECT] 
2025-02-12 19:57:56,832 [ERROR] LogOutputStream:75 - [STDERR_REDIRECT] [Fatal Error] :1:1: Premature end of file.
2025-02-12 19:57:56,832 [ERROR] LogOutputStream:75 - [STDERR_REDIRECT] 
2025-02-12 19:57:57,837 [ERROR] LogOutputStream:75 - [STDERR_REDIRECT] [Fatal Error] :1:1: Premature end of file.
2025-02-12 19:57:57,837 [ERROR] LogOutputStream:75 - [STDERR_REDIRECT] 
2025-02-12 19:57:58,840 [ERROR] LogOutputStream:75 - [STDERR_REDIRECT] [Fatal Error] :1:1: Premature end of file.
2025-02-12 19:57:58,840 [ERROR] LogOutputStream:75 - [STDERR_REDIRECT] 
2025-02-12 19:57:59,831 [ERROR] LogOutputStream:75 - [STDERR_REDIRECT] [Fatal Error] :1:1: Premature end of file.
2025-02-12 19:57:59,831 [ERROR] LogOutputStream:75 - [STDERR_REDIRECT] 
2025-02-12 19:58:00,840 [ERROR] LogOutputStream:75 - [STDERR_REDIRECT] [Fatal Error] :1:1: Premature end of file.
2025-02-12 19:58:00,840 [ERROR] LogOutputStream:75 - [STDERR_REDIRECT] 
2025-02-12 19:58:01,828 [ERROR] LogOutputStream:75 - [STDERR_REDIRECT] [Fatal Error] :1:1: Premature end of file.
2025-02-12 19:58:01,828 [ERROR] LogOutputStream:75 - [STDERR_REDIRECT] 
2025-02-12 19:58:02,835 [ERROR] LogOutputStream:75 - [STDERR_REDIRECT] [Fatal Error] :1:1: Premature end of file.
2025-02-12 19:58:02,835 [ERROR] LogOutputStream:75 - [STDERR_REDIRECT] 
2025-02-12 19:58:03,834 [ERROR] LogOutputStream:75 - [STDERR_REDIRECT] [Fatal Error] :1:1: Premature end of file.
2025-02-12 19:58:03,834 [ERROR] LogOutputStream:75 - [STDERR_REDIRECT] 
2025-02-12 19:58:04,830 [ERROR] LogOutputStream:75 - [STDERR_REDIRECT] [Fatal Error] :1:1: Premature end of file.
2025-02-12 19:58:04,830 [ERROR] LogOutputStream:75 - [STDERR_REDIRECT] 
2025-02-12 19:58:05,842 [ERROR] LogOutputStream:75 - [STDERR_REDIRECT] [Fatal Error] :1:1: Premature end of file.
2025-02-12 19:58:05,842 [ERROR] LogOutputStream:75 - [STDERR_REDIRECT] 
2025-02-12 19:58:06,827 [ERROR] LogOutputStream:75 - [STDERR_REDIRECT] [Fatal Error] :1:1: Premature end of file.
2025-02-12 19:58:06,827 [ERROR] LogOutputStream:75 - [STDERR_REDIRECT] 
2025-02-12 19:58:07,835 [ERROR] LogOutputStream:75 - [STDERR_REDIRECT] [Fatal Error] :1:1: Premature end of file.
2025-02-12 19:58:07,835 [ERROR] LogOutputStream:75 - [STDERR_REDIRECT] 
2025-02-12 19:58:08,843 [ERROR] LogOutputStream:75 - [STDERR_REDIRECT] [Fatal Error] :1:1: Premature end of file.
2025-02-12 19:58:08,843 [ERROR] LogOutputStream:75 - [STDERR_REDIRECT] 
2025-02-12 19:58:09,840 [ERROR] LogOutputStream:75 - [STDERR_REDIRECT] [Fatal Error] :1:1: Premature end of file.
2025-02-12 19:58:09,840 [ERROR] LogOutputStream:75 - [STDERR_REDIRECT] 
2025-02-12 19:58:10,834 [ERROR] LogOutputStream:75 - [STDERR_REDIRECT] [Fatal Error] :1:1: Premature end of file.
2025-02-12 19:58:10,834 [ERROR] LogOutputStream:75 - [STDERR_REDIRECT] 
2025-02-12 19:58:11,829 [ERROR] LogOutputStream:75 - [STDERR_REDIRECT] [Fatal Error] :1:1: Premature end of file.
2025-02-12 19:58:11,829 [ERROR] LogOutputStream:75 - [STDERR_REDIRECT] 
2025-02-12 19:58:12,838 [ERROR] LogOutputStream:75 - [STDERR_REDIRECT] [Fatal Error] :1:1: Premature end of file.
2025-02-12 19:58:12,838 [ERROR] LogOutputStream:75 - [STDERR_REDIRECT] 
2025-02-12 19:58:13,835 [ERROR] LogOutputStream:75 - [STDERR_REDIRECT] [Fatal Error] :1:1: Premature end of file.
2025-02-12 19:58:13,835 [ERROR] LogOutputStream:75 - [STDERR_REDIRECT] 
2025-02-12 19:58:14,831 [ERROR] LogOutputStream:75 - [STDERR_REDIRECT] [Fatal Error] :1:1: Premature end of file.
2025-02-12 19:58:14,831 [ERROR] LogOutputStream:75 - [STDERR_REDIRECT] 
2025-02-12 19:58:15,828 [ERROR] LogOutputStream:75 - [STDERR_REDIRECT] [Fatal Error] :1:1: Premature end of file.
2025-02-12 19:58:15,828 [ERROR] LogOutputStream:75 - [STDERR_REDIRECT] 
2025-02-12 19:58:16,839 [ERROR] LogOutputStream:75 - [STDERR_REDIRECT] [Fatal Error] :1:1: Premature end of file.
2025-02-12 19:58:16,839 [ERROR] LogOutputStream:75 - [STDERR_REDIRECT] 
2025-02-12 19:58:17,846 [ERROR] LogOutputStream:75 - [STDERR_REDIRECT] [Fatal Error] :1:1: Premature end of file.
2025-02-12 19:58:17,846 [ERROR] LogOutputStream:75 - [STDERR_REDIRECT] 
2025-02-12 19:58:18,840 [ERROR] LogOutputStream:75 - [STDERR_REDIRECT] [Fatal Error] :1:1: Premature end of file.
2025-02-12 19:58:18,840 [ERROR] LogOutputStream:75 - [STDERR_REDIRECT] 
2025-02-12 19:58:19,835 [ERROR] LogOutputStream:75 - [STDERR_REDIRECT] [Fatal Error] :1:1: Premature end of file.
2025-02-12 19:58:19,835 [ERROR] LogOutputStream:75 - [STDERR_REDIRECT] 
2025-02-12 19:58:20,830 [ERROR] LogOutputStream:75 - [STDERR_REDIRECT] [Fatal Error] :1:1: Premature end of file.
2025-02-12 19:58:20,830 [ERROR] LogOutputStream:75 - [STDERR_REDIRECT] 
2025-02-12 19:58:21,833 [ERROR] LogOutputStream:75 - [STDERR_REDIRECT] [Fatal Error] :1:1: Premature end of file.
2025-02-12 19:58:21,833 [ERROR] LogOutputStream:75 - [STDERR_REDIRECT] 
2025-02-12 19:58:22,839 [ERROR] LogOutputStream:75 - [STDERR_REDIRECT] [Fatal Error] :1:1: Premature end of file.
2025-02-12 19:58:22,839 [ERROR] LogOutputStream:75 - [STDERR_REDIRECT] 
2025-02-12 19:58:23,835 [ERROR] LogOutputStream:75 - [STDERR_REDIRECT] [Fatal Error] :1:1: Premature end of file.
2025-02-12 19:58:23,835 [ERROR] LogOutputStream:75 - [STDERR_REDIRECT] 
2025-02-12 19:58:24,828 [ERROR] LogOutputStream:75 - [STDERR_REDIRECT] [Fatal Error] :1:1: Premature end of file.
2025-02-12 19:58:24,828 [ERROR] LogOutputStream:75 - [STDERR_REDIRECT] 
2025-02-12 19:58:25,835 [ERROR] LogOutputStream:75 - [STDERR_REDIRECT] [Fatal Error] :1:1: Premature end of file.
2025-02-12 19:58:25,835 [ERROR] LogOutputStream:75 - [STDERR_REDIRECT] 
2025-02-12 19:58:26,831 [ERROR] LogOutputStream:75 - [STDERR_REDIRECT] [Fatal Error] :1:1: Premature end of file.
2025-02-12 19:58:26,831 [ERROR] LogOutputStream:75 - [STDERR_REDIRECT] 
2025-02-12 19:58:27,839 [ERROR] LogOutputStream:75 - [STDERR_REDIRECT] [Fatal Error] :1:1: Premature end of file.
2025-02-12 19:58:27,845 [ERROR] LogOutputStream:75 - [STDERR_REDIRECT] 
2025-02-12 19:58:28,855 [ERROR] LogOutputStream:75 - [STDERR_REDIRECT] [Fatal Error] :1:1: Premature end of file.
2025-02-12 19:58:28,855 [ERROR] LogOutputStream:75 - [STDERR_REDIRECT] 
2025-02-12 19:58:29,833 [ERROR] LogOutputStream:75 - [STDERR_REDIRECT] [Fatal Error] :1:1: Premature end of file.
2025-02-12 19:58:29,833 [ERROR] LogOutputStream:75 - [STDERR_REDIRECT] 
2025-02-12 19:58:30,829 [ERROR] LogOutputStream:75 - [STDERR_REDIRECT] [Fatal Error] :1:1: Premature end of file.
2025-02-12 19:58:30,829 [ERROR] LogOutputStream:75 - [STDERR_REDIRECT] 
2025-02-12 19:58:31,840 [ERROR] LogOutputStream:75 - [STDERR_REDIRECT] [Fatal Error] :1:1: Premature end of file.
2025-02-12 19:58:31,840 [ERROR] LogOutputStream:75 - [STDERR_REDIRECT] 
2025-02-12 19:58:32,827 [ERROR] LogOutputStream:75 - [STDERR_REDIRECT] [Fatal Error] :1:1: Premature end of file.
2025-02-12 19:58:32,827 [ERROR] LogOutputStream:75 - [STDERR_REDIRECT] 
2025-02-12 19:58:33,838 [ERROR] LogOutputStream:75 - [STDERR_REDIRECT] [Fatal Error] :1:1: Premature end of file.
2025-02-12 19:58:33,838 [ERROR] LogOutputStream:75 - [STDERR_REDIRECT] 
2025-02-12 19:58:34,836 [ERROR] LogOutputStream:75 - [STDERR_REDIRECT] [Fatal Error] :1:1: Premature end of file.
2025-02-12 19:58:34,836 [ERROR] LogOutputStream:75 - [STDERR_REDIRECT] 
2025-02-12 19:58:35,832 [ERROR] LogOutputStream:75 - [STDERR_REDIRECT] [Fatal Error] :1:1: Premature end of file.
2025-02-12 19:58:35,832 [ERROR] LogOutputStream:75 - [STDERR_REDIRECT] 
2025-02-12 19:58:36,836 [ERROR] LogOutputStream:75 - [STDERR_REDIRECT] [Fatal Error] :1:1: Premature end of file.
2025-02-12 19:58:36,836 [ERROR] LogOutputStream:75 - [STDERR_REDIRECT] 
2025-02-12 19:58:37,835 [ERROR] LogOutputStream:75 - [STDERR_REDIRECT] [Fatal Error] :1:1: Premature end of file.
2025-02-12 19:58:37,835 [ERROR] LogOutputStream:75 - [STDERR_REDIRECT] 
2025-02-12 19:58:38,833 [ERROR] LogOutputStream:75 - [STDERR_REDIRECT] [Fatal Error] :1:1: Premature end of file.
2025-02-12 19:58:38,833 [ERROR] LogOutputStream:75 - [STDERR_REDIRECT] 
2025-02-12 19:58:39,835 [ERROR] LogOutputStream:75 - [STDERR_REDIRECT] [Fatal Error] :1:1: Premature end of file.
2025-02-12 19:58:39,835 [ERROR] LogOutputStream:75 - [STDERR_REDIRECT] 
2025-02-12 19:58:40,841 [ERROR] LogOutputStream:75 - [STDERR_REDIRECT] [Fatal Error] :1:1: Premature end of file.
2025-02-12 19:58:40,841 [ERROR] LogOutputStream:75 - [STDERR_REDIRECT] 
2025-02-12 19:58:41,830 [ERROR] LogOutputStream:75 - [STDERR_REDIRECT] [Fatal Error] :1:1: Premature end of file.
2025-02-12 19:58:41,830 [ERROR] LogOutputStream:75 - [STDERR_REDIRECT] 
2025-02-12 19:58:42,849 [ERROR] LogOutputStream:75 - [STDERR_REDIRECT] [Fatal Error] :1:1: Premature end of file.
2025-02-12 19:58:42,849 [ERROR] LogOutputStream:75 - [STDERR_REDIRECT] 
2025-02-12 19:58:43,835 [ERROR] LogOutputStream:75 - [STDERR_REDIRECT] [Fatal Error] :1:1: Premature end of file.
2025-02-12 19:58:43,835 [ERROR] LogOutputStream:75 - [STDERR_REDIRECT] 
2025-02-12 19:58:44,830 [ERROR] LogOutputStream:75 - [STDERR_REDIRECT] [Fatal Error] :1:1: Premature end of file.
2025-02-12 19:58:44,830 [ERROR] LogOutputStream:75 - [STDERR_REDIRECT] 
2025-02-12 19:58:45,827 [ERROR] LogOutputStream:75 - [STDERR_REDIRECT] [Fatal Error] :1:1: Premature end of file.
2025-02-12 19:58:45,827 [ERROR] LogOutputStream:75 - [STDERR_REDIRECT] 
2025-02-12 19:58:46,837 [ERROR] LogOutputStream:75 - [STDERR_REDIRECT] [Fatal Error] :1:1: Premature end of file.
2025-02-12 19:58:46,837 [ERROR] LogOutputStream:75 - [STDERR_REDIRECT] 
2025-02-12 19:58:47,831 [ERROR] LogOutputStream:75 - [STDERR_REDIRECT] [Fatal Error] :1:1: Premature end of file.
2025-02-12 19:58:47,831 [ERROR] LogOutputStream:75 - [STDERR_REDIRECT] 
2025-02-12 19:58:48,837 [ERROR] LogOutputStream:75 - [STDERR_REDIRECT] [Fatal Error] :1:1: Premature end of file.
2025-02-12 19:58:48,837 [ERROR] LogOutputStream:75 - [STDERR_REDIRECT] 
2025-02-12 19:58:49,834 [ERROR] LogOutputStream:75 - [STDERR_REDIRECT] [Fatal Error] :1:1: Premature end of file.
2025-02-12 19:58:49,834 [ERROR] LogOutputStream:75 - [STDERR_REDIRECT] 
2025-02-12 19:58:50,838 [ERROR] LogOutputStream:75 - [STDERR_REDIRECT] [Fatal Error] :1:1: Premature end of file.
2025-02-12 19:58:50,838 [ERROR] LogOutputStream:75 - [STDERR_REDIRECT] 
2025-02-12 19:58:51,829 [ERROR] LogOutputStream:75 - [STDERR_REDIRECT] [Fatal Error] :1:1: Premature end of file.
2025-02-12 19:58:51,829 [ERROR] LogOutputStream:75 - [STDERR_REDIRECT] 
2025-02-12 19:58:52,830 [ERROR] LogOutputStream:75 - [STDERR_REDIRECT] [Fatal Error] :1:1: Premature end of file.
2025-02-12 19:58:52,830 [ERROR] LogOutputStream:75 - [STDERR_REDIRECT] 
2025-02-12 19:58:53,835 [ERROR] LogOutputStream:75 - [STDERR_REDIRECT] [Fatal Error] :1:1: Premature end of file.
2025-02-12 19:58:53,835 [ERROR] LogOutputStream:75 - [STDERR_REDIRECT] 
2025-02-12 19:58:54,838 [ERROR] LogOutputStream:75 - [STDERR_REDIRECT] [Fatal Error] :1:1: Premature end of file.
2025-02-12 19:58:54,838 [ERROR] LogOutputStream:75 - [STDERR_REDIRECT] 
2025-02-12 19:58:55,827 [ERROR] LogOutputStream:75 - [STDERR_REDIRECT] [Fatal Error] :1:1: Premature end of file.
2025-02-12 19:58:55,827 [ERROR] LogOutputStream:75 - [STDERR_REDIRECT] 
2025-02-12 19:58:56,841 [ERROR] LogOutputStream:75 - [STDERR_REDIRECT] [Fatal Error] :1:1: Premature end of file.
2025-02-12 19:58:56,841 [ERROR] LogOutputStream:75 - [STDERR_REDIRECT] 
2025-02-12 19:58:57,839 [ERROR] LogOutputStream:75 - [STDERR_REDIRECT] [Fatal Error] :1:1: Premature end of file.
2025-02-12 19:58:57,840 [ERROR] LogOutputStream:75 - [STDERR_REDIRECT] 
2025-02-12 19:58:58,831 [ERROR] LogOutputStream:75 - [STDERR_REDIRECT] [Fatal Error] :1:1: Premature end of file.
2025-02-12 19:58:58,831 [ERROR] LogOutputStream:75 - [STDERR_REDIRECT] 
2025-02-12 19:58:59,837 [ERROR] LogOutputStream:75 - [STDERR_REDIRECT] [Fatal Error] :1:1: Premature end of file.
2025-02-12 19:58:59,837 [ERROR] LogOutputStream:75 - [STDERR_REDIRECT] 
2025-02-12 19:59:00,835 [ERROR] LogOutputStream:75 - [STDERR_REDIRECT] [Fatal Error] :1:1: Premature end of file.
2025-02-12 19:59:00,835 [ERROR] LogOutputStream:75 - [STDERR_REDIRECT] 
2025-02-12 19:59:01,831 [ERROR] LogOutputStream:75 - [STDERR_REDIRECT] [Fatal Error] :1:1: Premature end of file.
2025-02-12 19:59:01,831 [ERROR] LogOutputStream:75 - [STDERR_REDIRECT] 
2025-02-12 19:59:02,830 [ERROR] LogOutputStream:75 - [STDERR_REDIRECT] [Fatal Error] :1:1: Premature end of file.
2025-02-12 19:59:02,830 [ERROR] LogOutputStream:75 - [STDERR_REDIRECT] 
2025-02-12 19:59:03,838 [ERROR] LogOutputStream:75 - [STDERR_REDIRECT] [Fatal Error] :1:1: Premature end of file.
2025-02-12 19:59:03,838 [ERROR] LogOutputStream:75 - [STDERR_REDIRECT] 
2025-02-12 19:59:04,833 [ERROR] LogOutputStream:75 - [STDERR_REDIRECT] [Fatal Error] :1:1: Premature end of file.
2025-02-12 19:59:04,833 [ERROR] LogOutputStream:75 - [STDERR_REDIRECT] 
2025-02-12 19:59:05,838 [ERROR] LogOutputStream:75 - [STDERR_REDIRECT] [Fatal Error] :1:1: Premature end of file.
2025-02-12 19:59:05,838 [ERROR] LogOutputStream:75 - [STDERR_REDIRECT] 
2025-02-12 19:59:06,834 [ERROR] LogOutputStream:75 - [STDERR_REDIRECT] [Fatal Error] :1:1: Premature end of file.
2025-02-12 19:59:06,834 [ERROR] LogOutputStream:75 - [STDERR_REDIRECT] 
2025-02-12 19:59:07,820 [ERROR] LogOutputStream:75 - [STDERR_REDIRECT] [Fatal Error] :1:1: Premature end of file.
2025-02-12 19:59:07,820 [ERROR] LogOutputStream:75 - [STDERR_REDIRECT] 
2025-02-12 19:59:08,834 [ERROR] LogOutputStream:75 - [STDERR_REDIRECT] [Fatal Error] :1:1: Premature end of file.
2025-02-12 19:59:08,834 [ERROR] LogOutputStream:75 - [STDERR_REDIRECT] 
2025-02-12 19:59:09,835 [ERROR] LogOutputStream:75 - [STDERR_REDIRECT] [Fatal Error] :1:1: Premature end of file.
2025-02-12 19:59:09,835 [ERROR] LogOutputStream:75 - [STDERR_REDIRECT] 
2025-02-12 19:59:10,836 [ERROR] LogOutputStream:75 - [STDERR_REDIRECT] [Fatal Error] :1:1: Premature end of file.
2025-02-12 19:59:10,836 [ERROR] LogOutputStream:75 - [STDERR_REDIRECT] 
2025-02-12 19:59:11,839 [ERROR] LogOutputStream:75 - [STDERR_REDIRECT] [Fatal Error] :1:1: Premature end of file.
2025-02-12 19:59:11,839 [ERROR] LogOutputStream:75 - [STDERR_REDIRECT] 
2025-02-12 19:59:12,840 [ERROR] LogOutputStream:75 - [STDERR_REDIRECT] [Fatal Error] :1:1: Premature end of file.
2025-02-12 19:59:12,840 [ERROR] LogOutputStream:75 - [STDERR_REDIRECT] 
2025-02-12 19:59:13,837 [ERROR] LogOutputStream:75 - [STDERR_REDIRECT] [Fatal Error] :1:1: Premature end of file.
2025-02-12 19:59:13,837 [ERROR] LogOutputStream:75 - [STDERR_REDIRECT] 
2025-02-12 19:59:14,831 [ERROR] LogOutputStream:75 - [STDERR_REDIRECT] [Fatal Error] :1:1: Premature end of file.
2025-02-12 19:59:14,831 [ERROR] LogOutputStream:75 - [STDERR_REDIRECT] 
2025-02-12 19:59:15,836 [ERROR] LogOutputStream:75 - [STDERR_REDIRECT] [Fatal Error] :1:1: Premature end of file.
2025-02-12 19:59:15,836 [ERROR] LogOutputStream:75 - [STDERR_REDIRECT] 
2025-02-12 19:59:16,831 [ERROR] LogOutputStream:75 - [STDERR_REDIRECT] [Fatal Error] :1:1: Premature end of file.
2025-02-12 19:59:16,831 [ERROR] LogOutputStream:75 - [STDERR_REDIRECT] 
2025-02-12 19:59:17,831 [ERROR] LogOutputStream:75 - [STDERR_REDIRECT] [Fatal Error] :1:1: Premature end of file.
2025-02-12 19:59:17,831 [ERROR] LogOutputStream:75 - [STDERR_REDIRECT] 
2025-02-12 19:59:18,831 [ERROR] LogOutputStream:75 - [STDERR_REDIRECT] [Fatal Error] :1:1: Premature end of file.
2025-02-12 19:59:18,831 [ERROR] LogOutputStream:75 - [STDERR_REDIRECT] 
2025-02-12 19:59:19,834 [ERROR] LogOutputStream:75 - [STDERR_REDIRECT] [Fatal Error] :1:1: Premature end of file.
2025-02-12 19:59:19,834 [ERROR] LogOutputStream:75 - [STDERR_REDIRECT] 
2025-02-12 19:59:20,830 [ERROR] LogOutputStream:75 - [STDERR_REDIRECT] [Fatal Error] :1:1: Premature end of file.
2025-02-12 19:59:20,830 [ERROR] LogOutputStream:75 - [STDERR_REDIRECT] 
2025-02-12 19:59:21,838 [ERROR] LogOutputStream:75 - [STDERR_REDIRECT] [Fatal Error] :1:1: Premature end of file.
2025-02-12 19:59:21,838 [ERROR] LogOutputStream:75 - [STDERR_REDIRECT] 
2025-02-12 19:59:22,833 [ERROR] LogOutputStream:75 - [STDERR_REDIRECT] [Fatal Error] :1:1: Premature end of file.
2025-02-12 19:59:22,833 [ERROR] LogOutputStream:75 - [STDERR_REDIRECT] 
2025-02-12 19:59:23,834 [ERROR] LogOutputStream:75 - [STDERR_REDIRECT] [Fatal Error] :1:1: Premature end of file.
2025-02-12 19:59:23,834 [ERROR] LogOutputStream:75 - [STDERR_REDIRECT] 
2025-02-12 19:59:24,829 [ERROR] LogOutputStream:75 - [STDERR_REDIRECT] [Fatal Error] :1:1: Premature end of file.
2025-02-12 19:59:24,829 [ERROR] LogOutputStream:75 - [STDERR_REDIRECT] 
2025-02-12 19:59:25,841 [ERROR] LogOutputStream:75 - [STDERR_REDIRECT] [Fatal Error] :1:1: Premature end of file.
2025-02-12 19:59:25,841 [ERROR] LogOutputStream:75 - [STDERR_REDIRECT] 
2025-02-12 19:59:26,840 [ERROR] LogOutputStream:75 - [STDERR_REDIRECT] [Fatal Error] :1:1: Premature end of file.
2025-02-12 19:59:26,840 [ERROR] LogOutputStream:75 - [STDERR_REDIRECT] 
2025-02-12 19:59:27,831 [ERROR] LogOutputStream:75 - [STDERR_REDIRECT] [Fatal Error] :1:1: Premature end of file.
2025-02-12 19:59:27,831 [ERROR] LogOutputStream:75 - [STDERR_REDIRECT] 
2025-02-12 19:59:28,836 [ERROR] LogOutputStream:75 - [STDERR_REDIRECT] [Fatal Error] :1:1: Premature end of file.
2025-02-12 19:59:28,836 [ERROR] LogOutputStream:75 - [STDERR_REDIRECT] 
2025-02-12 19:59:29,832 [ERROR] LogOutputStream:75 - [STDERR_REDIRECT] [Fatal Error] :1:1: Premature end of file.
2025-02-12 19:59:29,832 [ERROR] LogOutputStream:75 - [STDERR_REDIRECT] 
2025-02-12 19:59:30,832 [ERROR] LogOutputStream:75 - [STDERR_REDIRECT] [Fatal Error] :1:1: Premature end of file.
2025-02-12 19:59:30,832 [ERROR] LogOutputStream:75 - [STDERR_REDIRECT] 
2025-02-12 19:59:31,834 [ERROR] LogOutputStream:75 - [STDERR_REDIRECT] [Fatal Error] :1:1: Premature end of file.
2025-02-12 19:59:31,834 [ERROR] LogOutputStream:75 - [STDERR_REDIRECT] 
2025-02-12 19:59:32,836 [ERROR] LogOutputStream:75 - [STDERR_REDIRECT] [Fatal Error] :1:1: Premature end of file.
2025-02-12 19:59:32,836 [ERROR] LogOutputStream:75 - [STDERR_REDIRECT] 
2025-02-12 19:59:33,837 [ERROR] LogOutputStream:75 - [STDERR_REDIRECT] [Fatal Error] :1:1: Premature end of file.
2025-02-12 19:59:33,837 [ERROR] LogOutputStream:75 - [STDERR_REDIRECT] 
2025-02-12 19:59:34,835 [ERROR] LogOutputStream:75 - [STDERR_REDIRECT] [Fatal Error] :1:1: Premature end of file.
2025-02-12 19:59:34,835 [ERROR] LogOutputStream:75 - [STDERR_REDIRECT] 
2025-02-12 19:59:35,837 [ERROR] LogOutputStream:75 - [STDERR_REDIRECT] [Fatal Error] :1:1: Premature end of file.
2025-02-12 19:59:35,837 [ERROR] LogOutputStream:75 - [STDERR_REDIRECT] 
2025-02-12 19:59:36,828 [ERROR] LogOutputStream:75 - [STDERR_REDIRECT] [Fatal Error] :1:1: Premature end of file.
2025-02-12 19:59:36,828 [ERROR] LogOutputStream:75 - [STDERR_REDIRECT] 
2025-02-12 19:59:37,831 [ERROR] LogOutputStream:75 - [STDERR_REDIRECT] [Fatal Error] :1:1: Premature end of file.
2025-02-12 19:59:37,831 [ERROR] LogOutputStream:75 - [STDERR_REDIRECT] 
2025-02-12 19:59:38,829 [ERROR] LogOutputStream:75 - [STDERR_REDIRECT] [Fatal Error] :1:1: Premature end of file.
2025-02-12 19:59:38,829 [ERROR] LogOutputStream:75 - [STDERR_REDIRECT] 
2025-02-12 19:59:39,848 [ERROR] LogOutputStream:75 - [STDERR_REDIRECT] [Fatal Error] :1:1: Premature end of file.
2025-02-12 19:59:39,848 [ERROR] LogOutputStream:75 - [STDERR_REDIRECT] 
2025-02-12 19:59:40,836 [ERROR] LogOutputStream:75 - [STDERR_REDIRECT] [Fatal Error] :1:1: Premature end of file.
2025-02-12 19:59:40,836 [ERROR] LogOutputStream:75 - [STDERR_REDIRECT] 
2025-02-12 19:59:41,835 [ERROR] LogOutputStream:75 - [STDERR_REDIRECT] [Fatal Error] :1:1: Premature end of file.
2025-02-12 19:59:41,835 [ERROR] LogOutputStream:75 - [STDERR_REDIRECT] 
2025-02-12 19:59:42,836 [ERROR] LogOutputStream:75 - [STDERR_REDIRECT] [Fatal Error] :1:1: Premature end of file.
2025-02-12 19:59:42,836 [ERROR] LogOutputStream:75 - [STDERR_REDIRECT] 
2025-02-12 19:59:43,843 [ERROR] LogOutputStream:75 - [STDERR_REDIRECT] [Fatal Error] :1:1: Premature end of file.
2025-02-12 19:59:43,843 [ERROR] LogOutputStream:75 - [STDERR_REDIRECT] 
2025-02-12 19:59:44,830 [ERROR] LogOutputStream:75 - [STDERR_REDIRECT] [Fatal Error] :1:1: Premature end of file.
2025-02-12 19:59:44,830 [ERROR] LogOutputStream:75 - [STDERR_REDIRECT] 
2025-02-12 19:59:45,836 [ERROR] LogOutputStream:75 - [STDERR_REDIRECT] [Fatal Error] :1:1: Premature end of file.
2025-02-12 19:59:45,836 [ERROR] LogOutputStream:75 - [STDERR_REDIRECT] 
2025-02-12 19:59:46,828 [ERROR] LogOutputStream:75 - [STDERR_REDIRECT] [Fatal Error] :1:1: Premature end of file.
2025-02-12 19:59:46,828 [ERROR] LogOutputStream:75 - [STDERR_REDIRECT] 
2025-02-12 19:59:47,844 [ERROR] LogOutputStream:75 - [STDERR_REDIRECT] [Fatal Error] :1:1: Premature end of file.
2025-02-12 19:59:47,844 [ERROR] LogOutputStream:75 - [STDERR_REDIRECT] 
2025-02-12 19:59:48,837 [ERROR] LogOutputStream:75 - [STDERR_REDIRECT] [Fatal Error] :1:1: Premature end of file.
2025-02-12 19:59:48,837 [ERROR] LogOutputStream:75 - [STDERR_REDIRECT] 
2025-02-12 19:59:49,841 [ERROR] LogOutputStream:75 - [STDERR_REDIRECT] [Fatal Error] :1:1: Premature end of file.
2025-02-12 19:59:49,841 [ERROR] LogOutputStream:75 - [STDERR_REDIRECT] 
2025-02-12 19:59:50,833 [ERROR] LogOutputStream:75 - [STDERR_REDIRECT] [Fatal Error] :1:1: Premature end of file.
2025-02-12 19:59:50,833 [ERROR] LogOutputStream:75 - [STDERR_REDIRECT] 
2025-02-12 19:59:51,842 [ERROR] LogOutputStream:75 - [STDERR_REDIRECT] [Fatal Error] :1:1: Premature end of file.
2025-02-12 19:59:51,842 [ERROR] LogOutputStream:75 - [STDERR_REDIRECT] 
2025-02-12 19:59:52,830 [ERROR] LogOutputStream:75 - [STDERR_REDIRECT] [Fatal Error] :1:1: Premature end of file.
2025-02-12 19:59:52,830 [ERROR] LogOutputStream:75 - [STDERR_REDIRECT] 
2025-02-12 19:59:53,827 [ERROR] LogOutputStream:75 - [STDERR_REDIRECT] [Fatal Error] :1:1: Premature end of file.
2025-02-12 19:59:53,827 [ERROR] LogOutputStream:75 - [STDERR_REDIRECT] 
2025-02-12 19:59:54,835 [ERROR] LogOutputStream:75 - [STDERR_REDIRECT] [Fatal Error] :1:1: Premature end of file.
2025-02-12 19:59:54,835 [ERROR] LogOutputStream:75 - [STDERR_REDIRECT] 
2025-02-12 19:59:55,841 [ERROR] LogOutputStream:75 - [STDERR_REDIRECT] [Fatal Error] :1:1: Premature end of file.
2025-02-12 19:59:55,841 [ERROR] LogOutputStream:75 - [STDERR_REDIRECT] 
2025-02-12 19:59:56,827 [ERROR] LogOutputStream:75 - [STDERR_REDIRECT] [Fatal Error] :1:1: Premature end of file.
2025-02-12 19:59:56,827 [ERROR] LogOutputStream:75 - [STDERR_REDIRECT] 
2025-02-12 19:59:57,830 [ERROR] LogOutputStream:75 - [STDERR_REDIRECT] [Fatal Error] :1:1: Premature end of file.
2025-02-12 19:59:57,830 [ERROR] LogOutputStream:75 - [STDERR_REDIRECT] 
2025-02-12 19:59:58,829 [ERROR] LogOutputStream:75 - [STDERR_REDIRECT] [Fatal Error] :1:1: Premature end of file.
2025-02-12 19:59:58,829 [ERROR] LogOutputStream:75 - [STDERR_REDIRECT] 
2025-02-12 19:59:59,835 [ERROR] LogOutputStream:75 - [STDERR_REDIRECT] [Fatal Error] :1:1: Premature end of file.
2025-02-12 19:59:59,835 [ERROR] LogOutputStream:75 - [STDERR_REDIRECT] 
2025-02-12 20:00:00,838 [ERROR] LogOutputStream:75 - [STDERR_REDIRECT] [Fatal Error] :1:1: Premature end of file.
2025-02-12 20:00:00,838 [ERROR] LogOutputStream:75 - [STDERR_REDIRECT] 
2025-02-12 20:00:01,841 [ERROR] LogOutputStream:75 - [STDERR_REDIRECT] [Fatal Error] :1:1: Premature end of file.
2025-02-12 20:00:01,841 [ERROR] LogOutputStream:75 - [STDERR_REDIRECT] 
2025-02-12 20:00:02,828 [ERROR] LogOutputStream:75 - [STDERR_REDIRECT] [Fatal Error] :1:1: Premature end of file.
2025-02-12 20:00:02,828 [ERROR] LogOutputStream:75 - [STDERR_REDIRECT] 
2025-02-12 20:00:03,831 [ERROR] LogOutputStream:75 - [STDERR_REDIRECT] [Fatal Error] :1:1: Premature end of file.
2025-02-12 20:00:03,831 [ERROR] LogOutputStream:75 - [STDERR_REDIRECT] 
2025-02-12 20:00:04,833 [ERROR] LogOutputStream:75 - [STDERR_REDIRECT] [Fatal Error] :1:1: Premature end of file.
2025-02-12 20:00:04,833 [ERROR] LogOutputStream:75 - [STDERR_REDIRECT] 
2025-02-12 20:00:05,831 [ERROR] LogOutputStream:75 - [STDERR_REDIRECT] [Fatal Error] :1:1: Premature end of file.
2025-02-12 20:00:05,832 [ERROR] LogOutputStream:75 - [STDERR_REDIRECT] 
2025-02-12 20:00:06,832 [ERROR] LogOutputStream:75 - [STDERR_REDIRECT] [Fatal Error] :1:1: Premature end of file.
2025-02-12 20:00:06,832 [ERROR] LogOutputStream:75 - [STDERR_REDIRECT] 
2025-02-12 20:00:07,832 [ERROR] LogOutputStream:75 - [STDERR_REDIRECT] [Fatal Error] :1:1: Premature end of file.
2025-02-12 20:00:07,832 [ERROR] LogOutputStream:75 - [STDERR_REDIRECT] 
2025-02-12 20:00:08,836 [ERROR] LogOutputStream:75 - [STDERR_REDIRECT] [Fatal Error] :1:1: Premature end of file.
2025-02-12 20:00:08,836 [ERROR] LogOutputStream:75 - [STDERR_REDIRECT] 
2025-02-12 20:00:09,834 [ERROR] LogOutputStream:75 - [STDERR_REDIRECT] [Fatal Error] :1:1: Premature end of file.
2025-02-12 20:00:09,834 [ERROR] LogOutputStream:75 - [STDERR_REDIRECT] 
2025-02-12 20:00:10,834 [ERROR] LogOutputStream:75 - [STDERR_REDIRECT] [Fatal Error] :1:1: Premature end of file.
2025-02-12 20:00:10,834 [ERROR] LogOutputStream:75 - [STDERR_REDIRECT] 
2025-02-12 20:00:11,835 [ERROR] LogOutputStream:75 - [STDERR_REDIRECT] [Fatal Error] :1:1: Premature end of file.
2025-02-12 20:00:11,835 [ERROR] LogOutputStream:75 - [STDERR_REDIRECT] 
2025-02-12 20:00:12,840 [ERROR] LogOutputStream:75 - [STDERR_REDIRECT] [Fatal Error] :1:1: Premature end of file.
2025-02-12 20:00:12,840 [ERROR] LogOutputStream:75 - [STDERR_REDIRECT] 
2025-02-12 20:00:13,834 [ERROR] LogOutputStream:75 - [STDERR_REDIRECT] [Fatal Error] :1:1: Premature end of file.
2025-02-12 20:00:13,834 [ERROR] LogOutputStream:75 - [STDERR_REDIRECT] 
2025-02-12 20:00:14,844 [ERROR] LogOutputStream:75 - [STDERR_REDIRECT] [Fatal Error] :1:1: Premature end of file.
2025-02-12 20:00:14,844 [ERROR] LogOutputStream:75 - [STDERR_REDIRECT] 
2025-02-12 20:00:15,845 [ERROR] LogOutputStream:75 - [STDERR_REDIRECT] [Fatal Error] :1:1: Premature end of file.
2025-02-12 20:00:15,845 [ERROR] LogOutputStream:75 - [STDERR_REDIRECT] 
2025-02-12 20:00:16,833 [ERROR] LogOutputStream:75 - [STDERR_REDIRECT] [Fatal Error] :1:1: Premature end of file.
2025-02-12 20:00:16,833 [ERROR] LogOutputStream:75 - [STDERR_REDIRECT] 
2025-02-12 20:00:17,839 [ERROR] LogOutputStream:75 - [STDERR_REDIRECT] [Fatal Error] :1:1: Premature end of file.
2025-02-12 20:00:17,839 [ERROR] LogOutputStream:75 - [STDERR_REDIRECT] 
2025-02-12 20:00:18,847 [ERROR] LogOutputStream:75 - [STDERR_REDIRECT] [Fatal Error] :1:1: Premature end of file.
2025-02-12 20:00:18,847 [ERROR] LogOutputStream:75 - [STDERR_REDIRECT] 
2025-02-12 20:00:19,841 [ERROR] LogOutputStream:75 - [STDERR_REDIRECT] [Fatal Error] :1:1: Premature end of file.
2025-02-12 20:00:19,841 [ERROR] LogOutputStream:75 - [STDERR_REDIRECT] 
2025-02-12 20:00:20,830 [ERROR] LogOutputStream:75 - [STDERR_REDIRECT] [Fatal Error] :1:1: Premature end of file.
2025-02-12 20:00:20,830 [ERROR] LogOutputStream:75 - [STDERR_REDIRECT] 
2025-02-12 20:00:21,841 [ERROR] LogOutputStream:75 - [STDERR_REDIRECT] [Fatal Error] :1:1: Premature end of file.
2025-02-12 20:00:21,841 [ERROR] LogOutputStream:75 - [STDERR_REDIRECT] 
2025-02-12 20:00:22,827 [ERROR] LogOutputStream:75 - [STDERR_REDIRECT] [Fatal Error] :1:1: Premature end of file.
2025-02-12 20:00:22,827 [ERROR] LogOutputStream:75 - [STDERR_REDIRECT] 
2025-02-12 20:00:23,844 [ERROR] LogOutputStream:75 - [STDERR_REDIRECT] [Fatal Error] :1:1: Premature end of file.
2025-02-12 20:00:23,844 [ERROR] LogOutputStream:75 - [STDERR_REDIRECT] 
2025-02-12 20:00:24,827 [ERROR] LogOutputStream:75 - [STDERR_REDIRECT] [Fatal Error] :1:1: Premature end of file.
2025-02-12 20:00:24,827 [ERROR] LogOutputStream:75 - [STDERR_REDIRECT] 
2025-02-12 20:00:25,836 [ERROR] LogOutputStream:75 - [STDERR_REDIRECT] [Fatal Error] :1:1: Premature end of file.
2025-02-12 20:00:25,836 [ERROR] LogOutputStream:75 - [STDERR_REDIRECT] 
2025-02-12 20:00:26,833 [ERROR] LogOutputStream:75 - [STDERR_REDIRECT] [Fatal Error] :1:1: Premature end of file.
2025-02-12 20:00:26,833 [ERROR] LogOutputStream:75 - [STDERR_REDIRECT] 
2025-02-12 20:00:27,840 [ERROR] LogOutputStream:75 - [STDERR_REDIRECT] [Fatal Error] :1:1: Premature end of file.
2025-02-12 20:00:27,840 [ERROR] LogOutputStream:75 - [STDERR_REDIRECT] 
2025-02-12 20:00:28,831 [ERROR] LogOutputStream:75 - [STDERR_REDIRECT] [Fatal Error] :1:1: Premature end of file.
2025-02-12 20:00:28,831 [ERROR] LogOutputStream:75 - [STDERR_REDIRECT] 
2025-02-12 20:00:29,844 [ERROR] LogOutputStream:75 - [STDERR_REDIRECT] [Fatal Error] :1:1: Premature end of file.
2025-02-12 20:00:29,845 [ERROR] LogOutputStream:75 - [STDERR_REDIRECT] 
2025-02-12 20:00:30,831 [ERROR] LogOutputStream:75 - [STDERR_REDIRECT] [Fatal Error] :1:1: Premature end of file.
2025-02-12 20:00:30,831 [ERROR] LogOutputStream:75 - [STDERR_REDIRECT] 
2025-02-12 20:00:31,847 [ERROR] LogOutputStream:75 - [STDERR_REDIRECT] [Fatal Error] :1:1: Premature end of file.
2025-02-12 20:00:31,847 [ERROR] LogOutputStream:75 - [STDERR_REDIRECT] 
2025-02-12 20:00:32,835 [ERROR] LogOutputStream:75 - [STDERR_REDIRECT] [Fatal Error] :1:1: Premature end of file.
2025-02-12 20:00:32,835 [ERROR] LogOutputStream:75 - [STDERR_REDIRECT] 
2025-02-12 20:00:33,840 [ERROR] LogOutputStream:75 - [STDERR_REDIRECT] [Fatal Error] :1:1: Premature end of file.
2025-02-12 20:00:33,840 [ERROR] LogOutputStream:75 - [STDERR_REDIRECT] 
2025-02-12 20:00:34,841 [ERROR] LogOutputStream:75 - [STDERR_REDIRECT] [Fatal Error] :1:1: Premature end of file.
2025-02-12 20:00:34,841 [ERROR] LogOutputStream:75 - [STDERR_REDIRECT] 
2025-02-12 20:00:35,837 [ERROR] LogOutputStream:75 - [STDERR_REDIRECT] [Fatal Error] :1:1: Premature end of file.
2025-02-12 20:00:35,837 [ERROR] LogOutputStream:75 - [STDERR_REDIRECT] 
2025-02-12 20:00:36,846 [ERROR] LogOutputStream:75 - [STDERR_REDIRECT] [Fatal Error] :1:1: Premature end of file.
2025-02-12 20:00:36,846 [ERROR] LogOutputStream:75 - [STDERR_REDIRECT] 
2025-02-12 20:00:37,831 [ERROR] LogOutputStream:75 - [STDERR_REDIRECT] [Fatal Error] :1:1: Premature end of file.
2025-02-12 20:00:37,831 [ERROR] LogOutputStream:75 - [STDERR_REDIRECT] 
2025-02-12 20:00:38,834 [ERROR] LogOutputStream:75 - [STDERR_REDIRECT] [Fatal Error] :1:1: Premature end of file.
2025-02-12 20:00:38,834 [ERROR] LogOutputStream:75 - [STDERR_REDIRECT] 
2025-02-12 20:00:39,837 [ERROR] LogOutputStream:75 - [STDERR_REDIRECT] [Fatal Error] :1:1: Premature end of file.
2025-02-12 20:00:39,837 [ERROR] LogOutputStream:75 - [STDERR_REDIRECT] 
2025-02-12 20:00:40,828 [ERROR] LogOutputStream:75 - [STDERR_REDIRECT] [Fatal Error] :1:1: Premature end of file.
2025-02-12 20:00:40,828 [ERROR] LogOutputStream:75 - [STDERR_REDIRECT] 
2025-02-12 20:00:41,834 [ERROR] LogOutputStream:75 - [STDERR_REDIRECT] [Fatal Error] :1:1: Premature end of file.
2025-02-12 20:00:41,834 [ERROR] LogOutputStream:75 - [STDERR_REDIRECT] 
2025-02-12 20:00:42,833 [ERROR] LogOutputStream:75 - [STDERR_REDIRECT] [Fatal Error] :1:1: Premature end of file.
2025-02-12 20:00:42,833 [ERROR] LogOutputStream:75 - [STDERR_REDIRECT] 
2025-02-12 20:00:43,828 [ERROR] LogOutputStream:75 - [STDERR_REDIRECT] [Fatal Error] :1:1: Premature end of file.
2025-02-12 20:00:43,828 [ERROR] LogOutputStream:75 - [STDERR_REDIRECT] 
2025-02-12 20:00:44,832 [ERROR] LogOutputStream:75 - [STDERR_REDIRECT] [Fatal Error] :1:1: Premature end of file.
2025-02-12 20:00:44,832 [ERROR] LogOutputStream:75 - [STDERR_REDIRECT] 
2025-02-12 20:00:45,844 [ERROR] LogOutputStream:75 - [STDERR_REDIRECT] [Fatal Error] :1:1: Premature end of file.
2025-02-12 20:00:45,844 [ERROR] LogOutputStream:75 - [STDERR_REDIRECT] 
2025-02-12 20:00:46,833 [ERROR] LogOutputStream:75 - [STDERR_REDIRECT] [Fatal Error] :1:1: Premature end of file.
2025-02-12 20:00:46,833 [ERROR] LogOutputStream:75 - [STDERR_REDIRECT] 
2025-02-12 20:00:47,842 [ERROR] LogOutputStream:75 - [STDERR_REDIRECT] [Fatal Error] :1:1: Premature end of file.
2025-02-12 20:00:47,842 [ERROR] LogOutputStream:75 - [STDERR_REDIRECT] 
2025-02-12 20:00:48,835 [ERROR] LogOutputStream:75 - [STDERR_REDIRECT] [Fatal Error] :1:1: Premature end of file.
2025-02-12 20:00:48,835 [ERROR] LogOutputStream:75 - [STDERR_REDIRECT] 
2025-02-12 20:00:49,843 [ERROR] LogOutputStream:75 - [STDERR_REDIRECT] [Fatal Error] :1:1: Premature end of file.
2025-02-12 20:00:49,843 [ERROR] LogOutputStream:75 - [STDERR_REDIRECT] 
2025-02-12 20:00:50,834 [ERROR] LogOutputStream:75 - [STDERR_REDIRECT] [Fatal Error] :1:1: Premature end of file.
2025-02-12 20:00:50,834 [ERROR] LogOutputStream:75 - [STDERR_REDIRECT] 
2025-02-12 20:00:51,828 [ERROR] LogOutputStream:75 - [STDERR_REDIRECT] [Fatal Error] :1:1: Premature end of file.
2025-02-12 20:00:51,828 [ERROR] LogOutputStream:75 - [STDERR_REDIRECT] 
2025-02-12 20:00:52,829 [ERROR] LogOutputStream:75 - [STDERR_REDIRECT] [Fatal Error] :1:1: Premature end of file.
2025-02-12 20:00:52,829 [ERROR] LogOutputStream:75 - [STDERR_REDIRECT] 
2025-02-12 20:00:53,835 [ERROR] LogOutputStream:75 - [STDERR_REDIRECT] [Fatal Error] :1:1: Premature end of file.
2025-02-12 20:00:53,835 [ERROR] LogOutputStream:75 - [STDERR_REDIRECT] 
2025-02-12 20:00:54,834 [ERROR] LogOutputStream:75 - [STDERR_REDIRECT] [Fatal Error] :1:1: Premature end of file.
2025-02-12 20:00:54,834 [ERROR] LogOutputStream:75 - [STDERR_REDIRECT] 
2025-02-12 20:00:55,833 [ERROR] LogOutputStream:75 - [STDERR_REDIRECT] [Fatal Error] :1:1: Premature end of file.
2025-02-12 20:00:55,833 [ERROR] LogOutputStream:75 - [STDERR_REDIRECT] 
2025-02-12 20:00:56,829 [ERROR] LogOutputStream:75 - [STDERR_REDIRECT] [Fatal Error] :1:1: Premature end of file.
2025-02-12 20:00:56,829 [ERROR] LogOutputStream:75 - [STDERR_REDIRECT] 
2025-02-12 20:00:57,841 [ERROR] LogOutputStream:75 - [STDERR_REDIRECT] [Fatal Error] :1:1: Premature end of file.
2025-02-12 20:00:57,841 [ERROR] LogOutputStream:75 - [STDERR_REDIRECT] 
2025-02-12 20:00:58,828 [ERROR] LogOutputStream:75 - [STDERR_REDIRECT] [Fatal Error] :1:1: Premature end of file.
2025-02-12 20:00:58,828 [ERROR] LogOutputStream:75 - [STDERR_REDIRECT] 
2025-02-12 20:00:59,828 [ERROR] LogOutputStream:75 - [STDERR_REDIRECT] [Fatal Error] :1:1: Premature end of file.
2025-02-12 20:00:59,828 [ERROR] LogOutputStream:75 - [STDERR_REDIRECT] 
2025-02-12 20:01:00,830 [ERROR] LogOutputStream:75 - [STDERR_REDIRECT] [Fatal Error] :1:1: Premature end of file.
2025-02-12 20:01:00,830 [ERROR] LogOutputStream:75 - [STDERR_REDIRECT] 
2025-02-12 20:01:01,834 [ERROR] LogOutputStream:75 - [STDERR_REDIRECT] [Fatal Error] :1:1: Premature end of file.
2025-02-12 20:01:01,834 [ERROR] LogOutputStream:75 - [STDERR_REDIRECT] 
2025-02-12 20:01:02,837 [ERROR] LogOutputStream:75 - [STDERR_REDIRECT] [Fatal Error] :1:1: Premature end of file.
2025-02-12 20:01:02,837 [ERROR] LogOutputStream:75 - [STDERR_REDIRECT] 
2025-02-12 20:01:03,830 [ERROR] LogOutputStream:75 - [STDERR_REDIRECT] [Fatal Error] :1:1: Premature end of file.
2025-02-12 20:01:03,830 [ERROR] LogOutputStream:75 - [STDERR_REDIRECT] 
2025-02-12 20:01:04,829 [ERROR] LogOutputStream:75 - [STDERR_REDIRECT] [Fatal Error] :1:1: Premature end of file.
2025-02-12 20:01:04,829 [ERROR] LogOutputStream:75 - [STDERR_REDIRECT] 
2025-02-12 20:01:05,836 [ERROR] LogOutputStream:75 - [STDERR_REDIRECT] [Fatal Error] :1:1: Premature end of file.
2025-02-12 20:01:05,836 [ERROR] LogOutputStream:75 - [STDERR_REDIRECT] 
2025-02-12 20:01:06,833 [ERROR] LogOutputStream:75 - [STDERR_REDIRECT] [Fatal Error] :1:1: Premature end of file.
2025-02-12 20:01:06,833 [ERROR] LogOutputStream:75 - [STDERR_REDIRECT] 
2025-02-12 20:01:07,848 [ERROR] LogOutputStream:75 - [STDERR_REDIRECT] [Fatal Error] :1:1: Premature end of file.
2025-02-12 20:01:07,848 [ERROR] LogOutputStream:75 - [STDERR_REDIRECT] 
2025-02-12 20:01:08,847 [ERROR] LogOutputStream:75 - [STDERR_REDIRECT] [Fatal Error] :1:1: Premature end of file.
2025-02-12 20:01:08,847 [ERROR] LogOutputStream:75 - [STDERR_REDIRECT] 
2025-02-12 20:01:09,827 [ERROR] LogOutputStream:75 - [STDERR_REDIRECT] [Fatal Error] :1:1: Premature end of file.
2025-02-12 20:01:09,827 [ERROR] LogOutputStream:75 - [STDERR_REDIRECT] 
2025-02-12 20:01:10,836 [ERROR] LogOutputStream:75 - [STDERR_REDIRECT] [Fatal Error] :1:1: Premature end of file.
2025-02-12 20:01:10,836 [ERROR] LogOutputStream:75 - [STDERR_REDIRECT] 
2025-02-12 20:01:11,834 [ERROR] LogOutputStream:75 - [STDERR_REDIRECT] [Fatal Error] :1:1: Premature end of file.
2025-02-12 20:01:11,834 [ERROR] LogOutputStream:75 - [STDERR_REDIRECT] 
2025-02-12 20:01:12,841 [ERROR] LogOutputStream:75 - [STDERR_REDIRECT] [Fatal Error] :1:1: Premature end of file.
2025-02-12 20:01:12,841 [ERROR] LogOutputStream:75 - [STDERR_REDIRECT] 
2025-02-12 20:01:13,831 [ERROR] LogOutputStream:75 - [STDERR_REDIRECT] [Fatal Error] :1:1: Premature end of file.
2025-02-12 20:01:13,831 [ERROR] LogOutputStream:75 - [STDERR_REDIRECT] 
2025-02-12 20:01:14,838 [ERROR] LogOutputStream:75 - [STDERR_REDIRECT] [Fatal Error] :1:1: Premature end of file.
2025-02-12 20:01:14,838 [ERROR] LogOutputStream:75 - [STDERR_REDIRECT] 
2025-02-12 20:01:15,831 [ERROR] LogOutputStream:75 - [STDERR_REDIRECT] [Fatal Error] :1:1: Premature end of file.
2025-02-12 20:01:15,831 [ERROR] LogOutputStream:75 - [STDERR_REDIRECT] 
2025-02-12 20:01:16,834 [ERROR] LogOutputStream:75 - [STDERR_REDIRECT] [Fatal Error] :1:1: Premature end of file.
2025-02-12 20:01:16,834 [ERROR] LogOutputStream:75 - [STDERR_REDIRECT] 
2025-02-12 20:01:17,842 [ERROR] LogOutputStream:75 - [STDERR_REDIRECT] [Fatal Error] :1:1: Premature end of file.
2025-02-12 20:01:17,842 [ERROR] LogOutputStream:75 - [STDERR_REDIRECT] 
2025-02-12 20:01:18,825 [ERROR] LogOutputStream:75 - [STDERR_REDIRECT] [Fatal Error] :1:1: Premature end of file.
2025-02-12 20:01:18,825 [ERROR] LogOutputStream:75 - [STDERR_REDIRECT] 
2025-02-12 20:01:19,833 [ERROR] LogOutputStream:75 - [STDERR_REDIRECT] [Fatal Error] :1:1: Premature end of file.
2025-02-12 20:01:19,833 [ERROR] LogOutputStream:75 - [STDERR_REDIRECT] 
2025-02-12 20:01:20,838 [ERROR] LogOutputStream:75 - [STDERR_REDIRECT] [Fatal Error] :1:1: Premature end of file.
2025-02-12 20:01:20,838 [ERROR] LogOutputStream:75 - [STDERR_REDIRECT] 
2025-02-12 20:01:21,834 [ERROR] LogOutputStream:75 - [STDERR_REDIRECT] [Fatal Error] :1:1: Premature end of file.
2025-02-12 20:01:21,834 [ERROR] LogOutputStream:75 - [STDERR_REDIRECT] 
2025-02-12 20:01:22,837 [ERROR] LogOutputStream:75 - [STDERR_REDIRECT] [Fatal Error] :1:1: Premature end of file.
2025-02-12 20:01:22,837 [ERROR] LogOutputStream:75 - [STDERR_REDIRECT] 
2025-02-12 20:01:23,842 [ERROR] LogOutputStream:75 - [STDERR_REDIRECT] [Fatal Error] :1:1: Premature end of file.
2025-02-12 20:01:23,843 [ERROR] LogOutputStream:75 - [STDERR_REDIRECT] 
2025-02-12 20:01:24,835 [ERROR] LogOutputStream:75 - [STDERR_REDIRECT] [Fatal Error] :1:1: Premature end of file.
2025-02-12 20:01:24,835 [ERROR] LogOutputStream:75 - [STDERR_REDIRECT] 
2025-02-12 20:01:25,825 [ERROR] LogOutputStream:75 - [STDERR_REDIRECT] [Fatal Error] :1:1: Premature end of file.
2025-02-12 20:01:25,825 [ERROR] LogOutputStream:75 - [STDERR_REDIRECT] 
2025-02-12 20:01:26,832 [ERROR] LogOutputStream:75 - [STDERR_REDIRECT] [Fatal Error] :1:1: Premature end of file.
2025-02-12 20:01:26,832 [ERROR] LogOutputStream:75 - [STDERR_REDIRECT] 
2025-02-12 20:01:27,835 [ERROR] LogOutputStream:75 - [STDERR_REDIRECT] [Fatal Error] :1:1: Premature end of file.
2025-02-12 20:01:27,835 [ERROR] LogOutputStream:75 - [STDERR_REDIRECT] 
2025-02-12 20:01:28,846 [ERROR] LogOutputStream:75 - [STDERR_REDIRECT] [Fatal Error] :1:1: Premature end of file.
2025-02-12 20:01:28,846 [ERROR] LogOutputStream:75 - [STDERR_REDIRECT] 
2025-02-12 20:01:29,843 [ERROR] LogOutputStream:75 - [STDERR_REDIRECT] [Fatal Error] :1:1: Premature end of file.
2025-02-12 20:01:29,843 [ERROR] LogOutputStream:75 - [STDERR_REDIRECT] 
2025-02-12 20:01:30,838 [ERROR] LogOutputStream:75 - [STDERR_REDIRECT] [Fatal Error] :1:1: Premature end of file.
2025-02-12 20:01:30,838 [ERROR] LogOutputStream:75 - [STDERR_REDIRECT] 
2025-02-12 20:01:31,842 [ERROR] LogOutputStream:75 - [STDERR_REDIRECT] [Fatal Error] :1:1: Premature end of file.
2025-02-12 20:01:31,842 [ERROR] LogOutputStream:75 - [STDERR_REDIRECT] 
2025-02-12 20:01:32,838 [ERROR] LogOutputStream:75 - [STDERR_REDIRECT] [Fatal Error] :1:1: Premature end of file.
2025-02-12 20:01:32,838 [ERROR] LogOutputStream:75 - [STDERR_REDIRECT] 
2025-02-12 20:01:33,837 [ERROR] LogOutputStream:75 - [STDERR_REDIRECT] [Fatal Error] :1:1: Premature end of file.
2025-02-12 20:01:33,837 [ERROR] LogOutputStream:75 - [STDERR_REDIRECT] 
2025-02-12 20:01:34,839 [ERROR] LogOutputStream:75 - [STDERR_REDIRECT] [Fatal Error] :1:1: Premature end of file.
2025-02-12 20:01:34,839 [ERROR] LogOutputStream:75 - [STDERR_REDIRECT] 
2025-02-12 20:01:35,828 [ERROR] LogOutputStream:75 - [STDERR_REDIRECT] [Fatal Error] :1:1: Premature end of file.
2025-02-12 20:01:35,828 [ERROR] LogOutputStream:75 - [STDERR_REDIRECT] 
2025-02-12 20:01:36,842 [ERROR] LogOutputStream:75 - [STDERR_REDIRECT] [Fatal Error] :1:1: Premature end of file.
2025-02-12 20:01:36,842 [ERROR] LogOutputStream:75 - [STDERR_REDIRECT] 
2025-02-12 20:01:37,844 [ERROR] LogOutputStream:75 - [STDERR_REDIRECT] [Fatal Error] :1:1: Premature end of file.
2025-02-12 20:01:37,844 [ERROR] LogOutputStream:75 - [STDERR_REDIRECT] 
2025-02-12 20:01:38,834 [ERROR] LogOutputStream:75 - [STDERR_REDIRECT] [Fatal Error] :1:1: Premature end of file.
2025-02-12 20:01:38,834 [ERROR] LogOutputStream:75 - [STDERR_REDIRECT] 
2025-02-12 20:01:39,843 [ERROR] LogOutputStream:75 - [STDERR_REDIRECT] [Fatal Error] :1:1: Premature end of file.
2025-02-12 20:01:39,843 [ERROR] LogOutputStream:75 - [STDERR_REDIRECT] 
2025-02-12 20:01:40,839 [ERROR] LogOutputStream:75 - [STDERR_REDIRECT] [Fatal Error] :1:1: Premature end of file.
2025-02-12 20:01:40,839 [ERROR] LogOutputStream:75 - [STDERR_REDIRECT] 
2025-02-12 20:01:41,822 [ERROR] LogOutputStream:75 - [STDERR_REDIRECT] [Fatal Error] :1:1: Premature end of file.
2025-02-12 20:01:41,822 [ERROR] LogOutputStream:75 - [STDERR_REDIRECT] 
2025-02-12 20:01:42,843 [ERROR] LogOutputStream:75 - [STDERR_REDIRECT] [Fatal Error] :1:1: Premature end of file.
2025-02-12 20:01:42,843 [ERROR] LogOutputStream:75 - [STDERR_REDIRECT] 
2025-02-12 20:01:43,834 [ERROR] LogOutputStream:75 - [STDERR_REDIRECT] [Fatal Error] :1:1: Premature end of file.
2025-02-12 20:01:43,834 [ERROR] LogOutputStream:75 - [STDERR_REDIRECT] 
2025-02-12 20:01:44,832 [ERROR] LogOutputStream:75 - [STDERR_REDIRECT] [Fatal Error] :1:1: Premature end of file.
2025-02-12 20:01:44,832 [ERROR] LogOutputStream:75 - [STDERR_REDIRECT] 
2025-02-12 20:01:45,840 [ERROR] LogOutputStream:75 - [STDERR_REDIRECT] [Fatal Error] :1:1: Premature end of file.
2025-02-12 20:01:45,840 [ERROR] LogOutputStream:75 - [STDERR_REDIRECT] 
2025-02-12 20:01:46,832 [ERROR] LogOutputStream:75 - [STDERR_REDIRECT] [Fatal Error] :1:1: Premature end of file.
2025-02-12 20:01:46,832 [ERROR] LogOutputStream:75 - [STDERR_REDIRECT] 
2025-02-12 20:01:47,832 [ERROR] LogOutputStream:75 - [STDERR_REDIRECT] [Fatal Error] :1:1: Premature end of file.
2025-02-12 20:01:47,832 [ERROR] LogOutputStream:75 - [STDERR_REDIRECT] 
2025-02-12 20:01:48,831 [ERROR] LogOutputStream:75 - [STDERR_REDIRECT] [Fatal Error] :1:1: Premature end of file.
2025-02-12 20:01:48,831 [ERROR] LogOutputStream:75 - [STDERR_REDIRECT] 
2025-02-12 20:01:49,838 [ERROR] LogOutputStream:75 - [STDERR_REDIRECT] [Fatal Error] :1:1: Premature end of file.
2025-02-12 20:01:49,838 [ERROR] LogOutputStream:75 - [STDERR_REDIRECT] 
2025-02-12 20:01:50,845 [ERROR] LogOutputStream:75 - [STDERR_REDIRECT] [Fatal Error] :1:1: Premature end of file.
2025-02-12 20:01:50,845 [ERROR] LogOutputStream:75 - [STDERR_REDIRECT] 
2025-02-12 20:01:51,843 [ERROR] LogOutputStream:75 - [STDERR_REDIRECT] [Fatal Error] :1:1: Premature end of file.
2025-02-12 20:01:51,843 [ERROR] LogOutputStream:75 - [STDERR_REDIRECT] 
2025-02-12 20:01:52,847 [ERROR] LogOutputStream:75 - [STDERR_REDIRECT] [Fatal Error] :1:1: Premature end of file.
2025-02-12 20:01:52,847 [ERROR] LogOutputStream:75 - [STDERR_REDIRECT] 
2025-02-12 20:01:53,836 [ERROR] LogOutputStream:75 - [STDERR_REDIRECT] [Fatal Error] :1:1: Premature end of file.
2025-02-12 20:01:53,836 [ERROR] LogOutputStream:75 - [STDERR_REDIRECT] 
2025-02-12 20:01:54,844 [ERROR] LogOutputStream:75 - [STDERR_REDIRECT] [Fatal Error] :1:1: Premature end of file.
2025-02-12 20:01:54,844 [ERROR] LogOutputStream:75 - [STDERR_REDIRECT] 
2025-02-12 20:01:55,833 [ERROR] LogOutputStream:75 - [STDERR_REDIRECT] [Fatal Error] :1:1: Premature end of file.
2025-02-12 20:01:55,833 [ERROR] LogOutputStream:75 - [STDERR_REDIRECT] 
2025-02-12 20:01:56,830 [ERROR] LogOutputStream:75 - [STDERR_REDIRECT] [Fatal Error] :1:1: Premature end of file.
2025-02-12 20:01:56,830 [ERROR] LogOutputStream:75 - [STDERR_REDIRECT] 
2025-02-12 20:01:57,842 [ERROR] LogOutputStream:75 - [STDERR_REDIRECT] [Fatal Error] :1:1: Premature end of file.
2025-02-12 20:01:57,842 [ERROR] LogOutputStream:75 - [STDERR_REDIRECT] 
2025-02-12 20:01:58,831 [ERROR] LogOutputStream:75 - [STDERR_REDIRECT] [Fatal Error] :1:1: Premature end of file.
2025-02-12 20:01:58,831 [ERROR] LogOutputStream:75 - [STDERR_REDIRECT] 
2025-02-12 20:01:59,819 [ERROR] LogOutputStream:75 - [STDERR_REDIRECT] [Fatal Error] :1:1: Premature end of file.
2025-02-12 20:01:59,819 [ERROR] LogOutputStream:75 - [STDERR_REDIRECT] 
2025-02-12 20:02:00,841 [ERROR] LogOutputStream:75 - [STDERR_REDIRECT] [Fatal Error] :1:1: Premature end of file.
2025-02-12 20:02:00,841 [ERROR] LogOutputStream:75 - [STDERR_REDIRECT] 
2025-02-12 20:02:01,830 [ERROR] LogOutputStream:75 - [STDERR_REDIRECT] [Fatal Error] :1:1: Premature end of file.
2025-02-12 20:02:01,831 [ERROR] LogOutputStream:75 - [STDERR_REDIRECT] 
2025-02-12 20:02:02,839 [ERROR] LogOutputStream:75 - [STDERR_REDIRECT] [Fatal Error] :1:1: Premature end of file.
2025-02-12 20:02:02,839 [ERROR] LogOutputStream:75 - [STDERR_REDIRECT] 
2025-02-12 20:02:03,832 [ERROR] LogOutputStream:75 - [STDERR_REDIRECT] [Fatal Error] :1:1: Premature end of file.
2025-02-12 20:02:03,832 [ERROR] LogOutputStream:75 - [STDERR_REDIRECT] 
2025-02-12 20:02:04,837 [ERROR] LogOutputStream:75 - [STDERR_REDIRECT] [Fatal Error] :1:1: Premature end of file.
2025-02-12 20:02:04,837 [ERROR] LogOutputStream:75 - [STDERR_REDIRECT] 
2025-02-12 20:02:05,833 [ERROR] LogOutputStream:75 - [STDERR_REDIRECT] [Fatal Error] :1:1: Premature end of file.
2025-02-12 20:02:05,833 [ERROR] LogOutputStream:75 - [STDERR_REDIRECT] 
2025-02-12 20:02:06,833 [ERROR] LogOutputStream:75 - [STDERR_REDIRECT] [Fatal Error] :1:1: Premature end of file.
2025-02-12 20:02:06,833 [ERROR] LogOutputStream:75 - [STDERR_REDIRECT] 
2025-02-12 20:02:07,829 [ERROR] LogOutputStream:75 - [STDERR_REDIRECT] [Fatal Error] :1:1: Premature end of file.
2025-02-12 20:02:07,829 [ERROR] LogOutputStream:75 - [STDERR_REDIRECT] 
2025-02-12 20:02:08,836 [ERROR] LogOutputStream:75 - [STDERR_REDIRECT] [Fatal Error] :1:1: Premature end of file.
2025-02-12 20:02:08,836 [ERROR] LogOutputStream:75 - [STDERR_REDIRECT] 
2025-02-12 20:02:09,840 [ERROR] LogOutputStream:75 - [STDERR_REDIRECT] [Fatal Error] :1:1: Premature end of file.
2025-02-12 20:02:09,840 [ERROR] LogOutputStream:75 - [STDERR_REDIRECT] 
2025-02-12 20:02:10,832 [ERROR] LogOutputStream:75 - [STDERR_REDIRECT] [Fatal Error] :1:1: Premature end of file.
2025-02-12 20:02:10,832 [ERROR] LogOutputStream:75 - [STDERR_REDIRECT] 
2025-02-12 20:02:11,837 [ERROR] LogOutputStream:75 - [STDERR_REDIRECT] [Fatal Error] :1:1: Premature end of file.
2025-02-12 20:02:11,837 [ERROR] LogOutputStream:75 - [STDERR_REDIRECT] 
2025-02-12 20:02:12,837 [ERROR] LogOutputStream:75 - [STDERR_REDIRECT] [Fatal Error] :1:1: Premature end of file.
2025-02-12 20:02:12,837 [ERROR] LogOutputStream:75 - [STDERR_REDIRECT] 
2025-02-12 20:02:13,842 [ERROR] LogOutputStream:75 - [STDERR_REDIRECT] [Fatal Error] :1:1: Premature end of file.
2025-02-12 20:02:13,842 [ERROR] LogOutputStream:75 - [STDERR_REDIRECT] 
2025-02-12 20:02:14,849 [ERROR] LogOutputStream:75 - [STDERR_REDIRECT] [Fatal Error] :1:1: Premature end of file.
2025-02-12 20:02:14,849 [ERROR] LogOutputStream:75 - [STDERR_REDIRECT] 
2025-02-12 20:02:15,837 [ERROR] LogOutputStream:75 - [STDERR_REDIRECT] [Fatal Error] :1:1: Premature end of file.
2025-02-12 20:02:15,837 [ERROR] LogOutputStream:75 - [STDERR_REDIRECT] 
2025-02-12 20:02:16,842 [ERROR] LogOutputStream:75 - [STDERR_REDIRECT] [Fatal Error] :1:1: Premature end of file.
2025-02-12 20:02:16,842 [ERROR] LogOutputStream:75 - [STDERR_REDIRECT] 
2025-02-12 20:02:17,832 [ERROR] LogOutputStream:75 - [STDERR_REDIRECT] [Fatal Error] :1:1: Premature end of file.
2025-02-12 20:02:17,832 [ERROR] LogOutputStream:75 - [STDERR_REDIRECT] 
2025-02-12 20:02:18,834 [ERROR] LogOutputStream:75 - [STDERR_REDIRECT] [Fatal Error] :1:1: Premature end of file.
2025-02-12 20:02:18,834 [ERROR] LogOutputStream:75 - [STDERR_REDIRECT] 
2025-02-12 20:02:19,840 [ERROR] LogOutputStream:75 - [STDERR_REDIRECT] [Fatal Error] :1:1: Premature end of file.
2025-02-12 20:02:19,840 [ERROR] LogOutputStream:75 - [STDERR_REDIRECT] 
2025-02-12 20:02:20,834 [ERROR] LogOutputStream:75 - [STDERR_REDIRECT] [Fatal Error] :1:1: Premature end of file.
2025-02-12 20:02:20,834 [ERROR] LogOutputStream:75 - [STDERR_REDIRECT] 
2025-02-12 20:02:21,843 [ERROR] LogOutputStream:75 - [STDERR_REDIRECT] [Fatal Error] :1:1: Premature end of file.
2025-02-12 20:02:21,843 [ERROR] LogOutputStream:75 - [STDERR_REDIRECT] 
2025-02-12 20:02:22,837 [ERROR] LogOutputStream:75 - [STDERR_REDIRECT] [Fatal Error] :1:1: Premature end of file.
2025-02-12 20:02:22,837 [ERROR] LogOutputStream:75 - [STDERR_REDIRECT] 
2025-02-12 20:02:23,837 [ERROR] LogOutputStream:75 - [STDERR_REDIRECT] [Fatal Error] :1:1: Premature end of file.
2025-02-12 20:02:23,837 [ERROR] LogOutputStream:75 - [STDERR_REDIRECT] 
2025-02-12 20:02:24,835 [ERROR] LogOutputStream:75 - [STDERR_REDIRECT] [Fatal Error] :1:1: Premature end of file.
2025-02-12 20:02:24,835 [ERROR] LogOutputStream:75 - [STDERR_REDIRECT] 
2025-02-12 20:02:25,838 [ERROR] LogOutputStream:75 - [STDERR_REDIRECT] [Fatal Error] :1:1: Premature end of file.
2025-02-12 20:02:25,838 [ERROR] LogOutputStream:75 - [STDERR_REDIRECT] 
2025-02-12 20:02:26,852 [ERROR] LogOutputStream:75 - [STDERR_REDIRECT] [Fatal Error] :1:1: Premature end of file.
2025-02-12 20:02:26,852 [ERROR] LogOutputStream:75 - [STDERR_REDIRECT] 
2025-02-12 20:02:27,831 [ERROR] LogOutputStream:75 - [STDERR_REDIRECT] [Fatal Error] :1:1: Premature end of file.
2025-02-12 20:02:27,831 [ERROR] LogOutputStream:75 - [STDERR_REDIRECT] 
2025-02-12 20:02:28,845 [ERROR] LogOutputStream:75 - [STDERR_REDIRECT] [Fatal Error] :1:1: Premature end of file.
2025-02-12 20:02:28,845 [ERROR] LogOutputStream:75 - [STDERR_REDIRECT] 
2025-02-12 20:02:29,832 [ERROR] LogOutputStream:75 - [STDERR_REDIRECT] [Fatal Error] :1:1: Premature end of file.
2025-02-12 20:02:29,832 [ERROR] LogOutputStream:75 - [STDERR_REDIRECT] 
2025-02-12 20:02:30,828 [ERROR] LogOutputStream:75 - [STDERR_REDIRECT] [Fatal Error] :1:1: Premature end of file.
2025-02-12 20:02:30,828 [ERROR] LogOutputStream:75 - [STDERR_REDIRECT] 
2025-02-12 20:02:31,837 [ERROR] LogOutputStream:75 - [STDERR_REDIRECT] [Fatal Error] :1:1: Premature end of file.
2025-02-12 20:02:31,837 [ERROR] LogOutputStream:75 - [STDERR_REDIRECT] 
2025-02-12 20:02:32,841 [ERROR] LogOutputStream:75 - [STDERR_REDIRECT] [Fatal Error] :1:1: Premature end of file.
2025-02-12 20:02:32,841 [ERROR] LogOutputStream:75 - [STDERR_REDIRECT] 
2025-02-12 20:02:33,831 [ERROR] LogOutputStream:75 - [STDERR_REDIRECT] [Fatal Error] :1:1: Premature end of file.
2025-02-12 20:02:33,831 [ERROR] LogOutputStream:75 - [STDERR_REDIRECT] 
2025-02-12 20:02:34,832 [ERROR] LogOutputStream:75 - [STDERR_REDIRECT] [Fatal Error] :1:1: Premature end of file.
2025-02-12 20:02:34,832 [ERROR] LogOutputStream:75 - [STDERR_REDIRECT] 
2025-02-12 20:02:35,843 [ERROR] LogOutputStream:75 - [STDERR_REDIRECT] [Fatal Error] :1:1: Premature end of file.
2025-02-12 20:02:35,843 [ERROR] LogOutputStream:75 - [STDERR_REDIRECT] 
2025-02-12 20:02:36,834 [ERROR] LogOutputStream:75 - [STDERR_REDIRECT] [Fatal Error] :1:1: Premature end of file.
2025-02-12 20:02:36,834 [ERROR] LogOutputStream:75 - [STDERR_REDIRECT] 
2025-02-12 20:02:37,832 [ERROR] LogOutputStream:75 - [STDERR_REDIRECT] [Fatal Error] :1:1: Premature end of file.
2025-02-12 20:02:37,832 [ERROR] LogOutputStream:75 - [STDERR_REDIRECT] 
2025-02-12 20:02:38,832 [ERROR] LogOutputStream:75 - [STDERR_REDIRECT] [Fatal Error] :1:1: Premature end of file.
2025-02-12 20:02:38,832 [ERROR] LogOutputStream:75 - [STDERR_REDIRECT] 
2025-02-12 20:02:39,833 [ERROR] LogOutputStream:75 - [STDERR_REDIRECT] [Fatal Error] :1:1: Premature end of file.
2025-02-12 20:02:39,833 [ERROR] LogOutputStream:75 - [STDERR_REDIRECT] 
2025-02-12 20:02:40,842 [ERROR] LogOutputStream:75 - [STDERR_REDIRECT] [Fatal Error] :1:1: Premature end of file.
2025-02-12 20:02:40,842 [ERROR] LogOutputStream:75 - [STDERR_REDIRECT] 
2025-02-12 20:02:41,841 [ERROR] LogOutputStream:75 - [STDERR_REDIRECT] [Fatal Error] :1:1: Premature end of file.
2025-02-12 20:02:41,841 [ERROR] LogOutputStream:75 - [STDERR_REDIRECT] 
2025-02-12 20:02:42,846 [ERROR] LogOutputStream:75 - [STDERR_REDIRECT] [Fatal Error] :1:1: Premature end of file.
2025-02-12 20:02:42,846 [ERROR] LogOutputStream:75 - [STDERR_REDIRECT] 
2025-02-12 20:02:43,832 [ERROR] LogOutputStream:75 - [STDERR_REDIRECT] [Fatal Error] :1:1: Premature end of file.
2025-02-12 20:02:43,832 [ERROR] LogOutputStream:75 - [STDERR_REDIRECT] 
2025-02-12 20:02:44,831 [ERROR] LogOutputStream:75 - [STDERR_REDIRECT] [Fatal Error] :1:1: Premature end of file.
2025-02-12 20:02:44,831 [ERROR] LogOutputStream:75 - [STDERR_REDIRECT] 
2025-02-12 20:02:45,843 [ERROR] LogOutputStream:75 - [STDERR_REDIRECT] [Fatal Error] :1:1: Premature end of file.
2025-02-12 20:02:45,843 [ERROR] LogOutputStream:75 - [STDERR_REDIRECT] 
2025-02-12 20:02:46,833 [ERROR] LogOutputStream:75 - [STDERR_REDIRECT] [Fatal Error] :1:1: Premature end of file.
2025-02-12 20:02:46,833 [ERROR] LogOutputStream:75 - [STDERR_REDIRECT] 
2025-02-12 20:02:47,833 [ERROR] LogOutputStream:75 - [STDERR_REDIRECT] [Fatal Error] :1:1: Premature end of file.
2025-02-12 20:02:47,833 [ERROR] LogOutputStream:75 - [STDERR_REDIRECT] 
2025-02-12 20:02:48,841 [ERROR] LogOutputStream:75 - [STDERR_REDIRECT] [Fatal Error] :1:1: Premature end of file.
2025-02-12 20:02:48,841 [ERROR] LogOutputStream:75 - [STDERR_REDIRECT] 
2025-02-12 20:02:49,843 [ERROR] LogOutputStream:75 - [STDERR_REDIRECT] [Fatal Error] :1:1: Premature end of file.
2025-02-12 20:02:49,843 [ERROR] LogOutputStream:75 - [STDERR_REDIRECT] 
2025-02-12 20:02:50,834 [ERROR] LogOutputStream:75 - [STDERR_REDIRECT] [Fatal Error] :1:1: Premature end of file.
2025-02-12 20:02:50,834 [ERROR] LogOutputStream:75 - [STDERR_REDIRECT] 
2025-02-12 20:02:51,845 [ERROR] LogOutputStream:75 - [STDERR_REDIRECT] [Fatal Error] :1:1: Premature end of file.
2025-02-12 20:02:51,845 [ERROR] LogOutputStream:75 - [STDERR_REDIRECT] 
2025-02-12 20:02:52,837 [ERROR] LogOutputStream:75 - [STDERR_REDIRECT] [Fatal Error] :1:1: Premature end of file.
2025-02-12 20:02:52,837 [ERROR] LogOutputStream:75 - [STDERR_REDIRECT] 
2025-02-12 20:02:53,843 [ERROR] LogOutputStream:75 - [STDERR_REDIRECT] [Fatal Error] :1:1: Premature end of file.
2025-02-12 20:02:53,843 [ERROR] LogOutputStream:75 - [STDERR_REDIRECT] 
2025-02-12 20:02:54,841 [ERROR] LogOutputStream:75 - [STDERR_REDIRECT] [Fatal Error] :1:1: Premature end of file.
2025-02-12 20:02:54,841 [ERROR] LogOutputStream:75 - [STDERR_REDIRECT] 
2025-02-12 20:02:55,834 [ERROR] LogOutputStream:75 - [STDERR_REDIRECT] [Fatal Error] :1:1: Premature end of file.
2025-02-12 20:02:55,834 [ERROR] LogOutputStream:75 - [STDERR_REDIRECT] 
2025-02-12 20:02:56,836 [ERROR] LogOutputStream:75 - [STDERR_REDIRECT] [Fatal Error] :1:1: Premature end of file.
2025-02-12 20:02:56,836 [ERROR] LogOutputStream:75 - [STDERR_REDIRECT] 
2025-02-12 20:02:57,836 [ERROR] LogOutputStream:75 - [STDERR_REDIRECT] [Fatal Error] :1:1: Premature end of file.
2025-02-12 20:02:57,836 [ERROR] LogOutputStream:75 - [STDERR_REDIRECT] 
2025-02-12 20:02:58,835 [ERROR] LogOutputStream:75 - [STDERR_REDIRECT] [Fatal Error] :1:1: Premature end of file.
2025-02-12 20:02:58,835 [ERROR] LogOutputStream:75 - [STDERR_REDIRECT] 
2025-02-12 20:02:59,833 [ERROR] LogOutputStream:75 - [STDERR_REDIRECT] [Fatal Error] :1:1: Premature end of file.
2025-02-12 20:02:59,833 [ERROR] LogOutputStream:75 - [STDERR_REDIRECT] 
2025-02-12 20:03:00,833 [ERROR] LogOutputStream:75 - [STDERR_REDIRECT] [Fatal Error] :1:1: Premature end of file.
2025-02-12 20:03:00,833 [ERROR] LogOutputStream:75 - [STDERR_REDIRECT] 
2025-02-12 20:03:01,839 [ERROR] LogOutputStream:75 - [STDERR_REDIRECT] [Fatal Error] :1:1: Premature end of file.
2025-02-12 20:03:01,839 [ERROR] LogOutputStream:75 - [STDERR_REDIRECT] 
2025-02-12 20:03:02,838 [ERROR] LogOutputStream:75 - [STDERR_REDIRECT] [Fatal Error] :1:1: Premature end of file.
2025-02-12 20:03:02,844 [ERROR] LogOutputStream:75 - [STDERR_REDIRECT] 
2025-02-12 20:03:03,845 [ERROR] LogOutputStream:75 - [STDERR_REDIRECT] [Fatal Error] :1:1: Premature end of file.
2025-02-12 20:03:03,845 [ERROR] LogOutputStream:75 - [STDERR_REDIRECT] 
2025-02-12 20:03:04,837 [ERROR] LogOutputStream:75 - [STDERR_REDIRECT] [Fatal Error] :1:1: Premature end of file.
2025-02-12 20:03:04,837 [ERROR] LogOutputStream:75 - [STDERR_REDIRECT] 
2025-02-12 20:03:05,842 [ERROR] LogOutputStream:75 - [STDERR_REDIRECT] [Fatal Error] :1:1: Premature end of file.
2025-02-12 20:03:05,842 [ERROR] LogOutputStream:75 - [STDERR_REDIRECT] 
2025-02-12 20:03:06,828 [ERROR] LogOutputStream:75 - [STDERR_REDIRECT] [Fatal Error] :1:1: Premature end of file.
2025-02-12 20:03:06,828 [ERROR] LogOutputStream:75 - [STDERR_REDIRECT] 
2025-02-12 20:03:07,836 [ERROR] LogOutputStream:75 - [STDERR_REDIRECT] [Fatal Error] :1:1: Premature end of file.
2025-02-12 20:03:07,836 [ERROR] LogOutputStream:75 - [STDERR_REDIRECT] 
2025-02-12 20:03:08,839 [ERROR] LogOutputStream:75 - [STDERR_REDIRECT] [Fatal Error] :1:1: Premature end of file.
2025-02-12 20:03:08,839 [ERROR] LogOutputStream:75 - [STDERR_REDIRECT] 
2025-02-12 20:03:09,832 [ERROR] LogOutputStream:75 - [STDERR_REDIRECT] [Fatal Error] :1:1: Premature end of file.
2025-02-12 20:03:09,832 [ERROR] LogOutputStream:75 - [STDERR_REDIRECT] 
2025-02-12 20:03:10,841 [ERROR] LogOutputStream:75 - [STDERR_REDIRECT] [Fatal Error] :1:1: Premature end of file.
2025-02-12 20:03:10,841 [ERROR] LogOutputStream:75 - [STDERR_REDIRECT] 
2025-02-12 20:03:11,837 [ERROR] LogOutputStream:75 - [STDERR_REDIRECT] [Fatal Error] :1:1: Premature end of file.
2025-02-12 20:03:11,837 [ERROR] LogOutputStream:75 - [STDERR_REDIRECT] 
2025-02-12 20:03:12,845 [ERROR] LogOutputStream:75 - [STDERR_REDIRECT] [Fatal Error] :1:1: Premature end of file.
2025-02-12 20:03:12,845 [ERROR] LogOutputStream:75 - [STDERR_REDIRECT] 
2025-02-12 20:03:13,848 [ERROR] LogOutputStream:75 - [STDERR_REDIRECT] [Fatal Error] :1:1: Premature end of file.
2025-02-12 20:03:13,848 [ERROR] LogOutputStream:75 - [STDERR_REDIRECT] 
2025-02-12 20:03:14,832 [ERROR] LogOutputStream:75 - [STDERR_REDIRECT] [Fatal Error] :1:1: Premature end of file.
2025-02-12 20:03:14,833 [ERROR] LogOutputStream:75 - [STDERR_REDIRECT] 
2025-02-12 20:03:15,829 [ERROR] LogOutputStream:75 - [STDERR_REDIRECT] [Fatal Error] :1:1: Premature end of file.
2025-02-12 20:03:15,829 [ERROR] LogOutputStream:75 - [STDERR_REDIRECT] 
2025-02-12 20:03:16,836 [ERROR] LogOutputStream:75 - [STDERR_REDIRECT] [Fatal Error] :1:1: Premature end of file.
2025-02-12 20:03:16,836 [ERROR] LogOutputStream:75 - [STDERR_REDIRECT] 
2025-02-12 20:03:17,838 [ERROR] LogOutputStream:75 - [STDERR_REDIRECT] [Fatal Error] :1:1: Premature end of file.
2025-02-12 20:03:17,838 [ERROR] LogOutputStream:75 - [STDERR_REDIRECT] 
2025-02-12 20:03:18,838 [ERROR] LogOutputStream:75 - [STDERR_REDIRECT] [Fatal Error] :1:1: Premature end of file.
2025-02-12 20:03:18,839 [ERROR] LogOutputStream:75 - [STDERR_REDIRECT] 
2025-02-12 20:03:19,847 [ERROR] LogOutputStream:75 - [STDERR_REDIRECT] [Fatal Error] :1:1: Premature end of file.
2025-02-12 20:03:19,847 [ERROR] LogOutputStream:75 - [STDERR_REDIRECT] 
2025-02-12 20:03:20,832 [ERROR] LogOutputStream:75 - [STDERR_REDIRECT] [Fatal Error] :1:1: Premature end of file.
2025-02-12 20:03:20,832 [ERROR] LogOutputStream:75 - [STDERR_REDIRECT] 
2025-02-12 20:03:21,836 [ERROR] LogOutputStream:75 - [STDERR_REDIRECT] [Fatal Error] :1:1: Premature end of file.
2025-02-12 20:03:21,836 [ERROR] LogOutputStream:75 - [STDERR_REDIRECT] 
2025-02-12 20:03:22,845 [ERROR] LogOutputStream:75 - [STDERR_REDIRECT] [Fatal Error] :1:1: Premature end of file.
2025-02-12 20:03:22,845 [ERROR] LogOutputStream:75 - [STDERR_REDIRECT] 
2025-02-12 20:03:23,833 [ERROR] LogOutputStream:75 - [STDERR_REDIRECT] [Fatal Error] :1:1: Premature end of file.
2025-02-12 20:03:23,833 [ERROR] LogOutputStream:75 - [STDERR_REDIRECT] 
2025-02-12 20:03:24,833 [ERROR] LogOutputStream:75 - [STDERR_REDIRECT] [Fatal Error] :1:1: Premature end of file.
2025-02-12 20:03:24,833 [ERROR] LogOutputStream:75 - [STDERR_REDIRECT] 
2025-02-12 20:03:25,833 [ERROR] LogOutputStream:75 - [STDERR_REDIRECT] [Fatal Error] :1:1: Premature end of file.
2025-02-12 20:03:25,833 [ERROR] LogOutputStream:75 - [STDERR_REDIRECT] 
2025-02-12 20:03:26,838 [ERROR] LogOutputStream:75 - [STDERR_REDIRECT] [Fatal Error] :1:1: Premature end of file.
2025-02-12 20:03:26,838 [ERROR] LogOutputStream:75 - [STDERR_REDIRECT] 
2025-02-12 20:03:27,845 [ERROR] LogOutputStream:75 - [STDERR_REDIRECT] [Fatal Error] :1:1: Premature end of file.
2025-02-12 20:03:27,845 [ERROR] LogOutputStream:75 - [STDERR_REDIRECT] 
2025-02-12 20:03:28,838 [ERROR] LogOutputStream:75 - [STDERR_REDIRECT] [Fatal Error] :1:1: Premature end of file.
2025-02-12 20:03:28,838 [ERROR] LogOutputStream:75 - [STDERR_REDIRECT] 
2025-02-12 20:03:29,835 [ERROR] LogOutputStream:75 - [STDERR_REDIRECT] [Fatal Error] :1:1: Premature end of file.
2025-02-12 20:03:29,836 [ERROR] LogOutputStream:75 - [STDERR_REDIRECT] 
2025-02-12 20:03:30,828 [ERROR] LogOutputStream:75 - [STDERR_REDIRECT] [Fatal Error] :1:1: Premature end of file.
2025-02-12 20:03:30,828 [ERROR] LogOutputStream:75 - [STDERR_REDIRECT] 
2025-02-12 20:03:31,839 [ERROR] LogOutputStream:75 - [STDERR_REDIRECT] [Fatal Error] :1:1: Premature end of file.
2025-02-12 20:03:31,839 [ERROR] LogOutputStream:75 - [STDERR_REDIRECT] 
2025-02-12 20:03:32,836 [ERROR] LogOutputStream:75 - [STDERR_REDIRECT] [Fatal Error] :1:1: Premature end of file.
2025-02-12 20:03:32,836 [ERROR] LogOutputStream:75 - [STDERR_REDIRECT] 
2025-02-12 20:03:33,829 [ERROR] LogOutputStream:75 - [STDERR_REDIRECT] [Fatal Error] :1:1: Premature end of file.
2025-02-12 20:03:33,830 [ERROR] LogOutputStream:75 - [STDERR_REDIRECT] 
2025-02-12 20:03:34,844 [ERROR] LogOutputStream:75 - [STDERR_REDIRECT] [Fatal Error] :1:1: Premature end of file.
2025-02-12 20:03:34,844 [ERROR] LogOutputStream:75 - [STDERR_REDIRECT] 
2025-02-12 20:03:35,841 [ERROR] LogOutputStream:75 - [STDERR_REDIRECT] [Fatal Error] :1:1: Premature end of file.
2025-02-12 20:03:35,841 [ERROR] LogOutputStream:75 - [STDERR_REDIRECT] 
2025-02-12 20:03:36,849 [ERROR] LogOutputStream:75 - [STDERR_REDIRECT] [Fatal Error] :1:1: Premature end of file.
2025-02-12 20:03:36,849 [ERROR] LogOutputStream:75 - [STDERR_REDIRECT] 
2025-02-12 20:03:37,836 [ERROR] LogOutputStream:75 - [STDERR_REDIRECT] [Fatal Error] :1:1: Premature end of file.
2025-02-12 20:03:37,836 [ERROR] LogOutputStream:75 - [STDERR_REDIRECT] 
2025-02-12 20:03:38,833 [ERROR] LogOutputStream:75 - [STDERR_REDIRECT] [Fatal Error] :1:1: Premature end of file.
2025-02-12 20:03:38,833 [ERROR] LogOutputStream:75 - [STDERR_REDIRECT] 
2025-02-12 20:03:39,834 [ERROR] LogOutputStream:75 - [STDERR_REDIRECT] [Fatal Error] :1:1: Premature end of file.
2025-02-12 20:03:39,834 [ERROR] LogOutputStream:75 - [STDERR_REDIRECT] 
2025-02-12 20:03:40,829 [ERROR] LogOutputStream:75 - [STDERR_REDIRECT] [Fatal Error] :1:1: Premature end of file.
2025-02-12 20:03:40,829 [ERROR] LogOutputStream:75 - [STDERR_REDIRECT] 
2025-02-12 20:03:41,836 [ERROR] LogOutputStream:75 - [STDERR_REDIRECT] [Fatal Error] :1:1: Premature end of file.
2025-02-12 20:03:41,836 [ERROR] LogOutputStream:75 - [STDERR_REDIRECT] 
2025-02-12 20:03:42,831 [ERROR] LogOutputStream:75 - [STDERR_REDIRECT] [Fatal Error] :1:1: Premature end of file.
2025-02-12 20:03:42,831 [ERROR] LogOutputStream:75 - [STDERR_REDIRECT] 
2025-02-12 20:03:43,827 [ERROR] LogOutputStream:75 - [STDERR_REDIRECT] [Fatal Error] :1:1: Premature end of file.
2025-02-12 20:03:43,827 [ERROR] LogOutputStream:75 - [STDERR_REDIRECT] 
2025-02-12 20:03:44,842 [ERROR] LogOutputStream:75 - [STDERR_REDIRECT] [Fatal Error] :1:1: Premature end of file.
2025-02-12 20:03:44,842 [ERROR] LogOutputStream:75 - [STDERR_REDIRECT] 
2025-02-12 20:03:45,837 [ERROR] LogOutputStream:75 - [STDERR_REDIRECT] [Fatal Error] :1:1: Premature end of file.
2025-02-12 20:03:45,837 [ERROR] LogOutputStream:75 - [STDERR_REDIRECT] 
2025-02-12 20:03:46,835 [ERROR] LogOutputStream:75 - [STDERR_REDIRECT] [Fatal Error] :1:1: Premature end of file.
2025-02-12 20:03:46,835 [ERROR] LogOutputStream:75 - [STDERR_REDIRECT] 
2025-02-12 20:03:47,828 [ERROR] LogOutputStream:75 - [STDERR_REDIRECT] [Fatal Error] :1:1: Premature end of file.
2025-02-12 20:03:47,828 [ERROR] LogOutputStream:75 - [STDERR_REDIRECT] 
2025-02-12 20:03:48,837 [ERROR] LogOutputStream:75 - [STDERR_REDIRECT] [Fatal Error] :1:1: Premature end of file.
2025-02-12 20:03:48,837 [ERROR] LogOutputStream:75 - [STDERR_REDIRECT] 
2025-02-12 20:03:49,850 [ERROR] LogOutputStream:75 - [STDERR_REDIRECT] [Fatal Error] :1:1: Premature end of file.
2025-02-12 20:03:49,850 [ERROR] LogOutputStream:75 - [STDERR_REDIRECT] 
2025-02-12 20:03:50,829 [ERROR] LogOutputStream:75 - [STDERR_REDIRECT] [Fatal Error] :1:1: Premature end of file.
2025-02-12 20:03:50,829 [ERROR] LogOutputStream:75 - [STDERR_REDIRECT] 
2025-02-12 20:03:51,831 [ERROR] LogOutputStream:75 - [STDERR_REDIRECT] [Fatal Error] :1:1: Premature end of file.
2025-02-12 20:03:51,832 [ERROR] LogOutputStream:75 - [STDERR_REDIRECT] 
2025-02-12 20:03:52,847 [ERROR] LogOutputStream:75 - [STDERR_REDIRECT] [Fatal Error] :1:1: Premature end of file.
2025-02-12 20:03:52,847 [ERROR] LogOutputStream:75 - [STDERR_REDIRECT] 
2025-02-12 20:03:53,832 [ERROR] LogOutputStream:75 - [STDERR_REDIRECT] [Fatal Error] :1:1: Premature end of file.
2025-02-12 20:03:53,833 [ERROR] LogOutputStream:75 - [STDERR_REDIRECT] 
2025-02-12 20:03:54,834 [ERROR] LogOutputStream:75 - [STDERR_REDIRECT] [Fatal Error] :1:1: Premature end of file.
2025-02-12 20:03:54,834 [ERROR] LogOutputStream:75 - [STDERR_REDIRECT] 
2025-02-12 20:03:55,833 [ERROR] LogOutputStream:75 - [STDERR_REDIRECT] [Fatal Error] :1:1: Premature end of file.
2025-02-12 20:03:55,833 [ERROR] LogOutputStream:75 - [STDERR_REDIRECT] 
2025-02-12 20:03:56,829 [ERROR] LogOutputStream:75 - [STDERR_REDIRECT] [Fatal Error] :1:1: Premature end of file.
2025-02-12 20:03:56,829 [ERROR] LogOutputStream:75 - [STDERR_REDIRECT] 
2025-02-12 20:03:57,832 [ERROR] LogOutputStream:75 - [STDERR_REDIRECT] [Fatal Error] :1:1: Premature end of file.
2025-02-12 20:03:57,832 [ERROR] LogOutputStream:75 - [STDERR_REDIRECT] 
2025-02-12 20:03:58,833 [ERROR] LogOutputStream:75 - [STDERR_REDIRECT] [Fatal Error] :1:1: Premature end of file.
2025-02-12 20:03:58,833 [ERROR] LogOutputStream:75 - [STDERR_REDIRECT] 
2025-02-12 20:03:59,830 [ERROR] LogOutputStream:75 - [STDERR_REDIRECT] [Fatal Error] :1:1: Premature end of file.
2025-02-12 20:03:59,830 [ERROR] LogOutputStream:75 - [STDERR_REDIRECT] 
2025-02-12 20:04:00,840 [ERROR] LogOutputStream:75 - [STDERR_REDIRECT] [Fatal Error] :1:1: Premature end of file.
2025-02-12 20:04:00,840 [ERROR] LogOutputStream:75 - [STDERR_REDIRECT] 
2025-02-12 20:04:01,836 [ERROR] LogOutputStream:75 - [STDERR_REDIRECT] [Fatal Error] :1:1: Premature end of file.
2025-02-12 20:04:01,836 [ERROR] LogOutputStream:75 - [STDERR_REDIRECT] 
2025-02-12 20:04:02,832 [ERROR] LogOutputStream:75 - [STDERR_REDIRECT] [Fatal Error] :1:1: Premature end of file.
2025-02-12 20:04:02,832 [ERROR] LogOutputStream:75 - [STDERR_REDIRECT] 
2025-02-12 20:04:03,833 [ERROR] LogOutputStream:75 - [STDERR_REDIRECT] [Fatal Error] :1:1: Premature end of file.
2025-02-12 20:04:03,833 [ERROR] LogOutputStream:75 - [STDERR_REDIRECT] 
2025-02-12 20:04:04,837 [ERROR] LogOutputStream:75 - [STDERR_REDIRECT] [Fatal Error] :1:1: Premature end of file.
2025-02-12 20:04:04,837 [ERROR] LogOutputStream:75 - [STDERR_REDIRECT] 
2025-02-12 20:04:05,828 [ERROR] LogOutputStream:75 - [STDERR_REDIRECT] [Fatal Error] :1:1: Premature end of file.
2025-02-12 20:04:05,828 [ERROR] LogOutputStream:75 - [STDERR_REDIRECT] 
2025-02-12 20:04:06,845 [ERROR] LogOutputStream:75 - [STDERR_REDIRECT] [Fatal Error] :1:1: Premature end of file.
2025-02-12 20:04:06,845 [ERROR] LogOutputStream:75 - [STDERR_REDIRECT] 
2025-02-12 20:04:07,833 [ERROR] LogOutputStream:75 - [STDERR_REDIRECT] [Fatal Error] :1:1: Premature end of file.
2025-02-12 20:04:07,833 [ERROR] LogOutputStream:75 - [STDERR_REDIRECT] 
2025-02-12 20:04:08,832 [ERROR] LogOutputStream:75 - [STDERR_REDIRECT] [Fatal Error] :1:1: Premature end of file.
2025-02-12 20:04:08,832 [ERROR] LogOutputStream:75 - [STDERR_REDIRECT] 
2025-02-12 20:04:09,835 [ERROR] LogOutputStream:75 - [STDERR_REDIRECT] [Fatal Error] :1:1: Premature end of file.
2025-02-12 20:04:09,835 [ERROR] LogOutputStream:75 - [STDERR_REDIRECT] 
2025-02-12 20:04:10,839 [ERROR] LogOutputStream:75 - [STDERR_REDIRECT] [Fatal Error] :1:1: Premature end of file.
2025-02-12 20:04:10,839 [ERROR] LogOutputStream:75 - [STDERR_REDIRECT] 
2025-02-12 20:04:11,830 [ERROR] LogOutputStream:75 - [STDERR_REDIRECT] [Fatal Error] :1:1: Premature end of file.
2025-02-12 20:04:11,830 [ERROR] LogOutputStream:75 - [STDERR_REDIRECT] 
2025-02-12 20:04:12,835 [ERROR] LogOutputStream:75 - [STDERR_REDIRECT] [Fatal Error] :1:1: Premature end of file.
2025-02-12 20:04:12,835 [ERROR] LogOutputStream:75 - [STDERR_REDIRECT] 
2025-02-12 20:04:13,847 [ERROR] LogOutputStream:75 - [STDERR_REDIRECT] [Fatal Error] :1:1: Premature end of file.
2025-02-12 20:04:13,847 [ERROR] LogOutputStream:75 - [STDERR_REDIRECT] 
2025-02-12 20:04:14,851 [ERROR] LogOutputStream:75 - [STDERR_REDIRECT] [Fatal Error] :1:1: Premature end of file.
2025-02-12 20:04:14,851 [ERROR] LogOutputStream:75 - [STDERR_REDIRECT] 
2025-02-12 20:04:15,839 [ERROR] LogOutputStream:75 - [STDERR_REDIRECT] [Fatal Error] :1:1: Premature end of file.
2025-02-12 20:04:15,839 [ERROR] LogOutputStream:75 - [STDERR_REDIRECT] 
2025-02-12 20:04:16,838 [ERROR] LogOutputStream:75 - [STDERR_REDIRECT] [Fatal Error] :1:1: Premature end of file.
2025-02-12 20:04:16,838 [ERROR] LogOutputStream:75 - [STDERR_REDIRECT] 
2025-02-12 20:04:17,834 [ERROR] LogOutputStream:75 - [STDERR_REDIRECT] [Fatal Error] :1:1: Premature end of file.
2025-02-12 20:04:17,834 [ERROR] LogOutputStream:75 - [STDERR_REDIRECT] 
2025-02-12 20:04:18,838 [ERROR] LogOutputStream:75 - [STDERR_REDIRECT] [Fatal Error] :1:1: Premature end of file.
2025-02-12 20:04:18,838 [ERROR] LogOutputStream:75 - [STDERR_REDIRECT] 
2025-02-12 20:04:19,839 [ERROR] LogOutputStream:75 - [STDERR_REDIRECT] [Fatal Error] :1:1: Premature end of file.
2025-02-12 20:04:19,839 [ERROR] LogOutputStream:75 - [STDERR_REDIRECT] 
2025-02-12 20:04:20,840 [ERROR] LogOutputStream:75 - [STDERR_REDIRECT] [Fatal Error] :1:1: Premature end of file.
2025-02-12 20:04:20,840 [ERROR] LogOutputStream:75 - [STDERR_REDIRECT] 
2025-02-12 20:04:21,836 [ERROR] LogOutputStream:75 - [STDERR_REDIRECT] [Fatal Error] :1:1: Premature end of file.
2025-02-12 20:04:21,836 [ERROR] LogOutputStream:75 - [STDERR_REDIRECT] 
2025-02-12 20:04:22,835 [ERROR] LogOutputStream:75 - [STDERR_REDIRECT] [Fatal Error] :1:1: Premature end of file.
2025-02-12 20:04:22,835 [ERROR] LogOutputStream:75 - [STDERR_REDIRECT] 
2025-02-12 20:04:23,843 [ERROR] LogOutputStream:75 - [STDERR_REDIRECT] [Fatal Error] :1:1: Premature end of file.
2025-02-12 20:04:23,843 [ERROR] LogOutputStream:75 - [STDERR_REDIRECT] 
2025-02-12 20:04:24,842 [ERROR] LogOutputStream:75 - [STDERR_REDIRECT] [Fatal Error] :1:1: Premature end of file.
2025-02-12 20:04:24,842 [ERROR] LogOutputStream:75 - [STDERR_REDIRECT] 
2025-02-12 20:04:25,836 [ERROR] LogOutputStream:75 - [STDERR_REDIRECT] [Fatal Error] :1:1: Premature end of file.
2025-02-12 20:04:25,836 [ERROR] LogOutputStream:75 - [STDERR_REDIRECT] 
2025-02-12 20:04:26,830 [ERROR] LogOutputStream:75 - [STDERR_REDIRECT] [Fatal Error] :1:1: Premature end of file.
2025-02-12 20:04:26,830 [ERROR] LogOutputStream:75 - [STDERR_REDIRECT] 
2025-02-12 20:04:27,838 [ERROR] LogOutputStream:75 - [STDERR_REDIRECT] [Fatal Error] :1:1: Premature end of file.
2025-02-12 20:04:27,838 [ERROR] LogOutputStream:75 - [STDERR_REDIRECT] 
2025-02-12 20:04:28,829 [ERROR] LogOutputStream:75 - [STDERR_REDIRECT] [Fatal Error] :1:1: Premature end of file.
2025-02-12 20:04:28,829 [ERROR] LogOutputStream:75 - [STDERR_REDIRECT] 
2025-02-12 20:04:29,835 [ERROR] LogOutputStream:75 - [STDERR_REDIRECT] [Fatal Error] :1:1: Premature end of file.
2025-02-12 20:04:29,835 [ERROR] LogOutputStream:75 - [STDERR_REDIRECT] 
2025-02-12 20:04:30,837 [ERROR] LogOutputStream:75 - [STDERR_REDIRECT] [Fatal Error] :1:1: Premature end of file.
2025-02-12 20:04:30,837 [ERROR] LogOutputStream:75 - [STDERR_REDIRECT] 
2025-02-12 20:04:31,836 [ERROR] LogOutputStream:75 - [STDERR_REDIRECT] [Fatal Error] :1:1: Premature end of file.
2025-02-12 20:04:31,836 [ERROR] LogOutputStream:75 - [STDERR_REDIRECT] 
2025-02-12 20:04:32,835 [ERROR] LogOutputStream:75 - [STDERR_REDIRECT] [Fatal Error] :1:1: Premature end of file.
2025-02-12 20:04:32,835 [ERROR] LogOutputStream:75 - [STDERR_REDIRECT] 
2025-02-12 20:04:33,835 [ERROR] LogOutputStream:75 - [STDERR_REDIRECT] [Fatal Error] :1:1: Premature end of file.
2025-02-12 20:04:33,835 [ERROR] LogOutputStream:75 - [STDERR_REDIRECT] 
2025-02-12 20:04:34,829 [ERROR] LogOutputStream:75 - [STDERR_REDIRECT] [Fatal Error] :1:1: Premature end of file.
2025-02-12 20:04:34,829 [ERROR] LogOutputStream:75 - [STDERR_REDIRECT] 
2025-02-12 20:04:35,842 [ERROR] LogOutputStream:75 - [STDERR_REDIRECT] [Fatal Error] :1:1: Premature end of file.
2025-02-12 20:04:35,842 [ERROR] LogOutputStream:75 - [STDERR_REDIRECT] 
2025-02-12 20:04:36,825 [ERROR] LogOutputStream:75 - [STDERR_REDIRECT] [Fatal Error] :1:1: Premature end of file.
2025-02-12 20:04:36,825 [ERROR] LogOutputStream:75 - [STDERR_REDIRECT] 
2025-02-12 20:04:37,834 [ERROR] LogOutputStream:75 - [STDERR_REDIRECT] [Fatal Error] :1:1: Premature end of file.
2025-02-12 20:04:37,834 [ERROR] LogOutputStream:75 - [STDERR_REDIRECT] 
2025-02-12 20:04:38,835 [ERROR] LogOutputStream:75 - [STDERR_REDIRECT] [Fatal Error] :1:1: Premature end of file.
2025-02-12 20:04:38,835 [ERROR] LogOutputStream:75 - [STDERR_REDIRECT] 
2025-02-12 20:04:39,828 [ERROR] LogOutputStream:75 - [STDERR_REDIRECT] [Fatal Error] :1:1: Premature end of file.
2025-02-12 20:04:39,828 [ERROR] LogOutputStream:75 - [STDERR_REDIRECT] 
2025-02-12 20:04:40,841 [ERROR] LogOutputStream:75 - [STDERR_REDIRECT] [Fatal Error] :1:1: Premature end of file.
2025-02-12 20:04:40,841 [ERROR] LogOutputStream:75 - [STDERR_REDIRECT] 
2025-02-12 20:04:41,836 [ERROR] LogOutputStream:75 - [STDERR_REDIRECT] [Fatal Error] :1:1: Premature end of file.
2025-02-12 20:04:41,836 [ERROR] LogOutputStream:75 - [STDERR_REDIRECT] 
2025-02-12 20:04:42,829 [ERROR] LogOutputStream:75 - [STDERR_REDIRECT] [Fatal Error] :1:1: Premature end of file.
2025-02-12 20:04:42,829 [ERROR] LogOutputStream:75 - [STDERR_REDIRECT] 
2025-02-12 20:04:43,837 [ERROR] LogOutputStream:75 - [STDERR_REDIRECT] [Fatal Error] :1:1: Premature end of file.
2025-02-12 20:04:43,837 [ERROR] LogOutputStream:75 - [STDERR_REDIRECT] 
2025-02-12 20:04:44,840 [ERROR] LogOutputStream:75 - [STDERR_REDIRECT] [Fatal Error] :1:1: Premature end of file.
2025-02-12 20:04:44,840 [ERROR] LogOutputStream:75 - [STDERR_REDIRECT] 
2025-02-12 20:04:45,848 [ERROR] LogOutputStream:75 - [STDERR_REDIRECT] [Fatal Error] :1:1: Premature end of file.
2025-02-12 20:04:45,848 [ERROR] LogOutputStream:75 - [STDERR_REDIRECT] 
2025-02-12 20:04:46,832 [ERROR] LogOutputStream:75 - [STDERR_REDIRECT] [Fatal Error] :1:1: Premature end of file.
2025-02-12 20:04:46,832 [ERROR] LogOutputStream:75 - [STDERR_REDIRECT] 
2025-02-12 20:04:47,844 [ERROR] LogOutputStream:75 - [STDERR_REDIRECT] [Fatal Error] :1:1: Premature end of file.
2025-02-12 20:04:47,844 [ERROR] LogOutputStream:75 - [STDERR_REDIRECT] 
2025-02-12 20:04:48,841 [ERROR] LogOutputStream:75 - [STDERR_REDIRECT] [Fatal Error] :1:1: Premature end of file.
2025-02-12 20:04:48,841 [ERROR] LogOutputStream:75 - [STDERR_REDIRECT] 
2025-02-12 20:04:49,831 [ERROR] LogOutputStream:75 - [STDERR_REDIRECT] [Fatal Error] :1:1: Premature end of file.
2025-02-12 20:04:49,831 [ERROR] LogOutputStream:75 - [STDERR_REDIRECT] 
2025-02-12 20:04:50,844 [ERROR] LogOutputStream:75 - [STDERR_REDIRECT] [Fatal Error] :1:1: Premature end of file.
2025-02-12 20:04:50,844 [ERROR] LogOutputStream:75 - [STDERR_REDIRECT] 
2025-02-12 20:04:51,830 [ERROR] LogOutputStream:75 - [STDERR_REDIRECT] [Fatal Error] :1:1: Premature end of file.
2025-02-12 20:04:51,830 [ERROR] LogOutputStream:75 - [STDERR_REDIRECT] 
2025-02-12 20:04:52,828 [ERROR] LogOutputStream:75 - [STDERR_REDIRECT] [Fatal Error] :1:1: Premature end of file.
2025-02-12 20:04:52,828 [ERROR] LogOutputStream:75 - [STDERR_REDIRECT] 
2025-02-12 20:04:53,844 [ERROR] LogOutputStream:75 - [STDERR_REDIRECT] [Fatal Error] :1:1: Premature end of file.
2025-02-12 20:04:53,844 [ERROR] LogOutputStream:75 - [STDERR_REDIRECT] 
2025-02-12 20:04:54,842 [ERROR] LogOutputStream:75 - [STDERR_REDIRECT] [Fatal Error] :1:1: Premature end of file.
2025-02-12 20:04:54,842 [ERROR] LogOutputStream:75 - [STDERR_REDIRECT] 
2025-02-12 20:04:55,843 [ERROR] LogOutputStream:75 - [STDERR_REDIRECT] [Fatal Error] :1:1: Premature end of file.
2025-02-12 20:04:55,843 [ERROR] LogOutputStream:75 - [STDERR_REDIRECT] 
2025-02-12 20:04:56,838 [ERROR] LogOutputStream:75 - [STDERR_REDIRECT] [Fatal Error] :1:1: Premature end of file.
2025-02-12 20:04:56,838 [ERROR] LogOutputStream:75 - [STDERR_REDIRECT] 
2025-02-12 20:04:57,837 [ERROR] LogOutputStream:75 - [STDERR_REDIRECT] [Fatal Error] :1:1: Premature end of file.
2025-02-12 20:04:57,837 [ERROR] LogOutputStream:75 - [STDERR_REDIRECT] 
2025-02-12 20:04:58,844 [ERROR] LogOutputStream:75 - [STDERR_REDIRECT] [Fatal Error] :1:1: Premature end of file.
2025-02-12 20:04:58,844 [ERROR] LogOutputStream:75 - [STDERR_REDIRECT] 
2025-02-12 20:04:59,838 [ERROR] LogOutputStream:75 - [STDERR_REDIRECT] [Fatal Error] :1:1: Premature end of file.
2025-02-12 20:04:59,838 [ERROR] LogOutputStream:75 - [STDERR_REDIRECT] 
2025-02-12 20:05:00,837 [ERROR] LogOutputStream:75 - [STDERR_REDIRECT] [Fatal Error] :1:1: Premature end of file.
2025-02-12 20:05:00,837 [ERROR] LogOutputStream:75 - [STDERR_REDIRECT] 
2025-02-12 20:05:01,844 [ERROR] LogOutputStream:75 - [STDERR_REDIRECT] [Fatal Error] :1:1: Premature end of file.
2025-02-12 20:05:01,844 [ERROR] LogOutputStream:75 - [STDERR_REDIRECT] 
2025-02-12 20:05:02,834 [ERROR] LogOutputStream:75 - [STDERR_REDIRECT] [Fatal Error] :1:1: Premature end of file.
2025-02-12 20:05:02,834 [ERROR] LogOutputStream:75 - [STDERR_REDIRECT] 
2025-02-12 20:05:03,834 [ERROR] LogOutputStream:75 - [STDERR_REDIRECT] [Fatal Error] :1:1: Premature end of file.
2025-02-12 20:05:03,834 [ERROR] LogOutputStream:75 - [STDERR_REDIRECT] 
2025-02-12 20:05:04,839 [ERROR] LogOutputStream:75 - [STDERR_REDIRECT] [Fatal Error] :1:1: Premature end of file.
2025-02-12 20:05:04,840 [ERROR] LogOutputStream:75 - [STDERR_REDIRECT] 
2025-02-12 20:05:05,843 [ERROR] LogOutputStream:75 - [STDERR_REDIRECT] [Fatal Error] :1:1: Premature end of file.
2025-02-12 20:05:05,843 [ERROR] LogOutputStream:75 - [STDERR_REDIRECT] 
2025-02-12 20:05:06,834 [ERROR] LogOutputStream:75 - [STDERR_REDIRECT] [Fatal Error] :1:1: Premature end of file.
2025-02-12 20:05:06,834 [ERROR] LogOutputStream:75 - [STDERR_REDIRECT] 
2025-02-12 20:05:07,830 [ERROR] LogOutputStream:75 - [STDERR_REDIRECT] [Fatal Error] :1:1: Premature end of file.
2025-02-12 20:05:07,830 [ERROR] LogOutputStream:75 - [STDERR_REDIRECT] 
2025-02-12 20:05:08,838 [ERROR] LogOutputStream:75 - [STDERR_REDIRECT] [Fatal Error] :1:1: Premature end of file.
2025-02-12 20:05:08,838 [ERROR] LogOutputStream:75 - [STDERR_REDIRECT] 
2025-02-12 20:05:09,830 [ERROR] LogOutputStream:75 - [STDERR_REDIRECT] [Fatal Error] :1:1: Premature end of file.
2025-02-12 20:05:09,830 [ERROR] LogOutputStream:75 - [STDERR_REDIRECT] 
2025-02-12 20:05:10,845 [ERROR] LogOutputStream:75 - [STDERR_REDIRECT] [Fatal Error] :1:1: Premature end of file.
2025-02-12 20:05:10,845 [ERROR] LogOutputStream:75 - [STDERR_REDIRECT] 
2025-02-12 20:05:11,828 [ERROR] LogOutputStream:75 - [STDERR_REDIRECT] [Fatal Error] :1:1: Premature end of file.
2025-02-12 20:05:11,828 [ERROR] LogOutputStream:75 - [STDERR_REDIRECT] 
2025-02-12 20:05:12,831 [ERROR] LogOutputStream:75 - [STDERR_REDIRECT] [Fatal Error] :1:1: Premature end of file.
2025-02-12 20:05:12,831 [ERROR] LogOutputStream:75 - [STDERR_REDIRECT] 
2025-02-12 20:05:13,831 [ERROR] LogOutputStream:75 - [STDERR_REDIRECT] [Fatal Error] :1:1: Premature end of file.
2025-02-12 20:05:13,831 [ERROR] LogOutputStream:75 - [STDERR_REDIRECT] 
2025-02-12 20:05:14,835 [ERROR] LogOutputStream:75 - [STDERR_REDIRECT] [Fatal Error] :1:1: Premature end of file.
2025-02-12 20:05:14,835 [ERROR] LogOutputStream:75 - [STDERR_REDIRECT] 
2025-02-12 20:05:15,834 [ERROR] LogOutputStream:75 - [STDERR_REDIRECT] [Fatal Error] :1:1: Premature end of file.
2025-02-12 20:05:15,834 [ERROR] LogOutputStream:75 - [STDERR_REDIRECT] 
2025-02-12 20:05:16,833 [ERROR] LogOutputStream:75 - [STDERR_REDIRECT] [Fatal Error] :1:1: Premature end of file.
2025-02-12 20:05:16,833 [ERROR] LogOutputStream:75 - [STDERR_REDIRECT] 
2025-02-12 20:05:17,843 [ERROR] LogOutputStream:75 - [STDERR_REDIRECT] [Fatal Error] :1:1: Premature end of file.
2025-02-12 20:05:17,843 [ERROR] LogOutputStream:75 - [STDERR_REDIRECT] 
2025-02-12 20:05:18,845 [ERROR] LogOutputStream:75 - [STDERR_REDIRECT] [Fatal Error] :1:1: Premature end of file.
2025-02-12 20:05:18,845 [ERROR] LogOutputStream:75 - [STDERR_REDIRECT] 
2025-02-12 20:05:19,835 [ERROR] LogOutputStream:75 - [STDERR_REDIRECT] [Fatal Error] :1:1: Premature end of file.
2025-02-12 20:05:19,835 [ERROR] LogOutputStream:75 - [STDERR_REDIRECT] 
2025-02-12 20:05:20,831 [ERROR] LogOutputStream:75 - [STDERR_REDIRECT] [Fatal Error] :1:1: Premature end of file.
2025-02-12 20:05:20,831 [ERROR] LogOutputStream:75 - [STDERR_REDIRECT] 
2025-02-12 20:05:21,835 [ERROR] LogOutputStream:75 - [STDERR_REDIRECT] [Fatal Error] :1:1: Premature end of file.
2025-02-12 20:05:21,835 [ERROR] LogOutputStream:75 - [STDERR_REDIRECT] 
2025-02-12 20:05:22,844 [ERROR] LogOutputStream:75 - [STDERR_REDIRECT] [Fatal Error] :1:1: Premature end of file.
2025-02-12 20:05:22,844 [ERROR] LogOutputStream:75 - [STDERR_REDIRECT] 
2025-02-12 20:05:23,833 [ERROR] LogOutputStream:75 - [STDERR_REDIRECT] [Fatal Error] :1:1: Premature end of file.
2025-02-12 20:05:23,833 [ERROR] LogOutputStream:75 - [STDERR_REDIRECT] 
2025-02-12 20:05:24,838 [ERROR] LogOutputStream:75 - [STDERR_REDIRECT] [Fatal Error] :1:1: Premature end of file.
2025-02-12 20:05:24,838 [ERROR] LogOutputStream:75 - [STDERR_REDIRECT] 
2025-02-12 20:05:25,843 [ERROR] LogOutputStream:75 - [STDERR_REDIRECT] [Fatal Error] :1:1: Premature end of file.
2025-02-12 20:05:25,843 [ERROR] LogOutputStream:75 - [STDERR_REDIRECT] 
2025-02-12 20:05:26,832 [ERROR] LogOutputStream:75 - [STDERR_REDIRECT] [Fatal Error] :1:1: Premature end of file.
2025-02-12 20:05:26,832 [ERROR] LogOutputStream:75 - [STDERR_REDIRECT] 
2025-02-12 20:05:27,833 [ERROR] LogOutputStream:75 - [STDERR_REDIRECT] [Fatal Error] :1:1: Premature end of file.
2025-02-12 20:05:27,833 [ERROR] LogOutputStream:75 - [STDERR_REDIRECT] 
2025-02-12 20:05:28,838 [ERROR] LogOutputStream:75 - [STDERR_REDIRECT] [Fatal Error] :1:1: Premature end of file.
2025-02-12 20:05:28,838 [ERROR] LogOutputStream:75 - [STDERR_REDIRECT] 
2025-02-12 20:05:29,828 [ERROR] LogOutputStream:75 - [STDERR_REDIRECT] [Fatal Error] :1:1: Premature end of file.
2025-02-12 20:05:29,828 [ERROR] LogOutputStream:75 - [STDERR_REDIRECT] 
2025-02-12 20:05:30,841 [ERROR] LogOutputStream:75 - [STDERR_REDIRECT] [Fatal Error] :1:1: Premature end of file.
2025-02-12 20:05:30,841 [ERROR] LogOutputStream:75 - [STDERR_REDIRECT] 
2025-02-12 20:05:31,840 [ERROR] LogOutputStream:75 - [STDERR_REDIRECT] [Fatal Error] :1:1: Premature end of file.
2025-02-12 20:05:31,840 [ERROR] LogOutputStream:75 - [STDERR_REDIRECT] 
2025-02-12 20:05:32,828 [ERROR] LogOutputStream:75 - [STDERR_REDIRECT] [Fatal Error] :1:1: Premature end of file.
2025-02-12 20:05:32,828 [ERROR] LogOutputStream:75 - [STDERR_REDIRECT] 
2025-02-12 20:05:33,834 [ERROR] LogOutputStream:75 - [STDERR_REDIRECT] [Fatal Error] :1:1: Premature end of file.
2025-02-12 20:05:33,834 [ERROR] LogOutputStream:75 - [STDERR_REDIRECT] 
2025-02-12 20:05:34,844 [ERROR] LogOutputStream:75 - [STDERR_REDIRECT] [Fatal Error] :1:1: Premature end of file.
2025-02-12 20:05:34,844 [ERROR] LogOutputStream:75 - [STDERR_REDIRECT] 
2025-02-12 20:05:35,844 [ERROR] LogOutputStream:75 - [STDERR_REDIRECT] [Fatal Error] :1:1: Premature end of file.
2025-02-12 20:05:35,844 [ERROR] LogOutputStream:75 - [STDERR_REDIRECT] 
2025-02-12 20:05:36,836 [ERROR] LogOutputStream:75 - [STDERR_REDIRECT] [Fatal Error] :1:1: Premature end of file.
2025-02-12 20:05:36,836 [ERROR] LogOutputStream:75 - [STDERR_REDIRECT] 
2025-02-12 20:05:37,831 [ERROR] LogOutputStream:75 - [STDERR_REDIRECT] [Fatal Error] :1:1: Premature end of file.
2025-02-12 20:05:37,831 [ERROR] LogOutputStream:75 - [STDERR_REDIRECT] 
2025-02-12 20:05:38,834 [ERROR] LogOutputStream:75 - [STDERR_REDIRECT] [Fatal Error] :1:1: Premature end of file.
2025-02-12 20:05:38,834 [ERROR] LogOutputStream:75 - [STDERR_REDIRECT] 
2025-02-12 20:05:39,840 [ERROR] LogOutputStream:75 - [STDERR_REDIRECT] [Fatal Error] :1:1: Premature end of file.
2025-02-12 20:05:39,840 [ERROR] LogOutputStream:75 - [STDERR_REDIRECT] 
2025-02-12 20:05:40,847 [ERROR] LogOutputStream:75 - [STDERR_REDIRECT] [Fatal Error] :1:1: Premature end of file.
2025-02-12 20:05:40,847 [ERROR] LogOutputStream:75 - [STDERR_REDIRECT] 
2025-02-12 20:05:41,841 [ERROR] LogOutputStream:75 - [STDERR_REDIRECT] [Fatal Error] :1:1: Premature end of file.
2025-02-12 20:05:41,841 [ERROR] LogOutputStream:75 - [STDERR_REDIRECT] 
2025-02-12 20:05:42,840 [ERROR] LogOutputStream:75 - [STDERR_REDIRECT] [Fatal Error] :1:1: Premature end of file.
2025-02-12 20:05:42,840 [ERROR] LogOutputStream:75 - [STDERR_REDIRECT] 
2025-02-12 20:05:43,836 [ERROR] LogOutputStream:75 - [STDERR_REDIRECT] [Fatal Error] :1:1: Premature end of file.
2025-02-12 20:05:43,836 [ERROR] LogOutputStream:75 - [STDERR_REDIRECT] 
2025-02-12 20:05:44,837 [ERROR] LogOutputStream:75 - [STDERR_REDIRECT] [Fatal Error] :1:1: Premature end of file.
2025-02-12 20:05:44,837 [ERROR] LogOutputStream:75 - [STDERR_REDIRECT] 
2025-02-12 20:05:45,835 [ERROR] LogOutputStream:75 - [STDERR_REDIRECT] [Fatal Error] :1:1: Premature end of file.
2025-02-12 20:05:45,835 [ERROR] LogOutputStream:75 - [STDERR_REDIRECT] 
2025-02-12 20:05:46,842 [ERROR] LogOutputStream:75 - [STDERR_REDIRECT] [Fatal Error] :1:1: Premature end of file.
2025-02-12 20:05:46,842 [ERROR] LogOutputStream:75 - [STDERR_REDIRECT] 
2025-02-12 20:05:47,835 [ERROR] LogOutputStream:75 - [STDERR_REDIRECT] [Fatal Error] :1:1: Premature end of file.
2025-02-12 20:05:47,835 [ERROR] LogOutputStream:75 - [STDERR_REDIRECT] 
2025-02-12 20:05:48,834 [ERROR] LogOutputStream:75 - [STDERR_REDIRECT] [Fatal Error] :1:1: Premature end of file.
2025-02-12 20:05:48,834 [ERROR] LogOutputStream:75 - [STDERR_REDIRECT] 
2025-02-12 20:05:49,852 [ERROR] LogOutputStream:75 - [STDERR_REDIRECT] [Fatal Error] :1:1: Premature end of file.
2025-02-12 20:05:49,852 [ERROR] LogOutputStream:75 - [STDERR_REDIRECT] 
2025-02-12 20:05:50,846 [ERROR] LogOutputStream:75 - [STDERR_REDIRECT] [Fatal Error] :1:1: Premature end of file.
2025-02-12 20:05:50,846 [ERROR] LogOutputStream:75 - [STDERR_REDIRECT] 
2025-02-12 20:05:51,833 [ERROR] LogOutputStream:75 - [STDERR_REDIRECT] [Fatal Error] :1:1: Premature end of file.
2025-02-12 20:05:51,833 [ERROR] LogOutputStream:75 - [STDERR_REDIRECT] 
2025-02-12 20:05:52,837 [ERROR] LogOutputStream:75 - [STDERR_REDIRECT] [Fatal Error] :1:1: Premature end of file.
2025-02-12 20:05:52,837 [ERROR] LogOutputStream:75 - [STDERR_REDIRECT] 
2025-02-12 20:05:53,837 [ERROR] LogOutputStream:75 - [STDERR_REDIRECT] [Fatal Error] :1:1: Premature end of file.
2025-02-12 20:05:53,837 [ERROR] LogOutputStream:75 - [STDERR_REDIRECT] 
2025-02-12 20:05:54,848 [ERROR] LogOutputStream:75 - [STDERR_REDIRECT] [Fatal Error] :1:1: Premature end of file.
2025-02-12 20:05:54,848 [ERROR] LogOutputStream:75 - [STDERR_REDIRECT] 
2025-02-12 20:05:55,836 [ERROR] LogOutputStream:75 - [STDERR_REDIRECT] [Fatal Error] :1:1: Premature end of file.
2025-02-12 20:05:55,836 [ERROR] LogOutputStream:75 - [STDERR_REDIRECT] 
2025-02-12 20:05:56,840 [ERROR] LogOutputStream:75 - [STDERR_REDIRECT] [Fatal Error] :1:1: Premature end of file.
2025-02-12 20:05:56,840 [ERROR] LogOutputStream:75 - [STDERR_REDIRECT] 
2025-02-12 20:05:57,836 [ERROR] LogOutputStream:75 - [STDERR_REDIRECT] [Fatal Error] :1:1: Premature end of file.
2025-02-12 20:05:57,836 [ERROR] LogOutputStream:75 - [STDERR_REDIRECT] 
2025-02-12 20:05:58,830 [ERROR] LogOutputStream:75 - [STDERR_REDIRECT] [Fatal Error] :1:1: Premature end of file.
2025-02-12 20:05:58,830 [ERROR] LogOutputStream:75 - [STDERR_REDIRECT] 
2025-02-12 20:05:59,831 [ERROR] LogOutputStream:75 - [STDERR_REDIRECT] [Fatal Error] :1:1: Premature end of file.
2025-02-12 20:05:59,831 [ERROR] LogOutputStream:75 - [STDERR_REDIRECT] 
2025-02-12 20:06:00,830 [ERROR] LogOutputStream:75 - [STDERR_REDIRECT] [Fatal Error] :1:1: Premature end of file.
2025-02-12 20:06:00,830 [ERROR] LogOutputStream:75 - [STDERR_REDIRECT] 
2025-02-12 20:06:01,846 [ERROR] LogOutputStream:75 - [STDERR_REDIRECT] [Fatal Error] :1:1: Premature end of file.
2025-02-12 20:06:01,846 [ERROR] LogOutputStream:75 - [STDERR_REDIRECT] 
2025-02-12 20:06:02,845 [ERROR] LogOutputStream:75 - [STDERR_REDIRECT] [Fatal Error] :1:1: Premature end of file.
2025-02-12 20:06:02,845 [ERROR] LogOutputStream:75 - [STDERR_REDIRECT] 
2025-02-12 20:06:03,849 [ERROR] LogOutputStream:75 - [STDERR_REDIRECT] [Fatal Error] :1:1: Premature end of file.
2025-02-12 20:06:03,849 [ERROR] LogOutputStream:75 - [STDERR_REDIRECT] 
2025-02-12 20:06:04,829 [ERROR] LogOutputStream:75 - [STDERR_REDIRECT] [Fatal Error] :1:1: Premature end of file.
2025-02-12 20:06:04,829 [ERROR] LogOutputStream:75 - [STDERR_REDIRECT] 
2025-02-12 20:06:05,838 [ERROR] LogOutputStream:75 - [STDERR_REDIRECT] [Fatal Error] :1:1: Premature end of file.
2025-02-12 20:06:05,838 [ERROR] LogOutputStream:75 - [STDERR_REDIRECT] 
2025-02-12 20:06:06,837 [ERROR] LogOutputStream:75 - [STDERR_REDIRECT] [Fatal Error] :1:1: Premature end of file.
2025-02-12 20:06:06,837 [ERROR] LogOutputStream:75 - [STDERR_REDIRECT] 
2025-02-12 20:06:07,830 [ERROR] LogOutputStream:75 - [STDERR_REDIRECT] [Fatal Error] :1:1: Premature end of file.
2025-02-12 20:06:07,830 [ERROR] LogOutputStream:75 - [STDERR_REDIRECT] 
2025-02-12 20:06:08,852 [ERROR] LogOutputStream:75 - [STDERR_REDIRECT] [Fatal Error] :1:1: Premature end of file.
2025-02-12 20:06:08,852 [ERROR] LogOutputStream:75 - [STDERR_REDIRECT] 
2025-02-12 20:06:09,852 [ERROR] LogOutputStream:75 - [STDERR_REDIRECT] [Fatal Error] :1:1: Premature end of file.
2025-02-12 20:06:09,852 [ERROR] LogOutputStream:75 - [STDERR_REDIRECT] 
2025-02-12 20:06:10,830 [ERROR] LogOutputStream:75 - [STDERR_REDIRECT] [Fatal Error] :1:1: Premature end of file.
2025-02-12 20:06:10,830 [ERROR] LogOutputStream:75 - [STDERR_REDIRECT] 
2025-02-12 20:06:11,827 [ERROR] LogOutputStream:75 - [STDERR_REDIRECT] [Fatal Error] :1:1: Premature end of file.
2025-02-12 20:06:11,827 [ERROR] LogOutputStream:75 - [STDERR_REDIRECT] 
2025-02-12 20:06:12,829 [ERROR] LogOutputStream:75 - [STDERR_REDIRECT] [Fatal Error] :1:1: Premature end of file.
2025-02-12 20:06:12,835 [ERROR] LogOutputStream:75 - [STDERR_REDIRECT] 
2025-02-12 20:06:13,836 [ERROR] LogOutputStream:75 - [STDERR_REDIRECT] [Fatal Error] :1:1: Premature end of file.
2025-02-12 20:06:13,836 [ERROR] LogOutputStream:75 - [STDERR_REDIRECT] 
2025-02-12 20:06:14,836 [ERROR] LogOutputStream:75 - [STDERR_REDIRECT] [Fatal Error] :1:1: Premature end of file.
2025-02-12 20:06:14,836 [ERROR] LogOutputStream:75 - [STDERR_REDIRECT] 
2025-02-12 20:06:15,834 [ERROR] LogOutputStream:75 - [STDERR_REDIRECT] [Fatal Error] :1:1: Premature end of file.
2025-02-12 20:06:15,834 [ERROR] LogOutputStream:75 - [STDERR_REDIRECT] 
2025-02-12 20:06:16,840 [ERROR] LogOutputStream:75 - [STDERR_REDIRECT] [Fatal Error] :1:1: Premature end of file.
2025-02-12 20:06:16,840 [ERROR] LogOutputStream:75 - [STDERR_REDIRECT] 
2025-02-12 20:06:17,831 [ERROR] LogOutputStream:75 - [STDERR_REDIRECT] [Fatal Error] :1:1: Premature end of file.
2025-02-12 20:06:17,832 [ERROR] LogOutputStream:75 - [STDERR_REDIRECT] 
2025-02-12 20:06:18,845 [ERROR] LogOutputStream:75 - [STDERR_REDIRECT] [Fatal Error] :1:1: Premature end of file.
2025-02-12 20:06:18,845 [ERROR] LogOutputStream:75 - [STDERR_REDIRECT] 
2025-02-12 20:06:19,829 [ERROR] LogOutputStream:75 - [STDERR_REDIRECT] [Fatal Error] :1:1: Premature end of file.
2025-02-12 20:06:19,829 [ERROR] LogOutputStream:75 - [STDERR_REDIRECT] 
2025-02-12 20:06:20,838 [ERROR] LogOutputStream:75 - [STDERR_REDIRECT] [Fatal Error] :1:1: Premature end of file.
2025-02-12 20:06:20,838 [ERROR] LogOutputStream:75 - [STDERR_REDIRECT] 
2025-02-12 20:06:21,836 [ERROR] LogOutputStream:75 - [STDERR_REDIRECT] [Fatal Error] :1:1: Premature end of file.
2025-02-12 20:06:21,836 [ERROR] LogOutputStream:75 - [STDERR_REDIRECT] 
2025-02-12 20:06:22,836 [ERROR] LogOutputStream:75 - [STDERR_REDIRECT] [Fatal Error] :1:1: Premature end of file.
2025-02-12 20:06:22,836 [ERROR] LogOutputStream:75 - [STDERR_REDIRECT] 
2025-02-12 20:06:23,837 [ERROR] LogOutputStream:75 - [STDERR_REDIRECT] [Fatal Error] :1:1: Premature end of file.
2025-02-12 20:06:23,837 [ERROR] LogOutputStream:75 - [STDERR_REDIRECT] 
2025-02-12 20:06:24,848 [ERROR] LogOutputStream:75 - [STDERR_REDIRECT] [Fatal Error] :1:1: Premature end of file.
2025-02-12 20:06:24,848 [ERROR] LogOutputStream:75 - [STDERR_REDIRECT] 
2025-02-12 20:06:25,832 [ERROR] LogOutputStream:75 - [STDERR_REDIRECT] [Fatal Error] :1:1: Premature end of file.
2025-02-12 20:06:25,832 [ERROR] LogOutputStream:75 - [STDERR_REDIRECT] 
2025-02-12 20:06:26,831 [ERROR] LogOutputStream:75 - [STDERR_REDIRECT] [Fatal Error] :1:1: Premature end of file.
2025-02-12 20:06:26,831 [ERROR] LogOutputStream:75 - [STDERR_REDIRECT] 
2025-02-12 20:06:27,836 [ERROR] LogOutputStream:75 - [STDERR_REDIRECT] [Fatal Error] :1:1: Premature end of file.
2025-02-12 20:06:27,836 [ERROR] LogOutputStream:75 - [STDERR_REDIRECT] 
2025-02-12 20:06:28,832 [ERROR] LogOutputStream:75 - [STDERR_REDIRECT] [Fatal Error] :1:1: Premature end of file.
2025-02-12 20:06:28,832 [ERROR] LogOutputStream:75 - [STDERR_REDIRECT] 
2025-02-12 20:06:29,836 [ERROR] LogOutputStream:75 - [STDERR_REDIRECT] [Fatal Error] :1:1: Premature end of file.
2025-02-12 20:06:29,836 [ERROR] LogOutputStream:75 - [STDERR_REDIRECT] 
2025-02-12 20:06:30,842 [ERROR] LogOutputStream:75 - [STDERR_REDIRECT] [Fatal Error] :1:1: Premature end of file.
2025-02-12 20:06:30,842 [ERROR] LogOutputStream:75 - [STDERR_REDIRECT] 
2025-02-12 20:06:31,833 [ERROR] LogOutputStream:75 - [STDERR_REDIRECT] [Fatal Error] :1:1: Premature end of file.
2025-02-12 20:06:31,834 [ERROR] LogOutputStream:75 - [STDERR_REDIRECT] 
2025-02-12 20:06:32,837 [ERROR] LogOutputStream:75 - [STDERR_REDIRECT] [Fatal Error] :1:1: Premature end of file.
2025-02-12 20:06:32,837 [ERROR] LogOutputStream:75 - [STDERR_REDIRECT] 
2025-02-12 20:06:33,828 [ERROR] LogOutputStream:75 - [STDERR_REDIRECT] [Fatal Error] :1:1: Premature end of file.
2025-02-12 20:06:33,828 [ERROR] LogOutputStream:75 - [STDERR_REDIRECT] 
2025-02-12 20:06:34,847 [ERROR] LogOutputStream:75 - [STDERR_REDIRECT] [Fatal Error] :1:1: Premature end of file.
2025-02-12 20:06:34,847 [ERROR] LogOutputStream:75 - [STDERR_REDIRECT] 
2025-02-12 20:06:35,826 [ERROR] LogOutputStream:75 - [STDERR_REDIRECT] [Fatal Error] :1:1: Premature end of file.
2025-02-12 20:06:35,826 [ERROR] LogOutputStream:75 - [STDERR_REDIRECT] 
2025-02-12 20:06:36,839 [ERROR] LogOutputStream:75 - [STDERR_REDIRECT] [Fatal Error] :1:1: Premature end of file.
2025-02-12 20:06:36,839 [ERROR] LogOutputStream:75 - [STDERR_REDIRECT] 
2025-02-12 20:06:37,841 [ERROR] LogOutputStream:75 - [STDERR_REDIRECT] [Fatal Error] :1:1: Premature end of file.
2025-02-12 20:06:37,841 [ERROR] LogOutputStream:75 - [STDERR_REDIRECT] 
2025-02-12 20:06:38,832 [ERROR] LogOutputStream:75 - [STDERR_REDIRECT] [Fatal Error] :1:1: Premature end of file.
2025-02-12 20:06:38,832 [ERROR] LogOutputStream:75 - [STDERR_REDIRECT] 
2025-02-12 20:06:39,848 [ERROR] LogOutputStream:75 - [STDERR_REDIRECT] [Fatal Error] :1:1: Premature end of file.
2025-02-12 20:06:39,848 [ERROR] LogOutputStream:75 - [STDERR_REDIRECT] 
2025-02-12 20:06:40,832 [ERROR] LogOutputStream:75 - [STDERR_REDIRECT] [Fatal Error] :1:1: Premature end of file.
2025-02-12 20:06:40,832 [ERROR] LogOutputStream:75 - [STDERR_REDIRECT] 
2025-02-12 20:06:41,838 [ERROR] LogOutputStream:75 - [STDERR_REDIRECT] [Fatal Error] :1:1: Premature end of file.
2025-02-12 20:06:41,838 [ERROR] LogOutputStream:75 - [STDERR_REDIRECT] 
2025-02-12 20:06:42,841 [ERROR] LogOutputStream:75 - [STDERR_REDIRECT] [Fatal Error] :1:1: Premature end of file.
2025-02-12 20:06:42,841 [ERROR] LogOutputStream:75 - [STDERR_REDIRECT] 
2025-02-12 20:06:43,844 [ERROR] LogOutputStream:75 - [STDERR_REDIRECT] [Fatal Error] :1:1: Premature end of file.
2025-02-12 20:06:43,844 [ERROR] LogOutputStream:75 - [STDERR_REDIRECT] 
2025-02-12 20:06:44,847 [ERROR] LogOutputStream:75 - [STDERR_REDIRECT] [Fatal Error] :1:1: Premature end of file.
2025-02-12 20:06:44,847 [ERROR] LogOutputStream:75 - [STDERR_REDIRECT] 
2025-02-12 20:06:45,841 [ERROR] LogOutputStream:75 - [STDERR_REDIRECT] [Fatal Error] :1:1: Premature end of file.
2025-02-12 20:06:45,841 [ERROR] LogOutputStream:75 - [STDERR_REDIRECT] 
2025-02-12 20:06:46,833 [ERROR] LogOutputStream:75 - [STDERR_REDIRECT] [Fatal Error] :1:1: Premature end of file.
2025-02-12 20:06:46,833 [ERROR] LogOutputStream:75 - [STDERR_REDIRECT] 
2025-02-12 20:06:47,827 [ERROR] LogOutputStream:75 - [STDERR_REDIRECT] [Fatal Error] :1:1: Premature end of file.
2025-02-12 20:06:47,827 [ERROR] LogOutputStream:75 - [STDERR_REDIRECT] 
2025-02-12 20:06:48,847 [ERROR] LogOutputStream:75 - [STDERR_REDIRECT] [Fatal Error] :1:1: Premature end of file.
2025-02-12 20:06:48,847 [ERROR] LogOutputStream:75 - [STDERR_REDIRECT] 
2025-02-12 20:06:49,840 [ERROR] LogOutputStream:75 - [STDERR_REDIRECT] [Fatal Error] :1:1: Premature end of file.
2025-02-12 20:06:49,840 [ERROR] LogOutputStream:75 - [STDERR_REDIRECT] 
2025-02-12 20:06:50,844 [ERROR] LogOutputStream:75 - [STDERR_REDIRECT] [Fatal Error] :1:1: Premature end of file.
2025-02-12 20:06:50,844 [ERROR] LogOutputStream:75 - [STDERR_REDIRECT] 
2025-02-12 20:06:51,834 [ERROR] LogOutputStream:75 - [STDERR_REDIRECT] [Fatal Error] :1:1: Premature end of file.
2025-02-12 20:06:51,835 [ERROR] LogOutputStream:75 - [STDERR_REDIRECT] 
2025-02-12 20:06:52,839 [ERROR] LogOutputStream:75 - [STDERR_REDIRECT] [Fatal Error] :1:1: Premature end of file.
2025-02-12 20:06:52,839 [ERROR] LogOutputStream:75 - [STDERR_REDIRECT] 
2025-02-12 20:06:53,844 [ERROR] LogOutputStream:75 - [STDERR_REDIRECT] [Fatal Error] :1:1: Premature end of file.
2025-02-12 20:06:53,844 [ERROR] LogOutputStream:75 - [STDERR_REDIRECT] 
2025-02-12 20:06:54,832 [ERROR] LogOutputStream:75 - [STDERR_REDIRECT] [Fatal Error] :1:1: Premature end of file.
2025-02-12 20:06:54,833 [ERROR] LogOutputStream:75 - [STDERR_REDIRECT] 
2025-02-12 20:06:55,842 [ERROR] LogOutputStream:75 - [STDERR_REDIRECT] [Fatal Error] :1:1: Premature end of file.
2025-02-12 20:06:55,842 [ERROR] LogOutputStream:75 - [STDERR_REDIRECT] 
2025-02-12 20:06:56,839 [ERROR] LogOutputStream:75 - [STDERR_REDIRECT] [Fatal Error] :1:1: Premature end of file.
2025-02-12 20:06:56,839 [ERROR] LogOutputStream:75 - [STDERR_REDIRECT] 
2025-02-12 20:06:57,833 [ERROR] LogOutputStream:75 - [STDERR_REDIRECT] [Fatal Error] :1:1: Premature end of file.
2025-02-12 20:06:57,833 [ERROR] LogOutputStream:75 - [STDERR_REDIRECT] 
2025-02-12 20:06:58,838 [ERROR] LogOutputStream:75 - [STDERR_REDIRECT] [Fatal Error] :1:1: Premature end of file.
2025-02-12 20:06:58,838 [ERROR] LogOutputStream:75 - [STDERR_REDIRECT] 
2025-02-12 20:06:59,856 [ERROR] LogOutputStream:75 - [STDERR_REDIRECT] [Fatal Error] :1:1: Premature end of file.
2025-02-12 20:06:59,856 [ERROR] LogOutputStream:75 - [STDERR_REDIRECT] 
2025-02-12 20:07:00,824 [ERROR] LogOutputStream:75 - [STDERR_REDIRECT] [Fatal Error] :1:1: Premature end of file.
2025-02-12 20:07:00,824 [ERROR] LogOutputStream:75 - [STDERR_REDIRECT] 
2025-02-12 20:07:01,839 [ERROR] LogOutputStream:75 - [STDERR_REDIRECT] [Fatal Error] :1:1: Premature end of file.
2025-02-12 20:07:01,839 [ERROR] LogOutputStream:75 - [STDERR_REDIRECT] 
2025-02-12 20:07:02,848 [ERROR] LogOutputStream:75 - [STDERR_REDIRECT] [Fatal Error] :1:1: Premature end of file.
2025-02-12 20:07:02,848 [ERROR] LogOutputStream:75 - [STDERR_REDIRECT] 
2025-02-12 20:07:03,831 [ERROR] LogOutputStream:75 - [STDERR_REDIRECT] [Fatal Error] :1:1: Premature end of file.
2025-02-12 20:07:03,831 [ERROR] LogOutputStream:75 - [STDERR_REDIRECT] 
2025-02-12 20:07:04,841 [ERROR] LogOutputStream:75 - [STDERR_REDIRECT] [Fatal Error] :1:1: Premature end of file.
2025-02-12 20:07:04,841 [ERROR] LogOutputStream:75 - [STDERR_REDIRECT] 
2025-02-12 20:07:05,838 [ERROR] LogOutputStream:75 - [STDERR_REDIRECT] [Fatal Error] :1:1: Premature end of file.
2025-02-12 20:07:05,838 [ERROR] LogOutputStream:75 - [STDERR_REDIRECT] 
2025-02-12 20:07:06,839 [ERROR] LogOutputStream:75 - [STDERR_REDIRECT] [Fatal Error] :1:1: Premature end of file.
2025-02-12 20:07:06,839 [ERROR] LogOutputStream:75 - [STDERR_REDIRECT] 
2025-02-12 20:07:07,837 [ERROR] LogOutputStream:75 - [STDERR_REDIRECT] [Fatal Error] :1:1: Premature end of file.
2025-02-12 20:07:07,837 [ERROR] LogOutputStream:75 - [STDERR_REDIRECT] 
2025-02-12 20:07:08,837 [ERROR] LogOutputStream:75 - [STDERR_REDIRECT] [Fatal Error] :1:1: Premature end of file.
2025-02-12 20:07:08,837 [ERROR] LogOutputStream:75 - [STDERR_REDIRECT] 
2025-02-12 20:07:09,837 [ERROR] LogOutputStream:75 - [STDERR_REDIRECT] [Fatal Error] :1:1: Premature end of file.
2025-02-12 20:07:09,837 [ERROR] LogOutputStream:75 - [STDERR_REDIRECT] 
2025-02-12 20:07:10,835 [ERROR] LogOutputStream:75 - [STDERR_REDIRECT] [Fatal Error] :1:1: Premature end of file.
2025-02-12 20:07:10,835 [ERROR] LogOutputStream:75 - [STDERR_REDIRECT] 
2025-02-12 20:07:11,837 [ERROR] LogOutputStream:75 - [STDERR_REDIRECT] [Fatal Error] :1:1: Premature end of file.
2025-02-12 20:07:11,837 [ERROR] LogOutputStream:75 - [STDERR_REDIRECT] 
2025-02-12 20:07:12,830 [ERROR] LogOutputStream:75 - [STDERR_REDIRECT] [Fatal Error] :1:1: Premature end of file.
2025-02-12 20:07:12,830 [ERROR] LogOutputStream:75 - [STDERR_REDIRECT] 
2025-02-12 20:07:13,836 [ERROR] LogOutputStream:75 - [STDERR_REDIRECT] [Fatal Error] :1:1: Premature end of file.
2025-02-12 20:07:13,836 [ERROR] LogOutputStream:75 - [STDERR_REDIRECT] 
2025-02-12 20:07:14,835 [ERROR] LogOutputStream:75 - [STDERR_REDIRECT] [Fatal Error] :1:1: Premature end of file.
2025-02-12 20:07:14,835 [ERROR] LogOutputStream:75 - [STDERR_REDIRECT] 
2025-02-12 20:07:15,834 [ERROR] LogOutputStream:75 - [STDERR_REDIRECT] [Fatal Error] :1:1: Premature end of file.
2025-02-12 20:07:15,834 [ERROR] LogOutputStream:75 - [STDERR_REDIRECT] 
2025-02-12 20:07:16,843 [ERROR] LogOutputStream:75 - [STDERR_REDIRECT] [Fatal Error] :1:1: Premature end of file.
2025-02-12 20:07:16,843 [ERROR] LogOutputStream:75 - [STDERR_REDIRECT] 
2025-02-12 20:07:17,842 [ERROR] LogOutputStream:75 - [STDERR_REDIRECT] [Fatal Error] :1:1: Premature end of file.
2025-02-12 20:07:17,842 [ERROR] LogOutputStream:75 - [STDERR_REDIRECT] 
2025-02-12 20:07:18,854 [ERROR] LogOutputStream:75 - [STDERR_REDIRECT] [Fatal Error] :1:1: Premature end of file.
2025-02-12 20:07:18,854 [ERROR] LogOutputStream:75 - [STDERR_REDIRECT] 
2025-02-12 20:07:19,837 [ERROR] LogOutputStream:75 - [STDERR_REDIRECT] [Fatal Error] :1:1: Premature end of file.
2025-02-12 20:07:19,837 [ERROR] LogOutputStream:75 - [STDERR_REDIRECT] 
2025-02-12 20:07:20,830 [ERROR] LogOutputStream:75 - [STDERR_REDIRECT] [Fatal Error] :1:1: Premature end of file.
2025-02-12 20:07:20,830 [ERROR] LogOutputStream:75 - [STDERR_REDIRECT] 
2025-02-12 20:07:21,838 [ERROR] LogOutputStream:75 - [STDERR_REDIRECT] [Fatal Error] :1:1: Premature end of file.
2025-02-12 20:07:21,838 [ERROR] LogOutputStream:75 - [STDERR_REDIRECT] 
2025-02-12 20:07:22,844 [ERROR] LogOutputStream:75 - [STDERR_REDIRECT] [Fatal Error] :1:1: Premature end of file.
2025-02-12 20:07:22,844 [ERROR] LogOutputStream:75 - [STDERR_REDIRECT] 
2025-02-12 20:07:23,838 [ERROR] LogOutputStream:75 - [STDERR_REDIRECT] [Fatal Error] :1:1: Premature end of file.
2025-02-12 20:07:23,838 [ERROR] LogOutputStream:75 - [STDERR_REDIRECT] 
2025-02-12 20:07:24,840 [ERROR] LogOutputStream:75 - [STDERR_REDIRECT] [Fatal Error] :1:1: Premature end of file.
2025-02-12 20:07:24,840 [ERROR] LogOutputStream:75 - [STDERR_REDIRECT] 
2025-02-12 20:07:25,841 [ERROR] LogOutputStream:75 - [STDERR_REDIRECT] [Fatal Error] :1:1: Premature end of file.
2025-02-12 20:07:25,842 [ERROR] LogOutputStream:75 - [STDERR_REDIRECT] 
2025-02-12 20:07:26,838 [ERROR] LogOutputStream:75 - [STDERR_REDIRECT] [Fatal Error] :1:1: Premature end of file.
2025-02-12 20:07:26,838 [ERROR] LogOutputStream:75 - [STDERR_REDIRECT] 
2025-02-12 20:07:27,834 [ERROR] LogOutputStream:75 - [STDERR_REDIRECT] [Fatal Error] :1:1: Premature end of file.
2025-02-12 20:07:27,834 [ERROR] LogOutputStream:75 - [STDERR_REDIRECT] 
2025-02-12 20:07:28,845 [ERROR] LogOutputStream:75 - [STDERR_REDIRECT] [Fatal Error] :1:1: Premature end of file.
2025-02-12 20:07:28,845 [ERROR] LogOutputStream:75 - [STDERR_REDIRECT] 
2025-02-12 20:07:29,841 [ERROR] LogOutputStream:75 - [STDERR_REDIRECT] [Fatal Error] :1:1: Premature end of file.
2025-02-12 20:07:29,841 [ERROR] LogOutputStream:75 - [STDERR_REDIRECT] 
2025-02-12 20:07:30,844 [ERROR] LogOutputStream:75 - [STDERR_REDIRECT] [Fatal Error] :1:1: Premature end of file.
2025-02-12 20:07:30,844 [ERROR] LogOutputStream:75 - [STDERR_REDIRECT] 
2025-02-12 20:07:31,848 [ERROR] LogOutputStream:75 - [STDERR_REDIRECT] [Fatal Error] :1:1: Premature end of file.
2025-02-12 20:07:31,848 [ERROR] LogOutputStream:75 - [STDERR_REDIRECT] 
2025-02-12 20:07:32,834 [ERROR] LogOutputStream:75 - [STDERR_REDIRECT] [Fatal Error] :1:1: Premature end of file.
2025-02-12 20:07:32,834 [ERROR] LogOutputStream:75 - [STDERR_REDIRECT] 
2025-02-12 20:07:33,845 [ERROR] LogOutputStream:75 - [STDERR_REDIRECT] [Fatal Error] :1:1: Premature end of file.
2025-02-12 20:07:33,845 [ERROR] LogOutputStream:75 - [STDERR_REDIRECT] 
2025-02-12 20:07:34,834 [ERROR] LogOutputStream:75 - [STDERR_REDIRECT] [Fatal Error] :1:1: Premature end of file.
2025-02-12 20:07:34,834 [ERROR] LogOutputStream:75 - [STDERR_REDIRECT] 
2025-02-12 20:07:35,840 [ERROR] LogOutputStream:75 - [STDERR_REDIRECT] [Fatal Error] :1:1: Premature end of file.
2025-02-12 20:07:35,841 [ERROR] LogOutputStream:75 - [STDERR_REDIRECT] 
2025-02-12 20:07:36,848 [ERROR] LogOutputStream:75 - [STDERR_REDIRECT] [Fatal Error] :1:1: Premature end of file.
2025-02-12 20:07:36,848 [ERROR] LogOutputStream:75 - [STDERR_REDIRECT] 
2025-02-12 20:07:37,838 [ERROR] LogOutputStream:75 - [STDERR_REDIRECT] [Fatal Error] :1:1: Premature end of file.
2025-02-12 20:07:37,838 [ERROR] LogOutputStream:75 - [STDERR_REDIRECT] 
2025-02-12 20:07:38,843 [ERROR] LogOutputStream:75 - [STDERR_REDIRECT] [Fatal Error] :1:1: Premature end of file.
2025-02-12 20:07:38,843 [ERROR] LogOutputStream:75 - [STDERR_REDIRECT] 
2025-02-12 20:07:39,839 [ERROR] LogOutputStream:75 - [STDERR_REDIRECT] [Fatal Error] :1:1: Premature end of file.
2025-02-12 20:07:39,839 [ERROR] LogOutputStream:75 - [STDERR_REDIRECT] 
2025-02-12 20:07:40,832 [ERROR] LogOutputStream:75 - [STDERR_REDIRECT] [Fatal Error] :1:1: Premature end of file.
2025-02-12 20:07:40,832 [ERROR] LogOutputStream:75 - [STDERR_REDIRECT] 
2025-02-12 20:07:41,841 [ERROR] LogOutputStream:75 - [STDERR_REDIRECT] [Fatal Error] :1:1: Premature end of file.
2025-02-12 20:07:41,841 [ERROR] LogOutputStream:75 - [STDERR_REDIRECT] 
2025-02-12 20:07:42,831 [ERROR] LogOutputStream:75 - [STDERR_REDIRECT] [Fatal Error] :1:1: Premature end of file.
2025-02-12 20:07:42,831 [ERROR] LogOutputStream:75 - [STDERR_REDIRECT] 
2025-02-12 20:07:43,840 [ERROR] LogOutputStream:75 - [STDERR_REDIRECT] [Fatal Error] :1:1: Premature end of file.
2025-02-12 20:07:43,840 [ERROR] LogOutputStream:75 - [STDERR_REDIRECT] 
2025-02-12 20:07:44,848 [ERROR] LogOutputStream:75 - [STDERR_REDIRECT] [Fatal Error] :1:1: Premature end of file.
2025-02-12 20:07:44,848 [ERROR] LogOutputStream:75 - [STDERR_REDIRECT] 
2025-02-12 20:07:45,829 [ERROR] LogOutputStream:75 - [STDERR_REDIRECT] [Fatal Error] :1:1: Premature end of file.
2025-02-12 20:07:45,829 [ERROR] LogOutputStream:75 - [STDERR_REDIRECT] 
2025-02-12 20:07:46,836 [ERROR] LogOutputStream:75 - [STDERR_REDIRECT] [Fatal Error] :1:1: Premature end of file.
2025-02-12 20:07:46,836 [ERROR] LogOutputStream:75 - [STDERR_REDIRECT] 
2025-02-12 20:07:47,833 [ERROR] LogOutputStream:75 - [STDERR_REDIRECT] [Fatal Error] :1:1: Premature end of file.
2025-02-12 20:07:47,833 [ERROR] LogOutputStream:75 - [STDERR_REDIRECT] 
2025-02-12 20:07:48,830 [ERROR] LogOutputStream:75 - [STDERR_REDIRECT] [Fatal Error] :1:1: Premature end of file.
2025-02-12 20:07:48,830 [ERROR] LogOutputStream:75 - [STDERR_REDIRECT] 
2025-02-12 20:07:49,832 [ERROR] LogOutputStream:75 - [STDERR_REDIRECT] [Fatal Error] :1:1: Premature end of file.
2025-02-12 20:07:49,832 [ERROR] LogOutputStream:75 - [STDERR_REDIRECT] 
2025-02-12 20:07:50,842 [ERROR] LogOutputStream:75 - [STDERR_REDIRECT] [Fatal Error] :1:1: Premature end of file.
2025-02-12 20:07:50,842 [ERROR] LogOutputStream:75 - [STDERR_REDIRECT] 
2025-02-12 20:07:51,847 [ERROR] LogOutputStream:75 - [STDERR_REDIRECT] [Fatal Error] :1:1: Premature end of file.
2025-02-12 20:07:51,847 [ERROR] LogOutputStream:75 - [STDERR_REDIRECT] 
2025-02-12 20:07:52,834 [ERROR] LogOutputStream:75 - [STDERR_REDIRECT] [Fatal Error] :1:1: Premature end of file.
2025-02-12 20:07:52,834 [ERROR] LogOutputStream:75 - [STDERR_REDIRECT] 
2025-02-12 20:07:53,822 [ERROR] LogOutputStream:75 - [STDERR_REDIRECT] [Fatal Error] :1:1: Premature end of file.
2025-02-12 20:07:53,822 [ERROR] LogOutputStream:75 - [STDERR_REDIRECT] 
2025-02-12 20:07:54,832 [ERROR] LogOutputStream:75 - [STDERR_REDIRECT] [Fatal Error] :1:1: Premature end of file.
2025-02-12 20:07:54,832 [ERROR] LogOutputStream:75 - [STDERR_REDIRECT] 
2025-02-12 20:07:55,843 [ERROR] LogOutputStream:75 - [STDERR_REDIRECT] [Fatal Error] :1:1: Premature end of file.
2025-02-12 20:07:55,843 [ERROR] LogOutputStream:75 - [STDERR_REDIRECT] 
2025-02-12 20:07:56,838 [ERROR] LogOutputStream:75 - [STDERR_REDIRECT] [Fatal Error] :1:1: Premature end of file.
2025-02-12 20:07:56,838 [ERROR] LogOutputStream:75 - [STDERR_REDIRECT] 
2025-02-12 20:07:57,836 [ERROR] LogOutputStream:75 - [STDERR_REDIRECT] [Fatal Error] :1:1: Premature end of file.
2025-02-12 20:07:57,836 [ERROR] LogOutputStream:75 - [STDERR_REDIRECT] 
2025-02-12 20:07:58,837 [ERROR] LogOutputStream:75 - [STDERR_REDIRECT] [Fatal Error] :1:1: Premature end of file.
2025-02-12 20:07:58,837 [ERROR] LogOutputStream:75 - [STDERR_REDIRECT] 
2025-02-12 20:07:59,841 [ERROR] LogOutputStream:75 - [STDERR_REDIRECT] [Fatal Error] :1:1: Premature end of file.
2025-02-12 20:07:59,841 [ERROR] LogOutputStream:75 - [STDERR_REDIRECT] 
2025-02-12 20:08:00,842 [ERROR] LogOutputStream:75 - [STDERR_REDIRECT] [Fatal Error] :1:1: Premature end of file.
2025-02-12 20:08:00,843 [ERROR] LogOutputStream:75 - [STDERR_REDIRECT] 
2025-02-12 20:08:01,843 [ERROR] LogOutputStream:75 - [STDERR_REDIRECT] [Fatal Error] :1:1: Premature end of file.
2025-02-12 20:08:01,843 [ERROR] LogOutputStream:75 - [STDERR_REDIRECT] 
2025-02-12 20:08:02,833 [ERROR] LogOutputStream:75 - [STDERR_REDIRECT] [Fatal Error] :1:1: Premature end of file.
2025-02-12 20:08:02,833 [ERROR] LogOutputStream:75 - [STDERR_REDIRECT] 
2025-02-12 20:08:03,833 [ERROR] LogOutputStream:75 - [STDERR_REDIRECT] [Fatal Error] :1:1: Premature end of file.
2025-02-12 20:08:03,833 [ERROR] LogOutputStream:75 - [STDERR_REDIRECT] 
2025-02-12 20:08:04,844 [ERROR] LogOutputStream:75 - [STDERR_REDIRECT] [Fatal Error] :1:1: Premature end of file.
2025-02-12 20:08:04,844 [ERROR] LogOutputStream:75 - [STDERR_REDIRECT] 
2025-02-12 20:08:05,837 [ERROR] LogOutputStream:75 - [STDERR_REDIRECT] [Fatal Error] :1:1: Premature end of file.
2025-02-12 20:08:05,837 [ERROR] LogOutputStream:75 - [STDERR_REDIRECT] 
2025-02-12 20:08:06,839 [ERROR] LogOutputStream:75 - [STDERR_REDIRECT] [Fatal Error] :1:1: Premature end of file.
2025-02-12 20:08:06,839 [ERROR] LogOutputStream:75 - [STDERR_REDIRECT] 
2025-02-12 20:08:07,838 [ERROR] LogOutputStream:75 - [STDERR_REDIRECT] [Fatal Error] :1:1: Premature end of file.
2025-02-12 20:08:07,838 [ERROR] LogOutputStream:75 - [STDERR_REDIRECT] 
2025-02-12 20:08:08,829 [ERROR] LogOutputStream:75 - [STDERR_REDIRECT] [Fatal Error] :1:1: Premature end of file.
2025-02-12 20:08:08,829 [ERROR] LogOutputStream:75 - [STDERR_REDIRECT] 
2025-02-12 20:08:09,833 [ERROR] LogOutputStream:75 - [STDERR_REDIRECT] [Fatal Error] :1:1: Premature end of file.
2025-02-12 20:08:09,833 [ERROR] LogOutputStream:75 - [STDERR_REDIRECT] 
2025-02-12 20:08:10,851 [ERROR] LogOutputStream:75 - [STDERR_REDIRECT] [Fatal Error] :1:1: Premature end of file.
2025-02-12 20:08:10,851 [ERROR] LogOutputStream:75 - [STDERR_REDIRECT] 
2025-02-12 20:08:11,839 [ERROR] LogOutputStream:75 - [STDERR_REDIRECT] [Fatal Error] :1:1: Premature end of file.
2025-02-12 20:08:11,839 [ERROR] LogOutputStream:75 - [STDERR_REDIRECT] 
2025-02-12 20:08:12,845 [ERROR] LogOutputStream:75 - [STDERR_REDIRECT] [Fatal Error] :1:1: Premature end of file.
2025-02-12 20:08:12,845 [ERROR] LogOutputStream:75 - [STDERR_REDIRECT] 
2025-02-12 20:08:13,834 [ERROR] LogOutputStream:75 - [STDERR_REDIRECT] [Fatal Error] :1:1: Premature end of file.
2025-02-12 20:08:13,834 [ERROR] LogOutputStream:75 - [STDERR_REDIRECT] 
2025-02-12 20:08:14,836 [ERROR] LogOutputStream:75 - [STDERR_REDIRECT] [Fatal Error] :1:1: Premature end of file.
2025-02-12 20:08:14,836 [ERROR] LogOutputStream:75 - [STDERR_REDIRECT] 
2025-02-12 20:08:15,844 [ERROR] LogOutputStream:75 - [STDERR_REDIRECT] [Fatal Error] :1:1: Premature end of file.
2025-02-12 20:08:15,844 [ERROR] LogOutputStream:75 - [STDERR_REDIRECT] 
2025-02-12 20:08:16,838 [ERROR] LogOutputStream:75 - [STDERR_REDIRECT] [Fatal Error] :1:1: Premature end of file.
2025-02-12 20:08:16,838 [ERROR] LogOutputStream:75 - [STDERR_REDIRECT] 
2025-02-12 20:08:17,838 [ERROR] LogOutputStream:75 - [STDERR_REDIRECT] [Fatal Error] :1:1: Premature end of file.
2025-02-12 20:08:17,838 [ERROR] LogOutputStream:75 - [STDERR_REDIRECT] 
2025-02-12 20:08:18,845 [ERROR] LogOutputStream:75 - [STDERR_REDIRECT] [Fatal Error] :1:1: Premature end of file.
2025-02-12 20:08:18,845 [ERROR] LogOutputStream:75 - [STDERR_REDIRECT] 
2025-02-12 20:08:19,828 [ERROR] LogOutputStream:75 - [STDERR_REDIRECT] [Fatal Error] :1:1: Premature end of file.
2025-02-12 20:08:19,828 [ERROR] LogOutputStream:75 - [STDERR_REDIRECT] 
2025-02-12 20:08:20,844 [ERROR] LogOutputStream:75 - [STDERR_REDIRECT] [Fatal Error] :1:1: Premature end of file.
2025-02-12 20:08:20,844 [ERROR] LogOutputStream:75 - [STDERR_REDIRECT] 
2025-02-12 20:08:21,846 [ERROR] LogOutputStream:75 - [STDERR_REDIRECT] [Fatal Error] :1:1: Premature end of file.
2025-02-12 20:08:21,846 [ERROR] LogOutputStream:75 - [STDERR_REDIRECT] 
2025-02-12 20:08:22,834 [ERROR] LogOutputStream:75 - [STDERR_REDIRECT] [Fatal Error] :1:1: Premature end of file.
2025-02-12 20:08:22,834 [ERROR] LogOutputStream:75 - [STDERR_REDIRECT] 
2025-02-12 20:08:23,839 [ERROR] LogOutputStream:75 - [STDERR_REDIRECT] [Fatal Error] :1:1: Premature end of file.
2025-02-12 20:08:23,839 [ERROR] LogOutputStream:75 - [STDERR_REDIRECT] 
2025-02-12 20:08:24,842 [ERROR] LogOutputStream:75 - [STDERR_REDIRECT] [Fatal Error] :1:1: Premature end of file.
2025-02-12 20:08:24,842 [ERROR] LogOutputStream:75 - [STDERR_REDIRECT] 
2025-02-12 20:08:25,848 [ERROR] LogOutputStream:75 - [STDERR_REDIRECT] [Fatal Error] :1:1: Premature end of file.
2025-02-12 20:08:25,848 [ERROR] LogOutputStream:75 - [STDERR_REDIRECT] 
2025-02-12 20:08:26,837 [ERROR] LogOutputStream:75 - [STDERR_REDIRECT] [Fatal Error] :1:1: Premature end of file.
2025-02-12 20:08:26,837 [ERROR] LogOutputStream:75 - [STDERR_REDIRECT] 
2025-02-12 20:08:27,839 [ERROR] LogOutputStream:75 - [STDERR_REDIRECT] [Fatal Error] :1:1: Premature end of file.
2025-02-12 20:08:27,839 [ERROR] LogOutputStream:75 - [STDERR_REDIRECT] 
2025-02-12 20:08:28,848 [ERROR] LogOutputStream:75 - [STDERR_REDIRECT] [Fatal Error] :1:1: Premature end of file.
2025-02-12 20:08:28,848 [ERROR] LogOutputStream:75 - [STDERR_REDIRECT] 
2025-02-12 20:08:29,831 [ERROR] LogOutputStream:75 - [STDERR_REDIRECT] [Fatal Error] :1:1: Premature end of file.
2025-02-12 20:08:29,831 [ERROR] LogOutputStream:75 - [STDERR_REDIRECT] 
2025-02-12 20:08:30,841 [ERROR] LogOutputStream:75 - [STDERR_REDIRECT] [Fatal Error] :1:1: Premature end of file.
2025-02-12 20:08:30,841 [ERROR] LogOutputStream:75 - [STDERR_REDIRECT] 
2025-02-12 20:08:31,845 [ERROR] LogOutputStream:75 - [STDERR_REDIRECT] [Fatal Error] :1:1: Premature end of file.
2025-02-12 20:08:31,845 [ERROR] LogOutputStream:75 - [STDERR_REDIRECT] 
2025-02-12 20:08:32,837 [ERROR] LogOutputStream:75 - [STDERR_REDIRECT] [Fatal Error] :1:1: Premature end of file.
2025-02-12 20:08:32,837 [ERROR] LogOutputStream:75 - [STDERR_REDIRECT] 
2025-02-12 20:08:33,841 [ERROR] LogOutputStream:75 - [STDERR_REDIRECT] [Fatal Error] :1:1: Premature end of file.
2025-02-12 20:08:33,841 [ERROR] LogOutputStream:75 - [STDERR_REDIRECT] 
2025-02-12 20:08:34,831 [ERROR] LogOutputStream:75 - [STDERR_REDIRECT] [Fatal Error] :1:1: Premature end of file.
2025-02-12 20:08:34,831 [ERROR] LogOutputStream:75 - [STDERR_REDIRECT] 
2025-02-12 20:08:35,831 [ERROR] LogOutputStream:75 - [STDERR_REDIRECT] [Fatal Error] :1:1: Premature end of file.
2025-02-12 20:08:35,831 [ERROR] LogOutputStream:75 - [STDERR_REDIRECT] 
2025-02-12 20:08:36,841 [ERROR] LogOutputStream:75 - [STDERR_REDIRECT] [Fatal Error] :1:1: Premature end of file.
2025-02-12 20:08:36,841 [ERROR] LogOutputStream:75 - [STDERR_REDIRECT] 
2025-02-12 20:08:37,841 [ERROR] LogOutputStream:75 - [STDERR_REDIRECT] [Fatal Error] :1:1: Premature end of file.
2025-02-12 20:08:37,841 [ERROR] LogOutputStream:75 - [STDERR_REDIRECT] 
2025-02-12 20:08:38,847 [ERROR] LogOutputStream:75 - [STDERR_REDIRECT] [Fatal Error] :1:1: Premature end of file.
2025-02-12 20:08:38,848 [ERROR] LogOutputStream:75 - [STDERR_REDIRECT] 
2025-02-12 20:08:39,832 [ERROR] LogOutputStream:75 - [STDERR_REDIRECT] [Fatal Error] :1:1: Premature end of file.
2025-02-12 20:08:39,832 [ERROR] LogOutputStream:75 - [STDERR_REDIRECT] 
2025-02-12 20:08:40,841 [ERROR] LogOutputStream:75 - [STDERR_REDIRECT] [Fatal Error] :1:1: Premature end of file.
2025-02-12 20:08:40,841 [ERROR] LogOutputStream:75 - [STDERR_REDIRECT] 
2025-02-12 20:08:41,839 [ERROR] LogOutputStream:75 - [STDERR_REDIRECT] [Fatal Error] :1:1: Premature end of file.
2025-02-12 20:08:41,839 [ERROR] LogOutputStream:75 - [STDERR_REDIRECT] 
2025-02-12 20:08:42,846 [ERROR] LogOutputStream:75 - [STDERR_REDIRECT] [Fatal Error] :1:1: Premature end of file.
2025-02-12 20:08:42,846 [ERROR] LogOutputStream:75 - [STDERR_REDIRECT] 
2025-02-12 20:08:43,848 [ERROR] LogOutputStream:75 - [STDERR_REDIRECT] [Fatal Error] :1:1: Premature end of file.
2025-02-12 20:08:43,848 [ERROR] LogOutputStream:75 - [STDERR_REDIRECT] 
2025-02-12 20:08:44,845 [ERROR] LogOutputStream:75 - [STDERR_REDIRECT] [Fatal Error] :1:1: Premature end of file.
2025-02-12 20:08:44,845 [ERROR] LogOutputStream:75 - [STDERR_REDIRECT] 
2025-02-12 20:08:45,840 [ERROR] LogOutputStream:75 - [STDERR_REDIRECT] [Fatal Error] :1:1: Premature end of file.
2025-02-12 20:08:45,840 [ERROR] LogOutputStream:75 - [STDERR_REDIRECT] 
2025-02-12 20:08:46,838 [ERROR] LogOutputStream:75 - [STDERR_REDIRECT] [Fatal Error] :1:1: Premature end of file.
2025-02-12 20:08:46,838 [ERROR] LogOutputStream:75 - [STDERR_REDIRECT] 
2025-02-12 20:08:47,839 [ERROR] LogOutputStream:75 - [STDERR_REDIRECT] [Fatal Error] :1:1: Premature end of file.
2025-02-12 20:08:47,839 [ERROR] LogOutputStream:75 - [STDERR_REDIRECT] 
2025-02-12 20:08:48,838 [ERROR] LogOutputStream:75 - [STDERR_REDIRECT] [Fatal Error] :1:1: Premature end of file.
2025-02-12 20:08:48,838 [ERROR] LogOutputStream:75 - [STDERR_REDIRECT] 
2025-02-12 20:08:49,838 [ERROR] LogOutputStream:75 - [STDERR_REDIRECT] [Fatal Error] :1:1: Premature end of file.
2025-02-12 20:08:49,838 [ERROR] LogOutputStream:75 - [STDERR_REDIRECT] 
2025-02-12 20:08:50,834 [ERROR] LogOutputStream:75 - [STDERR_REDIRECT] [Fatal Error] :1:1: Premature end of file.
2025-02-12 20:08:50,834 [ERROR] LogOutputStream:75 - [STDERR_REDIRECT] 
2025-02-12 20:08:51,837 [ERROR] LogOutputStream:75 - [STDERR_REDIRECT] [Fatal Error] :1:1: Premature end of file.
2025-02-12 20:08:51,837 [ERROR] LogOutputStream:75 - [STDERR_REDIRECT] 
2025-02-12 20:08:52,836 [ERROR] LogOutputStream:75 - [STDERR_REDIRECT] [Fatal Error] :1:1: Premature end of file.
2025-02-12 20:08:52,836 [ERROR] LogOutputStream:75 - [STDERR_REDIRECT] 
2025-02-12 20:08:53,837 [ERROR] LogOutputStream:75 - [STDERR_REDIRECT] [Fatal Error] :1:1: Premature end of file.
2025-02-12 20:08:53,837 [ERROR] LogOutputStream:75 - [STDERR_REDIRECT] 
2025-02-12 20:08:54,845 [ERROR] LogOutputStream:75 - [STDERR_REDIRECT] [Fatal Error] :1:1: Premature end of file.
2025-02-12 20:08:54,845 [ERROR] LogOutputStream:75 - [STDERR_REDIRECT] 
2025-02-12 20:08:55,843 [ERROR] LogOutputStream:75 - [STDERR_REDIRECT] [Fatal Error] :1:1: Premature end of file.
2025-02-12 20:08:55,844 [ERROR] LogOutputStream:75 - [STDERR_REDIRECT] 
2025-02-12 20:08:56,838 [ERROR] LogOutputStream:75 - [STDERR_REDIRECT] [Fatal Error] :1:1: Premature end of file.
2025-02-12 20:08:56,838 [ERROR] LogOutputStream:75 - [STDERR_REDIRECT] 
2025-02-12 20:08:57,858 [ERROR] LogOutputStream:75 - [STDERR_REDIRECT] [Fatal Error] :1:1: Premature end of file.
2025-02-12 20:08:57,858 [ERROR] LogOutputStream:75 - [STDERR_REDIRECT] 
2025-02-12 20:08:58,840 [ERROR] LogOutputStream:75 - [STDERR_REDIRECT] [Fatal Error] :1:1: Premature end of file.
2025-02-12 20:08:58,840 [ERROR] LogOutputStream:75 - [STDERR_REDIRECT] 
2025-02-12 20:08:59,843 [ERROR] LogOutputStream:75 - [STDERR_REDIRECT] [Fatal Error] :1:1: Premature end of file.
2025-02-12 20:08:59,843 [ERROR] LogOutputStream:75 - [STDERR_REDIRECT] 
2025-02-12 20:09:00,857 [ERROR] LogOutputStream:75 - [STDERR_REDIRECT] [Fatal Error] :1:1: Premature end of file.
2025-02-12 20:09:00,857 [ERROR] LogOutputStream:75 - [STDERR_REDIRECT] 
2025-02-12 20:09:01,838 [ERROR] LogOutputStream:75 - [STDERR_REDIRECT] [Fatal Error] :1:1: Premature end of file.
2025-02-12 20:09:01,838 [ERROR] LogOutputStream:75 - [STDERR_REDIRECT] 
2025-02-12 20:09:02,838 [ERROR] LogOutputStream:75 - [STDERR_REDIRECT] [Fatal Error] :1:1: Premature end of file.
2025-02-12 20:09:02,838 [ERROR] LogOutputStream:75 - [STDERR_REDIRECT] 
2025-02-12 20:09:03,854 [ERROR] LogOutputStream:75 - [STDERR_REDIRECT] [Fatal Error] :1:1: Premature end of file.
2025-02-12 20:09:03,854 [ERROR] LogOutputStream:75 - [STDERR_REDIRECT] 
2025-02-12 20:09:04,837 [ERROR] LogOutputStream:75 - [STDERR_REDIRECT] [Fatal Error] :1:1: Premature end of file.
2025-02-12 20:09:04,837 [ERROR] LogOutputStream:75 - [STDERR_REDIRECT] 
2025-02-12 20:09:05,838 [ERROR] LogOutputStream:75 - [STDERR_REDIRECT] [Fatal Error] :1:1: Premature end of file.
2025-02-12 20:09:05,838 [ERROR] LogOutputStream:75 - [STDERR_REDIRECT] 
2025-02-12 20:09:06,842 [ERROR] LogOutputStream:75 - [STDERR_REDIRECT] [Fatal Error] :1:1: Premature end of file.
2025-02-12 20:09:06,842 [ERROR] LogOutputStream:75 - [STDERR_REDIRECT] 
2025-02-12 20:09:07,838 [ERROR] LogOutputStream:75 - [STDERR_REDIRECT] [Fatal Error] :1:1: Premature end of file.
2025-02-12 20:09:07,838 [ERROR] LogOutputStream:75 - [STDERR_REDIRECT] 
2025-02-12 20:09:08,834 [ERROR] LogOutputStream:75 - [STDERR_REDIRECT] [Fatal Error] :1:1: Premature end of file.
2025-02-12 20:09:08,834 [ERROR] LogOutputStream:75 - [STDERR_REDIRECT] 
2025-02-12 20:09:09,843 [ERROR] LogOutputStream:75 - [STDERR_REDIRECT] [Fatal Error] :1:1: Premature end of file.
2025-02-12 20:09:09,843 [ERROR] LogOutputStream:75 - [STDERR_REDIRECT] 
2025-02-12 20:09:10,834 [ERROR] LogOutputStream:75 - [STDERR_REDIRECT] [Fatal Error] :1:1: Premature end of file.
2025-02-12 20:09:10,834 [ERROR] LogOutputStream:75 - [STDERR_REDIRECT] 
2025-02-12 20:09:11,824 [ERROR] LogOutputStream:75 - [STDERR_REDIRECT] [Fatal Error] :1:1: Premature end of file.
2025-02-12 20:09:11,824 [ERROR] LogOutputStream:75 - [STDERR_REDIRECT] 
2025-02-12 20:09:12,838 [ERROR] LogOutputStream:75 - [STDERR_REDIRECT] [Fatal Error] :1:1: Premature end of file.
2025-02-12 20:09:12,838 [ERROR] LogOutputStream:75 - [STDERR_REDIRECT] 
2025-02-12 20:09:13,837 [ERROR] LogOutputStream:75 - [STDERR_REDIRECT] [Fatal Error] :1:1: Premature end of file.
2025-02-12 20:09:13,837 [ERROR] LogOutputStream:75 - [STDERR_REDIRECT] 
2025-02-12 20:09:14,843 [ERROR] LogOutputStream:75 - [STDERR_REDIRECT] [Fatal Error] :1:1: Premature end of file.
2025-02-12 20:09:14,843 [ERROR] LogOutputStream:75 - [STDERR_REDIRECT] 
2025-02-12 20:09:15,845 [ERROR] LogOutputStream:75 - [STDERR_REDIRECT] [Fatal Error] :1:1: Premature end of file.
2025-02-12 20:09:15,845 [ERROR] LogOutputStream:75 - [STDERR_REDIRECT] 
2025-02-12 20:09:16,834 [ERROR] LogOutputStream:75 - [STDERR_REDIRECT] [Fatal Error] :1:1: Premature end of file.
2025-02-12 20:09:16,834 [ERROR] LogOutputStream:75 - [STDERR_REDIRECT] 
2025-02-12 20:09:17,834 [ERROR] LogOutputStream:75 - [STDERR_REDIRECT] [Fatal Error] :1:1: Premature end of file.
2025-02-12 20:09:17,840 [ERROR] LogOutputStream:75 - [STDERR_REDIRECT] 
2025-02-12 20:09:18,838 [ERROR] LogOutputStream:75 - [STDERR_REDIRECT] [Fatal Error] :1:1: Premature end of file.
2025-02-12 20:09:18,838 [ERROR] LogOutputStream:75 - [STDERR_REDIRECT] 
2025-02-12 20:09:19,843 [ERROR] LogOutputStream:75 - [STDERR_REDIRECT] [Fatal Error] :1:1: Premature end of file.
2025-02-12 20:09:19,843 [ERROR] LogOutputStream:75 - [STDERR_REDIRECT] 
2025-02-12 20:09:20,825 [ERROR] LogOutputStream:75 - [STDERR_REDIRECT] [Fatal Error] :1:1: Premature end of file.
2025-02-12 20:09:20,825 [ERROR] LogOutputStream:75 - [STDERR_REDIRECT] 
2025-02-12 20:09:21,843 [ERROR] LogOutputStream:75 - [STDERR_REDIRECT] [Fatal Error] :1:1: Premature end of file.
2025-02-12 20:09:21,843 [ERROR] LogOutputStream:75 - [STDERR_REDIRECT] 
2025-02-12 20:09:22,840 [ERROR] LogOutputStream:75 - [STDERR_REDIRECT] [Fatal Error] :1:1: Premature end of file.
2025-02-12 20:09:22,840 [ERROR] LogOutputStream:75 - [STDERR_REDIRECT] 
2025-02-12 20:09:23,839 [ERROR] LogOutputStream:75 - [STDERR_REDIRECT] [Fatal Error] :1:1: Premature end of file.
2025-02-12 20:09:23,839 [ERROR] LogOutputStream:75 - [STDERR_REDIRECT] 
2025-02-12 20:09:24,845 [ERROR] LogOutputStream:75 - [STDERR_REDIRECT] [Fatal Error] :1:1: Premature end of file.
2025-02-12 20:09:24,845 [ERROR] LogOutputStream:75 - [STDERR_REDIRECT] 
2025-02-12 20:09:25,844 [ERROR] LogOutputStream:75 - [STDERR_REDIRECT] [Fatal Error] :1:1: Premature end of file.
2025-02-12 20:09:25,845 [ERROR] LogOutputStream:75 - [STDERR_REDIRECT] 
2025-02-12 20:09:26,840 [ERROR] LogOutputStream:75 - [STDERR_REDIRECT] [Fatal Error] :1:1: Premature end of file.
2025-02-12 20:09:26,840 [ERROR] LogOutputStream:75 - [STDERR_REDIRECT] 
2025-02-12 20:09:27,833 [ERROR] LogOutputStream:75 - [STDERR_REDIRECT] [Fatal Error] :1:1: Premature end of file.
2025-02-12 20:09:27,833 [ERROR] LogOutputStream:75 - [STDERR_REDIRECT] 
2025-02-12 20:09:28,841 [ERROR] LogOutputStream:75 - [STDERR_REDIRECT] [Fatal Error] :1:1: Premature end of file.
2025-02-12 20:09:28,841 [ERROR] LogOutputStream:75 - [STDERR_REDIRECT] 
2025-02-12 20:09:29,842 [ERROR] LogOutputStream:75 - [STDERR_REDIRECT] [Fatal Error] :1:1: Premature end of file.
2025-02-12 20:09:29,842 [ERROR] LogOutputStream:75 - [STDERR_REDIRECT] 
2025-02-12 20:09:30,845 [ERROR] LogOutputStream:75 - [STDERR_REDIRECT] [Fatal Error] :1:1: Premature end of file.
2025-02-12 20:09:30,845 [ERROR] LogOutputStream:75 - [STDERR_REDIRECT] 
2025-02-12 20:09:31,843 [ERROR] LogOutputStream:75 - [STDERR_REDIRECT] [Fatal Error] :1:1: Premature end of file.
2025-02-12 20:09:31,843 [ERROR] LogOutputStream:75 - [STDERR_REDIRECT] 
2025-02-12 20:09:32,847 [ERROR] LogOutputStream:75 - [STDERR_REDIRECT] [Fatal Error] :1:1: Premature end of file.
2025-02-12 20:09:32,847 [ERROR] LogOutputStream:75 - [STDERR_REDIRECT] 
2025-02-12 20:09:33,848 [ERROR] LogOutputStream:75 - [STDERR_REDIRECT] [Fatal Error] :1:1: Premature end of file.
2025-02-12 20:09:33,848 [ERROR] LogOutputStream:75 - [STDERR_REDIRECT] 
2025-02-12 20:09:34,845 [ERROR] LogOutputStream:75 - [STDERR_REDIRECT] [Fatal Error] :1:1: Premature end of file.
2025-02-12 20:09:34,845 [ERROR] LogOutputStream:75 - [STDERR_REDIRECT] 
2025-02-12 20:09:35,840 [ERROR] LogOutputStream:75 - [STDERR_REDIRECT] [Fatal Error] :1:1: Premature end of file.
2025-02-12 20:09:35,840 [ERROR] LogOutputStream:75 - [STDERR_REDIRECT] 
2025-02-12 20:09:36,842 [ERROR] LogOutputStream:75 - [STDERR_REDIRECT] [Fatal Error] :1:1: Premature end of file.
2025-02-12 20:09:36,842 [ERROR] LogOutputStream:75 - [STDERR_REDIRECT] 
2025-02-12 20:09:37,841 [ERROR] LogOutputStream:75 - [STDERR_REDIRECT] [Fatal Error] :1:1: Premature end of file.
2025-02-12 20:09:37,841 [ERROR] LogOutputStream:75 - [STDERR_REDIRECT] 
2025-02-12 20:09:38,841 [ERROR] LogOutputStream:75 - [STDERR_REDIRECT] [Fatal Error] :1:1: Premature end of file.
2025-02-12 20:09:38,841 [ERROR] LogOutputStream:75 - [STDERR_REDIRECT] 
2025-02-12 20:09:39,839 [ERROR] LogOutputStream:75 - [STDERR_REDIRECT] [Fatal Error] :1:1: Premature end of file.
2025-02-12 20:09:39,840 [ERROR] LogOutputStream:75 - [STDERR_REDIRECT] 
2025-02-12 20:09:40,839 [ERROR] LogOutputStream:75 - [STDERR_REDIRECT] [Fatal Error] :1:1: Premature end of file.
2025-02-12 20:09:40,839 [ERROR] LogOutputStream:75 - [STDERR_REDIRECT] 
2025-02-12 20:09:41,841 [ERROR] LogOutputStream:75 - [STDERR_REDIRECT] [Fatal Error] :1:1: Premature end of file.
2025-02-12 20:09:41,841 [ERROR] LogOutputStream:75 - [STDERR_REDIRECT] 
2025-02-12 20:09:42,838 [ERROR] LogOutputStream:75 - [STDERR_REDIRECT] [Fatal Error] :1:1: Premature end of file.
2025-02-12 20:09:42,838 [ERROR] LogOutputStream:75 - [STDERR_REDIRECT] 
2025-02-12 20:09:43,839 [ERROR] LogOutputStream:75 - [STDERR_REDIRECT] [Fatal Error] :1:1: Premature end of file.
2025-02-12 20:09:43,839 [ERROR] LogOutputStream:75 - [STDERR_REDIRECT] 
2025-02-12 20:09:44,837 [ERROR] LogOutputStream:75 - [STDERR_REDIRECT] [Fatal Error] :1:1: Premature end of file.
2025-02-12 20:09:44,837 [ERROR] LogOutputStream:75 - [STDERR_REDIRECT] 
2025-02-12 20:09:45,844 [ERROR] LogOutputStream:75 - [STDERR_REDIRECT] [Fatal Error] :1:1: Premature end of file.
2025-02-12 20:09:45,844 [ERROR] LogOutputStream:75 - [STDERR_REDIRECT] 
2025-02-12 20:09:46,836 [ERROR] LogOutputStream:75 - [STDERR_REDIRECT] [Fatal Error] :1:1: Premature end of file.
2025-02-12 20:09:46,837 [ERROR] LogOutputStream:75 - [STDERR_REDIRECT] 
2025-02-12 20:09:47,831 [ERROR] LogOutputStream:75 - [STDERR_REDIRECT] [Fatal Error] :1:1: Premature end of file.
2025-02-12 20:09:47,831 [ERROR] LogOutputStream:75 - [STDERR_REDIRECT] 
2025-02-12 20:09:48,841 [ERROR] LogOutputStream:75 - [STDERR_REDIRECT] [Fatal Error] :1:1: Premature end of file.
2025-02-12 20:09:48,841 [ERROR] LogOutputStream:75 - [STDERR_REDIRECT] 
2025-02-12 20:09:49,836 [ERROR] LogOutputStream:75 - [STDERR_REDIRECT] [Fatal Error] :1:1: Premature end of file.
2025-02-12 20:09:49,836 [ERROR] LogOutputStream:75 - [STDERR_REDIRECT] 
2025-02-12 20:09:50,836 [ERROR] LogOutputStream:75 - [STDERR_REDIRECT] [Fatal Error] :1:1: Premature end of file.
2025-02-12 20:09:50,836 [ERROR] LogOutputStream:75 - [STDERR_REDIRECT] 
2025-02-12 20:09:51,832 [ERROR] LogOutputStream:75 - [STDERR_REDIRECT] [Fatal Error] :1:1: Premature end of file.
2025-02-12 20:09:51,832 [ERROR] LogOutputStream:75 - [STDERR_REDIRECT] 
2025-02-12 20:09:52,846 [ERROR] LogOutputStream:75 - [STDERR_REDIRECT] [Fatal Error] :1:1: Premature end of file.
2025-02-12 20:09:52,846 [ERROR] LogOutputStream:75 - [STDERR_REDIRECT] 
2025-02-12 20:09:53,834 [ERROR] LogOutputStream:75 - [STDERR_REDIRECT] [Fatal Error] :1:1: Premature end of file.
2025-02-12 20:09:53,834 [ERROR] LogOutputStream:75 - [STDERR_REDIRECT] 
2025-02-12 20:09:54,843 [ERROR] LogOutputStream:75 - [STDERR_REDIRECT] [Fatal Error] :1:1: Premature end of file.
2025-02-12 20:09:54,843 [ERROR] LogOutputStream:75 - [STDERR_REDIRECT] 
2025-02-12 20:09:55,846 [ERROR] LogOutputStream:75 - [STDERR_REDIRECT] [Fatal Error] :1:1: Premature end of file.
2025-02-12 20:09:55,846 [ERROR] LogOutputStream:75 - [STDERR_REDIRECT] 
2025-02-12 20:09:56,844 [ERROR] LogOutputStream:75 - [STDERR_REDIRECT] [Fatal Error] :1:1: Premature end of file.
2025-02-12 20:09:56,844 [ERROR] LogOutputStream:75 - [STDERR_REDIRECT] 
2025-02-12 20:09:57,837 [ERROR] LogOutputStream:75 - [STDERR_REDIRECT] [Fatal Error] :1:1: Premature end of file.
2025-02-12 20:09:57,838 [ERROR] LogOutputStream:75 - [STDERR_REDIRECT] 
2025-02-12 20:09:58,837 [ERROR] LogOutputStream:75 - [STDERR_REDIRECT] [Fatal Error] :1:1: Premature end of file.
2025-02-12 20:09:58,837 [ERROR] LogOutputStream:75 - [STDERR_REDIRECT] 
2025-02-12 20:09:59,853 [ERROR] LogOutputStream:75 - [STDERR_REDIRECT] [Fatal Error] :1:1: Premature end of file.
2025-02-12 20:09:59,853 [ERROR] LogOutputStream:75 - [STDERR_REDIRECT] 
2025-02-12 20:10:00,835 [ERROR] LogOutputStream:75 - [STDERR_REDIRECT] [Fatal Error] :1:1: Premature end of file.
2025-02-12 20:10:00,835 [ERROR] LogOutputStream:75 - [STDERR_REDIRECT] 
2025-02-12 20:10:01,846 [ERROR] LogOutputStream:75 - [STDERR_REDIRECT] [Fatal Error] :1:1: Premature end of file.
2025-02-12 20:10:01,846 [ERROR] LogOutputStream:75 - [STDERR_REDIRECT] 
2025-02-12 20:10:02,842 [ERROR] LogOutputStream:75 - [STDERR_REDIRECT] [Fatal Error] :1:1: Premature end of file.
2025-02-12 20:10:02,842 [ERROR] LogOutputStream:75 - [STDERR_REDIRECT] 
2025-02-12 20:10:03,858 [ERROR] LogOutputStream:75 - [STDERR_REDIRECT] [Fatal Error] :1:1: Premature end of file.
2025-02-12 20:10:03,858 [ERROR] LogOutputStream:75 - [STDERR_REDIRECT] 
2025-02-12 20:10:04,843 [ERROR] LogOutputStream:75 - [STDERR_REDIRECT] [Fatal Error] :1:1: Premature end of file.
2025-02-12 20:10:04,843 [ERROR] LogOutputStream:75 - [STDERR_REDIRECT] 
2025-02-12 20:10:05,841 [ERROR] LogOutputStream:75 - [STDERR_REDIRECT] [Fatal Error] :1:1: Premature end of file.
2025-02-12 20:10:05,841 [ERROR] LogOutputStream:75 - [STDERR_REDIRECT] 
2025-02-12 20:10:06,840 [ERROR] LogOutputStream:75 - [STDERR_REDIRECT] [Fatal Error] :1:1: Premature end of file.
2025-02-12 20:10:06,840 [ERROR] LogOutputStream:75 - [STDERR_REDIRECT] 
2025-02-12 20:10:07,834 [ERROR] LogOutputStream:75 - [STDERR_REDIRECT] [Fatal Error] :1:1: Premature end of file.
2025-02-12 20:10:07,834 [ERROR] LogOutputStream:75 - [STDERR_REDIRECT] 
2025-02-12 20:10:08,840 [ERROR] LogOutputStream:75 - [STDERR_REDIRECT] [Fatal Error] :1:1: Premature end of file.
2025-02-12 20:10:08,840 [ERROR] LogOutputStream:75 - [STDERR_REDIRECT] 
2025-02-12 20:10:09,839 [ERROR] LogOutputStream:75 - [STDERR_REDIRECT] [Fatal Error] :1:1: Premature end of file.
2025-02-12 20:10:09,839 [ERROR] LogOutputStream:75 - [STDERR_REDIRECT] 
2025-02-12 20:10:10,837 [ERROR] LogOutputStream:75 - [STDERR_REDIRECT] [Fatal Error] :1:1: Premature end of file.
2025-02-12 20:10:10,837 [ERROR] LogOutputStream:75 - [STDERR_REDIRECT] 
2025-02-12 20:10:11,847 [ERROR] LogOutputStream:75 - [STDERR_REDIRECT] [Fatal Error] :1:1: Premature end of file.
2025-02-12 20:10:11,847 [ERROR] LogOutputStream:75 - [STDERR_REDIRECT] 
2025-02-12 20:10:12,833 [ERROR] LogOutputStream:75 - [STDERR_REDIRECT] [Fatal Error] :1:1: Premature end of file.
2025-02-12 20:10:12,833 [ERROR] LogOutputStream:75 - [STDERR_REDIRECT] 
2025-02-12 20:10:13,838 [ERROR] LogOutputStream:75 - [STDERR_REDIRECT] [Fatal Error] :1:1: Premature end of file.
2025-02-12 20:10:13,838 [ERROR] LogOutputStream:75 - [STDERR_REDIRECT] 
2025-02-12 20:10:14,848 [ERROR] LogOutputStream:75 - [STDERR_REDIRECT] [Fatal Error] :1:1: Premature end of file.
2025-02-12 20:10:14,848 [ERROR] LogOutputStream:75 - [STDERR_REDIRECT] 
2025-02-12 20:10:15,841 [ERROR] LogOutputStream:75 - [STDERR_REDIRECT] [Fatal Error] :1:1: Premature end of file.
2025-02-12 20:10:15,841 [ERROR] LogOutputStream:75 - [STDERR_REDIRECT] 
2025-02-12 20:10:16,834 [ERROR] LogOutputStream:75 - [STDERR_REDIRECT] [Fatal Error] :1:1: Premature end of file.
2025-02-12 20:10:16,834 [ERROR] LogOutputStream:75 - [STDERR_REDIRECT] 
2025-02-12 20:10:17,845 [ERROR] LogOutputStream:75 - [STDERR_REDIRECT] [Fatal Error] :1:1: Premature end of file.
2025-02-12 20:10:17,845 [ERROR] LogOutputStream:75 - [STDERR_REDIRECT] 
2025-02-12 20:10:18,830 [ERROR] LogOutputStream:75 - [STDERR_REDIRECT] [Fatal Error] :1:1: Premature end of file.
2025-02-12 20:10:18,830 [ERROR] LogOutputStream:75 - [STDERR_REDIRECT] 
2025-02-12 20:10:19,844 [ERROR] LogOutputStream:75 - [STDERR_REDIRECT] [Fatal Error] :1:1: Premature end of file.
2025-02-12 20:10:19,844 [ERROR] LogOutputStream:75 - [STDERR_REDIRECT] 
2025-02-12 20:10:20,845 [ERROR] LogOutputStream:75 - [STDERR_REDIRECT] [Fatal Error] :1:1: Premature end of file.
2025-02-12 20:10:20,845 [ERROR] LogOutputStream:75 - [STDERR_REDIRECT] 
2025-02-12 20:10:21,843 [ERROR] LogOutputStream:75 - [STDERR_REDIRECT] [Fatal Error] :1:1: Premature end of file.
2025-02-12 20:10:21,843 [ERROR] LogOutputStream:75 - [STDERR_REDIRECT] 
2025-02-12 20:10:22,853 [ERROR] LogOutputStream:75 - [STDERR_REDIRECT] [Fatal Error] :1:1: Premature end of file.
2025-02-12 20:10:22,853 [ERROR] LogOutputStream:75 - [STDERR_REDIRECT] 
2025-02-12 20:10:23,832 [ERROR] LogOutputStream:75 - [STDERR_REDIRECT] [Fatal Error] :1:1: Premature end of file.
2025-02-12 20:10:23,832 [ERROR] LogOutputStream:75 - [STDERR_REDIRECT] 
2025-02-12 20:10:24,837 [ERROR] LogOutputStream:75 - [STDERR_REDIRECT] [Fatal Error] :1:1: Premature end of file.
2025-02-12 20:10:24,837 [ERROR] LogOutputStream:75 - [STDERR_REDIRECT] 
2025-02-12 20:10:25,835 [ERROR] LogOutputStream:75 - [STDERR_REDIRECT] [Fatal Error] :1:1: Premature end of file.
2025-02-12 20:10:25,835 [ERROR] LogOutputStream:75 - [STDERR_REDIRECT] 
2025-02-12 20:10:26,850 [ERROR] LogOutputStream:75 - [STDERR_REDIRECT] [Fatal Error] :1:1: Premature end of file.
2025-02-12 20:10:26,850 [ERROR] LogOutputStream:75 - [STDERR_REDIRECT] 
2025-02-12 20:10:27,847 [ERROR] LogOutputStream:75 - [STDERR_REDIRECT] [Fatal Error] :1:1: Premature end of file.
2025-02-12 20:10:27,847 [ERROR] LogOutputStream:75 - [STDERR_REDIRECT] 
2025-02-12 20:10:28,837 [ERROR] LogOutputStream:75 - [STDERR_REDIRECT] [Fatal Error] :1:1: Premature end of file.
2025-02-12 20:10:28,837 [ERROR] LogOutputStream:75 - [STDERR_REDIRECT] 
2025-02-12 20:10:29,838 [ERROR] LogOutputStream:75 - [STDERR_REDIRECT] [Fatal Error] :1:1: Premature end of file.
2025-02-12 20:10:29,838 [ERROR] LogOutputStream:75 - [STDERR_REDIRECT] 
2025-02-12 20:10:30,846 [ERROR] LogOutputStream:75 - [STDERR_REDIRECT] [Fatal Error] :1:1: Premature end of file.
2025-02-12 20:10:30,846 [ERROR] LogOutputStream:75 - [STDERR_REDIRECT] 
2025-02-12 20:10:31,838 [ERROR] LogOutputStream:75 - [STDERR_REDIRECT] [Fatal Error] :1:1: Premature end of file.
2025-02-12 20:10:31,838 [ERROR] LogOutputStream:75 - [STDERR_REDIRECT] 
2025-02-12 20:10:32,840 [ERROR] LogOutputStream:75 - [STDERR_REDIRECT] [Fatal Error] :1:1: Premature end of file.
2025-02-12 20:10:32,840 [ERROR] LogOutputStream:75 - [STDERR_REDIRECT] 
2025-02-12 20:10:33,837 [ERROR] LogOutputStream:75 - [STDERR_REDIRECT] [Fatal Error] :1:1: Premature end of file.
2025-02-12 20:10:33,837 [ERROR] LogOutputStream:75 - [STDERR_REDIRECT] 
2025-02-12 20:10:34,833 [ERROR] LogOutputStream:75 - [STDERR_REDIRECT] [Fatal Error] :1:1: Premature end of file.
2025-02-12 20:10:34,833 [ERROR] LogOutputStream:75 - [STDERR_REDIRECT] 
2025-02-12 20:10:35,833 [ERROR] LogOutputStream:75 - [STDERR_REDIRECT] [Fatal Error] :1:1: Premature end of file.
2025-02-12 20:10:35,835 [ERROR] LogOutputStream:75 - [STDERR_REDIRECT] 
2025-02-12 20:10:36,839 [ERROR] LogOutputStream:75 - [STDERR_REDIRECT] [Fatal Error] :1:1: Premature end of file.
2025-02-12 20:10:36,839 [ERROR] LogOutputStream:75 - [STDERR_REDIRECT] 
2025-02-12 20:10:37,859 [ERROR] LogOutputStream:75 - [STDERR_REDIRECT] [Fatal Error] :1:1: Premature end of file.
2025-02-12 20:10:37,859 [ERROR] LogOutputStream:75 - [STDERR_REDIRECT] 
2025-02-12 20:10:38,837 [ERROR] LogOutputStream:75 - [STDERR_REDIRECT] [Fatal Error] :1:1: Premature end of file.
2025-02-12 20:10:38,837 [ERROR] LogOutputStream:75 - [STDERR_REDIRECT] 
2025-02-12 20:10:39,835 [ERROR] LogOutputStream:75 - [STDERR_REDIRECT] [Fatal Error] :1:1: Premature end of file.
2025-02-12 20:10:39,835 [ERROR] LogOutputStream:75 - [STDERR_REDIRECT] 
2025-02-12 20:10:40,837 [ERROR] LogOutputStream:75 - [STDERR_REDIRECT] [Fatal Error] :1:1: Premature end of file.
2025-02-12 20:10:40,837 [ERROR] LogOutputStream:75 - [STDERR_REDIRECT] 
2025-02-12 20:10:41,840 [ERROR] LogOutputStream:75 - [STDERR_REDIRECT] [Fatal Error] :1:1: Premature end of file.
2025-02-12 20:10:41,840 [ERROR] LogOutputStream:75 - [STDERR_REDIRECT] 
2025-02-12 20:10:42,831 [ERROR] LogOutputStream:75 - [STDERR_REDIRECT] [Fatal Error] :1:1: Premature end of file.
2025-02-12 20:10:42,831 [ERROR] LogOutputStream:75 - [STDERR_REDIRECT] 
2025-02-12 20:10:43,839 [ERROR] LogOutputStream:75 - [STDERR_REDIRECT] [Fatal Error] :1:1: Premature end of file.
2025-02-12 20:10:43,839 [ERROR] LogOutputStream:75 - [STDERR_REDIRECT] 
2025-02-12 20:10:44,830 [ERROR] LogOutputStream:75 - [STDERR_REDIRECT] [Fatal Error] :1:1: Premature end of file.
2025-02-12 20:10:44,830 [ERROR] LogOutputStream:75 - [STDERR_REDIRECT] 
2025-02-12 20:10:45,829 [ERROR] LogOutputStream:75 - [STDERR_REDIRECT] [Fatal Error] :1:1: Premature end of file.
2025-02-12 20:10:45,829 [ERROR] LogOutputStream:75 - [STDERR_REDIRECT] 
2025-02-12 20:10:46,853 [ERROR] LogOutputStream:75 - [STDERR_REDIRECT] [Fatal Error] :1:1: Premature end of file.
2025-02-12 20:10:46,853 [ERROR] LogOutputStream:75 - [STDERR_REDIRECT] 
2025-02-12 20:10:47,833 [ERROR] LogOutputStream:75 - [STDERR_REDIRECT] [Fatal Error] :1:1: Premature end of file.
2025-02-12 20:10:47,833 [ERROR] LogOutputStream:75 - [STDERR_REDIRECT] 
2025-02-12 20:10:48,838 [ERROR] LogOutputStream:75 - [STDERR_REDIRECT] [Fatal Error] :1:1: Premature end of file.
2025-02-12 20:10:48,838 [ERROR] LogOutputStream:75 - [STDERR_REDIRECT] 
2025-02-12 20:10:49,833 [ERROR] LogOutputStream:75 - [STDERR_REDIRECT] [Fatal Error] :1:1: Premature end of file.
2025-02-12 20:10:49,833 [ERROR] LogOutputStream:75 - [STDERR_REDIRECT] 
2025-02-12 20:10:50,849 [ERROR] LogOutputStream:75 - [STDERR_REDIRECT] [Fatal Error] :1:1: Premature end of file.
2025-02-12 20:10:50,849 [ERROR] LogOutputStream:75 - [STDERR_REDIRECT] 
2025-02-12 20:10:51,856 [ERROR] LogOutputStream:75 - [STDERR_REDIRECT] [Fatal Error] :1:1: Premature end of file.
2025-02-12 20:10:51,856 [ERROR] LogOutputStream:75 - [STDERR_REDIRECT] 
2025-02-12 20:10:52,838 [ERROR] LogOutputStream:75 - [STDERR_REDIRECT] [Fatal Error] :1:1: Premature end of file.
2025-02-12 20:10:52,838 [ERROR] LogOutputStream:75 - [STDERR_REDIRECT] 
2025-02-12 20:10:53,844 [ERROR] LogOutputStream:75 - [STDERR_REDIRECT] [Fatal Error] :1:1: Premature end of file.
2025-02-12 20:10:53,844 [ERROR] LogOutputStream:75 - [STDERR_REDIRECT] 
2025-02-12 20:10:54,833 [ERROR] LogOutputStream:75 - [STDERR_REDIRECT] [Fatal Error] :1:1: Premature end of file.
2025-02-12 20:10:54,833 [ERROR] LogOutputStream:75 - [STDERR_REDIRECT] 
2025-02-12 20:10:55,839 [ERROR] LogOutputStream:75 - [STDERR_REDIRECT] [Fatal Error] :1:1: Premature end of file.
2025-02-12 20:10:55,839 [ERROR] LogOutputStream:75 - [STDERR_REDIRECT] 
2025-02-12 20:10:56,844 [ERROR] LogOutputStream:75 - [STDERR_REDIRECT] [Fatal Error] :1:1: Premature end of file.
2025-02-12 20:10:56,844 [ERROR] LogOutputStream:75 - [STDERR_REDIRECT] 
2025-02-12 20:10:57,838 [ERROR] LogOutputStream:75 - [STDERR_REDIRECT] [Fatal Error] :1:1: Premature end of file.
2025-02-12 20:10:57,838 [ERROR] LogOutputStream:75 - [STDERR_REDIRECT] 
2025-02-12 20:10:58,836 [ERROR] LogOutputStream:75 - [STDERR_REDIRECT] [Fatal Error] :1:1: Premature end of file.
2025-02-12 20:10:58,836 [ERROR] LogOutputStream:75 - [STDERR_REDIRECT] 
2025-02-12 20:10:59,835 [ERROR] LogOutputStream:75 - [STDERR_REDIRECT] [Fatal Error] :1:1: Premature end of file.
2025-02-12 20:10:59,835 [ERROR] LogOutputStream:75 - [STDERR_REDIRECT] 
2025-02-12 20:11:00,847 [ERROR] LogOutputStream:75 - [STDERR_REDIRECT] [Fatal Error] :1:1: Premature end of file.
2025-02-12 20:11:00,847 [ERROR] LogOutputStream:75 - [STDERR_REDIRECT] 
2025-02-12 20:11:01,845 [ERROR] LogOutputStream:75 - [STDERR_REDIRECT] [Fatal Error] :1:1: Premature end of file.
2025-02-12 20:11:01,845 [ERROR] LogOutputStream:75 - [STDERR_REDIRECT] 
2025-02-12 20:11:02,845 [ERROR] LogOutputStream:75 - [STDERR_REDIRECT] [Fatal Error] :1:1: Premature end of file.
2025-02-12 20:11:02,845 [ERROR] LogOutputStream:75 - [STDERR_REDIRECT] 
2025-02-12 20:11:03,833 [ERROR] LogOutputStream:75 - [STDERR_REDIRECT] [Fatal Error] :1:1: Premature end of file.
2025-02-12 20:11:03,833 [ERROR] LogOutputStream:75 - [STDERR_REDIRECT] 
2025-02-12 20:11:04,845 [ERROR] LogOutputStream:75 - [STDERR_REDIRECT] [Fatal Error] :1:1: Premature end of file.
2025-02-12 20:11:04,845 [ERROR] LogOutputStream:75 - [STDERR_REDIRECT] 
2025-02-12 20:11:05,844 [ERROR] LogOutputStream:75 - [STDERR_REDIRECT] [Fatal Error] :1:1: Premature end of file.
2025-02-12 20:11:05,844 [ERROR] LogOutputStream:75 - [STDERR_REDIRECT] 
2025-02-12 20:11:06,845 [ERROR] LogOutputStream:75 - [STDERR_REDIRECT] [Fatal Error] :1:1: Premature end of file.
2025-02-12 20:11:06,845 [ERROR] LogOutputStream:75 - [STDERR_REDIRECT] 
2025-02-12 20:11:07,842 [ERROR] LogOutputStream:75 - [STDERR_REDIRECT] [Fatal Error] :1:1: Premature end of file.
2025-02-12 20:11:07,842 [ERROR] LogOutputStream:75 - [STDERR_REDIRECT] 
2025-02-12 20:11:08,841 [ERROR] LogOutputStream:75 - [STDERR_REDIRECT] [Fatal Error] :1:1: Premature end of file.
2025-02-12 20:11:08,841 [ERROR] LogOutputStream:75 - [STDERR_REDIRECT] 
2025-02-12 20:11:09,835 [ERROR] LogOutputStream:75 - [STDERR_REDIRECT] [Fatal Error] :1:1: Premature end of file.
2025-02-12 20:11:09,835 [ERROR] LogOutputStream:75 - [STDERR_REDIRECT] 
2025-02-12 20:11:10,844 [ERROR] LogOutputStream:75 - [STDERR_REDIRECT] [Fatal Error] :1:1: Premature end of file.
2025-02-12 20:11:10,844 [ERROR] LogOutputStream:75 - [STDERR_REDIRECT] 
2025-02-12 20:11:11,841 [ERROR] LogOutputStream:75 - [STDERR_REDIRECT] [Fatal Error] :1:1: Premature end of file.
2025-02-12 20:11:11,841 [ERROR] LogOutputStream:75 - [STDERR_REDIRECT] 
2025-02-12 20:11:12,844 [ERROR] LogOutputStream:75 - [STDERR_REDIRECT] [Fatal Error] :1:1: Premature end of file.
2025-02-12 20:11:12,844 [ERROR] LogOutputStream:75 - [STDERR_REDIRECT] 
2025-02-12 20:11:13,845 [ERROR] LogOutputStream:75 - [STDERR_REDIRECT] [Fatal Error] :1:1: Premature end of file.
2025-02-12 20:11:13,845 [ERROR] LogOutputStream:75 - [STDERR_REDIRECT] 
2025-02-12 20:11:14,833 [ERROR] LogOutputStream:75 - [STDERR_REDIRECT] [Fatal Error] :1:1: Premature end of file.
2025-02-12 20:11:14,833 [ERROR] LogOutputStream:75 - [STDERR_REDIRECT] 
2025-02-12 20:11:15,846 [ERROR] LogOutputStream:75 - [STDERR_REDIRECT] [Fatal Error] :1:1: Premature end of file.
2025-02-12 20:11:15,846 [ERROR] LogOutputStream:75 - [STDERR_REDIRECT] 
2025-02-12 20:11:16,845 [ERROR] LogOutputStream:75 - [STDERR_REDIRECT] [Fatal Error] :1:1: Premature end of file.
2025-02-12 20:11:16,845 [ERROR] LogOutputStream:75 - [STDERR_REDIRECT] 
2025-02-12 20:11:17,845 [ERROR] LogOutputStream:75 - [STDERR_REDIRECT] [Fatal Error] :1:1: Premature end of file.
2025-02-12 20:11:17,845 [ERROR] LogOutputStream:75 - [STDERR_REDIRECT] 
2025-02-12 20:11:18,836 [ERROR] LogOutputStream:75 - [STDERR_REDIRECT] [Fatal Error] :1:1: Premature end of file.
2025-02-12 20:11:18,836 [ERROR] LogOutputStream:75 - [STDERR_REDIRECT] 
2025-02-12 20:11:19,844 [ERROR] LogOutputStream:75 - [STDERR_REDIRECT] [Fatal Error] :1:1: Premature end of file.
2025-02-12 20:11:19,844 [ERROR] LogOutputStream:75 - [STDERR_REDIRECT] 
2025-02-12 20:11:20,837 [ERROR] LogOutputStream:75 - [STDERR_REDIRECT] [Fatal Error] :1:1: Premature end of file.
2025-02-12 20:11:20,837 [ERROR] LogOutputStream:75 - [STDERR_REDIRECT] 
2025-02-12 20:11:21,834 [ERROR] LogOutputStream:75 - [STDERR_REDIRECT] [Fatal Error] :1:1: Premature end of file.
2025-02-12 20:11:21,834 [ERROR] LogOutputStream:75 - [STDERR_REDIRECT] 
2025-02-12 20:11:22,852 [ERROR] LogOutputStream:75 - [STDERR_REDIRECT] [Fatal Error] :1:1: Premature end of file.
2025-02-12 20:11:22,852 [ERROR] LogOutputStream:75 - [STDERR_REDIRECT] 
2025-02-12 20:11:23,836 [ERROR] LogOutputStream:75 - [STDERR_REDIRECT] [Fatal Error] :1:1: Premature end of file.
2025-02-12 20:11:23,836 [ERROR] LogOutputStream:75 - [STDERR_REDIRECT] 
2025-02-12 20:11:24,831 [ERROR] LogOutputStream:75 - [STDERR_REDIRECT] [Fatal Error] :1:1: Premature end of file.
2025-02-12 20:11:24,831 [ERROR] LogOutputStream:75 - [STDERR_REDIRECT] 
2025-02-12 20:11:25,835 [ERROR] LogOutputStream:75 - [STDERR_REDIRECT] [Fatal Error] :1:1: Premature end of file.
2025-02-12 20:11:25,835 [ERROR] LogOutputStream:75 - [STDERR_REDIRECT] 
2025-02-12 20:11:26,837 [ERROR] LogOutputStream:75 - [STDERR_REDIRECT] [Fatal Error] :1:1: Premature end of file.
2025-02-12 20:11:26,837 [ERROR] LogOutputStream:75 - [STDERR_REDIRECT] 
2025-02-12 20:11:27,831 [ERROR] LogOutputStream:75 - [STDERR_REDIRECT] [Fatal Error] :1:1: Premature end of file.
2025-02-12 20:11:27,831 [ERROR] LogOutputStream:75 - [STDERR_REDIRECT] 
2025-02-12 20:11:28,836 [ERROR] LogOutputStream:75 - [STDERR_REDIRECT] [Fatal Error] :1:1: Premature end of file.
2025-02-12 20:11:28,836 [ERROR] LogOutputStream:75 - [STDERR_REDIRECT] 
2025-02-12 20:11:29,834 [ERROR] LogOutputStream:75 - [STDERR_REDIRECT] [Fatal Error] :1:1: Premature end of file.
2025-02-12 20:11:29,834 [ERROR] LogOutputStream:75 - [STDERR_REDIRECT] 
2025-02-12 20:11:30,829 [ERROR] LogOutputStream:75 - [STDERR_REDIRECT] [Fatal Error] :1:1: Premature end of file.
2025-02-12 20:11:30,829 [ERROR] LogOutputStream:75 - [STDERR_REDIRECT] 
2025-02-12 20:11:31,829 [ERROR] LogOutputStream:75 - [STDERR_REDIRECT] [Fatal Error] :1:1: Premature end of file.
2025-02-12 20:11:31,829 [ERROR] LogOutputStream:75 - [STDERR_REDIRECT] 
2025-02-12 20:11:32,830 [ERROR] LogOutputStream:75 - [STDERR_REDIRECT] [Fatal Error] :1:1: Premature end of file.
2025-02-12 20:11:32,830 [ERROR] LogOutputStream:75 - [STDERR_REDIRECT] 
2025-02-12 20:11:33,831 [ERROR] LogOutputStream:75 - [STDERR_REDIRECT] [Fatal Error] :1:1: Premature end of file.
2025-02-12 20:11:33,831 [ERROR] LogOutputStream:75 - [STDERR_REDIRECT] 
2025-02-12 20:11:34,834 [ERROR] LogOutputStream:75 - [STDERR_REDIRECT] [Fatal Error] :1:1: Premature end of file.
2025-02-12 20:11:34,834 [ERROR] LogOutputStream:75 - [STDERR_REDIRECT] 
2025-02-12 20:11:35,835 [ERROR] LogOutputStream:75 - [STDERR_REDIRECT] [Fatal Error] :1:1: Premature end of file.
2025-02-12 20:11:35,835 [ERROR] LogOutputStream:75 - [STDERR_REDIRECT] 
2025-02-12 20:11:36,834 [ERROR] LogOutputStream:75 - [STDERR_REDIRECT] [Fatal Error] :1:1: Premature end of file.
2025-02-12 20:11:36,834 [ERROR] LogOutputStream:75 - [STDERR_REDIRECT] 
2025-02-12 20:11:37,844 [ERROR] LogOutputStream:75 - [STDERR_REDIRECT] [Fatal Error] :1:1: Premature end of file.
2025-02-12 20:11:37,844 [ERROR] LogOutputStream:75 - [STDERR_REDIRECT] 
2025-02-12 20:11:38,834 [ERROR] LogOutputStream:75 - [STDERR_REDIRECT] [Fatal Error] :1:1: Premature end of file.
2025-02-12 20:11:38,834 [ERROR] LogOutputStream:75 - [STDERR_REDIRECT] 
2025-02-12 20:11:39,841 [ERROR] LogOutputStream:75 - [STDERR_REDIRECT] [Fatal Error] :1:1: Premature end of file.
2025-02-12 20:11:39,841 [ERROR] LogOutputStream:75 - [STDERR_REDIRECT] 
2025-02-12 20:11:40,833 [ERROR] LogOutputStream:75 - [STDERR_REDIRECT] [Fatal Error] :1:1: Premature end of file.
2025-02-12 20:11:40,833 [ERROR] LogOutputStream:75 - [STDERR_REDIRECT] 
2025-02-12 20:11:41,834 [ERROR] LogOutputStream:75 - [STDERR_REDIRECT] [Fatal Error] :1:1: Premature end of file.
2025-02-12 20:11:41,834 [ERROR] LogOutputStream:75 - [STDERR_REDIRECT] 
2025-02-12 20:11:42,833 [ERROR] LogOutputStream:75 - [STDERR_REDIRECT] [Fatal Error] :1:1: Premature end of file.
2025-02-12 20:11:42,833 [ERROR] LogOutputStream:75 - [STDERR_REDIRECT] 
2025-02-12 20:11:43,833 [ERROR] LogOutputStream:75 - [STDERR_REDIRECT] [Fatal Error] :1:1: Premature end of file.
2025-02-12 20:11:43,833 [ERROR] LogOutputStream:75 - [STDERR_REDIRECT] 
2025-02-12 20:11:44,832 [ERROR] LogOutputStream:75 - [STDERR_REDIRECT] [Fatal Error] :1:1: Premature end of file.
2025-02-12 20:11:44,832 [ERROR] LogOutputStream:75 - [STDERR_REDIRECT] 
2025-02-12 20:11:45,829 [ERROR] LogOutputStream:75 - [STDERR_REDIRECT] [Fatal Error] :1:1: Premature end of file.
2025-02-12 20:11:45,829 [ERROR] LogOutputStream:75 - [STDERR_REDIRECT] 
2025-02-12 20:11:46,830 [ERROR] LogOutputStream:75 - [STDERR_REDIRECT] [Fatal Error] :1:1: Premature end of file.
2025-02-12 20:11:46,830 [ERROR] LogOutputStream:75 - [STDERR_REDIRECT] 
2025-02-12 20:11:47,830 [ERROR] LogOutputStream:75 - [STDERR_REDIRECT] [Fatal Error] :1:1: Premature end of file.
2025-02-12 20:11:47,830 [ERROR] LogOutputStream:75 - [STDERR_REDIRECT] 
2025-02-12 20:11:48,833 [ERROR] LogOutputStream:75 - [STDERR_REDIRECT] [Fatal Error] :1:1: Premature end of file.
2025-02-12 20:11:48,833 [ERROR] LogOutputStream:75 - [STDERR_REDIRECT] 
2025-02-12 20:11:49,835 [ERROR] LogOutputStream:75 - [STDERR_REDIRECT] [Fatal Error] :1:1: Premature end of file.
2025-02-12 20:11:49,835 [ERROR] LogOutputStream:75 - [STDERR_REDIRECT] 
2025-02-12 20:11:50,830 [ERROR] LogOutputStream:75 - [STDERR_REDIRECT] [Fatal Error] :1:1: Premature end of file.
2025-02-12 20:11:50,830 [ERROR] LogOutputStream:75 - [STDERR_REDIRECT] 
2025-02-12 20:11:51,830 [ERROR] LogOutputStream:75 - [STDERR_REDIRECT] [Fatal Error] :1:1: Premature end of file.
2025-02-12 20:11:51,830 [ERROR] LogOutputStream:75 - [STDERR_REDIRECT] 
2025-02-12 20:11:52,831 [ERROR] LogOutputStream:75 - [STDERR_REDIRECT] [Fatal Error] :1:1: Premature end of file.
2025-02-12 20:11:52,831 [ERROR] LogOutputStream:75 - [STDERR_REDIRECT] 
2025-02-12 20:11:53,832 [ERROR] LogOutputStream:75 - [STDERR_REDIRECT] [Fatal Error] :1:1: Premature end of file.
2025-02-12 20:11:53,832 [ERROR] LogOutputStream:75 - [STDERR_REDIRECT] 
2025-02-12 20:11:54,828 [ERROR] LogOutputStream:75 - [STDERR_REDIRECT] [Fatal Error] :1:1: Premature end of file.
2025-02-12 20:11:54,828 [ERROR] LogOutputStream:75 - [STDERR_REDIRECT] 
2025-02-12 20:11:55,838 [ERROR] LogOutputStream:75 - [STDERR_REDIRECT] [Fatal Error] :1:1: Premature end of file.
2025-02-12 20:11:55,838 [ERROR] LogOutputStream:75 - [STDERR_REDIRECT] 
2025-02-12 20:11:56,835 [ERROR] LogOutputStream:75 - [STDERR_REDIRECT] [Fatal Error] :1:1: Premature end of file.
2025-02-12 20:11:56,835 [ERROR] LogOutputStream:75 - [STDERR_REDIRECT] 
2025-02-12 20:11:57,829 [ERROR] LogOutputStream:75 - [STDERR_REDIRECT] [Fatal Error] :1:1: Premature end of file.
2025-02-12 20:11:57,829 [ERROR] LogOutputStream:75 - [STDERR_REDIRECT] 
2025-02-12 20:11:58,841 [ERROR] LogOutputStream:75 - [STDERR_REDIRECT] [Fatal Error] :1:1: Premature end of file.
2025-02-12 20:11:58,841 [ERROR] LogOutputStream:75 - [STDERR_REDIRECT] 
2025-02-12 20:11:59,837 [ERROR] LogOutputStream:75 - [STDERR_REDIRECT] [Fatal Error] :1:1: Premature end of file.
2025-02-12 20:11:59,837 [ERROR] LogOutputStream:75 - [STDERR_REDIRECT] 
2025-02-12 20:12:00,832 [ERROR] LogOutputStream:75 - [STDERR_REDIRECT] [Fatal Error] :1:1: Premature end of file.
2025-02-12 20:12:00,832 [ERROR] LogOutputStream:75 - [STDERR_REDIRECT] 
2025-02-12 20:12:01,848 [ERROR] LogOutputStream:75 - [STDERR_REDIRECT] [Fatal Error] :1:1: Premature end of file.
2025-02-12 20:12:01,848 [ERROR] LogOutputStream:75 - [STDERR_REDIRECT] 
2025-02-12 20:12:02,831 [ERROR] LogOutputStream:75 - [STDERR_REDIRECT] [Fatal Error] :1:1: Premature end of file.
2025-02-12 20:12:02,831 [ERROR] LogOutputStream:75 - [STDERR_REDIRECT] 
2025-02-12 20:12:03,834 [ERROR] LogOutputStream:75 - [STDERR_REDIRECT] [Fatal Error] :1:1: Premature end of file.
2025-02-12 20:12:03,834 [ERROR] LogOutputStream:75 - [STDERR_REDIRECT] 
2025-02-12 20:12:04,843 [ERROR] LogOutputStream:75 - [STDERR_REDIRECT] [Fatal Error] :1:1: Premature end of file.
2025-02-12 20:12:04,843 [ERROR] LogOutputStream:75 - [STDERR_REDIRECT] 
2025-02-12 20:12:05,831 [ERROR] LogOutputStream:75 - [STDERR_REDIRECT] [Fatal Error] :1:1: Premature end of file.
2025-02-12 20:12:05,831 [ERROR] LogOutputStream:75 - [STDERR_REDIRECT] 
2025-02-12 20:12:06,842 [ERROR] LogOutputStream:75 - [STDERR_REDIRECT] [Fatal Error] :1:1: Premature end of file.
2025-02-12 20:12:06,842 [ERROR] LogOutputStream:75 - [STDERR_REDIRECT] 
2025-02-12 20:12:07,843 [ERROR] LogOutputStream:75 - [STDERR_REDIRECT] [Fatal Error] :1:1: Premature end of file.
2025-02-12 20:12:07,843 [ERROR] LogOutputStream:75 - [STDERR_REDIRECT] 
2025-02-12 20:12:08,838 [ERROR] LogOutputStream:75 - [STDERR_REDIRECT] [Fatal Error] :1:1: Premature end of file.
2025-02-12 20:12:08,838 [ERROR] LogOutputStream:75 - [STDERR_REDIRECT] 
2025-02-12 20:12:09,838 [ERROR] LogOutputStream:75 - [STDERR_REDIRECT] [Fatal Error] :1:1: Premature end of file.
2025-02-12 20:12:09,838 [ERROR] LogOutputStream:75 - [STDERR_REDIRECT] 
2025-02-12 20:12:10,833 [ERROR] LogOutputStream:75 - [STDERR_REDIRECT] [Fatal Error] :1:1: Premature end of file.
2025-02-12 20:12:10,833 [ERROR] LogOutputStream:75 - [STDERR_REDIRECT] 
2025-02-12 20:12:11,832 [ERROR] LogOutputStream:75 - [STDERR_REDIRECT] [Fatal Error] :1:1: Premature end of file.
2025-02-12 20:12:11,832 [ERROR] LogOutputStream:75 - [STDERR_REDIRECT] 
2025-02-12 20:12:12,834 [ERROR] LogOutputStream:75 - [STDERR_REDIRECT] [Fatal Error] :1:1: Premature end of file.
2025-02-12 20:12:12,834 [ERROR] LogOutputStream:75 - [STDERR_REDIRECT] 
2025-02-12 20:12:13,830 [ERROR] LogOutputStream:75 - [STDERR_REDIRECT] [Fatal Error] :1:1: Premature end of file.
2025-02-12 20:12:13,830 [ERROR] LogOutputStream:75 - [STDERR_REDIRECT] 
2025-02-12 20:12:14,835 [ERROR] LogOutputStream:75 - [STDERR_REDIRECT] [Fatal Error] :1:1: Premature end of file.
2025-02-12 20:12:14,835 [ERROR] LogOutputStream:75 - [STDERR_REDIRECT] 
2025-02-12 20:12:15,841 [ERROR] LogOutputStream:75 - [STDERR_REDIRECT] [Fatal Error] :1:1: Premature end of file.
2025-02-12 20:12:15,841 [ERROR] LogOutputStream:75 - [STDERR_REDIRECT] 
2025-02-12 20:12:16,842 [ERROR] LogOutputStream:75 - [STDERR_REDIRECT] [Fatal Error] :1:1: Premature end of file.
2025-02-12 20:12:16,842 [ERROR] LogOutputStream:75 - [STDERR_REDIRECT] 
2025-02-12 20:12:17,843 [ERROR] LogOutputStream:75 - [STDERR_REDIRECT] [Fatal Error] :1:1: Premature end of file.
2025-02-12 20:12:17,843 [ERROR] LogOutputStream:75 - [STDERR_REDIRECT] 
2025-02-12 20:12:18,839 [ERROR] LogOutputStream:75 - [STDERR_REDIRECT] [Fatal Error] :1:1: Premature end of file.
2025-02-12 20:12:18,839 [ERROR] LogOutputStream:75 - [STDERR_REDIRECT] 
2025-02-12 20:12:19,844 [ERROR] LogOutputStream:75 - [STDERR_REDIRECT] [Fatal Error] :1:1: Premature end of file.
2025-02-12 20:12:19,844 [ERROR] LogOutputStream:75 - [STDERR_REDIRECT] 
2025-02-12 20:12:20,841 [ERROR] LogOutputStream:75 - [STDERR_REDIRECT] [Fatal Error] :1:1: Premature end of file.
2025-02-12 20:12:20,841 [ERROR] LogOutputStream:75 - [STDERR_REDIRECT] 
2025-02-12 20:12:21,839 [ERROR] LogOutputStream:75 - [STDERR_REDIRECT] [Fatal Error] :1:1: Premature end of file.
2025-02-12 20:12:21,839 [ERROR] LogOutputStream:75 - [STDERR_REDIRECT] 
2025-02-12 20:12:22,834 [ERROR] LogOutputStream:75 - [STDERR_REDIRECT] [Fatal Error] :1:1: Premature end of file.
2025-02-12 20:12:22,834 [ERROR] LogOutputStream:75 - [STDERR_REDIRECT] 
2025-02-12 20:12:23,850 [ERROR] LogOutputStream:75 - [STDERR_REDIRECT] [Fatal Error] :1:1: Premature end of file.
2025-02-12 20:12:23,850 [ERROR] LogOutputStream:75 - [STDERR_REDIRECT] 
2025-02-12 20:12:24,838 [ERROR] LogOutputStream:75 - [STDERR_REDIRECT] [Fatal Error] :1:1: Premature end of file.
2025-02-12 20:12:24,838 [ERROR] LogOutputStream:75 - [STDERR_REDIRECT] 
2025-02-12 20:12:25,839 [ERROR] LogOutputStream:75 - [STDERR_REDIRECT] [Fatal Error] :1:1: Premature end of file.
2025-02-12 20:12:25,839 [ERROR] LogOutputStream:75 - [STDERR_REDIRECT] 
2025-02-12 20:12:26,829 [ERROR] LogOutputStream:75 - [STDERR_REDIRECT] [Fatal Error] :1:1: Premature end of file.
2025-02-12 20:12:26,829 [ERROR] LogOutputStream:75 - [STDERR_REDIRECT] 
2025-02-12 20:12:27,836 [ERROR] LogOutputStream:75 - [STDERR_REDIRECT] [Fatal Error] :1:1: Premature end of file.
2025-02-12 20:12:27,836 [ERROR] LogOutputStream:75 - [STDERR_REDIRECT] 
2025-02-12 20:12:28,838 [ERROR] LogOutputStream:75 - [STDERR_REDIRECT] [Fatal Error] :1:1: Premature end of file.
2025-02-12 20:12:28,838 [ERROR] LogOutputStream:75 - [STDERR_REDIRECT] 
2025-02-12 20:12:29,839 [ERROR] LogOutputStream:75 - [STDERR_REDIRECT] [Fatal Error] :1:1: Premature end of file.
2025-02-12 20:12:29,839 [ERROR] LogOutputStream:75 - [STDERR_REDIRECT] 
2025-02-12 20:12:30,847 [ERROR] LogOutputStream:75 - [STDERR_REDIRECT] [Fatal Error] :1:1: Premature end of file.
2025-02-12 20:12:30,847 [ERROR] LogOutputStream:75 - [STDERR_REDIRECT] 
2025-02-12 20:12:31,839 [ERROR] LogOutputStream:75 - [STDERR_REDIRECT] [Fatal Error] :1:1: Premature end of file.
2025-02-12 20:12:31,839 [ERROR] LogOutputStream:75 - [STDERR_REDIRECT] 
2025-02-12 20:12:32,832 [ERROR] LogOutputStream:75 - [STDERR_REDIRECT] [Fatal Error] :1:1: Premature end of file.
2025-02-12 20:12:32,832 [ERROR] LogOutputStream:75 - [STDERR_REDIRECT] 
2025-02-12 20:12:33,831 [ERROR] LogOutputStream:75 - [STDERR_REDIRECT] [Fatal Error] :1:1: Premature end of file.
2025-02-12 20:12:33,831 [ERROR] LogOutputStream:75 - [STDERR_REDIRECT] 
2025-02-12 20:12:34,838 [ERROR] LogOutputStream:75 - [STDERR_REDIRECT] [Fatal Error] :1:1: Premature end of file.
2025-02-12 20:12:34,838 [ERROR] LogOutputStream:75 - [STDERR_REDIRECT] 
2025-02-12 20:12:35,828 [ERROR] LogOutputStream:75 - [STDERR_REDIRECT] [Fatal Error] :1:1: Premature end of file.
2025-02-12 20:12:35,828 [ERROR] LogOutputStream:75 - [STDERR_REDIRECT] 
2025-02-12 20:12:36,841 [ERROR] LogOutputStream:75 - [STDERR_REDIRECT] [Fatal Error] :1:1: Premature end of file.
2025-02-12 20:12:36,841 [ERROR] LogOutputStream:75 - [STDERR_REDIRECT] 
2025-02-12 20:12:37,832 [ERROR] LogOutputStream:75 - [STDERR_REDIRECT] [Fatal Error] :1:1: Premature end of file.
2025-02-12 20:12:37,832 [ERROR] LogOutputStream:75 - [STDERR_REDIRECT] 
2025-02-12 20:12:38,832 [ERROR] LogOutputStream:75 - [STDERR_REDIRECT] [Fatal Error] :1:1: Premature end of file.
2025-02-12 20:12:38,832 [ERROR] LogOutputStream:75 - [STDERR_REDIRECT] 
2025-02-12 20:12:39,833 [ERROR] LogOutputStream:75 - [STDERR_REDIRECT] [Fatal Error] :1:1: Premature end of file.
2025-02-12 20:12:39,833 [ERROR] LogOutputStream:75 - [STDERR_REDIRECT] 
2025-02-12 20:12:40,826 [ERROR] LogOutputStream:75 - [STDERR_REDIRECT] [Fatal Error] :1:1: Premature end of file.
2025-02-12 20:12:40,826 [ERROR] LogOutputStream:75 - [STDERR_REDIRECT] 
2025-02-12 20:12:41,832 [ERROR] LogOutputStream:75 - [STDERR_REDIRECT] [Fatal Error] :1:1: Premature end of file.
2025-02-12 20:12:41,832 [ERROR] LogOutputStream:75 - [STDERR_REDIRECT] 
2025-02-12 20:12:42,836 [ERROR] LogOutputStream:75 - [STDERR_REDIRECT] [Fatal Error] :1:1: Premature end of file.
2025-02-12 20:12:42,836 [ERROR] LogOutputStream:75 - [STDERR_REDIRECT] 
2025-02-12 20:12:43,832 [ERROR] LogOutputStream:75 - [STDERR_REDIRECT] [Fatal Error] :1:1: Premature end of file.
2025-02-12 20:12:43,832 [ERROR] LogOutputStream:75 - [STDERR_REDIRECT] 
2025-02-12 20:12:44,830 [ERROR] LogOutputStream:75 - [STDERR_REDIRECT] [Fatal Error] :1:1: Premature end of file.
2025-02-12 20:12:44,830 [ERROR] LogOutputStream:75 - [STDERR_REDIRECT] 
2025-02-12 20:12:45,823 [ERROR] LogOutputStream:75 - [STDERR_REDIRECT] [Fatal Error] :1:1: Premature end of file.
2025-02-12 20:12:45,823 [ERROR] LogOutputStream:75 - [STDERR_REDIRECT] 
2025-02-12 20:12:46,853 [ERROR] LogOutputStream:75 - [STDERR_REDIRECT] [Fatal Error] :1:1: Premature end of file.
2025-02-12 20:12:46,853 [ERROR] LogOutputStream:75 - [STDERR_REDIRECT] 
2025-02-12 20:12:47,832 [ERROR] LogOutputStream:75 - [STDERR_REDIRECT] [Fatal Error] :1:1: Premature end of file.
2025-02-12 20:12:47,832 [ERROR] LogOutputStream:75 - [STDERR_REDIRECT] 
2025-02-12 20:12:48,831 [ERROR] LogOutputStream:75 - [STDERR_REDIRECT] [Fatal Error] :1:1: Premature end of file.
2025-02-12 20:12:48,836 [ERROR] LogOutputStream:75 - [STDERR_REDIRECT] 
2025-02-12 20:12:49,831 [ERROR] LogOutputStream:75 - [STDERR_REDIRECT] [Fatal Error] :1:1: Premature end of file.
2025-02-12 20:12:49,831 [ERROR] LogOutputStream:75 - [STDERR_REDIRECT] 
2025-02-12 20:12:50,842 [ERROR] LogOutputStream:75 - [STDERR_REDIRECT] [Fatal Error] :1:1: Premature end of file.
2025-02-12 20:12:50,842 [ERROR] LogOutputStream:75 - [STDERR_REDIRECT] 
2025-02-12 20:12:51,837 [ERROR] LogOutputStream:75 - [STDERR_REDIRECT] [Fatal Error] :1:1: Premature end of file.
2025-02-12 20:12:51,837 [ERROR] LogOutputStream:75 - [STDERR_REDIRECT] 
2025-02-12 20:12:52,837 [ERROR] LogOutputStream:75 - [STDERR_REDIRECT] [Fatal Error] :1:1: Premature end of file.
2025-02-12 20:12:52,837 [ERROR] LogOutputStream:75 - [STDERR_REDIRECT] 
2025-02-12 20:12:53,843 [ERROR] LogOutputStream:75 - [STDERR_REDIRECT] [Fatal Error] :1:1: Premature end of file.
2025-02-12 20:12:53,843 [ERROR] LogOutputStream:75 - [STDERR_REDIRECT] 
2025-02-12 20:12:54,836 [ERROR] LogOutputStream:75 - [STDERR_REDIRECT] [Fatal Error] :1:1: Premature end of file.
2025-02-12 20:12:54,837 [ERROR] LogOutputStream:75 - [STDERR_REDIRECT] 
2025-02-12 20:12:55,834 [ERROR] LogOutputStream:75 - [STDERR_REDIRECT] [Fatal Error] :1:1: Premature end of file.
2025-02-12 20:12:55,834 [ERROR] LogOutputStream:75 - [STDERR_REDIRECT] 
2025-02-12 20:12:56,843 [ERROR] LogOutputStream:75 - [STDERR_REDIRECT] [Fatal Error] :1:1: Premature end of file.
2025-02-12 20:12:56,843 [ERROR] LogOutputStream:75 - [STDERR_REDIRECT] 
2025-02-12 20:12:57,836 [ERROR] LogOutputStream:75 - [STDERR_REDIRECT] [Fatal Error] :1:1: Premature end of file.
2025-02-12 20:12:57,836 [ERROR] LogOutputStream:75 - [STDERR_REDIRECT] 
2025-02-12 20:12:58,842 [ERROR] LogOutputStream:75 - [STDERR_REDIRECT] [Fatal Error] :1:1: Premature end of file.
2025-02-12 20:12:58,842 [ERROR] LogOutputStream:75 - [STDERR_REDIRECT] 
2025-02-12 20:12:59,838 [ERROR] LogOutputStream:75 - [STDERR_REDIRECT] [Fatal Error] :1:1: Premature end of file.
2025-02-12 20:12:59,838 [ERROR] LogOutputStream:75 - [STDERR_REDIRECT] 
2025-02-12 20:13:00,843 [ERROR] LogOutputStream:75 - [STDERR_REDIRECT] [Fatal Error] :1:1: Premature end of file.
2025-02-12 20:13:00,843 [ERROR] LogOutputStream:75 - [STDERR_REDIRECT] 
2025-02-12 20:13:01,847 [ERROR] LogOutputStream:75 - [STDERR_REDIRECT] [Fatal Error] :1:1: Premature end of file.
2025-02-12 20:13:01,847 [ERROR] LogOutputStream:75 - [STDERR_REDIRECT] 
2025-02-12 20:13:02,833 [ERROR] LogOutputStream:75 - [STDERR_REDIRECT] [Fatal Error] :1:1: Premature end of file.
2025-02-12 20:13:02,833 [ERROR] LogOutputStream:75 - [STDERR_REDIRECT] 
2025-02-12 20:13:03,837 [ERROR] LogOutputStream:75 - [STDERR_REDIRECT] [Fatal Error] :1:1: Premature end of file.
2025-02-12 20:13:03,837 [ERROR] LogOutputStream:75 - [STDERR_REDIRECT] 
2025-02-12 20:13:04,831 [ERROR] LogOutputStream:75 - [STDERR_REDIRECT] [Fatal Error] :1:1: Premature end of file.
2025-02-12 20:13:04,831 [ERROR] LogOutputStream:75 - [STDERR_REDIRECT] 
2025-02-12 20:13:05,847 [ERROR] LogOutputStream:75 - [STDERR_REDIRECT] [Fatal Error] :1:1: Premature end of file.
2025-02-12 20:13:05,847 [ERROR] LogOutputStream:75 - [STDERR_REDIRECT] 
2025-02-12 20:13:06,830 [ERROR] LogOutputStream:75 - [STDERR_REDIRECT] [Fatal Error] :1:1: Premature end of file.
2025-02-12 20:13:06,830 [ERROR] LogOutputStream:75 - [STDERR_REDIRECT] 
2025-02-12 20:13:07,829 [ERROR] LogOutputStream:75 - [STDERR_REDIRECT] [Fatal Error] :1:1: Premature end of file.
2025-02-12 20:13:07,829 [ERROR] LogOutputStream:75 - [STDERR_REDIRECT] 
2025-02-12 20:13:08,839 [ERROR] LogOutputStream:75 - [STDERR_REDIRECT] [Fatal Error] :1:1: Premature end of file.
2025-02-12 20:13:08,839 [ERROR] LogOutputStream:75 - [STDERR_REDIRECT] 
2025-02-12 20:13:09,842 [ERROR] LogOutputStream:75 - [STDERR_REDIRECT] [Fatal Error] :1:1: Premature end of file.
2025-02-12 20:13:09,842 [ERROR] LogOutputStream:75 - [STDERR_REDIRECT] 
2025-02-12 20:13:10,830 [ERROR] LogOutputStream:75 - [STDERR_REDIRECT] [Fatal Error] :1:1: Premature end of file.
2025-02-12 20:13:10,830 [ERROR] LogOutputStream:75 - [STDERR_REDIRECT] 
2025-02-12 20:13:11,842 [ERROR] LogOutputStream:75 - [STDERR_REDIRECT] [Fatal Error] :1:1: Premature end of file.
2025-02-12 20:13:11,842 [ERROR] LogOutputStream:75 - [STDERR_REDIRECT] 
2025-02-12 20:13:12,830 [ERROR] LogOutputStream:75 - [STDERR_REDIRECT] [Fatal Error] :1:1: Premature end of file.
2025-02-12 20:13:12,830 [ERROR] LogOutputStream:75 - [STDERR_REDIRECT] 
2025-02-12 20:13:13,831 [ERROR] LogOutputStream:75 - [STDERR_REDIRECT] [Fatal Error] :1:1: Premature end of file.
2025-02-12 20:13:13,831 [ERROR] LogOutputStream:75 - [STDERR_REDIRECT] 
2025-02-12 20:13:14,840 [ERROR] LogOutputStream:75 - [STDERR_REDIRECT] [Fatal Error] :1:1: Premature end of file.
2025-02-12 20:13:14,840 [ERROR] LogOutputStream:75 - [STDERR_REDIRECT] 
2025-02-12 20:13:15,832 [ERROR] LogOutputStream:75 - [STDERR_REDIRECT] [Fatal Error] :1:1: Premature end of file.
2025-02-12 20:13:15,832 [ERROR] LogOutputStream:75 - [STDERR_REDIRECT] 
2025-02-12 20:13:16,830 [ERROR] LogOutputStream:75 - [STDERR_REDIRECT] [Fatal Error] :1:1: Premature end of file.
2025-02-12 20:13:16,830 [ERROR] LogOutputStream:75 - [STDERR_REDIRECT] 
2025-02-12 20:13:17,840 [ERROR] LogOutputStream:75 - [STDERR_REDIRECT] [Fatal Error] :1:1: Premature end of file.
2025-02-12 20:13:17,840 [ERROR] LogOutputStream:75 - [STDERR_REDIRECT] 
2025-02-12 20:13:18,834 [ERROR] LogOutputStream:75 - [STDERR_REDIRECT] [Fatal Error] :1:1: Premature end of file.
2025-02-12 20:13:18,834 [ERROR] LogOutputStream:75 - [STDERR_REDIRECT] 
2025-02-12 20:13:19,834 [ERROR] LogOutputStream:75 - [STDERR_REDIRECT] [Fatal Error] :1:1: Premature end of file.
2025-02-12 20:13:19,834 [ERROR] LogOutputStream:75 - [STDERR_REDIRECT] 
2025-02-12 20:13:20,831 [ERROR] LogOutputStream:75 - [STDERR_REDIRECT] [Fatal Error] :1:1: Premature end of file.
2025-02-12 20:13:20,831 [ERROR] LogOutputStream:75 - [STDERR_REDIRECT] 
2025-02-12 20:13:21,836 [ERROR] LogOutputStream:75 - [STDERR_REDIRECT] [Fatal Error] :1:1: Premature end of file.
2025-02-12 20:13:21,836 [ERROR] LogOutputStream:75 - [STDERR_REDIRECT] 
2025-02-12 20:13:22,831 [ERROR] LogOutputStream:75 - [STDERR_REDIRECT] [Fatal Error] :1:1: Premature end of file.
2025-02-12 20:13:22,831 [ERROR] LogOutputStream:75 - [STDERR_REDIRECT] 
2025-02-12 20:13:23,830 [ERROR] LogOutputStream:75 - [STDERR_REDIRECT] [Fatal Error] :1:1: Premature end of file.
2025-02-12 20:13:23,830 [ERROR] LogOutputStream:75 - [STDERR_REDIRECT] 
2025-02-12 20:13:24,835 [ERROR] LogOutputStream:75 - [STDERR_REDIRECT] [Fatal Error] :1:1: Premature end of file.
2025-02-12 20:13:24,835 [ERROR] LogOutputStream:75 - [STDERR_REDIRECT] 
2025-02-12 20:13:25,831 [ERROR] LogOutputStream:75 - [STDERR_REDIRECT] [Fatal Error] :1:1: Premature end of file.
2025-02-12 20:13:25,831 [ERROR] LogOutputStream:75 - [STDERR_REDIRECT] 
2025-02-12 20:13:26,832 [ERROR] LogOutputStream:75 - [STDERR_REDIRECT] [Fatal Error] :1:1: Premature end of file.
2025-02-12 20:13:26,832 [ERROR] LogOutputStream:75 - [STDERR_REDIRECT] 
2025-02-12 20:13:27,841 [ERROR] LogOutputStream:75 - [STDERR_REDIRECT] [Fatal Error] :1:1: Premature end of file.
2025-02-12 20:13:27,841 [ERROR] LogOutputStream:75 - [STDERR_REDIRECT] 
2025-02-12 20:13:28,833 [ERROR] LogOutputStream:75 - [STDERR_REDIRECT] [Fatal Error] :1:1: Premature end of file.
2025-02-12 20:13:28,833 [ERROR] LogOutputStream:75 - [STDERR_REDIRECT] 
2025-02-12 20:13:29,847 [ERROR] LogOutputStream:75 - [STDERR_REDIRECT] [Fatal Error] :1:1: Premature end of file.
2025-02-12 20:13:29,847 [ERROR] LogOutputStream:75 - [STDERR_REDIRECT] 
2025-02-12 20:13:30,831 [ERROR] LogOutputStream:75 - [STDERR_REDIRECT] [Fatal Error] :1:1: Premature end of file.
2025-02-12 20:13:30,831 [ERROR] LogOutputStream:75 - [STDERR_REDIRECT] 
2025-02-12 20:13:31,835 [ERROR] LogOutputStream:75 - [STDERR_REDIRECT] [Fatal Error] :1:1: Premature end of file.
2025-02-12 20:13:31,835 [ERROR] LogOutputStream:75 - [STDERR_REDIRECT] 
2025-02-12 20:13:32,833 [ERROR] LogOutputStream:75 - [STDERR_REDIRECT] [Fatal Error] :1:1: Premature end of file.
2025-02-12 20:13:32,833 [ERROR] LogOutputStream:75 - [STDERR_REDIRECT] 
2025-02-12 20:13:33,834 [ERROR] LogOutputStream:75 - [STDERR_REDIRECT] [Fatal Error] :1:1: Premature end of file.
2025-02-12 20:13:33,834 [ERROR] LogOutputStream:75 - [STDERR_REDIRECT] 
2025-02-12 20:13:34,849 [ERROR] LogOutputStream:75 - [STDERR_REDIRECT] [Fatal Error] :1:1: Premature end of file.
2025-02-12 20:13:34,850 [ERROR] LogOutputStream:75 - [STDERR_REDIRECT] 
2025-02-12 20:13:35,842 [ERROR] LogOutputStream:75 - [STDERR_REDIRECT] [Fatal Error] :1:1: Premature end of file.
2025-02-12 20:13:35,842 [ERROR] LogOutputStream:75 - [STDERR_REDIRECT] 
2025-02-12 20:13:36,837 [ERROR] LogOutputStream:75 - [STDERR_REDIRECT] [Fatal Error] :1:1: Premature end of file.
2025-02-12 20:13:36,837 [ERROR] LogOutputStream:75 - [STDERR_REDIRECT] 
2025-02-12 20:13:37,844 [ERROR] LogOutputStream:75 - [STDERR_REDIRECT] [Fatal Error] :1:1: Premature end of file.
2025-02-12 20:13:37,844 [ERROR] LogOutputStream:75 - [STDERR_REDIRECT] 
2025-02-12 20:13:38,834 [ERROR] LogOutputStream:75 - [STDERR_REDIRECT] [Fatal Error] :1:1: Premature end of file.
2025-02-12 20:13:38,834 [ERROR] LogOutputStream:75 - [STDERR_REDIRECT] 
2025-02-12 20:13:39,842 [ERROR] LogOutputStream:75 - [STDERR_REDIRECT] [Fatal Error] :1:1: Premature end of file.
2025-02-12 20:13:39,842 [ERROR] LogOutputStream:75 - [STDERR_REDIRECT] 
2025-02-12 20:13:40,841 [ERROR] LogOutputStream:75 - [STDERR_REDIRECT] [Fatal Error] :1:1: Premature end of file.
2025-02-12 20:13:40,841 [ERROR] LogOutputStream:75 - [STDERR_REDIRECT] 
2025-02-12 20:13:41,841 [ERROR] LogOutputStream:75 - [STDERR_REDIRECT] [Fatal Error] :1:1: Premature end of file.
2025-02-12 20:13:41,841 [ERROR] LogOutputStream:75 - [STDERR_REDIRECT] 
2025-02-12 20:13:42,842 [ERROR] LogOutputStream:75 - [STDERR_REDIRECT] [Fatal Error] :1:1: Premature end of file.
2025-02-12 20:13:42,842 [ERROR] LogOutputStream:75 - [STDERR_REDIRECT] 
2025-02-12 20:13:43,844 [ERROR] LogOutputStream:75 - [STDERR_REDIRECT] [Fatal Error] :1:1: Premature end of file.
2025-02-12 20:13:43,844 [ERROR] LogOutputStream:75 - [STDERR_REDIRECT] 
2025-02-12 20:13:44,841 [ERROR] LogOutputStream:75 - [STDERR_REDIRECT] [Fatal Error] :1:1: Premature end of file.
2025-02-12 20:13:44,841 [ERROR] LogOutputStream:75 - [STDERR_REDIRECT] 
2025-02-12 20:13:45,835 [ERROR] LogOutputStream:75 - [STDERR_REDIRECT] [Fatal Error] :1:1: Premature end of file.
2025-02-12 20:13:45,835 [ERROR] LogOutputStream:75 - [STDERR_REDIRECT] 
2025-02-12 20:13:46,835 [ERROR] LogOutputStream:75 - [STDERR_REDIRECT] [Fatal Error] :1:1: Premature end of file.
2025-02-12 20:13:46,836 [ERROR] LogOutputStream:75 - [STDERR_REDIRECT] 
2025-02-12 20:13:47,827 [ERROR] LogOutputStream:75 - [STDERR_REDIRECT] [Fatal Error] :1:1: Premature end of file.
2025-02-12 20:13:47,827 [ERROR] LogOutputStream:75 - [STDERR_REDIRECT] 
2025-02-12 20:13:48,833 [ERROR] LogOutputStream:75 - [STDERR_REDIRECT] [Fatal Error] :1:1: Premature end of file.
2025-02-12 20:13:48,833 [ERROR] LogOutputStream:75 - [STDERR_REDIRECT] 
2025-02-12 20:13:49,832 [ERROR] LogOutputStream:75 - [STDERR_REDIRECT] [Fatal Error] :1:1: Premature end of file.
2025-02-12 20:13:49,832 [ERROR] LogOutputStream:75 - [STDERR_REDIRECT] 
2025-02-12 20:13:50,837 [ERROR] LogOutputStream:75 - [STDERR_REDIRECT] [Fatal Error] :1:1: Premature end of file.
2025-02-12 20:13:50,837 [ERROR] LogOutputStream:75 - [STDERR_REDIRECT] 
2025-02-12 20:13:51,840 [ERROR] LogOutputStream:75 - [STDERR_REDIRECT] [Fatal Error] :1:1: Premature end of file.
2025-02-12 20:13:51,840 [ERROR] LogOutputStream:75 - [STDERR_REDIRECT] 
2025-02-12 20:13:52,839 [ERROR] LogOutputStream:75 - [STDERR_REDIRECT] [Fatal Error] :1:1: Premature end of file.
2025-02-12 20:13:52,839 [ERROR] LogOutputStream:75 - [STDERR_REDIRECT] 
2025-02-12 20:13:53,830 [ERROR] LogOutputStream:75 - [STDERR_REDIRECT] [Fatal Error] :1:1: Premature end of file.
2025-02-12 20:13:53,830 [ERROR] LogOutputStream:75 - [STDERR_REDIRECT] 
2025-02-12 20:13:54,843 [ERROR] LogOutputStream:75 - [STDERR_REDIRECT] [Fatal Error] :1:1: Premature end of file.
2025-02-12 20:13:54,843 [ERROR] LogOutputStream:75 - [STDERR_REDIRECT] 
2025-02-12 20:13:55,838 [ERROR] LogOutputStream:75 - [STDERR_REDIRECT] [Fatal Error] :1:1: Premature end of file.
2025-02-12 20:13:55,838 [ERROR] LogOutputStream:75 - [STDERR_REDIRECT] 
2025-02-12 20:13:56,843 [ERROR] LogOutputStream:75 - [STDERR_REDIRECT] [Fatal Error] :1:1: Premature end of file.
2025-02-12 20:13:56,843 [ERROR] LogOutputStream:75 - [STDERR_REDIRECT] 
2025-02-12 20:13:57,849 [ERROR] LogOutputStream:75 - [STDERR_REDIRECT] [Fatal Error] :1:1: Premature end of file.
2025-02-12 20:13:57,849 [ERROR] LogOutputStream:75 - [STDERR_REDIRECT] 
2025-02-12 20:13:58,833 [ERROR] LogOutputStream:75 - [STDERR_REDIRECT] [Fatal Error] :1:1: Premature end of file.
2025-02-12 20:13:58,833 [ERROR] LogOutputStream:75 - [STDERR_REDIRECT] 
2025-02-12 20:13:59,841 [ERROR] LogOutputStream:75 - [STDERR_REDIRECT] [Fatal Error] :1:1: Premature end of file.
2025-02-12 20:13:59,841 [ERROR] LogOutputStream:75 - [STDERR_REDIRECT] 
2025-02-12 20:14:00,835 [ERROR] LogOutputStream:75 - [STDERR_REDIRECT] [Fatal Error] :1:1: Premature end of file.
2025-02-12 20:14:00,835 [ERROR] LogOutputStream:75 - [STDERR_REDIRECT] 
2025-02-12 20:14:01,842 [ERROR] LogOutputStream:75 - [STDERR_REDIRECT] [Fatal Error] :1:1: Premature end of file.
2025-02-12 20:14:01,842 [ERROR] LogOutputStream:75 - [STDERR_REDIRECT] 
2025-02-12 20:14:02,831 [ERROR] LogOutputStream:75 - [STDERR_REDIRECT] [Fatal Error] :1:1: Premature end of file.
2025-02-12 20:14:02,831 [ERROR] LogOutputStream:75 - [STDERR_REDIRECT] 
2025-02-12 20:14:03,831 [ERROR] LogOutputStream:75 - [STDERR_REDIRECT] [Fatal Error] :1:1: Premature end of file.
2025-02-12 20:14:03,831 [ERROR] LogOutputStream:75 - [STDERR_REDIRECT] 
2025-02-12 20:14:04,832 [ERROR] LogOutputStream:75 - [STDERR_REDIRECT] [Fatal Error] :1:1: Premature end of file.
2025-02-12 20:14:04,832 [ERROR] LogOutputStream:75 - [STDERR_REDIRECT] 
2025-02-12 20:14:05,838 [ERROR] LogOutputStream:75 - [STDERR_REDIRECT] [Fatal Error] :1:1: Premature end of file.
2025-02-12 20:14:05,838 [ERROR] LogOutputStream:75 - [STDERR_REDIRECT] 
2025-02-12 20:14:06,837 [ERROR] LogOutputStream:75 - [STDERR_REDIRECT] [Fatal Error] :1:1: Premature end of file.
2025-02-12 20:14:06,837 [ERROR] LogOutputStream:75 - [STDERR_REDIRECT] 
2025-02-12 20:14:07,836 [ERROR] LogOutputStream:75 - [STDERR_REDIRECT] [Fatal Error] :1:1: Premature end of file.
2025-02-12 20:14:07,836 [ERROR] LogOutputStream:75 - [STDERR_REDIRECT] 
2025-02-12 20:14:08,847 [ERROR] LogOutputStream:75 - [STDERR_REDIRECT] [Fatal Error] :1:1: Premature end of file.
2025-02-12 20:14:08,847 [ERROR] LogOutputStream:75 - [STDERR_REDIRECT] 
2025-02-12 20:14:09,831 [ERROR] LogOutputStream:75 - [STDERR_REDIRECT] [Fatal Error] :1:1: Premature end of file.
2025-02-12 20:14:09,832 [ERROR] LogOutputStream:75 - [STDERR_REDIRECT] 
2025-02-12 20:14:10,841 [ERROR] LogOutputStream:75 - [STDERR_REDIRECT] [Fatal Error] :1:1: Premature end of file.
2025-02-12 20:14:10,842 [ERROR] LogOutputStream:75 - [STDERR_REDIRECT] 
2025-02-12 20:14:11,836 [ERROR] LogOutputStream:75 - [STDERR_REDIRECT] [Fatal Error] :1:1: Premature end of file.
2025-02-12 20:14:11,836 [ERROR] LogOutputStream:75 - [STDERR_REDIRECT] 
2025-02-12 20:14:12,831 [ERROR] LogOutputStream:75 - [STDERR_REDIRECT] [Fatal Error] :1:1: Premature end of file.
2025-02-12 20:14:12,831 [ERROR] LogOutputStream:75 - [STDERR_REDIRECT] 
2025-02-12 20:14:13,833 [ERROR] LogOutputStream:75 - [STDERR_REDIRECT] [Fatal Error] :1:1: Premature end of file.
2025-02-12 20:14:13,833 [ERROR] LogOutputStream:75 - [STDERR_REDIRECT] 
2025-02-12 20:14:14,833 [ERROR] LogOutputStream:75 - [STDERR_REDIRECT] [Fatal Error] :1:1: Premature end of file.
2025-02-12 20:14:14,833 [ERROR] LogOutputStream:75 - [STDERR_REDIRECT] 
2025-02-12 20:14:15,835 [ERROR] LogOutputStream:75 - [STDERR_REDIRECT] [Fatal Error] :1:1: Premature end of file.
2025-02-12 20:14:15,835 [ERROR] LogOutputStream:75 - [STDERR_REDIRECT] 
2025-02-12 20:14:16,842 [ERROR] LogOutputStream:75 - [STDERR_REDIRECT] [Fatal Error] :1:1: Premature end of file.
2025-02-12 20:14:16,842 [ERROR] LogOutputStream:75 - [STDERR_REDIRECT] 
2025-02-12 20:14:17,827 [ERROR] LogOutputStream:75 - [STDERR_REDIRECT] [Fatal Error] :1:1: Premature end of file.
2025-02-12 20:14:17,827 [ERROR] LogOutputStream:75 - [STDERR_REDIRECT] 
2025-02-12 20:14:18,838 [ERROR] LogOutputStream:75 - [STDERR_REDIRECT] [Fatal Error] :1:1: Premature end of file.
2025-02-12 20:14:18,838 [ERROR] LogOutputStream:75 - [STDERR_REDIRECT] 
2025-02-12 20:14:19,832 [ERROR] LogOutputStream:75 - [STDERR_REDIRECT] [Fatal Error] :1:1: Premature end of file.
2025-02-12 20:14:19,832 [ERROR] LogOutputStream:75 - [STDERR_REDIRECT] 
2025-02-12 20:14:20,836 [ERROR] LogOutputStream:75 - [STDERR_REDIRECT] [Fatal Error] :1:1: Premature end of file.
2025-02-12 20:14:20,836 [ERROR] LogOutputStream:75 - [STDERR_REDIRECT] 
2025-02-12 20:14:21,842 [ERROR] LogOutputStream:75 - [STDERR_REDIRECT] [Fatal Error] :1:1: Premature end of file.
2025-02-12 20:14:21,842 [ERROR] LogOutputStream:75 - [STDERR_REDIRECT] 
2025-02-12 20:14:22,836 [ERROR] LogOutputStream:75 - [STDERR_REDIRECT] [Fatal Error] :1:1: Premature end of file.
2025-02-12 20:14:22,836 [ERROR] LogOutputStream:75 - [STDERR_REDIRECT] 
2025-02-12 20:14:23,839 [ERROR] LogOutputStream:75 - [STDERR_REDIRECT] [Fatal Error] :1:1: Premature end of file.
2025-02-12 20:14:23,839 [ERROR] LogOutputStream:75 - [STDERR_REDIRECT] 
2025-02-12 20:14:24,834 [ERROR] LogOutputStream:75 - [STDERR_REDIRECT] [Fatal Error] :1:1: Premature end of file.
2025-02-12 20:14:24,834 [ERROR] LogOutputStream:75 - [STDERR_REDIRECT] 
2025-02-12 20:14:25,848 [ERROR] LogOutputStream:75 - [STDERR_REDIRECT] [Fatal Error] :1:1: Premature end of file.
2025-02-12 20:14:25,848 [ERROR] LogOutputStream:75 - [STDERR_REDIRECT] 
2025-02-12 20:14:26,842 [ERROR] LogOutputStream:75 - [STDERR_REDIRECT] [Fatal Error] :1:1: Premature end of file.
2025-02-12 20:14:26,842 [ERROR] LogOutputStream:75 - [STDERR_REDIRECT] 
2025-02-12 20:14:27,835 [ERROR] LogOutputStream:75 - [STDERR_REDIRECT] [Fatal Error] :1:1: Premature end of file.
2025-02-12 20:14:27,835 [ERROR] LogOutputStream:75 - [STDERR_REDIRECT] 
2025-02-12 20:14:28,834 [ERROR] LogOutputStream:75 - [STDERR_REDIRECT] [Fatal Error] :1:1: Premature end of file.
2025-02-12 20:14:28,834 [ERROR] LogOutputStream:75 - [STDERR_REDIRECT] 
2025-02-12 20:14:29,843 [ERROR] LogOutputStream:75 - [STDERR_REDIRECT] [Fatal Error] :1:1: Premature end of file.
2025-02-12 20:14:29,843 [ERROR] LogOutputStream:75 - [STDERR_REDIRECT] 
2025-02-12 20:14:30,835 [ERROR] LogOutputStream:75 - [STDERR_REDIRECT] [Fatal Error] :1:1: Premature end of file.
2025-02-12 20:14:30,835 [ERROR] LogOutputStream:75 - [STDERR_REDIRECT] 
2025-02-12 20:14:31,841 [ERROR] LogOutputStream:75 - [STDERR_REDIRECT] [Fatal Error] :1:1: Premature end of file.
2025-02-12 20:14:31,841 [ERROR] LogOutputStream:75 - [STDERR_REDIRECT] 
2025-02-12 20:14:32,830 [ERROR] LogOutputStream:75 - [STDERR_REDIRECT] [Fatal Error] :1:1: Premature end of file.
2025-02-12 20:14:32,830 [ERROR] LogOutputStream:75 - [STDERR_REDIRECT] 
2025-02-12 20:14:33,841 [ERROR] LogOutputStream:75 - [STDERR_REDIRECT] [Fatal Error] :1:1: Premature end of file.
2025-02-12 20:14:33,842 [ERROR] LogOutputStream:75 - [STDERR_REDIRECT] 
2025-02-12 20:14:34,832 [ERROR] LogOutputStream:75 - [STDERR_REDIRECT] [Fatal Error] :1:1: Premature end of file.
2025-02-12 20:14:34,832 [ERROR] LogOutputStream:75 - [STDERR_REDIRECT] 
2025-02-12 20:14:35,832 [ERROR] LogOutputStream:75 - [STDERR_REDIRECT] [Fatal Error] :1:1: Premature end of file.
2025-02-12 20:14:35,832 [ERROR] LogOutputStream:75 - [STDERR_REDIRECT] 
2025-02-12 20:14:36,840 [ERROR] LogOutputStream:75 - [STDERR_REDIRECT] [Fatal Error] :1:1: Premature end of file.
2025-02-12 20:14:36,840 [ERROR] LogOutputStream:75 - [STDERR_REDIRECT] 
2025-02-12 20:14:37,831 [ERROR] LogOutputStream:75 - [STDERR_REDIRECT] [Fatal Error] :1:1: Premature end of file.
2025-02-12 20:14:37,831 [ERROR] LogOutputStream:75 - [STDERR_REDIRECT] 
2025-02-12 20:14:38,842 [ERROR] LogOutputStream:75 - [STDERR_REDIRECT] [Fatal Error] :1:1: Premature end of file.
2025-02-12 20:14:38,842 [ERROR] LogOutputStream:75 - [STDERR_REDIRECT] 
2025-02-12 20:14:39,832 [ERROR] LogOutputStream:75 - [STDERR_REDIRECT] [Fatal Error] :1:1: Premature end of file.
2025-02-12 20:14:39,832 [ERROR] LogOutputStream:75 - [STDERR_REDIRECT] 
2025-02-12 20:14:40,835 [ERROR] LogOutputStream:75 - [STDERR_REDIRECT] [Fatal Error] :1:1: Premature end of file.
2025-02-12 20:14:40,835 [ERROR] LogOutputStream:75 - [STDERR_REDIRECT] 
2025-02-12 20:14:41,838 [ERROR] LogOutputStream:75 - [STDERR_REDIRECT] [Fatal Error] :1:1: Premature end of file.
2025-02-12 20:14:41,838 [ERROR] LogOutputStream:75 - [STDERR_REDIRECT] 
2025-02-12 20:14:42,839 [ERROR] LogOutputStream:75 - [STDERR_REDIRECT] [Fatal Error] :1:1: Premature end of file.
2025-02-12 20:14:42,839 [ERROR] LogOutputStream:75 - [STDERR_REDIRECT] 
2025-02-12 20:14:43,842 [ERROR] LogOutputStream:75 - [STDERR_REDIRECT] [Fatal Error] :1:1: Premature end of file.
2025-02-12 20:14:43,842 [ERROR] LogOutputStream:75 - [STDERR_REDIRECT] 
2025-02-12 20:14:44,835 [ERROR] LogOutputStream:75 - [STDERR_REDIRECT] [Fatal Error] :1:1: Premature end of file.
2025-02-12 20:14:44,835 [ERROR] LogOutputStream:75 - [STDERR_REDIRECT] 
2025-02-12 20:14:45,846 [ERROR] LogOutputStream:75 - [STDERR_REDIRECT] [Fatal Error] :1:1: Premature end of file.
2025-02-12 20:14:45,846 [ERROR] LogOutputStream:75 - [STDERR_REDIRECT] 
2025-02-12 20:14:46,834 [ERROR] LogOutputStream:75 - [STDERR_REDIRECT] [Fatal Error] :1:1: Premature end of file.
2025-02-12 20:14:46,834 [ERROR] LogOutputStream:75 - [STDERR_REDIRECT] 
2025-02-12 20:14:47,835 [ERROR] LogOutputStream:75 - [STDERR_REDIRECT] [Fatal Error] :1:1: Premature end of file.
2025-02-12 20:14:47,835 [ERROR] LogOutputStream:75 - [STDERR_REDIRECT] 
2025-02-12 20:14:48,834 [ERROR] LogOutputStream:75 - [STDERR_REDIRECT] [Fatal Error] :1:1: Premature end of file.
2025-02-12 20:14:48,834 [ERROR] LogOutputStream:75 - [STDERR_REDIRECT] 
2025-02-12 20:14:49,837 [ERROR] LogOutputStream:75 - [STDERR_REDIRECT] [Fatal Error] :1:1: Premature end of file.
2025-02-12 20:14:49,837 [ERROR] LogOutputStream:75 - [STDERR_REDIRECT] 
2025-02-12 20:14:50,828 [ERROR] LogOutputStream:75 - [STDERR_REDIRECT] [Fatal Error] :1:1: Premature end of file.
2025-02-12 20:14:50,828 [ERROR] LogOutputStream:75 - [STDERR_REDIRECT] 
2025-02-12 20:14:51,841 [ERROR] LogOutputStream:75 - [STDERR_REDIRECT] [Fatal Error] :1:1: Premature end of file.
2025-02-12 20:14:51,841 [ERROR] LogOutputStream:75 - [STDERR_REDIRECT] 
2025-02-12 20:14:52,841 [ERROR] LogOutputStream:75 - [STDERR_REDIRECT] [Fatal Error] :1:1: Premature end of file.
2025-02-12 20:14:52,841 [ERROR] LogOutputStream:75 - [STDERR_REDIRECT] 
2025-02-12 20:14:53,832 [ERROR] LogOutputStream:75 - [STDERR_REDIRECT] [Fatal Error] :1:1: Premature end of file.
2025-02-12 20:14:53,832 [ERROR] LogOutputStream:75 - [STDERR_REDIRECT] 
2025-02-12 20:14:54,841 [ERROR] LogOutputStream:75 - [STDERR_REDIRECT] [Fatal Error] :1:1: Premature end of file.
2025-02-12 20:14:54,841 [ERROR] LogOutputStream:75 - [STDERR_REDIRECT] 
2025-02-12 20:14:55,833 [ERROR] LogOutputStream:75 - [STDERR_REDIRECT] [Fatal Error] :1:1: Premature end of file.
2025-02-12 20:14:55,833 [ERROR] LogOutputStream:75 - [STDERR_REDIRECT] 
2025-02-12 20:14:56,835 [ERROR] LogOutputStream:75 - [STDERR_REDIRECT] [Fatal Error] :1:1: Premature end of file.
2025-02-12 20:14:56,835 [ERROR] LogOutputStream:75 - [STDERR_REDIRECT] 
2025-02-12 20:14:57,832 [ERROR] LogOutputStream:75 - [STDERR_REDIRECT] [Fatal Error] :1:1: Premature end of file.
2025-02-12 20:14:57,832 [ERROR] LogOutputStream:75 - [STDERR_REDIRECT] 
2025-02-12 20:14:58,832 [ERROR] LogOutputStream:75 - [STDERR_REDIRECT] [Fatal Error] :1:1: Premature end of file.
2025-02-12 20:14:58,832 [ERROR] LogOutputStream:75 - [STDERR_REDIRECT] 
2025-02-12 20:14:59,838 [ERROR] LogOutputStream:75 - [STDERR_REDIRECT] [Fatal Error] :1:1: Premature end of file.
2025-02-12 20:14:59,838 [ERROR] LogOutputStream:75 - [STDERR_REDIRECT] 
2025-02-12 20:15:00,838 [ERROR] LogOutputStream:75 - [STDERR_REDIRECT] [Fatal Error] :1:1: Premature end of file.
2025-02-12 20:15:00,838 [ERROR] LogOutputStream:75 - [STDERR_REDIRECT] 
2025-02-12 20:15:01,843 [ERROR] LogOutputStream:75 - [STDERR_REDIRECT] [Fatal Error] :1:1: Premature end of file.
2025-02-12 20:15:01,843 [ERROR] LogOutputStream:75 - [STDERR_REDIRECT] 
2025-02-12 20:15:02,842 [ERROR] LogOutputStream:75 - [STDERR_REDIRECT] [Fatal Error] :1:1: Premature end of file.
2025-02-12 20:15:02,842 [ERROR] LogOutputStream:75 - [STDERR_REDIRECT] 
2025-02-12 20:15:03,834 [ERROR] LogOutputStream:75 - [STDERR_REDIRECT] [Fatal Error] :1:1: Premature end of file.
2025-02-12 20:15:03,835 [ERROR] LogOutputStream:75 - [STDERR_REDIRECT] 
2025-02-12 20:15:04,836 [ERROR] LogOutputStream:75 - [STDERR_REDIRECT] [Fatal Error] :1:1: Premature end of file.
2025-02-12 20:15:04,836 [ERROR] LogOutputStream:75 - [STDERR_REDIRECT] 
2025-02-12 20:15:05,841 [ERROR] LogOutputStream:75 - [STDERR_REDIRECT] [Fatal Error] :1:1: Premature end of file.
2025-02-12 20:15:05,841 [ERROR] LogOutputStream:75 - [STDERR_REDIRECT] 
2025-02-12 20:15:06,837 [ERROR] LogOutputStream:75 - [STDERR_REDIRECT] [Fatal Error] :1:1: Premature end of file.
2025-02-12 20:15:06,837 [ERROR] LogOutputStream:75 - [STDERR_REDIRECT] 
2025-02-12 20:15:07,832 [ERROR] LogOutputStream:75 - [STDERR_REDIRECT] [Fatal Error] :1:1: Premature end of file.
2025-02-12 20:15:07,832 [ERROR] LogOutputStream:75 - [STDERR_REDIRECT] 
2025-02-12 20:15:08,832 [ERROR] LogOutputStream:75 - [STDERR_REDIRECT] [Fatal Error] :1:1: Premature end of file.
2025-02-12 20:15:08,832 [ERROR] LogOutputStream:75 - [STDERR_REDIRECT] 
2025-02-12 20:15:09,832 [ERROR] LogOutputStream:75 - [STDERR_REDIRECT] [Fatal Error] :1:1: Premature end of file.
2025-02-12 20:15:09,832 [ERROR] LogOutputStream:75 - [STDERR_REDIRECT] 
2025-02-12 20:15:10,838 [ERROR] LogOutputStream:75 - [STDERR_REDIRECT] [Fatal Error] :1:1: Premature end of file.
2025-02-12 20:15:10,838 [ERROR] LogOutputStream:75 - [STDERR_REDIRECT] 
2025-02-12 20:15:11,848 [ERROR] LogOutputStream:75 - [STDERR_REDIRECT] [Fatal Error] :1:1: Premature end of file.
2025-02-12 20:15:11,848 [ERROR] LogOutputStream:75 - [STDERR_REDIRECT] 
2025-02-12 20:15:12,831 [ERROR] LogOutputStream:75 - [STDERR_REDIRECT] [Fatal Error] :1:1: Premature end of file.
2025-02-12 20:15:12,831 [ERROR] LogOutputStream:75 - [STDERR_REDIRECT] 
2025-02-12 20:15:13,839 [ERROR] LogOutputStream:75 - [STDERR_REDIRECT] [Fatal Error] :1:1: Premature end of file.
2025-02-12 20:15:13,839 [ERROR] LogOutputStream:75 - [STDERR_REDIRECT] 
2025-02-12 20:15:14,832 [ERROR] LogOutputStream:75 - [STDERR_REDIRECT] [Fatal Error] :1:1: Premature end of file.
2025-02-12 20:15:14,832 [ERROR] LogOutputStream:75 - [STDERR_REDIRECT] 
2025-02-12 20:15:15,833 [ERROR] LogOutputStream:75 - [STDERR_REDIRECT] [Fatal Error] :1:1: Premature end of file.
2025-02-12 20:15:15,833 [ERROR] LogOutputStream:75 - [STDERR_REDIRECT] 
2025-02-12 20:15:16,837 [ERROR] LogOutputStream:75 - [STDERR_REDIRECT] [Fatal Error] :1:1: Premature end of file.
2025-02-12 20:15:16,837 [ERROR] LogOutputStream:75 - [STDERR_REDIRECT] 
2025-02-12 20:15:17,832 [ERROR] LogOutputStream:75 - [STDERR_REDIRECT] [Fatal Error] :1:1: Premature end of file.
2025-02-12 20:15:17,832 [ERROR] LogOutputStream:75 - [STDERR_REDIRECT] 
2025-02-12 20:15:18,839 [ERROR] LogOutputStream:75 - [STDERR_REDIRECT] [Fatal Error] :1:1: Premature end of file.
2025-02-12 20:15:18,839 [ERROR] LogOutputStream:75 - [STDERR_REDIRECT] 
2025-02-12 20:15:19,836 [ERROR] LogOutputStream:75 - [STDERR_REDIRECT] [Fatal Error] :1:1: Premature end of file.
2025-02-12 20:15:19,836 [ERROR] LogOutputStream:75 - [STDERR_REDIRECT] 
2025-02-12 20:15:20,832 [ERROR] LogOutputStream:75 - [STDERR_REDIRECT] [Fatal Error] :1:1: Premature end of file.
2025-02-12 20:15:20,832 [ERROR] LogOutputStream:75 - [STDERR_REDIRECT] 
2025-02-12 20:15:21,833 [ERROR] LogOutputStream:75 - [STDERR_REDIRECT] [Fatal Error] :1:1: Premature end of file.
2025-02-12 20:15:21,833 [ERROR] LogOutputStream:75 - [STDERR_REDIRECT] 
2025-02-12 20:15:22,836 [ERROR] LogOutputStream:75 - [STDERR_REDIRECT] [Fatal Error] :1:1: Premature end of file.
2025-02-12 20:15:22,836 [ERROR] LogOutputStream:75 - [STDERR_REDIRECT] 
2025-02-12 20:15:23,841 [ERROR] LogOutputStream:75 - [STDERR_REDIRECT] [Fatal Error] :1:1: Premature end of file.
2025-02-12 20:15:23,841 [ERROR] LogOutputStream:75 - [STDERR_REDIRECT] 
2025-02-12 20:15:24,840 [ERROR] LogOutputStream:75 - [STDERR_REDIRECT] [Fatal Error] :1:1: Premature end of file.
2025-02-12 20:15:24,840 [ERROR] LogOutputStream:75 - [STDERR_REDIRECT] 
2025-02-12 20:15:25,841 [ERROR] LogOutputStream:75 - [STDERR_REDIRECT] [Fatal Error] :1:1: Premature end of file.
2025-02-12 20:15:25,841 [ERROR] LogOutputStream:75 - [STDERR_REDIRECT] 
2025-02-12 20:15:26,842 [ERROR] LogOutputStream:75 - [STDERR_REDIRECT] [Fatal Error] :1:1: Premature end of file.
2025-02-12 20:15:26,842 [ERROR] LogOutputStream:75 - [STDERR_REDIRECT] 
2025-02-12 20:15:27,837 [ERROR] LogOutputStream:75 - [STDERR_REDIRECT] [Fatal Error] :1:1: Premature end of file.
2025-02-12 20:15:27,837 [ERROR] LogOutputStream:75 - [STDERR_REDIRECT] 
2025-02-12 20:15:28,836 [ERROR] LogOutputStream:75 - [STDERR_REDIRECT] [Fatal Error] :1:1: Premature end of file.
2025-02-12 20:15:28,836 [ERROR] LogOutputStream:75 - [STDERR_REDIRECT] 
2025-02-12 20:15:29,832 [ERROR] LogOutputStream:75 - [STDERR_REDIRECT] [Fatal Error] :1:1: Premature end of file.
2025-02-12 20:15:29,832 [ERROR] LogOutputStream:75 - [STDERR_REDIRECT] 
2025-02-12 20:15:30,837 [ERROR] LogOutputStream:75 - [STDERR_REDIRECT] [Fatal Error] :1:1: Premature end of file.
2025-02-12 20:15:30,837 [ERROR] LogOutputStream:75 - [STDERR_REDIRECT] 
2025-02-12 20:15:31,854 [ERROR] LogOutputStream:75 - [STDERR_REDIRECT] [Fatal Error] :1:1: Premature end of file.
2025-02-12 20:15:31,854 [ERROR] LogOutputStream:75 - [STDERR_REDIRECT] 
2025-02-12 20:15:32,839 [ERROR] LogOutputStream:75 - [STDERR_REDIRECT] [Fatal Error] :1:1: Premature end of file.
2025-02-12 20:15:32,839 [ERROR] LogOutputStream:75 - [STDERR_REDIRECT] 
2025-02-12 20:15:33,832 [ERROR] LogOutputStream:75 - [STDERR_REDIRECT] [Fatal Error] :1:1: Premature end of file.
2025-02-12 20:15:33,832 [ERROR] LogOutputStream:75 - [STDERR_REDIRECT] 
2025-02-12 20:15:34,839 [ERROR] LogOutputStream:75 - [STDERR_REDIRECT] [Fatal Error] :1:1: Premature end of file.
2025-02-12 20:15:34,841 [ERROR] LogOutputStream:75 - [STDERR_REDIRECT] 
2025-02-12 20:15:35,836 [ERROR] LogOutputStream:75 - [STDERR_REDIRECT] [Fatal Error] :1:1: Premature end of file.
2025-02-12 20:15:35,836 [ERROR] LogOutputStream:75 - [STDERR_REDIRECT] 
2025-02-12 20:15:36,829 [ERROR] LogOutputStream:75 - [STDERR_REDIRECT] [Fatal Error] :1:1: Premature end of file.
2025-02-12 20:15:36,829 [ERROR] LogOutputStream:75 - [STDERR_REDIRECT] 
2025-02-12 20:15:37,845 [ERROR] LogOutputStream:75 - [STDERR_REDIRECT] [Fatal Error] :1:1: Premature end of file.
2025-02-12 20:15:37,845 [ERROR] LogOutputStream:75 - [STDERR_REDIRECT] 
2025-02-12 20:15:38,836 [ERROR] LogOutputStream:75 - [STDERR_REDIRECT] [Fatal Error] :1:1: Premature end of file.
2025-02-12 20:15:38,836 [ERROR] LogOutputStream:75 - [STDERR_REDIRECT] 
2025-02-12 20:15:39,835 [ERROR] LogOutputStream:75 - [STDERR_REDIRECT] [Fatal Error] :1:1: Premature end of file.
2025-02-12 20:15:39,835 [ERROR] LogOutputStream:75 - [STDERR_REDIRECT] 
2025-02-12 20:15:40,834 [ERROR] LogOutputStream:75 - [STDERR_REDIRECT] [Fatal Error] :1:1: Premature end of file.
2025-02-12 20:15:40,834 [ERROR] LogOutputStream:75 - [STDERR_REDIRECT] 
2025-02-12 20:15:41,832 [ERROR] LogOutputStream:75 - [STDERR_REDIRECT] [Fatal Error] :1:1: Premature end of file.
2025-02-12 20:15:41,832 [ERROR] LogOutputStream:75 - [STDERR_REDIRECT] 
2025-02-12 20:15:42,844 [ERROR] LogOutputStream:75 - [STDERR_REDIRECT] [Fatal Error] :1:1: Premature end of file.
2025-02-12 20:15:42,844 [ERROR] LogOutputStream:75 - [STDERR_REDIRECT] 
2025-02-12 20:15:43,856 [ERROR] LogOutputStream:75 - [STDERR_REDIRECT] [Fatal Error] :1:1: Premature end of file.
2025-02-12 20:15:43,856 [ERROR] LogOutputStream:75 - [STDERR_REDIRECT] 
2025-02-12 20:15:44,831 [ERROR] LogOutputStream:75 - [STDERR_REDIRECT] [Fatal Error] :1:1: Premature end of file.
2025-02-12 20:15:44,831 [ERROR] LogOutputStream:75 - [STDERR_REDIRECT] 
2025-02-12 20:15:45,840 [ERROR] LogOutputStream:75 - [STDERR_REDIRECT] [Fatal Error] :1:1: Premature end of file.
2025-02-12 20:15:45,840 [ERROR] LogOutputStream:75 - [STDERR_REDIRECT] 
2025-02-12 20:15:46,835 [ERROR] LogOutputStream:75 - [STDERR_REDIRECT] [Fatal Error] :1:1: Premature end of file.
2025-02-12 20:15:46,835 [ERROR] LogOutputStream:75 - [STDERR_REDIRECT] 
2025-02-12 20:15:47,851 [ERROR] LogOutputStream:75 - [STDERR_REDIRECT] [Fatal Error] :1:1: Premature end of file.
2025-02-12 20:15:47,851 [ERROR] LogOutputStream:75 - [STDERR_REDIRECT] 
2025-02-12 20:15:48,836 [ERROR] LogOutputStream:75 - [STDERR_REDIRECT] [Fatal Error] :1:1: Premature end of file.
2025-02-12 20:15:48,836 [ERROR] LogOutputStream:75 - [STDERR_REDIRECT] 
2025-02-12 20:15:49,844 [ERROR] LogOutputStream:75 - [STDERR_REDIRECT] [Fatal Error] :1:1: Premature end of file.
2025-02-12 20:15:49,844 [ERROR] LogOutputStream:75 - [STDERR_REDIRECT] 
2025-02-12 20:15:50,837 [ERROR] LogOutputStream:75 - [STDERR_REDIRECT] [Fatal Error] :1:1: Premature end of file.
2025-02-12 20:15:50,837 [ERROR] LogOutputStream:75 - [STDERR_REDIRECT] 
2025-02-12 20:15:51,843 [ERROR] LogOutputStream:75 - [STDERR_REDIRECT] [Fatal Error] :1:1: Premature end of file.
2025-02-12 20:15:51,843 [ERROR] LogOutputStream:75 - [STDERR_REDIRECT] 
2025-02-12 20:15:52,842 [ERROR] LogOutputStream:75 - [STDERR_REDIRECT] [Fatal Error] :1:1: Premature end of file.
2025-02-12 20:15:52,842 [ERROR] LogOutputStream:75 - [STDERR_REDIRECT] 
2025-02-12 20:15:53,842 [ERROR] LogOutputStream:75 - [STDERR_REDIRECT] [Fatal Error] :1:1: Premature end of file.
2025-02-12 20:15:53,842 [ERROR] LogOutputStream:75 - [STDERR_REDIRECT] 
2025-02-12 20:15:54,840 [ERROR] LogOutputStream:75 - [STDERR_REDIRECT] [Fatal Error] :1:1: Premature end of file.
2025-02-12 20:15:54,840 [ERROR] LogOutputStream:75 - [STDERR_REDIRECT] 
2025-02-12 20:15:55,834 [ERROR] LogOutputStream:75 - [STDERR_REDIRECT] [Fatal Error] :1:1: Premature end of file.
2025-02-12 20:15:55,834 [ERROR] LogOutputStream:75 - [STDERR_REDIRECT] 
2025-02-12 20:15:56,846 [ERROR] LogOutputStream:75 - [STDERR_REDIRECT] [Fatal Error] :1:1: Premature end of file.
2025-02-12 20:15:56,846 [ERROR] LogOutputStream:75 - [STDERR_REDIRECT] 
2025-02-12 20:15:57,833 [ERROR] LogOutputStream:75 - [STDERR_REDIRECT] [Fatal Error] :1:1: Premature end of file.
2025-02-12 20:15:57,833 [ERROR] LogOutputStream:75 - [STDERR_REDIRECT] 
2025-02-12 20:15:58,831 [ERROR] LogOutputStream:75 - [STDERR_REDIRECT] [Fatal Error] :1:1: Premature end of file.
2025-02-12 20:15:58,831 [ERROR] LogOutputStream:75 - [STDERR_REDIRECT] 
2025-02-12 20:15:59,834 [ERROR] LogOutputStream:75 - [STDERR_REDIRECT] [Fatal Error] :1:1: Premature end of file.
2025-02-12 20:15:59,834 [ERROR] LogOutputStream:75 - [STDERR_REDIRECT] 
2025-02-12 20:16:00,842 [ERROR] LogOutputStream:75 - [STDERR_REDIRECT] [Fatal Error] :1:1: Premature end of file.
2025-02-12 20:16:00,842 [ERROR] LogOutputStream:75 - [STDERR_REDIRECT] 
2025-02-12 20:16:01,832 [ERROR] LogOutputStream:75 - [STDERR_REDIRECT] [Fatal Error] :1:1: Premature end of file.
2025-02-12 20:16:01,832 [ERROR] LogOutputStream:75 - [STDERR_REDIRECT] 
2025-02-12 20:16:02,851 [ERROR] LogOutputStream:75 - [STDERR_REDIRECT] [Fatal Error] :1:1: Premature end of file.
2025-02-12 20:16:02,851 [ERROR] LogOutputStream:75 - [STDERR_REDIRECT] 
2025-02-12 20:16:03,836 [ERROR] LogOutputStream:75 - [STDERR_REDIRECT] [Fatal Error] :1:1: Premature end of file.
2025-02-12 20:16:03,837 [ERROR] LogOutputStream:75 - [STDERR_REDIRECT] 
2025-02-12 20:16:04,836 [ERROR] LogOutputStream:75 - [STDERR_REDIRECT] [Fatal Error] :1:1: Premature end of file.
2025-02-12 20:16:04,836 [ERROR] LogOutputStream:75 - [STDERR_REDIRECT] 
2025-02-12 20:16:05,835 [ERROR] LogOutputStream:75 - [STDERR_REDIRECT] [Fatal Error] :1:1: Premature end of file.
2025-02-12 20:16:05,835 [ERROR] LogOutputStream:75 - [STDERR_REDIRECT] 
2025-02-12 20:16:06,838 [ERROR] LogOutputStream:75 - [STDERR_REDIRECT] [Fatal Error] :1:1: Premature end of file.
2025-02-12 20:16:06,838 [ERROR] LogOutputStream:75 - [STDERR_REDIRECT] 
2025-02-12 20:16:07,843 [ERROR] LogOutputStream:75 - [STDERR_REDIRECT] [Fatal Error] :1:1: Premature end of file.
2025-02-12 20:16:07,843 [ERROR] LogOutputStream:75 - [STDERR_REDIRECT] 
2025-02-12 20:16:08,839 [ERROR] LogOutputStream:75 - [STDERR_REDIRECT] [Fatal Error] :1:1: Premature end of file.
2025-02-12 20:16:08,839 [ERROR] LogOutputStream:75 - [STDERR_REDIRECT] 
2025-02-12 20:16:09,840 [ERROR] LogOutputStream:75 - [STDERR_REDIRECT] [Fatal Error] :1:1: Premature end of file.
2025-02-12 20:16:09,840 [ERROR] LogOutputStream:75 - [STDERR_REDIRECT] 
2025-02-12 20:16:10,835 [ERROR] LogOutputStream:75 - [STDERR_REDIRECT] [Fatal Error] :1:1: Premature end of file.
2025-02-12 20:16:10,835 [ERROR] LogOutputStream:75 - [STDERR_REDIRECT] 
2025-02-12 20:16:11,846 [ERROR] LogOutputStream:75 - [STDERR_REDIRECT] [Fatal Error] :1:1: Premature end of file.
2025-02-12 20:16:11,846 [ERROR] LogOutputStream:75 - [STDERR_REDIRECT] 
2025-02-12 20:16:12,836 [ERROR] LogOutputStream:75 - [STDERR_REDIRECT] [Fatal Error] :1:1: Premature end of file.
2025-02-12 20:16:12,836 [ERROR] LogOutputStream:75 - [STDERR_REDIRECT] 
2025-02-12 20:16:13,823 [ERROR] LogOutputStream:75 - [STDERR_REDIRECT] [Fatal Error] :1:1: Premature end of file.
2025-02-12 20:16:13,823 [ERROR] LogOutputStream:75 - [STDERR_REDIRECT] 
2025-02-12 20:16:14,839 [ERROR] LogOutputStream:75 - [STDERR_REDIRECT] [Fatal Error] :1:1: Premature end of file.
2025-02-12 20:16:14,839 [ERROR] LogOutputStream:75 - [STDERR_REDIRECT] 
2025-02-12 20:16:15,838 [ERROR] LogOutputStream:75 - [STDERR_REDIRECT] [Fatal Error] :1:1: Premature end of file.
2025-02-12 20:16:15,838 [ERROR] LogOutputStream:75 - [STDERR_REDIRECT] 
2025-02-12 20:16:16,849 [ERROR] LogOutputStream:75 - [STDERR_REDIRECT] [Fatal Error] :1:1: Premature end of file.
2025-02-12 20:16:16,849 [ERROR] LogOutputStream:75 - [STDERR_REDIRECT] 
2025-02-12 20:16:17,832 [ERROR] LogOutputStream:75 - [STDERR_REDIRECT] [Fatal Error] :1:1: Premature end of file.
2025-02-12 20:16:17,841 [ERROR] LogOutputStream:75 - [STDERR_REDIRECT] 
2025-02-12 20:16:18,849 [ERROR] LogOutputStream:75 - [STDERR_REDIRECT] [Fatal Error] :1:1: Premature end of file.
2025-02-12 20:16:18,849 [ERROR] LogOutputStream:75 - [STDERR_REDIRECT] 
2025-02-12 20:16:19,832 [ERROR] LogOutputStream:75 - [STDERR_REDIRECT] [Fatal Error] :1:1: Premature end of file.
2025-02-12 20:16:19,832 [ERROR] LogOutputStream:75 - [STDERR_REDIRECT] 
2025-02-12 20:16:20,833 [ERROR] LogOutputStream:75 - [STDERR_REDIRECT] [Fatal Error] :1:1: Premature end of file.
2025-02-12 20:16:20,833 [ERROR] LogOutputStream:75 - [STDERR_REDIRECT] 
2025-02-12 20:16:21,834 [ERROR] LogOutputStream:75 - [STDERR_REDIRECT] [Fatal Error] :1:1: Premature end of file.
2025-02-12 20:16:21,834 [ERROR] LogOutputStream:75 - [STDERR_REDIRECT] 
2025-02-12 20:16:22,834 [ERROR] LogOutputStream:75 - [STDERR_REDIRECT] [Fatal Error] :1:1: Premature end of file.
2025-02-12 20:16:22,834 [ERROR] LogOutputStream:75 - [STDERR_REDIRECT] 
2025-02-12 20:16:23,832 [ERROR] LogOutputStream:75 - [STDERR_REDIRECT] [Fatal Error] :1:1: Premature end of file.
2025-02-12 20:16:23,832 [ERROR] LogOutputStream:75 - [STDERR_REDIRECT] 
2025-02-12 20:16:24,832 [ERROR] LogOutputStream:75 - [STDERR_REDIRECT] [Fatal Error] :1:1: Premature end of file.
2025-02-12 20:16:24,832 [ERROR] LogOutputStream:75 - [STDERR_REDIRECT] 
2025-02-12 20:16:25,837 [ERROR] LogOutputStream:75 - [STDERR_REDIRECT] [Fatal Error] :1:1: Premature end of file.
2025-02-12 20:16:25,837 [ERROR] LogOutputStream:75 - [STDERR_REDIRECT] 
2025-02-12 20:16:26,837 [ERROR] LogOutputStream:75 - [STDERR_REDIRECT] [Fatal Error] :1:1: Premature end of file.
2025-02-12 20:16:26,837 [ERROR] LogOutputStream:75 - [STDERR_REDIRECT] 
2025-02-12 20:16:27,840 [ERROR] LogOutputStream:75 - [STDERR_REDIRECT] [Fatal Error] :1:1: Premature end of file.
2025-02-12 20:16:27,840 [ERROR] LogOutputStream:75 - [STDERR_REDIRECT] 
2025-02-12 20:16:28,842 [ERROR] LogOutputStream:75 - [STDERR_REDIRECT] [Fatal Error] :1:1: Premature end of file.
2025-02-12 20:16:28,842 [ERROR] LogOutputStream:75 - [STDERR_REDIRECT] 
2025-02-12 20:16:29,838 [ERROR] LogOutputStream:75 - [STDERR_REDIRECT] [Fatal Error] :1:1: Premature end of file.
2025-02-12 20:16:29,838 [ERROR] LogOutputStream:75 - [STDERR_REDIRECT] 
2025-02-12 20:16:30,833 [ERROR] LogOutputStream:75 - [STDERR_REDIRECT] [Fatal Error] :1:1: Premature end of file.
2025-02-12 20:16:30,833 [ERROR] LogOutputStream:75 - [STDERR_REDIRECT] 
2025-02-12 20:16:31,842 [ERROR] LogOutputStream:75 - [STDERR_REDIRECT] [Fatal Error] :1:1: Premature end of file.
2025-02-12 20:16:31,842 [ERROR] LogOutputStream:75 - [STDERR_REDIRECT] 
2025-02-12 20:16:32,832 [ERROR] LogOutputStream:75 - [STDERR_REDIRECT] [Fatal Error] :1:1: Premature end of file.
2025-02-12 20:16:32,832 [ERROR] LogOutputStream:75 - [STDERR_REDIRECT] 
2025-02-12 20:16:33,844 [ERROR] LogOutputStream:75 - [STDERR_REDIRECT] [Fatal Error] :1:1: Premature end of file.
2025-02-12 20:16:33,844 [ERROR] LogOutputStream:75 - [STDERR_REDIRECT] 
2025-02-12 20:16:34,836 [ERROR] LogOutputStream:75 - [STDERR_REDIRECT] [Fatal Error] :1:1: Premature end of file.
2025-02-12 20:16:34,836 [ERROR] LogOutputStream:75 - [STDERR_REDIRECT] 
2025-02-12 20:16:35,835 [ERROR] LogOutputStream:75 - [STDERR_REDIRECT] [Fatal Error] :1:1: Premature end of file.
2025-02-12 20:16:35,835 [ERROR] LogOutputStream:75 - [STDERR_REDIRECT] 
2025-02-12 20:16:36,829 [ERROR] LogOutputStream:75 - [STDERR_REDIRECT] [Fatal Error] :1:1: Premature end of file.
2025-02-12 20:16:36,829 [ERROR] LogOutputStream:75 - [STDERR_REDIRECT] 
2025-02-12 20:16:37,831 [ERROR] LogOutputStream:75 - [STDERR_REDIRECT] [Fatal Error] :1:1: Premature end of file.
2025-02-12 20:16:37,831 [ERROR] LogOutputStream:75 - [STDERR_REDIRECT] 
2025-02-12 20:16:38,843 [ERROR] LogOutputStream:75 - [STDERR_REDIRECT] [Fatal Error] :1:1: Premature end of file.
2025-02-12 20:16:38,843 [ERROR] LogOutputStream:75 - [STDERR_REDIRECT] 
2025-02-12 20:16:39,843 [ERROR] LogOutputStream:75 - [STDERR_REDIRECT] [Fatal Error] :1:1: Premature end of file.
2025-02-12 20:16:39,843 [ERROR] LogOutputStream:75 - [STDERR_REDIRECT] 
2025-02-12 20:16:40,833 [ERROR] LogOutputStream:75 - [STDERR_REDIRECT] [Fatal Error] :1:1: Premature end of file.
2025-02-12 20:16:40,833 [ERROR] LogOutputStream:75 - [STDERR_REDIRECT] 
2025-02-12 20:16:41,835 [ERROR] LogOutputStream:75 - [STDERR_REDIRECT] [Fatal Error] :1:1: Premature end of file.
2025-02-12 20:16:41,835 [ERROR] LogOutputStream:75 - [STDERR_REDIRECT] 
2025-02-12 20:16:42,843 [ERROR] LogOutputStream:75 - [STDERR_REDIRECT] [Fatal Error] :1:1: Premature end of file.
2025-02-12 20:16:42,843 [ERROR] LogOutputStream:75 - [STDERR_REDIRECT] 
2025-02-12 20:16:43,838 [ERROR] LogOutputStream:75 - [STDERR_REDIRECT] [Fatal Error] :1:1: Premature end of file.
2025-02-12 20:16:43,838 [ERROR] LogOutputStream:75 - [STDERR_REDIRECT] 
2025-02-12 20:16:44,833 [ERROR] LogOutputStream:75 - [STDERR_REDIRECT] [Fatal Error] :1:1: Premature end of file.
2025-02-12 20:16:44,833 [ERROR] LogOutputStream:75 - [STDERR_REDIRECT] 
2025-02-12 20:16:45,831 [ERROR] LogOutputStream:75 - [STDERR_REDIRECT] [Fatal Error] :1:1: Premature end of file.
2025-02-12 20:16:45,831 [ERROR] LogOutputStream:75 - [STDERR_REDIRECT] 
2025-02-12 20:16:46,834 [ERROR] LogOutputStream:75 - [STDERR_REDIRECT] [Fatal Error] :1:1: Premature end of file.
2025-02-12 20:16:46,834 [ERROR] LogOutputStream:75 - [STDERR_REDIRECT] 
2025-02-12 20:16:47,828 [ERROR] LogOutputStream:75 - [STDERR_REDIRECT] [Fatal Error] :1:1: Premature end of file.
2025-02-12 20:16:47,828 [ERROR] LogOutputStream:75 - [STDERR_REDIRECT] 
2025-02-12 20:16:48,834 [ERROR] LogOutputStream:75 - [STDERR_REDIRECT] [Fatal Error] :1:1: Premature end of file.
2025-02-12 20:16:48,834 [ERROR] LogOutputStream:75 - [STDERR_REDIRECT] 
2025-02-12 20:16:49,842 [ERROR] LogOutputStream:75 - [STDERR_REDIRECT] [Fatal Error] :1:1: Premature end of file.
2025-02-12 20:16:49,842 [ERROR] LogOutputStream:75 - [STDERR_REDIRECT] 
2025-02-12 20:16:50,829 [ERROR] LogOutputStream:75 - [STDERR_REDIRECT] [Fatal Error] :1:1: Premature end of file.
2025-02-12 20:16:50,829 [ERROR] LogOutputStream:75 - [STDERR_REDIRECT] 
2025-02-12 20:16:51,826 [ERROR] LogOutputStream:75 - [STDERR_REDIRECT] [Fatal Error] :1:1: Premature end of file.
2025-02-12 20:16:51,826 [ERROR] LogOutputStream:75 - [STDERR_REDIRECT] 
2025-02-12 20:16:52,836 [ERROR] LogOutputStream:75 - [STDERR_REDIRECT] [Fatal Error] :1:1: Premature end of file.
2025-02-12 20:16:52,836 [ERROR] LogOutputStream:75 - [STDERR_REDIRECT] 
2025-02-12 20:16:53,838 [ERROR] LogOutputStream:75 - [STDERR_REDIRECT] [Fatal Error] :1:1: Premature end of file.
2025-02-12 20:16:53,838 [ERROR] LogOutputStream:75 - [STDERR_REDIRECT] 
2025-02-12 20:16:54,826 [ERROR] LogOutputStream:75 - [STDERR_REDIRECT] [Fatal Error] :1:1: Premature end of file.
2025-02-12 20:16:54,826 [ERROR] LogOutputStream:75 - [STDERR_REDIRECT] 
2025-02-12 20:16:55,826 [ERROR] LogOutputStream:75 - [STDERR_REDIRECT] [Fatal Error] :1:1: Premature end of file.
2025-02-12 20:16:55,833 [ERROR] LogOutputStream:75 - [STDERR_REDIRECT] 
2025-02-12 20:16:56,826 [ERROR] LogOutputStream:75 - [STDERR_REDIRECT] [Fatal Error] :1:1: Premature end of file.
2025-02-12 20:16:56,826 [ERROR] LogOutputStream:75 - [STDERR_REDIRECT] 
2025-02-12 20:16:57,832 [ERROR] LogOutputStream:75 - [STDERR_REDIRECT] [Fatal Error] :1:1: Premature end of file.
2025-02-12 20:16:57,834 [ERROR] LogOutputStream:75 - [STDERR_REDIRECT] 
2025-02-12 20:16:58,831 [ERROR] LogOutputStream:75 - [STDERR_REDIRECT] [Fatal Error] :1:1: Premature end of file.
2025-02-12 20:16:58,831 [ERROR] LogOutputStream:75 - [STDERR_REDIRECT] 
2025-02-12 20:16:59,832 [ERROR] LogOutputStream:75 - [STDERR_REDIRECT] [Fatal Error] :1:1: Premature end of file.
2025-02-12 20:16:59,832 [ERROR] LogOutputStream:75 - [STDERR_REDIRECT] 
2025-02-12 20:17:00,815 [ERROR] LogOutputStream:75 - [STDERR_REDIRECT] [Fatal Error] :1:1: Premature end of file.
2025-02-12 20:17:00,815 [ERROR] LogOutputStream:75 - [STDERR_REDIRECT] 
2025-02-12 20:17:01,840 [ERROR] LogOutputStream:75 - [STDERR_REDIRECT] [Fatal Error] :1:1: Premature end of file.
2025-02-12 20:17:01,840 [ERROR] LogOutputStream:75 - [STDERR_REDIRECT] 
2025-02-12 20:17:02,853 [ERROR] LogOutputStream:75 - [STDERR_REDIRECT] [Fatal Error] :1:1: Premature end of file.
2025-02-12 20:17:02,853 [ERROR] LogOutputStream:75 - [STDERR_REDIRECT] 
2025-02-12 20:17:03,851 [ERROR] LogOutputStream:75 - [STDERR_REDIRECT] [Fatal Error] :1:1: Premature end of file.
2025-02-12 20:17:03,851 [ERROR] LogOutputStream:75 - [STDERR_REDIRECT] 
2025-02-12 20:17:04,856 [ERROR] LogOutputStream:75 - [STDERR_REDIRECT] [Fatal Error] :1:1: Premature end of file.
2025-02-12 20:17:04,856 [ERROR] LogOutputStream:75 - [STDERR_REDIRECT] 
2025-02-12 20:17:05,832 [ERROR] LogOutputStream:75 - [STDERR_REDIRECT] [Fatal Error] :1:1: Premature end of file.
2025-02-12 20:17:05,832 [ERROR] LogOutputStream:75 - [STDERR_REDIRECT] 
2025-02-12 20:17:06,844 [ERROR] LogOutputStream:75 - [STDERR_REDIRECT] [Fatal Error] :1:1: Premature end of file.
2025-02-12 20:17:06,844 [ERROR] LogOutputStream:75 - [STDERR_REDIRECT] 
2025-02-12 20:17:07,853 [ERROR] LogOutputStream:75 - [STDERR_REDIRECT] [Fatal Error] :1:1: Premature end of file.
2025-02-12 20:17:07,853 [ERROR] LogOutputStream:75 - [STDERR_REDIRECT] 
2025-02-12 20:17:08,849 [ERROR] LogOutputStream:75 - [STDERR_REDIRECT] [Fatal Error] :1:1: Premature end of file.
2025-02-12 20:17:08,849 [ERROR] LogOutputStream:75 - [STDERR_REDIRECT] 
2025-02-12 20:17:09,837 [ERROR] LogOutputStream:75 - [STDERR_REDIRECT] [Fatal Error] :1:1: Premature end of file.
2025-02-12 20:17:09,837 [ERROR] LogOutputStream:75 - [STDERR_REDIRECT] 
2025-02-12 20:17:10,839 [ERROR] LogOutputStream:75 - [STDERR_REDIRECT] [Fatal Error] :1:1: Premature end of file.
2025-02-12 20:17:10,839 [ERROR] LogOutputStream:75 - [STDERR_REDIRECT] 
2025-02-12 20:17:11,841 [ERROR] LogOutputStream:75 - [STDERR_REDIRECT] [Fatal Error] :1:1: Premature end of file.
2025-02-12 20:17:11,841 [ERROR] LogOutputStream:75 - [STDERR_REDIRECT] 
2025-02-12 20:17:12,832 [ERROR] LogOutputStream:75 - [STDERR_REDIRECT] [Fatal Error] :1:1: Premature end of file.
2025-02-12 20:17:12,832 [ERROR] LogOutputStream:75 - [STDERR_REDIRECT] 
2025-02-12 20:17:13,835 [ERROR] LogOutputStream:75 - [STDERR_REDIRECT] [Fatal Error] :1:1: Premature end of file.
2025-02-12 20:17:13,835 [ERROR] LogOutputStream:75 - [STDERR_REDIRECT] 
2025-02-12 20:17:14,835 [ERROR] LogOutputStream:75 - [STDERR_REDIRECT] [Fatal Error] :1:1: Premature end of file.
2025-02-12 20:17:14,842 [ERROR] LogOutputStream:75 - [STDERR_REDIRECT] 
2025-02-12 20:17:15,834 [ERROR] LogOutputStream:75 - [STDERR_REDIRECT] [Fatal Error] :1:1: Premature end of file.
2025-02-12 20:17:15,834 [ERROR] LogOutputStream:75 - [STDERR_REDIRECT] 
2025-02-12 20:17:16,839 [ERROR] LogOutputStream:75 - [STDERR_REDIRECT] [Fatal Error] :1:1: Premature end of file.
2025-02-12 20:17:16,839 [ERROR] LogOutputStream:75 - [STDERR_REDIRECT] 
2025-02-12 20:17:17,834 [ERROR] LogOutputStream:75 - [STDERR_REDIRECT] [Fatal Error] :1:1: Premature end of file.
2025-02-12 20:17:17,835 [ERROR] LogOutputStream:75 - [STDERR_REDIRECT] 
2025-02-12 20:17:18,846 [ERROR] LogOutputStream:75 - [STDERR_REDIRECT] [Fatal Error] :1:1: Premature end of file.
2025-02-12 20:17:18,846 [ERROR] LogOutputStream:75 - [STDERR_REDIRECT] 
2025-02-12 20:17:19,834 [ERROR] LogOutputStream:75 - [STDERR_REDIRECT] [Fatal Error] :1:1: Premature end of file.
2025-02-12 20:17:19,834 [ERROR] LogOutputStream:75 - [STDERR_REDIRECT] 
2025-02-12 20:17:20,848 [ERROR] LogOutputStream:75 - [STDERR_REDIRECT] [Fatal Error] :1:1: Premature end of file.
2025-02-12 20:17:20,848 [ERROR] LogOutputStream:75 - [STDERR_REDIRECT] 
2025-02-12 20:17:21,833 [ERROR] LogOutputStream:75 - [STDERR_REDIRECT] [Fatal Error] :1:1: Premature end of file.
2025-02-12 20:17:21,833 [ERROR] LogOutputStream:75 - [STDERR_REDIRECT] 
2025-02-12 20:17:22,837 [ERROR] LogOutputStream:75 - [STDERR_REDIRECT] [Fatal Error] :1:1: Premature end of file.
2025-02-12 20:17:22,837 [ERROR] LogOutputStream:75 - [STDERR_REDIRECT] 
2025-02-12 20:17:23,840 [ERROR] LogOutputStream:75 - [STDERR_REDIRECT] [Fatal Error] :1:1: Premature end of file.
2025-02-12 20:17:23,840 [ERROR] LogOutputStream:75 - [STDERR_REDIRECT] 
2025-02-12 20:17:24,835 [ERROR] LogOutputStream:75 - [STDERR_REDIRECT] [Fatal Error] :1:1: Premature end of file.
2025-02-12 20:17:24,835 [ERROR] LogOutputStream:75 - [STDERR_REDIRECT] 
2025-02-12 20:17:25,832 [ERROR] LogOutputStream:75 - [STDERR_REDIRECT] [Fatal Error] :1:1: Premature end of file.
2025-02-12 20:17:25,832 [ERROR] LogOutputStream:75 - [STDERR_REDIRECT] 
2025-02-12 20:17:26,835 [ERROR] LogOutputStream:75 - [STDERR_REDIRECT] [Fatal Error] :1:1: Premature end of file.
2025-02-12 20:17:26,835 [ERROR] LogOutputStream:75 - [STDERR_REDIRECT] 
2025-02-12 20:17:27,832 [ERROR] LogOutputStream:75 - [STDERR_REDIRECT] [Fatal Error] :1:1: Premature end of file.
2025-02-12 20:17:27,832 [ERROR] LogOutputStream:75 - [STDERR_REDIRECT] 
2025-02-12 20:17:28,844 [ERROR] LogOutputStream:75 - [STDERR_REDIRECT] [Fatal Error] :1:1: Premature end of file.
2025-02-12 20:17:28,844 [ERROR] LogOutputStream:75 - [STDERR_REDIRECT] 
2025-02-12 20:17:29,837 [ERROR] LogOutputStream:75 - [STDERR_REDIRECT] [Fatal Error] :1:1: Premature end of file.
2025-02-12 20:17:29,837 [ERROR] LogOutputStream:75 - [STDERR_REDIRECT] 
2025-02-12 20:17:30,840 [ERROR] LogOutputStream:75 - [STDERR_REDIRECT] [Fatal Error] :1:1: Premature end of file.
2025-02-12 20:17:30,840 [ERROR] LogOutputStream:75 - [STDERR_REDIRECT] 
2025-02-12 20:17:31,832 [ERROR] LogOutputStream:75 - [STDERR_REDIRECT] [Fatal Error] :1:1: Premature end of file.
2025-02-12 20:17:31,832 [ERROR] LogOutputStream:75 - [STDERR_REDIRECT] 
2025-02-12 20:17:32,832 [ERROR] LogOutputStream:75 - [STDERR_REDIRECT] [Fatal Error] :1:1: Premature end of file.
2025-02-12 20:17:32,832 [ERROR] LogOutputStream:75 - [STDERR_REDIRECT] 
2025-02-12 20:17:33,844 [ERROR] LogOutputStream:75 - [STDERR_REDIRECT] [Fatal Error] :1:1: Premature end of file.
2025-02-12 20:17:33,844 [ERROR] LogOutputStream:75 - [STDERR_REDIRECT] 
2025-02-12 20:17:34,836 [ERROR] LogOutputStream:75 - [STDERR_REDIRECT] [Fatal Error] :1:1: Premature end of file.
2025-02-12 20:17:34,836 [ERROR] LogOutputStream:75 - [STDERR_REDIRECT] 
2025-02-12 20:17:35,838 [ERROR] LogOutputStream:75 - [STDERR_REDIRECT] [Fatal Error] :1:1: Premature end of file.
2025-02-12 20:17:35,838 [ERROR] LogOutputStream:75 - [STDERR_REDIRECT] 
2025-02-12 20:17:36,832 [ERROR] LogOutputStream:75 - [STDERR_REDIRECT] [Fatal Error] :1:1: Premature end of file.
2025-02-12 20:17:36,832 [ERROR] LogOutputStream:75 - [STDERR_REDIRECT] 
2025-02-12 20:17:37,833 [ERROR] LogOutputStream:75 - [STDERR_REDIRECT] [Fatal Error] :1:1: Premature end of file.
2025-02-12 20:17:37,834 [ERROR] LogOutputStream:75 - [STDERR_REDIRECT] 
2025-02-12 20:17:38,837 [ERROR] LogOutputStream:75 - [STDERR_REDIRECT] [Fatal Error] :1:1: Premature end of file.
2025-02-12 20:17:38,837 [ERROR] LogOutputStream:75 - [STDERR_REDIRECT] 
2025-02-12 20:17:39,830 [ERROR] LogOutputStream:75 - [STDERR_REDIRECT] [Fatal Error] :1:1: Premature end of file.
2025-02-12 20:17:39,830 [ERROR] LogOutputStream:75 - [STDERR_REDIRECT] 
2025-02-12 20:17:40,833 [ERROR] LogOutputStream:75 - [STDERR_REDIRECT] [Fatal Error] :1:1: Premature end of file.
2025-02-12 20:17:40,833 [ERROR] LogOutputStream:75 - [STDERR_REDIRECT] 
2025-02-12 20:17:41,832 [ERROR] LogOutputStream:75 - [STDERR_REDIRECT] [Fatal Error] :1:1: Premature end of file.
2025-02-12 20:17:41,832 [ERROR] LogOutputStream:75 - [STDERR_REDIRECT] 
2025-02-12 20:17:42,835 [ERROR] LogOutputStream:75 - [STDERR_REDIRECT] [Fatal Error] :1:1: Premature end of file.
2025-02-12 20:17:42,835 [ERROR] LogOutputStream:75 - [STDERR_REDIRECT] 
2025-02-12 20:17:43,829 [ERROR] LogOutputStream:75 - [STDERR_REDIRECT] [Fatal Error] :1:1: Premature end of file.
2025-02-12 20:17:43,829 [ERROR] LogOutputStream:75 - [STDERR_REDIRECT] 
2025-02-12 20:17:44,843 [ERROR] LogOutputStream:75 - [STDERR_REDIRECT] [Fatal Error] :1:1: Premature end of file.
2025-02-12 20:17:44,843 [ERROR] LogOutputStream:75 - [STDERR_REDIRECT] 
2025-02-12 20:17:45,832 [ERROR] LogOutputStream:75 - [STDERR_REDIRECT] [Fatal Error] :1:1: Premature end of file.
2025-02-12 20:17:45,832 [ERROR] LogOutputStream:75 - [STDERR_REDIRECT] 
2025-02-12 20:17:46,841 [ERROR] LogOutputStream:75 - [STDERR_REDIRECT] [Fatal Error] :1:1: Premature end of file.
2025-02-12 20:17:46,841 [ERROR] LogOutputStream:75 - [STDERR_REDIRECT] 
2025-02-12 20:17:47,835 [ERROR] LogOutputStream:75 - [STDERR_REDIRECT] [Fatal Error] :1:1: Premature end of file.
2025-02-12 20:17:47,835 [ERROR] LogOutputStream:75 - [STDERR_REDIRECT] 
2025-02-12 20:17:48,837 [ERROR] LogOutputStream:75 - [STDERR_REDIRECT] [Fatal Error] :1:1: Premature end of file.
2025-02-12 20:17:48,837 [ERROR] LogOutputStream:75 - [STDERR_REDIRECT] 
2025-02-12 20:17:49,842 [ERROR] LogOutputStream:75 - [STDERR_REDIRECT] [Fatal Error] :1:1: Premature end of file.
2025-02-12 20:17:49,842 [ERROR] LogOutputStream:75 - [STDERR_REDIRECT] 
2025-02-12 20:17:50,829 [ERROR] LogOutputStream:75 - [STDERR_REDIRECT] [Fatal Error] :1:1: Premature end of file.
2025-02-12 20:17:50,829 [ERROR] LogOutputStream:75 - [STDERR_REDIRECT] 
2025-02-12 20:17:51,833 [ERROR] LogOutputStream:75 - [STDERR_REDIRECT] [Fatal Error] :1:1: Premature end of file.
2025-02-12 20:17:51,833 [ERROR] LogOutputStream:75 - [STDERR_REDIRECT] 
2025-02-12 20:17:52,857 [ERROR] LogOutputStream:75 - [STDERR_REDIRECT] [Fatal Error] :1:1: Premature end of file.
2025-02-12 20:17:52,857 [ERROR] LogOutputStream:75 - [STDERR_REDIRECT] 
2025-02-12 20:17:53,290 [ERROR] LogOutputStream:75 - [STDERR_REDIRECT] 
2025-02-12 20:17:53,292 [ERROR] LogOutputStream:75 - [STDERR_REDIRECT] 
