2024-12-17 15:09:05,977 [INFO] Activator:176 - 


2024-12-17 15:09:05,977 [INFO] Activator:177 - !SESSION log4j initialized
2024-12-17 15:09:11,487 [INFO] LogOutputStream:77 - [STDOUT_REDIRECT] 
2024-12-17 15:09:12,760 [INFO] ApplicationProperties:184 - Using Application install path: C:\ST\STM32CubeIDE_1.17.0\STM32CubeIDE\plugins\com.st.stm32cube.common.mx_6.13.0.202411220809
2024-12-17 15:09:12,776 [INFO] DbMcusXml:78 - Set database path to: C:\ST\STM32CubeIDE_1.17.0\STM32CubeIDE\plugins\com.st.stm32cube.common.mx_6.13.0.202411220809\\db\/mcu/
2024-12-17 15:09:12,776 [INFO] ApiDb:274 - Set plugin database path to: C:\ST\STM32CubeIDE_1.17.0\STM32CubeIDE\plugins\com.st.stm32cube.common.mx_6.13.0.202411220809\\db\/plugins/boardmanager/
2024-12-17 15:09:12,777 [WARN] ApiDb:259 - Overriding images path with different value:  => C:\ST\STM32CubeIDE_1.17.0\STM32CubeIDE\plugins\com.st.stm32cube.common.mx_6.13.0.202411220809\\db\/plugins/mcufinder/images/
2024-12-17 15:09:12,783 [INFO] ApiDb:250 - Set database path to: C:\Users\o1yus\.stmcufinder\plugins\mcufinder//mcu/
2024-12-17 15:09:12,784 [INFO] DbMcusAds:125 - Set database path to: C:\Users\o1yus\.stmcufinder\plugins\mcufinder//mcu/
2024-12-17 15:09:12,786 [INFO] CrossReferenceDbSqlite:203 - Set database path to: C:\Users\o1yus\.stmcufinder\plugins\mcufinder//mcu/cs/
2024-12-17 15:09:12,884 [INFO] RulesReader:64 - Compatibility file has been processed (297 Rules)
2024-12-17 15:09:12,960 [INFO] DbMcusXml:78 - Set database path to: C:\ST\STM32CubeIDE_1.17.0\STM32CubeIDE\plugins\com.st.stm32cube.common.mx_6.13.0.202411220809\\db\/mcu/
2024-12-17 15:09:12,960 [INFO] ApiDb:274 - Set plugin database path to: C:\ST\STM32CubeIDE_1.17.0\STM32CubeIDE\plugins\com.st.stm32cube.common.mx_6.13.0.202411220809\\db\/plugins/boardmanager/
2024-12-17 15:09:12,960 [INFO] ApiDb:261 - Set plugin images path to: C:\ST\STM32CubeIDE_1.17.0\STM32CubeIDE\plugins\com.st.stm32cube.common.mx_6.13.0.202411220809\\db\/plugins/mcufinder/images/
2024-12-17 15:09:12,961 [WARN] DbFile:41 - Overriding database path with different value: C:\Users\o1yus\.stmcufinder\plugins\mcufinder/ => C:\Users\o1yus\.stmcufinder\plugins\mcufinder
2024-12-17 15:09:12,961 [INFO] ApiDb:250 - Set database path to: C:\Users\o1yus\.stmcufinder\plugins\mcufinder//mcu/
2024-12-17 15:09:12,961 [WARN] DbFile:41 - Overriding database path with different value: C:\Users\o1yus\.stmcufinder\plugins\mcufinder/ => C:\Users\o1yus\.stmcufinder\plugins\mcufinder
2024-12-17 15:09:12,961 [INFO] DbMcusAds:125 - Set database path to: C:\Users\o1yus\.stmcufinder\plugins\mcufinder//mcu/
2024-12-17 15:09:12,961 [WARN] DbFile:41 - Overriding database path with different value: C:\Users\o1yus\.stmcufinder\plugins\mcufinder/ => C:\Users\o1yus\.stmcufinder\plugins\mcufinder
2024-12-17 15:09:12,961 [WARN] DbFile:41 - Overriding database path with different value: C:\Users\o1yus\.stmcufinder\plugins\mcufinder/ => C:\Users\o1yus\.stmcufinder\plugins\mcufinder
2024-12-17 15:09:12,961 [INFO] CrossReferenceDbSqlite:203 - Set database path to: C:\Users\o1yus\.stmcufinder\plugins\mcufinder//mcu/cs/
2024-12-17 15:09:13,027 [INFO] MainPanel:272 - HeapMemory: 268435456
2024-12-17 15:09:13,120 [INFO] DbMcusXml:78 - Set database path to: C:\ST\STM32CubeIDE_1.17.0\STM32CubeIDE\plugins\com.st.stm32cube.common.mx_6.13.0.202411220809\\db\/mcu/
2024-12-17 15:09:13,120 [INFO] ApiDb:274 - Set plugin database path to: C:\ST\STM32CubeIDE_1.17.0\STM32CubeIDE\plugins\com.st.stm32cube.common.mx_6.13.0.202411220809\\db\/plugins/boardmanager/
2024-12-17 15:09:13,121 [INFO] ApiDb:261 - Set plugin images path to: C:\ST\STM32CubeIDE_1.17.0\STM32CubeIDE\plugins\com.st.stm32cube.common.mx_6.13.0.202411220809\\db\/plugins/mcufinder/images/
2024-12-17 15:09:13,121 [WARN] DbFile:41 - Overriding database path with different value: C:\Users\o1yus\.stmcufinder\plugins\mcufinder/ => C:\Users\o1yus\.stmcufinder\plugins\mcufinder
2024-12-17 15:09:13,121 [INFO] ApiDb:250 - Set database path to: C:\Users\o1yus\.stmcufinder\plugins\mcufinder//mcu/
2024-12-17 15:09:13,121 [WARN] DbFile:41 - Overriding database path with different value: C:\Users\o1yus\.stmcufinder\plugins\mcufinder/ => C:\Users\o1yus\.stmcufinder\plugins\mcufinder
2024-12-17 15:09:13,121 [INFO] DbMcusAds:125 - Set database path to: C:\Users\o1yus\.stmcufinder\plugins\mcufinder//mcu/
2024-12-17 15:09:13,121 [WARN] DbFile:41 - Overriding database path with different value: C:\Users\o1yus\.stmcufinder\plugins\mcufinder/ => C:\Users\o1yus\.stmcufinder\plugins\mcufinder
2024-12-17 15:09:13,121 [WARN] DbFile:41 - Overriding database path with different value: C:\Users\o1yus\.stmcufinder\plugins\mcufinder/ => C:\Users\o1yus\.stmcufinder\plugins\mcufinder
2024-12-17 15:09:13,121 [INFO] CrossReferenceDbSqlite:203 - Set database path to: C:\Users\o1yus\.stmcufinder\plugins\mcufinder//mcu/cs/
2024-12-17 15:09:13,137 [INFO] ApplicationProperties:184 - Using Application install path: C:\ST\STM32CubeIDE_1.17.0\STM32CubeIDE\plugins\com.st.stm32cube.common.mx_6.13.0.202411220809
2024-12-17 15:09:13,138 [INFO] PluginManage:196 - Search for loadable plugins [exclusion list=, ]
2024-12-17 15:09:13,140 [INFO] PluginManage:310 - Check plugin analytics
2024-12-17 15:09:13,334 [INFO] AnalyticsPlugin:253 - Accepted Software Licenses: 
2024-12-17 15:09:13,334 [INFO] AnalyticsPlugin:255 - Accepted CMSIS Pack Licenses: 
2024-12-17 15:09:13,335 [INFO] AnalyticsPlugin:257 - Accepted Firmware Licenses: 
2024-12-17 15:09:13,339 [INFO] PluginManage:359 - Loaded plugin analytics (category:tool,tabindex:-1)
2024-12-17 15:09:13,339 [INFO] PluginManage:310 - Check plugin cadmodel
2024-12-17 15:09:13,355 [INFO] CADModel:105 - Init CAD model plugin
2024-12-17 15:09:13,355 [INFO] PluginManage:359 - Loaded plugin cadmodel (category:power,tabindex:5)
2024-12-17 15:09:13,355 [INFO] PluginManage:310 - Check plugin clock
2024-12-17 15:09:13,371 [INFO] PluginManage:359 - Loaded plugin clock (category:base,tabindex:2)
2024-12-17 15:09:13,371 [INFO] PluginManage:310 - Check plugin ddr
2024-12-17 15:09:13,373 [INFO] PluginManage:359 - Loaded plugin ddr (category:tool,tabindex:6)
2024-12-17 15:09:13,373 [INFO] PluginManage:310 - Check plugin filemanager
2024-12-17 15:09:13,489 [INFO] PluginManage:359 - Loaded plugin filemanager (category:base,tabindex:10)
2024-12-17 15:09:13,489 [INFO] PluginManage:310 - Check plugin ipmanager
2024-12-17 15:09:13,496 [INFO] PluginManage:359 - Loaded plugin ipmanager (category:base,tabindex:5)
2024-12-17 15:09:13,496 [INFO] PluginManage:310 - Check plugin lpbam
2024-12-17 15:09:13,509 [INFO] PluginManage:359 - Loaded plugin lpbam (category:base,tabindex:0)
2024-12-17 15:09:13,509 [INFO] PluginManage:310 - Check plugin memorymap
2024-12-17 15:09:13,528 [INFO] PluginManage:359 - Loaded plugin memorymap (category:base,tabindex:4)
2024-12-17 15:09:13,529 [INFO] PluginManage:310 - Check plugin pinoutandconfiguration
2024-12-17 15:09:13,543 [INFO] PluginManage:359 - Loaded plugin pinoutandconfiguration (category:base,tabindex:1)
2024-12-17 15:09:13,543 [INFO] PluginManage:310 - Check plugin pinoutconfig
2024-12-17 15:09:13,623 [WARN] SupportedApi:132 - Cannot load RTOS API schema: s4s-elt-must-match.1: The content of 'definitions' must match (annotation?, (simpleType | complexType)?, (unique | key | keyref)*)). A problem was found starting at: attribute.
2024-12-17 15:09:13,731 [INFO] PluginManage:359 - Loaded plugin pinoutconfig (category:base,tabindex:0)
2024-12-17 15:09:13,731 [INFO] PluginManage:310 - Check plugin power
2024-12-17 15:09:13,747 [INFO] PluginManage:359 - Loaded plugin power (category:power,tabindex:4)
2024-12-17 15:09:13,747 [INFO] PluginManage:310 - Check plugin projectmanager
2024-12-17 15:09:13,768 [INFO] PluginManage:359 - Loaded plugin projectmanager (category:projectmanager,tabindex:4)
2024-12-17 15:09:13,768 [INFO] PluginManage:310 - Check plugin rif
2024-12-17 15:09:13,783 [INFO] PluginManage:359 - Loaded plugin rif (category:base,tabindex:3)
2024-12-17 15:09:13,784 [INFO] PluginManage:310 - Check plugin thirdparty
2024-12-17 15:09:14,031 [WARN] IntegrityCheckThread:84 - waiting for thirdparty lock release [integrity check]
2024-12-17 15:09:14,032 [INFO] IntegrityCheckThread:86 - entering critical section [integrity check]
2024-12-17 15:09:14,032 [INFO] PluginManage:359 - Loaded plugin thirdparty (category:base,tabindex:-1)
2024-12-17 15:09:14,032 [INFO] PluginManage:310 - Check plugin tools
2024-12-17 15:09:14,032 [INFO] ThirdPartyUpdaterWithRetryManager:70 - Updater plugin not ready yet. [1/15]
2024-12-17 15:09:14,065 [INFO] PluginManage:359 - Loaded plugin tools (category:base,tabindex:7)
2024-12-17 15:09:14,065 [INFO] PluginManage:310 - Check plugin tutovideos
2024-12-17 15:09:14,232 [INFO] PluginManage:359 - Loaded plugin tutovideos (category:base,tabindex:-1)
2024-12-17 15:09:14,232 [INFO] PluginManage:310 - Check plugin updater
2024-12-17 15:09:14,249 [INFO] PluginManage:359 - Loaded plugin updater (category:base,tabindex:12)
2024-12-17 15:09:14,249 [INFO] PluginManage:310 - Check plugin userauth
2024-12-17 15:09:14,253 [INFO] UserAuth:118 - Init User Auth plugin
2024-12-17 15:09:14,254 [INFO] PluginManage:359 - Loaded plugin userauth (category:base,tabindex:14)
2024-12-17 15:09:14,255 [INFO] PluginManage:283 - PluginManage : Loaded plugins [18]
2024-12-17 15:09:14,425 [INFO] PinOutPanel:1589 - setPackage(No Configuration,No Configuration)
2024-12-17 15:09:14,494 [INFO] CADModel:165 - CPN selected for project level
2024-12-17 15:09:14,494 [INFO] CADModel:114 - Register for checkConnection events
2024-12-17 15:09:14,516 [INFO] IPUIPlugin:80 - create IPUIPlugin
2024-12-17 15:09:14,517 [INFO] PluginManager:220 - loadIPPluginJar : add adc
2024-12-17 15:09:14,544 [INFO] IPUIPlugin:80 - create IPUIPlugin
2024-12-17 15:09:14,544 [INFO] PluginManager:220 - loadIPPluginJar : add aes
2024-12-17 15:09:14,573 [INFO] IPUIPlugin:80 - create IPUIPlugin
2024-12-17 15:09:14,574 [INFO] PluginManager:220 - loadIPPluginJar : add can
2024-12-17 15:09:14,592 [INFO] IPUIPlugin:80 - create IPUIPlugin
2024-12-17 15:09:14,592 [INFO] PluginManager:220 - loadIPPluginJar : add comp
2024-12-17 15:09:14,615 [INFO] IPUIPlugin:80 - create IPUIPlugin
2024-12-17 15:09:14,615 [INFO] PluginManager:220 - loadIPPluginJar : add cryp
2024-12-17 15:09:14,626 [INFO] IPUIPlugin:80 - create IPUIPlugin
2024-12-17 15:09:14,626 [INFO] PluginManager:220 - loadIPPluginJar : add ddr_ctrl_phy
2024-12-17 15:09:14,647 [INFO] IPUIPlugin:80 - create IPUIPlugin
2024-12-17 15:09:14,647 [INFO] PluginManager:220 - loadIPPluginJar : add dfsdm
2024-12-17 15:09:14,662 [INFO] IPUIPlugin:80 - create IPUIPlugin
2024-12-17 15:09:14,664 [INFO] PluginManager:220 - loadIPPluginJar : add dma
2024-12-17 15:09:14,697 [INFO] IPUIPlugin:80 - create IPUIPlugin
2024-12-17 15:09:14,697 [INFO] PluginManager:220 - loadIPPluginJar : add dma3
2024-12-17 15:09:14,735 [INFO] IPUIPlugin:80 - create IPUIPlugin
2024-12-17 15:09:14,736 [INFO] PluginManager:220 - loadIPPluginJar : add extmemmanager
2024-12-17 15:09:14,753 [INFO] IPUIPlugin:80 - create IPUIPlugin
2024-12-17 15:09:14,753 [INFO] PluginManager:220 - loadIPPluginJar : add fatfs
2024-12-17 15:09:14,791 [INFO] IPUIPlugin:80 - create IPUIPlugin
2024-12-17 15:09:14,791 [INFO] PluginManager:220 - loadIPPluginJar : add fmc
2024-12-17 15:09:14,804 [INFO] IPUIPlugin:80 - create IPUIPlugin
2024-12-17 15:09:14,804 [INFO] PluginManager:220 - loadIPPluginJar : add freertos
2024-12-17 15:09:14,821 [INFO] IPUIPlugin:80 - create IPUIPlugin
2024-12-17 15:09:14,821 [INFO] PluginManager:220 - loadIPPluginJar : add genericplugin
2024-12-17 15:09:14,896 [INFO] IPUIPlugin:80 - create IPUIPlugin
2024-12-17 15:09:14,896 [INFO] PluginManager:220 - loadIPPluginJar : add gfxmmu
2024-12-17 15:09:14,996 [INFO] IPUIPlugin:80 - create IPUIPlugin
2024-12-17 15:09:14,997 [INFO] PluginManager:220 - loadIPPluginJar : add gic
2024-12-17 15:09:15,008 [INFO] IPUIPlugin:80 - create IPUIPlugin
2024-12-17 15:09:15,008 [INFO] PluginManager:220 - loadIPPluginJar : add gpio
2024-12-17 15:09:15,074 [INFO] IPUIPlugin:80 - create IPUIPlugin
2024-12-17 15:09:15,074 [INFO] PluginManager:220 - loadIPPluginJar : add gtzc
2024-12-17 15:09:15,098 [INFO] IPUIPlugin:80 - create IPUIPlugin
2024-12-17 15:09:15,098 [INFO] PluginManager:220 - loadIPPluginJar : add hash
2024-12-17 15:09:15,136 [INFO] IPUIPlugin:80 - create IPUIPlugin
2024-12-17 15:09:15,136 [INFO] PluginManager:220 - loadIPPluginJar : add i2c
2024-12-17 15:09:15,166 [INFO] IPUIPlugin:80 - create IPUIPlugin
2024-12-17 15:09:15,167 [INFO] PluginManager:220 - loadIPPluginJar : add i2s
2024-12-17 15:09:15,203 [INFO] IPUIPlugin:80 - create IPUIPlugin
2024-12-17 15:09:15,203 [INFO] PluginManager:220 - loadIPPluginJar : add i3c
2024-12-17 15:09:15,285 [INFO] IPUIPlugin:80 - create IPUIPlugin
2024-12-17 15:09:15,285 [INFO] PluginManager:220 - loadIPPluginJar : add ipddr
2024-12-17 15:09:15,368 [INFO] IPUIPlugin:80 - create IPUIPlugin
2024-12-17 15:09:15,368 [INFO] PluginManager:220 - loadIPPluginJar : add linkedlist
2024-12-17 15:09:15,398 [INFO] IPUIPlugin:80 - create IPUIPlugin
2024-12-17 15:09:15,399 [INFO] PluginManager:220 - loadIPPluginJar : add lorawan
2024-12-17 15:09:15,435 [INFO] IPUIPlugin:80 - create IPUIPlugin
2024-12-17 15:09:15,435 [INFO] PluginManager:220 - loadIPPluginJar : add ltdc
2024-12-17 15:09:15,448 [INFO] IPUIPlugin:80 - create IPUIPlugin
2024-12-17 15:09:15,448 [INFO] PluginManager:220 - loadIPPluginJar : add mdma
2024-12-17 15:09:15,458 [INFO] IPUIPlugin:80 - create IPUIPlugin
2024-12-17 15:09:15,458 [INFO] PluginManager:220 - loadIPPluginJar : add nvic
2024-12-17 15:09:15,489 [INFO] IPUIPlugin:80 - create IPUIPlugin
2024-12-17 15:09:15,489 [INFO] PluginManager:220 - loadIPPluginJar : add opamp
2024-12-17 15:09:15,540 [INFO] IPUIPlugin:80 - create IPUIPlugin
2024-12-17 15:09:15,540 [INFO] PluginManager:220 - loadIPPluginJar : add openamp
2024-12-17 15:09:15,574 [INFO] IPUIPlugin:80 - create IPUIPlugin
2024-12-17 15:09:15,574 [INFO] PluginManager:220 - loadIPPluginJar : add pdm2pcm
2024-12-17 15:09:15,586 [INFO] IPUIPlugin:80 - create IPUIPlugin
2024-12-17 15:09:15,587 [INFO] PluginManager:220 - loadIPPluginJar : add plateformsettings
2024-12-17 15:09:15,609 [INFO] IPUIPlugin:80 - create IPUIPlugin
2024-12-17 15:09:15,610 [INFO] PluginManager:220 - loadIPPluginJar : add quadspi
2024-12-17 15:09:15,635 [INFO] IPUIPlugin:80 - create IPUIPlugin
2024-12-17 15:09:15,636 [INFO] PluginManager:220 - loadIPPluginJar : add radio
2024-12-17 15:09:15,649 [INFO] IPUIPlugin:80 - create IPUIPlugin
2024-12-17 15:09:15,649 [INFO] PluginManager:220 - loadIPPluginJar : add resmgrutility
2024-12-17 15:09:15,695 [INFO] IPUIPlugin:80 - create IPUIPlugin
2024-12-17 15:09:15,696 [INFO] PluginManager:220 - loadIPPluginJar : add sai
2024-12-17 15:09:15,734 [INFO] IPUIPlugin:80 - create IPUIPlugin
2024-12-17 15:09:15,734 [INFO] PluginManager:220 - loadIPPluginJar : add spi
2024-12-17 15:09:15,794 [INFO] IPUIPlugin:80 - create IPUIPlugin
2024-12-17 15:09:15,794 [INFO] PluginManager:220 - loadIPPluginJar : add stm32_wpan
2024-12-17 15:09:15,814 [INFO] IPUIPlugin:80 - create IPUIPlugin
2024-12-17 15:09:15,814 [INFO] PluginManager:220 - loadIPPluginJar : add tim
2024-12-17 15:09:15,874 [INFO] IPUIPlugin:80 - create IPUIPlugin
2024-12-17 15:09:15,874 [INFO] PluginManager:220 - loadIPPluginJar : add touchsensing
2024-12-17 15:09:15,899 [INFO] IPUIPlugin:80 - create IPUIPlugin
2024-12-17 15:09:15,899 [INFO] PluginManager:220 - loadIPPluginJar : add tracer_emb
2024-12-17 15:09:15,922 [INFO] IPUIPlugin:80 - create IPUIPlugin
2024-12-17 15:09:15,922 [INFO] PluginManager:220 - loadIPPluginJar : add ts
2024-12-17 15:09:15,943 [INFO] IPUIPlugin:80 - create IPUIPlugin
2024-12-17 15:09:15,944 [INFO] PluginManager:220 - loadIPPluginJar : add tsc
2024-12-17 15:09:15,963 [INFO] IPUIPlugin:80 - create IPUIPlugin
2024-12-17 15:09:15,964 [INFO] PluginManager:220 - loadIPPluginJar : add ucpd
2024-12-17 15:09:16,001 [INFO] IPUIPlugin:80 - create IPUIPlugin
2024-12-17 15:09:16,002 [INFO] PluginManager:220 - loadIPPluginJar : add usart
2024-12-17 15:09:16,038 [INFO] IPUIPlugin:80 - create IPUIPlugin
2024-12-17 15:09:16,038 [INFO] PluginManager:220 - loadIPPluginJar : add usbx
2024-12-17 15:09:16,153 [FATAL] Updater:351 - Updater called before beeing initialized
2024-12-17 15:09:16,174 [INFO] RulesReader:64 - Compatibility file has been processed (297 Rules)
2024-12-17 15:09:16,184 [INFO] RulesReader:64 - Compatibility file has been processed (297 Rules)
2024-12-17 15:09:16,194 [INFO] CADModel:165 - CPN selected for project level
2024-12-17 15:09:16,194 [INFO] CADModel:114 - Register for checkConnection events
2024-12-17 15:09:16,194 [FATAL] Updater:351 - Updater called before beeing initialized
2024-12-17 15:09:16,194 [ERROR] CADModel:125 - Updater not yet initialized, retry later 
2024-12-17 15:09:16,389 [FATAL] Updater:351 - Updater called before beeing initialized
2024-12-17 15:09:16,391 [INFO] CADModel:165 - CPN selected for project level
2024-12-17 15:09:16,391 [INFO] CADModel:114 - Register for checkConnection events
2024-12-17 15:09:16,391 [FATAL] Updater:351 - Updater called before beeing initialized
2024-12-17 15:09:16,391 [ERROR] CADModel:125 - Updater not yet initialized, retry later 
2024-12-17 15:09:16,395 [FATAL] Updater:351 - Updater called before beeing initialized
2024-12-17 15:09:16,496 [FATAL] Updater:351 - Updater called before beeing initialized
2024-12-17 15:09:16,506 [INFO] DbMcusAds:53 - JSON generation date=Fri Sep 20 16:04:23 TRT 2024 (1726837463113)
2024-12-17 15:09:16,506 [FATAL] Updater:351 - Updater called before beeing initialized
2024-12-17 15:09:16,544 [WARN] DetailPanel:346 - Failed to get advertising image, set to default
2024-12-17 15:09:16,741 [FATAL] Updater:351 - Updater called before beeing initialized
2024-12-17 15:09:16,743 [FATAL] Updater:351 - Updater called before beeing initialized
2024-12-17 15:09:16,743 [FATAL] Updater:351 - Updater called before beeing initialized
2024-12-17 15:09:16,743 [WARN] DetailPanel:346 - Failed to get advertising image, set to default
2024-12-17 15:09:16,744 [FATAL] Updater:351 - Updater called before beeing initialized
2024-12-17 15:09:16,802 [ERROR] Updater:1198 - MainUpdater not yet initialized. External WinMGr cannot be set.
2024-12-17 15:09:16,811 [INFO] Updater:1134 - Updater Version found : 6.13.0
2024-12-17 15:09:16,830 [INFO] ApplicationProperties:184 - Using Application install path: C:\ST\STM32CubeIDE_1.17.0\STM32CubeIDE\plugins\com.st.stm32cube.common.mx_6.13.0.202411220809
2024-12-17 15:09:17,033 [INFO] ThirdPartyUpdaterWithRetryManager:70 - Updater plugin not ready yet. [2/15]
2024-12-17 15:09:18,410 [ERROR] LogOutputStream:75 - [STDERR_REDIRECT] Dec 17, 2024 3:09:18 PM java.util.prefs.WindowsPreferences <init>
2024-12-17 15:09:18,411 [ERROR] LogOutputStream:75 - [STDERR_REDIRECT] WARNING: Could not open/create prefs root node Software\JavaSoft\Prefs at root 0xffffffff80000002. Windows RegCreateKeyEx(...) returned error code 5.
2024-12-17 15:09:18,411 [ERROR] LogOutputStream:75 - [STDERR_REDIRECT] 
2024-12-17 15:09:19,005 [INFO] MainUpdater:2872 - connection check result : 10
2024-12-17 15:09:19,005 [INFO] MainUpdater:289 - Updater Check For Update Now.
2024-12-17 15:09:19,005 [INFO] MicroXplorer:498 - Change Database Version : DB.6.0.130
2024-12-17 15:09:19,031 [INFO] McuFinderGlobals:63 - Set McuFinder mode to 2 (CubeIDE integrated)
2024-12-17 15:09:19,031 [INFO] UserAuth:171 - activating auth plugin
2024-12-17 15:09:19,034 [INFO] UserAuth:486 - Internet connection configuration mode: 1
2024-12-17 15:09:19,066 [INFO] JxBrowserEngine:152 - Initiate JxBrowser Engine with user profile folder
2024-12-17 15:09:19,210 [INFO] CheckServerUpdateThread:120 - End of CheckServer Thread
2024-12-17 15:09:19,871 [INFO] WebApp:168 - Instantiating new browser for Auth
2024-12-17 15:09:20,225 [WARN] PackLoader:240 - Cannot read IP mode file for STMicroelectronics.FP-SNS-MOTENVWB1.1.4.0
2024-12-17 15:09:20,239 [WARN] PackLoader:240 - Cannot read IP mode file for STMicroelectronics.FP-ATR-ASTRA1.2.0.1
2024-12-17 15:09:20,253 [WARN] PackLoader:240 - Cannot read IP mode file for STMicroelectronics.X-CUBE-SMBUS.2.1.0
2024-12-17 15:09:20,270 [WARN] PackLoader:240 - Cannot read IP mode file for STMicroelectronics.X-CUBE-WB05N.1.1.0
2024-12-17 15:09:20,307 [WARN] PackLoader:240 - Cannot read IP mode file for STMicroelectronics.X-CUBE-AZRTOS-F7.1.1.0
2024-12-17 15:09:20,357 [WARN] PackLoader:240 - Cannot read IP mode file for STMicroelectronics.X-CUBE-MEMS1.11.0.0
2024-12-17 15:09:20,444 [WARN] PackLoader:240 - Cannot read IP mode file for STMicroelectronics.FP-SNS-FLIGHT1.5.0.2
2024-12-17 15:09:20,468 [WARN] PackLoader:240 - Cannot read IP mode file for Infineon.AIROC-Wi-Fi-Bluetooth-STM32.1.7.0
2024-12-17 15:09:20,484 [WARN] PackLoader:240 - Cannot read IP mode file for STMicroelectronics.X-CUBE-DISPLAY.3.0.0
2024-12-17 15:09:20,496 [WARN] PackLoader:240 - Cannot read IP mode file for STMicroelectronics.X-CUBE-BLE1.7.0.0
2024-12-17 15:09:20,508 [WARN] PackLoader:240 - Cannot read IP mode file for STMicroelectronics.X-CUBE-NFC10.1.0.0
2024-12-17 15:09:20,523 [WARN] PackLoader:240 - Cannot read IP mode file for STMicroelectronics.X-CUBE-BLEMGR.4.0.0
2024-12-17 15:09:20,535 [WARN] PackLoader:240 - Cannot read IP mode file for emotas.I-CUBE-CANOPEN.1.3.0
2024-12-17 15:09:20,547 [WARN] PackLoader:240 - Cannot read IP mode file for STMicroelectronics.FP-SNS-SMARTAG2.1.2.0
2024-12-17 15:09:20,564 [INFO] LogOutputStream:77 - [STDOUT_REDIRECT] 1 : Invalid condition id : UX_CORESTACK_Condition cause : null
2024-12-17 15:09:20,565 [INFO] LogOutputStream:77 - [STDOUT_REDIRECT] 1 : Invalid condition id : UX_CORESTACK_Condition cause : null
2024-12-17 15:09:20,566 [INFO] LogOutputStream:77 - [STDOUT_REDIRECT] 1 : Invalid condition id : UX_CORESTACK_Condition cause : null
2024-12-17 15:09:20,567 [INFO] LogOutputStream:77 - [STDOUT_REDIRECT] 1 : Invalid condition id : UX_CORESTACK_Condition cause : null
2024-12-17 15:09:20,568 [INFO] LogOutputStream:77 - [STDOUT_REDIRECT] 1 : Invalid condition id : UX_CORESTACK_Condition cause : null
2024-12-17 15:09:20,569 [WARN] PackLoader:240 - Cannot read IP mode file for STMicroelectronics.X-CUBE-AZRTOS-WL.2.0.0
2024-12-17 15:09:20,582 [WARN] PackLoader:240 - Cannot read IP mode file for STMicroelectronics.FP-SNS-MOTENV1.5.0.0
2024-12-17 15:09:20,591 [WARN] PackLoader:240 - Cannot read IP mode file for wolfSSL.I-CUBE-wolfMQTT.1.19.0
2024-12-17 15:09:20,606 [WARN] PackLoader:240 - Cannot read IP mode file for WES.I-CUBE-Cesium.1.3.0
2024-12-17 15:09:20,626 [WARN] PackLoader:240 - Cannot read IP mode file for STMicroelectronics.X-CUBE-BLE2.3.3.0
2024-12-17 15:09:20,642 [WARN] PackLoader:240 - Cannot read IP mode file for STMicroelectronics.X-CUBE-NFC9.1.0.0
2024-12-17 15:09:20,692 [WARN] PackLoader:240 - Cannot read IP mode file for STMicroelectronics.X-CUBE-AZRTOS-G0.1.1.0
2024-12-17 15:09:20,709 [WARN] PackLoader:240 - Cannot read IP mode file for STMicroelectronics.X-CUBE-SAFEA1.1.2.2
2024-12-17 15:09:20,721 [WARN] PackLoader:240 - Cannot read IP mode file for STMicroelectronics.X-CUBE-NFC4.3.0.0
2024-12-17 15:09:20,734 [WARN] PackLoader:240 - Cannot read IP mode file for EmbeddedOffice.I-CUBE-FS-RTOS.1.0.1
2024-12-17 15:09:20,745 [WARN] PackLoader:240 - Cannot read IP mode file for STMicroelectronics.X-CUBE-TCPP.4.2.0
2024-12-17 15:09:20,757 [WARN] PackLoader:240 - Cannot read IP mode file for RealThread.X-CUBE-RT-Thread_Nano.4.1.1
2024-12-17 15:09:20,767 [WARN] PackLoader:240 - Cannot read IP mode file for STMicroelectronics.FP-ATR-SIGFOX1.3.2.0
2024-12-17 15:09:20,777 [WARN] ConditionMgr:438 - getConditionDescription Invalid condition id : Cortex-A Device cause : null
2024-12-17 15:09:20,796 [WARN] ConditionMgr:1044 - genDependencies : Invalid condition id : Cortex-A Device cause : null
2024-12-17 15:09:20,796 [WARN] ConditionMgr:1044 - genDependencies : Invalid condition id : Cortex-A Device cause : null
2024-12-17 15:09:20,796 [WARN] ConditionMgr:1044 - genDependencies : Invalid condition id : Cortex-A Device cause : null
2024-12-17 15:09:20,807 [WARN] PackLoader:240 - Cannot read IP mode file for STMicroelectronics.X-CUBE-EEPRMA1.5.1.0
2024-12-17 15:09:20,817 [WARN] PackLoader:240 - Cannot read IP mode file for wolfSSL.I-CUBE-wolfSSL.5.7.4
2024-12-17 15:09:20,828 [WARN] PackLoader:240 - Cannot read IP mode file for ITTIA_DB.I-CUBE-ITTIADB.8.9.0
2024-12-17 15:09:20,849 [WARN] PackLoader:240 - Cannot read IP mode file for SEGGER.I-CUBE-embOS.1.3.1
2024-12-17 15:09:20,881 [WARN] PackLoader:240 - Cannot read IP mode file for STMicroelectronics.X-CUBE-ALGOBUILD.1.4.0
2024-12-17 15:09:20,892 [WARN] PackLoader:240 - Cannot read IP mode file for STMicroelectronics.X-CUBE-AI.9.1.0
2024-12-17 15:09:20,912 [WARN] PackLoader:240 - Cannot read IP mode file for STMicroelectronics.X-CUBE-AZRTOS-F4.1.1.0
2024-12-17 15:09:20,924 [WARN] PackLoader:240 - Cannot read IP mode file for STMicroelectronics.X-CUBE-ISPU.2.1.0
2024-12-17 15:09:20,944 [WARN] PackLoader:240 - Cannot read IP mode file for STMicroelectronics.X-CUBE-AZRTOS-L5.2.0.0
2024-12-17 15:09:20,959 [WARN] PackLoader:240 - Cannot read IP mode file for STMicroelectronics.X-CUBE-NFC6.3.1.0
2024-12-17 15:09:20,975 [WARN] PackLoader:240 - Cannot read IP mode file for STMicroelectronics.X-CUBE-DPower.1.2.0
2024-12-17 15:09:20,994 [WARN] PackLoader:240 - Cannot read IP mode file for STMicroelectronics.X-CUBE-FREERTOS.1.3.0
2024-12-17 15:09:21,015 [WARN] PackLoader:240 - Cannot read IP mode file for STMicroelectronics.X-CUBE-NFC7.1.0.1
2024-12-17 15:09:21,049 [WARN] ConditionMgr:438 - getConditionDescription Invalid condition id : LAN8742 Phy interface Condition cause : null
2024-12-17 15:09:21,050 [WARN] PackLoader:240 - Cannot read IP mode file for STMicroelectronics.X-CUBE-AZRTOS-L4.2.0.0
2024-12-17 15:09:21,051 [WARN] ConditionMgr:1044 - genDependencies : Invalid condition id : LAN8742 Phy interface Condition cause : null
2024-12-17 15:09:21,051 [WARN] ConditionMgr:1044 - genDependencies : Invalid condition id : LAN8742 Phy interface Condition cause : null
2024-12-17 15:09:21,052 [WARN] ConditionMgr:1044 - genDependencies : Invalid condition id : LAN8742 Phy interface Condition cause : null
2024-12-17 15:09:21,069 [WARN] PackLoader:240 - Cannot read IP mode file for STMicroelectronics.X-CUBE-SFXS2LP1.4.0.0
2024-12-17 15:09:21,101 [WARN] PackLoader:240 - Cannot read IP mode file for STMicroelectronics.X-CUBE-AZRTOS-H7.3.3.0
2024-12-17 15:09:21,126 [INFO] WebApp:449 - Apply proxy settings
2024-12-17 15:09:21,127 [INFO] WebApp:534 - Chromium requires no authentication
2024-12-17 15:09:21,133 [WARN] PackLoader:240 - Cannot read IP mode file for STMicroelectronics.X-CUBE-IPS.3.0.0
2024-12-17 15:09:21,157 [WARN] ConditionMgr:438 - getConditionDescription Invalid condition id : UX DEVICE CLASS RTOS Condition cause : null
2024-12-17 15:09:21,158 [WARN] ConditionMgr:438 - getConditionDescription Invalid condition id : UX DEVICE CLASS RTOS Condition cause : null
2024-12-17 15:09:21,159 [WARN] PackLoader:240 - Cannot read IP mode file for STMicroelectronics.X-CUBE-AZRTOS-WB.2.0.0
2024-12-17 15:09:21,160 [WARN] ConditionMgr:1044 - genDependencies : Invalid condition id : UX DEVICE CLASS RTOS Condition cause : null
2024-12-17 15:09:21,160 [WARN] ConditionMgr:1044 - genDependencies : Invalid condition id : UX DEVICE CLASS RTOS Condition cause : null
2024-12-17 15:09:21,160 [WARN] ConditionMgr:1044 - genDependencies : Invalid condition id : UX DEVICE CLASS RTOS Condition cause : null
2024-12-17 15:09:21,160 [WARN] ConditionMgr:1044 - genDependencies : Invalid condition id : UX DEVICE CLASS RTOS Condition cause : null
2024-12-17 15:09:21,160 [WARN] ConditionMgr:1044 - genDependencies : Invalid condition id : UX DEVICE CLASS RTOS Condition cause : null
2024-12-17 15:09:21,175 [INFO] WebApp:477 - Direct internet connection detected
2024-12-17 15:09:21,178 [WARN] PackLoader:240 - Cannot read IP mode file for STMicroelectronics.X-CUBE-GNSS1.7.0.0
2024-12-17 15:09:21,199 [WARN] PackLoader:240 - Cannot read IP mode file for STMicroelectronics.FP-SNS-STBOX1.2.0.0
2024-12-17 15:09:21,219 [WARN] PackLoader:240 - Cannot read IP mode file for STMicroelectronics.X-CUBE-SUBG2.5.0.0
2024-12-17 15:09:21,235 [WARN] PackLoader:240 - Cannot read IP mode file for Cesanta.I-CUBE-Mongoose.7.13.0
2024-12-17 15:09:21,255 [WARN] PackLoader:240 - Cannot read IP mode file for STMicroelectronics.X-CUBE-AZRTOS-G4.2.0.0
2024-12-17 15:09:21,266 [WARN] PackLoader:240 - Cannot read IP mode file for STMicroelectronics.X-CUBE-ALS.1.0.2
2024-12-17 15:09:21,282 [WARN] PackLoader:240 - Cannot read IP mode file for STMicroelectronics.X-CUBE-TOUCHGFX.4.24.1
2024-12-17 15:09:21,294 [WARN] PackLoader:240 - Cannot read IP mode file for wolfSSL.I-CUBE-wolfTPM.3.4.0
2024-12-17 15:09:21,307 [WARN] PackLoader:240 - Cannot read IP mode file for portGmbH.I-Cube-SoM-uGOAL.1.1.0
2024-12-17 15:09:21,315 [INFO] WebApp:880 - Register for checkConnection events
2024-12-17 15:09:21,316 [INFO] WebApp:449 - Apply proxy settings
2024-12-17 15:09:21,316 [INFO] WebApp:534 - Chromium requires no authentication
2024-12-17 15:09:21,316 [INFO] WebApp:477 - Direct internet connection detected
2024-12-17 15:09:21,329 [WARN] PackLoader:240 - Cannot read IP mode file for STMicroelectronics.X-CUBE-AZRTOS-H7RS.1.0.0
2024-12-17 15:09:21,344 [WARN] PackLoader:240 - Cannot read IP mode file for STMicroelectronics.X-CUBE-TOF1.3.4.2
2024-12-17 15:09:21,358 [WARN] PackLoader:240 - Cannot read IP mode file for wolfSSL.I-CUBE-wolfSSH.1.4.17
2024-12-17 15:09:21,358 [INFO] ThirdParty:978 - Integrity check success = true
2024-12-17 15:09:21,358 [INFO] IntegrityCheckThread:100 - exiting critical section [integrity check]
2024-12-17 15:09:21,358 [INFO] IntegrityCheckThread:103 - End integrity checks thread
2024-12-17 15:09:21,677 [INFO] WebApp:221 - Starting web application
2024-12-17 15:09:21,677 [INFO] WebApp:579 - Web application path used C:\ST\STM32CubeIDE_1.17.0\STM32CubeIDE\plugins\com.st.stm32cube.common.mx_6.13.0.202411220809\db\plugins\mcufinder\reactClient1\index.html
2024-12-17 15:09:21,827 [INFO] WebApp:187 - Connection restablished
2024-12-17 15:09:21,975 [ERROR] LogOutputStream:75 - [STDERR_REDIRECT] [Fatal Error] :1:1: Premature end of file.
2024-12-17 15:09:21,976 [ERROR] LogOutputStream:75 - [STDERR_REDIRECT] 
2024-12-17 15:09:22,948 [ERROR] LogOutputStream:75 - [STDERR_REDIRECT] [Fatal Error] :1:1: Premature end of file.
2024-12-17 15:09:22,948 [ERROR] LogOutputStream:75 - [STDERR_REDIRECT] 
2024-12-17 15:09:23,939 [ERROR] LogOutputStream:75 - [STDERR_REDIRECT] [Fatal Error] :1:1: Premature end of file.
2024-12-17 15:09:23,939 [ERROR] LogOutputStream:75 - [STDERR_REDIRECT] 
2024-12-17 15:09:24,937 [ERROR] LogOutputStream:75 - [STDERR_REDIRECT] [Fatal Error] :1:1: Premature end of file.
2024-12-17 15:09:24,937 [ERROR] LogOutputStream:75 - [STDERR_REDIRECT] 
2024-12-17 15:09:25,937 [ERROR] LogOutputStream:75 - [STDERR_REDIRECT] [Fatal Error] :1:1: Premature end of file.
2024-12-17 15:09:25,937 [ERROR] LogOutputStream:75 - [STDERR_REDIRECT] 
2024-12-17 15:09:26,937 [ERROR] LogOutputStream:75 - [STDERR_REDIRECT] [Fatal Error] :1:1: Premature end of file.
2024-12-17 15:09:26,937 [ERROR] LogOutputStream:75 - [STDERR_REDIRECT] 
2024-12-17 15:09:27,940 [ERROR] LogOutputStream:75 - [STDERR_REDIRECT] [Fatal Error] :1:1: Premature end of file.
2024-12-17 15:09:27,940 [ERROR] LogOutputStream:75 - [STDERR_REDIRECT] 
2024-12-17 15:09:28,939 [ERROR] LogOutputStream:75 - [STDERR_REDIRECT] [Fatal Error] :1:1: Premature end of file.
2024-12-17 15:09:28,939 [ERROR] LogOutputStream:75 - [STDERR_REDIRECT] 
2024-12-17 15:09:29,936 [ERROR] LogOutputStream:75 - [STDERR_REDIRECT] [Fatal Error] :1:1: Premature end of file.
2024-12-17 15:09:29,936 [ERROR] LogOutputStream:75 - [STDERR_REDIRECT] 
2024-12-17 15:09:30,938 [ERROR] LogOutputStream:75 - [STDERR_REDIRECT] [Fatal Error] :1:1: Premature end of file.
2024-12-17 15:09:30,938 [ERROR] LogOutputStream:75 - [STDERR_REDIRECT] 
2024-12-17 15:09:31,953 [ERROR] LogOutputStream:75 - [STDERR_REDIRECT] [Fatal Error] :1:1: Premature end of file.
2024-12-17 15:09:31,953 [ERROR] LogOutputStream:75 - [STDERR_REDIRECT] 
2024-12-17 15:09:32,942 [ERROR] LogOutputStream:75 - [STDERR_REDIRECT] [Fatal Error] :1:1: Premature end of file.
2024-12-17 15:09:32,942 [ERROR] LogOutputStream:75 - [STDERR_REDIRECT] 
2024-12-17 15:09:33,940 [ERROR] LogOutputStream:75 - [STDERR_REDIRECT] [Fatal Error] :1:1: Premature end of file.
2024-12-17 15:09:33,940 [ERROR] LogOutputStream:75 - [STDERR_REDIRECT] 
2024-12-17 15:09:34,938 [ERROR] LogOutputStream:75 - [STDERR_REDIRECT] [Fatal Error] :1:1: Premature end of file.
2024-12-17 15:09:34,938 [ERROR] LogOutputStream:75 - [STDERR_REDIRECT] 
2024-12-17 15:09:35,938 [ERROR] LogOutputStream:75 - [STDERR_REDIRECT] [Fatal Error] :1:1: Premature end of file.
2024-12-17 15:09:35,938 [ERROR] LogOutputStream:75 - [STDERR_REDIRECT] 
2024-12-17 15:09:36,936 [ERROR] LogOutputStream:75 - [STDERR_REDIRECT] [Fatal Error] :1:1: Premature end of file.
2024-12-17 15:09:36,936 [ERROR] LogOutputStream:75 - [STDERR_REDIRECT] 
2024-12-17 15:09:37,939 [ERROR] LogOutputStream:75 - [STDERR_REDIRECT] [Fatal Error] :1:1: Premature end of file.
2024-12-17 15:09:37,939 [ERROR] LogOutputStream:75 - [STDERR_REDIRECT] 
2024-12-17 15:09:38,937 [ERROR] LogOutputStream:75 - [STDERR_REDIRECT] [Fatal Error] :1:1: Premature end of file.
2024-12-17 15:09:38,937 [ERROR] LogOutputStream:75 - [STDERR_REDIRECT] 
2024-12-17 15:09:39,939 [ERROR] LogOutputStream:75 - [STDERR_REDIRECT] [Fatal Error] :1:1: Premature end of file.
2024-12-17 15:09:39,939 [ERROR] LogOutputStream:75 - [STDERR_REDIRECT] 
2024-12-17 15:09:40,940 [ERROR] LogOutputStream:75 - [STDERR_REDIRECT] [Fatal Error] :1:1: Premature end of file.
2024-12-17 15:09:40,940 [ERROR] LogOutputStream:75 - [STDERR_REDIRECT] 
2024-12-17 15:09:41,936 [ERROR] LogOutputStream:75 - [STDERR_REDIRECT] [Fatal Error] :1:1: Premature end of file.
2024-12-17 15:09:41,936 [ERROR] LogOutputStream:75 - [STDERR_REDIRECT] 
2024-12-17 15:09:42,938 [ERROR] LogOutputStream:75 - [STDERR_REDIRECT] [Fatal Error] :1:1: Premature end of file.
2024-12-17 15:09:42,938 [ERROR] LogOutputStream:75 - [STDERR_REDIRECT] 
2024-12-17 15:09:43,938 [ERROR] LogOutputStream:75 - [STDERR_REDIRECT] [Fatal Error] :1:1: Premature end of file.
2024-12-17 15:09:43,938 [ERROR] LogOutputStream:75 - [STDERR_REDIRECT] 
2024-12-17 15:09:44,936 [ERROR] LogOutputStream:75 - [STDERR_REDIRECT] [Fatal Error] :1:1: Premature end of file.
2024-12-17 15:09:44,937 [ERROR] LogOutputStream:75 - [STDERR_REDIRECT] 
2024-12-17 15:09:45,938 [ERROR] LogOutputStream:75 - [STDERR_REDIRECT] [Fatal Error] :1:1: Premature end of file.
2024-12-17 15:09:45,939 [ERROR] LogOutputStream:75 - [STDERR_REDIRECT] 
2024-12-17 15:09:46,938 [ERROR] LogOutputStream:75 - [STDERR_REDIRECT] [Fatal Error] :1:1: Premature end of file.
2024-12-17 15:09:46,938 [ERROR] LogOutputStream:75 - [STDERR_REDIRECT] 
2024-12-17 15:09:47,937 [ERROR] LogOutputStream:75 - [STDERR_REDIRECT] [Fatal Error] :1:1: Premature end of file.
2024-12-17 15:09:47,937 [ERROR] LogOutputStream:75 - [STDERR_REDIRECT] 
2024-12-17 15:09:48,940 [ERROR] LogOutputStream:75 - [STDERR_REDIRECT] [Fatal Error] :1:1: Premature end of file.
2024-12-17 15:09:48,940 [ERROR] LogOutputStream:75 - [STDERR_REDIRECT] 
2024-12-17 15:09:49,938 [ERROR] LogOutputStream:75 - [STDERR_REDIRECT] [Fatal Error] :1:1: Premature end of file.
2024-12-17 15:09:49,938 [ERROR] LogOutputStream:75 - [STDERR_REDIRECT] 
2024-12-17 15:09:50,942 [ERROR] LogOutputStream:75 - [STDERR_REDIRECT] [Fatal Error] :1:1: Premature end of file.
2024-12-17 15:09:50,943 [ERROR] LogOutputStream:75 - [STDERR_REDIRECT] 
2024-12-17 15:09:51,945 [ERROR] LogOutputStream:75 - [STDERR_REDIRECT] [Fatal Error] :1:1: Premature end of file.
2024-12-17 15:09:51,945 [ERROR] LogOutputStream:75 - [STDERR_REDIRECT] 
2024-12-17 15:09:52,938 [ERROR] LogOutputStream:75 - [STDERR_REDIRECT] [Fatal Error] :1:1: Premature end of file.
2024-12-17 15:09:52,939 [ERROR] LogOutputStream:75 - [STDERR_REDIRECT] 
2024-12-17 15:09:53,940 [ERROR] LogOutputStream:75 - [STDERR_REDIRECT] [Fatal Error] :1:1: Premature end of file.
2024-12-17 15:09:53,940 [ERROR] LogOutputStream:75 - [STDERR_REDIRECT] 
2024-12-17 15:09:54,942 [ERROR] LogOutputStream:75 - [STDERR_REDIRECT] [Fatal Error] :1:1: Premature end of file.
2024-12-17 15:09:54,942 [ERROR] LogOutputStream:75 - [STDERR_REDIRECT] 
2024-12-17 15:09:55,939 [ERROR] LogOutputStream:75 - [STDERR_REDIRECT] [Fatal Error] :1:1: Premature end of file.
2024-12-17 15:09:55,939 [ERROR] LogOutputStream:75 - [STDERR_REDIRECT] 
2024-12-17 15:09:56,943 [ERROR] LogOutputStream:75 - [STDERR_REDIRECT] [Fatal Error] :1:1: Premature end of file.
2024-12-17 15:09:56,943 [ERROR] LogOutputStream:75 - [STDERR_REDIRECT] 
2024-12-17 15:09:57,940 [ERROR] LogOutputStream:75 - [STDERR_REDIRECT] [Fatal Error] :1:1: Premature end of file.
2024-12-17 15:09:57,940 [ERROR] LogOutputStream:75 - [STDERR_REDIRECT] 
2024-12-17 15:09:58,937 [ERROR] LogOutputStream:75 - [STDERR_REDIRECT] [Fatal Error] :1:1: Premature end of file.
2024-12-17 15:09:58,937 [ERROR] LogOutputStream:75 - [STDERR_REDIRECT] 
2024-12-17 15:09:59,937 [ERROR] LogOutputStream:75 - [STDERR_REDIRECT] [Fatal Error] :1:1: Premature end of file.
2024-12-17 15:09:59,937 [ERROR] LogOutputStream:75 - [STDERR_REDIRECT] 
2024-12-17 15:10:00,938 [ERROR] LogOutputStream:75 - [STDERR_REDIRECT] [Fatal Error] :1:1: Premature end of file.
2024-12-17 15:10:00,938 [ERROR] LogOutputStream:75 - [STDERR_REDIRECT] 
2024-12-17 15:10:01,938 [ERROR] LogOutputStream:75 - [STDERR_REDIRECT] [Fatal Error] :1:1: Premature end of file.
2024-12-17 15:10:01,938 [ERROR] LogOutputStream:75 - [STDERR_REDIRECT] 
2024-12-17 15:10:02,944 [ERROR] LogOutputStream:75 - [STDERR_REDIRECT] [Fatal Error] :1:1: Premature end of file.
2024-12-17 15:10:02,944 [ERROR] LogOutputStream:75 - [STDERR_REDIRECT] 
2024-12-17 15:10:03,943 [ERROR] LogOutputStream:75 - [STDERR_REDIRECT] [Fatal Error] :1:1: Premature end of file.
2024-12-17 15:10:03,943 [ERROR] LogOutputStream:75 - [STDERR_REDIRECT] 
2024-12-17 15:10:04,936 [ERROR] LogOutputStream:75 - [STDERR_REDIRECT] [Fatal Error] :1:1: Premature end of file.
2024-12-17 15:10:04,936 [ERROR] LogOutputStream:75 - [STDERR_REDIRECT] 
2024-12-17 15:10:05,938 [ERROR] LogOutputStream:75 - [STDERR_REDIRECT] [Fatal Error] :1:1: Premature end of file.
2024-12-17 15:10:05,938 [ERROR] LogOutputStream:75 - [STDERR_REDIRECT] 
2024-12-17 15:10:06,941 [ERROR] LogOutputStream:75 - [STDERR_REDIRECT] [Fatal Error] :1:1: Premature end of file.
2024-12-17 15:10:06,941 [ERROR] LogOutputStream:75 - [STDERR_REDIRECT] 
2024-12-17 15:10:07,942 [ERROR] LogOutputStream:75 - [STDERR_REDIRECT] [Fatal Error] :1:1: Premature end of file.
2024-12-17 15:10:07,942 [ERROR] LogOutputStream:75 - [STDERR_REDIRECT] 
2024-12-17 15:10:08,942 [ERROR] LogOutputStream:75 - [STDERR_REDIRECT] [Fatal Error] :1:1: Premature end of file.
2024-12-17 15:10:08,942 [ERROR] LogOutputStream:75 - [STDERR_REDIRECT] 
2024-12-17 15:10:09,943 [ERROR] LogOutputStream:75 - [STDERR_REDIRECT] [Fatal Error] :1:1: Premature end of file.
2024-12-17 15:10:09,943 [ERROR] LogOutputStream:75 - [STDERR_REDIRECT] 
2024-12-17 15:10:10,884 [INFO] McuFinderGlobals:63 - Set McuFinder mode to 2 (CubeIDE integrated)
2024-12-17 15:10:10,905 [INFO] MainUpdater:2872 - connection check result : 10
2024-12-17 15:10:10,912 [INFO] MainUpdater:2872 - connection check result : 10
2024-12-17 15:10:10,947 [ERROR] LogOutputStream:75 - [STDERR_REDIRECT] [Fatal Error] :1:1: Premature end of file.
2024-12-17 15:10:10,947 [ERROR] LogOutputStream:75 - [STDERR_REDIRECT] 
2024-12-17 15:10:11,052 [INFO] MicroXplorer:468 - Change Database Path : 
2024-12-17 15:10:11,053 [INFO] MicroXplorer:498 - Change Database Version : DB.6.0.130
2024-12-17 15:10:11,057 [WARN] ThirdParty:871 - waiting for thirdparty lock release [close project]
2024-12-17 15:10:11,057 [INFO] ThirdParty:873 - entering critical section [close project]
2024-12-17 15:10:11,058 [INFO] ThirdParty:883 - exiting critical section [close project]
2024-12-17 15:10:11,060 [INFO] PinOutPanel:1589 - setPackage(No Configuration,No Configuration)
2024-12-17 15:10:11,064 [INFO] UtilMem:75 - Begin LoadConfig() Used Memory: 500486176 Bytes (730857472)
2024-12-17 15:10:11,065 [INFO] MicroXplorer:468 - Change Database Path : 
2024-12-17 15:10:11,065 [INFO] MicroXplorer:498 - Change Database Version : DB.6.0.130
2024-12-17 15:10:11,065 [INFO] OpenFileManager:332 - Change cursor
2024-12-17 15:10:11,097 [INFO] Mcu:2035 - Initializing MCU STM32F103C(8-B)Tx STM32F103C8Tx STM32F103C8T6
2024-12-17 15:10:11,961 [ERROR] LogOutputStream:75 - [STDERR_REDIRECT] [Fatal Error] :1:1: Premature end of file.
2024-12-17 15:10:11,962 [ERROR] LogOutputStream:75 - [STDERR_REDIRECT] 
2024-12-17 15:10:12,130 [INFO] Context:748 - Trying to add GPIOservice into a context  which must be forbidden
2024-12-17 15:10:12,463 [INFO] RtosManager:555 - Registered RTOS mode: class=CMSIS, group=RTOS, mode=CMSIS_V1, owner=FREERTOS
2024-12-17 15:10:12,463 [INFO] RtosManager:555 - Registered RTOS mode: class=CMSIS, group=RTOS2, mode=CMSIS_V2, owner=FREERTOS
2024-12-17 15:10:12,464 [INFO] RtosManager:555 - Registered RTOS mode: class=RTOS, group=Core, mode=CMSIS_V1, owner=FREERTOS
2024-12-17 15:10:12,464 [INFO] RtosManager:555 - Registered RTOS mode: class=RTOS, group=Core, mode=CMSIS_V2, owner=FREERTOS
2024-12-17 15:10:12,464 [WARN] ModelIntegratedComponent:184 - Missing modes for component STMicroelectronics:FreeRTOS:0.0.1:STMicroelectronics:RTOS:FreeRTOS:Core:::10.2.0:
2024-12-17 15:10:12,482 [WARN] ModelIntegratedComponent:63 - No mode defined for component null
2024-12-17 15:10:12,482 [WARN] ModelIntegratedComponent:63 - No mode defined for component null
2024-12-17 15:10:12,482 [WARN] ModelIntegratedComponent:63 - No mode defined for component null
2024-12-17 15:10:12,482 [WARN] ModelIntegratedComponent:63 - No mode defined for component null
2024-12-17 15:10:12,482 [WARN] ModelIntegratedComponent:63 - No mode defined for component null
2024-12-17 15:10:12,482 [WARN] ModelIntegratedComponent:63 - No mode defined for component null
2024-12-17 15:10:12,482 [WARN] ModelIntegratedComponent:63 - No mode defined for component null
2024-12-17 15:10:12,482 [WARN] ModelIntegratedComponent:63 - No mode defined for component null
2024-12-17 15:10:12,482 [WARN] ModelIntegratedComponent:63 - No mode defined for component null
2024-12-17 15:10:12,482 [WARN] ModelIntegratedComponent:63 - No mode defined for component null
2024-12-17 15:10:12,482 [WARN] ModelIntegratedComponent:63 - No mode defined for component null
2024-12-17 15:10:12,482 [WARN] ModelIntegratedComponent:63 - No mode defined for component null
2024-12-17 15:10:12,482 [WARN] ModelIntegratedComponent:63 - No mode defined for component null
2024-12-17 15:10:12,482 [WARN] ModelIntegratedComponent:63 - No mode defined for component null
2024-12-17 15:10:12,482 [WARN] ModelIntegratedComponent:63 - No mode defined for component null
2024-12-17 15:10:12,482 [WARN] ModelIntegratedComponent:63 - No mode defined for component null
2024-12-17 15:10:12,482 [WARN] ModelIntegratedComponent:63 - No mode defined for component null
2024-12-17 15:10:12,482 [WARN] ModelIntegratedComponent:63 - No mode defined for component null
2024-12-17 15:10:12,482 [WARN] ModelIntegratedComponent:63 - No mode defined for component null
2024-12-17 15:10:12,482 [WARN] ModelIntegratedComponent:63 - No mode defined for component null
2024-12-17 15:10:12,482 [WARN] ModelIntegratedComponent:63 - No mode defined for component null
2024-12-17 15:10:12,483 [WARN] ModelIntegratedComponent:63 - No mode defined for component null
2024-12-17 15:10:12,483 [WARN] ModelIntegratedComponent:63 - No mode defined for component null
2024-12-17 15:10:12,483 [WARN] ModelIntegratedComponent:63 - No mode defined for component null
2024-12-17 15:10:12,483 [WARN] ModelIntegratedComponent:63 - No mode defined for component null
2024-12-17 15:10:12,483 [WARN] ModelIntegratedComponent:63 - No mode defined for component null
2024-12-17 15:10:12,483 [WARN] ModelIntegratedComponent:63 - No mode defined for component null
2024-12-17 15:10:12,483 [WARN] ModelIntegratedComponent:63 - No mode defined for component null
2024-12-17 15:10:12,483 [WARN] ModelIntegratedComponent:63 - No mode defined for component null
2024-12-17 15:10:12,483 [WARN] ModelIntegratedComponent:63 - No mode defined for component null
2024-12-17 15:10:12,483 [WARN] ModelIntegratedComponent:63 - No mode defined for component null
2024-12-17 15:10:12,483 [WARN] ModelIntegratedComponent:63 - No mode defined for component null
2024-12-17 15:10:12,483 [WARN] ModelIntegratedComponent:63 - No mode defined for component null
2024-12-17 15:10:12,483 [WARN] ModelIntegratedComponent:63 - No mode defined for component null
2024-12-17 15:10:12,483 [WARN] ModelIntegratedComponent:63 - No mode defined for component null
2024-12-17 15:10:12,483 [WARN] ModelPack:524 - Component already loaded: STMicroelectronics:HAL Drivers:0.0.0:STMicroelectronics:Device:STMicro_Driver:XSPI:HAL::0.0.1:HAL_XSPI
2024-12-17 15:10:12,506 [INFO] ThirdPartyModel:298 - Start build external matchings
2024-12-17 15:10:12,666 [INFO] ThirdPartyModel:316 - End build external matchings
2024-12-17 15:10:12,677 [INFO] ImportTextPane:218 - (OptionalMessage_ERROR) IP (RCC) : Parameter (ADCFreqValue) has invalid value (36000000)
2024-12-17 15:10:12,677 [INFO] ImportTextPane:218 - (OptionalMessage_ERROR) IP (RCC) : Invalid parameter (FamilyName)
2024-12-17 15:10:12,677 [INFO] ImportTextPane:218 - (OptionalMessage_ERROR) IP (RCC) : Parameter (MCOFreq_Value) has invalid value (72000000)
2024-12-17 15:10:12,678 [INFO] ImportTextPane:218 - (OptionalMessage_ERROR) IP (RCC) : Parameter (USBFreq_Value) has invalid value (72000000)
2024-12-17 15:10:12,870 [INFO] ApiDb:581 - Connected to CubeFinder SQLite database (C:\Users\o1yus\.stmcufinder\plugins\mcufinder\mcu\cube-finder-db.db)
2024-12-17 15:10:12,924 [INFO] ApiDb:668 - CubeFinder database Data Model version=2.1
2024-12-17 15:10:12,924 [INFO] ApiDb:669 - CubeFinder database Configuration version=3.0.39
2024-12-17 15:10:12,924 [INFO] ApiDb:670 - CubeFinder database generation date=2024-11-21 (1732182206)
2024-12-17 15:10:12,924 [INFO] ApiDb:671 - CubeFinder database FW Pack versions=[FP-ATR-ASTRA1_V2.0.0, FP-SNS-FLIGHT1_V5.0.2, FP-SNS-MOTENV1_V5.0.0, FP-SNS-MOTENVWB1_V1.4.0, FP-SNS-SMARTAG2_V1.2.0, FP-SNS-STBOX1_V2.0.0, STM32Cube_FW_C0_V1.3.0, STM32Cube_FW_F4_V1.28.1, STM32Cube_FW_F7_V1.17.2, STM32Cube_FW_G0_V1.6.2, STM32Cube_FW_G4_V1.6.1, STM32Cube_FW_H5_V1.4.0, STM32Cube_FW_H7RS_V1.1.0, STM32Cube_FW_H7_V1.12.0, STM32Cube_FW_L0_V1.12.2, STM32Cube_FW_L4_V1.18.1, STM32Cube_FW_L5_V1.5.1, STM32Cube_FW_N6_V1.0.0, STM32Cube_FW_U0_V1.2.0, STM32Cube_FW_U3_V1.0.0, STM32Cube_FW_U5_V1.7.0, STM32Cube_FW_WB0_V1.1.0, STM32Cube_FW_WBA_V1.5.0, STM32Cube_FW_WB_V1.21.0, STM32Cube_FW_WL3_V1.0.0, STM32Cube_FW_WL_V1.3.0, X-CUBE-ALGOBUILD_V1.4.0, X-CUBE-ALS_V1.0.2, X-CUBE-AZRTOS-F4_V1.1.0, X-CUBE-AZRTOS-F7_V1.1.0, X-CUBE-AZRTOS-G0_V1.1.0, X-CUBE-AZRTOS-G4_V2.0.0, X-CUBE-AZRTOS-H7RS_V1.0.0, X-CUBE-AZRTOS-H7_V3.3.0, X-CUBE-AZRTOS-L4_V2.0.0, X-CUBE-AZRTOS-L5_V2.0.0, X-CUBE-AZRTOS-WB_V2.0.0, X-CUBE-AZRTOS-WL_V2.0.0, X-CUBE-BLE1_V7.0.0, X-CUBE-BLE2_V3.3.0, X-CUBE-BLEMGR_V3.1.0, X-CUBE-EEPRMA1_V5.1.0, X-CUBE-FREERTOS_V1.2.0, X-CUBE-GNSS1_V6.0.0, X-CUBE-MEMS1_V11.0.0, X-CUBE-NFC4_V3.0.0, X-CUBE-NFC7_V1.0.1, X-CUBE-SFXS2LP1_V4.0.0, X-CUBE-SUBG2_V5.0.0, X-CUBE-TOF1_V3.4.2]
2024-12-17 15:10:12,942 [ERROR] LogOutputStream:75 - [STDERR_REDIRECT] [Fatal Error] :1:1: Premature end of file.
2024-12-17 15:10:12,943 [ERROR] LogOutputStream:75 - [STDERR_REDIRECT] 
2024-12-17 15:10:13,005 [INFO] DbBoardsSqlite:226 - include board P-NUCLEO-WB55-NUCLEO as a kit item of type 'Nucleo-64'
2024-12-17 15:10:13,005 [INFO] DbBoardsSqlite:226 - include board P-NUCLEO-WB55-USBDONGLE as a kit item of type 'Nucleo USB Dongle'
2024-12-17 15:10:13,006 [INFO] DbBoardsSqlite:226 - include board STEVAL-IDP005V1 as a kit item of type 'Evaluation Board'
2024-12-17 15:10:13,006 [INFO] DbBoardsSqlite:226 - include board STEVAL-IDP005V2 as a kit item of type 'Evaluation Board'
2024-12-17 15:10:13,352 [INFO] ApiDb:240 - Found 858 in-development CPN: [B-G473E-ZEST1S, B-WB1M-WPAN1, B-WBA5M-WPAN, B-WL5M-SUBG1, NUCLEO-C031C6, NUCLEO-C051C8, NUCLEO-C071RB, NUCLEO-C092RC, NUCLEO-H503RB, NUCLEO-H533RE, NUCLEO-H563ZI, NUCLEO-H7S3L8, NUCLEO-N657X0-Q, NUCLEO-U031R8, NUCLEO-U083RC, NUCLEO-U385RG-Q, NUCLEO-U545RE-Q, NUCLEO-U5A5ZJ-Q, NUCLEO-WB05KZ, NUCLEO-WB07CC, NUCLEO-WB09KE, NUCLEO-WBA52CG, NUCLEO-WBA55CG, NUCLEO-WL33CC1, NUCLEO-WL33CC2, STEVAL-PROTEUS1, STEVAL-SMARTAG2, STEVAL-STWINBX1, STM320518-EVAL, STM32C0116-DK, STM32C011D6Y3TR, STM32C011D6Y6TR, STM32C011F4P3, STM32C011F4P6, STM32C011F4U3, STM32C011F4U6TR, STM32C011F6P3, STM32C011F6P6, STM32C011F6U3, STM32C011F6U6TR, STM32C011J4M3, STM32C011J4M6, STM32C011J6M3, STM32C011J6M6, STM32C0316-DK, STM32C031C4T3, STM32C031C4T6, STM32C031C4U3, STM32C031C4U6, STM32C031C6T3, STM32C031C6T6, STM32C031C6U3, STM32C031C6U6, STM32C031F4P3, STM32C031F4P6, STM32C031F6P3, STM32C031F6P6, STM32C031G4U3, STM32C031G4U6, STM32C031G6U3, STM32C031G6U6, STM32C031K4T3, STM32C031K4T6, STM32C031K4U3, STM32C031K4U6, STM32C031K6T3, STM32C031K6T6, STM32C031K6U3, STM32C031K6U6, STM32C051C6T6, STM32C051C6U6, STM32C051C8T6, STM32C051C8U6, STM32C051D8Y6TR, STM32C051F6P6, STM32C051F8P6, STM32C051G6U6, STM32C051G8U6, STM32C051K6T6, STM32C051K6U6, STM32C051K8T6, STM32C071C8T6, STM32C071C8T6N, STM32C071C8U6, STM32C071C8U6N, STM32C071CBT6, STM32C071CBT6N, STM32C071CBU6, STM32C071CBU6N, STM32C071F8P6, STM32C071F8P6N, STM32C071FBP6, STM32C071FBP6N, STM32C071FBY6TR, STM32C071G8U6, STM32C071G8U6N, STM32C071GBU6, STM32C071GBU6N, STM32C071K8T6, STM32C071K8T6N, STM32C071K8U6, STM32C071K8U6N, STM32C071KBT6, STM32C071KBT6N, STM32C071KBU6, STM32C071KBU6N, STM32C071R8T6, STM32C071R8T6N, STM32C071RBI6N, STM32C071RBT6, STM32C071RBT6N, STM32C091CBT6, STM32C091CBU6, STM32C091CCT6, STM32C091CCU6, STM32C091ECY6TR, STM32C091FBP6, STM32C091FCP6, STM32C091GBU6, STM32C091GCU6, STM32C091KBT6, STM32C091KBU6, STM32C091KCT6, STM32C091KCU6, STM32C091RBT6, STM32C091RCI6, STM32C091RCT6, STM32C092CBT6, STM32C092CBU6, STM32C092CCT6, STM32C092CCU6, STM32C092ECY6TR, STM32C092FBP6, STM32C092FCP6, STM32C092GBU6, STM32C092GCU6, STM32C092KBT6, STM32C092KBU6, STM32C092KCT6, STM32C092KCU6, STM32C092RBT6, STM32C092RCI6, STM32C092RCT6, STM32G071K8TXN, STM32G071K8UXN, STM32G081GBU6N, STM32G081KBT6N, STM32G081KBUXN, STM32G0B1CCT6N, STM32G0B1KCT6, STM32G0B1NEY6TR, STM32G0B1RCT6N, STM32G0C1CCT6, STM32G0C1CCT6N, STM32G0C1CCU6N, STM32G0C1CET6N, STM32G0C1CEU6N, STM32G0C1KCT6, STM32G0C1NEY6TR, STM32G0C1RCI6N, STM32G0C1RCT6N, STM32G0C1REI6N, STM32G0C1RET6N, STM32G0C1VCI6, STM32G0C1VEI6, STM32G411C6T3, STM32G411C6T6, STM32G411C6U3, STM32G411C6U6, STM32G411C8T3, STM32G411C8T6, STM32G411C8U3, STM32G411C8U6, STM32G411CBT3, STM32G411CBT6, STM32G411CBU3, STM32G411CBU6, STM32G411CCT3, STM32G411CCT6, STM32G411CCU3, STM32G411CCU6, STM32G411K6T3, STM32G411K6T6, STM32G411K6U3, STM32G411K6U6, STM32G411K8T3, STM32G411K8T6, STM32G411K8U3, STM32G411K8U6, STM32G411KBT3, STM32G411KBT6, STM32G411KBU3, STM32G411KBU6, STM32G411M6T3, STM32G411M6T6, STM32G411M8T3, STM32G411M8T6, STM32G411MBT3, STM32G411MBT6, STM32G411MCT3, STM32G411MCT6, STM32G411R6T3, STM32G411R6T6, STM32G411R8T3, STM32G411R8T6, STM32G411RBT3, STM32G411RBT6, STM32G411RCT3, STM32G411RCT6, STM32G414CBT3, STM32G414CBT6, STM32G414CBU3, STM32G414CBU6, STM32G414CCT3, STM32G414CCT6, STM32G414CCU3, STM32G414CCU6, STM32G414MBT3, STM32G414MBT6, STM32G414MCT3, STM32G414MCT6, STM32G414RBT3, STM32G414RBT6, STM32G414RCT3, STM32G414RCT6, STM32G414VBT3, STM32G414VBT6, STM32G414VCT3, STM32G414VCT6, STM32G431CBT3Z, STM32G431RBT3Z, STM32G471CCT6, STM32G471CCU6, STM32G471CET3, STM32G471CET6, STM32G471CEU3, STM32G471CEU6, STM32G471MCT6, STM32G471MET3, STM32G471MET6, STM32G471MEY6TR, STM32G471QCT6, STM32G471QET3, STM32G471RCT6, STM32G471RET3, STM32G471RET6, STM32G471VCH6, STM32G471VCI6, STM32G471VCT6, STM32G471VEH3, STM32G471VEH6, STM32G471VEI3, STM32G471VEI6, STM32G471VET3, STM32G471VET6, STM32G473QET3Z, STM32G473RET3Z, STM32G474CCT6, STM32G491RET3Z, STM32H503CBT6, STM32H503CBU6, STM32H503EBY6TR, STM32H503KBU6, STM32H503RBT6, STM32H523CCT6, STM32H523CCU6, STM32H523CET6, STM32H523CEU6, STM32H523HEY6TR, STM32H523RCT6, STM32H523RET6, STM32H523VCI6, STM32H523VCT6, STM32H523VEI6, STM32H523VET6, STM32H523ZCJ6, STM32H523ZCT6, STM32H523ZEJ6, STM32H523ZET6, STM32H533CET6, STM32H533CEU6, STM32H533HEY6TR, STM32H533RET6, STM32H533VEI6, STM32H533VET6, STM32H533ZEJ6, STM32H533ZET6, STM32H562AGI6, STM32H562AII6, STM32H562IGK6, STM32H562IGT6, STM32H562IIK6, STM32H562IIT6, STM32H562RGT6, STM32H562RGV6, STM32H562RIT6, STM32H562RIV6, STM32H562VGT6, STM32H562VIT6, STM32H562ZGT6, STM32H562ZIT6, STM32H563AGI6, STM32H563AII3Q, STM32H563AII6, STM32H563IGK6, STM32H563IGT6, STM32H563IIK3Q, STM32H563IIK6, STM32H563IIT3Q, STM32H563IIT6, STM32H563MIY3QTR, STM32H563RGT6, STM32H563RGV6, STM32H563RIT6, STM32H563RIV6, STM32H563VGT6, STM32H563VIT3Q, STM32H563VIT6, STM32H563ZGT6, STM32H563ZIT3Q, STM32H563ZIT6, STM32H573AII3Q, STM32H573AII6, STM32H573I-DK, STM32H573IIK3Q, STM32H573IIK6, STM32H573IIT3Q, STM32H573IIT6, STM32H573MIY3QTR, STM32H573RIT6, STM32H573RIV6, STM32H573VIT3Q, STM32H573VIT6, STM32H573ZIT3Q, STM32H573ZIT6, STM32H7R3A8I6, STM32H7R3I8K6, STM32H7R3I8T6, STM32H7R3L8H6, STM32H7R3L8H6H, STM32H7R3R8V6, STM32H7R3V8H6, STM32H7R3V8T6, STM32H7R3V8Y6TR, STM32H7R3Z8J6, STM32H7R3Z8T6, STM32H7R7A8I6, STM32H7R7I8K6, STM32H7R7I8T6, STM32H7R7L8H6, STM32H7R7L8H6H, STM32H7R7Z8J6, STM32H7S3A8I6, STM32H7S3I8K6, STM32H7S3I8T6, STM32H7S3L8H6, STM32H7S3L8H6H, STM32H7S3R8V6, STM32H7S3V8H6, STM32H7S3V8T6, STM32H7S3V8Y6TR, STM32H7S3Z8J6, STM32H7S3Z8T6, STM32H7S78-DK, STM32H7S7A8I6, STM32H7S7I8K6, STM32H7S7I8T6, STM32H7S7L8H6, STM32H7S7L8H6H, STM32H7S7Z8J6, STM32L4R5QGI6STR, STM32MP131AAE3, STM32MP131AAF3, STM32MP131AAG3, STM32MP131CAE3, STM32MP131CAF3, STM32MP131CAG3, STM32MP131DAE7, STM32MP131DAF7, STM32MP131DAG7, STM32MP131FAE7, STM32MP131FAF7, STM32MP131FAG7, STM32MP133AAE3, STM32MP133AAF3, STM32MP133AAG3, STM32MP133CAE3, STM32MP133CAF3, STM32MP133CAG3, STM32MP133DAE7, STM32MP133DAF7, STM32MP133DAG7, STM32MP133FAE7, STM32MP133FAF7, STM32MP133FAG7, STM32MP135AAE3, STM32MP135AAF3, STM32MP135AAG3, STM32MP135CAE3, STM32MP135CAF3, STM32MP135CAG3, STM32MP135DAE7, STM32MP135DAF7, STM32MP135DAG7, STM32MP135F-DK, STM32MP135FAE7, STM32MP135FAF7, STM32MP135FAF7T, STM32MP135FAF7U, STM32MP135FAG7, STM32MP231AAJ3, STM32MP231AAK3, STM32MP231AAL3, STM32MP231CAJ3, STM32MP231CAK3, STM32MP231CAL3, STM32MP231DAJ3, STM32MP231DAK3, STM32MP231DAL3, STM32MP231FAJ3, STM32MP231FAK3, STM32MP231FAL3, STM32MP233AAJ3, STM32MP233AAK3, STM32MP233AAL3, STM32MP233CAJ3, STM32MP233CAK3, STM32MP233CAL3, STM32MP233DAJ3, STM32MP233DAK3, STM32MP233DAL3, STM32MP233FAJ3, STM32MP233FAK3, STM32MP233FAL3, STM32MP235AAJ3, STM32MP235AAK3, STM32MP235AAL3, STM32MP235CAJ3, STM32MP235CAK3, STM32MP235CAL3, STM32MP235DAJ3, STM32MP235DAK3, STM32MP235DAL3, STM32MP235FAJ3, STM32MP235FAK3, STM32MP235FAL3, STM32MP251AAI3, STM32MP251AAJ3, STM32MP251AAK3, STM32MP251AAL3, STM32MP251CAI3, STM32MP251CAJ3, STM32MP251CAK3, STM32MP251CAL3, STM32MP251DAI3, STM32MP251DAJ3, STM32MP251DAK3, STM32MP251DAL3, STM32MP251FAI3, STM32MP251FAJ3, STM32MP251FAK3, STM32MP251FAL3, STM32MP253AAI3, STM32MP253AAJ3, STM32MP253AAK3, STM32MP253AAL3, STM32MP253CAI3, STM32MP253CAJ3, STM32MP253CAK3, STM32MP253CAL3, STM32MP253DAI3, STM32MP253DAJ3, STM32MP253DAK3, STM32MP253DAL3, STM32MP253FAI3, STM32MP253FAJ3, STM32MP253FAK3, STM32MP253FAL3, STM32MP255AAI3, STM32MP255AAJ3, STM32MP255AAK3, STM32MP255AAL3, STM32MP255CAI3, STM32MP255CAJ3, STM32MP255CAK3, STM32MP255CAL3, STM32MP255DAI3, STM32MP255DAJ3, STM32MP255DAK3, STM32MP255DAL3, STM32MP255FAI3, STM32MP255FAJ3, STM32MP255FAK3, STM32MP255FAL3, STM32MP257AAI3, STM32MP257AAJ3, STM32MP257AAK3, STM32MP257AAL3, STM32MP257CAI3, STM32MP257CAJ3, STM32MP257CAK3, STM32MP257CAL3, STM32MP257DAI3, STM32MP257DAJ3, STM32MP257DAK3, STM32MP257DAL3, STM32MP257F-DK, STM32MP257F-EV1, STM32MP257FAI3, STM32MP257FAJ3, STM32MP257FAK3, STM32MP257FAL3, STM32N645A0H3Q, STM32N645B0H3Q, STM32N645I0H3Q, STM32N645L0H3Q, STM32N645X0H3Q, STM32N645Z0H3Q, STM32N647A0H3Q, STM32N647B0H3Q, STM32N647I0H3Q, STM32N647L0H3Q, STM32N647X0H3Q, STM32N647Z0H3Q, STM32N655A0H3Q, STM32N655B0H3Q, STM32N655I0H3Q, STM32N655L0H3Q, STM32N655X0H3Q, STM32N655Z0H3Q, STM32N6570-DK, STM32N657A0H3Q, STM32N657B0H3Q, STM32N657I0H3Q, STM32N657L0H3Q, STM32N657X0H3Q, STM32N657Z0H3Q, STM32U031C6T6, STM32U031C6U6, STM32U031C8T6, STM32U031C8U6, STM32U031F4P6, STM32U031F6P6, STM32U031F8P6, STM32U031G6Y6TR, STM32U031G8Y6TR, STM32U031K4U6, STM32U031K6U6, STM32U031K8U6, STM32U031R6I6, STM32U031R6T6, STM32U031R8I6, STM32U031R8T6, STM32U073C8T6, STM32U073C8U6, STM32U073CBT6, STM32U073CBU6, STM32U073CCT6, STM32U073CCU6, STM32U073H8Y6TR, STM32U073HBY6TR, STM32U073HCY6TR, STM32U073K8U6, STM32U073KBU6, STM32U073KCU6, STM32U073M8I6, STM32U073M8T6, STM32U073MBI6, STM32U073MBT6, STM32U073MCI6, STM32U073MCT6, STM32U073R8I6, STM32U073R8T6, STM32U073RBI6, STM32U073RBT6, STM32U073RCI6, STM32U073RCT6, STM32U083C-DK, STM32U083CCT6, STM32U083CCU6, STM32U083HCY6TR, STM32U083KCU6, STM32U083MCI6, STM32U083MCT6, STM32U083RCI6, STM32U083RCT6, STM32U375CET6, STM32U375CET6Q, STM32U375CEU6, STM32U375CEU6Q, STM32U375CEY6QTR, STM32U375CGT6, STM32U375CGT6Q, STM32U375CGU6, STM32U375CGU6Q, STM32U375CGY6QTR, STM32U375KEU6, STM32U375KGU6, STM32U375REI6, STM32U375REI6Q, STM32U375RET6, STM32U375RET6Q, STM32U375REY6GTR, STM32U375REY6QTR, STM32U375RGI6, STM32U375RGI6Q, STM32U375RGT6, STM32U375RGT6Q, STM32U375RGY6GTR, STM32U375RGY6QTR, STM32U375VEI6, STM32U375VEI6Q, STM32U375VET6, STM32U375VET6Q, STM32U375VGI6, STM32U375VGI6Q, STM32U375VGT6, STM32U375VGT6Q, STM32U385CGT6, STM32U385CGT6Q, STM32U385CGU6, STM32U385CGU6Q, STM32U385CGY6QTR, STM32U385KGU6, STM32U385RGI6, STM32U385RGI6Q, STM32U385RGT6, STM32U385RGT6Q, STM32U385RGY6GTR, STM32U385RGY6QTR, STM32U385VGI6, STM32U385VGI6Q, STM32U385VGT6, STM32U385VGT6Q, STM32U535CBT6, STM32U535CBT6Q, STM32U535CBU6, STM32U535CBU6Q, STM32U535CCT6, STM32U535CCT6Q, STM32U535CCU6, STM32U535CCU6Q, STM32U535CET6, STM32U535CET6Q, STM32U535CEU6, STM32U535CEU6Q, STM32U535JEY6QTR, STM32U535NCY6QTR, STM32U535NEY6QTR, STM32U535RBI6, STM32U535RBI6Q, STM32U535RBT6, STM32U535RBT6Q, STM32U535RCI6, STM32U535RCI6Q, STM32U535RCT6, STM32U535RCT6Q, STM32U535REI6, STM32U535REI6Q, STM32U535RET6, STM32U535RET6Q, STM32U535VCI6, STM32U535VCI6Q, STM32U535VCT6, STM32U535VCT6Q, STM32U535VEI6, STM32U535VEI6Q, STM32U535VET6, STM32U535VET6Q, STM32U545CET6, STM32U545CET6Q, STM32U545CEU6, STM32U545CEU6Q, STM32U545JEY6QTR, STM32U545NEY6QTR, STM32U545REI6, STM32U545REI6Q, STM32U545RET6, STM32U545RET6Q, STM32U545VEI6, STM32U545VEI6Q, STM32U545VET6, STM32U545VET6Q, STM32U595AIH6, STM32U595AIH6Q, STM32U595AJH6, STM32U595AJH6Q, STM32U595QII6, STM32U595QII6Q, STM32U595QJI6, STM32U595QJI6Q, STM32U595RIT6, STM32U595RIT6Q, STM32U595RJT6, STM32U595RJT6Q, STM32U595VIT6, STM32U595VIT6Q, STM32U595VJT6, STM32U595VJT6Q, STM32U595ZIT6, STM32U595ZIT6Q, STM32U595ZIY6QTR, STM32U595ZJT6, STM32U595ZJT6Q, STM32U595ZJY6QTR, STM32U599BJY6QTR, STM32U599NIH6Q, STM32U599NJH6Q, STM32U599VIT6Q, STM32U599VJT6, STM32U599VJT6Q, STM32U599ZIT6Q, STM32U599ZIY6QTR, STM32U599ZJT6Q, STM32U599ZJY6QTR, STM32U5A5AJH6, STM32U5A5AJH6Q, STM32U5A5QII3Q , STM32U5A5QJI6, STM32U5A5QJI6Q, STM32U5A5RJT6, STM32U5A5RJT6Q, STM32U5A5VJT6, STM32U5A5VJT6Q, STM32U5A5ZJT6, STM32U5A5ZJT6Q, STM32U5A5ZJY6QTR, STM32U5A9BJY6QTR, STM32U5A9J-DK, STM32U5A9NJH6Q, STM32U5A9VJT6Q, STM32U5A9ZJT6Q, STM32U5A9ZJY6QTR, STM32U5F7VIT6, STM32U5F7VIT6Q, STM32U5F7VJT6, STM32U5F7VJT6Q, STM32U5F9BJY6QTR, STM32U5F9NJH6Q, STM32U5F9VIT6Q, STM32U5F9VJT6Q, STM32U5F9ZIJ6QTR, STM32U5F9ZIT6Q, STM32U5F9ZJJ6QTR, STM32U5F9ZJT6Q, STM32U5G7VJT6, STM32U5G7VJT6Q, STM32U5G9BJY6QTR, STM32U5G9J-DK1, STM32U5G9J-DK2, STM32U5G9NJH6Q, STM32U5G9VJT6Q, STM32U5G9ZJJ6QTR, STM32U5G9ZJT6Q, STM32WB05KZV6TR, STM32WB05KZV7TR, STM32WB05TZF6TR, STM32WB05TZF7TR, STM32WB06CCF6TR, STM32WB06CCF7TR, STM32WB06CCV6TR, STM32WB06CCV7TR, STM32WB06KCV6TR, STM32WB06KCV7TR, STM32WB07CCF6TR, STM32WB07CCF7TR, STM32WB07CCV6TR, STM32WB07CCV7TR, STM32WB07KCV6TR, STM32WB07KCV7TR, STM32WB09KEV6TR, STM32WB09KEV7TR, STM32WB09TEF6TR, STM32WB09TEF7TR, STM32WB1MMCH6, STM32WBA50KGU6, STM32WBA50KGU6TR, STM32WBA52CEU6, STM32WBA52CEU6TR, STM32WBA52CEU7, STM32WBA52CEU7TR, STM32WBA52CGU6, STM32WBA52CGU6TR, STM32WBA52CGU6U, STM32WBA52CGU7, STM32WBA52CGU7TR, STM32WBA52KEU6, STM32WBA52KEU6TR, STM32WBA52KGU6, STM32WBA52KGU6TR, STM32WBA54CEU6, STM32WBA54CEU6TR, STM32WBA54CEU7, STM32WBA54CEU7TR, STM32WBA54CGU6, STM32WBA54CGU6TR, STM32WBA54CGU7, STM32WBA54CGU7TR, STM32WBA54KEU6, STM32WBA54KEU6TR, STM32WBA54KEU7, STM32WBA54KEU7TR, STM32WBA54KGU6, STM32WBA54KGU6TR, STM32WBA54KGU7, STM32WBA54KGU7TR, STM32WBA55CEU6, STM32WBA55CEU6TR, STM32WBA55CEU7, STM32WBA55CEU7TR, STM32WBA55CGU6, STM32WBA55CGU6TR, STM32WBA55CGU6U, STM32WBA55CGU7, STM32WBA55CGU7TR, STM32WBA55G-DK1, STM32WBA55HEF6, STM32WBA55HEF7, STM32WBA55HGF6, STM32WBA55HGF7, STM32WBA55UEI6, STM32WBA55UEI6TR, STM32WBA55UEI7, STM32WBA55UEI7TR, STM32WBA55UGI6, STM32WBA55UGI6TR, STM32WBA55UGI7, STM32WBA55UGI7TR, STM32WBA5MJGH6TR, STM32WBA5MJGH6U, STM32WL33C8V6, STM32WL33C8V6TR, STM32WL33C8V7, STM32WL33C8V7TR, STM32WL33CBV6, STM32WL33CBV6TR, STM32WL33CBV7, STM32WL33CBV7TR, STM32WL33CCV6, STM32WL33CCV6TR, STM32WL33CCV7, STM32WL33CCV7A, STM32WL33CCV7ATR, STM32WL33CCV7TR, STM32WL33K8V6, STM32WL33K8V6TR, STM32WL33K8V7, STM32WL33K8V7TR, STM32WL33KBV6, STM32WL33KBV6TR, STM32WL33KBV7, STM32WL33KBV7TR, STM32WL33KCV6, STM32WL33KCV6TR, STM32WL33KCV7, STM32WL33KCV7TR, STM32WL5MOCH6, STM32WL5MOCH6TR]
2024-12-17 15:10:13,509 [INFO] BoardInfo:889 - No configuration file found for board P-NUCLEO-WB55
2024-12-17 15:10:13,510 [INFO] DbBoards:161 - Kit is not supported: P-NUCLEO-WB55
2024-12-17 15:10:13,514 [INFO] BoardInfo:889 - No configuration file found for board STEVAL-BFA001V1B
2024-12-17 15:10:13,515 [INFO] DbBoards:161 - Kit is not supported: STEVAL-BFA001V1B
2024-12-17 15:10:13,516 [INFO] BoardInfo:889 - No configuration file found for board STEVAL-BFA001V2B
2024-12-17 15:10:13,516 [INFO] DbBoards:161 - Kit is not supported: STEVAL-BFA001V2B
2024-12-17 15:10:13,658 [INFO] DbBoards:168 - Found 209 boards, 206 are supported
2024-12-17 15:10:13,658 [INFO] DbBoards:169 - Found 209 boards, 42 of them is supported for  Bsp
2024-12-17 15:10:13,661 [INFO] ApiDb:668 - CubeFinder database Data Model version=2.1
2024-12-17 15:10:13,661 [INFO] ApiDb:669 - CubeFinder database Configuration version=3.0.39
2024-12-17 15:10:13,661 [INFO] ApiDb:670 - CubeFinder database generation date=2024-11-21 (1732182206)
2024-12-17 15:10:13,661 [INFO] ApiDb:671 - CubeFinder database FW Pack versions=[FP-ATR-ASTRA1_V2.0.0, FP-SNS-FLIGHT1_V5.0.2, FP-SNS-MOTENV1_V5.0.0, FP-SNS-MOTENVWB1_V1.4.0, FP-SNS-SMARTAG2_V1.2.0, FP-SNS-STBOX1_V2.0.0, STM32Cube_FW_C0_V1.3.0, STM32Cube_FW_F4_V1.28.1, STM32Cube_FW_F7_V1.17.2, STM32Cube_FW_G0_V1.6.2, STM32Cube_FW_G4_V1.6.1, STM32Cube_FW_H5_V1.4.0, STM32Cube_FW_H7RS_V1.1.0, STM32Cube_FW_H7_V1.12.0, STM32Cube_FW_L0_V1.12.2, STM32Cube_FW_L4_V1.18.1, STM32Cube_FW_L5_V1.5.1, STM32Cube_FW_N6_V1.0.0, STM32Cube_FW_U0_V1.2.0, STM32Cube_FW_U3_V1.0.0, STM32Cube_FW_U5_V1.7.0, STM32Cube_FW_WB0_V1.1.0, STM32Cube_FW_WBA_V1.5.0, STM32Cube_FW_WB_V1.21.0, STM32Cube_FW_WL3_V1.0.0, STM32Cube_FW_WL_V1.3.0, X-CUBE-ALGOBUILD_V1.4.0, X-CUBE-ALS_V1.0.2, X-CUBE-AZRTOS-F4_V1.1.0, X-CUBE-AZRTOS-F7_V1.1.0, X-CUBE-AZRTOS-G0_V1.1.0, X-CUBE-AZRTOS-G4_V2.0.0, X-CUBE-AZRTOS-H7RS_V1.0.0, X-CUBE-AZRTOS-H7_V3.3.0, X-CUBE-AZRTOS-L4_V2.0.0, X-CUBE-AZRTOS-L5_V2.0.0, X-CUBE-AZRTOS-WB_V2.0.0, X-CUBE-AZRTOS-WL_V2.0.0, X-CUBE-BLE1_V7.0.0, X-CUBE-BLE2_V3.3.0, X-CUBE-BLEMGR_V3.1.0, X-CUBE-EEPRMA1_V5.1.0, X-CUBE-FREERTOS_V1.2.0, X-CUBE-GNSS1_V6.0.0, X-CUBE-MEMS1_V11.0.0, X-CUBE-NFC4_V3.0.0, X-CUBE-NFC7_V1.0.1, X-CUBE-SFXS2LP1_V4.0.0, X-CUBE-SUBG2_V5.0.0, X-CUBE-TOF1_V3.4.2]
2024-12-17 15:10:13,943 [ERROR] LogOutputStream:75 - [STDERR_REDIRECT] [Fatal Error] :1:1: Premature end of file.
2024-12-17 15:10:13,943 [ERROR] LogOutputStream:75 - [STDERR_REDIRECT] 
2024-12-17 15:10:14,903 [INFO] ApiDb:240 - Found 858 in-development CPN: [B-G473E-ZEST1S, B-WB1M-WPAN1, B-WBA5M-WPAN, B-WL5M-SUBG1, NUCLEO-C031C6, NUCLEO-C051C8, NUCLEO-C071RB, NUCLEO-C092RC, NUCLEO-H503RB, NUCLEO-H533RE, NUCLEO-H563ZI, NUCLEO-H7S3L8, NUCLEO-N657X0-Q, NUCLEO-U031R8, NUCLEO-U083RC, NUCLEO-U385RG-Q, NUCLEO-U545RE-Q, NUCLEO-U5A5ZJ-Q, NUCLEO-WB05KZ, NUCLEO-WB07CC, NUCLEO-WB09KE, NUCLEO-WBA52CG, NUCLEO-WBA55CG, NUCLEO-WL33CC1, NUCLEO-WL33CC2, STEVAL-PROTEUS1, STEVAL-SMARTAG2, STEVAL-STWINBX1, STM320518-EVAL, STM32C0116-DK, STM32C011D6Y3TR, STM32C011D6Y6TR, STM32C011F4P3, STM32C011F4P6, STM32C011F4U3, STM32C011F4U6TR, STM32C011F6P3, STM32C011F6P6, STM32C011F6U3, STM32C011F6U6TR, STM32C011J4M3, STM32C011J4M6, STM32C011J6M3, STM32C011J6M6, STM32C0316-DK, STM32C031C4T3, STM32C031C4T6, STM32C031C4U3, STM32C031C4U6, STM32C031C6T3, STM32C031C6T6, STM32C031C6U3, STM32C031C6U6, STM32C031F4P3, STM32C031F4P6, STM32C031F6P3, STM32C031F6P6, STM32C031G4U3, STM32C031G4U6, STM32C031G6U3, STM32C031G6U6, STM32C031K4T3, STM32C031K4T6, STM32C031K4U3, STM32C031K4U6, STM32C031K6T3, STM32C031K6T6, STM32C031K6U3, STM32C031K6U6, STM32C051C6T6, STM32C051C6U6, STM32C051C8T6, STM32C051C8U6, STM32C051D8Y6TR, STM32C051F6P6, STM32C051F8P6, STM32C051G6U6, STM32C051G8U6, STM32C051K6T6, STM32C051K6U6, STM32C051K8T6, STM32C071C8T6, STM32C071C8T6N, STM32C071C8U6, STM32C071C8U6N, STM32C071CBT6, STM32C071CBT6N, STM32C071CBU6, STM32C071CBU6N, STM32C071F8P6, STM32C071F8P6N, STM32C071FBP6, STM32C071FBP6N, STM32C071FBY6TR, STM32C071G8U6, STM32C071G8U6N, STM32C071GBU6, STM32C071GBU6N, STM32C071K8T6, STM32C071K8T6N, STM32C071K8U6, STM32C071K8U6N, STM32C071KBT6, STM32C071KBT6N, STM32C071KBU6, STM32C071KBU6N, STM32C071R8T6, STM32C071R8T6N, STM32C071RBI6N, STM32C071RBT6, STM32C071RBT6N, STM32C091CBT6, STM32C091CBU6, STM32C091CCT6, STM32C091CCU6, STM32C091ECY6TR, STM32C091FBP6, STM32C091FCP6, STM32C091GBU6, STM32C091GCU6, STM32C091KBT6, STM32C091KBU6, STM32C091KCT6, STM32C091KCU6, STM32C091RBT6, STM32C091RCI6, STM32C091RCT6, STM32C092CBT6, STM32C092CBU6, STM32C092CCT6, STM32C092CCU6, STM32C092ECY6TR, STM32C092FBP6, STM32C092FCP6, STM32C092GBU6, STM32C092GCU6, STM32C092KBT6, STM32C092KBU6, STM32C092KCT6, STM32C092KCU6, STM32C092RBT6, STM32C092RCI6, STM32C092RCT6, STM32G071K8TXN, STM32G071K8UXN, STM32G081GBU6N, STM32G081KBT6N, STM32G081KBUXN, STM32G0B1CCT6N, STM32G0B1KCT6, STM32G0B1NEY6TR, STM32G0B1RCT6N, STM32G0C1CCT6, STM32G0C1CCT6N, STM32G0C1CCU6N, STM32G0C1CET6N, STM32G0C1CEU6N, STM32G0C1KCT6, STM32G0C1NEY6TR, STM32G0C1RCI6N, STM32G0C1RCT6N, STM32G0C1REI6N, STM32G0C1RET6N, STM32G0C1VCI6, STM32G0C1VEI6, STM32G411C6T3, STM32G411C6T6, STM32G411C6U3, STM32G411C6U6, STM32G411C8T3, STM32G411C8T6, STM32G411C8U3, STM32G411C8U6, STM32G411CBT3, STM32G411CBT6, STM32G411CBU3, STM32G411CBU6, STM32G411CCT3, STM32G411CCT6, STM32G411CCU3, STM32G411CCU6, STM32G411K6T3, STM32G411K6T6, STM32G411K6U3, STM32G411K6U6, STM32G411K8T3, STM32G411K8T6, STM32G411K8U3, STM32G411K8U6, STM32G411KBT3, STM32G411KBT6, STM32G411KBU3, STM32G411KBU6, STM32G411M6T3, STM32G411M6T6, STM32G411M8T3, STM32G411M8T6, STM32G411MBT3, STM32G411MBT6, STM32G411MCT3, STM32G411MCT6, STM32G411R6T3, STM32G411R6T6, STM32G411R8T3, STM32G411R8T6, STM32G411RBT3, STM32G411RBT6, STM32G411RCT3, STM32G411RCT6, STM32G414CBT3, STM32G414CBT6, STM32G414CBU3, STM32G414CBU6, STM32G414CCT3, STM32G414CCT6, STM32G414CCU3, STM32G414CCU6, STM32G414MBT3, STM32G414MBT6, STM32G414MCT3, STM32G414MCT6, STM32G414RBT3, STM32G414RBT6, STM32G414RCT3, STM32G414RCT6, STM32G414VBT3, STM32G414VBT6, STM32G414VCT3, STM32G414VCT6, STM32G431CBT3Z, STM32G431RBT3Z, STM32G471CCT6, STM32G471CCU6, STM32G471CET3, STM32G471CET6, STM32G471CEU3, STM32G471CEU6, STM32G471MCT6, STM32G471MET3, STM32G471MET6, STM32G471MEY6TR, STM32G471QCT6, STM32G471QET3, STM32G471RCT6, STM32G471RET3, STM32G471RET6, STM32G471VCH6, STM32G471VCI6, STM32G471VCT6, STM32G471VEH3, STM32G471VEH6, STM32G471VEI3, STM32G471VEI6, STM32G471VET3, STM32G471VET6, STM32G473QET3Z, STM32G473RET3Z, STM32G474CCT6, STM32G491RET3Z, STM32H503CBT6, STM32H503CBU6, STM32H503EBY6TR, STM32H503KBU6, STM32H503RBT6, STM32H523CCT6, STM32H523CCU6, STM32H523CET6, STM32H523CEU6, STM32H523HEY6TR, STM32H523RCT6, STM32H523RET6, STM32H523VCI6, STM32H523VCT6, STM32H523VEI6, STM32H523VET6, STM32H523ZCJ6, STM32H523ZCT6, STM32H523ZEJ6, STM32H523ZET6, STM32H533CET6, STM32H533CEU6, STM32H533HEY6TR, STM32H533RET6, STM32H533VEI6, STM32H533VET6, STM32H533ZEJ6, STM32H533ZET6, STM32H562AGI6, STM32H562AII6, STM32H562IGK6, STM32H562IGT6, STM32H562IIK6, STM32H562IIT6, STM32H562RGT6, STM32H562RGV6, STM32H562RIT6, STM32H562RIV6, STM32H562VGT6, STM32H562VIT6, STM32H562ZGT6, STM32H562ZIT6, STM32H563AGI6, STM32H563AII3Q, STM32H563AII6, STM32H563IGK6, STM32H563IGT6, STM32H563IIK3Q, STM32H563IIK6, STM32H563IIT3Q, STM32H563IIT6, STM32H563MIY3QTR, STM32H563RGT6, STM32H563RGV6, STM32H563RIT6, STM32H563RIV6, STM32H563VGT6, STM32H563VIT3Q, STM32H563VIT6, STM32H563ZGT6, STM32H563ZIT3Q, STM32H563ZIT6, STM32H573AII3Q, STM32H573AII6, STM32H573I-DK, STM32H573IIK3Q, STM32H573IIK6, STM32H573IIT3Q, STM32H573IIT6, STM32H573MIY3QTR, STM32H573RIT6, STM32H573RIV6, STM32H573VIT3Q, STM32H573VIT6, STM32H573ZIT3Q, STM32H573ZIT6, STM32H7R3A8I6, STM32H7R3I8K6, STM32H7R3I8T6, STM32H7R3L8H6, STM32H7R3L8H6H, STM32H7R3R8V6, STM32H7R3V8H6, STM32H7R3V8T6, STM32H7R3V8Y6TR, STM32H7R3Z8J6, STM32H7R3Z8T6, STM32H7R7A8I6, STM32H7R7I8K6, STM32H7R7I8T6, STM32H7R7L8H6, STM32H7R7L8H6H, STM32H7R7Z8J6, STM32H7S3A8I6, STM32H7S3I8K6, STM32H7S3I8T6, STM32H7S3L8H6, STM32H7S3L8H6H, STM32H7S3R8V6, STM32H7S3V8H6, STM32H7S3V8T6, STM32H7S3V8Y6TR, STM32H7S3Z8J6, STM32H7S3Z8T6, STM32H7S78-DK, STM32H7S7A8I6, STM32H7S7I8K6, STM32H7S7I8T6, STM32H7S7L8H6, STM32H7S7L8H6H, STM32H7S7Z8J6, STM32L4R5QGI6STR, STM32MP131AAE3, STM32MP131AAF3, STM32MP131AAG3, STM32MP131CAE3, STM32MP131CAF3, STM32MP131CAG3, STM32MP131DAE7, STM32MP131DAF7, STM32MP131DAG7, STM32MP131FAE7, STM32MP131FAF7, STM32MP131FAG7, STM32MP133AAE3, STM32MP133AAF3, STM32MP133AAG3, STM32MP133CAE3, STM32MP133CAF3, STM32MP133CAG3, STM32MP133DAE7, STM32MP133DAF7, STM32MP133DAG7, STM32MP133FAE7, STM32MP133FAF7, STM32MP133FAG7, STM32MP135AAE3, STM32MP135AAF3, STM32MP135AAG3, STM32MP135CAE3, STM32MP135CAF3, STM32MP135CAG3, STM32MP135DAE7, STM32MP135DAF7, STM32MP135DAG7, STM32MP135F-DK, STM32MP135FAE7, STM32MP135FAF7, STM32MP135FAF7T, STM32MP135FAF7U, STM32MP135FAG7, STM32MP231AAJ3, STM32MP231AAK3, STM32MP231AAL3, STM32MP231CAJ3, STM32MP231CAK3, STM32MP231CAL3, STM32MP231DAJ3, STM32MP231DAK3, STM32MP231DAL3, STM32MP231FAJ3, STM32MP231FAK3, STM32MP231FAL3, STM32MP233AAJ3, STM32MP233AAK3, STM32MP233AAL3, STM32MP233CAJ3, STM32MP233CAK3, STM32MP233CAL3, STM32MP233DAJ3, STM32MP233DAK3, STM32MP233DAL3, STM32MP233FAJ3, STM32MP233FAK3, STM32MP233FAL3, STM32MP235AAJ3, STM32MP235AAK3, STM32MP235AAL3, STM32MP235CAJ3, STM32MP235CAK3, STM32MP235CAL3, STM32MP235DAJ3, STM32MP235DAK3, STM32MP235DAL3, STM32MP235FAJ3, STM32MP235FAK3, STM32MP235FAL3, STM32MP251AAI3, STM32MP251AAJ3, STM32MP251AAK3, STM32MP251AAL3, STM32MP251CAI3, STM32MP251CAJ3, STM32MP251CAK3, STM32MP251CAL3, STM32MP251DAI3, STM32MP251DAJ3, STM32MP251DAK3, STM32MP251DAL3, STM32MP251FAI3, STM32MP251FAJ3, STM32MP251FAK3, STM32MP251FAL3, STM32MP253AAI3, STM32MP253AAJ3, STM32MP253AAK3, STM32MP253AAL3, STM32MP253CAI3, STM32MP253CAJ3, STM32MP253CAK3, STM32MP253CAL3, STM32MP253DAI3, STM32MP253DAJ3, STM32MP253DAK3, STM32MP253DAL3, STM32MP253FAI3, STM32MP253FAJ3, STM32MP253FAK3, STM32MP253FAL3, STM32MP255AAI3, STM32MP255AAJ3, STM32MP255AAK3, STM32MP255AAL3, STM32MP255CAI3, STM32MP255CAJ3, STM32MP255CAK3, STM32MP255CAL3, STM32MP255DAI3, STM32MP255DAJ3, STM32MP255DAK3, STM32MP255DAL3, STM32MP255FAI3, STM32MP255FAJ3, STM32MP255FAK3, STM32MP255FAL3, STM32MP257AAI3, STM32MP257AAJ3, STM32MP257AAK3, STM32MP257AAL3, STM32MP257CAI3, STM32MP257CAJ3, STM32MP257CAK3, STM32MP257CAL3, STM32MP257DAI3, STM32MP257DAJ3, STM32MP257DAK3, STM32MP257DAL3, STM32MP257F-DK, STM32MP257F-EV1, STM32MP257FAI3, STM32MP257FAJ3, STM32MP257FAK3, STM32MP257FAL3, STM32N645A0H3Q, STM32N645B0H3Q, STM32N645I0H3Q, STM32N645L0H3Q, STM32N645X0H3Q, STM32N645Z0H3Q, STM32N647A0H3Q, STM32N647B0H3Q, STM32N647I0H3Q, STM32N647L0H3Q, STM32N647X0H3Q, STM32N647Z0H3Q, STM32N655A0H3Q, STM32N655B0H3Q, STM32N655I0H3Q, STM32N655L0H3Q, STM32N655X0H3Q, STM32N655Z0H3Q, STM32N6570-DK, STM32N657A0H3Q, STM32N657B0H3Q, STM32N657I0H3Q, STM32N657L0H3Q, STM32N657X0H3Q, STM32N657Z0H3Q, STM32U031C6T6, STM32U031C6U6, STM32U031C8T6, STM32U031C8U6, STM32U031F4P6, STM32U031F6P6, STM32U031F8P6, STM32U031G6Y6TR, STM32U031G8Y6TR, STM32U031K4U6, STM32U031K6U6, STM32U031K8U6, STM32U031R6I6, STM32U031R6T6, STM32U031R8I6, STM32U031R8T6, STM32U073C8T6, STM32U073C8U6, STM32U073CBT6, STM32U073CBU6, STM32U073CCT6, STM32U073CCU6, STM32U073H8Y6TR, STM32U073HBY6TR, STM32U073HCY6TR, STM32U073K8U6, STM32U073KBU6, STM32U073KCU6, STM32U073M8I6, STM32U073M8T6, STM32U073MBI6, STM32U073MBT6, STM32U073MCI6, STM32U073MCT6, STM32U073R8I6, STM32U073R8T6, STM32U073RBI6, STM32U073RBT6, STM32U073RCI6, STM32U073RCT6, STM32U083C-DK, STM32U083CCT6, STM32U083CCU6, STM32U083HCY6TR, STM32U083KCU6, STM32U083MCI6, STM32U083MCT6, STM32U083RCI6, STM32U083RCT6, STM32U375CET6, STM32U375CET6Q, STM32U375CEU6, STM32U375CEU6Q, STM32U375CEY6QTR, STM32U375CGT6, STM32U375CGT6Q, STM32U375CGU6, STM32U375CGU6Q, STM32U375CGY6QTR, STM32U375KEU6, STM32U375KGU6, STM32U375REI6, STM32U375REI6Q, STM32U375RET6, STM32U375RET6Q, STM32U375REY6GTR, STM32U375REY6QTR, STM32U375RGI6, STM32U375RGI6Q, STM32U375RGT6, STM32U375RGT6Q, STM32U375RGY6GTR, STM32U375RGY6QTR, STM32U375VEI6, STM32U375VEI6Q, STM32U375VET6, STM32U375VET6Q, STM32U375VGI6, STM32U375VGI6Q, STM32U375VGT6, STM32U375VGT6Q, STM32U385CGT6, STM32U385CGT6Q, STM32U385CGU6, STM32U385CGU6Q, STM32U385CGY6QTR, STM32U385KGU6, STM32U385RGI6, STM32U385RGI6Q, STM32U385RGT6, STM32U385RGT6Q, STM32U385RGY6GTR, STM32U385RGY6QTR, STM32U385VGI6, STM32U385VGI6Q, STM32U385VGT6, STM32U385VGT6Q, STM32U535CBT6, STM32U535CBT6Q, STM32U535CBU6, STM32U535CBU6Q, STM32U535CCT6, STM32U535CCT6Q, STM32U535CCU6, STM32U535CCU6Q, STM32U535CET6, STM32U535CET6Q, STM32U535CEU6, STM32U535CEU6Q, STM32U535JEY6QTR, STM32U535NCY6QTR, STM32U535NEY6QTR, STM32U535RBI6, STM32U535RBI6Q, STM32U535RBT6, STM32U535RBT6Q, STM32U535RCI6, STM32U535RCI6Q, STM32U535RCT6, STM32U535RCT6Q, STM32U535REI6, STM32U535REI6Q, STM32U535RET6, STM32U535RET6Q, STM32U535VCI6, STM32U535VCI6Q, STM32U535VCT6, STM32U535VCT6Q, STM32U535VEI6, STM32U535VEI6Q, STM32U535VET6, STM32U535VET6Q, STM32U545CET6, STM32U545CET6Q, STM32U545CEU6, STM32U545CEU6Q, STM32U545JEY6QTR, STM32U545NEY6QTR, STM32U545REI6, STM32U545REI6Q, STM32U545RET6, STM32U545RET6Q, STM32U545VEI6, STM32U545VEI6Q, STM32U545VET6, STM32U545VET6Q, STM32U595AIH6, STM32U595AIH6Q, STM32U595AJH6, STM32U595AJH6Q, STM32U595QII6, STM32U595QII6Q, STM32U595QJI6, STM32U595QJI6Q, STM32U595RIT6, STM32U595RIT6Q, STM32U595RJT6, STM32U595RJT6Q, STM32U595VIT6, STM32U595VIT6Q, STM32U595VJT6, STM32U595VJT6Q, STM32U595ZIT6, STM32U595ZIT6Q, STM32U595ZIY6QTR, STM32U595ZJT6, STM32U595ZJT6Q, STM32U595ZJY6QTR, STM32U599BJY6QTR, STM32U599NIH6Q, STM32U599NJH6Q, STM32U599VIT6Q, STM32U599VJT6, STM32U599VJT6Q, STM32U599ZIT6Q, STM32U599ZIY6QTR, STM32U599ZJT6Q, STM32U599ZJY6QTR, STM32U5A5AJH6, STM32U5A5AJH6Q, STM32U5A5QII3Q , STM32U5A5QJI6, STM32U5A5QJI6Q, STM32U5A5RJT6, STM32U5A5RJT6Q, STM32U5A5VJT6, STM32U5A5VJT6Q, STM32U5A5ZJT6, STM32U5A5ZJT6Q, STM32U5A5ZJY6QTR, STM32U5A9BJY6QTR, STM32U5A9J-DK, STM32U5A9NJH6Q, STM32U5A9VJT6Q, STM32U5A9ZJT6Q, STM32U5A9ZJY6QTR, STM32U5F7VIT6, STM32U5F7VIT6Q, STM32U5F7VJT6, STM32U5F7VJT6Q, STM32U5F9BJY6QTR, STM32U5F9NJH6Q, STM32U5F9VIT6Q, STM32U5F9VJT6Q, STM32U5F9ZIJ6QTR, STM32U5F9ZIT6Q, STM32U5F9ZJJ6QTR, STM32U5F9ZJT6Q, STM32U5G7VJT6, STM32U5G7VJT6Q, STM32U5G9BJY6QTR, STM32U5G9J-DK1, STM32U5G9J-DK2, STM32U5G9NJH6Q, STM32U5G9VJT6Q, STM32U5G9ZJJ6QTR, STM32U5G9ZJT6Q, STM32WB05KZV6TR, STM32WB05KZV7TR, STM32WB05TZF6TR, STM32WB05TZF7TR, STM32WB06CCF6TR, STM32WB06CCF7TR, STM32WB06CCV6TR, STM32WB06CCV7TR, STM32WB06KCV6TR, STM32WB06KCV7TR, STM32WB07CCF6TR, STM32WB07CCF7TR, STM32WB07CCV6TR, STM32WB07CCV7TR, STM32WB07KCV6TR, STM32WB07KCV7TR, STM32WB09KEV6TR, STM32WB09KEV7TR, STM32WB09TEF6TR, STM32WB09TEF7TR, STM32WB1MMCH6, STM32WBA50KGU6, STM32WBA50KGU6TR, STM32WBA52CEU6, STM32WBA52CEU6TR, STM32WBA52CEU7, STM32WBA52CEU7TR, STM32WBA52CGU6, STM32WBA52CGU6TR, STM32WBA52CGU6U, STM32WBA52CGU7, STM32WBA52CGU7TR, STM32WBA52KEU6, STM32WBA52KEU6TR, STM32WBA52KGU6, STM32WBA52KGU6TR, STM32WBA54CEU6, STM32WBA54CEU6TR, STM32WBA54CEU7, STM32WBA54CEU7TR, STM32WBA54CGU6, STM32WBA54CGU6TR, STM32WBA54CGU7, STM32WBA54CGU7TR, STM32WBA54KEU6, STM32WBA54KEU6TR, STM32WBA54KEU7, STM32WBA54KEU7TR, STM32WBA54KGU6, STM32WBA54KGU6TR, STM32WBA54KGU7, STM32WBA54KGU7TR, STM32WBA55CEU6, STM32WBA55CEU6TR, STM32WBA55CEU7, STM32WBA55CEU7TR, STM32WBA55CGU6, STM32WBA55CGU6TR, STM32WBA55CGU6U, STM32WBA55CGU7, STM32WBA55CGU7TR, STM32WBA55G-DK1, STM32WBA55HEF6, STM32WBA55HEF7, STM32WBA55HGF6, STM32WBA55HGF7, STM32WBA55UEI6, STM32WBA55UEI6TR, STM32WBA55UEI7, STM32WBA55UEI7TR, STM32WBA55UGI6, STM32WBA55UGI6TR, STM32WBA55UGI7, STM32WBA55UGI7TR, STM32WBA5MJGH6TR, STM32WBA5MJGH6U, STM32WL33C8V6, STM32WL33C8V6TR, STM32WL33C8V7, STM32WL33C8V7TR, STM32WL33CBV6, STM32WL33CBV6TR, STM32WL33CBV7, STM32WL33CBV7TR, STM32WL33CCV6, STM32WL33CCV6TR, STM32WL33CCV7, STM32WL33CCV7A, STM32WL33CCV7ATR, STM32WL33CCV7TR, STM32WL33K8V6, STM32WL33K8V6TR, STM32WL33K8V7, STM32WL33K8V7TR, STM32WL33KBV6, STM32WL33KBV6TR, STM32WL33KBV7, STM32WL33KBV7TR, STM32WL33KCV6, STM32WL33KCV6TR, STM32WL33KCV7, STM32WL33KCV7TR, STM32WL5MOCH6, STM32WL5MOCH6TR]
2024-12-17 15:10:14,906 [INFO] DbMcus:218 - Found 4542 MCUs, 4542 are supported
2024-12-17 15:10:14,906 [INFO] ApiDb:423 - Load user favorites file C:\Users\o1yus/.stm32cubeide/favorites.mcus.txt: 0 item(s)
2024-12-17 15:10:14,906 [INFO] ApiDb:427 - User favorites MCUs=[]
2024-12-17 15:10:14,907 [INFO] DbMcus:224 - Set 0 / 0 favorites MCUs
2024-12-17 15:10:14,941 [ERROR] LogOutputStream:75 - [STDERR_REDIRECT] [Fatal Error] :1:1: Premature end of file.
2024-12-17 15:10:14,941 [ERROR] LogOutputStream:75 - [STDERR_REDIRECT] 
2024-12-17 15:10:15,165 [INFO] ApiDb:414 - User favorites file not found: C:\Users\o1yus/.stm32cubeide/favorites.boards.txt
2024-12-17 15:10:15,166 [INFO] DbBoards:198 - Set 0 / 0 favorites Boards
2024-12-17 15:10:15,225 [INFO] UtilMem:75 - End LoadConfig() Used Memory: 625146872 Bytes (896532480)
2024-12-17 15:10:15,324 [WARN] ThirdParty:833 - waiting for thirdparty lock release [change project]
2024-12-17 15:10:15,324 [INFO] ThirdParty:835 - entering critical section [change project]
2024-12-17 15:10:15,325 [INFO] ThirdParty:1030 - CMSIS Pack Vendor :STMicroelectronics USBPD 4.1
2024-12-17 15:10:15,325 [INFO] ThirdParty:1030 - CMSIS Pack Vendor :STMicroelectronics X-CUBE-AZRTOS-H7 3.3.0
2024-12-17 15:10:15,325 [INFO] ThirdParty:1030 - CMSIS Pack Vendor :STMicroelectronics X-CUBE-NFC9 1.0.0
2024-12-17 15:10:15,325 [INFO] ThirdParty:1030 - CMSIS Pack Vendor :STMicroelectronics USB_HOST 2.0.0
2024-12-17 15:10:15,325 [INFO] ThirdParty:1030 - CMSIS Pack Vendor :STMicroelectronics FP-SNS-MOTENVWB1 1.4.0
2024-12-17 15:10:15,325 [INFO] ThirdParty:1030 - CMSIS Pack Vendor :STMicroelectronics X-CUBE-AZRTOS-F4 1.1.0
2024-12-17 15:10:15,325 [INFO] ThirdParty:1030 - CMSIS Pack Vendor :STMicroelectronics LIBJPEG 8.0.0
2024-12-17 15:10:15,325 [INFO] ThirdParty:1030 - CMSIS Pack Vendor :STMicroelectronics FP-ATR-ASTRA1 2.0.1
2024-12-17 15:10:15,325 [INFO] ThirdParty:1030 - CMSIS Pack Vendor :STMicroelectronics X-CUBE-SMBUS 2.1.0
2024-12-17 15:10:15,325 [INFO] ThirdParty:1030 - CMSIS Pack Vendor :STMicroelectronics X-CUBE-WB05N 1.1.0
2024-12-17 15:10:15,325 [INFO] ThirdParty:1030 - CMSIS Pack Vendor :STMicroelectronics USB_DEVICE 3.0.0
2024-12-17 15:10:15,325 [INFO] ThirdParty:1030 - CMSIS Pack Vendor :STMicroelectronics X-CUBE-ISPU 2.1.0
2024-12-17 15:10:15,325 [INFO] ThirdParty:1030 - CMSIS Pack Vendor :STMicroelectronics X-CUBE-IPS 3.0.0
2024-12-17 15:10:15,325 [INFO] ThirdParty:1030 - CMSIS Pack Vendor :STMicroelectronics X-CUBE-AZRTOS-WB 2.0.0
2024-12-17 15:10:15,325 [INFO] ThirdParty:1030 - CMSIS Pack Vendor :STMicroelectronics X-CUBE-GNSS1 7.0.0
2024-12-17 15:10:15,325 [INFO] ThirdParty:1030 - CMSIS Pack Vendor :STMicroelectronics X-CUBE-AZRTOS-F7 1.1.0
2024-12-17 15:10:15,325 [INFO] ThirdParty:1030 - CMSIS Pack Vendor :STMicroelectronics X-CUBE-AZRTOS-L5 2.0.0
2024-12-17 15:10:15,325 [INFO] ThirdParty:1030 - CMSIS Pack Vendor :STMicroelectronics USB_DEVICE 2.0.0
2024-12-17 15:10:15,325 [INFO] ThirdParty:1030 - CMSIS Pack Vendor :STMicroelectronics X-CUBE-NFC6 3.1.0
2024-12-17 15:10:15,325 [INFO] ThirdParty:1030 - CMSIS Pack Vendor :STMicroelectronics FP-SNS-STBOX1 2.0.0
2024-12-17 15:10:15,325 [INFO] ThirdParty:1030 - CMSIS Pack Vendor :STMicroelectronics X-CUBE-MEMS1 11.0.0
2024-12-17 15:10:15,325 [INFO] ThirdParty:1030 - CMSIS Pack Vendor :STMicroelectronics FreeRTOS 0.0.1
2024-12-17 15:10:15,325 [INFO] ThirdParty:1030 - CMSIS Pack Vendor :STMicroelectronics X-CUBE-AZRTOS-G0 1.1.0
2024-12-17 15:10:15,325 [INFO] ThirdParty:1030 - CMSIS Pack Vendor :STMicroelectronics X-CUBE-SAFEA1 1.2.2
2024-12-17 15:10:15,325 [INFO] ThirdParty:1030 - CMSIS Pack Vendor :STMicroelectronics X-CUBE-NFC4 3.0.0
2024-12-17 15:10:15,325 [INFO] ThirdParty:1030 - CMSIS Pack Vendor :STMicroelectronics X-CUBE-DPower 1.2.0
2024-12-17 15:10:15,325 [INFO] ThirdParty:1030 - CMSIS Pack Vendor :STMicroelectronics X-CUBE-SUBG2 5.0.0
2024-12-17 15:10:15,325 [INFO] ThirdParty:1030 - CMSIS Pack Vendor :STMicroelectronics STM32_WPAN 1.0.0
2024-12-17 15:10:15,325 [INFO] ThirdParty:1030 - CMSIS Pack Vendor :EmbeddedOffice I-CUBE-FS-RTOS 1.0.1
2024-12-17 15:10:15,325 [INFO] ThirdParty:1030 - CMSIS Pack Vendor :STMicroelectronics lwIP 2.0.3
2024-12-17 15:10:15,325 [INFO] ThirdParty:1030 - CMSIS Pack Vendor :STMicroelectronics FP-SNS-FLIGHT1 5.0.2
2024-12-17 15:10:15,325 [INFO] ThirdParty:1030 - CMSIS Pack Vendor :Cesanta I-CUBE-Mongoose 7.13.0
2024-12-17 15:10:15,325 [INFO] ThirdParty:1030 - CMSIS Pack Vendor :STMicroelectronics USB_HOST 1.0.0
2024-12-17 15:10:15,325 [INFO] ThirdParty:1030 - CMSIS Pack Vendor :Infineon AIROC-Wi-Fi-Bluetooth-STM32 1.7.0
2024-12-17 15:10:15,325 [INFO] ThirdParty:1030 - CMSIS Pack Vendor :STMicroelectronics X-CUBE-AZRTOS-G4 2.0.0
2024-12-17 15:10:15,325 [INFO] ThirdParty:1030 - CMSIS Pack Vendor :STMicroelectronics PDM2PCM 3.1.0
2024-12-17 15:10:15,325 [INFO] ThirdParty:1030 - CMSIS Pack Vendor :STMicroelectronics PDM2PCM 3.3.0
2024-12-17 15:10:15,325 [INFO] ThirdParty:1030 - CMSIS Pack Vendor :STMicroelectronics X-CUBE-DISPLAY 3.0.0
2024-12-17 15:10:15,325 [INFO] ThirdParty:1030 - CMSIS Pack Vendor :STMicroelectronics X-CUBE-TCPP 4.2.0
2024-12-17 15:10:15,325 [INFO] ThirdParty:1030 - CMSIS Pack Vendor :RealThread X-CUBE-RT-Thread_Nano 4.1.1
2024-12-17 15:10:15,325 [INFO] ThirdParty:1030 - CMSIS Pack Vendor :STMicroelectronics X-CUBE-BLE1 7.0.0
2024-12-17 15:10:15,325 [INFO] ThirdParty:1030 - CMSIS Pack Vendor :STMicroelectronics FP-ATR-SIGFOX1 3.2.0
2024-12-17 15:10:15,325 [INFO] ThirdParty:1030 - CMSIS Pack Vendor :STMicroelectronics X-CUBE-NFC10 1.0.0
2024-12-17 15:10:15,326 [INFO] ThirdParty:1030 - CMSIS Pack Vendor :quantropi X-CUBE-qispace-sdk-base 1.9.3
2024-12-17 15:10:15,326 [INFO] ThirdParty:1030 - CMSIS Pack Vendor :STMicroelectronics X-CUBE-BLEMGR 4.0.0
2024-12-17 15:10:15,326 [INFO] ThirdParty:1030 - CMSIS Pack Vendor :STMicroelectronics X-CUBE-EEPRMA1 5.1.0
2024-12-17 15:10:15,326 [INFO] ThirdParty:1030 - CMSIS Pack Vendor :STMicroelectronics HAL Drivers 0.0.0
2024-12-17 15:10:15,326 [INFO] ThirdParty:1030 - CMSIS Pack Vendor :STMicroelectronics MBEDTLS 2.16.2
2024-12-17 15:10:15,326 [INFO] ThirdParty:1030 - CMSIS Pack Vendor :STMicroelectronics X-CUBE-ALS 1.0.2
2024-12-17 15:10:15,326 [INFO] ThirdParty:1030 - CMSIS Pack Vendor :emotas I-CUBE-CANOPEN 1.3.0
2024-12-17 15:10:15,326 [INFO] ThirdParty:1030 - CMSIS Pack Vendor :STMicroelectronics X-CUBE-FREERTOS 1.3.0
2024-12-17 15:10:15,326 [INFO] ThirdParty:1030 - CMSIS Pack Vendor :wolfSSL I-CUBE-wolfSSL 5.7.4
2024-12-17 15:10:15,326 [INFO] ThirdParty:1030 - CMSIS Pack Vendor :STMicroelectronics X-CUBE-NFC7 1.0.1
2024-12-17 15:10:15,326 [INFO] ThirdParty:1030 - CMSIS Pack Vendor :STMicroelectronics MBEDTLS 2.14.1
2024-12-17 15:10:15,326 [INFO] ThirdParty:1030 - CMSIS Pack Vendor :ITTIA_DB I-CUBE-ITTIADB 8.9.0
2024-12-17 15:10:15,326 [INFO] ThirdParty:1030 - CMSIS Pack Vendor :STMicroelectronics X-CUBE-TOUCHGFX 4.24.1
2024-12-17 15:10:15,326 [INFO] ThirdParty:1030 - CMSIS Pack Vendor :wolfSSL I-CUBE-wolfTPM 3.4.0
2024-12-17 15:10:15,326 [INFO] ThirdParty:1030 - CMSIS Pack Vendor :portGmbH I-Cube-SoM-uGOAL 1.1.0
2024-12-17 15:10:15,326 [INFO] ThirdParty:1030 - CMSIS Pack Vendor :STMicroelectronics ThreadX 1.0.0
2024-12-17 15:10:15,326 [INFO] ThirdParty:1030 - CMSIS Pack Vendor :STMicroelectronics FP-SNS-SMARTAG2 1.2.0
2024-12-17 15:10:15,326 [INFO] ThirdParty:1030 - CMSIS Pack Vendor :STMicroelectronics X-CUBE-AZRTOS-WL 2.0.0
2024-12-17 15:10:15,326 [INFO] ThirdParty:1030 - CMSIS Pack Vendor :SEGGER I-CUBE-embOS 1.3.1
2024-12-17 15:10:15,326 [INFO] ThirdParty:1030 - CMSIS Pack Vendor :STMicroelectronics X-CUBE-ALGOBUILD 1.4.0
2024-12-17 15:10:15,326 [INFO] ThirdParty:1030 - CMSIS Pack Vendor :STMicroelectronics FP-SNS-MOTENV1 5.0.0
2024-12-17 15:10:15,326 [INFO] ThirdParty:1030 - CMSIS Pack Vendor :STMicroelectronics USB_DEVICE 1.0.0
2024-12-17 15:10:15,326 [INFO] ThirdParty:1030 - CMSIS Pack Vendor :STMicroelectronics X-CUBE-AZRTOS-H7RS 1.0.0
2024-12-17 15:10:15,326 [INFO] ThirdParty:1030 - CMSIS Pack Vendor :wolfSSL I-CUBE-wolfMQTT 1.19.0
2024-12-17 15:10:15,326 [INFO] ThirdParty:1030 - CMSIS Pack Vendor :STMicroelectronics X-CUBE-AZRTOS-L4 2.0.0
2024-12-17 15:10:15,326 [INFO] ThirdParty:1030 - CMSIS Pack Vendor :STMicroelectronics ThreadX 0.0.2
2024-12-17 15:10:15,326 [INFO] ThirdParty:1030 - CMSIS Pack Vendor :WES I-CUBE-Cesium 1.3.0
2024-12-17 15:10:15,326 [INFO] ThirdParty:1030 - CMSIS Pack Vendor :STMicroelectronics lwIP 2.1.2
2024-12-17 15:10:15,326 [INFO] ThirdParty:1030 - CMSIS Pack Vendor :STMicroelectronics X-CUBE-SFXS2LP1 4.0.0
2024-12-17 15:10:15,326 [INFO] ThirdParty:1030 - CMSIS Pack Vendor :STMicroelectronics X-CUBE-BLE2 3.3.0
2024-12-17 15:10:15,326 [INFO] ThirdParty:1030 - CMSIS Pack Vendor :STMicroelectronics X-CUBE-TOF1 3.4.2
2024-12-17 15:10:15,326 [INFO] ThirdParty:1030 - CMSIS Pack Vendor :STMicroelectronics X-CUBE-AI 9.1.0
2024-12-17 15:10:15,326 [INFO] ThirdParty:1030 - CMSIS Pack Vendor :STMicroelectronics PDM2PCM 3.2.0
2024-12-17 15:10:15,326 [INFO] ThirdParty:1030 - CMSIS Pack Vendor :wolfSSL I-CUBE-wolfSSH 1.4.17
2024-12-17 15:10:15,326 [INFO] ThirdParty:841 - exiting critical section [change project]
2024-12-17 15:10:15,523 [INFO] PinOutPanel:1589 - setPackage(No Configuration,No Configuration)
2024-12-17 15:10:15,524 [INFO] PinOutPanel:1589 - setPackage(STM32F103C8Tx,LQFP48)
2024-12-17 15:10:15,943 [INFO] UtilMem:75 - Before build in PCC Used Memory: 544737280 Bytes (907018240)
2024-12-17 15:10:15,947 [ERROR] LogOutputStream:75 - [STDERR_REDIRECT] [Fatal Error] :1:1: Premature end of file.
2024-12-17 15:10:15,948 [ERROR] LogOutputStream:75 - [STDERR_REDIRECT] 
2024-12-17 15:10:16,699 [INFO] UtilMem:75 - After build in PCC Used Memory: 602931200 Bytes (907018240)
2024-12-17 15:10:16,718 [INFO] IPUIPlugin:80 - create IPUIPlugin
2024-12-17 15:10:16,718 [INFO] IPUIPlugin:80 - create IPUIPlugin
2024-12-17 15:10:16,718 [INFO] IPUIPlugin:80 - create IPUIPlugin
2024-12-17 15:10:16,718 [INFO] IPUIPlugin:80 - create IPUIPlugin
2024-12-17 15:10:16,718 [INFO] IPUIPlugin:80 - create IPUIPlugin
2024-12-17 15:10:16,718 [INFO] IPUIPlugin:80 - create IPUIPlugin
2024-12-17 15:10:16,718 [INFO] IPUIPlugin:80 - create IPUIPlugin
2024-12-17 15:10:16,718 [INFO] IPUIPlugin:80 - create IPUIPlugin
2024-12-17 15:10:16,718 [INFO] IPUIPlugin:80 - create IPUIPlugin
2024-12-17 15:10:16,718 [INFO] IPUIPlugin:80 - create IPUIPlugin
2024-12-17 15:10:16,719 [INFO] IPUIPlugin:80 - create IPUIPlugin
2024-12-17 15:10:16,719 [INFO] IPUIPlugin:80 - create IPUIPlugin
2024-12-17 15:10:16,719 [INFO] IPUIPlugin:80 - create IPUIPlugin
2024-12-17 15:10:16,719 [INFO] IPUIPlugin:80 - create IPUIPlugin
2024-12-17 15:10:16,719 [INFO] IPUIPlugin:80 - create IPUIPlugin
2024-12-17 15:10:16,719 [INFO] IPUIPlugin:80 - create IPUIPlugin
2024-12-17 15:10:16,719 [INFO] IPUIPlugin:80 - create IPUIPlugin
2024-12-17 15:10:16,719 [INFO] IPUIPlugin:80 - create IPUIPlugin
2024-12-17 15:10:16,719 [INFO] IPUIPlugin:80 - create IPUIPlugin
2024-12-17 15:10:16,719 [INFO] IPUIPlugin:80 - create IPUIPlugin
2024-12-17 15:10:16,719 [INFO] IPUIPlugin:80 - create IPUIPlugin
2024-12-17 15:10:16,720 [INFO] IPUIPlugin:80 - create IPUIPlugin
2024-12-17 15:10:16,720 [INFO] IPUIPlugin:80 - create IPUIPlugin
2024-12-17 15:10:16,720 [INFO] IPUIPlugin:80 - create IPUIPlugin
2024-12-17 15:10:16,720 [INFO] IPUIPlugin:80 - create IPUIPlugin
2024-12-17 15:10:16,720 [INFO] IPUIPlugin:80 - create IPUIPlugin
2024-12-17 15:10:16,720 [INFO] IPUIPlugin:80 - create IPUIPlugin
2024-12-17 15:10:16,857 [INFO] CADModel:165 - CPN selected for project levelSTM32F103C8T6
2024-12-17 15:10:16,857 [INFO] CADModel:114 - Register for checkConnection events
2024-12-17 15:10:16,904 [INFO] OpenFileManager:363 - Restore cursor
2024-12-17 15:10:16,940 [ERROR] LogOutputStream:75 - [STDERR_REDIRECT] [Fatal Error] :1:1: Premature end of file.
2024-12-17 15:10:16,940 [ERROR] LogOutputStream:75 - [STDERR_REDIRECT] 
2024-12-17 15:10:17,942 [ERROR] LogOutputStream:75 - [STDERR_REDIRECT] [Fatal Error] :1:1: Premature end of file.
2024-12-17 15:10:17,942 [ERROR] LogOutputStream:75 - [STDERR_REDIRECT] 
2024-12-17 15:10:18,942 [ERROR] LogOutputStream:75 - [STDERR_REDIRECT] [Fatal Error] :1:1: Premature end of file.
2024-12-17 15:10:18,942 [ERROR] LogOutputStream:75 - [STDERR_REDIRECT] 
2024-12-17 15:10:19,937 [ERROR] LogOutputStream:75 - [STDERR_REDIRECT] [Fatal Error] :1:1: Premature end of file.
2024-12-17 15:10:19,939 [ERROR] LogOutputStream:75 - [STDERR_REDIRECT] 
2024-12-17 15:10:20,937 [ERROR] LogOutputStream:75 - [STDERR_REDIRECT] [Fatal Error] :1:1: Premature end of file.
2024-12-17 15:10:20,937 [ERROR] LogOutputStream:75 - [STDERR_REDIRECT] 
2024-12-17 15:10:21,947 [ERROR] LogOutputStream:75 - [STDERR_REDIRECT] [Fatal Error] :1:1: Premature end of file.
2024-12-17 15:10:21,947 [ERROR] LogOutputStream:75 - [STDERR_REDIRECT] 
2024-12-17 15:10:22,945 [ERROR] LogOutputStream:75 - [STDERR_REDIRECT] [Fatal Error] :1:1: Premature end of file.
2024-12-17 15:10:22,945 [ERROR] LogOutputStream:75 - [STDERR_REDIRECT] 
2024-12-17 15:10:23,937 [ERROR] LogOutputStream:75 - [STDERR_REDIRECT] [Fatal Error] :1:1: Premature end of file.
2024-12-17 15:10:23,938 [ERROR] LogOutputStream:75 - [STDERR_REDIRECT] 
2024-12-17 15:10:24,946 [ERROR] LogOutputStream:75 - [STDERR_REDIRECT] [Fatal Error] :1:1: Premature end of file.
2024-12-17 15:10:24,946 [ERROR] LogOutputStream:75 - [STDERR_REDIRECT] 
2024-12-17 15:10:25,938 [ERROR] LogOutputStream:75 - [STDERR_REDIRECT] [Fatal Error] :1:1: Premature end of file.
2024-12-17 15:10:25,938 [ERROR] LogOutputStream:75 - [STDERR_REDIRECT] 
2024-12-17 15:10:26,939 [ERROR] LogOutputStream:75 - [STDERR_REDIRECT] [Fatal Error] :1:1: Premature end of file.
2024-12-17 15:10:26,940 [ERROR] LogOutputStream:75 - [STDERR_REDIRECT] 
2024-12-17 15:10:27,939 [ERROR] LogOutputStream:75 - [STDERR_REDIRECT] [Fatal Error] :1:1: Premature end of file.
2024-12-17 15:10:27,939 [ERROR] LogOutputStream:75 - [STDERR_REDIRECT] 
2024-12-17 15:10:28,937 [ERROR] LogOutputStream:75 - [STDERR_REDIRECT] [Fatal Error] :1:1: Premature end of file.
2024-12-17 15:10:28,937 [ERROR] LogOutputStream:75 - [STDERR_REDIRECT] 
2024-12-17 15:10:29,938 [ERROR] LogOutputStream:75 - [STDERR_REDIRECT] [Fatal Error] :1:1: Premature end of file.
2024-12-17 15:10:29,939 [ERROR] LogOutputStream:75 - [STDERR_REDIRECT] 
2024-12-17 15:10:30,940 [ERROR] LogOutputStream:75 - [STDERR_REDIRECT] [Fatal Error] :1:1: Premature end of file.
2024-12-17 15:10:30,940 [ERROR] LogOutputStream:75 - [STDERR_REDIRECT] 
2024-12-17 15:10:31,939 [ERROR] LogOutputStream:75 - [STDERR_REDIRECT] [Fatal Error] :1:1: Premature end of file.
2024-12-17 15:10:31,939 [ERROR] LogOutputStream:75 - [STDERR_REDIRECT] 
2024-12-17 15:10:32,940 [ERROR] LogOutputStream:75 - [STDERR_REDIRECT] [Fatal Error] :1:1: Premature end of file.
2024-12-17 15:10:32,940 [ERROR] LogOutputStream:75 - [STDERR_REDIRECT] 
2024-12-17 15:10:33,940 [ERROR] LogOutputStream:75 - [STDERR_REDIRECT] [Fatal Error] :1:1: Premature end of file.
2024-12-17 15:10:33,940 [ERROR] LogOutputStream:75 - [STDERR_REDIRECT] 
2024-12-17 15:10:34,937 [ERROR] LogOutputStream:75 - [STDERR_REDIRECT] [Fatal Error] :1:1: Premature end of file.
2024-12-17 15:10:34,937 [ERROR] LogOutputStream:75 - [STDERR_REDIRECT] 
2024-12-17 15:10:35,938 [ERROR] LogOutputStream:75 - [STDERR_REDIRECT] [Fatal Error] :1:1: Premature end of file.
2024-12-17 15:10:35,938 [ERROR] LogOutputStream:75 - [STDERR_REDIRECT] 
2024-12-17 15:10:36,334 [INFO] UtilMem:75 - End SaveConfig() Used Memory: 601228976 Bytes (1073741824)
2024-12-17 15:10:36,943 [ERROR] LogOutputStream:75 - [STDERR_REDIRECT] [Fatal Error] :1:1: Premature end of file.
2024-12-17 15:10:36,943 [ERROR] LogOutputStream:75 - [STDERR_REDIRECT] 
2024-12-17 15:10:37,938 [ERROR] LogOutputStream:75 - [STDERR_REDIRECT] [Fatal Error] :1:1: Premature end of file.
2024-12-17 15:10:37,938 [ERROR] LogOutputStream:75 - [STDERR_REDIRECT] 
2024-12-17 15:10:38,581 [INFO] UtilMem:75 - End SaveConfig() Used Memory: 639491312 Bytes (1073741824)
2024-12-17 15:10:38,877 [INFO] BlockDiagram:2766 - set Specific Code input for plugin: NVIC
2024-12-17 15:10:38,877 [INFO] BlockDiagram:2766 - set Specific Code input for plugin: SYS
2024-12-17 15:10:38,877 [INFO] BlockDiagram:2766 - set Specific Code input for plugin: GPIO
2024-12-17 15:10:38,877 [INFO] BlockDiagram:2766 - set Specific Code input for plugin: RCC
2024-12-17 15:10:38,879 [INFO] CodeGenerator:896 - code generatio: config db path: C:\ST\STM32CubeIDE_1.17.0\STM32CubeIDE\plugins\com.st.stm32cube.common.mx_6.13.0.202411220809\\db\
2024-12-17 15:10:38,940 [ERROR] LogOutputStream:75 - [STDERR_REDIRECT] [Fatal Error] :1:1: Premature end of file.
2024-12-17 15:10:38,941 [ERROR] LogOutputStream:75 - [STDERR_REDIRECT] 
2024-12-17 15:10:39,016 [INFO] CodeEngine:255 - oldGeneratedFile, C:\Users\o1yus\OneDrive\Desktop\Workspace\test\MXTmpFiles\license.tmp_save
2024-12-17 15:10:39,518 [INFO] CodeEngine:279 - Generated code: C:\Users\o1yus\OneDrive\Desktop\Workspace\test\MXTmpFiles\license.tmp
2024-12-17 15:10:39,645 [INFO] CodeEngine:255 - oldGeneratedFile, C:\Users\o1yus\OneDrive\Desktop\Workspace\test\MXTmpFiles\gpio.tmp_save
2024-12-17 15:10:39,781 [INFO] CodeEngine:279 - Generated code: C:\Users\o1yus\OneDrive\Desktop\Workspace\test\MXTmpFiles\gpio.tmp
2024-12-17 15:10:39,857 [INFO] CodeEngine:255 - oldGeneratedFile, C:\Users\o1yus\OneDrive\Desktop\Workspace\test\Core\Src\stm32f1xx_it.c_save
2024-12-17 15:10:39,947 [ERROR] LogOutputStream:75 - [STDERR_REDIRECT] [Fatal Error] :1:1: Premature end of file.
2024-12-17 15:10:39,948 [ERROR] LogOutputStream:75 - [STDERR_REDIRECT] 
2024-12-17 15:10:39,978 [INFO] CodeEngine:279 - Generated code: C:\Users\o1yus\OneDrive\Desktop\Workspace\test\Core\Src\stm32f1xx_it.c
2024-12-17 15:10:39,999 [INFO] CodeEngine:255 - oldGeneratedFile, C:\Users\o1yus\OneDrive\Desktop\Workspace\test\Core\Inc\stm32f1xx_it.h_save
2024-12-17 15:10:40,089 [INFO] CodeEngine:279 - Generated code: C:\Users\o1yus\OneDrive\Desktop\Workspace\test\Core\Inc\stm32f1xx_it.h
2024-12-17 15:10:40,128 [INFO] CodeEngine:255 - oldGeneratedFile, C:\Users\o1yus\OneDrive\Desktop\Workspace\test\Core\Src\stm32f1xx_hal_msp.c_save
2024-12-17 15:10:40,253 [INFO] CodeEngine:279 - Generated code: C:\Users\o1yus\OneDrive\Desktop\Workspace\test\Core\Src\stm32f1xx_hal_msp.c
2024-12-17 15:10:40,265 [INFO] CodeEngine:255 - oldGeneratedFile, C:\Users\o1yus\OneDrive\Desktop\Workspace\test\MXTmpFiles\system.tmp_save
2024-12-17 15:10:40,318 [INFO] CodeEngine:279 - Generated code: C:\Users\o1yus\OneDrive\Desktop\Workspace\test\MXTmpFiles\system.tmp
2024-12-17 15:10:40,343 [INFO] CodeEngine:311 - oldGeneratedFile, C:\Users\o1yus\OneDrive\Desktop\Workspace\test\Core\Inc\stm32f1xx_hal_conf.h_save
2024-12-17 15:10:40,419 [INFO] CodeEngine:335 - Generated code: C:\Users\o1yus\OneDrive\Desktop\Workspace\test\Core\Inc\stm32f1xx_hal_conf.h
2024-12-17 15:10:40,471 [INFO] ApiDbMcu:508 - Load IP Config File for RCC
2024-12-17 15:10:40,504 [INFO] CodeEngine:255 - oldGeneratedFile, C:\Users\o1yus\OneDrive\Desktop\Workspace\test\Core\Inc\main.h_save
2024-12-17 15:10:40,592 [INFO] CodeEngine:279 - Generated code: C:\Users\o1yus\OneDrive\Desktop\Workspace\test\Core\Inc\main.h
2024-12-17 15:10:40,613 [INFO] CodeEngine:255 - oldGeneratedFile, C:\Users\o1yus\OneDrive\Desktop\Workspace\test\Core\Src\main.c_save
2024-12-17 15:10:40,715 [INFO] CodeEngine:279 - Generated code: C:\Users\o1yus\OneDrive\Desktop\Workspace\test\Core\Src\main.c
2024-12-17 15:10:40,939 [ERROR] LogOutputStream:75 - [STDERR_REDIRECT] [Fatal Error] :1:1: Premature end of file.
2024-12-17 15:10:40,939 [ERROR] LogOutputStream:75 - [STDERR_REDIRECT] 
2024-12-17 15:10:40,947 [INFO] ProjectBuilder:3289 - Time for Copy HAL[1] : 112mS.
2024-12-17 15:10:40,951 [INFO] ProjectBuilder:4876 - Project Generator version: 4.5.0-RC5
2024-12-17 15:10:41,001 [INFO] ConfigFileManager:1579 - The Die is : DIE410
2024-12-17 15:10:41,015 [INFO] ApiDbMcu:508 - Load IP Config File for FATFS
2024-12-17 15:10:41,027 [INFO] ApiDbMcu:508 - Load IP Config File for FREERTOS
2024-12-17 15:10:41,041 [INFO] ApiDbMcu:508 - Load IP Config File for USB_DEVICE
2024-12-17 15:10:41,540 [INFO] LogOutputStream:77 - [STDOUT_REDIRECT] 
2024-12-17 15:10:41,950 [ERROR] LogOutputStream:75 - [STDERR_REDIRECT] [Fatal Error] :1:1: Premature end of file.
2024-12-17 15:10:41,950 [ERROR] LogOutputStream:75 - [STDERR_REDIRECT] 
2024-12-17 15:10:42,884 [INFO] ProjectBuilder:5154 - Time for Generating toolchain IDE Files: 1933mS.
2024-12-17 15:10:42,884 [INFO] ProjectBuilder:3146 - Time for Copy CMSIS : 0mS.
2024-12-17 15:10:42,887 [INFO] ProjectBuilder:3146 - Time for Copy CMSIS : 0mS.
2024-12-17 15:10:42,944 [ERROR] LogOutputStream:75 - [STDERR_REDIRECT] [Fatal Error] :1:1: Premature end of file.
2024-12-17 15:10:42,945 [ERROR] LogOutputStream:75 - [STDERR_REDIRECT] 
2024-12-17 15:10:43,937 [ERROR] LogOutputStream:75 - [STDERR_REDIRECT] [Fatal Error] :1:1: Premature end of file.
2024-12-17 15:10:43,937 [ERROR] LogOutputStream:75 - [STDERR_REDIRECT] 
2024-12-17 15:10:44,939 [ERROR] LogOutputStream:75 - [STDERR_REDIRECT] [Fatal Error] :1:1: Premature end of file.
2024-12-17 15:10:44,939 [ERROR] LogOutputStream:75 - [STDERR_REDIRECT] 
2024-12-17 15:10:45,939 [ERROR] LogOutputStream:75 - [STDERR_REDIRECT] [Fatal Error] :1:1: Premature end of file.
2024-12-17 15:10:45,940 [ERROR] LogOutputStream:75 - [STDERR_REDIRECT] 
2024-12-17 15:10:46,938 [ERROR] LogOutputStream:75 - [STDERR_REDIRECT] [Fatal Error] :1:1: Premature end of file.
2024-12-17 15:10:46,938 [ERROR] LogOutputStream:75 - [STDERR_REDIRECT] 
2024-12-17 15:10:47,940 [ERROR] LogOutputStream:75 - [STDERR_REDIRECT] [Fatal Error] :1:1: Premature end of file.
2024-12-17 15:10:47,941 [ERROR] LogOutputStream:75 - [STDERR_REDIRECT] 
2024-12-17 15:10:48,936 [ERROR] LogOutputStream:75 - [STDERR_REDIRECT] [Fatal Error] :1:1: Premature end of file.
2024-12-17 15:10:48,936 [ERROR] LogOutputStream:75 - [STDERR_REDIRECT] 
2024-12-17 15:10:49,935 [ERROR] LogOutputStream:75 - [STDERR_REDIRECT] [Fatal Error] :1:1: Premature end of file.
2024-12-17 15:10:49,936 [ERROR] LogOutputStream:75 - [STDERR_REDIRECT] 
2024-12-17 15:10:50,936 [ERROR] LogOutputStream:75 - [STDERR_REDIRECT] [Fatal Error] :1:1: Premature end of file.
2024-12-17 15:10:50,936 [ERROR] LogOutputStream:75 - [STDERR_REDIRECT] 
2024-12-17 15:10:51,936 [ERROR] LogOutputStream:75 - [STDERR_REDIRECT] [Fatal Error] :1:1: Premature end of file.
2024-12-17 15:10:51,937 [ERROR] LogOutputStream:75 - [STDERR_REDIRECT] 
2024-12-17 15:10:52,937 [ERROR] LogOutputStream:75 - [STDERR_REDIRECT] [Fatal Error] :1:1: Premature end of file.
2024-12-17 15:10:52,937 [ERROR] LogOutputStream:75 - [STDERR_REDIRECT] 
2024-12-17 15:10:53,939 [ERROR] LogOutputStream:75 - [STDERR_REDIRECT] [Fatal Error] :1:1: Premature end of file.
2024-12-17 15:10:53,939 [ERROR] LogOutputStream:75 - [STDERR_REDIRECT] 
2024-12-17 15:10:54,941 [ERROR] LogOutputStream:75 - [STDERR_REDIRECT] [Fatal Error] :1:1: Premature end of file.
2024-12-17 15:10:54,941 [ERROR] LogOutputStream:75 - [STDERR_REDIRECT] 
2024-12-17 15:10:55,940 [ERROR] LogOutputStream:75 - [STDERR_REDIRECT] [Fatal Error] :1:1: Premature end of file.
2024-12-17 15:10:55,941 [ERROR] LogOutputStream:75 - [STDERR_REDIRECT] 
2024-12-17 15:10:56,937 [ERROR] LogOutputStream:75 - [STDERR_REDIRECT] [Fatal Error] :1:1: Premature end of file.
2024-12-17 15:10:56,937 [ERROR] LogOutputStream:75 - [STDERR_REDIRECT] 
2024-12-17 15:10:57,937 [ERROR] LogOutputStream:75 - [STDERR_REDIRECT] [Fatal Error] :1:1: Premature end of file.
2024-12-17 15:10:57,937 [ERROR] LogOutputStream:75 - [STDERR_REDIRECT] 
2024-12-17 15:10:58,938 [ERROR] LogOutputStream:75 - [STDERR_REDIRECT] [Fatal Error] :1:1: Premature end of file.
2024-12-17 15:10:58,938 [ERROR] LogOutputStream:75 - [STDERR_REDIRECT] 
2024-12-17 15:10:59,938 [ERROR] LogOutputStream:75 - [STDERR_REDIRECT] [Fatal Error] :1:1: Premature end of file.
2024-12-17 15:10:59,938 [ERROR] LogOutputStream:75 - [STDERR_REDIRECT] 
2024-12-17 15:11:00,939 [ERROR] LogOutputStream:75 - [STDERR_REDIRECT] [Fatal Error] :1:1: Premature end of file.
2024-12-17 15:11:00,939 [ERROR] LogOutputStream:75 - [STDERR_REDIRECT] 
2024-12-17 15:11:01,941 [ERROR] LogOutputStream:75 - [STDERR_REDIRECT] [Fatal Error] :1:1: Premature end of file.
2024-12-17 15:11:01,941 [ERROR] LogOutputStream:75 - [STDERR_REDIRECT] 
2024-12-17 15:11:02,939 [ERROR] LogOutputStream:75 - [STDERR_REDIRECT] [Fatal Error] :1:1: Premature end of file.
2024-12-17 15:11:02,939 [ERROR] LogOutputStream:75 - [STDERR_REDIRECT] 
2024-12-17 15:11:03,939 [ERROR] LogOutputStream:75 - [STDERR_REDIRECT] [Fatal Error] :1:1: Premature end of file.
2024-12-17 15:11:03,939 [ERROR] LogOutputStream:75 - [STDERR_REDIRECT] 
2024-12-17 15:11:04,938 [ERROR] LogOutputStream:75 - [STDERR_REDIRECT] [Fatal Error] :1:1: Premature end of file.
2024-12-17 15:11:04,938 [ERROR] LogOutputStream:75 - [STDERR_REDIRECT] 
2024-12-17 15:11:05,937 [ERROR] LogOutputStream:75 - [STDERR_REDIRECT] [Fatal Error] :1:1: Premature end of file.
2024-12-17 15:11:05,938 [ERROR] LogOutputStream:75 - [STDERR_REDIRECT] 
2024-12-17 15:11:06,938 [ERROR] LogOutputStream:75 - [STDERR_REDIRECT] [Fatal Error] :1:1: Premature end of file.
2024-12-17 15:11:06,938 [ERROR] LogOutputStream:75 - [STDERR_REDIRECT] 
2024-12-17 15:11:07,941 [ERROR] LogOutputStream:75 - [STDERR_REDIRECT] [Fatal Error] :1:1: Premature end of file.
2024-12-17 15:11:07,941 [ERROR] LogOutputStream:75 - [STDERR_REDIRECT] 
2024-12-17 15:11:08,936 [ERROR] LogOutputStream:75 - [STDERR_REDIRECT] [Fatal Error] :1:1: Premature end of file.
2024-12-17 15:11:08,936 [ERROR] LogOutputStream:75 - [STDERR_REDIRECT] 
2024-12-17 15:11:09,939 [ERROR] LogOutputStream:75 - [STDERR_REDIRECT] [Fatal Error] :1:1: Premature end of file.
2024-12-17 15:11:09,939 [ERROR] LogOutputStream:75 - [STDERR_REDIRECT] 
2024-12-17 15:11:10,938 [ERROR] LogOutputStream:75 - [STDERR_REDIRECT] [Fatal Error] :1:1: Premature end of file.
2024-12-17 15:11:10,938 [ERROR] LogOutputStream:75 - [STDERR_REDIRECT] 
2024-12-17 15:11:11,936 [ERROR] LogOutputStream:75 - [STDERR_REDIRECT] [Fatal Error] :1:1: Premature end of file.
2024-12-17 15:11:11,936 [ERROR] LogOutputStream:75 - [STDERR_REDIRECT] 
2024-12-17 15:11:12,940 [ERROR] LogOutputStream:75 - [STDERR_REDIRECT] [Fatal Error] :1:1: Premature end of file.
2024-12-17 15:11:12,940 [ERROR] LogOutputStream:75 - [STDERR_REDIRECT] 
2024-12-17 15:11:13,941 [ERROR] LogOutputStream:75 - [STDERR_REDIRECT] [Fatal Error] :1:1: Premature end of file.
2024-12-17 15:11:13,941 [ERROR] LogOutputStream:75 - [STDERR_REDIRECT] 
2024-12-17 15:11:14,939 [ERROR] LogOutputStream:75 - [STDERR_REDIRECT] [Fatal Error] :1:1: Premature end of file.
2024-12-17 15:11:14,939 [ERROR] LogOutputStream:75 - [STDERR_REDIRECT] 
2024-12-17 15:11:15,939 [ERROR] LogOutputStream:75 - [STDERR_REDIRECT] [Fatal Error] :1:1: Premature end of file.
2024-12-17 15:11:15,939 [ERROR] LogOutputStream:75 - [STDERR_REDIRECT] 
2024-12-17 15:11:16,940 [ERROR] LogOutputStream:75 - [STDERR_REDIRECT] [Fatal Error] :1:1: Premature end of file.
2024-12-17 15:11:16,940 [ERROR] LogOutputStream:75 - [STDERR_REDIRECT] 
2024-12-17 15:11:17,938 [ERROR] LogOutputStream:75 - [STDERR_REDIRECT] [Fatal Error] :1:1: Premature end of file.
2024-12-17 15:11:17,938 [ERROR] LogOutputStream:75 - [STDERR_REDIRECT] 
2024-12-17 15:11:18,940 [ERROR] LogOutputStream:75 - [STDERR_REDIRECT] [Fatal Error] :1:1: Premature end of file.
2024-12-17 15:11:18,940 [ERROR] LogOutputStream:75 - [STDERR_REDIRECT] 
2024-12-17 15:11:19,938 [ERROR] LogOutputStream:75 - [STDERR_REDIRECT] [Fatal Error] :1:1: Premature end of file.
2024-12-17 15:11:19,938 [ERROR] LogOutputStream:75 - [STDERR_REDIRECT] 
2024-12-17 15:11:20,937 [ERROR] LogOutputStream:75 - [STDERR_REDIRECT] [Fatal Error] :1:1: Premature end of file.
2024-12-17 15:11:20,938 [ERROR] LogOutputStream:75 - [STDERR_REDIRECT] 
2024-12-17 15:11:21,939 [ERROR] LogOutputStream:75 - [STDERR_REDIRECT] [Fatal Error] :1:1: Premature end of file.
2024-12-17 15:11:21,939 [ERROR] LogOutputStream:75 - [STDERR_REDIRECT] 
2024-12-17 15:11:22,938 [ERROR] LogOutputStream:75 - [STDERR_REDIRECT] [Fatal Error] :1:1: Premature end of file.
2024-12-17 15:11:22,938 [ERROR] LogOutputStream:75 - [STDERR_REDIRECT] 
2024-12-17 15:11:23,937 [ERROR] LogOutputStream:75 - [STDERR_REDIRECT] [Fatal Error] :1:1: Premature end of file.
2024-12-17 15:11:23,937 [ERROR] LogOutputStream:75 - [STDERR_REDIRECT] 
2024-12-17 15:11:24,937 [ERROR] LogOutputStream:75 - [STDERR_REDIRECT] [Fatal Error] :1:1: Premature end of file.
2024-12-17 15:11:24,937 [ERROR] LogOutputStream:75 - [STDERR_REDIRECT] 
2024-12-17 15:11:25,940 [ERROR] LogOutputStream:75 - [STDERR_REDIRECT] [Fatal Error] :1:1: Premature end of file.
2024-12-17 15:11:25,940 [ERROR] LogOutputStream:75 - [STDERR_REDIRECT] 
2024-12-17 15:11:26,938 [ERROR] LogOutputStream:75 - [STDERR_REDIRECT] [Fatal Error] :1:1: Premature end of file.
2024-12-17 15:11:26,938 [ERROR] LogOutputStream:75 - [STDERR_REDIRECT] 
2024-12-17 15:11:27,937 [ERROR] LogOutputStream:75 - [STDERR_REDIRECT] [Fatal Error] :1:1: Premature end of file.
2024-12-17 15:11:27,937 [ERROR] LogOutputStream:75 - [STDERR_REDIRECT] 
2024-12-17 15:11:28,936 [ERROR] LogOutputStream:75 - [STDERR_REDIRECT] [Fatal Error] :1:1: Premature end of file.
2024-12-17 15:11:28,937 [ERROR] LogOutputStream:75 - [STDERR_REDIRECT] 
2024-12-17 15:11:29,937 [ERROR] LogOutputStream:75 - [STDERR_REDIRECT] [Fatal Error] :1:1: Premature end of file.
2024-12-17 15:11:29,937 [ERROR] LogOutputStream:75 - [STDERR_REDIRECT] 
2024-12-17 15:11:30,939 [ERROR] LogOutputStream:75 - [STDERR_REDIRECT] [Fatal Error] :1:1: Premature end of file.
2024-12-17 15:11:30,939 [ERROR] LogOutputStream:75 - [STDERR_REDIRECT] 
2024-12-17 15:11:31,938 [ERROR] LogOutputStream:75 - [STDERR_REDIRECT] [Fatal Error] :1:1: Premature end of file.
2024-12-17 15:11:31,938 [ERROR] LogOutputStream:75 - [STDERR_REDIRECT] 
2024-12-17 15:11:32,939 [ERROR] LogOutputStream:75 - [STDERR_REDIRECT] [Fatal Error] :1:1: Premature end of file.
2024-12-17 15:11:32,939 [ERROR] LogOutputStream:75 - [STDERR_REDIRECT] 
2024-12-17 15:11:33,937 [ERROR] LogOutputStream:75 - [STDERR_REDIRECT] [Fatal Error] :1:1: Premature end of file.
2024-12-17 15:11:33,937 [ERROR] LogOutputStream:75 - [STDERR_REDIRECT] 
2024-12-17 15:11:34,939 [ERROR] LogOutputStream:75 - [STDERR_REDIRECT] [Fatal Error] :1:1: Premature end of file.
2024-12-17 15:11:34,939 [ERROR] LogOutputStream:75 - [STDERR_REDIRECT] 
2024-12-17 15:11:35,939 [ERROR] LogOutputStream:75 - [STDERR_REDIRECT] [Fatal Error] :1:1: Premature end of file.
2024-12-17 15:11:35,939 [ERROR] LogOutputStream:75 - [STDERR_REDIRECT] 
2024-12-17 15:11:36,941 [ERROR] LogOutputStream:75 - [STDERR_REDIRECT] [Fatal Error] :1:1: Premature end of file.
2024-12-17 15:11:36,941 [ERROR] LogOutputStream:75 - [STDERR_REDIRECT] 
2024-12-17 15:11:37,937 [ERROR] LogOutputStream:75 - [STDERR_REDIRECT] [Fatal Error] :1:1: Premature end of file.
2024-12-17 15:11:37,937 [ERROR] LogOutputStream:75 - [STDERR_REDIRECT] 
2024-12-17 15:11:38,940 [ERROR] LogOutputStream:75 - [STDERR_REDIRECT] [Fatal Error] :1:1: Premature end of file.
2024-12-17 15:11:38,941 [ERROR] LogOutputStream:75 - [STDERR_REDIRECT] 
2024-12-17 15:11:39,938 [ERROR] LogOutputStream:75 - [STDERR_REDIRECT] [Fatal Error] :1:1: Premature end of file.
2024-12-17 15:11:39,938 [ERROR] LogOutputStream:75 - [STDERR_REDIRECT] 
2024-12-17 15:11:40,938 [ERROR] LogOutputStream:75 - [STDERR_REDIRECT] [Fatal Error] :1:1: Premature end of file.
2024-12-17 15:11:40,938 [ERROR] LogOutputStream:75 - [STDERR_REDIRECT] 
2024-12-17 15:11:41,938 [ERROR] LogOutputStream:75 - [STDERR_REDIRECT] [Fatal Error] :1:1: Premature end of file.
2024-12-17 15:11:41,938 [ERROR] LogOutputStream:75 - [STDERR_REDIRECT] 
2024-12-17 15:11:42,939 [ERROR] LogOutputStream:75 - [STDERR_REDIRECT] [Fatal Error] :1:1: Premature end of file.
2024-12-17 15:11:42,940 [ERROR] LogOutputStream:75 - [STDERR_REDIRECT] 
2024-12-17 15:11:43,939 [ERROR] LogOutputStream:75 - [STDERR_REDIRECT] [Fatal Error] :1:1: Premature end of file.
2024-12-17 15:11:43,939 [ERROR] LogOutputStream:75 - [STDERR_REDIRECT] 
2024-12-17 15:11:44,939 [ERROR] LogOutputStream:75 - [STDERR_REDIRECT] [Fatal Error] :1:1: Premature end of file.
2024-12-17 15:11:44,939 [ERROR] LogOutputStream:75 - [STDERR_REDIRECT] 
2024-12-17 15:11:45,937 [ERROR] LogOutputStream:75 - [STDERR_REDIRECT] [Fatal Error] :1:1: Premature end of file.
2024-12-17 15:11:45,937 [ERROR] LogOutputStream:75 - [STDERR_REDIRECT] 
2024-12-17 15:11:46,938 [ERROR] LogOutputStream:75 - [STDERR_REDIRECT] [Fatal Error] :1:1: Premature end of file.
2024-12-17 15:11:46,938 [ERROR] LogOutputStream:75 - [STDERR_REDIRECT] 
2024-12-17 15:11:47,939 [ERROR] LogOutputStream:75 - [STDERR_REDIRECT] [Fatal Error] :1:1: Premature end of file.
2024-12-17 15:11:47,939 [ERROR] LogOutputStream:75 - [STDERR_REDIRECT] 
2024-12-17 15:11:48,938 [ERROR] LogOutputStream:75 - [STDERR_REDIRECT] [Fatal Error] :1:1: Premature end of file.
2024-12-17 15:11:48,938 [ERROR] LogOutputStream:75 - [STDERR_REDIRECT] 
2024-12-17 15:11:49,939 [ERROR] LogOutputStream:75 - [STDERR_REDIRECT] [Fatal Error] :1:1: Premature end of file.
2024-12-17 15:11:49,939 [ERROR] LogOutputStream:75 - [STDERR_REDIRECT] 
2024-12-17 15:11:50,939 [ERROR] LogOutputStream:75 - [STDERR_REDIRECT] [Fatal Error] :1:1: Premature end of file.
2024-12-17 15:11:50,939 [ERROR] LogOutputStream:75 - [STDERR_REDIRECT] 
2024-12-17 15:11:51,938 [ERROR] LogOutputStream:75 - [STDERR_REDIRECT] [Fatal Error] :1:1: Premature end of file.
2024-12-17 15:11:51,938 [ERROR] LogOutputStream:75 - [STDERR_REDIRECT] 
2024-12-17 15:11:52,939 [ERROR] LogOutputStream:75 - [STDERR_REDIRECT] [Fatal Error] :1:1: Premature end of file.
2024-12-17 15:11:52,939 [ERROR] LogOutputStream:75 - [STDERR_REDIRECT] 
2024-12-17 15:11:53,939 [ERROR] LogOutputStream:75 - [STDERR_REDIRECT] [Fatal Error] :1:1: Premature end of file.
2024-12-17 15:11:53,940 [ERROR] LogOutputStream:75 - [STDERR_REDIRECT] 
2024-12-17 15:11:54,936 [ERROR] LogOutputStream:75 - [STDERR_REDIRECT] [Fatal Error] :1:1: Premature end of file.
2024-12-17 15:11:54,937 [ERROR] LogOutputStream:75 - [STDERR_REDIRECT] 
2024-12-17 15:11:55,937 [ERROR] LogOutputStream:75 - [STDERR_REDIRECT] [Fatal Error] :1:1: Premature end of file.
2024-12-17 15:11:55,937 [ERROR] LogOutputStream:75 - [STDERR_REDIRECT] 
2024-12-17 15:11:56,938 [ERROR] LogOutputStream:75 - [STDERR_REDIRECT] [Fatal Error] :1:1: Premature end of file.
2024-12-17 15:11:56,938 [ERROR] LogOutputStream:75 - [STDERR_REDIRECT] 
2024-12-17 15:11:57,938 [ERROR] LogOutputStream:75 - [STDERR_REDIRECT] [Fatal Error] :1:1: Premature end of file.
2024-12-17 15:11:57,938 [ERROR] LogOutputStream:75 - [STDERR_REDIRECT] 
2024-12-17 15:11:58,938 [ERROR] LogOutputStream:75 - [STDERR_REDIRECT] [Fatal Error] :1:1: Premature end of file.
2024-12-17 15:11:58,938 [ERROR] LogOutputStream:75 - [STDERR_REDIRECT] 
2024-12-17 15:11:59,938 [ERROR] LogOutputStream:75 - [STDERR_REDIRECT] [Fatal Error] :1:1: Premature end of file.
2024-12-17 15:11:59,938 [ERROR] LogOutputStream:75 - [STDERR_REDIRECT] 
2024-12-17 15:12:00,937 [ERROR] LogOutputStream:75 - [STDERR_REDIRECT] [Fatal Error] :1:1: Premature end of file.
2024-12-17 15:12:00,937 [ERROR] LogOutputStream:75 - [STDERR_REDIRECT] 
2024-12-17 15:12:01,937 [ERROR] LogOutputStream:75 - [STDERR_REDIRECT] [Fatal Error] :1:1: Premature end of file.
2024-12-17 15:12:01,937 [ERROR] LogOutputStream:75 - [STDERR_REDIRECT] 
2024-12-17 15:12:02,939 [ERROR] LogOutputStream:75 - [STDERR_REDIRECT] [Fatal Error] :1:1: Premature end of file.
2024-12-17 15:12:02,939 [ERROR] LogOutputStream:75 - [STDERR_REDIRECT] 
2024-12-17 15:12:03,938 [ERROR] LogOutputStream:75 - [STDERR_REDIRECT] [Fatal Error] :1:1: Premature end of file.
2024-12-17 15:12:03,938 [ERROR] LogOutputStream:75 - [STDERR_REDIRECT] 
2024-12-17 15:12:04,938 [ERROR] LogOutputStream:75 - [STDERR_REDIRECT] [Fatal Error] :1:1: Premature end of file.
2024-12-17 15:12:04,938 [ERROR] LogOutputStream:75 - [STDERR_REDIRECT] 
2024-12-17 15:12:05,938 [ERROR] LogOutputStream:75 - [STDERR_REDIRECT] [Fatal Error] :1:1: Premature end of file.
2024-12-17 15:12:05,938 [ERROR] LogOutputStream:75 - [STDERR_REDIRECT] 
2024-12-17 15:12:06,939 [ERROR] LogOutputStream:75 - [STDERR_REDIRECT] [Fatal Error] :1:1: Premature end of file.
2024-12-17 15:12:06,939 [ERROR] LogOutputStream:75 - [STDERR_REDIRECT] 
2024-12-17 15:12:07,937 [ERROR] LogOutputStream:75 - [STDERR_REDIRECT] [Fatal Error] :1:1: Premature end of file.
2024-12-17 15:12:07,937 [ERROR] LogOutputStream:75 - [STDERR_REDIRECT] 
2024-12-17 15:12:08,941 [ERROR] LogOutputStream:75 - [STDERR_REDIRECT] [Fatal Error] :1:1: Premature end of file.
2024-12-17 15:12:08,941 [ERROR] LogOutputStream:75 - [STDERR_REDIRECT] 
2024-12-17 15:12:09,938 [ERROR] LogOutputStream:75 - [STDERR_REDIRECT] [Fatal Error] :1:1: Premature end of file.
2024-12-17 15:12:09,938 [ERROR] LogOutputStream:75 - [STDERR_REDIRECT] 
2024-12-17 15:12:10,937 [ERROR] LogOutputStream:75 - [STDERR_REDIRECT] [Fatal Error] :1:1: Premature end of file.
2024-12-17 15:12:10,937 [ERROR] LogOutputStream:75 - [STDERR_REDIRECT] 
2024-12-17 15:12:11,939 [ERROR] LogOutputStream:75 - [STDERR_REDIRECT] [Fatal Error] :1:1: Premature end of file.
2024-12-17 15:12:11,939 [ERROR] LogOutputStream:75 - [STDERR_REDIRECT] 
2024-12-17 15:12:12,941 [ERROR] LogOutputStream:75 - [STDERR_REDIRECT] [Fatal Error] :1:1: Premature end of file.
2024-12-17 15:12:12,941 [ERROR] LogOutputStream:75 - [STDERR_REDIRECT] 
2024-12-17 15:12:13,940 [ERROR] LogOutputStream:75 - [STDERR_REDIRECT] [Fatal Error] :1:1: Premature end of file.
2024-12-17 15:12:13,940 [ERROR] LogOutputStream:75 - [STDERR_REDIRECT] 
2024-12-17 15:12:14,943 [ERROR] LogOutputStream:75 - [STDERR_REDIRECT] [Fatal Error] :1:1: Premature end of file.
2024-12-17 15:12:14,943 [ERROR] LogOutputStream:75 - [STDERR_REDIRECT] 
2024-12-17 15:12:15,938 [ERROR] LogOutputStream:75 - [STDERR_REDIRECT] [Fatal Error] :1:1: Premature end of file.
2024-12-17 15:12:15,938 [ERROR] LogOutputStream:75 - [STDERR_REDIRECT] 
2024-12-17 15:12:16,939 [ERROR] LogOutputStream:75 - [STDERR_REDIRECT] [Fatal Error] :1:1: Premature end of file.
2024-12-17 15:12:16,939 [ERROR] LogOutputStream:75 - [STDERR_REDIRECT] 
2024-12-17 15:12:17,939 [ERROR] LogOutputStream:75 - [STDERR_REDIRECT] [Fatal Error] :1:1: Premature end of file.
2024-12-17 15:12:17,939 [ERROR] LogOutputStream:75 - [STDERR_REDIRECT] 
2024-12-17 15:12:18,938 [ERROR] LogOutputStream:75 - [STDERR_REDIRECT] [Fatal Error] :1:1: Premature end of file.
2024-12-17 15:12:18,938 [ERROR] LogOutputStream:75 - [STDERR_REDIRECT] 
2024-12-17 15:12:19,939 [ERROR] LogOutputStream:75 - [STDERR_REDIRECT] [Fatal Error] :1:1: Premature end of file.
2024-12-17 15:12:19,939 [ERROR] LogOutputStream:75 - [STDERR_REDIRECT] 
2024-12-17 15:12:20,938 [ERROR] LogOutputStream:75 - [STDERR_REDIRECT] [Fatal Error] :1:1: Premature end of file.
2024-12-17 15:12:20,939 [ERROR] LogOutputStream:75 - [STDERR_REDIRECT] 
2024-12-17 15:12:21,943 [ERROR] LogOutputStream:75 - [STDERR_REDIRECT] [Fatal Error] :1:1: Premature end of file.
2024-12-17 15:12:21,944 [ERROR] LogOutputStream:75 - [STDERR_REDIRECT] 
2024-12-17 15:12:22,937 [ERROR] LogOutputStream:75 - [STDERR_REDIRECT] [Fatal Error] :1:1: Premature end of file.
2024-12-17 15:12:22,937 [ERROR] LogOutputStream:75 - [STDERR_REDIRECT] 
2024-12-17 15:12:23,937 [ERROR] LogOutputStream:75 - [STDERR_REDIRECT] [Fatal Error] :1:1: Premature end of file.
2024-12-17 15:12:23,937 [ERROR] LogOutputStream:75 - [STDERR_REDIRECT] 
2024-12-17 15:12:24,947 [ERROR] LogOutputStream:75 - [STDERR_REDIRECT] [Fatal Error] :1:1: Premature end of file.
2024-12-17 15:12:24,948 [ERROR] LogOutputStream:75 - [STDERR_REDIRECT] 
2024-12-17 15:12:25,940 [ERROR] LogOutputStream:75 - [STDERR_REDIRECT] [Fatal Error] :1:1: Premature end of file.
2024-12-17 15:12:25,940 [ERROR] LogOutputStream:75 - [STDERR_REDIRECT] 
2024-12-17 15:12:26,938 [ERROR] LogOutputStream:75 - [STDERR_REDIRECT] [Fatal Error] :1:1: Premature end of file.
2024-12-17 15:12:26,938 [ERROR] LogOutputStream:75 - [STDERR_REDIRECT] 
2024-12-17 15:12:27,937 [ERROR] LogOutputStream:75 - [STDERR_REDIRECT] [Fatal Error] :1:1: Premature end of file.
2024-12-17 15:12:27,937 [ERROR] LogOutputStream:75 - [STDERR_REDIRECT] 
2024-12-17 15:12:28,940 [ERROR] LogOutputStream:75 - [STDERR_REDIRECT] [Fatal Error] :1:1: Premature end of file.
2024-12-17 15:12:28,940 [ERROR] LogOutputStream:75 - [STDERR_REDIRECT] 
2024-12-17 15:12:29,940 [ERROR] LogOutputStream:75 - [STDERR_REDIRECT] [Fatal Error] :1:1: Premature end of file.
2024-12-17 15:12:29,940 [ERROR] LogOutputStream:75 - [STDERR_REDIRECT] 
2024-12-17 15:12:30,936 [ERROR] LogOutputStream:75 - [STDERR_REDIRECT] [Fatal Error] :1:1: Premature end of file.
2024-12-17 15:12:30,936 [ERROR] LogOutputStream:75 - [STDERR_REDIRECT] 
2024-12-17 15:12:31,937 [ERROR] LogOutputStream:75 - [STDERR_REDIRECT] [Fatal Error] :1:1: Premature end of file.
2024-12-17 15:12:31,937 [ERROR] LogOutputStream:75 - [STDERR_REDIRECT] 
2024-12-17 15:12:32,940 [ERROR] LogOutputStream:75 - [STDERR_REDIRECT] [Fatal Error] :1:1: Premature end of file.
2024-12-17 15:12:32,940 [ERROR] LogOutputStream:75 - [STDERR_REDIRECT] 
2024-12-17 15:12:33,936 [ERROR] LogOutputStream:75 - [STDERR_REDIRECT] [Fatal Error] :1:1: Premature end of file.
2024-12-17 15:12:33,936 [ERROR] LogOutputStream:75 - [STDERR_REDIRECT] 
2024-12-17 15:12:34,938 [ERROR] LogOutputStream:75 - [STDERR_REDIRECT] [Fatal Error] :1:1: Premature end of file.
2024-12-17 15:12:34,938 [ERROR] LogOutputStream:75 - [STDERR_REDIRECT] 
2024-12-17 15:12:35,940 [ERROR] LogOutputStream:75 - [STDERR_REDIRECT] [Fatal Error] :1:1: Premature end of file.
2024-12-17 15:12:35,940 [ERROR] LogOutputStream:75 - [STDERR_REDIRECT] 
2024-12-17 15:12:36,937 [ERROR] LogOutputStream:75 - [STDERR_REDIRECT] [Fatal Error] :1:1: Premature end of file.
2024-12-17 15:12:36,937 [ERROR] LogOutputStream:75 - [STDERR_REDIRECT] 
2024-12-17 15:12:37,937 [ERROR] LogOutputStream:75 - [STDERR_REDIRECT] [Fatal Error] :1:1: Premature end of file.
2024-12-17 15:12:37,937 [ERROR] LogOutputStream:75 - [STDERR_REDIRECT] 
2024-12-17 15:12:38,937 [ERROR] LogOutputStream:75 - [STDERR_REDIRECT] [Fatal Error] :1:1: Premature end of file.
2024-12-17 15:12:38,937 [ERROR] LogOutputStream:75 - [STDERR_REDIRECT] 
2024-12-17 15:12:39,938 [ERROR] LogOutputStream:75 - [STDERR_REDIRECT] [Fatal Error] :1:1: Premature end of file.
2024-12-17 15:12:39,938 [ERROR] LogOutputStream:75 - [STDERR_REDIRECT] 
2024-12-17 15:12:40,941 [ERROR] LogOutputStream:75 - [STDERR_REDIRECT] [Fatal Error] :1:1: Premature end of file.
2024-12-17 15:12:40,942 [ERROR] LogOutputStream:75 - [STDERR_REDIRECT] 
2024-12-17 15:12:41,940 [ERROR] LogOutputStream:75 - [STDERR_REDIRECT] [Fatal Error] :1:1: Premature end of file.
2024-12-17 15:12:41,940 [ERROR] LogOutputStream:75 - [STDERR_REDIRECT] 
2024-12-17 15:12:42,937 [ERROR] LogOutputStream:75 - [STDERR_REDIRECT] [Fatal Error] :1:1: Premature end of file.
2024-12-17 15:12:42,937 [ERROR] LogOutputStream:75 - [STDERR_REDIRECT] 
2024-12-17 15:12:43,939 [ERROR] LogOutputStream:75 - [STDERR_REDIRECT] [Fatal Error] :1:1: Premature end of file.
2024-12-17 15:12:43,939 [ERROR] LogOutputStream:75 - [STDERR_REDIRECT] 
2024-12-17 15:12:44,938 [ERROR] LogOutputStream:75 - [STDERR_REDIRECT] [Fatal Error] :1:1: Premature end of file.
2024-12-17 15:12:44,938 [ERROR] LogOutputStream:75 - [STDERR_REDIRECT] 
2024-12-17 15:12:45,936 [ERROR] LogOutputStream:75 - [STDERR_REDIRECT] [Fatal Error] :1:1: Premature end of file.
2024-12-17 15:12:45,936 [ERROR] LogOutputStream:75 - [STDERR_REDIRECT] 
2024-12-17 15:12:46,938 [ERROR] LogOutputStream:75 - [STDERR_REDIRECT] [Fatal Error] :1:1: Premature end of file.
2024-12-17 15:12:46,938 [ERROR] LogOutputStream:75 - [STDERR_REDIRECT] 
2024-12-17 15:12:47,938 [ERROR] LogOutputStream:75 - [STDERR_REDIRECT] [Fatal Error] :1:1: Premature end of file.
2024-12-17 15:12:47,938 [ERROR] LogOutputStream:75 - [STDERR_REDIRECT] 
2024-12-17 15:12:48,938 [ERROR] LogOutputStream:75 - [STDERR_REDIRECT] [Fatal Error] :1:1: Premature end of file.
2024-12-17 15:12:48,938 [ERROR] LogOutputStream:75 - [STDERR_REDIRECT] 
2024-12-17 15:12:49,016 [INFO] UtilMem:75 - End SaveConfig() Used Memory: 995128032 Bytes (1073741824)
2024-12-17 15:12:49,941 [ERROR] LogOutputStream:75 - [STDERR_REDIRECT] [Fatal Error] :1:1: Premature end of file.
2024-12-17 15:12:49,941 [ERROR] LogOutputStream:75 - [STDERR_REDIRECT] 
2024-12-17 15:12:50,794 [INFO] UtilMem:75 - End SaveConfig() Used Memory: 720979432 Bytes (1073741824)
2024-12-17 15:12:50,919 [INFO] BlockDiagram:2766 - set Specific Code input for plugin: NVIC
2024-12-17 15:12:50,920 [INFO] BlockDiagram:2766 - set Specific Code input for plugin: SYS
2024-12-17 15:12:50,920 [INFO] BlockDiagram:2766 - set Specific Code input for plugin: GPIO
2024-12-17 15:12:50,920 [INFO] BlockDiagram:2766 - set Specific Code input for plugin: RCC
2024-12-17 15:12:50,921 [INFO] CodeGenerator:896 - code generatio: config db path: C:\ST\STM32CubeIDE_1.17.0\STM32CubeIDE\plugins\com.st.stm32cube.common.mx_6.13.0.202411220809\\db\
2024-12-17 15:12:50,952 [ERROR] LogOutputStream:75 - [STDERR_REDIRECT] [Fatal Error] :1:1: Premature end of file.
2024-12-17 15:12:50,952 [ERROR] LogOutputStream:75 - [STDERR_REDIRECT] 
2024-12-17 15:12:50,980 [INFO] CodeEngine:255 - oldGeneratedFile, C:\Users\o1yus\OneDrive\Desktop\Workspace\test\MXTmpFiles\license.tmp_save
2024-12-17 15:12:51,056 [INFO] CodeEngine:279 - Generated code: C:\Users\o1yus\OneDrive\Desktop\Workspace\test\MXTmpFiles\license.tmp
2024-12-17 15:12:51,071 [INFO] CodeEngine:255 - oldGeneratedFile, C:\Users\o1yus\OneDrive\Desktop\Workspace\test\MXTmpFiles\gpio.tmp_save
2024-12-17 15:12:51,150 [INFO] CodeEngine:279 - Generated code: C:\Users\o1yus\OneDrive\Desktop\Workspace\test\MXTmpFiles\gpio.tmp
2024-12-17 15:12:51,176 [INFO] CodeEngine:255 - oldGeneratedFile, C:\Users\o1yus\OneDrive\Desktop\Workspace\test\Core\Src\stm32f1xx_it.c_save
2024-12-17 15:12:51,233 [INFO] CodeEngine:279 - Generated code: C:\Users\o1yus\OneDrive\Desktop\Workspace\test\Core\Src\stm32f1xx_it.c
2024-12-17 15:12:51,238 [INFO] CodeEngine:255 - oldGeneratedFile, C:\Users\o1yus\OneDrive\Desktop\Workspace\test\Core\Inc\stm32f1xx_it.h_save
2024-12-17 15:12:51,279 [INFO] CodeEngine:279 - Generated code: C:\Users\o1yus\OneDrive\Desktop\Workspace\test\Core\Inc\stm32f1xx_it.h
2024-12-17 15:12:51,295 [INFO] CodeEngine:255 - oldGeneratedFile, C:\Users\o1yus\OneDrive\Desktop\Workspace\test\Core\Src\stm32f1xx_hal_msp.c_save
2024-12-17 15:12:51,366 [INFO] CodeEngine:279 - Generated code: C:\Users\o1yus\OneDrive\Desktop\Workspace\test\Core\Src\stm32f1xx_hal_msp.c
2024-12-17 15:12:51,369 [INFO] CodeEngine:255 - oldGeneratedFile, C:\Users\o1yus\OneDrive\Desktop\Workspace\test\MXTmpFiles\system.tmp_save
2024-12-17 15:12:51,406 [INFO] CodeEngine:279 - Generated code: C:\Users\o1yus\OneDrive\Desktop\Workspace\test\MXTmpFiles\system.tmp
2024-12-17 15:12:51,419 [INFO] CodeEngine:311 - oldGeneratedFile, C:\Users\o1yus\OneDrive\Desktop\Workspace\test\Core\Inc\stm32f1xx_hal_conf.h_save
2024-12-17 15:12:51,482 [INFO] CodeEngine:335 - Generated code: C:\Users\o1yus\OneDrive\Desktop\Workspace\test\Core\Inc\stm32f1xx_hal_conf.h
2024-12-17 15:12:51,512 [INFO] CodeEngine:255 - oldGeneratedFile, C:\Users\o1yus\OneDrive\Desktop\Workspace\test\Core\Inc\main.h_save
2024-12-17 15:12:51,556 [INFO] CodeEngine:279 - Generated code: C:\Users\o1yus\OneDrive\Desktop\Workspace\test\Core\Inc\main.h
2024-12-17 15:12:51,567 [INFO] CodeEngine:255 - oldGeneratedFile, C:\Users\o1yus\OneDrive\Desktop\Workspace\test\Core\Src\main.c_save
2024-12-17 15:12:51,638 [INFO] CodeEngine:279 - Generated code: C:\Users\o1yus\OneDrive\Desktop\Workspace\test\Core\Src\main.c
2024-12-17 15:12:51,810 [INFO] ProjectBuilder:3289 - Time for Copy HAL[1] : 93mS.
2024-12-17 15:12:51,812 [INFO] ProjectBuilder:4876 - Project Generator version: 4.5.0-RC5
2024-12-17 15:12:51,849 [INFO] ConfigFileManager:1579 - The Die is : DIE410
2024-12-17 15:12:51,937 [ERROR] LogOutputStream:75 - [STDERR_REDIRECT] [Fatal Error] :1:1: Premature end of file.
2024-12-17 15:12:51,937 [ERROR] LogOutputStream:75 - [STDERR_REDIRECT] 
2024-12-17 15:12:52,346 [INFO] ProjectBuilder:5154 - Time for Generating toolchain IDE Files: 534mS.
2024-12-17 15:12:52,348 [INFO] ProjectBuilder:3146 - Time for Copy CMSIS : 0mS.
2024-12-17 15:12:52,351 [INFO] ProjectBuilder:3146 - Time for Copy CMSIS : 0mS.
2024-12-17 15:12:52,937 [ERROR] LogOutputStream:75 - [STDERR_REDIRECT] [Fatal Error] :1:1: Premature end of file.
2024-12-17 15:12:52,937 [ERROR] LogOutputStream:75 - [STDERR_REDIRECT] 
2024-12-17 15:12:53,937 [ERROR] LogOutputStream:75 - [STDERR_REDIRECT] [Fatal Error] :1:1: Premature end of file.
2024-12-17 15:12:53,938 [ERROR] LogOutputStream:75 - [STDERR_REDIRECT] 
2024-12-17 15:12:54,938 [ERROR] LogOutputStream:75 - [STDERR_REDIRECT] [Fatal Error] :1:1: Premature end of file.
2024-12-17 15:12:54,938 [ERROR] LogOutputStream:75 - [STDERR_REDIRECT] 
2024-12-17 15:12:55,937 [ERROR] LogOutputStream:75 - [STDERR_REDIRECT] [Fatal Error] :1:1: Premature end of file.
2024-12-17 15:12:55,937 [ERROR] LogOutputStream:75 - [STDERR_REDIRECT] 
2024-12-17 15:12:56,947 [ERROR] LogOutputStream:75 - [STDERR_REDIRECT] [Fatal Error] :1:1: Premature end of file.
2024-12-17 15:12:56,948 [ERROR] LogOutputStream:75 - [STDERR_REDIRECT] 
2024-12-17 15:12:57,938 [ERROR] LogOutputStream:75 - [STDERR_REDIRECT] [Fatal Error] :1:1: Premature end of file.
2024-12-17 15:12:57,938 [ERROR] LogOutputStream:75 - [STDERR_REDIRECT] 
2024-12-17 15:12:58,937 [ERROR] LogOutputStream:75 - [STDERR_REDIRECT] [Fatal Error] :1:1: Premature end of file.
2024-12-17 15:12:58,937 [ERROR] LogOutputStream:75 - [STDERR_REDIRECT] 
2024-12-17 15:12:59,938 [ERROR] LogOutputStream:75 - [STDERR_REDIRECT] [Fatal Error] :1:1: Premature end of file.
2024-12-17 15:12:59,939 [ERROR] LogOutputStream:75 - [STDERR_REDIRECT] 
2024-12-17 15:13:00,939 [ERROR] LogOutputStream:75 - [STDERR_REDIRECT] [Fatal Error] :1:1: Premature end of file.
2024-12-17 15:13:00,939 [ERROR] LogOutputStream:75 - [STDERR_REDIRECT] 
2024-12-17 15:13:01,936 [ERROR] LogOutputStream:75 - [STDERR_REDIRECT] [Fatal Error] :1:1: Premature end of file.
2024-12-17 15:13:01,937 [ERROR] LogOutputStream:75 - [STDERR_REDIRECT] 
2024-12-17 15:13:02,936 [ERROR] LogOutputStream:75 - [STDERR_REDIRECT] [Fatal Error] :1:1: Premature end of file.
2024-12-17 15:13:02,936 [ERROR] LogOutputStream:75 - [STDERR_REDIRECT] 
2024-12-17 15:13:03,940 [ERROR] LogOutputStream:75 - [STDERR_REDIRECT] [Fatal Error] :1:1: Premature end of file.
2024-12-17 15:13:03,940 [ERROR] LogOutputStream:75 - [STDERR_REDIRECT] 
2024-12-17 15:13:04,939 [ERROR] LogOutputStream:75 - [STDERR_REDIRECT] [Fatal Error] :1:1: Premature end of file.
2024-12-17 15:13:04,939 [ERROR] LogOutputStream:75 - [STDERR_REDIRECT] 
2024-12-17 15:13:05,936 [ERROR] LogOutputStream:75 - [STDERR_REDIRECT] [Fatal Error] :1:1: Premature end of file.
2024-12-17 15:13:05,937 [ERROR] LogOutputStream:75 - [STDERR_REDIRECT] 
2024-12-17 15:13:06,942 [ERROR] LogOutputStream:75 - [STDERR_REDIRECT] [Fatal Error] :1:1: Premature end of file.
2024-12-17 15:13:06,942 [ERROR] LogOutputStream:75 - [STDERR_REDIRECT] 
2024-12-17 15:13:07,938 [ERROR] LogOutputStream:75 - [STDERR_REDIRECT] [Fatal Error] :1:1: Premature end of file.
2024-12-17 15:13:07,938 [ERROR] LogOutputStream:75 - [STDERR_REDIRECT] 
2024-12-17 15:13:08,935 [ERROR] LogOutputStream:75 - [STDERR_REDIRECT] [Fatal Error] :1:1: Premature end of file.
2024-12-17 15:13:08,935 [ERROR] LogOutputStream:75 - [STDERR_REDIRECT] 
2024-12-17 15:13:09,941 [ERROR] LogOutputStream:75 - [STDERR_REDIRECT] [Fatal Error] :1:1: Premature end of file.
2024-12-17 15:13:09,941 [ERROR] LogOutputStream:75 - [STDERR_REDIRECT] 
2024-12-17 15:13:10,936 [ERROR] LogOutputStream:75 - [STDERR_REDIRECT] [Fatal Error] :1:1: Premature end of file.
2024-12-17 15:13:10,936 [ERROR] LogOutputStream:75 - [STDERR_REDIRECT] 
2024-12-17 15:13:11,937 [ERROR] LogOutputStream:75 - [STDERR_REDIRECT] [Fatal Error] :1:1: Premature end of file.
2024-12-17 15:13:11,937 [ERROR] LogOutputStream:75 - [STDERR_REDIRECT] 
2024-12-17 15:13:12,936 [ERROR] LogOutputStream:75 - [STDERR_REDIRECT] [Fatal Error] :1:1: Premature end of file.
2024-12-17 15:13:12,936 [ERROR] LogOutputStream:75 - [STDERR_REDIRECT] 
2024-12-17 15:13:13,938 [ERROR] LogOutputStream:75 - [STDERR_REDIRECT] [Fatal Error] :1:1: Premature end of file.
2024-12-17 15:13:13,938 [ERROR] LogOutputStream:75 - [STDERR_REDIRECT] 
2024-12-17 15:13:14,937 [ERROR] LogOutputStream:75 - [STDERR_REDIRECT] [Fatal Error] :1:1: Premature end of file.
2024-12-17 15:13:14,937 [ERROR] LogOutputStream:75 - [STDERR_REDIRECT] 
2024-12-17 15:13:15,944 [ERROR] LogOutputStream:75 - [STDERR_REDIRECT] [Fatal Error] :1:1: Premature end of file.
2024-12-17 15:13:15,944 [ERROR] LogOutputStream:75 - [STDERR_REDIRECT] 
2024-12-17 15:13:16,083 [INFO] MainUpdater:2872 - connection check result : 10
2024-12-17 15:13:16,083 [INFO] MainUpdater:2872 - connection check result : 10
2024-12-17 15:13:16,112 [INFO] MicroXplorer:468 - Change Database Path : 
2024-12-17 15:13:16,112 [INFO] MicroXplorer:498 - Change Database Version : DB.6.0.130
2024-12-17 15:13:16,124 [ERROR] ProjectManagerView:394 - 
java.lang.NullPointerException: Cannot invoke "javax.swing.JTextField.getText()" because the return value of "java.util.List.get(int)" is null
	at com.st.microxplorer.plugins.projectmanager.gui.ProjectChoiceTab$9.caretUpdate(ProjectChoiceTab.java:2616) ~[filemanager.jar:?]
	at javax.swing.text.JTextComponent.fireCaretUpdate(JTextComponent.java:408) ~[?:?]
	at javax.swing.text.JTextComponent$MutableCaretEvent.fire(JTextComponent.java:4484) ~[?:?]
	at javax.swing.text.JTextComponent$MutableCaretEvent.stateChanged(JTextComponent.java:4506) ~[?:?]
	at javax.swing.text.DefaultCaret.fireStateChanged(DefaultCaret.java:857) ~[?:?]
	at javax.swing.text.DefaultCaret.changeCaretPosition(DefaultCaret.java:1343) ~[?:?]
	at javax.swing.text.DefaultCaret.handleSetDot(DefaultCaret.java:1242) ~[?:?]
	at javax.swing.text.DefaultCaret.setDot(DefaultCaret.java:1223) ~[?:?]
	at javax.swing.text.DefaultCaret$Handler.insertUpdate(DefaultCaret.java:1819) ~[?:?]
	at javax.swing.text.AbstractDocument.fireInsertUpdate(AbstractDocument.java:227) ~[?:?]
	at javax.swing.text.AbstractDocument.handleInsertString(AbstractDocument.java:781) ~[?:?]
	at javax.swing.text.AbstractDocument.insertString(AbstractDocument.java:740) ~[?:?]
	at javax.swing.text.PlainDocument.insertString(PlainDocument.java:131) ~[?:?]
	at javax.swing.text.AbstractDocument.replace(AbstractDocument.java:699) ~[?:?]
	at javax.swing.text.JTextComponent.setText(JTextComponent.java:1725) ~[?:?]
	at com.st.microxplorer.plugins.projectmanager.gui.ProjectChoiceTab.createHeapStackFields(ProjectChoiceTab.java:975) ~[filemanager.jar:?]
	at com.st.microxplorer.plugins.projectmanager.gui.ProjectChoiceTab.buildLinkSettingsPanel(ProjectChoiceTab.java:3666) ~[filemanager.jar:?]
	at com.st.microxplorer.plugins.projectmanager.gui.ProjectChoiceTab.defineWindowsFields(ProjectChoiceTab.java:1934) ~[filemanager.jar:?]
	at com.st.microxplorer.plugins.projectmanager.gui.ProjectChoiceTab.updateSettings(ProjectChoiceTab.java:553) ~[filemanager.jar:?]
	at com.st.microxplorer.plugins.projectmanager.gui.ProjectSettingsPanel.UpdateDialog(ProjectSettingsPanel.java:245) ~[filemanager.jar:?]
	at com.st.microxplorer.plugins.projectmanager.ProjectManagerView.propertyChange(ProjectManagerView.java:391) ~[filemanager.jar:?]
	at java.beans.PropertyChangeSupport.fire(PropertyChangeSupport.java:343) ~[?:?]
	at java.beans.PropertyChangeSupport.firePropertyChange(PropertyChangeSupport.java:335) ~[?:?]
	at java.beans.PropertyChangeSupport.firePropertyChange(PropertyChangeSupport.java:268) ~[?:?]
	at com.st.microxplorer.util.MXPropertyChangeSupport.firePropertyChange(MXPropertyChangeSupport.java:54) ~[STM32CubeMX.jar:?]
	at com.st.microxplorer.mxsystem.MxSystem.closeConfig(MxSystem.java:899) ~[STM32CubeMX.jar:?]
	at com.st.microxplorer.maingui.MainPanel.closeConfig(MainPanel.java:789) ~[STM32CubeMX.jar:?]
	at com.st.microxplorer.plugins.filemanager.engine.OpenFileManager.loadConfigurationFile(OpenFileManager.java:265) ~[filemanager.jar:?]
	at com.st.microxplorer.plugins.filemanager.engine.MainFileManager.userLoadConfig(MainFileManager.java:340) ~[filemanager.jar:?]
	at com.st.microxplorer.plugins.filemanager.engine.MainFileManager.userLoadConfig(MainFileManager.java:318) ~[filemanager.jar:?]
	at com.st.microxplorer.plugins.filemanager.FileManagerView.getSpecificTask(FileManagerView.java:246) ~[filemanager.jar:?]
	at com.st.stm32cube.common.mx.editor.CubeMxEditor.getMxTabbedPaneInstance(CubeMxEditor.java:1198) ~[com.st.stm32cube.common.mx_6.13.0.202411220809/:?]
	at com.st.stm32cube.common.mx.editor.CubeMxEditor$12$1.createSwingComponent(CubeMxEditor.java:1068) ~[com.st.stm32cube.common.mx_6.13.0.202411220809/:?]
	at com.st.stm32cube.common.mx.oss.core.awtswtbridge.EmbeddedSwingComposite.doComponentCreation(EmbeddedSwingComposite.java:492) ~[com.st.stm32cube.common.mx.oss_6.13.0.202411220809/:?]
	at com.st.stm32cube.common.mx.oss.core.awtswtbridge.EmbeddedSwingComposite$4.run(EmbeddedSwingComposite.java:291) ~[com.st.stm32cube.common.mx.oss_6.13.0.202411220809/:?]
	at com.st.stm32cube.common.mx.oss.core.awtswtbridge.AwtEnvironment$2.run(AwtEnvironment.java:166) ~[com.st.stm32cube.common.mx.oss_6.13.0.202411220809/:?]
	at java.awt.event.InvocationEvent.dispatch(InvocationEvent.java:318) ~[?:?]
	at java.awt.EventQueue.dispatchEventImpl(EventQueue.java:773) ~[?:?]
	at java.awt.EventQueue$4.run(EventQueue.java:720) ~[?:?]
	at java.awt.EventQueue$4.run(EventQueue.java:714) ~[?:?]
	at java.security.AccessController.doPrivileged(AccessController.java:400) ~[?:?]
	at java.security.ProtectionDomain$JavaSecurityAccessImpl.doIntersectionPrivilege(ProtectionDomain.java:87) ~[?:?]
	at java.awt.EventQueue.dispatchEvent(EventQueue.java:742) ~[?:?]
	at java.awt.EventDispatchThread.pumpOneEventForFilters(EventDispatchThread.java:203) ~[?:?]
	at java.awt.EventDispatchThread.pumpEventsForFilter(EventDispatchThread.java:124) ~[?:?]
	at java.awt.EventDispatchThread.pumpEventsForHierarchy(EventDispatchThread.java:113) ~[?:?]
	at java.awt.EventDispatchThread.pumpEvents(EventDispatchThread.java:109) ~[?:?]
	at java.awt.EventDispatchThread.pumpEvents(EventDispatchThread.java:101) ~[?:?]
	at java.awt.EventDispatchThread.run(EventDispatchThread.java:90) ~[?:?]
2024-12-17 15:13:16,130 [WARN] ThirdParty:871 - waiting for thirdparty lock release [close project]
2024-12-17 15:13:16,130 [INFO] ThirdParty:873 - entering critical section [close project]
2024-12-17 15:13:16,130 [INFO] ThirdParty:883 - exiting critical section [close project]
2024-12-17 15:13:16,131 [INFO] PinOutPanel:1589 - setPackage(No Configuration,No Configuration)
2024-12-17 15:13:16,134 [INFO] UtilMem:75 - Begin LoadConfig() Used Memory: 710521888 Bytes (1073741824)
2024-12-17 15:13:16,134 [INFO] MicroXplorer:468 - Change Database Path : 
2024-12-17 15:13:16,134 [INFO] MicroXplorer:498 - Change Database Version : DB.6.0.130
2024-12-17 15:13:16,134 [INFO] OpenFileManager:332 - Change cursor
2024-12-17 15:13:16,142 [INFO] RulesReader:64 - Compatibility file has been processed (297 Rules)
2024-12-17 15:13:16,144 [INFO] Mcu:2035 - Initializing MCU STM32F103C(8-B)Tx STM32F103C8Tx STM32F103C8T6
2024-12-17 15:13:16,472 [INFO] Context:748 - Trying to add GPIOservice into a context  which must be forbidden
2024-12-17 15:13:16,669 [INFO] RtosManager:555 - Registered RTOS mode: class=CMSIS, group=RTOS, mode=CMSIS_V1, owner=FREERTOS
2024-12-17 15:13:16,669 [INFO] RtosManager:555 - Registered RTOS mode: class=CMSIS, group=RTOS2, mode=CMSIS_V2, owner=FREERTOS
2024-12-17 15:13:16,669 [INFO] RtosManager:555 - Registered RTOS mode: class=RTOS, group=Core, mode=CMSIS_V1, owner=FREERTOS
2024-12-17 15:13:16,669 [INFO] RtosManager:555 - Registered RTOS mode: class=RTOS, group=Core, mode=CMSIS_V2, owner=FREERTOS
2024-12-17 15:13:16,669 [WARN] ModelIntegratedComponent:184 - Missing modes for component STMicroelectronics:FreeRTOS:0.0.1:STMicroelectronics:RTOS:FreeRTOS:Core:::10.2.0:
2024-12-17 15:13:16,674 [WARN] ModelIntegratedComponent:63 - No mode defined for component null
2024-12-17 15:13:16,674 [WARN] ModelIntegratedComponent:63 - No mode defined for component null
2024-12-17 15:13:16,674 [WARN] ModelIntegratedComponent:63 - No mode defined for component null
2024-12-17 15:13:16,675 [WARN] ModelIntegratedComponent:63 - No mode defined for component null
2024-12-17 15:13:16,675 [WARN] ModelIntegratedComponent:63 - No mode defined for component null
2024-12-17 15:13:16,675 [WARN] ModelIntegratedComponent:63 - No mode defined for component null
2024-12-17 15:13:16,675 [WARN] ModelIntegratedComponent:63 - No mode defined for component null
2024-12-17 15:13:16,675 [WARN] ModelIntegratedComponent:63 - No mode defined for component null
2024-12-17 15:13:16,675 [WARN] ModelIntegratedComponent:63 - No mode defined for component null
2024-12-17 15:13:16,675 [WARN] ModelIntegratedComponent:63 - No mode defined for component null
2024-12-17 15:13:16,675 [WARN] ModelIntegratedComponent:63 - No mode defined for component null
2024-12-17 15:13:16,675 [WARN] ModelIntegratedComponent:63 - No mode defined for component null
2024-12-17 15:13:16,675 [WARN] ModelIntegratedComponent:63 - No mode defined for component null
2024-12-17 15:13:16,675 [WARN] ModelIntegratedComponent:63 - No mode defined for component null
2024-12-17 15:13:16,675 [WARN] ModelIntegratedComponent:63 - No mode defined for component null
2024-12-17 15:13:16,675 [WARN] ModelIntegratedComponent:63 - No mode defined for component null
2024-12-17 15:13:16,675 [WARN] ModelIntegratedComponent:63 - No mode defined for component null
2024-12-17 15:13:16,675 [WARN] ModelIntegratedComponent:63 - No mode defined for component null
2024-12-17 15:13:16,675 [WARN] ModelIntegratedComponent:63 - No mode defined for component null
2024-12-17 15:13:16,675 [WARN] ModelIntegratedComponent:63 - No mode defined for component null
2024-12-17 15:13:16,675 [WARN] ModelIntegratedComponent:63 - No mode defined for component null
2024-12-17 15:13:16,675 [WARN] ModelIntegratedComponent:63 - No mode defined for component null
2024-12-17 15:13:16,675 [WARN] ModelIntegratedComponent:63 - No mode defined for component null
2024-12-17 15:13:16,675 [WARN] ModelIntegratedComponent:63 - No mode defined for component null
2024-12-17 15:13:16,675 [WARN] ModelIntegratedComponent:63 - No mode defined for component null
2024-12-17 15:13:16,675 [WARN] ModelIntegratedComponent:63 - No mode defined for component null
2024-12-17 15:13:16,675 [WARN] ModelIntegratedComponent:63 - No mode defined for component null
2024-12-17 15:13:16,675 [WARN] ModelIntegratedComponent:63 - No mode defined for component null
2024-12-17 15:13:16,675 [WARN] ModelIntegratedComponent:63 - No mode defined for component null
2024-12-17 15:13:16,675 [WARN] ModelIntegratedComponent:63 - No mode defined for component null
2024-12-17 15:13:16,675 [WARN] ModelIntegratedComponent:63 - No mode defined for component null
2024-12-17 15:13:16,675 [WARN] ModelIntegratedComponent:63 - No mode defined for component null
2024-12-17 15:13:16,675 [WARN] ModelIntegratedComponent:63 - No mode defined for component null
2024-12-17 15:13:16,675 [WARN] ModelIntegratedComponent:63 - No mode defined for component null
2024-12-17 15:13:16,675 [WARN] ModelIntegratedComponent:63 - No mode defined for component null
2024-12-17 15:13:16,675 [WARN] ModelPack:524 - Component already loaded: STMicroelectronics:HAL Drivers:0.0.0:STMicroelectronics:Device:STMicro_Driver:XSPI:HAL::0.0.1:HAL_XSPI
2024-12-17 15:13:16,686 [INFO] ThirdPartyModel:298 - Start build external matchings
2024-12-17 15:13:16,830 [INFO] ThirdPartyModel:316 - End build external matchings
2024-12-17 15:13:16,942 [ERROR] LogOutputStream:75 - [STDERR_REDIRECT] [Fatal Error] :1:1: Premature end of file.
2024-12-17 15:13:16,943 [ERROR] LogOutputStream:75 - [STDERR_REDIRECT] 
2024-12-17 15:13:16,948 [INFO] UtilMem:75 - End LoadConfig() Used Memory: 811617352 Bytes (1073741824)
2024-12-17 15:13:16,976 [WARN] ThirdParty:833 - waiting for thirdparty lock release [change project]
2024-12-17 15:13:16,976 [INFO] ThirdParty:835 - entering critical section [change project]
2024-12-17 15:13:16,976 [INFO] ThirdParty:1030 - CMSIS Pack Vendor :STMicroelectronics USBPD 4.1
2024-12-17 15:13:16,976 [INFO] ThirdParty:1030 - CMSIS Pack Vendor :STMicroelectronics X-CUBE-AZRTOS-H7 3.3.0
2024-12-17 15:13:16,976 [INFO] ThirdParty:1030 - CMSIS Pack Vendor :STMicroelectronics X-CUBE-NFC9 1.0.0
2024-12-17 15:13:16,976 [INFO] ThirdParty:1030 - CMSIS Pack Vendor :STMicroelectronics USB_HOST 2.0.0
2024-12-17 15:13:16,976 [INFO] ThirdParty:1030 - CMSIS Pack Vendor :STMicroelectronics FP-SNS-MOTENVWB1 1.4.0
2024-12-17 15:13:16,976 [INFO] ThirdParty:1030 - CMSIS Pack Vendor :STMicroelectronics X-CUBE-AZRTOS-F4 1.1.0
2024-12-17 15:13:16,976 [INFO] ThirdParty:1030 - CMSIS Pack Vendor :STMicroelectronics LIBJPEG 8.0.0
2024-12-17 15:13:16,976 [INFO] ThirdParty:1030 - CMSIS Pack Vendor :STMicroelectronics FP-ATR-ASTRA1 2.0.1
2024-12-17 15:13:16,976 [INFO] ThirdParty:1030 - CMSIS Pack Vendor :STMicroelectronics X-CUBE-SMBUS 2.1.0
2024-12-17 15:13:16,976 [INFO] ThirdParty:1030 - CMSIS Pack Vendor :STMicroelectronics X-CUBE-WB05N 1.1.0
2024-12-17 15:13:16,976 [INFO] ThirdParty:1030 - CMSIS Pack Vendor :STMicroelectronics USB_DEVICE 3.0.0
2024-12-17 15:13:16,976 [INFO] ThirdParty:1030 - CMSIS Pack Vendor :STMicroelectronics X-CUBE-ISPU 2.1.0
2024-12-17 15:13:16,976 [INFO] ThirdParty:1030 - CMSIS Pack Vendor :STMicroelectronics X-CUBE-IPS 3.0.0
2024-12-17 15:13:16,976 [INFO] ThirdParty:1030 - CMSIS Pack Vendor :STMicroelectronics X-CUBE-AZRTOS-WB 2.0.0
2024-12-17 15:13:16,976 [INFO] ThirdParty:1030 - CMSIS Pack Vendor :STMicroelectronics X-CUBE-GNSS1 7.0.0
2024-12-17 15:13:16,976 [INFO] ThirdParty:1030 - CMSIS Pack Vendor :STMicroelectronics X-CUBE-AZRTOS-F7 1.1.0
2024-12-17 15:13:16,977 [INFO] ThirdParty:1030 - CMSIS Pack Vendor :STMicroelectronics X-CUBE-AZRTOS-L5 2.0.0
2024-12-17 15:13:16,977 [INFO] ThirdParty:1030 - CMSIS Pack Vendor :STMicroelectronics USB_DEVICE 2.0.0
2024-12-17 15:13:16,977 [INFO] ThirdParty:1030 - CMSIS Pack Vendor :STMicroelectronics X-CUBE-NFC6 3.1.0
2024-12-17 15:13:16,977 [INFO] ThirdParty:1030 - CMSIS Pack Vendor :STMicroelectronics FP-SNS-STBOX1 2.0.0
2024-12-17 15:13:16,977 [INFO] ThirdParty:1030 - CMSIS Pack Vendor :STMicroelectronics X-CUBE-MEMS1 11.0.0
2024-12-17 15:13:16,977 [INFO] ThirdParty:1030 - CMSIS Pack Vendor :STMicroelectronics FreeRTOS 0.0.1
2024-12-17 15:13:16,977 [INFO] ThirdParty:1030 - CMSIS Pack Vendor :STMicroelectronics X-CUBE-AZRTOS-G0 1.1.0
2024-12-17 15:13:16,977 [INFO] ThirdParty:1030 - CMSIS Pack Vendor :STMicroelectronics X-CUBE-SAFEA1 1.2.2
2024-12-17 15:13:16,977 [INFO] ThirdParty:1030 - CMSIS Pack Vendor :STMicroelectronics X-CUBE-NFC4 3.0.0
2024-12-17 15:13:16,977 [INFO] ThirdParty:1030 - CMSIS Pack Vendor :STMicroelectronics X-CUBE-DPower 1.2.0
2024-12-17 15:13:16,977 [INFO] ThirdParty:1030 - CMSIS Pack Vendor :STMicroelectronics X-CUBE-SUBG2 5.0.0
2024-12-17 15:13:16,977 [INFO] ThirdParty:1030 - CMSIS Pack Vendor :STMicroelectronics STM32_WPAN 1.0.0
2024-12-17 15:13:16,977 [INFO] ThirdParty:1030 - CMSIS Pack Vendor :EmbeddedOffice I-CUBE-FS-RTOS 1.0.1
2024-12-17 15:13:16,977 [INFO] ThirdParty:1030 - CMSIS Pack Vendor :STMicroelectronics lwIP 2.0.3
2024-12-17 15:13:16,977 [INFO] ThirdParty:1030 - CMSIS Pack Vendor :STMicroelectronics FP-SNS-FLIGHT1 5.0.2
2024-12-17 15:13:16,977 [INFO] ThirdParty:1030 - CMSIS Pack Vendor :Cesanta I-CUBE-Mongoose 7.13.0
2024-12-17 15:13:16,977 [INFO] ThirdParty:1030 - CMSIS Pack Vendor :STMicroelectronics USB_HOST 1.0.0
2024-12-17 15:13:16,977 [INFO] ThirdParty:1030 - CMSIS Pack Vendor :Infineon AIROC-Wi-Fi-Bluetooth-STM32 1.7.0
2024-12-17 15:13:16,977 [INFO] ThirdParty:1030 - CMSIS Pack Vendor :STMicroelectronics X-CUBE-AZRTOS-G4 2.0.0
2024-12-17 15:13:16,977 [INFO] ThirdParty:1030 - CMSIS Pack Vendor :STMicroelectronics PDM2PCM 3.1.0
2024-12-17 15:13:16,977 [INFO] ThirdParty:1030 - CMSIS Pack Vendor :STMicroelectronics PDM2PCM 3.3.0
2024-12-17 15:13:16,977 [INFO] ThirdParty:1030 - CMSIS Pack Vendor :STMicroelectronics X-CUBE-DISPLAY 3.0.0
2024-12-17 15:13:16,977 [INFO] ThirdParty:1030 - CMSIS Pack Vendor :STMicroelectronics X-CUBE-TCPP 4.2.0
2024-12-17 15:13:16,977 [INFO] ThirdParty:1030 - CMSIS Pack Vendor :RealThread X-CUBE-RT-Thread_Nano 4.1.1
2024-12-17 15:13:16,977 [INFO] ThirdParty:1030 - CMSIS Pack Vendor :STMicroelectronics X-CUBE-BLE1 7.0.0
2024-12-17 15:13:16,977 [INFO] ThirdParty:1030 - CMSIS Pack Vendor :STMicroelectronics FP-ATR-SIGFOX1 3.2.0
2024-12-17 15:13:16,977 [INFO] ThirdParty:1030 - CMSIS Pack Vendor :STMicroelectronics X-CUBE-NFC10 1.0.0
2024-12-17 15:13:16,977 [INFO] ThirdParty:1030 - CMSIS Pack Vendor :quantropi X-CUBE-qispace-sdk-base 1.9.3
2024-12-17 15:13:16,977 [INFO] ThirdParty:1030 - CMSIS Pack Vendor :STMicroelectronics X-CUBE-BLEMGR 4.0.0
2024-12-17 15:13:16,977 [INFO] ThirdParty:1030 - CMSIS Pack Vendor :STMicroelectronics X-CUBE-EEPRMA1 5.1.0
2024-12-17 15:13:16,977 [INFO] ThirdParty:1030 - CMSIS Pack Vendor :STMicroelectronics HAL Drivers 0.0.0
2024-12-17 15:13:16,977 [INFO] ThirdParty:1030 - CMSIS Pack Vendor :STMicroelectronics MBEDTLS 2.16.2
2024-12-17 15:13:16,977 [INFO] ThirdParty:1030 - CMSIS Pack Vendor :STMicroelectronics X-CUBE-ALS 1.0.2
2024-12-17 15:13:16,977 [INFO] ThirdParty:1030 - CMSIS Pack Vendor :emotas I-CUBE-CANOPEN 1.3.0
2024-12-17 15:13:16,977 [INFO] ThirdParty:1030 - CMSIS Pack Vendor :STMicroelectronics X-CUBE-FREERTOS 1.3.0
2024-12-17 15:13:16,977 [INFO] ThirdParty:1030 - CMSIS Pack Vendor :wolfSSL I-CUBE-wolfSSL 5.7.4
2024-12-17 15:13:16,977 [INFO] ThirdParty:1030 - CMSIS Pack Vendor :STMicroelectronics X-CUBE-NFC7 1.0.1
2024-12-17 15:13:16,977 [INFO] ThirdParty:1030 - CMSIS Pack Vendor :STMicroelectronics MBEDTLS 2.14.1
2024-12-17 15:13:16,977 [INFO] ThirdParty:1030 - CMSIS Pack Vendor :ITTIA_DB I-CUBE-ITTIADB 8.9.0
2024-12-17 15:13:16,977 [INFO] ThirdParty:1030 - CMSIS Pack Vendor :STMicroelectronics X-CUBE-TOUCHGFX 4.24.1
2024-12-17 15:13:16,977 [INFO] ThirdParty:1030 - CMSIS Pack Vendor :wolfSSL I-CUBE-wolfTPM 3.4.0
2024-12-17 15:13:16,977 [INFO] ThirdParty:1030 - CMSIS Pack Vendor :portGmbH I-Cube-SoM-uGOAL 1.1.0
2024-12-17 15:13:16,977 [INFO] ThirdParty:1030 - CMSIS Pack Vendor :STMicroelectronics ThreadX 1.0.0
2024-12-17 15:13:16,977 [INFO] ThirdParty:1030 - CMSIS Pack Vendor :STMicroelectronics FP-SNS-SMARTAG2 1.2.0
2024-12-17 15:13:16,977 [INFO] ThirdParty:1030 - CMSIS Pack Vendor :STMicroelectronics X-CUBE-AZRTOS-WL 2.0.0
2024-12-17 15:13:16,977 [INFO] ThirdParty:1030 - CMSIS Pack Vendor :SEGGER I-CUBE-embOS 1.3.1
2024-12-17 15:13:16,977 [INFO] ThirdParty:1030 - CMSIS Pack Vendor :STMicroelectronics X-CUBE-ALGOBUILD 1.4.0
2024-12-17 15:13:16,977 [INFO] ThirdParty:1030 - CMSIS Pack Vendor :STMicroelectronics FP-SNS-MOTENV1 5.0.0
2024-12-17 15:13:16,977 [INFO] ThirdParty:1030 - CMSIS Pack Vendor :STMicroelectronics USB_DEVICE 1.0.0
2024-12-17 15:13:16,977 [INFO] ThirdParty:1030 - CMSIS Pack Vendor :STMicroelectronics X-CUBE-AZRTOS-H7RS 1.0.0
2024-12-17 15:13:16,977 [INFO] ThirdParty:1030 - CMSIS Pack Vendor :wolfSSL I-CUBE-wolfMQTT 1.19.0
2024-12-17 15:13:16,977 [INFO] ThirdParty:1030 - CMSIS Pack Vendor :STMicroelectronics X-CUBE-AZRTOS-L4 2.0.0
2024-12-17 15:13:16,977 [INFO] ThirdParty:1030 - CMSIS Pack Vendor :STMicroelectronics ThreadX 0.0.2
2024-12-17 15:13:16,977 [INFO] ThirdParty:1030 - CMSIS Pack Vendor :WES I-CUBE-Cesium 1.3.0
2024-12-17 15:13:16,977 [INFO] ThirdParty:1030 - CMSIS Pack Vendor :STMicroelectronics lwIP 2.1.2
2024-12-17 15:13:16,977 [INFO] ThirdParty:1030 - CMSIS Pack Vendor :STMicroelectronics X-CUBE-SFXS2LP1 4.0.0
2024-12-17 15:13:16,977 [INFO] ThirdParty:1030 - CMSIS Pack Vendor :STMicroelectronics X-CUBE-BLE2 3.3.0
2024-12-17 15:13:16,977 [INFO] ThirdParty:1030 - CMSIS Pack Vendor :STMicroelectronics X-CUBE-TOF1 3.4.2
2024-12-17 15:13:16,977 [INFO] ThirdParty:1030 - CMSIS Pack Vendor :STMicroelectronics X-CUBE-AI 9.1.0
2024-12-17 15:13:16,977 [INFO] ThirdParty:1030 - CMSIS Pack Vendor :STMicroelectronics PDM2PCM 3.2.0
2024-12-17 15:13:16,977 [INFO] ThirdParty:1030 - CMSIS Pack Vendor :wolfSSL I-CUBE-wolfSSH 1.4.17
2024-12-17 15:13:16,978 [INFO] ThirdParty:841 - exiting critical section [change project]
2024-12-17 15:13:17,032 [INFO] PinOutPanel:1589 - setPackage(No Configuration,No Configuration)
2024-12-17 15:13:17,033 [INFO] PinOutPanel:1589 - setPackage(STM32F103C8Tx,LQFP48)
2024-12-17 15:13:17,198 [INFO] UtilMem:75 - Before build in PCC Used Memory: 896058872 Bytes (1073741824)
2024-12-17 15:13:17,369 [INFO] UtilMem:75 - After build in PCC Used Memory: 938804016 Bytes (1073741824)
2024-12-17 15:13:17,382 [INFO] IPUIPlugin:80 - create IPUIPlugin
2024-12-17 15:13:17,382 [INFO] IPUIPlugin:80 - create IPUIPlugin
2024-12-17 15:13:17,382 [INFO] IPUIPlugin:80 - create IPUIPlugin
2024-12-17 15:13:17,382 [INFO] IPUIPlugin:80 - create IPUIPlugin
2024-12-17 15:13:17,382 [INFO] IPUIPlugin:80 - create IPUIPlugin
2024-12-17 15:13:17,382 [INFO] IPUIPlugin:80 - create IPUIPlugin
2024-12-17 15:13:17,382 [INFO] IPUIPlugin:80 - create IPUIPlugin
2024-12-17 15:13:17,382 [INFO] IPUIPlugin:80 - create IPUIPlugin
2024-12-17 15:13:17,382 [INFO] IPUIPlugin:80 - create IPUIPlugin
2024-12-17 15:13:17,382 [INFO] IPUIPlugin:80 - create IPUIPlugin
2024-12-17 15:13:17,382 [INFO] IPUIPlugin:80 - create IPUIPlugin
2024-12-17 15:13:17,382 [INFO] IPUIPlugin:80 - create IPUIPlugin
2024-12-17 15:13:17,382 [INFO] IPUIPlugin:80 - create IPUIPlugin
2024-12-17 15:13:17,382 [INFO] IPUIPlugin:80 - create IPUIPlugin
2024-12-17 15:13:17,383 [INFO] IPUIPlugin:80 - create IPUIPlugin
2024-12-17 15:13:17,383 [INFO] IPUIPlugin:80 - create IPUIPlugin
2024-12-17 15:13:17,383 [INFO] IPUIPlugin:80 - create IPUIPlugin
2024-12-17 15:13:17,383 [INFO] IPUIPlugin:80 - create IPUIPlugin
2024-12-17 15:13:17,383 [INFO] IPUIPlugin:80 - create IPUIPlugin
2024-12-17 15:13:17,383 [INFO] IPUIPlugin:80 - create IPUIPlugin
2024-12-17 15:13:17,383 [INFO] IPUIPlugin:80 - create IPUIPlugin
2024-12-17 15:13:17,383 [INFO] IPUIPlugin:80 - create IPUIPlugin
2024-12-17 15:13:17,383 [INFO] IPUIPlugin:80 - create IPUIPlugin
2024-12-17 15:13:17,383 [INFO] IPUIPlugin:80 - create IPUIPlugin
2024-12-17 15:13:17,383 [INFO] IPUIPlugin:80 - create IPUIPlugin
2024-12-17 15:13:17,383 [INFO] IPUIPlugin:80 - create IPUIPlugin
2024-12-17 15:13:17,383 [INFO] IPUIPlugin:80 - create IPUIPlugin
2024-12-17 15:13:17,406 [INFO] CADModel:165 - CPN selected for project levelSTM32F103C8T6
2024-12-17 15:13:17,406 [INFO] CADModel:114 - Register for checkConnection events
2024-12-17 15:13:17,456 [INFO] OpenFileManager:363 - Restore cursor
2024-12-17 15:13:17,945 [ERROR] LogOutputStream:75 - [STDERR_REDIRECT] [Fatal Error] :1:1: Premature end of file.
2024-12-17 15:13:17,946 [ERROR] LogOutputStream:75 - [STDERR_REDIRECT] 
2024-12-17 15:13:18,950 [ERROR] LogOutputStream:75 - [STDERR_REDIRECT] [Fatal Error] :1:1: Premature end of file.
2024-12-17 15:13:18,950 [ERROR] LogOutputStream:75 - [STDERR_REDIRECT] 
2024-12-17 15:13:19,944 [ERROR] LogOutputStream:75 - [STDERR_REDIRECT] [Fatal Error] :1:1: Premature end of file.
2024-12-17 15:13:19,945 [ERROR] LogOutputStream:75 - [STDERR_REDIRECT] 
2024-12-17 15:13:20,942 [ERROR] LogOutputStream:75 - [STDERR_REDIRECT] [Fatal Error] :1:1: Premature end of file.
2024-12-17 15:13:20,942 [ERROR] LogOutputStream:75 - [STDERR_REDIRECT] 
2024-12-17 15:13:21,944 [ERROR] LogOutputStream:75 - [STDERR_REDIRECT] [Fatal Error] :1:1: Premature end of file.
2024-12-17 15:13:21,945 [ERROR] LogOutputStream:75 - [STDERR_REDIRECT] 
2024-12-17 15:13:22,939 [ERROR] LogOutputStream:75 - [STDERR_REDIRECT] [Fatal Error] :1:1: Premature end of file.
2024-12-17 15:13:22,939 [ERROR] LogOutputStream:75 - [STDERR_REDIRECT] 
2024-12-17 15:13:23,939 [ERROR] LogOutputStream:75 - [STDERR_REDIRECT] [Fatal Error] :1:1: Premature end of file.
2024-12-17 15:13:23,939 [ERROR] LogOutputStream:75 - [STDERR_REDIRECT] 
2024-12-17 15:13:24,937 [ERROR] LogOutputStream:75 - [STDERR_REDIRECT] [Fatal Error] :1:1: Premature end of file.
2024-12-17 15:13:24,937 [ERROR] LogOutputStream:75 - [STDERR_REDIRECT] 
2024-12-17 15:13:25,941 [ERROR] LogOutputStream:75 - [STDERR_REDIRECT] [Fatal Error] :1:1: Premature end of file.
2024-12-17 15:13:25,941 [ERROR] LogOutputStream:75 - [STDERR_REDIRECT] 
2024-12-17 15:13:26,941 [ERROR] LogOutputStream:75 - [STDERR_REDIRECT] [Fatal Error] :1:1: Premature end of file.
2024-12-17 15:13:26,942 [ERROR] LogOutputStream:75 - [STDERR_REDIRECT] 
2024-12-17 15:13:27,937 [ERROR] LogOutputStream:75 - [STDERR_REDIRECT] [Fatal Error] :1:1: Premature end of file.
2024-12-17 15:13:27,937 [ERROR] LogOutputStream:75 - [STDERR_REDIRECT] 
2024-12-17 15:13:28,935 [ERROR] LogOutputStream:75 - [STDERR_REDIRECT] [Fatal Error] :1:1: Premature end of file.
2024-12-17 15:13:28,935 [ERROR] LogOutputStream:75 - [STDERR_REDIRECT] 
2024-12-17 15:13:29,937 [ERROR] LogOutputStream:75 - [STDERR_REDIRECT] [Fatal Error] :1:1: Premature end of file.
2024-12-17 15:13:29,937 [ERROR] LogOutputStream:75 - [STDERR_REDIRECT] 
2024-12-17 15:13:30,937 [ERROR] LogOutputStream:75 - [STDERR_REDIRECT] [Fatal Error] :1:1: Premature end of file.
2024-12-17 15:13:30,937 [ERROR] LogOutputStream:75 - [STDERR_REDIRECT] 
2024-12-17 15:13:31,939 [ERROR] LogOutputStream:75 - [STDERR_REDIRECT] [Fatal Error] :1:1: Premature end of file.
2024-12-17 15:13:31,939 [ERROR] LogOutputStream:75 - [STDERR_REDIRECT] 
2024-12-17 15:13:32,936 [ERROR] LogOutputStream:75 - [STDERR_REDIRECT] [Fatal Error] :1:1: Premature end of file.
2024-12-17 15:13:32,936 [ERROR] LogOutputStream:75 - [STDERR_REDIRECT] 
2024-12-17 15:13:33,940 [ERROR] LogOutputStream:75 - [STDERR_REDIRECT] [Fatal Error] :1:1: Premature end of file.
2024-12-17 15:13:33,940 [ERROR] LogOutputStream:75 - [STDERR_REDIRECT] 
2024-12-17 15:13:34,940 [ERROR] LogOutputStream:75 - [STDERR_REDIRECT] [Fatal Error] :1:1: Premature end of file.
2024-12-17 15:13:34,940 [ERROR] LogOutputStream:75 - [STDERR_REDIRECT] 
2024-12-17 15:13:35,948 [ERROR] LogOutputStream:75 - [STDERR_REDIRECT] [Fatal Error] :1:1: Premature end of file.
2024-12-17 15:13:35,948 [ERROR] LogOutputStream:75 - [STDERR_REDIRECT] 
2024-12-17 15:13:36,938 [ERROR] LogOutputStream:75 - [STDERR_REDIRECT] [Fatal Error] :1:1: Premature end of file.
2024-12-17 15:13:36,939 [ERROR] LogOutputStream:75 - [STDERR_REDIRECT] 
2024-12-17 15:13:37,939 [ERROR] LogOutputStream:75 - [STDERR_REDIRECT] [Fatal Error] :1:1: Premature end of file.
2024-12-17 15:13:37,939 [ERROR] LogOutputStream:75 - [STDERR_REDIRECT] 
2024-12-17 15:13:38,781 [INFO] UtilMem:75 - End SaveConfig() Used Memory: 666662544 Bytes (1073741824)
2024-12-17 15:13:38,939 [ERROR] LogOutputStream:75 - [STDERR_REDIRECT] [Fatal Error] :1:1: Premature end of file.
2024-12-17 15:13:38,939 [ERROR] LogOutputStream:75 - [STDERR_REDIRECT] 
2024-12-17 15:13:39,938 [ERROR] LogOutputStream:75 - [STDERR_REDIRECT] [Fatal Error] :1:1: Premature end of file.
2024-12-17 15:13:39,938 [ERROR] LogOutputStream:75 - [STDERR_REDIRECT] 
2024-12-17 15:13:40,237 [INFO] UtilMem:75 - End SaveConfig() Used Memory: 700743312 Bytes (1073741824)
2024-12-17 15:13:40,291 [INFO] BlockDiagram:2766 - set Specific Code input for plugin: NVIC
2024-12-17 15:13:40,291 [INFO] BlockDiagram:2766 - set Specific Code input for plugin: SYS
2024-12-17 15:13:40,292 [INFO] BlockDiagram:2766 - set Specific Code input for plugin: GPIO
2024-12-17 15:13:40,292 [INFO] BlockDiagram:2766 - set Specific Code input for plugin: RCC
2024-12-17 15:13:40,293 [INFO] CodeGenerator:896 - code generatio: config db path: C:\ST\STM32CubeIDE_1.17.0\STM32CubeIDE\plugins\com.st.stm32cube.common.mx_6.13.0.202411220809\\db\
2024-12-17 15:13:40,328 [INFO] CodeEngine:255 - oldGeneratedFile, C:\Users\o1yus\OneDrive\Desktop\Workspace\test1\MXTmpFiles\license.tmp_save
2024-12-17 15:13:40,371 [INFO] CodeEngine:279 - Generated code: C:\Users\o1yus\OneDrive\Desktop\Workspace\test1\MXTmpFiles\license.tmp
2024-12-17 15:13:40,390 [INFO] CodeEngine:255 - oldGeneratedFile, C:\Users\o1yus\OneDrive\Desktop\Workspace\test1\MXTmpFiles\gpio.tmp_save
2024-12-17 15:13:40,440 [INFO] CodeEngine:279 - Generated code: C:\Users\o1yus\OneDrive\Desktop\Workspace\test1\MXTmpFiles\gpio.tmp
2024-12-17 15:13:40,450 [INFO] CodeEngine:255 - oldGeneratedFile, C:\Users\o1yus\OneDrive\Desktop\Workspace\test1\Core\Src\stm32f1xx_it.c_save
2024-12-17 15:13:40,502 [INFO] CodeEngine:279 - Generated code: C:\Users\o1yus\OneDrive\Desktop\Workspace\test1\Core\Src\stm32f1xx_it.c
2024-12-17 15:13:40,504 [INFO] CodeEngine:255 - oldGeneratedFile, C:\Users\o1yus\OneDrive\Desktop\Workspace\test1\Core\Inc\stm32f1xx_it.h_save
2024-12-17 15:13:40,547 [INFO] CodeEngine:279 - Generated code: C:\Users\o1yus\OneDrive\Desktop\Workspace\test1\Core\Inc\stm32f1xx_it.h
2024-12-17 15:13:40,553 [INFO] CodeEngine:255 - oldGeneratedFile, C:\Users\o1yus\OneDrive\Desktop\Workspace\test1\Core\Src\stm32f1xx_hal_msp.c_save
2024-12-17 15:13:40,613 [INFO] CodeEngine:279 - Generated code: C:\Users\o1yus\OneDrive\Desktop\Workspace\test1\Core\Src\stm32f1xx_hal_msp.c
2024-12-17 15:13:40,616 [INFO] CodeEngine:255 - oldGeneratedFile, C:\Users\o1yus\OneDrive\Desktop\Workspace\test1\MXTmpFiles\system.tmp_save
2024-12-17 15:13:40,649 [INFO] CodeEngine:279 - Generated code: C:\Users\o1yus\OneDrive\Desktop\Workspace\test1\MXTmpFiles\system.tmp
2024-12-17 15:13:40,656 [INFO] CodeEngine:311 - oldGeneratedFile, C:\Users\o1yus\OneDrive\Desktop\Workspace\test1\Core\Inc\stm32f1xx_hal_conf.h_save
2024-12-17 15:13:40,723 [INFO] CodeEngine:335 - Generated code: C:\Users\o1yus\OneDrive\Desktop\Workspace\test1\Core\Inc\stm32f1xx_hal_conf.h
2024-12-17 15:13:40,740 [INFO] ApiDbMcu:508 - Load IP Config File for RCC
2024-12-17 15:13:40,745 [INFO] CodeEngine:255 - oldGeneratedFile, C:\Users\o1yus\OneDrive\Desktop\Workspace\test1\Core\Inc\main.h_save
2024-12-17 15:13:40,793 [INFO] CodeEngine:279 - Generated code: C:\Users\o1yus\OneDrive\Desktop\Workspace\test1\Core\Inc\main.h
2024-12-17 15:13:40,795 [INFO] CodeEngine:255 - oldGeneratedFile, C:\Users\o1yus\OneDrive\Desktop\Workspace\test1\Core\Src\main.c_save
2024-12-17 15:13:40,873 [INFO] CodeEngine:279 - Generated code: C:\Users\o1yus\OneDrive\Desktop\Workspace\test1\Core\Src\main.c
2024-12-17 15:13:40,937 [ERROR] LogOutputStream:75 - [STDERR_REDIRECT] [Fatal Error] :1:1: Premature end of file.
2024-12-17 15:13:40,937 [ERROR] LogOutputStream:75 - [STDERR_REDIRECT] 
2024-12-17 15:13:41,018 [INFO] ProjectBuilder:3289 - Time for Copy HAL[1] : 68mS.
2024-12-17 15:13:41,020 [INFO] ProjectBuilder:4876 - Project Generator version: 4.5.0-RC5
2024-12-17 15:13:41,056 [INFO] ConfigFileManager:1579 - The Die is : DIE410
2024-12-17 15:13:41,058 [INFO] ApiDbMcu:508 - Load IP Config File for FATFS
2024-12-17 15:13:41,060 [INFO] ApiDbMcu:508 - Load IP Config File for FREERTOS
2024-12-17 15:13:41,062 [INFO] ApiDbMcu:508 - Load IP Config File for USB_DEVICE
2024-12-17 15:13:41,944 [ERROR] LogOutputStream:75 - [STDERR_REDIRECT] [Fatal Error] :1:1: Premature end of file.
2024-12-17 15:13:41,945 [ERROR] LogOutputStream:75 - [STDERR_REDIRECT] 
2024-12-17 15:13:42,507 [INFO] ProjectBuilder:5154 - Time for Generating toolchain IDE Files: 1487mS.
2024-12-17 15:13:42,508 [INFO] ProjectBuilder:3146 - Time for Copy CMSIS : 1mS.
2024-12-17 15:13:42,509 [INFO] ProjectBuilder:3146 - Time for Copy CMSIS : 0mS.
2024-12-17 15:13:42,943 [ERROR] LogOutputStream:75 - [STDERR_REDIRECT] [Fatal Error] :1:1: Premature end of file.
2024-12-17 15:13:42,943 [ERROR] LogOutputStream:75 - [STDERR_REDIRECT] 
2024-12-17 15:13:43,943 [ERROR] LogOutputStream:75 - [STDERR_REDIRECT] [Fatal Error] :1:1: Premature end of file.
2024-12-17 15:13:43,944 [ERROR] LogOutputStream:75 - [STDERR_REDIRECT] 
2024-12-17 15:13:44,941 [ERROR] LogOutputStream:75 - [STDERR_REDIRECT] [Fatal Error] :1:1: Premature end of file.
2024-12-17 15:13:44,941 [ERROR] LogOutputStream:75 - [STDERR_REDIRECT] 
2024-12-17 15:13:45,936 [ERROR] LogOutputStream:75 - [STDERR_REDIRECT] [Fatal Error] :1:1: Premature end of file.
2024-12-17 15:13:45,936 [ERROR] LogOutputStream:75 - [STDERR_REDIRECT] 
2024-12-17 15:13:46,941 [ERROR] LogOutputStream:75 - [STDERR_REDIRECT] [Fatal Error] :1:1: Premature end of file.
2024-12-17 15:13:46,941 [ERROR] LogOutputStream:75 - [STDERR_REDIRECT] 
2024-12-17 15:13:47,935 [ERROR] LogOutputStream:75 - [STDERR_REDIRECT] [Fatal Error] :1:1: Premature end of file.
2024-12-17 15:13:47,935 [ERROR] LogOutputStream:75 - [STDERR_REDIRECT] 
2024-12-17 15:13:48,938 [ERROR] LogOutputStream:75 - [STDERR_REDIRECT] [Fatal Error] :1:1: Premature end of file.
2024-12-17 15:13:48,938 [ERROR] LogOutputStream:75 - [STDERR_REDIRECT] 
2024-12-17 15:13:49,938 [ERROR] LogOutputStream:75 - [STDERR_REDIRECT] [Fatal Error] :1:1: Premature end of file.
2024-12-17 15:13:49,938 [ERROR] LogOutputStream:75 - [STDERR_REDIRECT] 
2024-12-17 15:13:50,942 [ERROR] LogOutputStream:75 - [STDERR_REDIRECT] [Fatal Error] :1:1: Premature end of file.
2024-12-17 15:13:50,942 [ERROR] LogOutputStream:75 - [STDERR_REDIRECT] 
2024-12-17 15:13:51,944 [ERROR] LogOutputStream:75 - [STDERR_REDIRECT] [Fatal Error] :1:1: Premature end of file.
2024-12-17 15:13:51,944 [ERROR] LogOutputStream:75 - [STDERR_REDIRECT] 
2024-12-17 15:13:52,938 [ERROR] LogOutputStream:75 - [STDERR_REDIRECT] [Fatal Error] :1:1: Premature end of file.
2024-12-17 15:13:52,938 [ERROR] LogOutputStream:75 - [STDERR_REDIRECT] 
2024-12-17 15:13:53,939 [ERROR] LogOutputStream:75 - [STDERR_REDIRECT] [Fatal Error] :1:1: Premature end of file.
2024-12-17 15:13:53,939 [ERROR] LogOutputStream:75 - [STDERR_REDIRECT] 
2024-12-17 15:13:54,936 [ERROR] LogOutputStream:75 - [STDERR_REDIRECT] [Fatal Error] :1:1: Premature end of file.
2024-12-17 15:13:54,936 [ERROR] LogOutputStream:75 - [STDERR_REDIRECT] 
2024-12-17 15:13:55,939 [ERROR] LogOutputStream:75 - [STDERR_REDIRECT] [Fatal Error] :1:1: Premature end of file.
2024-12-17 15:13:55,939 [ERROR] LogOutputStream:75 - [STDERR_REDIRECT] 
2024-12-17 15:13:56,936 [ERROR] LogOutputStream:75 - [STDERR_REDIRECT] [Fatal Error] :1:1: Premature end of file.
2024-12-17 15:13:56,936 [ERROR] LogOutputStream:75 - [STDERR_REDIRECT] 
2024-12-17 15:13:57,938 [ERROR] LogOutputStream:75 - [STDERR_REDIRECT] [Fatal Error] :1:1: Premature end of file.
2024-12-17 15:13:57,939 [ERROR] LogOutputStream:75 - [STDERR_REDIRECT] 
2024-12-17 15:13:58,937 [ERROR] LogOutputStream:75 - [STDERR_REDIRECT] [Fatal Error] :1:1: Premature end of file.
2024-12-17 15:13:58,938 [ERROR] LogOutputStream:75 - [STDERR_REDIRECT] 
2024-12-17 15:13:59,938 [ERROR] LogOutputStream:75 - [STDERR_REDIRECT] [Fatal Error] :1:1: Premature end of file.
2024-12-17 15:13:59,938 [ERROR] LogOutputStream:75 - [STDERR_REDIRECT] 
2024-12-17 15:14:00,938 [ERROR] LogOutputStream:75 - [STDERR_REDIRECT] [Fatal Error] :1:1: Premature end of file.
2024-12-17 15:14:00,938 [ERROR] LogOutputStream:75 - [STDERR_REDIRECT] 
2024-12-17 15:14:01,938 [ERROR] LogOutputStream:75 - [STDERR_REDIRECT] [Fatal Error] :1:1: Premature end of file.
2024-12-17 15:14:01,938 [ERROR] LogOutputStream:75 - [STDERR_REDIRECT] 
2024-12-17 15:14:02,938 [ERROR] LogOutputStream:75 - [STDERR_REDIRECT] [Fatal Error] :1:1: Premature end of file.
2024-12-17 15:14:02,939 [ERROR] LogOutputStream:75 - [STDERR_REDIRECT] 
2024-12-17 15:14:03,942 [ERROR] LogOutputStream:75 - [STDERR_REDIRECT] [Fatal Error] :1:1: Premature end of file.
2024-12-17 15:14:03,942 [ERROR] LogOutputStream:75 - [STDERR_REDIRECT] 
2024-12-17 15:14:04,942 [ERROR] LogOutputStream:75 - [STDERR_REDIRECT] [Fatal Error] :1:1: Premature end of file.
2024-12-17 15:14:04,943 [ERROR] LogOutputStream:75 - [STDERR_REDIRECT] 
2024-12-17 15:14:05,938 [ERROR] LogOutputStream:75 - [STDERR_REDIRECT] [Fatal Error] :1:1: Premature end of file.
2024-12-17 15:14:05,938 [ERROR] LogOutputStream:75 - [STDERR_REDIRECT] 
2024-12-17 15:14:06,936 [ERROR] LogOutputStream:75 - [STDERR_REDIRECT] [Fatal Error] :1:1: Premature end of file.
2024-12-17 15:14:06,936 [ERROR] LogOutputStream:75 - [STDERR_REDIRECT] 
2024-12-17 15:14:07,937 [ERROR] LogOutputStream:75 - [STDERR_REDIRECT] [Fatal Error] :1:1: Premature end of file.
2024-12-17 15:14:07,937 [ERROR] LogOutputStream:75 - [STDERR_REDIRECT] 
2024-12-17 15:14:08,938 [ERROR] LogOutputStream:75 - [STDERR_REDIRECT] [Fatal Error] :1:1: Premature end of file.
2024-12-17 15:14:08,938 [ERROR] LogOutputStream:75 - [STDERR_REDIRECT] 
2024-12-17 15:14:10,043 [ERROR] LogOutputStream:75 - [STDERR_REDIRECT] [Fatal Error] :1:1: Premature end of file.
2024-12-17 15:14:10,043 [ERROR] LogOutputStream:75 - [STDERR_REDIRECT] 
2024-12-17 15:14:10,942 [ERROR] LogOutputStream:75 - [STDERR_REDIRECT] [Fatal Error] :1:1: Premature end of file.
2024-12-17 15:14:10,942 [ERROR] LogOutputStream:75 - [STDERR_REDIRECT] 
2024-12-17 15:14:11,937 [ERROR] LogOutputStream:75 - [STDERR_REDIRECT] [Fatal Error] :1:1: Premature end of file.
2024-12-17 15:14:11,937 [ERROR] LogOutputStream:75 - [STDERR_REDIRECT] 
2024-12-17 15:14:12,940 [ERROR] LogOutputStream:75 - [STDERR_REDIRECT] [Fatal Error] :1:1: Premature end of file.
2024-12-17 15:14:12,940 [ERROR] LogOutputStream:75 - [STDERR_REDIRECT] 
2024-12-17 15:14:13,938 [ERROR] LogOutputStream:75 - [STDERR_REDIRECT] [Fatal Error] :1:1: Premature end of file.
2024-12-17 15:14:13,938 [ERROR] LogOutputStream:75 - [STDERR_REDIRECT] 
2024-12-17 15:14:14,938 [ERROR] LogOutputStream:75 - [STDERR_REDIRECT] [Fatal Error] :1:1: Premature end of file.
2024-12-17 15:14:14,938 [ERROR] LogOutputStream:75 - [STDERR_REDIRECT] 
2024-12-17 15:14:15,937 [ERROR] LogOutputStream:75 - [STDERR_REDIRECT] [Fatal Error] :1:1: Premature end of file.
2024-12-17 15:14:15,938 [ERROR] LogOutputStream:75 - [STDERR_REDIRECT] 
2024-12-17 15:14:16,937 [ERROR] LogOutputStream:75 - [STDERR_REDIRECT] [Fatal Error] :1:1: Premature end of file.
2024-12-17 15:14:16,937 [ERROR] LogOutputStream:75 - [STDERR_REDIRECT] 
2024-12-17 15:14:17,945 [ERROR] LogOutputStream:75 - [STDERR_REDIRECT] [Fatal Error] :1:1: Premature end of file.
2024-12-17 15:14:17,945 [ERROR] LogOutputStream:75 - [STDERR_REDIRECT] 
2024-12-17 15:14:18,937 [ERROR] LogOutputStream:75 - [STDERR_REDIRECT] [Fatal Error] :1:1: Premature end of file.
2024-12-17 15:14:18,937 [ERROR] LogOutputStream:75 - [STDERR_REDIRECT] 
2024-12-17 15:14:19,939 [ERROR] LogOutputStream:75 - [STDERR_REDIRECT] [Fatal Error] :1:1: Premature end of file.
2024-12-17 15:14:19,939 [ERROR] LogOutputStream:75 - [STDERR_REDIRECT] 
2024-12-17 15:14:20,938 [ERROR] LogOutputStream:75 - [STDERR_REDIRECT] [Fatal Error] :1:1: Premature end of file.
2024-12-17 15:14:20,939 [ERROR] LogOutputStream:75 - [STDERR_REDIRECT] 
2024-12-17 15:14:21,939 [ERROR] LogOutputStream:75 - [STDERR_REDIRECT] [Fatal Error] :1:1: Premature end of file.
2024-12-17 15:14:21,939 [ERROR] LogOutputStream:75 - [STDERR_REDIRECT] 
2024-12-17 15:14:22,942 [ERROR] LogOutputStream:75 - [STDERR_REDIRECT] [Fatal Error] :1:1: Premature end of file.
2024-12-17 15:14:22,942 [ERROR] LogOutputStream:75 - [STDERR_REDIRECT] 
2024-12-17 15:14:23,937 [ERROR] LogOutputStream:75 - [STDERR_REDIRECT] [Fatal Error] :1:1: Premature end of file.
2024-12-17 15:14:23,937 [ERROR] LogOutputStream:75 - [STDERR_REDIRECT] 
2024-12-17 15:14:24,938 [ERROR] LogOutputStream:75 - [STDERR_REDIRECT] [Fatal Error] :1:1: Premature end of file.
2024-12-17 15:14:24,938 [ERROR] LogOutputStream:75 - [STDERR_REDIRECT] 
2024-12-17 15:14:25,940 [ERROR] LogOutputStream:75 - [STDERR_REDIRECT] [Fatal Error] :1:1: Premature end of file.
2024-12-17 15:14:25,940 [ERROR] LogOutputStream:75 - [STDERR_REDIRECT] 
2024-12-17 15:14:26,939 [ERROR] LogOutputStream:75 - [STDERR_REDIRECT] [Fatal Error] :1:1: Premature end of file.
2024-12-17 15:14:26,939 [ERROR] LogOutputStream:75 - [STDERR_REDIRECT] 
2024-12-17 15:14:27,938 [ERROR] LogOutputStream:75 - [STDERR_REDIRECT] [Fatal Error] :1:1: Premature end of file.
2024-12-17 15:14:27,938 [ERROR] LogOutputStream:75 - [STDERR_REDIRECT] 
2024-12-17 15:14:28,937 [ERROR] LogOutputStream:75 - [STDERR_REDIRECT] [Fatal Error] :1:1: Premature end of file.
2024-12-17 15:14:28,937 [ERROR] LogOutputStream:75 - [STDERR_REDIRECT] 
2024-12-17 15:14:29,938 [ERROR] LogOutputStream:75 - [STDERR_REDIRECT] [Fatal Error] :1:1: Premature end of file.
2024-12-17 15:14:29,938 [ERROR] LogOutputStream:75 - [STDERR_REDIRECT] 
2024-12-17 15:14:30,938 [ERROR] LogOutputStream:75 - [STDERR_REDIRECT] [Fatal Error] :1:1: Premature end of file.
2024-12-17 15:14:30,938 [ERROR] LogOutputStream:75 - [STDERR_REDIRECT] 
2024-12-17 15:14:31,936 [ERROR] LogOutputStream:75 - [STDERR_REDIRECT] [Fatal Error] :1:1: Premature end of file.
2024-12-17 15:14:31,936 [ERROR] LogOutputStream:75 - [STDERR_REDIRECT] 
2024-12-17 15:14:32,938 [ERROR] LogOutputStream:75 - [STDERR_REDIRECT] [Fatal Error] :1:1: Premature end of file.
2024-12-17 15:14:32,938 [ERROR] LogOutputStream:75 - [STDERR_REDIRECT] 
2024-12-17 15:14:33,938 [ERROR] LogOutputStream:75 - [STDERR_REDIRECT] [Fatal Error] :1:1: Premature end of file.
2024-12-17 15:14:33,938 [ERROR] LogOutputStream:75 - [STDERR_REDIRECT] 
2024-12-17 15:14:34,941 [ERROR] LogOutputStream:75 - [STDERR_REDIRECT] [Fatal Error] :1:1: Premature end of file.
2024-12-17 15:14:34,941 [ERROR] LogOutputStream:75 - [STDERR_REDIRECT] 
2024-12-17 15:14:35,938 [ERROR] LogOutputStream:75 - [STDERR_REDIRECT] [Fatal Error] :1:1: Premature end of file.
2024-12-17 15:14:35,938 [ERROR] LogOutputStream:75 - [STDERR_REDIRECT] 
2024-12-17 15:14:36,940 [ERROR] LogOutputStream:75 - [STDERR_REDIRECT] [Fatal Error] :1:1: Premature end of file.
2024-12-17 15:14:36,940 [ERROR] LogOutputStream:75 - [STDERR_REDIRECT] 
2024-12-17 15:14:37,937 [ERROR] LogOutputStream:75 - [STDERR_REDIRECT] [Fatal Error] :1:1: Premature end of file.
2024-12-17 15:14:37,938 [ERROR] LogOutputStream:75 - [STDERR_REDIRECT] 
2024-12-17 15:14:38,940 [ERROR] LogOutputStream:75 - [STDERR_REDIRECT] [Fatal Error] :1:1: Premature end of file.
2024-12-17 15:14:38,940 [ERROR] LogOutputStream:75 - [STDERR_REDIRECT] 
2024-12-17 15:14:39,938 [ERROR] LogOutputStream:75 - [STDERR_REDIRECT] [Fatal Error] :1:1: Premature end of file.
2024-12-17 15:14:39,938 [ERROR] LogOutputStream:75 - [STDERR_REDIRECT] 
2024-12-17 15:14:40,939 [ERROR] LogOutputStream:75 - [STDERR_REDIRECT] [Fatal Error] :1:1: Premature end of file.
2024-12-17 15:14:40,939 [ERROR] LogOutputStream:75 - [STDERR_REDIRECT] 
2024-12-17 15:14:41,939 [ERROR] LogOutputStream:75 - [STDERR_REDIRECT] [Fatal Error] :1:1: Premature end of file.
2024-12-17 15:14:41,939 [ERROR] LogOutputStream:75 - [STDERR_REDIRECT] 
2024-12-17 15:14:42,939 [ERROR] LogOutputStream:75 - [STDERR_REDIRECT] [Fatal Error] :1:1: Premature end of file.
2024-12-17 15:14:42,939 [ERROR] LogOutputStream:75 - [STDERR_REDIRECT] 
2024-12-17 15:14:43,940 [ERROR] LogOutputStream:75 - [STDERR_REDIRECT] [Fatal Error] :1:1: Premature end of file.
2024-12-17 15:14:43,940 [ERROR] LogOutputStream:75 - [STDERR_REDIRECT] 
2024-12-17 15:14:44,938 [ERROR] LogOutputStream:75 - [STDERR_REDIRECT] [Fatal Error] :1:1: Premature end of file.
2024-12-17 15:14:44,938 [ERROR] LogOutputStream:75 - [STDERR_REDIRECT] 
2024-12-17 15:14:45,937 [ERROR] LogOutputStream:75 - [STDERR_REDIRECT] [Fatal Error] :1:1: Premature end of file.
2024-12-17 15:14:45,938 [ERROR] LogOutputStream:75 - [STDERR_REDIRECT] 
2024-12-17 15:14:46,940 [ERROR] LogOutputStream:75 - [STDERR_REDIRECT] [Fatal Error] :1:1: Premature end of file.
2024-12-17 15:14:46,940 [ERROR] LogOutputStream:75 - [STDERR_REDIRECT] 
2024-12-17 15:14:47,937 [ERROR] LogOutputStream:75 - [STDERR_REDIRECT] [Fatal Error] :1:1: Premature end of file.
2024-12-17 15:14:47,937 [ERROR] LogOutputStream:75 - [STDERR_REDIRECT] 
2024-12-17 15:14:48,937 [ERROR] LogOutputStream:75 - [STDERR_REDIRECT] [Fatal Error] :1:1: Premature end of file.
2024-12-17 15:14:48,937 [ERROR] LogOutputStream:75 - [STDERR_REDIRECT] 
2024-12-17 15:14:49,940 [ERROR] LogOutputStream:75 - [STDERR_REDIRECT] [Fatal Error] :1:1: Premature end of file.
2024-12-17 15:14:49,940 [ERROR] LogOutputStream:75 - [STDERR_REDIRECT] 
2024-12-17 15:14:50,940 [ERROR] LogOutputStream:75 - [STDERR_REDIRECT] [Fatal Error] :1:1: Premature end of file.
2024-12-17 15:14:50,940 [ERROR] LogOutputStream:75 - [STDERR_REDIRECT] 
2024-12-17 15:14:51,938 [ERROR] LogOutputStream:75 - [STDERR_REDIRECT] [Fatal Error] :1:1: Premature end of file.
2024-12-17 15:14:51,938 [ERROR] LogOutputStream:75 - [STDERR_REDIRECT] 
2024-12-17 15:14:52,938 [ERROR] LogOutputStream:75 - [STDERR_REDIRECT] [Fatal Error] :1:1: Premature end of file.
2024-12-17 15:14:52,938 [ERROR] LogOutputStream:75 - [STDERR_REDIRECT] 
2024-12-17 15:14:53,941 [ERROR] LogOutputStream:75 - [STDERR_REDIRECT] [Fatal Error] :1:1: Premature end of file.
2024-12-17 15:14:53,942 [ERROR] LogOutputStream:75 - [STDERR_REDIRECT] 
2024-12-17 15:14:54,940 [ERROR] LogOutputStream:75 - [STDERR_REDIRECT] [Fatal Error] :1:1: Premature end of file.
2024-12-17 15:14:54,940 [ERROR] LogOutputStream:75 - [STDERR_REDIRECT] 
2024-12-17 15:14:55,941 [ERROR] LogOutputStream:75 - [STDERR_REDIRECT] [Fatal Error] :1:1: Premature end of file.
2024-12-17 15:14:55,941 [ERROR] LogOutputStream:75 - [STDERR_REDIRECT] 
2024-12-17 15:14:56,944 [ERROR] LogOutputStream:75 - [STDERR_REDIRECT] [Fatal Error] :1:1: Premature end of file.
2024-12-17 15:14:56,944 [ERROR] LogOutputStream:75 - [STDERR_REDIRECT] 
2024-12-17 15:14:57,939 [ERROR] LogOutputStream:75 - [STDERR_REDIRECT] [Fatal Error] :1:1: Premature end of file.
2024-12-17 15:14:57,939 [ERROR] LogOutputStream:75 - [STDERR_REDIRECT] 
2024-12-17 15:14:58,941 [ERROR] LogOutputStream:75 - [STDERR_REDIRECT] [Fatal Error] :1:1: Premature end of file.
2024-12-17 15:14:58,941 [ERROR] LogOutputStream:75 - [STDERR_REDIRECT] 
2024-12-17 15:14:59,940 [ERROR] LogOutputStream:75 - [STDERR_REDIRECT] [Fatal Error] :1:1: Premature end of file.
2024-12-17 15:14:59,940 [ERROR] LogOutputStream:75 - [STDERR_REDIRECT] 
2024-12-17 15:15:00,939 [ERROR] LogOutputStream:75 - [STDERR_REDIRECT] [Fatal Error] :1:1: Premature end of file.
2024-12-17 15:15:00,939 [ERROR] LogOutputStream:75 - [STDERR_REDIRECT] 
2024-12-17 15:15:01,940 [ERROR] LogOutputStream:75 - [STDERR_REDIRECT] [Fatal Error] :1:1: Premature end of file.
2024-12-17 15:15:01,940 [ERROR] LogOutputStream:75 - [STDERR_REDIRECT] 
2024-12-17 15:15:02,941 [ERROR] LogOutputStream:75 - [STDERR_REDIRECT] [Fatal Error] :1:1: Premature end of file.
2024-12-17 15:15:02,941 [ERROR] LogOutputStream:75 - [STDERR_REDIRECT] 
2024-12-17 15:15:03,939 [ERROR] LogOutputStream:75 - [STDERR_REDIRECT] [Fatal Error] :1:1: Premature end of file.
2024-12-17 15:15:03,939 [ERROR] LogOutputStream:75 - [STDERR_REDIRECT] 
2024-12-17 15:15:04,938 [ERROR] LogOutputStream:75 - [STDERR_REDIRECT] [Fatal Error] :1:1: Premature end of file.
2024-12-17 15:15:04,938 [ERROR] LogOutputStream:75 - [STDERR_REDIRECT] 
2024-12-17 15:15:05,938 [ERROR] LogOutputStream:75 - [STDERR_REDIRECT] [Fatal Error] :1:1: Premature end of file.
2024-12-17 15:15:05,938 [ERROR] LogOutputStream:75 - [STDERR_REDIRECT] 
2024-12-17 15:15:06,939 [ERROR] LogOutputStream:75 - [STDERR_REDIRECT] [Fatal Error] :1:1: Premature end of file.
2024-12-17 15:15:06,939 [ERROR] LogOutputStream:75 - [STDERR_REDIRECT] 
2024-12-17 15:15:07,937 [ERROR] LogOutputStream:75 - [STDERR_REDIRECT] [Fatal Error] :1:1: Premature end of file.
2024-12-17 15:15:07,937 [ERROR] LogOutputStream:75 - [STDERR_REDIRECT] 
2024-12-17 15:15:08,939 [ERROR] LogOutputStream:75 - [STDERR_REDIRECT] [Fatal Error] :1:1: Premature end of file.
2024-12-17 15:15:08,939 [ERROR] LogOutputStream:75 - [STDERR_REDIRECT] 
2024-12-17 15:15:09,939 [ERROR] LogOutputStream:75 - [STDERR_REDIRECT] [Fatal Error] :1:1: Premature end of file.
2024-12-17 15:15:09,940 [ERROR] LogOutputStream:75 - [STDERR_REDIRECT] 
2024-12-17 15:15:10,939 [ERROR] LogOutputStream:75 - [STDERR_REDIRECT] [Fatal Error] :1:1: Premature end of file.
2024-12-17 15:15:10,939 [ERROR] LogOutputStream:75 - [STDERR_REDIRECT] 
2024-12-17 15:15:11,938 [ERROR] LogOutputStream:75 - [STDERR_REDIRECT] [Fatal Error] :1:1: Premature end of file.
2024-12-17 15:15:11,938 [ERROR] LogOutputStream:75 - [STDERR_REDIRECT] 
2024-12-17 15:15:12,936 [ERROR] LogOutputStream:75 - [STDERR_REDIRECT] [Fatal Error] :1:1: Premature end of file.
2024-12-17 15:15:12,936 [ERROR] LogOutputStream:75 - [STDERR_REDIRECT] 
2024-12-17 15:15:13,938 [ERROR] LogOutputStream:75 - [STDERR_REDIRECT] [Fatal Error] :1:1: Premature end of file.
2024-12-17 15:15:13,938 [ERROR] LogOutputStream:75 - [STDERR_REDIRECT] 
2024-12-17 15:15:14,939 [ERROR] LogOutputStream:75 - [STDERR_REDIRECT] [Fatal Error] :1:1: Premature end of file.
2024-12-17 15:15:14,939 [ERROR] LogOutputStream:75 - [STDERR_REDIRECT] 
2024-12-17 15:15:15,938 [ERROR] LogOutputStream:75 - [STDERR_REDIRECT] [Fatal Error] :1:1: Premature end of file.
2024-12-17 15:15:15,938 [ERROR] LogOutputStream:75 - [STDERR_REDIRECT] 
2024-12-17 15:15:16,938 [ERROR] LogOutputStream:75 - [STDERR_REDIRECT] [Fatal Error] :1:1: Premature end of file.
2024-12-17 15:15:16,938 [ERROR] LogOutputStream:75 - [STDERR_REDIRECT] 
2024-12-17 15:15:17,938 [ERROR] LogOutputStream:75 - [STDERR_REDIRECT] [Fatal Error] :1:1: Premature end of file.
2024-12-17 15:15:17,938 [ERROR] LogOutputStream:75 - [STDERR_REDIRECT] 
2024-12-17 15:15:18,937 [ERROR] LogOutputStream:75 - [STDERR_REDIRECT] [Fatal Error] :1:1: Premature end of file.
2024-12-17 15:15:18,937 [ERROR] LogOutputStream:75 - [STDERR_REDIRECT] 
2024-12-17 15:15:19,938 [ERROR] LogOutputStream:75 - [STDERR_REDIRECT] [Fatal Error] :1:1: Premature end of file.
2024-12-17 15:15:19,938 [ERROR] LogOutputStream:75 - [STDERR_REDIRECT] 
2024-12-17 15:15:20,938 [ERROR] LogOutputStream:75 - [STDERR_REDIRECT] [Fatal Error] :1:1: Premature end of file.
2024-12-17 15:15:20,938 [ERROR] LogOutputStream:75 - [STDERR_REDIRECT] 
2024-12-17 15:15:21,941 [ERROR] LogOutputStream:75 - [STDERR_REDIRECT] [Fatal Error] :1:1: Premature end of file.
2024-12-17 15:15:21,941 [ERROR] LogOutputStream:75 - [STDERR_REDIRECT] 
2024-12-17 15:15:22,937 [ERROR] LogOutputStream:75 - [STDERR_REDIRECT] [Fatal Error] :1:1: Premature end of file.
2024-12-17 15:15:22,937 [ERROR] LogOutputStream:75 - [STDERR_REDIRECT] 
2024-12-17 15:15:23,938 [ERROR] LogOutputStream:75 - [STDERR_REDIRECT] [Fatal Error] :1:1: Premature end of file.
2024-12-17 15:15:23,938 [ERROR] LogOutputStream:75 - [STDERR_REDIRECT] 
2024-12-17 15:15:24,939 [ERROR] LogOutputStream:75 - [STDERR_REDIRECT] [Fatal Error] :1:1: Premature end of file.
2024-12-17 15:15:24,939 [ERROR] LogOutputStream:75 - [STDERR_REDIRECT] 
2024-12-17 15:15:25,938 [ERROR] LogOutputStream:75 - [STDERR_REDIRECT] [Fatal Error] :1:1: Premature end of file.
2024-12-17 15:15:25,938 [ERROR] LogOutputStream:75 - [STDERR_REDIRECT] 
2024-12-17 15:15:26,938 [ERROR] LogOutputStream:75 - [STDERR_REDIRECT] [Fatal Error] :1:1: Premature end of file.
2024-12-17 15:15:26,938 [ERROR] LogOutputStream:75 - [STDERR_REDIRECT] 
2024-12-17 15:15:27,938 [ERROR] LogOutputStream:75 - [STDERR_REDIRECT] [Fatal Error] :1:1: Premature end of file.
2024-12-17 15:15:27,938 [ERROR] LogOutputStream:75 - [STDERR_REDIRECT] 
2024-12-17 15:15:28,939 [ERROR] LogOutputStream:75 - [STDERR_REDIRECT] [Fatal Error] :1:1: Premature end of file.
2024-12-17 15:15:28,939 [ERROR] LogOutputStream:75 - [STDERR_REDIRECT] 
2024-12-17 15:15:29,936 [ERROR] LogOutputStream:75 - [STDERR_REDIRECT] [Fatal Error] :1:1: Premature end of file.
2024-12-17 15:15:29,936 [ERROR] LogOutputStream:75 - [STDERR_REDIRECT] 
2024-12-17 15:15:30,939 [ERROR] LogOutputStream:75 - [STDERR_REDIRECT] [Fatal Error] :1:1: Premature end of file.
2024-12-17 15:15:30,939 [ERROR] LogOutputStream:75 - [STDERR_REDIRECT] 
2024-12-17 15:15:31,938 [ERROR] LogOutputStream:75 - [STDERR_REDIRECT] [Fatal Error] :1:1: Premature end of file.
2024-12-17 15:15:31,938 [ERROR] LogOutputStream:75 - [STDERR_REDIRECT] 
2024-12-17 15:15:32,940 [ERROR] LogOutputStream:75 - [STDERR_REDIRECT] [Fatal Error] :1:1: Premature end of file.
2024-12-17 15:15:32,940 [ERROR] LogOutputStream:75 - [STDERR_REDIRECT] 
2024-12-17 15:15:33,939 [ERROR] LogOutputStream:75 - [STDERR_REDIRECT] [Fatal Error] :1:1: Premature end of file.
2024-12-17 15:15:33,939 [ERROR] LogOutputStream:75 - [STDERR_REDIRECT] 
2024-12-17 15:15:34,938 [ERROR] LogOutputStream:75 - [STDERR_REDIRECT] [Fatal Error] :1:1: Premature end of file.
2024-12-17 15:15:34,938 [ERROR] LogOutputStream:75 - [STDERR_REDIRECT] 
2024-12-17 15:15:35,939 [ERROR] LogOutputStream:75 - [STDERR_REDIRECT] [Fatal Error] :1:1: Premature end of file.
2024-12-17 15:15:35,939 [ERROR] LogOutputStream:75 - [STDERR_REDIRECT] 
2024-12-17 15:15:36,938 [ERROR] LogOutputStream:75 - [STDERR_REDIRECT] [Fatal Error] :1:1: Premature end of file.
2024-12-17 15:15:36,938 [ERROR] LogOutputStream:75 - [STDERR_REDIRECT] 
2024-12-17 15:15:37,940 [ERROR] LogOutputStream:75 - [STDERR_REDIRECT] [Fatal Error] :1:1: Premature end of file.
2024-12-17 15:15:37,940 [ERROR] LogOutputStream:75 - [STDERR_REDIRECT] 
2024-12-17 15:15:38,938 [ERROR] LogOutputStream:75 - [STDERR_REDIRECT] [Fatal Error] :1:1: Premature end of file.
2024-12-17 15:15:38,938 [ERROR] LogOutputStream:75 - [STDERR_REDIRECT] 
2024-12-17 15:15:39,940 [ERROR] LogOutputStream:75 - [STDERR_REDIRECT] [Fatal Error] :1:1: Premature end of file.
2024-12-17 15:15:39,940 [ERROR] LogOutputStream:75 - [STDERR_REDIRECT] 
2024-12-17 15:15:40,938 [ERROR] LogOutputStream:75 - [STDERR_REDIRECT] [Fatal Error] :1:1: Premature end of file.
2024-12-17 15:15:40,938 [ERROR] LogOutputStream:75 - [STDERR_REDIRECT] 
2024-12-17 15:15:41,937 [ERROR] LogOutputStream:75 - [STDERR_REDIRECT] [Fatal Error] :1:1: Premature end of file.
2024-12-17 15:15:41,937 [ERROR] LogOutputStream:75 - [STDERR_REDIRECT] 
2024-12-17 15:15:42,938 [ERROR] LogOutputStream:75 - [STDERR_REDIRECT] [Fatal Error] :1:1: Premature end of file.
2024-12-17 15:15:42,938 [ERROR] LogOutputStream:75 - [STDERR_REDIRECT] 
2024-12-17 15:15:43,940 [ERROR] LogOutputStream:75 - [STDERR_REDIRECT] [Fatal Error] :1:1: Premature end of file.
2024-12-17 15:15:43,940 [ERROR] LogOutputStream:75 - [STDERR_REDIRECT] 
2024-12-17 15:15:44,939 [ERROR] LogOutputStream:75 - [STDERR_REDIRECT] [Fatal Error] :1:1: Premature end of file.
2024-12-17 15:15:44,939 [ERROR] LogOutputStream:75 - [STDERR_REDIRECT] 
2024-12-17 15:15:45,937 [ERROR] LogOutputStream:75 - [STDERR_REDIRECT] [Fatal Error] :1:1: Premature end of file.
2024-12-17 15:15:45,937 [ERROR] LogOutputStream:75 - [STDERR_REDIRECT] 
2024-12-17 15:15:46,940 [ERROR] LogOutputStream:75 - [STDERR_REDIRECT] [Fatal Error] :1:1: Premature end of file.
2024-12-17 15:15:46,940 [ERROR] LogOutputStream:75 - [STDERR_REDIRECT] 
2024-12-17 15:15:47,939 [ERROR] LogOutputStream:75 - [STDERR_REDIRECT] [Fatal Error] :1:1: Premature end of file.
2024-12-17 15:15:47,939 [ERROR] LogOutputStream:75 - [STDERR_REDIRECT] 
2024-12-17 15:15:48,938 [ERROR] LogOutputStream:75 - [STDERR_REDIRECT] [Fatal Error] :1:1: Premature end of file.
2024-12-17 15:15:48,938 [ERROR] LogOutputStream:75 - [STDERR_REDIRECT] 
2024-12-17 15:15:49,937 [ERROR] LogOutputStream:75 - [STDERR_REDIRECT] [Fatal Error] :1:1: Premature end of file.
2024-12-17 15:15:49,937 [ERROR] LogOutputStream:75 - [STDERR_REDIRECT] 
2024-12-17 15:15:50,938 [ERROR] LogOutputStream:75 - [STDERR_REDIRECT] [Fatal Error] :1:1: Premature end of file.
2024-12-17 15:15:50,938 [ERROR] LogOutputStream:75 - [STDERR_REDIRECT] 
2024-12-17 15:15:51,940 [ERROR] LogOutputStream:75 - [STDERR_REDIRECT] [Fatal Error] :1:1: Premature end of file.
2024-12-17 15:15:51,940 [ERROR] LogOutputStream:75 - [STDERR_REDIRECT] 
2024-12-17 15:15:52,941 [ERROR] LogOutputStream:75 - [STDERR_REDIRECT] [Fatal Error] :1:1: Premature end of file.
2024-12-17 15:15:52,941 [ERROR] LogOutputStream:75 - [STDERR_REDIRECT] 
2024-12-17 15:15:53,939 [ERROR] LogOutputStream:75 - [STDERR_REDIRECT] [Fatal Error] :1:1: Premature end of file.
2024-12-17 15:15:53,939 [ERROR] LogOutputStream:75 - [STDERR_REDIRECT] 
2024-12-17 15:15:54,938 [ERROR] LogOutputStream:75 - [STDERR_REDIRECT] [Fatal Error] :1:1: Premature end of file.
2024-12-17 15:15:54,938 [ERROR] LogOutputStream:75 - [STDERR_REDIRECT] 
2024-12-17 15:15:55,940 [ERROR] LogOutputStream:75 - [STDERR_REDIRECT] [Fatal Error] :1:1: Premature end of file.
2024-12-17 15:15:55,940 [ERROR] LogOutputStream:75 - [STDERR_REDIRECT] 
2024-12-17 15:15:56,938 [ERROR] LogOutputStream:75 - [STDERR_REDIRECT] [Fatal Error] :1:1: Premature end of file.
2024-12-17 15:15:56,939 [ERROR] LogOutputStream:75 - [STDERR_REDIRECT] 
2024-12-17 15:15:57,937 [ERROR] LogOutputStream:75 - [STDERR_REDIRECT] [Fatal Error] :1:1: Premature end of file.
2024-12-17 15:15:57,937 [ERROR] LogOutputStream:75 - [STDERR_REDIRECT] 
2024-12-17 15:15:58,938 [ERROR] LogOutputStream:75 - [STDERR_REDIRECT] [Fatal Error] :1:1: Premature end of file.
2024-12-17 15:15:58,938 [ERROR] LogOutputStream:75 - [STDERR_REDIRECT] 
2024-12-17 15:15:59,940 [ERROR] LogOutputStream:75 - [STDERR_REDIRECT] [Fatal Error] :1:1: Premature end of file.
2024-12-17 15:15:59,940 [ERROR] LogOutputStream:75 - [STDERR_REDIRECT] 
2024-12-17 15:16:00,941 [ERROR] LogOutputStream:75 - [STDERR_REDIRECT] [Fatal Error] :1:1: Premature end of file.
2024-12-17 15:16:00,941 [ERROR] LogOutputStream:75 - [STDERR_REDIRECT] 
2024-12-17 15:16:01,938 [ERROR] LogOutputStream:75 - [STDERR_REDIRECT] [Fatal Error] :1:1: Premature end of file.
2024-12-17 15:16:01,938 [ERROR] LogOutputStream:75 - [STDERR_REDIRECT] 
2024-12-17 15:16:02,941 [ERROR] LogOutputStream:75 - [STDERR_REDIRECT] [Fatal Error] :1:1: Premature end of file.
2024-12-17 15:16:02,941 [ERROR] LogOutputStream:75 - [STDERR_REDIRECT] 
2024-12-17 15:16:03,940 [ERROR] LogOutputStream:75 - [STDERR_REDIRECT] [Fatal Error] :1:1: Premature end of file.
2024-12-17 15:16:03,940 [ERROR] LogOutputStream:75 - [STDERR_REDIRECT] 
2024-12-17 15:16:04,941 [ERROR] LogOutputStream:75 - [STDERR_REDIRECT] [Fatal Error] :1:1: Premature end of file.
2024-12-17 15:16:04,941 [ERROR] LogOutputStream:75 - [STDERR_REDIRECT] 
2024-12-17 15:16:05,940 [ERROR] LogOutputStream:75 - [STDERR_REDIRECT] [Fatal Error] :1:1: Premature end of file.
2024-12-17 15:16:05,940 [ERROR] LogOutputStream:75 - [STDERR_REDIRECT] 
2024-12-17 15:16:06,941 [ERROR] LogOutputStream:75 - [STDERR_REDIRECT] [Fatal Error] :1:1: Premature end of file.
2024-12-17 15:16:06,941 [ERROR] LogOutputStream:75 - [STDERR_REDIRECT] 
2024-12-17 15:16:07,939 [ERROR] LogOutputStream:75 - [STDERR_REDIRECT] [Fatal Error] :1:1: Premature end of file.
2024-12-17 15:16:07,939 [ERROR] LogOutputStream:75 - [STDERR_REDIRECT] 
2024-12-17 15:16:08,939 [ERROR] LogOutputStream:75 - [STDERR_REDIRECT] [Fatal Error] :1:1: Premature end of file.
2024-12-17 15:16:08,939 [ERROR] LogOutputStream:75 - [STDERR_REDIRECT] 
2024-12-17 15:16:09,941 [ERROR] LogOutputStream:75 - [STDERR_REDIRECT] [Fatal Error] :1:1: Premature end of file.
2024-12-17 15:16:09,941 [ERROR] LogOutputStream:75 - [STDERR_REDIRECT] 
2024-12-17 15:16:10,941 [ERROR] LogOutputStream:75 - [STDERR_REDIRECT] [Fatal Error] :1:1: Premature end of file.
2024-12-17 15:16:10,941 [ERROR] LogOutputStream:75 - [STDERR_REDIRECT] 
2024-12-17 15:16:11,941 [ERROR] LogOutputStream:75 - [STDERR_REDIRECT] [Fatal Error] :1:1: Premature end of file.
2024-12-17 15:16:11,941 [ERROR] LogOutputStream:75 - [STDERR_REDIRECT] 
2024-12-17 15:16:12,938 [ERROR] LogOutputStream:75 - [STDERR_REDIRECT] [Fatal Error] :1:1: Premature end of file.
2024-12-17 15:16:12,938 [ERROR] LogOutputStream:75 - [STDERR_REDIRECT] 
2024-12-17 15:16:13,937 [ERROR] LogOutputStream:75 - [STDERR_REDIRECT] [Fatal Error] :1:1: Premature end of file.
2024-12-17 15:16:13,937 [ERROR] LogOutputStream:75 - [STDERR_REDIRECT] 
2024-12-17 15:16:14,939 [ERROR] LogOutputStream:75 - [STDERR_REDIRECT] [Fatal Error] :1:1: Premature end of file.
2024-12-17 15:16:14,940 [ERROR] LogOutputStream:75 - [STDERR_REDIRECT] 
2024-12-17 15:16:15,939 [ERROR] LogOutputStream:75 - [STDERR_REDIRECT] [Fatal Error] :1:1: Premature end of file.
2024-12-17 15:16:15,939 [ERROR] LogOutputStream:75 - [STDERR_REDIRECT] 
2024-12-17 15:16:16,939 [ERROR] LogOutputStream:75 - [STDERR_REDIRECT] [Fatal Error] :1:1: Premature end of file.
2024-12-17 15:16:16,939 [ERROR] LogOutputStream:75 - [STDERR_REDIRECT] 
2024-12-17 15:16:17,936 [ERROR] LogOutputStream:75 - [STDERR_REDIRECT] [Fatal Error] :1:1: Premature end of file.
2024-12-17 15:16:17,936 [ERROR] LogOutputStream:75 - [STDERR_REDIRECT] 
2024-12-17 15:16:18,939 [ERROR] LogOutputStream:75 - [STDERR_REDIRECT] [Fatal Error] :1:1: Premature end of file.
2024-12-17 15:16:18,939 [ERROR] LogOutputStream:75 - [STDERR_REDIRECT] 
2024-12-17 15:16:19,937 [ERROR] LogOutputStream:75 - [STDERR_REDIRECT] [Fatal Error] :1:1: Premature end of file.
2024-12-17 15:16:19,937 [ERROR] LogOutputStream:75 - [STDERR_REDIRECT] 
2024-12-17 15:16:20,939 [ERROR] LogOutputStream:75 - [STDERR_REDIRECT] [Fatal Error] :1:1: Premature end of file.
2024-12-17 15:16:20,939 [ERROR] LogOutputStream:75 - [STDERR_REDIRECT] 
2024-12-17 15:16:21,937 [ERROR] LogOutputStream:75 - [STDERR_REDIRECT] [Fatal Error] :1:1: Premature end of file.
2024-12-17 15:16:21,937 [ERROR] LogOutputStream:75 - [STDERR_REDIRECT] 
2024-12-17 15:16:22,937 [ERROR] LogOutputStream:75 - [STDERR_REDIRECT] [Fatal Error] :1:1: Premature end of file.
2024-12-17 15:16:22,937 [ERROR] LogOutputStream:75 - [STDERR_REDIRECT] 
2024-12-17 15:16:23,951 [ERROR] LogOutputStream:75 - [STDERR_REDIRECT] [Fatal Error] :1:1: Premature end of file.
2024-12-17 15:16:23,951 [ERROR] LogOutputStream:75 - [STDERR_REDIRECT] 
2024-12-17 15:16:24,940 [ERROR] LogOutputStream:75 - [STDERR_REDIRECT] [Fatal Error] :1:1: Premature end of file.
2024-12-17 15:16:24,940 [ERROR] LogOutputStream:75 - [STDERR_REDIRECT] 
2024-12-17 15:16:25,938 [ERROR] LogOutputStream:75 - [STDERR_REDIRECT] [Fatal Error] :1:1: Premature end of file.
2024-12-17 15:16:25,938 [ERROR] LogOutputStream:75 - [STDERR_REDIRECT] 
2024-12-17 15:16:26,938 [ERROR] LogOutputStream:75 - [STDERR_REDIRECT] [Fatal Error] :1:1: Premature end of file.
2024-12-17 15:16:26,938 [ERROR] LogOutputStream:75 - [STDERR_REDIRECT] 
2024-12-17 15:16:27,938 [ERROR] LogOutputStream:75 - [STDERR_REDIRECT] [Fatal Error] :1:1: Premature end of file.
2024-12-17 15:16:27,938 [ERROR] LogOutputStream:75 - [STDERR_REDIRECT] 
2024-12-17 15:16:28,939 [ERROR] LogOutputStream:75 - [STDERR_REDIRECT] [Fatal Error] :1:1: Premature end of file.
2024-12-17 15:16:28,939 [ERROR] LogOutputStream:75 - [STDERR_REDIRECT] 
2024-12-17 15:16:29,939 [ERROR] LogOutputStream:75 - [STDERR_REDIRECT] [Fatal Error] :1:1: Premature end of file.
2024-12-17 15:16:29,939 [ERROR] LogOutputStream:75 - [STDERR_REDIRECT] 
2024-12-17 15:16:30,938 [ERROR] LogOutputStream:75 - [STDERR_REDIRECT] [Fatal Error] :1:1: Premature end of file.
2024-12-17 15:16:30,938 [ERROR] LogOutputStream:75 - [STDERR_REDIRECT] 
2024-12-17 15:16:31,939 [ERROR] LogOutputStream:75 - [STDERR_REDIRECT] [Fatal Error] :1:1: Premature end of file.
2024-12-17 15:16:31,939 [ERROR] LogOutputStream:75 - [STDERR_REDIRECT] 
2024-12-17 15:16:32,940 [ERROR] LogOutputStream:75 - [STDERR_REDIRECT] [Fatal Error] :1:1: Premature end of file.
2024-12-17 15:16:32,940 [ERROR] LogOutputStream:75 - [STDERR_REDIRECT] 
2024-12-17 15:16:33,937 [ERROR] LogOutputStream:75 - [STDERR_REDIRECT] [Fatal Error] :1:1: Premature end of file.
2024-12-17 15:16:33,937 [ERROR] LogOutputStream:75 - [STDERR_REDIRECT] 
2024-12-17 15:16:34,938 [ERROR] LogOutputStream:75 - [STDERR_REDIRECT] [Fatal Error] :1:1: Premature end of file.
2024-12-17 15:16:34,938 [ERROR] LogOutputStream:75 - [STDERR_REDIRECT] 
2024-12-17 15:16:35,939 [ERROR] LogOutputStream:75 - [STDERR_REDIRECT] [Fatal Error] :1:1: Premature end of file.
2024-12-17 15:16:35,940 [ERROR] LogOutputStream:75 - [STDERR_REDIRECT] 
2024-12-17 15:16:36,938 [ERROR] LogOutputStream:75 - [STDERR_REDIRECT] [Fatal Error] :1:1: Premature end of file.
2024-12-17 15:16:36,938 [ERROR] LogOutputStream:75 - [STDERR_REDIRECT] 
2024-12-17 15:16:37,939 [ERROR] LogOutputStream:75 - [STDERR_REDIRECT] [Fatal Error] :1:1: Premature end of file.
2024-12-17 15:16:37,939 [ERROR] LogOutputStream:75 - [STDERR_REDIRECT] 
2024-12-17 15:16:38,939 [ERROR] LogOutputStream:75 - [STDERR_REDIRECT] [Fatal Error] :1:1: Premature end of file.
2024-12-17 15:16:38,939 [ERROR] LogOutputStream:75 - [STDERR_REDIRECT] 
2024-12-17 15:16:39,937 [ERROR] LogOutputStream:75 - [STDERR_REDIRECT] [Fatal Error] :1:1: Premature end of file.
2024-12-17 15:16:39,937 [ERROR] LogOutputStream:75 - [STDERR_REDIRECT] 
2024-12-17 15:16:40,938 [ERROR] LogOutputStream:75 - [STDERR_REDIRECT] [Fatal Error] :1:1: Premature end of file.
2024-12-17 15:16:40,938 [ERROR] LogOutputStream:75 - [STDERR_REDIRECT] 
2024-12-17 15:16:41,941 [ERROR] LogOutputStream:75 - [STDERR_REDIRECT] [Fatal Error] :1:1: Premature end of file.
2024-12-17 15:16:41,941 [ERROR] LogOutputStream:75 - [STDERR_REDIRECT] 
2024-12-17 15:16:42,940 [ERROR] LogOutputStream:75 - [STDERR_REDIRECT] [Fatal Error] :1:1: Premature end of file.
2024-12-17 15:16:42,940 [ERROR] LogOutputStream:75 - [STDERR_REDIRECT] 
2024-12-17 15:16:43,941 [ERROR] LogOutputStream:75 - [STDERR_REDIRECT] [Fatal Error] :1:1: Premature end of file.
2024-12-17 15:16:43,941 [ERROR] LogOutputStream:75 - [STDERR_REDIRECT] 
2024-12-17 15:16:44,936 [ERROR] LogOutputStream:75 - [STDERR_REDIRECT] [Fatal Error] :1:1: Premature end of file.
2024-12-17 15:16:44,936 [ERROR] LogOutputStream:75 - [STDERR_REDIRECT] 
2024-12-17 15:16:45,939 [ERROR] LogOutputStream:75 - [STDERR_REDIRECT] [Fatal Error] :1:1: Premature end of file.
2024-12-17 15:16:45,940 [ERROR] LogOutputStream:75 - [STDERR_REDIRECT] 
2024-12-17 15:16:46,938 [ERROR] LogOutputStream:75 - [STDERR_REDIRECT] [Fatal Error] :1:1: Premature end of file.
2024-12-17 15:16:46,939 [ERROR] LogOutputStream:75 - [STDERR_REDIRECT] 
2024-12-17 15:16:47,937 [ERROR] LogOutputStream:75 - [STDERR_REDIRECT] [Fatal Error] :1:1: Premature end of file.
2024-12-17 15:16:47,937 [ERROR] LogOutputStream:75 - [STDERR_REDIRECT] 
2024-12-17 15:16:48,937 [ERROR] LogOutputStream:75 - [STDERR_REDIRECT] [Fatal Error] :1:1: Premature end of file.
2024-12-17 15:16:48,937 [ERROR] LogOutputStream:75 - [STDERR_REDIRECT] 
2024-12-17 15:16:49,938 [ERROR] LogOutputStream:75 - [STDERR_REDIRECT] [Fatal Error] :1:1: Premature end of file.
2024-12-17 15:16:49,939 [ERROR] LogOutputStream:75 - [STDERR_REDIRECT] 
2024-12-17 15:16:50,938 [ERROR] LogOutputStream:75 - [STDERR_REDIRECT] [Fatal Error] :1:1: Premature end of file.
2024-12-17 15:16:50,938 [ERROR] LogOutputStream:75 - [STDERR_REDIRECT] 
2024-12-17 15:16:51,937 [ERROR] LogOutputStream:75 - [STDERR_REDIRECT] [Fatal Error] :1:1: Premature end of file.
2024-12-17 15:16:51,938 [ERROR] LogOutputStream:75 - [STDERR_REDIRECT] 
2024-12-17 15:16:52,941 [ERROR] LogOutputStream:75 - [STDERR_REDIRECT] [Fatal Error] :1:1: Premature end of file.
2024-12-17 15:16:52,941 [ERROR] LogOutputStream:75 - [STDERR_REDIRECT] 
2024-12-17 15:16:53,936 [ERROR] LogOutputStream:75 - [STDERR_REDIRECT] [Fatal Error] :1:1: Premature end of file.
2024-12-17 15:16:53,936 [ERROR] LogOutputStream:75 - [STDERR_REDIRECT] 
2024-12-17 15:16:54,937 [ERROR] LogOutputStream:75 - [STDERR_REDIRECT] [Fatal Error] :1:1: Premature end of file.
2024-12-17 15:16:54,937 [ERROR] LogOutputStream:75 - [STDERR_REDIRECT] 
2024-12-17 15:16:55,937 [ERROR] LogOutputStream:75 - [STDERR_REDIRECT] [Fatal Error] :1:1: Premature end of file.
2024-12-17 15:16:55,937 [ERROR] LogOutputStream:75 - [STDERR_REDIRECT] 
2024-12-17 15:16:56,937 [ERROR] LogOutputStream:75 - [STDERR_REDIRECT] [Fatal Error] :1:1: Premature end of file.
2024-12-17 15:16:56,938 [ERROR] LogOutputStream:75 - [STDERR_REDIRECT] 
2024-12-17 15:16:57,937 [ERROR] LogOutputStream:75 - [STDERR_REDIRECT] [Fatal Error] :1:1: Premature end of file.
2024-12-17 15:16:57,937 [ERROR] LogOutputStream:75 - [STDERR_REDIRECT] 
2024-12-17 15:16:58,939 [ERROR] LogOutputStream:75 - [STDERR_REDIRECT] [Fatal Error] :1:1: Premature end of file.
2024-12-17 15:16:58,939 [ERROR] LogOutputStream:75 - [STDERR_REDIRECT] 
2024-12-17 15:16:59,940 [ERROR] LogOutputStream:75 - [STDERR_REDIRECT] [Fatal Error] :1:1: Premature end of file.
2024-12-17 15:16:59,940 [ERROR] LogOutputStream:75 - [STDERR_REDIRECT] 
2024-12-17 15:17:00,940 [ERROR] LogOutputStream:75 - [STDERR_REDIRECT] [Fatal Error] :1:1: Premature end of file.
2024-12-17 15:17:00,940 [ERROR] LogOutputStream:75 - [STDERR_REDIRECT] 
2024-12-17 15:17:01,936 [ERROR] LogOutputStream:75 - [STDERR_REDIRECT] [Fatal Error] :1:1: Premature end of file.
2024-12-17 15:17:01,936 [ERROR] LogOutputStream:75 - [STDERR_REDIRECT] 
2024-12-17 15:17:02,938 [ERROR] LogOutputStream:75 - [STDERR_REDIRECT] [Fatal Error] :1:1: Premature end of file.
2024-12-17 15:17:02,938 [ERROR] LogOutputStream:75 - [STDERR_REDIRECT] 
2024-12-17 15:17:03,936 [ERROR] LogOutputStream:75 - [STDERR_REDIRECT] [Fatal Error] :1:1: Premature end of file.
2024-12-17 15:17:03,936 [ERROR] LogOutputStream:75 - [STDERR_REDIRECT] 
2024-12-17 15:17:04,937 [ERROR] LogOutputStream:75 - [STDERR_REDIRECT] [Fatal Error] :1:1: Premature end of file.
2024-12-17 15:17:04,938 [ERROR] LogOutputStream:75 - [STDERR_REDIRECT] 
2024-12-17 15:17:05,940 [ERROR] LogOutputStream:75 - [STDERR_REDIRECT] [Fatal Error] :1:1: Premature end of file.
2024-12-17 15:17:05,940 [ERROR] LogOutputStream:75 - [STDERR_REDIRECT] 
2024-12-17 15:17:06,938 [ERROR] LogOutputStream:75 - [STDERR_REDIRECT] [Fatal Error] :1:1: Premature end of file.
2024-12-17 15:17:06,939 [ERROR] LogOutputStream:75 - [STDERR_REDIRECT] 
2024-12-17 15:17:07,581 [ERROR] LogOutputStream:75 - [STDERR_REDIRECT] 
2024-12-17 15:17:07,582 [ERROR] LogOutputStream:75 - [STDERR_REDIRECT] 
2024-12-17 15:30:40,398 [INFO] Activator:176 - 


2024-12-17 15:30:40,398 [INFO] Activator:177 - !SESSION log4j initialized
2024-12-17 15:30:44,591 [INFO] LogOutputStream:77 - [STDOUT_REDIRECT] 
2024-12-17 15:30:45,246 [INFO] ApplicationProperties:184 - Using Application install path: C:\ST\STM32CubeIDE_1.17.0\STM32CubeIDE\plugins\com.st.stm32cube.common.mx_6.13.0.202411220809
2024-12-17 15:30:45,258 [INFO] DbMcusXml:78 - Set database path to: C:\ST\STM32CubeIDE_1.17.0\STM32CubeIDE\plugins\com.st.stm32cube.common.mx_6.13.0.202411220809\\db\/mcu/
2024-12-17 15:30:45,258 [INFO] ApiDb:274 - Set plugin database path to: C:\ST\STM32CubeIDE_1.17.0\STM32CubeIDE\plugins\com.st.stm32cube.common.mx_6.13.0.202411220809\\db\/plugins/boardmanager/
2024-12-17 15:30:45,258 [WARN] ApiDb:259 - Overriding images path with different value:  => C:\ST\STM32CubeIDE_1.17.0\STM32CubeIDE\plugins\com.st.stm32cube.common.mx_6.13.0.202411220809\\db\/plugins/mcufinder/images/
2024-12-17 15:30:45,261 [INFO] ApiDb:250 - Set database path to: C:\Users\o1yus\.stmcufinder\plugins\mcufinder//mcu/
2024-12-17 15:30:45,262 [INFO] DbMcusAds:125 - Set database path to: C:\Users\o1yus\.stmcufinder\plugins\mcufinder//mcu/
2024-12-17 15:30:45,263 [INFO] CrossReferenceDbSqlite:203 - Set database path to: C:\Users\o1yus\.stmcufinder\plugins\mcufinder//mcu/cs/
2024-12-17 15:30:45,336 [INFO] RulesReader:64 - Compatibility file has been processed (297 Rules)
2024-12-17 15:30:45,391 [INFO] DbMcusXml:78 - Set database path to: C:\ST\STM32CubeIDE_1.17.0\STM32CubeIDE\plugins\com.st.stm32cube.common.mx_6.13.0.202411220809\\db\/mcu/
2024-12-17 15:30:45,391 [INFO] ApiDb:274 - Set plugin database path to: C:\ST\STM32CubeIDE_1.17.0\STM32CubeIDE\plugins\com.st.stm32cube.common.mx_6.13.0.202411220809\\db\/plugins/boardmanager/
2024-12-17 15:30:45,392 [INFO] ApiDb:261 - Set plugin images path to: C:\ST\STM32CubeIDE_1.17.0\STM32CubeIDE\plugins\com.st.stm32cube.common.mx_6.13.0.202411220809\\db\/plugins/mcufinder/images/
2024-12-17 15:30:45,392 [WARN] DbFile:41 - Overriding database path with different value: C:\Users\o1yus\.stmcufinder\plugins\mcufinder/ => C:\Users\o1yus\.stmcufinder\plugins\mcufinder
2024-12-17 15:30:45,392 [INFO] ApiDb:250 - Set database path to: C:\Users\o1yus\.stmcufinder\plugins\mcufinder//mcu/
2024-12-17 15:30:45,392 [WARN] DbFile:41 - Overriding database path with different value: C:\Users\o1yus\.stmcufinder\plugins\mcufinder/ => C:\Users\o1yus\.stmcufinder\plugins\mcufinder
2024-12-17 15:30:45,392 [INFO] DbMcusAds:125 - Set database path to: C:\Users\o1yus\.stmcufinder\plugins\mcufinder//mcu/
2024-12-17 15:30:45,392 [WARN] DbFile:41 - Overriding database path with different value: C:\Users\o1yus\.stmcufinder\plugins\mcufinder/ => C:\Users\o1yus\.stmcufinder\plugins\mcufinder
2024-12-17 15:30:45,392 [WARN] DbFile:41 - Overriding database path with different value: C:\Users\o1yus\.stmcufinder\plugins\mcufinder/ => C:\Users\o1yus\.stmcufinder\plugins\mcufinder
2024-12-17 15:30:45,392 [INFO] CrossReferenceDbSqlite:203 - Set database path to: C:\Users\o1yus\.stmcufinder\plugins\mcufinder//mcu/cs/
2024-12-17 15:30:45,439 [INFO] MainPanel:272 - HeapMemory: 268435456
2024-12-17 15:30:45,496 [INFO] DbMcusXml:78 - Set database path to: C:\ST\STM32CubeIDE_1.17.0\STM32CubeIDE\plugins\com.st.stm32cube.common.mx_6.13.0.202411220809\\db\/mcu/
2024-12-17 15:30:45,497 [INFO] ApiDb:274 - Set plugin database path to: C:\ST\STM32CubeIDE_1.17.0\STM32CubeIDE\plugins\com.st.stm32cube.common.mx_6.13.0.202411220809\\db\/plugins/boardmanager/
2024-12-17 15:30:45,497 [INFO] ApiDb:261 - Set plugin images path to: C:\ST\STM32CubeIDE_1.17.0\STM32CubeIDE\plugins\com.st.stm32cube.common.mx_6.13.0.202411220809\\db\/plugins/mcufinder/images/
2024-12-17 15:30:45,497 [WARN] DbFile:41 - Overriding database path with different value: C:\Users\o1yus\.stmcufinder\plugins\mcufinder/ => C:\Users\o1yus\.stmcufinder\plugins\mcufinder
2024-12-17 15:30:45,497 [INFO] ApiDb:250 - Set database path to: C:\Users\o1yus\.stmcufinder\plugins\mcufinder//mcu/
2024-12-17 15:30:45,497 [WARN] DbFile:41 - Overriding database path with different value: C:\Users\o1yus\.stmcufinder\plugins\mcufinder/ => C:\Users\o1yus\.stmcufinder\plugins\mcufinder
2024-12-17 15:30:45,497 [INFO] DbMcusAds:125 - Set database path to: C:\Users\o1yus\.stmcufinder\plugins\mcufinder//mcu/
2024-12-17 15:30:45,497 [WARN] DbFile:41 - Overriding database path with different value: C:\Users\o1yus\.stmcufinder\plugins\mcufinder/ => C:\Users\o1yus\.stmcufinder\plugins\mcufinder
2024-12-17 15:30:45,497 [WARN] DbFile:41 - Overriding database path with different value: C:\Users\o1yus\.stmcufinder\plugins\mcufinder/ => C:\Users\o1yus\.stmcufinder\plugins\mcufinder
2024-12-17 15:30:45,498 [INFO] CrossReferenceDbSqlite:203 - Set database path to: C:\Users\o1yus\.stmcufinder\plugins\mcufinder//mcu/cs/
2024-12-17 15:30:45,511 [INFO] ApplicationProperties:184 - Using Application install path: C:\ST\STM32CubeIDE_1.17.0\STM32CubeIDE\plugins\com.st.stm32cube.common.mx_6.13.0.202411220809
2024-12-17 15:30:45,512 [INFO] PluginManage:196 - Search for loadable plugins [exclusion list=, ]
2024-12-17 15:30:45,513 [INFO] PluginManage:310 - Check plugin analytics
2024-12-17 15:30:45,663 [INFO] AnalyticsPlugin:253 - Accepted Software Licenses: 
2024-12-17 15:30:45,663 [INFO] AnalyticsPlugin:255 - Accepted CMSIS Pack Licenses: 
2024-12-17 15:30:45,663 [INFO] AnalyticsPlugin:257 - Accepted Firmware Licenses: 
2024-12-17 15:30:45,667 [INFO] PluginManage:359 - Loaded plugin analytics (category:tool,tabindex:-1)
2024-12-17 15:30:45,667 [INFO] PluginManage:310 - Check plugin cadmodel
2024-12-17 15:30:45,671 [INFO] CADModel:105 - Init CAD model plugin
2024-12-17 15:30:45,672 [INFO] PluginManage:359 - Loaded plugin cadmodel (category:power,tabindex:5)
2024-12-17 15:30:45,672 [INFO] PluginManage:310 - Check plugin clock
2024-12-17 15:30:45,683 [INFO] PluginManage:359 - Loaded plugin clock (category:base,tabindex:2)
2024-12-17 15:30:45,683 [INFO] PluginManage:310 - Check plugin ddr
2024-12-17 15:30:45,686 [INFO] PluginManage:359 - Loaded plugin ddr (category:tool,tabindex:6)
2024-12-17 15:30:45,686 [INFO] PluginManage:310 - Check plugin filemanager
2024-12-17 15:30:45,800 [INFO] PluginManage:359 - Loaded plugin filemanager (category:base,tabindex:10)
2024-12-17 15:30:45,800 [INFO] PluginManage:310 - Check plugin ipmanager
2024-12-17 15:30:45,807 [INFO] PluginManage:359 - Loaded plugin ipmanager (category:base,tabindex:5)
2024-12-17 15:30:45,807 [INFO] PluginManage:310 - Check plugin lpbam
2024-12-17 15:30:45,812 [INFO] PluginManage:359 - Loaded plugin lpbam (category:base,tabindex:0)
2024-12-17 15:30:45,813 [INFO] PluginManage:310 - Check plugin memorymap
2024-12-17 15:30:45,820 [INFO] PluginManage:359 - Loaded plugin memorymap (category:base,tabindex:4)
2024-12-17 15:30:45,820 [INFO] PluginManage:310 - Check plugin pinoutandconfiguration
2024-12-17 15:30:45,824 [INFO] PluginManage:359 - Loaded plugin pinoutandconfiguration (category:base,tabindex:1)
2024-12-17 15:30:45,825 [INFO] PluginManage:310 - Check plugin pinoutconfig
2024-12-17 15:30:45,890 [WARN] SupportedApi:132 - Cannot load RTOS API schema: s4s-elt-must-match.1: The content of 'definitions' must match (annotation?, (simpleType | complexType)?, (unique | key | keyref)*)). A problem was found starting at: attribute.
2024-12-17 15:30:45,995 [INFO] PluginManage:359 - Loaded plugin pinoutconfig (category:base,tabindex:0)
2024-12-17 15:30:45,995 [INFO] PluginManage:310 - Check plugin power
2024-12-17 15:30:46,001 [INFO] PluginManage:359 - Loaded plugin power (category:power,tabindex:4)
2024-12-17 15:30:46,001 [INFO] PluginManage:310 - Check plugin projectmanager
2024-12-17 15:30:46,015 [INFO] PluginManage:359 - Loaded plugin projectmanager (category:projectmanager,tabindex:4)
2024-12-17 15:30:46,015 [INFO] PluginManage:310 - Check plugin rif
2024-12-17 15:30:46,019 [INFO] PluginManage:359 - Loaded plugin rif (category:base,tabindex:3)
2024-12-17 15:30:46,019 [INFO] PluginManage:310 - Check plugin thirdparty
2024-12-17 15:30:46,121 [WARN] IntegrityCheckThread:84 - waiting for thirdparty lock release [integrity check]
2024-12-17 15:30:46,122 [INFO] IntegrityCheckThread:86 - entering critical section [integrity check]
2024-12-17 15:30:46,122 [INFO] ThirdPartyUpdaterWithRetryManager:70 - Updater plugin not ready yet. [1/15]
2024-12-17 15:30:46,122 [INFO] PluginManage:359 - Loaded plugin thirdparty (category:base,tabindex:-1)
2024-12-17 15:30:46,123 [INFO] PluginManage:310 - Check plugin tools
2024-12-17 15:30:46,128 [INFO] PluginManage:359 - Loaded plugin tools (category:base,tabindex:7)
2024-12-17 15:30:46,129 [INFO] PluginManage:310 - Check plugin tutovideos
2024-12-17 15:30:46,246 [INFO] PluginManage:359 - Loaded plugin tutovideos (category:base,tabindex:-1)
2024-12-17 15:30:46,246 [INFO] PluginManage:310 - Check plugin updater
2024-12-17 15:30:46,261 [INFO] PluginManage:359 - Loaded plugin updater (category:base,tabindex:12)
2024-12-17 15:30:46,261 [INFO] PluginManage:310 - Check plugin userauth
2024-12-17 15:30:46,263 [INFO] UserAuth:118 - Init User Auth plugin
2024-12-17 15:30:46,264 [INFO] PluginManage:359 - Loaded plugin userauth (category:base,tabindex:14)
2024-12-17 15:30:46,264 [INFO] PluginManage:283 - PluginManage : Loaded plugins [18]
2024-12-17 15:30:46,413 [INFO] PinOutPanel:1589 - setPackage(No Configuration,No Configuration)
2024-12-17 15:30:46,488 [INFO] CADModel:165 - CPN selected for project level
2024-12-17 15:30:46,488 [INFO] CADModel:114 - Register for checkConnection events
2024-12-17 15:30:46,500 [INFO] IPUIPlugin:80 - create IPUIPlugin
2024-12-17 15:30:46,500 [INFO] PluginManager:220 - loadIPPluginJar : add adc
2024-12-17 15:30:46,502 [INFO] IPUIPlugin:80 - create IPUIPlugin
2024-12-17 15:30:46,502 [INFO] PluginManager:220 - loadIPPluginJar : add aes
2024-12-17 15:30:46,504 [INFO] IPUIPlugin:80 - create IPUIPlugin
2024-12-17 15:30:46,504 [INFO] PluginManager:220 - loadIPPluginJar : add can
2024-12-17 15:30:46,505 [INFO] IPUIPlugin:80 - create IPUIPlugin
2024-12-17 15:30:46,505 [INFO] PluginManager:220 - loadIPPluginJar : add comp
2024-12-17 15:30:46,507 [INFO] IPUIPlugin:80 - create IPUIPlugin
2024-12-17 15:30:46,507 [INFO] PluginManager:220 - loadIPPluginJar : add cryp
2024-12-17 15:30:46,508 [INFO] IPUIPlugin:80 - create IPUIPlugin
2024-12-17 15:30:46,508 [INFO] PluginManager:220 - loadIPPluginJar : add ddr_ctrl_phy
2024-12-17 15:30:46,510 [INFO] IPUIPlugin:80 - create IPUIPlugin
2024-12-17 15:30:46,510 [INFO] PluginManager:220 - loadIPPluginJar : add dfsdm
2024-12-17 15:30:46,513 [INFO] IPUIPlugin:80 - create IPUIPlugin
2024-12-17 15:30:46,513 [INFO] PluginManager:220 - loadIPPluginJar : add dma
2024-12-17 15:30:46,514 [INFO] IPUIPlugin:80 - create IPUIPlugin
2024-12-17 15:30:46,515 [INFO] PluginManager:220 - loadIPPluginJar : add dma3
2024-12-17 15:30:46,516 [INFO] IPUIPlugin:80 - create IPUIPlugin
2024-12-17 15:30:46,516 [INFO] PluginManager:220 - loadIPPluginJar : add extmemmanager
2024-12-17 15:30:46,517 [INFO] IPUIPlugin:80 - create IPUIPlugin
2024-12-17 15:30:46,517 [INFO] PluginManager:220 - loadIPPluginJar : add fatfs
2024-12-17 15:30:46,520 [INFO] IPUIPlugin:80 - create IPUIPlugin
2024-12-17 15:30:46,520 [INFO] PluginManager:220 - loadIPPluginJar : add fmc
2024-12-17 15:30:46,523 [INFO] IPUIPlugin:80 - create IPUIPlugin
2024-12-17 15:30:46,523 [INFO] PluginManager:220 - loadIPPluginJar : add freertos
2024-12-17 15:30:46,524 [INFO] IPUIPlugin:80 - create IPUIPlugin
2024-12-17 15:30:46,524 [INFO] PluginManager:220 - loadIPPluginJar : add genericplugin
2024-12-17 15:30:46,525 [INFO] IPUIPlugin:80 - create IPUIPlugin
2024-12-17 15:30:46,526 [INFO] PluginManager:220 - loadIPPluginJar : add gfxmmu
2024-12-17 15:30:46,528 [INFO] IPUIPlugin:80 - create IPUIPlugin
2024-12-17 15:30:46,529 [INFO] PluginManager:220 - loadIPPluginJar : add gic
2024-12-17 15:30:46,531 [INFO] IPUIPlugin:80 - create IPUIPlugin
2024-12-17 15:30:46,532 [INFO] PluginManager:220 - loadIPPluginJar : add gpio
2024-12-17 15:30:46,533 [INFO] IPUIPlugin:80 - create IPUIPlugin
2024-12-17 15:30:46,533 [INFO] PluginManager:220 - loadIPPluginJar : add gtzc
2024-12-17 15:30:46,534 [INFO] IPUIPlugin:80 - create IPUIPlugin
2024-12-17 15:30:46,534 [INFO] PluginManager:220 - loadIPPluginJar : add hash
2024-12-17 15:30:46,536 [INFO] IPUIPlugin:80 - create IPUIPlugin
2024-12-17 15:30:46,536 [INFO] PluginManager:220 - loadIPPluginJar : add i2c
2024-12-17 15:30:46,537 [INFO] IPUIPlugin:80 - create IPUIPlugin
2024-12-17 15:30:46,537 [INFO] PluginManager:220 - loadIPPluginJar : add i2s
2024-12-17 15:30:46,540 [INFO] IPUIPlugin:80 - create IPUIPlugin
2024-12-17 15:30:46,540 [INFO] PluginManager:220 - loadIPPluginJar : add i3c
2024-12-17 15:30:46,542 [INFO] IPUIPlugin:80 - create IPUIPlugin
2024-12-17 15:30:46,543 [INFO] PluginManager:220 - loadIPPluginJar : add ipddr
2024-12-17 15:30:46,547 [INFO] IPUIPlugin:80 - create IPUIPlugin
2024-12-17 15:30:46,548 [INFO] PluginManager:220 - loadIPPluginJar : add linkedlist
2024-12-17 15:30:46,550 [INFO] IPUIPlugin:80 - create IPUIPlugin
2024-12-17 15:30:46,550 [INFO] PluginManager:220 - loadIPPluginJar : add lorawan
2024-12-17 15:30:46,551 [INFO] IPUIPlugin:80 - create IPUIPlugin
2024-12-17 15:30:46,551 [INFO] PluginManager:220 - loadIPPluginJar : add ltdc
2024-12-17 15:30:46,555 [INFO] IPUIPlugin:80 - create IPUIPlugin
2024-12-17 15:30:46,556 [INFO] PluginManager:220 - loadIPPluginJar : add mdma
2024-12-17 15:30:46,559 [INFO] IPUIPlugin:80 - create IPUIPlugin
2024-12-17 15:30:46,559 [INFO] PluginManager:220 - loadIPPluginJar : add nvic
2024-12-17 15:30:46,562 [INFO] IPUIPlugin:80 - create IPUIPlugin
2024-12-17 15:30:46,562 [INFO] PluginManager:220 - loadIPPluginJar : add opamp
2024-12-17 15:30:46,564 [INFO] IPUIPlugin:80 - create IPUIPlugin
2024-12-17 15:30:46,564 [INFO] PluginManager:220 - loadIPPluginJar : add openamp
2024-12-17 15:30:46,566 [INFO] IPUIPlugin:80 - create IPUIPlugin
2024-12-17 15:30:46,566 [INFO] PluginManager:220 - loadIPPluginJar : add pdm2pcm
2024-12-17 15:30:46,570 [INFO] IPUIPlugin:80 - create IPUIPlugin
2024-12-17 15:30:46,571 [INFO] PluginManager:220 - loadIPPluginJar : add plateformsettings
2024-12-17 15:30:46,572 [INFO] IPUIPlugin:80 - create IPUIPlugin
2024-12-17 15:30:46,572 [INFO] PluginManager:220 - loadIPPluginJar : add quadspi
2024-12-17 15:30:46,573 [INFO] IPUIPlugin:80 - create IPUIPlugin
2024-12-17 15:30:46,574 [INFO] PluginManager:220 - loadIPPluginJar : add radio
2024-12-17 15:30:46,576 [INFO] IPUIPlugin:80 - create IPUIPlugin
2024-12-17 15:30:46,576 [INFO] PluginManager:220 - loadIPPluginJar : add resmgrutility
2024-12-17 15:30:46,578 [INFO] IPUIPlugin:80 - create IPUIPlugin
2024-12-17 15:30:46,578 [INFO] PluginManager:220 - loadIPPluginJar : add sai
2024-12-17 15:30:46,579 [INFO] IPUIPlugin:80 - create IPUIPlugin
2024-12-17 15:30:46,579 [INFO] PluginManager:220 - loadIPPluginJar : add spi
2024-12-17 15:30:46,582 [INFO] IPUIPlugin:80 - create IPUIPlugin
2024-12-17 15:30:46,582 [INFO] PluginManager:220 - loadIPPluginJar : add stm32_wpan
2024-12-17 15:30:46,584 [INFO] IPUIPlugin:80 - create IPUIPlugin
2024-12-17 15:30:46,584 [INFO] PluginManager:220 - loadIPPluginJar : add tim
2024-12-17 15:30:46,586 [INFO] IPUIPlugin:80 - create IPUIPlugin
2024-12-17 15:30:46,586 [INFO] PluginManager:220 - loadIPPluginJar : add touchsensing
2024-12-17 15:30:46,587 [INFO] IPUIPlugin:80 - create IPUIPlugin
2024-12-17 15:30:46,588 [INFO] PluginManager:220 - loadIPPluginJar : add tracer_emb
2024-12-17 15:30:46,589 [INFO] IPUIPlugin:80 - create IPUIPlugin
2024-12-17 15:30:46,589 [INFO] PluginManager:220 - loadIPPluginJar : add ts
2024-12-17 15:30:46,589 [INFO] IPUIPlugin:80 - create IPUIPlugin
2024-12-17 15:30:46,590 [INFO] PluginManager:220 - loadIPPluginJar : add tsc
2024-12-17 15:30:46,591 [INFO] IPUIPlugin:80 - create IPUIPlugin
2024-12-17 15:30:46,591 [INFO] PluginManager:220 - loadIPPluginJar : add ucpd
2024-12-17 15:30:46,593 [INFO] IPUIPlugin:80 - create IPUIPlugin
2024-12-17 15:30:46,593 [INFO] PluginManager:220 - loadIPPluginJar : add usart
2024-12-17 15:30:46,594 [INFO] IPUIPlugin:80 - create IPUIPlugin
2024-12-17 15:30:46,594 [INFO] PluginManager:220 - loadIPPluginJar : add usbx
2024-12-17 15:30:46,702 [FATAL] Updater:351 - Updater called before beeing initialized
2024-12-17 15:30:46,727 [INFO] RulesReader:64 - Compatibility file has been processed (297 Rules)
2024-12-17 15:30:46,735 [INFO] RulesReader:64 - Compatibility file has been processed (297 Rules)
2024-12-17 15:30:46,749 [INFO] CADModel:165 - CPN selected for project level
2024-12-17 15:30:46,749 [INFO] CADModel:114 - Register for checkConnection events
2024-12-17 15:30:46,749 [FATAL] Updater:351 - Updater called before beeing initialized
2024-12-17 15:30:46,750 [ERROR] CADModel:125 - Updater not yet initialized, retry later 
2024-12-17 15:30:46,866 [FATAL] Updater:351 - Updater called before beeing initialized
2024-12-17 15:30:46,868 [INFO] CADModel:165 - CPN selected for project level
2024-12-17 15:30:46,868 [INFO] CADModel:114 - Register for checkConnection events
2024-12-17 15:30:46,868 [FATAL] Updater:351 - Updater called before beeing initialized
2024-12-17 15:30:46,868 [ERROR] CADModel:125 - Updater not yet initialized, retry later 
2024-12-17 15:30:46,870 [FATAL] Updater:351 - Updater called before beeing initialized
2024-12-17 15:30:46,943 [FATAL] Updater:351 - Updater called before beeing initialized
2024-12-17 15:30:46,946 [INFO] DbMcusAds:53 - JSON generation date=Fri Sep 20 16:04:23 TRT 2024 (1726837463113)
2024-12-17 15:30:46,946 [FATAL] Updater:351 - Updater called before beeing initialized
2024-12-17 15:30:46,969 [WARN] DetailPanel:346 - Failed to get advertising image, set to default
2024-12-17 15:30:47,115 [FATAL] Updater:351 - Updater called before beeing initialized
2024-12-17 15:30:47,117 [FATAL] Updater:351 - Updater called before beeing initialized
2024-12-17 15:30:47,117 [FATAL] Updater:351 - Updater called before beeing initialized
2024-12-17 15:30:47,117 [WARN] DetailPanel:346 - Failed to get advertising image, set to default
2024-12-17 15:30:47,118 [FATAL] Updater:351 - Updater called before beeing initialized
2024-12-17 15:30:47,148 [ERROR] Updater:1198 - MainUpdater not yet initialized. External WinMGr cannot be set.
2024-12-17 15:30:47,148 [INFO] Updater:1134 - Updater Version found : 6.13.0
2024-12-17 15:30:47,161 [INFO] ApplicationProperties:184 - Using Application install path: C:\ST\STM32CubeIDE_1.17.0\STM32CubeIDE\plugins\com.st.stm32cube.common.mx_6.13.0.202411220809
2024-12-17 15:30:48,728 [ERROR] LogOutputStream:75 - [STDERR_REDIRECT] Dec 17, 2024 3:30:48 PM java.util.prefs.WindowsPreferences <init>
2024-12-17 15:30:48,730 [ERROR] LogOutputStream:75 - [STDERR_REDIRECT] WARNING: Could not open/create prefs root node Software\JavaSoft\Prefs at root 0xffffffff80000002. Windows RegCreateKeyEx(...) returned error code 5.
2024-12-17 15:30:48,730 [ERROR] LogOutputStream:75 - [STDERR_REDIRECT] 
2024-12-17 15:30:49,019 [INFO] MainUpdater:2872 - connection check result : 10
2024-12-17 15:30:49,020 [INFO] MainUpdater:289 - Updater Check For Update Now.
2024-12-17 15:30:49,020 [INFO] MicroXplorer:498 - Change Database Version : DB.6.0.130
2024-12-17 15:30:49,031 [INFO] McuFinderGlobals:63 - Set McuFinder mode to 2 (CubeIDE integrated)
2024-12-17 15:30:49,032 [INFO] UserAuth:171 - activating auth plugin
2024-12-17 15:30:49,035 [INFO] UserAuth:486 - Internet connection configuration mode: 1
2024-12-17 15:30:49,066 [INFO] JxBrowserEngine:152 - Initiate JxBrowser Engine with user profile folder
2024-12-17 15:30:49,123 [WARN] MainUpdater:1193 - Updater busy. Cannot search thirdparties
2024-12-17 15:30:49,123 [INFO] ThirdPartyUpdaterWithRetryManager:96 - Updater plugin is busy. [1/15]
2024-12-17 15:30:49,177 [INFO] CheckServerUpdateThread:120 - End of CheckServer Thread
2024-12-17 15:30:49,541 [INFO] WebApp:168 - Instantiating new browser for Auth
2024-12-17 15:30:50,021 [INFO] WebApp:449 - Apply proxy settings
2024-12-17 15:30:50,022 [INFO] WebApp:534 - Chromium requires no authentication
2024-12-17 15:30:50,027 [INFO] WebApp:477 - Direct internet connection detected
2024-12-17 15:30:50,042 [INFO] WebApp:880 - Register for checkConnection events
2024-12-17 15:30:50,042 [INFO] WebApp:449 - Apply proxy settings
2024-12-17 15:30:50,042 [INFO] WebApp:534 - Chromium requires no authentication
2024-12-17 15:30:50,043 [INFO] WebApp:477 - Direct internet connection detected
2024-12-17 15:30:50,155 [INFO] WebApp:221 - Starting web application
2024-12-17 15:30:50,155 [INFO] WebApp:579 - Web application path used C:\ST\STM32CubeIDE_1.17.0\STM32CubeIDE\plugins\com.st.stm32cube.common.mx_6.13.0.202411220809\db\plugins\mcufinder\reactClient1\index.html
2024-12-17 15:30:50,282 [ERROR] LogOutputStream:75 - [STDERR_REDIRECT] [Fatal Error] :1:1: Premature end of file.
2024-12-17 15:30:50,283 [ERROR] LogOutputStream:75 - [STDERR_REDIRECT] 
2024-12-17 15:30:50,746 [INFO] WebApp:187 - Connection restablished
2024-12-17 15:30:51,273 [ERROR] LogOutputStream:75 - [STDERR_REDIRECT] [Fatal Error] :1:1: Premature end of file.
2024-12-17 15:30:51,273 [ERROR] LogOutputStream:75 - [STDERR_REDIRECT] 
2024-12-17 15:30:52,243 [WARN] PackLoader:240 - Cannot read IP mode file for STMicroelectronics.FP-SNS-MOTENVWB1.1.4.0
2024-12-17 15:30:52,252 [WARN] PackLoader:240 - Cannot read IP mode file for STMicroelectronics.FP-ATR-ASTRA1.2.0.1
2024-12-17 15:30:52,264 [WARN] PackLoader:240 - Cannot read IP mode file for STMicroelectronics.X-CUBE-SMBUS.2.1.0
2024-12-17 15:30:52,270 [ERROR] LogOutputStream:75 - [STDERR_REDIRECT] [Fatal Error] :1:1: Premature end of file.
2024-12-17 15:30:52,270 [ERROR] LogOutputStream:75 - [STDERR_REDIRECT] 
2024-12-17 15:30:52,270 [WARN] PackLoader:240 - Cannot read IP mode file for STMicroelectronics.X-CUBE-WB05N.1.1.0
2024-12-17 15:30:52,289 [WARN] PackLoader:240 - Cannot read IP mode file for STMicroelectronics.X-CUBE-AZRTOS-F7.1.1.0
2024-12-17 15:30:52,316 [WARN] PackLoader:240 - Cannot read IP mode file for STMicroelectronics.X-CUBE-MEMS1.11.0.0
2024-12-17 15:30:52,399 [WARN] PackLoader:240 - Cannot read IP mode file for STMicroelectronics.FP-SNS-FLIGHT1.5.0.2
2024-12-17 15:30:52,435 [WARN] PackLoader:240 - Cannot read IP mode file for Infineon.AIROC-Wi-Fi-Bluetooth-STM32.1.7.0
2024-12-17 15:30:52,444 [WARN] PackLoader:240 - Cannot read IP mode file for STMicroelectronics.X-CUBE-DISPLAY.3.0.0
2024-12-17 15:30:52,449 [WARN] PackLoader:240 - Cannot read IP mode file for STMicroelectronics.X-CUBE-BLE1.7.0.0
2024-12-17 15:30:52,452 [WARN] PackLoader:240 - Cannot read IP mode file for STMicroelectronics.X-CUBE-NFC10.1.0.0
2024-12-17 15:30:52,458 [WARN] PackLoader:240 - Cannot read IP mode file for STMicroelectronics.X-CUBE-BLEMGR.4.0.0
2024-12-17 15:30:52,462 [WARN] PackLoader:240 - Cannot read IP mode file for emotas.I-CUBE-CANOPEN.1.3.0
2024-12-17 15:30:52,465 [WARN] PackLoader:240 - Cannot read IP mode file for STMicroelectronics.FP-SNS-SMARTAG2.1.2.0
2024-12-17 15:30:52,470 [INFO] LogOutputStream:77 - [STDOUT_REDIRECT] 1 : Invalid condition id : UX_CORESTACK_Condition cause : null
2024-12-17 15:30:52,470 [INFO] LogOutputStream:77 - [STDOUT_REDIRECT] 1 : Invalid condition id : UX_CORESTACK_Condition cause : null
2024-12-17 15:30:52,472 [INFO] LogOutputStream:77 - [STDOUT_REDIRECT] 1 : Invalid condition id : UX_CORESTACK_Condition cause : null
2024-12-17 15:30:52,474 [INFO] LogOutputStream:77 - [STDOUT_REDIRECT] 1 : Invalid condition id : UX_CORESTACK_Condition cause : null
2024-12-17 15:30:52,475 [INFO] LogOutputStream:77 - [STDOUT_REDIRECT] 1 : Invalid condition id : UX_CORESTACK_Condition cause : null
2024-12-17 15:30:52,477 [WARN] PackLoader:240 - Cannot read IP mode file for STMicroelectronics.X-CUBE-AZRTOS-WL.2.0.0
2024-12-17 15:30:52,481 [WARN] PackLoader:240 - Cannot read IP mode file for STMicroelectronics.FP-SNS-MOTENV1.5.0.0
2024-12-17 15:30:52,486 [WARN] PackLoader:240 - Cannot read IP mode file for wolfSSL.I-CUBE-wolfMQTT.1.19.0
2024-12-17 15:30:52,493 [WARN] PackLoader:240 - Cannot read IP mode file for WES.I-CUBE-Cesium.1.3.0
2024-12-17 15:30:52,495 [WARN] PackLoader:240 - Cannot read IP mode file for STMicroelectronics.X-CUBE-BLE2.3.3.0
2024-12-17 15:30:52,500 [WARN] PackLoader:240 - Cannot read IP mode file for STMicroelectronics.X-CUBE-NFC9.1.0.0
2024-12-17 15:30:52,507 [WARN] PackLoader:240 - Cannot read IP mode file for STMicroelectronics.X-CUBE-AZRTOS-G0.1.1.0
2024-12-17 15:30:52,511 [WARN] PackLoader:240 - Cannot read IP mode file for STMicroelectronics.X-CUBE-SAFEA1.1.2.2
2024-12-17 15:30:52,517 [WARN] PackLoader:240 - Cannot read IP mode file for STMicroelectronics.X-CUBE-NFC4.3.0.0
2024-12-17 15:30:52,521 [WARN] PackLoader:240 - Cannot read IP mode file for EmbeddedOffice.I-CUBE-FS-RTOS.1.0.1
2024-12-17 15:30:52,524 [WARN] PackLoader:240 - Cannot read IP mode file for STMicroelectronics.X-CUBE-TCPP.4.2.0
2024-12-17 15:30:52,528 [WARN] PackLoader:240 - Cannot read IP mode file for RealThread.X-CUBE-RT-Thread_Nano.4.1.1
2024-12-17 15:30:52,531 [WARN] PackLoader:240 - Cannot read IP mode file for STMicroelectronics.FP-ATR-SIGFOX1.3.2.0
2024-12-17 15:30:52,534 [WARN] ConditionMgr:438 - getConditionDescription Invalid condition id : Cortex-A Device cause : null
2024-12-17 15:30:52,552 [WARN] ConditionMgr:1044 - genDependencies : Invalid condition id : Cortex-A Device cause : null
2024-12-17 15:30:52,552 [WARN] ConditionMgr:1044 - genDependencies : Invalid condition id : Cortex-A Device cause : null
2024-12-17 15:30:52,552 [WARN] ConditionMgr:1044 - genDependencies : Invalid condition id : Cortex-A Device cause : null
2024-12-17 15:30:52,556 [WARN] PackLoader:240 - Cannot read IP mode file for STMicroelectronics.X-CUBE-EEPRMA1.5.1.0
2024-12-17 15:30:52,558 [WARN] PackLoader:240 - Cannot read IP mode file for wolfSSL.I-CUBE-wolfSSL.5.7.4
2024-12-17 15:30:52,561 [WARN] PackLoader:240 - Cannot read IP mode file for ITTIA_DB.I-CUBE-ITTIADB.8.9.0
2024-12-17 15:30:52,579 [WARN] PackLoader:240 - Cannot read IP mode file for SEGGER.I-CUBE-embOS.1.3.1
2024-12-17 15:30:52,599 [WARN] PackLoader:240 - Cannot read IP mode file for STMicroelectronics.X-CUBE-ALGOBUILD.1.4.0
2024-12-17 15:30:52,602 [WARN] PackLoader:240 - Cannot read IP mode file for STMicroelectronics.X-CUBE-AI.9.1.0
2024-12-17 15:30:52,609 [WARN] PackLoader:240 - Cannot read IP mode file for STMicroelectronics.X-CUBE-AZRTOS-F4.1.1.0
2024-12-17 15:30:52,613 [WARN] PackLoader:240 - Cannot read IP mode file for STMicroelectronics.X-CUBE-ISPU.2.1.0
2024-12-17 15:30:52,621 [WARN] PackLoader:240 - Cannot read IP mode file for STMicroelectronics.X-CUBE-AZRTOS-L5.2.0.0
2024-12-17 15:30:52,627 [WARN] PackLoader:240 - Cannot read IP mode file for STMicroelectronics.X-CUBE-NFC6.3.1.0
2024-12-17 15:30:52,631 [WARN] PackLoader:240 - Cannot read IP mode file for STMicroelectronics.X-CUBE-DPower.1.2.0
2024-12-17 15:30:52,634 [WARN] PackLoader:240 - Cannot read IP mode file for STMicroelectronics.X-CUBE-FREERTOS.1.3.0
2024-12-17 15:30:52,637 [WARN] PackLoader:240 - Cannot read IP mode file for STMicroelectronics.X-CUBE-NFC7.1.0.1
2024-12-17 15:30:52,644 [WARN] ConditionMgr:438 - getConditionDescription Invalid condition id : LAN8742 Phy interface Condition cause : null
2024-12-17 15:30:52,644 [WARN] PackLoader:240 - Cannot read IP mode file for STMicroelectronics.X-CUBE-AZRTOS-L4.2.0.0
2024-12-17 15:30:52,645 [WARN] ConditionMgr:1044 - genDependencies : Invalid condition id : LAN8742 Phy interface Condition cause : null
2024-12-17 15:30:52,645 [WARN] ConditionMgr:1044 - genDependencies : Invalid condition id : LAN8742 Phy interface Condition cause : null
2024-12-17 15:30:52,645 [WARN] ConditionMgr:1044 - genDependencies : Invalid condition id : LAN8742 Phy interface Condition cause : null
2024-12-17 15:30:52,649 [WARN] PackLoader:240 - Cannot read IP mode file for STMicroelectronics.X-CUBE-SFXS2LP1.4.0.0
2024-12-17 15:30:52,657 [WARN] PackLoader:240 - Cannot read IP mode file for STMicroelectronics.X-CUBE-AZRTOS-H7.3.3.0
2024-12-17 15:30:52,667 [WARN] PackLoader:240 - Cannot read IP mode file for STMicroelectronics.X-CUBE-IPS.3.0.0
2024-12-17 15:30:52,675 [WARN] ConditionMgr:438 - getConditionDescription Invalid condition id : UX DEVICE CLASS RTOS Condition cause : null
2024-12-17 15:30:52,675 [WARN] ConditionMgr:438 - getConditionDescription Invalid condition id : UX DEVICE CLASS RTOS Condition cause : null
2024-12-17 15:30:52,676 [WARN] PackLoader:240 - Cannot read IP mode file for STMicroelectronics.X-CUBE-AZRTOS-WB.2.0.0
2024-12-17 15:30:52,676 [WARN] ConditionMgr:1044 - genDependencies : Invalid condition id : UX DEVICE CLASS RTOS Condition cause : null
2024-12-17 15:30:52,676 [WARN] ConditionMgr:1044 - genDependencies : Invalid condition id : UX DEVICE CLASS RTOS Condition cause : null
2024-12-17 15:30:52,676 [WARN] ConditionMgr:1044 - genDependencies : Invalid condition id : UX DEVICE CLASS RTOS Condition cause : null
2024-12-17 15:30:52,676 [WARN] ConditionMgr:1044 - genDependencies : Invalid condition id : UX DEVICE CLASS RTOS Condition cause : null
2024-12-17 15:30:52,676 [WARN] ConditionMgr:1044 - genDependencies : Invalid condition id : UX DEVICE CLASS RTOS Condition cause : null
2024-12-17 15:30:52,679 [WARN] PackLoader:240 - Cannot read IP mode file for STMicroelectronics.X-CUBE-GNSS1.7.0.0
2024-12-17 15:30:52,685 [WARN] PackLoader:240 - Cannot read IP mode file for STMicroelectronics.FP-SNS-STBOX1.2.0.0
2024-12-17 15:30:52,691 [WARN] PackLoader:240 - Cannot read IP mode file for STMicroelectronics.X-CUBE-SUBG2.5.0.0
2024-12-17 15:30:52,695 [WARN] PackLoader:240 - Cannot read IP mode file for Cesanta.I-CUBE-Mongoose.7.13.0
2024-12-17 15:30:52,701 [WARN] PackLoader:240 - Cannot read IP mode file for STMicroelectronics.X-CUBE-AZRTOS-G4.2.0.0
2024-12-17 15:30:52,704 [WARN] PackLoader:240 - Cannot read IP mode file for STMicroelectronics.X-CUBE-ALS.1.0.2
2024-12-17 15:30:52,709 [WARN] PackLoader:240 - Cannot read IP mode file for STMicroelectronics.X-CUBE-TOUCHGFX.4.24.1
2024-12-17 15:30:52,713 [WARN] PackLoader:240 - Cannot read IP mode file for wolfSSL.I-CUBE-wolfTPM.3.4.0
2024-12-17 15:30:52,717 [WARN] PackLoader:240 - Cannot read IP mode file for portGmbH.I-Cube-SoM-uGOAL.1.1.0
2024-12-17 15:30:52,724 [WARN] PackLoader:240 - Cannot read IP mode file for STMicroelectronics.X-CUBE-AZRTOS-H7RS.1.0.0
2024-12-17 15:30:52,731 [WARN] PackLoader:240 - Cannot read IP mode file for STMicroelectronics.X-CUBE-TOF1.3.4.2
2024-12-17 15:30:52,738 [WARN] PackLoader:240 - Cannot read IP mode file for wolfSSL.I-CUBE-wolfSSH.1.4.17
2024-12-17 15:30:52,738 [INFO] ThirdParty:978 - Integrity check success = true
2024-12-17 15:30:52,738 [INFO] IntegrityCheckThread:100 - exiting critical section [integrity check]
2024-12-17 15:30:52,738 [INFO] IntegrityCheckThread:103 - End integrity checks thread
2024-12-17 15:30:53,271 [ERROR] LogOutputStream:75 - [STDERR_REDIRECT] [Fatal Error] :1:1: Premature end of file.
2024-12-17 15:30:53,272 [ERROR] LogOutputStream:75 - [STDERR_REDIRECT] 
2024-12-17 15:30:54,270 [ERROR] LogOutputStream:75 - [STDERR_REDIRECT] [Fatal Error] :1:1: Premature end of file.
2024-12-17 15:30:54,270 [ERROR] LogOutputStream:75 - [STDERR_REDIRECT] 
2024-12-17 15:30:55,276 [ERROR] LogOutputStream:75 - [STDERR_REDIRECT] [Fatal Error] :1:1: Premature end of file.
2024-12-17 15:30:55,276 [ERROR] LogOutputStream:75 - [STDERR_REDIRECT] 
2024-12-17 15:30:56,272 [ERROR] LogOutputStream:75 - [STDERR_REDIRECT] [Fatal Error] :1:1: Premature end of file.
2024-12-17 15:30:56,272 [ERROR] LogOutputStream:75 - [STDERR_REDIRECT] 
2024-12-17 15:30:57,273 [ERROR] LogOutputStream:75 - [STDERR_REDIRECT] [Fatal Error] :1:1: Premature end of file.
2024-12-17 15:30:57,273 [ERROR] LogOutputStream:75 - [STDERR_REDIRECT] 
2024-12-17 15:30:58,272 [ERROR] LogOutputStream:75 - [STDERR_REDIRECT] [Fatal Error] :1:1: Premature end of file.
2024-12-17 15:30:58,272 [ERROR] LogOutputStream:75 - [STDERR_REDIRECT] 
2024-12-17 15:30:59,270 [ERROR] LogOutputStream:75 - [STDERR_REDIRECT] [Fatal Error] :1:1: Premature end of file.
2024-12-17 15:30:59,270 [ERROR] LogOutputStream:75 - [STDERR_REDIRECT] 
2024-12-17 15:31:00,271 [ERROR] LogOutputStream:75 - [STDERR_REDIRECT] [Fatal Error] :1:1: Premature end of file.
2024-12-17 15:31:00,272 [ERROR] LogOutputStream:75 - [STDERR_REDIRECT] 
2024-12-17 15:31:01,270 [ERROR] LogOutputStream:75 - [STDERR_REDIRECT] [Fatal Error] :1:1: Premature end of file.
2024-12-17 15:31:01,270 [ERROR] LogOutputStream:75 - [STDERR_REDIRECT] 
2024-12-17 15:31:02,271 [ERROR] LogOutputStream:75 - [STDERR_REDIRECT] [Fatal Error] :1:1: Premature end of file.
2024-12-17 15:31:02,271 [ERROR] LogOutputStream:75 - [STDERR_REDIRECT] 
2024-12-17 15:31:03,269 [ERROR] LogOutputStream:75 - [STDERR_REDIRECT] [Fatal Error] :1:1: Premature end of file.
2024-12-17 15:31:03,269 [ERROR] LogOutputStream:75 - [STDERR_REDIRECT] 
2024-12-17 15:31:04,270 [ERROR] LogOutputStream:75 - [STDERR_REDIRECT] [Fatal Error] :1:1: Premature end of file.
2024-12-17 15:31:04,270 [ERROR] LogOutputStream:75 - [STDERR_REDIRECT] 
2024-12-17 15:31:05,271 [ERROR] LogOutputStream:75 - [STDERR_REDIRECT] [Fatal Error] :1:1: Premature end of file.
2024-12-17 15:31:05,271 [ERROR] LogOutputStream:75 - [STDERR_REDIRECT] 
2024-12-17 15:31:06,277 [ERROR] LogOutputStream:75 - [STDERR_REDIRECT] [Fatal Error] :1:1: Premature end of file.
2024-12-17 15:31:06,279 [ERROR] LogOutputStream:75 - [STDERR_REDIRECT] 
2024-12-17 15:31:07,270 [ERROR] LogOutputStream:75 - [STDERR_REDIRECT] [Fatal Error] :1:1: Premature end of file.
2024-12-17 15:31:07,271 [ERROR] LogOutputStream:75 - [STDERR_REDIRECT] 
2024-12-17 15:31:08,272 [ERROR] LogOutputStream:75 - [STDERR_REDIRECT] [Fatal Error] :1:1: Premature end of file.
2024-12-17 15:31:08,272 [ERROR] LogOutputStream:75 - [STDERR_REDIRECT] 
2024-12-17 15:31:09,271 [ERROR] LogOutputStream:75 - [STDERR_REDIRECT] [Fatal Error] :1:1: Premature end of file.
2024-12-17 15:31:09,271 [ERROR] LogOutputStream:75 - [STDERR_REDIRECT] 
2024-12-17 15:31:10,273 [ERROR] LogOutputStream:75 - [STDERR_REDIRECT] [Fatal Error] :1:1: Premature end of file.
2024-12-17 15:31:10,273 [ERROR] LogOutputStream:75 - [STDERR_REDIRECT] 
2024-12-17 15:31:11,271 [ERROR] LogOutputStream:75 - [STDERR_REDIRECT] [Fatal Error] :1:1: Premature end of file.
2024-12-17 15:31:11,271 [ERROR] LogOutputStream:75 - [STDERR_REDIRECT] 
2024-12-17 15:31:12,271 [ERROR] LogOutputStream:75 - [STDERR_REDIRECT] [Fatal Error] :1:1: Premature end of file.
2024-12-17 15:31:12,271 [ERROR] LogOutputStream:75 - [STDERR_REDIRECT] 
2024-12-17 15:31:13,271 [ERROR] LogOutputStream:75 - [STDERR_REDIRECT] [Fatal Error] :1:1: Premature end of file.
2024-12-17 15:31:13,271 [ERROR] LogOutputStream:75 - [STDERR_REDIRECT] 
2024-12-17 15:31:14,271 [ERROR] LogOutputStream:75 - [STDERR_REDIRECT] [Fatal Error] :1:1: Premature end of file.
2024-12-17 15:31:14,271 [ERROR] LogOutputStream:75 - [STDERR_REDIRECT] 
2024-12-17 15:31:15,273 [ERROR] LogOutputStream:75 - [STDERR_REDIRECT] [Fatal Error] :1:1: Premature end of file.
2024-12-17 15:31:15,274 [ERROR] LogOutputStream:75 - [STDERR_REDIRECT] 
2024-12-17 15:31:16,273 [ERROR] LogOutputStream:75 - [STDERR_REDIRECT] [Fatal Error] :1:1: Premature end of file.
2024-12-17 15:31:16,274 [ERROR] LogOutputStream:75 - [STDERR_REDIRECT] 
2024-12-17 15:31:17,271 [ERROR] LogOutputStream:75 - [STDERR_REDIRECT] [Fatal Error] :1:1: Premature end of file.
2024-12-17 15:31:17,271 [ERROR] LogOutputStream:75 - [STDERR_REDIRECT] 
2024-12-17 15:31:18,275 [ERROR] LogOutputStream:75 - [STDERR_REDIRECT] [Fatal Error] :1:1: Premature end of file.
2024-12-17 15:31:18,275 [ERROR] LogOutputStream:75 - [STDERR_REDIRECT] 
2024-12-17 15:31:19,271 [ERROR] LogOutputStream:75 - [STDERR_REDIRECT] [Fatal Error] :1:1: Premature end of file.
2024-12-17 15:31:19,271 [ERROR] LogOutputStream:75 - [STDERR_REDIRECT] 
2024-12-17 15:31:20,270 [ERROR] LogOutputStream:75 - [STDERR_REDIRECT] [Fatal Error] :1:1: Premature end of file.
2024-12-17 15:31:20,270 [ERROR] LogOutputStream:75 - [STDERR_REDIRECT] 
2024-12-17 15:31:21,272 [ERROR] LogOutputStream:75 - [STDERR_REDIRECT] [Fatal Error] :1:1: Premature end of file.
2024-12-17 15:31:21,273 [ERROR] LogOutputStream:75 - [STDERR_REDIRECT] 
2024-12-17 15:31:22,276 [ERROR] LogOutputStream:75 - [STDERR_REDIRECT] [Fatal Error] :1:1: Premature end of file.
2024-12-17 15:31:22,277 [ERROR] LogOutputStream:75 - [STDERR_REDIRECT] 
2024-12-17 15:31:23,272 [ERROR] LogOutputStream:75 - [STDERR_REDIRECT] [Fatal Error] :1:1: Premature end of file.
2024-12-17 15:31:23,272 [ERROR] LogOutputStream:75 - [STDERR_REDIRECT] 
2024-12-17 15:31:23,972 [INFO] WebApp:190 - Connection lost
2024-12-17 15:31:24,269 [ERROR] LogOutputStream:75 - [STDERR_REDIRECT] [Fatal Error] :1:1: Premature end of file.
2024-12-17 15:31:24,269 [ERROR] LogOutputStream:75 - [STDERR_REDIRECT] 
2024-12-17 15:31:24,520 [INFO] WebApp:187 - Connection restablished
2024-12-17 15:31:25,269 [ERROR] LogOutputStream:75 - [STDERR_REDIRECT] [Fatal Error] :1:1: Premature end of file.
2024-12-17 15:31:25,270 [ERROR] LogOutputStream:75 - [STDERR_REDIRECT] 
2024-12-17 15:31:26,271 [ERROR] LogOutputStream:75 - [STDERR_REDIRECT] [Fatal Error] :1:1: Premature end of file.
2024-12-17 15:31:26,271 [ERROR] LogOutputStream:75 - [STDERR_REDIRECT] 
2024-12-17 15:31:27,269 [ERROR] LogOutputStream:75 - [STDERR_REDIRECT] [Fatal Error] :1:1: Premature end of file.
2024-12-17 15:31:27,271 [ERROR] LogOutputStream:75 - [STDERR_REDIRECT] 
2024-12-17 15:31:28,270 [ERROR] LogOutputStream:75 - [STDERR_REDIRECT] [Fatal Error] :1:1: Premature end of file.
2024-12-17 15:31:28,270 [ERROR] LogOutputStream:75 - [STDERR_REDIRECT] 
2024-12-17 15:31:29,278 [ERROR] LogOutputStream:75 - [STDERR_REDIRECT] [Fatal Error] :1:1: Premature end of file.
2024-12-17 15:31:29,278 [ERROR] LogOutputStream:75 - [STDERR_REDIRECT] 
2024-12-17 15:31:30,276 [ERROR] LogOutputStream:75 - [STDERR_REDIRECT] [Fatal Error] :1:1: Premature end of file.
2024-12-17 15:31:30,277 [ERROR] LogOutputStream:75 - [STDERR_REDIRECT] 
2024-12-17 15:31:31,273 [ERROR] LogOutputStream:75 - [STDERR_REDIRECT] [Fatal Error] :1:1: Premature end of file.
2024-12-17 15:31:31,273 [ERROR] LogOutputStream:75 - [STDERR_REDIRECT] 
2024-12-17 15:31:32,271 [ERROR] LogOutputStream:75 - [STDERR_REDIRECT] [Fatal Error] :1:1: Premature end of file.
2024-12-17 15:31:32,271 [ERROR] LogOutputStream:75 - [STDERR_REDIRECT] 
2024-12-17 15:31:33,269 [ERROR] LogOutputStream:75 - [STDERR_REDIRECT] [Fatal Error] :1:1: Premature end of file.
2024-12-17 15:31:33,269 [ERROR] LogOutputStream:75 - [STDERR_REDIRECT] 
2024-12-17 15:31:34,272 [ERROR] LogOutputStream:75 - [STDERR_REDIRECT] [Fatal Error] :1:1: Premature end of file.
2024-12-17 15:31:34,273 [ERROR] LogOutputStream:75 - [STDERR_REDIRECT] 
2024-12-17 15:31:35,273 [ERROR] LogOutputStream:75 - [STDERR_REDIRECT] [Fatal Error] :1:1: Premature end of file.
2024-12-17 15:31:35,273 [ERROR] LogOutputStream:75 - [STDERR_REDIRECT] 
2024-12-17 15:31:36,270 [ERROR] LogOutputStream:75 - [STDERR_REDIRECT] [Fatal Error] :1:1: Premature end of file.
2024-12-17 15:31:36,270 [ERROR] LogOutputStream:75 - [STDERR_REDIRECT] 
2024-12-17 15:31:37,273 [ERROR] LogOutputStream:75 - [STDERR_REDIRECT] [Fatal Error] :1:1: Premature end of file.
2024-12-17 15:31:37,273 [ERROR] LogOutputStream:75 - [STDERR_REDIRECT] 
2024-12-17 15:31:38,272 [ERROR] LogOutputStream:75 - [STDERR_REDIRECT] [Fatal Error] :1:1: Premature end of file.
2024-12-17 15:31:38,272 [ERROR] LogOutputStream:75 - [STDERR_REDIRECT] 
2024-12-17 15:31:39,271 [ERROR] LogOutputStream:75 - [STDERR_REDIRECT] [Fatal Error] :1:1: Premature end of file.
2024-12-17 15:31:39,271 [ERROR] LogOutputStream:75 - [STDERR_REDIRECT] 
2024-12-17 15:31:40,270 [ERROR] LogOutputStream:75 - [STDERR_REDIRECT] [Fatal Error] :1:1: Premature end of file.
2024-12-17 15:31:40,270 [ERROR] LogOutputStream:75 - [STDERR_REDIRECT] 
2024-12-17 15:31:41,270 [ERROR] LogOutputStream:75 - [STDERR_REDIRECT] [Fatal Error] :1:1: Premature end of file.
2024-12-17 15:31:41,270 [ERROR] LogOutputStream:75 - [STDERR_REDIRECT] 
2024-12-17 15:31:42,272 [ERROR] LogOutputStream:75 - [STDERR_REDIRECT] [Fatal Error] :1:1: Premature end of file.
2024-12-17 15:31:42,272 [ERROR] LogOutputStream:75 - [STDERR_REDIRECT] 
2024-12-17 15:31:43,276 [ERROR] LogOutputStream:75 - [STDERR_REDIRECT] [Fatal Error] :1:1: Premature end of file.
2024-12-17 15:31:43,276 [ERROR] LogOutputStream:75 - [STDERR_REDIRECT] 
2024-12-17 15:31:44,272 [ERROR] LogOutputStream:75 - [STDERR_REDIRECT] [Fatal Error] :1:1: Premature end of file.
2024-12-17 15:31:44,273 [ERROR] LogOutputStream:75 - [STDERR_REDIRECT] 
2024-12-17 15:31:45,272 [ERROR] LogOutputStream:75 - [STDERR_REDIRECT] [Fatal Error] :1:1: Premature end of file.
2024-12-17 15:31:45,272 [ERROR] LogOutputStream:75 - [STDERR_REDIRECT] 
2024-12-17 15:31:46,270 [ERROR] LogOutputStream:75 - [STDERR_REDIRECT] [Fatal Error] :1:1: Premature end of file.
2024-12-17 15:31:46,271 [ERROR] LogOutputStream:75 - [STDERR_REDIRECT] 
2024-12-17 15:31:47,271 [ERROR] LogOutputStream:75 - [STDERR_REDIRECT] [Fatal Error] :1:1: Premature end of file.
2024-12-17 15:31:47,271 [ERROR] LogOutputStream:75 - [STDERR_REDIRECT] 
2024-12-17 15:31:48,273 [ERROR] LogOutputStream:75 - [STDERR_REDIRECT] [Fatal Error] :1:1: Premature end of file.
2024-12-17 15:31:48,274 [ERROR] LogOutputStream:75 - [STDERR_REDIRECT] 
2024-12-17 15:31:49,271 [ERROR] LogOutputStream:75 - [STDERR_REDIRECT] [Fatal Error] :1:1: Premature end of file.
2024-12-17 15:31:49,271 [ERROR] LogOutputStream:75 - [STDERR_REDIRECT] 
2024-12-17 15:31:50,274 [ERROR] LogOutputStream:75 - [STDERR_REDIRECT] [Fatal Error] :1:1: Premature end of file.
2024-12-17 15:31:50,275 [ERROR] LogOutputStream:75 - [STDERR_REDIRECT] 
2024-12-17 15:31:51,274 [ERROR] LogOutputStream:75 - [STDERR_REDIRECT] [Fatal Error] :1:1: Premature end of file.
2024-12-17 15:31:51,275 [ERROR] LogOutputStream:75 - [STDERR_REDIRECT] 
2024-12-17 15:31:52,268 [ERROR] LogOutputStream:75 - [STDERR_REDIRECT] [Fatal Error] :1:1: Premature end of file.
2024-12-17 15:31:52,268 [ERROR] LogOutputStream:75 - [STDERR_REDIRECT] 
2024-12-17 15:31:53,272 [ERROR] LogOutputStream:75 - [STDERR_REDIRECT] [Fatal Error] :1:1: Premature end of file.
2024-12-17 15:31:53,272 [ERROR] LogOutputStream:75 - [STDERR_REDIRECT] 
2024-12-17 15:31:54,273 [ERROR] LogOutputStream:75 - [STDERR_REDIRECT] [Fatal Error] :1:1: Premature end of file.
2024-12-17 15:31:54,273 [ERROR] LogOutputStream:75 - [STDERR_REDIRECT] 
2024-12-17 15:31:55,274 [ERROR] LogOutputStream:75 - [STDERR_REDIRECT] [Fatal Error] :1:1: Premature end of file.
2024-12-17 15:31:55,274 [ERROR] LogOutputStream:75 - [STDERR_REDIRECT] 
2024-12-17 15:31:56,271 [ERROR] LogOutputStream:75 - [STDERR_REDIRECT] [Fatal Error] :1:1: Premature end of file.
2024-12-17 15:31:56,271 [ERROR] LogOutputStream:75 - [STDERR_REDIRECT] 
2024-12-17 15:31:57,270 [ERROR] LogOutputStream:75 - [STDERR_REDIRECT] [Fatal Error] :1:1: Premature end of file.
2024-12-17 15:31:57,270 [ERROR] LogOutputStream:75 - [STDERR_REDIRECT] 
2024-12-17 15:31:58,271 [ERROR] LogOutputStream:75 - [STDERR_REDIRECT] [Fatal Error] :1:1: Premature end of file.
2024-12-17 15:31:58,271 [ERROR] LogOutputStream:75 - [STDERR_REDIRECT] 
2024-12-17 15:31:59,273 [ERROR] LogOutputStream:75 - [STDERR_REDIRECT] [Fatal Error] :1:1: Premature end of file.
2024-12-17 15:31:59,275 [ERROR] LogOutputStream:75 - [STDERR_REDIRECT] 
2024-12-17 15:32:00,272 [ERROR] LogOutputStream:75 - [STDERR_REDIRECT] [Fatal Error] :1:1: Premature end of file.
2024-12-17 15:32:00,272 [ERROR] LogOutputStream:75 - [STDERR_REDIRECT] 
2024-12-17 15:32:01,273 [ERROR] LogOutputStream:75 - [STDERR_REDIRECT] [Fatal Error] :1:1: Premature end of file.
2024-12-17 15:32:01,273 [ERROR] LogOutputStream:75 - [STDERR_REDIRECT] 
2024-12-17 15:32:02,272 [ERROR] LogOutputStream:75 - [STDERR_REDIRECT] [Fatal Error] :1:1: Premature end of file.
2024-12-17 15:32:02,272 [ERROR] LogOutputStream:75 - [STDERR_REDIRECT] 
2024-12-17 15:32:03,272 [ERROR] LogOutputStream:75 - [STDERR_REDIRECT] [Fatal Error] :1:1: Premature end of file.
2024-12-17 15:32:03,272 [ERROR] LogOutputStream:75 - [STDERR_REDIRECT] 
2024-12-17 15:32:04,273 [ERROR] LogOutputStream:75 - [STDERR_REDIRECT] [Fatal Error] :1:1: Premature end of file.
2024-12-17 15:32:04,273 [ERROR] LogOutputStream:75 - [STDERR_REDIRECT] 
2024-12-17 15:32:05,271 [ERROR] LogOutputStream:75 - [STDERR_REDIRECT] [Fatal Error] :1:1: Premature end of file.
2024-12-17 15:32:05,271 [ERROR] LogOutputStream:75 - [STDERR_REDIRECT] 
2024-12-17 15:32:06,271 [ERROR] LogOutputStream:75 - [STDERR_REDIRECT] [Fatal Error] :1:1: Premature end of file.
2024-12-17 15:32:06,272 [ERROR] LogOutputStream:75 - [STDERR_REDIRECT] 
2024-12-17 15:32:07,274 [ERROR] LogOutputStream:75 - [STDERR_REDIRECT] [Fatal Error] :1:1: Premature end of file.
2024-12-17 15:32:07,274 [ERROR] LogOutputStream:75 - [STDERR_REDIRECT] 
2024-12-17 15:32:08,270 [ERROR] LogOutputStream:75 - [STDERR_REDIRECT] [Fatal Error] :1:1: Premature end of file.
2024-12-17 15:32:08,270 [ERROR] LogOutputStream:75 - [STDERR_REDIRECT] 
2024-12-17 15:32:09,276 [ERROR] LogOutputStream:75 - [STDERR_REDIRECT] [Fatal Error] :1:1: Premature end of file.
2024-12-17 15:32:09,277 [ERROR] LogOutputStream:75 - [STDERR_REDIRECT] 
2024-12-17 15:32:10,274 [ERROR] LogOutputStream:75 - [STDERR_REDIRECT] [Fatal Error] :1:1: Premature end of file.
2024-12-17 15:32:10,274 [ERROR] LogOutputStream:75 - [STDERR_REDIRECT] 
2024-12-17 15:32:11,272 [ERROR] LogOutputStream:75 - [STDERR_REDIRECT] [Fatal Error] :1:1: Premature end of file.
2024-12-17 15:32:11,272 [ERROR] LogOutputStream:75 - [STDERR_REDIRECT] 
2024-12-17 15:32:12,270 [ERROR] LogOutputStream:75 - [STDERR_REDIRECT] [Fatal Error] :1:1: Premature end of file.
2024-12-17 15:32:12,271 [ERROR] LogOutputStream:75 - [STDERR_REDIRECT] 
2024-12-17 15:32:13,276 [ERROR] LogOutputStream:75 - [STDERR_REDIRECT] [Fatal Error] :1:1: Premature end of file.
2024-12-17 15:32:13,276 [ERROR] LogOutputStream:75 - [STDERR_REDIRECT] 
2024-12-17 15:32:14,272 [ERROR] LogOutputStream:75 - [STDERR_REDIRECT] [Fatal Error] :1:1: Premature end of file.
2024-12-17 15:32:14,272 [ERROR] LogOutputStream:75 - [STDERR_REDIRECT] 
2024-12-17 15:32:15,273 [ERROR] LogOutputStream:75 - [STDERR_REDIRECT] [Fatal Error] :1:1: Premature end of file.
2024-12-17 15:32:15,273 [ERROR] LogOutputStream:75 - [STDERR_REDIRECT] 
2024-12-17 15:32:16,271 [ERROR] LogOutputStream:75 - [STDERR_REDIRECT] [Fatal Error] :1:1: Premature end of file.
2024-12-17 15:32:16,271 [ERROR] LogOutputStream:75 - [STDERR_REDIRECT] 
2024-12-17 15:32:17,270 [ERROR] LogOutputStream:75 - [STDERR_REDIRECT] [Fatal Error] :1:1: Premature end of file.
2024-12-17 15:32:17,270 [ERROR] LogOutputStream:75 - [STDERR_REDIRECT] 
2024-12-17 15:32:18,273 [ERROR] LogOutputStream:75 - [STDERR_REDIRECT] [Fatal Error] :1:1: Premature end of file.
2024-12-17 15:32:18,273 [ERROR] LogOutputStream:75 - [STDERR_REDIRECT] 
2024-12-17 15:32:18,455 [INFO] WebApp:190 - Connection lost
2024-12-17 15:32:18,912 [INFO] WebApp:187 - Connection restablished
2024-12-17 15:32:19,270 [ERROR] LogOutputStream:75 - [STDERR_REDIRECT] [Fatal Error] :1:1: Premature end of file.
2024-12-17 15:32:19,270 [ERROR] LogOutputStream:75 - [STDERR_REDIRECT] 
2024-12-17 15:32:20,271 [ERROR] LogOutputStream:75 - [STDERR_REDIRECT] [Fatal Error] :1:1: Premature end of file.
2024-12-17 15:32:20,271 [ERROR] LogOutputStream:75 - [STDERR_REDIRECT] 
2024-12-17 15:32:21,270 [ERROR] LogOutputStream:75 - [STDERR_REDIRECT] [Fatal Error] :1:1: Premature end of file.
2024-12-17 15:32:21,270 [ERROR] LogOutputStream:75 - [STDERR_REDIRECT] 
2024-12-17 15:32:22,273 [ERROR] LogOutputStream:75 - [STDERR_REDIRECT] [Fatal Error] :1:1: Premature end of file.
2024-12-17 15:32:22,274 [ERROR] LogOutputStream:75 - [STDERR_REDIRECT] 
2024-12-17 15:32:23,271 [ERROR] LogOutputStream:75 - [STDERR_REDIRECT] [Fatal Error] :1:1: Premature end of file.
2024-12-17 15:32:23,271 [ERROR] LogOutputStream:75 - [STDERR_REDIRECT] 
2024-12-17 15:32:24,271 [ERROR] LogOutputStream:75 - [STDERR_REDIRECT] [Fatal Error] :1:1: Premature end of file.
2024-12-17 15:32:24,271 [ERROR] LogOutputStream:75 - [STDERR_REDIRECT] 
2024-12-17 15:32:25,270 [ERROR] LogOutputStream:75 - [STDERR_REDIRECT] [Fatal Error] :1:1: Premature end of file.
2024-12-17 15:32:25,270 [ERROR] LogOutputStream:75 - [STDERR_REDIRECT] 
2024-12-17 15:32:26,272 [ERROR] LogOutputStream:75 - [STDERR_REDIRECT] [Fatal Error] :1:1: Premature end of file.
2024-12-17 15:32:26,272 [ERROR] LogOutputStream:75 - [STDERR_REDIRECT] 
2024-12-17 15:32:27,270 [ERROR] LogOutputStream:75 - [STDERR_REDIRECT] [Fatal Error] :1:1: Premature end of file.
2024-12-17 15:32:27,270 [ERROR] LogOutputStream:75 - [STDERR_REDIRECT] 
2024-12-17 15:32:28,270 [ERROR] LogOutputStream:75 - [STDERR_REDIRECT] [Fatal Error] :1:1: Premature end of file.
2024-12-17 15:32:28,270 [ERROR] LogOutputStream:75 - [STDERR_REDIRECT] 
2024-12-17 15:32:29,271 [ERROR] LogOutputStream:75 - [STDERR_REDIRECT] [Fatal Error] :1:1: Premature end of file.
2024-12-17 15:32:29,271 [ERROR] LogOutputStream:75 - [STDERR_REDIRECT] 
2024-12-17 15:32:30,271 [ERROR] LogOutputStream:75 - [STDERR_REDIRECT] [Fatal Error] :1:1: Premature end of file.
2024-12-17 15:32:30,271 [ERROR] LogOutputStream:75 - [STDERR_REDIRECT] 
2024-12-17 15:32:31,270 [ERROR] LogOutputStream:75 - [STDERR_REDIRECT] [Fatal Error] :1:1: Premature end of file.
2024-12-17 15:32:31,271 [ERROR] LogOutputStream:75 - [STDERR_REDIRECT] 
2024-12-17 15:32:32,273 [ERROR] LogOutputStream:75 - [STDERR_REDIRECT] [Fatal Error] :1:1: Premature end of file.
2024-12-17 15:32:32,273 [ERROR] LogOutputStream:75 - [STDERR_REDIRECT] 
2024-12-17 15:32:33,270 [ERROR] LogOutputStream:75 - [STDERR_REDIRECT] [Fatal Error] :1:1: Premature end of file.
2024-12-17 15:32:33,270 [ERROR] LogOutputStream:75 - [STDERR_REDIRECT] 
2024-12-17 15:32:34,270 [ERROR] LogOutputStream:75 - [STDERR_REDIRECT] [Fatal Error] :1:1: Premature end of file.
2024-12-17 15:32:34,270 [ERROR] LogOutputStream:75 - [STDERR_REDIRECT] 
2024-12-17 15:32:35,270 [ERROR] LogOutputStream:75 - [STDERR_REDIRECT] [Fatal Error] :1:1: Premature end of file.
2024-12-17 15:32:35,270 [ERROR] LogOutputStream:75 - [STDERR_REDIRECT] 
2024-12-17 15:32:36,272 [ERROR] LogOutputStream:75 - [STDERR_REDIRECT] [Fatal Error] :1:1: Premature end of file.
2024-12-17 15:32:36,272 [ERROR] LogOutputStream:75 - [STDERR_REDIRECT] 
2024-12-17 15:32:37,271 [ERROR] LogOutputStream:75 - [STDERR_REDIRECT] [Fatal Error] :1:1: Premature end of file.
2024-12-17 15:32:37,271 [ERROR] LogOutputStream:75 - [STDERR_REDIRECT] 
2024-12-17 15:32:38,272 [ERROR] LogOutputStream:75 - [STDERR_REDIRECT] [Fatal Error] :1:1: Premature end of file.
2024-12-17 15:32:38,272 [ERROR] LogOutputStream:75 - [STDERR_REDIRECT] 
2024-12-17 15:32:39,270 [ERROR] LogOutputStream:75 - [STDERR_REDIRECT] [Fatal Error] :1:1: Premature end of file.
2024-12-17 15:32:39,271 [ERROR] LogOutputStream:75 - [STDERR_REDIRECT] 
2024-12-17 15:32:40,271 [ERROR] LogOutputStream:75 - [STDERR_REDIRECT] [Fatal Error] :1:1: Premature end of file.
2024-12-17 15:32:40,271 [ERROR] LogOutputStream:75 - [STDERR_REDIRECT] 
2024-12-17 15:32:41,269 [ERROR] LogOutputStream:75 - [STDERR_REDIRECT] [Fatal Error] :1:1: Premature end of file.
2024-12-17 15:32:41,270 [ERROR] LogOutputStream:75 - [STDERR_REDIRECT] 
2024-12-17 15:32:42,272 [ERROR] LogOutputStream:75 - [STDERR_REDIRECT] [Fatal Error] :1:1: Premature end of file.
2024-12-17 15:32:42,272 [ERROR] LogOutputStream:75 - [STDERR_REDIRECT] 
2024-12-17 15:32:43,271 [ERROR] LogOutputStream:75 - [STDERR_REDIRECT] [Fatal Error] :1:1: Premature end of file.
2024-12-17 15:32:43,271 [ERROR] LogOutputStream:75 - [STDERR_REDIRECT] 
2024-12-17 15:32:44,271 [ERROR] LogOutputStream:75 - [STDERR_REDIRECT] [Fatal Error] :1:1: Premature end of file.
2024-12-17 15:32:44,271 [ERROR] LogOutputStream:75 - [STDERR_REDIRECT] 
2024-12-17 15:32:45,270 [ERROR] LogOutputStream:75 - [STDERR_REDIRECT] [Fatal Error] :1:1: Premature end of file.
2024-12-17 15:32:45,270 [ERROR] LogOutputStream:75 - [STDERR_REDIRECT] 
2024-12-17 15:32:46,269 [ERROR] LogOutputStream:75 - [STDERR_REDIRECT] [Fatal Error] :1:1: Premature end of file.
2024-12-17 15:32:46,269 [ERROR] LogOutputStream:75 - [STDERR_REDIRECT] 
2024-12-17 15:32:47,271 [ERROR] LogOutputStream:75 - [STDERR_REDIRECT] [Fatal Error] :1:1: Premature end of file.
2024-12-17 15:32:47,272 [ERROR] LogOutputStream:75 - [STDERR_REDIRECT] 
2024-12-17 15:32:48,269 [ERROR] LogOutputStream:75 - [STDERR_REDIRECT] [Fatal Error] :1:1: Premature end of file.
2024-12-17 15:32:48,269 [ERROR] LogOutputStream:75 - [STDERR_REDIRECT] 
2024-12-17 15:32:49,271 [ERROR] LogOutputStream:75 - [STDERR_REDIRECT] [Fatal Error] :1:1: Premature end of file.
2024-12-17 15:32:49,271 [ERROR] LogOutputStream:75 - [STDERR_REDIRECT] 
2024-12-17 15:32:50,269 [ERROR] LogOutputStream:75 - [STDERR_REDIRECT] [Fatal Error] :1:1: Premature end of file.
2024-12-17 15:32:50,270 [ERROR] LogOutputStream:75 - [STDERR_REDIRECT] 
2024-12-17 15:32:51,271 [ERROR] LogOutputStream:75 - [STDERR_REDIRECT] [Fatal Error] :1:1: Premature end of file.
2024-12-17 15:32:51,271 [ERROR] LogOutputStream:75 - [STDERR_REDIRECT] 
2024-12-17 15:32:52,270 [ERROR] LogOutputStream:75 - [STDERR_REDIRECT] [Fatal Error] :1:1: Premature end of file.
2024-12-17 15:32:52,270 [ERROR] LogOutputStream:75 - [STDERR_REDIRECT] 
2024-12-17 15:32:53,271 [ERROR] LogOutputStream:75 - [STDERR_REDIRECT] [Fatal Error] :1:1: Premature end of file.
2024-12-17 15:32:53,271 [ERROR] LogOutputStream:75 - [STDERR_REDIRECT] 
2024-12-17 15:32:54,277 [ERROR] LogOutputStream:75 - [STDERR_REDIRECT] [Fatal Error] :1:1: Premature end of file.
2024-12-17 15:32:54,277 [ERROR] LogOutputStream:75 - [STDERR_REDIRECT] 
2024-12-17 15:32:55,269 [ERROR] LogOutputStream:75 - [STDERR_REDIRECT] [Fatal Error] :1:1: Premature end of file.
2024-12-17 15:32:55,269 [ERROR] LogOutputStream:75 - [STDERR_REDIRECT] 
2024-12-17 15:32:56,273 [ERROR] LogOutputStream:75 - [STDERR_REDIRECT] [Fatal Error] :1:1: Premature end of file.
2024-12-17 15:32:56,273 [ERROR] LogOutputStream:75 - [STDERR_REDIRECT] 
2024-12-17 15:32:57,271 [ERROR] LogOutputStream:75 - [STDERR_REDIRECT] [Fatal Error] :1:1: Premature end of file.
2024-12-17 15:32:57,271 [ERROR] LogOutputStream:75 - [STDERR_REDIRECT] 
2024-12-17 15:32:58,272 [ERROR] LogOutputStream:75 - [STDERR_REDIRECT] [Fatal Error] :1:1: Premature end of file.
2024-12-17 15:32:58,272 [ERROR] LogOutputStream:75 - [STDERR_REDIRECT] 
2024-12-17 15:32:59,268 [ERROR] LogOutputStream:75 - [STDERR_REDIRECT] [Fatal Error] :1:1: Premature end of file.
2024-12-17 15:32:59,268 [ERROR] LogOutputStream:75 - [STDERR_REDIRECT] 
2024-12-17 15:33:00,272 [ERROR] LogOutputStream:75 - [STDERR_REDIRECT] [Fatal Error] :1:1: Premature end of file.
2024-12-17 15:33:00,272 [ERROR] LogOutputStream:75 - [STDERR_REDIRECT] 
2024-12-17 15:33:01,273 [ERROR] LogOutputStream:75 - [STDERR_REDIRECT] [Fatal Error] :1:1: Premature end of file.
2024-12-17 15:33:01,273 [ERROR] LogOutputStream:75 - [STDERR_REDIRECT] 
2024-12-17 15:33:02,271 [ERROR] LogOutputStream:75 - [STDERR_REDIRECT] [Fatal Error] :1:1: Premature end of file.
2024-12-17 15:33:02,271 [ERROR] LogOutputStream:75 - [STDERR_REDIRECT] 
2024-12-17 15:33:03,271 [ERROR] LogOutputStream:75 - [STDERR_REDIRECT] [Fatal Error] :1:1: Premature end of file.
2024-12-17 15:33:03,271 [ERROR] LogOutputStream:75 - [STDERR_REDIRECT] 
2024-12-17 15:33:04,271 [ERROR] LogOutputStream:75 - [STDERR_REDIRECT] [Fatal Error] :1:1: Premature end of file.
2024-12-17 15:33:04,271 [ERROR] LogOutputStream:75 - [STDERR_REDIRECT] 
2024-12-17 15:33:05,273 [ERROR] LogOutputStream:75 - [STDERR_REDIRECT] [Fatal Error] :1:1: Premature end of file.
2024-12-17 15:33:05,274 [ERROR] LogOutputStream:75 - [STDERR_REDIRECT] 
2024-12-17 15:33:06,270 [ERROR] LogOutputStream:75 - [STDERR_REDIRECT] [Fatal Error] :1:1: Premature end of file.
2024-12-17 15:33:06,270 [ERROR] LogOutputStream:75 - [STDERR_REDIRECT] 
2024-12-17 15:33:07,271 [ERROR] LogOutputStream:75 - [STDERR_REDIRECT] [Fatal Error] :1:1: Premature end of file.
2024-12-17 15:33:07,271 [ERROR] LogOutputStream:75 - [STDERR_REDIRECT] 
2024-12-17 15:33:08,269 [ERROR] LogOutputStream:75 - [STDERR_REDIRECT] [Fatal Error] :1:1: Premature end of file.
2024-12-17 15:33:08,269 [ERROR] LogOutputStream:75 - [STDERR_REDIRECT] 
2024-12-17 15:33:09,273 [ERROR] LogOutputStream:75 - [STDERR_REDIRECT] [Fatal Error] :1:1: Premature end of file.
2024-12-17 15:33:09,273 [ERROR] LogOutputStream:75 - [STDERR_REDIRECT] 
2024-12-17 15:33:10,276 [ERROR] LogOutputStream:75 - [STDERR_REDIRECT] [Fatal Error] :1:1: Premature end of file.
2024-12-17 15:33:10,276 [ERROR] LogOutputStream:75 - [STDERR_REDIRECT] 
2024-12-17 15:33:11,273 [ERROR] LogOutputStream:75 - [STDERR_REDIRECT] [Fatal Error] :1:1: Premature end of file.
2024-12-17 15:33:11,273 [ERROR] LogOutputStream:75 - [STDERR_REDIRECT] 
2024-12-17 15:33:12,271 [ERROR] LogOutputStream:75 - [STDERR_REDIRECT] [Fatal Error] :1:1: Premature end of file.
2024-12-17 15:33:12,271 [ERROR] LogOutputStream:75 - [STDERR_REDIRECT] 
2024-12-17 15:33:13,274 [ERROR] LogOutputStream:75 - [STDERR_REDIRECT] [Fatal Error] :1:1: Premature end of file.
2024-12-17 15:33:13,274 [ERROR] LogOutputStream:75 - [STDERR_REDIRECT] 
2024-12-17 15:33:14,273 [ERROR] LogOutputStream:75 - [STDERR_REDIRECT] [Fatal Error] :1:1: Premature end of file.
2024-12-17 15:33:14,273 [ERROR] LogOutputStream:75 - [STDERR_REDIRECT] 
2024-12-17 15:33:15,272 [ERROR] LogOutputStream:75 - [STDERR_REDIRECT] [Fatal Error] :1:1: Premature end of file.
2024-12-17 15:33:15,272 [ERROR] LogOutputStream:75 - [STDERR_REDIRECT] 
2024-12-17 15:33:16,273 [ERROR] LogOutputStream:75 - [STDERR_REDIRECT] [Fatal Error] :1:1: Premature end of file.
2024-12-17 15:33:16,273 [ERROR] LogOutputStream:75 - [STDERR_REDIRECT] 
2024-12-17 15:33:17,271 [ERROR] LogOutputStream:75 - [STDERR_REDIRECT] [Fatal Error] :1:1: Premature end of file.
2024-12-17 15:33:17,271 [ERROR] LogOutputStream:75 - [STDERR_REDIRECT] 
2024-12-17 15:33:18,271 [ERROR] LogOutputStream:75 - [STDERR_REDIRECT] [Fatal Error] :1:1: Premature end of file.
2024-12-17 15:33:18,272 [ERROR] LogOutputStream:75 - [STDERR_REDIRECT] 
2024-12-17 15:33:19,275 [ERROR] LogOutputStream:75 - [STDERR_REDIRECT] [Fatal Error] :1:1: Premature end of file.
2024-12-17 15:33:19,276 [ERROR] LogOutputStream:75 - [STDERR_REDIRECT] 
2024-12-17 15:33:20,273 [ERROR] LogOutputStream:75 - [STDERR_REDIRECT] [Fatal Error] :1:1: Premature end of file.
2024-12-17 15:33:20,273 [ERROR] LogOutputStream:75 - [STDERR_REDIRECT] 
2024-12-17 15:33:21,271 [ERROR] LogOutputStream:75 - [STDERR_REDIRECT] [Fatal Error] :1:1: Premature end of file.
2024-12-17 15:33:21,272 [ERROR] LogOutputStream:75 - [STDERR_REDIRECT] 
2024-12-17 15:33:22,270 [ERROR] LogOutputStream:75 - [STDERR_REDIRECT] [Fatal Error] :1:1: Premature end of file.
2024-12-17 15:33:22,270 [ERROR] LogOutputStream:75 - [STDERR_REDIRECT] 
2024-12-17 15:33:23,272 [ERROR] LogOutputStream:75 - [STDERR_REDIRECT] [Fatal Error] :1:1: Premature end of file.
2024-12-17 15:33:23,272 [ERROR] LogOutputStream:75 - [STDERR_REDIRECT] 
2024-12-17 15:33:24,273 [ERROR] LogOutputStream:75 - [STDERR_REDIRECT] [Fatal Error] :1:1: Premature end of file.
2024-12-17 15:33:24,273 [ERROR] LogOutputStream:75 - [STDERR_REDIRECT] 
2024-12-17 15:33:25,271 [ERROR] LogOutputStream:75 - [STDERR_REDIRECT] [Fatal Error] :1:1: Premature end of file.
2024-12-17 15:33:25,271 [ERROR] LogOutputStream:75 - [STDERR_REDIRECT] 
2024-12-17 15:33:26,273 [ERROR] LogOutputStream:75 - [STDERR_REDIRECT] [Fatal Error] :1:1: Premature end of file.
2024-12-17 15:33:26,273 [ERROR] LogOutputStream:75 - [STDERR_REDIRECT] 
2024-12-17 15:33:27,272 [ERROR] LogOutputStream:75 - [STDERR_REDIRECT] [Fatal Error] :1:1: Premature end of file.
2024-12-17 15:33:27,272 [ERROR] LogOutputStream:75 - [STDERR_REDIRECT] 
2024-12-17 15:33:28,271 [ERROR] LogOutputStream:75 - [STDERR_REDIRECT] [Fatal Error] :1:1: Premature end of file.
2024-12-17 15:33:28,271 [ERROR] LogOutputStream:75 - [STDERR_REDIRECT] 
2024-12-17 15:33:29,272 [ERROR] LogOutputStream:75 - [STDERR_REDIRECT] [Fatal Error] :1:1: Premature end of file.
2024-12-17 15:33:29,272 [ERROR] LogOutputStream:75 - [STDERR_REDIRECT] 
2024-12-17 15:33:30,269 [ERROR] LogOutputStream:75 - [STDERR_REDIRECT] [Fatal Error] :1:1: Premature end of file.
2024-12-17 15:33:30,269 [ERROR] LogOutputStream:75 - [STDERR_REDIRECT] 
2024-12-17 15:33:31,272 [ERROR] LogOutputStream:75 - [STDERR_REDIRECT] [Fatal Error] :1:1: Premature end of file.
2024-12-17 15:33:31,272 [ERROR] LogOutputStream:75 - [STDERR_REDIRECT] 
2024-12-17 15:33:32,271 [ERROR] LogOutputStream:75 - [STDERR_REDIRECT] [Fatal Error] :1:1: Premature end of file.
2024-12-17 15:33:32,272 [ERROR] LogOutputStream:75 - [STDERR_REDIRECT] 
2024-12-17 15:33:33,271 [ERROR] LogOutputStream:75 - [STDERR_REDIRECT] [Fatal Error] :1:1: Premature end of file.
2024-12-17 15:33:33,271 [ERROR] LogOutputStream:75 - [STDERR_REDIRECT] 
2024-12-17 15:33:34,270 [ERROR] LogOutputStream:75 - [STDERR_REDIRECT] [Fatal Error] :1:1: Premature end of file.
2024-12-17 15:33:34,270 [ERROR] LogOutputStream:75 - [STDERR_REDIRECT] 
2024-12-17 15:33:35,270 [ERROR] LogOutputStream:75 - [STDERR_REDIRECT] [Fatal Error] :1:1: Premature end of file.
2024-12-17 15:33:35,270 [ERROR] LogOutputStream:75 - [STDERR_REDIRECT] 
2024-12-17 15:33:36,272 [ERROR] LogOutputStream:75 - [STDERR_REDIRECT] [Fatal Error] :1:1: Premature end of file.
2024-12-17 15:33:36,272 [ERROR] LogOutputStream:75 - [STDERR_REDIRECT] 
2024-12-17 15:33:37,271 [ERROR] LogOutputStream:75 - [STDERR_REDIRECT] [Fatal Error] :1:1: Premature end of file.
2024-12-17 15:33:37,271 [ERROR] LogOutputStream:75 - [STDERR_REDIRECT] 
2024-12-17 15:33:38,269 [ERROR] LogOutputStream:75 - [STDERR_REDIRECT] [Fatal Error] :1:1: Premature end of file.
2024-12-17 15:33:38,269 [ERROR] LogOutputStream:75 - [STDERR_REDIRECT] 
2024-12-17 15:33:39,271 [ERROR] LogOutputStream:75 - [STDERR_REDIRECT] [Fatal Error] :1:1: Premature end of file.
2024-12-17 15:33:39,271 [ERROR] LogOutputStream:75 - [STDERR_REDIRECT] 
2024-12-17 15:33:40,273 [ERROR] LogOutputStream:75 - [STDERR_REDIRECT] [Fatal Error] :1:1: Premature end of file.
2024-12-17 15:33:40,273 [ERROR] LogOutputStream:75 - [STDERR_REDIRECT] 
2024-12-17 15:33:41,271 [ERROR] LogOutputStream:75 - [STDERR_REDIRECT] [Fatal Error] :1:1: Premature end of file.
2024-12-17 15:33:41,271 [ERROR] LogOutputStream:75 - [STDERR_REDIRECT] 
2024-12-17 15:33:42,272 [ERROR] LogOutputStream:75 - [STDERR_REDIRECT] [Fatal Error] :1:1: Premature end of file.
2024-12-17 15:33:42,272 [ERROR] LogOutputStream:75 - [STDERR_REDIRECT] 
2024-12-17 15:33:43,272 [ERROR] LogOutputStream:75 - [STDERR_REDIRECT] [Fatal Error] :1:1: Premature end of file.
2024-12-17 15:33:43,272 [ERROR] LogOutputStream:75 - [STDERR_REDIRECT] 
2024-12-17 15:33:44,271 [ERROR] LogOutputStream:75 - [STDERR_REDIRECT] [Fatal Error] :1:1: Premature end of file.
2024-12-17 15:33:44,271 [ERROR] LogOutputStream:75 - [STDERR_REDIRECT] 
2024-12-17 15:33:45,271 [ERROR] LogOutputStream:75 - [STDERR_REDIRECT] [Fatal Error] :1:1: Premature end of file.
2024-12-17 15:33:45,271 [ERROR] LogOutputStream:75 - [STDERR_REDIRECT] 
2024-12-17 15:33:46,272 [ERROR] LogOutputStream:75 - [STDERR_REDIRECT] [Fatal Error] :1:1: Premature end of file.
2024-12-17 15:33:46,273 [ERROR] LogOutputStream:75 - [STDERR_REDIRECT] 
2024-12-17 15:33:47,276 [ERROR] LogOutputStream:75 - [STDERR_REDIRECT] [Fatal Error] :1:1: Premature end of file.
2024-12-17 15:33:47,276 [ERROR] LogOutputStream:75 - [STDERR_REDIRECT] 
2024-12-17 15:33:48,270 [ERROR] LogOutputStream:75 - [STDERR_REDIRECT] [Fatal Error] :1:1: Premature end of file.
2024-12-17 15:33:48,270 [ERROR] LogOutputStream:75 - [STDERR_REDIRECT] 
2024-12-17 15:33:49,270 [ERROR] LogOutputStream:75 - [STDERR_REDIRECT] [Fatal Error] :1:1: Premature end of file.
2024-12-17 15:33:49,270 [ERROR] LogOutputStream:75 - [STDERR_REDIRECT] 
2024-12-17 15:33:50,270 [ERROR] LogOutputStream:75 - [STDERR_REDIRECT] [Fatal Error] :1:1: Premature end of file.
2024-12-17 15:33:50,270 [ERROR] LogOutputStream:75 - [STDERR_REDIRECT] 
2024-12-17 15:33:51,271 [ERROR] LogOutputStream:75 - [STDERR_REDIRECT] [Fatal Error] :1:1: Premature end of file.
2024-12-17 15:33:51,271 [ERROR] LogOutputStream:75 - [STDERR_REDIRECT] 
2024-12-17 15:33:52,272 [ERROR] LogOutputStream:75 - [STDERR_REDIRECT] [Fatal Error] :1:1: Premature end of file.
2024-12-17 15:33:52,272 [ERROR] LogOutputStream:75 - [STDERR_REDIRECT] 
2024-12-17 15:33:53,272 [ERROR] LogOutputStream:75 - [STDERR_REDIRECT] [Fatal Error] :1:1: Premature end of file.
2024-12-17 15:33:53,272 [ERROR] LogOutputStream:75 - [STDERR_REDIRECT] 
2024-12-17 15:33:54,272 [ERROR] LogOutputStream:75 - [STDERR_REDIRECT] [Fatal Error] :1:1: Premature end of file.
2024-12-17 15:33:54,272 [ERROR] LogOutputStream:75 - [STDERR_REDIRECT] 
2024-12-17 15:33:55,270 [ERROR] LogOutputStream:75 - [STDERR_REDIRECT] [Fatal Error] :1:1: Premature end of file.
2024-12-17 15:33:55,270 [ERROR] LogOutputStream:75 - [STDERR_REDIRECT] 
2024-12-17 15:33:56,271 [ERROR] LogOutputStream:75 - [STDERR_REDIRECT] [Fatal Error] :1:1: Premature end of file.
2024-12-17 15:33:56,271 [ERROR] LogOutputStream:75 - [STDERR_REDIRECT] 
2024-12-17 15:33:57,272 [ERROR] LogOutputStream:75 - [STDERR_REDIRECT] [Fatal Error] :1:1: Premature end of file.
2024-12-17 15:33:57,272 [ERROR] LogOutputStream:75 - [STDERR_REDIRECT] 
2024-12-17 15:33:58,271 [ERROR] LogOutputStream:75 - [STDERR_REDIRECT] [Fatal Error] :1:1: Premature end of file.
2024-12-17 15:33:58,272 [ERROR] LogOutputStream:75 - [STDERR_REDIRECT] 
2024-12-17 15:33:59,271 [ERROR] LogOutputStream:75 - [STDERR_REDIRECT] [Fatal Error] :1:1: Premature end of file.
2024-12-17 15:33:59,271 [ERROR] LogOutputStream:75 - [STDERR_REDIRECT] 
2024-12-17 15:34:00,273 [ERROR] LogOutputStream:75 - [STDERR_REDIRECT] [Fatal Error] :1:1: Premature end of file.
2024-12-17 15:34:00,273 [ERROR] LogOutputStream:75 - [STDERR_REDIRECT] 
2024-12-17 15:34:01,272 [ERROR] LogOutputStream:75 - [STDERR_REDIRECT] [Fatal Error] :1:1: Premature end of file.
2024-12-17 15:34:01,272 [ERROR] LogOutputStream:75 - [STDERR_REDIRECT] 
2024-12-17 15:34:02,269 [ERROR] LogOutputStream:75 - [STDERR_REDIRECT] [Fatal Error] :1:1: Premature end of file.
2024-12-17 15:34:02,269 [ERROR] LogOutputStream:75 - [STDERR_REDIRECT] 
2024-12-17 15:34:03,272 [ERROR] LogOutputStream:75 - [STDERR_REDIRECT] [Fatal Error] :1:1: Premature end of file.
2024-12-17 15:34:03,272 [ERROR] LogOutputStream:75 - [STDERR_REDIRECT] 
2024-12-17 15:34:04,270 [ERROR] LogOutputStream:75 - [STDERR_REDIRECT] [Fatal Error] :1:1: Premature end of file.
2024-12-17 15:34:04,270 [ERROR] LogOutputStream:75 - [STDERR_REDIRECT] 
2024-12-17 15:34:05,270 [ERROR] LogOutputStream:75 - [STDERR_REDIRECT] [Fatal Error] :1:1: Premature end of file.
2024-12-17 15:34:05,270 [ERROR] LogOutputStream:75 - [STDERR_REDIRECT] 
2024-12-17 15:34:06,273 [ERROR] LogOutputStream:75 - [STDERR_REDIRECT] [Fatal Error] :1:1: Premature end of file.
2024-12-17 15:34:06,274 [ERROR] LogOutputStream:75 - [STDERR_REDIRECT] 
2024-12-17 15:34:07,270 [ERROR] LogOutputStream:75 - [STDERR_REDIRECT] [Fatal Error] :1:1: Premature end of file.
2024-12-17 15:34:07,270 [ERROR] LogOutputStream:75 - [STDERR_REDIRECT] 
2024-12-17 15:34:08,271 [ERROR] LogOutputStream:75 - [STDERR_REDIRECT] [Fatal Error] :1:1: Premature end of file.
2024-12-17 15:34:08,271 [ERROR] LogOutputStream:75 - [STDERR_REDIRECT] 
2024-12-17 15:34:09,272 [ERROR] LogOutputStream:75 - [STDERR_REDIRECT] [Fatal Error] :1:1: Premature end of file.
2024-12-17 15:34:09,272 [ERROR] LogOutputStream:75 - [STDERR_REDIRECT] 
2024-12-17 15:34:10,270 [ERROR] LogOutputStream:75 - [STDERR_REDIRECT] [Fatal Error] :1:1: Premature end of file.
2024-12-17 15:34:10,270 [ERROR] LogOutputStream:75 - [STDERR_REDIRECT] 
2024-12-17 15:34:11,271 [ERROR] LogOutputStream:75 - [STDERR_REDIRECT] [Fatal Error] :1:1: Premature end of file.
2024-12-17 15:34:11,271 [ERROR] LogOutputStream:75 - [STDERR_REDIRECT] 
2024-12-17 15:34:12,272 [ERROR] LogOutputStream:75 - [STDERR_REDIRECT] [Fatal Error] :1:1: Premature end of file.
2024-12-17 15:34:12,272 [ERROR] LogOutputStream:75 - [STDERR_REDIRECT] 
2024-12-17 15:34:13,269 [ERROR] LogOutputStream:75 - [STDERR_REDIRECT] [Fatal Error] :1:1: Premature end of file.
2024-12-17 15:34:13,269 [ERROR] LogOutputStream:75 - [STDERR_REDIRECT] 
2024-12-17 15:34:14,272 [ERROR] LogOutputStream:75 - [STDERR_REDIRECT] [Fatal Error] :1:1: Premature end of file.
2024-12-17 15:34:14,272 [ERROR] LogOutputStream:75 - [STDERR_REDIRECT] 
2024-12-17 15:34:15,272 [ERROR] LogOutputStream:75 - [STDERR_REDIRECT] [Fatal Error] :1:1: Premature end of file.
2024-12-17 15:34:15,272 [ERROR] LogOutputStream:75 - [STDERR_REDIRECT] 
2024-12-17 15:34:16,270 [ERROR] LogOutputStream:75 - [STDERR_REDIRECT] [Fatal Error] :1:1: Premature end of file.
2024-12-17 15:34:16,270 [ERROR] LogOutputStream:75 - [STDERR_REDIRECT] 
2024-12-17 15:34:17,272 [ERROR] LogOutputStream:75 - [STDERR_REDIRECT] [Fatal Error] :1:1: Premature end of file.
2024-12-17 15:34:17,272 [ERROR] LogOutputStream:75 - [STDERR_REDIRECT] 
2024-12-17 15:34:18,276 [ERROR] LogOutputStream:75 - [STDERR_REDIRECT] [Fatal Error] :1:1: Premature end of file.
2024-12-17 15:34:18,277 [ERROR] LogOutputStream:75 - [STDERR_REDIRECT] 
2024-12-17 15:34:19,270 [ERROR] LogOutputStream:75 - [STDERR_REDIRECT] [Fatal Error] :1:1: Premature end of file.
2024-12-17 15:34:19,270 [ERROR] LogOutputStream:75 - [STDERR_REDIRECT] 
2024-12-17 15:34:20,272 [ERROR] LogOutputStream:75 - [STDERR_REDIRECT] [Fatal Error] :1:1: Premature end of file.
2024-12-17 15:34:20,272 [ERROR] LogOutputStream:75 - [STDERR_REDIRECT] 
2024-12-17 15:34:21,270 [ERROR] LogOutputStream:75 - [STDERR_REDIRECT] [Fatal Error] :1:1: Premature end of file.
2024-12-17 15:34:21,270 [ERROR] LogOutputStream:75 - [STDERR_REDIRECT] 
2024-12-17 15:34:22,272 [ERROR] LogOutputStream:75 - [STDERR_REDIRECT] [Fatal Error] :1:1: Premature end of file.
2024-12-17 15:34:22,272 [ERROR] LogOutputStream:75 - [STDERR_REDIRECT] 
2024-12-17 15:34:23,272 [ERROR] LogOutputStream:75 - [STDERR_REDIRECT] [Fatal Error] :1:1: Premature end of file.
2024-12-17 15:34:23,272 [ERROR] LogOutputStream:75 - [STDERR_REDIRECT] 
2024-12-17 15:34:24,272 [ERROR] LogOutputStream:75 - [STDERR_REDIRECT] [Fatal Error] :1:1: Premature end of file.
2024-12-17 15:34:24,272 [ERROR] LogOutputStream:75 - [STDERR_REDIRECT] 
2024-12-17 15:34:25,270 [ERROR] LogOutputStream:75 - [STDERR_REDIRECT] [Fatal Error] :1:1: Premature end of file.
2024-12-17 15:34:25,270 [ERROR] LogOutputStream:75 - [STDERR_REDIRECT] 
2024-12-17 15:34:26,274 [ERROR] LogOutputStream:75 - [STDERR_REDIRECT] [Fatal Error] :1:1: Premature end of file.
2024-12-17 15:34:26,274 [ERROR] LogOutputStream:75 - [STDERR_REDIRECT] 
2024-12-17 15:34:27,270 [ERROR] LogOutputStream:75 - [STDERR_REDIRECT] [Fatal Error] :1:1: Premature end of file.
2024-12-17 15:34:27,270 [ERROR] LogOutputStream:75 - [STDERR_REDIRECT] 
2024-12-17 15:34:28,274 [ERROR] LogOutputStream:75 - [STDERR_REDIRECT] [Fatal Error] :1:1: Premature end of file.
2024-12-17 15:34:28,274 [ERROR] LogOutputStream:75 - [STDERR_REDIRECT] 
2024-12-17 15:34:29,273 [ERROR] LogOutputStream:75 - [STDERR_REDIRECT] [Fatal Error] :1:1: Premature end of file.
2024-12-17 15:34:29,273 [ERROR] LogOutputStream:75 - [STDERR_REDIRECT] 
2024-12-17 15:34:30,273 [ERROR] LogOutputStream:75 - [STDERR_REDIRECT] [Fatal Error] :1:1: Premature end of file.
2024-12-17 15:34:30,273 [ERROR] LogOutputStream:75 - [STDERR_REDIRECT] 
2024-12-17 15:34:31,273 [ERROR] LogOutputStream:75 - [STDERR_REDIRECT] [Fatal Error] :1:1: Premature end of file.
2024-12-17 15:34:31,273 [ERROR] LogOutputStream:75 - [STDERR_REDIRECT] 
2024-12-17 15:34:32,269 [ERROR] LogOutputStream:75 - [STDERR_REDIRECT] [Fatal Error] :1:1: Premature end of file.
2024-12-17 15:34:32,269 [ERROR] LogOutputStream:75 - [STDERR_REDIRECT] 
2024-12-17 15:34:33,272 [ERROR] LogOutputStream:75 - [STDERR_REDIRECT] [Fatal Error] :1:1: Premature end of file.
2024-12-17 15:34:33,272 [ERROR] LogOutputStream:75 - [STDERR_REDIRECT] 
2024-12-17 15:34:34,272 [ERROR] LogOutputStream:75 - [STDERR_REDIRECT] [Fatal Error] :1:1: Premature end of file.
2024-12-17 15:34:34,272 [ERROR] LogOutputStream:75 - [STDERR_REDIRECT] 
2024-12-17 15:34:35,272 [ERROR] LogOutputStream:75 - [STDERR_REDIRECT] [Fatal Error] :1:1: Premature end of file.
2024-12-17 15:34:35,273 [ERROR] LogOutputStream:75 - [STDERR_REDIRECT] 
2024-12-17 15:34:36,273 [ERROR] LogOutputStream:75 - [STDERR_REDIRECT] [Fatal Error] :1:1: Premature end of file.
2024-12-17 15:34:36,273 [ERROR] LogOutputStream:75 - [STDERR_REDIRECT] 
2024-12-17 15:34:37,275 [ERROR] LogOutputStream:75 - [STDERR_REDIRECT] [Fatal Error] :1:1: Premature end of file.
2024-12-17 15:34:37,275 [ERROR] LogOutputStream:75 - [STDERR_REDIRECT] 
2024-12-17 15:34:38,274 [ERROR] LogOutputStream:75 - [STDERR_REDIRECT] [Fatal Error] :1:1: Premature end of file.
2024-12-17 15:34:38,274 [ERROR] LogOutputStream:75 - [STDERR_REDIRECT] 
2024-12-17 15:34:39,273 [ERROR] LogOutputStream:75 - [STDERR_REDIRECT] [Fatal Error] :1:1: Premature end of file.
2024-12-17 15:34:39,273 [ERROR] LogOutputStream:75 - [STDERR_REDIRECT] 
2024-12-17 15:34:40,274 [ERROR] LogOutputStream:75 - [STDERR_REDIRECT] [Fatal Error] :1:1: Premature end of file.
2024-12-17 15:34:40,274 [ERROR] LogOutputStream:75 - [STDERR_REDIRECT] 
2024-12-17 15:34:41,274 [ERROR] LogOutputStream:75 - [STDERR_REDIRECT] [Fatal Error] :1:1: Premature end of file.
2024-12-17 15:34:41,274 [ERROR] LogOutputStream:75 - [STDERR_REDIRECT] 
2024-12-17 15:34:42,272 [ERROR] LogOutputStream:75 - [STDERR_REDIRECT] [Fatal Error] :1:1: Premature end of file.
2024-12-17 15:34:42,272 [ERROR] LogOutputStream:75 - [STDERR_REDIRECT] 
2024-12-17 15:34:43,270 [ERROR] LogOutputStream:75 - [STDERR_REDIRECT] [Fatal Error] :1:1: Premature end of file.
2024-12-17 15:34:43,271 [ERROR] LogOutputStream:75 - [STDERR_REDIRECT] 
2024-12-17 15:34:44,275 [ERROR] LogOutputStream:75 - [STDERR_REDIRECT] [Fatal Error] :1:1: Premature end of file.
2024-12-17 15:34:44,275 [ERROR] LogOutputStream:75 - [STDERR_REDIRECT] 
2024-12-17 15:34:45,270 [ERROR] LogOutputStream:75 - [STDERR_REDIRECT] [Fatal Error] :1:1: Premature end of file.
2024-12-17 15:34:45,270 [ERROR] LogOutputStream:75 - [STDERR_REDIRECT] 
2024-12-17 15:34:46,271 [ERROR] LogOutputStream:75 - [STDERR_REDIRECT] [Fatal Error] :1:1: Premature end of file.
2024-12-17 15:34:46,271 [ERROR] LogOutputStream:75 - [STDERR_REDIRECT] 
2024-12-17 15:34:47,274 [ERROR] LogOutputStream:75 - [STDERR_REDIRECT] [Fatal Error] :1:1: Premature end of file.
2024-12-17 15:34:47,274 [ERROR] LogOutputStream:75 - [STDERR_REDIRECT] 
2024-12-17 15:34:48,274 [ERROR] LogOutputStream:75 - [STDERR_REDIRECT] [Fatal Error] :1:1: Premature end of file.
2024-12-17 15:34:48,274 [ERROR] LogOutputStream:75 - [STDERR_REDIRECT] 
2024-12-17 15:34:49,271 [ERROR] LogOutputStream:75 - [STDERR_REDIRECT] [Fatal Error] :1:1: Premature end of file.
2024-12-17 15:34:49,271 [ERROR] LogOutputStream:75 - [STDERR_REDIRECT] 
2024-12-17 15:34:50,274 [ERROR] LogOutputStream:75 - [STDERR_REDIRECT] [Fatal Error] :1:1: Premature end of file.
2024-12-17 15:34:50,274 [ERROR] LogOutputStream:75 - [STDERR_REDIRECT] 
2024-12-17 15:34:51,275 [ERROR] LogOutputStream:75 - [STDERR_REDIRECT] [Fatal Error] :1:1: Premature end of file.
2024-12-17 15:34:51,275 [ERROR] LogOutputStream:75 - [STDERR_REDIRECT] 
2024-12-17 15:34:52,275 [ERROR] LogOutputStream:75 - [STDERR_REDIRECT] [Fatal Error] :1:1: Premature end of file.
2024-12-17 15:34:52,275 [ERROR] LogOutputStream:75 - [STDERR_REDIRECT] 
2024-12-17 15:34:53,272 [ERROR] LogOutputStream:75 - [STDERR_REDIRECT] [Fatal Error] :1:1: Premature end of file.
2024-12-17 15:34:53,272 [ERROR] LogOutputStream:75 - [STDERR_REDIRECT] 
2024-12-17 15:34:54,272 [ERROR] LogOutputStream:75 - [STDERR_REDIRECT] [Fatal Error] :1:1: Premature end of file.
2024-12-17 15:34:54,272 [ERROR] LogOutputStream:75 - [STDERR_REDIRECT] 
2024-12-17 15:34:55,271 [ERROR] LogOutputStream:75 - [STDERR_REDIRECT] [Fatal Error] :1:1: Premature end of file.
2024-12-17 15:34:55,271 [ERROR] LogOutputStream:75 - [STDERR_REDIRECT] 
2024-12-17 15:34:56,273 [ERROR] LogOutputStream:75 - [STDERR_REDIRECT] [Fatal Error] :1:1: Premature end of file.
2024-12-17 15:34:56,273 [ERROR] LogOutputStream:75 - [STDERR_REDIRECT] 
2024-12-17 15:34:57,273 [ERROR] LogOutputStream:75 - [STDERR_REDIRECT] [Fatal Error] :1:1: Premature end of file.
2024-12-17 15:34:57,273 [ERROR] LogOutputStream:75 - [STDERR_REDIRECT] 
2024-12-17 15:34:58,273 [ERROR] LogOutputStream:75 - [STDERR_REDIRECT] [Fatal Error] :1:1: Premature end of file.
2024-12-17 15:34:58,273 [ERROR] LogOutputStream:75 - [STDERR_REDIRECT] 
2024-12-17 15:34:59,273 [ERROR] LogOutputStream:75 - [STDERR_REDIRECT] [Fatal Error] :1:1: Premature end of file.
2024-12-17 15:34:59,274 [ERROR] LogOutputStream:75 - [STDERR_REDIRECT] 
2024-12-17 15:35:00,273 [ERROR] LogOutputStream:75 - [STDERR_REDIRECT] [Fatal Error] :1:1: Premature end of file.
2024-12-17 15:35:00,274 [ERROR] LogOutputStream:75 - [STDERR_REDIRECT] 
2024-12-17 15:35:01,269 [ERROR] LogOutputStream:75 - [STDERR_REDIRECT] [Fatal Error] :1:1: Premature end of file.
2024-12-17 15:35:01,269 [ERROR] LogOutputStream:75 - [STDERR_REDIRECT] 
2024-12-17 15:35:02,272 [ERROR] LogOutputStream:75 - [STDERR_REDIRECT] [Fatal Error] :1:1: Premature end of file.
2024-12-17 15:35:02,272 [ERROR] LogOutputStream:75 - [STDERR_REDIRECT] 
2024-12-17 15:35:03,271 [ERROR] LogOutputStream:75 - [STDERR_REDIRECT] [Fatal Error] :1:1: Premature end of file.
2024-12-17 15:35:03,271 [ERROR] LogOutputStream:75 - [STDERR_REDIRECT] 
2024-12-17 15:35:04,275 [ERROR] LogOutputStream:75 - [STDERR_REDIRECT] [Fatal Error] :1:1: Premature end of file.
2024-12-17 15:35:04,275 [ERROR] LogOutputStream:75 - [STDERR_REDIRECT] 
2024-12-17 15:35:05,274 [ERROR] LogOutputStream:75 - [STDERR_REDIRECT] [Fatal Error] :1:1: Premature end of file.
2024-12-17 15:35:05,274 [ERROR] LogOutputStream:75 - [STDERR_REDIRECT] 
2024-12-17 15:35:06,272 [ERROR] LogOutputStream:75 - [STDERR_REDIRECT] [Fatal Error] :1:1: Premature end of file.
2024-12-17 15:35:06,272 [ERROR] LogOutputStream:75 - [STDERR_REDIRECT] 
2024-12-17 15:35:07,275 [ERROR] LogOutputStream:75 - [STDERR_REDIRECT] [Fatal Error] :1:1: Premature end of file.
2024-12-17 15:35:07,275 [ERROR] LogOutputStream:75 - [STDERR_REDIRECT] 
2024-12-17 15:35:08,274 [ERROR] LogOutputStream:75 - [STDERR_REDIRECT] [Fatal Error] :1:1: Premature end of file.
2024-12-17 15:35:08,274 [ERROR] LogOutputStream:75 - [STDERR_REDIRECT] 
2024-12-17 15:35:09,274 [ERROR] LogOutputStream:75 - [STDERR_REDIRECT] [Fatal Error] :1:1: Premature end of file.
2024-12-17 15:35:09,274 [ERROR] LogOutputStream:75 - [STDERR_REDIRECT] 
2024-12-17 15:35:10,276 [ERROR] LogOutputStream:75 - [STDERR_REDIRECT] [Fatal Error] :1:1: Premature end of file.
2024-12-17 15:35:10,276 [ERROR] LogOutputStream:75 - [STDERR_REDIRECT] 
2024-12-17 15:35:11,273 [ERROR] LogOutputStream:75 - [STDERR_REDIRECT] [Fatal Error] :1:1: Premature end of file.
2024-12-17 15:35:11,273 [ERROR] LogOutputStream:75 - [STDERR_REDIRECT] 
2024-12-17 15:35:12,274 [ERROR] LogOutputStream:75 - [STDERR_REDIRECT] [Fatal Error] :1:1: Premature end of file.
2024-12-17 15:35:12,274 [ERROR] LogOutputStream:75 - [STDERR_REDIRECT] 
2024-12-17 15:35:13,274 [ERROR] LogOutputStream:75 - [STDERR_REDIRECT] [Fatal Error] :1:1: Premature end of file.
2024-12-17 15:35:13,274 [ERROR] LogOutputStream:75 - [STDERR_REDIRECT] 
2024-12-17 15:35:14,273 [ERROR] LogOutputStream:75 - [STDERR_REDIRECT] [Fatal Error] :1:1: Premature end of file.
2024-12-17 15:35:14,273 [ERROR] LogOutputStream:75 - [STDERR_REDIRECT] 
2024-12-17 15:35:15,272 [ERROR] LogOutputStream:75 - [STDERR_REDIRECT] [Fatal Error] :1:1: Premature end of file.
2024-12-17 15:35:15,272 [ERROR] LogOutputStream:75 - [STDERR_REDIRECT] 
2024-12-17 15:35:16,272 [ERROR] LogOutputStream:75 - [STDERR_REDIRECT] [Fatal Error] :1:1: Premature end of file.
2024-12-17 15:35:16,272 [ERROR] LogOutputStream:75 - [STDERR_REDIRECT] 
2024-12-17 15:35:17,275 [ERROR] LogOutputStream:75 - [STDERR_REDIRECT] [Fatal Error] :1:1: Premature end of file.
2024-12-17 15:35:17,275 [ERROR] LogOutputStream:75 - [STDERR_REDIRECT] 
2024-12-17 15:35:18,272 [ERROR] LogOutputStream:75 - [STDERR_REDIRECT] [Fatal Error] :1:1: Premature end of file.
2024-12-17 15:35:18,272 [ERROR] LogOutputStream:75 - [STDERR_REDIRECT] 
2024-12-17 15:35:19,274 [ERROR] LogOutputStream:75 - [STDERR_REDIRECT] [Fatal Error] :1:1: Premature end of file.
2024-12-17 15:35:19,274 [ERROR] LogOutputStream:75 - [STDERR_REDIRECT] 
2024-12-17 15:35:20,270 [ERROR] LogOutputStream:75 - [STDERR_REDIRECT] [Fatal Error] :1:1: Premature end of file.
2024-12-17 15:35:20,270 [ERROR] LogOutputStream:75 - [STDERR_REDIRECT] 
2024-12-17 15:35:21,276 [ERROR] LogOutputStream:75 - [STDERR_REDIRECT] [Fatal Error] :1:1: Premature end of file.
2024-12-17 15:35:21,276 [ERROR] LogOutputStream:75 - [STDERR_REDIRECT] 
2024-12-17 15:35:22,270 [ERROR] LogOutputStream:75 - [STDERR_REDIRECT] [Fatal Error] :1:1: Premature end of file.
2024-12-17 15:35:22,270 [ERROR] LogOutputStream:75 - [STDERR_REDIRECT] 
2024-12-17 15:35:23,272 [ERROR] LogOutputStream:75 - [STDERR_REDIRECT] [Fatal Error] :1:1: Premature end of file.
2024-12-17 15:35:23,272 [ERROR] LogOutputStream:75 - [STDERR_REDIRECT] 
2024-12-17 15:35:24,271 [ERROR] LogOutputStream:75 - [STDERR_REDIRECT] [Fatal Error] :1:1: Premature end of file.
2024-12-17 15:35:24,271 [ERROR] LogOutputStream:75 - [STDERR_REDIRECT] 
2024-12-17 15:35:25,272 [ERROR] LogOutputStream:75 - [STDERR_REDIRECT] [Fatal Error] :1:1: Premature end of file.
2024-12-17 15:35:25,272 [ERROR] LogOutputStream:75 - [STDERR_REDIRECT] 
2024-12-17 15:35:26,272 [ERROR] LogOutputStream:75 - [STDERR_REDIRECT] [Fatal Error] :1:1: Premature end of file.
2024-12-17 15:35:26,272 [ERROR] LogOutputStream:75 - [STDERR_REDIRECT] 
2024-12-17 15:35:27,271 [ERROR] LogOutputStream:75 - [STDERR_REDIRECT] [Fatal Error] :1:1: Premature end of file.
2024-12-17 15:35:27,271 [ERROR] LogOutputStream:75 - [STDERR_REDIRECT] 
2024-12-17 15:35:28,274 [ERROR] LogOutputStream:75 - [STDERR_REDIRECT] [Fatal Error] :1:1: Premature end of file.
2024-12-17 15:35:28,274 [ERROR] LogOutputStream:75 - [STDERR_REDIRECT] 
2024-12-17 15:35:29,274 [ERROR] LogOutputStream:75 - [STDERR_REDIRECT] [Fatal Error] :1:1: Premature end of file.
2024-12-17 15:35:29,274 [ERROR] LogOutputStream:75 - [STDERR_REDIRECT] 
2024-12-17 15:35:30,271 [ERROR] LogOutputStream:75 - [STDERR_REDIRECT] [Fatal Error] :1:1: Premature end of file.
2024-12-17 15:35:30,271 [ERROR] LogOutputStream:75 - [STDERR_REDIRECT] 
2024-12-17 15:35:31,273 [ERROR] LogOutputStream:75 - [STDERR_REDIRECT] [Fatal Error] :1:1: Premature end of file.
2024-12-17 15:35:31,273 [ERROR] LogOutputStream:75 - [STDERR_REDIRECT] 
2024-12-17 15:35:32,270 [ERROR] LogOutputStream:75 - [STDERR_REDIRECT] [Fatal Error] :1:1: Premature end of file.
2024-12-17 15:35:32,270 [ERROR] LogOutputStream:75 - [STDERR_REDIRECT] 
2024-12-17 15:35:33,272 [ERROR] LogOutputStream:75 - [STDERR_REDIRECT] [Fatal Error] :1:1: Premature end of file.
2024-12-17 15:35:33,272 [ERROR] LogOutputStream:75 - [STDERR_REDIRECT] 
2024-12-17 15:35:34,272 [ERROR] LogOutputStream:75 - [STDERR_REDIRECT] [Fatal Error] :1:1: Premature end of file.
2024-12-17 15:35:34,272 [ERROR] LogOutputStream:75 - [STDERR_REDIRECT] 
2024-12-17 15:35:35,269 [ERROR] LogOutputStream:75 - [STDERR_REDIRECT] [Fatal Error] :1:1: Premature end of file.
2024-12-17 15:35:35,269 [ERROR] LogOutputStream:75 - [STDERR_REDIRECT] 
2024-12-17 15:35:36,274 [ERROR] LogOutputStream:75 - [STDERR_REDIRECT] [Fatal Error] :1:1: Premature end of file.
2024-12-17 15:35:36,274 [ERROR] LogOutputStream:75 - [STDERR_REDIRECT] 
2024-12-17 15:35:37,272 [ERROR] LogOutputStream:75 - [STDERR_REDIRECT] [Fatal Error] :1:1: Premature end of file.
2024-12-17 15:35:37,272 [ERROR] LogOutputStream:75 - [STDERR_REDIRECT] 
2024-12-17 15:35:38,271 [ERROR] LogOutputStream:75 - [STDERR_REDIRECT] [Fatal Error] :1:1: Premature end of file.
2024-12-17 15:35:38,271 [ERROR] LogOutputStream:75 - [STDERR_REDIRECT] 
2024-12-17 15:35:39,279 [ERROR] LogOutputStream:75 - [STDERR_REDIRECT] [Fatal Error] :1:1: Premature end of file.
2024-12-17 15:35:39,280 [ERROR] LogOutputStream:75 - [STDERR_REDIRECT] 
2024-12-17 15:35:40,270 [ERROR] LogOutputStream:75 - [STDERR_REDIRECT] [Fatal Error] :1:1: Premature end of file.
2024-12-17 15:35:40,270 [ERROR] LogOutputStream:75 - [STDERR_REDIRECT] 
2024-12-17 15:35:41,272 [ERROR] LogOutputStream:75 - [STDERR_REDIRECT] [Fatal Error] :1:1: Premature end of file.
2024-12-17 15:35:41,272 [ERROR] LogOutputStream:75 - [STDERR_REDIRECT] 
2024-12-17 15:35:42,273 [ERROR] LogOutputStream:75 - [STDERR_REDIRECT] [Fatal Error] :1:1: Premature end of file.
2024-12-17 15:35:42,273 [ERROR] LogOutputStream:75 - [STDERR_REDIRECT] 
2024-12-17 15:35:43,274 [ERROR] LogOutputStream:75 - [STDERR_REDIRECT] [Fatal Error] :1:1: Premature end of file.
2024-12-17 15:35:43,274 [ERROR] LogOutputStream:75 - [STDERR_REDIRECT] 
2024-12-17 15:35:44,271 [ERROR] LogOutputStream:75 - [STDERR_REDIRECT] [Fatal Error] :1:1: Premature end of file.
2024-12-17 15:35:44,272 [ERROR] LogOutputStream:75 - [STDERR_REDIRECT] 
2024-12-17 15:35:45,274 [ERROR] LogOutputStream:75 - [STDERR_REDIRECT] [Fatal Error] :1:1: Premature end of file.
2024-12-17 15:35:45,274 [ERROR] LogOutputStream:75 - [STDERR_REDIRECT] 
2024-12-17 15:35:46,271 [ERROR] LogOutputStream:75 - [STDERR_REDIRECT] [Fatal Error] :1:1: Premature end of file.
2024-12-17 15:35:46,271 [ERROR] LogOutputStream:75 - [STDERR_REDIRECT] 
2024-12-17 15:35:47,272 [ERROR] LogOutputStream:75 - [STDERR_REDIRECT] [Fatal Error] :1:1: Premature end of file.
2024-12-17 15:35:47,272 [ERROR] LogOutputStream:75 - [STDERR_REDIRECT] 
2024-12-17 15:35:48,271 [ERROR] LogOutputStream:75 - [STDERR_REDIRECT] [Fatal Error] :1:1: Premature end of file.
2024-12-17 15:35:48,271 [ERROR] LogOutputStream:75 - [STDERR_REDIRECT] 
2024-12-17 15:35:49,273 [ERROR] LogOutputStream:75 - [STDERR_REDIRECT] [Fatal Error] :1:1: Premature end of file.
2024-12-17 15:35:49,273 [ERROR] LogOutputStream:75 - [STDERR_REDIRECT] 
2024-12-17 15:35:50,269 [ERROR] LogOutputStream:75 - [STDERR_REDIRECT] [Fatal Error] :1:1: Premature end of file.
2024-12-17 15:35:50,270 [ERROR] LogOutputStream:75 - [STDERR_REDIRECT] 
2024-12-17 15:35:51,273 [ERROR] LogOutputStream:75 - [STDERR_REDIRECT] [Fatal Error] :1:1: Premature end of file.
2024-12-17 15:35:51,273 [ERROR] LogOutputStream:75 - [STDERR_REDIRECT] 
2024-12-17 15:35:52,272 [ERROR] LogOutputStream:75 - [STDERR_REDIRECT] [Fatal Error] :1:1: Premature end of file.
2024-12-17 15:35:52,272 [ERROR] LogOutputStream:75 - [STDERR_REDIRECT] 
2024-12-17 15:35:53,277 [ERROR] LogOutputStream:75 - [STDERR_REDIRECT] [Fatal Error] :1:1: Premature end of file.
2024-12-17 15:35:53,277 [ERROR] LogOutputStream:75 - [STDERR_REDIRECT] 
2024-12-17 15:35:54,272 [ERROR] LogOutputStream:75 - [STDERR_REDIRECT] [Fatal Error] :1:1: Premature end of file.
2024-12-17 15:35:54,272 [ERROR] LogOutputStream:75 - [STDERR_REDIRECT] 
2024-12-17 15:35:55,272 [ERROR] LogOutputStream:75 - [STDERR_REDIRECT] [Fatal Error] :1:1: Premature end of file.
2024-12-17 15:35:55,272 [ERROR] LogOutputStream:75 - [STDERR_REDIRECT] 
2024-12-17 15:35:56,274 [ERROR] LogOutputStream:75 - [STDERR_REDIRECT] [Fatal Error] :1:1: Premature end of file.
2024-12-17 15:35:56,275 [ERROR] LogOutputStream:75 - [STDERR_REDIRECT] 
2024-12-17 15:35:57,275 [ERROR] LogOutputStream:75 - [STDERR_REDIRECT] [Fatal Error] :1:1: Premature end of file.
2024-12-17 15:35:57,275 [ERROR] LogOutputStream:75 - [STDERR_REDIRECT] 
2024-12-17 15:35:58,274 [ERROR] LogOutputStream:75 - [STDERR_REDIRECT] [Fatal Error] :1:1: Premature end of file.
2024-12-17 15:35:58,274 [ERROR] LogOutputStream:75 - [STDERR_REDIRECT] 
2024-12-17 15:35:59,273 [ERROR] LogOutputStream:75 - [STDERR_REDIRECT] [Fatal Error] :1:1: Premature end of file.
2024-12-17 15:35:59,273 [ERROR] LogOutputStream:75 - [STDERR_REDIRECT] 
2024-12-17 15:36:00,269 [ERROR] LogOutputStream:75 - [STDERR_REDIRECT] [Fatal Error] :1:1: Premature end of file.
2024-12-17 15:36:00,270 [ERROR] LogOutputStream:75 - [STDERR_REDIRECT] 
2024-12-17 15:36:01,272 [ERROR] LogOutputStream:75 - [STDERR_REDIRECT] [Fatal Error] :1:1: Premature end of file.
2024-12-17 15:36:01,272 [ERROR] LogOutputStream:75 - [STDERR_REDIRECT] 
2024-12-17 15:36:02,272 [ERROR] LogOutputStream:75 - [STDERR_REDIRECT] [Fatal Error] :1:1: Premature end of file.
2024-12-17 15:36:02,272 [ERROR] LogOutputStream:75 - [STDERR_REDIRECT] 
2024-12-17 15:36:03,272 [ERROR] LogOutputStream:75 - [STDERR_REDIRECT] [Fatal Error] :1:1: Premature end of file.
2024-12-17 15:36:03,272 [ERROR] LogOutputStream:75 - [STDERR_REDIRECT] 
2024-12-17 15:36:04,272 [ERROR] LogOutputStream:75 - [STDERR_REDIRECT] [Fatal Error] :1:1: Premature end of file.
2024-12-17 15:36:04,272 [ERROR] LogOutputStream:75 - [STDERR_REDIRECT] 
2024-12-17 15:36:05,270 [ERROR] LogOutputStream:75 - [STDERR_REDIRECT] [Fatal Error] :1:1: Premature end of file.
2024-12-17 15:36:05,270 [ERROR] LogOutputStream:75 - [STDERR_REDIRECT] 
2024-12-17 15:36:06,272 [ERROR] LogOutputStream:75 - [STDERR_REDIRECT] [Fatal Error] :1:1: Premature end of file.
2024-12-17 15:36:06,272 [ERROR] LogOutputStream:75 - [STDERR_REDIRECT] 
2024-12-17 15:36:07,270 [ERROR] LogOutputStream:75 - [STDERR_REDIRECT] [Fatal Error] :1:1: Premature end of file.
2024-12-17 15:36:07,270 [ERROR] LogOutputStream:75 - [STDERR_REDIRECT] 
2024-12-17 15:36:08,271 [ERROR] LogOutputStream:75 - [STDERR_REDIRECT] [Fatal Error] :1:1: Premature end of file.
2024-12-17 15:36:08,271 [ERROR] LogOutputStream:75 - [STDERR_REDIRECT] 
2024-12-17 15:36:09,271 [ERROR] LogOutputStream:75 - [STDERR_REDIRECT] [Fatal Error] :1:1: Premature end of file.
2024-12-17 15:36:09,271 [ERROR] LogOutputStream:75 - [STDERR_REDIRECT] 
2024-12-17 15:36:10,272 [ERROR] LogOutputStream:75 - [STDERR_REDIRECT] [Fatal Error] :1:1: Premature end of file.
2024-12-17 15:36:10,272 [ERROR] LogOutputStream:75 - [STDERR_REDIRECT] 
2024-12-17 15:36:11,274 [ERROR] LogOutputStream:75 - [STDERR_REDIRECT] [Fatal Error] :1:1: Premature end of file.
2024-12-17 15:36:11,274 [ERROR] LogOutputStream:75 - [STDERR_REDIRECT] 
2024-12-17 15:36:12,272 [ERROR] LogOutputStream:75 - [STDERR_REDIRECT] [Fatal Error] :1:1: Premature end of file.
2024-12-17 15:36:12,272 [ERROR] LogOutputStream:75 - [STDERR_REDIRECT] 
2024-12-17 15:36:13,271 [ERROR] LogOutputStream:75 - [STDERR_REDIRECT] [Fatal Error] :1:1: Premature end of file.
2024-12-17 15:36:13,271 [ERROR] LogOutputStream:75 - [STDERR_REDIRECT] 
2024-12-17 15:36:14,274 [ERROR] LogOutputStream:75 - [STDERR_REDIRECT] [Fatal Error] :1:1: Premature end of file.
2024-12-17 15:36:14,274 [ERROR] LogOutputStream:75 - [STDERR_REDIRECT] 
2024-12-17 15:36:15,272 [ERROR] LogOutputStream:75 - [STDERR_REDIRECT] [Fatal Error] :1:1: Premature end of file.
2024-12-17 15:36:15,272 [ERROR] LogOutputStream:75 - [STDERR_REDIRECT] 
2024-12-17 15:36:16,271 [ERROR] LogOutputStream:75 - [STDERR_REDIRECT] [Fatal Error] :1:1: Premature end of file.
2024-12-17 15:36:16,271 [ERROR] LogOutputStream:75 - [STDERR_REDIRECT] 
2024-12-17 15:36:17,272 [ERROR] LogOutputStream:75 - [STDERR_REDIRECT] [Fatal Error] :1:1: Premature end of file.
2024-12-17 15:36:17,272 [ERROR] LogOutputStream:75 - [STDERR_REDIRECT] 
2024-12-17 15:36:18,271 [ERROR] LogOutputStream:75 - [STDERR_REDIRECT] [Fatal Error] :1:1: Premature end of file.
2024-12-17 15:36:18,272 [ERROR] LogOutputStream:75 - [STDERR_REDIRECT] 
2024-12-17 15:36:19,272 [ERROR] LogOutputStream:75 - [STDERR_REDIRECT] [Fatal Error] :1:1: Premature end of file.
2024-12-17 15:36:19,273 [ERROR] LogOutputStream:75 - [STDERR_REDIRECT] 
2024-12-17 15:36:20,271 [ERROR] LogOutputStream:75 - [STDERR_REDIRECT] [Fatal Error] :1:1: Premature end of file.
2024-12-17 15:36:20,271 [ERROR] LogOutputStream:75 - [STDERR_REDIRECT] 
2024-12-17 15:36:21,272 [ERROR] LogOutputStream:75 - [STDERR_REDIRECT] [Fatal Error] :1:1: Premature end of file.
2024-12-17 15:36:21,272 [ERROR] LogOutputStream:75 - [STDERR_REDIRECT] 
2024-12-17 15:36:22,271 [ERROR] LogOutputStream:75 - [STDERR_REDIRECT] [Fatal Error] :1:1: Premature end of file.
2024-12-17 15:36:22,271 [ERROR] LogOutputStream:75 - [STDERR_REDIRECT] 
2024-12-17 15:36:23,272 [ERROR] LogOutputStream:75 - [STDERR_REDIRECT] [Fatal Error] :1:1: Premature end of file.
2024-12-17 15:36:23,272 [ERROR] LogOutputStream:75 - [STDERR_REDIRECT] 
2024-12-17 15:36:24,273 [ERROR] LogOutputStream:75 - [STDERR_REDIRECT] [Fatal Error] :1:1: Premature end of file.
2024-12-17 15:36:24,273 [ERROR] LogOutputStream:75 - [STDERR_REDIRECT] 
2024-12-17 15:36:25,274 [ERROR] LogOutputStream:75 - [STDERR_REDIRECT] [Fatal Error] :1:1: Premature end of file.
2024-12-17 15:36:25,274 [ERROR] LogOutputStream:75 - [STDERR_REDIRECT] 
2024-12-17 15:36:26,271 [ERROR] LogOutputStream:75 - [STDERR_REDIRECT] [Fatal Error] :1:1: Premature end of file.
2024-12-17 15:36:26,271 [ERROR] LogOutputStream:75 - [STDERR_REDIRECT] 
2024-12-17 15:36:27,273 [ERROR] LogOutputStream:75 - [STDERR_REDIRECT] [Fatal Error] :1:1: Premature end of file.
2024-12-17 15:36:27,273 [ERROR] LogOutputStream:75 - [STDERR_REDIRECT] 
2024-12-17 15:36:28,279 [ERROR] LogOutputStream:75 - [STDERR_REDIRECT] [Fatal Error] :1:1: Premature end of file.
2024-12-17 15:36:28,279 [ERROR] LogOutputStream:75 - [STDERR_REDIRECT] 
2024-12-17 15:36:29,270 [ERROR] LogOutputStream:75 - [STDERR_REDIRECT] [Fatal Error] :1:1: Premature end of file.
2024-12-17 15:36:29,270 [ERROR] LogOutputStream:75 - [STDERR_REDIRECT] 
2024-12-17 15:36:30,271 [ERROR] LogOutputStream:75 - [STDERR_REDIRECT] [Fatal Error] :1:1: Premature end of file.
2024-12-17 15:36:30,272 [ERROR] LogOutputStream:75 - [STDERR_REDIRECT] 
2024-12-17 15:36:31,271 [ERROR] LogOutputStream:75 - [STDERR_REDIRECT] [Fatal Error] :1:1: Premature end of file.
2024-12-17 15:36:31,271 [ERROR] LogOutputStream:75 - [STDERR_REDIRECT] 
2024-12-17 15:36:32,273 [ERROR] LogOutputStream:75 - [STDERR_REDIRECT] [Fatal Error] :1:1: Premature end of file.
2024-12-17 15:36:32,273 [ERROR] LogOutputStream:75 - [STDERR_REDIRECT] 
2024-12-17 15:36:33,274 [ERROR] LogOutputStream:75 - [STDERR_REDIRECT] [Fatal Error] :1:1: Premature end of file.
2024-12-17 15:36:33,274 [ERROR] LogOutputStream:75 - [STDERR_REDIRECT] 
2024-12-17 15:36:34,276 [ERROR] LogOutputStream:75 - [STDERR_REDIRECT] [Fatal Error] :1:1: Premature end of file.
2024-12-17 15:36:34,276 [ERROR] LogOutputStream:75 - [STDERR_REDIRECT] 
2024-12-17 15:36:35,274 [ERROR] LogOutputStream:75 - [STDERR_REDIRECT] [Fatal Error] :1:1: Premature end of file.
2024-12-17 15:36:35,274 [ERROR] LogOutputStream:75 - [STDERR_REDIRECT] 
2024-12-17 15:36:36,287 [ERROR] LogOutputStream:75 - [STDERR_REDIRECT] [Fatal Error] :1:1: Premature end of file.
2024-12-17 15:36:36,288 [ERROR] LogOutputStream:75 - [STDERR_REDIRECT] 
2024-12-17 15:36:37,269 [ERROR] LogOutputStream:75 - [STDERR_REDIRECT] [Fatal Error] :1:1: Premature end of file.
2024-12-17 15:36:37,269 [ERROR] LogOutputStream:75 - [STDERR_REDIRECT] 
2024-12-17 15:36:38,268 [ERROR] LogOutputStream:75 - [STDERR_REDIRECT] [Fatal Error] :1:1: Premature end of file.
2024-12-17 15:36:38,268 [ERROR] LogOutputStream:75 - [STDERR_REDIRECT] 
2024-12-17 15:36:39,277 [ERROR] LogOutputStream:75 - [STDERR_REDIRECT] [Fatal Error] :1:1: Premature end of file.
2024-12-17 15:36:39,277 [ERROR] LogOutputStream:75 - [STDERR_REDIRECT] 
2024-12-17 15:36:40,281 [ERROR] LogOutputStream:75 - [STDERR_REDIRECT] [Fatal Error] :1:1: Premature end of file.
2024-12-17 15:36:40,281 [ERROR] LogOutputStream:75 - [STDERR_REDIRECT] 
2024-12-17 15:36:41,291 [ERROR] LogOutputStream:75 - [STDERR_REDIRECT] [Fatal Error] :1:1: Premature end of file.
2024-12-17 15:36:41,292 [ERROR] LogOutputStream:75 - [STDERR_REDIRECT] 
2024-12-17 15:36:42,284 [ERROR] LogOutputStream:75 - [STDERR_REDIRECT] [Fatal Error] :1:1: Premature end of file.
2024-12-17 15:36:42,285 [ERROR] LogOutputStream:75 - [STDERR_REDIRECT] 
2024-12-17 15:36:43,274 [ERROR] LogOutputStream:75 - [STDERR_REDIRECT] [Fatal Error] :1:1: Premature end of file.
2024-12-17 15:36:43,274 [ERROR] LogOutputStream:75 - [STDERR_REDIRECT] 
2024-12-17 15:36:44,270 [ERROR] LogOutputStream:75 - [STDERR_REDIRECT] [Fatal Error] :1:1: Premature end of file.
2024-12-17 15:36:44,270 [ERROR] LogOutputStream:75 - [STDERR_REDIRECT] 
2024-12-17 15:36:45,286 [ERROR] LogOutputStream:75 - [STDERR_REDIRECT] [Fatal Error] :1:1: Premature end of file.
2024-12-17 15:36:45,286 [ERROR] LogOutputStream:75 - [STDERR_REDIRECT] 
2024-12-17 15:36:46,272 [ERROR] LogOutputStream:75 - [STDERR_REDIRECT] [Fatal Error] :1:1: Premature end of file.
2024-12-17 15:36:46,272 [ERROR] LogOutputStream:75 - [STDERR_REDIRECT] 
2024-12-17 15:36:47,277 [ERROR] LogOutputStream:75 - [STDERR_REDIRECT] [Fatal Error] :1:1: Premature end of file.
2024-12-17 15:36:47,277 [ERROR] LogOutputStream:75 - [STDERR_REDIRECT] 
2024-12-17 15:36:48,268 [ERROR] LogOutputStream:75 - [STDERR_REDIRECT] [Fatal Error] :1:1: Premature end of file.
2024-12-17 15:36:48,268 [ERROR] LogOutputStream:75 - [STDERR_REDIRECT] 
2024-12-17 15:36:49,276 [ERROR] LogOutputStream:75 - [STDERR_REDIRECT] [Fatal Error] :1:1: Premature end of file.
2024-12-17 15:36:49,276 [ERROR] LogOutputStream:75 - [STDERR_REDIRECT] 
2024-12-17 15:36:50,276 [ERROR] LogOutputStream:75 - [STDERR_REDIRECT] [Fatal Error] :1:1: Premature end of file.
2024-12-17 15:36:50,277 [ERROR] LogOutputStream:75 - [STDERR_REDIRECT] 
2024-12-17 15:36:51,282 [ERROR] LogOutputStream:75 - [STDERR_REDIRECT] [Fatal Error] :1:1: Premature end of file.
2024-12-17 15:36:51,282 [ERROR] LogOutputStream:75 - [STDERR_REDIRECT] 
2024-12-17 15:36:52,268 [ERROR] LogOutputStream:75 - [STDERR_REDIRECT] [Fatal Error] :1:1: Premature end of file.
2024-12-17 15:36:52,268 [ERROR] LogOutputStream:75 - [STDERR_REDIRECT] 
2024-12-17 15:36:53,286 [ERROR] LogOutputStream:75 - [STDERR_REDIRECT] [Fatal Error] :1:1: Premature end of file.
2024-12-17 15:36:53,286 [ERROR] LogOutputStream:75 - [STDERR_REDIRECT] 
2024-12-17 15:36:54,282 [ERROR] LogOutputStream:75 - [STDERR_REDIRECT] [Fatal Error] :1:1: Premature end of file.
2024-12-17 15:36:54,282 [ERROR] LogOutputStream:75 - [STDERR_REDIRECT] 
2024-12-17 15:36:55,274 [ERROR] LogOutputStream:75 - [STDERR_REDIRECT] [Fatal Error] :1:1: Premature end of file.
2024-12-17 15:36:55,274 [ERROR] LogOutputStream:75 - [STDERR_REDIRECT] 
2024-12-17 15:36:56,276 [ERROR] LogOutputStream:75 - [STDERR_REDIRECT] [Fatal Error] :1:1: Premature end of file.
2024-12-17 15:36:56,276 [ERROR] LogOutputStream:75 - [STDERR_REDIRECT] 
2024-12-17 15:36:57,279 [ERROR] LogOutputStream:75 - [STDERR_REDIRECT] [Fatal Error] :1:1: Premature end of file.
2024-12-17 15:36:57,279 [ERROR] LogOutputStream:75 - [STDERR_REDIRECT] 
2024-12-17 15:36:58,275 [ERROR] LogOutputStream:75 - [STDERR_REDIRECT] [Fatal Error] :1:1: Premature end of file.
2024-12-17 15:36:58,275 [ERROR] LogOutputStream:75 - [STDERR_REDIRECT] 
2024-12-17 15:36:59,279 [ERROR] LogOutputStream:75 - [STDERR_REDIRECT] [Fatal Error] :1:1: Premature end of file.
2024-12-17 15:36:59,279 [ERROR] LogOutputStream:75 - [STDERR_REDIRECT] 
2024-12-17 15:37:00,272 [ERROR] LogOutputStream:75 - [STDERR_REDIRECT] [Fatal Error] :1:1: Premature end of file.
2024-12-17 15:37:00,272 [ERROR] LogOutputStream:75 - [STDERR_REDIRECT] 
2024-12-17 15:37:01,281 [ERROR] LogOutputStream:75 - [STDERR_REDIRECT] [Fatal Error] :1:1: Premature end of file.
2024-12-17 15:37:01,281 [ERROR] LogOutputStream:75 - [STDERR_REDIRECT] 
2024-12-17 15:37:02,270 [ERROR] LogOutputStream:75 - [STDERR_REDIRECT] [Fatal Error] :1:1: Premature end of file.
2024-12-17 15:37:02,270 [ERROR] LogOutputStream:75 - [STDERR_REDIRECT] 
2024-12-17 15:37:03,273 [ERROR] LogOutputStream:75 - [STDERR_REDIRECT] [Fatal Error] :1:1: Premature end of file.
2024-12-17 15:37:03,273 [ERROR] LogOutputStream:75 - [STDERR_REDIRECT] 
2024-12-17 15:37:04,282 [ERROR] LogOutputStream:75 - [STDERR_REDIRECT] [Fatal Error] :1:1: Premature end of file.
2024-12-17 15:37:04,282 [ERROR] LogOutputStream:75 - [STDERR_REDIRECT] 
2024-12-17 15:37:05,277 [ERROR] LogOutputStream:75 - [STDERR_REDIRECT] [Fatal Error] :1:1: Premature end of file.
2024-12-17 15:37:05,277 [ERROR] LogOutputStream:75 - [STDERR_REDIRECT] 
2024-12-17 15:37:06,271 [ERROR] LogOutputStream:75 - [STDERR_REDIRECT] [Fatal Error] :1:1: Premature end of file.
2024-12-17 15:37:06,271 [ERROR] LogOutputStream:75 - [STDERR_REDIRECT] 
2024-12-17 15:37:07,280 [ERROR] LogOutputStream:75 - [STDERR_REDIRECT] [Fatal Error] :1:1: Premature end of file.
2024-12-17 15:37:07,280 [ERROR] LogOutputStream:75 - [STDERR_REDIRECT] 
2024-12-17 15:37:08,272 [ERROR] LogOutputStream:75 - [STDERR_REDIRECT] [Fatal Error] :1:1: Premature end of file.
2024-12-17 15:37:08,272 [ERROR] LogOutputStream:75 - [STDERR_REDIRECT] 
2024-12-17 15:37:09,283 [ERROR] LogOutputStream:75 - [STDERR_REDIRECT] [Fatal Error] :1:1: Premature end of file.
2024-12-17 15:37:09,283 [ERROR] LogOutputStream:75 - [STDERR_REDIRECT] 
2024-12-17 15:37:10,272 [ERROR] LogOutputStream:75 - [STDERR_REDIRECT] [Fatal Error] :1:1: Premature end of file.
2024-12-17 15:37:10,272 [ERROR] LogOutputStream:75 - [STDERR_REDIRECT] 
2024-12-17 15:37:11,283 [ERROR] LogOutputStream:75 - [STDERR_REDIRECT] [Fatal Error] :1:1: Premature end of file.
2024-12-17 15:37:11,283 [ERROR] LogOutputStream:75 - [STDERR_REDIRECT] 
2024-12-17 15:37:12,278 [ERROR] LogOutputStream:75 - [STDERR_REDIRECT] [Fatal Error] :1:1: Premature end of file.
2024-12-17 15:37:12,278 [ERROR] LogOutputStream:75 - [STDERR_REDIRECT] 
2024-12-17 15:37:13,281 [ERROR] LogOutputStream:75 - [STDERR_REDIRECT] [Fatal Error] :1:1: Premature end of file.
2024-12-17 15:37:13,281 [ERROR] LogOutputStream:75 - [STDERR_REDIRECT] 
2024-12-17 15:37:14,278 [ERROR] LogOutputStream:75 - [STDERR_REDIRECT] [Fatal Error] :1:1: Premature end of file.
2024-12-17 15:37:14,278 [ERROR] LogOutputStream:75 - [STDERR_REDIRECT] 
2024-12-17 15:37:15,280 [ERROR] LogOutputStream:75 - [STDERR_REDIRECT] [Fatal Error] :1:1: Premature end of file.
2024-12-17 15:37:15,280 [ERROR] LogOutputStream:75 - [STDERR_REDIRECT] 
2024-12-17 15:37:16,275 [ERROR] LogOutputStream:75 - [STDERR_REDIRECT] [Fatal Error] :1:1: Premature end of file.
2024-12-17 15:37:16,275 [ERROR] LogOutputStream:75 - [STDERR_REDIRECT] 
2024-12-17 15:37:17,268 [ERROR] LogOutputStream:75 - [STDERR_REDIRECT] [Fatal Error] :1:1: Premature end of file.
2024-12-17 15:37:17,268 [ERROR] LogOutputStream:75 - [STDERR_REDIRECT] 
2024-12-17 15:37:18,279 [ERROR] LogOutputStream:75 - [STDERR_REDIRECT] [Fatal Error] :1:1: Premature end of file.
2024-12-17 15:37:18,279 [ERROR] LogOutputStream:75 - [STDERR_REDIRECT] 
2024-12-17 15:37:19,271 [ERROR] LogOutputStream:75 - [STDERR_REDIRECT] [Fatal Error] :1:1: Premature end of file.
2024-12-17 15:37:19,271 [ERROR] LogOutputStream:75 - [STDERR_REDIRECT] 
2024-12-17 15:37:20,281 [ERROR] LogOutputStream:75 - [STDERR_REDIRECT] [Fatal Error] :1:1: Premature end of file.
2024-12-17 15:37:20,281 [ERROR] LogOutputStream:75 - [STDERR_REDIRECT] 
2024-12-17 15:37:21,277 [ERROR] LogOutputStream:75 - [STDERR_REDIRECT] [Fatal Error] :1:1: Premature end of file.
2024-12-17 15:37:21,277 [ERROR] LogOutputStream:75 - [STDERR_REDIRECT] 
2024-12-17 15:37:22,275 [ERROR] LogOutputStream:75 - [STDERR_REDIRECT] [Fatal Error] :1:1: Premature end of file.
2024-12-17 15:37:22,275 [ERROR] LogOutputStream:75 - [STDERR_REDIRECT] 
2024-12-17 15:37:23,274 [ERROR] LogOutputStream:75 - [STDERR_REDIRECT] [Fatal Error] :1:1: Premature end of file.
2024-12-17 15:37:23,274 [ERROR] LogOutputStream:75 - [STDERR_REDIRECT] 
2024-12-17 15:37:24,281 [ERROR] LogOutputStream:75 - [STDERR_REDIRECT] [Fatal Error] :1:1: Premature end of file.
2024-12-17 15:37:24,281 [ERROR] LogOutputStream:75 - [STDERR_REDIRECT] 
2024-12-17 15:37:25,272 [ERROR] LogOutputStream:75 - [STDERR_REDIRECT] [Fatal Error] :1:1: Premature end of file.
2024-12-17 15:37:25,272 [ERROR] LogOutputStream:75 - [STDERR_REDIRECT] 
2024-12-17 15:37:26,269 [ERROR] LogOutputStream:75 - [STDERR_REDIRECT] [Fatal Error] :1:1: Premature end of file.
2024-12-17 15:37:26,269 [ERROR] LogOutputStream:75 - [STDERR_REDIRECT] 
2024-12-17 15:37:27,275 [ERROR] LogOutputStream:75 - [STDERR_REDIRECT] [Fatal Error] :1:1: Premature end of file.
2024-12-17 15:37:27,275 [ERROR] LogOutputStream:75 - [STDERR_REDIRECT] 
2024-12-17 15:37:28,275 [ERROR] LogOutputStream:75 - [STDERR_REDIRECT] [Fatal Error] :1:1: Premature end of file.
2024-12-17 15:37:28,275 [ERROR] LogOutputStream:75 - [STDERR_REDIRECT] 
2024-12-17 15:37:29,269 [ERROR] LogOutputStream:75 - [STDERR_REDIRECT] [Fatal Error] :1:1: Premature end of file.
2024-12-17 15:37:29,272 [ERROR] LogOutputStream:75 - [STDERR_REDIRECT] 
2024-12-17 15:37:30,265 [ERROR] LogOutputStream:75 - [STDERR_REDIRECT] [Fatal Error] :1:1: Premature end of file.
2024-12-17 15:37:30,265 [ERROR] LogOutputStream:75 - [STDERR_REDIRECT] 
2024-12-17 15:37:31,287 [ERROR] LogOutputStream:75 - [STDERR_REDIRECT] [Fatal Error] :1:1: Premature end of file.
2024-12-17 15:37:31,287 [ERROR] LogOutputStream:75 - [STDERR_REDIRECT] 
2024-12-17 15:37:32,275 [ERROR] LogOutputStream:75 - [STDERR_REDIRECT] [Fatal Error] :1:1: Premature end of file.
2024-12-17 15:37:32,275 [ERROR] LogOutputStream:75 - [STDERR_REDIRECT] 
2024-12-17 15:37:33,279 [ERROR] LogOutputStream:75 - [STDERR_REDIRECT] [Fatal Error] :1:1: Premature end of file.
2024-12-17 15:37:33,279 [ERROR] LogOutputStream:75 - [STDERR_REDIRECT] 
2024-12-17 15:37:34,270 [ERROR] LogOutputStream:75 - [STDERR_REDIRECT] [Fatal Error] :1:1: Premature end of file.
2024-12-17 15:37:34,270 [ERROR] LogOutputStream:75 - [STDERR_REDIRECT] 
2024-12-17 15:37:35,278 [ERROR] LogOutputStream:75 - [STDERR_REDIRECT] [Fatal Error] :1:1: Premature end of file.
2024-12-17 15:37:35,278 [ERROR] LogOutputStream:75 - [STDERR_REDIRECT] 
2024-12-17 15:37:36,272 [ERROR] LogOutputStream:75 - [STDERR_REDIRECT] [Fatal Error] :1:1: Premature end of file.
2024-12-17 15:37:36,272 [ERROR] LogOutputStream:75 - [STDERR_REDIRECT] 
2024-12-17 15:37:37,277 [ERROR] LogOutputStream:75 - [STDERR_REDIRECT] [Fatal Error] :1:1: Premature end of file.
2024-12-17 15:37:37,277 [ERROR] LogOutputStream:75 - [STDERR_REDIRECT] 
2024-12-17 15:37:38,270 [ERROR] LogOutputStream:75 - [STDERR_REDIRECT] [Fatal Error] :1:1: Premature end of file.
2024-12-17 15:37:38,270 [ERROR] LogOutputStream:75 - [STDERR_REDIRECT] 
2024-12-17 15:37:39,271 [ERROR] LogOutputStream:75 - [STDERR_REDIRECT] [Fatal Error] :1:1: Premature end of file.
2024-12-17 15:37:39,271 [ERROR] LogOutputStream:75 - [STDERR_REDIRECT] 
2024-12-17 15:37:40,276 [ERROR] LogOutputStream:75 - [STDERR_REDIRECT] [Fatal Error] :1:1: Premature end of file.
2024-12-17 15:37:40,276 [ERROR] LogOutputStream:75 - [STDERR_REDIRECT] 
2024-12-17 15:37:41,285 [ERROR] LogOutputStream:75 - [STDERR_REDIRECT] [Fatal Error] :1:1: Premature end of file.
2024-12-17 15:37:41,285 [ERROR] LogOutputStream:75 - [STDERR_REDIRECT] 
2024-12-17 15:37:42,270 [ERROR] LogOutputStream:75 - [STDERR_REDIRECT] [Fatal Error] :1:1: Premature end of file.
2024-12-17 15:37:42,270 [ERROR] LogOutputStream:75 - [STDERR_REDIRECT] 
2024-12-17 15:37:43,280 [ERROR] LogOutputStream:75 - [STDERR_REDIRECT] [Fatal Error] :1:1: Premature end of file.
2024-12-17 15:37:43,280 [ERROR] LogOutputStream:75 - [STDERR_REDIRECT] 
2024-12-17 15:37:44,279 [ERROR] LogOutputStream:75 - [STDERR_REDIRECT] [Fatal Error] :1:1: Premature end of file.
2024-12-17 15:37:44,280 [ERROR] LogOutputStream:75 - [STDERR_REDIRECT] 
2024-12-17 15:37:45,279 [ERROR] LogOutputStream:75 - [STDERR_REDIRECT] [Fatal Error] :1:1: Premature end of file.
2024-12-17 15:37:45,279 [ERROR] LogOutputStream:75 - [STDERR_REDIRECT] 
2024-12-17 15:37:46,274 [ERROR] LogOutputStream:75 - [STDERR_REDIRECT] [Fatal Error] :1:1: Premature end of file.
2024-12-17 15:37:46,274 [ERROR] LogOutputStream:75 - [STDERR_REDIRECT] 
2024-12-17 15:37:47,275 [ERROR] LogOutputStream:75 - [STDERR_REDIRECT] [Fatal Error] :1:1: Premature end of file.
2024-12-17 15:37:47,275 [ERROR] LogOutputStream:75 - [STDERR_REDIRECT] 
2024-12-17 15:37:48,280 [ERROR] LogOutputStream:75 - [STDERR_REDIRECT] [Fatal Error] :1:1: Premature end of file.
2024-12-17 15:37:48,280 [ERROR] LogOutputStream:75 - [STDERR_REDIRECT] 
2024-12-17 15:37:49,274 [ERROR] LogOutputStream:75 - [STDERR_REDIRECT] [Fatal Error] :1:1: Premature end of file.
2024-12-17 15:37:49,274 [ERROR] LogOutputStream:75 - [STDERR_REDIRECT] 
2024-12-17 15:37:50,273 [ERROR] LogOutputStream:75 - [STDERR_REDIRECT] [Fatal Error] :1:1: Premature end of file.
2024-12-17 15:37:50,273 [ERROR] LogOutputStream:75 - [STDERR_REDIRECT] 
2024-12-17 15:37:51,273 [ERROR] LogOutputStream:75 - [STDERR_REDIRECT] [Fatal Error] :1:1: Premature end of file.
2024-12-17 15:37:51,273 [ERROR] LogOutputStream:75 - [STDERR_REDIRECT] 
2024-12-17 15:37:52,280 [ERROR] LogOutputStream:75 - [STDERR_REDIRECT] [Fatal Error] :1:1: Premature end of file.
2024-12-17 15:37:52,280 [ERROR] LogOutputStream:75 - [STDERR_REDIRECT] 
2024-12-17 15:37:53,271 [ERROR] LogOutputStream:75 - [STDERR_REDIRECT] [Fatal Error] :1:1: Premature end of file.
2024-12-17 15:37:53,272 [ERROR] LogOutputStream:75 - [STDERR_REDIRECT] 
2024-12-17 15:37:54,281 [ERROR] LogOutputStream:75 - [STDERR_REDIRECT] [Fatal Error] :1:1: Premature end of file.
2024-12-17 15:37:54,281 [ERROR] LogOutputStream:75 - [STDERR_REDIRECT] 
2024-12-17 15:37:55,279 [ERROR] LogOutputStream:75 - [STDERR_REDIRECT] [Fatal Error] :1:1: Premature end of file.
2024-12-17 15:37:55,279 [ERROR] LogOutputStream:75 - [STDERR_REDIRECT] 
2024-12-17 15:37:56,279 [ERROR] LogOutputStream:75 - [STDERR_REDIRECT] [Fatal Error] :1:1: Premature end of file.
2024-12-17 15:37:56,279 [ERROR] LogOutputStream:75 - [STDERR_REDIRECT] 
2024-12-17 15:37:57,281 [ERROR] LogOutputStream:75 - [STDERR_REDIRECT] [Fatal Error] :1:1: Premature end of file.
2024-12-17 15:37:57,281 [ERROR] LogOutputStream:75 - [STDERR_REDIRECT] 
2024-12-17 15:37:58,279 [ERROR] LogOutputStream:75 - [STDERR_REDIRECT] [Fatal Error] :1:1: Premature end of file.
2024-12-17 15:37:58,279 [ERROR] LogOutputStream:75 - [STDERR_REDIRECT] 
2024-12-17 15:37:59,279 [ERROR] LogOutputStream:75 - [STDERR_REDIRECT] [Fatal Error] :1:1: Premature end of file.
2024-12-17 15:37:59,279 [ERROR] LogOutputStream:75 - [STDERR_REDIRECT] 
2024-12-17 15:38:00,270 [ERROR] LogOutputStream:75 - [STDERR_REDIRECT] [Fatal Error] :1:1: Premature end of file.
2024-12-17 15:38:00,270 [ERROR] LogOutputStream:75 - [STDERR_REDIRECT] 
2024-12-17 15:38:01,289 [ERROR] LogOutputStream:75 - [STDERR_REDIRECT] [Fatal Error] :1:1: Premature end of file.
2024-12-17 15:38:01,289 [ERROR] LogOutputStream:75 - [STDERR_REDIRECT] 
2024-12-17 15:38:02,278 [ERROR] LogOutputStream:75 - [STDERR_REDIRECT] [Fatal Error] :1:1: Premature end of file.
2024-12-17 15:38:02,278 [ERROR] LogOutputStream:75 - [STDERR_REDIRECT] 
2024-12-17 15:38:03,276 [ERROR] LogOutputStream:75 - [STDERR_REDIRECT] [Fatal Error] :1:1: Premature end of file.
2024-12-17 15:38:03,276 [ERROR] LogOutputStream:75 - [STDERR_REDIRECT] 
2024-12-17 15:38:04,268 [ERROR] LogOutputStream:75 - [STDERR_REDIRECT] [Fatal Error] :1:1: Premature end of file.
2024-12-17 15:38:04,268 [ERROR] LogOutputStream:75 - [STDERR_REDIRECT] 
2024-12-17 15:38:05,276 [ERROR] LogOutputStream:75 - [STDERR_REDIRECT] [Fatal Error] :1:1: Premature end of file.
2024-12-17 15:38:05,276 [ERROR] LogOutputStream:75 - [STDERR_REDIRECT] 
2024-12-17 15:38:06,283 [ERROR] LogOutputStream:75 - [STDERR_REDIRECT] [Fatal Error] :1:1: Premature end of file.
2024-12-17 15:38:06,283 [ERROR] LogOutputStream:75 - [STDERR_REDIRECT] 
2024-12-17 15:38:07,282 [ERROR] LogOutputStream:75 - [STDERR_REDIRECT] [Fatal Error] :1:1: Premature end of file.
2024-12-17 15:38:07,282 [ERROR] LogOutputStream:75 - [STDERR_REDIRECT] 
2024-12-17 15:38:08,272 [ERROR] LogOutputStream:75 - [STDERR_REDIRECT] [Fatal Error] :1:1: Premature end of file.
2024-12-17 15:38:08,272 [ERROR] LogOutputStream:75 - [STDERR_REDIRECT] 
2024-12-17 15:38:09,281 [ERROR] LogOutputStream:75 - [STDERR_REDIRECT] [Fatal Error] :1:1: Premature end of file.
2024-12-17 15:38:09,283 [ERROR] LogOutputStream:75 - [STDERR_REDIRECT] 
2024-12-17 15:38:10,278 [ERROR] LogOutputStream:75 - [STDERR_REDIRECT] [Fatal Error] :1:1: Premature end of file.
2024-12-17 15:38:10,279 [ERROR] LogOutputStream:75 - [STDERR_REDIRECT] 
2024-12-17 15:38:11,272 [ERROR] LogOutputStream:75 - [STDERR_REDIRECT] [Fatal Error] :1:1: Premature end of file.
2024-12-17 15:38:11,272 [ERROR] LogOutputStream:75 - [STDERR_REDIRECT] 
2024-12-17 15:38:12,278 [ERROR] LogOutputStream:75 - [STDERR_REDIRECT] [Fatal Error] :1:1: Premature end of file.
2024-12-17 15:38:12,278 [ERROR] LogOutputStream:75 - [STDERR_REDIRECT] 
2024-12-17 15:38:13,269 [ERROR] LogOutputStream:75 - [STDERR_REDIRECT] [Fatal Error] :1:1: Premature end of file.
2024-12-17 15:38:13,269 [ERROR] LogOutputStream:75 - [STDERR_REDIRECT] 
2024-12-17 15:38:14,274 [ERROR] LogOutputStream:75 - [STDERR_REDIRECT] [Fatal Error] :1:1: Premature end of file.
2024-12-17 15:38:14,274 [ERROR] LogOutputStream:75 - [STDERR_REDIRECT] 
2024-12-17 15:38:15,275 [ERROR] LogOutputStream:75 - [STDERR_REDIRECT] [Fatal Error] :1:1: Premature end of file.
2024-12-17 15:38:15,275 [ERROR] LogOutputStream:75 - [STDERR_REDIRECT] 
2024-12-17 15:38:16,279 [ERROR] LogOutputStream:75 - [STDERR_REDIRECT] [Fatal Error] :1:1: Premature end of file.
2024-12-17 15:38:16,279 [ERROR] LogOutputStream:75 - [STDERR_REDIRECT] 
2024-12-17 15:38:17,282 [ERROR] LogOutputStream:75 - [STDERR_REDIRECT] [Fatal Error] :1:1: Premature end of file.
2024-12-17 15:38:17,282 [ERROR] LogOutputStream:75 - [STDERR_REDIRECT] 
2024-12-17 15:38:18,270 [ERROR] LogOutputStream:75 - [STDERR_REDIRECT] [Fatal Error] :1:1: Premature end of file.
2024-12-17 15:38:18,270 [ERROR] LogOutputStream:75 - [STDERR_REDIRECT] 
2024-12-17 15:38:19,294 [ERROR] LogOutputStream:75 - [STDERR_REDIRECT] [Fatal Error] :1:1: Premature end of file.
2024-12-17 15:38:19,294 [ERROR] LogOutputStream:75 - [STDERR_REDIRECT] 
2024-12-17 15:38:20,278 [ERROR] LogOutputStream:75 - [STDERR_REDIRECT] [Fatal Error] :1:1: Premature end of file.
2024-12-17 15:38:20,278 [ERROR] LogOutputStream:75 - [STDERR_REDIRECT] 
2024-12-17 15:38:21,283 [ERROR] LogOutputStream:75 - [STDERR_REDIRECT] [Fatal Error] :1:1: Premature end of file.
2024-12-17 15:38:21,283 [ERROR] LogOutputStream:75 - [STDERR_REDIRECT] 
2024-12-17 15:38:22,278 [ERROR] LogOutputStream:75 - [STDERR_REDIRECT] [Fatal Error] :1:1: Premature end of file.
2024-12-17 15:38:22,278 [ERROR] LogOutputStream:75 - [STDERR_REDIRECT] 
2024-12-17 15:38:23,281 [ERROR] LogOutputStream:75 - [STDERR_REDIRECT] [Fatal Error] :1:1: Premature end of file.
2024-12-17 15:38:23,281 [ERROR] LogOutputStream:75 - [STDERR_REDIRECT] 
2024-12-17 15:38:24,271 [ERROR] LogOutputStream:75 - [STDERR_REDIRECT] [Fatal Error] :1:1: Premature end of file.
2024-12-17 15:38:24,271 [ERROR] LogOutputStream:75 - [STDERR_REDIRECT] 
2024-12-17 15:38:25,280 [ERROR] LogOutputStream:75 - [STDERR_REDIRECT] [Fatal Error] :1:1: Premature end of file.
2024-12-17 15:38:25,280 [ERROR] LogOutputStream:75 - [STDERR_REDIRECT] 
2024-12-17 15:38:26,282 [ERROR] LogOutputStream:75 - [STDERR_REDIRECT] [Fatal Error] :1:1: Premature end of file.
2024-12-17 15:38:26,282 [ERROR] LogOutputStream:75 - [STDERR_REDIRECT] 
2024-12-17 15:38:27,274 [ERROR] LogOutputStream:75 - [STDERR_REDIRECT] [Fatal Error] :1:1: Premature end of file.
2024-12-17 15:38:27,274 [ERROR] LogOutputStream:75 - [STDERR_REDIRECT] 
2024-12-17 15:38:28,279 [ERROR] LogOutputStream:75 - [STDERR_REDIRECT] [Fatal Error] :1:1: Premature end of file.
2024-12-17 15:38:28,279 [ERROR] LogOutputStream:75 - [STDERR_REDIRECT] 
2024-12-17 15:38:29,274 [ERROR] LogOutputStream:75 - [STDERR_REDIRECT] [Fatal Error] :1:1: Premature end of file.
2024-12-17 15:38:29,274 [ERROR] LogOutputStream:75 - [STDERR_REDIRECT] 
2024-12-17 15:38:30,270 [ERROR] LogOutputStream:75 - [STDERR_REDIRECT] [Fatal Error] :1:1: Premature end of file.
2024-12-17 15:38:30,270 [ERROR] LogOutputStream:75 - [STDERR_REDIRECT] 
2024-12-17 15:38:31,279 [ERROR] LogOutputStream:75 - [STDERR_REDIRECT] [Fatal Error] :1:1: Premature end of file.
2024-12-17 15:38:31,279 [ERROR] LogOutputStream:75 - [STDERR_REDIRECT] 
2024-12-17 15:38:32,283 [ERROR] LogOutputStream:75 - [STDERR_REDIRECT] [Fatal Error] :1:1: Premature end of file.
2024-12-17 15:38:32,283 [ERROR] LogOutputStream:75 - [STDERR_REDIRECT] 
2024-12-17 15:38:33,274 [ERROR] LogOutputStream:75 - [STDERR_REDIRECT] [Fatal Error] :1:1: Premature end of file.
2024-12-17 15:38:33,274 [ERROR] LogOutputStream:75 - [STDERR_REDIRECT] 
2024-12-17 15:38:34,267 [ERROR] LogOutputStream:75 - [STDERR_REDIRECT] [Fatal Error] :1:1: Premature end of file.
2024-12-17 15:38:34,267 [ERROR] LogOutputStream:75 - [STDERR_REDIRECT] 
2024-12-17 15:38:35,284 [ERROR] LogOutputStream:75 - [STDERR_REDIRECT] [Fatal Error] :1:1: Premature end of file.
2024-12-17 15:38:35,284 [ERROR] LogOutputStream:75 - [STDERR_REDIRECT] 
2024-12-17 15:38:36,275 [ERROR] LogOutputStream:75 - [STDERR_REDIRECT] [Fatal Error] :1:1: Premature end of file.
2024-12-17 15:38:36,275 [ERROR] LogOutputStream:75 - [STDERR_REDIRECT] 
2024-12-17 15:38:37,269 [ERROR] LogOutputStream:75 - [STDERR_REDIRECT] [Fatal Error] :1:1: Premature end of file.
2024-12-17 15:38:37,269 [ERROR] LogOutputStream:75 - [STDERR_REDIRECT] 
2024-12-17 15:38:38,287 [ERROR] LogOutputStream:75 - [STDERR_REDIRECT] [Fatal Error] :1:1: Premature end of file.
2024-12-17 15:38:38,287 [ERROR] LogOutputStream:75 - [STDERR_REDIRECT] 
2024-12-17 15:38:39,273 [ERROR] LogOutputStream:75 - [STDERR_REDIRECT] [Fatal Error] :1:1: Premature end of file.
2024-12-17 15:38:39,273 [ERROR] LogOutputStream:75 - [STDERR_REDIRECT] 
2024-12-17 15:38:40,271 [ERROR] LogOutputStream:75 - [STDERR_REDIRECT] [Fatal Error] :1:1: Premature end of file.
2024-12-17 15:38:40,271 [ERROR] LogOutputStream:75 - [STDERR_REDIRECT] 
2024-12-17 15:38:41,280 [ERROR] LogOutputStream:75 - [STDERR_REDIRECT] [Fatal Error] :1:1: Premature end of file.
2024-12-17 15:38:41,280 [ERROR] LogOutputStream:75 - [STDERR_REDIRECT] 
2024-12-17 15:38:42,274 [ERROR] LogOutputStream:75 - [STDERR_REDIRECT] [Fatal Error] :1:1: Premature end of file.
2024-12-17 15:38:42,274 [ERROR] LogOutputStream:75 - [STDERR_REDIRECT] 
2024-12-17 15:38:43,272 [ERROR] LogOutputStream:75 - [STDERR_REDIRECT] [Fatal Error] :1:1: Premature end of file.
2024-12-17 15:38:43,272 [ERROR] LogOutputStream:75 - [STDERR_REDIRECT] 
2024-12-17 15:38:44,280 [ERROR] LogOutputStream:75 - [STDERR_REDIRECT] [Fatal Error] :1:1: Premature end of file.
2024-12-17 15:38:44,280 [ERROR] LogOutputStream:75 - [STDERR_REDIRECT] 
2024-12-17 15:38:45,275 [ERROR] LogOutputStream:75 - [STDERR_REDIRECT] [Fatal Error] :1:1: Premature end of file.
2024-12-17 15:38:45,275 [ERROR] LogOutputStream:75 - [STDERR_REDIRECT] 
2024-12-17 15:38:46,268 [ERROR] LogOutputStream:75 - [STDERR_REDIRECT] [Fatal Error] :1:1: Premature end of file.
2024-12-17 15:38:46,268 [ERROR] LogOutputStream:75 - [STDERR_REDIRECT] 
2024-12-17 15:38:47,277 [ERROR] LogOutputStream:75 - [STDERR_REDIRECT] [Fatal Error] :1:1: Premature end of file.
2024-12-17 15:38:47,277 [ERROR] LogOutputStream:75 - [STDERR_REDIRECT] 
2024-12-17 15:38:48,272 [ERROR] LogOutputStream:75 - [STDERR_REDIRECT] [Fatal Error] :1:1: Premature end of file.
2024-12-17 15:38:48,272 [ERROR] LogOutputStream:75 - [STDERR_REDIRECT] 
2024-12-17 15:38:49,268 [ERROR] LogOutputStream:75 - [STDERR_REDIRECT] [Fatal Error] :1:1: Premature end of file.
2024-12-17 15:38:49,268 [ERROR] LogOutputStream:75 - [STDERR_REDIRECT] 
2024-12-17 15:38:50,281 [ERROR] LogOutputStream:75 - [STDERR_REDIRECT] [Fatal Error] :1:1: Premature end of file.
2024-12-17 15:38:50,281 [ERROR] LogOutputStream:75 - [STDERR_REDIRECT] 
2024-12-17 15:38:51,276 [ERROR] LogOutputStream:75 - [STDERR_REDIRECT] [Fatal Error] :1:1: Premature end of file.
2024-12-17 15:38:51,276 [ERROR] LogOutputStream:75 - [STDERR_REDIRECT] 
2024-12-17 15:38:52,288 [ERROR] LogOutputStream:75 - [STDERR_REDIRECT] [Fatal Error] :1:1: Premature end of file.
2024-12-17 15:38:52,288 [ERROR] LogOutputStream:75 - [STDERR_REDIRECT] 
2024-12-17 15:38:53,278 [ERROR] LogOutputStream:75 - [STDERR_REDIRECT] [Fatal Error] :1:1: Premature end of file.
2024-12-17 15:38:53,278 [ERROR] LogOutputStream:75 - [STDERR_REDIRECT] 
2024-12-17 15:38:54,276 [ERROR] LogOutputStream:75 - [STDERR_REDIRECT] [Fatal Error] :1:1: Premature end of file.
2024-12-17 15:38:54,276 [ERROR] LogOutputStream:75 - [STDERR_REDIRECT] 
2024-12-17 15:38:55,278 [ERROR] LogOutputStream:75 - [STDERR_REDIRECT] [Fatal Error] :1:1: Premature end of file.
2024-12-17 15:38:55,278 [ERROR] LogOutputStream:75 - [STDERR_REDIRECT] 
2024-12-17 15:38:56,276 [ERROR] LogOutputStream:75 - [STDERR_REDIRECT] [Fatal Error] :1:1: Premature end of file.
2024-12-17 15:38:56,276 [ERROR] LogOutputStream:75 - [STDERR_REDIRECT] 
2024-12-17 15:38:57,282 [ERROR] LogOutputStream:75 - [STDERR_REDIRECT] [Fatal Error] :1:1: Premature end of file.
2024-12-17 15:38:57,282 [ERROR] LogOutputStream:75 - [STDERR_REDIRECT] 
2024-12-17 15:38:58,278 [ERROR] LogOutputStream:75 - [STDERR_REDIRECT] [Fatal Error] :1:1: Premature end of file.
2024-12-17 15:38:58,278 [ERROR] LogOutputStream:75 - [STDERR_REDIRECT] 
2024-12-17 15:38:59,273 [ERROR] LogOutputStream:75 - [STDERR_REDIRECT] [Fatal Error] :1:1: Premature end of file.
2024-12-17 15:38:59,273 [ERROR] LogOutputStream:75 - [STDERR_REDIRECT] 
2024-12-17 15:39:00,270 [ERROR] LogOutputStream:75 - [STDERR_REDIRECT] [Fatal Error] :1:1: Premature end of file.
2024-12-17 15:39:00,270 [ERROR] LogOutputStream:75 - [STDERR_REDIRECT] 
2024-12-17 15:39:01,274 [ERROR] LogOutputStream:75 - [STDERR_REDIRECT] [Fatal Error] :1:1: Premature end of file.
2024-12-17 15:39:01,274 [ERROR] LogOutputStream:75 - [STDERR_REDIRECT] 
2024-12-17 15:39:02,289 [ERROR] LogOutputStream:75 - [STDERR_REDIRECT] [Fatal Error] :1:1: Premature end of file.
2024-12-17 15:39:02,289 [ERROR] LogOutputStream:75 - [STDERR_REDIRECT] 
2024-12-17 15:39:03,274 [ERROR] LogOutputStream:75 - [STDERR_REDIRECT] [Fatal Error] :1:1: Premature end of file.
2024-12-17 15:39:03,274 [ERROR] LogOutputStream:75 - [STDERR_REDIRECT] 
2024-12-17 15:39:04,283 [ERROR] LogOutputStream:75 - [STDERR_REDIRECT] [Fatal Error] :1:1: Premature end of file.
2024-12-17 15:39:04,283 [ERROR] LogOutputStream:75 - [STDERR_REDIRECT] 
2024-12-17 15:39:05,275 [ERROR] LogOutputStream:75 - [STDERR_REDIRECT] [Fatal Error] :1:1: Premature end of file.
2024-12-17 15:39:05,275 [ERROR] LogOutputStream:75 - [STDERR_REDIRECT] 
2024-12-17 15:39:06,275 [ERROR] LogOutputStream:75 - [STDERR_REDIRECT] [Fatal Error] :1:1: Premature end of file.
2024-12-17 15:39:06,275 [ERROR] LogOutputStream:75 - [STDERR_REDIRECT] 
2024-12-17 15:39:07,278 [ERROR] LogOutputStream:75 - [STDERR_REDIRECT] [Fatal Error] :1:1: Premature end of file.
2024-12-17 15:39:07,278 [ERROR] LogOutputStream:75 - [STDERR_REDIRECT] 
2024-12-17 15:39:08,273 [ERROR] LogOutputStream:75 - [STDERR_REDIRECT] [Fatal Error] :1:1: Premature end of file.
2024-12-17 15:39:08,273 [ERROR] LogOutputStream:75 - [STDERR_REDIRECT] 
2024-12-17 15:39:09,269 [ERROR] LogOutputStream:75 - [STDERR_REDIRECT] [Fatal Error] :1:1: Premature end of file.
2024-12-17 15:39:09,269 [ERROR] LogOutputStream:75 - [STDERR_REDIRECT] 
2024-12-17 15:39:10,280 [ERROR] LogOutputStream:75 - [STDERR_REDIRECT] [Fatal Error] :1:1: Premature end of file.
2024-12-17 15:39:10,280 [ERROR] LogOutputStream:75 - [STDERR_REDIRECT] 
2024-12-17 15:39:11,272 [ERROR] LogOutputStream:75 - [STDERR_REDIRECT] [Fatal Error] :1:1: Premature end of file.
2024-12-17 15:39:11,272 [ERROR] LogOutputStream:75 - [STDERR_REDIRECT] 
2024-12-17 15:39:12,292 [ERROR] LogOutputStream:75 - [STDERR_REDIRECT] [Fatal Error] :1:1: Premature end of file.
2024-12-17 15:39:12,292 [ERROR] LogOutputStream:75 - [STDERR_REDIRECT] 
2024-12-17 15:39:13,277 [ERROR] LogOutputStream:75 - [STDERR_REDIRECT] [Fatal Error] :1:1: Premature end of file.
2024-12-17 15:39:13,277 [ERROR] LogOutputStream:75 - [STDERR_REDIRECT] 
2024-12-17 15:39:14,269 [ERROR] LogOutputStream:75 - [STDERR_REDIRECT] [Fatal Error] :1:1: Premature end of file.
2024-12-17 15:39:14,269 [ERROR] LogOutputStream:75 - [STDERR_REDIRECT] 
2024-12-17 15:39:15,281 [ERROR] LogOutputStream:75 - [STDERR_REDIRECT] [Fatal Error] :1:1: Premature end of file.
2024-12-17 15:39:15,281 [ERROR] LogOutputStream:75 - [STDERR_REDIRECT] 
2024-12-17 15:39:16,280 [ERROR] LogOutputStream:75 - [STDERR_REDIRECT] [Fatal Error] :1:1: Premature end of file.
2024-12-17 15:39:16,280 [ERROR] LogOutputStream:75 - [STDERR_REDIRECT] 
2024-12-17 15:39:17,269 [ERROR] LogOutputStream:75 - [STDERR_REDIRECT] [Fatal Error] :1:1: Premature end of file.
2024-12-17 15:39:17,269 [ERROR] LogOutputStream:75 - [STDERR_REDIRECT] 
2024-12-17 15:39:18,284 [ERROR] LogOutputStream:75 - [STDERR_REDIRECT] [Fatal Error] :1:1: Premature end of file.
2024-12-17 15:39:18,284 [ERROR] LogOutputStream:75 - [STDERR_REDIRECT] 
2024-12-17 15:39:19,275 [ERROR] LogOutputStream:75 - [STDERR_REDIRECT] [Fatal Error] :1:1: Premature end of file.
2024-12-17 15:39:19,275 [ERROR] LogOutputStream:75 - [STDERR_REDIRECT] 
2024-12-17 15:39:20,271 [ERROR] LogOutputStream:75 - [STDERR_REDIRECT] [Fatal Error] :1:1: Premature end of file.
2024-12-17 15:39:20,271 [ERROR] LogOutputStream:75 - [STDERR_REDIRECT] 
2024-12-17 15:39:21,279 [ERROR] LogOutputStream:75 - [STDERR_REDIRECT] [Fatal Error] :1:1: Premature end of file.
2024-12-17 15:39:21,279 [ERROR] LogOutputStream:75 - [STDERR_REDIRECT] 
2024-12-17 15:39:22,267 [ERROR] LogOutputStream:75 - [STDERR_REDIRECT] [Fatal Error] :1:1: Premature end of file.
2024-12-17 15:39:22,267 [ERROR] LogOutputStream:75 - [STDERR_REDIRECT] 
2024-12-17 15:39:23,273 [ERROR] LogOutputStream:75 - [STDERR_REDIRECT] [Fatal Error] :1:1: Premature end of file.
2024-12-17 15:39:23,273 [ERROR] LogOutputStream:75 - [STDERR_REDIRECT] 
2024-12-17 15:39:24,281 [ERROR] LogOutputStream:75 - [STDERR_REDIRECT] [Fatal Error] :1:1: Premature end of file.
2024-12-17 15:39:24,281 [ERROR] LogOutputStream:75 - [STDERR_REDIRECT] 
2024-12-17 15:39:25,277 [ERROR] LogOutputStream:75 - [STDERR_REDIRECT] [Fatal Error] :1:1: Premature end of file.
2024-12-17 15:39:25,277 [ERROR] LogOutputStream:75 - [STDERR_REDIRECT] 
2024-12-17 15:39:26,272 [ERROR] LogOutputStream:75 - [STDERR_REDIRECT] [Fatal Error] :1:1: Premature end of file.
2024-12-17 15:39:26,272 [ERROR] LogOutputStream:75 - [STDERR_REDIRECT] 
2024-12-17 15:39:27,271 [ERROR] LogOutputStream:75 - [STDERR_REDIRECT] [Fatal Error] :1:1: Premature end of file.
2024-12-17 15:39:27,271 [ERROR] LogOutputStream:75 - [STDERR_REDIRECT] 
2024-12-17 15:39:28,276 [ERROR] LogOutputStream:75 - [STDERR_REDIRECT] [Fatal Error] :1:1: Premature end of file.
2024-12-17 15:39:28,276 [ERROR] LogOutputStream:75 - [STDERR_REDIRECT] 
2024-12-17 15:39:29,276 [ERROR] LogOutputStream:75 - [STDERR_REDIRECT] [Fatal Error] :1:1: Premature end of file.
2024-12-17 15:39:29,276 [ERROR] LogOutputStream:75 - [STDERR_REDIRECT] 
2024-12-17 15:39:30,269 [ERROR] LogOutputStream:75 - [STDERR_REDIRECT] [Fatal Error] :1:1: Premature end of file.
2024-12-17 15:39:30,269 [ERROR] LogOutputStream:75 - [STDERR_REDIRECT] 
2024-12-17 15:39:31,285 [ERROR] LogOutputStream:75 - [STDERR_REDIRECT] [Fatal Error] :1:1: Premature end of file.
2024-12-17 15:39:31,285 [ERROR] LogOutputStream:75 - [STDERR_REDIRECT] 
2024-12-17 15:39:32,281 [ERROR] LogOutputStream:75 - [STDERR_REDIRECT] [Fatal Error] :1:1: Premature end of file.
2024-12-17 15:39:32,281 [ERROR] LogOutputStream:75 - [STDERR_REDIRECT] 
2024-12-17 15:39:33,276 [ERROR] LogOutputStream:75 - [STDERR_REDIRECT] [Fatal Error] :1:1: Premature end of file.
2024-12-17 15:39:33,276 [ERROR] LogOutputStream:75 - [STDERR_REDIRECT] 
2024-12-17 15:39:34,282 [ERROR] LogOutputStream:75 - [STDERR_REDIRECT] [Fatal Error] :1:1: Premature end of file.
2024-12-17 15:39:34,282 [ERROR] LogOutputStream:75 - [STDERR_REDIRECT] 
2024-12-17 15:39:35,275 [ERROR] LogOutputStream:75 - [STDERR_REDIRECT] [Fatal Error] :1:1: Premature end of file.
2024-12-17 15:39:35,275 [ERROR] LogOutputStream:75 - [STDERR_REDIRECT] 
2024-12-17 15:39:36,281 [ERROR] LogOutputStream:75 - [STDERR_REDIRECT] [Fatal Error] :1:1: Premature end of file.
2024-12-17 15:39:36,281 [ERROR] LogOutputStream:75 - [STDERR_REDIRECT] 
2024-12-17 15:39:37,275 [ERROR] LogOutputStream:75 - [STDERR_REDIRECT] [Fatal Error] :1:1: Premature end of file.
2024-12-17 15:39:37,275 [ERROR] LogOutputStream:75 - [STDERR_REDIRECT] 
2024-12-17 15:39:38,270 [ERROR] LogOutputStream:75 - [STDERR_REDIRECT] [Fatal Error] :1:1: Premature end of file.
2024-12-17 15:39:38,270 [ERROR] LogOutputStream:75 - [STDERR_REDIRECT] 
2024-12-17 15:39:39,285 [ERROR] LogOutputStream:75 - [STDERR_REDIRECT] [Fatal Error] :1:1: Premature end of file.
2024-12-17 15:39:39,285 [ERROR] LogOutputStream:75 - [STDERR_REDIRECT] 
2024-12-17 15:39:40,287 [ERROR] LogOutputStream:75 - [STDERR_REDIRECT] [Fatal Error] :1:1: Premature end of file.
2024-12-17 15:39:40,287 [ERROR] LogOutputStream:75 - [STDERR_REDIRECT] 
2024-12-17 15:39:41,272 [ERROR] LogOutputStream:75 - [STDERR_REDIRECT] [Fatal Error] :1:1: Premature end of file.
2024-12-17 15:39:41,272 [ERROR] LogOutputStream:75 - [STDERR_REDIRECT] 
2024-12-17 15:39:42,271 [ERROR] LogOutputStream:75 - [STDERR_REDIRECT] [Fatal Error] :1:1: Premature end of file.
2024-12-17 15:39:42,271 [ERROR] LogOutputStream:75 - [STDERR_REDIRECT] 
2024-12-17 15:39:43,272 [ERROR] LogOutputStream:75 - [STDERR_REDIRECT] [Fatal Error] :1:1: Premature end of file.
2024-12-17 15:39:43,272 [ERROR] LogOutputStream:75 - [STDERR_REDIRECT] 
2024-12-17 15:39:44,272 [ERROR] LogOutputStream:75 - [STDERR_REDIRECT] [Fatal Error] :1:1: Premature end of file.
2024-12-17 15:39:44,272 [ERROR] LogOutputStream:75 - [STDERR_REDIRECT] 
2024-12-17 15:39:45,271 [ERROR] LogOutputStream:75 - [STDERR_REDIRECT] [Fatal Error] :1:1: Premature end of file.
2024-12-17 15:39:45,271 [ERROR] LogOutputStream:75 - [STDERR_REDIRECT] 
2024-12-17 15:39:46,273 [ERROR] LogOutputStream:75 - [STDERR_REDIRECT] [Fatal Error] :1:1: Premature end of file.
2024-12-17 15:39:46,273 [ERROR] LogOutputStream:75 - [STDERR_REDIRECT] 
2024-12-17 15:39:47,269 [ERROR] LogOutputStream:75 - [STDERR_REDIRECT] [Fatal Error] :1:1: Premature end of file.
2024-12-17 15:39:47,269 [ERROR] LogOutputStream:75 - [STDERR_REDIRECT] 
2024-12-17 15:39:48,270 [ERROR] LogOutputStream:75 - [STDERR_REDIRECT] [Fatal Error] :1:1: Premature end of file.
2024-12-17 15:39:48,270 [ERROR] LogOutputStream:75 - [STDERR_REDIRECT] 
2024-12-17 15:39:49,273 [ERROR] LogOutputStream:75 - [STDERR_REDIRECT] [Fatal Error] :1:1: Premature end of file.
2024-12-17 15:39:49,274 [ERROR] LogOutputStream:75 - [STDERR_REDIRECT] 
2024-12-17 15:39:50,269 [ERROR] LogOutputStream:75 - [STDERR_REDIRECT] [Fatal Error] :1:1: Premature end of file.
2024-12-17 15:39:50,269 [ERROR] LogOutputStream:75 - [STDERR_REDIRECT] 
2024-12-17 15:39:51,272 [ERROR] LogOutputStream:75 - [STDERR_REDIRECT] [Fatal Error] :1:1: Premature end of file.
2024-12-17 15:39:51,272 [ERROR] LogOutputStream:75 - [STDERR_REDIRECT] 
2024-12-17 15:39:52,273 [ERROR] LogOutputStream:75 - [STDERR_REDIRECT] [Fatal Error] :1:1: Premature end of file.
2024-12-17 15:39:52,274 [ERROR] LogOutputStream:75 - [STDERR_REDIRECT] 
2024-12-17 15:39:53,272 [ERROR] LogOutputStream:75 - [STDERR_REDIRECT] [Fatal Error] :1:1: Premature end of file.
2024-12-17 15:39:53,272 [ERROR] LogOutputStream:75 - [STDERR_REDIRECT] 
2024-12-17 15:39:54,272 [ERROR] LogOutputStream:75 - [STDERR_REDIRECT] [Fatal Error] :1:1: Premature end of file.
2024-12-17 15:39:54,272 [ERROR] LogOutputStream:75 - [STDERR_REDIRECT] 
2024-12-17 15:39:55,269 [ERROR] LogOutputStream:75 - [STDERR_REDIRECT] [Fatal Error] :1:1: Premature end of file.
2024-12-17 15:39:55,269 [ERROR] LogOutputStream:75 - [STDERR_REDIRECT] 
2024-12-17 15:39:56,274 [ERROR] LogOutputStream:75 - [STDERR_REDIRECT] [Fatal Error] :1:1: Premature end of file.
2024-12-17 15:39:56,274 [ERROR] LogOutputStream:75 - [STDERR_REDIRECT] 
2024-12-17 15:39:57,272 [ERROR] LogOutputStream:75 - [STDERR_REDIRECT] [Fatal Error] :1:1: Premature end of file.
2024-12-17 15:39:57,272 [ERROR] LogOutputStream:75 - [STDERR_REDIRECT] 
2024-12-17 15:39:58,271 [ERROR] LogOutputStream:75 - [STDERR_REDIRECT] [Fatal Error] :1:1: Premature end of file.
2024-12-17 15:39:58,271 [ERROR] LogOutputStream:75 - [STDERR_REDIRECT] 
2024-12-17 15:39:59,271 [ERROR] LogOutputStream:75 - [STDERR_REDIRECT] [Fatal Error] :1:1: Premature end of file.
2024-12-17 15:39:59,271 [ERROR] LogOutputStream:75 - [STDERR_REDIRECT] 
2024-12-17 15:40:00,271 [ERROR] LogOutputStream:75 - [STDERR_REDIRECT] [Fatal Error] :1:1: Premature end of file.
2024-12-17 15:40:00,271 [ERROR] LogOutputStream:75 - [STDERR_REDIRECT] 
2024-12-17 15:40:01,271 [ERROR] LogOutputStream:75 - [STDERR_REDIRECT] [Fatal Error] :1:1: Premature end of file.
2024-12-17 15:40:01,271 [ERROR] LogOutputStream:75 - [STDERR_REDIRECT] 
2024-12-17 15:40:02,272 [ERROR] LogOutputStream:75 - [STDERR_REDIRECT] [Fatal Error] :1:1: Premature end of file.
2024-12-17 15:40:02,272 [ERROR] LogOutputStream:75 - [STDERR_REDIRECT] 
2024-12-17 15:40:03,272 [ERROR] LogOutputStream:75 - [STDERR_REDIRECT] [Fatal Error] :1:1: Premature end of file.
2024-12-17 15:40:03,272 [ERROR] LogOutputStream:75 - [STDERR_REDIRECT] 
2024-12-17 15:40:04,273 [ERROR] LogOutputStream:75 - [STDERR_REDIRECT] [Fatal Error] :1:1: Premature end of file.
2024-12-17 15:40:04,273 [ERROR] LogOutputStream:75 - [STDERR_REDIRECT] 
2024-12-17 15:40:05,273 [ERROR] LogOutputStream:75 - [STDERR_REDIRECT] [Fatal Error] :1:1: Premature end of file.
2024-12-17 15:40:05,274 [ERROR] LogOutputStream:75 - [STDERR_REDIRECT] 
2024-12-17 15:40:06,277 [ERROR] LogOutputStream:75 - [STDERR_REDIRECT] [Fatal Error] :1:1: Premature end of file.
2024-12-17 15:40:06,277 [ERROR] LogOutputStream:75 - [STDERR_REDIRECT] 
2024-12-17 15:40:07,272 [ERROR] LogOutputStream:75 - [STDERR_REDIRECT] [Fatal Error] :1:1: Premature end of file.
2024-12-17 15:40:07,272 [ERROR] LogOutputStream:75 - [STDERR_REDIRECT] 
2024-12-17 15:40:08,271 [ERROR] LogOutputStream:75 - [STDERR_REDIRECT] [Fatal Error] :1:1: Premature end of file.
2024-12-17 15:40:08,271 [ERROR] LogOutputStream:75 - [STDERR_REDIRECT] 
2024-12-17 15:40:09,272 [ERROR] LogOutputStream:75 - [STDERR_REDIRECT] [Fatal Error] :1:1: Premature end of file.
2024-12-17 15:40:09,272 [ERROR] LogOutputStream:75 - [STDERR_REDIRECT] 
2024-12-17 15:40:10,272 [ERROR] LogOutputStream:75 - [STDERR_REDIRECT] [Fatal Error] :1:1: Premature end of file.
2024-12-17 15:40:10,272 [ERROR] LogOutputStream:75 - [STDERR_REDIRECT] 
2024-12-17 15:40:11,272 [ERROR] LogOutputStream:75 - [STDERR_REDIRECT] [Fatal Error] :1:1: Premature end of file.
2024-12-17 15:40:11,272 [ERROR] LogOutputStream:75 - [STDERR_REDIRECT] 
2024-12-17 15:40:12,272 [ERROR] LogOutputStream:75 - [STDERR_REDIRECT] [Fatal Error] :1:1: Premature end of file.
2024-12-17 15:40:12,272 [ERROR] LogOutputStream:75 - [STDERR_REDIRECT] 
2024-12-17 15:40:13,270 [ERROR] LogOutputStream:75 - [STDERR_REDIRECT] [Fatal Error] :1:1: Premature end of file.
2024-12-17 15:40:13,270 [ERROR] LogOutputStream:75 - [STDERR_REDIRECT] 
2024-12-17 15:40:14,271 [ERROR] LogOutputStream:75 - [STDERR_REDIRECT] [Fatal Error] :1:1: Premature end of file.
2024-12-17 15:40:14,271 [ERROR] LogOutputStream:75 - [STDERR_REDIRECT] 
2024-12-17 15:40:15,270 [ERROR] LogOutputStream:75 - [STDERR_REDIRECT] [Fatal Error] :1:1: Premature end of file.
2024-12-17 15:40:15,270 [ERROR] LogOutputStream:75 - [STDERR_REDIRECT] 
2024-12-17 15:40:16,271 [ERROR] LogOutputStream:75 - [STDERR_REDIRECT] [Fatal Error] :1:1: Premature end of file.
2024-12-17 15:40:16,271 [ERROR] LogOutputStream:75 - [STDERR_REDIRECT] 
2024-12-17 15:40:17,272 [ERROR] LogOutputStream:75 - [STDERR_REDIRECT] [Fatal Error] :1:1: Premature end of file.
2024-12-17 15:40:17,272 [ERROR] LogOutputStream:75 - [STDERR_REDIRECT] 
2024-12-17 15:40:18,274 [ERROR] LogOutputStream:75 - [STDERR_REDIRECT] [Fatal Error] :1:1: Premature end of file.
2024-12-17 15:40:18,274 [ERROR] LogOutputStream:75 - [STDERR_REDIRECT] 
2024-12-17 15:40:19,273 [ERROR] LogOutputStream:75 - [STDERR_REDIRECT] [Fatal Error] :1:1: Premature end of file.
2024-12-17 15:40:19,273 [ERROR] LogOutputStream:75 - [STDERR_REDIRECT] 
2024-12-17 15:40:20,272 [ERROR] LogOutputStream:75 - [STDERR_REDIRECT] [Fatal Error] :1:1: Premature end of file.
2024-12-17 15:40:20,272 [ERROR] LogOutputStream:75 - [STDERR_REDIRECT] 
2024-12-17 15:40:21,275 [ERROR] LogOutputStream:75 - [STDERR_REDIRECT] [Fatal Error] :1:1: Premature end of file.
2024-12-17 15:40:21,275 [ERROR] LogOutputStream:75 - [STDERR_REDIRECT] 
2024-12-17 15:40:22,270 [ERROR] LogOutputStream:75 - [STDERR_REDIRECT] [Fatal Error] :1:1: Premature end of file.
2024-12-17 15:40:22,270 [ERROR] LogOutputStream:75 - [STDERR_REDIRECT] 
2024-12-17 15:40:23,274 [ERROR] LogOutputStream:75 - [STDERR_REDIRECT] [Fatal Error] :1:1: Premature end of file.
2024-12-17 15:40:23,274 [ERROR] LogOutputStream:75 - [STDERR_REDIRECT] 
2024-12-17 15:40:24,271 [ERROR] LogOutputStream:75 - [STDERR_REDIRECT] [Fatal Error] :1:1: Premature end of file.
2024-12-17 15:40:24,271 [ERROR] LogOutputStream:75 - [STDERR_REDIRECT] 
2024-12-17 15:40:25,273 [ERROR] LogOutputStream:75 - [STDERR_REDIRECT] [Fatal Error] :1:1: Premature end of file.
2024-12-17 15:40:25,273 [ERROR] LogOutputStream:75 - [STDERR_REDIRECT] 
2024-12-17 15:40:26,272 [ERROR] LogOutputStream:75 - [STDERR_REDIRECT] [Fatal Error] :1:1: Premature end of file.
2024-12-17 15:40:26,272 [ERROR] LogOutputStream:75 - [STDERR_REDIRECT] 
2024-12-17 15:40:27,272 [ERROR] LogOutputStream:75 - [STDERR_REDIRECT] [Fatal Error] :1:1: Premature end of file.
2024-12-17 15:40:27,272 [ERROR] LogOutputStream:75 - [STDERR_REDIRECT] 
2024-12-17 15:40:28,272 [ERROR] LogOutputStream:75 - [STDERR_REDIRECT] [Fatal Error] :1:1: Premature end of file.
2024-12-17 15:40:28,272 [ERROR] LogOutputStream:75 - [STDERR_REDIRECT] 
2024-12-17 15:40:29,274 [ERROR] LogOutputStream:75 - [STDERR_REDIRECT] [Fatal Error] :1:1: Premature end of file.
2024-12-17 15:40:29,274 [ERROR] LogOutputStream:75 - [STDERR_REDIRECT] 
2024-12-17 15:40:30,275 [ERROR] LogOutputStream:75 - [STDERR_REDIRECT] [Fatal Error] :1:1: Premature end of file.
2024-12-17 15:40:30,275 [ERROR] LogOutputStream:75 - [STDERR_REDIRECT] 
2024-12-17 15:40:31,270 [ERROR] LogOutputStream:75 - [STDERR_REDIRECT] [Fatal Error] :1:1: Premature end of file.
2024-12-17 15:40:31,270 [ERROR] LogOutputStream:75 - [STDERR_REDIRECT] 
2024-12-17 15:40:32,272 [ERROR] LogOutputStream:75 - [STDERR_REDIRECT] [Fatal Error] :1:1: Premature end of file.
2024-12-17 15:40:32,272 [ERROR] LogOutputStream:75 - [STDERR_REDIRECT] 
2024-12-17 15:40:33,273 [ERROR] LogOutputStream:75 - [STDERR_REDIRECT] [Fatal Error] :1:1: Premature end of file.
2024-12-17 15:40:33,275 [ERROR] LogOutputStream:75 - [STDERR_REDIRECT] 
2024-12-17 15:40:34,270 [ERROR] LogOutputStream:75 - [STDERR_REDIRECT] [Fatal Error] :1:1: Premature end of file.
2024-12-17 15:40:34,270 [ERROR] LogOutputStream:75 - [STDERR_REDIRECT] 
2024-12-17 15:40:35,272 [ERROR] LogOutputStream:75 - [STDERR_REDIRECT] [Fatal Error] :1:1: Premature end of file.
2024-12-17 15:40:35,272 [ERROR] LogOutputStream:75 - [STDERR_REDIRECT] 
2024-12-17 15:40:36,273 [ERROR] LogOutputStream:75 - [STDERR_REDIRECT] [Fatal Error] :1:1: Premature end of file.
2024-12-17 15:40:36,273 [ERROR] LogOutputStream:75 - [STDERR_REDIRECT] 
2024-12-17 15:40:37,273 [ERROR] LogOutputStream:75 - [STDERR_REDIRECT] [Fatal Error] :1:1: Premature end of file.
2024-12-17 15:40:37,273 [ERROR] LogOutputStream:75 - [STDERR_REDIRECT] 
2024-12-17 15:40:38,270 [ERROR] LogOutputStream:75 - [STDERR_REDIRECT] [Fatal Error] :1:1: Premature end of file.
2024-12-17 15:40:38,270 [ERROR] LogOutputStream:75 - [STDERR_REDIRECT] 
2024-12-17 15:40:39,273 [ERROR] LogOutputStream:75 - [STDERR_REDIRECT] [Fatal Error] :1:1: Premature end of file.
2024-12-17 15:40:39,273 [ERROR] LogOutputStream:75 - [STDERR_REDIRECT] 
2024-12-17 15:40:40,270 [ERROR] LogOutputStream:75 - [STDERR_REDIRECT] [Fatal Error] :1:1: Premature end of file.
2024-12-17 15:40:40,271 [ERROR] LogOutputStream:75 - [STDERR_REDIRECT] 
2024-12-17 15:40:41,273 [ERROR] LogOutputStream:75 - [STDERR_REDIRECT] [Fatal Error] :1:1: Premature end of file.
2024-12-17 15:40:41,273 [ERROR] LogOutputStream:75 - [STDERR_REDIRECT] 
2024-12-17 15:40:42,271 [ERROR] LogOutputStream:75 - [STDERR_REDIRECT] [Fatal Error] :1:1: Premature end of file.
2024-12-17 15:40:42,271 [ERROR] LogOutputStream:75 - [STDERR_REDIRECT] 
2024-12-17 15:40:43,270 [ERROR] LogOutputStream:75 - [STDERR_REDIRECT] [Fatal Error] :1:1: Premature end of file.
2024-12-17 15:40:43,270 [ERROR] LogOutputStream:75 - [STDERR_REDIRECT] 
2024-12-17 15:40:44,271 [ERROR] LogOutputStream:75 - [STDERR_REDIRECT] [Fatal Error] :1:1: Premature end of file.
2024-12-17 15:40:44,271 [ERROR] LogOutputStream:75 - [STDERR_REDIRECT] 
2024-12-17 15:40:45,271 [ERROR] LogOutputStream:75 - [STDERR_REDIRECT] [Fatal Error] :1:1: Premature end of file.
2024-12-17 15:40:45,271 [ERROR] LogOutputStream:75 - [STDERR_REDIRECT] 
2024-12-17 15:40:46,270 [ERROR] LogOutputStream:75 - [STDERR_REDIRECT] [Fatal Error] :1:1: Premature end of file.
2024-12-17 15:40:46,270 [ERROR] LogOutputStream:75 - [STDERR_REDIRECT] 
2024-12-17 15:40:47,272 [ERROR] LogOutputStream:75 - [STDERR_REDIRECT] [Fatal Error] :1:1: Premature end of file.
2024-12-17 15:40:47,272 [ERROR] LogOutputStream:75 - [STDERR_REDIRECT] 
2024-12-17 15:40:48,272 [ERROR] LogOutputStream:75 - [STDERR_REDIRECT] [Fatal Error] :1:1: Premature end of file.
2024-12-17 15:40:48,273 [ERROR] LogOutputStream:75 - [STDERR_REDIRECT] 
2024-12-17 15:40:49,272 [ERROR] LogOutputStream:75 - [STDERR_REDIRECT] [Fatal Error] :1:1: Premature end of file.
2024-12-17 15:40:49,272 [ERROR] LogOutputStream:75 - [STDERR_REDIRECT] 
2024-12-17 15:40:50,273 [ERROR] LogOutputStream:75 - [STDERR_REDIRECT] [Fatal Error] :1:1: Premature end of file.
2024-12-17 15:40:50,273 [ERROR] LogOutputStream:75 - [STDERR_REDIRECT] 
2024-12-17 15:40:51,269 [ERROR] LogOutputStream:75 - [STDERR_REDIRECT] [Fatal Error] :1:1: Premature end of file.
2024-12-17 15:40:51,269 [ERROR] LogOutputStream:75 - [STDERR_REDIRECT] 
2024-12-17 15:40:52,271 [ERROR] LogOutputStream:75 - [STDERR_REDIRECT] [Fatal Error] :1:1: Premature end of file.
2024-12-17 15:40:52,271 [ERROR] LogOutputStream:75 - [STDERR_REDIRECT] 
2024-12-17 15:40:53,273 [ERROR] LogOutputStream:75 - [STDERR_REDIRECT] [Fatal Error] :1:1: Premature end of file.
2024-12-17 15:40:53,273 [ERROR] LogOutputStream:75 - [STDERR_REDIRECT] 
2024-12-17 15:40:54,270 [ERROR] LogOutputStream:75 - [STDERR_REDIRECT] [Fatal Error] :1:1: Premature end of file.
2024-12-17 15:40:54,271 [ERROR] LogOutputStream:75 - [STDERR_REDIRECT] 
2024-12-17 15:40:55,284 [ERROR] LogOutputStream:75 - [STDERR_REDIRECT] [Fatal Error] :1:1: Premature end of file.
2024-12-17 15:40:55,284 [ERROR] LogOutputStream:75 - [STDERR_REDIRECT] 
2024-12-17 15:40:56,274 [ERROR] LogOutputStream:75 - [STDERR_REDIRECT] [Fatal Error] :1:1: Premature end of file.
2024-12-17 15:40:56,275 [ERROR] LogOutputStream:75 - [STDERR_REDIRECT] 
2024-12-17 15:40:57,274 [ERROR] LogOutputStream:75 - [STDERR_REDIRECT] [Fatal Error] :1:1: Premature end of file.
2024-12-17 15:40:57,274 [ERROR] LogOutputStream:75 - [STDERR_REDIRECT] 
2024-12-17 15:40:58,270 [ERROR] LogOutputStream:75 - [STDERR_REDIRECT] [Fatal Error] :1:1: Premature end of file.
2024-12-17 15:40:58,270 [ERROR] LogOutputStream:75 - [STDERR_REDIRECT] 
2024-12-17 15:40:59,270 [ERROR] LogOutputStream:75 - [STDERR_REDIRECT] [Fatal Error] :1:1: Premature end of file.
2024-12-17 15:40:59,271 [ERROR] LogOutputStream:75 - [STDERR_REDIRECT] 
2024-12-17 15:41:00,271 [ERROR] LogOutputStream:75 - [STDERR_REDIRECT] [Fatal Error] :1:1: Premature end of file.
2024-12-17 15:41:00,271 [ERROR] LogOutputStream:75 - [STDERR_REDIRECT] 
2024-12-17 15:41:01,269 [ERROR] LogOutputStream:75 - [STDERR_REDIRECT] [Fatal Error] :1:1: Premature end of file.
2024-12-17 15:41:01,270 [ERROR] LogOutputStream:75 - [STDERR_REDIRECT] 
2024-12-17 15:41:02,272 [ERROR] LogOutputStream:75 - [STDERR_REDIRECT] [Fatal Error] :1:1: Premature end of file.
2024-12-17 15:41:02,272 [ERROR] LogOutputStream:75 - [STDERR_REDIRECT] 
2024-12-17 15:41:03,275 [ERROR] LogOutputStream:75 - [STDERR_REDIRECT] [Fatal Error] :1:1: Premature end of file.
2024-12-17 15:41:03,276 [ERROR] LogOutputStream:75 - [STDERR_REDIRECT] 
2024-12-17 15:41:04,275 [ERROR] LogOutputStream:75 - [STDERR_REDIRECT] [Fatal Error] :1:1: Premature end of file.
2024-12-17 15:41:04,275 [ERROR] LogOutputStream:75 - [STDERR_REDIRECT] 
2024-12-17 15:41:05,270 [ERROR] LogOutputStream:75 - [STDERR_REDIRECT] [Fatal Error] :1:1: Premature end of file.
2024-12-17 15:41:05,270 [ERROR] LogOutputStream:75 - [STDERR_REDIRECT] 
2024-12-17 15:41:06,272 [ERROR] LogOutputStream:75 - [STDERR_REDIRECT] [Fatal Error] :1:1: Premature end of file.
2024-12-17 15:41:06,272 [ERROR] LogOutputStream:75 - [STDERR_REDIRECT] 
2024-12-17 15:41:07,272 [ERROR] LogOutputStream:75 - [STDERR_REDIRECT] [Fatal Error] :1:1: Premature end of file.
2024-12-17 15:41:07,272 [ERROR] LogOutputStream:75 - [STDERR_REDIRECT] 
2024-12-17 15:41:08,273 [ERROR] LogOutputStream:75 - [STDERR_REDIRECT] [Fatal Error] :1:1: Premature end of file.
2024-12-17 15:41:08,273 [ERROR] LogOutputStream:75 - [STDERR_REDIRECT] 
2024-12-17 15:41:09,272 [ERROR] LogOutputStream:75 - [STDERR_REDIRECT] [Fatal Error] :1:1: Premature end of file.
2024-12-17 15:41:09,272 [ERROR] LogOutputStream:75 - [STDERR_REDIRECT] 
2024-12-17 15:41:10,272 [ERROR] LogOutputStream:75 - [STDERR_REDIRECT] [Fatal Error] :1:1: Premature end of file.
2024-12-17 15:41:10,272 [ERROR] LogOutputStream:75 - [STDERR_REDIRECT] 
2024-12-17 15:41:11,272 [ERROR] LogOutputStream:75 - [STDERR_REDIRECT] [Fatal Error] :1:1: Premature end of file.
2024-12-17 15:41:11,272 [ERROR] LogOutputStream:75 - [STDERR_REDIRECT] 
2024-12-17 15:41:12,270 [ERROR] LogOutputStream:75 - [STDERR_REDIRECT] [Fatal Error] :1:1: Premature end of file.
2024-12-17 15:41:12,270 [ERROR] LogOutputStream:75 - [STDERR_REDIRECT] 
2024-12-17 15:41:13,271 [ERROR] LogOutputStream:75 - [STDERR_REDIRECT] [Fatal Error] :1:1: Premature end of file.
2024-12-17 15:41:13,271 [ERROR] LogOutputStream:75 - [STDERR_REDIRECT] 
2024-12-17 15:41:14,275 [ERROR] LogOutputStream:75 - [STDERR_REDIRECT] [Fatal Error] :1:1: Premature end of file.
2024-12-17 15:41:14,275 [ERROR] LogOutputStream:75 - [STDERR_REDIRECT] 
2024-12-17 15:41:15,273 [ERROR] LogOutputStream:75 - [STDERR_REDIRECT] [Fatal Error] :1:1: Premature end of file.
2024-12-17 15:41:15,273 [ERROR] LogOutputStream:75 - [STDERR_REDIRECT] 
2024-12-17 15:41:16,272 [ERROR] LogOutputStream:75 - [STDERR_REDIRECT] [Fatal Error] :1:1: Premature end of file.
2024-12-17 15:41:16,272 [ERROR] LogOutputStream:75 - [STDERR_REDIRECT] 
2024-12-17 15:41:17,275 [ERROR] LogOutputStream:75 - [STDERR_REDIRECT] [Fatal Error] :1:1: Premature end of file.
2024-12-17 15:41:17,275 [ERROR] LogOutputStream:75 - [STDERR_REDIRECT] 
2024-12-17 15:41:18,279 [ERROR] LogOutputStream:75 - [STDERR_REDIRECT] [Fatal Error] :1:1: Premature end of file.
2024-12-17 15:41:18,279 [ERROR] LogOutputStream:75 - [STDERR_REDIRECT] 
2024-12-17 15:41:19,273 [ERROR] LogOutputStream:75 - [STDERR_REDIRECT] [Fatal Error] :1:1: Premature end of file.
2024-12-17 15:41:19,273 [ERROR] LogOutputStream:75 - [STDERR_REDIRECT] 
2024-12-17 15:41:20,280 [ERROR] LogOutputStream:75 - [STDERR_REDIRECT] [Fatal Error] :1:1: Premature end of file.
2024-12-17 15:41:20,280 [ERROR] LogOutputStream:75 - [STDERR_REDIRECT] 
2024-12-17 15:41:21,281 [ERROR] LogOutputStream:75 - [STDERR_REDIRECT] [Fatal Error] :1:1: Premature end of file.
2024-12-17 15:41:21,281 [ERROR] LogOutputStream:75 - [STDERR_REDIRECT] 
2024-12-17 15:41:22,279 [ERROR] LogOutputStream:75 - [STDERR_REDIRECT] [Fatal Error] :1:1: Premature end of file.
2024-12-17 15:41:22,280 [ERROR] LogOutputStream:75 - [STDERR_REDIRECT] 
2024-12-17 15:41:23,276 [ERROR] LogOutputStream:75 - [STDERR_REDIRECT] [Fatal Error] :1:1: Premature end of file.
2024-12-17 15:41:23,276 [ERROR] LogOutputStream:75 - [STDERR_REDIRECT] 
2024-12-17 15:41:24,273 [ERROR] LogOutputStream:75 - [STDERR_REDIRECT] [Fatal Error] :1:1: Premature end of file.
2024-12-17 15:41:24,273 [ERROR] LogOutputStream:75 - [STDERR_REDIRECT] 
2024-12-17 15:41:25,275 [ERROR] LogOutputStream:75 - [STDERR_REDIRECT] [Fatal Error] :1:1: Premature end of file.
2024-12-17 15:41:25,275 [ERROR] LogOutputStream:75 - [STDERR_REDIRECT] 
2024-12-17 15:41:26,282 [ERROR] LogOutputStream:75 - [STDERR_REDIRECT] [Fatal Error] :1:1: Premature end of file.
2024-12-17 15:41:26,282 [ERROR] LogOutputStream:75 - [STDERR_REDIRECT] 
2024-12-17 15:41:27,277 [ERROR] LogOutputStream:75 - [STDERR_REDIRECT] [Fatal Error] :1:1: Premature end of file.
2024-12-17 15:41:27,277 [ERROR] LogOutputStream:75 - [STDERR_REDIRECT] 
2024-12-17 15:41:28,279 [ERROR] LogOutputStream:75 - [STDERR_REDIRECT] [Fatal Error] :1:1: Premature end of file.
2024-12-17 15:41:28,279 [ERROR] LogOutputStream:75 - [STDERR_REDIRECT] 
2024-12-17 15:41:29,282 [ERROR] LogOutputStream:75 - [STDERR_REDIRECT] [Fatal Error] :1:1: Premature end of file.
2024-12-17 15:41:29,282 [ERROR] LogOutputStream:75 - [STDERR_REDIRECT] 
2024-12-17 15:41:30,278 [ERROR] LogOutputStream:75 - [STDERR_REDIRECT] [Fatal Error] :1:1: Premature end of file.
2024-12-17 15:41:30,278 [ERROR] LogOutputStream:75 - [STDERR_REDIRECT] 
2024-12-17 15:41:31,271 [ERROR] LogOutputStream:75 - [STDERR_REDIRECT] [Fatal Error] :1:1: Premature end of file.
2024-12-17 15:41:31,271 [ERROR] LogOutputStream:75 - [STDERR_REDIRECT] 
2024-12-17 15:41:32,272 [ERROR] LogOutputStream:75 - [STDERR_REDIRECT] [Fatal Error] :1:1: Premature end of file.
2024-12-17 15:41:32,272 [ERROR] LogOutputStream:75 - [STDERR_REDIRECT] 
2024-12-17 15:41:33,269 [ERROR] LogOutputStream:75 - [STDERR_REDIRECT] [Fatal Error] :1:1: Premature end of file.
2024-12-17 15:41:33,269 [ERROR] LogOutputStream:75 - [STDERR_REDIRECT] 
2024-12-17 15:41:34,270 [ERROR] LogOutputStream:75 - [STDERR_REDIRECT] [Fatal Error] :1:1: Premature end of file.
2024-12-17 15:41:34,270 [ERROR] LogOutputStream:75 - [STDERR_REDIRECT] 
2024-12-17 15:41:35,271 [ERROR] LogOutputStream:75 - [STDERR_REDIRECT] [Fatal Error] :1:1: Premature end of file.
2024-12-17 15:41:35,271 [ERROR] LogOutputStream:75 - [STDERR_REDIRECT] 
2024-12-17 15:41:36,270 [ERROR] LogOutputStream:75 - [STDERR_REDIRECT] [Fatal Error] :1:1: Premature end of file.
2024-12-17 15:41:36,271 [ERROR] LogOutputStream:75 - [STDERR_REDIRECT] 
2024-12-17 15:41:37,270 [ERROR] LogOutputStream:75 - [STDERR_REDIRECT] [Fatal Error] :1:1: Premature end of file.
2024-12-17 15:41:37,270 [ERROR] LogOutputStream:75 - [STDERR_REDIRECT] 
2024-12-17 15:41:38,273 [ERROR] LogOutputStream:75 - [STDERR_REDIRECT] [Fatal Error] :1:1: Premature end of file.
2024-12-17 15:41:38,273 [ERROR] LogOutputStream:75 - [STDERR_REDIRECT] 
2024-12-17 15:41:39,280 [ERROR] LogOutputStream:75 - [STDERR_REDIRECT] [Fatal Error] :1:1: Premature end of file.
2024-12-17 15:41:39,280 [ERROR] LogOutputStream:75 - [STDERR_REDIRECT] 
2024-12-17 15:41:40,270 [ERROR] LogOutputStream:75 - [STDERR_REDIRECT] [Fatal Error] :1:1: Premature end of file.
2024-12-17 15:41:40,270 [ERROR] LogOutputStream:75 - [STDERR_REDIRECT] 
2024-12-17 15:41:41,278 [ERROR] LogOutputStream:75 - [STDERR_REDIRECT] [Fatal Error] :1:1: Premature end of file.
2024-12-17 15:41:41,278 [ERROR] LogOutputStream:75 - [STDERR_REDIRECT] 
2024-12-17 15:41:42,280 [ERROR] LogOutputStream:75 - [STDERR_REDIRECT] [Fatal Error] :1:1: Premature end of file.
2024-12-17 15:41:42,280 [ERROR] LogOutputStream:75 - [STDERR_REDIRECT] 
2024-12-17 15:41:43,281 [ERROR] LogOutputStream:75 - [STDERR_REDIRECT] [Fatal Error] :1:1: Premature end of file.
2024-12-17 15:41:43,281 [ERROR] LogOutputStream:75 - [STDERR_REDIRECT] 
2024-12-17 15:41:44,272 [ERROR] LogOutputStream:75 - [STDERR_REDIRECT] [Fatal Error] :1:1: Premature end of file.
2024-12-17 15:41:44,272 [ERROR] LogOutputStream:75 - [STDERR_REDIRECT] 
2024-12-17 15:41:45,280 [ERROR] LogOutputStream:75 - [STDERR_REDIRECT] [Fatal Error] :1:1: Premature end of file.
2024-12-17 15:41:45,280 [ERROR] LogOutputStream:75 - [STDERR_REDIRECT] 
2024-12-17 15:41:46,277 [ERROR] LogOutputStream:75 - [STDERR_REDIRECT] [Fatal Error] :1:1: Premature end of file.
2024-12-17 15:41:46,277 [ERROR] LogOutputStream:75 - [STDERR_REDIRECT] 
2024-12-17 15:41:47,274 [ERROR] LogOutputStream:75 - [STDERR_REDIRECT] [Fatal Error] :1:1: Premature end of file.
2024-12-17 15:41:47,274 [ERROR] LogOutputStream:75 - [STDERR_REDIRECT] 
2024-12-17 15:41:48,267 [ERROR] LogOutputStream:75 - [STDERR_REDIRECT] [Fatal Error] :1:1: Premature end of file.
2024-12-17 15:41:48,267 [ERROR] LogOutputStream:75 - [STDERR_REDIRECT] 
2024-12-17 15:41:49,278 [ERROR] LogOutputStream:75 - [STDERR_REDIRECT] [Fatal Error] :1:1: Premature end of file.
2024-12-17 15:41:49,278 [ERROR] LogOutputStream:75 - [STDERR_REDIRECT] 
2024-12-17 15:41:50,270 [ERROR] LogOutputStream:75 - [STDERR_REDIRECT] [Fatal Error] :1:1: Premature end of file.
2024-12-17 15:41:50,270 [ERROR] LogOutputStream:75 - [STDERR_REDIRECT] 
2024-12-17 15:41:51,285 [ERROR] LogOutputStream:75 - [STDERR_REDIRECT] [Fatal Error] :1:1: Premature end of file.
2024-12-17 15:41:51,285 [ERROR] LogOutputStream:75 - [STDERR_REDIRECT] 
2024-12-17 15:41:52,281 [ERROR] LogOutputStream:75 - [STDERR_REDIRECT] [Fatal Error] :1:1: Premature end of file.
2024-12-17 15:41:52,281 [ERROR] LogOutputStream:75 - [STDERR_REDIRECT] 
2024-12-17 15:41:53,282 [ERROR] LogOutputStream:75 - [STDERR_REDIRECT] [Fatal Error] :1:1: Premature end of file.
2024-12-17 15:41:53,282 [ERROR] LogOutputStream:75 - [STDERR_REDIRECT] 
2024-12-17 15:41:54,278 [ERROR] LogOutputStream:75 - [STDERR_REDIRECT] [Fatal Error] :1:1: Premature end of file.
2024-12-17 15:41:54,278 [ERROR] LogOutputStream:75 - [STDERR_REDIRECT] 
2024-12-17 15:41:55,269 [ERROR] LogOutputStream:75 - [STDERR_REDIRECT] [Fatal Error] :1:1: Premature end of file.
2024-12-17 15:41:55,269 [ERROR] LogOutputStream:75 - [STDERR_REDIRECT] 
2024-12-17 15:41:56,280 [ERROR] LogOutputStream:75 - [STDERR_REDIRECT] [Fatal Error] :1:1: Premature end of file.
2024-12-17 15:41:56,280 [ERROR] LogOutputStream:75 - [STDERR_REDIRECT] 
2024-12-17 15:41:57,279 [ERROR] LogOutputStream:75 - [STDERR_REDIRECT] [Fatal Error] :1:1: Premature end of file.
2024-12-17 15:41:57,279 [ERROR] LogOutputStream:75 - [STDERR_REDIRECT] 
2024-12-17 15:41:58,272 [ERROR] LogOutputStream:75 - [STDERR_REDIRECT] [Fatal Error] :1:1: Premature end of file.
2024-12-17 15:41:58,272 [ERROR] LogOutputStream:75 - [STDERR_REDIRECT] 
2024-12-17 15:41:59,282 [ERROR] LogOutputStream:75 - [STDERR_REDIRECT] [Fatal Error] :1:1: Premature end of file.
2024-12-17 15:41:59,282 [ERROR] LogOutputStream:75 - [STDERR_REDIRECT] 
2024-12-17 15:42:00,277 [ERROR] LogOutputStream:75 - [STDERR_REDIRECT] [Fatal Error] :1:1: Premature end of file.
2024-12-17 15:42:00,277 [ERROR] LogOutputStream:75 - [STDERR_REDIRECT] 
2024-12-17 15:42:01,271 [ERROR] LogOutputStream:75 - [STDERR_REDIRECT] [Fatal Error] :1:1: Premature end of file.
2024-12-17 15:42:01,271 [ERROR] LogOutputStream:75 - [STDERR_REDIRECT] 
2024-12-17 15:42:02,273 [ERROR] LogOutputStream:75 - [STDERR_REDIRECT] [Fatal Error] :1:1: Premature end of file.
2024-12-17 15:42:02,273 [ERROR] LogOutputStream:75 - [STDERR_REDIRECT] 
2024-12-17 15:42:03,280 [ERROR] LogOutputStream:75 - [STDERR_REDIRECT] [Fatal Error] :1:1: Premature end of file.
2024-12-17 15:42:03,280 [ERROR] LogOutputStream:75 - [STDERR_REDIRECT] 
2024-12-17 15:42:04,276 [ERROR] LogOutputStream:75 - [STDERR_REDIRECT] [Fatal Error] :1:1: Premature end of file.
2024-12-17 15:42:04,276 [ERROR] LogOutputStream:75 - [STDERR_REDIRECT] 
2024-12-17 15:42:05,268 [ERROR] LogOutputStream:75 - [STDERR_REDIRECT] [Fatal Error] :1:1: Premature end of file.
2024-12-17 15:42:05,268 [ERROR] LogOutputStream:75 - [STDERR_REDIRECT] 
2024-12-17 15:42:06,280 [ERROR] LogOutputStream:75 - [STDERR_REDIRECT] [Fatal Error] :1:1: Premature end of file.
2024-12-17 15:42:06,280 [ERROR] LogOutputStream:75 - [STDERR_REDIRECT] 
2024-12-17 15:42:07,276 [ERROR] LogOutputStream:75 - [STDERR_REDIRECT] [Fatal Error] :1:1: Premature end of file.
2024-12-17 15:42:07,276 [ERROR] LogOutputStream:75 - [STDERR_REDIRECT] 
2024-12-17 15:42:08,279 [ERROR] LogOutputStream:75 - [STDERR_REDIRECT] [Fatal Error] :1:1: Premature end of file.
2024-12-17 15:42:08,279 [ERROR] LogOutputStream:75 - [STDERR_REDIRECT] 
2024-12-17 15:42:09,281 [ERROR] LogOutputStream:75 - [STDERR_REDIRECT] [Fatal Error] :1:1: Premature end of file.
2024-12-17 15:42:09,281 [ERROR] LogOutputStream:75 - [STDERR_REDIRECT] 
2024-12-17 15:42:10,277 [ERROR] LogOutputStream:75 - [STDERR_REDIRECT] [Fatal Error] :1:1: Premature end of file.
2024-12-17 15:42:10,277 [ERROR] LogOutputStream:75 - [STDERR_REDIRECT] 
2024-12-17 15:42:11,281 [ERROR] LogOutputStream:75 - [STDERR_REDIRECT] [Fatal Error] :1:1: Premature end of file.
2024-12-17 15:42:11,281 [ERROR] LogOutputStream:75 - [STDERR_REDIRECT] 
2024-12-17 15:42:12,284 [ERROR] LogOutputStream:75 - [STDERR_REDIRECT] [Fatal Error] :1:1: Premature end of file.
2024-12-17 15:42:12,284 [ERROR] LogOutputStream:75 - [STDERR_REDIRECT] 
2024-12-17 15:42:13,267 [ERROR] LogOutputStream:75 - [STDERR_REDIRECT] [Fatal Error] :1:1: Premature end of file.
2024-12-17 15:42:13,267 [ERROR] LogOutputStream:75 - [STDERR_REDIRECT] 
2024-12-17 15:42:14,279 [ERROR] LogOutputStream:75 - [STDERR_REDIRECT] [Fatal Error] :1:1: Premature end of file.
2024-12-17 15:42:14,279 [ERROR] LogOutputStream:75 - [STDERR_REDIRECT] 
2024-12-17 15:42:15,272 [ERROR] LogOutputStream:75 - [STDERR_REDIRECT] [Fatal Error] :1:1: Premature end of file.
2024-12-17 15:42:15,272 [ERROR] LogOutputStream:75 - [STDERR_REDIRECT] 
2024-12-17 15:42:16,268 [ERROR] LogOutputStream:75 - [STDERR_REDIRECT] [Fatal Error] :1:1: Premature end of file.
2024-12-17 15:42:16,268 [ERROR] LogOutputStream:75 - [STDERR_REDIRECT] 
2024-12-17 15:42:17,280 [ERROR] LogOutputStream:75 - [STDERR_REDIRECT] [Fatal Error] :1:1: Premature end of file.
2024-12-17 15:42:17,280 [ERROR] LogOutputStream:75 - [STDERR_REDIRECT] 
2024-12-17 15:42:18,273 [ERROR] LogOutputStream:75 - [STDERR_REDIRECT] [Fatal Error] :1:1: Premature end of file.
2024-12-17 15:42:18,273 [ERROR] LogOutputStream:75 - [STDERR_REDIRECT] 
2024-12-17 15:42:19,287 [ERROR] LogOutputStream:75 - [STDERR_REDIRECT] [Fatal Error] :1:1: Premature end of file.
2024-12-17 15:42:19,287 [ERROR] LogOutputStream:75 - [STDERR_REDIRECT] 
2024-12-17 15:42:20,284 [ERROR] LogOutputStream:75 - [STDERR_REDIRECT] [Fatal Error] :1:1: Premature end of file.
2024-12-17 15:42:20,284 [ERROR] LogOutputStream:75 - [STDERR_REDIRECT] 
2024-12-17 15:42:21,269 [ERROR] LogOutputStream:75 - [STDERR_REDIRECT] [Fatal Error] :1:1: Premature end of file.
2024-12-17 15:42:21,269 [ERROR] LogOutputStream:75 - [STDERR_REDIRECT] 
2024-12-17 15:42:22,280 [ERROR] LogOutputStream:75 - [STDERR_REDIRECT] [Fatal Error] :1:1: Premature end of file.
2024-12-17 15:42:22,280 [ERROR] LogOutputStream:75 - [STDERR_REDIRECT] 
2024-12-17 15:42:23,276 [ERROR] LogOutputStream:75 - [STDERR_REDIRECT] [Fatal Error] :1:1: Premature end of file.
2024-12-17 15:42:23,276 [ERROR] LogOutputStream:75 - [STDERR_REDIRECT] 
2024-12-17 15:42:24,275 [ERROR] LogOutputStream:75 - [STDERR_REDIRECT] [Fatal Error] :1:1: Premature end of file.
2024-12-17 15:42:24,275 [ERROR] LogOutputStream:75 - [STDERR_REDIRECT] 
2024-12-17 15:42:25,281 [ERROR] LogOutputStream:75 - [STDERR_REDIRECT] [Fatal Error] :1:1: Premature end of file.
2024-12-17 15:42:25,281 [ERROR] LogOutputStream:75 - [STDERR_REDIRECT] 
2024-12-17 15:42:26,278 [ERROR] LogOutputStream:75 - [STDERR_REDIRECT] [Fatal Error] :1:1: Premature end of file.
2024-12-17 15:42:26,278 [ERROR] LogOutputStream:75 - [STDERR_REDIRECT] 
2024-12-17 15:42:27,276 [ERROR] LogOutputStream:75 - [STDERR_REDIRECT] [Fatal Error] :1:1: Premature end of file.
2024-12-17 15:42:27,276 [ERROR] LogOutputStream:75 - [STDERR_REDIRECT] 
2024-12-17 15:42:28,290 [ERROR] LogOutputStream:75 - [STDERR_REDIRECT] [Fatal Error] :1:1: Premature end of file.
2024-12-17 15:42:28,290 [ERROR] LogOutputStream:75 - [STDERR_REDIRECT] 
2024-12-17 15:42:29,280 [ERROR] LogOutputStream:75 - [STDERR_REDIRECT] [Fatal Error] :1:1: Premature end of file.
2024-12-17 15:42:29,280 [ERROR] LogOutputStream:75 - [STDERR_REDIRECT] 
2024-12-17 15:42:30,276 [ERROR] LogOutputStream:75 - [STDERR_REDIRECT] [Fatal Error] :1:1: Premature end of file.
2024-12-17 15:42:30,276 [ERROR] LogOutputStream:75 - [STDERR_REDIRECT] 
2024-12-17 15:42:31,270 [ERROR] LogOutputStream:75 - [STDERR_REDIRECT] [Fatal Error] :1:1: Premature end of file.
2024-12-17 15:42:31,270 [ERROR] LogOutputStream:75 - [STDERR_REDIRECT] 
2024-12-17 15:42:32,283 [ERROR] LogOutputStream:75 - [STDERR_REDIRECT] [Fatal Error] :1:1: Premature end of file.
2024-12-17 15:42:32,283 [ERROR] LogOutputStream:75 - [STDERR_REDIRECT] 
2024-12-17 15:42:33,285 [ERROR] LogOutputStream:75 - [STDERR_REDIRECT] [Fatal Error] :1:1: Premature end of file.
2024-12-17 15:42:33,285 [ERROR] LogOutputStream:75 - [STDERR_REDIRECT] 
2024-12-17 15:42:34,276 [ERROR] LogOutputStream:75 - [STDERR_REDIRECT] [Fatal Error] :1:1: Premature end of file.
2024-12-17 15:42:34,276 [ERROR] LogOutputStream:75 - [STDERR_REDIRECT] 
2024-12-17 15:42:35,275 [ERROR] LogOutputStream:75 - [STDERR_REDIRECT] [Fatal Error] :1:1: Premature end of file.
2024-12-17 15:42:35,275 [ERROR] LogOutputStream:75 - [STDERR_REDIRECT] 
2024-12-17 15:42:36,269 [ERROR] LogOutputStream:75 - [STDERR_REDIRECT] [Fatal Error] :1:1: Premature end of file.
2024-12-17 15:42:36,269 [ERROR] LogOutputStream:75 - [STDERR_REDIRECT] 
2024-12-17 15:42:37,284 [ERROR] LogOutputStream:75 - [STDERR_REDIRECT] [Fatal Error] :1:1: Premature end of file.
2024-12-17 15:42:37,284 [ERROR] LogOutputStream:75 - [STDERR_REDIRECT] 
2024-12-17 15:42:38,276 [ERROR] LogOutputStream:75 - [STDERR_REDIRECT] [Fatal Error] :1:1: Premature end of file.
2024-12-17 15:42:38,276 [ERROR] LogOutputStream:75 - [STDERR_REDIRECT] 
2024-12-17 15:42:39,281 [ERROR] LogOutputStream:75 - [STDERR_REDIRECT] [Fatal Error] :1:1: Premature end of file.
2024-12-17 15:42:39,281 [ERROR] LogOutputStream:75 - [STDERR_REDIRECT] 
2024-12-17 15:42:40,280 [ERROR] LogOutputStream:75 - [STDERR_REDIRECT] [Fatal Error] :1:1: Premature end of file.
2024-12-17 15:42:40,280 [ERROR] LogOutputStream:75 - [STDERR_REDIRECT] 
2024-12-17 15:42:41,270 [ERROR] LogOutputStream:75 - [STDERR_REDIRECT] [Fatal Error] :1:1: Premature end of file.
2024-12-17 15:42:41,270 [ERROR] LogOutputStream:75 - [STDERR_REDIRECT] 
2024-12-17 15:42:42,275 [ERROR] LogOutputStream:75 - [STDERR_REDIRECT] [Fatal Error] :1:1: Premature end of file.
2024-12-17 15:42:42,275 [ERROR] LogOutputStream:75 - [STDERR_REDIRECT] 
2024-12-17 15:42:43,272 [ERROR] LogOutputStream:75 - [STDERR_REDIRECT] [Fatal Error] :1:1: Premature end of file.
2024-12-17 15:42:43,272 [ERROR] LogOutputStream:75 - [STDERR_REDIRECT] 
2024-12-17 15:42:44,284 [ERROR] LogOutputStream:75 - [STDERR_REDIRECT] [Fatal Error] :1:1: Premature end of file.
2024-12-17 15:42:44,284 [ERROR] LogOutputStream:75 - [STDERR_REDIRECT] 
2024-12-17 15:42:45,271 [ERROR] LogOutputStream:75 - [STDERR_REDIRECT] [Fatal Error] :1:1: Premature end of file.
2024-12-17 15:42:45,271 [ERROR] LogOutputStream:75 - [STDERR_REDIRECT] 
2024-12-17 15:42:46,283 [ERROR] LogOutputStream:75 - [STDERR_REDIRECT] [Fatal Error] :1:1: Premature end of file.
2024-12-17 15:42:46,283 [ERROR] LogOutputStream:75 - [STDERR_REDIRECT] 
2024-12-17 15:42:47,280 [ERROR] LogOutputStream:75 - [STDERR_REDIRECT] [Fatal Error] :1:1: Premature end of file.
2024-12-17 15:42:47,280 [ERROR] LogOutputStream:75 - [STDERR_REDIRECT] 
2024-12-17 15:42:48,275 [ERROR] LogOutputStream:75 - [STDERR_REDIRECT] [Fatal Error] :1:1: Premature end of file.
2024-12-17 15:42:48,275 [ERROR] LogOutputStream:75 - [STDERR_REDIRECT] 
2024-12-17 15:42:49,277 [ERROR] LogOutputStream:75 - [STDERR_REDIRECT] [Fatal Error] :1:1: Premature end of file.
2024-12-17 15:42:49,277 [ERROR] LogOutputStream:75 - [STDERR_REDIRECT] 
2024-12-17 15:42:50,281 [ERROR] LogOutputStream:75 - [STDERR_REDIRECT] [Fatal Error] :1:1: Premature end of file.
2024-12-17 15:42:50,281 [ERROR] LogOutputStream:75 - [STDERR_REDIRECT] 
2024-12-17 15:42:51,271 [ERROR] LogOutputStream:75 - [STDERR_REDIRECT] [Fatal Error] :1:1: Premature end of file.
2024-12-17 15:42:51,271 [ERROR] LogOutputStream:75 - [STDERR_REDIRECT] 
2024-12-17 15:42:52,277 [ERROR] LogOutputStream:75 - [STDERR_REDIRECT] [Fatal Error] :1:1: Premature end of file.
2024-12-17 15:42:52,277 [ERROR] LogOutputStream:75 - [STDERR_REDIRECT] 
2024-12-17 15:42:53,270 [ERROR] LogOutputStream:75 - [STDERR_REDIRECT] [Fatal Error] :1:1: Premature end of file.
2024-12-17 15:42:53,270 [ERROR] LogOutputStream:75 - [STDERR_REDIRECT] 
2024-12-17 15:42:54,281 [ERROR] LogOutputStream:75 - [STDERR_REDIRECT] [Fatal Error] :1:1: Premature end of file.
2024-12-17 15:42:54,281 [ERROR] LogOutputStream:75 - [STDERR_REDIRECT] 
2024-12-17 15:42:55,280 [ERROR] LogOutputStream:75 - [STDERR_REDIRECT] [Fatal Error] :1:1: Premature end of file.
2024-12-17 15:42:55,280 [ERROR] LogOutputStream:75 - [STDERR_REDIRECT] 
2024-12-17 15:42:56,269 [ERROR] LogOutputStream:75 - [STDERR_REDIRECT] [Fatal Error] :1:1: Premature end of file.
2024-12-17 15:42:56,269 [ERROR] LogOutputStream:75 - [STDERR_REDIRECT] 
2024-12-17 15:42:57,275 [ERROR] LogOutputStream:75 - [STDERR_REDIRECT] [Fatal Error] :1:1: Premature end of file.
2024-12-17 15:42:57,275 [ERROR] LogOutputStream:75 - [STDERR_REDIRECT] 
2024-12-17 15:42:58,271 [ERROR] LogOutputStream:75 - [STDERR_REDIRECT] [Fatal Error] :1:1: Premature end of file.
2024-12-17 15:42:58,271 [ERROR] LogOutputStream:75 - [STDERR_REDIRECT] 
2024-12-17 15:42:59,272 [ERROR] LogOutputStream:75 - [STDERR_REDIRECT] [Fatal Error] :1:1: Premature end of file.
2024-12-17 15:42:59,272 [ERROR] LogOutputStream:75 - [STDERR_REDIRECT] 
2024-12-17 15:43:00,272 [ERROR] LogOutputStream:75 - [STDERR_REDIRECT] [Fatal Error] :1:1: Premature end of file.
2024-12-17 15:43:00,272 [ERROR] LogOutputStream:75 - [STDERR_REDIRECT] 
2024-12-17 15:43:01,272 [ERROR] LogOutputStream:75 - [STDERR_REDIRECT] [Fatal Error] :1:1: Premature end of file.
2024-12-17 15:43:01,272 [ERROR] LogOutputStream:75 - [STDERR_REDIRECT] 
2024-12-17 15:43:02,272 [ERROR] LogOutputStream:75 - [STDERR_REDIRECT] [Fatal Error] :1:1: Premature end of file.
2024-12-17 15:43:02,272 [ERROR] LogOutputStream:75 - [STDERR_REDIRECT] 
2024-12-17 15:43:03,271 [ERROR] LogOutputStream:75 - [STDERR_REDIRECT] [Fatal Error] :1:1: Premature end of file.
2024-12-17 15:43:03,271 [ERROR] LogOutputStream:75 - [STDERR_REDIRECT] 
2024-12-17 15:43:04,273 [ERROR] LogOutputStream:75 - [STDERR_REDIRECT] [Fatal Error] :1:1: Premature end of file.
2024-12-17 15:43:04,273 [ERROR] LogOutputStream:75 - [STDERR_REDIRECT] 
2024-12-17 15:43:05,272 [ERROR] LogOutputStream:75 - [STDERR_REDIRECT] [Fatal Error] :1:1: Premature end of file.
2024-12-17 15:43:05,272 [ERROR] LogOutputStream:75 - [STDERR_REDIRECT] 
2024-12-17 15:43:06,272 [ERROR] LogOutputStream:75 - [STDERR_REDIRECT] [Fatal Error] :1:1: Premature end of file.
2024-12-17 15:43:06,272 [ERROR] LogOutputStream:75 - [STDERR_REDIRECT] 
2024-12-17 15:43:07,270 [ERROR] LogOutputStream:75 - [STDERR_REDIRECT] [Fatal Error] :1:1: Premature end of file.
2024-12-17 15:43:07,270 [ERROR] LogOutputStream:75 - [STDERR_REDIRECT] 
2024-12-17 15:43:08,272 [ERROR] LogOutputStream:75 - [STDERR_REDIRECT] [Fatal Error] :1:1: Premature end of file.
2024-12-17 15:43:08,272 [ERROR] LogOutputStream:75 - [STDERR_REDIRECT] 
2024-12-17 15:43:09,271 [ERROR] LogOutputStream:75 - [STDERR_REDIRECT] [Fatal Error] :1:1: Premature end of file.
2024-12-17 15:43:09,271 [ERROR] LogOutputStream:75 - [STDERR_REDIRECT] 
2024-12-17 15:43:10,272 [ERROR] LogOutputStream:75 - [STDERR_REDIRECT] [Fatal Error] :1:1: Premature end of file.
2024-12-17 15:43:10,272 [ERROR] LogOutputStream:75 - [STDERR_REDIRECT] 
2024-12-17 15:43:11,271 [ERROR] LogOutputStream:75 - [STDERR_REDIRECT] [Fatal Error] :1:1: Premature end of file.
2024-12-17 15:43:11,271 [ERROR] LogOutputStream:75 - [STDERR_REDIRECT] 
2024-12-17 15:43:12,273 [ERROR] LogOutputStream:75 - [STDERR_REDIRECT] [Fatal Error] :1:1: Premature end of file.
2024-12-17 15:43:12,274 [ERROR] LogOutputStream:75 - [STDERR_REDIRECT] 
2024-12-17 15:43:13,272 [ERROR] LogOutputStream:75 - [STDERR_REDIRECT] [Fatal Error] :1:1: Premature end of file.
2024-12-17 15:43:13,272 [ERROR] LogOutputStream:75 - [STDERR_REDIRECT] 
2024-12-17 15:43:14,270 [ERROR] LogOutputStream:75 - [STDERR_REDIRECT] [Fatal Error] :1:1: Premature end of file.
2024-12-17 15:43:14,270 [ERROR] LogOutputStream:75 - [STDERR_REDIRECT] 
2024-12-17 15:43:15,271 [ERROR] LogOutputStream:75 - [STDERR_REDIRECT] [Fatal Error] :1:1: Premature end of file.
2024-12-17 15:43:15,271 [ERROR] LogOutputStream:75 - [STDERR_REDIRECT] 
2024-12-17 15:43:16,271 [ERROR] LogOutputStream:75 - [STDERR_REDIRECT] [Fatal Error] :1:1: Premature end of file.
2024-12-17 15:43:16,271 [ERROR] LogOutputStream:75 - [STDERR_REDIRECT] 
2024-12-17 15:43:17,271 [ERROR] LogOutputStream:75 - [STDERR_REDIRECT] [Fatal Error] :1:1: Premature end of file.
2024-12-17 15:43:17,271 [ERROR] LogOutputStream:75 - [STDERR_REDIRECT] 
2024-12-17 15:43:18,269 [ERROR] LogOutputStream:75 - [STDERR_REDIRECT] [Fatal Error] :1:1: Premature end of file.
2024-12-17 15:43:18,270 [ERROR] LogOutputStream:75 - [STDERR_REDIRECT] 
2024-12-17 15:43:19,272 [ERROR] LogOutputStream:75 - [STDERR_REDIRECT] [Fatal Error] :1:1: Premature end of file.
2024-12-17 15:43:19,272 [ERROR] LogOutputStream:75 - [STDERR_REDIRECT] 
2024-12-17 15:43:20,270 [ERROR] LogOutputStream:75 - [STDERR_REDIRECT] [Fatal Error] :1:1: Premature end of file.
2024-12-17 15:43:20,270 [ERROR] LogOutputStream:75 - [STDERR_REDIRECT] 
2024-12-17 15:43:21,274 [ERROR] LogOutputStream:75 - [STDERR_REDIRECT] [Fatal Error] :1:1: Premature end of file.
2024-12-17 15:43:21,274 [ERROR] LogOutputStream:75 - [STDERR_REDIRECT] 
2024-12-17 15:43:22,273 [ERROR] LogOutputStream:75 - [STDERR_REDIRECT] [Fatal Error] :1:1: Premature end of file.
2024-12-17 15:43:22,273 [ERROR] LogOutputStream:75 - [STDERR_REDIRECT] 
2024-12-17 15:43:23,274 [ERROR] LogOutputStream:75 - [STDERR_REDIRECT] [Fatal Error] :1:1: Premature end of file.
2024-12-17 15:43:23,274 [ERROR] LogOutputStream:75 - [STDERR_REDIRECT] 
2024-12-17 15:43:24,272 [ERROR] LogOutputStream:75 - [STDERR_REDIRECT] [Fatal Error] :1:1: Premature end of file.
2024-12-17 15:43:24,272 [ERROR] LogOutputStream:75 - [STDERR_REDIRECT] 
2024-12-17 15:43:25,270 [ERROR] LogOutputStream:75 - [STDERR_REDIRECT] [Fatal Error] :1:1: Premature end of file.
2024-12-17 15:43:25,270 [ERROR] LogOutputStream:75 - [STDERR_REDIRECT] 
2024-12-17 15:43:26,272 [ERROR] LogOutputStream:75 - [STDERR_REDIRECT] [Fatal Error] :1:1: Premature end of file.
2024-12-17 15:43:26,272 [ERROR] LogOutputStream:75 - [STDERR_REDIRECT] 
2024-12-17 15:43:27,272 [ERROR] LogOutputStream:75 - [STDERR_REDIRECT] [Fatal Error] :1:1: Premature end of file.
2024-12-17 15:43:27,272 [ERROR] LogOutputStream:75 - [STDERR_REDIRECT] 
2024-12-17 15:43:28,272 [ERROR] LogOutputStream:75 - [STDERR_REDIRECT] [Fatal Error] :1:1: Premature end of file.
2024-12-17 15:43:28,272 [ERROR] LogOutputStream:75 - [STDERR_REDIRECT] 
2024-12-17 15:43:29,272 [ERROR] LogOutputStream:75 - [STDERR_REDIRECT] [Fatal Error] :1:1: Premature end of file.
2024-12-17 15:43:29,273 [ERROR] LogOutputStream:75 - [STDERR_REDIRECT] 
2024-12-17 15:43:30,271 [ERROR] LogOutputStream:75 - [STDERR_REDIRECT] [Fatal Error] :1:1: Premature end of file.
2024-12-17 15:43:30,271 [ERROR] LogOutputStream:75 - [STDERR_REDIRECT] 
2024-12-17 15:43:31,271 [ERROR] LogOutputStream:75 - [STDERR_REDIRECT] [Fatal Error] :1:1: Premature end of file.
2024-12-17 15:43:31,271 [ERROR] LogOutputStream:75 - [STDERR_REDIRECT] 
2024-12-17 15:43:32,271 [ERROR] LogOutputStream:75 - [STDERR_REDIRECT] [Fatal Error] :1:1: Premature end of file.
2024-12-17 15:43:32,272 [ERROR] LogOutputStream:75 - [STDERR_REDIRECT] 
2024-12-17 15:43:33,272 [ERROR] LogOutputStream:75 - [STDERR_REDIRECT] [Fatal Error] :1:1: Premature end of file.
2024-12-17 15:43:33,272 [ERROR] LogOutputStream:75 - [STDERR_REDIRECT] 
2024-12-17 15:43:34,271 [ERROR] LogOutputStream:75 - [STDERR_REDIRECT] [Fatal Error] :1:1: Premature end of file.
2024-12-17 15:43:34,271 [ERROR] LogOutputStream:75 - [STDERR_REDIRECT] 
2024-12-17 15:43:35,271 [ERROR] LogOutputStream:75 - [STDERR_REDIRECT] [Fatal Error] :1:1: Premature end of file.
2024-12-17 15:43:35,271 [ERROR] LogOutputStream:75 - [STDERR_REDIRECT] 
2024-12-17 15:43:36,275 [ERROR] LogOutputStream:75 - [STDERR_REDIRECT] [Fatal Error] :1:1: Premature end of file.
2024-12-17 15:43:36,275 [ERROR] LogOutputStream:75 - [STDERR_REDIRECT] 
2024-12-17 15:43:37,270 [ERROR] LogOutputStream:75 - [STDERR_REDIRECT] [Fatal Error] :1:1: Premature end of file.
2024-12-17 15:43:37,270 [ERROR] LogOutputStream:75 - [STDERR_REDIRECT] 
2024-12-17 15:43:38,272 [ERROR] LogOutputStream:75 - [STDERR_REDIRECT] [Fatal Error] :1:1: Premature end of file.
2024-12-17 15:43:38,272 [ERROR] LogOutputStream:75 - [STDERR_REDIRECT] 
2024-12-17 15:43:39,271 [ERROR] LogOutputStream:75 - [STDERR_REDIRECT] [Fatal Error] :1:1: Premature end of file.
2024-12-17 15:43:39,271 [ERROR] LogOutputStream:75 - [STDERR_REDIRECT] 
2024-12-17 15:43:40,272 [ERROR] LogOutputStream:75 - [STDERR_REDIRECT] [Fatal Error] :1:1: Premature end of file.
2024-12-17 15:43:40,273 [ERROR] LogOutputStream:75 - [STDERR_REDIRECT] 
2024-12-17 15:43:41,268 [ERROR] LogOutputStream:75 - [STDERR_REDIRECT] [Fatal Error] :1:1: Premature end of file.
2024-12-17 15:43:41,269 [ERROR] LogOutputStream:75 - [STDERR_REDIRECT] 
2024-12-17 15:43:42,268 [ERROR] LogOutputStream:75 - [STDERR_REDIRECT] [Fatal Error] :1:1: Premature end of file.
2024-12-17 15:43:42,268 [ERROR] LogOutputStream:75 - [STDERR_REDIRECT] 
2024-12-17 15:43:43,271 [ERROR] LogOutputStream:75 - [STDERR_REDIRECT] [Fatal Error] :1:1: Premature end of file.
2024-12-17 15:43:43,271 [ERROR] LogOutputStream:75 - [STDERR_REDIRECT] 
2024-12-17 15:43:44,269 [ERROR] LogOutputStream:75 - [STDERR_REDIRECT] [Fatal Error] :1:1: Premature end of file.
2024-12-17 15:43:44,269 [ERROR] LogOutputStream:75 - [STDERR_REDIRECT] 
2024-12-17 15:43:45,269 [ERROR] LogOutputStream:75 - [STDERR_REDIRECT] [Fatal Error] :1:1: Premature end of file.
2024-12-17 15:43:45,269 [ERROR] LogOutputStream:75 - [STDERR_REDIRECT] 
2024-12-17 15:43:46,274 [ERROR] LogOutputStream:75 - [STDERR_REDIRECT] [Fatal Error] :1:1: Premature end of file.
2024-12-17 15:43:46,274 [ERROR] LogOutputStream:75 - [STDERR_REDIRECT] 
2024-12-17 15:43:47,274 [ERROR] LogOutputStream:75 - [STDERR_REDIRECT] [Fatal Error] :1:1: Premature end of file.
2024-12-17 15:43:47,274 [ERROR] LogOutputStream:75 - [STDERR_REDIRECT] 
2024-12-17 15:43:48,270 [ERROR] LogOutputStream:75 - [STDERR_REDIRECT] [Fatal Error] :1:1: Premature end of file.
2024-12-17 15:43:48,270 [ERROR] LogOutputStream:75 - [STDERR_REDIRECT] 
2024-12-17 15:43:49,270 [ERROR] LogOutputStream:75 - [STDERR_REDIRECT] [Fatal Error] :1:1: Premature end of file.
2024-12-17 15:43:49,270 [ERROR] LogOutputStream:75 - [STDERR_REDIRECT] 
2024-12-17 15:43:50,271 [ERROR] LogOutputStream:75 - [STDERR_REDIRECT] [Fatal Error] :1:1: Premature end of file.
2024-12-17 15:43:50,271 [ERROR] LogOutputStream:75 - [STDERR_REDIRECT] 
2024-12-17 15:43:51,271 [ERROR] LogOutputStream:75 - [STDERR_REDIRECT] [Fatal Error] :1:1: Premature end of file.
2024-12-17 15:43:51,271 [ERROR] LogOutputStream:75 - [STDERR_REDIRECT] 
2024-12-17 15:43:52,273 [ERROR] LogOutputStream:75 - [STDERR_REDIRECT] [Fatal Error] :1:1: Premature end of file.
2024-12-17 15:43:52,273 [ERROR] LogOutputStream:75 - [STDERR_REDIRECT] 
2024-12-17 15:43:53,272 [ERROR] LogOutputStream:75 - [STDERR_REDIRECT] [Fatal Error] :1:1: Premature end of file.
2024-12-17 15:43:53,272 [ERROR] LogOutputStream:75 - [STDERR_REDIRECT] 
2024-12-17 15:43:54,272 [ERROR] LogOutputStream:75 - [STDERR_REDIRECT] [Fatal Error] :1:1: Premature end of file.
2024-12-17 15:43:54,272 [ERROR] LogOutputStream:75 - [STDERR_REDIRECT] 
2024-12-17 15:43:55,273 [ERROR] LogOutputStream:75 - [STDERR_REDIRECT] [Fatal Error] :1:1: Premature end of file.
2024-12-17 15:43:55,274 [ERROR] LogOutputStream:75 - [STDERR_REDIRECT] 
2024-12-17 15:43:56,275 [ERROR] LogOutputStream:75 - [STDERR_REDIRECT] [Fatal Error] :1:1: Premature end of file.
2024-12-17 15:43:56,275 [ERROR] LogOutputStream:75 - [STDERR_REDIRECT] 
2024-12-17 15:43:57,271 [ERROR] LogOutputStream:75 - [STDERR_REDIRECT] [Fatal Error] :1:1: Premature end of file.
2024-12-17 15:43:57,271 [ERROR] LogOutputStream:75 - [STDERR_REDIRECT] 
2024-12-17 15:43:58,271 [ERROR] LogOutputStream:75 - [STDERR_REDIRECT] [Fatal Error] :1:1: Premature end of file.
2024-12-17 15:43:58,272 [ERROR] LogOutputStream:75 - [STDERR_REDIRECT] 
2024-12-17 15:43:59,273 [ERROR] LogOutputStream:75 - [STDERR_REDIRECT] [Fatal Error] :1:1: Premature end of file.
2024-12-17 15:43:59,273 [ERROR] LogOutputStream:75 - [STDERR_REDIRECT] 
2024-12-17 15:44:00,269 [ERROR] LogOutputStream:75 - [STDERR_REDIRECT] [Fatal Error] :1:1: Premature end of file.
2024-12-17 15:44:00,269 [ERROR] LogOutputStream:75 - [STDERR_REDIRECT] 
2024-12-17 15:44:01,272 [ERROR] LogOutputStream:75 - [STDERR_REDIRECT] [Fatal Error] :1:1: Premature end of file.
2024-12-17 15:44:01,272 [ERROR] LogOutputStream:75 - [STDERR_REDIRECT] 
2024-12-17 15:44:02,272 [ERROR] LogOutputStream:75 - [STDERR_REDIRECT] [Fatal Error] :1:1: Premature end of file.
2024-12-17 15:44:02,272 [ERROR] LogOutputStream:75 - [STDERR_REDIRECT] 
2024-12-17 15:44:03,272 [ERROR] LogOutputStream:75 - [STDERR_REDIRECT] [Fatal Error] :1:1: Premature end of file.
2024-12-17 15:44:03,272 [ERROR] LogOutputStream:75 - [STDERR_REDIRECT] 
2024-12-17 15:44:04,273 [ERROR] LogOutputStream:75 - [STDERR_REDIRECT] [Fatal Error] :1:1: Premature end of file.
2024-12-17 15:44:04,273 [ERROR] LogOutputStream:75 - [STDERR_REDIRECT] 
2024-12-17 15:44:05,272 [ERROR] LogOutputStream:75 - [STDERR_REDIRECT] [Fatal Error] :1:1: Premature end of file.
2024-12-17 15:44:05,272 [ERROR] LogOutputStream:75 - [STDERR_REDIRECT] 
2024-12-17 15:44:06,272 [ERROR] LogOutputStream:75 - [STDERR_REDIRECT] [Fatal Error] :1:1: Premature end of file.
2024-12-17 15:44:06,273 [ERROR] LogOutputStream:75 - [STDERR_REDIRECT] 
2024-12-17 15:44:07,273 [ERROR] LogOutputStream:75 - [STDERR_REDIRECT] [Fatal Error] :1:1: Premature end of file.
2024-12-17 15:44:07,274 [ERROR] LogOutputStream:75 - [STDERR_REDIRECT] 
2024-12-17 15:44:08,271 [ERROR] LogOutputStream:75 - [STDERR_REDIRECT] [Fatal Error] :1:1: Premature end of file.
2024-12-17 15:44:08,271 [ERROR] LogOutputStream:75 - [STDERR_REDIRECT] 
2024-12-17 15:44:09,273 [ERROR] LogOutputStream:75 - [STDERR_REDIRECT] [Fatal Error] :1:1: Premature end of file.
2024-12-17 15:44:09,273 [ERROR] LogOutputStream:75 - [STDERR_REDIRECT] 
2024-12-17 15:44:10,272 [ERROR] LogOutputStream:75 - [STDERR_REDIRECT] [Fatal Error] :1:1: Premature end of file.
2024-12-17 15:44:10,272 [ERROR] LogOutputStream:75 - [STDERR_REDIRECT] 
2024-12-17 15:44:11,272 [ERROR] LogOutputStream:75 - [STDERR_REDIRECT] [Fatal Error] :1:1: Premature end of file.
2024-12-17 15:44:11,272 [ERROR] LogOutputStream:75 - [STDERR_REDIRECT] 
2024-12-17 15:44:12,272 [ERROR] LogOutputStream:75 - [STDERR_REDIRECT] [Fatal Error] :1:1: Premature end of file.
2024-12-17 15:44:12,272 [ERROR] LogOutputStream:75 - [STDERR_REDIRECT] 
2024-12-17 15:44:13,278 [ERROR] LogOutputStream:75 - [STDERR_REDIRECT] [Fatal Error] :1:1: Premature end of file.
2024-12-17 15:44:13,278 [ERROR] LogOutputStream:75 - [STDERR_REDIRECT] 
2024-12-17 15:44:14,270 [ERROR] LogOutputStream:75 - [STDERR_REDIRECT] [Fatal Error] :1:1: Premature end of file.
2024-12-17 15:44:14,270 [ERROR] LogOutputStream:75 - [STDERR_REDIRECT] 
2024-12-17 15:44:15,276 [ERROR] LogOutputStream:75 - [STDERR_REDIRECT] [Fatal Error] :1:1: Premature end of file.
2024-12-17 15:44:15,276 [ERROR] LogOutputStream:75 - [STDERR_REDIRECT] 
2024-12-17 15:44:16,283 [ERROR] LogOutputStream:75 - [STDERR_REDIRECT] [Fatal Error] :1:1: Premature end of file.
2024-12-17 15:44:16,283 [ERROR] LogOutputStream:75 - [STDERR_REDIRECT] 
2024-12-17 15:44:17,273 [ERROR] LogOutputStream:75 - [STDERR_REDIRECT] [Fatal Error] :1:1: Premature end of file.
2024-12-17 15:44:17,273 [ERROR] LogOutputStream:75 - [STDERR_REDIRECT] 
2024-12-17 15:44:18,278 [ERROR] LogOutputStream:75 - [STDERR_REDIRECT] [Fatal Error] :1:1: Premature end of file.
2024-12-17 15:44:18,278 [ERROR] LogOutputStream:75 - [STDERR_REDIRECT] 
2024-12-17 15:44:19,272 [ERROR] LogOutputStream:75 - [STDERR_REDIRECT] [Fatal Error] :1:1: Premature end of file.
2024-12-17 15:44:19,272 [ERROR] LogOutputStream:75 - [STDERR_REDIRECT] 
2024-12-17 15:44:20,274 [ERROR] LogOutputStream:75 - [STDERR_REDIRECT] [Fatal Error] :1:1: Premature end of file.
2024-12-17 15:44:20,274 [ERROR] LogOutputStream:75 - [STDERR_REDIRECT] 
2024-12-17 15:44:21,279 [ERROR] LogOutputStream:75 - [STDERR_REDIRECT] [Fatal Error] :1:1: Premature end of file.
2024-12-17 15:44:21,279 [ERROR] LogOutputStream:75 - [STDERR_REDIRECT] 
2024-12-17 15:44:22,286 [ERROR] LogOutputStream:75 - [STDERR_REDIRECT] [Fatal Error] :1:1: Premature end of file.
2024-12-17 15:44:22,286 [ERROR] LogOutputStream:75 - [STDERR_REDIRECT] 
2024-12-17 15:44:23,281 [ERROR] LogOutputStream:75 - [STDERR_REDIRECT] [Fatal Error] :1:1: Premature end of file.
2024-12-17 15:44:23,286 [ERROR] LogOutputStream:75 - [STDERR_REDIRECT] 
2024-12-17 15:44:24,275 [ERROR] LogOutputStream:75 - [STDERR_REDIRECT] [Fatal Error] :1:1: Premature end of file.
2024-12-17 15:44:24,275 [ERROR] LogOutputStream:75 - [STDERR_REDIRECT] 
2024-12-17 15:44:25,284 [ERROR] LogOutputStream:75 - [STDERR_REDIRECT] [Fatal Error] :1:1: Premature end of file.
2024-12-17 15:44:25,284 [ERROR] LogOutputStream:75 - [STDERR_REDIRECT] 
2024-12-17 15:44:26,269 [ERROR] LogOutputStream:75 - [STDERR_REDIRECT] [Fatal Error] :1:1: Premature end of file.
2024-12-17 15:44:26,269 [ERROR] LogOutputStream:75 - [STDERR_REDIRECT] 
2024-12-17 15:44:27,279 [ERROR] LogOutputStream:75 - [STDERR_REDIRECT] [Fatal Error] :1:1: Premature end of file.
2024-12-17 15:44:27,279 [ERROR] LogOutputStream:75 - [STDERR_REDIRECT] 
2024-12-17 15:44:28,270 [ERROR] LogOutputStream:75 - [STDERR_REDIRECT] [Fatal Error] :1:1: Premature end of file.
2024-12-17 15:44:28,270 [ERROR] LogOutputStream:75 - [STDERR_REDIRECT] 
2024-12-17 15:44:29,280 [ERROR] LogOutputStream:75 - [STDERR_REDIRECT] [Fatal Error] :1:1: Premature end of file.
2024-12-17 15:44:29,280 [ERROR] LogOutputStream:75 - [STDERR_REDIRECT] 
2024-12-17 15:44:30,270 [ERROR] LogOutputStream:75 - [STDERR_REDIRECT] [Fatal Error] :1:1: Premature end of file.
2024-12-17 15:44:30,270 [ERROR] LogOutputStream:75 - [STDERR_REDIRECT] 
2024-12-17 15:44:31,277 [ERROR] LogOutputStream:75 - [STDERR_REDIRECT] [Fatal Error] :1:1: Premature end of file.
2024-12-17 15:44:31,277 [ERROR] LogOutputStream:75 - [STDERR_REDIRECT] 
2024-12-17 15:44:32,273 [ERROR] LogOutputStream:75 - [STDERR_REDIRECT] [Fatal Error] :1:1: Premature end of file.
2024-12-17 15:44:32,273 [ERROR] LogOutputStream:75 - [STDERR_REDIRECT] 
2024-12-17 15:44:33,281 [ERROR] LogOutputStream:75 - [STDERR_REDIRECT] [Fatal Error] :1:1: Premature end of file.
2024-12-17 15:44:33,281 [ERROR] LogOutputStream:75 - [STDERR_REDIRECT] 
2024-12-17 15:44:34,277 [ERROR] LogOutputStream:75 - [STDERR_REDIRECT] [Fatal Error] :1:1: Premature end of file.
2024-12-17 15:44:34,277 [ERROR] LogOutputStream:75 - [STDERR_REDIRECT] 
2024-12-17 15:44:35,272 [ERROR] LogOutputStream:75 - [STDERR_REDIRECT] [Fatal Error] :1:1: Premature end of file.
2024-12-17 15:44:35,272 [ERROR] LogOutputStream:75 - [STDERR_REDIRECT] 
2024-12-17 15:44:36,283 [ERROR] LogOutputStream:75 - [STDERR_REDIRECT] [Fatal Error] :1:1: Premature end of file.
2024-12-17 15:44:36,283 [ERROR] LogOutputStream:75 - [STDERR_REDIRECT] 
2024-12-17 15:44:37,277 [ERROR] LogOutputStream:75 - [STDERR_REDIRECT] [Fatal Error] :1:1: Premature end of file.
2024-12-17 15:44:37,277 [ERROR] LogOutputStream:75 - [STDERR_REDIRECT] 
2024-12-17 15:44:38,273 [ERROR] LogOutputStream:75 - [STDERR_REDIRECT] [Fatal Error] :1:1: Premature end of file.
2024-12-17 15:44:38,273 [ERROR] LogOutputStream:75 - [STDERR_REDIRECT] 
2024-12-17 15:44:39,279 [ERROR] LogOutputStream:75 - [STDERR_REDIRECT] [Fatal Error] :1:1: Premature end of file.
2024-12-17 15:44:39,279 [ERROR] LogOutputStream:75 - [STDERR_REDIRECT] 
2024-12-17 15:44:40,276 [ERROR] LogOutputStream:75 - [STDERR_REDIRECT] [Fatal Error] :1:1: Premature end of file.
2024-12-17 15:44:40,276 [ERROR] LogOutputStream:75 - [STDERR_REDIRECT] 
2024-12-17 15:44:41,274 [ERROR] LogOutputStream:75 - [STDERR_REDIRECT] [Fatal Error] :1:1: Premature end of file.
2024-12-17 15:44:41,274 [ERROR] LogOutputStream:75 - [STDERR_REDIRECT] 
2024-12-17 15:44:42,276 [ERROR] LogOutputStream:75 - [STDERR_REDIRECT] [Fatal Error] :1:1: Premature end of file.
2024-12-17 15:44:42,276 [ERROR] LogOutputStream:75 - [STDERR_REDIRECT] 
2024-12-17 15:44:43,283 [ERROR] LogOutputStream:75 - [STDERR_REDIRECT] [Fatal Error] :1:1: Premature end of file.
2024-12-17 15:44:43,283 [ERROR] LogOutputStream:75 - [STDERR_REDIRECT] 
2024-12-17 15:44:44,274 [ERROR] LogOutputStream:75 - [STDERR_REDIRECT] [Fatal Error] :1:1: Premature end of file.
2024-12-17 15:44:44,274 [ERROR] LogOutputStream:75 - [STDERR_REDIRECT] 
2024-12-17 15:44:45,280 [ERROR] LogOutputStream:75 - [STDERR_REDIRECT] [Fatal Error] :1:1: Premature end of file.
2024-12-17 15:44:45,280 [ERROR] LogOutputStream:75 - [STDERR_REDIRECT] 
2024-12-17 15:44:46,270 [ERROR] LogOutputStream:75 - [STDERR_REDIRECT] [Fatal Error] :1:1: Premature end of file.
2024-12-17 15:44:46,270 [ERROR] LogOutputStream:75 - [STDERR_REDIRECT] 
2024-12-17 15:44:47,279 [ERROR] LogOutputStream:75 - [STDERR_REDIRECT] [Fatal Error] :1:1: Premature end of file.
2024-12-17 15:44:47,279 [ERROR] LogOutputStream:75 - [STDERR_REDIRECT] 
2024-12-17 15:44:48,273 [ERROR] LogOutputStream:75 - [STDERR_REDIRECT] [Fatal Error] :1:1: Premature end of file.
2024-12-17 15:44:48,273 [ERROR] LogOutputStream:75 - [STDERR_REDIRECT] 
2024-12-17 15:44:49,281 [ERROR] LogOutputStream:75 - [STDERR_REDIRECT] [Fatal Error] :1:1: Premature end of file.
2024-12-17 15:44:49,281 [ERROR] LogOutputStream:75 - [STDERR_REDIRECT] 
2024-12-17 15:44:50,270 [ERROR] LogOutputStream:75 - [STDERR_REDIRECT] [Fatal Error] :1:1: Premature end of file.
2024-12-17 15:44:50,270 [ERROR] LogOutputStream:75 - [STDERR_REDIRECT] 
2024-12-17 15:44:51,277 [ERROR] LogOutputStream:75 - [STDERR_REDIRECT] [Fatal Error] :1:1: Premature end of file.
2024-12-17 15:44:51,277 [ERROR] LogOutputStream:75 - [STDERR_REDIRECT] 
2024-12-17 15:44:52,279 [ERROR] LogOutputStream:75 - [STDERR_REDIRECT] [Fatal Error] :1:1: Premature end of file.
2024-12-17 15:44:52,279 [ERROR] LogOutputStream:75 - [STDERR_REDIRECT] 
2024-12-17 15:44:53,280 [ERROR] LogOutputStream:75 - [STDERR_REDIRECT] [Fatal Error] :1:1: Premature end of file.
2024-12-17 15:44:53,280 [ERROR] LogOutputStream:75 - [STDERR_REDIRECT] 
2024-12-17 15:44:54,268 [ERROR] LogOutputStream:75 - [STDERR_REDIRECT] [Fatal Error] :1:1: Premature end of file.
2024-12-17 15:44:54,268 [ERROR] LogOutputStream:75 - [STDERR_REDIRECT] 
2024-12-17 15:44:55,269 [ERROR] LogOutputStream:75 - [STDERR_REDIRECT] [Fatal Error] :1:1: Premature end of file.
2024-12-17 15:44:55,269 [ERROR] LogOutputStream:75 - [STDERR_REDIRECT] 
2024-12-17 15:44:56,277 [ERROR] LogOutputStream:75 - [STDERR_REDIRECT] [Fatal Error] :1:1: Premature end of file.
2024-12-17 15:44:56,277 [ERROR] LogOutputStream:75 - [STDERR_REDIRECT] 
2024-12-17 15:44:57,284 [ERROR] LogOutputStream:75 - [STDERR_REDIRECT] [Fatal Error] :1:1: Premature end of file.
2024-12-17 15:44:57,284 [ERROR] LogOutputStream:75 - [STDERR_REDIRECT] 
2024-12-17 15:44:58,271 [ERROR] LogOutputStream:75 - [STDERR_REDIRECT] [Fatal Error] :1:1: Premature end of file.
2024-12-17 15:44:58,271 [ERROR] LogOutputStream:75 - [STDERR_REDIRECT] 
2024-12-17 15:44:59,282 [ERROR] LogOutputStream:75 - [STDERR_REDIRECT] [Fatal Error] :1:1: Premature end of file.
2024-12-17 15:44:59,282 [ERROR] LogOutputStream:75 - [STDERR_REDIRECT] 
2024-12-17 15:45:00,272 [ERROR] LogOutputStream:75 - [STDERR_REDIRECT] [Fatal Error] :1:1: Premature end of file.
2024-12-17 15:45:00,272 [ERROR] LogOutputStream:75 - [STDERR_REDIRECT] 
2024-12-17 15:45:01,281 [ERROR] LogOutputStream:75 - [STDERR_REDIRECT] [Fatal Error] :1:1: Premature end of file.
2024-12-17 15:45:01,281 [ERROR] LogOutputStream:75 - [STDERR_REDIRECT] 
2024-12-17 15:45:02,274 [ERROR] LogOutputStream:75 - [STDERR_REDIRECT] [Fatal Error] :1:1: Premature end of file.
2024-12-17 15:45:02,274 [ERROR] LogOutputStream:75 - [STDERR_REDIRECT] 
2024-12-17 15:45:03,273 [ERROR] LogOutputStream:75 - [STDERR_REDIRECT] [Fatal Error] :1:1: Premature end of file.
2024-12-17 15:45:03,273 [ERROR] LogOutputStream:75 - [STDERR_REDIRECT] 
2024-12-17 15:45:04,279 [ERROR] LogOutputStream:75 - [STDERR_REDIRECT] [Fatal Error] :1:1: Premature end of file.
2024-12-17 15:45:04,279 [ERROR] LogOutputStream:75 - [STDERR_REDIRECT] 
2024-12-17 15:45:05,282 [ERROR] LogOutputStream:75 - [STDERR_REDIRECT] [Fatal Error] :1:1: Premature end of file.
2024-12-17 15:45:05,282 [ERROR] LogOutputStream:75 - [STDERR_REDIRECT] 
2024-12-17 15:45:06,280 [ERROR] LogOutputStream:75 - [STDERR_REDIRECT] [Fatal Error] :1:1: Premature end of file.
2024-12-17 15:45:06,280 [ERROR] LogOutputStream:75 - [STDERR_REDIRECT] 
2024-12-17 15:45:07,276 [ERROR] LogOutputStream:75 - [STDERR_REDIRECT] [Fatal Error] :1:1: Premature end of file.
2024-12-17 15:45:07,276 [ERROR] LogOutputStream:75 - [STDERR_REDIRECT] 
2024-12-17 15:45:08,276 [ERROR] LogOutputStream:75 - [STDERR_REDIRECT] [Fatal Error] :1:1: Premature end of file.
2024-12-17 15:45:08,276 [ERROR] LogOutputStream:75 - [STDERR_REDIRECT] 
2024-12-17 15:45:09,276 [ERROR] LogOutputStream:75 - [STDERR_REDIRECT] [Fatal Error] :1:1: Premature end of file.
2024-12-17 15:45:09,277 [ERROR] LogOutputStream:75 - [STDERR_REDIRECT] 
2024-12-17 15:45:10,278 [ERROR] LogOutputStream:75 - [STDERR_REDIRECT] [Fatal Error] :1:1: Premature end of file.
2024-12-17 15:45:10,278 [ERROR] LogOutputStream:75 - [STDERR_REDIRECT] 
2024-12-17 15:45:11,269 [ERROR] LogOutputStream:75 - [STDERR_REDIRECT] [Fatal Error] :1:1: Premature end of file.
2024-12-17 15:45:11,269 [ERROR] LogOutputStream:75 - [STDERR_REDIRECT] 
2024-12-17 15:45:12,272 [ERROR] LogOutputStream:75 - [STDERR_REDIRECT] [Fatal Error] :1:1: Premature end of file.
2024-12-17 15:45:12,272 [ERROR] LogOutputStream:75 - [STDERR_REDIRECT] 
2024-12-17 15:45:13,272 [ERROR] LogOutputStream:75 - [STDERR_REDIRECT] [Fatal Error] :1:1: Premature end of file.
2024-12-17 15:45:13,272 [ERROR] LogOutputStream:75 - [STDERR_REDIRECT] 
2024-12-17 15:45:14,282 [ERROR] LogOutputStream:75 - [STDERR_REDIRECT] [Fatal Error] :1:1: Premature end of file.
2024-12-17 15:45:14,282 [ERROR] LogOutputStream:75 - [STDERR_REDIRECT] 
2024-12-17 15:45:15,269 [ERROR] LogOutputStream:75 - [STDERR_REDIRECT] [Fatal Error] :1:1: Premature end of file.
2024-12-17 15:45:15,269 [ERROR] LogOutputStream:75 - [STDERR_REDIRECT] 
2024-12-17 15:45:16,277 [ERROR] LogOutputStream:75 - [STDERR_REDIRECT] [Fatal Error] :1:1: Premature end of file.
2024-12-17 15:45:16,277 [ERROR] LogOutputStream:75 - [STDERR_REDIRECT] 
2024-12-17 15:45:17,280 [ERROR] LogOutputStream:75 - [STDERR_REDIRECT] [Fatal Error] :1:1: Premature end of file.
2024-12-17 15:45:17,280 [ERROR] LogOutputStream:75 - [STDERR_REDIRECT] 
2024-12-17 15:45:18,273 [ERROR] LogOutputStream:75 - [STDERR_REDIRECT] [Fatal Error] :1:1: Premature end of file.
2024-12-17 15:45:18,273 [ERROR] LogOutputStream:75 - [STDERR_REDIRECT] 
2024-12-17 15:45:19,271 [ERROR] LogOutputStream:75 - [STDERR_REDIRECT] [Fatal Error] :1:1: Premature end of file.
2024-12-17 15:45:19,271 [ERROR] LogOutputStream:75 - [STDERR_REDIRECT] 
2024-12-17 15:45:20,275 [ERROR] LogOutputStream:75 - [STDERR_REDIRECT] [Fatal Error] :1:1: Premature end of file.
2024-12-17 15:45:20,275 [ERROR] LogOutputStream:75 - [STDERR_REDIRECT] 
2024-12-17 15:45:21,278 [ERROR] LogOutputStream:75 - [STDERR_REDIRECT] [Fatal Error] :1:1: Premature end of file.
2024-12-17 15:45:21,278 [ERROR] LogOutputStream:75 - [STDERR_REDIRECT] 
2024-12-17 15:45:22,282 [ERROR] LogOutputStream:75 - [STDERR_REDIRECT] [Fatal Error] :1:1: Premature end of file.
2024-12-17 15:45:22,282 [ERROR] LogOutputStream:75 - [STDERR_REDIRECT] 
2024-12-17 15:45:23,281 [ERROR] LogOutputStream:75 - [STDERR_REDIRECT] [Fatal Error] :1:1: Premature end of file.
2024-12-17 15:45:23,281 [ERROR] LogOutputStream:75 - [STDERR_REDIRECT] 
2024-12-17 15:45:24,281 [ERROR] LogOutputStream:75 - [STDERR_REDIRECT] [Fatal Error] :1:1: Premature end of file.
2024-12-17 15:45:24,281 [ERROR] LogOutputStream:75 - [STDERR_REDIRECT] 
2024-12-17 15:45:25,273 [ERROR] LogOutputStream:75 - [STDERR_REDIRECT] [Fatal Error] :1:1: Premature end of file.
2024-12-17 15:45:25,273 [ERROR] LogOutputStream:75 - [STDERR_REDIRECT] 
2024-12-17 15:45:26,284 [ERROR] LogOutputStream:75 - [STDERR_REDIRECT] [Fatal Error] :1:1: Premature end of file.
2024-12-17 15:45:26,284 [ERROR] LogOutputStream:75 - [STDERR_REDIRECT] 
2024-12-17 15:45:27,272 [ERROR] LogOutputStream:75 - [STDERR_REDIRECT] [Fatal Error] :1:1: Premature end of file.
2024-12-17 15:45:27,272 [ERROR] LogOutputStream:75 - [STDERR_REDIRECT] 
2024-12-17 15:45:28,281 [ERROR] LogOutputStream:75 - [STDERR_REDIRECT] [Fatal Error] :1:1: Premature end of file.
2024-12-17 15:45:28,281 [ERROR] LogOutputStream:75 - [STDERR_REDIRECT] 
2024-12-17 15:45:29,276 [ERROR] LogOutputStream:75 - [STDERR_REDIRECT] [Fatal Error] :1:1: Premature end of file.
2024-12-17 15:45:29,276 [ERROR] LogOutputStream:75 - [STDERR_REDIRECT] 
2024-12-17 15:45:30,278 [ERROR] LogOutputStream:75 - [STDERR_REDIRECT] [Fatal Error] :1:1: Premature end of file.
2024-12-17 15:45:30,278 [ERROR] LogOutputStream:75 - [STDERR_REDIRECT] 
2024-12-17 15:45:31,274 [ERROR] LogOutputStream:75 - [STDERR_REDIRECT] [Fatal Error] :1:1: Premature end of file.
2024-12-17 15:45:31,274 [ERROR] LogOutputStream:75 - [STDERR_REDIRECT] 
2024-12-17 15:45:32,281 [ERROR] LogOutputStream:75 - [STDERR_REDIRECT] [Fatal Error] :1:1: Premature end of file.
2024-12-17 15:45:32,281 [ERROR] LogOutputStream:75 - [STDERR_REDIRECT] 
2024-12-17 15:45:33,282 [ERROR] LogOutputStream:75 - [STDERR_REDIRECT] [Fatal Error] :1:1: Premature end of file.
2024-12-17 15:45:33,282 [ERROR] LogOutputStream:75 - [STDERR_REDIRECT] 
2024-12-17 15:45:34,286 [ERROR] LogOutputStream:75 - [STDERR_REDIRECT] [Fatal Error] :1:1: Premature end of file.
2024-12-17 15:45:34,286 [ERROR] LogOutputStream:75 - [STDERR_REDIRECT] 
2024-12-17 15:45:35,273 [ERROR] LogOutputStream:75 - [STDERR_REDIRECT] [Fatal Error] :1:1: Premature end of file.
2024-12-17 15:45:35,273 [ERROR] LogOutputStream:75 - [STDERR_REDIRECT] 
2024-12-17 15:45:36,267 [ERROR] LogOutputStream:75 - [STDERR_REDIRECT] [Fatal Error] :1:1: Premature end of file.
2024-12-17 15:45:36,267 [ERROR] LogOutputStream:75 - [STDERR_REDIRECT] 
2024-12-17 15:45:37,283 [ERROR] LogOutputStream:75 - [STDERR_REDIRECT] [Fatal Error] :1:1: Premature end of file.
2024-12-17 15:45:37,283 [ERROR] LogOutputStream:75 - [STDERR_REDIRECT] 
2024-12-17 15:45:38,287 [ERROR] LogOutputStream:75 - [STDERR_REDIRECT] [Fatal Error] :1:1: Premature end of file.
2024-12-17 15:45:38,287 [ERROR] LogOutputStream:75 - [STDERR_REDIRECT] 
2024-12-17 15:45:39,272 [ERROR] LogOutputStream:75 - [STDERR_REDIRECT] [Fatal Error] :1:1: Premature end of file.
2024-12-17 15:45:39,272 [ERROR] LogOutputStream:75 - [STDERR_REDIRECT] 
2024-12-17 15:45:40,278 [ERROR] LogOutputStream:75 - [STDERR_REDIRECT] [Fatal Error] :1:1: Premature end of file.
2024-12-17 15:45:40,278 [ERROR] LogOutputStream:75 - [STDERR_REDIRECT] 
2024-12-17 15:45:41,275 [ERROR] LogOutputStream:75 - [STDERR_REDIRECT] [Fatal Error] :1:1: Premature end of file.
2024-12-17 15:45:41,275 [ERROR] LogOutputStream:75 - [STDERR_REDIRECT] 
2024-12-17 15:45:42,278 [ERROR] LogOutputStream:75 - [STDERR_REDIRECT] [Fatal Error] :1:1: Premature end of file.
2024-12-17 15:45:42,278 [ERROR] LogOutputStream:75 - [STDERR_REDIRECT] 
2024-12-17 15:45:43,281 [ERROR] LogOutputStream:75 - [STDERR_REDIRECT] [Fatal Error] :1:1: Premature end of file.
2024-12-17 15:45:43,281 [ERROR] LogOutputStream:75 - [STDERR_REDIRECT] 
2024-12-17 15:45:44,269 [ERROR] LogOutputStream:75 - [STDERR_REDIRECT] [Fatal Error] :1:1: Premature end of file.
2024-12-17 15:45:44,269 [ERROR] LogOutputStream:75 - [STDERR_REDIRECT] 
2024-12-17 15:45:45,281 [ERROR] LogOutputStream:75 - [STDERR_REDIRECT] [Fatal Error] :1:1: Premature end of file.
2024-12-17 15:45:45,281 [ERROR] LogOutputStream:75 - [STDERR_REDIRECT] 
2024-12-17 15:45:46,279 [ERROR] LogOutputStream:75 - [STDERR_REDIRECT] [Fatal Error] :1:1: Premature end of file.
2024-12-17 15:45:46,279 [ERROR] LogOutputStream:75 - [STDERR_REDIRECT] 
2024-12-17 15:45:47,270 [ERROR] LogOutputStream:75 - [STDERR_REDIRECT] [Fatal Error] :1:1: Premature end of file.
2024-12-17 15:45:47,270 [ERROR] LogOutputStream:75 - [STDERR_REDIRECT] 
2024-12-17 15:45:48,286 [ERROR] LogOutputStream:75 - [STDERR_REDIRECT] [Fatal Error] :1:1: Premature end of file.
2024-12-17 15:45:48,286 [ERROR] LogOutputStream:75 - [STDERR_REDIRECT] 
2024-12-17 15:45:49,276 [ERROR] LogOutputStream:75 - [STDERR_REDIRECT] [Fatal Error] :1:1: Premature end of file.
2024-12-17 15:45:49,276 [ERROR] LogOutputStream:75 - [STDERR_REDIRECT] 
2024-12-17 15:45:50,278 [ERROR] LogOutputStream:75 - [STDERR_REDIRECT] [Fatal Error] :1:1: Premature end of file.
2024-12-17 15:45:50,278 [ERROR] LogOutputStream:75 - [STDERR_REDIRECT] 
2024-12-17 15:45:51,282 [ERROR] LogOutputStream:75 - [STDERR_REDIRECT] [Fatal Error] :1:1: Premature end of file.
2024-12-17 15:45:51,282 [ERROR] LogOutputStream:75 - [STDERR_REDIRECT] 
2024-12-17 15:45:52,293 [ERROR] LogOutputStream:75 - [STDERR_REDIRECT] [Fatal Error] :1:1: Premature end of file.
2024-12-17 15:45:52,293 [ERROR] LogOutputStream:75 - [STDERR_REDIRECT] 
2024-12-17 15:45:53,273 [ERROR] LogOutputStream:75 - [STDERR_REDIRECT] [Fatal Error] :1:1: Premature end of file.
2024-12-17 15:45:53,273 [ERROR] LogOutputStream:75 - [STDERR_REDIRECT] 
2024-12-17 15:45:54,272 [ERROR] LogOutputStream:75 - [STDERR_REDIRECT] [Fatal Error] :1:1: Premature end of file.
2024-12-17 15:45:54,272 [ERROR] LogOutputStream:75 - [STDERR_REDIRECT] 
2024-12-17 15:45:55,279 [ERROR] LogOutputStream:75 - [STDERR_REDIRECT] [Fatal Error] :1:1: Premature end of file.
2024-12-17 15:45:55,279 [ERROR] LogOutputStream:75 - [STDERR_REDIRECT] 
2024-12-17 15:45:56,270 [ERROR] LogOutputStream:75 - [STDERR_REDIRECT] [Fatal Error] :1:1: Premature end of file.
2024-12-17 15:45:56,270 [ERROR] LogOutputStream:75 - [STDERR_REDIRECT] 
2024-12-17 15:45:57,276 [ERROR] LogOutputStream:75 - [STDERR_REDIRECT] [Fatal Error] :1:1: Premature end of file.
2024-12-17 15:45:57,276 [ERROR] LogOutputStream:75 - [STDERR_REDIRECT] 
2024-12-17 15:45:58,279 [ERROR] LogOutputStream:75 - [STDERR_REDIRECT] [Fatal Error] :1:1: Premature end of file.
2024-12-17 15:45:58,279 [ERROR] LogOutputStream:75 - [STDERR_REDIRECT] 
2024-12-17 15:45:59,278 [ERROR] LogOutputStream:75 - [STDERR_REDIRECT] [Fatal Error] :1:1: Premature end of file.
2024-12-17 15:45:59,278 [ERROR] LogOutputStream:75 - [STDERR_REDIRECT] 
2024-12-17 15:46:00,269 [ERROR] LogOutputStream:75 - [STDERR_REDIRECT] [Fatal Error] :1:1: Premature end of file.
2024-12-17 15:46:00,269 [ERROR] LogOutputStream:75 - [STDERR_REDIRECT] 
2024-12-17 15:46:01,271 [ERROR] LogOutputStream:75 - [STDERR_REDIRECT] [Fatal Error] :1:1: Premature end of file.
2024-12-17 15:46:01,271 [ERROR] LogOutputStream:75 - [STDERR_REDIRECT] 
2024-12-17 15:46:02,272 [ERROR] LogOutputStream:75 - [STDERR_REDIRECT] [Fatal Error] :1:1: Premature end of file.
2024-12-17 15:46:02,272 [ERROR] LogOutputStream:75 - [STDERR_REDIRECT] 
2024-12-17 15:46:03,269 [ERROR] LogOutputStream:75 - [STDERR_REDIRECT] [Fatal Error] :1:1: Premature end of file.
2024-12-17 15:46:03,269 [ERROR] LogOutputStream:75 - [STDERR_REDIRECT] 
2024-12-17 15:46:04,274 [ERROR] LogOutputStream:75 - [STDERR_REDIRECT] [Fatal Error] :1:1: Premature end of file.
2024-12-17 15:46:04,275 [ERROR] LogOutputStream:75 - [STDERR_REDIRECT] 
2024-12-17 15:46:05,270 [ERROR] LogOutputStream:75 - [STDERR_REDIRECT] [Fatal Error] :1:1: Premature end of file.
2024-12-17 15:46:05,270 [ERROR] LogOutputStream:75 - [STDERR_REDIRECT] 
2024-12-17 15:46:06,271 [ERROR] LogOutputStream:75 - [STDERR_REDIRECT] [Fatal Error] :1:1: Premature end of file.
2024-12-17 15:46:06,271 [ERROR] LogOutputStream:75 - [STDERR_REDIRECT] 
2024-12-17 15:46:07,274 [ERROR] LogOutputStream:75 - [STDERR_REDIRECT] [Fatal Error] :1:1: Premature end of file.
2024-12-17 15:46:07,274 [ERROR] LogOutputStream:75 - [STDERR_REDIRECT] 
2024-12-17 15:46:08,271 [ERROR] LogOutputStream:75 - [STDERR_REDIRECT] [Fatal Error] :1:1: Premature end of file.
2024-12-17 15:46:08,271 [ERROR] LogOutputStream:75 - [STDERR_REDIRECT] 
2024-12-17 15:46:09,271 [ERROR] LogOutputStream:75 - [STDERR_REDIRECT] [Fatal Error] :1:1: Premature end of file.
2024-12-17 15:46:09,271 [ERROR] LogOutputStream:75 - [STDERR_REDIRECT] 
2024-12-17 15:46:10,272 [ERROR] LogOutputStream:75 - [STDERR_REDIRECT] [Fatal Error] :1:1: Premature end of file.
2024-12-17 15:46:10,272 [ERROR] LogOutputStream:75 - [STDERR_REDIRECT] 
2024-12-17 15:46:11,269 [ERROR] LogOutputStream:75 - [STDERR_REDIRECT] [Fatal Error] :1:1: Premature end of file.
2024-12-17 15:46:11,270 [ERROR] LogOutputStream:75 - [STDERR_REDIRECT] 
2024-12-17 15:46:12,272 [ERROR] LogOutputStream:75 - [STDERR_REDIRECT] [Fatal Error] :1:1: Premature end of file.
2024-12-17 15:46:12,272 [ERROR] LogOutputStream:75 - [STDERR_REDIRECT] 
2024-12-17 15:46:13,271 [ERROR] LogOutputStream:75 - [STDERR_REDIRECT] [Fatal Error] :1:1: Premature end of file.
2024-12-17 15:46:13,271 [ERROR] LogOutputStream:75 - [STDERR_REDIRECT] 
2024-12-17 15:46:14,271 [ERROR] LogOutputStream:75 - [STDERR_REDIRECT] [Fatal Error] :1:1: Premature end of file.
2024-12-17 15:46:14,271 [ERROR] LogOutputStream:75 - [STDERR_REDIRECT] 
2024-12-17 15:46:15,271 [ERROR] LogOutputStream:75 - [STDERR_REDIRECT] [Fatal Error] :1:1: Premature end of file.
2024-12-17 15:46:15,271 [ERROR] LogOutputStream:75 - [STDERR_REDIRECT] 
2024-12-17 15:46:16,277 [ERROR] LogOutputStream:75 - [STDERR_REDIRECT] [Fatal Error] :1:1: Premature end of file.
2024-12-17 15:46:16,277 [ERROR] LogOutputStream:75 - [STDERR_REDIRECT] 
2024-12-17 15:46:17,271 [ERROR] LogOutputStream:75 - [STDERR_REDIRECT] [Fatal Error] :1:1: Premature end of file.
2024-12-17 15:46:17,272 [ERROR] LogOutputStream:75 - [STDERR_REDIRECT] 
2024-12-17 15:46:18,273 [ERROR] LogOutputStream:75 - [STDERR_REDIRECT] [Fatal Error] :1:1: Premature end of file.
2024-12-17 15:46:18,273 [ERROR] LogOutputStream:75 - [STDERR_REDIRECT] 
2024-12-17 15:46:19,273 [ERROR] LogOutputStream:75 - [STDERR_REDIRECT] [Fatal Error] :1:1: Premature end of file.
2024-12-17 15:46:19,273 [ERROR] LogOutputStream:75 - [STDERR_REDIRECT] 
2024-12-17 15:46:20,272 [ERROR] LogOutputStream:75 - [STDERR_REDIRECT] [Fatal Error] :1:1: Premature end of file.
2024-12-17 15:46:20,272 [ERROR] LogOutputStream:75 - [STDERR_REDIRECT] 
2024-12-17 15:46:21,273 [ERROR] LogOutputStream:75 - [STDERR_REDIRECT] [Fatal Error] :1:1: Premature end of file.
2024-12-17 15:46:21,273 [ERROR] LogOutputStream:75 - [STDERR_REDIRECT] 
2024-12-17 15:46:22,271 [ERROR] LogOutputStream:75 - [STDERR_REDIRECT] [Fatal Error] :1:1: Premature end of file.
2024-12-17 15:46:22,271 [ERROR] LogOutputStream:75 - [STDERR_REDIRECT] 
2024-12-17 15:46:23,270 [ERROR] LogOutputStream:75 - [STDERR_REDIRECT] [Fatal Error] :1:1: Premature end of file.
2024-12-17 15:46:23,270 [ERROR] LogOutputStream:75 - [STDERR_REDIRECT] 
2024-12-17 15:46:23,637 [INFO] McuFinderGlobals:63 - Set McuFinder mode to 2 (CubeIDE integrated)
2024-12-17 15:46:23,640 [INFO] MainUpdater:2872 - connection check result : 10
2024-12-17 15:46:23,640 [INFO] MainUpdater:2872 - connection check result : 10
2024-12-17 15:46:23,663 [INFO] MicroXplorer:468 - Change Database Path : 
2024-12-17 15:46:23,664 [INFO] MicroXplorer:498 - Change Database Version : DB.6.0.130
2024-12-17 15:46:23,670 [WARN] ThirdParty:871 - waiting for thirdparty lock release [close project]
2024-12-17 15:46:23,670 [INFO] ThirdParty:873 - entering critical section [close project]
2024-12-17 15:46:23,672 [INFO] ThirdParty:883 - exiting critical section [close project]
2024-12-17 15:46:23,675 [INFO] PinOutPanel:1589 - setPackage(No Configuration,No Configuration)
2024-12-17 15:46:23,687 [INFO] UtilMem:75 - Begin LoadConfig() Used Memory: 384696376 Bytes (948961280)
2024-12-17 15:46:23,689 [INFO] MicroXplorer:468 - Change Database Path : 
2024-12-17 15:46:23,689 [INFO] MicroXplorer:498 - Change Database Version : DB.6.0.130
2024-12-17 15:46:23,689 [INFO] OpenFileManager:332 - Change cursor
2024-12-17 15:46:23,738 [INFO] Mcu:2035 - Initializing MCU STM32F103C(8-B)Tx STM32F103C8Tx STM32F103C8T6
2024-12-17 15:46:24,274 [ERROR] LogOutputStream:75 - [STDERR_REDIRECT] [Fatal Error] :1:1: Premature end of file.
2024-12-17 15:46:24,275 [ERROR] LogOutputStream:75 - [STDERR_REDIRECT] 
2024-12-17 15:46:24,564 [INFO] Context:748 - Trying to add GPIOservice into a context  which must be forbidden
2024-12-17 15:46:24,884 [INFO] RtosManager:555 - Registered RTOS mode: class=CMSIS, group=RTOS, mode=CMSIS_V1, owner=FREERTOS
2024-12-17 15:46:24,884 [INFO] RtosManager:555 - Registered RTOS mode: class=CMSIS, group=RTOS2, mode=CMSIS_V2, owner=FREERTOS
2024-12-17 15:46:24,884 [INFO] RtosManager:555 - Registered RTOS mode: class=RTOS, group=Core, mode=CMSIS_V1, owner=FREERTOS
2024-12-17 15:46:24,884 [INFO] RtosManager:555 - Registered RTOS mode: class=RTOS, group=Core, mode=CMSIS_V2, owner=FREERTOS
2024-12-17 15:46:24,884 [WARN] ModelIntegratedComponent:184 - Missing modes for component STMicroelectronics:FreeRTOS:0.0.1:STMicroelectronics:RTOS:FreeRTOS:Core:::10.2.0:
2024-12-17 15:46:24,909 [WARN] ModelIntegratedComponent:63 - No mode defined for component null
2024-12-17 15:46:24,909 [WARN] ModelIntegratedComponent:63 - No mode defined for component null
2024-12-17 15:46:24,909 [WARN] ModelIntegratedComponent:63 - No mode defined for component null
2024-12-17 15:46:24,909 [WARN] ModelIntegratedComponent:63 - No mode defined for component null
2024-12-17 15:46:24,909 [WARN] ModelIntegratedComponent:63 - No mode defined for component null
2024-12-17 15:46:24,909 [WARN] ModelIntegratedComponent:63 - No mode defined for component null
2024-12-17 15:46:24,909 [WARN] ModelIntegratedComponent:63 - No mode defined for component null
2024-12-17 15:46:24,910 [WARN] ModelIntegratedComponent:63 - No mode defined for component null
2024-12-17 15:46:24,910 [WARN] ModelIntegratedComponent:63 - No mode defined for component null
2024-12-17 15:46:24,910 [WARN] ModelIntegratedComponent:63 - No mode defined for component null
2024-12-17 15:46:24,910 [WARN] ModelIntegratedComponent:63 - No mode defined for component null
2024-12-17 15:46:24,910 [WARN] ModelIntegratedComponent:63 - No mode defined for component null
2024-12-17 15:46:24,910 [WARN] ModelIntegratedComponent:63 - No mode defined for component null
2024-12-17 15:46:24,910 [WARN] ModelIntegratedComponent:63 - No mode defined for component null
2024-12-17 15:46:24,910 [WARN] ModelIntegratedComponent:63 - No mode defined for component null
2024-12-17 15:46:24,910 [WARN] ModelIntegratedComponent:63 - No mode defined for component null
2024-12-17 15:46:24,910 [WARN] ModelIntegratedComponent:63 - No mode defined for component null
2024-12-17 15:46:24,910 [WARN] ModelIntegratedComponent:63 - No mode defined for component null
2024-12-17 15:46:24,910 [WARN] ModelIntegratedComponent:63 - No mode defined for component null
2024-12-17 15:46:24,910 [WARN] ModelIntegratedComponent:63 - No mode defined for component null
2024-12-17 15:46:24,910 [WARN] ModelIntegratedComponent:63 - No mode defined for component null
2024-12-17 15:46:24,910 [WARN] ModelIntegratedComponent:63 - No mode defined for component null
2024-12-17 15:46:24,910 [WARN] ModelIntegratedComponent:63 - No mode defined for component null
2024-12-17 15:46:24,910 [WARN] ModelIntegratedComponent:63 - No mode defined for component null
2024-12-17 15:46:24,910 [WARN] ModelIntegratedComponent:63 - No mode defined for component null
2024-12-17 15:46:24,910 [WARN] ModelIntegratedComponent:63 - No mode defined for component null
2024-12-17 15:46:24,910 [WARN] ModelIntegratedComponent:63 - No mode defined for component null
2024-12-17 15:46:24,910 [WARN] ModelIntegratedComponent:63 - No mode defined for component null
2024-12-17 15:46:24,910 [WARN] ModelIntegratedComponent:63 - No mode defined for component null
2024-12-17 15:46:24,910 [WARN] ModelIntegratedComponent:63 - No mode defined for component null
2024-12-17 15:46:24,910 [WARN] ModelIntegratedComponent:63 - No mode defined for component null
2024-12-17 15:46:24,910 [WARN] ModelIntegratedComponent:63 - No mode defined for component null
2024-12-17 15:46:24,910 [WARN] ModelIntegratedComponent:63 - No mode defined for component null
2024-12-17 15:46:24,910 [WARN] ModelIntegratedComponent:63 - No mode defined for component null
2024-12-17 15:46:24,911 [WARN] ModelIntegratedComponent:63 - No mode defined for component null
2024-12-17 15:46:24,911 [WARN] ModelPack:524 - Component already loaded: STMicroelectronics:HAL Drivers:0.0.0:STMicroelectronics:Device:STMicro_Driver:XSPI:HAL::0.0.1:HAL_XSPI
2024-12-17 15:46:24,932 [INFO] ThirdPartyModel:298 - Start build external matchings
2024-12-17 15:46:25,119 [INFO] ThirdPartyModel:316 - End build external matchings
2024-12-17 15:46:25,129 [INFO] ImportTextPane:218 - (OptionalMessage_ERROR) IP (RCC) : Invalid parameter (FamilyName)
2024-12-17 15:46:25,270 [ERROR] LogOutputStream:75 - [STDERR_REDIRECT] [Fatal Error] :1:1: Premature end of file.
2024-12-17 15:46:25,270 [ERROR] LogOutputStream:75 - [STDERR_REDIRECT] 
2024-12-17 15:46:25,333 [INFO] ApiDb:581 - Connected to CubeFinder SQLite database (C:\Users\o1yus\.stmcufinder\plugins\mcufinder\mcu\cube-finder-db.db)
2024-12-17 15:46:25,375 [INFO] ApiDb:668 - CubeFinder database Data Model version=2.1
2024-12-17 15:46:25,375 [INFO] ApiDb:669 - CubeFinder database Configuration version=3.0.39
2024-12-17 15:46:25,376 [INFO] ApiDb:670 - CubeFinder database generation date=2024-11-21 (1732182206)
2024-12-17 15:46:25,376 [INFO] ApiDb:671 - CubeFinder database FW Pack versions=[FP-ATR-ASTRA1_V2.0.0, FP-SNS-FLIGHT1_V5.0.2, FP-SNS-MOTENV1_V5.0.0, FP-SNS-MOTENVWB1_V1.4.0, FP-SNS-SMARTAG2_V1.2.0, FP-SNS-STBOX1_V2.0.0, STM32Cube_FW_C0_V1.3.0, STM32Cube_FW_F4_V1.28.1, STM32Cube_FW_F7_V1.17.2, STM32Cube_FW_G0_V1.6.2, STM32Cube_FW_G4_V1.6.1, STM32Cube_FW_H5_V1.4.0, STM32Cube_FW_H7RS_V1.1.0, STM32Cube_FW_H7_V1.12.0, STM32Cube_FW_L0_V1.12.2, STM32Cube_FW_L4_V1.18.1, STM32Cube_FW_L5_V1.5.1, STM32Cube_FW_N6_V1.0.0, STM32Cube_FW_U0_V1.2.0, STM32Cube_FW_U3_V1.0.0, STM32Cube_FW_U5_V1.7.0, STM32Cube_FW_WB0_V1.1.0, STM32Cube_FW_WBA_V1.5.0, STM32Cube_FW_WB_V1.21.0, STM32Cube_FW_WL3_V1.0.0, STM32Cube_FW_WL_V1.3.0, X-CUBE-ALGOBUILD_V1.4.0, X-CUBE-ALS_V1.0.2, X-CUBE-AZRTOS-F4_V1.1.0, X-CUBE-AZRTOS-F7_V1.1.0, X-CUBE-AZRTOS-G0_V1.1.0, X-CUBE-AZRTOS-G4_V2.0.0, X-CUBE-AZRTOS-H7RS_V1.0.0, X-CUBE-AZRTOS-H7_V3.3.0, X-CUBE-AZRTOS-L4_V2.0.0, X-CUBE-AZRTOS-L5_V2.0.0, X-CUBE-AZRTOS-WB_V2.0.0, X-CUBE-AZRTOS-WL_V2.0.0, X-CUBE-BLE1_V7.0.0, X-CUBE-BLE2_V3.3.0, X-CUBE-BLEMGR_V3.1.0, X-CUBE-EEPRMA1_V5.1.0, X-CUBE-FREERTOS_V1.2.0, X-CUBE-GNSS1_V6.0.0, X-CUBE-MEMS1_V11.0.0, X-CUBE-NFC4_V3.0.0, X-CUBE-NFC7_V1.0.1, X-CUBE-SFXS2LP1_V4.0.0, X-CUBE-SUBG2_V5.0.0, X-CUBE-TOF1_V3.4.2]
2024-12-17 15:46:25,422 [INFO] DbBoardsSqlite:226 - include board P-NUCLEO-WB55-NUCLEO as a kit item of type 'Nucleo-64'
2024-12-17 15:46:25,422 [INFO] DbBoardsSqlite:226 - include board P-NUCLEO-WB55-USBDONGLE as a kit item of type 'Nucleo USB Dongle'
2024-12-17 15:46:25,422 [INFO] DbBoardsSqlite:226 - include board STEVAL-IDP005V1 as a kit item of type 'Evaluation Board'
2024-12-17 15:46:25,422 [INFO] DbBoardsSqlite:226 - include board STEVAL-IDP005V2 as a kit item of type 'Evaluation Board'
2024-12-17 15:46:25,463 [INFO] ApiDb:240 - Found 858 in-development CPN: [B-G473E-ZEST1S, B-WB1M-WPAN1, B-WBA5M-WPAN, B-WL5M-SUBG1, NUCLEO-C031C6, NUCLEO-C051C8, NUCLEO-C071RB, NUCLEO-C092RC, NUCLEO-H503RB, NUCLEO-H533RE, NUCLEO-H563ZI, NUCLEO-H7S3L8, NUCLEO-N657X0-Q, NUCLEO-U031R8, NUCLEO-U083RC, NUCLEO-U385RG-Q, NUCLEO-U545RE-Q, NUCLEO-U5A5ZJ-Q, NUCLEO-WB05KZ, NUCLEO-WB07CC, NUCLEO-WB09KE, NUCLEO-WBA52CG, NUCLEO-WBA55CG, NUCLEO-WL33CC1, NUCLEO-WL33CC2, STEVAL-PROTEUS1, STEVAL-SMARTAG2, STEVAL-STWINBX1, STM320518-EVAL, STM32C0116-DK, STM32C011D6Y3TR, STM32C011D6Y6TR, STM32C011F4P3, STM32C011F4P6, STM32C011F4U3, STM32C011F4U6TR, STM32C011F6P3, STM32C011F6P6, STM32C011F6U3, STM32C011F6U6TR, STM32C011J4M3, STM32C011J4M6, STM32C011J6M3, STM32C011J6M6, STM32C0316-DK, STM32C031C4T3, STM32C031C4T6, STM32C031C4U3, STM32C031C4U6, STM32C031C6T3, STM32C031C6T6, STM32C031C6U3, STM32C031C6U6, STM32C031F4P3, STM32C031F4P6, STM32C031F6P3, STM32C031F6P6, STM32C031G4U3, STM32C031G4U6, STM32C031G6U3, STM32C031G6U6, STM32C031K4T3, STM32C031K4T6, STM32C031K4U3, STM32C031K4U6, STM32C031K6T3, STM32C031K6T6, STM32C031K6U3, STM32C031K6U6, STM32C051C6T6, STM32C051C6U6, STM32C051C8T6, STM32C051C8U6, STM32C051D8Y6TR, STM32C051F6P6, STM32C051F8P6, STM32C051G6U6, STM32C051G8U6, STM32C051K6T6, STM32C051K6U6, STM32C051K8T6, STM32C071C8T6, STM32C071C8T6N, STM32C071C8U6, STM32C071C8U6N, STM32C071CBT6, STM32C071CBT6N, STM32C071CBU6, STM32C071CBU6N, STM32C071F8P6, STM32C071F8P6N, STM32C071FBP6, STM32C071FBP6N, STM32C071FBY6TR, STM32C071G8U6, STM32C071G8U6N, STM32C071GBU6, STM32C071GBU6N, STM32C071K8T6, STM32C071K8T6N, STM32C071K8U6, STM32C071K8U6N, STM32C071KBT6, STM32C071KBT6N, STM32C071KBU6, STM32C071KBU6N, STM32C071R8T6, STM32C071R8T6N, STM32C071RBI6N, STM32C071RBT6, STM32C071RBT6N, STM32C091CBT6, STM32C091CBU6, STM32C091CCT6, STM32C091CCU6, STM32C091ECY6TR, STM32C091FBP6, STM32C091FCP6, STM32C091GBU6, STM32C091GCU6, STM32C091KBT6, STM32C091KBU6, STM32C091KCT6, STM32C091KCU6, STM32C091RBT6, STM32C091RCI6, STM32C091RCT6, STM32C092CBT6, STM32C092CBU6, STM32C092CCT6, STM32C092CCU6, STM32C092ECY6TR, STM32C092FBP6, STM32C092FCP6, STM32C092GBU6, STM32C092GCU6, STM32C092KBT6, STM32C092KBU6, STM32C092KCT6, STM32C092KCU6, STM32C092RBT6, STM32C092RCI6, STM32C092RCT6, STM32G071K8TXN, STM32G071K8UXN, STM32G081GBU6N, STM32G081KBT6N, STM32G081KBUXN, STM32G0B1CCT6N, STM32G0B1KCT6, STM32G0B1NEY6TR, STM32G0B1RCT6N, STM32G0C1CCT6, STM32G0C1CCT6N, STM32G0C1CCU6N, STM32G0C1CET6N, STM32G0C1CEU6N, STM32G0C1KCT6, STM32G0C1NEY6TR, STM32G0C1RCI6N, STM32G0C1RCT6N, STM32G0C1REI6N, STM32G0C1RET6N, STM32G0C1VCI6, STM32G0C1VEI6, STM32G411C6T3, STM32G411C6T6, STM32G411C6U3, STM32G411C6U6, STM32G411C8T3, STM32G411C8T6, STM32G411C8U3, STM32G411C8U6, STM32G411CBT3, STM32G411CBT6, STM32G411CBU3, STM32G411CBU6, STM32G411CCT3, STM32G411CCT6, STM32G411CCU3, STM32G411CCU6, STM32G411K6T3, STM32G411K6T6, STM32G411K6U3, STM32G411K6U6, STM32G411K8T3, STM32G411K8T6, STM32G411K8U3, STM32G411K8U6, STM32G411KBT3, STM32G411KBT6, STM32G411KBU3, STM32G411KBU6, STM32G411M6T3, STM32G411M6T6, STM32G411M8T3, STM32G411M8T6, STM32G411MBT3, STM32G411MBT6, STM32G411MCT3, STM32G411MCT6, STM32G411R6T3, STM32G411R6T6, STM32G411R8T3, STM32G411R8T6, STM32G411RBT3, STM32G411RBT6, STM32G411RCT3, STM32G411RCT6, STM32G414CBT3, STM32G414CBT6, STM32G414CBU3, STM32G414CBU6, STM32G414CCT3, STM32G414CCT6, STM32G414CCU3, STM32G414CCU6, STM32G414MBT3, STM32G414MBT6, STM32G414MCT3, STM32G414MCT6, STM32G414RBT3, STM32G414RBT6, STM32G414RCT3, STM32G414RCT6, STM32G414VBT3, STM32G414VBT6, STM32G414VCT3, STM32G414VCT6, STM32G431CBT3Z, STM32G431RBT3Z, STM32G471CCT6, STM32G471CCU6, STM32G471CET3, STM32G471CET6, STM32G471CEU3, STM32G471CEU6, STM32G471MCT6, STM32G471MET3, STM32G471MET6, STM32G471MEY6TR, STM32G471QCT6, STM32G471QET3, STM32G471RCT6, STM32G471RET3, STM32G471RET6, STM32G471VCH6, STM32G471VCI6, STM32G471VCT6, STM32G471VEH3, STM32G471VEH6, STM32G471VEI3, STM32G471VEI6, STM32G471VET3, STM32G471VET6, STM32G473QET3Z, STM32G473RET3Z, STM32G474CCT6, STM32G491RET3Z, STM32H503CBT6, STM32H503CBU6, STM32H503EBY6TR, STM32H503KBU6, STM32H503RBT6, STM32H523CCT6, STM32H523CCU6, STM32H523CET6, STM32H523CEU6, STM32H523HEY6TR, STM32H523RCT6, STM32H523RET6, STM32H523VCI6, STM32H523VCT6, STM32H523VEI6, STM32H523VET6, STM32H523ZCJ6, STM32H523ZCT6, STM32H523ZEJ6, STM32H523ZET6, STM32H533CET6, STM32H533CEU6, STM32H533HEY6TR, STM32H533RET6, STM32H533VEI6, STM32H533VET6, STM32H533ZEJ6, STM32H533ZET6, STM32H562AGI6, STM32H562AII6, STM32H562IGK6, STM32H562IGT6, STM32H562IIK6, STM32H562IIT6, STM32H562RGT6, STM32H562RGV6, STM32H562RIT6, STM32H562RIV6, STM32H562VGT6, STM32H562VIT6, STM32H562ZGT6, STM32H562ZIT6, STM32H563AGI6, STM32H563AII3Q, STM32H563AII6, STM32H563IGK6, STM32H563IGT6, STM32H563IIK3Q, STM32H563IIK6, STM32H563IIT3Q, STM32H563IIT6, STM32H563MIY3QTR, STM32H563RGT6, STM32H563RGV6, STM32H563RIT6, STM32H563RIV6, STM32H563VGT6, STM32H563VIT3Q, STM32H563VIT6, STM32H563ZGT6, STM32H563ZIT3Q, STM32H563ZIT6, STM32H573AII3Q, STM32H573AII6, STM32H573I-DK, STM32H573IIK3Q, STM32H573IIK6, STM32H573IIT3Q, STM32H573IIT6, STM32H573MIY3QTR, STM32H573RIT6, STM32H573RIV6, STM32H573VIT3Q, STM32H573VIT6, STM32H573ZIT3Q, STM32H573ZIT6, STM32H7R3A8I6, STM32H7R3I8K6, STM32H7R3I8T6, STM32H7R3L8H6, STM32H7R3L8H6H, STM32H7R3R8V6, STM32H7R3V8H6, STM32H7R3V8T6, STM32H7R3V8Y6TR, STM32H7R3Z8J6, STM32H7R3Z8T6, STM32H7R7A8I6, STM32H7R7I8K6, STM32H7R7I8T6, STM32H7R7L8H6, STM32H7R7L8H6H, STM32H7R7Z8J6, STM32H7S3A8I6, STM32H7S3I8K6, STM32H7S3I8T6, STM32H7S3L8H6, STM32H7S3L8H6H, STM32H7S3R8V6, STM32H7S3V8H6, STM32H7S3V8T6, STM32H7S3V8Y6TR, STM32H7S3Z8J6, STM32H7S3Z8T6, STM32H7S78-DK, STM32H7S7A8I6, STM32H7S7I8K6, STM32H7S7I8T6, STM32H7S7L8H6, STM32H7S7L8H6H, STM32H7S7Z8J6, STM32L4R5QGI6STR, STM32MP131AAE3, STM32MP131AAF3, STM32MP131AAG3, STM32MP131CAE3, STM32MP131CAF3, STM32MP131CAG3, STM32MP131DAE7, STM32MP131DAF7, STM32MP131DAG7, STM32MP131FAE7, STM32MP131FAF7, STM32MP131FAG7, STM32MP133AAE3, STM32MP133AAF3, STM32MP133AAG3, STM32MP133CAE3, STM32MP133CAF3, STM32MP133CAG3, STM32MP133DAE7, STM32MP133DAF7, STM32MP133DAG7, STM32MP133FAE7, STM32MP133FAF7, STM32MP133FAG7, STM32MP135AAE3, STM32MP135AAF3, STM32MP135AAG3, STM32MP135CAE3, STM32MP135CAF3, STM32MP135CAG3, STM32MP135DAE7, STM32MP135DAF7, STM32MP135DAG7, STM32MP135F-DK, STM32MP135FAE7, STM32MP135FAF7, STM32MP135FAF7T, STM32MP135FAF7U, STM32MP135FAG7, STM32MP231AAJ3, STM32MP231AAK3, STM32MP231AAL3, STM32MP231CAJ3, STM32MP231CAK3, STM32MP231CAL3, STM32MP231DAJ3, STM32MP231DAK3, STM32MP231DAL3, STM32MP231FAJ3, STM32MP231FAK3, STM32MP231FAL3, STM32MP233AAJ3, STM32MP233AAK3, STM32MP233AAL3, STM32MP233CAJ3, STM32MP233CAK3, STM32MP233CAL3, STM32MP233DAJ3, STM32MP233DAK3, STM32MP233DAL3, STM32MP233FAJ3, STM32MP233FAK3, STM32MP233FAL3, STM32MP235AAJ3, STM32MP235AAK3, STM32MP235AAL3, STM32MP235CAJ3, STM32MP235CAK3, STM32MP235CAL3, STM32MP235DAJ3, STM32MP235DAK3, STM32MP235DAL3, STM32MP235FAJ3, STM32MP235FAK3, STM32MP235FAL3, STM32MP251AAI3, STM32MP251AAJ3, STM32MP251AAK3, STM32MP251AAL3, STM32MP251CAI3, STM32MP251CAJ3, STM32MP251CAK3, STM32MP251CAL3, STM32MP251DAI3, STM32MP251DAJ3, STM32MP251DAK3, STM32MP251DAL3, STM32MP251FAI3, STM32MP251FAJ3, STM32MP251FAK3, STM32MP251FAL3, STM32MP253AAI3, STM32MP253AAJ3, STM32MP253AAK3, STM32MP253AAL3, STM32MP253CAI3, STM32MP253CAJ3, STM32MP253CAK3, STM32MP253CAL3, STM32MP253DAI3, STM32MP253DAJ3, STM32MP253DAK3, STM32MP253DAL3, STM32MP253FAI3, STM32MP253FAJ3, STM32MP253FAK3, STM32MP253FAL3, STM32MP255AAI3, STM32MP255AAJ3, STM32MP255AAK3, STM32MP255AAL3, STM32MP255CAI3, STM32MP255CAJ3, STM32MP255CAK3, STM32MP255CAL3, STM32MP255DAI3, STM32MP255DAJ3, STM32MP255DAK3, STM32MP255DAL3, STM32MP255FAI3, STM32MP255FAJ3, STM32MP255FAK3, STM32MP255FAL3, STM32MP257AAI3, STM32MP257AAJ3, STM32MP257AAK3, STM32MP257AAL3, STM32MP257CAI3, STM32MP257CAJ3, STM32MP257CAK3, STM32MP257CAL3, STM32MP257DAI3, STM32MP257DAJ3, STM32MP257DAK3, STM32MP257DAL3, STM32MP257F-DK, STM32MP257F-EV1, STM32MP257FAI3, STM32MP257FAJ3, STM32MP257FAK3, STM32MP257FAL3, STM32N645A0H3Q, STM32N645B0H3Q, STM32N645I0H3Q, STM32N645L0H3Q, STM32N645X0H3Q, STM32N645Z0H3Q, STM32N647A0H3Q, STM32N647B0H3Q, STM32N647I0H3Q, STM32N647L0H3Q, STM32N647X0H3Q, STM32N647Z0H3Q, STM32N655A0H3Q, STM32N655B0H3Q, STM32N655I0H3Q, STM32N655L0H3Q, STM32N655X0H3Q, STM32N655Z0H3Q, STM32N6570-DK, STM32N657A0H3Q, STM32N657B0H3Q, STM32N657I0H3Q, STM32N657L0H3Q, STM32N657X0H3Q, STM32N657Z0H3Q, STM32U031C6T6, STM32U031C6U6, STM32U031C8T6, STM32U031C8U6, STM32U031F4P6, STM32U031F6P6, STM32U031F8P6, STM32U031G6Y6TR, STM32U031G8Y6TR, STM32U031K4U6, STM32U031K6U6, STM32U031K8U6, STM32U031R6I6, STM32U031R6T6, STM32U031R8I6, STM32U031R8T6, STM32U073C8T6, STM32U073C8U6, STM32U073CBT6, STM32U073CBU6, STM32U073CCT6, STM32U073CCU6, STM32U073H8Y6TR, STM32U073HBY6TR, STM32U073HCY6TR, STM32U073K8U6, STM32U073KBU6, STM32U073KCU6, STM32U073M8I6, STM32U073M8T6, STM32U073MBI6, STM32U073MBT6, STM32U073MCI6, STM32U073MCT6, STM32U073R8I6, STM32U073R8T6, STM32U073RBI6, STM32U073RBT6, STM32U073RCI6, STM32U073RCT6, STM32U083C-DK, STM32U083CCT6, STM32U083CCU6, STM32U083HCY6TR, STM32U083KCU6, STM32U083MCI6, STM32U083MCT6, STM32U083RCI6, STM32U083RCT6, STM32U375CET6, STM32U375CET6Q, STM32U375CEU6, STM32U375CEU6Q, STM32U375CEY6QTR, STM32U375CGT6, STM32U375CGT6Q, STM32U375CGU6, STM32U375CGU6Q, STM32U375CGY6QTR, STM32U375KEU6, STM32U375KGU6, STM32U375REI6, STM32U375REI6Q, STM32U375RET6, STM32U375RET6Q, STM32U375REY6GTR, STM32U375REY6QTR, STM32U375RGI6, STM32U375RGI6Q, STM32U375RGT6, STM32U375RGT6Q, STM32U375RGY6GTR, STM32U375RGY6QTR, STM32U375VEI6, STM32U375VEI6Q, STM32U375VET6, STM32U375VET6Q, STM32U375VGI6, STM32U375VGI6Q, STM32U375VGT6, STM32U375VGT6Q, STM32U385CGT6, STM32U385CGT6Q, STM32U385CGU6, STM32U385CGU6Q, STM32U385CGY6QTR, STM32U385KGU6, STM32U385RGI6, STM32U385RGI6Q, STM32U385RGT6, STM32U385RGT6Q, STM32U385RGY6GTR, STM32U385RGY6QTR, STM32U385VGI6, STM32U385VGI6Q, STM32U385VGT6, STM32U385VGT6Q, STM32U535CBT6, STM32U535CBT6Q, STM32U535CBU6, STM32U535CBU6Q, STM32U535CCT6, STM32U535CCT6Q, STM32U535CCU6, STM32U535CCU6Q, STM32U535CET6, STM32U535CET6Q, STM32U535CEU6, STM32U535CEU6Q, STM32U535JEY6QTR, STM32U535NCY6QTR, STM32U535NEY6QTR, STM32U535RBI6, STM32U535RBI6Q, STM32U535RBT6, STM32U535RBT6Q, STM32U535RCI6, STM32U535RCI6Q, STM32U535RCT6, STM32U535RCT6Q, STM32U535REI6, STM32U535REI6Q, STM32U535RET6, STM32U535RET6Q, STM32U535VCI6, STM32U535VCI6Q, STM32U535VCT6, STM32U535VCT6Q, STM32U535VEI6, STM32U535VEI6Q, STM32U535VET6, STM32U535VET6Q, STM32U545CET6, STM32U545CET6Q, STM32U545CEU6, STM32U545CEU6Q, STM32U545JEY6QTR, STM32U545NEY6QTR, STM32U545REI6, STM32U545REI6Q, STM32U545RET6, STM32U545RET6Q, STM32U545VEI6, STM32U545VEI6Q, STM32U545VET6, STM32U545VET6Q, STM32U595AIH6, STM32U595AIH6Q, STM32U595AJH6, STM32U595AJH6Q, STM32U595QII6, STM32U595QII6Q, STM32U595QJI6, STM32U595QJI6Q, STM32U595RIT6, STM32U595RIT6Q, STM32U595RJT6, STM32U595RJT6Q, STM32U595VIT6, STM32U595VIT6Q, STM32U595VJT6, STM32U595VJT6Q, STM32U595ZIT6, STM32U595ZIT6Q, STM32U595ZIY6QTR, STM32U595ZJT6, STM32U595ZJT6Q, STM32U595ZJY6QTR, STM32U599BJY6QTR, STM32U599NIH6Q, STM32U599NJH6Q, STM32U599VIT6Q, STM32U599VJT6, STM32U599VJT6Q, STM32U599ZIT6Q, STM32U599ZIY6QTR, STM32U599ZJT6Q, STM32U599ZJY6QTR, STM32U5A5AJH6, STM32U5A5AJH6Q, STM32U5A5QII3Q , STM32U5A5QJI6, STM32U5A5QJI6Q, STM32U5A5RJT6, STM32U5A5RJT6Q, STM32U5A5VJT6, STM32U5A5VJT6Q, STM32U5A5ZJT6, STM32U5A5ZJT6Q, STM32U5A5ZJY6QTR, STM32U5A9BJY6QTR, STM32U5A9J-DK, STM32U5A9NJH6Q, STM32U5A9VJT6Q, STM32U5A9ZJT6Q, STM32U5A9ZJY6QTR, STM32U5F7VIT6, STM32U5F7VIT6Q, STM32U5F7VJT6, STM32U5F7VJT6Q, STM32U5F9BJY6QTR, STM32U5F9NJH6Q, STM32U5F9VIT6Q, STM32U5F9VJT6Q, STM32U5F9ZIJ6QTR, STM32U5F9ZIT6Q, STM32U5F9ZJJ6QTR, STM32U5F9ZJT6Q, STM32U5G7VJT6, STM32U5G7VJT6Q, STM32U5G9BJY6QTR, STM32U5G9J-DK1, STM32U5G9J-DK2, STM32U5G9NJH6Q, STM32U5G9VJT6Q, STM32U5G9ZJJ6QTR, STM32U5G9ZJT6Q, STM32WB05KZV6TR, STM32WB05KZV7TR, STM32WB05TZF6TR, STM32WB05TZF7TR, STM32WB06CCF6TR, STM32WB06CCF7TR, STM32WB06CCV6TR, STM32WB06CCV7TR, STM32WB06KCV6TR, STM32WB06KCV7TR, STM32WB07CCF6TR, STM32WB07CCF7TR, STM32WB07CCV6TR, STM32WB07CCV7TR, STM32WB07KCV6TR, STM32WB07KCV7TR, STM32WB09KEV6TR, STM32WB09KEV7TR, STM32WB09TEF6TR, STM32WB09TEF7TR, STM32WB1MMCH6, STM32WBA50KGU6, STM32WBA50KGU6TR, STM32WBA52CEU6, STM32WBA52CEU6TR, STM32WBA52CEU7, STM32WBA52CEU7TR, STM32WBA52CGU6, STM32WBA52CGU6TR, STM32WBA52CGU6U, STM32WBA52CGU7, STM32WBA52CGU7TR, STM32WBA52KEU6, STM32WBA52KEU6TR, STM32WBA52KGU6, STM32WBA52KGU6TR, STM32WBA54CEU6, STM32WBA54CEU6TR, STM32WBA54CEU7, STM32WBA54CEU7TR, STM32WBA54CGU6, STM32WBA54CGU6TR, STM32WBA54CGU7, STM32WBA54CGU7TR, STM32WBA54KEU6, STM32WBA54KEU6TR, STM32WBA54KEU7, STM32WBA54KEU7TR, STM32WBA54KGU6, STM32WBA54KGU6TR, STM32WBA54KGU7, STM32WBA54KGU7TR, STM32WBA55CEU6, STM32WBA55CEU6TR, STM32WBA55CEU7, STM32WBA55CEU7TR, STM32WBA55CGU6, STM32WBA55CGU6TR, STM32WBA55CGU6U, STM32WBA55CGU7, STM32WBA55CGU7TR, STM32WBA55G-DK1, STM32WBA55HEF6, STM32WBA55HEF7, STM32WBA55HGF6, STM32WBA55HGF7, STM32WBA55UEI6, STM32WBA55UEI6TR, STM32WBA55UEI7, STM32WBA55UEI7TR, STM32WBA55UGI6, STM32WBA55UGI6TR, STM32WBA55UGI7, STM32WBA55UGI7TR, STM32WBA5MJGH6TR, STM32WBA5MJGH6U, STM32WL33C8V6, STM32WL33C8V6TR, STM32WL33C8V7, STM32WL33C8V7TR, STM32WL33CBV6, STM32WL33CBV6TR, STM32WL33CBV7, STM32WL33CBV7TR, STM32WL33CCV6, STM32WL33CCV6TR, STM32WL33CCV7, STM32WL33CCV7A, STM32WL33CCV7ATR, STM32WL33CCV7TR, STM32WL33K8V6, STM32WL33K8V6TR, STM32WL33K8V7, STM32WL33K8V7TR, STM32WL33KBV6, STM32WL33KBV6TR, STM32WL33KBV7, STM32WL33KBV7TR, STM32WL33KCV6, STM32WL33KCV6TR, STM32WL33KCV7, STM32WL33KCV7TR, STM32WL5MOCH6, STM32WL5MOCH6TR]
2024-12-17 15:46:25,594 [INFO] BoardInfo:889 - No configuration file found for board P-NUCLEO-WB55
2024-12-17 15:46:25,595 [INFO] DbBoards:161 - Kit is not supported: P-NUCLEO-WB55
2024-12-17 15:46:25,600 [INFO] BoardInfo:889 - No configuration file found for board STEVAL-BFA001V1B
2024-12-17 15:46:25,601 [INFO] DbBoards:161 - Kit is not supported: STEVAL-BFA001V1B
2024-12-17 15:46:25,601 [INFO] BoardInfo:889 - No configuration file found for board STEVAL-BFA001V2B
2024-12-17 15:46:25,602 [INFO] DbBoards:161 - Kit is not supported: STEVAL-BFA001V2B
2024-12-17 15:46:25,741 [INFO] DbBoards:168 - Found 209 boards, 206 are supported
2024-12-17 15:46:25,741 [INFO] DbBoards:169 - Found 209 boards, 42 of them is supported for  Bsp
2024-12-17 15:46:25,744 [INFO] ApiDb:668 - CubeFinder database Data Model version=2.1
2024-12-17 15:46:25,744 [INFO] ApiDb:669 - CubeFinder database Configuration version=3.0.39
2024-12-17 15:46:25,744 [INFO] ApiDb:670 - CubeFinder database generation date=2024-11-21 (1732182206)
2024-12-17 15:46:25,744 [INFO] ApiDb:671 - CubeFinder database FW Pack versions=[FP-ATR-ASTRA1_V2.0.0, FP-SNS-FLIGHT1_V5.0.2, FP-SNS-MOTENV1_V5.0.0, FP-SNS-MOTENVWB1_V1.4.0, FP-SNS-SMARTAG2_V1.2.0, FP-SNS-STBOX1_V2.0.0, STM32Cube_FW_C0_V1.3.0, STM32Cube_FW_F4_V1.28.1, STM32Cube_FW_F7_V1.17.2, STM32Cube_FW_G0_V1.6.2, STM32Cube_FW_G4_V1.6.1, STM32Cube_FW_H5_V1.4.0, STM32Cube_FW_H7RS_V1.1.0, STM32Cube_FW_H7_V1.12.0, STM32Cube_FW_L0_V1.12.2, STM32Cube_FW_L4_V1.18.1, STM32Cube_FW_L5_V1.5.1, STM32Cube_FW_N6_V1.0.0, STM32Cube_FW_U0_V1.2.0, STM32Cube_FW_U3_V1.0.0, STM32Cube_FW_U5_V1.7.0, STM32Cube_FW_WB0_V1.1.0, STM32Cube_FW_WBA_V1.5.0, STM32Cube_FW_WB_V1.21.0, STM32Cube_FW_WL3_V1.0.0, STM32Cube_FW_WL_V1.3.0, X-CUBE-ALGOBUILD_V1.4.0, X-CUBE-ALS_V1.0.2, X-CUBE-AZRTOS-F4_V1.1.0, X-CUBE-AZRTOS-F7_V1.1.0, X-CUBE-AZRTOS-G0_V1.1.0, X-CUBE-AZRTOS-G4_V2.0.0, X-CUBE-AZRTOS-H7RS_V1.0.0, X-CUBE-AZRTOS-H7_V3.3.0, X-CUBE-AZRTOS-L4_V2.0.0, X-CUBE-AZRTOS-L5_V2.0.0, X-CUBE-AZRTOS-WB_V2.0.0, X-CUBE-AZRTOS-WL_V2.0.0, X-CUBE-BLE1_V7.0.0, X-CUBE-BLE2_V3.3.0, X-CUBE-BLEMGR_V3.1.0, X-CUBE-EEPRMA1_V5.1.0, X-CUBE-FREERTOS_V1.2.0, X-CUBE-GNSS1_V6.0.0, X-CUBE-MEMS1_V11.0.0, X-CUBE-NFC4_V3.0.0, X-CUBE-NFC7_V1.0.1, X-CUBE-SFXS2LP1_V4.0.0, X-CUBE-SUBG2_V5.0.0, X-CUBE-TOF1_V3.4.2]
2024-12-17 15:46:26,274 [ERROR] LogOutputStream:75 - [STDERR_REDIRECT] [Fatal Error] :1:1: Premature end of file.
2024-12-17 15:46:26,274 [ERROR] LogOutputStream:75 - [STDERR_REDIRECT] 
2024-12-17 15:46:27,148 [INFO] ApiDb:240 - Found 858 in-development CPN: [B-G473E-ZEST1S, B-WB1M-WPAN1, B-WBA5M-WPAN, B-WL5M-SUBG1, NUCLEO-C031C6, NUCLEO-C051C8, NUCLEO-C071RB, NUCLEO-C092RC, NUCLEO-H503RB, NUCLEO-H533RE, NUCLEO-H563ZI, NUCLEO-H7S3L8, NUCLEO-N657X0-Q, NUCLEO-U031R8, NUCLEO-U083RC, NUCLEO-U385RG-Q, NUCLEO-U545RE-Q, NUCLEO-U5A5ZJ-Q, NUCLEO-WB05KZ, NUCLEO-WB07CC, NUCLEO-WB09KE, NUCLEO-WBA52CG, NUCLEO-WBA55CG, NUCLEO-WL33CC1, NUCLEO-WL33CC2, STEVAL-PROTEUS1, STEVAL-SMARTAG2, STEVAL-STWINBX1, STM320518-EVAL, STM32C0116-DK, STM32C011D6Y3TR, STM32C011D6Y6TR, STM32C011F4P3, STM32C011F4P6, STM32C011F4U3, STM32C011F4U6TR, STM32C011F6P3, STM32C011F6P6, STM32C011F6U3, STM32C011F6U6TR, STM32C011J4M3, STM32C011J4M6, STM32C011J6M3, STM32C011J6M6, STM32C0316-DK, STM32C031C4T3, STM32C031C4T6, STM32C031C4U3, STM32C031C4U6, STM32C031C6T3, STM32C031C6T6, STM32C031C6U3, STM32C031C6U6, STM32C031F4P3, STM32C031F4P6, STM32C031F6P3, STM32C031F6P6, STM32C031G4U3, STM32C031G4U6, STM32C031G6U3, STM32C031G6U6, STM32C031K4T3, STM32C031K4T6, STM32C031K4U3, STM32C031K4U6, STM32C031K6T3, STM32C031K6T6, STM32C031K6U3, STM32C031K6U6, STM32C051C6T6, STM32C051C6U6, STM32C051C8T6, STM32C051C8U6, STM32C051D8Y6TR, STM32C051F6P6, STM32C051F8P6, STM32C051G6U6, STM32C051G8U6, STM32C051K6T6, STM32C051K6U6, STM32C051K8T6, STM32C071C8T6, STM32C071C8T6N, STM32C071C8U6, STM32C071C8U6N, STM32C071CBT6, STM32C071CBT6N, STM32C071CBU6, STM32C071CBU6N, STM32C071F8P6, STM32C071F8P6N, STM32C071FBP6, STM32C071FBP6N, STM32C071FBY6TR, STM32C071G8U6, STM32C071G8U6N, STM32C071GBU6, STM32C071GBU6N, STM32C071K8T6, STM32C071K8T6N, STM32C071K8U6, STM32C071K8U6N, STM32C071KBT6, STM32C071KBT6N, STM32C071KBU6, STM32C071KBU6N, STM32C071R8T6, STM32C071R8T6N, STM32C071RBI6N, STM32C071RBT6, STM32C071RBT6N, STM32C091CBT6, STM32C091CBU6, STM32C091CCT6, STM32C091CCU6, STM32C091ECY6TR, STM32C091FBP6, STM32C091FCP6, STM32C091GBU6, STM32C091GCU6, STM32C091KBT6, STM32C091KBU6, STM32C091KCT6, STM32C091KCU6, STM32C091RBT6, STM32C091RCI6, STM32C091RCT6, STM32C092CBT6, STM32C092CBU6, STM32C092CCT6, STM32C092CCU6, STM32C092ECY6TR, STM32C092FBP6, STM32C092FCP6, STM32C092GBU6, STM32C092GCU6, STM32C092KBT6, STM32C092KBU6, STM32C092KCT6, STM32C092KCU6, STM32C092RBT6, STM32C092RCI6, STM32C092RCT6, STM32G071K8TXN, STM32G071K8UXN, STM32G081GBU6N, STM32G081KBT6N, STM32G081KBUXN, STM32G0B1CCT6N, STM32G0B1KCT6, STM32G0B1NEY6TR, STM32G0B1RCT6N, STM32G0C1CCT6, STM32G0C1CCT6N, STM32G0C1CCU6N, STM32G0C1CET6N, STM32G0C1CEU6N, STM32G0C1KCT6, STM32G0C1NEY6TR, STM32G0C1RCI6N, STM32G0C1RCT6N, STM32G0C1REI6N, STM32G0C1RET6N, STM32G0C1VCI6, STM32G0C1VEI6, STM32G411C6T3, STM32G411C6T6, STM32G411C6U3, STM32G411C6U6, STM32G411C8T3, STM32G411C8T6, STM32G411C8U3, STM32G411C8U6, STM32G411CBT3, STM32G411CBT6, STM32G411CBU3, STM32G411CBU6, STM32G411CCT3, STM32G411CCT6, STM32G411CCU3, STM32G411CCU6, STM32G411K6T3, STM32G411K6T6, STM32G411K6U3, STM32G411K6U6, STM32G411K8T3, STM32G411K8T6, STM32G411K8U3, STM32G411K8U6, STM32G411KBT3, STM32G411KBT6, STM32G411KBU3, STM32G411KBU6, STM32G411M6T3, STM32G411M6T6, STM32G411M8T3, STM32G411M8T6, STM32G411MBT3, STM32G411MBT6, STM32G411MCT3, STM32G411MCT6, STM32G411R6T3, STM32G411R6T6, STM32G411R8T3, STM32G411R8T6, STM32G411RBT3, STM32G411RBT6, STM32G411RCT3, STM32G411RCT6, STM32G414CBT3, STM32G414CBT6, STM32G414CBU3, STM32G414CBU6, STM32G414CCT3, STM32G414CCT6, STM32G414CCU3, STM32G414CCU6, STM32G414MBT3, STM32G414MBT6, STM32G414MCT3, STM32G414MCT6, STM32G414RBT3, STM32G414RBT6, STM32G414RCT3, STM32G414RCT6, STM32G414VBT3, STM32G414VBT6, STM32G414VCT3, STM32G414VCT6, STM32G431CBT3Z, STM32G431RBT3Z, STM32G471CCT6, STM32G471CCU6, STM32G471CET3, STM32G471CET6, STM32G471CEU3, STM32G471CEU6, STM32G471MCT6, STM32G471MET3, STM32G471MET6, STM32G471MEY6TR, STM32G471QCT6, STM32G471QET3, STM32G471RCT6, STM32G471RET3, STM32G471RET6, STM32G471VCH6, STM32G471VCI6, STM32G471VCT6, STM32G471VEH3, STM32G471VEH6, STM32G471VEI3, STM32G471VEI6, STM32G471VET3, STM32G471VET6, STM32G473QET3Z, STM32G473RET3Z, STM32G474CCT6, STM32G491RET3Z, STM32H503CBT6, STM32H503CBU6, STM32H503EBY6TR, STM32H503KBU6, STM32H503RBT6, STM32H523CCT6, STM32H523CCU6, STM32H523CET6, STM32H523CEU6, STM32H523HEY6TR, STM32H523RCT6, STM32H523RET6, STM32H523VCI6, STM32H523VCT6, STM32H523VEI6, STM32H523VET6, STM32H523ZCJ6, STM32H523ZCT6, STM32H523ZEJ6, STM32H523ZET6, STM32H533CET6, STM32H533CEU6, STM32H533HEY6TR, STM32H533RET6, STM32H533VEI6, STM32H533VET6, STM32H533ZEJ6, STM32H533ZET6, STM32H562AGI6, STM32H562AII6, STM32H562IGK6, STM32H562IGT6, STM32H562IIK6, STM32H562IIT6, STM32H562RGT6, STM32H562RGV6, STM32H562RIT6, STM32H562RIV6, STM32H562VGT6, STM32H562VIT6, STM32H562ZGT6, STM32H562ZIT6, STM32H563AGI6, STM32H563AII3Q, STM32H563AII6, STM32H563IGK6, STM32H563IGT6, STM32H563IIK3Q, STM32H563IIK6, STM32H563IIT3Q, STM32H563IIT6, STM32H563MIY3QTR, STM32H563RGT6, STM32H563RGV6, STM32H563RIT6, STM32H563RIV6, STM32H563VGT6, STM32H563VIT3Q, STM32H563VIT6, STM32H563ZGT6, STM32H563ZIT3Q, STM32H563ZIT6, STM32H573AII3Q, STM32H573AII6, STM32H573I-DK, STM32H573IIK3Q, STM32H573IIK6, STM32H573IIT3Q, STM32H573IIT6, STM32H573MIY3QTR, STM32H573RIT6, STM32H573RIV6, STM32H573VIT3Q, STM32H573VIT6, STM32H573ZIT3Q, STM32H573ZIT6, STM32H7R3A8I6, STM32H7R3I8K6, STM32H7R3I8T6, STM32H7R3L8H6, STM32H7R3L8H6H, STM32H7R3R8V6, STM32H7R3V8H6, STM32H7R3V8T6, STM32H7R3V8Y6TR, STM32H7R3Z8J6, STM32H7R3Z8T6, STM32H7R7A8I6, STM32H7R7I8K6, STM32H7R7I8T6, STM32H7R7L8H6, STM32H7R7L8H6H, STM32H7R7Z8J6, STM32H7S3A8I6, STM32H7S3I8K6, STM32H7S3I8T6, STM32H7S3L8H6, STM32H7S3L8H6H, STM32H7S3R8V6, STM32H7S3V8H6, STM32H7S3V8T6, STM32H7S3V8Y6TR, STM32H7S3Z8J6, STM32H7S3Z8T6, STM32H7S78-DK, STM32H7S7A8I6, STM32H7S7I8K6, STM32H7S7I8T6, STM32H7S7L8H6, STM32H7S7L8H6H, STM32H7S7Z8J6, STM32L4R5QGI6STR, STM32MP131AAE3, STM32MP131AAF3, STM32MP131AAG3, STM32MP131CAE3, STM32MP131CAF3, STM32MP131CAG3, STM32MP131DAE7, STM32MP131DAF7, STM32MP131DAG7, STM32MP131FAE7, STM32MP131FAF7, STM32MP131FAG7, STM32MP133AAE3, STM32MP133AAF3, STM32MP133AAG3, STM32MP133CAE3, STM32MP133CAF3, STM32MP133CAG3, STM32MP133DAE7, STM32MP133DAF7, STM32MP133DAG7, STM32MP133FAE7, STM32MP133FAF7, STM32MP133FAG7, STM32MP135AAE3, STM32MP135AAF3, STM32MP135AAG3, STM32MP135CAE3, STM32MP135CAF3, STM32MP135CAG3, STM32MP135DAE7, STM32MP135DAF7, STM32MP135DAG7, STM32MP135F-DK, STM32MP135FAE7, STM32MP135FAF7, STM32MP135FAF7T, STM32MP135FAF7U, STM32MP135FAG7, STM32MP231AAJ3, STM32MP231AAK3, STM32MP231AAL3, STM32MP231CAJ3, STM32MP231CAK3, STM32MP231CAL3, STM32MP231DAJ3, STM32MP231DAK3, STM32MP231DAL3, STM32MP231FAJ3, STM32MP231FAK3, STM32MP231FAL3, STM32MP233AAJ3, STM32MP233AAK3, STM32MP233AAL3, STM32MP233CAJ3, STM32MP233CAK3, STM32MP233CAL3, STM32MP233DAJ3, STM32MP233DAK3, STM32MP233DAL3, STM32MP233FAJ3, STM32MP233FAK3, STM32MP233FAL3, STM32MP235AAJ3, STM32MP235AAK3, STM32MP235AAL3, STM32MP235CAJ3, STM32MP235CAK3, STM32MP235CAL3, STM32MP235DAJ3, STM32MP235DAK3, STM32MP235DAL3, STM32MP235FAJ3, STM32MP235FAK3, STM32MP235FAL3, STM32MP251AAI3, STM32MP251AAJ3, STM32MP251AAK3, STM32MP251AAL3, STM32MP251CAI3, STM32MP251CAJ3, STM32MP251CAK3, STM32MP251CAL3, STM32MP251DAI3, STM32MP251DAJ3, STM32MP251DAK3, STM32MP251DAL3, STM32MP251FAI3, STM32MP251FAJ3, STM32MP251FAK3, STM32MP251FAL3, STM32MP253AAI3, STM32MP253AAJ3, STM32MP253AAK3, STM32MP253AAL3, STM32MP253CAI3, STM32MP253CAJ3, STM32MP253CAK3, STM32MP253CAL3, STM32MP253DAI3, STM32MP253DAJ3, STM32MP253DAK3, STM32MP253DAL3, STM32MP253FAI3, STM32MP253FAJ3, STM32MP253FAK3, STM32MP253FAL3, STM32MP255AAI3, STM32MP255AAJ3, STM32MP255AAK3, STM32MP255AAL3, STM32MP255CAI3, STM32MP255CAJ3, STM32MP255CAK3, STM32MP255CAL3, STM32MP255DAI3, STM32MP255DAJ3, STM32MP255DAK3, STM32MP255DAL3, STM32MP255FAI3, STM32MP255FAJ3, STM32MP255FAK3, STM32MP255FAL3, STM32MP257AAI3, STM32MP257AAJ3, STM32MP257AAK3, STM32MP257AAL3, STM32MP257CAI3, STM32MP257CAJ3, STM32MP257CAK3, STM32MP257CAL3, STM32MP257DAI3, STM32MP257DAJ3, STM32MP257DAK3, STM32MP257DAL3, STM32MP257F-DK, STM32MP257F-EV1, STM32MP257FAI3, STM32MP257FAJ3, STM32MP257FAK3, STM32MP257FAL3, STM32N645A0H3Q, STM32N645B0H3Q, STM32N645I0H3Q, STM32N645L0H3Q, STM32N645X0H3Q, STM32N645Z0H3Q, STM32N647A0H3Q, STM32N647B0H3Q, STM32N647I0H3Q, STM32N647L0H3Q, STM32N647X0H3Q, STM32N647Z0H3Q, STM32N655A0H3Q, STM32N655B0H3Q, STM32N655I0H3Q, STM32N655L0H3Q, STM32N655X0H3Q, STM32N655Z0H3Q, STM32N6570-DK, STM32N657A0H3Q, STM32N657B0H3Q, STM32N657I0H3Q, STM32N657L0H3Q, STM32N657X0H3Q, STM32N657Z0H3Q, STM32U031C6T6, STM32U031C6U6, STM32U031C8T6, STM32U031C8U6, STM32U031F4P6, STM32U031F6P6, STM32U031F8P6, STM32U031G6Y6TR, STM32U031G8Y6TR, STM32U031K4U6, STM32U031K6U6, STM32U031K8U6, STM32U031R6I6, STM32U031R6T6, STM32U031R8I6, STM32U031R8T6, STM32U073C8T6, STM32U073C8U6, STM32U073CBT6, STM32U073CBU6, STM32U073CCT6, STM32U073CCU6, STM32U073H8Y6TR, STM32U073HBY6TR, STM32U073HCY6TR, STM32U073K8U6, STM32U073KBU6, STM32U073KCU6, STM32U073M8I6, STM32U073M8T6, STM32U073MBI6, STM32U073MBT6, STM32U073MCI6, STM32U073MCT6, STM32U073R8I6, STM32U073R8T6, STM32U073RBI6, STM32U073RBT6, STM32U073RCI6, STM32U073RCT6, STM32U083C-DK, STM32U083CCT6, STM32U083CCU6, STM32U083HCY6TR, STM32U083KCU6, STM32U083MCI6, STM32U083MCT6, STM32U083RCI6, STM32U083RCT6, STM32U375CET6, STM32U375CET6Q, STM32U375CEU6, STM32U375CEU6Q, STM32U375CEY6QTR, STM32U375CGT6, STM32U375CGT6Q, STM32U375CGU6, STM32U375CGU6Q, STM32U375CGY6QTR, STM32U375KEU6, STM32U375KGU6, STM32U375REI6, STM32U375REI6Q, STM32U375RET6, STM32U375RET6Q, STM32U375REY6GTR, STM32U375REY6QTR, STM32U375RGI6, STM32U375RGI6Q, STM32U375RGT6, STM32U375RGT6Q, STM32U375RGY6GTR, STM32U375RGY6QTR, STM32U375VEI6, STM32U375VEI6Q, STM32U375VET6, STM32U375VET6Q, STM32U375VGI6, STM32U375VGI6Q, STM32U375VGT6, STM32U375VGT6Q, STM32U385CGT6, STM32U385CGT6Q, STM32U385CGU6, STM32U385CGU6Q, STM32U385CGY6QTR, STM32U385KGU6, STM32U385RGI6, STM32U385RGI6Q, STM32U385RGT6, STM32U385RGT6Q, STM32U385RGY6GTR, STM32U385RGY6QTR, STM32U385VGI6, STM32U385VGI6Q, STM32U385VGT6, STM32U385VGT6Q, STM32U535CBT6, STM32U535CBT6Q, STM32U535CBU6, STM32U535CBU6Q, STM32U535CCT6, STM32U535CCT6Q, STM32U535CCU6, STM32U535CCU6Q, STM32U535CET6, STM32U535CET6Q, STM32U535CEU6, STM32U535CEU6Q, STM32U535JEY6QTR, STM32U535NCY6QTR, STM32U535NEY6QTR, STM32U535RBI6, STM32U535RBI6Q, STM32U535RBT6, STM32U535RBT6Q, STM32U535RCI6, STM32U535RCI6Q, STM32U535RCT6, STM32U535RCT6Q, STM32U535REI6, STM32U535REI6Q, STM32U535RET6, STM32U535RET6Q, STM32U535VCI6, STM32U535VCI6Q, STM32U535VCT6, STM32U535VCT6Q, STM32U535VEI6, STM32U535VEI6Q, STM32U535VET6, STM32U535VET6Q, STM32U545CET6, STM32U545CET6Q, STM32U545CEU6, STM32U545CEU6Q, STM32U545JEY6QTR, STM32U545NEY6QTR, STM32U545REI6, STM32U545REI6Q, STM32U545RET6, STM32U545RET6Q, STM32U545VEI6, STM32U545VEI6Q, STM32U545VET6, STM32U545VET6Q, STM32U595AIH6, STM32U595AIH6Q, STM32U595AJH6, STM32U595AJH6Q, STM32U595QII6, STM32U595QII6Q, STM32U595QJI6, STM32U595QJI6Q, STM32U595RIT6, STM32U595RIT6Q, STM32U595RJT6, STM32U595RJT6Q, STM32U595VIT6, STM32U595VIT6Q, STM32U595VJT6, STM32U595VJT6Q, STM32U595ZIT6, STM32U595ZIT6Q, STM32U595ZIY6QTR, STM32U595ZJT6, STM32U595ZJT6Q, STM32U595ZJY6QTR, STM32U599BJY6QTR, STM32U599NIH6Q, STM32U599NJH6Q, STM32U599VIT6Q, STM32U599VJT6, STM32U599VJT6Q, STM32U599ZIT6Q, STM32U599ZIY6QTR, STM32U599ZJT6Q, STM32U599ZJY6QTR, STM32U5A5AJH6, STM32U5A5AJH6Q, STM32U5A5QII3Q , STM32U5A5QJI6, STM32U5A5QJI6Q, STM32U5A5RJT6, STM32U5A5RJT6Q, STM32U5A5VJT6, STM32U5A5VJT6Q, STM32U5A5ZJT6, STM32U5A5ZJT6Q, STM32U5A5ZJY6QTR, STM32U5A9BJY6QTR, STM32U5A9J-DK, STM32U5A9NJH6Q, STM32U5A9VJT6Q, STM32U5A9ZJT6Q, STM32U5A9ZJY6QTR, STM32U5F7VIT6, STM32U5F7VIT6Q, STM32U5F7VJT6, STM32U5F7VJT6Q, STM32U5F9BJY6QTR, STM32U5F9NJH6Q, STM32U5F9VIT6Q, STM32U5F9VJT6Q, STM32U5F9ZIJ6QTR, STM32U5F9ZIT6Q, STM32U5F9ZJJ6QTR, STM32U5F9ZJT6Q, STM32U5G7VJT6, STM32U5G7VJT6Q, STM32U5G9BJY6QTR, STM32U5G9J-DK1, STM32U5G9J-DK2, STM32U5G9NJH6Q, STM32U5G9VJT6Q, STM32U5G9ZJJ6QTR, STM32U5G9ZJT6Q, STM32WB05KZV6TR, STM32WB05KZV7TR, STM32WB05TZF6TR, STM32WB05TZF7TR, STM32WB06CCF6TR, STM32WB06CCF7TR, STM32WB06CCV6TR, STM32WB06CCV7TR, STM32WB06KCV6TR, STM32WB06KCV7TR, STM32WB07CCF6TR, STM32WB07CCF7TR, STM32WB07CCV6TR, STM32WB07CCV7TR, STM32WB07KCV6TR, STM32WB07KCV7TR, STM32WB09KEV6TR, STM32WB09KEV7TR, STM32WB09TEF6TR, STM32WB09TEF7TR, STM32WB1MMCH6, STM32WBA50KGU6, STM32WBA50KGU6TR, STM32WBA52CEU6, STM32WBA52CEU6TR, STM32WBA52CEU7, STM32WBA52CEU7TR, STM32WBA52CGU6, STM32WBA52CGU6TR, STM32WBA52CGU6U, STM32WBA52CGU7, STM32WBA52CGU7TR, STM32WBA52KEU6, STM32WBA52KEU6TR, STM32WBA52KGU6, STM32WBA52KGU6TR, STM32WBA54CEU6, STM32WBA54CEU6TR, STM32WBA54CEU7, STM32WBA54CEU7TR, STM32WBA54CGU6, STM32WBA54CGU6TR, STM32WBA54CGU7, STM32WBA54CGU7TR, STM32WBA54KEU6, STM32WBA54KEU6TR, STM32WBA54KEU7, STM32WBA54KEU7TR, STM32WBA54KGU6, STM32WBA54KGU6TR, STM32WBA54KGU7, STM32WBA54KGU7TR, STM32WBA55CEU6, STM32WBA55CEU6TR, STM32WBA55CEU7, STM32WBA55CEU7TR, STM32WBA55CGU6, STM32WBA55CGU6TR, STM32WBA55CGU6U, STM32WBA55CGU7, STM32WBA55CGU7TR, STM32WBA55G-DK1, STM32WBA55HEF6, STM32WBA55HEF7, STM32WBA55HGF6, STM32WBA55HGF7, STM32WBA55UEI6, STM32WBA55UEI6TR, STM32WBA55UEI7, STM32WBA55UEI7TR, STM32WBA55UGI6, STM32WBA55UGI6TR, STM32WBA55UGI7, STM32WBA55UGI7TR, STM32WBA5MJGH6TR, STM32WBA5MJGH6U, STM32WL33C8V6, STM32WL33C8V6TR, STM32WL33C8V7, STM32WL33C8V7TR, STM32WL33CBV6, STM32WL33CBV6TR, STM32WL33CBV7, STM32WL33CBV7TR, STM32WL33CCV6, STM32WL33CCV6TR, STM32WL33CCV7, STM32WL33CCV7A, STM32WL33CCV7ATR, STM32WL33CCV7TR, STM32WL33K8V6, STM32WL33K8V6TR, STM32WL33K8V7, STM32WL33K8V7TR, STM32WL33KBV6, STM32WL33KBV6TR, STM32WL33KBV7, STM32WL33KBV7TR, STM32WL33KCV6, STM32WL33KCV6TR, STM32WL33KCV7, STM32WL33KCV7TR, STM32WL5MOCH6, STM32WL5MOCH6TR]
2024-12-17 15:46:27,151 [INFO] DbMcus:218 - Found 4542 MCUs, 4542 are supported
2024-12-17 15:46:27,152 [INFO] ApiDb:423 - Load user favorites file C:\Users\o1yus/.stm32cubeide/favorites.mcus.txt: 0 item(s)
2024-12-17 15:46:27,152 [INFO] ApiDb:427 - User favorites MCUs=[]
2024-12-17 15:46:27,152 [INFO] DbMcus:224 - Set 0 / 0 favorites MCUs
2024-12-17 15:46:27,273 [ERROR] LogOutputStream:75 - [STDERR_REDIRECT] [Fatal Error] :1:1: Premature end of file.
2024-12-17 15:46:27,273 [ERROR] LogOutputStream:75 - [STDERR_REDIRECT] 
2024-12-17 15:46:27,416 [INFO] ApiDb:414 - User favorites file not found: C:\Users\o1yus/.stm32cubeide/favorites.boards.txt
2024-12-17 15:46:27,417 [INFO] DbBoards:198 - Set 0 / 0 favorites Boards
2024-12-17 15:46:27,459 [INFO] UtilMem:75 - End LoadConfig() Used Memory: 275333704 Bytes (948961280)
2024-12-17 15:46:27,534 [WARN] ThirdParty:833 - waiting for thirdparty lock release [change project]
2024-12-17 15:46:27,534 [INFO] ThirdParty:835 - entering critical section [change project]
2024-12-17 15:46:27,534 [INFO] ThirdParty:1030 - CMSIS Pack Vendor :STMicroelectronics USBPD 4.1
2024-12-17 15:46:27,535 [INFO] ThirdParty:1030 - CMSIS Pack Vendor :STMicroelectronics X-CUBE-AZRTOS-H7 3.3.0
2024-12-17 15:46:27,535 [INFO] ThirdParty:1030 - CMSIS Pack Vendor :STMicroelectronics X-CUBE-NFC9 1.0.0
2024-12-17 15:46:27,535 [INFO] ThirdParty:1030 - CMSIS Pack Vendor :STMicroelectronics USB_HOST 2.0.0
2024-12-17 15:46:27,535 [INFO] ThirdParty:1030 - CMSIS Pack Vendor :STMicroelectronics FP-SNS-MOTENVWB1 1.4.0
2024-12-17 15:46:27,535 [INFO] ThirdParty:1030 - CMSIS Pack Vendor :STMicroelectronics X-CUBE-AZRTOS-F4 1.1.0
2024-12-17 15:46:27,535 [INFO] ThirdParty:1030 - CMSIS Pack Vendor :STMicroelectronics LIBJPEG 8.0.0
2024-12-17 15:46:27,535 [INFO] ThirdParty:1030 - CMSIS Pack Vendor :STMicroelectronics FP-ATR-ASTRA1 2.0.1
2024-12-17 15:46:27,535 [INFO] ThirdParty:1030 - CMSIS Pack Vendor :STMicroelectronics X-CUBE-SMBUS 2.1.0
2024-12-17 15:46:27,535 [INFO] ThirdParty:1030 - CMSIS Pack Vendor :STMicroelectronics X-CUBE-WB05N 1.1.0
2024-12-17 15:46:27,535 [INFO] ThirdParty:1030 - CMSIS Pack Vendor :STMicroelectronics USB_DEVICE 3.0.0
2024-12-17 15:46:27,535 [INFO] ThirdParty:1030 - CMSIS Pack Vendor :STMicroelectronics X-CUBE-ISPU 2.1.0
2024-12-17 15:46:27,535 [INFO] ThirdParty:1030 - CMSIS Pack Vendor :STMicroelectronics X-CUBE-IPS 3.0.0
2024-12-17 15:46:27,535 [INFO] ThirdParty:1030 - CMSIS Pack Vendor :STMicroelectronics X-CUBE-AZRTOS-WB 2.0.0
2024-12-17 15:46:27,535 [INFO] ThirdParty:1030 - CMSIS Pack Vendor :STMicroelectronics X-CUBE-GNSS1 7.0.0
2024-12-17 15:46:27,535 [INFO] ThirdParty:1030 - CMSIS Pack Vendor :STMicroelectronics X-CUBE-AZRTOS-F7 1.1.0
2024-12-17 15:46:27,535 [INFO] ThirdParty:1030 - CMSIS Pack Vendor :STMicroelectronics X-CUBE-AZRTOS-L5 2.0.0
2024-12-17 15:46:27,535 [INFO] ThirdParty:1030 - CMSIS Pack Vendor :STMicroelectronics USB_DEVICE 2.0.0
2024-12-17 15:46:27,535 [INFO] ThirdParty:1030 - CMSIS Pack Vendor :STMicroelectronics X-CUBE-NFC6 3.1.0
2024-12-17 15:46:27,535 [INFO] ThirdParty:1030 - CMSIS Pack Vendor :STMicroelectronics FP-SNS-STBOX1 2.0.0
2024-12-17 15:46:27,535 [INFO] ThirdParty:1030 - CMSIS Pack Vendor :STMicroelectronics X-CUBE-MEMS1 11.0.0
2024-12-17 15:46:27,535 [INFO] ThirdParty:1030 - CMSIS Pack Vendor :STMicroelectronics FreeRTOS 0.0.1
2024-12-17 15:46:27,535 [INFO] ThirdParty:1030 - CMSIS Pack Vendor :STMicroelectronics X-CUBE-AZRTOS-G0 1.1.0
2024-12-17 15:46:27,535 [INFO] ThirdParty:1030 - CMSIS Pack Vendor :STMicroelectronics X-CUBE-SAFEA1 1.2.2
2024-12-17 15:46:27,535 [INFO] ThirdParty:1030 - CMSIS Pack Vendor :STMicroelectronics X-CUBE-NFC4 3.0.0
2024-12-17 15:46:27,535 [INFO] ThirdParty:1030 - CMSIS Pack Vendor :STMicroelectronics X-CUBE-DPower 1.2.0
2024-12-17 15:46:27,535 [INFO] ThirdParty:1030 - CMSIS Pack Vendor :STMicroelectronics X-CUBE-SUBG2 5.0.0
2024-12-17 15:46:27,535 [INFO] ThirdParty:1030 - CMSIS Pack Vendor :STMicroelectronics STM32_WPAN 1.0.0
2024-12-17 15:46:27,535 [INFO] ThirdParty:1030 - CMSIS Pack Vendor :EmbeddedOffice I-CUBE-FS-RTOS 1.0.1
2024-12-17 15:46:27,535 [INFO] ThirdParty:1030 - CMSIS Pack Vendor :STMicroelectronics lwIP 2.0.3
2024-12-17 15:46:27,535 [INFO] ThirdParty:1030 - CMSIS Pack Vendor :STMicroelectronics FP-SNS-FLIGHT1 5.0.2
2024-12-17 15:46:27,535 [INFO] ThirdParty:1030 - CMSIS Pack Vendor :Cesanta I-CUBE-Mongoose 7.13.0
2024-12-17 15:46:27,535 [INFO] ThirdParty:1030 - CMSIS Pack Vendor :STMicroelectronics USB_HOST 1.0.0
2024-12-17 15:46:27,535 [INFO] ThirdParty:1030 - CMSIS Pack Vendor :Infineon AIROC-Wi-Fi-Bluetooth-STM32 1.7.0
2024-12-17 15:46:27,535 [INFO] ThirdParty:1030 - CMSIS Pack Vendor :STMicroelectronics X-CUBE-AZRTOS-G4 2.0.0
2024-12-17 15:46:27,535 [INFO] ThirdParty:1030 - CMSIS Pack Vendor :STMicroelectronics PDM2PCM 3.1.0
2024-12-17 15:46:27,535 [INFO] ThirdParty:1030 - CMSIS Pack Vendor :STMicroelectronics PDM2PCM 3.3.0
2024-12-17 15:46:27,535 [INFO] ThirdParty:1030 - CMSIS Pack Vendor :STMicroelectronics X-CUBE-DISPLAY 3.0.0
2024-12-17 15:46:27,535 [INFO] ThirdParty:1030 - CMSIS Pack Vendor :STMicroelectronics X-CUBE-TCPP 4.2.0
2024-12-17 15:46:27,535 [INFO] ThirdParty:1030 - CMSIS Pack Vendor :RealThread X-CUBE-RT-Thread_Nano 4.1.1
2024-12-17 15:46:27,535 [INFO] ThirdParty:1030 - CMSIS Pack Vendor :STMicroelectronics X-CUBE-BLE1 7.0.0
2024-12-17 15:46:27,535 [INFO] ThirdParty:1030 - CMSIS Pack Vendor :STMicroelectronics FP-ATR-SIGFOX1 3.2.0
2024-12-17 15:46:27,536 [INFO] ThirdParty:1030 - CMSIS Pack Vendor :STMicroelectronics X-CUBE-NFC10 1.0.0
2024-12-17 15:46:27,536 [INFO] ThirdParty:1030 - CMSIS Pack Vendor :quantropi X-CUBE-qispace-sdk-base 1.9.3
2024-12-17 15:46:27,536 [INFO] ThirdParty:1030 - CMSIS Pack Vendor :STMicroelectronics X-CUBE-BLEMGR 4.0.0
2024-12-17 15:46:27,536 [INFO] ThirdParty:1030 - CMSIS Pack Vendor :STMicroelectronics X-CUBE-EEPRMA1 5.1.0
2024-12-17 15:46:27,536 [INFO] ThirdParty:1030 - CMSIS Pack Vendor :STMicroelectronics HAL Drivers 0.0.0
2024-12-17 15:46:27,536 [INFO] ThirdParty:1030 - CMSIS Pack Vendor :STMicroelectronics MBEDTLS 2.16.2
2024-12-17 15:46:27,536 [INFO] ThirdParty:1030 - CMSIS Pack Vendor :STMicroelectronics X-CUBE-ALS 1.0.2
2024-12-17 15:46:27,536 [INFO] ThirdParty:1030 - CMSIS Pack Vendor :emotas I-CUBE-CANOPEN 1.3.0
2024-12-17 15:46:27,536 [INFO] ThirdParty:1030 - CMSIS Pack Vendor :STMicroelectronics X-CUBE-FREERTOS 1.3.0
2024-12-17 15:46:27,536 [INFO] ThirdParty:1030 - CMSIS Pack Vendor :wolfSSL I-CUBE-wolfSSL 5.7.4
2024-12-17 15:46:27,536 [INFO] ThirdParty:1030 - CMSIS Pack Vendor :STMicroelectronics X-CUBE-NFC7 1.0.1
2024-12-17 15:46:27,536 [INFO] ThirdParty:1030 - CMSIS Pack Vendor :STMicroelectronics MBEDTLS 2.14.1
2024-12-17 15:46:27,536 [INFO] ThirdParty:1030 - CMSIS Pack Vendor :ITTIA_DB I-CUBE-ITTIADB 8.9.0
2024-12-17 15:46:27,536 [INFO] ThirdParty:1030 - CMSIS Pack Vendor :STMicroelectronics X-CUBE-TOUCHGFX 4.24.1
2024-12-17 15:46:27,536 [INFO] ThirdParty:1030 - CMSIS Pack Vendor :wolfSSL I-CUBE-wolfTPM 3.4.0
2024-12-17 15:46:27,536 [INFO] ThirdParty:1030 - CMSIS Pack Vendor :portGmbH I-Cube-SoM-uGOAL 1.1.0
2024-12-17 15:46:27,536 [INFO] ThirdParty:1030 - CMSIS Pack Vendor :STMicroelectronics ThreadX 1.0.0
2024-12-17 15:46:27,536 [INFO] ThirdParty:1030 - CMSIS Pack Vendor :STMicroelectronics FP-SNS-SMARTAG2 1.2.0
2024-12-17 15:46:27,536 [INFO] ThirdParty:1030 - CMSIS Pack Vendor :STMicroelectronics X-CUBE-AZRTOS-WL 2.0.0
2024-12-17 15:46:27,536 [INFO] ThirdParty:1030 - CMSIS Pack Vendor :SEGGER I-CUBE-embOS 1.3.1
2024-12-17 15:46:27,536 [INFO] ThirdParty:1030 - CMSIS Pack Vendor :STMicroelectronics X-CUBE-ALGOBUILD 1.4.0
2024-12-17 15:46:27,536 [INFO] ThirdParty:1030 - CMSIS Pack Vendor :STMicroelectronics FP-SNS-MOTENV1 5.0.0
2024-12-17 15:46:27,536 [INFO] ThirdParty:1030 - CMSIS Pack Vendor :STMicroelectronics USB_DEVICE 1.0.0
2024-12-17 15:46:27,536 [INFO] ThirdParty:1030 - CMSIS Pack Vendor :STMicroelectronics X-CUBE-AZRTOS-H7RS 1.0.0
2024-12-17 15:46:27,536 [INFO] ThirdParty:1030 - CMSIS Pack Vendor :wolfSSL I-CUBE-wolfMQTT 1.19.0
2024-12-17 15:46:27,536 [INFO] ThirdParty:1030 - CMSIS Pack Vendor :STMicroelectronics X-CUBE-AZRTOS-L4 2.0.0
2024-12-17 15:46:27,536 [INFO] ThirdParty:1030 - CMSIS Pack Vendor :STMicroelectronics ThreadX 0.0.2
2024-12-17 15:46:27,536 [INFO] ThirdParty:1030 - CMSIS Pack Vendor :WES I-CUBE-Cesium 1.3.0
2024-12-17 15:46:27,536 [INFO] ThirdParty:1030 - CMSIS Pack Vendor :STMicroelectronics lwIP 2.1.2
2024-12-17 15:46:27,536 [INFO] ThirdParty:1030 - CMSIS Pack Vendor :STMicroelectronics X-CUBE-SFXS2LP1 4.0.0
2024-12-17 15:46:27,536 [INFO] ThirdParty:1030 - CMSIS Pack Vendor :STMicroelectronics X-CUBE-BLE2 3.3.0
2024-12-17 15:46:27,536 [INFO] ThirdParty:1030 - CMSIS Pack Vendor :STMicroelectronics X-CUBE-TOF1 3.4.2
2024-12-17 15:46:27,536 [INFO] ThirdParty:1030 - CMSIS Pack Vendor :STMicroelectronics X-CUBE-AI 9.1.0
2024-12-17 15:46:27,536 [INFO] ThirdParty:1030 - CMSIS Pack Vendor :STMicroelectronics PDM2PCM 3.2.0
2024-12-17 15:46:27,536 [INFO] ThirdParty:1030 - CMSIS Pack Vendor :wolfSSL I-CUBE-wolfSSH 1.4.17
2024-12-17 15:46:27,536 [INFO] ThirdParty:841 - exiting critical section [change project]
2024-12-17 15:46:27,760 [INFO] PinOutPanel:1589 - setPackage(No Configuration,No Configuration)
2024-12-17 15:46:27,761 [INFO] PinOutPanel:1589 - setPackage(STM32F103C8Tx,LQFP48)
2024-12-17 15:46:28,085 [INFO] UtilMem:75 - Before build in PCC Used Memory: 373197824 Bytes (948961280)
2024-12-17 15:46:28,274 [ERROR] LogOutputStream:75 - [STDERR_REDIRECT] [Fatal Error] :1:1: Premature end of file.
2024-12-17 15:46:28,274 [ERROR] LogOutputStream:75 - [STDERR_REDIRECT] 
2024-12-17 15:46:28,847 [INFO] UtilMem:75 - After build in PCC Used Memory: 430263864 Bytes (948961280)
2024-12-17 15:46:28,873 [INFO] IPUIPlugin:80 - create IPUIPlugin
2024-12-17 15:46:28,873 [INFO] IPUIPlugin:80 - create IPUIPlugin
2024-12-17 15:46:28,873 [INFO] IPUIPlugin:80 - create IPUIPlugin
2024-12-17 15:46:28,873 [INFO] IPUIPlugin:80 - create IPUIPlugin
2024-12-17 15:46:28,873 [INFO] IPUIPlugin:80 - create IPUIPlugin
2024-12-17 15:46:28,873 [INFO] IPUIPlugin:80 - create IPUIPlugin
2024-12-17 15:46:28,873 [INFO] IPUIPlugin:80 - create IPUIPlugin
2024-12-17 15:46:28,873 [INFO] IPUIPlugin:80 - create IPUIPlugin
2024-12-17 15:46:28,873 [INFO] IPUIPlugin:80 - create IPUIPlugin
2024-12-17 15:46:28,874 [INFO] IPUIPlugin:80 - create IPUIPlugin
2024-12-17 15:46:28,874 [INFO] IPUIPlugin:80 - create IPUIPlugin
2024-12-17 15:46:28,874 [INFO] IPUIPlugin:80 - create IPUIPlugin
2024-12-17 15:46:28,874 [INFO] IPUIPlugin:80 - create IPUIPlugin
2024-12-17 15:46:28,874 [INFO] IPUIPlugin:80 - create IPUIPlugin
2024-12-17 15:46:28,874 [INFO] IPUIPlugin:80 - create IPUIPlugin
2024-12-17 15:46:28,874 [INFO] IPUIPlugin:80 - create IPUIPlugin
2024-12-17 15:46:28,874 [INFO] IPUIPlugin:80 - create IPUIPlugin
2024-12-17 15:46:28,874 [INFO] IPUIPlugin:80 - create IPUIPlugin
2024-12-17 15:46:28,874 [INFO] IPUIPlugin:80 - create IPUIPlugin
2024-12-17 15:46:28,874 [INFO] IPUIPlugin:80 - create IPUIPlugin
2024-12-17 15:46:28,874 [INFO] IPUIPlugin:80 - create IPUIPlugin
2024-12-17 15:46:28,876 [INFO] IPUIPlugin:80 - create IPUIPlugin
2024-12-17 15:46:28,876 [INFO] IPUIPlugin:80 - create IPUIPlugin
2024-12-17 15:46:28,876 [INFO] IPUIPlugin:80 - create IPUIPlugin
2024-12-17 15:46:28,876 [INFO] IPUIPlugin:80 - create IPUIPlugin
2024-12-17 15:46:28,876 [INFO] IPUIPlugin:80 - create IPUIPlugin
2024-12-17 15:46:28,876 [INFO] IPUIPlugin:80 - create IPUIPlugin
2024-12-17 15:46:29,075 [INFO] CADModel:165 - CPN selected for project levelSTM32F103C8T6
2024-12-17 15:46:29,075 [INFO] CADModel:114 - Register for checkConnection events
2024-12-17 15:46:29,127 [INFO] OpenFileManager:363 - Restore cursor
2024-12-17 15:46:29,274 [ERROR] LogOutputStream:75 - [STDERR_REDIRECT] [Fatal Error] :1:1: Premature end of file.
2024-12-17 15:46:29,274 [ERROR] LogOutputStream:75 - [STDERR_REDIRECT] 
2024-12-17 15:46:30,273 [ERROR] LogOutputStream:75 - [STDERR_REDIRECT] [Fatal Error] :1:1: Premature end of file.
2024-12-17 15:46:30,273 [ERROR] LogOutputStream:75 - [STDERR_REDIRECT] 
2024-12-17 15:46:31,271 [ERROR] LogOutputStream:75 - [STDERR_REDIRECT] [Fatal Error] :1:1: Premature end of file.
2024-12-17 15:46:31,271 [ERROR] LogOutputStream:75 - [STDERR_REDIRECT] 
2024-12-17 15:46:32,271 [ERROR] LogOutputStream:75 - [STDERR_REDIRECT] [Fatal Error] :1:1: Premature end of file.
2024-12-17 15:46:32,271 [ERROR] LogOutputStream:75 - [STDERR_REDIRECT] 
2024-12-17 15:46:33,272 [ERROR] LogOutputStream:75 - [STDERR_REDIRECT] [Fatal Error] :1:1: Premature end of file.
2024-12-17 15:46:33,272 [ERROR] LogOutputStream:75 - [STDERR_REDIRECT] 
2024-12-17 15:46:34,269 [ERROR] LogOutputStream:75 - [STDERR_REDIRECT] [Fatal Error] :1:1: Premature end of file.
2024-12-17 15:46:34,269 [ERROR] LogOutputStream:75 - [STDERR_REDIRECT] 
2024-12-17 15:46:35,271 [ERROR] LogOutputStream:75 - [STDERR_REDIRECT] [Fatal Error] :1:1: Premature end of file.
2024-12-17 15:46:35,271 [ERROR] LogOutputStream:75 - [STDERR_REDIRECT] 
2024-12-17 15:46:36,022 [INFO] UtilMem:75 - End SaveConfig() Used Memory: 634934832 Bytes (948961280)
2024-12-17 15:46:36,279 [ERROR] LogOutputStream:75 - [STDERR_REDIRECT] [Fatal Error] :1:1: Premature end of file.
2024-12-17 15:46:36,280 [ERROR] LogOutputStream:75 - [STDERR_REDIRECT] 
2024-12-17 15:46:36,307 [INFO] BlockDiagram:2766 - set Specific Code input for plugin: NVIC
2024-12-17 15:46:36,307 [INFO] BlockDiagram:2766 - set Specific Code input for plugin: SYS
2024-12-17 15:46:36,308 [INFO] BlockDiagram:2766 - set Specific Code input for plugin: GPIO
2024-12-17 15:46:36,308 [INFO] BlockDiagram:2766 - set Specific Code input for plugin: RCC
2024-12-17 15:46:36,309 [INFO] CodeGenerator:896 - code generatio: config db path: C:\ST\STM32CubeIDE_1.17.0\STM32CubeIDE\plugins\com.st.stm32cube.common.mx_6.13.0.202411220809\\db\
2024-12-17 15:46:36,440 [INFO] CodeEngine:255 - oldGeneratedFile, C:\Users\o1yus\OneDrive\Desktop\Workspace\test1\MXTmpFiles\license.tmp_save
2024-12-17 15:46:36,675 [INFO] CodeEngine:279 - Generated code: C:\Users\o1yus\OneDrive\Desktop\Workspace\test1\MXTmpFiles\license.tmp
2024-12-17 15:46:36,793 [INFO] CodeEngine:255 - oldGeneratedFile, C:\Users\o1yus\OneDrive\Desktop\Workspace\test1\MXTmpFiles\gpio.tmp_save
2024-12-17 15:46:36,916 [INFO] CodeEngine:279 - Generated code: C:\Users\o1yus\OneDrive\Desktop\Workspace\test1\MXTmpFiles\gpio.tmp
2024-12-17 15:46:36,970 [INFO] CodeEngine:255 - oldGeneratedFile, C:\Users\o1yus\OneDrive\Desktop\Workspace\test1\Core\Src\stm32f1xx_it.c_save
2024-12-17 15:46:37,071 [INFO] CodeEngine:279 - Generated code: C:\Users\o1yus\OneDrive\Desktop\Workspace\test1\Core\Src\stm32f1xx_it.c
2024-12-17 15:46:37,084 [INFO] CodeEngine:255 - oldGeneratedFile, C:\Users\o1yus\OneDrive\Desktop\Workspace\test1\Core\Inc\stm32f1xx_it.h_save
2024-12-17 15:46:37,146 [INFO] CodeEngine:279 - Generated code: C:\Users\o1yus\OneDrive\Desktop\Workspace\test1\Core\Inc\stm32f1xx_it.h
2024-12-17 15:46:37,162 [INFO] CodeEngine:255 - oldGeneratedFile, C:\Users\o1yus\OneDrive\Desktop\Workspace\test1\Core\Src\stm32f1xx_hal_msp.c_save
2024-12-17 15:46:37,248 [INFO] CodeEngine:279 - Generated code: C:\Users\o1yus\OneDrive\Desktop\Workspace\test1\Core\Src\stm32f1xx_hal_msp.c
2024-12-17 15:46:37,252 [INFO] CodeEngine:255 - oldGeneratedFile, C:\Users\o1yus\OneDrive\Desktop\Workspace\test1\MXTmpFiles\system.tmp_save
2024-12-17 15:46:37,275 [ERROR] LogOutputStream:75 - [STDERR_REDIRECT] [Fatal Error] :1:1: Premature end of file.
2024-12-17 15:46:37,276 [ERROR] LogOutputStream:75 - [STDERR_REDIRECT] 
2024-12-17 15:46:37,304 [INFO] CodeEngine:279 - Generated code: C:\Users\o1yus\OneDrive\Desktop\Workspace\test1\MXTmpFiles\system.tmp
2024-12-17 15:46:37,320 [INFO] CodeEngine:311 - oldGeneratedFile, C:\Users\o1yus\OneDrive\Desktop\Workspace\test1\Core\Inc\stm32f1xx_hal_conf.h_save
2024-12-17 15:46:37,391 [INFO] CodeEngine:335 - Generated code: C:\Users\o1yus\OneDrive\Desktop\Workspace\test1\Core\Inc\stm32f1xx_hal_conf.h
2024-12-17 15:46:37,440 [INFO] ApiDbMcu:508 - Load IP Config File for RCC
2024-12-17 15:46:37,459 [INFO] CodeEngine:255 - oldGeneratedFile, C:\Users\o1yus\OneDrive\Desktop\Workspace\test1\Core\Inc\main.h_save
2024-12-17 15:46:37,534 [INFO] CodeEngine:279 - Generated code: C:\Users\o1yus\OneDrive\Desktop\Workspace\test1\Core\Inc\main.h
2024-12-17 15:46:37,547 [INFO] CodeEngine:255 - oldGeneratedFile, C:\Users\o1yus\OneDrive\Desktop\Workspace\test1\Core\Src\main.c_save
2024-12-17 15:46:37,674 [INFO] CodeEngine:279 - Generated code: C:\Users\o1yus\OneDrive\Desktop\Workspace\test1\Core\Src\main.c
2024-12-17 15:46:37,877 [INFO] ProjectBuilder:3289 - Time for Copy HAL[1] : 112mS.
2024-12-17 15:46:37,881 [INFO] ProjectBuilder:4876 - Project Generator version: 4.5.0-RC5
2024-12-17 15:46:37,925 [INFO] ConfigFileManager:1579 - The Die is : DIE410
2024-12-17 15:46:37,935 [INFO] ApiDbMcu:508 - Load IP Config File for FATFS
2024-12-17 15:46:37,943 [INFO] ApiDbMcu:508 - Load IP Config File for FREERTOS
2024-12-17 15:46:37,948 [INFO] ApiDbMcu:508 - Load IP Config File for USB_DEVICE
2024-12-17 15:46:38,231 [INFO] LogOutputStream:77 - [STDOUT_REDIRECT] 
2024-12-17 15:46:38,273 [ERROR] LogOutputStream:75 - [STDERR_REDIRECT] [Fatal Error] :1:1: Premature end of file.
2024-12-17 15:46:38,274 [ERROR] LogOutputStream:75 - [STDERR_REDIRECT] 
2024-12-17 15:46:38,915 [INFO] ProjectBuilder:5154 - Time for Generating toolchain IDE Files: 1034mS.
2024-12-17 15:46:38,916 [INFO] ProjectBuilder:3146 - Time for Copy CMSIS : 1mS.
2024-12-17 15:46:38,918 [INFO] ProjectBuilder:3146 - Time for Copy CMSIS : 1mS.
2024-12-17 15:46:39,270 [ERROR] LogOutputStream:75 - [STDERR_REDIRECT] [Fatal Error] :1:1: Premature end of file.
2024-12-17 15:46:39,270 [ERROR] LogOutputStream:75 - [STDERR_REDIRECT] 
2024-12-17 15:46:40,270 [ERROR] LogOutputStream:75 - [STDERR_REDIRECT] [Fatal Error] :1:1: Premature end of file.
2024-12-17 15:46:40,270 [ERROR] LogOutputStream:75 - [STDERR_REDIRECT] 
2024-12-17 15:46:41,270 [ERROR] LogOutputStream:75 - [STDERR_REDIRECT] [Fatal Error] :1:1: Premature end of file.
2024-12-17 15:46:41,270 [ERROR] LogOutputStream:75 - [STDERR_REDIRECT] 
2024-12-17 15:46:42,271 [ERROR] LogOutputStream:75 - [STDERR_REDIRECT] [Fatal Error] :1:1: Premature end of file.
2024-12-17 15:46:42,271 [ERROR] LogOutputStream:75 - [STDERR_REDIRECT] 
2024-12-17 15:46:43,270 [ERROR] LogOutputStream:75 - [STDERR_REDIRECT] [Fatal Error] :1:1: Premature end of file.
2024-12-17 15:46:43,270 [ERROR] LogOutputStream:75 - [STDERR_REDIRECT] 
2024-12-17 15:46:44,270 [ERROR] LogOutputStream:75 - [STDERR_REDIRECT] [Fatal Error] :1:1: Premature end of file.
2024-12-17 15:46:44,271 [ERROR] LogOutputStream:75 - [STDERR_REDIRECT] 
2024-12-17 15:46:45,269 [ERROR] LogOutputStream:75 - [STDERR_REDIRECT] [Fatal Error] :1:1: Premature end of file.
2024-12-17 15:46:45,269 [ERROR] LogOutputStream:75 - [STDERR_REDIRECT] 
2024-12-17 15:46:46,269 [ERROR] LogOutputStream:75 - [STDERR_REDIRECT] [Fatal Error] :1:1: Premature end of file.
2024-12-17 15:46:46,269 [ERROR] LogOutputStream:75 - [STDERR_REDIRECT] 
2024-12-17 15:46:47,271 [ERROR] LogOutputStream:75 - [STDERR_REDIRECT] [Fatal Error] :1:1: Premature end of file.
2024-12-17 15:46:47,271 [ERROR] LogOutputStream:75 - [STDERR_REDIRECT] 
2024-12-17 15:46:48,272 [ERROR] LogOutputStream:75 - [STDERR_REDIRECT] [Fatal Error] :1:1: Premature end of file.
2024-12-17 15:46:48,272 [ERROR] LogOutputStream:75 - [STDERR_REDIRECT] 
2024-12-17 15:46:49,270 [ERROR] LogOutputStream:75 - [STDERR_REDIRECT] [Fatal Error] :1:1: Premature end of file.
2024-12-17 15:46:49,270 [ERROR] LogOutputStream:75 - [STDERR_REDIRECT] 
2024-12-17 15:46:50,271 [ERROR] LogOutputStream:75 - [STDERR_REDIRECT] [Fatal Error] :1:1: Premature end of file.
2024-12-17 15:46:50,271 [ERROR] LogOutputStream:75 - [STDERR_REDIRECT] 
2024-12-17 15:46:51,271 [ERROR] LogOutputStream:75 - [STDERR_REDIRECT] [Fatal Error] :1:1: Premature end of file.
2024-12-17 15:46:51,271 [ERROR] LogOutputStream:75 - [STDERR_REDIRECT] 
2024-12-17 15:46:52,270 [ERROR] LogOutputStream:75 - [STDERR_REDIRECT] [Fatal Error] :1:1: Premature end of file.
2024-12-17 15:46:52,270 [ERROR] LogOutputStream:75 - [STDERR_REDIRECT] 
2024-12-17 15:46:53,269 [ERROR] LogOutputStream:75 - [STDERR_REDIRECT] [Fatal Error] :1:1: Premature end of file.
2024-12-17 15:46:53,270 [ERROR] LogOutputStream:75 - [STDERR_REDIRECT] 
2024-12-17 15:46:54,271 [ERROR] LogOutputStream:75 - [STDERR_REDIRECT] [Fatal Error] :1:1: Premature end of file.
2024-12-17 15:46:54,271 [ERROR] LogOutputStream:75 - [STDERR_REDIRECT] 
2024-12-17 15:46:55,272 [ERROR] LogOutputStream:75 - [STDERR_REDIRECT] [Fatal Error] :1:1: Premature end of file.
2024-12-17 15:46:55,272 [ERROR] LogOutputStream:75 - [STDERR_REDIRECT] 
2024-12-17 15:46:56,271 [ERROR] LogOutputStream:75 - [STDERR_REDIRECT] [Fatal Error] :1:1: Premature end of file.
2024-12-17 15:46:56,273 [ERROR] LogOutputStream:75 - [STDERR_REDIRECT] 
2024-12-17 15:46:57,269 [ERROR] LogOutputStream:75 - [STDERR_REDIRECT] [Fatal Error] :1:1: Premature end of file.
2024-12-17 15:46:57,269 [ERROR] LogOutputStream:75 - [STDERR_REDIRECT] 
2024-12-17 15:46:58,271 [ERROR] LogOutputStream:75 - [STDERR_REDIRECT] [Fatal Error] :1:1: Premature end of file.
2024-12-17 15:46:58,271 [ERROR] LogOutputStream:75 - [STDERR_REDIRECT] 
2024-12-17 15:46:59,273 [ERROR] LogOutputStream:75 - [STDERR_REDIRECT] [Fatal Error] :1:1: Premature end of file.
2024-12-17 15:46:59,273 [ERROR] LogOutputStream:75 - [STDERR_REDIRECT] 
2024-12-17 15:47:00,270 [ERROR] LogOutputStream:75 - [STDERR_REDIRECT] [Fatal Error] :1:1: Premature end of file.
2024-12-17 15:47:00,271 [ERROR] LogOutputStream:75 - [STDERR_REDIRECT] 
2024-12-17 15:47:01,269 [ERROR] LogOutputStream:75 - [STDERR_REDIRECT] [Fatal Error] :1:1: Premature end of file.
2024-12-17 15:47:01,269 [ERROR] LogOutputStream:75 - [STDERR_REDIRECT] 
2024-12-17 15:47:02,270 [ERROR] LogOutputStream:75 - [STDERR_REDIRECT] [Fatal Error] :1:1: Premature end of file.
2024-12-17 15:47:02,270 [ERROR] LogOutputStream:75 - [STDERR_REDIRECT] 
2024-12-17 15:47:03,268 [ERROR] LogOutputStream:75 - [STDERR_REDIRECT] [Fatal Error] :1:1: Premature end of file.
2024-12-17 15:47:03,268 [ERROR] LogOutputStream:75 - [STDERR_REDIRECT] 
2024-12-17 15:47:04,268 [ERROR] LogOutputStream:75 - [STDERR_REDIRECT] [Fatal Error] :1:1: Premature end of file.
2024-12-17 15:47:04,268 [ERROR] LogOutputStream:75 - [STDERR_REDIRECT] 
2024-12-17 15:47:05,270 [ERROR] LogOutputStream:75 - [STDERR_REDIRECT] [Fatal Error] :1:1: Premature end of file.
2024-12-17 15:47:05,270 [ERROR] LogOutputStream:75 - [STDERR_REDIRECT] 
2024-12-17 15:47:06,270 [ERROR] LogOutputStream:75 - [STDERR_REDIRECT] [Fatal Error] :1:1: Premature end of file.
2024-12-17 15:47:06,270 [ERROR] LogOutputStream:75 - [STDERR_REDIRECT] 
2024-12-17 15:47:07,271 [ERROR] LogOutputStream:75 - [STDERR_REDIRECT] [Fatal Error] :1:1: Premature end of file.
2024-12-17 15:47:07,271 [ERROR] LogOutputStream:75 - [STDERR_REDIRECT] 
2024-12-17 15:47:08,271 [ERROR] LogOutputStream:75 - [STDERR_REDIRECT] [Fatal Error] :1:1: Premature end of file.
2024-12-17 15:47:08,271 [ERROR] LogOutputStream:75 - [STDERR_REDIRECT] 
2024-12-17 15:47:09,271 [ERROR] LogOutputStream:75 - [STDERR_REDIRECT] [Fatal Error] :1:1: Premature end of file.
2024-12-17 15:47:09,271 [ERROR] LogOutputStream:75 - [STDERR_REDIRECT] 
2024-12-17 15:47:10,271 [ERROR] LogOutputStream:75 - [STDERR_REDIRECT] [Fatal Error] :1:1: Premature end of file.
2024-12-17 15:47:10,271 [ERROR] LogOutputStream:75 - [STDERR_REDIRECT] 
2024-12-17 15:47:11,270 [ERROR] LogOutputStream:75 - [STDERR_REDIRECT] [Fatal Error] :1:1: Premature end of file.
2024-12-17 15:47:11,270 [ERROR] LogOutputStream:75 - [STDERR_REDIRECT] 
2024-12-17 15:47:12,271 [ERROR] LogOutputStream:75 - [STDERR_REDIRECT] [Fatal Error] :1:1: Premature end of file.
2024-12-17 15:47:12,271 [ERROR] LogOutputStream:75 - [STDERR_REDIRECT] 
2024-12-17 15:47:13,272 [ERROR] LogOutputStream:75 - [STDERR_REDIRECT] [Fatal Error] :1:1: Premature end of file.
2024-12-17 15:47:13,272 [ERROR] LogOutputStream:75 - [STDERR_REDIRECT] 
2024-12-17 15:47:14,271 [ERROR] LogOutputStream:75 - [STDERR_REDIRECT] [Fatal Error] :1:1: Premature end of file.
2024-12-17 15:47:14,271 [ERROR] LogOutputStream:75 - [STDERR_REDIRECT] 
2024-12-17 15:47:15,273 [ERROR] LogOutputStream:75 - [STDERR_REDIRECT] [Fatal Error] :1:1: Premature end of file.
2024-12-17 15:47:15,273 [ERROR] LogOutputStream:75 - [STDERR_REDIRECT] 
2024-12-17 15:47:16,270 [ERROR] LogOutputStream:75 - [STDERR_REDIRECT] [Fatal Error] :1:1: Premature end of file.
2024-12-17 15:47:16,270 [ERROR] LogOutputStream:75 - [STDERR_REDIRECT] 
2024-12-17 15:47:17,271 [ERROR] LogOutputStream:75 - [STDERR_REDIRECT] [Fatal Error] :1:1: Premature end of file.
2024-12-17 15:47:17,271 [ERROR] LogOutputStream:75 - [STDERR_REDIRECT] 
2024-12-17 15:47:18,271 [ERROR] LogOutputStream:75 - [STDERR_REDIRECT] [Fatal Error] :1:1: Premature end of file.
2024-12-17 15:47:18,271 [ERROR] LogOutputStream:75 - [STDERR_REDIRECT] 
2024-12-17 15:47:19,270 [ERROR] LogOutputStream:75 - [STDERR_REDIRECT] [Fatal Error] :1:1: Premature end of file.
2024-12-17 15:47:19,270 [ERROR] LogOutputStream:75 - [STDERR_REDIRECT] 
2024-12-17 15:47:20,274 [ERROR] LogOutputStream:75 - [STDERR_REDIRECT] [Fatal Error] :1:1: Premature end of file.
2024-12-17 15:47:20,274 [ERROR] LogOutputStream:75 - [STDERR_REDIRECT] 
2024-12-17 15:47:21,272 [ERROR] LogOutputStream:75 - [STDERR_REDIRECT] [Fatal Error] :1:1: Premature end of file.
2024-12-17 15:47:21,272 [ERROR] LogOutputStream:75 - [STDERR_REDIRECT] 
2024-12-17 15:47:22,271 [ERROR] LogOutputStream:75 - [STDERR_REDIRECT] [Fatal Error] :1:1: Premature end of file.
2024-12-17 15:47:22,271 [ERROR] LogOutputStream:75 - [STDERR_REDIRECT] 
2024-12-17 15:47:23,269 [ERROR] LogOutputStream:75 - [STDERR_REDIRECT] [Fatal Error] :1:1: Premature end of file.
2024-12-17 15:47:23,269 [ERROR] LogOutputStream:75 - [STDERR_REDIRECT] 
2024-12-17 15:47:24,271 [ERROR] LogOutputStream:75 - [STDERR_REDIRECT] [Fatal Error] :1:1: Premature end of file.
2024-12-17 15:47:24,271 [ERROR] LogOutputStream:75 - [STDERR_REDIRECT] 
2024-12-17 15:47:25,272 [ERROR] LogOutputStream:75 - [STDERR_REDIRECT] [Fatal Error] :1:1: Premature end of file.
2024-12-17 15:47:25,272 [ERROR] LogOutputStream:75 - [STDERR_REDIRECT] 
2024-12-17 15:47:26,271 [ERROR] LogOutputStream:75 - [STDERR_REDIRECT] [Fatal Error] :1:1: Premature end of file.
2024-12-17 15:47:26,271 [ERROR] LogOutputStream:75 - [STDERR_REDIRECT] 
2024-12-17 15:47:27,271 [ERROR] LogOutputStream:75 - [STDERR_REDIRECT] [Fatal Error] :1:1: Premature end of file.
2024-12-17 15:47:27,271 [ERROR] LogOutputStream:75 - [STDERR_REDIRECT] 
2024-12-17 15:47:28,272 [ERROR] LogOutputStream:75 - [STDERR_REDIRECT] [Fatal Error] :1:1: Premature end of file.
2024-12-17 15:47:28,272 [ERROR] LogOutputStream:75 - [STDERR_REDIRECT] 
2024-12-17 15:47:29,272 [ERROR] LogOutputStream:75 - [STDERR_REDIRECT] [Fatal Error] :1:1: Premature end of file.
2024-12-17 15:47:29,272 [ERROR] LogOutputStream:75 - [STDERR_REDIRECT] 
2024-12-17 15:47:30,271 [ERROR] LogOutputStream:75 - [STDERR_REDIRECT] [Fatal Error] :1:1: Premature end of file.
2024-12-17 15:47:30,272 [ERROR] LogOutputStream:75 - [STDERR_REDIRECT] 
2024-12-17 15:47:31,273 [ERROR] LogOutputStream:75 - [STDERR_REDIRECT] [Fatal Error] :1:1: Premature end of file.
2024-12-17 15:47:31,273 [ERROR] LogOutputStream:75 - [STDERR_REDIRECT] 
2024-12-17 15:47:32,272 [ERROR] LogOutputStream:75 - [STDERR_REDIRECT] [Fatal Error] :1:1: Premature end of file.
2024-12-17 15:47:32,272 [ERROR] LogOutputStream:75 - [STDERR_REDIRECT] 
2024-12-17 15:47:33,271 [ERROR] LogOutputStream:75 - [STDERR_REDIRECT] [Fatal Error] :1:1: Premature end of file.
2024-12-17 15:47:33,271 [ERROR] LogOutputStream:75 - [STDERR_REDIRECT] 
2024-12-17 15:47:34,273 [ERROR] LogOutputStream:75 - [STDERR_REDIRECT] [Fatal Error] :1:1: Premature end of file.
2024-12-17 15:47:34,273 [ERROR] LogOutputStream:75 - [STDERR_REDIRECT] 
2024-12-17 15:47:35,271 [ERROR] LogOutputStream:75 - [STDERR_REDIRECT] [Fatal Error] :1:1: Premature end of file.
2024-12-17 15:47:35,271 [ERROR] LogOutputStream:75 - [STDERR_REDIRECT] 
2024-12-17 15:47:36,270 [ERROR] LogOutputStream:75 - [STDERR_REDIRECT] [Fatal Error] :1:1: Premature end of file.
2024-12-17 15:47:36,270 [ERROR] LogOutputStream:75 - [STDERR_REDIRECT] 
2024-12-17 15:47:37,272 [ERROR] LogOutputStream:75 - [STDERR_REDIRECT] [Fatal Error] :1:1: Premature end of file.
2024-12-17 15:47:37,273 [ERROR] LogOutputStream:75 - [STDERR_REDIRECT] 
2024-12-17 15:47:38,271 [ERROR] LogOutputStream:75 - [STDERR_REDIRECT] [Fatal Error] :1:1: Premature end of file.
2024-12-17 15:47:38,271 [ERROR] LogOutputStream:75 - [STDERR_REDIRECT] 
2024-12-17 15:47:39,271 [ERROR] LogOutputStream:75 - [STDERR_REDIRECT] [Fatal Error] :1:1: Premature end of file.
2024-12-17 15:47:39,271 [ERROR] LogOutputStream:75 - [STDERR_REDIRECT] 
2024-12-17 15:47:40,271 [ERROR] LogOutputStream:75 - [STDERR_REDIRECT] [Fatal Error] :1:1: Premature end of file.
2024-12-17 15:47:40,271 [ERROR] LogOutputStream:75 - [STDERR_REDIRECT] 
2024-12-17 15:47:41,271 [ERROR] LogOutputStream:75 - [STDERR_REDIRECT] [Fatal Error] :1:1: Premature end of file.
2024-12-17 15:47:41,271 [ERROR] LogOutputStream:75 - [STDERR_REDIRECT] 
2024-12-17 15:47:42,272 [ERROR] LogOutputStream:75 - [STDERR_REDIRECT] [Fatal Error] :1:1: Premature end of file.
2024-12-17 15:47:42,273 [ERROR] LogOutputStream:75 - [STDERR_REDIRECT] 
2024-12-17 15:47:43,272 [ERROR] LogOutputStream:75 - [STDERR_REDIRECT] [Fatal Error] :1:1: Premature end of file.
2024-12-17 15:47:43,272 [ERROR] LogOutputStream:75 - [STDERR_REDIRECT] 
2024-12-17 15:47:44,270 [ERROR] LogOutputStream:75 - [STDERR_REDIRECT] [Fatal Error] :1:1: Premature end of file.
2024-12-17 15:47:44,270 [ERROR] LogOutputStream:75 - [STDERR_REDIRECT] 
2024-12-17 15:47:45,272 [ERROR] LogOutputStream:75 - [STDERR_REDIRECT] [Fatal Error] :1:1: Premature end of file.
2024-12-17 15:47:45,272 [ERROR] LogOutputStream:75 - [STDERR_REDIRECT] 
2024-12-17 15:47:46,271 [ERROR] LogOutputStream:75 - [STDERR_REDIRECT] [Fatal Error] :1:1: Premature end of file.
2024-12-17 15:47:46,271 [ERROR] LogOutputStream:75 - [STDERR_REDIRECT] 
2024-12-17 15:47:47,271 [ERROR] LogOutputStream:75 - [STDERR_REDIRECT] [Fatal Error] :1:1: Premature end of file.
2024-12-17 15:47:47,271 [ERROR] LogOutputStream:75 - [STDERR_REDIRECT] 
2024-12-17 15:47:48,271 [ERROR] LogOutputStream:75 - [STDERR_REDIRECT] [Fatal Error] :1:1: Premature end of file.
2024-12-17 15:47:48,271 [ERROR] LogOutputStream:75 - [STDERR_REDIRECT] 
2024-12-17 15:47:49,274 [ERROR] LogOutputStream:75 - [STDERR_REDIRECT] [Fatal Error] :1:1: Premature end of file.
2024-12-17 15:47:49,274 [ERROR] LogOutputStream:75 - [STDERR_REDIRECT] 
2024-12-17 15:47:50,269 [ERROR] LogOutputStream:75 - [STDERR_REDIRECT] [Fatal Error] :1:1: Premature end of file.
2024-12-17 15:47:50,269 [ERROR] LogOutputStream:75 - [STDERR_REDIRECT] 
2024-12-17 15:47:51,273 [ERROR] LogOutputStream:75 - [STDERR_REDIRECT] [Fatal Error] :1:1: Premature end of file.
2024-12-17 15:47:51,273 [ERROR] LogOutputStream:75 - [STDERR_REDIRECT] 
2024-12-17 15:47:52,271 [ERROR] LogOutputStream:75 - [STDERR_REDIRECT] [Fatal Error] :1:1: Premature end of file.
2024-12-17 15:47:52,271 [ERROR] LogOutputStream:75 - [STDERR_REDIRECT] 
2024-12-17 15:47:53,269 [ERROR] LogOutputStream:75 - [STDERR_REDIRECT] [Fatal Error] :1:1: Premature end of file.
2024-12-17 15:47:53,269 [ERROR] LogOutputStream:75 - [STDERR_REDIRECT] 
2024-12-17 15:47:54,272 [ERROR] LogOutputStream:75 - [STDERR_REDIRECT] [Fatal Error] :1:1: Premature end of file.
2024-12-17 15:47:54,273 [ERROR] LogOutputStream:75 - [STDERR_REDIRECT] 
2024-12-17 15:47:55,271 [ERROR] LogOutputStream:75 - [STDERR_REDIRECT] [Fatal Error] :1:1: Premature end of file.
2024-12-17 15:47:55,272 [ERROR] LogOutputStream:75 - [STDERR_REDIRECT] 
2024-12-17 15:47:56,273 [ERROR] LogOutputStream:75 - [STDERR_REDIRECT] [Fatal Error] :1:1: Premature end of file.
2024-12-17 15:47:56,273 [ERROR] LogOutputStream:75 - [STDERR_REDIRECT] 
2024-12-17 15:47:57,270 [ERROR] LogOutputStream:75 - [STDERR_REDIRECT] [Fatal Error] :1:1: Premature end of file.
2024-12-17 15:47:57,270 [ERROR] LogOutputStream:75 - [STDERR_REDIRECT] 
2024-12-17 15:47:58,274 [ERROR] LogOutputStream:75 - [STDERR_REDIRECT] [Fatal Error] :1:1: Premature end of file.
2024-12-17 15:47:58,274 [ERROR] LogOutputStream:75 - [STDERR_REDIRECT] 
2024-12-17 15:47:59,272 [ERROR] LogOutputStream:75 - [STDERR_REDIRECT] [Fatal Error] :1:1: Premature end of file.
2024-12-17 15:47:59,272 [ERROR] LogOutputStream:75 - [STDERR_REDIRECT] 
2024-12-17 15:48:00,272 [ERROR] LogOutputStream:75 - [STDERR_REDIRECT] [Fatal Error] :1:1: Premature end of file.
2024-12-17 15:48:00,272 [ERROR] LogOutputStream:75 - [STDERR_REDIRECT] 
2024-12-17 15:48:01,273 [ERROR] LogOutputStream:75 - [STDERR_REDIRECT] [Fatal Error] :1:1: Premature end of file.
2024-12-17 15:48:01,273 [ERROR] LogOutputStream:75 - [STDERR_REDIRECT] 
2024-12-17 15:48:02,270 [ERROR] LogOutputStream:75 - [STDERR_REDIRECT] [Fatal Error] :1:1: Premature end of file.
2024-12-17 15:48:02,270 [ERROR] LogOutputStream:75 - [STDERR_REDIRECT] 
2024-12-17 15:48:03,270 [ERROR] LogOutputStream:75 - [STDERR_REDIRECT] [Fatal Error] :1:1: Premature end of file.
2024-12-17 15:48:03,271 [ERROR] LogOutputStream:75 - [STDERR_REDIRECT] 
2024-12-17 15:48:04,273 [ERROR] LogOutputStream:75 - [STDERR_REDIRECT] [Fatal Error] :1:1: Premature end of file.
2024-12-17 15:48:04,273 [ERROR] LogOutputStream:75 - [STDERR_REDIRECT] 
2024-12-17 15:48:05,273 [ERROR] LogOutputStream:75 - [STDERR_REDIRECT] [Fatal Error] :1:1: Premature end of file.
2024-12-17 15:48:05,273 [ERROR] LogOutputStream:75 - [STDERR_REDIRECT] 
2024-12-17 15:48:06,270 [ERROR] LogOutputStream:75 - [STDERR_REDIRECT] [Fatal Error] :1:1: Premature end of file.
2024-12-17 15:48:06,270 [ERROR] LogOutputStream:75 - [STDERR_REDIRECT] 
2024-12-17 15:48:07,270 [ERROR] LogOutputStream:75 - [STDERR_REDIRECT] [Fatal Error] :1:1: Premature end of file.
2024-12-17 15:48:07,270 [ERROR] LogOutputStream:75 - [STDERR_REDIRECT] 
2024-12-17 15:48:08,271 [ERROR] LogOutputStream:75 - [STDERR_REDIRECT] [Fatal Error] :1:1: Premature end of file.
2024-12-17 15:48:08,271 [ERROR] LogOutputStream:75 - [STDERR_REDIRECT] 
2024-12-17 15:48:09,271 [ERROR] LogOutputStream:75 - [STDERR_REDIRECT] [Fatal Error] :1:1: Premature end of file.
2024-12-17 15:48:09,272 [ERROR] LogOutputStream:75 - [STDERR_REDIRECT] 
2024-12-17 15:48:10,272 [ERROR] LogOutputStream:75 - [STDERR_REDIRECT] [Fatal Error] :1:1: Premature end of file.
2024-12-17 15:48:10,272 [ERROR] LogOutputStream:75 - [STDERR_REDIRECT] 
2024-12-17 15:48:11,271 [ERROR] LogOutputStream:75 - [STDERR_REDIRECT] [Fatal Error] :1:1: Premature end of file.
2024-12-17 15:48:11,271 [ERROR] LogOutputStream:75 - [STDERR_REDIRECT] 
2024-12-17 15:48:12,271 [ERROR] LogOutputStream:75 - [STDERR_REDIRECT] [Fatal Error] :1:1: Premature end of file.
2024-12-17 15:48:12,271 [ERROR] LogOutputStream:75 - [STDERR_REDIRECT] 
2024-12-17 15:48:13,270 [ERROR] LogOutputStream:75 - [STDERR_REDIRECT] [Fatal Error] :1:1: Premature end of file.
2024-12-17 15:48:13,270 [ERROR] LogOutputStream:75 - [STDERR_REDIRECT] 
2024-12-17 15:48:14,272 [ERROR] LogOutputStream:75 - [STDERR_REDIRECT] [Fatal Error] :1:1: Premature end of file.
2024-12-17 15:48:14,272 [ERROR] LogOutputStream:75 - [STDERR_REDIRECT] 
2024-12-17 15:48:15,270 [ERROR] LogOutputStream:75 - [STDERR_REDIRECT] [Fatal Error] :1:1: Premature end of file.
2024-12-17 15:48:15,270 [ERROR] LogOutputStream:75 - [STDERR_REDIRECT] 
2024-12-17 15:48:16,272 [ERROR] LogOutputStream:75 - [STDERR_REDIRECT] [Fatal Error] :1:1: Premature end of file.
2024-12-17 15:48:16,272 [ERROR] LogOutputStream:75 - [STDERR_REDIRECT] 
2024-12-17 15:48:17,273 [ERROR] LogOutputStream:75 - [STDERR_REDIRECT] [Fatal Error] :1:1: Premature end of file.
2024-12-17 15:48:17,274 [ERROR] LogOutputStream:75 - [STDERR_REDIRECT] 
2024-12-17 15:48:18,271 [ERROR] LogOutputStream:75 - [STDERR_REDIRECT] [Fatal Error] :1:1: Premature end of file.
2024-12-17 15:48:18,272 [ERROR] LogOutputStream:75 - [STDERR_REDIRECT] 
2024-12-17 15:48:19,271 [ERROR] LogOutputStream:75 - [STDERR_REDIRECT] [Fatal Error] :1:1: Premature end of file.
2024-12-17 15:48:19,271 [ERROR] LogOutputStream:75 - [STDERR_REDIRECT] 
2024-12-17 15:48:20,274 [ERROR] LogOutputStream:75 - [STDERR_REDIRECT] [Fatal Error] :1:1: Premature end of file.
2024-12-17 15:48:20,274 [ERROR] LogOutputStream:75 - [STDERR_REDIRECT] 
2024-12-17 15:48:21,271 [ERROR] LogOutputStream:75 - [STDERR_REDIRECT] [Fatal Error] :1:1: Premature end of file.
2024-12-17 15:48:21,271 [ERROR] LogOutputStream:75 - [STDERR_REDIRECT] 
2024-12-17 15:48:22,272 [ERROR] LogOutputStream:75 - [STDERR_REDIRECT] [Fatal Error] :1:1: Premature end of file.
2024-12-17 15:48:22,272 [ERROR] LogOutputStream:75 - [STDERR_REDIRECT] 
2024-12-17 15:48:23,273 [ERROR] LogOutputStream:75 - [STDERR_REDIRECT] [Fatal Error] :1:1: Premature end of file.
2024-12-17 15:48:23,273 [ERROR] LogOutputStream:75 - [STDERR_REDIRECT] 
2024-12-17 15:48:24,272 [ERROR] LogOutputStream:75 - [STDERR_REDIRECT] [Fatal Error] :1:1: Premature end of file.
2024-12-17 15:48:24,272 [ERROR] LogOutputStream:75 - [STDERR_REDIRECT] 
2024-12-17 15:48:25,272 [ERROR] LogOutputStream:75 - [STDERR_REDIRECT] [Fatal Error] :1:1: Premature end of file.
2024-12-17 15:48:25,272 [ERROR] LogOutputStream:75 - [STDERR_REDIRECT] 
2024-12-17 15:48:26,271 [ERROR] LogOutputStream:75 - [STDERR_REDIRECT] [Fatal Error] :1:1: Premature end of file.
2024-12-17 15:48:26,271 [ERROR] LogOutputStream:75 - [STDERR_REDIRECT] 
2024-12-17 15:48:27,275 [ERROR] LogOutputStream:75 - [STDERR_REDIRECT] [Fatal Error] :1:1: Premature end of file.
2024-12-17 15:48:27,275 [ERROR] LogOutputStream:75 - [STDERR_REDIRECT] 
2024-12-17 15:48:28,275 [ERROR] LogOutputStream:75 - [STDERR_REDIRECT] [Fatal Error] :1:1: Premature end of file.
2024-12-17 15:48:28,275 [ERROR] LogOutputStream:75 - [STDERR_REDIRECT] 
2024-12-17 15:48:29,268 [ERROR] LogOutputStream:75 - [STDERR_REDIRECT] [Fatal Error] :1:1: Premature end of file.
2024-12-17 15:48:29,268 [ERROR] LogOutputStream:75 - [STDERR_REDIRECT] 
2024-12-17 15:48:30,272 [ERROR] LogOutputStream:75 - [STDERR_REDIRECT] [Fatal Error] :1:1: Premature end of file.
2024-12-17 15:48:30,272 [ERROR] LogOutputStream:75 - [STDERR_REDIRECT] 
2024-12-17 15:48:31,276 [ERROR] LogOutputStream:75 - [STDERR_REDIRECT] [Fatal Error] :1:1: Premature end of file.
2024-12-17 15:48:31,276 [ERROR] LogOutputStream:75 - [STDERR_REDIRECT] 
2024-12-17 15:48:32,271 [ERROR] LogOutputStream:75 - [STDERR_REDIRECT] [Fatal Error] :1:1: Premature end of file.
2024-12-17 15:48:32,271 [ERROR] LogOutputStream:75 - [STDERR_REDIRECT] 
2024-12-17 15:48:33,271 [ERROR] LogOutputStream:75 - [STDERR_REDIRECT] [Fatal Error] :1:1: Premature end of file.
2024-12-17 15:48:33,271 [ERROR] LogOutputStream:75 - [STDERR_REDIRECT] 
2024-12-17 15:48:34,271 [ERROR] LogOutputStream:75 - [STDERR_REDIRECT] [Fatal Error] :1:1: Premature end of file.
2024-12-17 15:48:34,271 [ERROR] LogOutputStream:75 - [STDERR_REDIRECT] 
2024-12-17 15:48:35,270 [ERROR] LogOutputStream:75 - [STDERR_REDIRECT] [Fatal Error] :1:1: Premature end of file.
2024-12-17 15:48:35,270 [ERROR] LogOutputStream:75 - [STDERR_REDIRECT] 
2024-12-17 15:48:36,271 [ERROR] LogOutputStream:75 - [STDERR_REDIRECT] [Fatal Error] :1:1: Premature end of file.
2024-12-17 15:48:36,271 [ERROR] LogOutputStream:75 - [STDERR_REDIRECT] 
2024-12-17 15:48:37,271 [ERROR] LogOutputStream:75 - [STDERR_REDIRECT] [Fatal Error] :1:1: Premature end of file.
2024-12-17 15:48:37,272 [ERROR] LogOutputStream:75 - [STDERR_REDIRECT] 
2024-12-17 15:48:38,269 [ERROR] LogOutputStream:75 - [STDERR_REDIRECT] [Fatal Error] :1:1: Premature end of file.
2024-12-17 15:48:38,269 [ERROR] LogOutputStream:75 - [STDERR_REDIRECT] 
2024-12-17 15:48:39,271 [ERROR] LogOutputStream:75 - [STDERR_REDIRECT] [Fatal Error] :1:1: Premature end of file.
2024-12-17 15:48:39,271 [ERROR] LogOutputStream:75 - [STDERR_REDIRECT] 
2024-12-17 15:48:40,270 [ERROR] LogOutputStream:75 - [STDERR_REDIRECT] [Fatal Error] :1:1: Premature end of file.
2024-12-17 15:48:40,270 [ERROR] LogOutputStream:75 - [STDERR_REDIRECT] 
2024-12-17 15:48:41,271 [ERROR] LogOutputStream:75 - [STDERR_REDIRECT] [Fatal Error] :1:1: Premature end of file.
2024-12-17 15:48:41,271 [ERROR] LogOutputStream:75 - [STDERR_REDIRECT] 
2024-12-17 15:48:42,269 [ERROR] LogOutputStream:75 - [STDERR_REDIRECT] [Fatal Error] :1:1: Premature end of file.
2024-12-17 15:48:42,269 [ERROR] LogOutputStream:75 - [STDERR_REDIRECT] 
2024-12-17 15:48:43,270 [ERROR] LogOutputStream:75 - [STDERR_REDIRECT] [Fatal Error] :1:1: Premature end of file.
2024-12-17 15:48:43,270 [ERROR] LogOutputStream:75 - [STDERR_REDIRECT] 
2024-12-17 15:48:44,275 [ERROR] LogOutputStream:75 - [STDERR_REDIRECT] [Fatal Error] :1:1: Premature end of file.
2024-12-17 15:48:44,275 [ERROR] LogOutputStream:75 - [STDERR_REDIRECT] 
2024-12-17 15:48:45,272 [ERROR] LogOutputStream:75 - [STDERR_REDIRECT] [Fatal Error] :1:1: Premature end of file.
2024-12-17 15:48:45,272 [ERROR] LogOutputStream:75 - [STDERR_REDIRECT] 
2024-12-17 15:48:46,270 [ERROR] LogOutputStream:75 - [STDERR_REDIRECT] [Fatal Error] :1:1: Premature end of file.
2024-12-17 15:48:46,270 [ERROR] LogOutputStream:75 - [STDERR_REDIRECT] 
2024-12-17 15:48:47,274 [ERROR] LogOutputStream:75 - [STDERR_REDIRECT] [Fatal Error] :1:1: Premature end of file.
2024-12-17 15:48:47,274 [ERROR] LogOutputStream:75 - [STDERR_REDIRECT] 
2024-12-17 15:48:48,272 [ERROR] LogOutputStream:75 - [STDERR_REDIRECT] [Fatal Error] :1:1: Premature end of file.
2024-12-17 15:48:48,272 [ERROR] LogOutputStream:75 - [STDERR_REDIRECT] 
2024-12-17 15:48:49,272 [ERROR] LogOutputStream:75 - [STDERR_REDIRECT] [Fatal Error] :1:1: Premature end of file.
2024-12-17 15:48:49,272 [ERROR] LogOutputStream:75 - [STDERR_REDIRECT] 
2024-12-17 15:48:50,272 [ERROR] LogOutputStream:75 - [STDERR_REDIRECT] [Fatal Error] :1:1: Premature end of file.
2024-12-17 15:48:50,272 [ERROR] LogOutputStream:75 - [STDERR_REDIRECT] 
2024-12-17 15:48:51,273 [ERROR] LogOutputStream:75 - [STDERR_REDIRECT] [Fatal Error] :1:1: Premature end of file.
2024-12-17 15:48:51,273 [ERROR] LogOutputStream:75 - [STDERR_REDIRECT] 
2024-12-17 15:48:52,270 [ERROR] LogOutputStream:75 - [STDERR_REDIRECT] [Fatal Error] :1:1: Premature end of file.
2024-12-17 15:48:52,270 [ERROR] LogOutputStream:75 - [STDERR_REDIRECT] 
2024-12-17 15:48:53,272 [ERROR] LogOutputStream:75 - [STDERR_REDIRECT] [Fatal Error] :1:1: Premature end of file.
2024-12-17 15:48:53,272 [ERROR] LogOutputStream:75 - [STDERR_REDIRECT] 
2024-12-17 15:48:54,274 [ERROR] LogOutputStream:75 - [STDERR_REDIRECT] [Fatal Error] :1:1: Premature end of file.
2024-12-17 15:48:54,274 [ERROR] LogOutputStream:75 - [STDERR_REDIRECT] 
2024-12-17 15:48:55,273 [ERROR] LogOutputStream:75 - [STDERR_REDIRECT] [Fatal Error] :1:1: Premature end of file.
2024-12-17 15:48:55,273 [ERROR] LogOutputStream:75 - [STDERR_REDIRECT] 
2024-12-17 15:48:56,270 [ERROR] LogOutputStream:75 - [STDERR_REDIRECT] [Fatal Error] :1:1: Premature end of file.
2024-12-17 15:48:56,270 [ERROR] LogOutputStream:75 - [STDERR_REDIRECT] 
2024-12-17 15:48:57,272 [ERROR] LogOutputStream:75 - [STDERR_REDIRECT] [Fatal Error] :1:1: Premature end of file.
2024-12-17 15:48:57,273 [ERROR] LogOutputStream:75 - [STDERR_REDIRECT] 
2024-12-17 15:48:58,273 [ERROR] LogOutputStream:75 - [STDERR_REDIRECT] [Fatal Error] :1:1: Premature end of file.
2024-12-17 15:48:58,274 [ERROR] LogOutputStream:75 - [STDERR_REDIRECT] 
2024-12-17 15:48:59,270 [ERROR] LogOutputStream:75 - [STDERR_REDIRECT] [Fatal Error] :1:1: Premature end of file.
2024-12-17 15:48:59,270 [ERROR] LogOutputStream:75 - [STDERR_REDIRECT] 
2024-12-17 15:49:00,270 [ERROR] LogOutputStream:75 - [STDERR_REDIRECT] [Fatal Error] :1:1: Premature end of file.
2024-12-17 15:49:00,270 [ERROR] LogOutputStream:75 - [STDERR_REDIRECT] 
2024-12-17 15:49:01,272 [ERROR] LogOutputStream:75 - [STDERR_REDIRECT] [Fatal Error] :1:1: Premature end of file.
2024-12-17 15:49:01,272 [ERROR] LogOutputStream:75 - [STDERR_REDIRECT] 
2024-12-17 15:49:02,271 [ERROR] LogOutputStream:75 - [STDERR_REDIRECT] [Fatal Error] :1:1: Premature end of file.
2024-12-17 15:49:02,271 [ERROR] LogOutputStream:75 - [STDERR_REDIRECT] 
2024-12-17 15:49:03,272 [ERROR] LogOutputStream:75 - [STDERR_REDIRECT] [Fatal Error] :1:1: Premature end of file.
2024-12-17 15:49:03,272 [ERROR] LogOutputStream:75 - [STDERR_REDIRECT] 
2024-12-17 15:49:04,272 [ERROR] LogOutputStream:75 - [STDERR_REDIRECT] [Fatal Error] :1:1: Premature end of file.
2024-12-17 15:49:04,272 [ERROR] LogOutputStream:75 - [STDERR_REDIRECT] 
2024-12-17 15:49:05,272 [ERROR] LogOutputStream:75 - [STDERR_REDIRECT] [Fatal Error] :1:1: Premature end of file.
2024-12-17 15:49:05,273 [ERROR] LogOutputStream:75 - [STDERR_REDIRECT] 
2024-12-17 15:49:06,271 [ERROR] LogOutputStream:75 - [STDERR_REDIRECT] [Fatal Error] :1:1: Premature end of file.
2024-12-17 15:49:06,271 [ERROR] LogOutputStream:75 - [STDERR_REDIRECT] 
2024-12-17 15:49:07,271 [ERROR] LogOutputStream:75 - [STDERR_REDIRECT] [Fatal Error] :1:1: Premature end of file.
2024-12-17 15:49:07,271 [ERROR] LogOutputStream:75 - [STDERR_REDIRECT] 
2024-12-17 15:49:08,270 [ERROR] LogOutputStream:75 - [STDERR_REDIRECT] [Fatal Error] :1:1: Premature end of file.
2024-12-17 15:49:08,270 [ERROR] LogOutputStream:75 - [STDERR_REDIRECT] 
2024-12-17 15:49:09,272 [ERROR] LogOutputStream:75 - [STDERR_REDIRECT] [Fatal Error] :1:1: Premature end of file.
2024-12-17 15:49:09,272 [ERROR] LogOutputStream:75 - [STDERR_REDIRECT] 
2024-12-17 15:49:10,271 [ERROR] LogOutputStream:75 - [STDERR_REDIRECT] [Fatal Error] :1:1: Premature end of file.
2024-12-17 15:49:10,271 [ERROR] LogOutputStream:75 - [STDERR_REDIRECT] 
2024-12-17 15:49:11,271 [ERROR] LogOutputStream:75 - [STDERR_REDIRECT] [Fatal Error] :1:1: Premature end of file.
2024-12-17 15:49:11,271 [ERROR] LogOutputStream:75 - [STDERR_REDIRECT] 
2024-12-17 15:49:12,272 [ERROR] LogOutputStream:75 - [STDERR_REDIRECT] [Fatal Error] :1:1: Premature end of file.
2024-12-17 15:49:12,272 [ERROR] LogOutputStream:75 - [STDERR_REDIRECT] 
2024-12-17 15:49:13,275 [ERROR] LogOutputStream:75 - [STDERR_REDIRECT] [Fatal Error] :1:1: Premature end of file.
2024-12-17 15:49:13,275 [ERROR] LogOutputStream:75 - [STDERR_REDIRECT] 
2024-12-17 15:49:14,273 [ERROR] LogOutputStream:75 - [STDERR_REDIRECT] [Fatal Error] :1:1: Premature end of file.
2024-12-17 15:49:14,273 [ERROR] LogOutputStream:75 - [STDERR_REDIRECT] 
2024-12-17 15:49:15,274 [ERROR] LogOutputStream:75 - [STDERR_REDIRECT] [Fatal Error] :1:1: Premature end of file.
2024-12-17 15:49:15,274 [ERROR] LogOutputStream:75 - [STDERR_REDIRECT] 
2024-12-17 15:49:16,271 [ERROR] LogOutputStream:75 - [STDERR_REDIRECT] [Fatal Error] :1:1: Premature end of file.
2024-12-17 15:49:16,271 [ERROR] LogOutputStream:75 - [STDERR_REDIRECT] 
2024-12-17 15:49:17,275 [ERROR] LogOutputStream:75 - [STDERR_REDIRECT] [Fatal Error] :1:1: Premature end of file.
2024-12-17 15:49:17,275 [ERROR] LogOutputStream:75 - [STDERR_REDIRECT] 
2024-12-17 15:49:18,270 [ERROR] LogOutputStream:75 - [STDERR_REDIRECT] [Fatal Error] :1:1: Premature end of file.
2024-12-17 15:49:18,270 [ERROR] LogOutputStream:75 - [STDERR_REDIRECT] 
2024-12-17 15:49:19,274 [ERROR] LogOutputStream:75 - [STDERR_REDIRECT] [Fatal Error] :1:1: Premature end of file.
2024-12-17 15:49:19,274 [ERROR] LogOutputStream:75 - [STDERR_REDIRECT] 
2024-12-17 15:49:20,271 [ERROR] LogOutputStream:75 - [STDERR_REDIRECT] [Fatal Error] :1:1: Premature end of file.
2024-12-17 15:49:20,271 [ERROR] LogOutputStream:75 - [STDERR_REDIRECT] 
2024-12-17 15:49:21,273 [ERROR] LogOutputStream:75 - [STDERR_REDIRECT] [Fatal Error] :1:1: Premature end of file.
2024-12-17 15:49:21,273 [ERROR] LogOutputStream:75 - [STDERR_REDIRECT] 
2024-12-17 15:49:22,272 [ERROR] LogOutputStream:75 - [STDERR_REDIRECT] [Fatal Error] :1:1: Premature end of file.
2024-12-17 15:49:22,272 [ERROR] LogOutputStream:75 - [STDERR_REDIRECT] 
2024-12-17 15:49:23,273 [ERROR] LogOutputStream:75 - [STDERR_REDIRECT] [Fatal Error] :1:1: Premature end of file.
2024-12-17 15:49:23,273 [ERROR] LogOutputStream:75 - [STDERR_REDIRECT] 
2024-12-17 15:49:24,273 [ERROR] LogOutputStream:75 - [STDERR_REDIRECT] [Fatal Error] :1:1: Premature end of file.
2024-12-17 15:49:24,274 [ERROR] LogOutputStream:75 - [STDERR_REDIRECT] 
2024-12-17 15:49:25,276 [ERROR] LogOutputStream:75 - [STDERR_REDIRECT] [Fatal Error] :1:1: Premature end of file.
2024-12-17 15:49:25,276 [ERROR] LogOutputStream:75 - [STDERR_REDIRECT] 
2024-12-17 15:49:26,271 [ERROR] LogOutputStream:75 - [STDERR_REDIRECT] [Fatal Error] :1:1: Premature end of file.
2024-12-17 15:49:26,271 [ERROR] LogOutputStream:75 - [STDERR_REDIRECT] 
2024-12-17 15:49:27,272 [ERROR] LogOutputStream:75 - [STDERR_REDIRECT] [Fatal Error] :1:1: Premature end of file.
2024-12-17 15:49:27,272 [ERROR] LogOutputStream:75 - [STDERR_REDIRECT] 
2024-12-17 15:49:28,274 [ERROR] LogOutputStream:75 - [STDERR_REDIRECT] [Fatal Error] :1:1: Premature end of file.
2024-12-17 15:49:28,274 [ERROR] LogOutputStream:75 - [STDERR_REDIRECT] 
2024-12-17 15:49:29,271 [ERROR] LogOutputStream:75 - [STDERR_REDIRECT] [Fatal Error] :1:1: Premature end of file.
2024-12-17 15:49:29,271 [ERROR] LogOutputStream:75 - [STDERR_REDIRECT] 
2024-12-17 15:49:30,273 [ERROR] LogOutputStream:75 - [STDERR_REDIRECT] [Fatal Error] :1:1: Premature end of file.
2024-12-17 15:49:30,273 [ERROR] LogOutputStream:75 - [STDERR_REDIRECT] 
2024-12-17 15:49:31,272 [ERROR] LogOutputStream:75 - [STDERR_REDIRECT] [Fatal Error] :1:1: Premature end of file.
2024-12-17 15:49:31,272 [ERROR] LogOutputStream:75 - [STDERR_REDIRECT] 
2024-12-17 15:49:32,271 [ERROR] LogOutputStream:75 - [STDERR_REDIRECT] [Fatal Error] :1:1: Premature end of file.
2024-12-17 15:49:32,271 [ERROR] LogOutputStream:75 - [STDERR_REDIRECT] 
2024-12-17 15:49:33,272 [ERROR] LogOutputStream:75 - [STDERR_REDIRECT] [Fatal Error] :1:1: Premature end of file.
2024-12-17 15:49:33,272 [ERROR] LogOutputStream:75 - [STDERR_REDIRECT] 
2024-12-17 15:49:34,273 [ERROR] LogOutputStream:75 - [STDERR_REDIRECT] [Fatal Error] :1:1: Premature end of file.
2024-12-17 15:49:34,273 [ERROR] LogOutputStream:75 - [STDERR_REDIRECT] 
2024-12-17 15:49:35,274 [ERROR] LogOutputStream:75 - [STDERR_REDIRECT] [Fatal Error] :1:1: Premature end of file.
2024-12-17 15:49:35,274 [ERROR] LogOutputStream:75 - [STDERR_REDIRECT] 
2024-12-17 15:49:36,273 [ERROR] LogOutputStream:75 - [STDERR_REDIRECT] [Fatal Error] :1:1: Premature end of file.
2024-12-17 15:49:36,273 [ERROR] LogOutputStream:75 - [STDERR_REDIRECT] 
2024-12-17 15:49:37,273 [ERROR] LogOutputStream:75 - [STDERR_REDIRECT] [Fatal Error] :1:1: Premature end of file.
2024-12-17 15:49:37,273 [ERROR] LogOutputStream:75 - [STDERR_REDIRECT] 
2024-12-17 15:49:38,273 [ERROR] LogOutputStream:75 - [STDERR_REDIRECT] [Fatal Error] :1:1: Premature end of file.
2024-12-17 15:49:38,273 [ERROR] LogOutputStream:75 - [STDERR_REDIRECT] 
2024-12-17 15:49:39,269 [ERROR] LogOutputStream:75 - [STDERR_REDIRECT] [Fatal Error] :1:1: Premature end of file.
2024-12-17 15:49:39,269 [ERROR] LogOutputStream:75 - [STDERR_REDIRECT] 
2024-12-17 15:49:40,285 [ERROR] LogOutputStream:75 - [STDERR_REDIRECT] [Fatal Error] :1:1: Premature end of file.
2024-12-17 15:49:40,285 [ERROR] LogOutputStream:75 - [STDERR_REDIRECT] 
2024-12-17 15:49:41,274 [ERROR] LogOutputStream:75 - [STDERR_REDIRECT] [Fatal Error] :1:1: Premature end of file.
2024-12-17 15:49:41,274 [ERROR] LogOutputStream:75 - [STDERR_REDIRECT] 
2024-12-17 15:49:42,283 [ERROR] LogOutputStream:75 - [STDERR_REDIRECT] [Fatal Error] :1:1: Premature end of file.
2024-12-17 15:49:42,283 [ERROR] LogOutputStream:75 - [STDERR_REDIRECT] 
2024-12-17 15:49:43,287 [ERROR] LogOutputStream:75 - [STDERR_REDIRECT] [Fatal Error] :1:1: Premature end of file.
2024-12-17 15:49:43,287 [ERROR] LogOutputStream:75 - [STDERR_REDIRECT] 
2024-12-17 15:49:44,273 [ERROR] LogOutputStream:75 - [STDERR_REDIRECT] [Fatal Error] :1:1: Premature end of file.
2024-12-17 15:49:44,273 [ERROR] LogOutputStream:75 - [STDERR_REDIRECT] 
2024-12-17 15:49:45,268 [ERROR] LogOutputStream:75 - [STDERR_REDIRECT] [Fatal Error] :1:1: Premature end of file.
2024-12-17 15:49:45,268 [ERROR] LogOutputStream:75 - [STDERR_REDIRECT] 
2024-12-17 15:49:46,279 [ERROR] LogOutputStream:75 - [STDERR_REDIRECT] [Fatal Error] :1:1: Premature end of file.
2024-12-17 15:49:46,279 [ERROR] LogOutputStream:75 - [STDERR_REDIRECT] 
2024-12-17 15:49:47,274 [ERROR] LogOutputStream:75 - [STDERR_REDIRECT] [Fatal Error] :1:1: Premature end of file.
2024-12-17 15:49:47,274 [ERROR] LogOutputStream:75 - [STDERR_REDIRECT] 
2024-12-17 15:49:48,271 [ERROR] LogOutputStream:75 - [STDERR_REDIRECT] [Fatal Error] :1:1: Premature end of file.
2024-12-17 15:49:48,271 [ERROR] LogOutputStream:75 - [STDERR_REDIRECT] 
2024-12-17 15:49:49,282 [ERROR] LogOutputStream:75 - [STDERR_REDIRECT] [Fatal Error] :1:1: Premature end of file.
2024-12-17 15:49:49,282 [ERROR] LogOutputStream:75 - [STDERR_REDIRECT] 
2024-12-17 15:49:50,282 [ERROR] LogOutputStream:75 - [STDERR_REDIRECT] [Fatal Error] :1:1: Premature end of file.
2024-12-17 15:49:50,282 [ERROR] LogOutputStream:75 - [STDERR_REDIRECT] 
2024-12-17 15:49:51,268 [ERROR] LogOutputStream:75 - [STDERR_REDIRECT] [Fatal Error] :1:1: Premature end of file.
2024-12-17 15:49:51,268 [ERROR] LogOutputStream:75 - [STDERR_REDIRECT] 
2024-12-17 15:49:52,289 [ERROR] LogOutputStream:75 - [STDERR_REDIRECT] [Fatal Error] :1:1: Premature end of file.
2024-12-17 15:49:52,289 [ERROR] LogOutputStream:75 - [STDERR_REDIRECT] 
2024-12-17 15:49:53,280 [ERROR] LogOutputStream:75 - [STDERR_REDIRECT] [Fatal Error] :1:1: Premature end of file.
2024-12-17 15:49:53,280 [ERROR] LogOutputStream:75 - [STDERR_REDIRECT] 
2024-12-17 15:49:54,287 [ERROR] LogOutputStream:75 - [STDERR_REDIRECT] [Fatal Error] :1:1: Premature end of file.
2024-12-17 15:49:54,287 [ERROR] LogOutputStream:75 - [STDERR_REDIRECT] 
2024-12-17 15:49:55,275 [ERROR] LogOutputStream:75 - [STDERR_REDIRECT] [Fatal Error] :1:1: Premature end of file.
2024-12-17 15:49:55,275 [ERROR] LogOutputStream:75 - [STDERR_REDIRECT] 
2024-12-17 15:49:56,275 [ERROR] LogOutputStream:75 - [STDERR_REDIRECT] [Fatal Error] :1:1: Premature end of file.
2024-12-17 15:49:56,275 [ERROR] LogOutputStream:75 - [STDERR_REDIRECT] 
2024-12-17 15:49:57,273 [ERROR] LogOutputStream:75 - [STDERR_REDIRECT] [Fatal Error] :1:1: Premature end of file.
2024-12-17 15:49:57,273 [ERROR] LogOutputStream:75 - [STDERR_REDIRECT] 
2024-12-17 15:49:58,270 [ERROR] LogOutputStream:75 - [STDERR_REDIRECT] [Fatal Error] :1:1: Premature end of file.
2024-12-17 15:49:58,270 [ERROR] LogOutputStream:75 - [STDERR_REDIRECT] 
2024-12-17 15:49:59,283 [ERROR] LogOutputStream:75 - [STDERR_REDIRECT] [Fatal Error] :1:1: Premature end of file.
2024-12-17 15:49:59,283 [ERROR] LogOutputStream:75 - [STDERR_REDIRECT] 
2024-12-17 15:50:00,272 [ERROR] LogOutputStream:75 - [STDERR_REDIRECT] [Fatal Error] :1:1: Premature end of file.
2024-12-17 15:50:00,272 [ERROR] LogOutputStream:75 - [STDERR_REDIRECT] 
2024-12-17 15:50:01,269 [ERROR] LogOutputStream:75 - [STDERR_REDIRECT] [Fatal Error] :1:1: Premature end of file.
2024-12-17 15:50:01,269 [ERROR] LogOutputStream:75 - [STDERR_REDIRECT] 
2024-12-17 15:50:02,278 [ERROR] LogOutputStream:75 - [STDERR_REDIRECT] [Fatal Error] :1:1: Premature end of file.
2024-12-17 15:50:02,278 [ERROR] LogOutputStream:75 - [STDERR_REDIRECT] 
2024-12-17 15:50:03,276 [ERROR] LogOutputStream:75 - [STDERR_REDIRECT] [Fatal Error] :1:1: Premature end of file.
2024-12-17 15:50:03,276 [ERROR] LogOutputStream:75 - [STDERR_REDIRECT] 
2024-12-17 15:50:04,285 [ERROR] LogOutputStream:75 - [STDERR_REDIRECT] [Fatal Error] :1:1: Premature end of file.
2024-12-17 15:50:04,285 [ERROR] LogOutputStream:75 - [STDERR_REDIRECT] 
2024-12-17 15:50:05,270 [ERROR] LogOutputStream:75 - [STDERR_REDIRECT] [Fatal Error] :1:1: Premature end of file.
2024-12-17 15:50:05,270 [ERROR] LogOutputStream:75 - [STDERR_REDIRECT] 
2024-12-17 15:50:06,270 [ERROR] LogOutputStream:75 - [STDERR_REDIRECT] [Fatal Error] :1:1: Premature end of file.
2024-12-17 15:50:06,270 [ERROR] LogOutputStream:75 - [STDERR_REDIRECT] 
2024-12-17 15:50:07,275 [ERROR] LogOutputStream:75 - [STDERR_REDIRECT] [Fatal Error] :1:1: Premature end of file.
2024-12-17 15:50:07,275 [ERROR] LogOutputStream:75 - [STDERR_REDIRECT] 
2024-12-17 15:50:08,274 [ERROR] LogOutputStream:75 - [STDERR_REDIRECT] [Fatal Error] :1:1: Premature end of file.
2024-12-17 15:50:08,274 [ERROR] LogOutputStream:75 - [STDERR_REDIRECT] 
2024-12-17 15:50:09,276 [ERROR] LogOutputStream:75 - [STDERR_REDIRECT] [Fatal Error] :1:1: Premature end of file.
2024-12-17 15:50:09,276 [ERROR] LogOutputStream:75 - [STDERR_REDIRECT] 
2024-12-17 15:50:10,079 [ERROR] LogOutputStream:75 - [STDERR_REDIRECT] 
2024-12-17 15:50:10,079 [ERROR] LogOutputStream:75 - [STDERR_REDIRECT] 
2024-12-17 16:02:35,693 [INFO] Activator:176 - 


2024-12-17 16:02:35,695 [INFO] Activator:177 - !SESSION log4j initialized
2024-12-17 16:02:40,560 [INFO] LogOutputStream:77 - [STDOUT_REDIRECT] 
2024-12-17 16:02:41,663 [INFO] ApplicationProperties:184 - Using Application install path: C:\ST\STM32CubeIDE_1.17.0\STM32CubeIDE\plugins\com.st.stm32cube.common.mx_6.13.0.202411220809
2024-12-17 16:02:41,700 [INFO] DbMcusXml:78 - Set database path to: C:\ST\STM32CubeIDE_1.17.0\STM32CubeIDE\plugins\com.st.stm32cube.common.mx_6.13.0.202411220809\\db\/mcu/
2024-12-17 16:02:41,701 [INFO] ApiDb:274 - Set plugin database path to: C:\ST\STM32CubeIDE_1.17.0\STM32CubeIDE\plugins\com.st.stm32cube.common.mx_6.13.0.202411220809\\db\/plugins/boardmanager/
2024-12-17 16:02:41,701 [WARN] ApiDb:259 - Overriding images path with different value:  => C:\ST\STM32CubeIDE_1.17.0\STM32CubeIDE\plugins\com.st.stm32cube.common.mx_6.13.0.202411220809\\db\/plugins/mcufinder/images/
2024-12-17 16:02:41,709 [INFO] ApiDb:250 - Set database path to: C:\Users\o1yus\.stmcufinder\plugins\mcufinder//mcu/
2024-12-17 16:02:41,712 [INFO] DbMcusAds:125 - Set database path to: C:\Users\o1yus\.stmcufinder\plugins\mcufinder//mcu/
2024-12-17 16:02:41,717 [INFO] CrossReferenceDbSqlite:203 - Set database path to: C:\Users\o1yus\.stmcufinder\plugins\mcufinder//mcu/cs/
2024-12-17 16:02:41,925 [INFO] RulesReader:64 - Compatibility file has been processed (297 Rules)
2024-12-17 16:02:42,067 [INFO] DbMcusXml:78 - Set database path to: C:\ST\STM32CubeIDE_1.17.0\STM32CubeIDE\plugins\com.st.stm32cube.common.mx_6.13.0.202411220809\\db\/mcu/
2024-12-17 16:02:42,068 [INFO] ApiDb:274 - Set plugin database path to: C:\ST\STM32CubeIDE_1.17.0\STM32CubeIDE\plugins\com.st.stm32cube.common.mx_6.13.0.202411220809\\db\/plugins/boardmanager/
2024-12-17 16:02:42,068 [INFO] ApiDb:261 - Set plugin images path to: C:\ST\STM32CubeIDE_1.17.0\STM32CubeIDE\plugins\com.st.stm32cube.common.mx_6.13.0.202411220809\\db\/plugins/mcufinder/images/
2024-12-17 16:02:42,068 [WARN] DbFile:41 - Overriding database path with different value: C:\Users\o1yus\.stmcufinder\plugins\mcufinder/ => C:\Users\o1yus\.stmcufinder\plugins\mcufinder
2024-12-17 16:02:42,068 [INFO] ApiDb:250 - Set database path to: C:\Users\o1yus\.stmcufinder\plugins\mcufinder//mcu/
2024-12-17 16:02:42,068 [WARN] DbFile:41 - Overriding database path with different value: C:\Users\o1yus\.stmcufinder\plugins\mcufinder/ => C:\Users\o1yus\.stmcufinder\plugins\mcufinder
2024-12-17 16:02:42,068 [INFO] DbMcusAds:125 - Set database path to: C:\Users\o1yus\.stmcufinder\plugins\mcufinder//mcu/
2024-12-17 16:02:42,068 [WARN] DbFile:41 - Overriding database path with different value: C:\Users\o1yus\.stmcufinder\plugins\mcufinder/ => C:\Users\o1yus\.stmcufinder\plugins\mcufinder
2024-12-17 16:02:42,068 [WARN] DbFile:41 - Overriding database path with different value: C:\Users\o1yus\.stmcufinder\plugins\mcufinder/ => C:\Users\o1yus\.stmcufinder\plugins\mcufinder
2024-12-17 16:02:42,068 [INFO] CrossReferenceDbSqlite:203 - Set database path to: C:\Users\o1yus\.stmcufinder\plugins\mcufinder//mcu/cs/
2024-12-17 16:02:42,175 [INFO] MainPanel:272 - HeapMemory: 268435456
2024-12-17 16:02:42,332 [INFO] DbMcusXml:78 - Set database path to: C:\ST\STM32CubeIDE_1.17.0\STM32CubeIDE\plugins\com.st.stm32cube.common.mx_6.13.0.202411220809\\db\/mcu/
2024-12-17 16:02:42,332 [INFO] ApiDb:274 - Set plugin database path to: C:\ST\STM32CubeIDE_1.17.0\STM32CubeIDE\plugins\com.st.stm32cube.common.mx_6.13.0.202411220809\\db\/plugins/boardmanager/
2024-12-17 16:02:42,332 [INFO] ApiDb:261 - Set plugin images path to: C:\ST\STM32CubeIDE_1.17.0\STM32CubeIDE\plugins\com.st.stm32cube.common.mx_6.13.0.202411220809\\db\/plugins/mcufinder/images/
2024-12-17 16:02:42,332 [WARN] DbFile:41 - Overriding database path with different value: C:\Users\o1yus\.stmcufinder\plugins\mcufinder/ => C:\Users\o1yus\.stmcufinder\plugins\mcufinder
2024-12-17 16:02:42,332 [INFO] ApiDb:250 - Set database path to: C:\Users\o1yus\.stmcufinder\plugins\mcufinder//mcu/
2024-12-17 16:02:42,332 [WARN] DbFile:41 - Overriding database path with different value: C:\Users\o1yus\.stmcufinder\plugins\mcufinder/ => C:\Users\o1yus\.stmcufinder\plugins\mcufinder
2024-12-17 16:02:42,333 [INFO] DbMcusAds:125 - Set database path to: C:\Users\o1yus\.stmcufinder\plugins\mcufinder//mcu/
2024-12-17 16:02:42,333 [WARN] DbFile:41 - Overriding database path with different value: C:\Users\o1yus\.stmcufinder\plugins\mcufinder/ => C:\Users\o1yus\.stmcufinder\plugins\mcufinder
2024-12-17 16:02:42,333 [WARN] DbFile:41 - Overriding database path with different value: C:\Users\o1yus\.stmcufinder\plugins\mcufinder/ => C:\Users\o1yus\.stmcufinder\plugins\mcufinder
2024-12-17 16:02:42,333 [INFO] CrossReferenceDbSqlite:203 - Set database path to: C:\Users\o1yus\.stmcufinder\plugins\mcufinder//mcu/cs/
2024-12-17 16:02:42,348 [INFO] ApplicationProperties:184 - Using Application install path: C:\ST\STM32CubeIDE_1.17.0\STM32CubeIDE\plugins\com.st.stm32cube.common.mx_6.13.0.202411220809
2024-12-17 16:02:42,349 [INFO] PluginManage:196 - Search for loadable plugins [exclusion list=, ]
2024-12-17 16:02:42,350 [INFO] PluginManage:310 - Check plugin analytics
2024-12-17 16:02:42,648 [INFO] AnalyticsPlugin:253 - Accepted Software Licenses: 
2024-12-17 16:02:42,648 [INFO] AnalyticsPlugin:255 - Accepted CMSIS Pack Licenses: 
2024-12-17 16:02:42,648 [INFO] AnalyticsPlugin:257 - Accepted Firmware Licenses: 
2024-12-17 16:02:42,654 [INFO] PluginManage:359 - Loaded plugin analytics (category:tool,tabindex:-1)
2024-12-17 16:02:42,655 [INFO] PluginManage:310 - Check plugin cadmodel
2024-12-17 16:02:42,663 [INFO] CADModel:105 - Init CAD model plugin
2024-12-17 16:02:42,663 [INFO] PluginManage:359 - Loaded plugin cadmodel (category:power,tabindex:5)
2024-12-17 16:02:42,663 [INFO] PluginManage:310 - Check plugin clock
2024-12-17 16:02:42,682 [INFO] PluginManage:359 - Loaded plugin clock (category:base,tabindex:2)
2024-12-17 16:02:42,682 [INFO] PluginManage:310 - Check plugin ddr
2024-12-17 16:02:42,686 [INFO] PluginManage:359 - Loaded plugin ddr (category:tool,tabindex:6)
2024-12-17 16:02:42,687 [INFO] PluginManage:310 - Check plugin filemanager
2024-12-17 16:02:42,820 [INFO] PluginManage:359 - Loaded plugin filemanager (category:base,tabindex:10)
2024-12-17 16:02:42,820 [INFO] PluginManage:310 - Check plugin ipmanager
2024-12-17 16:02:42,826 [INFO] PluginManage:359 - Loaded plugin ipmanager (category:base,tabindex:5)
2024-12-17 16:02:42,826 [INFO] PluginManage:310 - Check plugin lpbam
2024-12-17 16:02:42,832 [INFO] PluginManage:359 - Loaded plugin lpbam (category:base,tabindex:0)
2024-12-17 16:02:42,832 [INFO] PluginManage:310 - Check plugin memorymap
2024-12-17 16:02:42,839 [INFO] PluginManage:359 - Loaded plugin memorymap (category:base,tabindex:4)
2024-12-17 16:02:42,839 [INFO] PluginManage:310 - Check plugin pinoutandconfiguration
2024-12-17 16:02:42,845 [INFO] PluginManage:359 - Loaded plugin pinoutandconfiguration (category:base,tabindex:1)
2024-12-17 16:02:42,845 [INFO] PluginManage:310 - Check plugin pinoutconfig
2024-12-17 16:02:42,908 [WARN] SupportedApi:132 - Cannot load RTOS API schema: s4s-elt-must-match.1: The content of 'definitions' must match (annotation?, (simpleType | complexType)?, (unique | key | keyref)*)). A problem was found starting at: attribute.
2024-12-17 16:02:43,000 [INFO] PluginManage:359 - Loaded plugin pinoutconfig (category:base,tabindex:0)
2024-12-17 16:02:43,000 [INFO] PluginManage:310 - Check plugin power
2024-12-17 16:02:43,009 [INFO] PluginManage:359 - Loaded plugin power (category:power,tabindex:4)
2024-12-17 16:02:43,009 [INFO] PluginManage:310 - Check plugin projectmanager
2024-12-17 16:02:43,024 [INFO] PluginManage:359 - Loaded plugin projectmanager (category:projectmanager,tabindex:4)
2024-12-17 16:02:43,024 [INFO] PluginManage:310 - Check plugin rif
2024-12-17 16:02:43,029 [INFO] PluginManage:359 - Loaded plugin rif (category:base,tabindex:3)
2024-12-17 16:02:43,029 [INFO] PluginManage:310 - Check plugin thirdparty
2024-12-17 16:02:43,153 [WARN] IntegrityCheckThread:84 - waiting for thirdparty lock release [integrity check]
2024-12-17 16:02:43,153 [INFO] PluginManage:359 - Loaded plugin thirdparty (category:base,tabindex:-1)
2024-12-17 16:02:43,153 [INFO] IntegrityCheckThread:86 - entering critical section [integrity check]
2024-12-17 16:02:43,153 [INFO] PluginManage:310 - Check plugin tools
2024-12-17 16:02:43,153 [INFO] ThirdPartyUpdaterWithRetryManager:70 - Updater plugin not ready yet. [1/15]
2024-12-17 16:02:43,158 [INFO] PluginManage:359 - Loaded plugin tools (category:base,tabindex:7)
2024-12-17 16:02:43,158 [INFO] PluginManage:310 - Check plugin tutovideos
2024-12-17 16:02:43,268 [INFO] PluginManage:359 - Loaded plugin tutovideos (category:base,tabindex:-1)
2024-12-17 16:02:43,269 [INFO] PluginManage:310 - Check plugin updater
2024-12-17 16:02:43,284 [INFO] PluginManage:359 - Loaded plugin updater (category:base,tabindex:12)
2024-12-17 16:02:43,284 [INFO] PluginManage:310 - Check plugin userauth
2024-12-17 16:02:43,287 [INFO] UserAuth:118 - Init User Auth plugin
2024-12-17 16:02:43,288 [INFO] PluginManage:359 - Loaded plugin userauth (category:base,tabindex:14)
2024-12-17 16:02:43,288 [INFO] PluginManage:283 - PluginManage : Loaded plugins [18]
2024-12-17 16:02:43,437 [INFO] PinOutPanel:1589 - setPackage(No Configuration,No Configuration)
2024-12-17 16:02:43,508 [INFO] CADModel:165 - CPN selected for project level
2024-12-17 16:02:43,508 [INFO] CADModel:114 - Register for checkConnection events
2024-12-17 16:02:43,522 [INFO] IPUIPlugin:80 - create IPUIPlugin
2024-12-17 16:02:43,522 [INFO] PluginManager:220 - loadIPPluginJar : add adc
2024-12-17 16:02:43,524 [INFO] IPUIPlugin:80 - create IPUIPlugin
2024-12-17 16:02:43,524 [INFO] PluginManager:220 - loadIPPluginJar : add aes
2024-12-17 16:02:43,526 [INFO] IPUIPlugin:80 - create IPUIPlugin
2024-12-17 16:02:43,526 [INFO] PluginManager:220 - loadIPPluginJar : add can
2024-12-17 16:02:43,528 [INFO] IPUIPlugin:80 - create IPUIPlugin
2024-12-17 16:02:43,528 [INFO] PluginManager:220 - loadIPPluginJar : add comp
2024-12-17 16:02:43,529 [INFO] IPUIPlugin:80 - create IPUIPlugin
2024-12-17 16:02:43,529 [INFO] PluginManager:220 - loadIPPluginJar : add cryp
2024-12-17 16:02:43,531 [INFO] IPUIPlugin:80 - create IPUIPlugin
2024-12-17 16:02:43,532 [INFO] PluginManager:220 - loadIPPluginJar : add ddr_ctrl_phy
2024-12-17 16:02:43,533 [INFO] IPUIPlugin:80 - create IPUIPlugin
2024-12-17 16:02:43,533 [INFO] PluginManager:220 - loadIPPluginJar : add dfsdm
2024-12-17 16:02:43,536 [INFO] IPUIPlugin:80 - create IPUIPlugin
2024-12-17 16:02:43,536 [INFO] PluginManager:220 - loadIPPluginJar : add dma
2024-12-17 16:02:43,538 [INFO] IPUIPlugin:80 - create IPUIPlugin
2024-12-17 16:02:43,538 [INFO] PluginManager:220 - loadIPPluginJar : add dma3
2024-12-17 16:02:43,539 [INFO] IPUIPlugin:80 - create IPUIPlugin
2024-12-17 16:02:43,539 [INFO] PluginManager:220 - loadIPPluginJar : add extmemmanager
2024-12-17 16:02:43,540 [INFO] IPUIPlugin:80 - create IPUIPlugin
2024-12-17 16:02:43,540 [INFO] PluginManager:220 - loadIPPluginJar : add fatfs
2024-12-17 16:02:43,543 [INFO] IPUIPlugin:80 - create IPUIPlugin
2024-12-17 16:02:43,543 [INFO] PluginManager:220 - loadIPPluginJar : add fmc
2024-12-17 16:02:43,546 [INFO] IPUIPlugin:80 - create IPUIPlugin
2024-12-17 16:02:43,546 [INFO] PluginManager:220 - loadIPPluginJar : add freertos
2024-12-17 16:02:43,547 [INFO] IPUIPlugin:80 - create IPUIPlugin
2024-12-17 16:02:43,547 [INFO] PluginManager:220 - loadIPPluginJar : add genericplugin
2024-12-17 16:02:43,549 [INFO] IPUIPlugin:80 - create IPUIPlugin
2024-12-17 16:02:43,549 [INFO] PluginManager:220 - loadIPPluginJar : add gfxmmu
2024-12-17 16:02:43,552 [INFO] IPUIPlugin:80 - create IPUIPlugin
2024-12-17 16:02:43,552 [INFO] PluginManager:220 - loadIPPluginJar : add gic
2024-12-17 16:02:43,554 [INFO] IPUIPlugin:80 - create IPUIPlugin
2024-12-17 16:02:43,555 [INFO] PluginManager:220 - loadIPPluginJar : add gpio
2024-12-17 16:02:43,556 [INFO] IPUIPlugin:80 - create IPUIPlugin
2024-12-17 16:02:43,556 [INFO] PluginManager:220 - loadIPPluginJar : add gtzc
2024-12-17 16:02:43,558 [INFO] IPUIPlugin:80 - create IPUIPlugin
2024-12-17 16:02:43,558 [INFO] PluginManager:220 - loadIPPluginJar : add hash
2024-12-17 16:02:43,561 [INFO] IPUIPlugin:80 - create IPUIPlugin
2024-12-17 16:02:43,561 [INFO] PluginManager:220 - loadIPPluginJar : add i2c
2024-12-17 16:02:43,563 [INFO] IPUIPlugin:80 - create IPUIPlugin
2024-12-17 16:02:43,564 [INFO] PluginManager:220 - loadIPPluginJar : add i2s
2024-12-17 16:02:43,566 [INFO] IPUIPlugin:80 - create IPUIPlugin
2024-12-17 16:02:43,567 [INFO] PluginManager:220 - loadIPPluginJar : add i3c
2024-12-17 16:02:43,569 [INFO] IPUIPlugin:80 - create IPUIPlugin
2024-12-17 16:02:43,570 [INFO] PluginManager:220 - loadIPPluginJar : add ipddr
2024-12-17 16:02:43,574 [INFO] IPUIPlugin:80 - create IPUIPlugin
2024-12-17 16:02:43,575 [INFO] PluginManager:220 - loadIPPluginJar : add linkedlist
2024-12-17 16:02:43,578 [INFO] IPUIPlugin:80 - create IPUIPlugin
2024-12-17 16:02:43,578 [INFO] PluginManager:220 - loadIPPluginJar : add lorawan
2024-12-17 16:02:43,579 [INFO] IPUIPlugin:80 - create IPUIPlugin
2024-12-17 16:02:43,580 [INFO] PluginManager:220 - loadIPPluginJar : add ltdc
2024-12-17 16:02:43,583 [INFO] IPUIPlugin:80 - create IPUIPlugin
2024-12-17 16:02:43,583 [INFO] PluginManager:220 - loadIPPluginJar : add mdma
2024-12-17 16:02:43,585 [INFO] IPUIPlugin:80 - create IPUIPlugin
2024-12-17 16:02:43,585 [INFO] PluginManager:220 - loadIPPluginJar : add nvic
2024-12-17 16:02:43,587 [INFO] IPUIPlugin:80 - create IPUIPlugin
2024-12-17 16:02:43,587 [INFO] PluginManager:220 - loadIPPluginJar : add opamp
2024-12-17 16:02:43,589 [INFO] IPUIPlugin:80 - create IPUIPlugin
2024-12-17 16:02:43,589 [INFO] PluginManager:220 - loadIPPluginJar : add openamp
2024-12-17 16:02:43,591 [INFO] IPUIPlugin:80 - create IPUIPlugin
2024-12-17 16:02:43,592 [INFO] PluginManager:220 - loadIPPluginJar : add pdm2pcm
2024-12-17 16:02:43,596 [INFO] IPUIPlugin:80 - create IPUIPlugin
2024-12-17 16:02:43,597 [INFO] PluginManager:220 - loadIPPluginJar : add plateformsettings
2024-12-17 16:02:43,598 [INFO] IPUIPlugin:80 - create IPUIPlugin
2024-12-17 16:02:43,598 [INFO] PluginManager:220 - loadIPPluginJar : add quadspi
2024-12-17 16:02:43,599 [INFO] IPUIPlugin:80 - create IPUIPlugin
2024-12-17 16:02:43,600 [INFO] PluginManager:220 - loadIPPluginJar : add radio
2024-12-17 16:02:43,602 [INFO] IPUIPlugin:80 - create IPUIPlugin
2024-12-17 16:02:43,602 [INFO] PluginManager:220 - loadIPPluginJar : add resmgrutility
2024-12-17 16:02:43,604 [INFO] IPUIPlugin:80 - create IPUIPlugin
2024-12-17 16:02:43,604 [INFO] PluginManager:220 - loadIPPluginJar : add sai
2024-12-17 16:02:43,606 [INFO] IPUIPlugin:80 - create IPUIPlugin
2024-12-17 16:02:43,606 [INFO] PluginManager:220 - loadIPPluginJar : add spi
2024-12-17 16:02:43,610 [INFO] IPUIPlugin:80 - create IPUIPlugin
2024-12-17 16:02:43,610 [INFO] PluginManager:220 - loadIPPluginJar : add stm32_wpan
2024-12-17 16:02:43,612 [INFO] IPUIPlugin:80 - create IPUIPlugin
2024-12-17 16:02:43,612 [INFO] PluginManager:220 - loadIPPluginJar : add tim
2024-12-17 16:02:43,614 [INFO] IPUIPlugin:80 - create IPUIPlugin
2024-12-17 16:02:43,614 [INFO] PluginManager:220 - loadIPPluginJar : add touchsensing
2024-12-17 16:02:43,616 [INFO] IPUIPlugin:80 - create IPUIPlugin
2024-12-17 16:02:43,616 [INFO] PluginManager:220 - loadIPPluginJar : add tracer_emb
2024-12-17 16:02:43,617 [INFO] IPUIPlugin:80 - create IPUIPlugin
2024-12-17 16:02:43,617 [INFO] PluginManager:220 - loadIPPluginJar : add ts
2024-12-17 16:02:43,618 [INFO] IPUIPlugin:80 - create IPUIPlugin
2024-12-17 16:02:43,618 [INFO] PluginManager:220 - loadIPPluginJar : add tsc
2024-12-17 16:02:43,620 [INFO] IPUIPlugin:80 - create IPUIPlugin
2024-12-17 16:02:43,620 [INFO] PluginManager:220 - loadIPPluginJar : add ucpd
2024-12-17 16:02:43,622 [INFO] IPUIPlugin:80 - create IPUIPlugin
2024-12-17 16:02:43,622 [INFO] PluginManager:220 - loadIPPluginJar : add usart
2024-12-17 16:02:43,624 [INFO] IPUIPlugin:80 - create IPUIPlugin
2024-12-17 16:02:43,624 [INFO] PluginManager:220 - loadIPPluginJar : add usbx
2024-12-17 16:02:43,745 [FATAL] Updater:351 - Updater called before beeing initialized
2024-12-17 16:02:43,771 [INFO] RulesReader:64 - Compatibility file has been processed (297 Rules)
2024-12-17 16:02:43,779 [INFO] RulesReader:64 - Compatibility file has been processed (297 Rules)
2024-12-17 16:02:43,788 [INFO] CADModel:165 - CPN selected for project level
2024-12-17 16:02:43,788 [INFO] CADModel:114 - Register for checkConnection events
2024-12-17 16:02:43,788 [FATAL] Updater:351 - Updater called before beeing initialized
2024-12-17 16:02:43,788 [ERROR] CADModel:125 - Updater not yet initialized, retry later 
2024-12-17 16:02:43,915 [FATAL] Updater:351 - Updater called before beeing initialized
2024-12-17 16:02:43,917 [INFO] CADModel:165 - CPN selected for project level
2024-12-17 16:02:43,917 [INFO] CADModel:114 - Register for checkConnection events
2024-12-17 16:02:43,917 [FATAL] Updater:351 - Updater called before beeing initialized
2024-12-17 16:02:43,917 [ERROR] CADModel:125 - Updater not yet initialized, retry later 
2024-12-17 16:02:43,934 [FATAL] Updater:351 - Updater called before beeing initialized
2024-12-17 16:02:44,008 [FATAL] Updater:351 - Updater called before beeing initialized
2024-12-17 16:02:44,010 [INFO] DbMcusAds:53 - JSON generation date=Fri Sep 20 16:04:23 TRT 2024 (1726837463113)
2024-12-17 16:02:44,010 [FATAL] Updater:351 - Updater called before beeing initialized
2024-12-17 16:02:44,031 [WARN] DetailPanel:346 - Failed to get advertising image, set to default
2024-12-17 16:02:44,179 [FATAL] Updater:351 - Updater called before beeing initialized
2024-12-17 16:02:44,180 [FATAL] Updater:351 - Updater called before beeing initialized
2024-12-17 16:02:44,180 [FATAL] Updater:351 - Updater called before beeing initialized
2024-12-17 16:02:44,181 [WARN] DetailPanel:346 - Failed to get advertising image, set to default
2024-12-17 16:02:44,181 [FATAL] Updater:351 - Updater called before beeing initialized
2024-12-17 16:02:44,215 [ERROR] Updater:1198 - MainUpdater not yet initialized. External WinMGr cannot be set.
2024-12-17 16:02:44,217 [INFO] Updater:1134 - Updater Version found : 6.13.0
2024-12-17 16:02:44,228 [INFO] ApplicationProperties:184 - Using Application install path: C:\ST\STM32CubeIDE_1.17.0\STM32CubeIDE\plugins\com.st.stm32cube.common.mx_6.13.0.202411220809
2024-12-17 16:02:45,794 [ERROR] LogOutputStream:75 - [STDERR_REDIRECT] Dec 17, 2024 4:02:45 PM java.util.prefs.WindowsPreferences <init>
2024-12-17 16:02:45,795 [ERROR] LogOutputStream:75 - [STDERR_REDIRECT] WARNING: Could not open/create prefs root node Software\JavaSoft\Prefs at root 0xffffffff80000002. Windows RegCreateKeyEx(...) returned error code 5.
2024-12-17 16:02:45,795 [ERROR] LogOutputStream:75 - [STDERR_REDIRECT] 
2024-12-17 16:02:46,155 [INFO] ThirdPartyUpdaterWithRetryManager:70 - Updater plugin not ready yet. [2/15]
2024-12-17 16:02:46,262 [INFO] MainUpdater:2872 - connection check result : 10
2024-12-17 16:02:46,263 [INFO] MainUpdater:289 - Updater Check For Update Now.
2024-12-17 16:02:46,263 [INFO] MicroXplorer:498 - Change Database Version : DB.6.0.130
2024-12-17 16:02:46,282 [INFO] McuFinderGlobals:63 - Set McuFinder mode to 2 (CubeIDE integrated)
2024-12-17 16:02:46,282 [INFO] UserAuth:171 - activating auth plugin
2024-12-17 16:02:46,285 [INFO] UserAuth:486 - Internet connection configuration mode: 1
2024-12-17 16:02:46,315 [INFO] JxBrowserEngine:152 - Initiate JxBrowser Engine with user profile folder
2024-12-17 16:02:46,421 [INFO] CheckServerUpdateThread:120 - End of CheckServer Thread
2024-12-17 16:02:46,760 [INFO] WebApp:168 - Instantiating new browser for Auth
2024-12-17 16:02:47,210 [INFO] WebApp:449 - Apply proxy settings
2024-12-17 16:02:47,210 [INFO] WebApp:534 - Chromium requires no authentication
2024-12-17 16:02:47,215 [INFO] WebApp:477 - Direct internet connection detected
2024-12-17 16:02:47,230 [INFO] WebApp:880 - Register for checkConnection events
2024-12-17 16:02:47,230 [INFO] WebApp:449 - Apply proxy settings
2024-12-17 16:02:47,231 [INFO] WebApp:534 - Chromium requires no authentication
2024-12-17 16:02:47,231 [INFO] WebApp:477 - Direct internet connection detected
2024-12-17 16:02:47,337 [INFO] WebApp:221 - Starting web application
2024-12-17 16:02:47,337 [INFO] WebApp:579 - Web application path used C:\ST\STM32CubeIDE_1.17.0\STM32CubeIDE\plugins\com.st.stm32cube.common.mx_6.13.0.202411220809\db\plugins\mcufinder\reactClient1\index.html
2024-12-17 16:02:47,462 [ERROR] LogOutputStream:75 - [STDERR_REDIRECT] [Fatal Error] :1:1: Premature end of file.
2024-12-17 16:02:47,463 [ERROR] LogOutputStream:75 - [STDERR_REDIRECT] 
2024-12-17 16:02:48,062 [INFO] WebApp:187 - Connection restablished
2024-12-17 16:02:48,450 [ERROR] LogOutputStream:75 - [STDERR_REDIRECT] [Fatal Error] :1:1: Premature end of file.
2024-12-17 16:02:48,450 [ERROR] LogOutputStream:75 - [STDERR_REDIRECT] 
2024-12-17 16:02:49,263 [WARN] PackLoader:240 - Cannot read IP mode file for STMicroelectronics.FP-SNS-MOTENVWB1.1.4.0
2024-12-17 16:02:49,272 [WARN] PackLoader:240 - Cannot read IP mode file for STMicroelectronics.FP-ATR-ASTRA1.2.0.1
2024-12-17 16:02:49,278 [WARN] PackLoader:240 - Cannot read IP mode file for STMicroelectronics.X-CUBE-SMBUS.2.1.0
2024-12-17 16:02:49,284 [WARN] PackLoader:240 - Cannot read IP mode file for STMicroelectronics.X-CUBE-WB05N.1.1.0
2024-12-17 16:02:49,303 [WARN] PackLoader:240 - Cannot read IP mode file for STMicroelectronics.X-CUBE-AZRTOS-F7.1.1.0
2024-12-17 16:02:49,338 [WARN] PackLoader:240 - Cannot read IP mode file for STMicroelectronics.X-CUBE-MEMS1.11.0.0
2024-12-17 16:02:49,415 [WARN] PackLoader:240 - Cannot read IP mode file for STMicroelectronics.FP-SNS-FLIGHT1.5.0.2
2024-12-17 16:02:49,429 [WARN] PackLoader:240 - Cannot read IP mode file for Infineon.AIROC-Wi-Fi-Bluetooth-STM32.1.7.0
2024-12-17 16:02:49,438 [WARN] PackLoader:240 - Cannot read IP mode file for STMicroelectronics.X-CUBE-DISPLAY.3.0.0
2024-12-17 16:02:49,443 [WARN] PackLoader:240 - Cannot read IP mode file for STMicroelectronics.X-CUBE-BLE1.7.0.0
2024-12-17 16:02:49,446 [WARN] PackLoader:240 - Cannot read IP mode file for STMicroelectronics.X-CUBE-NFC10.1.0.0
2024-12-17 16:02:49,452 [WARN] PackLoader:240 - Cannot read IP mode file for STMicroelectronics.X-CUBE-BLEMGR.4.0.0
2024-12-17 16:02:49,457 [WARN] PackLoader:240 - Cannot read IP mode file for emotas.I-CUBE-CANOPEN.1.3.0
2024-12-17 16:02:49,458 [ERROR] LogOutputStream:75 - [STDERR_REDIRECT] [Fatal Error] :1:1: Premature end of file.
2024-12-17 16:02:49,459 [ERROR] LogOutputStream:75 - [STDERR_REDIRECT] 
2024-12-17 16:02:49,462 [WARN] PackLoader:240 - Cannot read IP mode file for STMicroelectronics.FP-SNS-SMARTAG2.1.2.0
2024-12-17 16:02:49,471 [INFO] LogOutputStream:77 - [STDOUT_REDIRECT] 1 : Invalid condition id : UX_CORESTACK_Condition cause : null
2024-12-17 16:02:49,472 [INFO] LogOutputStream:77 - [STDOUT_REDIRECT] 1 : Invalid condition id : UX_CORESTACK_Condition cause : null
2024-12-17 16:02:49,473 [INFO] LogOutputStream:77 - [STDOUT_REDIRECT] 1 : Invalid condition id : UX_CORESTACK_Condition cause : null
2024-12-17 16:02:49,474 [INFO] LogOutputStream:77 - [STDOUT_REDIRECT] 1 : Invalid condition id : UX_CORESTACK_Condition cause : null
2024-12-17 16:02:49,475 [INFO] LogOutputStream:77 - [STDOUT_REDIRECT] 1 : Invalid condition id : UX_CORESTACK_Condition cause : null
2024-12-17 16:02:49,477 [WARN] PackLoader:240 - Cannot read IP mode file for STMicroelectronics.X-CUBE-AZRTOS-WL.2.0.0
2024-12-17 16:02:49,480 [WARN] PackLoader:240 - Cannot read IP mode file for STMicroelectronics.FP-SNS-MOTENV1.5.0.0
2024-12-17 16:02:49,483 [WARN] PackLoader:240 - Cannot read IP mode file for wolfSSL.I-CUBE-wolfMQTT.1.19.0
2024-12-17 16:02:49,491 [WARN] PackLoader:240 - Cannot read IP mode file for WES.I-CUBE-Cesium.1.3.0
2024-12-17 16:02:49,494 [WARN] PackLoader:240 - Cannot read IP mode file for STMicroelectronics.X-CUBE-BLE2.3.3.0
2024-12-17 16:02:49,498 [WARN] PackLoader:240 - Cannot read IP mode file for STMicroelectronics.X-CUBE-NFC9.1.0.0
2024-12-17 16:02:49,514 [WARN] PackLoader:240 - Cannot read IP mode file for STMicroelectronics.X-CUBE-AZRTOS-G0.1.1.0
2024-12-17 16:02:49,520 [WARN] PackLoader:240 - Cannot read IP mode file for STMicroelectronics.X-CUBE-SAFEA1.1.2.2
2024-12-17 16:02:49,527 [WARN] PackLoader:240 - Cannot read IP mode file for STMicroelectronics.X-CUBE-NFC4.3.0.0
2024-12-17 16:02:49,535 [WARN] PackLoader:240 - Cannot read IP mode file for EmbeddedOffice.I-CUBE-FS-RTOS.1.0.1
2024-12-17 16:02:49,563 [WARN] PackLoader:240 - Cannot read IP mode file for STMicroelectronics.X-CUBE-TCPP.4.2.0
2024-12-17 16:02:49,572 [WARN] PackLoader:240 - Cannot read IP mode file for RealThread.X-CUBE-RT-Thread_Nano.4.1.1
2024-12-17 16:02:49,577 [WARN] PackLoader:240 - Cannot read IP mode file for STMicroelectronics.FP-ATR-SIGFOX1.3.2.0
2024-12-17 16:02:49,581 [WARN] ConditionMgr:438 - getConditionDescription Invalid condition id : Cortex-A Device cause : null
2024-12-17 16:02:49,614 [WARN] ConditionMgr:1044 - genDependencies : Invalid condition id : Cortex-A Device cause : null
2024-12-17 16:02:49,614 [WARN] ConditionMgr:1044 - genDependencies : Invalid condition id : Cortex-A Device cause : null
2024-12-17 16:02:49,614 [WARN] ConditionMgr:1044 - genDependencies : Invalid condition id : Cortex-A Device cause : null
2024-12-17 16:02:49,618 [WARN] PackLoader:240 - Cannot read IP mode file for STMicroelectronics.X-CUBE-EEPRMA1.5.1.0
2024-12-17 16:02:49,622 [WARN] PackLoader:240 - Cannot read IP mode file for wolfSSL.I-CUBE-wolfSSL.5.7.4
2024-12-17 16:02:49,625 [WARN] PackLoader:240 - Cannot read IP mode file for ITTIA_DB.I-CUBE-ITTIADB.8.9.0
2024-12-17 16:02:49,644 [WARN] PackLoader:240 - Cannot read IP mode file for SEGGER.I-CUBE-embOS.1.3.1
2024-12-17 16:02:49,665 [WARN] PackLoader:240 - Cannot read IP mode file for STMicroelectronics.X-CUBE-ALGOBUILD.1.4.0
2024-12-17 16:02:49,668 [WARN] PackLoader:240 - Cannot read IP mode file for STMicroelectronics.X-CUBE-AI.9.1.0
2024-12-17 16:02:49,679 [WARN] PackLoader:240 - Cannot read IP mode file for STMicroelectronics.X-CUBE-AZRTOS-F4.1.1.0
2024-12-17 16:02:49,684 [WARN] PackLoader:240 - Cannot read IP mode file for STMicroelectronics.X-CUBE-ISPU.2.1.0
2024-12-17 16:02:49,695 [WARN] PackLoader:240 - Cannot read IP mode file for STMicroelectronics.X-CUBE-AZRTOS-L5.2.0.0
2024-12-17 16:02:49,701 [WARN] PackLoader:240 - Cannot read IP mode file for STMicroelectronics.X-CUBE-NFC6.3.1.0
2024-12-17 16:02:49,705 [WARN] PackLoader:240 - Cannot read IP mode file for STMicroelectronics.X-CUBE-DPower.1.2.0
2024-12-17 16:02:49,708 [WARN] PackLoader:240 - Cannot read IP mode file for STMicroelectronics.X-CUBE-FREERTOS.1.3.0
2024-12-17 16:02:49,711 [WARN] PackLoader:240 - Cannot read IP mode file for STMicroelectronics.X-CUBE-NFC7.1.0.1
2024-12-17 16:02:49,719 [WARN] ConditionMgr:438 - getConditionDescription Invalid condition id : LAN8742 Phy interface Condition cause : null
2024-12-17 16:02:49,720 [WARN] PackLoader:240 - Cannot read IP mode file for STMicroelectronics.X-CUBE-AZRTOS-L4.2.0.0
2024-12-17 16:02:49,720 [WARN] ConditionMgr:1044 - genDependencies : Invalid condition id : LAN8742 Phy interface Condition cause : null
2024-12-17 16:02:49,720 [WARN] ConditionMgr:1044 - genDependencies : Invalid condition id : LAN8742 Phy interface Condition cause : null
2024-12-17 16:02:49,721 [WARN] ConditionMgr:1044 - genDependencies : Invalid condition id : LAN8742 Phy interface Condition cause : null
2024-12-17 16:02:49,725 [WARN] PackLoader:240 - Cannot read IP mode file for STMicroelectronics.X-CUBE-SFXS2LP1.4.0.0
2024-12-17 16:02:49,734 [WARN] PackLoader:240 - Cannot read IP mode file for STMicroelectronics.X-CUBE-AZRTOS-H7.3.3.0
2024-12-17 16:02:49,740 [WARN] PackLoader:240 - Cannot read IP mode file for STMicroelectronics.X-CUBE-IPS.3.0.0
2024-12-17 16:02:49,747 [WARN] ConditionMgr:438 - getConditionDescription Invalid condition id : UX DEVICE CLASS RTOS Condition cause : null
2024-12-17 16:02:49,748 [WARN] ConditionMgr:438 - getConditionDescription Invalid condition id : UX DEVICE CLASS RTOS Condition cause : null
2024-12-17 16:02:49,748 [WARN] PackLoader:240 - Cannot read IP mode file for STMicroelectronics.X-CUBE-AZRTOS-WB.2.0.0
2024-12-17 16:02:49,749 [WARN] ConditionMgr:1044 - genDependencies : Invalid condition id : UX DEVICE CLASS RTOS Condition cause : null
2024-12-17 16:02:49,749 [WARN] ConditionMgr:1044 - genDependencies : Invalid condition id : UX DEVICE CLASS RTOS Condition cause : null
2024-12-17 16:02:49,749 [WARN] ConditionMgr:1044 - genDependencies : Invalid condition id : UX DEVICE CLASS RTOS Condition cause : null
2024-12-17 16:02:49,749 [WARN] ConditionMgr:1044 - genDependencies : Invalid condition id : UX DEVICE CLASS RTOS Condition cause : null
2024-12-17 16:02:49,749 [WARN] ConditionMgr:1044 - genDependencies : Invalid condition id : UX DEVICE CLASS RTOS Condition cause : null
2024-12-17 16:02:49,752 [WARN] PackLoader:240 - Cannot read IP mode file for STMicroelectronics.X-CUBE-GNSS1.7.0.0
2024-12-17 16:02:49,755 [WARN] PackLoader:240 - Cannot read IP mode file for STMicroelectronics.FP-SNS-STBOX1.2.0.0
2024-12-17 16:02:49,761 [WARN] PackLoader:240 - Cannot read IP mode file for STMicroelectronics.X-CUBE-SUBG2.5.0.0
2024-12-17 16:02:49,765 [WARN] PackLoader:240 - Cannot read IP mode file for Cesanta.I-CUBE-Mongoose.7.13.0
2024-12-17 16:02:49,771 [WARN] PackLoader:240 - Cannot read IP mode file for STMicroelectronics.X-CUBE-AZRTOS-G4.2.0.0
2024-12-17 16:02:49,774 [WARN] PackLoader:240 - Cannot read IP mode file for STMicroelectronics.X-CUBE-ALS.1.0.2
2024-12-17 16:02:49,780 [WARN] PackLoader:240 - Cannot read IP mode file for STMicroelectronics.X-CUBE-TOUCHGFX.4.24.1
2024-12-17 16:02:49,782 [WARN] PackLoader:240 - Cannot read IP mode file for wolfSSL.I-CUBE-wolfTPM.3.4.0
2024-12-17 16:02:49,786 [WARN] PackLoader:240 - Cannot read IP mode file for portGmbH.I-Cube-SoM-uGOAL.1.1.0
2024-12-17 16:02:49,794 [WARN] PackLoader:240 - Cannot read IP mode file for STMicroelectronics.X-CUBE-AZRTOS-H7RS.1.0.0
2024-12-17 16:02:49,800 [WARN] PackLoader:240 - Cannot read IP mode file for STMicroelectronics.X-CUBE-TOF1.3.4.2
2024-12-17 16:02:49,807 [WARN] PackLoader:240 - Cannot read IP mode file for wolfSSL.I-CUBE-wolfSSH.1.4.17
2024-12-17 16:02:49,808 [INFO] ThirdParty:978 - Integrity check success = true
2024-12-17 16:02:49,808 [INFO] IntegrityCheckThread:100 - exiting critical section [integrity check]
2024-12-17 16:02:49,808 [INFO] IntegrityCheckThread:103 - End integrity checks thread
2024-12-17 16:02:50,454 [ERROR] LogOutputStream:75 - [STDERR_REDIRECT] [Fatal Error] :1:1: Premature end of file.
2024-12-17 16:02:50,454 [ERROR] LogOutputStream:75 - [STDERR_REDIRECT] 
2024-12-17 16:02:51,448 [ERROR] LogOutputStream:75 - [STDERR_REDIRECT] [Fatal Error] :1:1: Premature end of file.
2024-12-17 16:02:51,448 [ERROR] LogOutputStream:75 - [STDERR_REDIRECT] 
2024-12-17 16:02:52,453 [ERROR] LogOutputStream:75 - [STDERR_REDIRECT] [Fatal Error] :1:1: Premature end of file.
2024-12-17 16:02:52,453 [ERROR] LogOutputStream:75 - [STDERR_REDIRECT] 
2024-12-17 16:02:53,451 [ERROR] LogOutputStream:75 - [STDERR_REDIRECT] [Fatal Error] :1:1: Premature end of file.
2024-12-17 16:02:53,451 [ERROR] LogOutputStream:75 - [STDERR_REDIRECT] 
2024-12-17 16:02:54,451 [ERROR] LogOutputStream:75 - [STDERR_REDIRECT] [Fatal Error] :1:1: Premature end of file.
2024-12-17 16:02:54,451 [ERROR] LogOutputStream:75 - [STDERR_REDIRECT] 
2024-12-17 16:02:55,452 [ERROR] LogOutputStream:75 - [STDERR_REDIRECT] [Fatal Error] :1:1: Premature end of file.
2024-12-17 16:02:55,452 [ERROR] LogOutputStream:75 - [STDERR_REDIRECT] 
2024-12-17 16:02:56,452 [ERROR] LogOutputStream:75 - [STDERR_REDIRECT] [Fatal Error] :1:1: Premature end of file.
2024-12-17 16:02:56,452 [ERROR] LogOutputStream:75 - [STDERR_REDIRECT] 
2024-12-17 16:02:57,451 [ERROR] LogOutputStream:75 - [STDERR_REDIRECT] [Fatal Error] :1:1: Premature end of file.
2024-12-17 16:02:57,451 [ERROR] LogOutputStream:75 - [STDERR_REDIRECT] 
2024-12-17 16:02:58,451 [ERROR] LogOutputStream:75 - [STDERR_REDIRECT] [Fatal Error] :1:1: Premature end of file.
2024-12-17 16:02:58,451 [ERROR] LogOutputStream:75 - [STDERR_REDIRECT] 
2024-12-17 16:02:59,449 [ERROR] LogOutputStream:75 - [STDERR_REDIRECT] [Fatal Error] :1:1: Premature end of file.
2024-12-17 16:02:59,449 [ERROR] LogOutputStream:75 - [STDERR_REDIRECT] 
2024-12-17 16:03:00,454 [ERROR] LogOutputStream:75 - [STDERR_REDIRECT] [Fatal Error] :1:1: Premature end of file.
2024-12-17 16:03:00,454 [ERROR] LogOutputStream:75 - [STDERR_REDIRECT] 
2024-12-17 16:03:01,452 [ERROR] LogOutputStream:75 - [STDERR_REDIRECT] [Fatal Error] :1:1: Premature end of file.
2024-12-17 16:03:01,452 [ERROR] LogOutputStream:75 - [STDERR_REDIRECT] 
2024-12-17 16:03:02,452 [ERROR] LogOutputStream:75 - [STDERR_REDIRECT] [Fatal Error] :1:1: Premature end of file.
2024-12-17 16:03:02,452 [ERROR] LogOutputStream:75 - [STDERR_REDIRECT] 
2024-12-17 16:03:03,452 [ERROR] LogOutputStream:75 - [STDERR_REDIRECT] [Fatal Error] :1:1: Premature end of file.
2024-12-17 16:03:03,452 [ERROR] LogOutputStream:75 - [STDERR_REDIRECT] 
2024-12-17 16:03:04,452 [ERROR] LogOutputStream:75 - [STDERR_REDIRECT] [Fatal Error] :1:1: Premature end of file.
2024-12-17 16:03:04,452 [ERROR] LogOutputStream:75 - [STDERR_REDIRECT] 
2024-12-17 16:03:05,454 [ERROR] LogOutputStream:75 - [STDERR_REDIRECT] [Fatal Error] :1:1: Premature end of file.
2024-12-17 16:03:05,454 [ERROR] LogOutputStream:75 - [STDERR_REDIRECT] 
2024-12-17 16:03:06,452 [ERROR] LogOutputStream:75 - [STDERR_REDIRECT] [Fatal Error] :1:1: Premature end of file.
2024-12-17 16:03:06,452 [ERROR] LogOutputStream:75 - [STDERR_REDIRECT] 
2024-12-17 16:03:07,451 [ERROR] LogOutputStream:75 - [STDERR_REDIRECT] [Fatal Error] :1:1: Premature end of file.
2024-12-17 16:03:07,451 [ERROR] LogOutputStream:75 - [STDERR_REDIRECT] 
2024-12-17 16:03:08,451 [ERROR] LogOutputStream:75 - [STDERR_REDIRECT] [Fatal Error] :1:1: Premature end of file.
2024-12-17 16:03:08,452 [ERROR] LogOutputStream:75 - [STDERR_REDIRECT] 
2024-12-17 16:03:09,469 [ERROR] LogOutputStream:75 - [STDERR_REDIRECT] [Fatal Error] :1:1: Premature end of file.
2024-12-17 16:03:09,469 [ERROR] LogOutputStream:75 - [STDERR_REDIRECT] 
2024-12-17 16:03:10,451 [ERROR] LogOutputStream:75 - [STDERR_REDIRECT] [Fatal Error] :1:1: Premature end of file.
2024-12-17 16:03:10,451 [ERROR] LogOutputStream:75 - [STDERR_REDIRECT] 
2024-12-17 16:03:11,454 [ERROR] LogOutputStream:75 - [STDERR_REDIRECT] [Fatal Error] :1:1: Premature end of file.
2024-12-17 16:03:11,454 [ERROR] LogOutputStream:75 - [STDERR_REDIRECT] 
2024-12-17 16:03:12,451 [ERROR] LogOutputStream:75 - [STDERR_REDIRECT] [Fatal Error] :1:1: Premature end of file.
2024-12-17 16:03:12,451 [ERROR] LogOutputStream:75 - [STDERR_REDIRECT] 
2024-12-17 16:03:13,453 [ERROR] LogOutputStream:75 - [STDERR_REDIRECT] [Fatal Error] :1:1: Premature end of file.
2024-12-17 16:03:13,454 [ERROR] LogOutputStream:75 - [STDERR_REDIRECT] 
2024-12-17 16:03:14,450 [ERROR] LogOutputStream:75 - [STDERR_REDIRECT] [Fatal Error] :1:1: Premature end of file.
2024-12-17 16:03:14,451 [ERROR] LogOutputStream:75 - [STDERR_REDIRECT] 
2024-12-17 16:03:15,465 [ERROR] LogOutputStream:75 - [STDERR_REDIRECT] [Fatal Error] :1:1: Premature end of file.
2024-12-17 16:03:15,465 [ERROR] LogOutputStream:75 - [STDERR_REDIRECT] 
2024-12-17 16:03:16,450 [ERROR] LogOutputStream:75 - [STDERR_REDIRECT] [Fatal Error] :1:1: Premature end of file.
2024-12-17 16:03:16,451 [ERROR] LogOutputStream:75 - [STDERR_REDIRECT] 
2024-12-17 16:03:17,453 [ERROR] LogOutputStream:75 - [STDERR_REDIRECT] [Fatal Error] :1:1: Premature end of file.
2024-12-17 16:03:17,453 [ERROR] LogOutputStream:75 - [STDERR_REDIRECT] 
2024-12-17 16:03:18,452 [ERROR] LogOutputStream:75 - [STDERR_REDIRECT] [Fatal Error] :1:1: Premature end of file.
2024-12-17 16:03:18,453 [ERROR] LogOutputStream:75 - [STDERR_REDIRECT] 
2024-12-17 16:03:19,452 [ERROR] LogOutputStream:75 - [STDERR_REDIRECT] [Fatal Error] :1:1: Premature end of file.
2024-12-17 16:03:19,452 [ERROR] LogOutputStream:75 - [STDERR_REDIRECT] 
2024-12-17 16:03:20,449 [ERROR] LogOutputStream:75 - [STDERR_REDIRECT] [Fatal Error] :1:1: Premature end of file.
2024-12-17 16:03:20,449 [ERROR] LogOutputStream:75 - [STDERR_REDIRECT] 
2024-12-17 16:03:21,449 [ERROR] LogOutputStream:75 - [STDERR_REDIRECT] [Fatal Error] :1:1: Premature end of file.
2024-12-17 16:03:21,450 [ERROR] LogOutputStream:75 - [STDERR_REDIRECT] 
2024-12-17 16:03:22,449 [ERROR] LogOutputStream:75 - [STDERR_REDIRECT] [Fatal Error] :1:1: Premature end of file.
2024-12-17 16:03:22,450 [ERROR] LogOutputStream:75 - [STDERR_REDIRECT] 
2024-12-17 16:03:23,453 [ERROR] LogOutputStream:75 - [STDERR_REDIRECT] [Fatal Error] :1:1: Premature end of file.
2024-12-17 16:03:23,453 [ERROR] LogOutputStream:75 - [STDERR_REDIRECT] 
2024-12-17 16:03:24,453 [ERROR] LogOutputStream:75 - [STDERR_REDIRECT] [Fatal Error] :1:1: Premature end of file.
2024-12-17 16:03:24,453 [ERROR] LogOutputStream:75 - [STDERR_REDIRECT] 
2024-12-17 16:03:25,453 [ERROR] LogOutputStream:75 - [STDERR_REDIRECT] [Fatal Error] :1:1: Premature end of file.
2024-12-17 16:03:25,453 [ERROR] LogOutputStream:75 - [STDERR_REDIRECT] 
2024-12-17 16:03:26,451 [ERROR] LogOutputStream:75 - [STDERR_REDIRECT] [Fatal Error] :1:1: Premature end of file.
2024-12-17 16:03:26,451 [ERROR] LogOutputStream:75 - [STDERR_REDIRECT] 
2024-12-17 16:03:27,451 [ERROR] LogOutputStream:75 - [STDERR_REDIRECT] [Fatal Error] :1:1: Premature end of file.
2024-12-17 16:03:27,451 [ERROR] LogOutputStream:75 - [STDERR_REDIRECT] 
2024-12-17 16:03:28,452 [ERROR] LogOutputStream:75 - [STDERR_REDIRECT] [Fatal Error] :1:1: Premature end of file.
2024-12-17 16:03:28,453 [ERROR] LogOutputStream:75 - [STDERR_REDIRECT] 
2024-12-17 16:03:29,452 [ERROR] LogOutputStream:75 - [STDERR_REDIRECT] [Fatal Error] :1:1: Premature end of file.
2024-12-17 16:03:29,452 [ERROR] LogOutputStream:75 - [STDERR_REDIRECT] 
2024-12-17 16:03:30,450 [ERROR] LogOutputStream:75 - [STDERR_REDIRECT] [Fatal Error] :1:1: Premature end of file.
2024-12-17 16:03:30,450 [ERROR] LogOutputStream:75 - [STDERR_REDIRECT] 
2024-12-17 16:03:31,452 [ERROR] LogOutputStream:75 - [STDERR_REDIRECT] [Fatal Error] :1:1: Premature end of file.
2024-12-17 16:03:31,452 [ERROR] LogOutputStream:75 - [STDERR_REDIRECT] 
2024-12-17 16:03:32,451 [ERROR] LogOutputStream:75 - [STDERR_REDIRECT] [Fatal Error] :1:1: Premature end of file.
2024-12-17 16:03:32,451 [ERROR] LogOutputStream:75 - [STDERR_REDIRECT] 
2024-12-17 16:03:33,450 [ERROR] LogOutputStream:75 - [STDERR_REDIRECT] [Fatal Error] :1:1: Premature end of file.
2024-12-17 16:03:33,451 [ERROR] LogOutputStream:75 - [STDERR_REDIRECT] 
2024-12-17 16:03:34,457 [ERROR] LogOutputStream:75 - [STDERR_REDIRECT] [Fatal Error] :1:1: Premature end of file.
2024-12-17 16:03:34,458 [ERROR] LogOutputStream:75 - [STDERR_REDIRECT] 
2024-12-17 16:03:35,451 [ERROR] LogOutputStream:75 - [STDERR_REDIRECT] [Fatal Error] :1:1: Premature end of file.
2024-12-17 16:03:35,452 [ERROR] LogOutputStream:75 - [STDERR_REDIRECT] 
2024-12-17 16:03:36,424 [ERROR] LogOutputStream:75 - [STDERR_REDIRECT] 
