2025-01-09 14:14:04,155 [INFO] Activator:176 - 


2025-01-09 14:14:04,161 [INFO] Activator:177 - !SESSION log4j initialized
2025-01-09 14:14:08,504 [INFO] LogOutputStream:77 - [STDOUT_REDIRECT] 
2025-01-09 14:14:13,684 [INFO] ApplicationProperties:184 - Using Application install path: C:\ST\STM32CubeIDE_1.17.0\STM32CubeIDE\plugins\com.st.stm32cube.common.mx_6.13.0.202411220809
2025-01-09 14:14:13,699 [INFO] DbMcusXml:78 - Set database path to: C:\ST\STM32CubeIDE_1.17.0\STM32CubeIDE\plugins\com.st.stm32cube.common.mx_6.13.0.202411220809\\db\/mcu/
2025-01-09 14:14:13,699 [INFO] ApiDb:274 - Set plugin database path to: C:\ST\STM32CubeIDE_1.17.0\STM32CubeIDE\plugins\com.st.stm32cube.common.mx_6.13.0.202411220809\\db\/plugins/boardmanager/
2025-01-09 14:14:13,700 [WARN] ApiDb:259 - Overriding images path with different value:  => C:\ST\STM32CubeIDE_1.17.0\STM32CubeIDE\plugins\com.st.stm32cube.common.mx_6.13.0.202411220809\\db\/plugins/mcufinder/images/
2025-01-09 14:14:13,706 [INFO] ApiDb:250 - Set database path to: C:\Users\o1yus\.stmcufinder\plugins\mcufinder//mcu/
2025-01-09 14:14:13,707 [INFO] DbMcusAds:125 - Set database path to: C:\Users\o1yus\.stmcufinder\plugins\mcufinder//mcu/
2025-01-09 14:14:13,709 [INFO] CrossReferenceDbSqlite:203 - Set database path to: C:\Users\o1yus\.stmcufinder\plugins\mcufinder//mcu/cs/
2025-01-09 14:14:13,796 [INFO] RulesReader:64 - Compatibility file has been processed (297 Rules)
2025-01-09 14:14:13,866 [INFO] DbMcusXml:78 - Set database path to: C:\ST\STM32CubeIDE_1.17.0\STM32CubeIDE\plugins\com.st.stm32cube.common.mx_6.13.0.202411220809\\db\/mcu/
2025-01-09 14:14:13,866 [INFO] ApiDb:274 - Set plugin database path to: C:\ST\STM32CubeIDE_1.17.0\STM32CubeIDE\plugins\com.st.stm32cube.common.mx_6.13.0.202411220809\\db\/plugins/boardmanager/
2025-01-09 14:14:13,866 [INFO] ApiDb:261 - Set plugin images path to: C:\ST\STM32CubeIDE_1.17.0\STM32CubeIDE\plugins\com.st.stm32cube.common.mx_6.13.0.202411220809\\db\/plugins/mcufinder/images/
2025-01-09 14:14:13,868 [WARN] DbFile:41 - Overriding database path with different value: C:\Users\o1yus\.stmcufinder\plugins\mcufinder/ => C:\Users\o1yus\.stmcufinder\plugins\mcufinder
2025-01-09 14:14:13,868 [INFO] ApiDb:250 - Set database path to: C:\Users\o1yus\.stmcufinder\plugins\mcufinder//mcu/
2025-01-09 14:14:13,868 [WARN] DbFile:41 - Overriding database path with different value: C:\Users\o1yus\.stmcufinder\plugins\mcufinder/ => C:\Users\o1yus\.stmcufinder\plugins\mcufinder
2025-01-09 14:14:13,868 [INFO] DbMcusAds:125 - Set database path to: C:\Users\o1yus\.stmcufinder\plugins\mcufinder//mcu/
2025-01-09 14:14:13,868 [WARN] DbFile:41 - Overriding database path with different value: C:\Users\o1yus\.stmcufinder\plugins\mcufinder/ => C:\Users\o1yus\.stmcufinder\plugins\mcufinder
2025-01-09 14:14:13,868 [WARN] DbFile:41 - Overriding database path with different value: C:\Users\o1yus\.stmcufinder\plugins\mcufinder/ => C:\Users\o1yus\.stmcufinder\plugins\mcufinder
2025-01-09 14:14:13,868 [INFO] CrossReferenceDbSqlite:203 - Set database path to: C:\Users\o1yus\.stmcufinder\plugins\mcufinder//mcu/cs/
2025-01-09 14:14:13,932 [INFO] MainPanel:272 - HeapMemory: 268435456
2025-01-09 14:14:14,014 [INFO] DbMcusXml:78 - Set database path to: C:\ST\STM32CubeIDE_1.17.0\STM32CubeIDE\plugins\com.st.stm32cube.common.mx_6.13.0.202411220809\\db\/mcu/
2025-01-09 14:14:14,014 [INFO] ApiDb:274 - Set plugin database path to: C:\ST\STM32CubeIDE_1.17.0\STM32CubeIDE\plugins\com.st.stm32cube.common.mx_6.13.0.202411220809\\db\/plugins/boardmanager/
2025-01-09 14:14:14,015 [INFO] ApiDb:261 - Set plugin images path to: C:\ST\STM32CubeIDE_1.17.0\STM32CubeIDE\plugins\com.st.stm32cube.common.mx_6.13.0.202411220809\\db\/plugins/mcufinder/images/
2025-01-09 14:14:14,015 [WARN] DbFile:41 - Overriding database path with different value: C:\Users\o1yus\.stmcufinder\plugins\mcufinder/ => C:\Users\o1yus\.stmcufinder\plugins\mcufinder
2025-01-09 14:14:14,015 [INFO] ApiDb:250 - Set database path to: C:\Users\o1yus\.stmcufinder\plugins\mcufinder//mcu/
2025-01-09 14:14:14,015 [WARN] DbFile:41 - Overriding database path with different value: C:\Users\o1yus\.stmcufinder\plugins\mcufinder/ => C:\Users\o1yus\.stmcufinder\plugins\mcufinder
2025-01-09 14:14:14,015 [INFO] DbMcusAds:125 - Set database path to: C:\Users\o1yus\.stmcufinder\plugins\mcufinder//mcu/
2025-01-09 14:14:14,015 [WARN] DbFile:41 - Overriding database path with different value: C:\Users\o1yus\.stmcufinder\plugins\mcufinder/ => C:\Users\o1yus\.stmcufinder\plugins\mcufinder
2025-01-09 14:14:14,015 [WARN] DbFile:41 - Overriding database path with different value: C:\Users\o1yus\.stmcufinder\plugins\mcufinder/ => C:\Users\o1yus\.stmcufinder\plugins\mcufinder
2025-01-09 14:14:14,015 [INFO] CrossReferenceDbSqlite:203 - Set database path to: C:\Users\o1yus\.stmcufinder\plugins\mcufinder//mcu/cs/
2025-01-09 14:14:14,030 [INFO] ApplicationProperties:184 - Using Application install path: C:\ST\STM32CubeIDE_1.17.0\STM32CubeIDE\plugins\com.st.stm32cube.common.mx_6.13.0.202411220809
2025-01-09 14:14:14,031 [INFO] PluginManage:196 - Search for loadable plugins [exclusion list=, ]
2025-01-09 14:14:14,032 [INFO] PluginManage:310 - Check plugin analytics
2025-01-09 14:14:14,216 [INFO] AnalyticsPlugin:253 - Accepted Software Licenses: 
2025-01-09 14:14:14,217 [INFO] AnalyticsPlugin:255 - Accepted CMSIS Pack Licenses: 
2025-01-09 14:14:14,217 [INFO] AnalyticsPlugin:257 - Accepted Firmware Licenses: 
2025-01-09 14:14:14,221 [INFO] PluginManage:359 - Loaded plugin analytics (category:tool,tabindex:-1)
2025-01-09 14:14:14,222 [INFO] PluginManage:310 - Check plugin cadmodel
2025-01-09 14:14:14,240 [INFO] CADModel:105 - Init CAD model plugin
2025-01-09 14:14:14,240 [INFO] PluginManage:359 - Loaded plugin cadmodel (category:power,tabindex:5)
2025-01-09 14:14:14,240 [INFO] PluginManage:310 - Check plugin clock
2025-01-09 14:14:14,260 [INFO] PluginManage:359 - Loaded plugin clock (category:base,tabindex:2)
2025-01-09 14:14:14,261 [INFO] PluginManage:310 - Check plugin ddr
2025-01-09 14:14:14,263 [INFO] PluginManage:359 - Loaded plugin ddr (category:tool,tabindex:6)
2025-01-09 14:14:14,263 [INFO] PluginManage:310 - Check plugin filemanager
2025-01-09 14:14:14,381 [INFO] PluginManage:359 - Loaded plugin filemanager (category:base,tabindex:10)
2025-01-09 14:14:14,381 [INFO] PluginManage:310 - Check plugin ipmanager
2025-01-09 14:14:14,387 [INFO] PluginManage:359 - Loaded plugin ipmanager (category:base,tabindex:5)
2025-01-09 14:14:14,387 [INFO] PluginManage:310 - Check plugin lpbam
2025-01-09 14:14:14,403 [INFO] PluginManage:359 - Loaded plugin lpbam (category:base,tabindex:0)
2025-01-09 14:14:14,403 [INFO] PluginManage:310 - Check plugin memorymap
2025-01-09 14:14:14,423 [INFO] PluginManage:359 - Loaded plugin memorymap (category:base,tabindex:4)
2025-01-09 14:14:14,423 [INFO] PluginManage:310 - Check plugin pinoutandconfiguration
2025-01-09 14:14:14,440 [INFO] PluginManage:359 - Loaded plugin pinoutandconfiguration (category:base,tabindex:1)
2025-01-09 14:14:14,440 [INFO] PluginManage:310 - Check plugin pinoutconfig
2025-01-09 14:14:14,516 [WARN] SupportedApi:132 - Cannot load RTOS API schema: s4s-elt-must-match.1: The content of 'definitions' must match (annotation?, (simpleType | complexType)?, (unique | key | keyref)*)). A problem was found starting at: attribute.
2025-01-09 14:14:14,619 [INFO] PluginManage:359 - Loaded plugin pinoutconfig (category:base,tabindex:0)
2025-01-09 14:14:14,620 [INFO] PluginManage:310 - Check plugin power
2025-01-09 14:14:14,637 [INFO] PluginManage:359 - Loaded plugin power (category:power,tabindex:4)
2025-01-09 14:14:14,637 [INFO] PluginManage:310 - Check plugin projectmanager
2025-01-09 14:14:14,649 [INFO] PluginManage:359 - Loaded plugin projectmanager (category:projectmanager,tabindex:4)
2025-01-09 14:14:14,649 [INFO] PluginManage:310 - Check plugin rif
2025-01-09 14:14:14,664 [INFO] PluginManage:359 - Loaded plugin rif (category:base,tabindex:3)
2025-01-09 14:14:14,664 [INFO] PluginManage:310 - Check plugin thirdparty
2025-01-09 14:14:14,922 [INFO] PluginManage:359 - Loaded plugin thirdparty (category:base,tabindex:-1)
2025-01-09 14:14:14,922 [WARN] IntegrityCheckThread:84 - waiting for thirdparty lock release [integrity check]
2025-01-09 14:14:14,923 [INFO] PluginManage:310 - Check plugin tools
2025-01-09 14:14:14,923 [INFO] IntegrityCheckThread:86 - entering critical section [integrity check]
2025-01-09 14:14:14,923 [INFO] ThirdPartyUpdaterWithRetryManager:70 - Updater plugin not ready yet. [1/15]
2025-01-09 14:14:14,969 [INFO] PluginManage:359 - Loaded plugin tools (category:base,tabindex:7)
2025-01-09 14:14:14,970 [INFO] PluginManage:310 - Check plugin tutovideos
2025-01-09 14:14:15,196 [INFO] PluginManage:359 - Loaded plugin tutovideos (category:base,tabindex:-1)
2025-01-09 14:14:15,196 [INFO] PluginManage:310 - Check plugin updater
2025-01-09 14:14:15,226 [INFO] PluginManage:359 - Loaded plugin updater (category:base,tabindex:12)
2025-01-09 14:14:15,226 [INFO] PluginManage:310 - Check plugin userauth
2025-01-09 14:14:15,230 [INFO] UserAuth:118 - Init User Auth plugin
2025-01-09 14:14:15,232 [INFO] PluginManage:359 - Loaded plugin userauth (category:base,tabindex:14)
2025-01-09 14:14:15,232 [INFO] PluginManage:283 - PluginManage : Loaded plugins [18]
2025-01-09 14:14:15,463 [INFO] PinOutPanel:1589 - setPackage(No Configuration,No Configuration)
2025-01-09 14:14:15,542 [INFO] CADModel:165 - CPN selected for project level
2025-01-09 14:14:15,543 [INFO] CADModel:114 - Register for checkConnection events
2025-01-09 14:14:15,566 [INFO] IPUIPlugin:80 - create IPUIPlugin
2025-01-09 14:14:15,566 [INFO] PluginManager:220 - loadIPPluginJar : add adc
2025-01-09 14:14:15,619 [INFO] IPUIPlugin:80 - create IPUIPlugin
2025-01-09 14:14:15,619 [INFO] PluginManager:220 - loadIPPluginJar : add aes
2025-01-09 14:14:15,686 [INFO] IPUIPlugin:80 - create IPUIPlugin
2025-01-09 14:14:15,687 [INFO] PluginManager:220 - loadIPPluginJar : add can
2025-01-09 14:14:15,726 [INFO] IPUIPlugin:80 - create IPUIPlugin
2025-01-09 14:14:15,726 [INFO] PluginManager:220 - loadIPPluginJar : add comp
2025-01-09 14:14:15,779 [INFO] IPUIPlugin:80 - create IPUIPlugin
2025-01-09 14:14:15,779 [INFO] PluginManager:220 - loadIPPluginJar : add cryp
2025-01-09 14:14:15,791 [INFO] IPUIPlugin:80 - create IPUIPlugin
2025-01-09 14:14:15,791 [INFO] PluginManager:220 - loadIPPluginJar : add ddr_ctrl_phy
2025-01-09 14:14:15,819 [INFO] IPUIPlugin:80 - create IPUIPlugin
2025-01-09 14:14:15,819 [INFO] PluginManager:220 - loadIPPluginJar : add dfsdm
2025-01-09 14:14:15,841 [INFO] IPUIPlugin:80 - create IPUIPlugin
2025-01-09 14:14:15,841 [INFO] PluginManager:220 - loadIPPluginJar : add dma
2025-01-09 14:14:15,904 [INFO] IPUIPlugin:80 - create IPUIPlugin
2025-01-09 14:14:15,904 [INFO] PluginManager:220 - loadIPPluginJar : add dma3
2025-01-09 14:14:15,947 [INFO] IPUIPlugin:80 - create IPUIPlugin
2025-01-09 14:14:15,947 [INFO] PluginManager:220 - loadIPPluginJar : add extmemmanager
2025-01-09 14:14:15,978 [INFO] IPUIPlugin:80 - create IPUIPlugin
2025-01-09 14:14:15,978 [INFO] PluginManager:220 - loadIPPluginJar : add fatfs
2025-01-09 14:14:16,046 [INFO] IPUIPlugin:80 - create IPUIPlugin
2025-01-09 14:14:16,047 [INFO] PluginManager:220 - loadIPPluginJar : add fmc
2025-01-09 14:14:16,064 [INFO] IPUIPlugin:80 - create IPUIPlugin
2025-01-09 14:14:16,064 [INFO] PluginManager:220 - loadIPPluginJar : add freertos
2025-01-09 14:14:16,084 [INFO] IPUIPlugin:80 - create IPUIPlugin
2025-01-09 14:14:16,084 [INFO] PluginManager:220 - loadIPPluginJar : add genericplugin
2025-01-09 14:14:16,199 [INFO] IPUIPlugin:80 - create IPUIPlugin
2025-01-09 14:14:16,199 [INFO] PluginManager:220 - loadIPPluginJar : add gfxmmu
2025-01-09 14:14:16,395 [INFO] IPUIPlugin:80 - create IPUIPlugin
2025-01-09 14:14:16,395 [INFO] PluginManager:220 - loadIPPluginJar : add gic
2025-01-09 14:14:16,406 [INFO] IPUIPlugin:80 - create IPUIPlugin
2025-01-09 14:14:16,406 [INFO] PluginManager:220 - loadIPPluginJar : add gpio
2025-01-09 14:14:16,543 [INFO] IPUIPlugin:80 - create IPUIPlugin
2025-01-09 14:14:16,543 [INFO] PluginManager:220 - loadIPPluginJar : add gtzc
2025-01-09 14:14:16,595 [INFO] IPUIPlugin:80 - create IPUIPlugin
2025-01-09 14:14:16,595 [INFO] PluginManager:220 - loadIPPluginJar : add hash
2025-01-09 14:14:16,670 [INFO] IPUIPlugin:80 - create IPUIPlugin
2025-01-09 14:14:16,670 [INFO] PluginManager:220 - loadIPPluginJar : add i2c
2025-01-09 14:14:16,733 [INFO] IPUIPlugin:80 - create IPUIPlugin
2025-01-09 14:14:16,733 [INFO] PluginManager:220 - loadIPPluginJar : add i2s
2025-01-09 14:14:16,769 [INFO] IPUIPlugin:80 - create IPUIPlugin
2025-01-09 14:14:16,769 [INFO] PluginManager:220 - loadIPPluginJar : add i3c
2025-01-09 14:14:16,941 [INFO] IPUIPlugin:80 - create IPUIPlugin
2025-01-09 14:14:16,941 [INFO] PluginManager:220 - loadIPPluginJar : add ipddr
2025-01-09 14:14:17,060 [INFO] IPUIPlugin:80 - create IPUIPlugin
2025-01-09 14:14:17,061 [INFO] PluginManager:220 - loadIPPluginJar : add linkedlist
2025-01-09 14:14:17,093 [INFO] IPUIPlugin:80 - create IPUIPlugin
2025-01-09 14:14:17,093 [INFO] PluginManager:220 - loadIPPluginJar : add lorawan
2025-01-09 14:14:17,124 [INFO] IPUIPlugin:80 - create IPUIPlugin
2025-01-09 14:14:17,124 [INFO] PluginManager:220 - loadIPPluginJar : add ltdc
2025-01-09 14:14:17,136 [INFO] IPUIPlugin:80 - create IPUIPlugin
2025-01-09 14:14:17,136 [INFO] PluginManager:220 - loadIPPluginJar : add mdma
2025-01-09 14:14:17,149 [INFO] IPUIPlugin:80 - create IPUIPlugin
2025-01-09 14:14:17,149 [INFO] PluginManager:220 - loadIPPluginJar : add nvic
2025-01-09 14:14:17,186 [INFO] IPUIPlugin:80 - create IPUIPlugin
2025-01-09 14:14:17,186 [INFO] PluginManager:220 - loadIPPluginJar : add opamp
2025-01-09 14:14:17,265 [INFO] IPUIPlugin:80 - create IPUIPlugin
2025-01-09 14:14:17,265 [INFO] PluginManager:220 - loadIPPluginJar : add openamp
2025-01-09 14:14:17,341 [INFO] IPUIPlugin:80 - create IPUIPlugin
2025-01-09 14:14:17,341 [INFO] PluginManager:220 - loadIPPluginJar : add pdm2pcm
2025-01-09 14:14:17,355 [INFO] IPUIPlugin:80 - create IPUIPlugin
2025-01-09 14:14:17,357 [INFO] PluginManager:220 - loadIPPluginJar : add plateformsettings
2025-01-09 14:14:17,382 [INFO] IPUIPlugin:80 - create IPUIPlugin
2025-01-09 14:14:17,382 [INFO] PluginManager:220 - loadIPPluginJar : add quadspi
2025-01-09 14:14:17,410 [INFO] IPUIPlugin:80 - create IPUIPlugin
2025-01-09 14:14:17,411 [INFO] PluginManager:220 - loadIPPluginJar : add radio
2025-01-09 14:14:17,433 [INFO] IPUIPlugin:80 - create IPUIPlugin
2025-01-09 14:14:17,433 [INFO] PluginManager:220 - loadIPPluginJar : add resmgrutility
2025-01-09 14:14:17,497 [INFO] IPUIPlugin:80 - create IPUIPlugin
2025-01-09 14:14:17,497 [INFO] PluginManager:220 - loadIPPluginJar : add sai
2025-01-09 14:14:17,574 [INFO] IPUIPlugin:80 - create IPUIPlugin
2025-01-09 14:14:17,574 [INFO] PluginManager:220 - loadIPPluginJar : add spi
2025-01-09 14:14:17,681 [INFO] IPUIPlugin:80 - create IPUIPlugin
2025-01-09 14:14:17,681 [INFO] PluginManager:220 - loadIPPluginJar : add stm32_wpan
2025-01-09 14:14:17,731 [INFO] IPUIPlugin:80 - create IPUIPlugin
2025-01-09 14:14:17,731 [INFO] PluginManager:220 - loadIPPluginJar : add tim
2025-01-09 14:14:17,852 [INFO] IPUIPlugin:80 - create IPUIPlugin
2025-01-09 14:14:17,852 [INFO] PluginManager:220 - loadIPPluginJar : add touchsensing
2025-01-09 14:14:17,898 [INFO] IPUIPlugin:80 - create IPUIPlugin
2025-01-09 14:14:17,898 [INFO] PluginManager:220 - loadIPPluginJar : add tracer_emb
2025-01-09 14:14:17,923 [INFO] IPUIPlugin:80 - create IPUIPlugin
2025-01-09 14:14:17,923 [INFO] ThirdPartyUpdaterWithRetryManager:70 - Updater plugin not ready yet. [2/15]
2025-01-09 14:14:17,923 [INFO] PluginManager:220 - loadIPPluginJar : add ts
2025-01-09 14:14:17,948 [INFO] IPUIPlugin:80 - create IPUIPlugin
2025-01-09 14:14:17,948 [INFO] PluginManager:220 - loadIPPluginJar : add tsc
2025-01-09 14:14:17,972 [INFO] IPUIPlugin:80 - create IPUIPlugin
2025-01-09 14:14:17,972 [INFO] PluginManager:220 - loadIPPluginJar : add ucpd
2025-01-09 14:14:18,043 [INFO] IPUIPlugin:80 - create IPUIPlugin
2025-01-09 14:14:18,043 [INFO] PluginManager:220 - loadIPPluginJar : add usart
2025-01-09 14:14:18,129 [INFO] IPUIPlugin:80 - create IPUIPlugin
2025-01-09 14:14:18,129 [INFO] PluginManager:220 - loadIPPluginJar : add usbx
2025-01-09 14:14:18,281 [FATAL] Updater:351 - Updater called before beeing initialized
2025-01-09 14:14:18,306 [INFO] RulesReader:64 - Compatibility file has been processed (297 Rules)
2025-01-09 14:14:18,317 [INFO] RulesReader:64 - Compatibility file has been processed (297 Rules)
2025-01-09 14:14:18,329 [INFO] CADModel:165 - CPN selected for project level
2025-01-09 14:14:18,329 [INFO] CADModel:114 - Register for checkConnection events
2025-01-09 14:14:18,330 [FATAL] Updater:351 - Updater called before beeing initialized
2025-01-09 14:14:18,330 [ERROR] CADModel:125 - Updater not yet initialized, retry later 
2025-01-09 14:14:18,517 [FATAL] Updater:351 - Updater called before beeing initialized
2025-01-09 14:14:18,518 [INFO] CADModel:165 - CPN selected for project level
2025-01-09 14:14:18,519 [INFO] CADModel:114 - Register for checkConnection events
2025-01-09 14:14:18,519 [FATAL] Updater:351 - Updater called before beeing initialized
2025-01-09 14:14:18,519 [ERROR] CADModel:125 - Updater not yet initialized, retry later 
2025-01-09 14:14:18,521 [FATAL] Updater:351 - Updater called before beeing initialized
2025-01-09 14:14:18,659 [FATAL] Updater:351 - Updater called before beeing initialized
2025-01-09 14:14:18,674 [INFO] DbMcusAds:53 - JSON generation date=Tue Dec 17 19:01:15 TRT 2024 (1734451275222)
2025-01-09 14:14:18,674 [FATAL] Updater:351 - Updater called before beeing initialized
2025-01-09 14:14:18,721 [WARN] DetailPanel:346 - Failed to get advertising image, set to default
2025-01-09 14:14:18,940 [FATAL] Updater:351 - Updater called before beeing initialized
2025-01-09 14:14:18,943 [FATAL] Updater:351 - Updater called before beeing initialized
2025-01-09 14:14:18,943 [FATAL] Updater:351 - Updater called before beeing initialized
2025-01-09 14:14:18,943 [WARN] DetailPanel:346 - Failed to get advertising image, set to default
2025-01-09 14:14:18,945 [FATAL] Updater:351 - Updater called before beeing initialized
2025-01-09 14:14:19,017 [ERROR] Updater:1198 - MainUpdater not yet initialized. External WinMGr cannot be set.
2025-01-09 14:14:19,026 [INFO] Updater:1134 - Updater Version found : 6.13.0
2025-01-09 14:14:19,046 [INFO] ApplicationProperties:184 - Using Application install path: C:\ST\STM32CubeIDE_1.17.0\STM32CubeIDE\plugins\com.st.stm32cube.common.mx_6.13.0.202411220809
2025-01-09 14:14:20,632 [ERROR] LogOutputStream:75 - [STDERR_REDIRECT] Jan 09, 2025 2:14:20 PM java.util.prefs.WindowsPreferences <init>
2025-01-09 14:14:20,634 [ERROR] LogOutputStream:75 - [STDERR_REDIRECT] WARNING: Could not open/create prefs root node Software\JavaSoft\Prefs at root 0xffffffff80000002. Windows RegCreateKeyEx(...) returned error code 5.
2025-01-09 14:14:20,635 [ERROR] LogOutputStream:75 - [STDERR_REDIRECT] 
2025-01-09 14:14:20,924 [INFO] ThirdPartyUpdaterWithRetryManager:70 - Updater plugin not ready yet. [3/15]
2025-01-09 14:14:21,231 [INFO] MainUpdater:2872 - connection check result : 10
2025-01-09 14:14:21,231 [INFO] MainUpdater:3566 - Updater definition file requires update
2025-01-09 14:14:21,232 [INFO] MainUpdater:289 - Updater Check For Update Now.
2025-01-09 14:14:21,232 [INFO] MicroXplorer:498 - Change Database Version : DB.6.0.130
2025-01-09 14:14:21,252 [INFO] McuFinderGlobals:63 - Set McuFinder mode to 2 (CubeIDE integrated)
2025-01-09 14:14:21,252 [INFO] UserAuth:171 - activating auth plugin
2025-01-09 14:14:21,256 [INFO] UserAuth:486 - Internet connection configuration mode: 1
2025-01-09 14:14:21,286 [INFO] JxBrowserEngine:152 - Initiate JxBrowser Engine with user profile folder
2025-01-09 14:14:21,467 [INFO] ServerAccessManage:473 - Download File updaters.zip
2025-01-09 14:14:21,751 [INFO] FileExtend:240 - Unzip File : updaters.zip
2025-01-09 14:14:21,751 [INFO] FileExtend:255 - Standard Zip Deflate
2025-01-09 14:14:22,542 [INFO] ServerAccessManage:473 - Download File PacksControlFlags.xml
2025-01-09 14:14:22,625 [INFO] WebApp:168 - Instantiating new browser for Auth
2025-01-09 14:14:22,802 [INFO] ServerAccessManage:473 - Download File cubemx.pidx
2025-01-09 14:14:23,925 [WARN] MainUpdater:1193 - Updater busy. Cannot search thirdparties
2025-01-09 14:14:23,925 [INFO] ThirdPartyUpdaterWithRetryManager:96 - Updater plugin is busy. [1/15]
2025-01-09 14:14:24,074 [INFO] WebApp:449 - Apply proxy settings
2025-01-09 14:14:24,075 [INFO] WebApp:534 - Chromium requires no authentication
2025-01-09 14:14:24,088 [INFO] WebApp:477 - Direct internet connection detected
2025-01-09 14:14:24,116 [INFO] WebApp:880 - Register for checkConnection events
2025-01-09 14:14:24,116 [INFO] WebApp:449 - Apply proxy settings
2025-01-09 14:14:24,116 [INFO] WebApp:534 - Chromium requires no authentication
2025-01-09 14:14:24,117 [INFO] WebApp:477 - Direct internet connection detected
2025-01-09 14:14:24,171 [INFO] ServerAccessManage:473 - Download File STMicroelectronics.X-CUBE-IPS.pdsc
2025-01-09 14:14:24,331 [INFO] WebApp:221 - Starting web application
2025-01-09 14:14:24,331 [INFO] WebApp:579 - Web application path used C:\ST\STM32CubeIDE_1.17.0\STM32CubeIDE\plugins\com.st.stm32cube.common.mx_6.13.0.202411220809\db\plugins\mcufinder\reactClient1\index.html
2025-01-09 14:14:24,702 [ERROR] LogOutputStream:75 - [STDERR_REDIRECT] [Fatal Error] :1:1: Premature end of file.
2025-01-09 14:14:24,703 [ERROR] LogOutputStream:75 - [STDERR_REDIRECT] 
2025-01-09 14:14:24,756 [INFO] WebApp:187 - Connection restablished
2025-01-09 14:14:25,485 [INFO] ServerAccessManage:473 - Download File STMicroelectronics.X-CUBE-TOUCHGFX.pdsc
2025-01-09 14:14:25,648 [ERROR] LogOutputStream:75 - [STDERR_REDIRECT] [Fatal Error] :1:1: Premature end of file.
2025-01-09 14:14:25,649 [ERROR] LogOutputStream:75 - [STDERR_REDIRECT] 
2025-01-09 14:14:26,644 [ERROR] LogOutputStream:75 - [STDERR_REDIRECT] [Fatal Error] :1:1: Premature end of file.
2025-01-09 14:14:26,644 [ERROR] LogOutputStream:75 - [STDERR_REDIRECT] 
2025-01-09 14:14:26,927 [WARN] MainUpdater:1193 - Updater busy. Cannot search thirdparties
2025-01-09 14:14:26,927 [INFO] ThirdPartyUpdaterWithRetryManager:96 - Updater plugin is busy. [2/15]
2025-01-09 14:14:27,660 [ERROR] LogOutputStream:75 - [STDERR_REDIRECT] [Fatal Error] :1:1: Premature end of file.
2025-01-09 14:14:27,661 [ERROR] LogOutputStream:75 - [STDERR_REDIRECT] 
2025-01-09 14:14:28,643 [ERROR] LogOutputStream:75 - [STDERR_REDIRECT] [Fatal Error] :1:1: Premature end of file.
2025-01-09 14:14:28,643 [ERROR] LogOutputStream:75 - [STDERR_REDIRECT] 
2025-01-09 14:14:29,646 [ERROR] LogOutputStream:75 - [STDERR_REDIRECT] [Fatal Error] :1:1: Premature end of file.
2025-01-09 14:14:29,646 [ERROR] LogOutputStream:75 - [STDERR_REDIRECT] 
2025-01-09 14:14:29,928 [WARN] MainUpdater:1193 - Updater busy. Cannot search thirdparties
2025-01-09 14:14:29,928 [INFO] ThirdPartyUpdaterWithRetryManager:96 - Updater plugin is busy. [3/15]
2025-01-09 14:14:30,647 [ERROR] LogOutputStream:75 - [STDERR_REDIRECT] [Fatal Error] :1:1: Premature end of file.
2025-01-09 14:14:30,647 [ERROR] LogOutputStream:75 - [STDERR_REDIRECT] 
2025-01-09 14:14:31,647 [ERROR] LogOutputStream:75 - [STDERR_REDIRECT] [Fatal Error] :1:1: Premature end of file.
2025-01-09 14:14:31,648 [ERROR] LogOutputStream:75 - [STDERR_REDIRECT] 
2025-01-09 14:14:32,056 [WARN] PackLoader:240 - Cannot read IP mode file for STMicroelectronics.X-CUBE-IPS.3.1.0
2025-01-09 14:14:32,073 [WARN] PackLoader:240 - Cannot read IP mode file for STMicroelectronics.X-CUBE-TOUCHGFX.4.24.2
2025-01-09 14:14:32,073 [INFO] PopulateThirdPartyThread:66 - Ending populate Thread
2025-01-09 14:14:32,075 [INFO] ThirdParty:1030 - CMSIS Pack Vendor :STMicroelectronics X-CUBE-IPS 3.1.0
2025-01-09 14:14:32,075 [INFO] ThirdParty:1030 - CMSIS Pack Vendor :STMicroelectronics X-CUBE-TOUCHGFX 4.24.2
2025-01-09 14:14:32,075 [INFO] LoadServerUpdatesThread:375 - End of LoadServerUpdate Thread
2025-01-09 14:14:32,196 [INFO] CheckServerUpdateThread:120 - End of CheckServer Thread
2025-01-09 14:14:32,645 [ERROR] LogOutputStream:75 - [STDERR_REDIRECT] [Fatal Error] :1:1: Premature end of file.
2025-01-09 14:14:32,645 [ERROR] LogOutputStream:75 - [STDERR_REDIRECT] 
2025-01-09 14:14:33,063 [WARN] PackLoader:240 - Cannot read IP mode file for STMicroelectronics.FP-SNS-MOTENVWB1.1.4.0
2025-01-09 14:14:33,069 [WARN] PackLoader:240 - Cannot read IP mode file for STMicroelectronics.FP-ATR-ASTRA1.2.0.1
2025-01-09 14:14:33,086 [WARN] PackLoader:240 - Cannot read IP mode file for STMicroelectronics.X-CUBE-SMBUS.2.1.0
2025-01-09 14:14:33,101 [WARN] PackLoader:240 - Cannot read IP mode file for STMicroelectronics.X-CUBE-WB05N.1.1.0
2025-01-09 14:14:33,135 [WARN] PackLoader:240 - Cannot read IP mode file for STMicroelectronics.X-CUBE-AZRTOS-F7.1.1.0
2025-01-09 14:14:33,183 [WARN] PackLoader:240 - Cannot read IP mode file for STMicroelectronics.X-CUBE-MEMS1.11.0.0
2025-01-09 14:14:33,273 [WARN] PackLoader:240 - Cannot read IP mode file for STMicroelectronics.FP-SNS-FLIGHT1.5.0.2
2025-01-09 14:14:33,305 [WARN] PackLoader:240 - Cannot read IP mode file for Infineon.AIROC-Wi-Fi-Bluetooth-STM32.1.7.0
2025-01-09 14:14:33,324 [WARN] PackLoader:240 - Cannot read IP mode file for STMicroelectronics.X-CUBE-DISPLAY.3.0.0
2025-01-09 14:14:33,341 [WARN] PackLoader:240 - Cannot read IP mode file for STMicroelectronics.X-CUBE-BLE1.7.0.0
2025-01-09 14:14:33,353 [WARN] PackLoader:240 - Cannot read IP mode file for STMicroelectronics.X-CUBE-NFC10.1.0.0
2025-01-09 14:14:33,368 [WARN] PackLoader:240 - Cannot read IP mode file for STMicroelectronics.X-CUBE-BLEMGR.4.0.0
2025-01-09 14:14:33,385 [WARN] PackLoader:240 - Cannot read IP mode file for emotas.I-CUBE-CANOPEN.1.3.0
2025-01-09 14:14:33,399 [WARN] PackLoader:240 - Cannot read IP mode file for STMicroelectronics.FP-SNS-SMARTAG2.1.2.0
2025-01-09 14:14:33,457 [WARN] PackLoader:240 - Cannot read IP mode file for STMicroelectronics.X-CUBE-MEMS1.11.1.0
2025-01-09 14:14:33,569 [INFO] LogOutputStream:77 - [STDOUT_REDIRECT] 1 : Invalid condition id : UX_CORESTACK_Condition cause : null
2025-01-09 14:14:33,571 [INFO] LogOutputStream:77 - [STDOUT_REDIRECT] 1 : Invalid condition id : UX_CORESTACK_Condition cause : null
2025-01-09 14:14:33,572 [INFO] LogOutputStream:77 - [STDOUT_REDIRECT] 1 : Invalid condition id : UX_CORESTACK_Condition cause : null
2025-01-09 14:14:33,574 [INFO] LogOutputStream:77 - [STDOUT_REDIRECT] 1 : Invalid condition id : UX_CORESTACK_Condition cause : null
2025-01-09 14:14:33,576 [INFO] LogOutputStream:77 - [STDOUT_REDIRECT] 1 : Invalid condition id : UX_CORESTACK_Condition cause : null
2025-01-09 14:14:33,578 [WARN] PackLoader:240 - Cannot read IP mode file for STMicroelectronics.X-CUBE-AZRTOS-WL.2.0.0
2025-01-09 14:14:33,599 [WARN] PackLoader:240 - Cannot read IP mode file for STMicroelectronics.FP-SNS-MOTENV1.5.0.0
2025-01-09 14:14:33,606 [WARN] PackLoader:240 - Cannot read IP mode file for wolfSSL.I-CUBE-wolfMQTT.1.19.0
2025-01-09 14:14:33,621 [WARN] PackLoader:240 - Cannot read IP mode file for WES.I-CUBE-Cesium.1.3.0
2025-01-09 14:14:33,642 [WARN] PackLoader:240 - Cannot read IP mode file for STMicroelectronics.X-CUBE-BLE2.3.3.0
2025-01-09 14:14:33,653 [ERROR] LogOutputStream:75 - [STDERR_REDIRECT] [Fatal Error] :1:1: Premature end of file.
2025-01-09 14:14:33,655 [ERROR] LogOutputStream:75 - [STDERR_REDIRECT] 
2025-01-09 14:14:33,658 [WARN] PackLoader:240 - Cannot read IP mode file for STMicroelectronics.X-CUBE-NFC9.1.0.0
2025-01-09 14:14:33,685 [WARN] PackLoader:240 - Cannot read IP mode file for STMicroelectronics.X-CUBE-AZRTOS-G0.1.1.0
2025-01-09 14:14:33,703 [WARN] PackLoader:240 - Cannot read IP mode file for STMicroelectronics.X-CUBE-SAFEA1.1.2.2
2025-01-09 14:14:33,720 [WARN] PackLoader:240 - Cannot read IP mode file for STMicroelectronics.X-CUBE-NFC4.3.0.0
2025-01-09 14:14:33,736 [WARN] PackLoader:240 - Cannot read IP mode file for EmbeddedOffice.I-CUBE-FS-RTOS.1.0.1
2025-01-09 14:14:33,756 [WARN] PackLoader:240 - Cannot read IP mode file for STMicroelectronics.X-CUBE-TCPP.4.2.0
2025-01-09 14:14:33,777 [WARN] PackLoader:240 - Cannot read IP mode file for RealThread.X-CUBE-RT-Thread_Nano.4.1.1
2025-01-09 14:14:33,783 [WARN] PackLoader:240 - Cannot read IP mode file for STMicroelectronics.FP-ATR-SIGFOX1.3.2.0
2025-01-09 14:14:33,789 [WARN] ConditionMgr:438 - getConditionDescription Invalid condition id : Cortex-A Device cause : null
2025-01-09 14:14:33,817 [WARN] ConditionMgr:1044 - genDependencies : Invalid condition id : Cortex-A Device cause : null
2025-01-09 14:14:33,818 [WARN] ConditionMgr:1044 - genDependencies : Invalid condition id : Cortex-A Device cause : null
2025-01-09 14:14:33,818 [WARN] ConditionMgr:1044 - genDependencies : Invalid condition id : Cortex-A Device cause : null
2025-01-09 14:14:33,833 [WARN] PackLoader:240 - Cannot read IP mode file for STMicroelectronics.X-CUBE-EEPRMA1.5.1.0
2025-01-09 14:14:33,851 [WARN] PackLoader:240 - Cannot read IP mode file for wolfSSL.I-CUBE-wolfSSL.5.7.4
2025-01-09 14:14:33,866 [WARN] PackLoader:240 - Cannot read IP mode file for ITTIA_DB.I-CUBE-ITTIADB.8.9.0
2025-01-09 14:14:33,899 [WARN] PackLoader:240 - Cannot read IP mode file for SEGGER.I-CUBE-embOS.1.3.1
2025-01-09 14:14:33,935 [WARN] PackLoader:240 - Cannot read IP mode file for STMicroelectronics.X-CUBE-ALGOBUILD.1.4.0
2025-01-09 14:14:33,951 [WARN] PackLoader:240 - Cannot read IP mode file for STMicroelectronics.X-CUBE-AI.9.1.0
2025-01-09 14:14:33,982 [WARN] PackLoader:240 - Cannot read IP mode file for STMicroelectronics.X-CUBE-AZRTOS-F4.1.1.0
2025-01-09 14:14:33,998 [WARN] PackLoader:240 - Cannot read IP mode file for STMicroelectronics.X-CUBE-ISPU.2.1.0
2025-01-09 14:14:34,023 [WARN] PackLoader:240 - Cannot read IP mode file for STMicroelectronics.X-CUBE-AZRTOS-L5.2.0.0
2025-01-09 14:14:34,040 [WARN] PackLoader:240 - Cannot read IP mode file for STMicroelectronics.X-CUBE-NFC6.3.1.0
2025-01-09 14:14:34,054 [WARN] PackLoader:240 - Cannot read IP mode file for STMicroelectronics.X-CUBE-DPower.1.2.0
2025-01-09 14:14:34,068 [WARN] PackLoader:240 - Cannot read IP mode file for STMicroelectronics.X-CUBE-FREERTOS.1.3.0
2025-01-09 14:14:34,083 [WARN] PackLoader:240 - Cannot read IP mode file for STMicroelectronics.X-CUBE-NFC7.1.0.1
2025-01-09 14:14:34,106 [WARN] ConditionMgr:438 - getConditionDescription Invalid condition id : LAN8742 Phy interface Condition cause : null
2025-01-09 14:14:34,107 [WARN] PackLoader:240 - Cannot read IP mode file for STMicroelectronics.X-CUBE-AZRTOS-L4.2.0.0
2025-01-09 14:14:34,107 [WARN] ConditionMgr:1044 - genDependencies : Invalid condition id : LAN8742 Phy interface Condition cause : null
2025-01-09 14:14:34,107 [WARN] ConditionMgr:1044 - genDependencies : Invalid condition id : LAN8742 Phy interface Condition cause : null
2025-01-09 14:14:34,108 [WARN] ConditionMgr:1044 - genDependencies : Invalid condition id : LAN8742 Phy interface Condition cause : null
2025-01-09 14:14:34,128 [WARN] PackLoader:240 - Cannot read IP mode file for STMicroelectronics.X-CUBE-SFXS2LP1.4.0.0
2025-01-09 14:14:34,159 [WARN] PackLoader:240 - Cannot read IP mode file for STMicroelectronics.X-CUBE-AZRTOS-H7.3.3.0
2025-01-09 14:14:34,180 [WARN] PackLoader:240 - Cannot read IP mode file for STMicroelectronics.X-CUBE-IPS.3.0.0
2025-01-09 14:14:34,205 [WARN] ConditionMgr:438 - getConditionDescription Invalid condition id : UX DEVICE CLASS RTOS Condition cause : null
2025-01-09 14:14:34,205 [WARN] ConditionMgr:438 - getConditionDescription Invalid condition id : UX DEVICE CLASS RTOS Condition cause : null
2025-01-09 14:14:34,207 [WARN] PackLoader:240 - Cannot read IP mode file for STMicroelectronics.X-CUBE-AZRTOS-WB.2.0.0
2025-01-09 14:14:34,207 [WARN] ConditionMgr:1044 - genDependencies : Invalid condition id : UX DEVICE CLASS RTOS Condition cause : null
2025-01-09 14:14:34,207 [WARN] ConditionMgr:1044 - genDependencies : Invalid condition id : UX DEVICE CLASS RTOS Condition cause : null
2025-01-09 14:14:34,208 [WARN] ConditionMgr:1044 - genDependencies : Invalid condition id : UX DEVICE CLASS RTOS Condition cause : null
2025-01-09 14:14:34,208 [WARN] ConditionMgr:1044 - genDependencies : Invalid condition id : UX DEVICE CLASS RTOS Condition cause : null
2025-01-09 14:14:34,208 [WARN] ConditionMgr:1044 - genDependencies : Invalid condition id : UX DEVICE CLASS RTOS Condition cause : null
2025-01-09 14:14:34,224 [WARN] PackLoader:240 - Cannot read IP mode file for STMicroelectronics.X-CUBE-GNSS1.7.0.0
2025-01-09 14:14:34,240 [WARN] PackLoader:240 - Cannot read IP mode file for STMicroelectronics.X-CUBE-GNSS1.7.0.1
2025-01-09 14:14:34,258 [WARN] PackLoader:240 - Cannot read IP mode file for STMicroelectronics.FP-SNS-STBOX1.2.0.0
2025-01-09 14:14:34,277 [WARN] PackLoader:240 - Cannot read IP mode file for STMicroelectronics.X-CUBE-SUBG2.5.0.0
2025-01-09 14:14:34,287 [WARN] PackLoader:240 - Cannot read IP mode file for Cesanta.I-CUBE-Mongoose.7.13.0
2025-01-09 14:14:34,312 [WARN] PackLoader:240 - Cannot read IP mode file for STMicroelectronics.X-CUBE-AZRTOS-G4.2.0.0
2025-01-09 14:14:34,321 [WARN] PackLoader:240 - Cannot read IP mode file for STMicroelectronics.X-CUBE-IPS.3.1.0
2025-01-09 14:14:34,337 [WARN] PackLoader:240 - Cannot read IP mode file for STMicroelectronics.X-CUBE-ALS.1.0.2
2025-01-09 14:14:34,342 [WARN] PackLoader:240 - Cannot read IP mode file for STMicroelectronics.X-CUBE-TOUCHGFX.4.24.2
2025-01-09 14:14:34,358 [WARN] PackLoader:240 - Cannot read IP mode file for STMicroelectronics.X-CUBE-TOUCHGFX.4.24.1
2025-01-09 14:14:34,363 [WARN] PackLoader:240 - Cannot read IP mode file for wolfSSL.I-CUBE-wolfTPM.3.4.0
2025-01-09 14:14:34,382 [WARN] PackLoader:240 - Cannot read IP mode file for portGmbH.I-Cube-SoM-uGOAL.1.1.0
2025-01-09 14:14:34,410 [WARN] PackLoader:240 - Cannot read IP mode file for STMicroelectronics.X-CUBE-AZRTOS-H7RS.1.0.0
2025-01-09 14:14:34,439 [WARN] PackLoader:240 - Cannot read IP mode file for STMicroelectronics.X-CUBE-TOF1.3.4.2
2025-01-09 14:14:34,455 [WARN] PackLoader:240 - Cannot read IP mode file for wolfSSL.I-CUBE-wolfSSH.1.4.17
2025-01-09 14:14:34,456 [INFO] ThirdParty:978 - Integrity check success = true
2025-01-09 14:14:34,459 [INFO] IntegrityCheckThread:100 - exiting critical section [integrity check]
2025-01-09 14:14:34,460 [INFO] IntegrityCheckThread:103 - End integrity checks thread
2025-01-09 14:14:34,648 [ERROR] LogOutputStream:75 - [STDERR_REDIRECT] [Fatal Error] :1:1: Premature end of file.
2025-01-09 14:14:34,648 [ERROR] LogOutputStream:75 - [STDERR_REDIRECT] 
2025-01-09 14:14:35,646 [ERROR] LogOutputStream:75 - [STDERR_REDIRECT] [Fatal Error] :1:1: Premature end of file.
2025-01-09 14:14:35,646 [ERROR] LogOutputStream:75 - [STDERR_REDIRECT] 
2025-01-09 14:14:36,650 [ERROR] LogOutputStream:75 - [STDERR_REDIRECT] [Fatal Error] :1:1: Premature end of file.
2025-01-09 14:14:36,651 [ERROR] LogOutputStream:75 - [STDERR_REDIRECT] 
2025-01-09 14:14:37,645 [ERROR] LogOutputStream:75 - [STDERR_REDIRECT] [Fatal Error] :1:1: Premature end of file.
2025-01-09 14:14:37,645 [ERROR] LogOutputStream:75 - [STDERR_REDIRECT] 
2025-01-09 14:14:38,646 [ERROR] LogOutputStream:75 - [STDERR_REDIRECT] [Fatal Error] :1:1: Premature end of file.
2025-01-09 14:14:38,647 [ERROR] LogOutputStream:75 - [STDERR_REDIRECT] 
2025-01-09 14:14:39,646 [ERROR] LogOutputStream:75 - [STDERR_REDIRECT] [Fatal Error] :1:1: Premature end of file.
2025-01-09 14:14:39,647 [ERROR] LogOutputStream:75 - [STDERR_REDIRECT] 
2025-01-09 14:14:40,647 [ERROR] LogOutputStream:75 - [STDERR_REDIRECT] [Fatal Error] :1:1: Premature end of file.
2025-01-09 14:14:40,647 [ERROR] LogOutputStream:75 - [STDERR_REDIRECT] 
2025-01-09 14:14:41,646 [ERROR] LogOutputStream:75 - [STDERR_REDIRECT] [Fatal Error] :1:1: Premature end of file.
2025-01-09 14:14:41,647 [ERROR] LogOutputStream:75 - [STDERR_REDIRECT] 
2025-01-09 14:14:42,645 [ERROR] LogOutputStream:75 - [STDERR_REDIRECT] [Fatal Error] :1:1: Premature end of file.
2025-01-09 14:14:42,645 [ERROR] LogOutputStream:75 - [STDERR_REDIRECT] 
2025-01-09 14:14:43,646 [ERROR] LogOutputStream:75 - [STDERR_REDIRECT] [Fatal Error] :1:1: Premature end of file.
2025-01-09 14:14:43,646 [ERROR] LogOutputStream:75 - [STDERR_REDIRECT] 
2025-01-09 14:14:44,645 [ERROR] LogOutputStream:75 - [STDERR_REDIRECT] [Fatal Error] :1:1: Premature end of file.
2025-01-09 14:14:44,645 [ERROR] LogOutputStream:75 - [STDERR_REDIRECT] 
2025-01-09 14:14:45,647 [ERROR] LogOutputStream:75 - [STDERR_REDIRECT] [Fatal Error] :1:1: Premature end of file.
2025-01-09 14:14:45,647 [ERROR] LogOutputStream:75 - [STDERR_REDIRECT] 
2025-01-09 14:14:46,642 [ERROR] LogOutputStream:75 - [STDERR_REDIRECT] [Fatal Error] :1:1: Premature end of file.
2025-01-09 14:14:46,642 [ERROR] LogOutputStream:75 - [STDERR_REDIRECT] 
2025-01-09 14:14:47,647 [ERROR] LogOutputStream:75 - [STDERR_REDIRECT] [Fatal Error] :1:1: Premature end of file.
2025-01-09 14:14:47,647 [ERROR] LogOutputStream:75 - [STDERR_REDIRECT] 
2025-01-09 14:14:48,645 [ERROR] LogOutputStream:75 - [STDERR_REDIRECT] [Fatal Error] :1:1: Premature end of file.
2025-01-09 14:14:48,645 [ERROR] LogOutputStream:75 - [STDERR_REDIRECT] 
2025-01-09 14:14:49,645 [ERROR] LogOutputStream:75 - [STDERR_REDIRECT] [Fatal Error] :1:1: Premature end of file.
2025-01-09 14:14:49,645 [ERROR] LogOutputStream:75 - [STDERR_REDIRECT] 
2025-01-09 14:14:50,644 [ERROR] LogOutputStream:75 - [STDERR_REDIRECT] [Fatal Error] :1:1: Premature end of file.
2025-01-09 14:14:50,644 [ERROR] LogOutputStream:75 - [STDERR_REDIRECT] 
2025-01-09 14:14:51,646 [ERROR] LogOutputStream:75 - [STDERR_REDIRECT] [Fatal Error] :1:1: Premature end of file.
2025-01-09 14:14:51,646 [ERROR] LogOutputStream:75 - [STDERR_REDIRECT] 
2025-01-09 14:14:52,646 [ERROR] LogOutputStream:75 - [STDERR_REDIRECT] [Fatal Error] :1:1: Premature end of file.
2025-01-09 14:14:52,647 [ERROR] LogOutputStream:75 - [STDERR_REDIRECT] 
2025-01-09 14:14:53,645 [ERROR] LogOutputStream:75 - [STDERR_REDIRECT] [Fatal Error] :1:1: Premature end of file.
2025-01-09 14:14:53,645 [ERROR] LogOutputStream:75 - [STDERR_REDIRECT] 
2025-01-09 14:14:54,644 [ERROR] LogOutputStream:75 - [STDERR_REDIRECT] [Fatal Error] :1:1: Premature end of file.
2025-01-09 14:14:54,644 [ERROR] LogOutputStream:75 - [STDERR_REDIRECT] 
2025-01-09 14:14:55,647 [ERROR] LogOutputStream:75 - [STDERR_REDIRECT] [Fatal Error] :1:1: Premature end of file.
2025-01-09 14:14:55,647 [ERROR] LogOutputStream:75 - [STDERR_REDIRECT] 
2025-01-09 14:14:56,645 [ERROR] LogOutputStream:75 - [STDERR_REDIRECT] [Fatal Error] :1:1: Premature end of file.
2025-01-09 14:14:56,645 [ERROR] LogOutputStream:75 - [STDERR_REDIRECT] 
2025-01-09 14:14:57,646 [ERROR] LogOutputStream:75 - [STDERR_REDIRECT] [Fatal Error] :1:1: Premature end of file.
2025-01-09 14:14:57,646 [ERROR] LogOutputStream:75 - [STDERR_REDIRECT] 
2025-01-09 14:14:58,646 [ERROR] LogOutputStream:75 - [STDERR_REDIRECT] [Fatal Error] :1:1: Premature end of file.
2025-01-09 14:14:58,646 [ERROR] LogOutputStream:75 - [STDERR_REDIRECT] 
2025-01-09 14:14:59,646 [ERROR] LogOutputStream:75 - [STDERR_REDIRECT] [Fatal Error] :1:1: Premature end of file.
2025-01-09 14:14:59,647 [ERROR] LogOutputStream:75 - [STDERR_REDIRECT] 
2025-01-09 14:15:00,644 [ERROR] LogOutputStream:75 - [STDERR_REDIRECT] [Fatal Error] :1:1: Premature end of file.
2025-01-09 14:15:00,644 [ERROR] LogOutputStream:75 - [STDERR_REDIRECT] 
2025-01-09 14:15:01,643 [ERROR] LogOutputStream:75 - [STDERR_REDIRECT] [Fatal Error] :1:1: Premature end of file.
2025-01-09 14:15:01,644 [ERROR] LogOutputStream:75 - [STDERR_REDIRECT] 
2025-01-09 14:15:02,645 [ERROR] LogOutputStream:75 - [STDERR_REDIRECT] [Fatal Error] :1:1: Premature end of file.
2025-01-09 14:15:02,645 [ERROR] LogOutputStream:75 - [STDERR_REDIRECT] 
2025-01-09 14:15:03,645 [ERROR] LogOutputStream:75 - [STDERR_REDIRECT] [Fatal Error] :1:1: Premature end of file.
2025-01-09 14:15:03,645 [ERROR] LogOutputStream:75 - [STDERR_REDIRECT] 
2025-01-09 14:15:04,646 [ERROR] LogOutputStream:75 - [STDERR_REDIRECT] [Fatal Error] :1:1: Premature end of file.
2025-01-09 14:15:04,646 [ERROR] LogOutputStream:75 - [STDERR_REDIRECT] 
2025-01-09 14:15:05,645 [ERROR] LogOutputStream:75 - [STDERR_REDIRECT] [Fatal Error] :1:1: Premature end of file.
2025-01-09 14:15:05,645 [ERROR] LogOutputStream:75 - [STDERR_REDIRECT] 
2025-01-09 14:15:06,646 [ERROR] LogOutputStream:75 - [STDERR_REDIRECT] [Fatal Error] :1:1: Premature end of file.
2025-01-09 14:15:06,646 [ERROR] LogOutputStream:75 - [STDERR_REDIRECT] 
2025-01-09 14:15:07,645 [ERROR] LogOutputStream:75 - [STDERR_REDIRECT] [Fatal Error] :1:1: Premature end of file.
2025-01-09 14:15:07,645 [ERROR] LogOutputStream:75 - [STDERR_REDIRECT] 
2025-01-09 14:15:08,645 [ERROR] LogOutputStream:75 - [STDERR_REDIRECT] [Fatal Error] :1:1: Premature end of file.
2025-01-09 14:15:08,645 [ERROR] LogOutputStream:75 - [STDERR_REDIRECT] 
2025-01-09 14:15:09,647 [ERROR] LogOutputStream:75 - [STDERR_REDIRECT] [Fatal Error] :1:1: Premature end of file.
2025-01-09 14:15:09,648 [ERROR] LogOutputStream:75 - [STDERR_REDIRECT] 
2025-01-09 14:15:10,647 [ERROR] LogOutputStream:75 - [STDERR_REDIRECT] [Fatal Error] :1:1: Premature end of file.
2025-01-09 14:15:10,647 [ERROR] LogOutputStream:75 - [STDERR_REDIRECT] 
2025-01-09 14:15:11,646 [ERROR] LogOutputStream:75 - [STDERR_REDIRECT] [Fatal Error] :1:1: Premature end of file.
2025-01-09 14:15:11,646 [ERROR] LogOutputStream:75 - [STDERR_REDIRECT] 
2025-01-09 14:15:12,646 [ERROR] LogOutputStream:75 - [STDERR_REDIRECT] [Fatal Error] :1:1: Premature end of file.
2025-01-09 14:15:12,646 [ERROR] LogOutputStream:75 - [STDERR_REDIRECT] 
2025-01-09 14:15:13,645 [ERROR] LogOutputStream:75 - [STDERR_REDIRECT] [Fatal Error] :1:1: Premature end of file.
2025-01-09 14:15:13,645 [ERROR] LogOutputStream:75 - [STDERR_REDIRECT] 
2025-01-09 14:15:14,644 [ERROR] LogOutputStream:75 - [STDERR_REDIRECT] [Fatal Error] :1:1: Premature end of file.
2025-01-09 14:15:14,644 [ERROR] LogOutputStream:75 - [STDERR_REDIRECT] 
2025-01-09 14:15:15,647 [ERROR] LogOutputStream:75 - [STDERR_REDIRECT] [Fatal Error] :1:1: Premature end of file.
2025-01-09 14:15:15,648 [ERROR] LogOutputStream:75 - [STDERR_REDIRECT] 
2025-01-09 14:15:16,646 [ERROR] LogOutputStream:75 - [STDERR_REDIRECT] [Fatal Error] :1:1: Premature end of file.
2025-01-09 14:15:16,646 [ERROR] LogOutputStream:75 - [STDERR_REDIRECT] 
2025-01-09 14:15:17,646 [ERROR] LogOutputStream:75 - [STDERR_REDIRECT] [Fatal Error] :1:1: Premature end of file.
2025-01-09 14:15:17,646 [ERROR] LogOutputStream:75 - [STDERR_REDIRECT] 
2025-01-09 14:15:18,645 [ERROR] LogOutputStream:75 - [STDERR_REDIRECT] [Fatal Error] :1:1: Premature end of file.
2025-01-09 14:15:18,645 [ERROR] LogOutputStream:75 - [STDERR_REDIRECT] 
2025-01-09 14:15:19,646 [ERROR] LogOutputStream:75 - [STDERR_REDIRECT] [Fatal Error] :1:1: Premature end of file.
2025-01-09 14:15:19,646 [ERROR] LogOutputStream:75 - [STDERR_REDIRECT] 
2025-01-09 14:15:20,646 [ERROR] LogOutputStream:75 - [STDERR_REDIRECT] [Fatal Error] :1:1: Premature end of file.
2025-01-09 14:15:20,646 [ERROR] LogOutputStream:75 - [STDERR_REDIRECT] 
2025-01-09 14:15:21,645 [ERROR] LogOutputStream:75 - [STDERR_REDIRECT] [Fatal Error] :1:1: Premature end of file.
2025-01-09 14:15:21,645 [ERROR] LogOutputStream:75 - [STDERR_REDIRECT] 
2025-01-09 14:15:22,646 [ERROR] LogOutputStream:75 - [STDERR_REDIRECT] [Fatal Error] :1:1: Premature end of file.
2025-01-09 14:15:22,647 [ERROR] LogOutputStream:75 - [STDERR_REDIRECT] 
2025-01-09 14:15:23,645 [ERROR] LogOutputStream:75 - [STDERR_REDIRECT] [Fatal Error] :1:1: Premature end of file.
2025-01-09 14:15:23,645 [ERROR] LogOutputStream:75 - [STDERR_REDIRECT] 
2025-01-09 14:15:24,644 [ERROR] LogOutputStream:75 - [STDERR_REDIRECT] [Fatal Error] :1:1: Premature end of file.
2025-01-09 14:15:24,644 [ERROR] LogOutputStream:75 - [STDERR_REDIRECT] 
2025-01-09 14:15:25,648 [ERROR] LogOutputStream:75 - [STDERR_REDIRECT] [Fatal Error] :1:1: Premature end of file.
2025-01-09 14:15:25,649 [ERROR] LogOutputStream:75 - [STDERR_REDIRECT] 
2025-01-09 14:15:26,647 [ERROR] LogOutputStream:75 - [STDERR_REDIRECT] [Fatal Error] :1:1: Premature end of file.
2025-01-09 14:15:26,647 [ERROR] LogOutputStream:75 - [STDERR_REDIRECT] 
2025-01-09 14:15:27,647 [ERROR] LogOutputStream:75 - [STDERR_REDIRECT] [Fatal Error] :1:1: Premature end of file.
2025-01-09 14:15:27,647 [ERROR] LogOutputStream:75 - [STDERR_REDIRECT] 
2025-01-09 14:15:28,647 [ERROR] LogOutputStream:75 - [STDERR_REDIRECT] [Fatal Error] :1:1: Premature end of file.
2025-01-09 14:15:28,647 [ERROR] LogOutputStream:75 - [STDERR_REDIRECT] 
2025-01-09 14:15:29,646 [ERROR] LogOutputStream:75 - [STDERR_REDIRECT] [Fatal Error] :1:1: Premature end of file.
2025-01-09 14:15:29,646 [ERROR] LogOutputStream:75 - [STDERR_REDIRECT] 
2025-01-09 14:15:30,645 [ERROR] LogOutputStream:75 - [STDERR_REDIRECT] [Fatal Error] :1:1: Premature end of file.
2025-01-09 14:15:30,645 [ERROR] LogOutputStream:75 - [STDERR_REDIRECT] 
2025-01-09 14:15:31,647 [ERROR] LogOutputStream:75 - [STDERR_REDIRECT] [Fatal Error] :1:1: Premature end of file.
2025-01-09 14:15:31,647 [ERROR] LogOutputStream:75 - [STDERR_REDIRECT] 
2025-01-09 14:15:32,647 [ERROR] LogOutputStream:75 - [STDERR_REDIRECT] [Fatal Error] :1:1: Premature end of file.
2025-01-09 14:15:32,647 [ERROR] LogOutputStream:75 - [STDERR_REDIRECT] 
2025-01-09 14:15:33,645 [ERROR] LogOutputStream:75 - [STDERR_REDIRECT] [Fatal Error] :1:1: Premature end of file.
2025-01-09 14:15:33,645 [ERROR] LogOutputStream:75 - [STDERR_REDIRECT] 
2025-01-09 14:15:34,647 [ERROR] LogOutputStream:75 - [STDERR_REDIRECT] [Fatal Error] :1:1: Premature end of file.
2025-01-09 14:15:34,647 [ERROR] LogOutputStream:75 - [STDERR_REDIRECT] 
2025-01-09 14:15:35,645 [ERROR] LogOutputStream:75 - [STDERR_REDIRECT] [Fatal Error] :1:1: Premature end of file.
2025-01-09 14:15:35,645 [ERROR] LogOutputStream:75 - [STDERR_REDIRECT] 
2025-01-09 14:15:36,644 [ERROR] LogOutputStream:75 - [STDERR_REDIRECT] [Fatal Error] :1:1: Premature end of file.
2025-01-09 14:15:36,644 [ERROR] LogOutputStream:75 - [STDERR_REDIRECT] 
2025-01-09 14:15:37,645 [ERROR] LogOutputStream:75 - [STDERR_REDIRECT] [Fatal Error] :1:1: Premature end of file.
2025-01-09 14:15:37,645 [ERROR] LogOutputStream:75 - [STDERR_REDIRECT] 
2025-01-09 14:15:38,646 [ERROR] LogOutputStream:75 - [STDERR_REDIRECT] [Fatal Error] :1:1: Premature end of file.
2025-01-09 14:15:38,646 [ERROR] LogOutputStream:75 - [STDERR_REDIRECT] 
2025-01-09 14:15:39,647 [ERROR] LogOutputStream:75 - [STDERR_REDIRECT] [Fatal Error] :1:1: Premature end of file.
2025-01-09 14:15:39,647 [ERROR] LogOutputStream:75 - [STDERR_REDIRECT] 
2025-01-09 14:15:40,645 [ERROR] LogOutputStream:75 - [STDERR_REDIRECT] [Fatal Error] :1:1: Premature end of file.
2025-01-09 14:15:40,645 [ERROR] LogOutputStream:75 - [STDERR_REDIRECT] 
2025-01-09 14:15:41,646 [ERROR] LogOutputStream:75 - [STDERR_REDIRECT] [Fatal Error] :1:1: Premature end of file.
2025-01-09 14:15:41,646 [ERROR] LogOutputStream:75 - [STDERR_REDIRECT] 
2025-01-09 14:15:42,644 [ERROR] LogOutputStream:75 - [STDERR_REDIRECT] [Fatal Error] :1:1: Premature end of file.
2025-01-09 14:15:42,644 [ERROR] LogOutputStream:75 - [STDERR_REDIRECT] 
2025-01-09 14:15:43,646 [ERROR] LogOutputStream:75 - [STDERR_REDIRECT] [Fatal Error] :1:1: Premature end of file.
2025-01-09 14:15:43,646 [ERROR] LogOutputStream:75 - [STDERR_REDIRECT] 
2025-01-09 14:15:44,648 [ERROR] LogOutputStream:75 - [STDERR_REDIRECT] [Fatal Error] :1:1: Premature end of file.
2025-01-09 14:15:44,648 [ERROR] LogOutputStream:75 - [STDERR_REDIRECT] 
2025-01-09 14:15:45,645 [ERROR] LogOutputStream:75 - [STDERR_REDIRECT] [Fatal Error] :1:1: Premature end of file.
2025-01-09 14:15:45,645 [ERROR] LogOutputStream:75 - [STDERR_REDIRECT] 
2025-01-09 14:15:46,648 [ERROR] LogOutputStream:75 - [STDERR_REDIRECT] [Fatal Error] :1:1: Premature end of file.
2025-01-09 14:15:46,648 [ERROR] LogOutputStream:75 - [STDERR_REDIRECT] 
2025-01-09 14:15:47,649 [ERROR] LogOutputStream:75 - [STDERR_REDIRECT] [Fatal Error] :1:1: Premature end of file.
2025-01-09 14:15:47,649 [ERROR] LogOutputStream:75 - [STDERR_REDIRECT] 
2025-01-09 14:15:48,645 [ERROR] LogOutputStream:75 - [STDERR_REDIRECT] [Fatal Error] :1:1: Premature end of file.
2025-01-09 14:15:48,645 [ERROR] LogOutputStream:75 - [STDERR_REDIRECT] 
2025-01-09 14:15:49,647 [ERROR] LogOutputStream:75 - [STDERR_REDIRECT] [Fatal Error] :1:1: Premature end of file.
2025-01-09 14:15:49,647 [ERROR] LogOutputStream:75 - [STDERR_REDIRECT] 
2025-01-09 14:15:50,665 [ERROR] LogOutputStream:75 - [STDERR_REDIRECT] [Fatal Error] :1:1: Premature end of file.
2025-01-09 14:15:50,665 [ERROR] LogOutputStream:75 - [STDERR_REDIRECT] 
2025-01-09 14:15:51,645 [ERROR] LogOutputStream:75 - [STDERR_REDIRECT] [Fatal Error] :1:1: Premature end of file.
2025-01-09 14:15:51,645 [ERROR] LogOutputStream:75 - [STDERR_REDIRECT] 
2025-01-09 14:15:52,647 [ERROR] LogOutputStream:75 - [STDERR_REDIRECT] [Fatal Error] :1:1: Premature end of file.
2025-01-09 14:15:52,647 [ERROR] LogOutputStream:75 - [STDERR_REDIRECT] 
2025-01-09 14:15:53,648 [ERROR] LogOutputStream:75 - [STDERR_REDIRECT] [Fatal Error] :1:1: Premature end of file.
2025-01-09 14:15:53,648 [ERROR] LogOutputStream:75 - [STDERR_REDIRECT] 
2025-01-09 14:15:54,645 [ERROR] LogOutputStream:75 - [STDERR_REDIRECT] [Fatal Error] :1:1: Premature end of file.
2025-01-09 14:15:54,645 [ERROR] LogOutputStream:75 - [STDERR_REDIRECT] 
2025-01-09 14:15:55,646 [ERROR] LogOutputStream:75 - [STDERR_REDIRECT] [Fatal Error] :1:1: Premature end of file.
2025-01-09 14:15:55,646 [ERROR] LogOutputStream:75 - [STDERR_REDIRECT] 
2025-01-09 14:15:56,647 [ERROR] LogOutputStream:75 - [STDERR_REDIRECT] [Fatal Error] :1:1: Premature end of file.
2025-01-09 14:15:56,647 [ERROR] LogOutputStream:75 - [STDERR_REDIRECT] 
2025-01-09 14:15:57,645 [ERROR] LogOutputStream:75 - [STDERR_REDIRECT] [Fatal Error] :1:1: Premature end of file.
2025-01-09 14:15:57,645 [ERROR] LogOutputStream:75 - [STDERR_REDIRECT] 
2025-01-09 14:15:58,645 [ERROR] LogOutputStream:75 - [STDERR_REDIRECT] [Fatal Error] :1:1: Premature end of file.
2025-01-09 14:15:58,645 [ERROR] LogOutputStream:75 - [STDERR_REDIRECT] 
2025-01-09 14:15:59,645 [ERROR] LogOutputStream:75 - [STDERR_REDIRECT] [Fatal Error] :1:1: Premature end of file.
2025-01-09 14:15:59,646 [ERROR] LogOutputStream:75 - [STDERR_REDIRECT] 
2025-01-09 14:16:00,645 [ERROR] LogOutputStream:75 - [STDERR_REDIRECT] [Fatal Error] :1:1: Premature end of file.
2025-01-09 14:16:00,645 [ERROR] LogOutputStream:75 - [STDERR_REDIRECT] 
2025-01-09 14:16:01,647 [ERROR] LogOutputStream:75 - [STDERR_REDIRECT] [Fatal Error] :1:1: Premature end of file.
2025-01-09 14:16:01,647 [ERROR] LogOutputStream:75 - [STDERR_REDIRECT] 
2025-01-09 14:16:02,655 [ERROR] LogOutputStream:75 - [STDERR_REDIRECT] [Fatal Error] :1:1: Premature end of file.
2025-01-09 14:16:02,655 [ERROR] LogOutputStream:75 - [STDERR_REDIRECT] 
2025-01-09 14:16:03,661 [ERROR] LogOutputStream:75 - [STDERR_REDIRECT] [Fatal Error] :1:1: Premature end of file.
2025-01-09 14:16:03,662 [ERROR] LogOutputStream:75 - [STDERR_REDIRECT] 
2025-01-09 14:16:04,649 [ERROR] LogOutputStream:75 - [STDERR_REDIRECT] [Fatal Error] :1:1: Premature end of file.
2025-01-09 14:16:04,649 [ERROR] LogOutputStream:75 - [STDERR_REDIRECT] 
2025-01-09 14:16:05,644 [ERROR] LogOutputStream:75 - [STDERR_REDIRECT] [Fatal Error] :1:1: Premature end of file.
2025-01-09 14:16:05,644 [ERROR] LogOutputStream:75 - [STDERR_REDIRECT] 
2025-01-09 14:16:06,649 [ERROR] LogOutputStream:75 - [STDERR_REDIRECT] [Fatal Error] :1:1: Premature end of file.
2025-01-09 14:16:06,649 [ERROR] LogOutputStream:75 - [STDERR_REDIRECT] 
2025-01-09 14:16:07,649 [ERROR] LogOutputStream:75 - [STDERR_REDIRECT] [Fatal Error] :1:1: Premature end of file.
2025-01-09 14:16:07,649 [ERROR] LogOutputStream:75 - [STDERR_REDIRECT] 
2025-01-09 14:16:08,642 [ERROR] LogOutputStream:75 - [STDERR_REDIRECT] [Fatal Error] :1:1: Premature end of file.
2025-01-09 14:16:08,642 [ERROR] LogOutputStream:75 - [STDERR_REDIRECT] 
2025-01-09 14:16:09,648 [ERROR] LogOutputStream:75 - [STDERR_REDIRECT] [Fatal Error] :1:1: Premature end of file.
2025-01-09 14:16:09,648 [ERROR] LogOutputStream:75 - [STDERR_REDIRECT] 
2025-01-09 14:16:10,658 [ERROR] LogOutputStream:75 - [STDERR_REDIRECT] [Fatal Error] :1:1: Premature end of file.
2025-01-09 14:16:10,658 [ERROR] LogOutputStream:75 - [STDERR_REDIRECT] 
2025-01-09 14:16:11,642 [ERROR] LogOutputStream:75 - [STDERR_REDIRECT] [Fatal Error] :1:1: Premature end of file.
2025-01-09 14:16:11,642 [ERROR] LogOutputStream:75 - [STDERR_REDIRECT] 
2025-01-09 14:16:12,655 [ERROR] LogOutputStream:75 - [STDERR_REDIRECT] [Fatal Error] :1:1: Premature end of file.
2025-01-09 14:16:12,655 [ERROR] LogOutputStream:75 - [STDERR_REDIRECT] 
2025-01-09 14:16:13,645 [ERROR] LogOutputStream:75 - [STDERR_REDIRECT] [Fatal Error] :1:1: Premature end of file.
2025-01-09 14:16:13,645 [ERROR] LogOutputStream:75 - [STDERR_REDIRECT] 
2025-01-09 14:16:14,645 [ERROR] LogOutputStream:75 - [STDERR_REDIRECT] [Fatal Error] :1:1: Premature end of file.
2025-01-09 14:16:14,645 [ERROR] LogOutputStream:75 - [STDERR_REDIRECT] 
2025-01-09 14:16:15,649 [ERROR] LogOutputStream:75 - [STDERR_REDIRECT] [Fatal Error] :1:1: Premature end of file.
2025-01-09 14:16:15,649 [ERROR] LogOutputStream:75 - [STDERR_REDIRECT] 
2025-01-09 14:16:16,648 [ERROR] LogOutputStream:75 - [STDERR_REDIRECT] [Fatal Error] :1:1: Premature end of file.
2025-01-09 14:16:16,648 [ERROR] LogOutputStream:75 - [STDERR_REDIRECT] 
2025-01-09 14:16:17,651 [ERROR] LogOutputStream:75 - [STDERR_REDIRECT] [Fatal Error] :1:1: Premature end of file.
2025-01-09 14:16:17,651 [ERROR] LogOutputStream:75 - [STDERR_REDIRECT] 
2025-01-09 14:16:18,646 [ERROR] LogOutputStream:75 - [STDERR_REDIRECT] [Fatal Error] :1:1: Premature end of file.
2025-01-09 14:16:18,646 [ERROR] LogOutputStream:75 - [STDERR_REDIRECT] 
2025-01-09 14:16:19,661 [ERROR] LogOutputStream:75 - [STDERR_REDIRECT] [Fatal Error] :1:1: Premature end of file.
2025-01-09 14:16:19,661 [ERROR] LogOutputStream:75 - [STDERR_REDIRECT] 
2025-01-09 14:16:20,661 [ERROR] LogOutputStream:75 - [STDERR_REDIRECT] [Fatal Error] :1:1: Premature end of file.
2025-01-09 14:16:20,661 [ERROR] LogOutputStream:75 - [STDERR_REDIRECT] 
2025-01-09 14:16:21,668 [ERROR] LogOutputStream:75 - [STDERR_REDIRECT] [Fatal Error] :1:1: Premature end of file.
2025-01-09 14:16:21,668 [ERROR] LogOutputStream:75 - [STDERR_REDIRECT] 
2025-01-09 14:16:22,653 [ERROR] LogOutputStream:75 - [STDERR_REDIRECT] [Fatal Error] :1:1: Premature end of file.
2025-01-09 14:16:22,653 [ERROR] LogOutputStream:75 - [STDERR_REDIRECT] 
2025-01-09 14:16:23,646 [ERROR] LogOutputStream:75 - [STDERR_REDIRECT] [Fatal Error] :1:1: Premature end of file.
2025-01-09 14:16:23,646 [ERROR] LogOutputStream:75 - [STDERR_REDIRECT] 
2025-01-09 14:16:24,644 [ERROR] LogOutputStream:75 - [STDERR_REDIRECT] [Fatal Error] :1:1: Premature end of file.
2025-01-09 14:16:24,644 [ERROR] LogOutputStream:75 - [STDERR_REDIRECT] 
2025-01-09 14:16:25,642 [ERROR] LogOutputStream:75 - [STDERR_REDIRECT] [Fatal Error] :1:1: Premature end of file.
2025-01-09 14:16:25,642 [ERROR] LogOutputStream:75 - [STDERR_REDIRECT] 
2025-01-09 14:16:26,661 [ERROR] LogOutputStream:75 - [STDERR_REDIRECT] [Fatal Error] :1:1: Premature end of file.
2025-01-09 14:16:26,661 [ERROR] LogOutputStream:75 - [STDERR_REDIRECT] 
2025-01-09 14:16:27,645 [ERROR] LogOutputStream:75 - [STDERR_REDIRECT] [Fatal Error] :1:1: Premature end of file.
2025-01-09 14:16:27,645 [ERROR] LogOutputStream:75 - [STDERR_REDIRECT] 
2025-01-09 14:16:28,651 [ERROR] LogOutputStream:75 - [STDERR_REDIRECT] [Fatal Error] :1:1: Premature end of file.
2025-01-09 14:16:28,651 [ERROR] LogOutputStream:75 - [STDERR_REDIRECT] 
2025-01-09 14:16:29,651 [ERROR] LogOutputStream:75 - [STDERR_REDIRECT] [Fatal Error] :1:1: Premature end of file.
2025-01-09 14:16:29,651 [ERROR] LogOutputStream:75 - [STDERR_REDIRECT] 
2025-01-09 14:16:30,650 [ERROR] LogOutputStream:75 - [STDERR_REDIRECT] [Fatal Error] :1:1: Premature end of file.
2025-01-09 14:16:30,650 [ERROR] LogOutputStream:75 - [STDERR_REDIRECT] 
2025-01-09 14:16:31,648 [ERROR] LogOutputStream:75 - [STDERR_REDIRECT] [Fatal Error] :1:1: Premature end of file.
2025-01-09 14:16:31,648 [ERROR] LogOutputStream:75 - [STDERR_REDIRECT] 
2025-01-09 14:16:32,654 [ERROR] LogOutputStream:75 - [STDERR_REDIRECT] [Fatal Error] :1:1: Premature end of file.
2025-01-09 14:16:32,654 [ERROR] LogOutputStream:75 - [STDERR_REDIRECT] 
2025-01-09 14:16:33,646 [ERROR] LogOutputStream:75 - [STDERR_REDIRECT] [Fatal Error] :1:1: Premature end of file.
2025-01-09 14:16:33,646 [ERROR] LogOutputStream:75 - [STDERR_REDIRECT] 
2025-01-09 14:16:34,637 [ERROR] LogOutputStream:75 - [STDERR_REDIRECT] [Fatal Error] :1:1: Premature end of file.
2025-01-09 14:16:34,637 [ERROR] LogOutputStream:75 - [STDERR_REDIRECT] 
2025-01-09 14:16:35,649 [ERROR] LogOutputStream:75 - [STDERR_REDIRECT] [Fatal Error] :1:1: Premature end of file.
2025-01-09 14:16:35,649 [ERROR] LogOutputStream:75 - [STDERR_REDIRECT] 
2025-01-09 14:16:36,655 [ERROR] LogOutputStream:75 - [STDERR_REDIRECT] [Fatal Error] :1:1: Premature end of file.
2025-01-09 14:16:36,655 [ERROR] LogOutputStream:75 - [STDERR_REDIRECT] 
2025-01-09 14:16:37,649 [ERROR] LogOutputStream:75 - [STDERR_REDIRECT] [Fatal Error] :1:1: Premature end of file.
2025-01-09 14:16:37,649 [ERROR] LogOutputStream:75 - [STDERR_REDIRECT] 
2025-01-09 14:16:38,651 [ERROR] LogOutputStream:75 - [STDERR_REDIRECT] [Fatal Error] :1:1: Premature end of file.
2025-01-09 14:16:38,652 [ERROR] LogOutputStream:75 - [STDERR_REDIRECT] 
2025-01-09 14:16:39,652 [ERROR] LogOutputStream:75 - [STDERR_REDIRECT] [Fatal Error] :1:1: Premature end of file.
2025-01-09 14:16:39,660 [ERROR] LogOutputStream:75 - [STDERR_REDIRECT] 
2025-01-09 14:16:40,650 [ERROR] LogOutputStream:75 - [STDERR_REDIRECT] [Fatal Error] :1:1: Premature end of file.
2025-01-09 14:16:40,650 [ERROR] LogOutputStream:75 - [STDERR_REDIRECT] 
2025-01-09 14:16:41,663 [ERROR] LogOutputStream:75 - [STDERR_REDIRECT] [Fatal Error] :1:1: Premature end of file.
2025-01-09 14:16:41,663 [ERROR] LogOutputStream:75 - [STDERR_REDIRECT] 
2025-01-09 14:16:42,656 [ERROR] LogOutputStream:75 - [STDERR_REDIRECT] [Fatal Error] :1:1: Premature end of file.
2025-01-09 14:16:42,656 [ERROR] LogOutputStream:75 - [STDERR_REDIRECT] 
2025-01-09 14:16:43,637 [ERROR] LogOutputStream:75 - [STDERR_REDIRECT] [Fatal Error] :1:1: Premature end of file.
2025-01-09 14:16:43,637 [ERROR] LogOutputStream:75 - [STDERR_REDIRECT] 
2025-01-09 14:16:44,649 [ERROR] LogOutputStream:75 - [STDERR_REDIRECT] [Fatal Error] :1:1: Premature end of file.
2025-01-09 14:16:44,649 [ERROR] LogOutputStream:75 - [STDERR_REDIRECT] 
2025-01-09 14:16:45,664 [ERROR] LogOutputStream:75 - [STDERR_REDIRECT] [Fatal Error] :1:1: Premature end of file.
2025-01-09 14:16:45,664 [ERROR] LogOutputStream:75 - [STDERR_REDIRECT] 
2025-01-09 14:16:46,652 [ERROR] LogOutputStream:75 - [STDERR_REDIRECT] [Fatal Error] :1:1: Premature end of file.
2025-01-09 14:16:46,652 [ERROR] LogOutputStream:75 - [STDERR_REDIRECT] 
2025-01-09 14:16:47,643 [ERROR] LogOutputStream:75 - [STDERR_REDIRECT] [Fatal Error] :1:1: Premature end of file.
2025-01-09 14:16:47,643 [ERROR] LogOutputStream:75 - [STDERR_REDIRECT] 
2025-01-09 14:16:48,645 [ERROR] LogOutputStream:75 - [STDERR_REDIRECT] [Fatal Error] :1:1: Premature end of file.
2025-01-09 14:16:48,651 [ERROR] LogOutputStream:75 - [STDERR_REDIRECT] 
2025-01-09 14:16:49,668 [ERROR] LogOutputStream:75 - [STDERR_REDIRECT] [Fatal Error] :1:1: Premature end of file.
2025-01-09 14:16:49,668 [ERROR] LogOutputStream:75 - [STDERR_REDIRECT] 
2025-01-09 14:16:50,646 [ERROR] LogOutputStream:75 - [STDERR_REDIRECT] [Fatal Error] :1:1: Premature end of file.
2025-01-09 14:16:50,646 [ERROR] LogOutputStream:75 - [STDERR_REDIRECT] 
2025-01-09 14:16:51,663 [ERROR] LogOutputStream:75 - [STDERR_REDIRECT] [Fatal Error] :1:1: Premature end of file.
2025-01-09 14:16:51,663 [ERROR] LogOutputStream:75 - [STDERR_REDIRECT] 
2025-01-09 14:16:52,650 [ERROR] LogOutputStream:75 - [STDERR_REDIRECT] [Fatal Error] :1:1: Premature end of file.
2025-01-09 14:16:52,650 [ERROR] LogOutputStream:75 - [STDERR_REDIRECT] 
2025-01-09 14:16:53,647 [ERROR] LogOutputStream:75 - [STDERR_REDIRECT] [Fatal Error] :1:1: Premature end of file.
2025-01-09 14:16:53,647 [ERROR] LogOutputStream:75 - [STDERR_REDIRECT] 
2025-01-09 14:16:54,647 [ERROR] LogOutputStream:75 - [STDERR_REDIRECT] [Fatal Error] :1:1: Premature end of file.
2025-01-09 14:16:54,647 [ERROR] LogOutputStream:75 - [STDERR_REDIRECT] 
2025-01-09 14:16:55,650 [ERROR] LogOutputStream:75 - [STDERR_REDIRECT] [Fatal Error] :1:1: Premature end of file.
2025-01-09 14:16:55,650 [ERROR] LogOutputStream:75 - [STDERR_REDIRECT] 
2025-01-09 14:16:56,652 [ERROR] LogOutputStream:75 - [STDERR_REDIRECT] [Fatal Error] :1:1: Premature end of file.
2025-01-09 14:16:56,652 [ERROR] LogOutputStream:75 - [STDERR_REDIRECT] 
2025-01-09 14:16:57,653 [ERROR] LogOutputStream:75 - [STDERR_REDIRECT] [Fatal Error] :1:1: Premature end of file.
2025-01-09 14:16:57,653 [ERROR] LogOutputStream:75 - [STDERR_REDIRECT] 
2025-01-09 14:16:58,653 [ERROR] LogOutputStream:75 - [STDERR_REDIRECT] [Fatal Error] :1:1: Premature end of file.
2025-01-09 14:16:58,653 [ERROR] LogOutputStream:75 - [STDERR_REDIRECT] 
2025-01-09 14:16:59,662 [ERROR] LogOutputStream:75 - [STDERR_REDIRECT] [Fatal Error] :1:1: Premature end of file.
2025-01-09 14:16:59,662 [ERROR] LogOutputStream:75 - [STDERR_REDIRECT] 
2025-01-09 14:17:00,648 [ERROR] LogOutputStream:75 - [STDERR_REDIRECT] [Fatal Error] :1:1: Premature end of file.
2025-01-09 14:17:00,648 [ERROR] LogOutputStream:75 - [STDERR_REDIRECT] 
2025-01-09 14:17:01,647 [ERROR] LogOutputStream:75 - [STDERR_REDIRECT] [Fatal Error] :1:1: Premature end of file.
2025-01-09 14:17:01,647 [ERROR] LogOutputStream:75 - [STDERR_REDIRECT] 
2025-01-09 14:17:02,648 [ERROR] LogOutputStream:75 - [STDERR_REDIRECT] [Fatal Error] :1:1: Premature end of file.
2025-01-09 14:17:02,648 [ERROR] LogOutputStream:75 - [STDERR_REDIRECT] 
2025-01-09 14:17:03,656 [ERROR] LogOutputStream:75 - [STDERR_REDIRECT] [Fatal Error] :1:1: Premature end of file.
2025-01-09 14:17:03,656 [ERROR] LogOutputStream:75 - [STDERR_REDIRECT] 
2025-01-09 14:17:04,648 [ERROR] LogOutputStream:75 - [STDERR_REDIRECT] [Fatal Error] :1:1: Premature end of file.
2025-01-09 14:17:04,648 [ERROR] LogOutputStream:75 - [STDERR_REDIRECT] 
2025-01-09 14:17:05,658 [ERROR] LogOutputStream:75 - [STDERR_REDIRECT] [Fatal Error] :1:1: Premature end of file.
2025-01-09 14:17:05,658 [ERROR] LogOutputStream:75 - [STDERR_REDIRECT] 
2025-01-09 14:17:06,646 [ERROR] LogOutputStream:75 - [STDERR_REDIRECT] [Fatal Error] :1:1: Premature end of file.
2025-01-09 14:17:06,646 [ERROR] LogOutputStream:75 - [STDERR_REDIRECT] 
2025-01-09 14:17:07,646 [ERROR] LogOutputStream:75 - [STDERR_REDIRECT] [Fatal Error] :1:1: Premature end of file.
2025-01-09 14:17:07,646 [ERROR] LogOutputStream:75 - [STDERR_REDIRECT] 
2025-01-09 14:17:08,646 [ERROR] LogOutputStream:75 - [STDERR_REDIRECT] [Fatal Error] :1:1: Premature end of file.
2025-01-09 14:17:08,646 [ERROR] LogOutputStream:75 - [STDERR_REDIRECT] 
2025-01-09 14:17:09,655 [ERROR] LogOutputStream:75 - [STDERR_REDIRECT] [Fatal Error] :1:1: Premature end of file.
2025-01-09 14:17:09,655 [ERROR] LogOutputStream:75 - [STDERR_REDIRECT] 
2025-01-09 14:17:10,642 [ERROR] LogOutputStream:75 - [STDERR_REDIRECT] [Fatal Error] :1:1: Premature end of file.
2025-01-09 14:17:10,642 [ERROR] LogOutputStream:75 - [STDERR_REDIRECT] 
2025-01-09 14:17:11,651 [ERROR] LogOutputStream:75 - [STDERR_REDIRECT] [Fatal Error] :1:1: Premature end of file.
2025-01-09 14:17:11,651 [ERROR] LogOutputStream:75 - [STDERR_REDIRECT] 
2025-01-09 14:17:12,646 [ERROR] LogOutputStream:75 - [STDERR_REDIRECT] [Fatal Error] :1:1: Premature end of file.
2025-01-09 14:17:12,646 [ERROR] LogOutputStream:75 - [STDERR_REDIRECT] 
2025-01-09 14:17:13,653 [ERROR] LogOutputStream:75 - [STDERR_REDIRECT] [Fatal Error] :1:1: Premature end of file.
2025-01-09 14:17:13,653 [ERROR] LogOutputStream:75 - [STDERR_REDIRECT] 
2025-01-09 14:17:14,648 [ERROR] LogOutputStream:75 - [STDERR_REDIRECT] [Fatal Error] :1:1: Premature end of file.
2025-01-09 14:17:14,648 [ERROR] LogOutputStream:75 - [STDERR_REDIRECT] 
2025-01-09 14:17:15,659 [ERROR] LogOutputStream:75 - [STDERR_REDIRECT] [Fatal Error] :1:1: Premature end of file.
2025-01-09 14:17:15,659 [ERROR] LogOutputStream:75 - [STDERR_REDIRECT] 
2025-01-09 14:17:16,656 [ERROR] LogOutputStream:75 - [STDERR_REDIRECT] [Fatal Error] :1:1: Premature end of file.
2025-01-09 14:17:16,656 [ERROR] LogOutputStream:75 - [STDERR_REDIRECT] 
2025-01-09 14:17:17,650 [ERROR] LogOutputStream:75 - [STDERR_REDIRECT] [Fatal Error] :1:1: Premature end of file.
2025-01-09 14:17:17,650 [ERROR] LogOutputStream:75 - [STDERR_REDIRECT] 
2025-01-09 14:17:18,647 [ERROR] LogOutputStream:75 - [STDERR_REDIRECT] [Fatal Error] :1:1: Premature end of file.
2025-01-09 14:17:18,647 [ERROR] LogOutputStream:75 - [STDERR_REDIRECT] 
2025-01-09 14:17:19,645 [ERROR] LogOutputStream:75 - [STDERR_REDIRECT] [Fatal Error] :1:1: Premature end of file.
2025-01-09 14:17:19,645 [ERROR] LogOutputStream:75 - [STDERR_REDIRECT] 
2025-01-09 14:17:20,654 [ERROR] LogOutputStream:75 - [STDERR_REDIRECT] [Fatal Error] :1:1: Premature end of file.
2025-01-09 14:17:20,654 [ERROR] LogOutputStream:75 - [STDERR_REDIRECT] 
2025-01-09 14:17:21,655 [ERROR] LogOutputStream:75 - [STDERR_REDIRECT] [Fatal Error] :1:1: Premature end of file.
2025-01-09 14:17:21,655 [ERROR] LogOutputStream:75 - [STDERR_REDIRECT] 
2025-01-09 14:17:22,650 [ERROR] LogOutputStream:75 - [STDERR_REDIRECT] [Fatal Error] :1:1: Premature end of file.
2025-01-09 14:17:22,650 [ERROR] LogOutputStream:75 - [STDERR_REDIRECT] 
2025-01-09 14:17:23,661 [ERROR] LogOutputStream:75 - [STDERR_REDIRECT] [Fatal Error] :1:1: Premature end of file.
2025-01-09 14:17:23,661 [ERROR] LogOutputStream:75 - [STDERR_REDIRECT] 
2025-01-09 14:17:24,649 [ERROR] LogOutputStream:75 - [STDERR_REDIRECT] [Fatal Error] :1:1: Premature end of file.
2025-01-09 14:17:24,649 [ERROR] LogOutputStream:75 - [STDERR_REDIRECT] 
2025-01-09 14:17:25,644 [ERROR] LogOutputStream:75 - [STDERR_REDIRECT] [Fatal Error] :1:1: Premature end of file.
2025-01-09 14:17:25,644 [ERROR] LogOutputStream:75 - [STDERR_REDIRECT] 
2025-01-09 14:17:26,645 [ERROR] LogOutputStream:75 - [STDERR_REDIRECT] [Fatal Error] :1:1: Premature end of file.
2025-01-09 14:17:26,645 [ERROR] LogOutputStream:75 - [STDERR_REDIRECT] 
2025-01-09 14:17:27,652 [ERROR] LogOutputStream:75 - [STDERR_REDIRECT] [Fatal Error] :1:1: Premature end of file.
2025-01-09 14:17:27,652 [ERROR] LogOutputStream:75 - [STDERR_REDIRECT] 
2025-01-09 14:17:28,654 [ERROR] LogOutputStream:75 - [STDERR_REDIRECT] [Fatal Error] :1:1: Premature end of file.
2025-01-09 14:17:28,654 [ERROR] LogOutputStream:75 - [STDERR_REDIRECT] 
2025-01-09 14:17:29,645 [ERROR] LogOutputStream:75 - [STDERR_REDIRECT] [Fatal Error] :1:1: Premature end of file.
2025-01-09 14:17:29,645 [ERROR] LogOutputStream:75 - [STDERR_REDIRECT] 
2025-01-09 14:17:30,665 [ERROR] LogOutputStream:75 - [STDERR_REDIRECT] [Fatal Error] :1:1: Premature end of file.
2025-01-09 14:17:30,665 [ERROR] LogOutputStream:75 - [STDERR_REDIRECT] 
2025-01-09 14:17:31,650 [ERROR] LogOutputStream:75 - [STDERR_REDIRECT] [Fatal Error] :1:1: Premature end of file.
2025-01-09 14:17:31,650 [ERROR] LogOutputStream:75 - [STDERR_REDIRECT] 
2025-01-09 14:17:32,643 [ERROR] LogOutputStream:75 - [STDERR_REDIRECT] [Fatal Error] :1:1: Premature end of file.
2025-01-09 14:17:32,643 [ERROR] LogOutputStream:75 - [STDERR_REDIRECT] 
2025-01-09 14:17:33,647 [ERROR] LogOutputStream:75 - [STDERR_REDIRECT] [Fatal Error] :1:1: Premature end of file.
2025-01-09 14:17:33,647 [ERROR] LogOutputStream:75 - [STDERR_REDIRECT] 
2025-01-09 14:17:34,650 [ERROR] LogOutputStream:75 - [STDERR_REDIRECT] [Fatal Error] :1:1: Premature end of file.
2025-01-09 14:17:34,650 [ERROR] LogOutputStream:75 - [STDERR_REDIRECT] 
2025-01-09 14:17:35,647 [ERROR] LogOutputStream:75 - [STDERR_REDIRECT] [Fatal Error] :1:1: Premature end of file.
2025-01-09 14:17:35,647 [ERROR] LogOutputStream:75 - [STDERR_REDIRECT] 
2025-01-09 14:17:36,652 [ERROR] LogOutputStream:75 - [STDERR_REDIRECT] [Fatal Error] :1:1: Premature end of file.
2025-01-09 14:17:36,652 [ERROR] LogOutputStream:75 - [STDERR_REDIRECT] 
2025-01-09 14:17:37,647 [ERROR] LogOutputStream:75 - [STDERR_REDIRECT] [Fatal Error] :1:1: Premature end of file.
2025-01-09 14:17:37,647 [ERROR] LogOutputStream:75 - [STDERR_REDIRECT] 
2025-01-09 14:17:38,654 [ERROR] LogOutputStream:75 - [STDERR_REDIRECT] [Fatal Error] :1:1: Premature end of file.
2025-01-09 14:17:38,654 [ERROR] LogOutputStream:75 - [STDERR_REDIRECT] 
2025-01-09 14:17:39,644 [ERROR] LogOutputStream:75 - [STDERR_REDIRECT] [Fatal Error] :1:1: Premature end of file.
2025-01-09 14:17:39,644 [ERROR] LogOutputStream:75 - [STDERR_REDIRECT] 
2025-01-09 14:17:40,655 [ERROR] LogOutputStream:75 - [STDERR_REDIRECT] [Fatal Error] :1:1: Premature end of file.
2025-01-09 14:17:40,655 [ERROR] LogOutputStream:75 - [STDERR_REDIRECT] 
2025-01-09 14:17:41,645 [ERROR] LogOutputStream:75 - [STDERR_REDIRECT] [Fatal Error] :1:1: Premature end of file.
2025-01-09 14:17:41,645 [ERROR] LogOutputStream:75 - [STDERR_REDIRECT] 
2025-01-09 14:17:42,642 [ERROR] LogOutputStream:75 - [STDERR_REDIRECT] [Fatal Error] :1:1: Premature end of file.
2025-01-09 14:17:42,642 [ERROR] LogOutputStream:75 - [STDERR_REDIRECT] 
2025-01-09 14:17:43,650 [ERROR] LogOutputStream:75 - [STDERR_REDIRECT] [Fatal Error] :1:1: Premature end of file.
2025-01-09 14:17:43,650 [ERROR] LogOutputStream:75 - [STDERR_REDIRECT] 
2025-01-09 14:17:44,646 [ERROR] LogOutputStream:75 - [STDERR_REDIRECT] [Fatal Error] :1:1: Premature end of file.
2025-01-09 14:17:44,646 [ERROR] LogOutputStream:75 - [STDERR_REDIRECT] 
2025-01-09 14:17:45,658 [ERROR] LogOutputStream:75 - [STDERR_REDIRECT] [Fatal Error] :1:1: Premature end of file.
2025-01-09 14:17:45,658 [ERROR] LogOutputStream:75 - [STDERR_REDIRECT] 
2025-01-09 14:17:46,646 [ERROR] LogOutputStream:75 - [STDERR_REDIRECT] [Fatal Error] :1:1: Premature end of file.
2025-01-09 14:17:46,646 [ERROR] LogOutputStream:75 - [STDERR_REDIRECT] 
2025-01-09 14:17:47,643 [ERROR] LogOutputStream:75 - [STDERR_REDIRECT] [Fatal Error] :1:1: Premature end of file.
2025-01-09 14:17:47,643 [ERROR] LogOutputStream:75 - [STDERR_REDIRECT] 
2025-01-09 14:17:48,651 [ERROR] LogOutputStream:75 - [STDERR_REDIRECT] [Fatal Error] :1:1: Premature end of file.
2025-01-09 14:17:48,651 [ERROR] LogOutputStream:75 - [STDERR_REDIRECT] 
2025-01-09 14:17:49,653 [ERROR] LogOutputStream:75 - [STDERR_REDIRECT] [Fatal Error] :1:1: Premature end of file.
2025-01-09 14:17:49,654 [ERROR] LogOutputStream:75 - [STDERR_REDIRECT] 
2025-01-09 14:17:50,657 [ERROR] LogOutputStream:75 - [STDERR_REDIRECT] [Fatal Error] :1:1: Premature end of file.
2025-01-09 14:17:50,657 [ERROR] LogOutputStream:75 - [STDERR_REDIRECT] 
2025-01-09 14:17:51,655 [ERROR] LogOutputStream:75 - [STDERR_REDIRECT] [Fatal Error] :1:1: Premature end of file.
2025-01-09 14:17:51,655 [ERROR] LogOutputStream:75 - [STDERR_REDIRECT] 
2025-01-09 14:17:52,643 [ERROR] LogOutputStream:75 - [STDERR_REDIRECT] [Fatal Error] :1:1: Premature end of file.
2025-01-09 14:17:52,643 [ERROR] LogOutputStream:75 - [STDERR_REDIRECT] 
2025-01-09 14:17:53,655 [ERROR] LogOutputStream:75 - [STDERR_REDIRECT] [Fatal Error] :1:1: Premature end of file.
2025-01-09 14:17:53,656 [ERROR] LogOutputStream:75 - [STDERR_REDIRECT] 
2025-01-09 14:17:54,663 [ERROR] LogOutputStream:75 - [STDERR_REDIRECT] [Fatal Error] :1:1: Premature end of file.
2025-01-09 14:17:54,663 [ERROR] LogOutputStream:75 - [STDERR_REDIRECT] 
2025-01-09 14:17:55,655 [ERROR] LogOutputStream:75 - [STDERR_REDIRECT] [Fatal Error] :1:1: Premature end of file.
2025-01-09 14:17:55,655 [ERROR] LogOutputStream:75 - [STDERR_REDIRECT] 
2025-01-09 14:17:56,650 [ERROR] LogOutputStream:75 - [STDERR_REDIRECT] [Fatal Error] :1:1: Premature end of file.
2025-01-09 14:17:56,650 [ERROR] LogOutputStream:75 - [STDERR_REDIRECT] 
2025-01-09 14:17:57,644 [ERROR] LogOutputStream:75 - [STDERR_REDIRECT] [Fatal Error] :1:1: Premature end of file.
2025-01-09 14:17:57,644 [ERROR] LogOutputStream:75 - [STDERR_REDIRECT] 
2025-01-09 14:17:58,643 [ERROR] LogOutputStream:75 - [STDERR_REDIRECT] [Fatal Error] :1:1: Premature end of file.
2025-01-09 14:17:58,643 [ERROR] LogOutputStream:75 - [STDERR_REDIRECT] 
2025-01-09 14:17:59,649 [ERROR] LogOutputStream:75 - [STDERR_REDIRECT] [Fatal Error] :1:1: Premature end of file.
2025-01-09 14:17:59,649 [ERROR] LogOutputStream:75 - [STDERR_REDIRECT] 
2025-01-09 14:18:00,650 [ERROR] LogOutputStream:75 - [STDERR_REDIRECT] [Fatal Error] :1:1: Premature end of file.
2025-01-09 14:18:00,650 [ERROR] LogOutputStream:75 - [STDERR_REDIRECT] 
2025-01-09 14:18:01,653 [ERROR] LogOutputStream:75 - [STDERR_REDIRECT] [Fatal Error] :1:1: Premature end of file.
2025-01-09 14:18:01,653 [ERROR] LogOutputStream:75 - [STDERR_REDIRECT] 
2025-01-09 14:18:02,660 [ERROR] LogOutputStream:75 - [STDERR_REDIRECT] [Fatal Error] :1:1: Premature end of file.
2025-01-09 14:18:02,660 [ERROR] LogOutputStream:75 - [STDERR_REDIRECT] 
2025-01-09 14:18:03,650 [ERROR] LogOutputStream:75 - [STDERR_REDIRECT] [Fatal Error] :1:1: Premature end of file.
2025-01-09 14:18:03,650 [ERROR] LogOutputStream:75 - [STDERR_REDIRECT] 
2025-01-09 14:18:04,655 [ERROR] LogOutputStream:75 - [STDERR_REDIRECT] [Fatal Error] :1:1: Premature end of file.
2025-01-09 14:18:04,655 [ERROR] LogOutputStream:75 - [STDERR_REDIRECT] 
2025-01-09 14:18:05,652 [ERROR] LogOutputStream:75 - [STDERR_REDIRECT] [Fatal Error] :1:1: Premature end of file.
2025-01-09 14:18:05,652 [ERROR] LogOutputStream:75 - [STDERR_REDIRECT] 
2025-01-09 14:18:06,664 [ERROR] LogOutputStream:75 - [STDERR_REDIRECT] [Fatal Error] :1:1: Premature end of file.
2025-01-09 14:18:06,664 [ERROR] LogOutputStream:75 - [STDERR_REDIRECT] 
2025-01-09 14:18:07,666 [ERROR] LogOutputStream:75 - [STDERR_REDIRECT] [Fatal Error] :1:1: Premature end of file.
2025-01-09 14:18:07,666 [ERROR] LogOutputStream:75 - [STDERR_REDIRECT] 
2025-01-09 14:18:08,650 [ERROR] LogOutputStream:75 - [STDERR_REDIRECT] [Fatal Error] :1:1: Premature end of file.
2025-01-09 14:18:08,650 [ERROR] LogOutputStream:75 - [STDERR_REDIRECT] 
2025-01-09 14:18:09,648 [ERROR] LogOutputStream:75 - [STDERR_REDIRECT] [Fatal Error] :1:1: Premature end of file.
2025-01-09 14:18:09,649 [ERROR] LogOutputStream:75 - [STDERR_REDIRECT] 
2025-01-09 14:18:10,654 [ERROR] LogOutputStream:75 - [STDERR_REDIRECT] [Fatal Error] :1:1: Premature end of file.
2025-01-09 14:18:10,654 [ERROR] LogOutputStream:75 - [STDERR_REDIRECT] 
2025-01-09 14:18:11,647 [ERROR] LogOutputStream:75 - [STDERR_REDIRECT] [Fatal Error] :1:1: Premature end of file.
2025-01-09 14:18:11,647 [ERROR] LogOutputStream:75 - [STDERR_REDIRECT] 
2025-01-09 14:18:12,651 [ERROR] LogOutputStream:75 - [STDERR_REDIRECT] [Fatal Error] :1:1: Premature end of file.
2025-01-09 14:18:12,655 [ERROR] LogOutputStream:75 - [STDERR_REDIRECT] 
2025-01-09 14:18:13,658 [ERROR] LogOutputStream:75 - [STDERR_REDIRECT] [Fatal Error] :1:1: Premature end of file.
2025-01-09 14:18:13,658 [ERROR] LogOutputStream:75 - [STDERR_REDIRECT] 
2025-01-09 14:18:14,646 [ERROR] LogOutputStream:75 - [STDERR_REDIRECT] [Fatal Error] :1:1: Premature end of file.
2025-01-09 14:18:14,647 [ERROR] LogOutputStream:75 - [STDERR_REDIRECT] 
2025-01-09 14:18:15,654 [ERROR] LogOutputStream:75 - [STDERR_REDIRECT] [Fatal Error] :1:1: Premature end of file.
2025-01-09 14:18:15,654 [ERROR] LogOutputStream:75 - [STDERR_REDIRECT] 
2025-01-09 14:18:16,648 [ERROR] LogOutputStream:75 - [STDERR_REDIRECT] [Fatal Error] :1:1: Premature end of file.
2025-01-09 14:18:16,649 [ERROR] LogOutputStream:75 - [STDERR_REDIRECT] 
2025-01-09 14:18:17,654 [ERROR] LogOutputStream:75 - [STDERR_REDIRECT] [Fatal Error] :1:1: Premature end of file.
2025-01-09 14:18:17,654 [ERROR] LogOutputStream:75 - [STDERR_REDIRECT] 
2025-01-09 14:18:18,647 [ERROR] LogOutputStream:75 - [STDERR_REDIRECT] [Fatal Error] :1:1: Premature end of file.
2025-01-09 14:18:18,647 [ERROR] LogOutputStream:75 - [STDERR_REDIRECT] 
2025-01-09 14:18:19,658 [ERROR] LogOutputStream:75 - [STDERR_REDIRECT] [Fatal Error] :1:1: Premature end of file.
2025-01-09 14:18:19,658 [ERROR] LogOutputStream:75 - [STDERR_REDIRECT] 
2025-01-09 14:18:20,645 [ERROR] LogOutputStream:75 - [STDERR_REDIRECT] [Fatal Error] :1:1: Premature end of file.
2025-01-09 14:18:20,645 [ERROR] LogOutputStream:75 - [STDERR_REDIRECT] 
2025-01-09 14:18:21,656 [ERROR] LogOutputStream:75 - [STDERR_REDIRECT] [Fatal Error] :1:1: Premature end of file.
2025-01-09 14:18:21,657 [ERROR] LogOutputStream:75 - [STDERR_REDIRECT] 
2025-01-09 14:18:22,648 [ERROR] LogOutputStream:75 - [STDERR_REDIRECT] [Fatal Error] :1:1: Premature end of file.
2025-01-09 14:18:22,655 [ERROR] LogOutputStream:75 - [STDERR_REDIRECT] 
2025-01-09 14:18:23,644 [ERROR] LogOutputStream:75 - [STDERR_REDIRECT] [Fatal Error] :1:1: Premature end of file.
2025-01-09 14:18:23,644 [ERROR] LogOutputStream:75 - [STDERR_REDIRECT] 
2025-01-09 14:18:24,649 [ERROR] LogOutputStream:75 - [STDERR_REDIRECT] [Fatal Error] :1:1: Premature end of file.
2025-01-09 14:18:24,649 [ERROR] LogOutputStream:75 - [STDERR_REDIRECT] 
2025-01-09 14:18:25,655 [ERROR] LogOutputStream:75 - [STDERR_REDIRECT] [Fatal Error] :1:1: Premature end of file.
2025-01-09 14:18:25,655 [ERROR] LogOutputStream:75 - [STDERR_REDIRECT] 
2025-01-09 14:18:26,657 [ERROR] LogOutputStream:75 - [STDERR_REDIRECT] [Fatal Error] :1:1: Premature end of file.
2025-01-09 14:18:26,657 [ERROR] LogOutputStream:75 - [STDERR_REDIRECT] 
2025-01-09 14:18:27,653 [ERROR] LogOutputStream:75 - [STDERR_REDIRECT] [Fatal Error] :1:1: Premature end of file.
2025-01-09 14:18:27,653 [ERROR] LogOutputStream:75 - [STDERR_REDIRECT] 
2025-01-09 14:18:28,652 [ERROR] LogOutputStream:75 - [STDERR_REDIRECT] [Fatal Error] :1:1: Premature end of file.
2025-01-09 14:18:28,652 [ERROR] LogOutputStream:75 - [STDERR_REDIRECT] 
2025-01-09 14:18:29,650 [ERROR] LogOutputStream:75 - [STDERR_REDIRECT] [Fatal Error] :1:1: Premature end of file.
2025-01-09 14:18:29,650 [ERROR] LogOutputStream:75 - [STDERR_REDIRECT] 
2025-01-09 14:18:30,642 [ERROR] LogOutputStream:75 - [STDERR_REDIRECT] [Fatal Error] :1:1: Premature end of file.
2025-01-09 14:18:30,642 [ERROR] LogOutputStream:75 - [STDERR_REDIRECT] 
2025-01-09 14:18:31,654 [ERROR] LogOutputStream:75 - [STDERR_REDIRECT] [Fatal Error] :1:1: Premature end of file.
2025-01-09 14:18:31,654 [ERROR] LogOutputStream:75 - [STDERR_REDIRECT] 
2025-01-09 14:18:32,641 [ERROR] LogOutputStream:75 - [STDERR_REDIRECT] [Fatal Error] :1:1: Premature end of file.
2025-01-09 14:18:32,641 [ERROR] LogOutputStream:75 - [STDERR_REDIRECT] 
2025-01-09 14:18:33,646 [ERROR] LogOutputStream:75 - [STDERR_REDIRECT] [Fatal Error] :1:1: Premature end of file.
2025-01-09 14:18:33,646 [ERROR] LogOutputStream:75 - [STDERR_REDIRECT] 
2025-01-09 14:18:34,643 [ERROR] LogOutputStream:75 - [STDERR_REDIRECT] [Fatal Error] :1:1: Premature end of file.
2025-01-09 14:18:34,643 [ERROR] LogOutputStream:75 - [STDERR_REDIRECT] 
2025-01-09 14:18:35,652 [ERROR] LogOutputStream:75 - [STDERR_REDIRECT] [Fatal Error] :1:1: Premature end of file.
2025-01-09 14:18:35,653 [ERROR] LogOutputStream:75 - [STDERR_REDIRECT] 
2025-01-09 14:18:36,651 [ERROR] LogOutputStream:75 - [STDERR_REDIRECT] [Fatal Error] :1:1: Premature end of file.
2025-01-09 14:18:36,651 [ERROR] LogOutputStream:75 - [STDERR_REDIRECT] 
2025-01-09 14:18:37,650 [ERROR] LogOutputStream:75 - [STDERR_REDIRECT] [Fatal Error] :1:1: Premature end of file.
2025-01-09 14:18:37,650 [ERROR] LogOutputStream:75 - [STDERR_REDIRECT] 
2025-01-09 14:18:38,653 [ERROR] LogOutputStream:75 - [STDERR_REDIRECT] [Fatal Error] :1:1: Premature end of file.
2025-01-09 14:18:38,653 [ERROR] LogOutputStream:75 - [STDERR_REDIRECT] 
2025-01-09 14:18:39,650 [ERROR] LogOutputStream:75 - [STDERR_REDIRECT] [Fatal Error] :1:1: Premature end of file.
2025-01-09 14:18:39,650 [ERROR] LogOutputStream:75 - [STDERR_REDIRECT] 
2025-01-09 14:18:40,661 [ERROR] LogOutputStream:75 - [STDERR_REDIRECT] [Fatal Error] :1:1: Premature end of file.
2025-01-09 14:18:40,661 [ERROR] LogOutputStream:75 - [STDERR_REDIRECT] 
2025-01-09 14:18:41,647 [ERROR] LogOutputStream:75 - [STDERR_REDIRECT] [Fatal Error] :1:1: Premature end of file.
2025-01-09 14:18:41,647 [ERROR] LogOutputStream:75 - [STDERR_REDIRECT] 
2025-01-09 14:18:42,654 [ERROR] LogOutputStream:75 - [STDERR_REDIRECT] [Fatal Error] :1:1: Premature end of file.
2025-01-09 14:18:42,654 [ERROR] LogOutputStream:75 - [STDERR_REDIRECT] 
2025-01-09 14:18:43,649 [ERROR] LogOutputStream:75 - [STDERR_REDIRECT] [Fatal Error] :1:1: Premature end of file.
2025-01-09 14:18:43,649 [ERROR] LogOutputStream:75 - [STDERR_REDIRECT] 
2025-01-09 14:18:44,649 [ERROR] LogOutputStream:75 - [STDERR_REDIRECT] [Fatal Error] :1:1: Premature end of file.
2025-01-09 14:18:44,655 [ERROR] LogOutputStream:75 - [STDERR_REDIRECT] 
2025-01-09 14:18:45,654 [ERROR] LogOutputStream:75 - [STDERR_REDIRECT] [Fatal Error] :1:1: Premature end of file.
2025-01-09 14:18:45,654 [ERROR] LogOutputStream:75 - [STDERR_REDIRECT] 
2025-01-09 14:18:46,646 [ERROR] LogOutputStream:75 - [STDERR_REDIRECT] [Fatal Error] :1:1: Premature end of file.
2025-01-09 14:18:46,646 [ERROR] LogOutputStream:75 - [STDERR_REDIRECT] 
2025-01-09 14:18:47,660 [ERROR] LogOutputStream:75 - [STDERR_REDIRECT] [Fatal Error] :1:1: Premature end of file.
2025-01-09 14:18:47,661 [ERROR] LogOutputStream:75 - [STDERR_REDIRECT] 
2025-01-09 14:18:48,647 [ERROR] LogOutputStream:75 - [STDERR_REDIRECT] [Fatal Error] :1:1: Premature end of file.
2025-01-09 14:18:48,647 [ERROR] LogOutputStream:75 - [STDERR_REDIRECT] 
2025-01-09 14:18:49,648 [ERROR] LogOutputStream:75 - [STDERR_REDIRECT] [Fatal Error] :1:1: Premature end of file.
2025-01-09 14:18:49,648 [ERROR] LogOutputStream:75 - [STDERR_REDIRECT] 
2025-01-09 14:18:50,658 [ERROR] LogOutputStream:75 - [STDERR_REDIRECT] [Fatal Error] :1:1: Premature end of file.
2025-01-09 14:18:50,658 [ERROR] LogOutputStream:75 - [STDERR_REDIRECT] 
2025-01-09 14:18:51,651 [ERROR] LogOutputStream:75 - [STDERR_REDIRECT] [Fatal Error] :1:1: Premature end of file.
2025-01-09 14:18:51,651 [ERROR] LogOutputStream:75 - [STDERR_REDIRECT] 
2025-01-09 14:18:52,660 [ERROR] LogOutputStream:75 - [STDERR_REDIRECT] [Fatal Error] :1:1: Premature end of file.
2025-01-09 14:18:52,660 [ERROR] LogOutputStream:75 - [STDERR_REDIRECT] 
2025-01-09 14:18:53,655 [ERROR] LogOutputStream:75 - [STDERR_REDIRECT] [Fatal Error] :1:1: Premature end of file.
2025-01-09 14:18:53,655 [ERROR] LogOutputStream:75 - [STDERR_REDIRECT] 
2025-01-09 14:18:54,645 [ERROR] LogOutputStream:75 - [STDERR_REDIRECT] [Fatal Error] :1:1: Premature end of file.
2025-01-09 14:18:54,645 [ERROR] LogOutputStream:75 - [STDERR_REDIRECT] 
2025-01-09 14:18:55,642 [ERROR] LogOutputStream:75 - [STDERR_REDIRECT] [Fatal Error] :1:1: Premature end of file.
2025-01-09 14:18:55,642 [ERROR] LogOutputStream:75 - [STDERR_REDIRECT] 
2025-01-09 14:18:56,650 [ERROR] LogOutputStream:75 - [STDERR_REDIRECT] [Fatal Error] :1:1: Premature end of file.
2025-01-09 14:18:56,650 [ERROR] LogOutputStream:75 - [STDERR_REDIRECT] 
2025-01-09 14:18:57,645 [ERROR] LogOutputStream:75 - [STDERR_REDIRECT] [Fatal Error] :1:1: Premature end of file.
2025-01-09 14:18:57,645 [ERROR] LogOutputStream:75 - [STDERR_REDIRECT] 
2025-01-09 14:18:58,663 [ERROR] LogOutputStream:75 - [STDERR_REDIRECT] [Fatal Error] :1:1: Premature end of file.
2025-01-09 14:18:58,663 [ERROR] LogOutputStream:75 - [STDERR_REDIRECT] 
2025-01-09 14:18:59,646 [ERROR] LogOutputStream:75 - [STDERR_REDIRECT] [Fatal Error] :1:1: Premature end of file.
2025-01-09 14:18:59,646 [ERROR] LogOutputStream:75 - [STDERR_REDIRECT] 
2025-01-09 14:19:00,641 [ERROR] LogOutputStream:75 - [STDERR_REDIRECT] [Fatal Error] :1:1: Premature end of file.
2025-01-09 14:19:00,641 [ERROR] LogOutputStream:75 - [STDERR_REDIRECT] 
2025-01-09 14:19:01,651 [ERROR] LogOutputStream:75 - [STDERR_REDIRECT] [Fatal Error] :1:1: Premature end of file.
2025-01-09 14:19:01,651 [ERROR] LogOutputStream:75 - [STDERR_REDIRECT] 
2025-01-09 14:19:02,651 [ERROR] LogOutputStream:75 - [STDERR_REDIRECT] [Fatal Error] :1:1: Premature end of file.
2025-01-09 14:19:02,651 [ERROR] LogOutputStream:75 - [STDERR_REDIRECT] 
2025-01-09 14:19:03,646 [ERROR] LogOutputStream:75 - [STDERR_REDIRECT] [Fatal Error] :1:1: Premature end of file.
2025-01-09 14:19:03,646 [ERROR] LogOutputStream:75 - [STDERR_REDIRECT] 
2025-01-09 14:19:04,645 [ERROR] LogOutputStream:75 - [STDERR_REDIRECT] [Fatal Error] :1:1: Premature end of file.
2025-01-09 14:19:04,645 [ERROR] LogOutputStream:75 - [STDERR_REDIRECT] 
2025-01-09 14:19:05,650 [ERROR] LogOutputStream:75 - [STDERR_REDIRECT] [Fatal Error] :1:1: Premature end of file.
2025-01-09 14:19:05,650 [ERROR] LogOutputStream:75 - [STDERR_REDIRECT] 
2025-01-09 14:19:06,649 [ERROR] LogOutputStream:75 - [STDERR_REDIRECT] [Fatal Error] :1:1: Premature end of file.
2025-01-09 14:19:06,649 [ERROR] LogOutputStream:75 - [STDERR_REDIRECT] 
2025-01-09 14:19:07,644 [ERROR] LogOutputStream:75 - [STDERR_REDIRECT] [Fatal Error] :1:1: Premature end of file.
2025-01-09 14:19:07,644 [ERROR] LogOutputStream:75 - [STDERR_REDIRECT] 
2025-01-09 14:19:08,654 [ERROR] LogOutputStream:75 - [STDERR_REDIRECT] [Fatal Error] :1:1: Premature end of file.
2025-01-09 14:19:08,654 [ERROR] LogOutputStream:75 - [STDERR_REDIRECT] 
2025-01-09 14:19:09,644 [ERROR] LogOutputStream:75 - [STDERR_REDIRECT] [Fatal Error] :1:1: Premature end of file.
2025-01-09 14:19:09,650 [ERROR] LogOutputStream:75 - [STDERR_REDIRECT] 
2025-01-09 14:19:10,661 [ERROR] LogOutputStream:75 - [STDERR_REDIRECT] [Fatal Error] :1:1: Premature end of file.
2025-01-09 14:19:10,661 [ERROR] LogOutputStream:75 - [STDERR_REDIRECT] 
2025-01-09 14:19:11,651 [ERROR] LogOutputStream:75 - [STDERR_REDIRECT] [Fatal Error] :1:1: Premature end of file.
2025-01-09 14:19:11,651 [ERROR] LogOutputStream:75 - [STDERR_REDIRECT] 
2025-01-09 14:19:12,664 [ERROR] LogOutputStream:75 - [STDERR_REDIRECT] [Fatal Error] :1:1: Premature end of file.
2025-01-09 14:19:12,665 [ERROR] LogOutputStream:75 - [STDERR_REDIRECT] 
2025-01-09 14:19:13,664 [ERROR] LogOutputStream:75 - [STDERR_REDIRECT] [Fatal Error] :1:1: Premature end of file.
2025-01-09 14:19:13,664 [ERROR] LogOutputStream:75 - [STDERR_REDIRECT] 
2025-01-09 14:19:14,646 [ERROR] LogOutputStream:75 - [STDERR_REDIRECT] [Fatal Error] :1:1: Premature end of file.
2025-01-09 14:19:14,646 [ERROR] LogOutputStream:75 - [STDERR_REDIRECT] 
2025-01-09 14:19:15,650 [ERROR] LogOutputStream:75 - [STDERR_REDIRECT] [Fatal Error] :1:1: Premature end of file.
2025-01-09 14:19:15,650 [ERROR] LogOutputStream:75 - [STDERR_REDIRECT] 
2025-01-09 14:19:16,655 [ERROR] LogOutputStream:75 - [STDERR_REDIRECT] [Fatal Error] :1:1: Premature end of file.
2025-01-09 14:19:16,655 [ERROR] LogOutputStream:75 - [STDERR_REDIRECT] 
2025-01-09 14:19:17,648 [ERROR] LogOutputStream:75 - [STDERR_REDIRECT] [Fatal Error] :1:1: Premature end of file.
2025-01-09 14:19:17,648 [ERROR] LogOutputStream:75 - [STDERR_REDIRECT] 
2025-01-09 14:19:18,652 [ERROR] LogOutputStream:75 - [STDERR_REDIRECT] [Fatal Error] :1:1: Premature end of file.
2025-01-09 14:19:18,652 [ERROR] LogOutputStream:75 - [STDERR_REDIRECT] 
2025-01-09 14:19:19,649 [ERROR] LogOutputStream:75 - [STDERR_REDIRECT] [Fatal Error] :1:1: Premature end of file.
2025-01-09 14:19:19,649 [ERROR] LogOutputStream:75 - [STDERR_REDIRECT] 
2025-01-09 14:19:20,658 [ERROR] LogOutputStream:75 - [STDERR_REDIRECT] [Fatal Error] :1:1: Premature end of file.
2025-01-09 14:19:20,658 [ERROR] LogOutputStream:75 - [STDERR_REDIRECT] 
2025-01-09 14:19:21,645 [ERROR] LogOutputStream:75 - [STDERR_REDIRECT] [Fatal Error] :1:1: Premature end of file.
2025-01-09 14:19:21,645 [ERROR] LogOutputStream:75 - [STDERR_REDIRECT] 
2025-01-09 14:19:22,648 [ERROR] LogOutputStream:75 - [STDERR_REDIRECT] [Fatal Error] :1:1: Premature end of file.
2025-01-09 14:19:22,648 [ERROR] LogOutputStream:75 - [STDERR_REDIRECT] 
2025-01-09 14:19:23,649 [ERROR] LogOutputStream:75 - [STDERR_REDIRECT] [Fatal Error] :1:1: Premature end of file.
2025-01-09 14:19:23,649 [ERROR] LogOutputStream:75 - [STDERR_REDIRECT] 
2025-01-09 14:19:24,661 [ERROR] LogOutputStream:75 - [STDERR_REDIRECT] [Fatal Error] :1:1: Premature end of file.
2025-01-09 14:19:24,661 [ERROR] LogOutputStream:75 - [STDERR_REDIRECT] 
2025-01-09 14:19:25,649 [ERROR] LogOutputStream:75 - [STDERR_REDIRECT] [Fatal Error] :1:1: Premature end of file.
2025-01-09 14:19:25,649 [ERROR] LogOutputStream:75 - [STDERR_REDIRECT] 
2025-01-09 14:19:26,652 [ERROR] LogOutputStream:75 - [STDERR_REDIRECT] [Fatal Error] :1:1: Premature end of file.
2025-01-09 14:19:26,652 [ERROR] LogOutputStream:75 - [STDERR_REDIRECT] 
2025-01-09 14:19:27,635 [ERROR] LogOutputStream:75 - [STDERR_REDIRECT] [Fatal Error] :1:1: Premature end of file.
2025-01-09 14:19:27,635 [ERROR] LogOutputStream:75 - [STDERR_REDIRECT] 
2025-01-09 14:19:28,647 [ERROR] LogOutputStream:75 - [STDERR_REDIRECT] [Fatal Error] :1:1: Premature end of file.
2025-01-09 14:19:28,647 [ERROR] LogOutputStream:75 - [STDERR_REDIRECT] 
2025-01-09 14:19:29,658 [ERROR] LogOutputStream:75 - [STDERR_REDIRECT] [Fatal Error] :1:1: Premature end of file.
2025-01-09 14:19:29,658 [ERROR] LogOutputStream:75 - [STDERR_REDIRECT] 
2025-01-09 14:19:30,649 [ERROR] LogOutputStream:75 - [STDERR_REDIRECT] [Fatal Error] :1:1: Premature end of file.
2025-01-09 14:19:30,649 [ERROR] LogOutputStream:75 - [STDERR_REDIRECT] 
2025-01-09 14:19:31,649 [ERROR] LogOutputStream:75 - [STDERR_REDIRECT] [Fatal Error] :1:1: Premature end of file.
2025-01-09 14:19:31,649 [ERROR] LogOutputStream:75 - [STDERR_REDIRECT] 
2025-01-09 14:19:32,654 [ERROR] LogOutputStream:75 - [STDERR_REDIRECT] [Fatal Error] :1:1: Premature end of file.
2025-01-09 14:19:32,654 [ERROR] LogOutputStream:75 - [STDERR_REDIRECT] 
2025-01-09 14:19:33,659 [ERROR] LogOutputStream:75 - [STDERR_REDIRECT] [Fatal Error] :1:1: Premature end of file.
2025-01-09 14:19:33,659 [ERROR] LogOutputStream:75 - [STDERR_REDIRECT] 
2025-01-09 14:19:34,645 [ERROR] LogOutputStream:75 - [STDERR_REDIRECT] [Fatal Error] :1:1: Premature end of file.
2025-01-09 14:19:34,645 [ERROR] LogOutputStream:75 - [STDERR_REDIRECT] 
2025-01-09 14:19:35,653 [ERROR] LogOutputStream:75 - [STDERR_REDIRECT] [Fatal Error] :1:1: Premature end of file.
2025-01-09 14:19:35,653 [ERROR] LogOutputStream:75 - [STDERR_REDIRECT] 
2025-01-09 14:19:36,665 [ERROR] LogOutputStream:75 - [STDERR_REDIRECT] [Fatal Error] :1:1: Premature end of file.
2025-01-09 14:19:36,665 [ERROR] LogOutputStream:75 - [STDERR_REDIRECT] 
2025-01-09 14:19:37,650 [ERROR] LogOutputStream:75 - [STDERR_REDIRECT] [Fatal Error] :1:1: Premature end of file.
2025-01-09 14:19:37,650 [ERROR] LogOutputStream:75 - [STDERR_REDIRECT] 
2025-01-09 14:19:38,649 [ERROR] LogOutputStream:75 - [STDERR_REDIRECT] [Fatal Error] :1:1: Premature end of file.
2025-01-09 14:19:38,649 [ERROR] LogOutputStream:75 - [STDERR_REDIRECT] 
2025-01-09 14:19:39,652 [ERROR] LogOutputStream:75 - [STDERR_REDIRECT] [Fatal Error] :1:1: Premature end of file.
2025-01-09 14:19:39,652 [ERROR] LogOutputStream:75 - [STDERR_REDIRECT] 
2025-01-09 14:19:40,654 [ERROR] LogOutputStream:75 - [STDERR_REDIRECT] [Fatal Error] :1:1: Premature end of file.
2025-01-09 14:19:40,654 [ERROR] LogOutputStream:75 - [STDERR_REDIRECT] 
2025-01-09 14:19:41,648 [ERROR] LogOutputStream:75 - [STDERR_REDIRECT] [Fatal Error] :1:1: Premature end of file.
2025-01-09 14:19:41,648 [ERROR] LogOutputStream:75 - [STDERR_REDIRECT] 
2025-01-09 14:19:42,655 [ERROR] LogOutputStream:75 - [STDERR_REDIRECT] [Fatal Error] :1:1: Premature end of file.
2025-01-09 14:19:42,655 [ERROR] LogOutputStream:75 - [STDERR_REDIRECT] 
2025-01-09 14:19:43,655 [ERROR] LogOutputStream:75 - [STDERR_REDIRECT] [Fatal Error] :1:1: Premature end of file.
2025-01-09 14:19:43,656 [ERROR] LogOutputStream:75 - [STDERR_REDIRECT] 
2025-01-09 14:19:44,646 [ERROR] LogOutputStream:75 - [STDERR_REDIRECT] [Fatal Error] :1:1: Premature end of file.
2025-01-09 14:19:44,646 [ERROR] LogOutputStream:75 - [STDERR_REDIRECT] 
2025-01-09 14:19:45,645 [ERROR] LogOutputStream:75 - [STDERR_REDIRECT] [Fatal Error] :1:1: Premature end of file.
2025-01-09 14:19:45,645 [ERROR] LogOutputStream:75 - [STDERR_REDIRECT] 
2025-01-09 14:19:46,646 [ERROR] LogOutputStream:75 - [STDERR_REDIRECT] [Fatal Error] :1:1: Premature end of file.
2025-01-09 14:19:46,646 [ERROR] LogOutputStream:75 - [STDERR_REDIRECT] 
2025-01-09 14:19:47,661 [ERROR] LogOutputStream:75 - [STDERR_REDIRECT] [Fatal Error] :1:1: Premature end of file.
2025-01-09 14:19:47,661 [ERROR] LogOutputStream:75 - [STDERR_REDIRECT] 
2025-01-09 14:19:48,647 [ERROR] LogOutputStream:75 - [STDERR_REDIRECT] [Fatal Error] :1:1: Premature end of file.
2025-01-09 14:19:48,647 [ERROR] LogOutputStream:75 - [STDERR_REDIRECT] 
2025-01-09 14:19:49,655 [ERROR] LogOutputStream:75 - [STDERR_REDIRECT] [Fatal Error] :1:1: Premature end of file.
2025-01-09 14:19:49,655 [ERROR] LogOutputStream:75 - [STDERR_REDIRECT] 
2025-01-09 14:19:50,656 [ERROR] LogOutputStream:75 - [STDERR_REDIRECT] [Fatal Error] :1:1: Premature end of file.
2025-01-09 14:19:50,656 [ERROR] LogOutputStream:75 - [STDERR_REDIRECT] 
2025-01-09 14:19:51,657 [ERROR] LogOutputStream:75 - [STDERR_REDIRECT] [Fatal Error] :1:1: Premature end of file.
2025-01-09 14:19:51,658 [ERROR] LogOutputStream:75 - [STDERR_REDIRECT] 
2025-01-09 14:19:52,647 [ERROR] LogOutputStream:75 - [STDERR_REDIRECT] [Fatal Error] :1:1: Premature end of file.
2025-01-09 14:19:52,647 [ERROR] LogOutputStream:75 - [STDERR_REDIRECT] 
2025-01-09 14:19:53,649 [ERROR] LogOutputStream:75 - [STDERR_REDIRECT] [Fatal Error] :1:1: Premature end of file.
2025-01-09 14:19:53,649 [ERROR] LogOutputStream:75 - [STDERR_REDIRECT] 
2025-01-09 14:19:54,645 [ERROR] LogOutputStream:75 - [STDERR_REDIRECT] [Fatal Error] :1:1: Premature end of file.
2025-01-09 14:19:54,645 [ERROR] LogOutputStream:75 - [STDERR_REDIRECT] 
2025-01-09 14:19:55,652 [ERROR] LogOutputStream:75 - [STDERR_REDIRECT] [Fatal Error] :1:1: Premature end of file.
2025-01-09 14:19:55,652 [ERROR] LogOutputStream:75 - [STDERR_REDIRECT] 
2025-01-09 14:19:56,642 [ERROR] LogOutputStream:75 - [STDERR_REDIRECT] [Fatal Error] :1:1: Premature end of file.
2025-01-09 14:19:56,642 [ERROR] LogOutputStream:75 - [STDERR_REDIRECT] 
2025-01-09 14:19:57,652 [ERROR] LogOutputStream:75 - [STDERR_REDIRECT] [Fatal Error] :1:1: Premature end of file.
2025-01-09 14:19:57,653 [ERROR] LogOutputStream:75 - [STDERR_REDIRECT] 
2025-01-09 14:19:58,647 [ERROR] LogOutputStream:75 - [STDERR_REDIRECT] [Fatal Error] :1:1: Premature end of file.
2025-01-09 14:19:58,647 [ERROR] LogOutputStream:75 - [STDERR_REDIRECT] 
2025-01-09 14:19:59,662 [ERROR] LogOutputStream:75 - [STDERR_REDIRECT] [Fatal Error] :1:1: Premature end of file.
2025-01-09 14:19:59,662 [ERROR] LogOutputStream:75 - [STDERR_REDIRECT] 
2025-01-09 14:20:00,647 [ERROR] LogOutputStream:75 - [STDERR_REDIRECT] [Fatal Error] :1:1: Premature end of file.
2025-01-09 14:20:00,647 [ERROR] LogOutputStream:75 - [STDERR_REDIRECT] 
2025-01-09 14:20:01,650 [ERROR] LogOutputStream:75 - [STDERR_REDIRECT] [Fatal Error] :1:1: Premature end of file.
2025-01-09 14:20:01,650 [ERROR] LogOutputStream:75 - [STDERR_REDIRECT] 
2025-01-09 14:20:02,660 [ERROR] LogOutputStream:75 - [STDERR_REDIRECT] [Fatal Error] :1:1: Premature end of file.
2025-01-09 14:20:02,660 [ERROR] LogOutputStream:75 - [STDERR_REDIRECT] 
2025-01-09 14:20:03,655 [ERROR] LogOutputStream:75 - [STDERR_REDIRECT] [Fatal Error] :1:1: Premature end of file.
2025-01-09 14:20:03,656 [ERROR] LogOutputStream:75 - [STDERR_REDIRECT] 
2025-01-09 14:20:04,645 [ERROR] LogOutputStream:75 - [STDERR_REDIRECT] [Fatal Error] :1:1: Premature end of file.
2025-01-09 14:20:04,645 [ERROR] LogOutputStream:75 - [STDERR_REDIRECT] 
2025-01-09 14:20:05,656 [ERROR] LogOutputStream:75 - [STDERR_REDIRECT] [Fatal Error] :1:1: Premature end of file.
2025-01-09 14:20:05,656 [ERROR] LogOutputStream:75 - [STDERR_REDIRECT] 
2025-01-09 14:20:06,651 [ERROR] LogOutputStream:75 - [STDERR_REDIRECT] [Fatal Error] :1:1: Premature end of file.
2025-01-09 14:20:06,651 [ERROR] LogOutputStream:75 - [STDERR_REDIRECT] 
2025-01-09 14:20:07,643 [ERROR] LogOutputStream:75 - [STDERR_REDIRECT] [Fatal Error] :1:1: Premature end of file.
2025-01-09 14:20:07,643 [ERROR] LogOutputStream:75 - [STDERR_REDIRECT] 
2025-01-09 14:20:08,658 [ERROR] LogOutputStream:75 - [STDERR_REDIRECT] [Fatal Error] :1:1: Premature end of file.
2025-01-09 14:20:08,658 [ERROR] LogOutputStream:75 - [STDERR_REDIRECT] 
2025-01-09 14:20:09,653 [ERROR] LogOutputStream:75 - [STDERR_REDIRECT] [Fatal Error] :1:1: Premature end of file.
2025-01-09 14:20:09,653 [ERROR] LogOutputStream:75 - [STDERR_REDIRECT] 
2025-01-09 14:20:10,655 [ERROR] LogOutputStream:75 - [STDERR_REDIRECT] [Fatal Error] :1:1: Premature end of file.
2025-01-09 14:20:10,655 [ERROR] LogOutputStream:75 - [STDERR_REDIRECT] 
2025-01-09 14:20:11,650 [ERROR] LogOutputStream:75 - [STDERR_REDIRECT] [Fatal Error] :1:1: Premature end of file.
2025-01-09 14:20:11,650 [ERROR] LogOutputStream:75 - [STDERR_REDIRECT] 
2025-01-09 14:20:12,653 [ERROR] LogOutputStream:75 - [STDERR_REDIRECT] [Fatal Error] :1:1: Premature end of file.
2025-01-09 14:20:12,653 [ERROR] LogOutputStream:75 - [STDERR_REDIRECT] 
2025-01-09 14:20:13,653 [ERROR] LogOutputStream:75 - [STDERR_REDIRECT] [Fatal Error] :1:1: Premature end of file.
2025-01-09 14:20:13,653 [ERROR] LogOutputStream:75 - [STDERR_REDIRECT] 
2025-01-09 14:20:14,649 [ERROR] LogOutputStream:75 - [STDERR_REDIRECT] [Fatal Error] :1:1: Premature end of file.
2025-01-09 14:20:14,649 [ERROR] LogOutputStream:75 - [STDERR_REDIRECT] 
2025-01-09 14:20:15,654 [ERROR] LogOutputStream:75 - [STDERR_REDIRECT] [Fatal Error] :1:1: Premature end of file.
2025-01-09 14:20:15,654 [ERROR] LogOutputStream:75 - [STDERR_REDIRECT] 
2025-01-09 14:20:16,645 [ERROR] LogOutputStream:75 - [STDERR_REDIRECT] [Fatal Error] :1:1: Premature end of file.
2025-01-09 14:20:16,645 [ERROR] LogOutputStream:75 - [STDERR_REDIRECT] 
2025-01-09 14:20:17,659 [ERROR] LogOutputStream:75 - [STDERR_REDIRECT] [Fatal Error] :1:1: Premature end of file.
2025-01-09 14:20:17,659 [ERROR] LogOutputStream:75 - [STDERR_REDIRECT] 
2025-01-09 14:20:18,647 [ERROR] LogOutputStream:75 - [STDERR_REDIRECT] [Fatal Error] :1:1: Premature end of file.
2025-01-09 14:20:18,647 [ERROR] LogOutputStream:75 - [STDERR_REDIRECT] 
2025-01-09 14:20:19,644 [ERROR] LogOutputStream:75 - [STDERR_REDIRECT] [Fatal Error] :1:1: Premature end of file.
2025-01-09 14:20:19,644 [ERROR] LogOutputStream:75 - [STDERR_REDIRECT] 
2025-01-09 14:20:20,656 [ERROR] LogOutputStream:75 - [STDERR_REDIRECT] [Fatal Error] :1:1: Premature end of file.
2025-01-09 14:20:20,656 [ERROR] LogOutputStream:75 - [STDERR_REDIRECT] 
2025-01-09 14:20:21,652 [ERROR] LogOutputStream:75 - [STDERR_REDIRECT] [Fatal Error] :1:1: Premature end of file.
2025-01-09 14:20:21,652 [ERROR] LogOutputStream:75 - [STDERR_REDIRECT] 
2025-01-09 14:20:22,648 [ERROR] LogOutputStream:75 - [STDERR_REDIRECT] [Fatal Error] :1:1: Premature end of file.
2025-01-09 14:20:22,648 [ERROR] LogOutputStream:75 - [STDERR_REDIRECT] 
2025-01-09 14:20:23,656 [ERROR] LogOutputStream:75 - [STDERR_REDIRECT] [Fatal Error] :1:1: Premature end of file.
2025-01-09 14:20:23,656 [ERROR] LogOutputStream:75 - [STDERR_REDIRECT] 
2025-01-09 14:20:24,642 [ERROR] LogOutputStream:75 - [STDERR_REDIRECT] [Fatal Error] :1:1: Premature end of file.
2025-01-09 14:20:24,642 [ERROR] LogOutputStream:75 - [STDERR_REDIRECT] 
2025-01-09 14:20:25,653 [ERROR] LogOutputStream:75 - [STDERR_REDIRECT] [Fatal Error] :1:1: Premature end of file.
2025-01-09 14:20:25,653 [ERROR] LogOutputStream:75 - [STDERR_REDIRECT] 
2025-01-09 14:20:26,658 [ERROR] LogOutputStream:75 - [STDERR_REDIRECT] [Fatal Error] :1:1: Premature end of file.
2025-01-09 14:20:26,658 [ERROR] LogOutputStream:75 - [STDERR_REDIRECT] 
2025-01-09 14:20:27,646 [ERROR] LogOutputStream:75 - [STDERR_REDIRECT] [Fatal Error] :1:1: Premature end of file.
2025-01-09 14:20:27,646 [ERROR] LogOutputStream:75 - [STDERR_REDIRECT] 
2025-01-09 14:20:28,647 [ERROR] LogOutputStream:75 - [STDERR_REDIRECT] [Fatal Error] :1:1: Premature end of file.
2025-01-09 14:20:28,647 [ERROR] LogOutputStream:75 - [STDERR_REDIRECT] 
2025-01-09 14:20:29,643 [ERROR] LogOutputStream:75 - [STDERR_REDIRECT] [Fatal Error] :1:1: Premature end of file.
2025-01-09 14:20:29,643 [ERROR] LogOutputStream:75 - [STDERR_REDIRECT] 
2025-01-09 14:20:30,651 [ERROR] LogOutputStream:75 - [STDERR_REDIRECT] [Fatal Error] :1:1: Premature end of file.
2025-01-09 14:20:30,651 [ERROR] LogOutputStream:75 - [STDERR_REDIRECT] 
2025-01-09 14:20:31,646 [ERROR] LogOutputStream:75 - [STDERR_REDIRECT] [Fatal Error] :1:1: Premature end of file.
2025-01-09 14:20:31,646 [ERROR] LogOutputStream:75 - [STDERR_REDIRECT] 
2025-01-09 14:20:32,656 [ERROR] LogOutputStream:75 - [STDERR_REDIRECT] [Fatal Error] :1:1: Premature end of file.
2025-01-09 14:20:32,656 [ERROR] LogOutputStream:75 - [STDERR_REDIRECT] 
2025-01-09 14:20:33,649 [ERROR] LogOutputStream:75 - [STDERR_REDIRECT] [Fatal Error] :1:1: Premature end of file.
2025-01-09 14:20:33,649 [ERROR] LogOutputStream:75 - [STDERR_REDIRECT] 
2025-01-09 14:20:34,654 [ERROR] LogOutputStream:75 - [STDERR_REDIRECT] [Fatal Error] :1:1: Premature end of file.
2025-01-09 14:20:34,654 [ERROR] LogOutputStream:75 - [STDERR_REDIRECT] 
2025-01-09 14:20:35,641 [ERROR] LogOutputStream:75 - [STDERR_REDIRECT] [Fatal Error] :1:1: Premature end of file.
2025-01-09 14:20:35,641 [ERROR] LogOutputStream:75 - [STDERR_REDIRECT] 
2025-01-09 14:20:36,661 [ERROR] LogOutputStream:75 - [STDERR_REDIRECT] [Fatal Error] :1:1: Premature end of file.
2025-01-09 14:20:36,661 [ERROR] LogOutputStream:75 - [STDERR_REDIRECT] 
2025-01-09 14:20:37,651 [ERROR] LogOutputStream:75 - [STDERR_REDIRECT] [Fatal Error] :1:1: Premature end of file.
2025-01-09 14:20:37,651 [ERROR] LogOutputStream:75 - [STDERR_REDIRECT] 
2025-01-09 14:20:38,658 [ERROR] LogOutputStream:75 - [STDERR_REDIRECT] [Fatal Error] :1:1: Premature end of file.
2025-01-09 14:20:38,658 [ERROR] LogOutputStream:75 - [STDERR_REDIRECT] 
2025-01-09 14:20:39,642 [ERROR] LogOutputStream:75 - [STDERR_REDIRECT] [Fatal Error] :1:1: Premature end of file.
2025-01-09 14:20:39,642 [ERROR] LogOutputStream:75 - [STDERR_REDIRECT] 
2025-01-09 14:20:40,646 [ERROR] LogOutputStream:75 - [STDERR_REDIRECT] [Fatal Error] :1:1: Premature end of file.
2025-01-09 14:20:40,646 [ERROR] LogOutputStream:75 - [STDERR_REDIRECT] 
2025-01-09 14:20:41,656 [ERROR] LogOutputStream:75 - [STDERR_REDIRECT] [Fatal Error] :1:1: Premature end of file.
2025-01-09 14:20:41,656 [ERROR] LogOutputStream:75 - [STDERR_REDIRECT] 
2025-01-09 14:20:42,647 [ERROR] LogOutputStream:75 - [STDERR_REDIRECT] [Fatal Error] :1:1: Premature end of file.
2025-01-09 14:20:42,647 [ERROR] LogOutputStream:75 - [STDERR_REDIRECT] 
2025-01-09 14:20:43,657 [ERROR] LogOutputStream:75 - [STDERR_REDIRECT] [Fatal Error] :1:1: Premature end of file.
2025-01-09 14:20:43,657 [ERROR] LogOutputStream:75 - [STDERR_REDIRECT] 
2025-01-09 14:20:44,654 [ERROR] LogOutputStream:75 - [STDERR_REDIRECT] [Fatal Error] :1:1: Premature end of file.
2025-01-09 14:20:44,654 [ERROR] LogOutputStream:75 - [STDERR_REDIRECT] 
2025-01-09 14:20:45,651 [ERROR] LogOutputStream:75 - [STDERR_REDIRECT] [Fatal Error] :1:1: Premature end of file.
2025-01-09 14:20:45,651 [ERROR] LogOutputStream:75 - [STDERR_REDIRECT] 
2025-01-09 14:20:46,650 [ERROR] LogOutputStream:75 - [STDERR_REDIRECT] [Fatal Error] :1:1: Premature end of file.
2025-01-09 14:20:46,650 [ERROR] LogOutputStream:75 - [STDERR_REDIRECT] 
2025-01-09 14:20:47,646 [ERROR] LogOutputStream:75 - [STDERR_REDIRECT] [Fatal Error] :1:1: Premature end of file.
2025-01-09 14:20:47,646 [ERROR] LogOutputStream:75 - [STDERR_REDIRECT] 
2025-01-09 14:20:48,654 [ERROR] LogOutputStream:75 - [STDERR_REDIRECT] [Fatal Error] :1:1: Premature end of file.
2025-01-09 14:20:48,654 [ERROR] LogOutputStream:75 - [STDERR_REDIRECT] 
2025-01-09 14:20:49,646 [ERROR] LogOutputStream:75 - [STDERR_REDIRECT] [Fatal Error] :1:1: Premature end of file.
2025-01-09 14:20:49,646 [ERROR] LogOutputStream:75 - [STDERR_REDIRECT] 
2025-01-09 14:20:50,652 [ERROR] LogOutputStream:75 - [STDERR_REDIRECT] [Fatal Error] :1:1: Premature end of file.
2025-01-09 14:20:50,652 [ERROR] LogOutputStream:75 - [STDERR_REDIRECT] 
2025-01-09 14:20:51,644 [ERROR] LogOutputStream:75 - [STDERR_REDIRECT] [Fatal Error] :1:1: Premature end of file.
2025-01-09 14:20:51,644 [ERROR] LogOutputStream:75 - [STDERR_REDIRECT] 
2025-01-09 14:20:52,655 [ERROR] LogOutputStream:75 - [STDERR_REDIRECT] [Fatal Error] :1:1: Premature end of file.
2025-01-09 14:20:52,655 [ERROR] LogOutputStream:75 - [STDERR_REDIRECT] 
2025-01-09 14:20:53,654 [ERROR] LogOutputStream:75 - [STDERR_REDIRECT] [Fatal Error] :1:1: Premature end of file.
2025-01-09 14:20:53,654 [ERROR] LogOutputStream:75 - [STDERR_REDIRECT] 
2025-01-09 14:20:54,654 [ERROR] LogOutputStream:75 - [STDERR_REDIRECT] [Fatal Error] :1:1: Premature end of file.
2025-01-09 14:20:54,654 [ERROR] LogOutputStream:75 - [STDERR_REDIRECT] 
2025-01-09 14:20:55,656 [ERROR] LogOutputStream:75 - [STDERR_REDIRECT] [Fatal Error] :1:1: Premature end of file.
2025-01-09 14:20:55,656 [ERROR] LogOutputStream:75 - [STDERR_REDIRECT] 
2025-01-09 14:20:56,651 [ERROR] LogOutputStream:75 - [STDERR_REDIRECT] [Fatal Error] :1:1: Premature end of file.
2025-01-09 14:20:56,651 [ERROR] LogOutputStream:75 - [STDERR_REDIRECT] 
2025-01-09 14:20:57,654 [ERROR] LogOutputStream:75 - [STDERR_REDIRECT] [Fatal Error] :1:1: Premature end of file.
2025-01-09 14:20:57,654 [ERROR] LogOutputStream:75 - [STDERR_REDIRECT] 
2025-01-09 14:20:58,651 [ERROR] LogOutputStream:75 - [STDERR_REDIRECT] [Fatal Error] :1:1: Premature end of file.
2025-01-09 14:20:58,651 [ERROR] LogOutputStream:75 - [STDERR_REDIRECT] 
2025-01-09 14:20:59,644 [ERROR] LogOutputStream:75 - [STDERR_REDIRECT] [Fatal Error] :1:1: Premature end of file.
2025-01-09 14:20:59,644 [ERROR] LogOutputStream:75 - [STDERR_REDIRECT] 
2025-01-09 14:21:00,649 [ERROR] LogOutputStream:75 - [STDERR_REDIRECT] [Fatal Error] :1:1: Premature end of file.
2025-01-09 14:21:00,649 [ERROR] LogOutputStream:75 - [STDERR_REDIRECT] 
2025-01-09 14:21:01,646 [ERROR] LogOutputStream:75 - [STDERR_REDIRECT] [Fatal Error] :1:1: Premature end of file.
2025-01-09 14:21:01,651 [ERROR] LogOutputStream:75 - [STDERR_REDIRECT] 
2025-01-09 14:21:02,643 [ERROR] LogOutputStream:75 - [STDERR_REDIRECT] [Fatal Error] :1:1: Premature end of file.
2025-01-09 14:21:02,643 [ERROR] LogOutputStream:75 - [STDERR_REDIRECT] 
2025-01-09 14:21:03,657 [ERROR] LogOutputStream:75 - [STDERR_REDIRECT] [Fatal Error] :1:1: Premature end of file.
2025-01-09 14:21:03,657 [ERROR] LogOutputStream:75 - [STDERR_REDIRECT] 
2025-01-09 14:21:04,652 [ERROR] LogOutputStream:75 - [STDERR_REDIRECT] [Fatal Error] :1:1: Premature end of file.
2025-01-09 14:21:04,652 [ERROR] LogOutputStream:75 - [STDERR_REDIRECT] 
2025-01-09 14:21:05,655 [ERROR] LogOutputStream:75 - [STDERR_REDIRECT] [Fatal Error] :1:1: Premature end of file.
2025-01-09 14:21:05,655 [ERROR] LogOutputStream:75 - [STDERR_REDIRECT] 
2025-01-09 14:21:06,655 [ERROR] LogOutputStream:75 - [STDERR_REDIRECT] [Fatal Error] :1:1: Premature end of file.
2025-01-09 14:21:06,655 [ERROR] LogOutputStream:75 - [STDERR_REDIRECT] 
2025-01-09 14:21:07,649 [ERROR] LogOutputStream:75 - [STDERR_REDIRECT] [Fatal Error] :1:1: Premature end of file.
2025-01-09 14:21:07,649 [ERROR] LogOutputStream:75 - [STDERR_REDIRECT] 
2025-01-09 14:21:08,656 [ERROR] LogOutputStream:75 - [STDERR_REDIRECT] [Fatal Error] :1:1: Premature end of file.
2025-01-09 14:21:08,656 [ERROR] LogOutputStream:75 - [STDERR_REDIRECT] 
2025-01-09 14:21:09,655 [ERROR] LogOutputStream:75 - [STDERR_REDIRECT] [Fatal Error] :1:1: Premature end of file.
2025-01-09 14:21:09,655 [ERROR] LogOutputStream:75 - [STDERR_REDIRECT] 
2025-01-09 14:21:10,638 [ERROR] LogOutputStream:75 - [STDERR_REDIRECT] [Fatal Error] :1:1: Premature end of file.
2025-01-09 14:21:10,638 [ERROR] LogOutputStream:75 - [STDERR_REDIRECT] 
2025-01-09 14:21:11,647 [ERROR] LogOutputStream:75 - [STDERR_REDIRECT] [Fatal Error] :1:1: Premature end of file.
2025-01-09 14:21:11,647 [ERROR] LogOutputStream:75 - [STDERR_REDIRECT] 
2025-01-09 14:21:12,642 [ERROR] LogOutputStream:75 - [STDERR_REDIRECT] [Fatal Error] :1:1: Premature end of file.
2025-01-09 14:21:12,642 [ERROR] LogOutputStream:75 - [STDERR_REDIRECT] 
2025-01-09 14:21:13,656 [ERROR] LogOutputStream:75 - [STDERR_REDIRECT] [Fatal Error] :1:1: Premature end of file.
2025-01-09 14:21:13,656 [ERROR] LogOutputStream:75 - [STDERR_REDIRECT] 
2025-01-09 14:21:14,643 [ERROR] LogOutputStream:75 - [STDERR_REDIRECT] [Fatal Error] :1:1: Premature end of file.
2025-01-09 14:21:14,643 [ERROR] LogOutputStream:75 - [STDERR_REDIRECT] 
2025-01-09 14:21:15,647 [ERROR] LogOutputStream:75 - [STDERR_REDIRECT] [Fatal Error] :1:1: Premature end of file.
2025-01-09 14:21:15,647 [ERROR] LogOutputStream:75 - [STDERR_REDIRECT] 
2025-01-09 14:21:16,655 [ERROR] LogOutputStream:75 - [STDERR_REDIRECT] [Fatal Error] :1:1: Premature end of file.
2025-01-09 14:21:16,655 [ERROR] LogOutputStream:75 - [STDERR_REDIRECT] 
2025-01-09 14:21:17,649 [ERROR] LogOutputStream:75 - [STDERR_REDIRECT] [Fatal Error] :1:1: Premature end of file.
2025-01-09 14:21:17,649 [ERROR] LogOutputStream:75 - [STDERR_REDIRECT] 
2025-01-09 14:21:18,646 [ERROR] LogOutputStream:75 - [STDERR_REDIRECT] [Fatal Error] :1:1: Premature end of file.
2025-01-09 14:21:18,646 [ERROR] LogOutputStream:75 - [STDERR_REDIRECT] 
2025-01-09 14:21:19,647 [ERROR] LogOutputStream:75 - [STDERR_REDIRECT] [Fatal Error] :1:1: Premature end of file.
2025-01-09 14:21:19,647 [ERROR] LogOutputStream:75 - [STDERR_REDIRECT] 
2025-01-09 14:21:20,651 [ERROR] LogOutputStream:75 - [STDERR_REDIRECT] [Fatal Error] :1:1: Premature end of file.
2025-01-09 14:21:20,651 [ERROR] LogOutputStream:75 - [STDERR_REDIRECT] 
2025-01-09 14:21:21,660 [ERROR] LogOutputStream:75 - [STDERR_REDIRECT] [Fatal Error] :1:1: Premature end of file.
2025-01-09 14:21:21,660 [ERROR] LogOutputStream:75 - [STDERR_REDIRECT] 
2025-01-09 14:21:22,655 [ERROR] LogOutputStream:75 - [STDERR_REDIRECT] [Fatal Error] :1:1: Premature end of file.
2025-01-09 14:21:22,655 [ERROR] LogOutputStream:75 - [STDERR_REDIRECT] 
2025-01-09 14:21:23,657 [ERROR] LogOutputStream:75 - [STDERR_REDIRECT] [Fatal Error] :1:1: Premature end of file.
2025-01-09 14:21:23,657 [ERROR] LogOutputStream:75 - [STDERR_REDIRECT] 
2025-01-09 14:21:24,651 [ERROR] LogOutputStream:75 - [STDERR_REDIRECT] [Fatal Error] :1:1: Premature end of file.
2025-01-09 14:21:24,651 [ERROR] LogOutputStream:75 - [STDERR_REDIRECT] 
2025-01-09 14:21:25,650 [ERROR] LogOutputStream:75 - [STDERR_REDIRECT] [Fatal Error] :1:1: Premature end of file.
2025-01-09 14:21:25,650 [ERROR] LogOutputStream:75 - [STDERR_REDIRECT] 
2025-01-09 14:21:26,656 [ERROR] LogOutputStream:75 - [STDERR_REDIRECT] [Fatal Error] :1:1: Premature end of file.
2025-01-09 14:21:26,656 [ERROR] LogOutputStream:75 - [STDERR_REDIRECT] 
2025-01-09 14:21:27,654 [ERROR] LogOutputStream:75 - [STDERR_REDIRECT] [Fatal Error] :1:1: Premature end of file.
2025-01-09 14:21:27,654 [ERROR] LogOutputStream:75 - [STDERR_REDIRECT] 
2025-01-09 14:21:28,651 [ERROR] LogOutputStream:75 - [STDERR_REDIRECT] [Fatal Error] :1:1: Premature end of file.
2025-01-09 14:21:28,651 [ERROR] LogOutputStream:75 - [STDERR_REDIRECT] 
2025-01-09 14:21:29,655 [ERROR] LogOutputStream:75 - [STDERR_REDIRECT] [Fatal Error] :1:1: Premature end of file.
2025-01-09 14:21:29,655 [ERROR] LogOutputStream:75 - [STDERR_REDIRECT] 
2025-01-09 14:21:30,657 [ERROR] LogOutputStream:75 - [STDERR_REDIRECT] [Fatal Error] :1:1: Premature end of file.
2025-01-09 14:21:30,657 [ERROR] LogOutputStream:75 - [STDERR_REDIRECT] 
2025-01-09 14:21:31,644 [ERROR] LogOutputStream:75 - [STDERR_REDIRECT] [Fatal Error] :1:1: Premature end of file.
2025-01-09 14:21:31,644 [ERROR] LogOutputStream:75 - [STDERR_REDIRECT] 
2025-01-09 14:21:32,655 [ERROR] LogOutputStream:75 - [STDERR_REDIRECT] [Fatal Error] :1:1: Premature end of file.
2025-01-09 14:21:32,655 [ERROR] LogOutputStream:75 - [STDERR_REDIRECT] 
2025-01-09 14:21:33,654 [ERROR] LogOutputStream:75 - [STDERR_REDIRECT] [Fatal Error] :1:1: Premature end of file.
2025-01-09 14:21:33,654 [ERROR] LogOutputStream:75 - [STDERR_REDIRECT] 
2025-01-09 14:21:34,665 [ERROR] LogOutputStream:75 - [STDERR_REDIRECT] [Fatal Error] :1:1: Premature end of file.
2025-01-09 14:21:34,665 [ERROR] LogOutputStream:75 - [STDERR_REDIRECT] 
2025-01-09 14:21:35,656 [ERROR] LogOutputStream:75 - [STDERR_REDIRECT] [Fatal Error] :1:1: Premature end of file.
2025-01-09 14:21:35,656 [ERROR] LogOutputStream:75 - [STDERR_REDIRECT] 
2025-01-09 14:21:36,643 [ERROR] LogOutputStream:75 - [STDERR_REDIRECT] [Fatal Error] :1:1: Premature end of file.
2025-01-09 14:21:36,643 [ERROR] LogOutputStream:75 - [STDERR_REDIRECT] 
2025-01-09 14:21:37,654 [ERROR] LogOutputStream:75 - [STDERR_REDIRECT] [Fatal Error] :1:1: Premature end of file.
2025-01-09 14:21:37,654 [ERROR] LogOutputStream:75 - [STDERR_REDIRECT] 
2025-01-09 14:21:38,652 [ERROR] LogOutputStream:75 - [STDERR_REDIRECT] [Fatal Error] :1:1: Premature end of file.
2025-01-09 14:21:38,652 [ERROR] LogOutputStream:75 - [STDERR_REDIRECT] 
2025-01-09 14:21:39,656 [ERROR] LogOutputStream:75 - [STDERR_REDIRECT] [Fatal Error] :1:1: Premature end of file.
2025-01-09 14:21:39,656 [ERROR] LogOutputStream:75 - [STDERR_REDIRECT] 
2025-01-09 14:21:40,648 [ERROR] LogOutputStream:75 - [STDERR_REDIRECT] [Fatal Error] :1:1: Premature end of file.
2025-01-09 14:21:40,648 [ERROR] LogOutputStream:75 - [STDERR_REDIRECT] 
2025-01-09 14:21:41,648 [ERROR] LogOutputStream:75 - [STDERR_REDIRECT] [Fatal Error] :1:1: Premature end of file.
2025-01-09 14:21:41,648 [ERROR] LogOutputStream:75 - [STDERR_REDIRECT] 
2025-01-09 14:21:42,660 [ERROR] LogOutputStream:75 - [STDERR_REDIRECT] [Fatal Error] :1:1: Premature end of file.
2025-01-09 14:21:42,660 [ERROR] LogOutputStream:75 - [STDERR_REDIRECT] 
2025-01-09 14:21:43,653 [ERROR] LogOutputStream:75 - [STDERR_REDIRECT] [Fatal Error] :1:1: Premature end of file.
2025-01-09 14:21:43,653 [ERROR] LogOutputStream:75 - [STDERR_REDIRECT] 
2025-01-09 14:21:44,654 [ERROR] LogOutputStream:75 - [STDERR_REDIRECT] [Fatal Error] :1:1: Premature end of file.
2025-01-09 14:21:44,654 [ERROR] LogOutputStream:75 - [STDERR_REDIRECT] 
2025-01-09 14:21:45,657 [ERROR] LogOutputStream:75 - [STDERR_REDIRECT] [Fatal Error] :1:1: Premature end of file.
2025-01-09 14:21:45,657 [ERROR] LogOutputStream:75 - [STDERR_REDIRECT] 
2025-01-09 14:21:46,653 [ERROR] LogOutputStream:75 - [STDERR_REDIRECT] [Fatal Error] :1:1: Premature end of file.
2025-01-09 14:21:46,653 [ERROR] LogOutputStream:75 - [STDERR_REDIRECT] 
2025-01-09 14:21:47,647 [ERROR] LogOutputStream:75 - [STDERR_REDIRECT] [Fatal Error] :1:1: Premature end of file.
2025-01-09 14:21:47,647 [ERROR] LogOutputStream:75 - [STDERR_REDIRECT] 
2025-01-09 14:21:48,649 [ERROR] LogOutputStream:75 - [STDERR_REDIRECT] [Fatal Error] :1:1: Premature end of file.
2025-01-09 14:21:48,649 [ERROR] LogOutputStream:75 - [STDERR_REDIRECT] 
2025-01-09 14:21:49,653 [ERROR] LogOutputStream:75 - [STDERR_REDIRECT] [Fatal Error] :1:1: Premature end of file.
2025-01-09 14:21:49,653 [ERROR] LogOutputStream:75 - [STDERR_REDIRECT] 
2025-01-09 14:21:50,650 [ERROR] LogOutputStream:75 - [STDERR_REDIRECT] [Fatal Error] :1:1: Premature end of file.
2025-01-09 14:21:50,650 [ERROR] LogOutputStream:75 - [STDERR_REDIRECT] 
2025-01-09 14:21:51,646 [ERROR] LogOutputStream:75 - [STDERR_REDIRECT] [Fatal Error] :1:1: Premature end of file.
2025-01-09 14:21:51,646 [ERROR] LogOutputStream:75 - [STDERR_REDIRECT] 
2025-01-09 14:21:52,652 [ERROR] LogOutputStream:75 - [STDERR_REDIRECT] [Fatal Error] :1:1: Premature end of file.
2025-01-09 14:21:52,652 [ERROR] LogOutputStream:75 - [STDERR_REDIRECT] 
2025-01-09 14:21:53,652 [ERROR] LogOutputStream:75 - [STDERR_REDIRECT] [Fatal Error] :1:1: Premature end of file.
2025-01-09 14:21:53,652 [ERROR] LogOutputStream:75 - [STDERR_REDIRECT] 
2025-01-09 14:21:54,647 [ERROR] LogOutputStream:75 - [STDERR_REDIRECT] [Fatal Error] :1:1: Premature end of file.
2025-01-09 14:21:54,647 [ERROR] LogOutputStream:75 - [STDERR_REDIRECT] 
2025-01-09 14:21:55,652 [ERROR] LogOutputStream:75 - [STDERR_REDIRECT] [Fatal Error] :1:1: Premature end of file.
2025-01-09 14:21:55,652 [ERROR] LogOutputStream:75 - [STDERR_REDIRECT] 
2025-01-09 14:21:56,650 [ERROR] LogOutputStream:75 - [STDERR_REDIRECT] [Fatal Error] :1:1: Premature end of file.
2025-01-09 14:21:56,650 [ERROR] LogOutputStream:75 - [STDERR_REDIRECT] 
2025-01-09 14:21:57,658 [ERROR] LogOutputStream:75 - [STDERR_REDIRECT] [Fatal Error] :1:1: Premature end of file.
2025-01-09 14:21:57,658 [ERROR] LogOutputStream:75 - [STDERR_REDIRECT] 
2025-01-09 14:21:58,641 [ERROR] LogOutputStream:75 - [STDERR_REDIRECT] [Fatal Error] :1:1: Premature end of file.
2025-01-09 14:21:58,641 [ERROR] LogOutputStream:75 - [STDERR_REDIRECT] 
2025-01-09 14:21:59,651 [ERROR] LogOutputStream:75 - [STDERR_REDIRECT] [Fatal Error] :1:1: Premature end of file.
2025-01-09 14:21:59,651 [ERROR] LogOutputStream:75 - [STDERR_REDIRECT] 
2025-01-09 14:22:00,653 [ERROR] LogOutputStream:75 - [STDERR_REDIRECT] [Fatal Error] :1:1: Premature end of file.
2025-01-09 14:22:00,653 [ERROR] LogOutputStream:75 - [STDERR_REDIRECT] 
2025-01-09 14:22:01,648 [ERROR] LogOutputStream:75 - [STDERR_REDIRECT] [Fatal Error] :1:1: Premature end of file.
2025-01-09 14:22:01,648 [ERROR] LogOutputStream:75 - [STDERR_REDIRECT] 
2025-01-09 14:22:02,644 [ERROR] LogOutputStream:75 - [STDERR_REDIRECT] [Fatal Error] :1:1: Premature end of file.
2025-01-09 14:22:02,644 [ERROR] LogOutputStream:75 - [STDERR_REDIRECT] 
2025-01-09 14:22:03,647 [ERROR] LogOutputStream:75 - [STDERR_REDIRECT] [Fatal Error] :1:1: Premature end of file.
2025-01-09 14:22:03,647 [ERROR] LogOutputStream:75 - [STDERR_REDIRECT] 
2025-01-09 14:22:04,655 [ERROR] LogOutputStream:75 - [STDERR_REDIRECT] [Fatal Error] :1:1: Premature end of file.
2025-01-09 14:22:04,655 [ERROR] LogOutputStream:75 - [STDERR_REDIRECT] 
2025-01-09 14:22:05,652 [ERROR] LogOutputStream:75 - [STDERR_REDIRECT] [Fatal Error] :1:1: Premature end of file.
2025-01-09 14:22:05,652 [ERROR] LogOutputStream:75 - [STDERR_REDIRECT] 
2025-01-09 14:22:06,650 [ERROR] LogOutputStream:75 - [STDERR_REDIRECT] [Fatal Error] :1:1: Premature end of file.
2025-01-09 14:22:06,650 [ERROR] LogOutputStream:75 - [STDERR_REDIRECT] 
2025-01-09 14:22:07,652 [ERROR] LogOutputStream:75 - [STDERR_REDIRECT] [Fatal Error] :1:1: Premature end of file.
2025-01-09 14:22:07,652 [ERROR] LogOutputStream:75 - [STDERR_REDIRECT] 
2025-01-09 14:22:08,648 [ERROR] LogOutputStream:75 - [STDERR_REDIRECT] [Fatal Error] :1:1: Premature end of file.
2025-01-09 14:22:08,648 [ERROR] LogOutputStream:75 - [STDERR_REDIRECT] 
2025-01-09 14:22:09,653 [ERROR] LogOutputStream:75 - [STDERR_REDIRECT] [Fatal Error] :1:1: Premature end of file.
2025-01-09 14:22:09,653 [ERROR] LogOutputStream:75 - [STDERR_REDIRECT] 
2025-01-09 14:22:10,650 [ERROR] LogOutputStream:75 - [STDERR_REDIRECT] [Fatal Error] :1:1: Premature end of file.
2025-01-09 14:22:10,650 [ERROR] LogOutputStream:75 - [STDERR_REDIRECT] 
2025-01-09 14:22:11,659 [ERROR] LogOutputStream:75 - [STDERR_REDIRECT] [Fatal Error] :1:1: Premature end of file.
2025-01-09 14:22:11,659 [ERROR] LogOutputStream:75 - [STDERR_REDIRECT] 
2025-01-09 14:22:12,642 [ERROR] LogOutputStream:75 - [STDERR_REDIRECT] [Fatal Error] :1:1: Premature end of file.
2025-01-09 14:22:12,642 [ERROR] LogOutputStream:75 - [STDERR_REDIRECT] 
2025-01-09 14:22:13,657 [ERROR] LogOutputStream:75 - [STDERR_REDIRECT] [Fatal Error] :1:1: Premature end of file.
2025-01-09 14:22:13,658 [ERROR] LogOutputStream:75 - [STDERR_REDIRECT] 
2025-01-09 14:22:14,650 [ERROR] LogOutputStream:75 - [STDERR_REDIRECT] [Fatal Error] :1:1: Premature end of file.
2025-01-09 14:22:14,650 [ERROR] LogOutputStream:75 - [STDERR_REDIRECT] 
2025-01-09 14:22:15,649 [ERROR] LogOutputStream:75 - [STDERR_REDIRECT] [Fatal Error] :1:1: Premature end of file.
2025-01-09 14:22:15,649 [ERROR] LogOutputStream:75 - [STDERR_REDIRECT] 
2025-01-09 14:22:16,644 [ERROR] LogOutputStream:75 - [STDERR_REDIRECT] [Fatal Error] :1:1: Premature end of file.
2025-01-09 14:22:16,644 [ERROR] LogOutputStream:75 - [STDERR_REDIRECT] 
2025-01-09 14:22:17,656 [ERROR] LogOutputStream:75 - [STDERR_REDIRECT] [Fatal Error] :1:1: Premature end of file.
2025-01-09 14:22:17,656 [ERROR] LogOutputStream:75 - [STDERR_REDIRECT] 
2025-01-09 14:22:18,649 [ERROR] LogOutputStream:75 - [STDERR_REDIRECT] [Fatal Error] :1:1: Premature end of file.
2025-01-09 14:22:18,649 [ERROR] LogOutputStream:75 - [STDERR_REDIRECT] 
2025-01-09 14:22:19,655 [ERROR] LogOutputStream:75 - [STDERR_REDIRECT] [Fatal Error] :1:1: Premature end of file.
2025-01-09 14:22:19,655 [ERROR] LogOutputStream:75 - [STDERR_REDIRECT] 
2025-01-09 14:22:20,650 [ERROR] LogOutputStream:75 - [STDERR_REDIRECT] [Fatal Error] :1:1: Premature end of file.
2025-01-09 14:22:20,650 [ERROR] LogOutputStream:75 - [STDERR_REDIRECT] 
2025-01-09 14:22:21,645 [ERROR] LogOutputStream:75 - [STDERR_REDIRECT] [Fatal Error] :1:1: Premature end of file.
2025-01-09 14:22:21,645 [ERROR] LogOutputStream:75 - [STDERR_REDIRECT] 
2025-01-09 14:22:22,653 [ERROR] LogOutputStream:75 - [STDERR_REDIRECT] [Fatal Error] :1:1: Premature end of file.
2025-01-09 14:22:22,653 [ERROR] LogOutputStream:75 - [STDERR_REDIRECT] 
2025-01-09 14:22:23,634 [ERROR] LogOutputStream:75 - [STDERR_REDIRECT] [Fatal Error] :1:1: Premature end of file.
2025-01-09 14:22:23,634 [ERROR] LogOutputStream:75 - [STDERR_REDIRECT] 
2025-01-09 14:22:24,649 [ERROR] LogOutputStream:75 - [STDERR_REDIRECT] [Fatal Error] :1:1: Premature end of file.
2025-01-09 14:22:24,649 [ERROR] LogOutputStream:75 - [STDERR_REDIRECT] 
2025-01-09 14:22:25,651 [ERROR] LogOutputStream:75 - [STDERR_REDIRECT] [Fatal Error] :1:1: Premature end of file.
2025-01-09 14:22:25,651 [ERROR] LogOutputStream:75 - [STDERR_REDIRECT] 
2025-01-09 14:22:26,648 [ERROR] LogOutputStream:75 - [STDERR_REDIRECT] [Fatal Error] :1:1: Premature end of file.
2025-01-09 14:22:26,648 [ERROR] LogOutputStream:75 - [STDERR_REDIRECT] 
2025-01-09 14:22:27,651 [ERROR] LogOutputStream:75 - [STDERR_REDIRECT] [Fatal Error] :1:1: Premature end of file.
2025-01-09 14:22:27,652 [ERROR] LogOutputStream:75 - [STDERR_REDIRECT] 
2025-01-09 14:22:28,646 [ERROR] LogOutputStream:75 - [STDERR_REDIRECT] [Fatal Error] :1:1: Premature end of file.
2025-01-09 14:22:28,646 [ERROR] LogOutputStream:75 - [STDERR_REDIRECT] 
2025-01-09 14:22:29,644 [ERROR] LogOutputStream:75 - [STDERR_REDIRECT] [Fatal Error] :1:1: Premature end of file.
2025-01-09 14:22:29,644 [ERROR] LogOutputStream:75 - [STDERR_REDIRECT] 
2025-01-09 14:22:30,660 [ERROR] LogOutputStream:75 - [STDERR_REDIRECT] [Fatal Error] :1:1: Premature end of file.
2025-01-09 14:22:30,660 [ERROR] LogOutputStream:75 - [STDERR_REDIRECT] 
2025-01-09 14:22:31,654 [ERROR] LogOutputStream:75 - [STDERR_REDIRECT] [Fatal Error] :1:1: Premature end of file.
2025-01-09 14:22:31,654 [ERROR] LogOutputStream:75 - [STDERR_REDIRECT] 
2025-01-09 14:22:32,642 [ERROR] LogOutputStream:75 - [STDERR_REDIRECT] [Fatal Error] :1:1: Premature end of file.
2025-01-09 14:22:32,642 [ERROR] LogOutputStream:75 - [STDERR_REDIRECT] 
2025-01-09 14:22:33,654 [ERROR] LogOutputStream:75 - [STDERR_REDIRECT] [Fatal Error] :1:1: Premature end of file.
2025-01-09 14:22:33,654 [ERROR] LogOutputStream:75 - [STDERR_REDIRECT] 
2025-01-09 14:22:34,653 [ERROR] LogOutputStream:75 - [STDERR_REDIRECT] [Fatal Error] :1:1: Premature end of file.
2025-01-09 14:22:34,653 [ERROR] LogOutputStream:75 - [STDERR_REDIRECT] 
2025-01-09 14:22:35,657 [ERROR] LogOutputStream:75 - [STDERR_REDIRECT] [Fatal Error] :1:1: Premature end of file.
2025-01-09 14:22:35,657 [ERROR] LogOutputStream:75 - [STDERR_REDIRECT] 
2025-01-09 14:22:36,648 [ERROR] LogOutputStream:75 - [STDERR_REDIRECT] [Fatal Error] :1:1: Premature end of file.
2025-01-09 14:22:36,648 [ERROR] LogOutputStream:75 - [STDERR_REDIRECT] 
2025-01-09 14:22:37,645 [ERROR] LogOutputStream:75 - [STDERR_REDIRECT] [Fatal Error] :1:1: Premature end of file.
2025-01-09 14:22:37,645 [ERROR] LogOutputStream:75 - [STDERR_REDIRECT] 
2025-01-09 14:22:38,652 [ERROR] LogOutputStream:75 - [STDERR_REDIRECT] [Fatal Error] :1:1: Premature end of file.
2025-01-09 14:22:38,652 [ERROR] LogOutputStream:75 - [STDERR_REDIRECT] 
2025-01-09 14:22:39,650 [ERROR] LogOutputStream:75 - [STDERR_REDIRECT] [Fatal Error] :1:1: Premature end of file.
2025-01-09 14:22:39,650 [ERROR] LogOutputStream:75 - [STDERR_REDIRECT] 
2025-01-09 14:22:40,649 [ERROR] LogOutputStream:75 - [STDERR_REDIRECT] [Fatal Error] :1:1: Premature end of file.
2025-01-09 14:22:40,649 [ERROR] LogOutputStream:75 - [STDERR_REDIRECT] 
2025-01-09 14:22:41,654 [ERROR] LogOutputStream:75 - [STDERR_REDIRECT] [Fatal Error] :1:1: Premature end of file.
2025-01-09 14:22:41,654 [ERROR] LogOutputStream:75 - [STDERR_REDIRECT] 
2025-01-09 14:22:42,657 [ERROR] LogOutputStream:75 - [STDERR_REDIRECT] [Fatal Error] :1:1: Premature end of file.
2025-01-09 14:22:42,657 [ERROR] LogOutputStream:75 - [STDERR_REDIRECT] 
2025-01-09 14:22:43,642 [ERROR] LogOutputStream:75 - [STDERR_REDIRECT] [Fatal Error] :1:1: Premature end of file.
2025-01-09 14:22:43,642 [ERROR] LogOutputStream:75 - [STDERR_REDIRECT] 
2025-01-09 14:22:44,652 [ERROR] LogOutputStream:75 - [STDERR_REDIRECT] [Fatal Error] :1:1: Premature end of file.
2025-01-09 14:22:44,652 [ERROR] LogOutputStream:75 - [STDERR_REDIRECT] 
2025-01-09 14:22:45,646 [ERROR] LogOutputStream:75 - [STDERR_REDIRECT] [Fatal Error] :1:1: Premature end of file.
2025-01-09 14:22:45,646 [ERROR] LogOutputStream:75 - [STDERR_REDIRECT] 
2025-01-09 14:22:46,652 [ERROR] LogOutputStream:75 - [STDERR_REDIRECT] [Fatal Error] :1:1: Premature end of file.
2025-01-09 14:22:46,652 [ERROR] LogOutputStream:75 - [STDERR_REDIRECT] 
2025-01-09 14:22:47,654 [ERROR] LogOutputStream:75 - [STDERR_REDIRECT] [Fatal Error] :1:1: Premature end of file.
2025-01-09 14:22:47,654 [ERROR] LogOutputStream:75 - [STDERR_REDIRECT] 
2025-01-09 14:22:48,653 [ERROR] LogOutputStream:75 - [STDERR_REDIRECT] [Fatal Error] :1:1: Premature end of file.
2025-01-09 14:22:48,653 [ERROR] LogOutputStream:75 - [STDERR_REDIRECT] 
2025-01-09 14:22:49,643 [ERROR] LogOutputStream:75 - [STDERR_REDIRECT] [Fatal Error] :1:1: Premature end of file.
2025-01-09 14:22:49,643 [ERROR] LogOutputStream:75 - [STDERR_REDIRECT] 
2025-01-09 14:22:50,645 [ERROR] LogOutputStream:75 - [STDERR_REDIRECT] [Fatal Error] :1:1: Premature end of file.
2025-01-09 14:22:50,645 [ERROR] LogOutputStream:75 - [STDERR_REDIRECT] 
2025-01-09 14:22:51,649 [ERROR] LogOutputStream:75 - [STDERR_REDIRECT] [Fatal Error] :1:1: Premature end of file.
2025-01-09 14:22:51,649 [ERROR] LogOutputStream:75 - [STDERR_REDIRECT] 
2025-01-09 14:22:52,639 [ERROR] LogOutputStream:75 - [STDERR_REDIRECT] [Fatal Error] :1:1: Premature end of file.
2025-01-09 14:22:52,639 [ERROR] LogOutputStream:75 - [STDERR_REDIRECT] 
2025-01-09 14:22:53,651 [ERROR] LogOutputStream:75 - [STDERR_REDIRECT] [Fatal Error] :1:1: Premature end of file.
2025-01-09 14:22:53,651 [ERROR] LogOutputStream:75 - [STDERR_REDIRECT] 
2025-01-09 14:22:54,653 [ERROR] LogOutputStream:75 - [STDERR_REDIRECT] [Fatal Error] :1:1: Premature end of file.
2025-01-09 14:22:54,653 [ERROR] LogOutputStream:75 - [STDERR_REDIRECT] 
2025-01-09 14:22:55,644 [ERROR] LogOutputStream:75 - [STDERR_REDIRECT] [Fatal Error] :1:1: Premature end of file.
2025-01-09 14:22:55,644 [ERROR] LogOutputStream:75 - [STDERR_REDIRECT] 
2025-01-09 14:22:56,658 [ERROR] LogOutputStream:75 - [STDERR_REDIRECT] [Fatal Error] :1:1: Premature end of file.
2025-01-09 14:22:56,658 [ERROR] LogOutputStream:75 - [STDERR_REDIRECT] 
2025-01-09 14:22:57,662 [ERROR] LogOutputStream:75 - [STDERR_REDIRECT] [Fatal Error] :1:1: Premature end of file.
2025-01-09 14:22:57,662 [ERROR] LogOutputStream:75 - [STDERR_REDIRECT] 
2025-01-09 14:22:58,653 [ERROR] LogOutputStream:75 - [STDERR_REDIRECT] [Fatal Error] :1:1: Premature end of file.
2025-01-09 14:22:58,653 [ERROR] LogOutputStream:75 - [STDERR_REDIRECT] 
2025-01-09 14:22:59,650 [ERROR] LogOutputStream:75 - [STDERR_REDIRECT] [Fatal Error] :1:1: Premature end of file.
2025-01-09 14:22:59,650 [ERROR] LogOutputStream:75 - [STDERR_REDIRECT] 
2025-01-09 14:23:00,642 [ERROR] LogOutputStream:75 - [STDERR_REDIRECT] [Fatal Error] :1:1: Premature end of file.
2025-01-09 14:23:00,642 [ERROR] LogOutputStream:75 - [STDERR_REDIRECT] 
2025-01-09 14:23:01,656 [ERROR] LogOutputStream:75 - [STDERR_REDIRECT] [Fatal Error] :1:1: Premature end of file.
2025-01-09 14:23:01,656 [ERROR] LogOutputStream:75 - [STDERR_REDIRECT] 
2025-01-09 14:23:02,650 [ERROR] LogOutputStream:75 - [STDERR_REDIRECT] [Fatal Error] :1:1: Premature end of file.
2025-01-09 14:23:02,650 [ERROR] LogOutputStream:75 - [STDERR_REDIRECT] 
2025-01-09 14:23:03,653 [ERROR] LogOutputStream:75 - [STDERR_REDIRECT] [Fatal Error] :1:1: Premature end of file.
2025-01-09 14:23:03,653 [ERROR] LogOutputStream:75 - [STDERR_REDIRECT] 
2025-01-09 14:23:04,647 [ERROR] LogOutputStream:75 - [STDERR_REDIRECT] [Fatal Error] :1:1: Premature end of file.
2025-01-09 14:23:04,647 [ERROR] LogOutputStream:75 - [STDERR_REDIRECT] 
2025-01-09 14:23:05,643 [ERROR] LogOutputStream:75 - [STDERR_REDIRECT] [Fatal Error] :1:1: Premature end of file.
2025-01-09 14:23:05,643 [ERROR] LogOutputStream:75 - [STDERR_REDIRECT] 
2025-01-09 14:23:06,656 [ERROR] LogOutputStream:75 - [STDERR_REDIRECT] [Fatal Error] :1:1: Premature end of file.
2025-01-09 14:23:06,656 [ERROR] LogOutputStream:75 - [STDERR_REDIRECT] 
2025-01-09 14:23:07,667 [ERROR] LogOutputStream:75 - [STDERR_REDIRECT] [Fatal Error] :1:1: Premature end of file.
2025-01-09 14:23:07,667 [ERROR] LogOutputStream:75 - [STDERR_REDIRECT] 
2025-01-09 14:23:08,656 [ERROR] LogOutputStream:75 - [STDERR_REDIRECT] [Fatal Error] :1:1: Premature end of file.
2025-01-09 14:23:08,656 [ERROR] LogOutputStream:75 - [STDERR_REDIRECT] 
2025-01-09 14:23:09,646 [ERROR] LogOutputStream:75 - [STDERR_REDIRECT] [Fatal Error] :1:1: Premature end of file.
2025-01-09 14:23:09,646 [ERROR] LogOutputStream:75 - [STDERR_REDIRECT] 
2025-01-09 14:23:10,648 [ERROR] LogOutputStream:75 - [STDERR_REDIRECT] [Fatal Error] :1:1: Premature end of file.
2025-01-09 14:23:10,648 [ERROR] LogOutputStream:75 - [STDERR_REDIRECT] 
2025-01-09 14:23:11,657 [ERROR] LogOutputStream:75 - [STDERR_REDIRECT] [Fatal Error] :1:1: Premature end of file.
2025-01-09 14:23:11,657 [ERROR] LogOutputStream:75 - [STDERR_REDIRECT] 
2025-01-09 14:23:12,657 [ERROR] LogOutputStream:75 - [STDERR_REDIRECT] [Fatal Error] :1:1: Premature end of file.
2025-01-09 14:23:12,657 [ERROR] LogOutputStream:75 - [STDERR_REDIRECT] 
2025-01-09 14:23:13,650 [ERROR] LogOutputStream:75 - [STDERR_REDIRECT] [Fatal Error] :1:1: Premature end of file.
2025-01-09 14:23:13,650 [ERROR] LogOutputStream:75 - [STDERR_REDIRECT] 
2025-01-09 14:23:14,667 [ERROR] LogOutputStream:75 - [STDERR_REDIRECT] [Fatal Error] :1:1: Premature end of file.
2025-01-09 14:23:14,667 [ERROR] LogOutputStream:75 - [STDERR_REDIRECT] 
2025-01-09 14:23:15,664 [ERROR] LogOutputStream:75 - [STDERR_REDIRECT] [Fatal Error] :1:1: Premature end of file.
2025-01-09 14:23:15,664 [ERROR] LogOutputStream:75 - [STDERR_REDIRECT] 
2025-01-09 14:23:16,650 [ERROR] LogOutputStream:75 - [STDERR_REDIRECT] [Fatal Error] :1:1: Premature end of file.
2025-01-09 14:23:16,651 [ERROR] LogOutputStream:75 - [STDERR_REDIRECT] 
2025-01-09 14:23:17,661 [ERROR] LogOutputStream:75 - [STDERR_REDIRECT] [Fatal Error] :1:1: Premature end of file.
2025-01-09 14:23:17,661 [ERROR] LogOutputStream:75 - [STDERR_REDIRECT] 
2025-01-09 14:23:18,651 [ERROR] LogOutputStream:75 - [STDERR_REDIRECT] [Fatal Error] :1:1: Premature end of file.
2025-01-09 14:23:18,651 [ERROR] LogOutputStream:75 - [STDERR_REDIRECT] 
2025-01-09 14:23:19,648 [ERROR] LogOutputStream:75 - [STDERR_REDIRECT] [Fatal Error] :1:1: Premature end of file.
2025-01-09 14:23:19,648 [ERROR] LogOutputStream:75 - [STDERR_REDIRECT] 
2025-01-09 14:23:20,661 [ERROR] LogOutputStream:75 - [STDERR_REDIRECT] [Fatal Error] :1:1: Premature end of file.
2025-01-09 14:23:20,661 [ERROR] LogOutputStream:75 - [STDERR_REDIRECT] 
2025-01-09 14:23:21,642 [ERROR] LogOutputStream:75 - [STDERR_REDIRECT] [Fatal Error] :1:1: Premature end of file.
2025-01-09 14:23:21,642 [ERROR] LogOutputStream:75 - [STDERR_REDIRECT] 
2025-01-09 14:23:22,651 [ERROR] LogOutputStream:75 - [STDERR_REDIRECT] [Fatal Error] :1:1: Premature end of file.
2025-01-09 14:23:22,651 [ERROR] LogOutputStream:75 - [STDERR_REDIRECT] 
2025-01-09 14:23:23,654 [ERROR] LogOutputStream:75 - [STDERR_REDIRECT] [Fatal Error] :1:1: Premature end of file.
2025-01-09 14:23:23,654 [ERROR] LogOutputStream:75 - [STDERR_REDIRECT] 
2025-01-09 14:23:24,649 [ERROR] LogOutputStream:75 - [STDERR_REDIRECT] [Fatal Error] :1:1: Premature end of file.
2025-01-09 14:23:24,649 [ERROR] LogOutputStream:75 - [STDERR_REDIRECT] 
2025-01-09 14:23:25,660 [ERROR] LogOutputStream:75 - [STDERR_REDIRECT] [Fatal Error] :1:1: Premature end of file.
2025-01-09 14:23:25,660 [ERROR] LogOutputStream:75 - [STDERR_REDIRECT] 
2025-01-09 14:23:26,646 [ERROR] LogOutputStream:75 - [STDERR_REDIRECT] [Fatal Error] :1:1: Premature end of file.
2025-01-09 14:23:26,646 [ERROR] LogOutputStream:75 - [STDERR_REDIRECT] 
2025-01-09 14:23:27,652 [ERROR] LogOutputStream:75 - [STDERR_REDIRECT] [Fatal Error] :1:1: Premature end of file.
2025-01-09 14:23:27,652 [ERROR] LogOutputStream:75 - [STDERR_REDIRECT] 
2025-01-09 14:23:28,649 [ERROR] LogOutputStream:75 - [STDERR_REDIRECT] [Fatal Error] :1:1: Premature end of file.
2025-01-09 14:23:28,649 [ERROR] LogOutputStream:75 - [STDERR_REDIRECT] 
2025-01-09 14:23:29,658 [ERROR] LogOutputStream:75 - [STDERR_REDIRECT] [Fatal Error] :1:1: Premature end of file.
2025-01-09 14:23:29,658 [ERROR] LogOutputStream:75 - [STDERR_REDIRECT] 
2025-01-09 14:23:30,657 [ERROR] LogOutputStream:75 - [STDERR_REDIRECT] [Fatal Error] :1:1: Premature end of file.
2025-01-09 14:23:30,657 [ERROR] LogOutputStream:75 - [STDERR_REDIRECT] 
2025-01-09 14:23:31,649 [ERROR] LogOutputStream:75 - [STDERR_REDIRECT] [Fatal Error] :1:1: Premature end of file.
2025-01-09 14:23:31,649 [ERROR] LogOutputStream:75 - [STDERR_REDIRECT] 
2025-01-09 14:23:32,641 [ERROR] LogOutputStream:75 - [STDERR_REDIRECT] [Fatal Error] :1:1: Premature end of file.
2025-01-09 14:23:32,641 [ERROR] LogOutputStream:75 - [STDERR_REDIRECT] 
2025-01-09 14:23:33,655 [ERROR] LogOutputStream:75 - [STDERR_REDIRECT] [Fatal Error] :1:1: Premature end of file.
2025-01-09 14:23:33,655 [ERROR] LogOutputStream:75 - [STDERR_REDIRECT] 
2025-01-09 14:23:34,645 [ERROR] LogOutputStream:75 - [STDERR_REDIRECT] [Fatal Error] :1:1: Premature end of file.
2025-01-09 14:23:34,645 [ERROR] LogOutputStream:75 - [STDERR_REDIRECT] 
2025-01-09 14:23:35,652 [ERROR] LogOutputStream:75 - [STDERR_REDIRECT] [Fatal Error] :1:1: Premature end of file.
2025-01-09 14:23:35,652 [ERROR] LogOutputStream:75 - [STDERR_REDIRECT] 
2025-01-09 14:23:36,650 [ERROR] LogOutputStream:75 - [STDERR_REDIRECT] [Fatal Error] :1:1: Premature end of file.
2025-01-09 14:23:36,650 [ERROR] LogOutputStream:75 - [STDERR_REDIRECT] 
2025-01-09 14:23:37,647 [ERROR] LogOutputStream:75 - [STDERR_REDIRECT] [Fatal Error] :1:1: Premature end of file.
2025-01-09 14:23:37,647 [ERROR] LogOutputStream:75 - [STDERR_REDIRECT] 
2025-01-09 14:23:38,644 [ERROR] LogOutputStream:75 - [STDERR_REDIRECT] [Fatal Error] :1:1: Premature end of file.
2025-01-09 14:23:38,644 [ERROR] LogOutputStream:75 - [STDERR_REDIRECT] 
2025-01-09 14:23:39,639 [ERROR] LogOutputStream:75 - [STDERR_REDIRECT] [Fatal Error] :1:1: Premature end of file.
2025-01-09 14:23:39,639 [ERROR] LogOutputStream:75 - [STDERR_REDIRECT] 
2025-01-09 14:23:40,648 [ERROR] LogOutputStream:75 - [STDERR_REDIRECT] [Fatal Error] :1:1: Premature end of file.
2025-01-09 14:23:40,648 [ERROR] LogOutputStream:75 - [STDERR_REDIRECT] 
2025-01-09 14:23:41,649 [ERROR] LogOutputStream:75 - [STDERR_REDIRECT] [Fatal Error] :1:1: Premature end of file.
2025-01-09 14:23:41,650 [ERROR] LogOutputStream:75 - [STDERR_REDIRECT] 
2025-01-09 14:23:42,660 [ERROR] LogOutputStream:75 - [STDERR_REDIRECT] [Fatal Error] :1:1: Premature end of file.
2025-01-09 14:23:42,660 [ERROR] LogOutputStream:75 - [STDERR_REDIRECT] 
2025-01-09 14:23:43,654 [ERROR] LogOutputStream:75 - [STDERR_REDIRECT] [Fatal Error] :1:1: Premature end of file.
2025-01-09 14:23:43,654 [ERROR] LogOutputStream:75 - [STDERR_REDIRECT] 
2025-01-09 14:23:44,651 [ERROR] LogOutputStream:75 - [STDERR_REDIRECT] [Fatal Error] :1:1: Premature end of file.
2025-01-09 14:23:44,651 [ERROR] LogOutputStream:75 - [STDERR_REDIRECT] 
2025-01-09 14:23:45,652 [ERROR] LogOutputStream:75 - [STDERR_REDIRECT] [Fatal Error] :1:1: Premature end of file.
2025-01-09 14:23:45,652 [ERROR] LogOutputStream:75 - [STDERR_REDIRECT] 
2025-01-09 14:23:46,660 [ERROR] LogOutputStream:75 - [STDERR_REDIRECT] [Fatal Error] :1:1: Premature end of file.
2025-01-09 14:23:46,660 [ERROR] LogOutputStream:75 - [STDERR_REDIRECT] 
2025-01-09 14:23:47,649 [ERROR] LogOutputStream:75 - [STDERR_REDIRECT] [Fatal Error] :1:1: Premature end of file.
2025-01-09 14:23:47,649 [ERROR] LogOutputStream:75 - [STDERR_REDIRECT] 
2025-01-09 14:23:48,653 [ERROR] LogOutputStream:75 - [STDERR_REDIRECT] [Fatal Error] :1:1: Premature end of file.
2025-01-09 14:23:48,653 [ERROR] LogOutputStream:75 - [STDERR_REDIRECT] 
2025-01-09 14:23:49,659 [ERROR] LogOutputStream:75 - [STDERR_REDIRECT] [Fatal Error] :1:1: Premature end of file.
2025-01-09 14:23:49,659 [ERROR] LogOutputStream:75 - [STDERR_REDIRECT] 
2025-01-09 14:23:50,654 [ERROR] LogOutputStream:75 - [STDERR_REDIRECT] [Fatal Error] :1:1: Premature end of file.
2025-01-09 14:23:50,654 [ERROR] LogOutputStream:75 - [STDERR_REDIRECT] 
2025-01-09 14:23:51,657 [ERROR] LogOutputStream:75 - [STDERR_REDIRECT] [Fatal Error] :1:1: Premature end of file.
2025-01-09 14:23:51,657 [ERROR] LogOutputStream:75 - [STDERR_REDIRECT] 
2025-01-09 14:23:52,655 [ERROR] LogOutputStream:75 - [STDERR_REDIRECT] [Fatal Error] :1:1: Premature end of file.
2025-01-09 14:23:52,655 [ERROR] LogOutputStream:75 - [STDERR_REDIRECT] 
2025-01-09 14:23:53,662 [ERROR] LogOutputStream:75 - [STDERR_REDIRECT] [Fatal Error] :1:1: Premature end of file.
2025-01-09 14:23:53,662 [ERROR] LogOutputStream:75 - [STDERR_REDIRECT] 
2025-01-09 14:23:54,644 [ERROR] LogOutputStream:75 - [STDERR_REDIRECT] [Fatal Error] :1:1: Premature end of file.
2025-01-09 14:23:54,644 [ERROR] LogOutputStream:75 - [STDERR_REDIRECT] 
2025-01-09 14:23:55,648 [ERROR] LogOutputStream:75 - [STDERR_REDIRECT] [Fatal Error] :1:1: Premature end of file.
2025-01-09 14:23:55,648 [ERROR] LogOutputStream:75 - [STDERR_REDIRECT] 
2025-01-09 14:23:56,648 [ERROR] LogOutputStream:75 - [STDERR_REDIRECT] [Fatal Error] :1:1: Premature end of file.
2025-01-09 14:23:56,648 [ERROR] LogOutputStream:75 - [STDERR_REDIRECT] 
2025-01-09 14:23:57,659 [ERROR] LogOutputStream:75 - [STDERR_REDIRECT] [Fatal Error] :1:1: Premature end of file.
2025-01-09 14:23:57,659 [ERROR] LogOutputStream:75 - [STDERR_REDIRECT] 
2025-01-09 14:23:58,643 [ERROR] LogOutputStream:75 - [STDERR_REDIRECT] [Fatal Error] :1:1: Premature end of file.
2025-01-09 14:23:58,649 [ERROR] LogOutputStream:75 - [STDERR_REDIRECT] 
2025-01-09 14:23:59,657 [ERROR] LogOutputStream:75 - [STDERR_REDIRECT] [Fatal Error] :1:1: Premature end of file.
2025-01-09 14:23:59,657 [ERROR] LogOutputStream:75 - [STDERR_REDIRECT] 
2025-01-09 14:24:00,658 [ERROR] LogOutputStream:75 - [STDERR_REDIRECT] [Fatal Error] :1:1: Premature end of file.
2025-01-09 14:24:00,658 [ERROR] LogOutputStream:75 - [STDERR_REDIRECT] 
2025-01-09 14:24:01,650 [ERROR] LogOutputStream:75 - [STDERR_REDIRECT] [Fatal Error] :1:1: Premature end of file.
2025-01-09 14:24:01,650 [ERROR] LogOutputStream:75 - [STDERR_REDIRECT] 
2025-01-09 14:24:02,648 [ERROR] LogOutputStream:75 - [STDERR_REDIRECT] [Fatal Error] :1:1: Premature end of file.
2025-01-09 14:24:02,648 [ERROR] LogOutputStream:75 - [STDERR_REDIRECT] 
2025-01-09 14:24:03,652 [ERROR] LogOutputStream:75 - [STDERR_REDIRECT] [Fatal Error] :1:1: Premature end of file.
2025-01-09 14:24:03,652 [ERROR] LogOutputStream:75 - [STDERR_REDIRECT] 
2025-01-09 14:24:04,647 [ERROR] LogOutputStream:75 - [STDERR_REDIRECT] [Fatal Error] :1:1: Premature end of file.
2025-01-09 14:24:04,647 [ERROR] LogOutputStream:75 - [STDERR_REDIRECT] 
2025-01-09 14:24:05,651 [ERROR] LogOutputStream:75 - [STDERR_REDIRECT] [Fatal Error] :1:1: Premature end of file.
2025-01-09 14:24:05,651 [ERROR] LogOutputStream:75 - [STDERR_REDIRECT] 
2025-01-09 14:24:06,665 [ERROR] LogOutputStream:75 - [STDERR_REDIRECT] [Fatal Error] :1:1: Premature end of file.
2025-01-09 14:24:06,665 [ERROR] LogOutputStream:75 - [STDERR_REDIRECT] 
2025-01-09 14:24:07,657 [ERROR] LogOutputStream:75 - [STDERR_REDIRECT] [Fatal Error] :1:1: Premature end of file.
2025-01-09 14:24:07,657 [ERROR] LogOutputStream:75 - [STDERR_REDIRECT] 
2025-01-09 14:24:08,649 [ERROR] LogOutputStream:75 - [STDERR_REDIRECT] [Fatal Error] :1:1: Premature end of file.
2025-01-09 14:24:08,649 [ERROR] LogOutputStream:75 - [STDERR_REDIRECT] 
2025-01-09 14:24:09,651 [ERROR] LogOutputStream:75 - [STDERR_REDIRECT] [Fatal Error] :1:1: Premature end of file.
2025-01-09 14:24:09,651 [ERROR] LogOutputStream:75 - [STDERR_REDIRECT] 
2025-01-09 14:24:10,648 [ERROR] LogOutputStream:75 - [STDERR_REDIRECT] [Fatal Error] :1:1: Premature end of file.
2025-01-09 14:24:10,648 [ERROR] LogOutputStream:75 - [STDERR_REDIRECT] 
2025-01-09 14:24:11,650 [ERROR] LogOutputStream:75 - [STDERR_REDIRECT] [Fatal Error] :1:1: Premature end of file.
2025-01-09 14:24:11,650 [ERROR] LogOutputStream:75 - [STDERR_REDIRECT] 
2025-01-09 14:24:12,649 [ERROR] LogOutputStream:75 - [STDERR_REDIRECT] [Fatal Error] :1:1: Premature end of file.
2025-01-09 14:24:12,649 [ERROR] LogOutputStream:75 - [STDERR_REDIRECT] 
2025-01-09 14:24:13,652 [ERROR] LogOutputStream:75 - [STDERR_REDIRECT] [Fatal Error] :1:1: Premature end of file.
2025-01-09 14:24:13,652 [ERROR] LogOutputStream:75 - [STDERR_REDIRECT] 
2025-01-09 14:24:14,644 [ERROR] LogOutputStream:75 - [STDERR_REDIRECT] [Fatal Error] :1:1: Premature end of file.
2025-01-09 14:24:14,644 [ERROR] LogOutputStream:75 - [STDERR_REDIRECT] 
2025-01-09 14:24:15,656 [ERROR] LogOutputStream:75 - [STDERR_REDIRECT] [Fatal Error] :1:1: Premature end of file.
2025-01-09 14:24:15,656 [ERROR] LogOutputStream:75 - [STDERR_REDIRECT] 
2025-01-09 14:24:16,635 [ERROR] LogOutputStream:75 - [STDERR_REDIRECT] [Fatal Error] :1:1: Premature end of file.
2025-01-09 14:24:16,635 [ERROR] LogOutputStream:75 - [STDERR_REDIRECT] 
2025-01-09 14:24:17,655 [ERROR] LogOutputStream:75 - [STDERR_REDIRECT] [Fatal Error] :1:1: Premature end of file.
2025-01-09 14:24:17,655 [ERROR] LogOutputStream:75 - [STDERR_REDIRECT] 
2025-01-09 14:24:18,679 [ERROR] LogOutputStream:75 - [STDERR_REDIRECT] [Fatal Error] :1:1: Premature end of file.
2025-01-09 14:24:18,679 [ERROR] LogOutputStream:75 - [STDERR_REDIRECT] 
2025-01-09 14:24:19,643 [ERROR] LogOutputStream:75 - [STDERR_REDIRECT] [Fatal Error] :1:1: Premature end of file.
2025-01-09 14:24:19,643 [ERROR] LogOutputStream:75 - [STDERR_REDIRECT] 
2025-01-09 14:24:20,647 [ERROR] LogOutputStream:75 - [STDERR_REDIRECT] [Fatal Error] :1:1: Premature end of file.
2025-01-09 14:24:20,647 [ERROR] LogOutputStream:75 - [STDERR_REDIRECT] 
2025-01-09 14:24:21,645 [ERROR] LogOutputStream:75 - [STDERR_REDIRECT] [Fatal Error] :1:1: Premature end of file.
2025-01-09 14:24:21,645 [ERROR] LogOutputStream:75 - [STDERR_REDIRECT] 
2025-01-09 14:24:22,652 [ERROR] LogOutputStream:75 - [STDERR_REDIRECT] [Fatal Error] :1:1: Premature end of file.
2025-01-09 14:24:22,652 [ERROR] LogOutputStream:75 - [STDERR_REDIRECT] 
2025-01-09 14:24:23,643 [ERROR] LogOutputStream:75 - [STDERR_REDIRECT] [Fatal Error] :1:1: Premature end of file.
2025-01-09 14:24:23,643 [ERROR] LogOutputStream:75 - [STDERR_REDIRECT] 
2025-01-09 14:24:24,644 [ERROR] LogOutputStream:75 - [STDERR_REDIRECT] [Fatal Error] :1:1: Premature end of file.
2025-01-09 14:24:24,644 [ERROR] LogOutputStream:75 - [STDERR_REDIRECT] 
2025-01-09 14:24:25,641 [ERROR] LogOutputStream:75 - [STDERR_REDIRECT] [Fatal Error] :1:1: Premature end of file.
2025-01-09 14:24:25,641 [ERROR] LogOutputStream:75 - [STDERR_REDIRECT] 
2025-01-09 14:24:26,650 [ERROR] LogOutputStream:75 - [STDERR_REDIRECT] [Fatal Error] :1:1: Premature end of file.
2025-01-09 14:24:26,650 [ERROR] LogOutputStream:75 - [STDERR_REDIRECT] 
2025-01-09 14:24:27,648 [ERROR] LogOutputStream:75 - [STDERR_REDIRECT] [Fatal Error] :1:1: Premature end of file.
2025-01-09 14:24:27,648 [ERROR] LogOutputStream:75 - [STDERR_REDIRECT] 
2025-01-09 14:24:28,654 [ERROR] LogOutputStream:75 - [STDERR_REDIRECT] [Fatal Error] :1:1: Premature end of file.
2025-01-09 14:24:28,654 [ERROR] LogOutputStream:75 - [STDERR_REDIRECT] 
2025-01-09 14:24:29,661 [ERROR] LogOutputStream:75 - [STDERR_REDIRECT] [Fatal Error] :1:1: Premature end of file.
2025-01-09 14:24:29,661 [ERROR] LogOutputStream:75 - [STDERR_REDIRECT] 
2025-01-09 14:24:30,655 [ERROR] LogOutputStream:75 - [STDERR_REDIRECT] [Fatal Error] :1:1: Premature end of file.
2025-01-09 14:24:30,655 [ERROR] LogOutputStream:75 - [STDERR_REDIRECT] 
2025-01-09 14:24:31,649 [ERROR] LogOutputStream:75 - [STDERR_REDIRECT] [Fatal Error] :1:1: Premature end of file.
2025-01-09 14:24:31,649 [ERROR] LogOutputStream:75 - [STDERR_REDIRECT] 
2025-01-09 14:24:32,649 [ERROR] LogOutputStream:75 - [STDERR_REDIRECT] [Fatal Error] :1:1: Premature end of file.
2025-01-09 14:24:32,650 [ERROR] LogOutputStream:75 - [STDERR_REDIRECT] 
2025-01-09 14:24:33,646 [ERROR] LogOutputStream:75 - [STDERR_REDIRECT] [Fatal Error] :1:1: Premature end of file.
2025-01-09 14:24:33,646 [ERROR] LogOutputStream:75 - [STDERR_REDIRECT] 
2025-01-09 14:24:34,646 [ERROR] LogOutputStream:75 - [STDERR_REDIRECT] [Fatal Error] :1:1: Premature end of file.
2025-01-09 14:24:34,646 [ERROR] LogOutputStream:75 - [STDERR_REDIRECT] 
2025-01-09 14:24:35,654 [ERROR] LogOutputStream:75 - [STDERR_REDIRECT] [Fatal Error] :1:1: Premature end of file.
2025-01-09 14:24:35,654 [ERROR] LogOutputStream:75 - [STDERR_REDIRECT] 
2025-01-09 14:24:36,653 [ERROR] LogOutputStream:75 - [STDERR_REDIRECT] [Fatal Error] :1:1: Premature end of file.
2025-01-09 14:24:36,654 [ERROR] LogOutputStream:75 - [STDERR_REDIRECT] 
2025-01-09 14:24:37,657 [ERROR] LogOutputStream:75 - [STDERR_REDIRECT] [Fatal Error] :1:1: Premature end of file.
2025-01-09 14:24:37,657 [ERROR] LogOutputStream:75 - [STDERR_REDIRECT] 
2025-01-09 14:24:38,643 [ERROR] LogOutputStream:75 - [STDERR_REDIRECT] [Fatal Error] :1:1: Premature end of file.
2025-01-09 14:24:38,643 [ERROR] LogOutputStream:75 - [STDERR_REDIRECT] 
2025-01-09 14:24:39,650 [ERROR] LogOutputStream:75 - [STDERR_REDIRECT] [Fatal Error] :1:1: Premature end of file.
2025-01-09 14:24:39,650 [ERROR] LogOutputStream:75 - [STDERR_REDIRECT] 
2025-01-09 14:24:40,649 [ERROR] LogOutputStream:75 - [STDERR_REDIRECT] [Fatal Error] :1:1: Premature end of file.
2025-01-09 14:24:40,649 [ERROR] LogOutputStream:75 - [STDERR_REDIRECT] 
2025-01-09 14:24:41,651 [ERROR] LogOutputStream:75 - [STDERR_REDIRECT] [Fatal Error] :1:1: Premature end of file.
2025-01-09 14:24:41,651 [ERROR] LogOutputStream:75 - [STDERR_REDIRECT] 
2025-01-09 14:24:42,652 [ERROR] LogOutputStream:75 - [STDERR_REDIRECT] [Fatal Error] :1:1: Premature end of file.
2025-01-09 14:24:42,652 [ERROR] LogOutputStream:75 - [STDERR_REDIRECT] 
2025-01-09 14:24:43,659 [ERROR] LogOutputStream:75 - [STDERR_REDIRECT] [Fatal Error] :1:1: Premature end of file.
2025-01-09 14:24:43,659 [ERROR] LogOutputStream:75 - [STDERR_REDIRECT] 
2025-01-09 14:24:44,649 [ERROR] LogOutputStream:75 - [STDERR_REDIRECT] [Fatal Error] :1:1: Premature end of file.
2025-01-09 14:24:44,649 [ERROR] LogOutputStream:75 - [STDERR_REDIRECT] 
2025-01-09 14:24:45,650 [ERROR] LogOutputStream:75 - [STDERR_REDIRECT] [Fatal Error] :1:1: Premature end of file.
2025-01-09 14:24:45,650 [ERROR] LogOutputStream:75 - [STDERR_REDIRECT] 
2025-01-09 14:24:46,647 [ERROR] LogOutputStream:75 - [STDERR_REDIRECT] [Fatal Error] :1:1: Premature end of file.
2025-01-09 14:24:46,647 [ERROR] LogOutputStream:75 - [STDERR_REDIRECT] 
2025-01-09 14:24:47,643 [ERROR] LogOutputStream:75 - [STDERR_REDIRECT] [Fatal Error] :1:1: Premature end of file.
2025-01-09 14:24:47,643 [ERROR] LogOutputStream:75 - [STDERR_REDIRECT] 
2025-01-09 14:24:48,646 [ERROR] LogOutputStream:75 - [STDERR_REDIRECT] [Fatal Error] :1:1: Premature end of file.
2025-01-09 14:24:48,646 [ERROR] LogOutputStream:75 - [STDERR_REDIRECT] 
2025-01-09 14:24:49,644 [ERROR] LogOutputStream:75 - [STDERR_REDIRECT] [Fatal Error] :1:1: Premature end of file.
2025-01-09 14:24:49,644 [ERROR] LogOutputStream:75 - [STDERR_REDIRECT] 
2025-01-09 14:24:50,660 [ERROR] LogOutputStream:75 - [STDERR_REDIRECT] [Fatal Error] :1:1: Premature end of file.
2025-01-09 14:24:50,660 [ERROR] LogOutputStream:75 - [STDERR_REDIRECT] 
2025-01-09 14:24:51,651 [ERROR] LogOutputStream:75 - [STDERR_REDIRECT] [Fatal Error] :1:1: Premature end of file.
2025-01-09 14:24:51,651 [ERROR] LogOutputStream:75 - [STDERR_REDIRECT] 
2025-01-09 14:24:52,646 [ERROR] LogOutputStream:75 - [STDERR_REDIRECT] [Fatal Error] :1:1: Premature end of file.
2025-01-09 14:24:52,646 [ERROR] LogOutputStream:75 - [STDERR_REDIRECT] 
2025-01-09 14:24:53,660 [ERROR] LogOutputStream:75 - [STDERR_REDIRECT] [Fatal Error] :1:1: Premature end of file.
2025-01-09 14:24:53,660 [ERROR] LogOutputStream:75 - [STDERR_REDIRECT] 
2025-01-09 14:24:54,649 [ERROR] LogOutputStream:75 - [STDERR_REDIRECT] [Fatal Error] :1:1: Premature end of file.
2025-01-09 14:24:54,649 [ERROR] LogOutputStream:75 - [STDERR_REDIRECT] 
2025-01-09 14:24:55,645 [ERROR] LogOutputStream:75 - [STDERR_REDIRECT] [Fatal Error] :1:1: Premature end of file.
2025-01-09 14:24:55,645 [ERROR] LogOutputStream:75 - [STDERR_REDIRECT] 
2025-01-09 14:24:56,643 [ERROR] LogOutputStream:75 - [STDERR_REDIRECT] [Fatal Error] :1:1: Premature end of file.
2025-01-09 14:24:56,643 [ERROR] LogOutputStream:75 - [STDERR_REDIRECT] 
2025-01-09 14:24:57,655 [ERROR] LogOutputStream:75 - [STDERR_REDIRECT] [Fatal Error] :1:1: Premature end of file.
2025-01-09 14:24:57,655 [ERROR] LogOutputStream:75 - [STDERR_REDIRECT] 
2025-01-09 14:24:58,652 [ERROR] LogOutputStream:75 - [STDERR_REDIRECT] [Fatal Error] :1:1: Premature end of file.
2025-01-09 14:24:58,652 [ERROR] LogOutputStream:75 - [STDERR_REDIRECT] 
2025-01-09 14:24:59,642 [ERROR] LogOutputStream:75 - [STDERR_REDIRECT] [Fatal Error] :1:1: Premature end of file.
2025-01-09 14:24:59,642 [ERROR] LogOutputStream:75 - [STDERR_REDIRECT] 
2025-01-09 14:25:00,653 [ERROR] LogOutputStream:75 - [STDERR_REDIRECT] [Fatal Error] :1:1: Premature end of file.
2025-01-09 14:25:00,653 [ERROR] LogOutputStream:75 - [STDERR_REDIRECT] 
2025-01-09 14:25:01,646 [ERROR] LogOutputStream:75 - [STDERR_REDIRECT] [Fatal Error] :1:1: Premature end of file.
2025-01-09 14:25:01,646 [ERROR] LogOutputStream:75 - [STDERR_REDIRECT] 
2025-01-09 14:25:02,645 [ERROR] LogOutputStream:75 - [STDERR_REDIRECT] [Fatal Error] :1:1: Premature end of file.
2025-01-09 14:25:02,645 [ERROR] LogOutputStream:75 - [STDERR_REDIRECT] 
2025-01-09 14:25:03,660 [ERROR] LogOutputStream:75 - [STDERR_REDIRECT] [Fatal Error] :1:1: Premature end of file.
2025-01-09 14:25:03,660 [ERROR] LogOutputStream:75 - [STDERR_REDIRECT] 
2025-01-09 14:25:04,645 [ERROR] LogOutputStream:75 - [STDERR_REDIRECT] [Fatal Error] :1:1: Premature end of file.
2025-01-09 14:25:04,645 [ERROR] LogOutputStream:75 - [STDERR_REDIRECT] 
2025-01-09 14:25:05,653 [ERROR] LogOutputStream:75 - [STDERR_REDIRECT] [Fatal Error] :1:1: Premature end of file.
2025-01-09 14:25:05,653 [ERROR] LogOutputStream:75 - [STDERR_REDIRECT] 
2025-01-09 14:25:06,648 [ERROR] LogOutputStream:75 - [STDERR_REDIRECT] [Fatal Error] :1:1: Premature end of file.
2025-01-09 14:25:06,648 [ERROR] LogOutputStream:75 - [STDERR_REDIRECT] 
2025-01-09 14:25:07,651 [ERROR] LogOutputStream:75 - [STDERR_REDIRECT] [Fatal Error] :1:1: Premature end of file.
2025-01-09 14:25:07,651 [ERROR] LogOutputStream:75 - [STDERR_REDIRECT] 
2025-01-09 14:25:08,651 [ERROR] LogOutputStream:75 - [STDERR_REDIRECT] [Fatal Error] :1:1: Premature end of file.
2025-01-09 14:25:08,651 [ERROR] LogOutputStream:75 - [STDERR_REDIRECT] 
2025-01-09 14:25:09,647 [ERROR] LogOutputStream:75 - [STDERR_REDIRECT] [Fatal Error] :1:1: Premature end of file.
2025-01-09 14:25:09,647 [ERROR] LogOutputStream:75 - [STDERR_REDIRECT] 
2025-01-09 14:25:10,652 [ERROR] LogOutputStream:75 - [STDERR_REDIRECT] [Fatal Error] :1:1: Premature end of file.
2025-01-09 14:25:10,652 [ERROR] LogOutputStream:75 - [STDERR_REDIRECT] 
2025-01-09 14:25:11,662 [ERROR] LogOutputStream:75 - [STDERR_REDIRECT] [Fatal Error] :1:1: Premature end of file.
2025-01-09 14:25:11,662 [ERROR] LogOutputStream:75 - [STDERR_REDIRECT] 
2025-01-09 14:25:12,654 [ERROR] LogOutputStream:75 - [STDERR_REDIRECT] [Fatal Error] :1:1: Premature end of file.
2025-01-09 14:25:12,654 [ERROR] LogOutputStream:75 - [STDERR_REDIRECT] 
2025-01-09 14:25:13,654 [ERROR] LogOutputStream:75 - [STDERR_REDIRECT] [Fatal Error] :1:1: Premature end of file.
2025-01-09 14:25:13,654 [ERROR] LogOutputStream:75 - [STDERR_REDIRECT] 
2025-01-09 14:25:14,648 [ERROR] LogOutputStream:75 - [STDERR_REDIRECT] [Fatal Error] :1:1: Premature end of file.
2025-01-09 14:25:14,648 [ERROR] LogOutputStream:75 - [STDERR_REDIRECT] 
2025-01-09 14:25:15,652 [ERROR] LogOutputStream:75 - [STDERR_REDIRECT] [Fatal Error] :1:1: Premature end of file.
2025-01-09 14:25:15,652 [ERROR] LogOutputStream:75 - [STDERR_REDIRECT] 
2025-01-09 14:25:16,662 [ERROR] LogOutputStream:75 - [STDERR_REDIRECT] [Fatal Error] :1:1: Premature end of file.
2025-01-09 14:25:16,662 [ERROR] LogOutputStream:75 - [STDERR_REDIRECT] 
2025-01-09 14:25:17,642 [ERROR] LogOutputStream:75 - [STDERR_REDIRECT] [Fatal Error] :1:1: Premature end of file.
2025-01-09 14:25:17,642 [ERROR] LogOutputStream:75 - [STDERR_REDIRECT] 
2025-01-09 14:25:18,650 [ERROR] LogOutputStream:75 - [STDERR_REDIRECT] [Fatal Error] :1:1: Premature end of file.
2025-01-09 14:25:18,650 [ERROR] LogOutputStream:75 - [STDERR_REDIRECT] 
2025-01-09 14:25:19,653 [ERROR] LogOutputStream:75 - [STDERR_REDIRECT] [Fatal Error] :1:1: Premature end of file.
2025-01-09 14:25:19,653 [ERROR] LogOutputStream:75 - [STDERR_REDIRECT] 
2025-01-09 14:25:20,645 [ERROR] LogOutputStream:75 - [STDERR_REDIRECT] [Fatal Error] :1:1: Premature end of file.
2025-01-09 14:25:20,645 [ERROR] LogOutputStream:75 - [STDERR_REDIRECT] 
2025-01-09 14:25:21,657 [ERROR] LogOutputStream:75 - [STDERR_REDIRECT] [Fatal Error] :1:1: Premature end of file.
2025-01-09 14:25:21,657 [ERROR] LogOutputStream:75 - [STDERR_REDIRECT] 
2025-01-09 14:25:22,646 [ERROR] LogOutputStream:75 - [STDERR_REDIRECT] [Fatal Error] :1:1: Premature end of file.
2025-01-09 14:25:22,646 [ERROR] LogOutputStream:75 - [STDERR_REDIRECT] 
2025-01-09 14:25:23,658 [ERROR] LogOutputStream:75 - [STDERR_REDIRECT] [Fatal Error] :1:1: Premature end of file.
2025-01-09 14:25:23,658 [ERROR] LogOutputStream:75 - [STDERR_REDIRECT] 
2025-01-09 14:25:24,657 [ERROR] LogOutputStream:75 - [STDERR_REDIRECT] [Fatal Error] :1:1: Premature end of file.
2025-01-09 14:25:24,657 [ERROR] LogOutputStream:75 - [STDERR_REDIRECT] 
2025-01-09 14:25:25,646 [ERROR] LogOutputStream:75 - [STDERR_REDIRECT] [Fatal Error] :1:1: Premature end of file.
2025-01-09 14:25:25,646 [ERROR] LogOutputStream:75 - [STDERR_REDIRECT] 
2025-01-09 14:25:26,650 [ERROR] LogOutputStream:75 - [STDERR_REDIRECT] [Fatal Error] :1:1: Premature end of file.
2025-01-09 14:25:26,650 [ERROR] LogOutputStream:75 - [STDERR_REDIRECT] 
2025-01-09 14:25:27,643 [ERROR] LogOutputStream:75 - [STDERR_REDIRECT] [Fatal Error] :1:1: Premature end of file.
2025-01-09 14:25:27,643 [ERROR] LogOutputStream:75 - [STDERR_REDIRECT] 
2025-01-09 14:25:28,648 [ERROR] LogOutputStream:75 - [STDERR_REDIRECT] [Fatal Error] :1:1: Premature end of file.
2025-01-09 14:25:28,648 [ERROR] LogOutputStream:75 - [STDERR_REDIRECT] 
2025-01-09 14:25:29,652 [ERROR] LogOutputStream:75 - [STDERR_REDIRECT] [Fatal Error] :1:1: Premature end of file.
2025-01-09 14:25:29,652 [ERROR] LogOutputStream:75 - [STDERR_REDIRECT] 
2025-01-09 14:25:30,658 [ERROR] LogOutputStream:75 - [STDERR_REDIRECT] [Fatal Error] :1:1: Premature end of file.
2025-01-09 14:25:30,658 [ERROR] LogOutputStream:75 - [STDERR_REDIRECT] 
2025-01-09 14:25:31,653 [ERROR] LogOutputStream:75 - [STDERR_REDIRECT] [Fatal Error] :1:1: Premature end of file.
2025-01-09 14:25:31,653 [ERROR] LogOutputStream:75 - [STDERR_REDIRECT] 
2025-01-09 14:25:32,660 [ERROR] LogOutputStream:75 - [STDERR_REDIRECT] [Fatal Error] :1:1: Premature end of file.
2025-01-09 14:25:32,660 [ERROR] LogOutputStream:75 - [STDERR_REDIRECT] 
2025-01-09 14:25:33,649 [ERROR] LogOutputStream:75 - [STDERR_REDIRECT] [Fatal Error] :1:1: Premature end of file.
2025-01-09 14:25:33,649 [ERROR] LogOutputStream:75 - [STDERR_REDIRECT] 
2025-01-09 14:25:34,648 [ERROR] LogOutputStream:75 - [STDERR_REDIRECT] [Fatal Error] :1:1: Premature end of file.
2025-01-09 14:25:34,649 [ERROR] LogOutputStream:75 - [STDERR_REDIRECT] 
2025-01-09 14:25:35,649 [ERROR] LogOutputStream:75 - [STDERR_REDIRECT] [Fatal Error] :1:1: Premature end of file.
2025-01-09 14:25:35,649 [ERROR] LogOutputStream:75 - [STDERR_REDIRECT] 
2025-01-09 14:25:36,658 [ERROR] LogOutputStream:75 - [STDERR_REDIRECT] [Fatal Error] :1:1: Premature end of file.
2025-01-09 14:25:36,658 [ERROR] LogOutputStream:75 - [STDERR_REDIRECT] 
2025-01-09 14:25:37,642 [ERROR] LogOutputStream:75 - [STDERR_REDIRECT] [Fatal Error] :1:1: Premature end of file.
2025-01-09 14:25:37,642 [ERROR] LogOutputStream:75 - [STDERR_REDIRECT] 
2025-01-09 14:25:38,655 [ERROR] LogOutputStream:75 - [STDERR_REDIRECT] [Fatal Error] :1:1: Premature end of file.
2025-01-09 14:25:38,656 [ERROR] LogOutputStream:75 - [STDERR_REDIRECT] 
2025-01-09 14:25:39,659 [ERROR] LogOutputStream:75 - [STDERR_REDIRECT] [Fatal Error] :1:1: Premature end of file.
2025-01-09 14:25:39,659 [ERROR] LogOutputStream:75 - [STDERR_REDIRECT] 
2025-01-09 14:25:40,648 [ERROR] LogOutputStream:75 - [STDERR_REDIRECT] [Fatal Error] :1:1: Premature end of file.
2025-01-09 14:25:40,648 [ERROR] LogOutputStream:75 - [STDERR_REDIRECT] 
2025-01-09 14:25:41,650 [ERROR] LogOutputStream:75 - [STDERR_REDIRECT] [Fatal Error] :1:1: Premature end of file.
2025-01-09 14:25:41,650 [ERROR] LogOutputStream:75 - [STDERR_REDIRECT] 
2025-01-09 14:25:42,641 [ERROR] LogOutputStream:75 - [STDERR_REDIRECT] [Fatal Error] :1:1: Premature end of file.
2025-01-09 14:25:42,641 [ERROR] LogOutputStream:75 - [STDERR_REDIRECT] 
2025-01-09 14:25:43,655 [ERROR] LogOutputStream:75 - [STDERR_REDIRECT] [Fatal Error] :1:1: Premature end of file.
2025-01-09 14:25:43,655 [ERROR] LogOutputStream:75 - [STDERR_REDIRECT] 
2025-01-09 14:25:44,651 [ERROR] LogOutputStream:75 - [STDERR_REDIRECT] [Fatal Error] :1:1: Premature end of file.
2025-01-09 14:25:44,651 [ERROR] LogOutputStream:75 - [STDERR_REDIRECT] 
2025-01-09 14:25:45,647 [ERROR] LogOutputStream:75 - [STDERR_REDIRECT] [Fatal Error] :1:1: Premature end of file.
2025-01-09 14:25:45,647 [ERROR] LogOutputStream:75 - [STDERR_REDIRECT] 
2025-01-09 14:25:46,646 [ERROR] LogOutputStream:75 - [STDERR_REDIRECT] [Fatal Error] :1:1: Premature end of file.
2025-01-09 14:25:46,646 [ERROR] LogOutputStream:75 - [STDERR_REDIRECT] 
2025-01-09 14:25:47,657 [ERROR] LogOutputStream:75 - [STDERR_REDIRECT] [Fatal Error] :1:1: Premature end of file.
2025-01-09 14:25:47,657 [ERROR] LogOutputStream:75 - [STDERR_REDIRECT] 
2025-01-09 14:25:48,649 [ERROR] LogOutputStream:75 - [STDERR_REDIRECT] [Fatal Error] :1:1: Premature end of file.
2025-01-09 14:25:48,649 [ERROR] LogOutputStream:75 - [STDERR_REDIRECT] 
2025-01-09 14:25:49,649 [ERROR] LogOutputStream:75 - [STDERR_REDIRECT] [Fatal Error] :1:1: Premature end of file.
2025-01-09 14:25:49,649 [ERROR] LogOutputStream:75 - [STDERR_REDIRECT] 
2025-01-09 14:25:50,650 [ERROR] LogOutputStream:75 - [STDERR_REDIRECT] [Fatal Error] :1:1: Premature end of file.
2025-01-09 14:25:50,650 [ERROR] LogOutputStream:75 - [STDERR_REDIRECT] 
2025-01-09 14:25:51,664 [ERROR] LogOutputStream:75 - [STDERR_REDIRECT] [Fatal Error] :1:1: Premature end of file.
2025-01-09 14:25:51,664 [ERROR] LogOutputStream:75 - [STDERR_REDIRECT] 
2025-01-09 14:25:52,654 [ERROR] LogOutputStream:75 - [STDERR_REDIRECT] [Fatal Error] :1:1: Premature end of file.
2025-01-09 14:25:52,654 [ERROR] LogOutputStream:75 - [STDERR_REDIRECT] 
2025-01-09 14:25:53,651 [ERROR] LogOutputStream:75 - [STDERR_REDIRECT] [Fatal Error] :1:1: Premature end of file.
2025-01-09 14:25:53,651 [ERROR] LogOutputStream:75 - [STDERR_REDIRECT] 
2025-01-09 14:25:54,645 [ERROR] LogOutputStream:75 - [STDERR_REDIRECT] [Fatal Error] :1:1: Premature end of file.
2025-01-09 14:25:54,645 [ERROR] LogOutputStream:75 - [STDERR_REDIRECT] 
2025-01-09 14:25:55,643 [ERROR] LogOutputStream:75 - [STDERR_REDIRECT] [Fatal Error] :1:1: Premature end of file.
2025-01-09 14:25:55,643 [ERROR] LogOutputStream:75 - [STDERR_REDIRECT] 
2025-01-09 14:25:56,658 [ERROR] LogOutputStream:75 - [STDERR_REDIRECT] [Fatal Error] :1:1: Premature end of file.
2025-01-09 14:25:56,658 [ERROR] LogOutputStream:75 - [STDERR_REDIRECT] 
2025-01-09 14:25:57,654 [ERROR] LogOutputStream:75 - [STDERR_REDIRECT] [Fatal Error] :1:1: Premature end of file.
2025-01-09 14:25:57,654 [ERROR] LogOutputStream:75 - [STDERR_REDIRECT] 
2025-01-09 14:25:58,661 [ERROR] LogOutputStream:75 - [STDERR_REDIRECT] [Fatal Error] :1:1: Premature end of file.
2025-01-09 14:25:58,661 [ERROR] LogOutputStream:75 - [STDERR_REDIRECT] 
2025-01-09 14:25:59,645 [ERROR] LogOutputStream:75 - [STDERR_REDIRECT] [Fatal Error] :1:1: Premature end of file.
2025-01-09 14:25:59,645 [ERROR] LogOutputStream:75 - [STDERR_REDIRECT] 
2025-01-09 14:26:00,650 [ERROR] LogOutputStream:75 - [STDERR_REDIRECT] [Fatal Error] :1:1: Premature end of file.
2025-01-09 14:26:00,650 [ERROR] LogOutputStream:75 - [STDERR_REDIRECT] 
2025-01-09 14:26:01,642 [ERROR] LogOutputStream:75 - [STDERR_REDIRECT] [Fatal Error] :1:1: Premature end of file.
2025-01-09 14:26:01,642 [ERROR] LogOutputStream:75 - [STDERR_REDIRECT] 
2025-01-09 14:26:02,652 [ERROR] LogOutputStream:75 - [STDERR_REDIRECT] [Fatal Error] :1:1: Premature end of file.
2025-01-09 14:26:02,652 [ERROR] LogOutputStream:75 - [STDERR_REDIRECT] 
2025-01-09 14:26:03,656 [ERROR] LogOutputStream:75 - [STDERR_REDIRECT] [Fatal Error] :1:1: Premature end of file.
2025-01-09 14:26:03,656 [ERROR] LogOutputStream:75 - [STDERR_REDIRECT] 
2025-01-09 14:26:04,644 [ERROR] LogOutputStream:75 - [STDERR_REDIRECT] [Fatal Error] :1:1: Premature end of file.
2025-01-09 14:26:04,644 [ERROR] LogOutputStream:75 - [STDERR_REDIRECT] 
2025-01-09 14:26:05,651 [ERROR] LogOutputStream:75 - [STDERR_REDIRECT] [Fatal Error] :1:1: Premature end of file.
2025-01-09 14:26:05,651 [ERROR] LogOutputStream:75 - [STDERR_REDIRECT] 
2025-01-09 14:26:06,655 [ERROR] LogOutputStream:75 - [STDERR_REDIRECT] [Fatal Error] :1:1: Premature end of file.
2025-01-09 14:26:06,655 [ERROR] LogOutputStream:75 - [STDERR_REDIRECT] 
2025-01-09 14:26:07,647 [ERROR] LogOutputStream:75 - [STDERR_REDIRECT] [Fatal Error] :1:1: Premature end of file.
2025-01-09 14:26:07,647 [ERROR] LogOutputStream:75 - [STDERR_REDIRECT] 
2025-01-09 14:26:08,648 [ERROR] LogOutputStream:75 - [STDERR_REDIRECT] [Fatal Error] :1:1: Premature end of file.
2025-01-09 14:26:08,648 [ERROR] LogOutputStream:75 - [STDERR_REDIRECT] 
2025-01-09 14:26:09,652 [ERROR] LogOutputStream:75 - [STDERR_REDIRECT] [Fatal Error] :1:1: Premature end of file.
2025-01-09 14:26:09,652 [ERROR] LogOutputStream:75 - [STDERR_REDIRECT] 
2025-01-09 14:26:10,648 [ERROR] LogOutputStream:75 - [STDERR_REDIRECT] [Fatal Error] :1:1: Premature end of file.
2025-01-09 14:26:10,648 [ERROR] LogOutputStream:75 - [STDERR_REDIRECT] 
2025-01-09 14:26:11,641 [ERROR] LogOutputStream:75 - [STDERR_REDIRECT] [Fatal Error] :1:1: Premature end of file.
2025-01-09 14:26:11,641 [ERROR] LogOutputStream:75 - [STDERR_REDIRECT] 
2025-01-09 14:26:12,648 [ERROR] LogOutputStream:75 - [STDERR_REDIRECT] [Fatal Error] :1:1: Premature end of file.
2025-01-09 14:26:12,648 [ERROR] LogOutputStream:75 - [STDERR_REDIRECT] 
2025-01-09 14:26:13,641 [ERROR] LogOutputStream:75 - [STDERR_REDIRECT] [Fatal Error] :1:1: Premature end of file.
2025-01-09 14:26:13,641 [ERROR] LogOutputStream:75 - [STDERR_REDIRECT] 
2025-01-09 14:26:14,656 [ERROR] LogOutputStream:75 - [STDERR_REDIRECT] [Fatal Error] :1:1: Premature end of file.
2025-01-09 14:26:14,656 [ERROR] LogOutputStream:75 - [STDERR_REDIRECT] 
2025-01-09 14:26:15,652 [ERROR] LogOutputStream:75 - [STDERR_REDIRECT] [Fatal Error] :1:1: Premature end of file.
2025-01-09 14:26:15,652 [ERROR] LogOutputStream:75 - [STDERR_REDIRECT] 
2025-01-09 14:26:16,660 [ERROR] LogOutputStream:75 - [STDERR_REDIRECT] [Fatal Error] :1:1: Premature end of file.
2025-01-09 14:26:16,660 [ERROR] LogOutputStream:75 - [STDERR_REDIRECT] 
2025-01-09 14:26:17,644 [ERROR] LogOutputStream:75 - [STDERR_REDIRECT] [Fatal Error] :1:1: Premature end of file.
2025-01-09 14:26:17,644 [ERROR] LogOutputStream:75 - [STDERR_REDIRECT] 
2025-01-09 14:26:18,654 [ERROR] LogOutputStream:75 - [STDERR_REDIRECT] [Fatal Error] :1:1: Premature end of file.
2025-01-09 14:26:18,654 [ERROR] LogOutputStream:75 - [STDERR_REDIRECT] 
2025-01-09 14:26:19,651 [ERROR] LogOutputStream:75 - [STDERR_REDIRECT] [Fatal Error] :1:1: Premature end of file.
2025-01-09 14:26:19,651 [ERROR] LogOutputStream:75 - [STDERR_REDIRECT] 
2025-01-09 14:26:20,659 [ERROR] LogOutputStream:75 - [STDERR_REDIRECT] [Fatal Error] :1:1: Premature end of file.
2025-01-09 14:26:20,659 [ERROR] LogOutputStream:75 - [STDERR_REDIRECT] 
2025-01-09 14:26:21,654 [ERROR] LogOutputStream:75 - [STDERR_REDIRECT] [Fatal Error] :1:1: Premature end of file.
2025-01-09 14:26:21,654 [ERROR] LogOutputStream:75 - [STDERR_REDIRECT] 
2025-01-09 14:26:22,642 [ERROR] LogOutputStream:75 - [STDERR_REDIRECT] [Fatal Error] :1:1: Premature end of file.
2025-01-09 14:26:22,642 [ERROR] LogOutputStream:75 - [STDERR_REDIRECT] 
2025-01-09 14:26:23,652 [ERROR] LogOutputStream:75 - [STDERR_REDIRECT] [Fatal Error] :1:1: Premature end of file.
2025-01-09 14:26:23,652 [ERROR] LogOutputStream:75 - [STDERR_REDIRECT] 
2025-01-09 14:26:24,655 [ERROR] LogOutputStream:75 - [STDERR_REDIRECT] [Fatal Error] :1:1: Premature end of file.
2025-01-09 14:26:24,655 [ERROR] LogOutputStream:75 - [STDERR_REDIRECT] 
2025-01-09 14:26:25,653 [ERROR] LogOutputStream:75 - [STDERR_REDIRECT] [Fatal Error] :1:1: Premature end of file.
2025-01-09 14:26:25,653 [ERROR] LogOutputStream:75 - [STDERR_REDIRECT] 
2025-01-09 14:26:26,645 [ERROR] LogOutputStream:75 - [STDERR_REDIRECT] [Fatal Error] :1:1: Premature end of file.
2025-01-09 14:26:26,645 [ERROR] LogOutputStream:75 - [STDERR_REDIRECT] 
2025-01-09 14:26:27,651 [ERROR] LogOutputStream:75 - [STDERR_REDIRECT] [Fatal Error] :1:1: Premature end of file.
2025-01-09 14:26:27,651 [ERROR] LogOutputStream:75 - [STDERR_REDIRECT] 
2025-01-09 14:26:28,656 [ERROR] LogOutputStream:75 - [STDERR_REDIRECT] [Fatal Error] :1:1: Premature end of file.
2025-01-09 14:26:28,656 [ERROR] LogOutputStream:75 - [STDERR_REDIRECT] 
2025-01-09 14:26:29,649 [ERROR] LogOutputStream:75 - [STDERR_REDIRECT] [Fatal Error] :1:1: Premature end of file.
2025-01-09 14:26:29,657 [ERROR] LogOutputStream:75 - [STDERR_REDIRECT] 
2025-01-09 14:26:30,650 [ERROR] LogOutputStream:75 - [STDERR_REDIRECT] [Fatal Error] :1:1: Premature end of file.
2025-01-09 14:26:30,650 [ERROR] LogOutputStream:75 - [STDERR_REDIRECT] 
2025-01-09 14:26:31,652 [ERROR] LogOutputStream:75 - [STDERR_REDIRECT] [Fatal Error] :1:1: Premature end of file.
2025-01-09 14:26:31,652 [ERROR] LogOutputStream:75 - [STDERR_REDIRECT] 
2025-01-09 14:26:32,645 [ERROR] LogOutputStream:75 - [STDERR_REDIRECT] [Fatal Error] :1:1: Premature end of file.
2025-01-09 14:26:32,645 [ERROR] LogOutputStream:75 - [STDERR_REDIRECT] 
2025-01-09 14:26:33,651 [ERROR] LogOutputStream:75 - [STDERR_REDIRECT] [Fatal Error] :1:1: Premature end of file.
2025-01-09 14:26:33,652 [ERROR] LogOutputStream:75 - [STDERR_REDIRECT] 
2025-01-09 14:26:34,651 [ERROR] LogOutputStream:75 - [STDERR_REDIRECT] [Fatal Error] :1:1: Premature end of file.
2025-01-09 14:26:34,651 [ERROR] LogOutputStream:75 - [STDERR_REDIRECT] 
2025-01-09 14:26:35,642 [ERROR] LogOutputStream:75 - [STDERR_REDIRECT] [Fatal Error] :1:1: Premature end of file.
2025-01-09 14:26:35,642 [ERROR] LogOutputStream:75 - [STDERR_REDIRECT] 
2025-01-09 14:26:36,661 [ERROR] LogOutputStream:75 - [STDERR_REDIRECT] [Fatal Error] :1:1: Premature end of file.
2025-01-09 14:26:36,661 [ERROR] LogOutputStream:75 - [STDERR_REDIRECT] 
2025-01-09 14:26:37,655 [ERROR] LogOutputStream:75 - [STDERR_REDIRECT] [Fatal Error] :1:1: Premature end of file.
2025-01-09 14:26:37,655 [ERROR] LogOutputStream:75 - [STDERR_REDIRECT] 
2025-01-09 14:26:38,642 [ERROR] LogOutputStream:75 - [STDERR_REDIRECT] [Fatal Error] :1:1: Premature end of file.
2025-01-09 14:26:38,642 [ERROR] LogOutputStream:75 - [STDERR_REDIRECT] 
2025-01-09 14:26:39,650 [ERROR] LogOutputStream:75 - [STDERR_REDIRECT] [Fatal Error] :1:1: Premature end of file.
2025-01-09 14:26:39,650 [ERROR] LogOutputStream:75 - [STDERR_REDIRECT] 
2025-01-09 14:26:40,642 [ERROR] LogOutputStream:75 - [STDERR_REDIRECT] [Fatal Error] :1:1: Premature end of file.
2025-01-09 14:26:40,642 [ERROR] LogOutputStream:75 - [STDERR_REDIRECT] 
2025-01-09 14:26:41,652 [ERROR] LogOutputStream:75 - [STDERR_REDIRECT] [Fatal Error] :1:1: Premature end of file.
2025-01-09 14:26:41,652 [ERROR] LogOutputStream:75 - [STDERR_REDIRECT] 
2025-01-09 14:26:42,649 [ERROR] LogOutputStream:75 - [STDERR_REDIRECT] [Fatal Error] :1:1: Premature end of file.
2025-01-09 14:26:42,653 [ERROR] LogOutputStream:75 - [STDERR_REDIRECT] 
2025-01-09 14:26:43,653 [ERROR] LogOutputStream:75 - [STDERR_REDIRECT] [Fatal Error] :1:1: Premature end of file.
2025-01-09 14:26:43,653 [ERROR] LogOutputStream:75 - [STDERR_REDIRECT] 
2025-01-09 14:26:44,643 [ERROR] LogOutputStream:75 - [STDERR_REDIRECT] [Fatal Error] :1:1: Premature end of file.
2025-01-09 14:26:44,643 [ERROR] LogOutputStream:75 - [STDERR_REDIRECT] 
2025-01-09 14:26:45,652 [ERROR] LogOutputStream:75 - [STDERR_REDIRECT] [Fatal Error] :1:1: Premature end of file.
2025-01-09 14:26:45,652 [ERROR] LogOutputStream:75 - [STDERR_REDIRECT] 
2025-01-09 14:26:46,653 [ERROR] LogOutputStream:75 - [STDERR_REDIRECT] [Fatal Error] :1:1: Premature end of file.
2025-01-09 14:26:46,653 [ERROR] LogOutputStream:75 - [STDERR_REDIRECT] 
2025-01-09 14:26:47,655 [ERROR] LogOutputStream:75 - [STDERR_REDIRECT] [Fatal Error] :1:1: Premature end of file.
2025-01-09 14:26:47,655 [ERROR] LogOutputStream:75 - [STDERR_REDIRECT] 
2025-01-09 14:26:48,647 [ERROR] LogOutputStream:75 - [STDERR_REDIRECT] [Fatal Error] :1:1: Premature end of file.
2025-01-09 14:26:48,647 [ERROR] LogOutputStream:75 - [STDERR_REDIRECT] 
2025-01-09 14:26:49,659 [ERROR] LogOutputStream:75 - [STDERR_REDIRECT] [Fatal Error] :1:1: Premature end of file.
2025-01-09 14:26:49,659 [ERROR] LogOutputStream:75 - [STDERR_REDIRECT] 
2025-01-09 14:26:50,645 [ERROR] LogOutputStream:75 - [STDERR_REDIRECT] [Fatal Error] :1:1: Premature end of file.
2025-01-09 14:26:50,645 [ERROR] LogOutputStream:75 - [STDERR_REDIRECT] 
2025-01-09 14:26:51,649 [ERROR] LogOutputStream:75 - [STDERR_REDIRECT] [Fatal Error] :1:1: Premature end of file.
2025-01-09 14:26:51,649 [ERROR] LogOutputStream:75 - [STDERR_REDIRECT] 
2025-01-09 14:26:52,652 [ERROR] LogOutputStream:75 - [STDERR_REDIRECT] [Fatal Error] :1:1: Premature end of file.
2025-01-09 14:26:52,652 [ERROR] LogOutputStream:75 - [STDERR_REDIRECT] 
2025-01-09 14:26:53,642 [ERROR] LogOutputStream:75 - [STDERR_REDIRECT] [Fatal Error] :1:1: Premature end of file.
2025-01-09 14:26:53,642 [ERROR] LogOutputStream:75 - [STDERR_REDIRECT] 
2025-01-09 14:26:54,653 [ERROR] LogOutputStream:75 - [STDERR_REDIRECT] [Fatal Error] :1:1: Premature end of file.
2025-01-09 14:26:54,653 [ERROR] LogOutputStream:75 - [STDERR_REDIRECT] 
2025-01-09 14:26:55,652 [ERROR] LogOutputStream:75 - [STDERR_REDIRECT] [Fatal Error] :1:1: Premature end of file.
2025-01-09 14:26:55,652 [ERROR] LogOutputStream:75 - [STDERR_REDIRECT] 
2025-01-09 14:26:56,651 [ERROR] LogOutputStream:75 - [STDERR_REDIRECT] [Fatal Error] :1:1: Premature end of file.
2025-01-09 14:26:56,651 [ERROR] LogOutputStream:75 - [STDERR_REDIRECT] 
2025-01-09 14:26:57,642 [ERROR] LogOutputStream:75 - [STDERR_REDIRECT] [Fatal Error] :1:1: Premature end of file.
2025-01-09 14:26:57,642 [ERROR] LogOutputStream:75 - [STDERR_REDIRECT] 
2025-01-09 14:26:58,660 [ERROR] LogOutputStream:75 - [STDERR_REDIRECT] [Fatal Error] :1:1: Premature end of file.
2025-01-09 14:26:58,660 [ERROR] LogOutputStream:75 - [STDERR_REDIRECT] 
2025-01-09 14:26:59,644 [ERROR] LogOutputStream:75 - [STDERR_REDIRECT] [Fatal Error] :1:1: Premature end of file.
2025-01-09 14:26:59,644 [ERROR] LogOutputStream:75 - [STDERR_REDIRECT] 
2025-01-09 14:27:00,658 [ERROR] LogOutputStream:75 - [STDERR_REDIRECT] [Fatal Error] :1:1: Premature end of file.
2025-01-09 14:27:00,658 [ERROR] LogOutputStream:75 - [STDERR_REDIRECT] 
2025-01-09 14:27:01,649 [ERROR] LogOutputStream:75 - [STDERR_REDIRECT] [Fatal Error] :1:1: Premature end of file.
2025-01-09 14:27:01,649 [ERROR] LogOutputStream:75 - [STDERR_REDIRECT] 
2025-01-09 14:27:02,644 [ERROR] LogOutputStream:75 - [STDERR_REDIRECT] [Fatal Error] :1:1: Premature end of file.
2025-01-09 14:27:02,644 [ERROR] LogOutputStream:75 - [STDERR_REDIRECT] 
2025-01-09 14:27:03,652 [ERROR] LogOutputStream:75 - [STDERR_REDIRECT] [Fatal Error] :1:1: Premature end of file.
2025-01-09 14:27:03,652 [ERROR] LogOutputStream:75 - [STDERR_REDIRECT] 
2025-01-09 14:27:04,647 [ERROR] LogOutputStream:75 - [STDERR_REDIRECT] [Fatal Error] :1:1: Premature end of file.
2025-01-09 14:27:04,647 [ERROR] LogOutputStream:75 - [STDERR_REDIRECT] 
2025-01-09 14:27:05,641 [ERROR] LogOutputStream:75 - [STDERR_REDIRECT] [Fatal Error] :1:1: Premature end of file.
2025-01-09 14:27:05,641 [ERROR] LogOutputStream:75 - [STDERR_REDIRECT] 
2025-01-09 14:27:06,649 [ERROR] LogOutputStream:75 - [STDERR_REDIRECT] [Fatal Error] :1:1: Premature end of file.
2025-01-09 14:27:06,649 [ERROR] LogOutputStream:75 - [STDERR_REDIRECT] 
2025-01-09 14:27:07,650 [ERROR] LogOutputStream:75 - [STDERR_REDIRECT] [Fatal Error] :1:1: Premature end of file.
2025-01-09 14:27:07,650 [ERROR] LogOutputStream:75 - [STDERR_REDIRECT] 
2025-01-09 14:27:08,641 [ERROR] LogOutputStream:75 - [STDERR_REDIRECT] [Fatal Error] :1:1: Premature end of file.
2025-01-09 14:27:08,641 [ERROR] LogOutputStream:75 - [STDERR_REDIRECT] 
2025-01-09 14:27:09,648 [ERROR] LogOutputStream:75 - [STDERR_REDIRECT] [Fatal Error] :1:1: Premature end of file.
2025-01-09 14:27:09,648 [ERROR] LogOutputStream:75 - [STDERR_REDIRECT] 
2025-01-09 14:27:10,642 [ERROR] LogOutputStream:75 - [STDERR_REDIRECT] [Fatal Error] :1:1: Premature end of file.
2025-01-09 14:27:10,642 [ERROR] LogOutputStream:75 - [STDERR_REDIRECT] 
2025-01-09 14:27:11,655 [ERROR] LogOutputStream:75 - [STDERR_REDIRECT] [Fatal Error] :1:1: Premature end of file.
2025-01-09 14:27:11,655 [ERROR] LogOutputStream:75 - [STDERR_REDIRECT] 
2025-01-09 14:27:12,657 [ERROR] LogOutputStream:75 - [STDERR_REDIRECT] [Fatal Error] :1:1: Premature end of file.
2025-01-09 14:27:12,657 [ERROR] LogOutputStream:75 - [STDERR_REDIRECT] 
2025-01-09 14:27:13,650 [ERROR] LogOutputStream:75 - [STDERR_REDIRECT] [Fatal Error] :1:1: Premature end of file.
2025-01-09 14:27:13,650 [ERROR] LogOutputStream:75 - [STDERR_REDIRECT] 
2025-01-09 14:27:14,659 [ERROR] LogOutputStream:75 - [STDERR_REDIRECT] [Fatal Error] :1:1: Premature end of file.
2025-01-09 14:27:14,659 [ERROR] LogOutputStream:75 - [STDERR_REDIRECT] 
2025-01-09 14:27:15,651 [ERROR] LogOutputStream:75 - [STDERR_REDIRECT] [Fatal Error] :1:1: Premature end of file.
2025-01-09 14:27:15,651 [ERROR] LogOutputStream:75 - [STDERR_REDIRECT] 
2025-01-09 14:27:16,650 [ERROR] LogOutputStream:75 - [STDERR_REDIRECT] [Fatal Error] :1:1: Premature end of file.
2025-01-09 14:27:16,650 [ERROR] LogOutputStream:75 - [STDERR_REDIRECT] 
2025-01-09 14:27:17,658 [ERROR] LogOutputStream:75 - [STDERR_REDIRECT] [Fatal Error] :1:1: Premature end of file.
2025-01-09 14:27:17,658 [ERROR] LogOutputStream:75 - [STDERR_REDIRECT] 
2025-01-09 14:27:18,643 [ERROR] LogOutputStream:75 - [STDERR_REDIRECT] [Fatal Error] :1:1: Premature end of file.
2025-01-09 14:27:18,643 [ERROR] LogOutputStream:75 - [STDERR_REDIRECT] 
2025-01-09 14:27:19,652 [ERROR] LogOutputStream:75 - [STDERR_REDIRECT] [Fatal Error] :1:1: Premature end of file.
2025-01-09 14:27:19,652 [ERROR] LogOutputStream:75 - [STDERR_REDIRECT] 
2025-01-09 14:27:20,644 [ERROR] LogOutputStream:75 - [STDERR_REDIRECT] [Fatal Error] :1:1: Premature end of file.
2025-01-09 14:27:20,644 [ERROR] LogOutputStream:75 - [STDERR_REDIRECT] 
2025-01-09 14:27:23,720 [ERROR] LogOutputStream:75 - [STDERR_REDIRECT] [Fatal Error] :1:1: Premature end of file.
2025-01-09 14:27:23,720 [ERROR] LogOutputStream:75 - [STDERR_REDIRECT] 
2025-01-09 14:27:23,733 [ERROR] LogOutputStream:75 - [STDERR_REDIRECT] [Fatal Error] :1:1: Premature end of file.
2025-01-09 14:27:23,743 [ERROR] LogOutputStream:75 - [STDERR_REDIRECT] 
2025-01-09 14:27:23,763 [ERROR] LogOutputStream:75 - [STDERR_REDIRECT] [Fatal Error] :1:1: Premature end of file.
2025-01-09 14:27:23,763 [ERROR] LogOutputStream:75 - [STDERR_REDIRECT] 
2025-01-09 14:33:51,978 [ERROR] LogOutputStream:75 - [STDERR_REDIRECT] [Fatal Error] :1:1: Premature end of file.
2025-01-09 14:33:51,978 [ERROR] LogOutputStream:75 - [STDERR_REDIRECT] 
2025-01-09 14:33:52,017 [ERROR] LogOutputStream:75 - [STDERR_REDIRECT] [Fatal Error] :1:1: Premature end of file.
2025-01-09 14:33:52,017 [ERROR] LogOutputStream:75 - [STDERR_REDIRECT] 
2025-01-09 14:33:52,052 [ERROR] LogOutputStream:75 - [STDERR_REDIRECT] [Fatal Error] :1:1: Premature end of file.
2025-01-09 14:33:52,052 [ERROR] LogOutputStream:75 - [STDERR_REDIRECT] 
2025-01-09 14:33:52,073 [ERROR] LogOutputStream:75 - [STDERR_REDIRECT] [Fatal Error] :1:1: Premature end of file.
2025-01-09 14:33:52,073 [ERROR] LogOutputStream:75 - [STDERR_REDIRECT] 
2025-01-09 14:33:52,105 [ERROR] LogOutputStream:75 - [STDERR_REDIRECT] [Fatal Error] :1:1: Premature end of file.
2025-01-09 14:33:52,105 [ERROR] LogOutputStream:75 - [STDERR_REDIRECT] 
2025-01-09 14:33:52,121 [ERROR] LogOutputStream:75 - [STDERR_REDIRECT] [Fatal Error] :1:1: Premature end of file.
2025-01-09 14:33:52,121 [ERROR] LogOutputStream:75 - [STDERR_REDIRECT] 
2025-01-09 14:33:52,147 [ERROR] LogOutputStream:75 - [STDERR_REDIRECT] [Fatal Error] :1:1: Premature end of file.
2025-01-09 14:33:52,147 [ERROR] LogOutputStream:75 - [STDERR_REDIRECT] 
2025-01-09 14:33:52,168 [ERROR] LogOutputStream:75 - [STDERR_REDIRECT] [Fatal Error] :1:1: Premature end of file.
2025-01-09 14:33:52,168 [ERROR] LogOutputStream:75 - [STDERR_REDIRECT] 
2025-01-09 14:33:52,187 [ERROR] LogOutputStream:75 - [STDERR_REDIRECT] [Fatal Error] :1:1: Premature end of file.
2025-01-09 14:33:52,187 [ERROR] LogOutputStream:75 - [STDERR_REDIRECT] 
2025-01-09 14:33:52,207 [ERROR] LogOutputStream:75 - [STDERR_REDIRECT] [Fatal Error] :1:1: Premature end of file.
2025-01-09 14:33:52,207 [ERROR] LogOutputStream:75 - [STDERR_REDIRECT] 
2025-01-09 14:33:52,231 [ERROR] LogOutputStream:75 - [STDERR_REDIRECT] [Fatal Error] :1:1: Premature end of file.
2025-01-09 14:33:52,231 [ERROR] LogOutputStream:75 - [STDERR_REDIRECT] 
2025-01-09 14:33:52,253 [ERROR] LogOutputStream:75 - [STDERR_REDIRECT] [Fatal Error] :1:1: Premature end of file.
2025-01-09 14:33:52,253 [ERROR] LogOutputStream:75 - [STDERR_REDIRECT] 
2025-01-09 14:33:52,277 [ERROR] LogOutputStream:75 - [STDERR_REDIRECT] [Fatal Error] :1:1: Premature end of file.
2025-01-09 14:33:52,277 [ERROR] LogOutputStream:75 - [STDERR_REDIRECT] 
2025-01-09 14:33:52,298 [ERROR] LogOutputStream:75 - [STDERR_REDIRECT] [Fatal Error] :1:1: Premature end of file.
2025-01-09 14:33:52,298 [ERROR] LogOutputStream:75 - [STDERR_REDIRECT] 
2025-01-09 14:33:52,317 [ERROR] LogOutputStream:75 - [STDERR_REDIRECT] [Fatal Error] :1:1: Premature end of file.
2025-01-09 14:33:52,317 [ERROR] LogOutputStream:75 - [STDERR_REDIRECT] 
2025-01-09 14:33:52,338 [ERROR] LogOutputStream:75 - [STDERR_REDIRECT] [Fatal Error] :1:1: Premature end of file.
2025-01-09 14:33:52,338 [ERROR] LogOutputStream:75 - [STDERR_REDIRECT] 
2025-01-09 14:33:52,359 [ERROR] LogOutputStream:75 - [STDERR_REDIRECT] [Fatal Error] :1:1: Premature end of file.
2025-01-09 14:33:52,359 [ERROR] LogOutputStream:75 - [STDERR_REDIRECT] 
2025-01-09 14:33:52,378 [ERROR] LogOutputStream:75 - [STDERR_REDIRECT] [Fatal Error] :1:1: Premature end of file.
2025-01-09 14:33:52,378 [ERROR] LogOutputStream:75 - [STDERR_REDIRECT] 
2025-01-09 14:33:52,406 [ERROR] LogOutputStream:75 - [STDERR_REDIRECT] [Fatal Error] :1:1: Premature end of file.
2025-01-09 14:33:52,406 [ERROR] LogOutputStream:75 - [STDERR_REDIRECT] 
2025-01-09 14:33:52,428 [ERROR] LogOutputStream:75 - [STDERR_REDIRECT] [Fatal Error] :1:1: Premature end of file.
2025-01-09 14:33:52,428 [ERROR] LogOutputStream:75 - [STDERR_REDIRECT] 
2025-01-09 14:33:52,448 [ERROR] LogOutputStream:75 - [STDERR_REDIRECT] [Fatal Error] :1:1: Premature end of file.
2025-01-09 14:33:52,448 [ERROR] LogOutputStream:75 - [STDERR_REDIRECT] 
2025-01-09 14:33:52,468 [ERROR] LogOutputStream:75 - [STDERR_REDIRECT] [Fatal Error] :1:1: Premature end of file.
2025-01-09 14:33:52,468 [ERROR] LogOutputStream:75 - [STDERR_REDIRECT] 
2025-01-09 14:33:52,490 [ERROR] LogOutputStream:75 - [STDERR_REDIRECT] [Fatal Error] :1:1: Premature end of file.
2025-01-09 14:33:52,490 [ERROR] LogOutputStream:75 - [STDERR_REDIRECT] 
2025-01-09 14:33:52,518 [ERROR] LogOutputStream:75 - [STDERR_REDIRECT] [Fatal Error] :1:1: Premature end of file.
2025-01-09 14:33:52,518 [ERROR] LogOutputStream:75 - [STDERR_REDIRECT] 
2025-01-09 14:33:52,544 [ERROR] LogOutputStream:75 - [STDERR_REDIRECT] [Fatal Error] :1:1: Premature end of file.
2025-01-09 14:33:52,544 [ERROR] LogOutputStream:75 - [STDERR_REDIRECT] 
2025-01-09 14:33:52,570 [ERROR] LogOutputStream:75 - [STDERR_REDIRECT] [Fatal Error] :1:1: Premature end of file.
2025-01-09 14:33:52,570 [ERROR] LogOutputStream:75 - [STDERR_REDIRECT] 
2025-01-09 14:33:52,588 [ERROR] LogOutputStream:75 - [STDERR_REDIRECT] [Fatal Error] :1:1: Premature end of file.
2025-01-09 14:33:52,588 [ERROR] LogOutputStream:75 - [STDERR_REDIRECT] 
2025-01-09 14:33:52,608 [ERROR] LogOutputStream:75 - [STDERR_REDIRECT] [Fatal Error] :1:1: Premature end of file.
2025-01-09 14:33:52,608 [ERROR] LogOutputStream:75 - [STDERR_REDIRECT] 
2025-01-09 14:33:52,633 [ERROR] LogOutputStream:75 - [STDERR_REDIRECT] [Fatal Error] :1:1: Premature end of file.
2025-01-09 14:33:52,633 [ERROR] LogOutputStream:75 - [STDERR_REDIRECT] 
2025-01-09 14:33:52,648 [ERROR] LogOutputStream:75 - [STDERR_REDIRECT] [Fatal Error] :1:1: Premature end of file.
2025-01-09 14:33:52,648 [ERROR] LogOutputStream:75 - [STDERR_REDIRECT] 
2025-01-09 14:33:52,678 [ERROR] LogOutputStream:75 - [STDERR_REDIRECT] [Fatal Error] :1:1: Premature end of file.
2025-01-09 14:33:52,678 [ERROR] LogOutputStream:75 - [STDERR_REDIRECT] 
2025-01-09 14:33:52,697 [ERROR] LogOutputStream:75 - [STDERR_REDIRECT] [Fatal Error] :1:1: Premature end of file.
2025-01-09 14:33:52,697 [ERROR] LogOutputStream:75 - [STDERR_REDIRECT] 
2025-01-09 14:33:52,718 [ERROR] LogOutputStream:75 - [STDERR_REDIRECT] [Fatal Error] :1:1: Premature end of file.
2025-01-09 14:33:52,718 [ERROR] LogOutputStream:75 - [STDERR_REDIRECT] 
2025-01-09 14:33:52,738 [ERROR] LogOutputStream:75 - [STDERR_REDIRECT] [Fatal Error] :1:1: Premature end of file.
2025-01-09 14:33:52,738 [ERROR] LogOutputStream:75 - [STDERR_REDIRECT] 
2025-01-09 14:33:52,759 [ERROR] LogOutputStream:75 - [STDERR_REDIRECT] [Fatal Error] :1:1: Premature end of file.
2025-01-09 14:33:52,759 [ERROR] LogOutputStream:75 - [STDERR_REDIRECT] 
2025-01-09 14:33:52,777 [ERROR] LogOutputStream:75 - [STDERR_REDIRECT] [Fatal Error] :1:1: Premature end of file.
2025-01-09 14:33:52,777 [ERROR] LogOutputStream:75 - [STDERR_REDIRECT] 
2025-01-09 14:33:52,797 [ERROR] LogOutputStream:75 - [STDERR_REDIRECT] [Fatal Error] :1:1: Premature end of file.
2025-01-09 14:33:52,797 [ERROR] LogOutputStream:75 - [STDERR_REDIRECT] 
2025-01-09 14:33:52,828 [ERROR] LogOutputStream:75 - [STDERR_REDIRECT] [Fatal Error] :1:1: Premature end of file.
2025-01-09 14:33:52,828 [ERROR] LogOutputStream:75 - [STDERR_REDIRECT] 
2025-01-09 14:33:52,855 [ERROR] LogOutputStream:75 - [STDERR_REDIRECT] [Fatal Error] :1:1: Premature end of file.
2025-01-09 14:33:52,855 [ERROR] LogOutputStream:75 - [STDERR_REDIRECT] 
2025-01-09 14:33:52,878 [ERROR] LogOutputStream:75 - [STDERR_REDIRECT] [Fatal Error] :1:1: Premature end of file.
2025-01-09 14:33:52,878 [ERROR] LogOutputStream:75 - [STDERR_REDIRECT] 
2025-01-09 14:33:52,898 [ERROR] LogOutputStream:75 - [STDERR_REDIRECT] [Fatal Error] :1:1: Premature end of file.
2025-01-09 14:33:52,898 [ERROR] LogOutputStream:75 - [STDERR_REDIRECT] 
2025-01-09 14:33:52,919 [ERROR] LogOutputStream:75 - [STDERR_REDIRECT] [Fatal Error] :1:1: Premature end of file.
2025-01-09 14:33:52,919 [ERROR] LogOutputStream:75 - [STDERR_REDIRECT] 
2025-01-09 14:33:52,945 [ERROR] LogOutputStream:75 - [STDERR_REDIRECT] [Fatal Error] :1:1: Premature end of file.
2025-01-09 14:33:52,945 [ERROR] LogOutputStream:75 - [STDERR_REDIRECT] 
2025-01-09 14:33:52,958 [ERROR] LogOutputStream:75 - [STDERR_REDIRECT] [Fatal Error] :1:1: Premature end of file.
2025-01-09 14:33:52,958 [ERROR] LogOutputStream:75 - [STDERR_REDIRECT] 
2025-01-09 14:33:53,178 [ERROR] LogOutputStream:75 - [STDERR_REDIRECT] [Fatal Error] :1:1: Premature end of file.
2025-01-09 14:33:53,178 [ERROR] LogOutputStream:75 - [STDERR_REDIRECT] 
2025-01-09 14:33:53,224 [ERROR] LogOutputStream:75 - [STDERR_REDIRECT] [Fatal Error] :1:1: Premature end of file.
2025-01-09 14:33:53,224 [ERROR] LogOutputStream:75 - [STDERR_REDIRECT] 
2025-01-09 14:33:53,250 [ERROR] LogOutputStream:75 - [STDERR_REDIRECT] [Fatal Error] :1:1: Premature end of file.
2025-01-09 14:33:53,250 [ERROR] LogOutputStream:75 - [STDERR_REDIRECT] 
2025-01-09 14:33:53,280 [ERROR] LogOutputStream:75 - [STDERR_REDIRECT] [Fatal Error] :1:1: Premature end of file.
2025-01-09 14:33:53,280 [ERROR] LogOutputStream:75 - [STDERR_REDIRECT] 
2025-01-09 14:33:53,331 [ERROR] LogOutputStream:75 - [STDERR_REDIRECT] [Fatal Error] :1:1: Premature end of file.
2025-01-09 14:33:53,331 [ERROR] LogOutputStream:75 - [STDERR_REDIRECT] 
2025-01-09 14:33:53,358 [ERROR] LogOutputStream:75 - [STDERR_REDIRECT] [Fatal Error] :1:1: Premature end of file.
2025-01-09 14:33:53,358 [ERROR] LogOutputStream:75 - [STDERR_REDIRECT] 
2025-01-09 14:33:53,382 [ERROR] LogOutputStream:75 - [STDERR_REDIRECT] [Fatal Error] :1:1: Premature end of file.
2025-01-09 14:33:53,382 [ERROR] LogOutputStream:75 - [STDERR_REDIRECT] 
2025-01-09 14:33:53,422 [ERROR] LogOutputStream:75 - [STDERR_REDIRECT] [Fatal Error] :1:1: Premature end of file.
2025-01-09 14:33:53,422 [ERROR] LogOutputStream:75 - [STDERR_REDIRECT] 
2025-01-09 14:33:53,452 [ERROR] LogOutputStream:75 - [STDERR_REDIRECT] [Fatal Error] :1:1: Premature end of file.
2025-01-09 14:33:53,452 [ERROR] LogOutputStream:75 - [STDERR_REDIRECT] 
2025-01-09 14:33:53,502 [ERROR] LogOutputStream:75 - [STDERR_REDIRECT] [Fatal Error] :1:1: Premature end of file.
2025-01-09 14:33:53,502 [ERROR] LogOutputStream:75 - [STDERR_REDIRECT] 
2025-01-09 14:33:53,538 [ERROR] LogOutputStream:75 - [STDERR_REDIRECT] [Fatal Error] :1:1: Premature end of file.
2025-01-09 14:33:53,538 [ERROR] LogOutputStream:75 - [STDERR_REDIRECT] 
2025-01-09 14:33:53,573 [ERROR] LogOutputStream:75 - [STDERR_REDIRECT] [Fatal Error] :1:1: Premature end of file.
2025-01-09 14:33:53,573 [ERROR] LogOutputStream:75 - [STDERR_REDIRECT] 
2025-01-09 14:33:53,603 [ERROR] LogOutputStream:75 - [STDERR_REDIRECT] [Fatal Error] :1:1: Premature end of file.
2025-01-09 14:33:53,603 [ERROR] LogOutputStream:75 - [STDERR_REDIRECT] 
2025-01-09 14:33:53,637 [ERROR] LogOutputStream:75 - [STDERR_REDIRECT] [Fatal Error] :1:1: Premature end of file.
2025-01-09 14:33:53,637 [ERROR] LogOutputStream:75 - [STDERR_REDIRECT] 
2025-01-09 14:33:53,654 [ERROR] LogOutputStream:75 - [STDERR_REDIRECT] [Fatal Error] :1:1: Premature end of file.
2025-01-09 14:33:53,654 [ERROR] LogOutputStream:75 - [STDERR_REDIRECT] 
2025-01-09 14:33:53,684 [ERROR] LogOutputStream:75 - [STDERR_REDIRECT] [Fatal Error] :1:1: Premature end of file.
2025-01-09 14:33:53,684 [ERROR] LogOutputStream:75 - [STDERR_REDIRECT] 
2025-01-09 14:33:53,705 [ERROR] LogOutputStream:75 - [STDERR_REDIRECT] [Fatal Error] :1:1: Premature end of file.
2025-01-09 14:33:53,705 [ERROR] LogOutputStream:75 - [STDERR_REDIRECT] 
2025-01-09 14:33:53,735 [ERROR] LogOutputStream:75 - [STDERR_REDIRECT] [Fatal Error] :1:1: Premature end of file.
2025-01-09 14:33:53,735 [ERROR] LogOutputStream:75 - [STDERR_REDIRECT] 
2025-01-09 14:33:53,755 [ERROR] LogOutputStream:75 - [STDERR_REDIRECT] [Fatal Error] :1:1: Premature end of file.
2025-01-09 14:33:53,755 [ERROR] LogOutputStream:75 - [STDERR_REDIRECT] 
2025-01-09 14:33:53,780 [ERROR] LogOutputStream:75 - [STDERR_REDIRECT] [Fatal Error] :1:1: Premature end of file.
2025-01-09 14:33:53,780 [ERROR] LogOutputStream:75 - [STDERR_REDIRECT] 
2025-01-09 14:33:53,796 [ERROR] LogOutputStream:75 - [STDERR_REDIRECT] [Fatal Error] :1:1: Premature end of file.
2025-01-09 14:33:53,796 [ERROR] LogOutputStream:75 - [STDERR_REDIRECT] 
2025-01-09 14:33:53,817 [ERROR] LogOutputStream:75 - [STDERR_REDIRECT] [Fatal Error] :1:1: Premature end of file.
2025-01-09 14:33:53,817 [ERROR] LogOutputStream:75 - [STDERR_REDIRECT] 
2025-01-09 14:33:53,837 [ERROR] LogOutputStream:75 - [STDERR_REDIRECT] [Fatal Error] :1:1: Premature end of file.
2025-01-09 14:33:53,837 [ERROR] LogOutputStream:75 - [STDERR_REDIRECT] 
2025-01-09 14:33:53,858 [ERROR] LogOutputStream:75 - [STDERR_REDIRECT] [Fatal Error] :1:1: Premature end of file.
2025-01-09 14:33:53,868 [ERROR] LogOutputStream:75 - [STDERR_REDIRECT] 
2025-01-09 14:33:53,878 [ERROR] LogOutputStream:75 - [STDERR_REDIRECT] [Fatal Error] :1:1: Premature end of file.
2025-01-09 14:33:53,878 [ERROR] LogOutputStream:75 - [STDERR_REDIRECT] 
2025-01-09 14:33:53,899 [ERROR] LogOutputStream:75 - [STDERR_REDIRECT] [Fatal Error] :1:1: Premature end of file.
2025-01-09 14:33:53,909 [ERROR] LogOutputStream:75 - [STDERR_REDIRECT] 
2025-01-09 14:33:53,930 [ERROR] LogOutputStream:75 - [STDERR_REDIRECT] [Fatal Error] :1:1: Premature end of file.
2025-01-09 14:33:53,930 [ERROR] LogOutputStream:75 - [STDERR_REDIRECT] 
2025-01-09 14:33:53,981 [ERROR] LogOutputStream:75 - [STDERR_REDIRECT] [Fatal Error] :1:1: Premature end of file.
2025-01-09 14:33:53,981 [ERROR] LogOutputStream:75 - [STDERR_REDIRECT] 
2025-01-09 14:33:54,001 [ERROR] LogOutputStream:75 - [STDERR_REDIRECT] [Fatal Error] :1:1: Premature end of file.
2025-01-09 14:33:54,001 [ERROR] LogOutputStream:75 - [STDERR_REDIRECT] 
2025-01-09 14:33:54,022 [ERROR] LogOutputStream:75 - [STDERR_REDIRECT] [Fatal Error] :1:1: Premature end of file.
2025-01-09 14:33:54,032 [ERROR] LogOutputStream:75 - [STDERR_REDIRECT] 
2025-01-09 14:33:54,053 [ERROR] LogOutputStream:75 - [STDERR_REDIRECT] [Fatal Error] :1:1: Premature end of file.
2025-01-09 14:33:54,053 [ERROR] LogOutputStream:75 - [STDERR_REDIRECT] 
2025-01-09 14:33:54,073 [ERROR] LogOutputStream:75 - [STDERR_REDIRECT] [Fatal Error] :1:1: Premature end of file.
2025-01-09 14:33:54,073 [ERROR] LogOutputStream:75 - [STDERR_REDIRECT] 
2025-01-09 14:33:54,094 [ERROR] LogOutputStream:75 - [STDERR_REDIRECT] [Fatal Error] :1:1: Premature end of file.
2025-01-09 14:33:54,094 [ERROR] LogOutputStream:75 - [STDERR_REDIRECT] 
2025-01-09 14:33:54,114 [ERROR] LogOutputStream:75 - [STDERR_REDIRECT] [Fatal Error] :1:1: Premature end of file.
2025-01-09 14:33:54,114 [ERROR] LogOutputStream:75 - [STDERR_REDIRECT] 
2025-01-09 14:33:54,138 [ERROR] LogOutputStream:75 - [STDERR_REDIRECT] [Fatal Error] :1:1: Premature end of file.
2025-01-09 14:33:54,138 [ERROR] LogOutputStream:75 - [STDERR_REDIRECT] 
2025-01-09 14:33:54,155 [ERROR] LogOutputStream:75 - [STDERR_REDIRECT] [Fatal Error] :1:1: Premature end of file.
2025-01-09 14:33:54,155 [ERROR] LogOutputStream:75 - [STDERR_REDIRECT] 
2025-01-09 14:33:54,175 [ERROR] LogOutputStream:75 - [STDERR_REDIRECT] [Fatal Error] :1:1: Premature end of file.
2025-01-09 14:33:54,175 [ERROR] LogOutputStream:75 - [STDERR_REDIRECT] 
2025-01-09 14:33:54,196 [ERROR] LogOutputStream:75 - [STDERR_REDIRECT] [Fatal Error] :1:1: Premature end of file.
2025-01-09 14:33:54,196 [ERROR] LogOutputStream:75 - [STDERR_REDIRECT] 
2025-01-09 14:33:54,216 [ERROR] LogOutputStream:75 - [STDERR_REDIRECT] [Fatal Error] :1:1: Premature end of file.
2025-01-09 14:33:54,216 [ERROR] LogOutputStream:75 - [STDERR_REDIRECT] 
2025-01-09 14:33:54,238 [ERROR] LogOutputStream:75 - [STDERR_REDIRECT] [Fatal Error] :1:1: Premature end of file.
2025-01-09 14:33:54,238 [ERROR] LogOutputStream:75 - [STDERR_REDIRECT] 
2025-01-09 14:33:54,257 [ERROR] LogOutputStream:75 - [STDERR_REDIRECT] [Fatal Error] :1:1: Premature end of file.
2025-01-09 14:33:54,257 [ERROR] LogOutputStream:75 - [STDERR_REDIRECT] 
2025-01-09 14:33:54,278 [ERROR] LogOutputStream:75 - [STDERR_REDIRECT] [Fatal Error] :1:1: Premature end of file.
2025-01-09 14:33:54,278 [ERROR] LogOutputStream:75 - [STDERR_REDIRECT] 
2025-01-09 14:33:54,300 [ERROR] LogOutputStream:75 - [STDERR_REDIRECT] [Fatal Error] :1:1: Premature end of file.
2025-01-09 14:33:54,300 [ERROR] LogOutputStream:75 - [STDERR_REDIRECT] 
2025-01-09 14:33:54,319 [ERROR] LogOutputStream:75 - [STDERR_REDIRECT] [Fatal Error] :1:1: Premature end of file.
2025-01-09 14:33:54,319 [ERROR] LogOutputStream:75 - [STDERR_REDIRECT] 
2025-01-09 14:33:54,339 [ERROR] LogOutputStream:75 - [STDERR_REDIRECT] [Fatal Error] :1:1: Premature end of file.
2025-01-09 14:33:54,339 [ERROR] LogOutputStream:75 - [STDERR_REDIRECT] 
2025-01-09 14:33:54,360 [ERROR] LogOutputStream:75 - [STDERR_REDIRECT] [Fatal Error] :1:1: Premature end of file.
2025-01-09 14:33:54,360 [ERROR] LogOutputStream:75 - [STDERR_REDIRECT] 
2025-01-09 14:33:54,380 [ERROR] LogOutputStream:75 - [STDERR_REDIRECT] [Fatal Error] :1:1: Premature end of file.
2025-01-09 14:33:54,380 [ERROR] LogOutputStream:75 - [STDERR_REDIRECT] 
2025-01-09 14:33:54,400 [ERROR] LogOutputStream:75 - [STDERR_REDIRECT] [Fatal Error] :1:1: Premature end of file.
2025-01-09 14:33:54,400 [ERROR] LogOutputStream:75 - [STDERR_REDIRECT] 
2025-01-09 14:33:54,421 [ERROR] LogOutputStream:75 - [STDERR_REDIRECT] [Fatal Error] :1:1: Premature end of file.
2025-01-09 14:33:54,421 [ERROR] LogOutputStream:75 - [STDERR_REDIRECT] 
2025-01-09 14:33:54,442 [ERROR] LogOutputStream:75 - [STDERR_REDIRECT] [Fatal Error] :1:1: Premature end of file.
2025-01-09 14:33:54,442 [ERROR] LogOutputStream:75 - [STDERR_REDIRECT] 
2025-01-09 14:33:54,462 [ERROR] LogOutputStream:75 - [STDERR_REDIRECT] [Fatal Error] :1:1: Premature end of file.
2025-01-09 14:33:54,462 [ERROR] LogOutputStream:75 - [STDERR_REDIRECT] 
2025-01-09 14:33:54,485 [ERROR] LogOutputStream:75 - [STDERR_REDIRECT] [Fatal Error] :1:1: Premature end of file.
2025-01-09 14:33:54,485 [ERROR] LogOutputStream:75 - [STDERR_REDIRECT] 
2025-01-09 14:33:54,503 [ERROR] LogOutputStream:75 - [STDERR_REDIRECT] [Fatal Error] :1:1: Premature end of file.
2025-01-09 14:33:54,503 [ERROR] LogOutputStream:75 - [STDERR_REDIRECT] 
2025-01-09 14:33:54,538 [ERROR] LogOutputStream:75 - [STDERR_REDIRECT] [Fatal Error] :1:1: Premature end of file.
2025-01-09 14:33:54,538 [ERROR] LogOutputStream:75 - [STDERR_REDIRECT] 
2025-01-09 14:33:54,632 [INFO] WebApp:190 - Connection lost
2025-01-09 14:33:54,676 [ERROR] LogOutputStream:75 - [STDERR_REDIRECT] [Fatal Error] :1:1: Premature end of file.
2025-01-09 14:33:54,676 [ERROR] LogOutputStream:75 - [STDERR_REDIRECT] 
2025-01-09 14:33:54,696 [ERROR] LogOutputStream:75 - [STDERR_REDIRECT] [Fatal Error] :1:1: Premature end of file.
2025-01-09 14:33:54,696 [ERROR] LogOutputStream:75 - [STDERR_REDIRECT] 
2025-01-09 14:33:54,717 [ERROR] LogOutputStream:75 - [STDERR_REDIRECT] [Fatal Error] :1:1: Premature end of file.
2025-01-09 14:33:54,717 [ERROR] LogOutputStream:75 - [STDERR_REDIRECT] 
2025-01-09 14:33:54,738 [ERROR] LogOutputStream:75 - [STDERR_REDIRECT] [Fatal Error] :1:1: Premature end of file.
2025-01-09 14:33:54,738 [ERROR] LogOutputStream:75 - [STDERR_REDIRECT] 
2025-01-09 14:33:54,768 [ERROR] LogOutputStream:75 - [STDERR_REDIRECT] [Fatal Error] :1:1: Premature end of file.
2025-01-09 14:33:54,768 [ERROR] LogOutputStream:75 - [STDERR_REDIRECT] 
2025-01-09 14:33:54,789 [ERROR] LogOutputStream:75 - [STDERR_REDIRECT] [Fatal Error] :1:1: Premature end of file.
2025-01-09 14:33:54,789 [ERROR] LogOutputStream:75 - [STDERR_REDIRECT] 
2025-01-09 14:33:54,835 [ERROR] LogOutputStream:75 - [STDERR_REDIRECT] [Fatal Error] :1:1: Premature end of file.
2025-01-09 14:33:54,835 [ERROR] LogOutputStream:75 - [STDERR_REDIRECT] 
2025-01-09 14:33:54,859 [ERROR] LogOutputStream:75 - [STDERR_REDIRECT] [Fatal Error] :1:1: Premature end of file.
2025-01-09 14:33:54,859 [ERROR] LogOutputStream:75 - [STDERR_REDIRECT] 
2025-01-09 14:33:54,884 [ERROR] LogOutputStream:75 - [STDERR_REDIRECT] [Fatal Error] :1:1: Premature end of file.
2025-01-09 14:33:54,884 [ERROR] LogOutputStream:75 - [STDERR_REDIRECT] 
2025-01-09 14:33:54,900 [ERROR] LogOutputStream:75 - [STDERR_REDIRECT] [Fatal Error] :1:1: Premature end of file.
2025-01-09 14:33:54,900 [ERROR] LogOutputStream:75 - [STDERR_REDIRECT] 
2025-01-09 14:33:55,026 [ERROR] LogOutputStream:75 - [STDERR_REDIRECT] [Fatal Error] :1:1: Premature end of file.
2025-01-09 14:33:55,026 [ERROR] LogOutputStream:75 - [STDERR_REDIRECT] 
2025-01-09 14:33:55,050 [ERROR] LogOutputStream:75 - [STDERR_REDIRECT] [Fatal Error] :1:1: Premature end of file.
2025-01-09 14:33:55,050 [ERROR] LogOutputStream:75 - [STDERR_REDIRECT] 
2025-01-09 14:33:55,071 [ERROR] LogOutputStream:75 - [STDERR_REDIRECT] [Fatal Error] :1:1: Premature end of file.
2025-01-09 14:33:55,071 [ERROR] LogOutputStream:75 - [STDERR_REDIRECT] 
2025-01-09 14:33:55,096 [ERROR] LogOutputStream:75 - [STDERR_REDIRECT] [Fatal Error] :1:1: Premature end of file.
2025-01-09 14:33:55,096 [ERROR] LogOutputStream:75 - [STDERR_REDIRECT] 
2025-01-09 14:33:55,117 [ERROR] LogOutputStream:75 - [STDERR_REDIRECT] [Fatal Error] :1:1: Premature end of file.
2025-01-09 14:33:55,117 [ERROR] LogOutputStream:75 - [STDERR_REDIRECT] 
2025-01-09 14:33:55,138 [ERROR] LogOutputStream:75 - [STDERR_REDIRECT] [Fatal Error] :1:1: Premature end of file.
2025-01-09 14:33:55,138 [ERROR] LogOutputStream:75 - [STDERR_REDIRECT] 
2025-01-09 14:33:55,157 [ERROR] LogOutputStream:75 - [STDERR_REDIRECT] [Fatal Error] :1:1: Premature end of file.
2025-01-09 14:33:55,158 [ERROR] LogOutputStream:75 - [STDERR_REDIRECT] 
2025-01-09 14:33:55,178 [ERROR] LogOutputStream:75 - [STDERR_REDIRECT] [Fatal Error] :1:1: Premature end of file.
2025-01-09 14:33:55,178 [ERROR] LogOutputStream:75 - [STDERR_REDIRECT] 
2025-01-09 14:33:55,198 [ERROR] LogOutputStream:75 - [STDERR_REDIRECT] [Fatal Error] :1:1: Premature end of file.
2025-01-09 14:33:55,198 [ERROR] LogOutputStream:75 - [STDERR_REDIRECT] 
2025-01-09 14:33:55,219 [ERROR] LogOutputStream:75 - [STDERR_REDIRECT] [Fatal Error] :1:1: Premature end of file.
2025-01-09 14:33:55,219 [ERROR] LogOutputStream:75 - [STDERR_REDIRECT] 
2025-01-09 14:33:55,239 [ERROR] LogOutputStream:75 - [STDERR_REDIRECT] [Fatal Error] :1:1: Premature end of file.
2025-01-09 14:33:55,239 [ERROR] LogOutputStream:75 - [STDERR_REDIRECT] 
2025-01-09 14:33:55,254 [ERROR] LogOutputStream:75 - [STDERR_REDIRECT] [Fatal Error] :1:1: Premature end of file.
2025-01-09 14:33:55,254 [ERROR] LogOutputStream:75 - [STDERR_REDIRECT] 
2025-01-09 14:33:55,275 [ERROR] LogOutputStream:75 - [STDERR_REDIRECT] [Fatal Error] :1:1: Premature end of file.
2025-01-09 14:33:55,275 [ERROR] LogOutputStream:75 - [STDERR_REDIRECT] 
2025-01-09 14:33:55,295 [ERROR] LogOutputStream:75 - [STDERR_REDIRECT] [Fatal Error] :1:1: Premature end of file.
2025-01-09 14:33:55,295 [ERROR] LogOutputStream:75 - [STDERR_REDIRECT] 
2025-01-09 14:33:55,316 [ERROR] LogOutputStream:75 - [STDERR_REDIRECT] [Fatal Error] :1:1: Premature end of file.
2025-01-09 14:33:55,316 [ERROR] LogOutputStream:75 - [STDERR_REDIRECT] 
2025-01-09 14:33:55,339 [ERROR] LogOutputStream:75 - [STDERR_REDIRECT] [Fatal Error] :1:1: Premature end of file.
2025-01-09 14:33:55,339 [ERROR] LogOutputStream:75 - [STDERR_REDIRECT] 
2025-01-09 14:33:55,361 [ERROR] LogOutputStream:75 - [STDERR_REDIRECT] [Fatal Error] :1:1: Premature end of file.
2025-01-09 14:33:55,361 [ERROR] LogOutputStream:75 - [STDERR_REDIRECT] 
2025-01-09 14:33:55,382 [ERROR] LogOutputStream:75 - [STDERR_REDIRECT] [Fatal Error] :1:1: Premature end of file.
2025-01-09 14:33:55,382 [ERROR] LogOutputStream:75 - [STDERR_REDIRECT] 
2025-01-09 14:33:55,402 [ERROR] LogOutputStream:75 - [STDERR_REDIRECT] [Fatal Error] :1:1: Premature end of file.
2025-01-09 14:33:55,402 [ERROR] LogOutputStream:75 - [STDERR_REDIRECT] 
2025-01-09 14:33:55,422 [ERROR] LogOutputStream:75 - [STDERR_REDIRECT] [Fatal Error] :1:1: Premature end of file.
2025-01-09 14:33:55,422 [ERROR] LogOutputStream:75 - [STDERR_REDIRECT] 
2025-01-09 14:33:55,441 [ERROR] LogOutputStream:75 - [STDERR_REDIRECT] [Fatal Error] :1:1: Premature end of file.
2025-01-09 14:33:55,442 [ERROR] LogOutputStream:75 - [STDERR_REDIRECT] 
2025-01-09 14:33:55,462 [ERROR] LogOutputStream:75 - [STDERR_REDIRECT] [Fatal Error] :1:1: Premature end of file.
2025-01-09 14:33:55,463 [ERROR] LogOutputStream:75 - [STDERR_REDIRECT] 
2025-01-09 14:33:55,483 [ERROR] LogOutputStream:75 - [STDERR_REDIRECT] [Fatal Error] :1:1: Premature end of file.
2025-01-09 14:33:55,483 [ERROR] LogOutputStream:75 - [STDERR_REDIRECT] 
2025-01-09 14:33:55,503 [ERROR] LogOutputStream:75 - [STDERR_REDIRECT] [Fatal Error] :1:1: Premature end of file.
2025-01-09 14:33:55,504 [ERROR] LogOutputStream:75 - [STDERR_REDIRECT] 
2025-01-09 14:33:55,524 [ERROR] LogOutputStream:75 - [STDERR_REDIRECT] [Fatal Error] :1:1: Premature end of file.
2025-01-09 14:33:55,524 [ERROR] LogOutputStream:75 - [STDERR_REDIRECT] 
2025-01-09 14:33:55,543 [ERROR] LogOutputStream:75 - [STDERR_REDIRECT] [Fatal Error] :1:1: Premature end of file.
2025-01-09 14:33:55,544 [ERROR] LogOutputStream:75 - [STDERR_REDIRECT] 
2025-01-09 14:33:55,561 [ERROR] LogOutputStream:75 - [STDERR_REDIRECT] [Fatal Error] :1:1: Premature end of file.
2025-01-09 14:33:55,561 [ERROR] LogOutputStream:75 - [STDERR_REDIRECT] 
2025-01-09 14:33:55,577 [ERROR] LogOutputStream:75 - [STDERR_REDIRECT] [Fatal Error] :1:1: Premature end of file.
2025-01-09 14:33:55,577 [ERROR] LogOutputStream:75 - [STDERR_REDIRECT] 
2025-01-09 14:33:55,592 [ERROR] LogOutputStream:75 - [STDERR_REDIRECT] [Fatal Error] :1:1: Premature end of file.
2025-01-09 14:33:55,592 [ERROR] LogOutputStream:75 - [STDERR_REDIRECT] 
2025-01-09 14:33:55,624 [ERROR] LogOutputStream:75 - [STDERR_REDIRECT] [Fatal Error] :1:1: Premature end of file.
2025-01-09 14:33:55,624 [ERROR] LogOutputStream:75 - [STDERR_REDIRECT] 
2025-01-09 14:33:55,639 [ERROR] LogOutputStream:75 - [STDERR_REDIRECT] [Fatal Error] :1:1: Premature end of file.
2025-01-09 14:33:55,639 [ERROR] LogOutputStream:75 - [STDERR_REDIRECT] 
2025-01-09 14:33:55,655 [ERROR] LogOutputStream:75 - [STDERR_REDIRECT] [Fatal Error] :1:1: Premature end of file.
2025-01-09 14:33:55,655 [ERROR] LogOutputStream:75 - [STDERR_REDIRECT] 
2025-01-09 14:33:55,687 [ERROR] LogOutputStream:75 - [STDERR_REDIRECT] [Fatal Error] :1:1: Premature end of file.
2025-01-09 14:33:55,687 [ERROR] LogOutputStream:75 - [STDERR_REDIRECT] 
2025-01-09 14:33:55,703 [ERROR] LogOutputStream:75 - [STDERR_REDIRECT] [Fatal Error] :1:1: Premature end of file.
2025-01-09 14:33:55,703 [ERROR] LogOutputStream:75 - [STDERR_REDIRECT] 
2025-01-09 14:33:55,719 [ERROR] LogOutputStream:75 - [STDERR_REDIRECT] [Fatal Error] :1:1: Premature end of file.
2025-01-09 14:33:55,719 [ERROR] LogOutputStream:75 - [STDERR_REDIRECT] 
2025-01-09 14:33:55,747 [ERROR] LogOutputStream:75 - [STDERR_REDIRECT] [Fatal Error] :1:1: Premature end of file.
2025-01-09 14:33:55,747 [ERROR] LogOutputStream:75 - [STDERR_REDIRECT] 
2025-01-09 14:33:55,767 [ERROR] LogOutputStream:75 - [STDERR_REDIRECT] [Fatal Error] :1:1: Premature end of file.
2025-01-09 14:33:55,767 [ERROR] LogOutputStream:75 - [STDERR_REDIRECT] 
2025-01-09 14:33:55,787 [ERROR] LogOutputStream:75 - [STDERR_REDIRECT] [Fatal Error] :1:1: Premature end of file.
2025-01-09 14:33:55,787 [ERROR] LogOutputStream:75 - [STDERR_REDIRECT] 
2025-01-09 14:33:55,807 [ERROR] LogOutputStream:75 - [STDERR_REDIRECT] [Fatal Error] :1:1: Premature end of file.
2025-01-09 14:33:55,807 [ERROR] LogOutputStream:75 - [STDERR_REDIRECT] 
2025-01-09 14:33:55,827 [ERROR] LogOutputStream:75 - [STDERR_REDIRECT] [Fatal Error] :1:1: Premature end of file.
2025-01-09 14:33:55,827 [ERROR] LogOutputStream:75 - [STDERR_REDIRECT] 
2025-01-09 14:33:55,847 [ERROR] LogOutputStream:75 - [STDERR_REDIRECT] [Fatal Error] :1:1: Premature end of file.
2025-01-09 14:33:55,848 [ERROR] LogOutputStream:75 - [STDERR_REDIRECT] 
2025-01-09 14:33:55,868 [ERROR] LogOutputStream:75 - [STDERR_REDIRECT] [Fatal Error] :1:1: Premature end of file.
2025-01-09 14:33:55,868 [ERROR] LogOutputStream:75 - [STDERR_REDIRECT] 
2025-01-09 14:33:55,886 [ERROR] LogOutputStream:75 - [STDERR_REDIRECT] [Fatal Error] :1:1: Premature end of file.
2025-01-09 14:33:55,886 [ERROR] LogOutputStream:75 - [STDERR_REDIRECT] 
2025-01-09 14:33:55,901 [ERROR] LogOutputStream:75 - [STDERR_REDIRECT] [Fatal Error] :1:1: Premature end of file.
2025-01-09 14:33:55,901 [ERROR] LogOutputStream:75 - [STDERR_REDIRECT] 
2025-01-09 14:33:55,917 [ERROR] LogOutputStream:75 - [STDERR_REDIRECT] [Fatal Error] :1:1: Premature end of file.
2025-01-09 14:33:55,917 [ERROR] LogOutputStream:75 - [STDERR_REDIRECT] 
2025-01-09 14:33:55,940 [ERROR] LogOutputStream:75 - [STDERR_REDIRECT] [Fatal Error] :1:1: Premature end of file.
2025-01-09 14:33:55,940 [ERROR] LogOutputStream:75 - [STDERR_REDIRECT] 
2025-01-09 14:33:55,965 [ERROR] LogOutputStream:75 - [STDERR_REDIRECT] [Fatal Error] :1:1: Premature end of file.
2025-01-09 14:33:55,965 [ERROR] LogOutputStream:75 - [STDERR_REDIRECT] 
2025-01-09 14:33:55,981 [ERROR] LogOutputStream:75 - [STDERR_REDIRECT] [Fatal Error] :1:1: Premature end of file.
2025-01-09 14:33:55,981 [ERROR] LogOutputStream:75 - [STDERR_REDIRECT] 
2025-01-09 14:33:55,996 [ERROR] LogOutputStream:75 - [STDERR_REDIRECT] [Fatal Error] :1:1: Premature end of file.
2025-01-09 14:33:55,996 [ERROR] LogOutputStream:75 - [STDERR_REDIRECT] 
2025-01-09 14:33:56,012 [ERROR] LogOutputStream:75 - [STDERR_REDIRECT] [Fatal Error] :1:1: Premature end of file.
2025-01-09 14:33:56,012 [ERROR] LogOutputStream:75 - [STDERR_REDIRECT] 
2025-01-09 14:33:56,044 [ERROR] LogOutputStream:75 - [STDERR_REDIRECT] [Fatal Error] :1:1: Premature end of file.
2025-01-09 14:33:56,044 [ERROR] LogOutputStream:75 - [STDERR_REDIRECT] 
2025-01-09 14:33:56,060 [ERROR] LogOutputStream:75 - [STDERR_REDIRECT] [Fatal Error] :1:1: Premature end of file.
2025-01-09 14:33:56,060 [ERROR] LogOutputStream:75 - [STDERR_REDIRECT] 
2025-01-09 14:33:56,089 [ERROR] LogOutputStream:75 - [STDERR_REDIRECT] [Fatal Error] :1:1: Premature end of file.
2025-01-09 14:33:56,089 [ERROR] LogOutputStream:75 - [STDERR_REDIRECT] 
2025-01-09 14:33:56,109 [ERROR] LogOutputStream:75 - [STDERR_REDIRECT] [Fatal Error] :1:1: Premature end of file.
2025-01-09 14:33:56,109 [ERROR] LogOutputStream:75 - [STDERR_REDIRECT] 
2025-01-09 14:33:56,130 [ERROR] LogOutputStream:75 - [STDERR_REDIRECT] [Fatal Error] :1:1: Premature end of file.
2025-01-09 14:33:56,131 [ERROR] LogOutputStream:75 - [STDERR_REDIRECT] 
2025-01-09 14:33:56,151 [ERROR] LogOutputStream:75 - [STDERR_REDIRECT] [Fatal Error] :1:1: Premature end of file.
2025-01-09 14:33:56,152 [ERROR] LogOutputStream:75 - [STDERR_REDIRECT] 
2025-01-09 14:33:56,157 [ERROR] LogOutputStream:75 - [STDERR_REDIRECT] [Fatal Error] :1:1: Premature end of file.
2025-01-09 14:33:56,157 [ERROR] LogOutputStream:75 - [STDERR_REDIRECT] 
2025-01-09 14:33:56,189 [ERROR] LogOutputStream:75 - [STDERR_REDIRECT] [Fatal Error] :1:1: Premature end of file.
2025-01-09 14:33:56,189 [ERROR] LogOutputStream:75 - [STDERR_REDIRECT] 
2025-01-09 14:33:56,204 [ERROR] LogOutputStream:75 - [STDERR_REDIRECT] [Fatal Error] :1:1: Premature end of file.
2025-01-09 14:33:56,204 [ERROR] LogOutputStream:75 - [STDERR_REDIRECT] 
2025-01-09 14:33:56,220 [ERROR] LogOutputStream:75 - [STDERR_REDIRECT] [Fatal Error] :1:1: Premature end of file.
2025-01-09 14:33:56,220 [ERROR] LogOutputStream:75 - [STDERR_REDIRECT] 
2025-01-09 14:33:56,252 [ERROR] LogOutputStream:75 - [STDERR_REDIRECT] [Fatal Error] :1:1: Premature end of file.
2025-01-09 14:33:56,252 [ERROR] LogOutputStream:75 - [STDERR_REDIRECT] 
2025-01-09 14:33:56,268 [ERROR] LogOutputStream:75 - [STDERR_REDIRECT] [Fatal Error] :1:1: Premature end of file.
2025-01-09 14:33:56,268 [ERROR] LogOutputStream:75 - [STDERR_REDIRECT] 
2025-01-09 14:33:56,284 [ERROR] LogOutputStream:75 - [STDERR_REDIRECT] [Fatal Error] :1:1: Premature end of file.
2025-01-09 14:33:56,284 [ERROR] LogOutputStream:75 - [STDERR_REDIRECT] 
2025-01-09 14:33:56,316 [ERROR] LogOutputStream:75 - [STDERR_REDIRECT] [Fatal Error] :1:1: Premature end of file.
2025-01-09 14:33:56,316 [ERROR] LogOutputStream:75 - [STDERR_REDIRECT] 
2025-01-09 14:33:56,332 [ERROR] LogOutputStream:75 - [STDERR_REDIRECT] [Fatal Error] :1:1: Premature end of file.
2025-01-09 14:33:56,332 [ERROR] LogOutputStream:75 - [STDERR_REDIRECT] 
2025-01-09 14:33:56,348 [ERROR] LogOutputStream:75 - [STDERR_REDIRECT] [Fatal Error] :1:1: Premature end of file.
2025-01-09 14:33:56,348 [ERROR] LogOutputStream:75 - [STDERR_REDIRECT] 
2025-01-09 14:33:56,380 [ERROR] LogOutputStream:75 - [STDERR_REDIRECT] [Fatal Error] :1:1: Premature end of file.
2025-01-09 14:33:56,380 [ERROR] LogOutputStream:75 - [STDERR_REDIRECT] 
2025-01-09 14:33:56,396 [ERROR] LogOutputStream:75 - [STDERR_REDIRECT] [Fatal Error] :1:1: Premature end of file.
2025-01-09 14:33:56,396 [ERROR] LogOutputStream:75 - [STDERR_REDIRECT] 
2025-01-09 14:33:56,411 [ERROR] LogOutputStream:75 - [STDERR_REDIRECT] [Fatal Error] :1:1: Premature end of file.
2025-01-09 14:33:56,411 [ERROR] LogOutputStream:75 - [STDERR_REDIRECT] 
2025-01-09 14:33:56,443 [ERROR] LogOutputStream:75 - [STDERR_REDIRECT] [Fatal Error] :1:1: Premature end of file.
2025-01-09 14:33:56,443 [ERROR] LogOutputStream:75 - [STDERR_REDIRECT] 
2025-01-09 14:33:56,459 [ERROR] LogOutputStream:75 - [STDERR_REDIRECT] [Fatal Error] :1:1: Premature end of file.
2025-01-09 14:33:56,459 [ERROR] LogOutputStream:75 - [STDERR_REDIRECT] 
2025-01-09 14:33:56,475 [ERROR] LogOutputStream:75 - [STDERR_REDIRECT] [Fatal Error] :1:1: Premature end of file.
2025-01-09 14:33:56,475 [ERROR] LogOutputStream:75 - [STDERR_REDIRECT] 
2025-01-09 14:33:56,507 [ERROR] LogOutputStream:75 - [STDERR_REDIRECT] [Fatal Error] :1:1: Premature end of file.
2025-01-09 14:33:56,507 [ERROR] LogOutputStream:75 - [STDERR_REDIRECT] 
2025-01-09 14:33:56,523 [ERROR] LogOutputStream:75 - [STDERR_REDIRECT] [Fatal Error] :1:1: Premature end of file.
2025-01-09 14:33:56,523 [ERROR] LogOutputStream:75 - [STDERR_REDIRECT] 
2025-01-09 14:33:56,554 [ERROR] LogOutputStream:75 - [STDERR_REDIRECT] [Fatal Error] :1:1: Premature end of file.
2025-01-09 14:33:56,554 [ERROR] LogOutputStream:75 - [STDERR_REDIRECT] 
2025-01-09 14:33:56,586 [ERROR] LogOutputStream:75 - [STDERR_REDIRECT] [Fatal Error] :1:1: Premature end of file.
2025-01-09 14:33:56,586 [ERROR] LogOutputStream:75 - [STDERR_REDIRECT] 
2025-01-09 14:33:56,617 [ERROR] LogOutputStream:75 - [STDERR_REDIRECT] [Fatal Error] :1:1: Premature end of file.
2025-01-09 14:33:56,617 [ERROR] LogOutputStream:75 - [STDERR_REDIRECT] 
2025-01-09 14:33:56,641 [ERROR] LogOutputStream:75 - [STDERR_REDIRECT] [Fatal Error] :1:1: Premature end of file.
2025-01-09 14:33:56,641 [ERROR] LogOutputStream:75 - [STDERR_REDIRECT] 
2025-01-09 14:33:56,665 [ERROR] LogOutputStream:75 - [STDERR_REDIRECT] [Fatal Error] :1:1: Premature end of file.
2025-01-09 14:33:56,665 [ERROR] LogOutputStream:75 - [STDERR_REDIRECT] 
2025-01-09 14:33:56,681 [ERROR] LogOutputStream:75 - [STDERR_REDIRECT] [Fatal Error] :1:1: Premature end of file.
2025-01-09 14:33:56,681 [ERROR] LogOutputStream:75 - [STDERR_REDIRECT] 
2025-01-09 14:33:56,696 [ERROR] LogOutputStream:75 - [STDERR_REDIRECT] [Fatal Error] :1:1: Premature end of file.
2025-01-09 14:33:56,696 [ERROR] LogOutputStream:75 - [STDERR_REDIRECT] 
2025-01-09 14:33:56,739 [ERROR] LogOutputStream:75 - [STDERR_REDIRECT] [Fatal Error] :1:1: Premature end of file.
2025-01-09 14:33:56,739 [ERROR] LogOutputStream:75 - [STDERR_REDIRECT] 
2025-01-09 14:33:56,761 [ERROR] LogOutputStream:75 - [STDERR_REDIRECT] [Fatal Error] :1:1: Premature end of file.
2025-01-09 14:33:56,761 [ERROR] LogOutputStream:75 - [STDERR_REDIRECT] 
2025-01-09 14:33:56,777 [ERROR] LogOutputStream:75 - [STDERR_REDIRECT] [Fatal Error] :1:1: Premature end of file.
2025-01-09 14:33:56,777 [ERROR] LogOutputStream:75 - [STDERR_REDIRECT] 
2025-01-09 14:33:56,806 [ERROR] LogOutputStream:75 - [STDERR_REDIRECT] [Fatal Error] :1:1: Premature end of file.
2025-01-09 14:33:56,806 [ERROR] LogOutputStream:75 - [STDERR_REDIRECT] 
2025-01-09 14:33:56,825 [ERROR] LogOutputStream:75 - [STDERR_REDIRECT] [Fatal Error] :1:1: Premature end of file.
2025-01-09 14:33:56,825 [ERROR] LogOutputStream:75 - [STDERR_REDIRECT] 
2025-01-09 14:33:56,841 [ERROR] LogOutputStream:75 - [STDERR_REDIRECT] [Fatal Error] :1:1: Premature end of file.
2025-01-09 14:33:56,841 [ERROR] LogOutputStream:75 - [STDERR_REDIRECT] 
2025-01-09 14:33:56,854 [INFO] WebApp:187 - Connection restablished
2025-01-09 14:33:56,872 [ERROR] LogOutputStream:75 - [STDERR_REDIRECT] [Fatal Error] :1:1: Premature end of file.
2025-01-09 14:33:56,872 [ERROR] LogOutputStream:75 - [STDERR_REDIRECT] 
2025-01-09 14:33:56,888 [ERROR] LogOutputStream:75 - [STDERR_REDIRECT] [Fatal Error] :1:1: Premature end of file.
2025-01-09 14:33:56,888 [ERROR] LogOutputStream:75 - [STDERR_REDIRECT] 
2025-01-09 14:33:56,915 [ERROR] LogOutputStream:75 - [STDERR_REDIRECT] [Fatal Error] :1:1: Premature end of file.
2025-01-09 14:33:56,915 [ERROR] LogOutputStream:75 - [STDERR_REDIRECT] 
2025-01-09 14:33:56,935 [ERROR] LogOutputStream:75 - [STDERR_REDIRECT] [Fatal Error] :1:1: Premature end of file.
2025-01-09 14:33:56,935 [ERROR] LogOutputStream:75 - [STDERR_REDIRECT] 
2025-01-09 14:33:56,951 [ERROR] LogOutputStream:75 - [STDERR_REDIRECT] [Fatal Error] :1:1: Premature end of file.
2025-01-09 14:33:56,951 [ERROR] LogOutputStream:75 - [STDERR_REDIRECT] 
2025-01-09 14:33:56,971 [ERROR] LogOutputStream:75 - [STDERR_REDIRECT] [Fatal Error] :1:1: Premature end of file.
2025-01-09 14:33:56,971 [ERROR] LogOutputStream:75 - [STDERR_REDIRECT] 
2025-01-09 14:33:56,998 [ERROR] LogOutputStream:75 - [STDERR_REDIRECT] [Fatal Error] :1:1: Premature end of file.
2025-01-09 14:33:56,998 [ERROR] LogOutputStream:75 - [STDERR_REDIRECT] 
2025-01-09 14:33:57,014 [ERROR] LogOutputStream:75 - [STDERR_REDIRECT] [Fatal Error] :1:1: Premature end of file.
2025-01-09 14:33:57,014 [ERROR] LogOutputStream:75 - [STDERR_REDIRECT] 
2025-01-09 14:33:57,041 [ERROR] LogOutputStream:75 - [STDERR_REDIRECT] [Fatal Error] :1:1: Premature end of file.
2025-01-09 14:33:57,041 [ERROR] LogOutputStream:75 - [STDERR_REDIRECT] 
2025-01-09 14:33:57,061 [ERROR] LogOutputStream:75 - [STDERR_REDIRECT] [Fatal Error] :1:1: Premature end of file.
2025-01-09 14:33:57,061 [ERROR] LogOutputStream:75 - [STDERR_REDIRECT] 
2025-01-09 14:33:57,103 [ERROR] LogOutputStream:75 - [STDERR_REDIRECT] [Fatal Error] :1:1: Premature end of file.
2025-01-09 14:33:57,103 [ERROR] LogOutputStream:75 - [STDERR_REDIRECT] 
2025-01-09 14:33:57,127 [ERROR] LogOutputStream:75 - [STDERR_REDIRECT] [Fatal Error] :1:1: Premature end of file.
2025-01-09 14:33:57,127 [ERROR] LogOutputStream:75 - [STDERR_REDIRECT] 
2025-01-09 14:33:57,141 [ERROR] LogOutputStream:75 - [STDERR_REDIRECT] [Fatal Error] :1:1: Premature end of file.
2025-01-09 14:33:57,141 [ERROR] LogOutputStream:75 - [STDERR_REDIRECT] 
2025-01-09 14:33:57,172 [ERROR] LogOutputStream:75 - [STDERR_REDIRECT] [Fatal Error] :1:1: Premature end of file.
2025-01-09 14:33:57,172 [ERROR] LogOutputStream:75 - [STDERR_REDIRECT] 
2025-01-09 14:33:57,201 [ERROR] LogOutputStream:75 - [STDERR_REDIRECT] [Fatal Error] :1:1: Premature end of file.
2025-01-09 14:33:57,203 [ERROR] LogOutputStream:75 - [STDERR_REDIRECT] 
2025-01-09 14:33:57,225 [ERROR] LogOutputStream:75 - [STDERR_REDIRECT] [Fatal Error] :1:1: Premature end of file.
2025-01-09 14:33:57,225 [ERROR] LogOutputStream:75 - [STDERR_REDIRECT] 
2025-01-09 14:33:57,249 [ERROR] LogOutputStream:75 - [STDERR_REDIRECT] [Fatal Error] :1:1: Premature end of file.
2025-01-09 14:33:57,249 [ERROR] LogOutputStream:75 - [STDERR_REDIRECT] 
2025-01-09 14:33:57,272 [ERROR] LogOutputStream:75 - [STDERR_REDIRECT] [Fatal Error] :1:1: Premature end of file.
2025-01-09 14:33:57,272 [ERROR] LogOutputStream:75 - [STDERR_REDIRECT] 
2025-01-09 14:33:57,286 [ERROR] LogOutputStream:75 - [STDERR_REDIRECT] [Fatal Error] :1:1: Premature end of file.
2025-01-09 14:33:57,286 [ERROR] LogOutputStream:75 - [STDERR_REDIRECT] 
2025-01-09 14:33:57,319 [ERROR] LogOutputStream:75 - [STDERR_REDIRECT] [Fatal Error] :1:1: Premature end of file.
2025-01-09 14:33:57,319 [ERROR] LogOutputStream:75 - [STDERR_REDIRECT] 
2025-01-09 14:33:57,341 [ERROR] LogOutputStream:75 - [STDERR_REDIRECT] [Fatal Error] :1:1: Premature end of file.
2025-01-09 14:33:57,341 [ERROR] LogOutputStream:75 - [STDERR_REDIRECT] 
2025-01-09 14:33:57,365 [ERROR] LogOutputStream:75 - [STDERR_REDIRECT] [Fatal Error] :1:1: Premature end of file.
2025-01-09 14:33:57,365 [ERROR] LogOutputStream:75 - [STDERR_REDIRECT] 
2025-01-09 14:33:57,378 [ERROR] LogOutputStream:75 - [STDERR_REDIRECT] [Fatal Error] :1:1: Premature end of file.
2025-01-09 14:33:57,378 [ERROR] LogOutputStream:75 - [STDERR_REDIRECT] 
2025-01-09 14:33:57,395 [ERROR] LogOutputStream:75 - [STDERR_REDIRECT] [Fatal Error] :1:1: Premature end of file.
2025-01-09 14:33:57,395 [ERROR] LogOutputStream:75 - [STDERR_REDIRECT] 
2025-01-09 14:33:57,426 [ERROR] LogOutputStream:75 - [STDERR_REDIRECT] [Fatal Error] :1:1: Premature end of file.
2025-01-09 14:33:57,426 [ERROR] LogOutputStream:75 - [STDERR_REDIRECT] 
2025-01-09 14:33:57,442 [ERROR] LogOutputStream:75 - [STDERR_REDIRECT] [Fatal Error] :1:1: Premature end of file.
2025-01-09 14:33:57,442 [ERROR] LogOutputStream:75 - [STDERR_REDIRECT] 
2025-01-09 14:33:57,474 [ERROR] LogOutputStream:75 - [STDERR_REDIRECT] [Fatal Error] :1:1: Premature end of file.
2025-01-09 14:33:57,474 [ERROR] LogOutputStream:75 - [STDERR_REDIRECT] 
2025-01-09 14:33:57,490 [ERROR] LogOutputStream:75 - [STDERR_REDIRECT] [Fatal Error] :1:1: Premature end of file.
2025-01-09 14:33:57,490 [ERROR] LogOutputStream:75 - [STDERR_REDIRECT] 
2025-01-09 14:33:57,513 [ERROR] LogOutputStream:75 - [STDERR_REDIRECT] [Fatal Error] :1:1: Premature end of file.
2025-01-09 14:33:57,513 [ERROR] LogOutputStream:75 - [STDERR_REDIRECT] 
2025-01-09 14:33:57,540 [ERROR] LogOutputStream:75 - [STDERR_REDIRECT] [Fatal Error] :1:1: Premature end of file.
2025-01-09 14:33:57,540 [ERROR] LogOutputStream:75 - [STDERR_REDIRECT] 
2025-01-09 14:33:57,553 [ERROR] LogOutputStream:75 - [STDERR_REDIRECT] [Fatal Error] :1:1: Premature end of file.
2025-01-09 14:33:57,553 [ERROR] LogOutputStream:75 - [STDERR_REDIRECT] 
2025-01-09 14:33:57,585 [ERROR] LogOutputStream:75 - [STDERR_REDIRECT] [Fatal Error] :1:1: Premature end of file.
2025-01-09 14:33:57,585 [ERROR] LogOutputStream:75 - [STDERR_REDIRECT] 
2025-01-09 14:33:57,601 [ERROR] LogOutputStream:75 - [STDERR_REDIRECT] [Fatal Error] :1:1: Premature end of file.
2025-01-09 14:33:57,601 [ERROR] LogOutputStream:75 - [STDERR_REDIRECT] 
2025-01-09 14:33:57,633 [ERROR] LogOutputStream:75 - [STDERR_REDIRECT] [Fatal Error] :1:1: Premature end of file.
2025-01-09 14:33:57,633 [ERROR] LogOutputStream:75 - [STDERR_REDIRECT] 
2025-01-09 14:33:57,652 [ERROR] LogOutputStream:75 - [STDERR_REDIRECT] [Fatal Error] :1:1: Premature end of file.
2025-01-09 14:33:57,652 [ERROR] LogOutputStream:75 - [STDERR_REDIRECT] 
2025-01-09 14:33:57,672 [ERROR] LogOutputStream:75 - [STDERR_REDIRECT] [Fatal Error] :1:1: Premature end of file.
2025-01-09 14:33:57,672 [ERROR] LogOutputStream:75 - [STDERR_REDIRECT] 
2025-01-09 14:33:57,696 [ERROR] LogOutputStream:75 - [STDERR_REDIRECT] [Fatal Error] :1:1: Premature end of file.
2025-01-09 14:33:57,696 [ERROR] LogOutputStream:75 - [STDERR_REDIRECT] 
2025-01-09 14:33:57,712 [ERROR] LogOutputStream:75 - [STDERR_REDIRECT] [Fatal Error] :1:1: Premature end of file.
2025-01-09 14:33:57,712 [ERROR] LogOutputStream:75 - [STDERR_REDIRECT] 
2025-01-09 14:33:57,736 [ERROR] LogOutputStream:75 - [STDERR_REDIRECT] [Fatal Error] :1:1: Premature end of file.
2025-01-09 14:33:57,738 [ERROR] LogOutputStream:75 - [STDERR_REDIRECT] 
2025-01-09 14:33:57,748 [ERROR] LogOutputStream:75 - [STDERR_REDIRECT] [Fatal Error] :1:1: Premature end of file.
2025-01-09 14:33:57,748 [ERROR] LogOutputStream:75 - [STDERR_REDIRECT] 
2025-01-09 14:33:57,777 [ERROR] LogOutputStream:75 - [STDERR_REDIRECT] [Fatal Error] :1:1: Premature end of file.
2025-01-09 14:33:57,777 [ERROR] LogOutputStream:75 - [STDERR_REDIRECT] 
2025-01-09 14:33:57,791 [ERROR] LogOutputStream:75 - [STDERR_REDIRECT] [Fatal Error] :1:1: Premature end of file.
2025-01-09 14:33:57,791 [ERROR] LogOutputStream:75 - [STDERR_REDIRECT] 
2025-01-09 14:33:57,810 [ERROR] LogOutputStream:75 - [STDERR_REDIRECT] [Fatal Error] :1:1: Premature end of file.
2025-01-09 14:33:57,810 [ERROR] LogOutputStream:75 - [STDERR_REDIRECT] 
2025-01-09 14:33:57,839 [ERROR] LogOutputStream:75 - [STDERR_REDIRECT] [Fatal Error] :1:1: Premature end of file.
2025-01-09 14:33:57,839 [ERROR] LogOutputStream:75 - [STDERR_REDIRECT] 
2025-01-09 14:33:57,859 [ERROR] LogOutputStream:75 - [STDERR_REDIRECT] [Fatal Error] :1:1: Premature end of file.
2025-01-09 14:33:57,859 [ERROR] LogOutputStream:75 - [STDERR_REDIRECT] 
2025-01-09 14:33:57,876 [ERROR] LogOutputStream:75 - [STDERR_REDIRECT] [Fatal Error] :1:1: Premature end of file.
2025-01-09 14:33:57,876 [ERROR] LogOutputStream:75 - [STDERR_REDIRECT] 
2025-01-09 14:33:57,898 [ERROR] LogOutputStream:75 - [STDERR_REDIRECT] [Fatal Error] :1:1: Premature end of file.
2025-01-09 14:33:57,898 [ERROR] LogOutputStream:75 - [STDERR_REDIRECT] 
2025-01-09 14:33:57,918 [ERROR] LogOutputStream:75 - [STDERR_REDIRECT] [Fatal Error] :1:1: Premature end of file.
2025-01-09 14:33:57,918 [ERROR] LogOutputStream:75 - [STDERR_REDIRECT] 
2025-01-09 14:33:57,934 [ERROR] LogOutputStream:75 - [STDERR_REDIRECT] [Fatal Error] :1:1: Premature end of file.
2025-01-09 14:33:57,934 [ERROR] LogOutputStream:75 - [STDERR_REDIRECT] 
2025-01-09 14:33:57,950 [ERROR] LogOutputStream:75 - [STDERR_REDIRECT] [Fatal Error] :1:1: Premature end of file.
2025-01-09 14:33:57,950 [ERROR] LogOutputStream:75 - [STDERR_REDIRECT] 
2025-01-09 14:33:57,981 [ERROR] LogOutputStream:75 - [STDERR_REDIRECT] [Fatal Error] :1:1: Premature end of file.
2025-01-09 14:33:57,981 [ERROR] LogOutputStream:75 - [STDERR_REDIRECT] 
2025-01-09 14:33:57,997 [ERROR] LogOutputStream:75 - [STDERR_REDIRECT] [Fatal Error] :1:1: Premature end of file.
2025-01-09 14:33:57,997 [ERROR] LogOutputStream:75 - [STDERR_REDIRECT] 
2025-01-09 14:33:58,017 [ERROR] LogOutputStream:75 - [STDERR_REDIRECT] [Fatal Error] :1:1: Premature end of file.
2025-01-09 14:33:58,017 [ERROR] LogOutputStream:75 - [STDERR_REDIRECT] 
2025-01-09 14:33:58,044 [ERROR] LogOutputStream:75 - [STDERR_REDIRECT] [Fatal Error] :1:1: Premature end of file.
2025-01-09 14:33:58,044 [ERROR] LogOutputStream:75 - [STDERR_REDIRECT] 
2025-01-09 14:33:58,060 [ERROR] LogOutputStream:75 - [STDERR_REDIRECT] [Fatal Error] :1:1: Premature end of file.
2025-01-09 14:33:58,060 [ERROR] LogOutputStream:75 - [STDERR_REDIRECT] 
2025-01-09 14:33:58,076 [ERROR] LogOutputStream:75 - [STDERR_REDIRECT] [Fatal Error] :1:1: Premature end of file.
2025-01-09 14:33:58,076 [ERROR] LogOutputStream:75 - [STDERR_REDIRECT] 
2025-01-09 14:33:58,108 [ERROR] LogOutputStream:75 - [STDERR_REDIRECT] [Fatal Error] :1:1: Premature end of file.
2025-01-09 14:33:58,108 [ERROR] LogOutputStream:75 - [STDERR_REDIRECT] 
2025-01-09 14:33:58,124 [ERROR] LogOutputStream:75 - [STDERR_REDIRECT] [Fatal Error] :1:1: Premature end of file.
2025-01-09 14:33:58,124 [ERROR] LogOutputStream:75 - [STDERR_REDIRECT] 
2025-01-09 14:33:58,143 [ERROR] LogOutputStream:75 - [STDERR_REDIRECT] [Fatal Error] :1:1: Premature end of file.
2025-01-09 14:33:58,143 [ERROR] LogOutputStream:75 - [STDERR_REDIRECT] 
2025-01-09 14:33:58,156 [ERROR] LogOutputStream:75 - [STDERR_REDIRECT] [Fatal Error] :1:1: Premature end of file.
2025-01-09 14:33:58,156 [ERROR] LogOutputStream:75 - [STDERR_REDIRECT] 
2025-01-09 14:33:58,187 [ERROR] LogOutputStream:75 - [STDERR_REDIRECT] [Fatal Error] :1:1: Premature end of file.
2025-01-09 14:33:58,187 [ERROR] LogOutputStream:75 - [STDERR_REDIRECT] 
2025-01-09 14:33:58,203 [ERROR] LogOutputStream:75 - [STDERR_REDIRECT] [Fatal Error] :1:1: Premature end of file.
2025-01-09 14:33:58,203 [ERROR] LogOutputStream:75 - [STDERR_REDIRECT] 
2025-01-09 14:33:58,235 [ERROR] LogOutputStream:75 - [STDERR_REDIRECT] [Fatal Error] :1:1: Premature end of file.
2025-01-09 14:33:58,235 [ERROR] LogOutputStream:75 - [STDERR_REDIRECT] 
2025-01-09 14:33:58,251 [ERROR] LogOutputStream:75 - [STDERR_REDIRECT] [Fatal Error] :1:1: Premature end of file.
2025-01-09 14:33:58,251 [ERROR] LogOutputStream:75 - [STDERR_REDIRECT] 
2025-01-09 14:33:58,279 [ERROR] LogOutputStream:75 - [STDERR_REDIRECT] [Fatal Error] :1:1: Premature end of file.
2025-01-09 14:33:58,281 [ERROR] LogOutputStream:75 - [STDERR_REDIRECT] 
2025-01-09 14:33:58,298 [ERROR] LogOutputStream:75 - [STDERR_REDIRECT] [Fatal Error] :1:1: Premature end of file.
2025-01-09 14:33:58,298 [ERROR] LogOutputStream:75 - [STDERR_REDIRECT] 
2025-01-09 14:33:58,314 [ERROR] LogOutputStream:75 - [STDERR_REDIRECT] [Fatal Error] :1:1: Premature end of file.
2025-01-09 14:33:58,314 [ERROR] LogOutputStream:75 - [STDERR_REDIRECT] 
2025-01-09 14:33:58,341 [ERROR] LogOutputStream:75 - [STDERR_REDIRECT] [Fatal Error] :1:1: Premature end of file.
2025-01-09 14:33:58,343 [ERROR] LogOutputStream:75 - [STDERR_REDIRECT] 
2025-01-09 14:33:58,361 [ERROR] LogOutputStream:75 - [STDERR_REDIRECT] [Fatal Error] :1:1: Premature end of file.
2025-01-09 14:33:58,361 [ERROR] LogOutputStream:75 - [STDERR_REDIRECT] 
2025-01-09 14:33:58,377 [ERROR] LogOutputStream:75 - [STDERR_REDIRECT] [Fatal Error] :1:1: Premature end of file.
2025-01-09 14:33:58,377 [ERROR] LogOutputStream:75 - [STDERR_REDIRECT] 
2025-01-09 14:33:58,396 [ERROR] LogOutputStream:75 - [STDERR_REDIRECT] [Fatal Error] :1:1: Premature end of file.
2025-01-09 14:33:58,396 [ERROR] LogOutputStream:75 - [STDERR_REDIRECT] 
2025-01-09 14:33:58,429 [ERROR] LogOutputStream:75 - [STDERR_REDIRECT] [Fatal Error] :1:1: Premature end of file.
2025-01-09 14:33:58,429 [ERROR] LogOutputStream:75 - [STDERR_REDIRECT] 
2025-01-09 14:33:58,443 [ERROR] LogOutputStream:75 - [STDERR_REDIRECT] [Fatal Error] :1:1: Premature end of file.
2025-01-09 14:33:58,443 [ERROR] LogOutputStream:75 - [STDERR_REDIRECT] 
2025-01-09 14:33:58,457 [ERROR] LogOutputStream:75 - [STDERR_REDIRECT] [Fatal Error] :1:1: Premature end of file.
2025-01-09 14:33:58,457 [ERROR] LogOutputStream:75 - [STDERR_REDIRECT] 
2025-01-09 14:33:58,491 [ERROR] LogOutputStream:75 - [STDERR_REDIRECT] [Fatal Error] :1:1: Premature end of file.
2025-01-09 14:33:58,491 [ERROR] LogOutputStream:75 - [STDERR_REDIRECT] 
2025-01-09 14:33:58,504 [ERROR] LogOutputStream:75 - [STDERR_REDIRECT] [Fatal Error] :1:1: Premature end of file.
2025-01-09 14:33:58,504 [ERROR] LogOutputStream:75 - [STDERR_REDIRECT] 
2025-01-09 14:33:58,531 [ERROR] LogOutputStream:75 - [STDERR_REDIRECT] [Fatal Error] :1:1: Premature end of file.
2025-01-09 14:33:58,531 [ERROR] LogOutputStream:75 - [STDERR_REDIRECT] 
2025-01-09 14:33:58,552 [ERROR] LogOutputStream:75 - [STDERR_REDIRECT] [Fatal Error] :1:1: Premature end of file.
2025-01-09 14:33:58,552 [ERROR] LogOutputStream:75 - [STDERR_REDIRECT] 
2025-01-09 14:33:58,577 [ERROR] LogOutputStream:75 - [STDERR_REDIRECT] [Fatal Error] :1:1: Premature end of file.
2025-01-09 14:33:58,577 [ERROR] LogOutputStream:75 - [STDERR_REDIRECT] 
2025-01-09 14:33:58,605 [ERROR] LogOutputStream:75 - [STDERR_REDIRECT] [Fatal Error] :1:1: Premature end of file.
2025-01-09 14:33:58,605 [ERROR] LogOutputStream:75 - [STDERR_REDIRECT] 
2025-01-09 14:33:58,631 [ERROR] LogOutputStream:75 - [STDERR_REDIRECT] [Fatal Error] :1:1: Premature end of file.
2025-01-09 14:33:58,631 [ERROR] LogOutputStream:75 - [STDERR_REDIRECT] 
2025-01-09 14:33:58,649 [ERROR] LogOutputStream:75 - [STDERR_REDIRECT] [Fatal Error] :1:1: Premature end of file.
2025-01-09 14:33:58,649 [ERROR] LogOutputStream:75 - [STDERR_REDIRECT] 
2025-01-09 14:33:58,678 [ERROR] LogOutputStream:75 - [STDERR_REDIRECT] [Fatal Error] :1:1: Premature end of file.
2025-01-09 14:33:58,678 [ERROR] LogOutputStream:75 - [STDERR_REDIRECT] 
2025-01-09 14:33:58,701 [ERROR] LogOutputStream:75 - [STDERR_REDIRECT] [Fatal Error] :1:1: Premature end of file.
2025-01-09 14:33:58,701 [ERROR] LogOutputStream:75 - [STDERR_REDIRECT] 
2025-01-09 14:33:58,721 [ERROR] LogOutputStream:75 - [STDERR_REDIRECT] [Fatal Error] :1:1: Premature end of file.
2025-01-09 14:33:58,721 [ERROR] LogOutputStream:75 - [STDERR_REDIRECT] 
2025-01-09 14:33:58,745 [ERROR] LogOutputStream:75 - [STDERR_REDIRECT] [Fatal Error] :1:1: Premature end of file.
2025-01-09 14:33:58,745 [ERROR] LogOutputStream:75 - [STDERR_REDIRECT] 
2025-01-09 14:33:58,764 [ERROR] LogOutputStream:75 - [STDERR_REDIRECT] [Fatal Error] :1:1: Premature end of file.
2025-01-09 14:33:58,765 [ERROR] LogOutputStream:75 - [STDERR_REDIRECT] 
2025-01-09 14:33:58,784 [ERROR] LogOutputStream:75 - [STDERR_REDIRECT] [Fatal Error] :1:1: Premature end of file.
2025-01-09 14:33:58,784 [ERROR] LogOutputStream:75 - [STDERR_REDIRECT] 
2025-01-09 14:33:58,803 [ERROR] LogOutputStream:75 - [STDERR_REDIRECT] [Fatal Error] :1:1: Premature end of file.
2025-01-09 14:33:58,803 [ERROR] LogOutputStream:75 - [STDERR_REDIRECT] 
2025-01-09 14:33:58,823 [ERROR] LogOutputStream:75 - [STDERR_REDIRECT] [Fatal Error] :1:1: Premature end of file.
2025-01-09 14:33:58,823 [ERROR] LogOutputStream:75 - [STDERR_REDIRECT] 
2025-01-09 14:33:58,841 [ERROR] LogOutputStream:75 - [STDERR_REDIRECT] [Fatal Error] :1:1: Premature end of file.
2025-01-09 14:33:58,841 [ERROR] LogOutputStream:75 - [STDERR_REDIRECT] 
2025-01-09 14:33:58,859 [ERROR] LogOutputStream:75 - [STDERR_REDIRECT] [Fatal Error] :1:1: Premature end of file.
2025-01-09 14:33:58,860 [ERROR] LogOutputStream:75 - [STDERR_REDIRECT] 
2025-01-09 14:33:58,878 [ERROR] LogOutputStream:75 - [STDERR_REDIRECT] [Fatal Error] :1:1: Premature end of file.
2025-01-09 14:33:58,878 [ERROR] LogOutputStream:75 - [STDERR_REDIRECT] 
2025-01-09 14:33:58,895 [ERROR] LogOutputStream:75 - [STDERR_REDIRECT] [Fatal Error] :1:1: Premature end of file.
2025-01-09 14:33:58,895 [ERROR] LogOutputStream:75 - [STDERR_REDIRECT] 
2025-01-09 14:33:58,906 [ERROR] LogOutputStream:75 - [STDERR_REDIRECT] [Fatal Error] :1:1: Premature end of file.
2025-01-09 14:33:58,906 [ERROR] LogOutputStream:75 - [STDERR_REDIRECT] 
2025-01-09 14:33:58,921 [ERROR] LogOutputStream:75 - [STDERR_REDIRECT] [Fatal Error] :1:1: Premature end of file.
2025-01-09 14:33:58,921 [ERROR] LogOutputStream:75 - [STDERR_REDIRECT] 
2025-01-09 14:33:58,944 [ERROR] LogOutputStream:75 - [STDERR_REDIRECT] [Fatal Error] :1:1: Premature end of file.
2025-01-09 14:33:58,944 [ERROR] LogOutputStream:75 - [STDERR_REDIRECT] 
2025-01-09 14:33:58,957 [ERROR] LogOutputStream:75 - [STDERR_REDIRECT] [Fatal Error] :1:1: Premature end of file.
2025-01-09 14:33:58,957 [ERROR] LogOutputStream:75 - [STDERR_REDIRECT] 
2025-01-09 14:33:58,985 [ERROR] LogOutputStream:75 - [STDERR_REDIRECT] [Fatal Error] :1:1: Premature end of file.
2025-01-09 14:33:58,985 [ERROR] LogOutputStream:75 - [STDERR_REDIRECT] 
2025-01-09 14:33:59,001 [ERROR] LogOutputStream:75 - [STDERR_REDIRECT] [Fatal Error] :1:1: Premature end of file.
2025-01-09 14:33:59,001 [ERROR] LogOutputStream:75 - [STDERR_REDIRECT] 
2025-01-09 14:33:59,017 [ERROR] LogOutputStream:75 - [STDERR_REDIRECT] [Fatal Error] :1:1: Premature end of file.
2025-01-09 14:33:59,017 [ERROR] LogOutputStream:75 - [STDERR_REDIRECT] 
2025-01-09 14:33:59,040 [ERROR] LogOutputStream:75 - [STDERR_REDIRECT] [Fatal Error] :1:1: Premature end of file.
2025-01-09 14:33:59,040 [ERROR] LogOutputStream:75 - [STDERR_REDIRECT] 
2025-01-09 14:33:59,052 [ERROR] LogOutputStream:75 - [STDERR_REDIRECT] [Fatal Error] :1:1: Premature end of file.
2025-01-09 14:33:59,052 [ERROR] LogOutputStream:75 - [STDERR_REDIRECT] 
2025-01-09 14:33:59,080 [ERROR] LogOutputStream:75 - [STDERR_REDIRECT] [Fatal Error] :1:1: Premature end of file.
2025-01-09 14:33:59,080 [ERROR] LogOutputStream:75 - [STDERR_REDIRECT] 
2025-01-09 14:33:59,096 [ERROR] LogOutputStream:75 - [STDERR_REDIRECT] [Fatal Error] :1:1: Premature end of file.
2025-01-09 14:33:59,096 [ERROR] LogOutputStream:75 - [STDERR_REDIRECT] 
2025-01-09 14:33:59,112 [ERROR] LogOutputStream:75 - [STDERR_REDIRECT] [Fatal Error] :1:1: Premature end of file.
2025-01-09 14:33:59,112 [ERROR] LogOutputStream:75 - [STDERR_REDIRECT] 
2025-01-09 14:33:59,127 [ERROR] LogOutputStream:75 - [STDERR_REDIRECT] [Fatal Error] :1:1: Premature end of file.
2025-01-09 14:33:59,127 [ERROR] LogOutputStream:75 - [STDERR_REDIRECT] 
2025-01-09 14:33:59,146 [ERROR] LogOutputStream:75 - [STDERR_REDIRECT] [Fatal Error] :1:1: Premature end of file.
2025-01-09 14:33:59,146 [ERROR] LogOutputStream:75 - [STDERR_REDIRECT] 
2025-01-09 14:33:59,172 [ERROR] LogOutputStream:75 - [STDERR_REDIRECT] [Fatal Error] :1:1: Premature end of file.
2025-01-09 14:33:59,172 [ERROR] LogOutputStream:75 - [STDERR_REDIRECT] 
2025-01-09 14:33:59,175 [ERROR] LogOutputStream:75 - [STDERR_REDIRECT] [Fatal Error] :1:1: Premature end of file.
2025-01-09 14:33:59,175 [ERROR] LogOutputStream:75 - [STDERR_REDIRECT] 
2025-01-09 14:33:59,209 [ERROR] LogOutputStream:75 - [STDERR_REDIRECT] [Fatal Error] :1:1: Premature end of file.
2025-01-09 14:33:59,209 [ERROR] LogOutputStream:75 - [STDERR_REDIRECT] 
2025-01-09 14:33:59,223 [ERROR] LogOutputStream:75 - [STDERR_REDIRECT] [Fatal Error] :1:1: Premature end of file.
2025-01-09 14:33:59,223 [ERROR] LogOutputStream:75 - [STDERR_REDIRECT] 
2025-01-09 14:33:59,239 [ERROR] LogOutputStream:75 - [STDERR_REDIRECT] [Fatal Error] :1:1: Premature end of file.
2025-01-09 14:33:59,239 [ERROR] LogOutputStream:75 - [STDERR_REDIRECT] 
2025-01-09 14:33:59,261 [ERROR] LogOutputStream:75 - [STDERR_REDIRECT] [Fatal Error] :1:1: Premature end of file.
2025-01-09 14:33:59,261 [ERROR] LogOutputStream:75 - [STDERR_REDIRECT] 
2025-01-09 14:33:59,270 [ERROR] LogOutputStream:75 - [STDERR_REDIRECT] [Fatal Error] :1:1: Premature end of file.
2025-01-09 14:33:59,270 [ERROR] LogOutputStream:75 - [STDERR_REDIRECT] 
2025-01-09 14:33:59,291 [ERROR] LogOutputStream:75 - [STDERR_REDIRECT] [Fatal Error] :1:1: Premature end of file.
2025-01-09 14:33:59,291 [ERROR] LogOutputStream:75 - [STDERR_REDIRECT] 
2025-01-09 14:33:59,302 [ERROR] LogOutputStream:75 - [STDERR_REDIRECT] [Fatal Error] :1:1: Premature end of file.
2025-01-09 14:33:59,302 [ERROR] LogOutputStream:75 - [STDERR_REDIRECT] 
2025-01-09 14:33:59,333 [ERROR] LogOutputStream:75 - [STDERR_REDIRECT] [Fatal Error] :1:1: Premature end of file.
2025-01-09 14:33:59,333 [ERROR] LogOutputStream:75 - [STDERR_REDIRECT] 
2025-01-09 14:33:59,352 [ERROR] LogOutputStream:75 - [STDERR_REDIRECT] [Fatal Error] :1:1: Premature end of file.
2025-01-09 14:33:59,352 [ERROR] LogOutputStream:75 - [STDERR_REDIRECT] 
2025-01-09 14:33:59,370 [ERROR] LogOutputStream:75 - [STDERR_REDIRECT] [Fatal Error] :1:1: Premature end of file.
2025-01-09 14:33:59,370 [ERROR] LogOutputStream:75 - [STDERR_REDIRECT] 
2025-01-09 14:33:59,394 [ERROR] LogOutputStream:75 - [STDERR_REDIRECT] [Fatal Error] :1:1: Premature end of file.
2025-01-09 14:33:59,394 [ERROR] LogOutputStream:75 - [STDERR_REDIRECT] 
2025-01-09 14:33:59,414 [ERROR] LogOutputStream:75 - [STDERR_REDIRECT] [Fatal Error] :1:1: Premature end of file.
2025-01-09 14:33:59,414 [ERROR] LogOutputStream:75 - [STDERR_REDIRECT] 
2025-01-09 14:33:59,434 [ERROR] LogOutputStream:75 - [STDERR_REDIRECT] [Fatal Error] :1:1: Premature end of file.
2025-01-09 14:33:59,434 [ERROR] LogOutputStream:75 - [STDERR_REDIRECT] 
2025-01-09 14:33:59,454 [ERROR] LogOutputStream:75 - [STDERR_REDIRECT] [Fatal Error] :1:1: Premature end of file.
2025-01-09 14:33:59,455 [ERROR] LogOutputStream:75 - [STDERR_REDIRECT] 
2025-01-09 14:33:59,475 [ERROR] LogOutputStream:75 - [STDERR_REDIRECT] [Fatal Error] :1:1: Premature end of file.
2025-01-09 14:33:59,475 [ERROR] LogOutputStream:75 - [STDERR_REDIRECT] 
2025-01-09 14:33:59,495 [ERROR] LogOutputStream:75 - [STDERR_REDIRECT] [Fatal Error] :1:1: Premature end of file.
2025-01-09 14:33:59,495 [ERROR] LogOutputStream:75 - [STDERR_REDIRECT] 
2025-01-09 14:33:59,514 [ERROR] LogOutputStream:75 - [STDERR_REDIRECT] [Fatal Error] :1:1: Premature end of file.
2025-01-09 14:33:59,514 [ERROR] LogOutputStream:75 - [STDERR_REDIRECT] 
2025-01-09 14:33:59,525 [ERROR] LogOutputStream:75 - [STDERR_REDIRECT] [Fatal Error] :1:1: Premature end of file.
2025-01-09 14:33:59,525 [ERROR] LogOutputStream:75 - [STDERR_REDIRECT] 
2025-01-09 14:33:59,544 [ERROR] LogOutputStream:75 - [STDERR_REDIRECT] [Fatal Error] :1:1: Premature end of file.
2025-01-09 14:33:59,544 [ERROR] LogOutputStream:75 - [STDERR_REDIRECT] 
2025-01-09 14:33:59,557 [ERROR] LogOutputStream:75 - [STDERR_REDIRECT] [Fatal Error] :1:1: Premature end of file.
2025-01-09 14:33:59,557 [ERROR] LogOutputStream:75 - [STDERR_REDIRECT] 
2025-01-09 14:33:59,573 [ERROR] LogOutputStream:75 - [STDERR_REDIRECT] [Fatal Error] :1:1: Premature end of file.
2025-01-09 14:33:59,573 [ERROR] LogOutputStream:75 - [STDERR_REDIRECT] 
2025-01-09 14:33:59,589 [ERROR] LogOutputStream:75 - [STDERR_REDIRECT] [Fatal Error] :1:1: Premature end of file.
2025-01-09 14:33:59,589 [ERROR] LogOutputStream:75 - [STDERR_REDIRECT] 
2025-01-09 14:33:59,621 [ERROR] LogOutputStream:75 - [STDERR_REDIRECT] [Fatal Error] :1:1: Premature end of file.
2025-01-09 14:33:59,621 [ERROR] LogOutputStream:75 - [STDERR_REDIRECT] 
2025-01-09 14:33:59,637 [ERROR] LogOutputStream:75 - [STDERR_REDIRECT] [Fatal Error] :1:1: Premature end of file.
2025-01-09 14:33:59,644 [ERROR] LogOutputStream:75 - [STDERR_REDIRECT] 
2025-01-09 14:33:59,653 [ERROR] LogOutputStream:75 - [STDERR_REDIRECT] [Fatal Error] :1:1: Premature end of file.
2025-01-09 14:33:59,653 [ERROR] LogOutputStream:75 - [STDERR_REDIRECT] 
2025-01-09 14:33:59,669 [ERROR] LogOutputStream:75 - [STDERR_REDIRECT] [Fatal Error] :1:1: Premature end of file.
2025-01-09 14:33:59,669 [ERROR] LogOutputStream:75 - [STDERR_REDIRECT] 
2025-01-09 14:33:59,685 [ERROR] LogOutputStream:75 - [STDERR_REDIRECT] [Fatal Error] :1:1: Premature end of file.
2025-01-09 14:33:59,685 [ERROR] LogOutputStream:75 - [STDERR_REDIRECT] 
2025-01-09 14:33:59,719 [ERROR] LogOutputStream:75 - [STDERR_REDIRECT] [Fatal Error] :1:1: Premature end of file.
2025-01-09 14:33:59,719 [ERROR] LogOutputStream:75 - [STDERR_REDIRECT] 
2025-01-09 14:33:59,740 [ERROR] LogOutputStream:75 - [STDERR_REDIRECT] [Fatal Error] :1:1: Premature end of file.
2025-01-09 14:33:59,740 [ERROR] LogOutputStream:75 - [STDERR_REDIRECT] 
2025-01-09 14:33:59,760 [ERROR] LogOutputStream:75 - [STDERR_REDIRECT] [Fatal Error] :1:1: Premature end of file.
2025-01-09 14:33:59,760 [ERROR] LogOutputStream:75 - [STDERR_REDIRECT] 
2025-01-09 14:33:59,780 [ERROR] LogOutputStream:75 - [STDERR_REDIRECT] [Fatal Error] :1:1: Premature end of file.
2025-01-09 14:33:59,781 [ERROR] LogOutputStream:75 - [STDERR_REDIRECT] 
2025-01-09 14:33:59,802 [ERROR] LogOutputStream:75 - [STDERR_REDIRECT] [Fatal Error] :1:1: Premature end of file.
2025-01-09 14:33:59,802 [ERROR] LogOutputStream:75 - [STDERR_REDIRECT] 
2025-01-09 14:33:59,825 [ERROR] LogOutputStream:75 - [STDERR_REDIRECT] [Fatal Error] :1:1: Premature end of file.
2025-01-09 14:33:59,825 [ERROR] LogOutputStream:75 - [STDERR_REDIRECT] 
2025-01-09 14:33:59,846 [ERROR] LogOutputStream:75 - [STDERR_REDIRECT] [Fatal Error] :1:1: Premature end of file.
2025-01-09 14:33:59,846 [ERROR] LogOutputStream:75 - [STDERR_REDIRECT] 
2025-01-09 14:33:59,866 [ERROR] LogOutputStream:75 - [STDERR_REDIRECT] [Fatal Error] :1:1: Premature end of file.
2025-01-09 14:33:59,866 [ERROR] LogOutputStream:75 - [STDERR_REDIRECT] 
2025-01-09 14:33:59,886 [ERROR] LogOutputStream:75 - [STDERR_REDIRECT] [Fatal Error] :1:1: Premature end of file.
2025-01-09 14:33:59,886 [ERROR] LogOutputStream:75 - [STDERR_REDIRECT] 
2025-01-09 14:33:59,908 [ERROR] LogOutputStream:75 - [STDERR_REDIRECT] [Fatal Error] :1:1: Premature end of file.
2025-01-09 14:33:59,908 [ERROR] LogOutputStream:75 - [STDERR_REDIRECT] 
2025-01-09 14:33:59,928 [ERROR] LogOutputStream:75 - [STDERR_REDIRECT] [Fatal Error] :1:1: Premature end of file.
2025-01-09 14:33:59,929 [ERROR] LogOutputStream:75 - [STDERR_REDIRECT] 
2025-01-09 14:33:59,949 [ERROR] LogOutputStream:75 - [STDERR_REDIRECT] [Fatal Error] :1:1: Premature end of file.
2025-01-09 14:33:59,949 [ERROR] LogOutputStream:75 - [STDERR_REDIRECT] 
2025-01-09 14:33:59,955 [ERROR] LogOutputStream:75 - [STDERR_REDIRECT] [Fatal Error] :1:1: Premature end of file.
2025-01-09 14:33:59,955 [ERROR] LogOutputStream:75 - [STDERR_REDIRECT] 
2025-01-09 14:33:59,986 [ERROR] LogOutputStream:75 - [STDERR_REDIRECT] [Fatal Error] :1:1: Premature end of file.
2025-01-09 14:33:59,986 [ERROR] LogOutputStream:75 - [STDERR_REDIRECT] 
2025-01-09 14:34:00,001 [ERROR] LogOutputStream:75 - [STDERR_REDIRECT] [Fatal Error] :1:1: Premature end of file.
2025-01-09 14:34:00,001 [ERROR] LogOutputStream:75 - [STDERR_REDIRECT] 
2025-01-09 14:34:00,020 [ERROR] LogOutputStream:75 - [STDERR_REDIRECT] [Fatal Error] :1:1: Premature end of file.
2025-01-09 14:34:00,020 [ERROR] LogOutputStream:75 - [STDERR_REDIRECT] 
2025-01-09 14:34:00,049 [ERROR] LogOutputStream:75 - [STDERR_REDIRECT] [Fatal Error] :1:1: Premature end of file.
2025-01-09 14:34:00,049 [ERROR] LogOutputStream:75 - [STDERR_REDIRECT] 
2025-01-09 14:34:00,067 [ERROR] LogOutputStream:75 - [STDERR_REDIRECT] [Fatal Error] :1:1: Premature end of file.
2025-01-09 14:34:00,072 [ERROR] LogOutputStream:75 - [STDERR_REDIRECT] 
2025-01-09 14:34:00,093 [ERROR] LogOutputStream:75 - [STDERR_REDIRECT] [Fatal Error] :1:1: Premature end of file.
2025-01-09 14:34:00,094 [ERROR] LogOutputStream:75 - [STDERR_REDIRECT] 
2025-01-09 14:34:00,108 [ERROR] LogOutputStream:75 - [STDERR_REDIRECT] [Fatal Error] :1:1: Premature end of file.
2025-01-09 14:34:00,108 [ERROR] LogOutputStream:75 - [STDERR_REDIRECT] 
2025-01-09 14:34:00,129 [ERROR] LogOutputStream:75 - [STDERR_REDIRECT] [Fatal Error] :1:1: Premature end of file.
2025-01-09 14:34:00,129 [ERROR] LogOutputStream:75 - [STDERR_REDIRECT] 
2025-01-09 14:34:00,150 [ERROR] LogOutputStream:75 - [STDERR_REDIRECT] [Fatal Error] :1:1: Premature end of file.
2025-01-09 14:34:00,150 [ERROR] LogOutputStream:75 - [STDERR_REDIRECT] 
2025-01-09 14:34:00,156 [ERROR] LogOutputStream:75 - [STDERR_REDIRECT] [Fatal Error] :1:1: Premature end of file.
2025-01-09 14:34:00,156 [ERROR] LogOutputStream:75 - [STDERR_REDIRECT] 
2025-01-09 14:34:00,187 [ERROR] LogOutputStream:75 - [STDERR_REDIRECT] [Fatal Error] :1:1: Premature end of file.
2025-01-09 14:34:00,187 [ERROR] LogOutputStream:75 - [STDERR_REDIRECT] 
2025-01-09 14:34:00,202 [ERROR] LogOutputStream:75 - [STDERR_REDIRECT] [Fatal Error] :1:1: Premature end of file.
2025-01-09 14:34:00,202 [ERROR] LogOutputStream:75 - [STDERR_REDIRECT] 
2025-01-09 14:34:00,218 [ERROR] LogOutputStream:75 - [STDERR_REDIRECT] [Fatal Error] :1:1: Premature end of file.
2025-01-09 14:34:00,218 [ERROR] LogOutputStream:75 - [STDERR_REDIRECT] 
2025-01-09 14:34:00,245 [ERROR] LogOutputStream:75 - [STDERR_REDIRECT] [Fatal Error] :1:1: Premature end of file.
2025-01-09 14:34:00,245 [ERROR] LogOutputStream:75 - [STDERR_REDIRECT] 
2025-01-09 14:34:00,266 [ERROR] LogOutputStream:75 - [STDERR_REDIRECT] [Fatal Error] :1:1: Premature end of file.
2025-01-09 14:34:00,266 [ERROR] LogOutputStream:75 - [STDERR_REDIRECT] 
2025-01-09 14:34:00,281 [ERROR] LogOutputStream:75 - [STDERR_REDIRECT] [Fatal Error] :1:1: Premature end of file.
2025-01-09 14:34:00,281 [ERROR] LogOutputStream:75 - [STDERR_REDIRECT] 
2025-01-09 14:34:00,297 [ERROR] LogOutputStream:75 - [STDERR_REDIRECT] [Fatal Error] :1:1: Premature end of file.
2025-01-09 14:34:00,297 [ERROR] LogOutputStream:75 - [STDERR_REDIRECT] 
2025-01-09 14:34:00,316 [ERROR] LogOutputStream:75 - [STDERR_REDIRECT] [Fatal Error] :1:1: Premature end of file.
2025-01-09 14:34:00,329 [ERROR] LogOutputStream:75 - [STDERR_REDIRECT] 
2025-01-09 14:34:00,345 [ERROR] LogOutputStream:75 - [STDERR_REDIRECT] [Fatal Error] :1:1: Premature end of file.
2025-01-09 14:34:00,345 [ERROR] LogOutputStream:75 - [STDERR_REDIRECT] 
2025-01-09 14:34:00,361 [ERROR] LogOutputStream:75 - [STDERR_REDIRECT] [Fatal Error] :1:1: Premature end of file.
2025-01-09 14:34:00,361 [ERROR] LogOutputStream:75 - [STDERR_REDIRECT] 
2025-01-09 14:34:00,380 [ERROR] LogOutputStream:75 - [STDERR_REDIRECT] [Fatal Error] :1:1: Premature end of file.
2025-01-09 14:34:00,380 [ERROR] LogOutputStream:75 - [STDERR_REDIRECT] 
2025-01-09 14:34:00,402 [ERROR] LogOutputStream:75 - [STDERR_REDIRECT] [Fatal Error] :1:1: Premature end of file.
2025-01-09 14:34:00,402 [ERROR] LogOutputStream:75 - [STDERR_REDIRECT] 
2025-01-09 14:34:00,409 [ERROR] LogOutputStream:75 - [STDERR_REDIRECT] [Fatal Error] :1:1: Premature end of file.
2025-01-09 14:34:00,409 [ERROR] LogOutputStream:75 - [STDERR_REDIRECT] 
2025-01-09 14:34:00,428 [ERROR] LogOutputStream:75 - [STDERR_REDIRECT] [Fatal Error] :1:1: Premature end of file.
2025-01-09 14:34:00,428 [ERROR] LogOutputStream:75 - [STDERR_REDIRECT] 
2025-01-09 14:34:00,447 [ERROR] LogOutputStream:75 - [STDERR_REDIRECT] [Fatal Error] :1:1: Premature end of file.
2025-01-09 14:34:00,447 [ERROR] LogOutputStream:75 - [STDERR_REDIRECT] 
2025-01-09 14:34:00,472 [ERROR] LogOutputStream:75 - [STDERR_REDIRECT] [Fatal Error] :1:1: Premature end of file.
2025-01-09 14:34:00,472 [ERROR] LogOutputStream:75 - [STDERR_REDIRECT] 
2025-01-09 14:34:00,488 [ERROR] LogOutputStream:75 - [STDERR_REDIRECT] [Fatal Error] :1:1: Premature end of file.
2025-01-09 14:34:00,488 [ERROR] LogOutputStream:75 - [STDERR_REDIRECT] 
2025-01-09 14:34:00,510 [ERROR] LogOutputStream:75 - [STDERR_REDIRECT] [Fatal Error] :1:1: Premature end of file.
2025-01-09 14:34:00,510 [ERROR] LogOutputStream:75 - [STDERR_REDIRECT] 
2025-01-09 14:34:00,527 [ERROR] LogOutputStream:75 - [STDERR_REDIRECT] [Fatal Error] :1:1: Premature end of file.
2025-01-09 14:34:00,527 [ERROR] LogOutputStream:75 - [STDERR_REDIRECT] 
2025-01-09 14:34:00,535 [ERROR] LogOutputStream:75 - [STDERR_REDIRECT] [Fatal Error] :1:1: Premature end of file.
2025-01-09 14:34:00,545 [ERROR] LogOutputStream:75 - [STDERR_REDIRECT] 
2025-01-09 14:34:00,551 [ERROR] LogOutputStream:75 - [STDERR_REDIRECT] [Fatal Error] :1:1: Premature end of file.
2025-01-09 14:34:00,551 [ERROR] LogOutputStream:75 - [STDERR_REDIRECT] 
2025-01-09 14:34:00,569 [ERROR] LogOutputStream:75 - [STDERR_REDIRECT] [Fatal Error] :1:1: Premature end of file.
2025-01-09 14:34:00,569 [ERROR] LogOutputStream:75 - [STDERR_REDIRECT] 
2025-01-09 14:34:00,586 [ERROR] LogOutputStream:75 - [STDERR_REDIRECT] [Fatal Error] :1:1: Premature end of file.
2025-01-09 14:34:00,586 [ERROR] LogOutputStream:75 - [STDERR_REDIRECT] 
2025-01-09 14:34:00,614 [ERROR] LogOutputStream:75 - [STDERR_REDIRECT] [Fatal Error] :1:1: Premature end of file.
2025-01-09 14:34:00,614 [ERROR] LogOutputStream:75 - [STDERR_REDIRECT] 
2025-01-09 14:34:00,630 [ERROR] LogOutputStream:75 - [STDERR_REDIRECT] [Fatal Error] :1:1: Premature end of file.
2025-01-09 14:34:00,630 [ERROR] LogOutputStream:75 - [STDERR_REDIRECT] 
2025-01-09 14:34:00,646 [ERROR] LogOutputStream:75 - [STDERR_REDIRECT] [Fatal Error] :1:1: Premature end of file.
2025-01-09 14:34:00,646 [ERROR] LogOutputStream:75 - [STDERR_REDIRECT] 
2025-01-09 14:34:00,662 [ERROR] LogOutputStream:75 - [STDERR_REDIRECT] [Fatal Error] :1:1: Premature end of file.
2025-01-09 14:34:00,662 [ERROR] LogOutputStream:75 - [STDERR_REDIRECT] 
2025-01-09 14:34:00,682 [ERROR] LogOutputStream:75 - [STDERR_REDIRECT] [Fatal Error] :1:1: Premature end of file.
2025-01-09 14:34:00,682 [ERROR] LogOutputStream:75 - [STDERR_REDIRECT] 
2025-01-09 14:34:00,703 [ERROR] LogOutputStream:75 - [STDERR_REDIRECT] [Fatal Error] :1:1: Premature end of file.
2025-01-09 14:34:00,703 [ERROR] LogOutputStream:75 - [STDERR_REDIRECT] 
2025-01-09 14:34:00,725 [ERROR] LogOutputStream:75 - [STDERR_REDIRECT] [Fatal Error] :1:1: Premature end of file.
2025-01-09 14:34:00,725 [ERROR] LogOutputStream:75 - [STDERR_REDIRECT] 
2025-01-09 14:34:00,745 [ERROR] LogOutputStream:75 - [STDERR_REDIRECT] [Fatal Error] :1:1: Premature end of file.
2025-01-09 14:34:00,745 [ERROR] LogOutputStream:75 - [STDERR_REDIRECT] 
2025-01-09 14:34:00,757 [ERROR] LogOutputStream:75 - [STDERR_REDIRECT] [Fatal Error] :1:1: Premature end of file.
2025-01-09 14:34:00,757 [ERROR] LogOutputStream:75 - [STDERR_REDIRECT] 
2025-01-09 14:34:00,782 [ERROR] LogOutputStream:75 - [STDERR_REDIRECT] [Fatal Error] :1:1: Premature end of file.
2025-01-09 14:34:00,782 [ERROR] LogOutputStream:75 - [STDERR_REDIRECT] 
2025-01-09 14:34:00,788 [ERROR] LogOutputStream:75 - [STDERR_REDIRECT] [Fatal Error] :1:1: Premature end of file.
2025-01-09 14:34:00,788 [ERROR] LogOutputStream:75 - [STDERR_REDIRECT] 
2025-01-09 14:34:00,807 [ERROR] LogOutputStream:75 - [STDERR_REDIRECT] [Fatal Error] :1:1: Premature end of file.
2025-01-09 14:34:00,807 [ERROR] LogOutputStream:75 - [STDERR_REDIRECT] 
2025-01-09 14:34:00,834 [ERROR] LogOutputStream:75 - [STDERR_REDIRECT] [Fatal Error] :1:1: Premature end of file.
2025-01-09 14:34:00,834 [ERROR] LogOutputStream:75 - [STDERR_REDIRECT] 
2025-01-09 14:34:00,851 [ERROR] LogOutputStream:75 - [STDERR_REDIRECT] [Fatal Error] :1:1: Premature end of file.
2025-01-09 14:34:00,851 [ERROR] LogOutputStream:75 - [STDERR_REDIRECT] 
2025-01-09 14:34:00,870 [ERROR] LogOutputStream:75 - [STDERR_REDIRECT] [Fatal Error] :1:1: Premature end of file.
2025-01-09 14:34:00,870 [ERROR] LogOutputStream:75 - [STDERR_REDIRECT] 
2025-01-09 14:34:00,882 [ERROR] LogOutputStream:75 - [STDERR_REDIRECT] [Fatal Error] :1:1: Premature end of file.
2025-01-09 14:34:00,882 [ERROR] LogOutputStream:75 - [STDERR_REDIRECT] 
2025-01-09 14:34:00,898 [ERROR] LogOutputStream:75 - [STDERR_REDIRECT] [Fatal Error] :1:1: Premature end of file.
2025-01-09 14:34:00,898 [ERROR] LogOutputStream:75 - [STDERR_REDIRECT] 
2025-01-09 14:34:00,916 [ERROR] LogOutputStream:75 - [STDERR_REDIRECT] [Fatal Error] :1:1: Premature end of file.
2025-01-09 14:34:00,916 [ERROR] LogOutputStream:75 - [STDERR_REDIRECT] 
2025-01-09 14:34:00,932 [ERROR] LogOutputStream:75 - [STDERR_REDIRECT] [Fatal Error] :1:1: Premature end of file.
2025-01-09 14:34:00,932 [ERROR] LogOutputStream:75 - [STDERR_REDIRECT] 
2025-01-09 14:34:01,649 [ERROR] LogOutputStream:75 - [STDERR_REDIRECT] [Fatal Error] :1:1: Premature end of file.
2025-01-09 14:34:01,649 [ERROR] LogOutputStream:75 - [STDERR_REDIRECT] 
2025-01-09 14:34:02,658 [ERROR] LogOutputStream:75 - [STDERR_REDIRECT] [Fatal Error] :1:1: Premature end of file.
2025-01-09 14:34:02,658 [ERROR] LogOutputStream:75 - [STDERR_REDIRECT] 
2025-01-09 14:34:03,647 [ERROR] LogOutputStream:75 - [STDERR_REDIRECT] [Fatal Error] :1:1: Premature end of file.
2025-01-09 14:34:03,647 [ERROR] LogOutputStream:75 - [STDERR_REDIRECT] 
2025-01-09 14:34:04,651 [ERROR] LogOutputStream:75 - [STDERR_REDIRECT] [Fatal Error] :1:1: Premature end of file.
2025-01-09 14:34:04,651 [ERROR] LogOutputStream:75 - [STDERR_REDIRECT] 
2025-01-09 14:34:05,645 [ERROR] LogOutputStream:75 - [STDERR_REDIRECT] [Fatal Error] :1:1: Premature end of file.
2025-01-09 14:34:05,645 [ERROR] LogOutputStream:75 - [STDERR_REDIRECT] 
2025-01-09 14:34:06,594 [INFO] WebApp:190 - Connection lost
2025-01-09 14:34:06,657 [ERROR] LogOutputStream:75 - [STDERR_REDIRECT] [Fatal Error] :1:1: Premature end of file.
2025-01-09 14:34:06,657 [ERROR] LogOutputStream:75 - [STDERR_REDIRECT] 
2025-01-09 14:34:06,762 [INFO] WebApp:187 - Connection restablished
2025-01-09 14:34:07,655 [ERROR] LogOutputStream:75 - [STDERR_REDIRECT] [Fatal Error] :1:1: Premature end of file.
2025-01-09 14:34:07,655 [ERROR] LogOutputStream:75 - [STDERR_REDIRECT] 
2025-01-09 14:34:08,644 [ERROR] LogOutputStream:75 - [STDERR_REDIRECT] [Fatal Error] :1:1: Premature end of file.
2025-01-09 14:34:08,644 [ERROR] LogOutputStream:75 - [STDERR_REDIRECT] 
2025-01-09 14:34:09,654 [ERROR] LogOutputStream:75 - [STDERR_REDIRECT] [Fatal Error] :1:1: Premature end of file.
2025-01-09 14:34:09,654 [ERROR] LogOutputStream:75 - [STDERR_REDIRECT] 
2025-01-09 14:34:10,649 [ERROR] LogOutputStream:75 - [STDERR_REDIRECT] [Fatal Error] :1:1: Premature end of file.
2025-01-09 14:34:10,649 [ERROR] LogOutputStream:75 - [STDERR_REDIRECT] 
2025-01-09 14:34:11,653 [ERROR] LogOutputStream:75 - [STDERR_REDIRECT] [Fatal Error] :1:1: Premature end of file.
2025-01-09 14:34:11,653 [ERROR] LogOutputStream:75 - [STDERR_REDIRECT] 
2025-01-09 14:34:12,643 [ERROR] LogOutputStream:75 - [STDERR_REDIRECT] [Fatal Error] :1:1: Premature end of file.
2025-01-09 14:34:12,643 [ERROR] LogOutputStream:75 - [STDERR_REDIRECT] 
2025-01-09 14:34:13,651 [ERROR] LogOutputStream:75 - [STDERR_REDIRECT] [Fatal Error] :1:1: Premature end of file.
2025-01-09 14:34:13,651 [ERROR] LogOutputStream:75 - [STDERR_REDIRECT] 
2025-01-09 14:34:14,653 [ERROR] LogOutputStream:75 - [STDERR_REDIRECT] [Fatal Error] :1:1: Premature end of file.
2025-01-09 14:34:14,653 [ERROR] LogOutputStream:75 - [STDERR_REDIRECT] 
2025-01-09 14:34:15,653 [ERROR] LogOutputStream:75 - [STDERR_REDIRECT] [Fatal Error] :1:1: Premature end of file.
2025-01-09 14:34:15,653 [ERROR] LogOutputStream:75 - [STDERR_REDIRECT] 
2025-01-09 14:34:16,655 [ERROR] LogOutputStream:75 - [STDERR_REDIRECT] [Fatal Error] :1:1: Premature end of file.
2025-01-09 14:34:16,655 [ERROR] LogOutputStream:75 - [STDERR_REDIRECT] 
2025-01-09 14:34:17,646 [ERROR] LogOutputStream:75 - [STDERR_REDIRECT] [Fatal Error] :1:1: Premature end of file.
2025-01-09 14:34:17,646 [ERROR] LogOutputStream:75 - [STDERR_REDIRECT] 
2025-01-09 14:34:18,643 [ERROR] LogOutputStream:75 - [STDERR_REDIRECT] [Fatal Error] :1:1: Premature end of file.
2025-01-09 14:34:18,643 [ERROR] LogOutputStream:75 - [STDERR_REDIRECT] 
2025-01-09 14:34:19,645 [ERROR] LogOutputStream:75 - [STDERR_REDIRECT] [Fatal Error] :1:1: Premature end of file.
2025-01-09 14:34:19,645 [ERROR] LogOutputStream:75 - [STDERR_REDIRECT] 
2025-01-09 14:34:20,646 [ERROR] LogOutputStream:75 - [STDERR_REDIRECT] [Fatal Error] :1:1: Premature end of file.
2025-01-09 14:34:20,646 [ERROR] LogOutputStream:75 - [STDERR_REDIRECT] 
2025-01-09 14:34:21,645 [ERROR] LogOutputStream:75 - [STDERR_REDIRECT] [Fatal Error] :1:1: Premature end of file.
2025-01-09 14:34:21,645 [ERROR] LogOutputStream:75 - [STDERR_REDIRECT] 
2025-01-09 14:34:22,646 [ERROR] LogOutputStream:75 - [STDERR_REDIRECT] [Fatal Error] :1:1: Premature end of file.
2025-01-09 14:34:22,646 [ERROR] LogOutputStream:75 - [STDERR_REDIRECT] 
2025-01-09 14:34:23,645 [ERROR] LogOutputStream:75 - [STDERR_REDIRECT] [Fatal Error] :1:1: Premature end of file.
2025-01-09 14:34:23,645 [ERROR] LogOutputStream:75 - [STDERR_REDIRECT] 
2025-01-09 14:34:24,109 [INFO] WebApp:190 - Connection lost
2025-01-09 14:34:24,375 [INFO] WebApp:187 - Connection restablished
2025-01-09 14:34:24,652 [ERROR] LogOutputStream:75 - [STDERR_REDIRECT] [Fatal Error] :1:1: Premature end of file.
2025-01-09 14:34:24,652 [ERROR] LogOutputStream:75 - [STDERR_REDIRECT] 
2025-01-09 14:34:25,652 [ERROR] LogOutputStream:75 - [STDERR_REDIRECT] [Fatal Error] :1:1: Premature end of file.
2025-01-09 14:34:25,652 [ERROR] LogOutputStream:75 - [STDERR_REDIRECT] 
2025-01-09 14:34:26,652 [ERROR] LogOutputStream:75 - [STDERR_REDIRECT] [Fatal Error] :1:1: Premature end of file.
2025-01-09 14:34:26,652 [ERROR] LogOutputStream:75 - [STDERR_REDIRECT] 
2025-01-09 14:34:27,662 [ERROR] LogOutputStream:75 - [STDERR_REDIRECT] [Fatal Error] :1:1: Premature end of file.
2025-01-09 14:34:27,662 [ERROR] LogOutputStream:75 - [STDERR_REDIRECT] 
2025-01-09 14:34:28,649 [ERROR] LogOutputStream:75 - [STDERR_REDIRECT] [Fatal Error] :1:1: Premature end of file.
2025-01-09 14:34:28,649 [ERROR] LogOutputStream:75 - [STDERR_REDIRECT] 
2025-01-09 14:34:29,649 [ERROR] LogOutputStream:75 - [STDERR_REDIRECT] [Fatal Error] :1:1: Premature end of file.
2025-01-09 14:34:29,649 [ERROR] LogOutputStream:75 - [STDERR_REDIRECT] 
2025-01-09 14:34:30,651 [ERROR] LogOutputStream:75 - [STDERR_REDIRECT] [Fatal Error] :1:1: Premature end of file.
2025-01-09 14:34:30,651 [ERROR] LogOutputStream:75 - [STDERR_REDIRECT] 
2025-01-09 14:34:31,655 [ERROR] LogOutputStream:75 - [STDERR_REDIRECT] [Fatal Error] :1:1: Premature end of file.
2025-01-09 14:34:31,655 [ERROR] LogOutputStream:75 - [STDERR_REDIRECT] 
2025-01-09 14:34:32,643 [ERROR] LogOutputStream:75 - [STDERR_REDIRECT] [Fatal Error] :1:1: Premature end of file.
2025-01-09 14:34:32,643 [ERROR] LogOutputStream:75 - [STDERR_REDIRECT] 
2025-01-09 14:34:33,655 [ERROR] LogOutputStream:75 - [STDERR_REDIRECT] [Fatal Error] :1:1: Premature end of file.
2025-01-09 14:34:33,655 [ERROR] LogOutputStream:75 - [STDERR_REDIRECT] 
2025-01-09 14:34:34,646 [ERROR] LogOutputStream:75 - [STDERR_REDIRECT] [Fatal Error] :1:1: Premature end of file.
2025-01-09 14:34:34,646 [ERROR] LogOutputStream:75 - [STDERR_REDIRECT] 
2025-01-09 14:34:35,645 [ERROR] LogOutputStream:75 - [STDERR_REDIRECT] [Fatal Error] :1:1: Premature end of file.
2025-01-09 14:34:35,645 [ERROR] LogOutputStream:75 - [STDERR_REDIRECT] 
2025-01-09 14:34:36,644 [ERROR] LogOutputStream:75 - [STDERR_REDIRECT] [Fatal Error] :1:1: Premature end of file.
2025-01-09 14:34:36,644 [ERROR] LogOutputStream:75 - [STDERR_REDIRECT] 
2025-01-09 14:34:37,646 [ERROR] LogOutputStream:75 - [STDERR_REDIRECT] [Fatal Error] :1:1: Premature end of file.
2025-01-09 14:34:37,646 [ERROR] LogOutputStream:75 - [STDERR_REDIRECT] 
2025-01-09 14:34:38,646 [ERROR] LogOutputStream:75 - [STDERR_REDIRECT] [Fatal Error] :1:1: Premature end of file.
2025-01-09 14:34:38,646 [ERROR] LogOutputStream:75 - [STDERR_REDIRECT] 
2025-01-09 14:34:39,647 [ERROR] LogOutputStream:75 - [STDERR_REDIRECT] [Fatal Error] :1:1: Premature end of file.
2025-01-09 14:34:39,647 [ERROR] LogOutputStream:75 - [STDERR_REDIRECT] 
2025-01-09 14:34:40,646 [ERROR] LogOutputStream:75 - [STDERR_REDIRECT] [Fatal Error] :1:1: Premature end of file.
2025-01-09 14:34:40,646 [ERROR] LogOutputStream:75 - [STDERR_REDIRECT] 
2025-01-09 14:34:41,646 [ERROR] LogOutputStream:75 - [STDERR_REDIRECT] [Fatal Error] :1:1: Premature end of file.
2025-01-09 14:34:41,646 [ERROR] LogOutputStream:75 - [STDERR_REDIRECT] 
2025-01-09 14:34:42,648 [ERROR] LogOutputStream:75 - [STDERR_REDIRECT] [Fatal Error] :1:1: Premature end of file.
2025-01-09 14:34:42,648 [ERROR] LogOutputStream:75 - [STDERR_REDIRECT] 
2025-01-09 14:34:43,651 [ERROR] LogOutputStream:75 - [STDERR_REDIRECT] [Fatal Error] :1:1: Premature end of file.
2025-01-09 14:34:43,651 [ERROR] LogOutputStream:75 - [STDERR_REDIRECT] 
2025-01-09 14:34:44,648 [ERROR] LogOutputStream:75 - [STDERR_REDIRECT] [Fatal Error] :1:1: Premature end of file.
2025-01-09 14:34:44,648 [ERROR] LogOutputStream:75 - [STDERR_REDIRECT] 
2025-01-09 14:34:45,654 [ERROR] LogOutputStream:75 - [STDERR_REDIRECT] [Fatal Error] :1:1: Premature end of file.
2025-01-09 14:34:45,654 [ERROR] LogOutputStream:75 - [STDERR_REDIRECT] 
2025-01-09 14:34:46,645 [ERROR] LogOutputStream:75 - [STDERR_REDIRECT] [Fatal Error] :1:1: Premature end of file.
2025-01-09 14:34:46,645 [ERROR] LogOutputStream:75 - [STDERR_REDIRECT] 
2025-01-09 14:34:47,642 [ERROR] LogOutputStream:75 - [STDERR_REDIRECT] [Fatal Error] :1:1: Premature end of file.
2025-01-09 14:34:47,642 [ERROR] LogOutputStream:75 - [STDERR_REDIRECT] 
2025-01-09 14:34:48,646 [ERROR] LogOutputStream:75 - [STDERR_REDIRECT] [Fatal Error] :1:1: Premature end of file.
2025-01-09 14:34:48,646 [ERROR] LogOutputStream:75 - [STDERR_REDIRECT] 
2025-01-09 14:34:49,652 [ERROR] LogOutputStream:75 - [STDERR_REDIRECT] [Fatal Error] :1:1: Premature end of file.
2025-01-09 14:34:49,652 [ERROR] LogOutputStream:75 - [STDERR_REDIRECT] 
2025-01-09 14:34:50,646 [ERROR] LogOutputStream:75 - [STDERR_REDIRECT] [Fatal Error] :1:1: Premature end of file.
2025-01-09 14:34:50,646 [ERROR] LogOutputStream:75 - [STDERR_REDIRECT] 
2025-01-09 14:34:51,648 [ERROR] LogOutputStream:75 - [STDERR_REDIRECT] [Fatal Error] :1:1: Premature end of file.
2025-01-09 14:34:51,648 [ERROR] LogOutputStream:75 - [STDERR_REDIRECT] 
2025-01-09 14:34:52,644 [ERROR] LogOutputStream:75 - [STDERR_REDIRECT] [Fatal Error] :1:1: Premature end of file.
2025-01-09 14:34:52,644 [ERROR] LogOutputStream:75 - [STDERR_REDIRECT] 
2025-01-09 14:34:53,653 [ERROR] LogOutputStream:75 - [STDERR_REDIRECT] [Fatal Error] :1:1: Premature end of file.
2025-01-09 14:34:53,653 [ERROR] LogOutputStream:75 - [STDERR_REDIRECT] 
2025-01-09 14:34:54,658 [ERROR] LogOutputStream:75 - [STDERR_REDIRECT] [Fatal Error] :1:1: Premature end of file.
2025-01-09 14:34:54,658 [ERROR] LogOutputStream:75 - [STDERR_REDIRECT] 
2025-01-09 14:34:55,650 [ERROR] LogOutputStream:75 - [STDERR_REDIRECT] [Fatal Error] :1:1: Premature end of file.
2025-01-09 14:34:55,650 [ERROR] LogOutputStream:75 - [STDERR_REDIRECT] 
2025-01-09 14:34:56,656 [ERROR] LogOutputStream:75 - [STDERR_REDIRECT] [Fatal Error] :1:1: Premature end of file.
2025-01-09 14:34:56,656 [ERROR] LogOutputStream:75 - [STDERR_REDIRECT] 
2025-01-09 14:34:57,658 [ERROR] LogOutputStream:75 - [STDERR_REDIRECT] [Fatal Error] :1:1: Premature end of file.
2025-01-09 14:34:57,658 [ERROR] LogOutputStream:75 - [STDERR_REDIRECT] 
2025-01-09 14:34:58,652 [ERROR] LogOutputStream:75 - [STDERR_REDIRECT] [Fatal Error] :1:1: Premature end of file.
2025-01-09 14:34:58,652 [ERROR] LogOutputStream:75 - [STDERR_REDIRECT] 
2025-01-09 14:34:59,649 [ERROR] LogOutputStream:75 - [STDERR_REDIRECT] [Fatal Error] :1:1: Premature end of file.
2025-01-09 14:34:59,649 [ERROR] LogOutputStream:75 - [STDERR_REDIRECT] 
2025-01-09 14:35:00,654 [ERROR] LogOutputStream:75 - [STDERR_REDIRECT] [Fatal Error] :1:1: Premature end of file.
2025-01-09 14:35:00,654 [ERROR] LogOutputStream:75 - [STDERR_REDIRECT] 
2025-01-09 14:35:01,643 [ERROR] LogOutputStream:75 - [STDERR_REDIRECT] [Fatal Error] :1:1: Premature end of file.
2025-01-09 14:35:01,643 [ERROR] LogOutputStream:75 - [STDERR_REDIRECT] 
2025-01-09 14:35:02,656 [ERROR] LogOutputStream:75 - [STDERR_REDIRECT] [Fatal Error] :1:1: Premature end of file.
2025-01-09 14:35:02,656 [ERROR] LogOutputStream:75 - [STDERR_REDIRECT] 
2025-01-09 14:35:03,646 [ERROR] LogOutputStream:75 - [STDERR_REDIRECT] [Fatal Error] :1:1: Premature end of file.
2025-01-09 14:35:03,646 [ERROR] LogOutputStream:75 - [STDERR_REDIRECT] 
2025-01-09 14:35:04,642 [ERROR] LogOutputStream:75 - [STDERR_REDIRECT] [Fatal Error] :1:1: Premature end of file.
2025-01-09 14:35:04,642 [ERROR] LogOutputStream:75 - [STDERR_REDIRECT] 
2025-01-09 14:35:05,649 [ERROR] LogOutputStream:75 - [STDERR_REDIRECT] [Fatal Error] :1:1: Premature end of file.
2025-01-09 14:35:05,649 [ERROR] LogOutputStream:75 - [STDERR_REDIRECT] 
2025-01-09 14:35:06,642 [ERROR] LogOutputStream:75 - [STDERR_REDIRECT] [Fatal Error] :1:1: Premature end of file.
2025-01-09 14:35:06,642 [ERROR] LogOutputStream:75 - [STDERR_REDIRECT] 
2025-01-09 14:35:07,652 [ERROR] LogOutputStream:75 - [STDERR_REDIRECT] [Fatal Error] :1:1: Premature end of file.
2025-01-09 14:35:07,652 [ERROR] LogOutputStream:75 - [STDERR_REDIRECT] 
2025-01-09 14:35:08,652 [ERROR] LogOutputStream:75 - [STDERR_REDIRECT] [Fatal Error] :1:1: Premature end of file.
2025-01-09 14:35:08,652 [ERROR] LogOutputStream:75 - [STDERR_REDIRECT] 
2025-01-09 14:35:09,649 [ERROR] LogOutputStream:75 - [STDERR_REDIRECT] [Fatal Error] :1:1: Premature end of file.
2025-01-09 14:35:09,649 [ERROR] LogOutputStream:75 - [STDERR_REDIRECT] 
2025-01-09 14:35:10,646 [ERROR] LogOutputStream:75 - [STDERR_REDIRECT] [Fatal Error] :1:1: Premature end of file.
2025-01-09 14:35:10,646 [ERROR] LogOutputStream:75 - [STDERR_REDIRECT] 
2025-01-09 14:35:11,647 [ERROR] LogOutputStream:75 - [STDERR_REDIRECT] [Fatal Error] :1:1: Premature end of file.
2025-01-09 14:35:11,647 [ERROR] LogOutputStream:75 - [STDERR_REDIRECT] 
2025-01-09 14:35:12,653 [ERROR] LogOutputStream:75 - [STDERR_REDIRECT] [Fatal Error] :1:1: Premature end of file.
2025-01-09 14:35:12,653 [ERROR] LogOutputStream:75 - [STDERR_REDIRECT] 
2025-01-09 14:35:13,656 [ERROR] LogOutputStream:75 - [STDERR_REDIRECT] [Fatal Error] :1:1: Premature end of file.
2025-01-09 14:35:13,657 [ERROR] LogOutputStream:75 - [STDERR_REDIRECT] 
2025-01-09 14:35:14,643 [ERROR] LogOutputStream:75 - [STDERR_REDIRECT] [Fatal Error] :1:1: Premature end of file.
2025-01-09 14:35:14,643 [ERROR] LogOutputStream:75 - [STDERR_REDIRECT] 
2025-01-09 14:35:15,643 [ERROR] LogOutputStream:75 - [STDERR_REDIRECT] [Fatal Error] :1:1: Premature end of file.
2025-01-09 14:35:15,643 [ERROR] LogOutputStream:75 - [STDERR_REDIRECT] 
2025-01-09 14:35:16,659 [ERROR] LogOutputStream:75 - [STDERR_REDIRECT] [Fatal Error] :1:1: Premature end of file.
2025-01-09 14:35:16,659 [ERROR] LogOutputStream:75 - [STDERR_REDIRECT] 
2025-01-09 14:35:17,657 [ERROR] LogOutputStream:75 - [STDERR_REDIRECT] [Fatal Error] :1:1: Premature end of file.
2025-01-09 14:35:17,657 [ERROR] LogOutputStream:75 - [STDERR_REDIRECT] 
2025-01-09 14:35:18,642 [ERROR] LogOutputStream:75 - [STDERR_REDIRECT] [Fatal Error] :1:1: Premature end of file.
2025-01-09 14:35:18,642 [ERROR] LogOutputStream:75 - [STDERR_REDIRECT] 
2025-01-09 14:35:19,660 [ERROR] LogOutputStream:75 - [STDERR_REDIRECT] [Fatal Error] :1:1: Premature end of file.
2025-01-09 14:35:19,660 [ERROR] LogOutputStream:75 - [STDERR_REDIRECT] 
2025-01-09 14:35:20,656 [ERROR] LogOutputStream:75 - [STDERR_REDIRECT] [Fatal Error] :1:1: Premature end of file.
2025-01-09 14:35:20,656 [ERROR] LogOutputStream:75 - [STDERR_REDIRECT] 
2025-01-09 14:35:21,648 [ERROR] LogOutputStream:75 - [STDERR_REDIRECT] [Fatal Error] :1:1: Premature end of file.
2025-01-09 14:35:21,648 [ERROR] LogOutputStream:75 - [STDERR_REDIRECT] 
2025-01-09 14:35:22,649 [ERROR] LogOutputStream:75 - [STDERR_REDIRECT] [Fatal Error] :1:1: Premature end of file.
2025-01-09 14:35:22,650 [ERROR] LogOutputStream:75 - [STDERR_REDIRECT] 
2025-01-09 14:35:23,646 [ERROR] LogOutputStream:75 - [STDERR_REDIRECT] [Fatal Error] :1:1: Premature end of file.
2025-01-09 14:35:23,646 [ERROR] LogOutputStream:75 - [STDERR_REDIRECT] 
2025-01-09 14:35:24,649 [ERROR] LogOutputStream:75 - [STDERR_REDIRECT] [Fatal Error] :1:1: Premature end of file.
2025-01-09 14:35:24,649 [ERROR] LogOutputStream:75 - [STDERR_REDIRECT] 
2025-01-09 14:35:25,663 [ERROR] LogOutputStream:75 - [STDERR_REDIRECT] [Fatal Error] :1:1: Premature end of file.
2025-01-09 14:35:25,663 [ERROR] LogOutputStream:75 - [STDERR_REDIRECT] 
2025-01-09 14:35:26,642 [ERROR] LogOutputStream:75 - [STDERR_REDIRECT] [Fatal Error] :1:1: Premature end of file.
2025-01-09 14:35:26,642 [ERROR] LogOutputStream:75 - [STDERR_REDIRECT] 
2025-01-09 14:35:27,649 [ERROR] LogOutputStream:75 - [STDERR_REDIRECT] [Fatal Error] :1:1: Premature end of file.
2025-01-09 14:35:27,649 [ERROR] LogOutputStream:75 - [STDERR_REDIRECT] 
2025-01-09 14:35:28,654 [ERROR] LogOutputStream:75 - [STDERR_REDIRECT] [Fatal Error] :1:1: Premature end of file.
2025-01-09 14:35:28,654 [ERROR] LogOutputStream:75 - [STDERR_REDIRECT] 
2025-01-09 14:35:29,652 [ERROR] LogOutputStream:75 - [STDERR_REDIRECT] [Fatal Error] :1:1: Premature end of file.
2025-01-09 14:35:29,652 [ERROR] LogOutputStream:75 - [STDERR_REDIRECT] 
2025-01-09 14:35:30,650 [ERROR] LogOutputStream:75 - [STDERR_REDIRECT] [Fatal Error] :1:1: Premature end of file.
2025-01-09 14:35:30,650 [ERROR] LogOutputStream:75 - [STDERR_REDIRECT] 
2025-01-09 14:35:31,650 [ERROR] LogOutputStream:75 - [STDERR_REDIRECT] [Fatal Error] :1:1: Premature end of file.
2025-01-09 14:35:31,650 [ERROR] LogOutputStream:75 - [STDERR_REDIRECT] 
2025-01-09 14:35:32,655 [ERROR] LogOutputStream:75 - [STDERR_REDIRECT] [Fatal Error] :1:1: Premature end of file.
2025-01-09 14:35:32,655 [ERROR] LogOutputStream:75 - [STDERR_REDIRECT] 
2025-01-09 14:35:33,647 [ERROR] LogOutputStream:75 - [STDERR_REDIRECT] [Fatal Error] :1:1: Premature end of file.
2025-01-09 14:35:33,647 [ERROR] LogOutputStream:75 - [STDERR_REDIRECT] 
2025-01-09 14:35:34,646 [ERROR] LogOutputStream:75 - [STDERR_REDIRECT] [Fatal Error] :1:1: Premature end of file.
2025-01-09 14:35:34,646 [ERROR] LogOutputStream:75 - [STDERR_REDIRECT] 
2025-01-09 14:35:35,653 [ERROR] LogOutputStream:75 - [STDERR_REDIRECT] [Fatal Error] :1:1: Premature end of file.
2025-01-09 14:35:35,653 [ERROR] LogOutputStream:75 - [STDERR_REDIRECT] 
2025-01-09 14:35:36,645 [ERROR] LogOutputStream:75 - [STDERR_REDIRECT] [Fatal Error] :1:1: Premature end of file.
2025-01-09 14:35:36,645 [ERROR] LogOutputStream:75 - [STDERR_REDIRECT] 
2025-01-09 14:35:37,657 [ERROR] LogOutputStream:75 - [STDERR_REDIRECT] [Fatal Error] :1:1: Premature end of file.
2025-01-09 14:35:37,657 [ERROR] LogOutputStream:75 - [STDERR_REDIRECT] 
2025-01-09 14:35:38,653 [ERROR] LogOutputStream:75 - [STDERR_REDIRECT] [Fatal Error] :1:1: Premature end of file.
2025-01-09 14:35:38,653 [ERROR] LogOutputStream:75 - [STDERR_REDIRECT] 
2025-01-09 14:35:39,665 [ERROR] LogOutputStream:75 - [STDERR_REDIRECT] [Fatal Error] :1:1: Premature end of file.
2025-01-09 14:35:39,665 [ERROR] LogOutputStream:75 - [STDERR_REDIRECT] 
2025-01-09 14:35:40,641 [ERROR] LogOutputStream:75 - [STDERR_REDIRECT] [Fatal Error] :1:1: Premature end of file.
2025-01-09 14:35:40,641 [ERROR] LogOutputStream:75 - [STDERR_REDIRECT] 
2025-01-09 14:35:41,646 [ERROR] LogOutputStream:75 - [STDERR_REDIRECT] [Fatal Error] :1:1: Premature end of file.
2025-01-09 14:35:41,646 [ERROR] LogOutputStream:75 - [STDERR_REDIRECT] 
2025-01-09 14:35:42,651 [ERROR] LogOutputStream:75 - [STDERR_REDIRECT] [Fatal Error] :1:1: Premature end of file.
2025-01-09 14:35:42,651 [ERROR] LogOutputStream:75 - [STDERR_REDIRECT] 
2025-01-09 14:35:43,652 [ERROR] LogOutputStream:75 - [STDERR_REDIRECT] [Fatal Error] :1:1: Premature end of file.
2025-01-09 14:35:43,652 [ERROR] LogOutputStream:75 - [STDERR_REDIRECT] 
2025-01-09 14:35:44,647 [ERROR] LogOutputStream:75 - [STDERR_REDIRECT] [Fatal Error] :1:1: Premature end of file.
2025-01-09 14:35:44,647 [ERROR] LogOutputStream:75 - [STDERR_REDIRECT] 
2025-01-09 14:35:45,656 [ERROR] LogOutputStream:75 - [STDERR_REDIRECT] [Fatal Error] :1:1: Premature end of file.
2025-01-09 14:35:45,656 [ERROR] LogOutputStream:75 - [STDERR_REDIRECT] 
2025-01-09 14:35:46,656 [ERROR] LogOutputStream:75 - [STDERR_REDIRECT] [Fatal Error] :1:1: Premature end of file.
2025-01-09 14:35:46,656 [ERROR] LogOutputStream:75 - [STDERR_REDIRECT] 
2025-01-09 14:35:47,646 [ERROR] LogOutputStream:75 - [STDERR_REDIRECT] [Fatal Error] :1:1: Premature end of file.
2025-01-09 14:35:47,646 [ERROR] LogOutputStream:75 - [STDERR_REDIRECT] 
2025-01-09 14:35:48,657 [ERROR] LogOutputStream:75 - [STDERR_REDIRECT] [Fatal Error] :1:1: Premature end of file.
2025-01-09 14:35:48,657 [ERROR] LogOutputStream:75 - [STDERR_REDIRECT] 
2025-01-09 14:35:49,651 [ERROR] LogOutputStream:75 - [STDERR_REDIRECT] [Fatal Error] :1:1: Premature end of file.
2025-01-09 14:35:49,651 [ERROR] LogOutputStream:75 - [STDERR_REDIRECT] 
2025-01-09 14:35:50,662 [ERROR] LogOutputStream:75 - [STDERR_REDIRECT] [Fatal Error] :1:1: Premature end of file.
2025-01-09 14:35:50,662 [ERROR] LogOutputStream:75 - [STDERR_REDIRECT] 
2025-01-09 14:35:51,650 [ERROR] LogOutputStream:75 - [STDERR_REDIRECT] [Fatal Error] :1:1: Premature end of file.
2025-01-09 14:35:51,650 [ERROR] LogOutputStream:75 - [STDERR_REDIRECT] 
2025-01-09 14:35:52,650 [ERROR] LogOutputStream:75 - [STDERR_REDIRECT] [Fatal Error] :1:1: Premature end of file.
2025-01-09 14:35:52,650 [ERROR] LogOutputStream:75 - [STDERR_REDIRECT] 
2025-01-09 14:35:53,651 [ERROR] LogOutputStream:75 - [STDERR_REDIRECT] [Fatal Error] :1:1: Premature end of file.
2025-01-09 14:35:53,651 [ERROR] LogOutputStream:75 - [STDERR_REDIRECT] 
2025-01-09 14:35:54,645 [ERROR] LogOutputStream:75 - [STDERR_REDIRECT] [Fatal Error] :1:1: Premature end of file.
2025-01-09 14:35:54,645 [ERROR] LogOutputStream:75 - [STDERR_REDIRECT] 
2025-01-09 14:35:55,655 [ERROR] LogOutputStream:75 - [STDERR_REDIRECT] [Fatal Error] :1:1: Premature end of file.
2025-01-09 14:35:55,655 [ERROR] LogOutputStream:75 - [STDERR_REDIRECT] 
2025-01-09 14:35:56,645 [ERROR] LogOutputStream:75 - [STDERR_REDIRECT] [Fatal Error] :1:1: Premature end of file.
2025-01-09 14:35:56,645 [ERROR] LogOutputStream:75 - [STDERR_REDIRECT] 
2025-01-09 14:35:57,655 [ERROR] LogOutputStream:75 - [STDERR_REDIRECT] [Fatal Error] :1:1: Premature end of file.
2025-01-09 14:35:57,655 [ERROR] LogOutputStream:75 - [STDERR_REDIRECT] 
2025-01-09 14:35:58,651 [ERROR] LogOutputStream:75 - [STDERR_REDIRECT] [Fatal Error] :1:1: Premature end of file.
2025-01-09 14:35:58,651 [ERROR] LogOutputStream:75 - [STDERR_REDIRECT] 
2025-01-09 14:35:59,652 [ERROR] LogOutputStream:75 - [STDERR_REDIRECT] [Fatal Error] :1:1: Premature end of file.
2025-01-09 14:35:59,652 [ERROR] LogOutputStream:75 - [STDERR_REDIRECT] 
2025-01-09 14:36:00,657 [ERROR] LogOutputStream:75 - [STDERR_REDIRECT] [Fatal Error] :1:1: Premature end of file.
2025-01-09 14:36:00,658 [ERROR] LogOutputStream:75 - [STDERR_REDIRECT] 
2025-01-09 14:36:01,652 [ERROR] LogOutputStream:75 - [STDERR_REDIRECT] [Fatal Error] :1:1: Premature end of file.
2025-01-09 14:36:01,652 [ERROR] LogOutputStream:75 - [STDERR_REDIRECT] 
2025-01-09 14:36:02,653 [ERROR] LogOutputStream:75 - [STDERR_REDIRECT] [Fatal Error] :1:1: Premature end of file.
2025-01-09 14:36:02,653 [ERROR] LogOutputStream:75 - [STDERR_REDIRECT] 
2025-01-09 14:36:03,646 [ERROR] LogOutputStream:75 - [STDERR_REDIRECT] [Fatal Error] :1:1: Premature end of file.
2025-01-09 14:36:03,646 [ERROR] LogOutputStream:75 - [STDERR_REDIRECT] 
2025-01-09 14:36:04,648 [ERROR] LogOutputStream:75 - [STDERR_REDIRECT] [Fatal Error] :1:1: Premature end of file.
2025-01-09 14:36:04,648 [ERROR] LogOutputStream:75 - [STDERR_REDIRECT] 
2025-01-09 14:36:05,649 [ERROR] LogOutputStream:75 - [STDERR_REDIRECT] [Fatal Error] :1:1: Premature end of file.
2025-01-09 14:36:05,649 [ERROR] LogOutputStream:75 - [STDERR_REDIRECT] 
2025-01-09 14:36:06,657 [ERROR] LogOutputStream:75 - [STDERR_REDIRECT] [Fatal Error] :1:1: Premature end of file.
2025-01-09 14:36:06,657 [ERROR] LogOutputStream:75 - [STDERR_REDIRECT] 
2025-01-09 14:36:07,644 [ERROR] LogOutputStream:75 - [STDERR_REDIRECT] [Fatal Error] :1:1: Premature end of file.
2025-01-09 14:36:07,644 [ERROR] LogOutputStream:75 - [STDERR_REDIRECT] 
2025-01-09 14:36:08,646 [ERROR] LogOutputStream:75 - [STDERR_REDIRECT] [Fatal Error] :1:1: Premature end of file.
2025-01-09 14:36:08,646 [ERROR] LogOutputStream:75 - [STDERR_REDIRECT] 
2025-01-09 14:36:09,653 [ERROR] LogOutputStream:75 - [STDERR_REDIRECT] [Fatal Error] :1:1: Premature end of file.
2025-01-09 14:36:09,653 [ERROR] LogOutputStream:75 - [STDERR_REDIRECT] 
2025-01-09 14:36:10,659 [ERROR] LogOutputStream:75 - [STDERR_REDIRECT] [Fatal Error] :1:1: Premature end of file.
2025-01-09 14:36:10,659 [ERROR] LogOutputStream:75 - [STDERR_REDIRECT] 
2025-01-09 14:36:11,648 [ERROR] LogOutputStream:75 - [STDERR_REDIRECT] [Fatal Error] :1:1: Premature end of file.
2025-01-09 14:36:11,648 [ERROR] LogOutputStream:75 - [STDERR_REDIRECT] 
2025-01-09 14:36:12,656 [ERROR] LogOutputStream:75 - [STDERR_REDIRECT] [Fatal Error] :1:1: Premature end of file.
2025-01-09 14:36:12,656 [ERROR] LogOutputStream:75 - [STDERR_REDIRECT] 
2025-01-09 14:36:13,651 [ERROR] LogOutputStream:75 - [STDERR_REDIRECT] [Fatal Error] :1:1: Premature end of file.
2025-01-09 14:36:13,651 [ERROR] LogOutputStream:75 - [STDERR_REDIRECT] 
2025-01-09 14:36:14,647 [ERROR] LogOutputStream:75 - [STDERR_REDIRECT] [Fatal Error] :1:1: Premature end of file.
2025-01-09 14:36:14,647 [ERROR] LogOutputStream:75 - [STDERR_REDIRECT] 
2025-01-09 14:36:15,659 [ERROR] LogOutputStream:75 - [STDERR_REDIRECT] [Fatal Error] :1:1: Premature end of file.
2025-01-09 14:36:15,659 [ERROR] LogOutputStream:75 - [STDERR_REDIRECT] 
2025-01-09 14:36:16,647 [ERROR] LogOutputStream:75 - [STDERR_REDIRECT] [Fatal Error] :1:1: Premature end of file.
2025-01-09 14:36:16,647 [ERROR] LogOutputStream:75 - [STDERR_REDIRECT] 
2025-01-09 14:36:17,642 [ERROR] LogOutputStream:75 - [STDERR_REDIRECT] [Fatal Error] :1:1: Premature end of file.
2025-01-09 14:36:17,642 [ERROR] LogOutputStream:75 - [STDERR_REDIRECT] 
2025-01-09 14:36:18,650 [ERROR] LogOutputStream:75 - [STDERR_REDIRECT] [Fatal Error] :1:1: Premature end of file.
2025-01-09 14:36:18,650 [ERROR] LogOutputStream:75 - [STDERR_REDIRECT] 
2025-01-09 14:36:19,647 [ERROR] LogOutputStream:75 - [STDERR_REDIRECT] [Fatal Error] :1:1: Premature end of file.
2025-01-09 14:36:19,647 [ERROR] LogOutputStream:75 - [STDERR_REDIRECT] 
2025-01-09 14:36:20,647 [ERROR] LogOutputStream:75 - [STDERR_REDIRECT] [Fatal Error] :1:1: Premature end of file.
2025-01-09 14:36:20,647 [ERROR] LogOutputStream:75 - [STDERR_REDIRECT] 
2025-01-09 14:36:21,654 [ERROR] LogOutputStream:75 - [STDERR_REDIRECT] [Fatal Error] :1:1: Premature end of file.
2025-01-09 14:36:21,654 [ERROR] LogOutputStream:75 - [STDERR_REDIRECT] 
2025-01-09 14:36:22,644 [ERROR] LogOutputStream:75 - [STDERR_REDIRECT] [Fatal Error] :1:1: Premature end of file.
2025-01-09 14:36:22,644 [ERROR] LogOutputStream:75 - [STDERR_REDIRECT] 
2025-01-09 14:36:23,655 [ERROR] LogOutputStream:75 - [STDERR_REDIRECT] [Fatal Error] :1:1: Premature end of file.
2025-01-09 14:36:23,655 [ERROR] LogOutputStream:75 - [STDERR_REDIRECT] 
2025-01-09 14:36:24,647 [ERROR] LogOutputStream:75 - [STDERR_REDIRECT] [Fatal Error] :1:1: Premature end of file.
2025-01-09 14:36:24,647 [ERROR] LogOutputStream:75 - [STDERR_REDIRECT] 
2025-01-09 14:36:25,657 [ERROR] LogOutputStream:75 - [STDERR_REDIRECT] [Fatal Error] :1:1: Premature end of file.
2025-01-09 14:36:25,657 [ERROR] LogOutputStream:75 - [STDERR_REDIRECT] 
2025-01-09 14:36:26,651 [ERROR] LogOutputStream:75 - [STDERR_REDIRECT] [Fatal Error] :1:1: Premature end of file.
2025-01-09 14:36:26,651 [ERROR] LogOutputStream:75 - [STDERR_REDIRECT] 
2025-01-09 14:36:27,643 [ERROR] LogOutputStream:75 - [STDERR_REDIRECT] [Fatal Error] :1:1: Premature end of file.
2025-01-09 14:36:27,643 [ERROR] LogOutputStream:75 - [STDERR_REDIRECT] 
2025-01-09 14:36:28,658 [ERROR] LogOutputStream:75 - [STDERR_REDIRECT] [Fatal Error] :1:1: Premature end of file.
2025-01-09 14:36:28,658 [ERROR] LogOutputStream:75 - [STDERR_REDIRECT] 
2025-01-09 14:36:29,642 [ERROR] LogOutputStream:75 - [STDERR_REDIRECT] [Fatal Error] :1:1: Premature end of file.
2025-01-09 14:36:29,642 [ERROR] LogOutputStream:75 - [STDERR_REDIRECT] 
2025-01-09 14:36:30,658 [ERROR] LogOutputStream:75 - [STDERR_REDIRECT] [Fatal Error] :1:1: Premature end of file.
2025-01-09 14:36:30,658 [ERROR] LogOutputStream:75 - [STDERR_REDIRECT] 
2025-01-09 14:36:31,663 [ERROR] LogOutputStream:75 - [STDERR_REDIRECT] [Fatal Error] :1:1: Premature end of file.
2025-01-09 14:36:31,663 [ERROR] LogOutputStream:75 - [STDERR_REDIRECT] 
2025-01-09 14:36:32,648 [ERROR] LogOutputStream:75 - [STDERR_REDIRECT] [Fatal Error] :1:1: Premature end of file.
2025-01-09 14:36:32,648 [ERROR] LogOutputStream:75 - [STDERR_REDIRECT] 
2025-01-09 14:36:33,656 [ERROR] LogOutputStream:75 - [STDERR_REDIRECT] [Fatal Error] :1:1: Premature end of file.
2025-01-09 14:36:33,656 [ERROR] LogOutputStream:75 - [STDERR_REDIRECT] 
2025-01-09 14:36:34,652 [ERROR] LogOutputStream:75 - [STDERR_REDIRECT] [Fatal Error] :1:1: Premature end of file.
2025-01-09 14:36:34,654 [ERROR] LogOutputStream:75 - [STDERR_REDIRECT] 
2025-01-09 14:36:35,641 [ERROR] LogOutputStream:75 - [STDERR_REDIRECT] [Fatal Error] :1:1: Premature end of file.
2025-01-09 14:36:35,641 [ERROR] LogOutputStream:75 - [STDERR_REDIRECT] 
2025-01-09 14:36:36,650 [ERROR] LogOutputStream:75 - [STDERR_REDIRECT] [Fatal Error] :1:1: Premature end of file.
2025-01-09 14:36:36,650 [ERROR] LogOutputStream:75 - [STDERR_REDIRECT] 
2025-01-09 14:36:37,655 [ERROR] LogOutputStream:75 - [STDERR_REDIRECT] [Fatal Error] :1:1: Premature end of file.
2025-01-09 14:36:37,655 [ERROR] LogOutputStream:75 - [STDERR_REDIRECT] 
2025-01-09 14:36:38,645 [ERROR] LogOutputStream:75 - [STDERR_REDIRECT] [Fatal Error] :1:1: Premature end of file.
2025-01-09 14:36:38,645 [ERROR] LogOutputStream:75 - [STDERR_REDIRECT] 
2025-01-09 14:36:39,650 [ERROR] LogOutputStream:75 - [STDERR_REDIRECT] [Fatal Error] :1:1: Premature end of file.
2025-01-09 14:36:39,650 [ERROR] LogOutputStream:75 - [STDERR_REDIRECT] 
2025-01-09 14:36:40,642 [ERROR] LogOutputStream:75 - [STDERR_REDIRECT] [Fatal Error] :1:1: Premature end of file.
2025-01-09 14:36:40,642 [ERROR] LogOutputStream:75 - [STDERR_REDIRECT] 
2025-01-09 14:36:41,650 [ERROR] LogOutputStream:75 - [STDERR_REDIRECT] [Fatal Error] :1:1: Premature end of file.
2025-01-09 14:36:41,650 [ERROR] LogOutputStream:75 - [STDERR_REDIRECT] 
2025-01-09 14:36:42,659 [ERROR] LogOutputStream:75 - [STDERR_REDIRECT] [Fatal Error] :1:1: Premature end of file.
2025-01-09 14:36:42,659 [ERROR] LogOutputStream:75 - [STDERR_REDIRECT] 
2025-01-09 14:36:43,646 [ERROR] LogOutputStream:75 - [STDERR_REDIRECT] [Fatal Error] :1:1: Premature end of file.
2025-01-09 14:36:43,646 [ERROR] LogOutputStream:75 - [STDERR_REDIRECT] 
2025-01-09 14:36:44,654 [ERROR] LogOutputStream:75 - [STDERR_REDIRECT] [Fatal Error] :1:1: Premature end of file.
2025-01-09 14:36:44,654 [ERROR] LogOutputStream:75 - [STDERR_REDIRECT] 
2025-01-09 14:36:45,645 [ERROR] LogOutputStream:75 - [STDERR_REDIRECT] [Fatal Error] :1:1: Premature end of file.
2025-01-09 14:36:45,645 [ERROR] LogOutputStream:75 - [STDERR_REDIRECT] 
2025-01-09 14:36:46,653 [ERROR] LogOutputStream:75 - [STDERR_REDIRECT] [Fatal Error] :1:1: Premature end of file.
2025-01-09 14:36:46,653 [ERROR] LogOutputStream:75 - [STDERR_REDIRECT] 
2025-01-09 14:36:47,647 [ERROR] LogOutputStream:75 - [STDERR_REDIRECT] [Fatal Error] :1:1: Premature end of file.
2025-01-09 14:36:47,647 [ERROR] LogOutputStream:75 - [STDERR_REDIRECT] 
2025-01-09 14:36:48,656 [ERROR] LogOutputStream:75 - [STDERR_REDIRECT] [Fatal Error] :1:1: Premature end of file.
2025-01-09 14:36:48,656 [ERROR] LogOutputStream:75 - [STDERR_REDIRECT] 
2025-01-09 14:36:49,655 [ERROR] LogOutputStream:75 - [STDERR_REDIRECT] [Fatal Error] :1:1: Premature end of file.
2025-01-09 14:36:49,655 [ERROR] LogOutputStream:75 - [STDERR_REDIRECT] 
2025-01-09 14:36:50,641 [ERROR] LogOutputStream:75 - [STDERR_REDIRECT] [Fatal Error] :1:1: Premature end of file.
2025-01-09 14:36:50,641 [ERROR] LogOutputStream:75 - [STDERR_REDIRECT] 
2025-01-09 14:36:51,649 [ERROR] LogOutputStream:75 - [STDERR_REDIRECT] [Fatal Error] :1:1: Premature end of file.
2025-01-09 14:36:51,649 [ERROR] LogOutputStream:75 - [STDERR_REDIRECT] 
2025-01-09 14:36:52,656 [ERROR] LogOutputStream:75 - [STDERR_REDIRECT] [Fatal Error] :1:1: Premature end of file.
2025-01-09 14:36:52,656 [ERROR] LogOutputStream:75 - [STDERR_REDIRECT] 
2025-01-09 14:36:53,644 [ERROR] LogOutputStream:75 - [STDERR_REDIRECT] [Fatal Error] :1:1: Premature end of file.
2025-01-09 14:36:53,644 [ERROR] LogOutputStream:75 - [STDERR_REDIRECT] 
2025-01-09 14:36:54,657 [ERROR] LogOutputStream:75 - [STDERR_REDIRECT] [Fatal Error] :1:1: Premature end of file.
2025-01-09 14:36:54,657 [ERROR] LogOutputStream:75 - [STDERR_REDIRECT] 
2025-01-09 14:36:55,645 [ERROR] LogOutputStream:75 - [STDERR_REDIRECT] [Fatal Error] :1:1: Premature end of file.
2025-01-09 14:36:55,645 [ERROR] LogOutputStream:75 - [STDERR_REDIRECT] 
2025-01-09 14:36:56,654 [ERROR] LogOutputStream:75 - [STDERR_REDIRECT] [Fatal Error] :1:1: Premature end of file.
2025-01-09 14:36:56,654 [ERROR] LogOutputStream:75 - [STDERR_REDIRECT] 
2025-01-09 14:36:57,646 [ERROR] LogOutputStream:75 - [STDERR_REDIRECT] [Fatal Error] :1:1: Premature end of file.
2025-01-09 14:36:57,646 [ERROR] LogOutputStream:75 - [STDERR_REDIRECT] 
2025-01-09 14:36:58,642 [ERROR] LogOutputStream:75 - [STDERR_REDIRECT] [Fatal Error] :1:1: Premature end of file.
2025-01-09 14:36:58,642 [ERROR] LogOutputStream:75 - [STDERR_REDIRECT] 
2025-01-09 14:36:59,655 [ERROR] LogOutputStream:75 - [STDERR_REDIRECT] [Fatal Error] :1:1: Premature end of file.
2025-01-09 14:36:59,655 [ERROR] LogOutputStream:75 - [STDERR_REDIRECT] 
2025-01-09 14:37:00,645 [ERROR] LogOutputStream:75 - [STDERR_REDIRECT] [Fatal Error] :1:1: Premature end of file.
2025-01-09 14:37:00,645 [ERROR] LogOutputStream:75 - [STDERR_REDIRECT] 
2025-01-09 14:37:01,650 [ERROR] LogOutputStream:75 - [STDERR_REDIRECT] [Fatal Error] :1:1: Premature end of file.
2025-01-09 14:37:01,650 [ERROR] LogOutputStream:75 - [STDERR_REDIRECT] 
2025-01-09 14:37:02,657 [ERROR] LogOutputStream:75 - [STDERR_REDIRECT] [Fatal Error] :1:1: Premature end of file.
2025-01-09 14:37:02,657 [ERROR] LogOutputStream:75 - [STDERR_REDIRECT] 
2025-01-09 14:37:03,651 [ERROR] LogOutputStream:75 - [STDERR_REDIRECT] [Fatal Error] :1:1: Premature end of file.
2025-01-09 14:37:03,651 [ERROR] LogOutputStream:75 - [STDERR_REDIRECT] 
2025-01-09 14:37:04,646 [ERROR] LogOutputStream:75 - [STDERR_REDIRECT] [Fatal Error] :1:1: Premature end of file.
2025-01-09 14:37:04,646 [ERROR] LogOutputStream:75 - [STDERR_REDIRECT] 
2025-01-09 14:37:05,654 [ERROR] LogOutputStream:75 - [STDERR_REDIRECT] [Fatal Error] :1:1: Premature end of file.
2025-01-09 14:37:05,654 [ERROR] LogOutputStream:75 - [STDERR_REDIRECT] 
2025-01-09 14:37:06,641 [ERROR] LogOutputStream:75 - [STDERR_REDIRECT] [Fatal Error] :1:1: Premature end of file.
2025-01-09 14:37:06,641 [ERROR] LogOutputStream:75 - [STDERR_REDIRECT] 
2025-01-09 14:37:07,644 [ERROR] LogOutputStream:75 - [STDERR_REDIRECT] [Fatal Error] :1:1: Premature end of file.
2025-01-09 14:37:07,644 [ERROR] LogOutputStream:75 - [STDERR_REDIRECT] 
2025-01-09 14:37:08,649 [ERROR] LogOutputStream:75 - [STDERR_REDIRECT] [Fatal Error] :1:1: Premature end of file.
2025-01-09 14:37:08,649 [ERROR] LogOutputStream:75 - [STDERR_REDIRECT] 
2025-01-09 14:37:09,643 [ERROR] LogOutputStream:75 - [STDERR_REDIRECT] [Fatal Error] :1:1: Premature end of file.
2025-01-09 14:37:09,643 [ERROR] LogOutputStream:75 - [STDERR_REDIRECT] 
2025-01-09 14:37:10,655 [ERROR] LogOutputStream:75 - [STDERR_REDIRECT] [Fatal Error] :1:1: Premature end of file.
2025-01-09 14:37:10,655 [ERROR] LogOutputStream:75 - [STDERR_REDIRECT] 
2025-01-09 14:37:11,641 [ERROR] LogOutputStream:75 - [STDERR_REDIRECT] [Fatal Error] :1:1: Premature end of file.
2025-01-09 14:37:11,641 [ERROR] LogOutputStream:75 - [STDERR_REDIRECT] 
2025-01-09 14:37:12,649 [ERROR] LogOutputStream:75 - [STDERR_REDIRECT] [Fatal Error] :1:1: Premature end of file.
2025-01-09 14:37:12,649 [ERROR] LogOutputStream:75 - [STDERR_REDIRECT] 
2025-01-09 14:37:13,642 [ERROR] LogOutputStream:75 - [STDERR_REDIRECT] [Fatal Error] :1:1: Premature end of file.
2025-01-09 14:37:13,642 [ERROR] LogOutputStream:75 - [STDERR_REDIRECT] 
2025-01-09 14:37:14,659 [ERROR] LogOutputStream:75 - [STDERR_REDIRECT] [Fatal Error] :1:1: Premature end of file.
2025-01-09 14:37:14,659 [ERROR] LogOutputStream:75 - [STDERR_REDIRECT] 
2025-01-09 14:37:15,652 [ERROR] LogOutputStream:75 - [STDERR_REDIRECT] [Fatal Error] :1:1: Premature end of file.
2025-01-09 14:37:15,652 [ERROR] LogOutputStream:75 - [STDERR_REDIRECT] 
2025-01-09 14:37:16,660 [ERROR] LogOutputStream:75 - [STDERR_REDIRECT] [Fatal Error] :1:1: Premature end of file.
2025-01-09 14:37:16,660 [ERROR] LogOutputStream:75 - [STDERR_REDIRECT] 
2025-01-09 14:37:17,648 [ERROR] LogOutputStream:75 - [STDERR_REDIRECT] [Fatal Error] :1:1: Premature end of file.
2025-01-09 14:37:17,648 [ERROR] LogOutputStream:75 - [STDERR_REDIRECT] 
2025-01-09 14:37:18,648 [ERROR] LogOutputStream:75 - [STDERR_REDIRECT] [Fatal Error] :1:1: Premature end of file.
2025-01-09 14:37:18,648 [ERROR] LogOutputStream:75 - [STDERR_REDIRECT] 
2025-01-09 14:37:19,648 [ERROR] LogOutputStream:75 - [STDERR_REDIRECT] [Fatal Error] :1:1: Premature end of file.
2025-01-09 14:37:19,648 [ERROR] LogOutputStream:75 - [STDERR_REDIRECT] 
2025-01-09 14:37:20,653 [ERROR] LogOutputStream:75 - [STDERR_REDIRECT] [Fatal Error] :1:1: Premature end of file.
2025-01-09 14:37:20,653 [ERROR] LogOutputStream:75 - [STDERR_REDIRECT] 
2025-01-09 14:37:21,652 [ERROR] LogOutputStream:75 - [STDERR_REDIRECT] [Fatal Error] :1:1: Premature end of file.
2025-01-09 14:37:21,652 [ERROR] LogOutputStream:75 - [STDERR_REDIRECT] 
2025-01-09 14:37:22,645 [ERROR] LogOutputStream:75 - [STDERR_REDIRECT] [Fatal Error] :1:1: Premature end of file.
2025-01-09 14:37:22,645 [ERROR] LogOutputStream:75 - [STDERR_REDIRECT] 
2025-01-09 14:37:23,651 [ERROR] LogOutputStream:75 - [STDERR_REDIRECT] [Fatal Error] :1:1: Premature end of file.
2025-01-09 14:37:23,651 [ERROR] LogOutputStream:75 - [STDERR_REDIRECT] 
2025-01-09 14:37:24,646 [ERROR] LogOutputStream:75 - [STDERR_REDIRECT] [Fatal Error] :1:1: Premature end of file.
2025-01-09 14:37:24,646 [ERROR] LogOutputStream:75 - [STDERR_REDIRECT] 
2025-01-09 14:37:25,645 [ERROR] LogOutputStream:75 - [STDERR_REDIRECT] [Fatal Error] :1:1: Premature end of file.
2025-01-09 14:37:25,645 [ERROR] LogOutputStream:75 - [STDERR_REDIRECT] 
2025-01-09 14:37:26,654 [ERROR] LogOutputStream:75 - [STDERR_REDIRECT] [Fatal Error] :1:1: Premature end of file.
2025-01-09 14:37:26,654 [ERROR] LogOutputStream:75 - [STDERR_REDIRECT] 
2025-01-09 14:37:27,648 [ERROR] LogOutputStream:75 - [STDERR_REDIRECT] [Fatal Error] :1:1: Premature end of file.
2025-01-09 14:37:27,648 [ERROR] LogOutputStream:75 - [STDERR_REDIRECT] 
2025-01-09 14:37:28,656 [ERROR] LogOutputStream:75 - [STDERR_REDIRECT] [Fatal Error] :1:1: Premature end of file.
2025-01-09 14:37:28,656 [ERROR] LogOutputStream:75 - [STDERR_REDIRECT] 
2025-01-09 14:37:29,655 [ERROR] LogOutputStream:75 - [STDERR_REDIRECT] [Fatal Error] :1:1: Premature end of file.
2025-01-09 14:37:29,655 [ERROR] LogOutputStream:75 - [STDERR_REDIRECT] 
2025-01-09 14:37:30,647 [ERROR] LogOutputStream:75 - [STDERR_REDIRECT] [Fatal Error] :1:1: Premature end of file.
2025-01-09 14:37:30,647 [ERROR] LogOutputStream:75 - [STDERR_REDIRECT] 
2025-01-09 14:37:31,649 [ERROR] LogOutputStream:75 - [STDERR_REDIRECT] [Fatal Error] :1:1: Premature end of file.
2025-01-09 14:37:31,649 [ERROR] LogOutputStream:75 - [STDERR_REDIRECT] 
2025-01-09 14:37:32,651 [ERROR] LogOutputStream:75 - [STDERR_REDIRECT] [Fatal Error] :1:1: Premature end of file.
2025-01-09 14:37:32,651 [ERROR] LogOutputStream:75 - [STDERR_REDIRECT] 
2025-01-09 14:37:33,646 [ERROR] LogOutputStream:75 - [STDERR_REDIRECT] [Fatal Error] :1:1: Premature end of file.
2025-01-09 14:37:33,646 [ERROR] LogOutputStream:75 - [STDERR_REDIRECT] 
2025-01-09 14:37:34,649 [ERROR] LogOutputStream:75 - [STDERR_REDIRECT] [Fatal Error] :1:1: Premature end of file.
2025-01-09 14:37:34,649 [ERROR] LogOutputStream:75 - [STDERR_REDIRECT] 
2025-01-09 14:37:35,656 [ERROR] LogOutputStream:75 - [STDERR_REDIRECT] [Fatal Error] :1:1: Premature end of file.
2025-01-09 14:37:35,656 [ERROR] LogOutputStream:75 - [STDERR_REDIRECT] 
2025-01-09 14:37:36,649 [ERROR] LogOutputStream:75 - [STDERR_REDIRECT] [Fatal Error] :1:1: Premature end of file.
2025-01-09 14:37:36,649 [ERROR] LogOutputStream:75 - [STDERR_REDIRECT] 
2025-01-09 14:37:37,653 [ERROR] LogOutputStream:75 - [STDERR_REDIRECT] [Fatal Error] :1:1: Premature end of file.
2025-01-09 14:37:37,653 [ERROR] LogOutputStream:75 - [STDERR_REDIRECT] 
2025-01-09 14:37:38,645 [ERROR] LogOutputStream:75 - [STDERR_REDIRECT] [Fatal Error] :1:1: Premature end of file.
2025-01-09 14:37:38,645 [ERROR] LogOutputStream:75 - [STDERR_REDIRECT] 
2025-01-09 14:37:39,647 [ERROR] LogOutputStream:75 - [STDERR_REDIRECT] [Fatal Error] :1:1: Premature end of file.
2025-01-09 14:37:39,647 [ERROR] LogOutputStream:75 - [STDERR_REDIRECT] 
2025-01-09 14:37:40,655 [ERROR] LogOutputStream:75 - [STDERR_REDIRECT] [Fatal Error] :1:1: Premature end of file.
2025-01-09 14:37:40,655 [ERROR] LogOutputStream:75 - [STDERR_REDIRECT] 
2025-01-09 14:37:41,648 [ERROR] LogOutputStream:75 - [STDERR_REDIRECT] [Fatal Error] :1:1: Premature end of file.
2025-01-09 14:37:41,648 [ERROR] LogOutputStream:75 - [STDERR_REDIRECT] 
2025-01-09 14:37:42,648 [ERROR] LogOutputStream:75 - [STDERR_REDIRECT] [Fatal Error] :1:1: Premature end of file.
2025-01-09 14:37:42,648 [ERROR] LogOutputStream:75 - [STDERR_REDIRECT] 
2025-01-09 14:37:43,652 [ERROR] LogOutputStream:75 - [STDERR_REDIRECT] [Fatal Error] :1:1: Premature end of file.
2025-01-09 14:37:43,652 [ERROR] LogOutputStream:75 - [STDERR_REDIRECT] 
2025-01-09 14:37:44,648 [ERROR] LogOutputStream:75 - [STDERR_REDIRECT] [Fatal Error] :1:1: Premature end of file.
2025-01-09 14:37:44,648 [ERROR] LogOutputStream:75 - [STDERR_REDIRECT] 
2025-01-09 14:37:45,659 [ERROR] LogOutputStream:75 - [STDERR_REDIRECT] [Fatal Error] :1:1: Premature end of file.
2025-01-09 14:37:45,659 [ERROR] LogOutputStream:75 - [STDERR_REDIRECT] 
2025-01-09 14:37:46,643 [ERROR] LogOutputStream:75 - [STDERR_REDIRECT] [Fatal Error] :1:1: Premature end of file.
2025-01-09 14:37:46,643 [ERROR] LogOutputStream:75 - [STDERR_REDIRECT] 
2025-01-09 14:37:47,660 [ERROR] LogOutputStream:75 - [STDERR_REDIRECT] [Fatal Error] :1:1: Premature end of file.
2025-01-09 14:37:47,660 [ERROR] LogOutputStream:75 - [STDERR_REDIRECT] 
2025-01-09 14:37:48,645 [ERROR] LogOutputStream:75 - [STDERR_REDIRECT] [Fatal Error] :1:1: Premature end of file.
2025-01-09 14:37:48,645 [ERROR] LogOutputStream:75 - [STDERR_REDIRECT] 
2025-01-09 14:37:49,657 [ERROR] LogOutputStream:75 - [STDERR_REDIRECT] [Fatal Error] :1:1: Premature end of file.
2025-01-09 14:37:49,657 [ERROR] LogOutputStream:75 - [STDERR_REDIRECT] 
2025-01-09 14:37:50,658 [ERROR] LogOutputStream:75 - [STDERR_REDIRECT] [Fatal Error] :1:1: Premature end of file.
2025-01-09 14:37:50,658 [ERROR] LogOutputStream:75 - [STDERR_REDIRECT] 
2025-01-09 14:37:51,649 [ERROR] LogOutputStream:75 - [STDERR_REDIRECT] [Fatal Error] :1:1: Premature end of file.
2025-01-09 14:37:51,649 [ERROR] LogOutputStream:75 - [STDERR_REDIRECT] 
2025-01-09 14:37:52,650 [ERROR] LogOutputStream:75 - [STDERR_REDIRECT] [Fatal Error] :1:1: Premature end of file.
2025-01-09 14:37:52,650 [ERROR] LogOutputStream:75 - [STDERR_REDIRECT] 
2025-01-09 14:37:53,657 [ERROR] LogOutputStream:75 - [STDERR_REDIRECT] [Fatal Error] :1:1: Premature end of file.
2025-01-09 14:37:53,657 [ERROR] LogOutputStream:75 - [STDERR_REDIRECT] 
2025-01-09 14:37:54,642 [ERROR] LogOutputStream:75 - [STDERR_REDIRECT] [Fatal Error] :1:1: Premature end of file.
2025-01-09 14:37:54,642 [ERROR] LogOutputStream:75 - [STDERR_REDIRECT] 
2025-01-09 14:37:55,642 [ERROR] LogOutputStream:75 - [STDERR_REDIRECT] [Fatal Error] :1:1: Premature end of file.
2025-01-09 14:37:55,642 [ERROR] LogOutputStream:75 - [STDERR_REDIRECT] 
2025-01-09 14:37:56,662 [ERROR] LogOutputStream:75 - [STDERR_REDIRECT] [Fatal Error] :1:1: Premature end of file.
2025-01-09 14:37:56,662 [ERROR] LogOutputStream:75 - [STDERR_REDIRECT] 
2025-01-09 14:37:57,648 [ERROR] LogOutputStream:75 - [STDERR_REDIRECT] [Fatal Error] :1:1: Premature end of file.
2025-01-09 14:37:57,648 [ERROR] LogOutputStream:75 - [STDERR_REDIRECT] 
2025-01-09 14:37:58,654 [ERROR] LogOutputStream:75 - [STDERR_REDIRECT] [Fatal Error] :1:1: Premature end of file.
2025-01-09 14:37:58,654 [ERROR] LogOutputStream:75 - [STDERR_REDIRECT] 
2025-01-09 14:37:59,644 [ERROR] LogOutputStream:75 - [STDERR_REDIRECT] [Fatal Error] :1:1: Premature end of file.
2025-01-09 14:37:59,644 [ERROR] LogOutputStream:75 - [STDERR_REDIRECT] 
2025-01-09 14:38:00,648 [ERROR] LogOutputStream:75 - [STDERR_REDIRECT] [Fatal Error] :1:1: Premature end of file.
2025-01-09 14:38:00,649 [ERROR] LogOutputStream:75 - [STDERR_REDIRECT] 
2025-01-09 14:38:01,657 [ERROR] LogOutputStream:75 - [STDERR_REDIRECT] [Fatal Error] :1:1: Premature end of file.
2025-01-09 14:38:01,657 [ERROR] LogOutputStream:75 - [STDERR_REDIRECT] 
2025-01-09 14:38:02,652 [ERROR] LogOutputStream:75 - [STDERR_REDIRECT] [Fatal Error] :1:1: Premature end of file.
2025-01-09 14:38:02,652 [ERROR] LogOutputStream:75 - [STDERR_REDIRECT] 
2025-01-09 14:38:03,650 [ERROR] LogOutputStream:75 - [STDERR_REDIRECT] [Fatal Error] :1:1: Premature end of file.
2025-01-09 14:38:03,650 [ERROR] LogOutputStream:75 - [STDERR_REDIRECT] 
2025-01-09 14:38:04,652 [ERROR] LogOutputStream:75 - [STDERR_REDIRECT] [Fatal Error] :1:1: Premature end of file.
2025-01-09 14:38:04,652 [ERROR] LogOutputStream:75 - [STDERR_REDIRECT] 
2025-01-09 14:38:05,648 [ERROR] LogOutputStream:75 - [STDERR_REDIRECT] [Fatal Error] :1:1: Premature end of file.
2025-01-09 14:38:05,648 [ERROR] LogOutputStream:75 - [STDERR_REDIRECT] 
2025-01-09 14:38:06,655 [ERROR] LogOutputStream:75 - [STDERR_REDIRECT] [Fatal Error] :1:1: Premature end of file.
2025-01-09 14:38:06,655 [ERROR] LogOutputStream:75 - [STDERR_REDIRECT] 
2025-01-09 14:38:07,656 [ERROR] LogOutputStream:75 - [STDERR_REDIRECT] [Fatal Error] :1:1: Premature end of file.
2025-01-09 14:38:07,656 [ERROR] LogOutputStream:75 - [STDERR_REDIRECT] 
2025-01-09 14:38:08,646 [ERROR] LogOutputStream:75 - [STDERR_REDIRECT] [Fatal Error] :1:1: Premature end of file.
2025-01-09 14:38:08,646 [ERROR] LogOutputStream:75 - [STDERR_REDIRECT] 
2025-01-09 14:38:09,647 [ERROR] LogOutputStream:75 - [STDERR_REDIRECT] [Fatal Error] :1:1: Premature end of file.
2025-01-09 14:38:09,647 [ERROR] LogOutputStream:75 - [STDERR_REDIRECT] 
2025-01-09 14:38:10,655 [ERROR] LogOutputStream:75 - [STDERR_REDIRECT] [Fatal Error] :1:1: Premature end of file.
2025-01-09 14:38:10,655 [ERROR] LogOutputStream:75 - [STDERR_REDIRECT] 
2025-01-09 14:38:11,654 [ERROR] LogOutputStream:75 - [STDERR_REDIRECT] [Fatal Error] :1:1: Premature end of file.
2025-01-09 14:38:11,654 [ERROR] LogOutputStream:75 - [STDERR_REDIRECT] 
2025-01-09 14:38:12,646 [ERROR] LogOutputStream:75 - [STDERR_REDIRECT] [Fatal Error] :1:1: Premature end of file.
2025-01-09 14:38:12,646 [ERROR] LogOutputStream:75 - [STDERR_REDIRECT] 
2025-01-09 14:38:13,648 [ERROR] LogOutputStream:75 - [STDERR_REDIRECT] [Fatal Error] :1:1: Premature end of file.
2025-01-09 14:38:13,648 [ERROR] LogOutputStream:75 - [STDERR_REDIRECT] 
2025-01-09 14:38:14,654 [ERROR] LogOutputStream:75 - [STDERR_REDIRECT] [Fatal Error] :1:1: Premature end of file.
2025-01-09 14:38:14,654 [ERROR] LogOutputStream:75 - [STDERR_REDIRECT] 
2025-01-09 14:38:15,661 [ERROR] LogOutputStream:75 - [STDERR_REDIRECT] [Fatal Error] :1:1: Premature end of file.
2025-01-09 14:38:15,661 [ERROR] LogOutputStream:75 - [STDERR_REDIRECT] 
2025-01-09 14:38:16,649 [ERROR] LogOutputStream:75 - [STDERR_REDIRECT] [Fatal Error] :1:1: Premature end of file.
2025-01-09 14:38:16,649 [ERROR] LogOutputStream:75 - [STDERR_REDIRECT] 
2025-01-09 14:38:17,650 [ERROR] LogOutputStream:75 - [STDERR_REDIRECT] [Fatal Error] :1:1: Premature end of file.
2025-01-09 14:38:17,650 [ERROR] LogOutputStream:75 - [STDERR_REDIRECT] 
2025-01-09 14:38:18,654 [ERROR] LogOutputStream:75 - [STDERR_REDIRECT] [Fatal Error] :1:1: Premature end of file.
2025-01-09 14:38:18,654 [ERROR] LogOutputStream:75 - [STDERR_REDIRECT] 
2025-01-09 14:38:19,659 [ERROR] LogOutputStream:75 - [STDERR_REDIRECT] [Fatal Error] :1:1: Premature end of file.
2025-01-09 14:38:19,659 [ERROR] LogOutputStream:75 - [STDERR_REDIRECT] 
2025-01-09 14:38:20,652 [ERROR] LogOutputStream:75 - [STDERR_REDIRECT] [Fatal Error] :1:1: Premature end of file.
2025-01-09 14:38:20,652 [ERROR] LogOutputStream:75 - [STDERR_REDIRECT] 
2025-01-09 14:38:21,650 [ERROR] LogOutputStream:75 - [STDERR_REDIRECT] [Fatal Error] :1:1: Premature end of file.
2025-01-09 14:38:21,650 [ERROR] LogOutputStream:75 - [STDERR_REDIRECT] 
2025-01-09 14:38:22,647 [ERROR] LogOutputStream:75 - [STDERR_REDIRECT] [Fatal Error] :1:1: Premature end of file.
2025-01-09 14:38:22,647 [ERROR] LogOutputStream:75 - [STDERR_REDIRECT] 
2025-01-09 14:38:23,653 [ERROR] LogOutputStream:75 - [STDERR_REDIRECT] [Fatal Error] :1:1: Premature end of file.
2025-01-09 14:38:23,653 [ERROR] LogOutputStream:75 - [STDERR_REDIRECT] 
2025-01-09 14:38:24,654 [ERROR] LogOutputStream:75 - [STDERR_REDIRECT] [Fatal Error] :1:1: Premature end of file.
2025-01-09 14:38:24,654 [ERROR] LogOutputStream:75 - [STDERR_REDIRECT] 
2025-01-09 14:38:25,649 [ERROR] LogOutputStream:75 - [STDERR_REDIRECT] [Fatal Error] :1:1: Premature end of file.
2025-01-09 14:38:25,649 [ERROR] LogOutputStream:75 - [STDERR_REDIRECT] 
2025-01-09 14:38:26,651 [ERROR] LogOutputStream:75 - [STDERR_REDIRECT] [Fatal Error] :1:1: Premature end of file.
2025-01-09 14:38:26,651 [ERROR] LogOutputStream:75 - [STDERR_REDIRECT] 
2025-01-09 14:38:27,659 [ERROR] LogOutputStream:75 - [STDERR_REDIRECT] [Fatal Error] :1:1: Premature end of file.
2025-01-09 14:38:27,659 [ERROR] LogOutputStream:75 - [STDERR_REDIRECT] 
2025-01-09 14:38:28,651 [ERROR] LogOutputStream:75 - [STDERR_REDIRECT] [Fatal Error] :1:1: Premature end of file.
2025-01-09 14:38:28,651 [ERROR] LogOutputStream:75 - [STDERR_REDIRECT] 
2025-01-09 14:38:29,651 [ERROR] LogOutputStream:75 - [STDERR_REDIRECT] [Fatal Error] :1:1: Premature end of file.
2025-01-09 14:38:29,651 [ERROR] LogOutputStream:75 - [STDERR_REDIRECT] 
2025-01-09 14:38:30,654 [ERROR] LogOutputStream:75 - [STDERR_REDIRECT] [Fatal Error] :1:1: Premature end of file.
2025-01-09 14:38:30,654 [ERROR] LogOutputStream:75 - [STDERR_REDIRECT] 
2025-01-09 14:38:31,646 [ERROR] LogOutputStream:75 - [STDERR_REDIRECT] [Fatal Error] :1:1: Premature end of file.
2025-01-09 14:38:31,646 [ERROR] LogOutputStream:75 - [STDERR_REDIRECT] 
2025-01-09 14:38:32,646 [ERROR] LogOutputStream:75 - [STDERR_REDIRECT] [Fatal Error] :1:1: Premature end of file.
2025-01-09 14:38:32,647 [ERROR] LogOutputStream:75 - [STDERR_REDIRECT] 
2025-01-09 14:38:33,653 [ERROR] LogOutputStream:75 - [STDERR_REDIRECT] [Fatal Error] :1:1: Premature end of file.
2025-01-09 14:38:33,653 [ERROR] LogOutputStream:75 - [STDERR_REDIRECT] 
2025-01-09 14:38:34,650 [ERROR] LogOutputStream:75 - [STDERR_REDIRECT] [Fatal Error] :1:1: Premature end of file.
2025-01-09 14:38:34,650 [ERROR] LogOutputStream:75 - [STDERR_REDIRECT] 
2025-01-09 14:38:35,653 [ERROR] LogOutputStream:75 - [STDERR_REDIRECT] [Fatal Error] :1:1: Premature end of file.
2025-01-09 14:38:35,653 [ERROR] LogOutputStream:75 - [STDERR_REDIRECT] 
2025-01-09 14:38:36,645 [ERROR] LogOutputStream:75 - [STDERR_REDIRECT] [Fatal Error] :1:1: Premature end of file.
2025-01-09 14:38:36,645 [ERROR] LogOutputStream:75 - [STDERR_REDIRECT] 
2025-01-09 14:38:37,647 [ERROR] LogOutputStream:75 - [STDERR_REDIRECT] [Fatal Error] :1:1: Premature end of file.
2025-01-09 14:38:37,647 [ERROR] LogOutputStream:75 - [STDERR_REDIRECT] 
2025-01-09 14:38:38,660 [ERROR] LogOutputStream:75 - [STDERR_REDIRECT] [Fatal Error] :1:1: Premature end of file.
2025-01-09 14:38:38,660 [ERROR] LogOutputStream:75 - [STDERR_REDIRECT] 
2025-01-09 14:38:39,655 [ERROR] LogOutputStream:75 - [STDERR_REDIRECT] [Fatal Error] :1:1: Premature end of file.
2025-01-09 14:38:39,655 [ERROR] LogOutputStream:75 - [STDERR_REDIRECT] 
2025-01-09 14:38:40,648 [ERROR] LogOutputStream:75 - [STDERR_REDIRECT] [Fatal Error] :1:1: Premature end of file.
2025-01-09 14:38:40,648 [ERROR] LogOutputStream:75 - [STDERR_REDIRECT] 
2025-01-09 14:38:41,648 [ERROR] LogOutputStream:75 - [STDERR_REDIRECT] [Fatal Error] :1:1: Premature end of file.
2025-01-09 14:38:41,648 [ERROR] LogOutputStream:75 - [STDERR_REDIRECT] 
2025-01-09 14:38:42,650 [ERROR] LogOutputStream:75 - [STDERR_REDIRECT] [Fatal Error] :1:1: Premature end of file.
2025-01-09 14:38:42,650 [ERROR] LogOutputStream:75 - [STDERR_REDIRECT] 
2025-01-09 14:38:43,656 [ERROR] LogOutputStream:75 - [STDERR_REDIRECT] [Fatal Error] :1:1: Premature end of file.
2025-01-09 14:38:43,656 [ERROR] LogOutputStream:75 - [STDERR_REDIRECT] 
2025-01-09 14:38:44,648 [ERROR] LogOutputStream:75 - [STDERR_REDIRECT] [Fatal Error] :1:1: Premature end of file.
2025-01-09 14:38:44,648 [ERROR] LogOutputStream:75 - [STDERR_REDIRECT] 
2025-01-09 14:38:45,646 [ERROR] LogOutputStream:75 - [STDERR_REDIRECT] [Fatal Error] :1:1: Premature end of file.
2025-01-09 14:38:45,646 [ERROR] LogOutputStream:75 - [STDERR_REDIRECT] 
2025-01-09 14:38:46,656 [ERROR] LogOutputStream:75 - [STDERR_REDIRECT] [Fatal Error] :1:1: Premature end of file.
2025-01-09 14:38:46,656 [ERROR] LogOutputStream:75 - [STDERR_REDIRECT] 
2025-01-09 14:38:47,648 [ERROR] LogOutputStream:75 - [STDERR_REDIRECT] [Fatal Error] :1:1: Premature end of file.
2025-01-09 14:38:47,648 [ERROR] LogOutputStream:75 - [STDERR_REDIRECT] 
2025-01-09 14:38:48,645 [ERROR] LogOutputStream:75 - [STDERR_REDIRECT] [Fatal Error] :1:1: Premature end of file.
2025-01-09 14:38:48,645 [ERROR] LogOutputStream:75 - [STDERR_REDIRECT] 
2025-01-09 14:38:49,634 [ERROR] LogOutputStream:75 - [STDERR_REDIRECT] [Fatal Error] :1:1: Premature end of file.
2025-01-09 14:38:49,634 [ERROR] LogOutputStream:75 - [STDERR_REDIRECT] 
2025-01-09 14:38:50,654 [ERROR] LogOutputStream:75 - [STDERR_REDIRECT] [Fatal Error] :1:1: Premature end of file.
2025-01-09 14:38:50,654 [ERROR] LogOutputStream:75 - [STDERR_REDIRECT] 
2025-01-09 14:38:51,650 [ERROR] LogOutputStream:75 - [STDERR_REDIRECT] [Fatal Error] :1:1: Premature end of file.
2025-01-09 14:38:51,650 [ERROR] LogOutputStream:75 - [STDERR_REDIRECT] 
2025-01-09 14:38:52,647 [ERROR] LogOutputStream:75 - [STDERR_REDIRECT] [Fatal Error] :1:1: Premature end of file.
2025-01-09 14:38:52,647 [ERROR] LogOutputStream:75 - [STDERR_REDIRECT] 
2025-01-09 14:38:53,654 [ERROR] LogOutputStream:75 - [STDERR_REDIRECT] [Fatal Error] :1:1: Premature end of file.
2025-01-09 14:38:53,654 [ERROR] LogOutputStream:75 - [STDERR_REDIRECT] 
2025-01-09 14:38:54,663 [ERROR] LogOutputStream:75 - [STDERR_REDIRECT] [Fatal Error] :1:1: Premature end of file.
2025-01-09 14:38:54,663 [ERROR] LogOutputStream:75 - [STDERR_REDIRECT] 
2025-01-09 14:38:55,650 [ERROR] LogOutputStream:75 - [STDERR_REDIRECT] [Fatal Error] :1:1: Premature end of file.
2025-01-09 14:38:55,650 [ERROR] LogOutputStream:75 - [STDERR_REDIRECT] 
2025-01-09 14:38:56,641 [ERROR] LogOutputStream:75 - [STDERR_REDIRECT] [Fatal Error] :1:1: Premature end of file.
2025-01-09 14:38:56,641 [ERROR] LogOutputStream:75 - [STDERR_REDIRECT] 
2025-01-09 14:38:57,641 [ERROR] LogOutputStream:75 - [STDERR_REDIRECT] [Fatal Error] :1:1: Premature end of file.
2025-01-09 14:38:57,641 [ERROR] LogOutputStream:75 - [STDERR_REDIRECT] 
2025-01-09 14:38:58,653 [ERROR] LogOutputStream:75 - [STDERR_REDIRECT] [Fatal Error] :1:1: Premature end of file.
2025-01-09 14:38:58,653 [ERROR] LogOutputStream:75 - [STDERR_REDIRECT] 
2025-01-09 14:38:59,652 [ERROR] LogOutputStream:75 - [STDERR_REDIRECT] [Fatal Error] :1:1: Premature end of file.
2025-01-09 14:38:59,652 [ERROR] LogOutputStream:75 - [STDERR_REDIRECT] 
2025-01-09 14:39:00,645 [ERROR] LogOutputStream:75 - [STDERR_REDIRECT] [Fatal Error] :1:1: Premature end of file.
2025-01-09 14:39:00,645 [ERROR] LogOutputStream:75 - [STDERR_REDIRECT] 
2025-01-09 14:39:01,656 [ERROR] LogOutputStream:75 - [STDERR_REDIRECT] [Fatal Error] :1:1: Premature end of file.
2025-01-09 14:39:01,656 [ERROR] LogOutputStream:75 - [STDERR_REDIRECT] 
2025-01-09 14:39:02,648 [ERROR] LogOutputStream:75 - [STDERR_REDIRECT] [Fatal Error] :1:1: Premature end of file.
2025-01-09 14:39:02,648 [ERROR] LogOutputStream:75 - [STDERR_REDIRECT] 
2025-01-09 14:39:03,639 [ERROR] LogOutputStream:75 - [STDERR_REDIRECT] [Fatal Error] :1:1: Premature end of file.
2025-01-09 14:39:03,639 [ERROR] LogOutputStream:75 - [STDERR_REDIRECT] 
2025-01-09 14:39:04,654 [ERROR] LogOutputStream:75 - [STDERR_REDIRECT] [Fatal Error] :1:1: Premature end of file.
2025-01-09 14:39:04,654 [ERROR] LogOutputStream:75 - [STDERR_REDIRECT] 
2025-01-09 14:39:05,645 [ERROR] LogOutputStream:75 - [STDERR_REDIRECT] [Fatal Error] :1:1: Premature end of file.
2025-01-09 14:39:05,645 [ERROR] LogOutputStream:75 - [STDERR_REDIRECT] 
2025-01-09 14:39:06,651 [ERROR] LogOutputStream:75 - [STDERR_REDIRECT] [Fatal Error] :1:1: Premature end of file.
2025-01-09 14:39:06,651 [ERROR] LogOutputStream:75 - [STDERR_REDIRECT] 
2025-01-09 14:39:07,661 [ERROR] LogOutputStream:75 - [STDERR_REDIRECT] [Fatal Error] :1:1: Premature end of file.
2025-01-09 14:39:07,661 [ERROR] LogOutputStream:75 - [STDERR_REDIRECT] 
2025-01-09 14:39:08,642 [ERROR] LogOutputStream:75 - [STDERR_REDIRECT] [Fatal Error] :1:1: Premature end of file.
2025-01-09 14:39:08,642 [ERROR] LogOutputStream:75 - [STDERR_REDIRECT] 
2025-01-09 14:39:09,644 [ERROR] LogOutputStream:75 - [STDERR_REDIRECT] [Fatal Error] :1:1: Premature end of file.
2025-01-09 14:39:09,644 [ERROR] LogOutputStream:75 - [STDERR_REDIRECT] 
2025-01-09 14:39:10,657 [ERROR] LogOutputStream:75 - [STDERR_REDIRECT] [Fatal Error] :1:1: Premature end of file.
2025-01-09 14:39:10,657 [ERROR] LogOutputStream:75 - [STDERR_REDIRECT] 
2025-01-09 14:39:11,647 [ERROR] LogOutputStream:75 - [STDERR_REDIRECT] [Fatal Error] :1:1: Premature end of file.
2025-01-09 14:39:11,647 [ERROR] LogOutputStream:75 - [STDERR_REDIRECT] 
2025-01-09 14:39:12,645 [ERROR] LogOutputStream:75 - [STDERR_REDIRECT] [Fatal Error] :1:1: Premature end of file.
2025-01-09 14:39:12,645 [ERROR] LogOutputStream:75 - [STDERR_REDIRECT] 
2025-01-09 14:39:13,645 [ERROR] LogOutputStream:75 - [STDERR_REDIRECT] [Fatal Error] :1:1: Premature end of file.
2025-01-09 14:39:13,645 [ERROR] LogOutputStream:75 - [STDERR_REDIRECT] 
2025-01-09 14:39:14,646 [ERROR] LogOutputStream:75 - [STDERR_REDIRECT] [Fatal Error] :1:1: Premature end of file.
2025-01-09 14:39:14,646 [ERROR] LogOutputStream:75 - [STDERR_REDIRECT] 
2025-01-09 14:39:15,644 [ERROR] LogOutputStream:75 - [STDERR_REDIRECT] [Fatal Error] :1:1: Premature end of file.
2025-01-09 14:39:15,644 [ERROR] LogOutputStream:75 - [STDERR_REDIRECT] 
2025-01-09 14:39:16,644 [ERROR] LogOutputStream:75 - [STDERR_REDIRECT] [Fatal Error] :1:1: Premature end of file.
2025-01-09 14:39:16,644 [ERROR] LogOutputStream:75 - [STDERR_REDIRECT] 
2025-01-09 14:39:17,642 [ERROR] LogOutputStream:75 - [STDERR_REDIRECT] [Fatal Error] :1:1: Premature end of file.
2025-01-09 14:39:17,642 [ERROR] LogOutputStream:75 - [STDERR_REDIRECT] 
2025-01-09 14:39:18,644 [ERROR] LogOutputStream:75 - [STDERR_REDIRECT] [Fatal Error] :1:1: Premature end of file.
2025-01-09 14:39:18,644 [ERROR] LogOutputStream:75 - [STDERR_REDIRECT] 
2025-01-09 14:39:19,645 [ERROR] LogOutputStream:75 - [STDERR_REDIRECT] [Fatal Error] :1:1: Premature end of file.
2025-01-09 14:39:19,646 [ERROR] LogOutputStream:75 - [STDERR_REDIRECT] 
2025-01-09 14:39:20,644 [ERROR] LogOutputStream:75 - [STDERR_REDIRECT] [Fatal Error] :1:1: Premature end of file.
2025-01-09 14:39:20,644 [ERROR] LogOutputStream:75 - [STDERR_REDIRECT] 
2025-01-09 14:39:21,646 [ERROR] LogOutputStream:75 - [STDERR_REDIRECT] [Fatal Error] :1:1: Premature end of file.
2025-01-09 14:39:21,646 [ERROR] LogOutputStream:75 - [STDERR_REDIRECT] 
2025-01-09 14:39:22,645 [ERROR] LogOutputStream:75 - [STDERR_REDIRECT] [Fatal Error] :1:1: Premature end of file.
2025-01-09 14:39:22,645 [ERROR] LogOutputStream:75 - [STDERR_REDIRECT] 
2025-01-09 14:39:23,655 [ERROR] LogOutputStream:75 - [STDERR_REDIRECT] [Fatal Error] :1:1: Premature end of file.
2025-01-09 14:39:23,655 [ERROR] LogOutputStream:75 - [STDERR_REDIRECT] 
2025-01-09 14:39:24,646 [ERROR] LogOutputStream:75 - [STDERR_REDIRECT] [Fatal Error] :1:1: Premature end of file.
2025-01-09 14:39:24,646 [ERROR] LogOutputStream:75 - [STDERR_REDIRECT] 
2025-01-09 14:39:25,654 [ERROR] LogOutputStream:75 - [STDERR_REDIRECT] [Fatal Error] :1:1: Premature end of file.
2025-01-09 14:39:25,654 [ERROR] LogOutputStream:75 - [STDERR_REDIRECT] 
2025-01-09 14:39:26,650 [ERROR] LogOutputStream:75 - [STDERR_REDIRECT] [Fatal Error] :1:1: Premature end of file.
2025-01-09 14:39:26,650 [ERROR] LogOutputStream:75 - [STDERR_REDIRECT] 
2025-01-09 14:39:27,659 [ERROR] LogOutputStream:75 - [STDERR_REDIRECT] [Fatal Error] :1:1: Premature end of file.
2025-01-09 14:39:27,659 [ERROR] LogOutputStream:75 - [STDERR_REDIRECT] 
2025-01-09 14:39:28,647 [ERROR] LogOutputStream:75 - [STDERR_REDIRECT] [Fatal Error] :1:1: Premature end of file.
2025-01-09 14:39:28,647 [ERROR] LogOutputStream:75 - [STDERR_REDIRECT] 
2025-01-09 14:39:29,649 [ERROR] LogOutputStream:75 - [STDERR_REDIRECT] [Fatal Error] :1:1: Premature end of file.
2025-01-09 14:39:29,649 [ERROR] LogOutputStream:75 - [STDERR_REDIRECT] 
2025-01-09 14:39:30,653 [ERROR] LogOutputStream:75 - [STDERR_REDIRECT] [Fatal Error] :1:1: Premature end of file.
2025-01-09 14:39:30,653 [ERROR] LogOutputStream:75 - [STDERR_REDIRECT] 
2025-01-09 14:39:31,654 [ERROR] LogOutputStream:75 - [STDERR_REDIRECT] [Fatal Error] :1:1: Premature end of file.
2025-01-09 14:39:31,654 [ERROR] LogOutputStream:75 - [STDERR_REDIRECT] 
2025-01-09 14:39:32,649 [ERROR] LogOutputStream:75 - [STDERR_REDIRECT] [Fatal Error] :1:1: Premature end of file.
2025-01-09 14:39:32,649 [ERROR] LogOutputStream:75 - [STDERR_REDIRECT] 
2025-01-09 14:39:33,644 [ERROR] LogOutputStream:75 - [STDERR_REDIRECT] [Fatal Error] :1:1: Premature end of file.
2025-01-09 14:39:33,644 [ERROR] LogOutputStream:75 - [STDERR_REDIRECT] 
2025-01-09 14:39:34,647 [ERROR] LogOutputStream:75 - [STDERR_REDIRECT] [Fatal Error] :1:1: Premature end of file.
2025-01-09 14:39:34,647 [ERROR] LogOutputStream:75 - [STDERR_REDIRECT] 
2025-01-09 14:39:35,658 [ERROR] LogOutputStream:75 - [STDERR_REDIRECT] [Fatal Error] :1:1: Premature end of file.
2025-01-09 14:39:35,658 [ERROR] LogOutputStream:75 - [STDERR_REDIRECT] 
2025-01-09 14:39:36,651 [ERROR] LogOutputStream:75 - [STDERR_REDIRECT] [Fatal Error] :1:1: Premature end of file.
2025-01-09 14:39:36,651 [ERROR] LogOutputStream:75 - [STDERR_REDIRECT] 
2025-01-09 14:39:37,647 [ERROR] LogOutputStream:75 - [STDERR_REDIRECT] [Fatal Error] :1:1: Premature end of file.
2025-01-09 14:39:37,655 [ERROR] LogOutputStream:75 - [STDERR_REDIRECT] 
2025-01-09 14:39:38,646 [ERROR] LogOutputStream:75 - [STDERR_REDIRECT] [Fatal Error] :1:1: Premature end of file.
2025-01-09 14:39:38,646 [ERROR] LogOutputStream:75 - [STDERR_REDIRECT] 
2025-01-09 14:39:39,645 [ERROR] LogOutputStream:75 - [STDERR_REDIRECT] [Fatal Error] :1:1: Premature end of file.
2025-01-09 14:39:39,645 [ERROR] LogOutputStream:75 - [STDERR_REDIRECT] 
2025-01-09 14:39:40,649 [ERROR] LogOutputStream:75 - [STDERR_REDIRECT] [Fatal Error] :1:1: Premature end of file.
2025-01-09 14:39:40,649 [ERROR] LogOutputStream:75 - [STDERR_REDIRECT] 
2025-01-09 14:39:41,657 [ERROR] LogOutputStream:75 - [STDERR_REDIRECT] [Fatal Error] :1:1: Premature end of file.
2025-01-09 14:39:41,657 [ERROR] LogOutputStream:75 - [STDERR_REDIRECT] 
2025-01-09 14:39:42,644 [ERROR] LogOutputStream:75 - [STDERR_REDIRECT] [Fatal Error] :1:1: Premature end of file.
2025-01-09 14:39:42,644 [ERROR] LogOutputStream:75 - [STDERR_REDIRECT] 
2025-01-09 14:39:43,648 [ERROR] LogOutputStream:75 - [STDERR_REDIRECT] [Fatal Error] :1:1: Premature end of file.
2025-01-09 14:39:43,648 [ERROR] LogOutputStream:75 - [STDERR_REDIRECT] 
2025-01-09 14:39:44,646 [ERROR] LogOutputStream:75 - [STDERR_REDIRECT] [Fatal Error] :1:1: Premature end of file.
2025-01-09 14:39:44,646 [ERROR] LogOutputStream:75 - [STDERR_REDIRECT] 
2025-01-09 14:39:45,652 [ERROR] LogOutputStream:75 - [STDERR_REDIRECT] [Fatal Error] :1:1: Premature end of file.
2025-01-09 14:39:45,652 [ERROR] LogOutputStream:75 - [STDERR_REDIRECT] 
2025-01-09 14:39:46,642 [ERROR] LogOutputStream:75 - [STDERR_REDIRECT] [Fatal Error] :1:1: Premature end of file.
2025-01-09 14:39:46,642 [ERROR] LogOutputStream:75 - [STDERR_REDIRECT] 
2025-01-09 14:39:47,641 [ERROR] LogOutputStream:75 - [STDERR_REDIRECT] [Fatal Error] :1:1: Premature end of file.
2025-01-09 14:39:47,641 [ERROR] LogOutputStream:75 - [STDERR_REDIRECT] 
2025-01-09 14:39:48,641 [ERROR] LogOutputStream:75 - [STDERR_REDIRECT] [Fatal Error] :1:1: Premature end of file.
2025-01-09 14:39:48,641 [ERROR] LogOutputStream:75 - [STDERR_REDIRECT] 
2025-01-09 14:39:49,644 [ERROR] LogOutputStream:75 - [STDERR_REDIRECT] [Fatal Error] :1:1: Premature end of file.
2025-01-09 14:39:49,644 [ERROR] LogOutputStream:75 - [STDERR_REDIRECT] 
2025-01-09 14:39:50,652 [ERROR] LogOutputStream:75 - [STDERR_REDIRECT] [Fatal Error] :1:1: Premature end of file.
2025-01-09 14:39:50,652 [ERROR] LogOutputStream:75 - [STDERR_REDIRECT] 
2025-01-09 14:39:51,651 [ERROR] LogOutputStream:75 - [STDERR_REDIRECT] [Fatal Error] :1:1: Premature end of file.
2025-01-09 14:39:51,651 [ERROR] LogOutputStream:75 - [STDERR_REDIRECT] 
2025-01-09 14:39:52,644 [ERROR] LogOutputStream:75 - [STDERR_REDIRECT] [Fatal Error] :1:1: Premature end of file.
2025-01-09 14:39:52,644 [ERROR] LogOutputStream:75 - [STDERR_REDIRECT] 
2025-01-09 14:39:53,644 [ERROR] LogOutputStream:75 - [STDERR_REDIRECT] [Fatal Error] :1:1: Premature end of file.
2025-01-09 14:39:53,644 [ERROR] LogOutputStream:75 - [STDERR_REDIRECT] 
2025-01-09 14:39:54,648 [ERROR] LogOutputStream:75 - [STDERR_REDIRECT] [Fatal Error] :1:1: Premature end of file.
2025-01-09 14:39:54,648 [ERROR] LogOutputStream:75 - [STDERR_REDIRECT] 
2025-01-09 14:39:55,650 [ERROR] LogOutputStream:75 - [STDERR_REDIRECT] [Fatal Error] :1:1: Premature end of file.
2025-01-09 14:39:55,650 [ERROR] LogOutputStream:75 - [STDERR_REDIRECT] 
2025-01-09 14:39:56,651 [ERROR] LogOutputStream:75 - [STDERR_REDIRECT] [Fatal Error] :1:1: Premature end of file.
2025-01-09 14:39:56,651 [ERROR] LogOutputStream:75 - [STDERR_REDIRECT] 
2025-01-09 14:39:57,644 [ERROR] LogOutputStream:75 - [STDERR_REDIRECT] [Fatal Error] :1:1: Premature end of file.
2025-01-09 14:39:57,644 [ERROR] LogOutputStream:75 - [STDERR_REDIRECT] 
2025-01-09 14:39:58,653 [ERROR] LogOutputStream:75 - [STDERR_REDIRECT] [Fatal Error] :1:1: Premature end of file.
2025-01-09 14:39:58,653 [ERROR] LogOutputStream:75 - [STDERR_REDIRECT] 
2025-01-09 14:39:59,651 [ERROR] LogOutputStream:75 - [STDERR_REDIRECT] [Fatal Error] :1:1: Premature end of file.
2025-01-09 14:39:59,651 [ERROR] LogOutputStream:75 - [STDERR_REDIRECT] 
2025-01-09 14:40:00,652 [ERROR] LogOutputStream:75 - [STDERR_REDIRECT] [Fatal Error] :1:1: Premature end of file.
2025-01-09 14:40:00,652 [ERROR] LogOutputStream:75 - [STDERR_REDIRECT] 
2025-01-09 14:40:01,647 [ERROR] LogOutputStream:75 - [STDERR_REDIRECT] [Fatal Error] :1:1: Premature end of file.
2025-01-09 14:40:01,647 [ERROR] LogOutputStream:75 - [STDERR_REDIRECT] 
2025-01-09 14:40:02,644 [ERROR] LogOutputStream:75 - [STDERR_REDIRECT] [Fatal Error] :1:1: Premature end of file.
2025-01-09 14:40:02,644 [ERROR] LogOutputStream:75 - [STDERR_REDIRECT] 
2025-01-09 14:40:03,647 [ERROR] LogOutputStream:75 - [STDERR_REDIRECT] [Fatal Error] :1:1: Premature end of file.
2025-01-09 14:40:03,647 [ERROR] LogOutputStream:75 - [STDERR_REDIRECT] 
2025-01-09 14:40:04,650 [ERROR] LogOutputStream:75 - [STDERR_REDIRECT] [Fatal Error] :1:1: Premature end of file.
2025-01-09 14:40:04,650 [ERROR] LogOutputStream:75 - [STDERR_REDIRECT] 
2025-01-09 14:40:05,655 [ERROR] LogOutputStream:75 - [STDERR_REDIRECT] [Fatal Error] :1:1: Premature end of file.
2025-01-09 14:40:05,655 [ERROR] LogOutputStream:75 - [STDERR_REDIRECT] 
2025-01-09 14:40:06,657 [ERROR] LogOutputStream:75 - [STDERR_REDIRECT] [Fatal Error] :1:1: Premature end of file.
2025-01-09 14:40:06,657 [ERROR] LogOutputStream:75 - [STDERR_REDIRECT] 
2025-01-09 14:40:07,638 [ERROR] LogOutputStream:75 - [STDERR_REDIRECT] [Fatal Error] :1:1: Premature end of file.
2025-01-09 14:40:07,638 [ERROR] LogOutputStream:75 - [STDERR_REDIRECT] 
2025-01-09 14:40:08,651 [ERROR] LogOutputStream:75 - [STDERR_REDIRECT] [Fatal Error] :1:1: Premature end of file.
2025-01-09 14:40:08,651 [ERROR] LogOutputStream:75 - [STDERR_REDIRECT] 
2025-01-09 14:40:09,659 [ERROR] LogOutputStream:75 - [STDERR_REDIRECT] [Fatal Error] :1:1: Premature end of file.
2025-01-09 14:40:09,660 [ERROR] LogOutputStream:75 - [STDERR_REDIRECT] 
2025-01-09 14:40:10,656 [ERROR] LogOutputStream:75 - [STDERR_REDIRECT] [Fatal Error] :1:1: Premature end of file.
2025-01-09 14:40:10,656 [ERROR] LogOutputStream:75 - [STDERR_REDIRECT] 
2025-01-09 14:40:11,649 [ERROR] LogOutputStream:75 - [STDERR_REDIRECT] [Fatal Error] :1:1: Premature end of file.
2025-01-09 14:40:11,649 [ERROR] LogOutputStream:75 - [STDERR_REDIRECT] 
2025-01-09 14:40:12,652 [ERROR] LogOutputStream:75 - [STDERR_REDIRECT] [Fatal Error] :1:1: Premature end of file.
2025-01-09 14:40:12,652 [ERROR] LogOutputStream:75 - [STDERR_REDIRECT] 
2025-01-09 14:40:13,644 [ERROR] LogOutputStream:75 - [STDERR_REDIRECT] [Fatal Error] :1:1: Premature end of file.
2025-01-09 14:40:13,644 [ERROR] LogOutputStream:75 - [STDERR_REDIRECT] 
2025-01-09 14:40:14,647 [ERROR] LogOutputStream:75 - [STDERR_REDIRECT] [Fatal Error] :1:1: Premature end of file.
2025-01-09 14:40:14,647 [ERROR] LogOutputStream:75 - [STDERR_REDIRECT] 
2025-01-09 14:40:15,647 [ERROR] LogOutputStream:75 - [STDERR_REDIRECT] [Fatal Error] :1:1: Premature end of file.
2025-01-09 14:40:15,647 [ERROR] LogOutputStream:75 - [STDERR_REDIRECT] 
2025-01-09 14:40:16,645 [ERROR] LogOutputStream:75 - [STDERR_REDIRECT] [Fatal Error] :1:1: Premature end of file.
2025-01-09 14:40:16,645 [ERROR] LogOutputStream:75 - [STDERR_REDIRECT] 
2025-01-09 14:40:17,660 [ERROR] LogOutputStream:75 - [STDERR_REDIRECT] [Fatal Error] :1:1: Premature end of file.
2025-01-09 14:40:17,660 [ERROR] LogOutputStream:75 - [STDERR_REDIRECT] 
2025-01-09 14:40:18,647 [ERROR] LogOutputStream:75 - [STDERR_REDIRECT] [Fatal Error] :1:1: Premature end of file.
2025-01-09 14:40:18,647 [ERROR] LogOutputStream:75 - [STDERR_REDIRECT] 
2025-01-09 14:40:19,651 [ERROR] LogOutputStream:75 - [STDERR_REDIRECT] [Fatal Error] :1:1: Premature end of file.
2025-01-09 14:40:19,651 [ERROR] LogOutputStream:75 - [STDERR_REDIRECT] 
2025-01-09 14:40:20,655 [ERROR] LogOutputStream:75 - [STDERR_REDIRECT] [Fatal Error] :1:1: Premature end of file.
2025-01-09 14:40:20,655 [ERROR] LogOutputStream:75 - [STDERR_REDIRECT] 
2025-01-09 14:40:21,652 [ERROR] LogOutputStream:75 - [STDERR_REDIRECT] [Fatal Error] :1:1: Premature end of file.
2025-01-09 14:40:21,652 [ERROR] LogOutputStream:75 - [STDERR_REDIRECT] 
2025-01-09 14:40:22,646 [ERROR] LogOutputStream:75 - [STDERR_REDIRECT] [Fatal Error] :1:1: Premature end of file.
2025-01-09 14:40:22,646 [ERROR] LogOutputStream:75 - [STDERR_REDIRECT] 
2025-01-09 14:40:23,649 [ERROR] LogOutputStream:75 - [STDERR_REDIRECT] [Fatal Error] :1:1: Premature end of file.
2025-01-09 14:40:23,649 [ERROR] LogOutputStream:75 - [STDERR_REDIRECT] 
2025-01-09 14:40:24,652 [ERROR] LogOutputStream:75 - [STDERR_REDIRECT] [Fatal Error] :1:1: Premature end of file.
2025-01-09 14:40:24,652 [ERROR] LogOutputStream:75 - [STDERR_REDIRECT] 
2025-01-09 14:40:25,649 [ERROR] LogOutputStream:75 - [STDERR_REDIRECT] [Fatal Error] :1:1: Premature end of file.
2025-01-09 14:40:25,649 [ERROR] LogOutputStream:75 - [STDERR_REDIRECT] 
2025-01-09 14:40:26,651 [ERROR] LogOutputStream:75 - [STDERR_REDIRECT] [Fatal Error] :1:1: Premature end of file.
2025-01-09 14:40:26,651 [ERROR] LogOutputStream:75 - [STDERR_REDIRECT] 
2025-01-09 14:40:27,650 [ERROR] LogOutputStream:75 - [STDERR_REDIRECT] [Fatal Error] :1:1: Premature end of file.
2025-01-09 14:40:27,650 [ERROR] LogOutputStream:75 - [STDERR_REDIRECT] 
2025-01-09 14:40:28,663 [ERROR] LogOutputStream:75 - [STDERR_REDIRECT] [Fatal Error] :1:1: Premature end of file.
2025-01-09 14:40:28,664 [ERROR] LogOutputStream:75 - [STDERR_REDIRECT] 
2025-01-09 14:40:29,656 [ERROR] LogOutputStream:75 - [STDERR_REDIRECT] [Fatal Error] :1:1: Premature end of file.
2025-01-09 14:40:29,656 [ERROR] LogOutputStream:75 - [STDERR_REDIRECT] 
2025-01-09 14:40:30,646 [ERROR] LogOutputStream:75 - [STDERR_REDIRECT] [Fatal Error] :1:1: Premature end of file.
2025-01-09 14:40:30,646 [ERROR] LogOutputStream:75 - [STDERR_REDIRECT] 
2025-01-09 14:40:31,649 [ERROR] LogOutputStream:75 - [STDERR_REDIRECT] [Fatal Error] :1:1: Premature end of file.
2025-01-09 14:40:31,649 [ERROR] LogOutputStream:75 - [STDERR_REDIRECT] 
2025-01-09 14:40:32,658 [ERROR] LogOutputStream:75 - [STDERR_REDIRECT] [Fatal Error] :1:1: Premature end of file.
2025-01-09 14:40:32,658 [ERROR] LogOutputStream:75 - [STDERR_REDIRECT] 
2025-01-09 14:40:33,656 [ERROR] LogOutputStream:75 - [STDERR_REDIRECT] [Fatal Error] :1:1: Premature end of file.
2025-01-09 14:40:33,656 [ERROR] LogOutputStream:75 - [STDERR_REDIRECT] 
2025-01-09 14:40:34,657 [ERROR] LogOutputStream:75 - [STDERR_REDIRECT] [Fatal Error] :1:1: Premature end of file.
2025-01-09 14:40:34,657 [ERROR] LogOutputStream:75 - [STDERR_REDIRECT] 
2025-01-09 14:40:35,669 [ERROR] LogOutputStream:75 - [STDERR_REDIRECT] [Fatal Error] :1:1: Premature end of file.
2025-01-09 14:40:35,670 [ERROR] LogOutputStream:75 - [STDERR_REDIRECT] 
2025-01-09 14:40:36,658 [ERROR] LogOutputStream:75 - [STDERR_REDIRECT] [Fatal Error] :1:1: Premature end of file.
2025-01-09 14:40:36,658 [ERROR] LogOutputStream:75 - [STDERR_REDIRECT] 
2025-01-09 14:40:37,643 [ERROR] LogOutputStream:75 - [STDERR_REDIRECT] [Fatal Error] :1:1: Premature end of file.
2025-01-09 14:40:37,643 [ERROR] LogOutputStream:75 - [STDERR_REDIRECT] 
2025-01-09 14:40:38,662 [ERROR] LogOutputStream:75 - [STDERR_REDIRECT] [Fatal Error] :1:1: Premature end of file.
2025-01-09 14:40:38,662 [ERROR] LogOutputStream:75 - [STDERR_REDIRECT] 
2025-01-09 14:40:39,656 [ERROR] LogOutputStream:75 - [STDERR_REDIRECT] [Fatal Error] :1:1: Premature end of file.
2025-01-09 14:40:39,656 [ERROR] LogOutputStream:75 - [STDERR_REDIRECT] 
2025-01-09 14:40:40,647 [ERROR] LogOutputStream:75 - [STDERR_REDIRECT] [Fatal Error] :1:1: Premature end of file.
2025-01-09 14:40:40,647 [ERROR] LogOutputStream:75 - [STDERR_REDIRECT] 
2025-01-09 14:40:41,647 [ERROR] LogOutputStream:75 - [STDERR_REDIRECT] [Fatal Error] :1:1: Premature end of file.
2025-01-09 14:40:41,647 [ERROR] LogOutputStream:75 - [STDERR_REDIRECT] 
2025-01-09 14:40:42,662 [ERROR] LogOutputStream:75 - [STDERR_REDIRECT] [Fatal Error] :1:1: Premature end of file.
2025-01-09 14:40:42,662 [ERROR] LogOutputStream:75 - [STDERR_REDIRECT] 
2025-01-09 14:40:43,649 [ERROR] LogOutputStream:75 - [STDERR_REDIRECT] [Fatal Error] :1:1: Premature end of file.
2025-01-09 14:40:43,649 [ERROR] LogOutputStream:75 - [STDERR_REDIRECT] 
2025-01-09 14:40:44,654 [ERROR] LogOutputStream:75 - [STDERR_REDIRECT] [Fatal Error] :1:1: Premature end of file.
2025-01-09 14:40:44,654 [ERROR] LogOutputStream:75 - [STDERR_REDIRECT] 
2025-01-09 14:40:45,651 [ERROR] LogOutputStream:75 - [STDERR_REDIRECT] [Fatal Error] :1:1: Premature end of file.
2025-01-09 14:40:45,651 [ERROR] LogOutputStream:75 - [STDERR_REDIRECT] 
2025-01-09 14:40:46,657 [ERROR] LogOutputStream:75 - [STDERR_REDIRECT] [Fatal Error] :1:1: Premature end of file.
2025-01-09 14:40:46,657 [ERROR] LogOutputStream:75 - [STDERR_REDIRECT] 
2025-01-09 14:40:47,651 [ERROR] LogOutputStream:75 - [STDERR_REDIRECT] [Fatal Error] :1:1: Premature end of file.
2025-01-09 14:40:47,651 [ERROR] LogOutputStream:75 - [STDERR_REDIRECT] 
2025-01-09 14:40:48,643 [ERROR] LogOutputStream:75 - [STDERR_REDIRECT] [Fatal Error] :1:1: Premature end of file.
2025-01-09 14:40:48,643 [ERROR] LogOutputStream:75 - [STDERR_REDIRECT] 
2025-01-09 14:40:49,649 [ERROR] LogOutputStream:75 - [STDERR_REDIRECT] [Fatal Error] :1:1: Premature end of file.
2025-01-09 14:40:49,649 [ERROR] LogOutputStream:75 - [STDERR_REDIRECT] 
2025-01-09 14:40:50,644 [ERROR] LogOutputStream:75 - [STDERR_REDIRECT] [Fatal Error] :1:1: Premature end of file.
2025-01-09 14:40:50,644 [ERROR] LogOutputStream:75 - [STDERR_REDIRECT] 
2025-01-09 14:40:51,653 [ERROR] LogOutputStream:75 - [STDERR_REDIRECT] [Fatal Error] :1:1: Premature end of file.
2025-01-09 14:40:51,653 [ERROR] LogOutputStream:75 - [STDERR_REDIRECT] 
2025-01-09 14:40:52,644 [ERROR] LogOutputStream:75 - [STDERR_REDIRECT] [Fatal Error] :1:1: Premature end of file.
2025-01-09 14:40:52,644 [ERROR] LogOutputStream:75 - [STDERR_REDIRECT] 
2025-01-09 14:40:53,654 [ERROR] LogOutputStream:75 - [STDERR_REDIRECT] [Fatal Error] :1:1: Premature end of file.
2025-01-09 14:40:53,654 [ERROR] LogOutputStream:75 - [STDERR_REDIRECT] 
2025-01-09 14:40:54,654 [ERROR] LogOutputStream:75 - [STDERR_REDIRECT] [Fatal Error] :1:1: Premature end of file.
2025-01-09 14:40:54,654 [ERROR] LogOutputStream:75 - [STDERR_REDIRECT] 
2025-01-09 14:40:55,649 [ERROR] LogOutputStream:75 - [STDERR_REDIRECT] [Fatal Error] :1:1: Premature end of file.
2025-01-09 14:40:55,649 [ERROR] LogOutputStream:75 - [STDERR_REDIRECT] 
2025-01-09 14:40:56,651 [ERROR] LogOutputStream:75 - [STDERR_REDIRECT] [Fatal Error] :1:1: Premature end of file.
2025-01-09 14:40:56,651 [ERROR] LogOutputStream:75 - [STDERR_REDIRECT] 
2025-01-09 14:40:57,655 [ERROR] LogOutputStream:75 - [STDERR_REDIRECT] [Fatal Error] :1:1: Premature end of file.
2025-01-09 14:40:57,655 [ERROR] LogOutputStream:75 - [STDERR_REDIRECT] 
2025-01-09 14:40:58,651 [ERROR] LogOutputStream:75 - [STDERR_REDIRECT] [Fatal Error] :1:1: Premature end of file.
2025-01-09 14:40:58,651 [ERROR] LogOutputStream:75 - [STDERR_REDIRECT] 
2025-01-09 14:40:59,652 [ERROR] LogOutputStream:75 - [STDERR_REDIRECT] [Fatal Error] :1:1: Premature end of file.
2025-01-09 14:40:59,652 [ERROR] LogOutputStream:75 - [STDERR_REDIRECT] 
2025-01-09 14:41:00,652 [ERROR] LogOutputStream:75 - [STDERR_REDIRECT] [Fatal Error] :1:1: Premature end of file.
2025-01-09 14:41:00,652 [ERROR] LogOutputStream:75 - [STDERR_REDIRECT] 
2025-01-09 14:41:01,654 [ERROR] LogOutputStream:75 - [STDERR_REDIRECT] [Fatal Error] :1:1: Premature end of file.
2025-01-09 14:41:01,654 [ERROR] LogOutputStream:75 - [STDERR_REDIRECT] 
2025-01-09 14:41:02,644 [ERROR] LogOutputStream:75 - [STDERR_REDIRECT] [Fatal Error] :1:1: Premature end of file.
2025-01-09 14:41:02,644 [ERROR] LogOutputStream:75 - [STDERR_REDIRECT] 
2025-01-09 14:41:03,650 [ERROR] LogOutputStream:75 - [STDERR_REDIRECT] [Fatal Error] :1:1: Premature end of file.
2025-01-09 14:41:03,650 [ERROR] LogOutputStream:75 - [STDERR_REDIRECT] 
2025-01-09 14:41:04,649 [ERROR] LogOutputStream:75 - [STDERR_REDIRECT] [Fatal Error] :1:1: Premature end of file.
2025-01-09 14:41:04,649 [ERROR] LogOutputStream:75 - [STDERR_REDIRECT] 
2025-01-09 14:41:05,650 [ERROR] LogOutputStream:75 - [STDERR_REDIRECT] [Fatal Error] :1:1: Premature end of file.
2025-01-09 14:41:05,650 [ERROR] LogOutputStream:75 - [STDERR_REDIRECT] 
2025-01-09 14:41:06,654 [ERROR] LogOutputStream:75 - [STDERR_REDIRECT] [Fatal Error] :1:1: Premature end of file.
2025-01-09 14:41:06,654 [ERROR] LogOutputStream:75 - [STDERR_REDIRECT] 
2025-01-09 14:41:07,654 [ERROR] LogOutputStream:75 - [STDERR_REDIRECT] [Fatal Error] :1:1: Premature end of file.
2025-01-09 14:41:07,654 [ERROR] LogOutputStream:75 - [STDERR_REDIRECT] 
2025-01-09 14:41:08,651 [ERROR] LogOutputStream:75 - [STDERR_REDIRECT] [Fatal Error] :1:1: Premature end of file.
2025-01-09 14:41:08,651 [ERROR] LogOutputStream:75 - [STDERR_REDIRECT] 
2025-01-09 14:41:09,656 [ERROR] LogOutputStream:75 - [STDERR_REDIRECT] [Fatal Error] :1:1: Premature end of file.
2025-01-09 14:41:09,656 [ERROR] LogOutputStream:75 - [STDERR_REDIRECT] 
2025-01-09 14:41:10,647 [ERROR] LogOutputStream:75 - [STDERR_REDIRECT] [Fatal Error] :1:1: Premature end of file.
2025-01-09 14:41:10,647 [ERROR] LogOutputStream:75 - [STDERR_REDIRECT] 
2025-01-09 14:41:11,648 [ERROR] LogOutputStream:75 - [STDERR_REDIRECT] [Fatal Error] :1:1: Premature end of file.
2025-01-09 14:41:11,648 [ERROR] LogOutputStream:75 - [STDERR_REDIRECT] 
2025-01-09 14:41:12,648 [ERROR] LogOutputStream:75 - [STDERR_REDIRECT] [Fatal Error] :1:1: Premature end of file.
2025-01-09 14:41:12,648 [ERROR] LogOutputStream:75 - [STDERR_REDIRECT] 
2025-01-09 14:41:13,648 [ERROR] LogOutputStream:75 - [STDERR_REDIRECT] [Fatal Error] :1:1: Premature end of file.
2025-01-09 14:41:13,648 [ERROR] LogOutputStream:75 - [STDERR_REDIRECT] 
2025-01-09 14:41:14,655 [ERROR] LogOutputStream:75 - [STDERR_REDIRECT] [Fatal Error] :1:1: Premature end of file.
2025-01-09 14:41:14,655 [ERROR] LogOutputStream:75 - [STDERR_REDIRECT] 
2025-01-09 14:41:15,646 [ERROR] LogOutputStream:75 - [STDERR_REDIRECT] [Fatal Error] :1:1: Premature end of file.
2025-01-09 14:41:15,646 [ERROR] LogOutputStream:75 - [STDERR_REDIRECT] 
2025-01-09 14:41:16,649 [ERROR] LogOutputStream:75 - [STDERR_REDIRECT] [Fatal Error] :1:1: Premature end of file.
2025-01-09 14:41:16,649 [ERROR] LogOutputStream:75 - [STDERR_REDIRECT] 
2025-01-09 14:41:17,647 [ERROR] LogOutputStream:75 - [STDERR_REDIRECT] [Fatal Error] :1:1: Premature end of file.
2025-01-09 14:41:17,647 [ERROR] LogOutputStream:75 - [STDERR_REDIRECT] 
2025-01-09 14:41:18,643 [ERROR] LogOutputStream:75 - [STDERR_REDIRECT] [Fatal Error] :1:1: Premature end of file.
2025-01-09 14:41:18,643 [ERROR] LogOutputStream:75 - [STDERR_REDIRECT] 
2025-01-09 14:41:19,656 [ERROR] LogOutputStream:75 - [STDERR_REDIRECT] [Fatal Error] :1:1: Premature end of file.
2025-01-09 14:41:19,656 [ERROR] LogOutputStream:75 - [STDERR_REDIRECT] 
2025-01-09 14:41:20,653 [ERROR] LogOutputStream:75 - [STDERR_REDIRECT] [Fatal Error] :1:1: Premature end of file.
2025-01-09 14:41:20,653 [ERROR] LogOutputStream:75 - [STDERR_REDIRECT] 
2025-01-09 14:41:21,645 [ERROR] LogOutputStream:75 - [STDERR_REDIRECT] [Fatal Error] :1:1: Premature end of file.
2025-01-09 14:41:21,645 [ERROR] LogOutputStream:75 - [STDERR_REDIRECT] 
2025-01-09 14:41:22,657 [ERROR] LogOutputStream:75 - [STDERR_REDIRECT] [Fatal Error] :1:1: Premature end of file.
2025-01-09 14:41:22,657 [ERROR] LogOutputStream:75 - [STDERR_REDIRECT] 
2025-01-09 14:41:23,646 [ERROR] LogOutputStream:75 - [STDERR_REDIRECT] [Fatal Error] :1:1: Premature end of file.
2025-01-09 14:41:23,646 [ERROR] LogOutputStream:75 - [STDERR_REDIRECT] 
2025-01-09 14:41:24,648 [ERROR] LogOutputStream:75 - [STDERR_REDIRECT] [Fatal Error] :1:1: Premature end of file.
2025-01-09 14:41:24,648 [ERROR] LogOutputStream:75 - [STDERR_REDIRECT] 
2025-01-09 14:41:25,645 [ERROR] LogOutputStream:75 - [STDERR_REDIRECT] [Fatal Error] :1:1: Premature end of file.
2025-01-09 14:41:25,645 [ERROR] LogOutputStream:75 - [STDERR_REDIRECT] 
2025-01-09 14:41:26,654 [ERROR] LogOutputStream:75 - [STDERR_REDIRECT] [Fatal Error] :1:1: Premature end of file.
2025-01-09 14:41:26,654 [ERROR] LogOutputStream:75 - [STDERR_REDIRECT] 
2025-01-09 14:41:27,643 [ERROR] LogOutputStream:75 - [STDERR_REDIRECT] [Fatal Error] :1:1: Premature end of file.
2025-01-09 14:41:27,643 [ERROR] LogOutputStream:75 - [STDERR_REDIRECT] 
2025-01-09 14:41:28,647 [ERROR] LogOutputStream:75 - [STDERR_REDIRECT] [Fatal Error] :1:1: Premature end of file.
2025-01-09 14:41:28,647 [ERROR] LogOutputStream:75 - [STDERR_REDIRECT] 
2025-01-09 14:41:29,648 [ERROR] LogOutputStream:75 - [STDERR_REDIRECT] [Fatal Error] :1:1: Premature end of file.
2025-01-09 14:41:29,648 [ERROR] LogOutputStream:75 - [STDERR_REDIRECT] 
2025-01-09 14:41:30,648 [ERROR] LogOutputStream:75 - [STDERR_REDIRECT] [Fatal Error] :1:1: Premature end of file.
2025-01-09 14:41:30,648 [ERROR] LogOutputStream:75 - [STDERR_REDIRECT] 
2025-01-09 14:41:31,652 [ERROR] LogOutputStream:75 - [STDERR_REDIRECT] [Fatal Error] :1:1: Premature end of file.
2025-01-09 14:41:31,652 [ERROR] LogOutputStream:75 - [STDERR_REDIRECT] 
2025-01-09 14:41:32,655 [ERROR] LogOutputStream:75 - [STDERR_REDIRECT] [Fatal Error] :1:1: Premature end of file.
2025-01-09 14:41:32,655 [ERROR] LogOutputStream:75 - [STDERR_REDIRECT] 
2025-01-09 14:41:33,650 [ERROR] LogOutputStream:75 - [STDERR_REDIRECT] [Fatal Error] :1:1: Premature end of file.
2025-01-09 14:41:33,650 [ERROR] LogOutputStream:75 - [STDERR_REDIRECT] 
2025-01-09 14:41:34,650 [ERROR] LogOutputStream:75 - [STDERR_REDIRECT] [Fatal Error] :1:1: Premature end of file.
2025-01-09 14:41:34,650 [ERROR] LogOutputStream:75 - [STDERR_REDIRECT] 
2025-01-09 14:41:35,661 [ERROR] LogOutputStream:75 - [STDERR_REDIRECT] [Fatal Error] :1:1: Premature end of file.
2025-01-09 14:41:35,661 [ERROR] LogOutputStream:75 - [STDERR_REDIRECT] 
2025-01-09 14:41:36,648 [ERROR] LogOutputStream:75 - [STDERR_REDIRECT] [Fatal Error] :1:1: Premature end of file.
2025-01-09 14:41:36,648 [ERROR] LogOutputStream:75 - [STDERR_REDIRECT] 
2025-01-09 14:41:37,642 [ERROR] LogOutputStream:75 - [STDERR_REDIRECT] [Fatal Error] :1:1: Premature end of file.
2025-01-09 14:41:37,642 [ERROR] LogOutputStream:75 - [STDERR_REDIRECT] 
2025-01-09 14:41:38,653 [ERROR] LogOutputStream:75 - [STDERR_REDIRECT] [Fatal Error] :1:1: Premature end of file.
2025-01-09 14:41:38,653 [ERROR] LogOutputStream:75 - [STDERR_REDIRECT] 
2025-01-09 14:41:39,643 [ERROR] LogOutputStream:75 - [STDERR_REDIRECT] [Fatal Error] :1:1: Premature end of file.
2025-01-09 14:41:39,643 [ERROR] LogOutputStream:75 - [STDERR_REDIRECT] 
2025-01-09 14:41:40,650 [ERROR] LogOutputStream:75 - [STDERR_REDIRECT] [Fatal Error] :1:1: Premature end of file.
2025-01-09 14:41:40,650 [ERROR] LogOutputStream:75 - [STDERR_REDIRECT] 
2025-01-09 14:41:41,649 [ERROR] LogOutputStream:75 - [STDERR_REDIRECT] [Fatal Error] :1:1: Premature end of file.
2025-01-09 14:41:41,649 [ERROR] LogOutputStream:75 - [STDERR_REDIRECT] 
2025-01-09 14:41:42,652 [ERROR] LogOutputStream:75 - [STDERR_REDIRECT] [Fatal Error] :1:1: Premature end of file.
2025-01-09 14:41:42,652 [ERROR] LogOutputStream:75 - [STDERR_REDIRECT] 
2025-01-09 14:41:43,637 [ERROR] LogOutputStream:75 - [STDERR_REDIRECT] [Fatal Error] :1:1: Premature end of file.
2025-01-09 14:41:43,637 [ERROR] LogOutputStream:75 - [STDERR_REDIRECT] 
2025-01-09 14:41:44,644 [ERROR] LogOutputStream:75 - [STDERR_REDIRECT] [Fatal Error] :1:1: Premature end of file.
2025-01-09 14:41:44,644 [ERROR] LogOutputStream:75 - [STDERR_REDIRECT] 
2025-01-09 14:41:45,650 [ERROR] LogOutputStream:75 - [STDERR_REDIRECT] [Fatal Error] :1:1: Premature end of file.
2025-01-09 14:41:45,650 [ERROR] LogOutputStream:75 - [STDERR_REDIRECT] 
2025-01-09 14:41:46,650 [ERROR] LogOutputStream:75 - [STDERR_REDIRECT] [Fatal Error] :1:1: Premature end of file.
2025-01-09 14:41:46,650 [ERROR] LogOutputStream:75 - [STDERR_REDIRECT] 
2025-01-09 14:41:47,643 [ERROR] LogOutputStream:75 - [STDERR_REDIRECT] [Fatal Error] :1:1: Premature end of file.
2025-01-09 14:41:47,643 [ERROR] LogOutputStream:75 - [STDERR_REDIRECT] 
2025-01-09 14:41:48,657 [ERROR] LogOutputStream:75 - [STDERR_REDIRECT] [Fatal Error] :1:1: Premature end of file.
2025-01-09 14:41:48,657 [ERROR] LogOutputStream:75 - [STDERR_REDIRECT] 
2025-01-09 14:41:49,664 [ERROR] LogOutputStream:75 - [STDERR_REDIRECT] [Fatal Error] :1:1: Premature end of file.
2025-01-09 14:41:49,664 [ERROR] LogOutputStream:75 - [STDERR_REDIRECT] 
2025-01-09 14:41:50,656 [ERROR] LogOutputStream:75 - [STDERR_REDIRECT] [Fatal Error] :1:1: Premature end of file.
2025-01-09 14:41:50,656 [ERROR] LogOutputStream:75 - [STDERR_REDIRECT] 
2025-01-09 14:41:51,656 [ERROR] LogOutputStream:75 - [STDERR_REDIRECT] [Fatal Error] :1:1: Premature end of file.
2025-01-09 14:41:51,656 [ERROR] LogOutputStream:75 - [STDERR_REDIRECT] 
2025-01-09 14:41:52,653 [ERROR] LogOutputStream:75 - [STDERR_REDIRECT] [Fatal Error] :1:1: Premature end of file.
2025-01-09 14:41:52,653 [ERROR] LogOutputStream:75 - [STDERR_REDIRECT] 
2025-01-09 14:41:53,645 [ERROR] LogOutputStream:75 - [STDERR_REDIRECT] [Fatal Error] :1:1: Premature end of file.
2025-01-09 14:41:53,645 [ERROR] LogOutputStream:75 - [STDERR_REDIRECT] 
2025-01-09 14:41:54,658 [ERROR] LogOutputStream:75 - [STDERR_REDIRECT] [Fatal Error] :1:1: Premature end of file.
2025-01-09 14:41:54,658 [ERROR] LogOutputStream:75 - [STDERR_REDIRECT] 
2025-01-09 14:41:55,657 [ERROR] LogOutputStream:75 - [STDERR_REDIRECT] [Fatal Error] :1:1: Premature end of file.
2025-01-09 14:41:55,657 [ERROR] LogOutputStream:75 - [STDERR_REDIRECT] 
2025-01-09 14:41:56,643 [ERROR] LogOutputStream:75 - [STDERR_REDIRECT] [Fatal Error] :1:1: Premature end of file.
2025-01-09 14:41:56,643 [ERROR] LogOutputStream:75 - [STDERR_REDIRECT] 
2025-01-09 14:41:57,652 [ERROR] LogOutputStream:75 - [STDERR_REDIRECT] [Fatal Error] :1:1: Premature end of file.
2025-01-09 14:41:57,653 [ERROR] LogOutputStream:75 - [STDERR_REDIRECT] 
2025-01-09 14:41:58,654 [ERROR] LogOutputStream:75 - [STDERR_REDIRECT] [Fatal Error] :1:1: Premature end of file.
2025-01-09 14:41:58,654 [ERROR] LogOutputStream:75 - [STDERR_REDIRECT] 
2025-01-09 14:41:59,652 [ERROR] LogOutputStream:75 - [STDERR_REDIRECT] [Fatal Error] :1:1: Premature end of file.
2025-01-09 14:41:59,652 [ERROR] LogOutputStream:75 - [STDERR_REDIRECT] 
2025-01-09 14:42:00,650 [ERROR] LogOutputStream:75 - [STDERR_REDIRECT] [Fatal Error] :1:1: Premature end of file.
2025-01-09 14:42:00,650 [ERROR] LogOutputStream:75 - [STDERR_REDIRECT] 
2025-01-09 14:42:01,649 [ERROR] LogOutputStream:75 - [STDERR_REDIRECT] [Fatal Error] :1:1: Premature end of file.
2025-01-09 14:42:01,649 [ERROR] LogOutputStream:75 - [STDERR_REDIRECT] 
2025-01-09 14:42:02,643 [ERROR] LogOutputStream:75 - [STDERR_REDIRECT] [Fatal Error] :1:1: Premature end of file.
2025-01-09 14:42:02,643 [ERROR] LogOutputStream:75 - [STDERR_REDIRECT] 
2025-01-09 14:42:03,649 [ERROR] LogOutputStream:75 - [STDERR_REDIRECT] [Fatal Error] :1:1: Premature end of file.
2025-01-09 14:42:03,649 [ERROR] LogOutputStream:75 - [STDERR_REDIRECT] 
2025-01-09 14:42:04,658 [ERROR] LogOutputStream:75 - [STDERR_REDIRECT] [Fatal Error] :1:1: Premature end of file.
2025-01-09 14:42:04,658 [ERROR] LogOutputStream:75 - [STDERR_REDIRECT] 
2025-01-09 14:42:05,660 [ERROR] LogOutputStream:75 - [STDERR_REDIRECT] [Fatal Error] :1:1: Premature end of file.
2025-01-09 14:42:05,660 [ERROR] LogOutputStream:75 - [STDERR_REDIRECT] 
2025-01-09 14:42:06,670 [ERROR] LogOutputStream:75 - [STDERR_REDIRECT] [Fatal Error] :1:1: Premature end of file.
2025-01-09 14:42:06,670 [ERROR] LogOutputStream:75 - [STDERR_REDIRECT] 
2025-01-09 14:42:07,644 [ERROR] LogOutputStream:75 - [STDERR_REDIRECT] [Fatal Error] :1:1: Premature end of file.
2025-01-09 14:42:07,644 [ERROR] LogOutputStream:75 - [STDERR_REDIRECT] 
2025-01-09 14:42:08,646 [ERROR] LogOutputStream:75 - [STDERR_REDIRECT] [Fatal Error] :1:1: Premature end of file.
2025-01-09 14:42:08,646 [ERROR] LogOutputStream:75 - [STDERR_REDIRECT] 
2025-01-09 14:42:09,652 [ERROR] LogOutputStream:75 - [STDERR_REDIRECT] [Fatal Error] :1:1: Premature end of file.
2025-01-09 14:42:09,652 [ERROR] LogOutputStream:75 - [STDERR_REDIRECT] 
2025-01-09 14:42:10,643 [ERROR] LogOutputStream:75 - [STDERR_REDIRECT] [Fatal Error] :1:1: Premature end of file.
2025-01-09 14:42:10,643 [ERROR] LogOutputStream:75 - [STDERR_REDIRECT] 
2025-01-09 14:42:11,659 [ERROR] LogOutputStream:75 - [STDERR_REDIRECT] [Fatal Error] :1:1: Premature end of file.
2025-01-09 14:42:11,659 [ERROR] LogOutputStream:75 - [STDERR_REDIRECT] 
2025-01-09 14:42:12,645 [ERROR] LogOutputStream:75 - [STDERR_REDIRECT] [Fatal Error] :1:1: Premature end of file.
2025-01-09 14:42:12,645 [ERROR] LogOutputStream:75 - [STDERR_REDIRECT] 
2025-01-09 14:42:13,648 [ERROR] LogOutputStream:75 - [STDERR_REDIRECT] [Fatal Error] :1:1: Premature end of file.
2025-01-09 14:42:13,648 [ERROR] LogOutputStream:75 - [STDERR_REDIRECT] 
2025-01-09 14:42:14,633 [ERROR] LogOutputStream:75 - [STDERR_REDIRECT] [Fatal Error] :1:1: Premature end of file.
2025-01-09 14:42:14,633 [ERROR] LogOutputStream:75 - [STDERR_REDIRECT] 
2025-01-09 14:42:15,650 [ERROR] LogOutputStream:75 - [STDERR_REDIRECT] [Fatal Error] :1:1: Premature end of file.
2025-01-09 14:42:15,650 [ERROR] LogOutputStream:75 - [STDERR_REDIRECT] 
2025-01-09 14:42:16,649 [ERROR] LogOutputStream:75 - [STDERR_REDIRECT] [Fatal Error] :1:1: Premature end of file.
2025-01-09 14:42:16,649 [ERROR] LogOutputStream:75 - [STDERR_REDIRECT] 
2025-01-09 14:42:17,649 [ERROR] LogOutputStream:75 - [STDERR_REDIRECT] [Fatal Error] :1:1: Premature end of file.
2025-01-09 14:42:17,649 [ERROR] LogOutputStream:75 - [STDERR_REDIRECT] 
2025-01-09 14:42:18,660 [ERROR] LogOutputStream:75 - [STDERR_REDIRECT] [Fatal Error] :1:1: Premature end of file.
2025-01-09 14:42:18,660 [ERROR] LogOutputStream:75 - [STDERR_REDIRECT] 
2025-01-09 14:42:19,658 [ERROR] LogOutputStream:75 - [STDERR_REDIRECT] [Fatal Error] :1:1: Premature end of file.
2025-01-09 14:42:19,658 [ERROR] LogOutputStream:75 - [STDERR_REDIRECT] 
2025-01-09 14:42:20,646 [ERROR] LogOutputStream:75 - [STDERR_REDIRECT] [Fatal Error] :1:1: Premature end of file.
2025-01-09 14:42:20,646 [ERROR] LogOutputStream:75 - [STDERR_REDIRECT] 
2025-01-09 14:42:21,653 [ERROR] LogOutputStream:75 - [STDERR_REDIRECT] [Fatal Error] :1:1: Premature end of file.
2025-01-09 14:42:21,653 [ERROR] LogOutputStream:75 - [STDERR_REDIRECT] 
2025-01-09 14:42:22,644 [ERROR] LogOutputStream:75 - [STDERR_REDIRECT] [Fatal Error] :1:1: Premature end of file.
2025-01-09 14:42:22,644 [ERROR] LogOutputStream:75 - [STDERR_REDIRECT] 
2025-01-09 14:42:23,647 [ERROR] LogOutputStream:75 - [STDERR_REDIRECT] [Fatal Error] :1:1: Premature end of file.
2025-01-09 14:42:23,647 [ERROR] LogOutputStream:75 - [STDERR_REDIRECT] 
2025-01-09 14:42:24,645 [ERROR] LogOutputStream:75 - [STDERR_REDIRECT] [Fatal Error] :1:1: Premature end of file.
2025-01-09 14:42:24,645 [ERROR] LogOutputStream:75 - [STDERR_REDIRECT] 
2025-01-09 14:42:25,644 [ERROR] LogOutputStream:75 - [STDERR_REDIRECT] [Fatal Error] :1:1: Premature end of file.
2025-01-09 14:42:25,644 [ERROR] LogOutputStream:75 - [STDERR_REDIRECT] 
2025-01-09 14:42:26,649 [ERROR] LogOutputStream:75 - [STDERR_REDIRECT] [Fatal Error] :1:1: Premature end of file.
2025-01-09 14:42:26,649 [ERROR] LogOutputStream:75 - [STDERR_REDIRECT] 
2025-01-09 14:42:27,647 [ERROR] LogOutputStream:75 - [STDERR_REDIRECT] [Fatal Error] :1:1: Premature end of file.
2025-01-09 14:42:27,647 [ERROR] LogOutputStream:75 - [STDERR_REDIRECT] 
2025-01-09 14:42:28,647 [ERROR] LogOutputStream:75 - [STDERR_REDIRECT] [Fatal Error] :1:1: Premature end of file.
2025-01-09 14:42:28,647 [ERROR] LogOutputStream:75 - [STDERR_REDIRECT] 
2025-01-09 14:42:29,655 [ERROR] LogOutputStream:75 - [STDERR_REDIRECT] [Fatal Error] :1:1: Premature end of file.
2025-01-09 14:42:29,655 [ERROR] LogOutputStream:75 - [STDERR_REDIRECT] 
2025-01-09 14:42:30,647 [ERROR] LogOutputStream:75 - [STDERR_REDIRECT] [Fatal Error] :1:1: Premature end of file.
2025-01-09 14:42:30,647 [ERROR] LogOutputStream:75 - [STDERR_REDIRECT] 
2025-01-09 14:42:31,653 [ERROR] LogOutputStream:75 - [STDERR_REDIRECT] [Fatal Error] :1:1: Premature end of file.
2025-01-09 14:42:31,653 [ERROR] LogOutputStream:75 - [STDERR_REDIRECT] 
2025-01-09 14:42:32,650 [ERROR] LogOutputStream:75 - [STDERR_REDIRECT] [Fatal Error] :1:1: Premature end of file.
2025-01-09 14:42:32,650 [ERROR] LogOutputStream:75 - [STDERR_REDIRECT] 
2025-01-09 14:42:33,653 [ERROR] LogOutputStream:75 - [STDERR_REDIRECT] [Fatal Error] :1:1: Premature end of file.
2025-01-09 14:42:33,653 [ERROR] LogOutputStream:75 - [STDERR_REDIRECT] 
2025-01-09 14:42:34,651 [ERROR] LogOutputStream:75 - [STDERR_REDIRECT] [Fatal Error] :1:1: Premature end of file.
2025-01-09 14:42:34,651 [ERROR] LogOutputStream:75 - [STDERR_REDIRECT] 
2025-01-09 14:42:35,659 [ERROR] LogOutputStream:75 - [STDERR_REDIRECT] [Fatal Error] :1:1: Premature end of file.
2025-01-09 14:42:35,659 [ERROR] LogOutputStream:75 - [STDERR_REDIRECT] 
2025-01-09 14:42:36,652 [ERROR] LogOutputStream:75 - [STDERR_REDIRECT] [Fatal Error] :1:1: Premature end of file.
2025-01-09 14:42:36,652 [ERROR] LogOutputStream:75 - [STDERR_REDIRECT] 
2025-01-09 14:42:37,656 [ERROR] LogOutputStream:75 - [STDERR_REDIRECT] [Fatal Error] :1:1: Premature end of file.
2025-01-09 14:42:37,656 [ERROR] LogOutputStream:75 - [STDERR_REDIRECT] 
2025-01-09 14:42:38,668 [ERROR] LogOutputStream:75 - [STDERR_REDIRECT] [Fatal Error] :1:1: Premature end of file.
2025-01-09 14:42:38,668 [ERROR] LogOutputStream:75 - [STDERR_REDIRECT] 
2025-01-09 14:42:39,648 [ERROR] LogOutputStream:75 - [STDERR_REDIRECT] [Fatal Error] :1:1: Premature end of file.
2025-01-09 14:42:39,648 [ERROR] LogOutputStream:75 - [STDERR_REDIRECT] 
2025-01-09 14:42:40,645 [ERROR] LogOutputStream:75 - [STDERR_REDIRECT] [Fatal Error] :1:1: Premature end of file.
2025-01-09 14:42:40,645 [ERROR] LogOutputStream:75 - [STDERR_REDIRECT] 
2025-01-09 14:42:41,657 [ERROR] LogOutputStream:75 - [STDERR_REDIRECT] [Fatal Error] :1:1: Premature end of file.
2025-01-09 14:42:41,657 [ERROR] LogOutputStream:75 - [STDERR_REDIRECT] 
2025-01-09 14:42:42,097 [INFO] WebApp:190 - Connection lost
2025-01-09 14:42:42,660 [ERROR] LogOutputStream:75 - [STDERR_REDIRECT] [Fatal Error] :1:1: Premature end of file.
2025-01-09 14:42:42,660 [ERROR] LogOutputStream:75 - [STDERR_REDIRECT] 
2025-01-09 14:42:43,392 [INFO] WebApp:187 - Connection restablished
2025-01-09 14:42:43,644 [ERROR] LogOutputStream:75 - [STDERR_REDIRECT] [Fatal Error] :1:1: Premature end of file.
2025-01-09 14:42:43,644 [ERROR] LogOutputStream:75 - [STDERR_REDIRECT] 
2025-01-09 14:42:44,653 [ERROR] LogOutputStream:75 - [STDERR_REDIRECT] [Fatal Error] :1:1: Premature end of file.
2025-01-09 14:42:44,653 [ERROR] LogOutputStream:75 - [STDERR_REDIRECT] 
2025-01-09 14:42:45,647 [ERROR] LogOutputStream:75 - [STDERR_REDIRECT] [Fatal Error] :1:1: Premature end of file.
2025-01-09 14:42:45,647 [ERROR] LogOutputStream:75 - [STDERR_REDIRECT] 
2025-01-09 14:42:46,648 [ERROR] LogOutputStream:75 - [STDERR_REDIRECT] [Fatal Error] :1:1: Premature end of file.
2025-01-09 14:42:46,648 [ERROR] LogOutputStream:75 - [STDERR_REDIRECT] 
2025-01-09 14:42:47,648 [ERROR] LogOutputStream:75 - [STDERR_REDIRECT] [Fatal Error] :1:1: Premature end of file.
2025-01-09 14:42:47,648 [ERROR] LogOutputStream:75 - [STDERR_REDIRECT] 
2025-01-09 14:42:48,647 [ERROR] LogOutputStream:75 - [STDERR_REDIRECT] [Fatal Error] :1:1: Premature end of file.
2025-01-09 14:42:48,647 [ERROR] LogOutputStream:75 - [STDERR_REDIRECT] 
2025-01-09 14:42:49,647 [ERROR] LogOutputStream:75 - [STDERR_REDIRECT] [Fatal Error] :1:1: Premature end of file.
2025-01-09 14:42:49,647 [ERROR] LogOutputStream:75 - [STDERR_REDIRECT] 
2025-01-09 14:42:50,649 [ERROR] LogOutputStream:75 - [STDERR_REDIRECT] [Fatal Error] :1:1: Premature end of file.
2025-01-09 14:42:50,649 [ERROR] LogOutputStream:75 - [STDERR_REDIRECT] 
2025-01-09 14:42:51,651 [ERROR] LogOutputStream:75 - [STDERR_REDIRECT] [Fatal Error] :1:1: Premature end of file.
2025-01-09 14:42:51,651 [ERROR] LogOutputStream:75 - [STDERR_REDIRECT] 
2025-01-09 14:42:52,636 [ERROR] LogOutputStream:75 - [STDERR_REDIRECT] [Fatal Error] :1:1: Premature end of file.
2025-01-09 14:42:52,636 [ERROR] LogOutputStream:75 - [STDERR_REDIRECT] 
2025-01-09 14:42:53,653 [ERROR] LogOutputStream:75 - [STDERR_REDIRECT] [Fatal Error] :1:1: Premature end of file.
2025-01-09 14:42:53,653 [ERROR] LogOutputStream:75 - [STDERR_REDIRECT] 
2025-01-09 14:42:54,659 [ERROR] LogOutputStream:75 - [STDERR_REDIRECT] [Fatal Error] :1:1: Premature end of file.
2025-01-09 14:42:54,659 [ERROR] LogOutputStream:75 - [STDERR_REDIRECT] 
2025-01-09 14:42:55,646 [ERROR] LogOutputStream:75 - [STDERR_REDIRECT] [Fatal Error] :1:1: Premature end of file.
2025-01-09 14:42:55,646 [ERROR] LogOutputStream:75 - [STDERR_REDIRECT] 
2025-01-09 14:42:56,658 [ERROR] LogOutputStream:75 - [STDERR_REDIRECT] [Fatal Error] :1:1: Premature end of file.
2025-01-09 14:42:56,658 [ERROR] LogOutputStream:75 - [STDERR_REDIRECT] 
2025-01-09 14:42:57,645 [ERROR] LogOutputStream:75 - [STDERR_REDIRECT] [Fatal Error] :1:1: Premature end of file.
2025-01-09 14:42:57,645 [ERROR] LogOutputStream:75 - [STDERR_REDIRECT] 
2025-01-09 14:42:58,647 [ERROR] LogOutputStream:75 - [STDERR_REDIRECT] [Fatal Error] :1:1: Premature end of file.
2025-01-09 14:42:58,647 [ERROR] LogOutputStream:75 - [STDERR_REDIRECT] 
2025-01-09 14:42:59,653 [ERROR] LogOutputStream:75 - [STDERR_REDIRECT] [Fatal Error] :1:1: Premature end of file.
2025-01-09 14:42:59,653 [ERROR] LogOutputStream:75 - [STDERR_REDIRECT] 
2025-01-09 14:43:00,649 [ERROR] LogOutputStream:75 - [STDERR_REDIRECT] [Fatal Error] :1:1: Premature end of file.
2025-01-09 14:43:00,649 [ERROR] LogOutputStream:75 - [STDERR_REDIRECT] 
2025-01-09 14:43:01,607 [INFO] WebApp:190 - Connection lost
2025-01-09 14:43:01,644 [ERROR] LogOutputStream:75 - [STDERR_REDIRECT] [Fatal Error] :1:1: Premature end of file.
2025-01-09 14:43:01,644 [ERROR] LogOutputStream:75 - [STDERR_REDIRECT] 
2025-01-09 14:43:01,794 [INFO] WebApp:187 - Connection restablished
2025-01-09 14:43:02,663 [ERROR] LogOutputStream:75 - [STDERR_REDIRECT] [Fatal Error] :1:1: Premature end of file.
2025-01-09 14:43:02,663 [ERROR] LogOutputStream:75 - [STDERR_REDIRECT] 
2025-01-09 14:43:03,664 [ERROR] LogOutputStream:75 - [STDERR_REDIRECT] [Fatal Error] :1:1: Premature end of file.
2025-01-09 14:43:03,664 [ERROR] LogOutputStream:75 - [STDERR_REDIRECT] 
2025-01-09 14:43:04,655 [ERROR] LogOutputStream:75 - [STDERR_REDIRECT] [Fatal Error] :1:1: Premature end of file.
2025-01-09 14:43:04,655 [ERROR] LogOutputStream:75 - [STDERR_REDIRECT] 
2025-01-09 14:43:05,647 [ERROR] LogOutputStream:75 - [STDERR_REDIRECT] [Fatal Error] :1:1: Premature end of file.
2025-01-09 14:43:05,647 [ERROR] LogOutputStream:75 - [STDERR_REDIRECT] 
2025-01-09 14:43:06,652 [ERROR] LogOutputStream:75 - [STDERR_REDIRECT] [Fatal Error] :1:1: Premature end of file.
2025-01-09 14:43:06,653 [ERROR] LogOutputStream:75 - [STDERR_REDIRECT] 
2025-01-09 14:43:07,659 [ERROR] LogOutputStream:75 - [STDERR_REDIRECT] [Fatal Error] :1:1: Premature end of file.
2025-01-09 14:43:07,659 [ERROR] LogOutputStream:75 - [STDERR_REDIRECT] 
2025-01-09 14:43:08,656 [ERROR] LogOutputStream:75 - [STDERR_REDIRECT] [Fatal Error] :1:1: Premature end of file.
2025-01-09 14:43:08,656 [ERROR] LogOutputStream:75 - [STDERR_REDIRECT] 
2025-01-09 14:43:09,644 [ERROR] LogOutputStream:75 - [STDERR_REDIRECT] [Fatal Error] :1:1: Premature end of file.
2025-01-09 14:43:09,645 [ERROR] LogOutputStream:75 - [STDERR_REDIRECT] 
2025-01-09 14:43:10,649 [ERROR] LogOutputStream:75 - [STDERR_REDIRECT] [Fatal Error] :1:1: Premature end of file.
2025-01-09 14:43:10,649 [ERROR] LogOutputStream:75 - [STDERR_REDIRECT] 
2025-01-09 14:43:11,663 [ERROR] LogOutputStream:75 - [STDERR_REDIRECT] [Fatal Error] :1:1: Premature end of file.
2025-01-09 14:43:11,663 [ERROR] LogOutputStream:75 - [STDERR_REDIRECT] 
2025-01-09 14:43:12,649 [ERROR] LogOutputStream:75 - [STDERR_REDIRECT] [Fatal Error] :1:1: Premature end of file.
2025-01-09 14:43:12,649 [ERROR] LogOutputStream:75 - [STDERR_REDIRECT] 
2025-01-09 14:43:13,642 [ERROR] LogOutputStream:75 - [STDERR_REDIRECT] [Fatal Error] :1:1: Premature end of file.
2025-01-09 14:43:13,642 [ERROR] LogOutputStream:75 - [STDERR_REDIRECT] 
2025-01-09 14:43:14,656 [ERROR] LogOutputStream:75 - [STDERR_REDIRECT] [Fatal Error] :1:1: Premature end of file.
2025-01-09 14:43:14,656 [ERROR] LogOutputStream:75 - [STDERR_REDIRECT] 
2025-01-09 14:43:15,651 [ERROR] LogOutputStream:75 - [STDERR_REDIRECT] [Fatal Error] :1:1: Premature end of file.
2025-01-09 14:43:15,651 [ERROR] LogOutputStream:75 - [STDERR_REDIRECT] 
2025-01-09 14:43:16,652 [ERROR] LogOutputStream:75 - [STDERR_REDIRECT] [Fatal Error] :1:1: Premature end of file.
2025-01-09 14:43:16,652 [ERROR] LogOutputStream:75 - [STDERR_REDIRECT] 
2025-01-09 14:43:17,657 [ERROR] LogOutputStream:75 - [STDERR_REDIRECT] [Fatal Error] :1:1: Premature end of file.
2025-01-09 14:43:17,657 [ERROR] LogOutputStream:75 - [STDERR_REDIRECT] 
2025-01-09 14:43:18,643 [ERROR] LogOutputStream:75 - [STDERR_REDIRECT] [Fatal Error] :1:1: Premature end of file.
2025-01-09 14:43:18,643 [ERROR] LogOutputStream:75 - [STDERR_REDIRECT] 
2025-01-09 14:43:19,652 [ERROR] LogOutputStream:75 - [STDERR_REDIRECT] [Fatal Error] :1:1: Premature end of file.
2025-01-09 14:43:19,652 [ERROR] LogOutputStream:75 - [STDERR_REDIRECT] 
2025-01-09 14:43:20,655 [ERROR] LogOutputStream:75 - [STDERR_REDIRECT] [Fatal Error] :1:1: Premature end of file.
2025-01-09 14:43:20,655 [ERROR] LogOutputStream:75 - [STDERR_REDIRECT] 
2025-01-09 14:43:21,642 [ERROR] LogOutputStream:75 - [STDERR_REDIRECT] [Fatal Error] :1:1: Premature end of file.
2025-01-09 14:43:21,642 [ERROR] LogOutputStream:75 - [STDERR_REDIRECT] 
2025-01-09 14:43:22,645 [ERROR] LogOutputStream:75 - [STDERR_REDIRECT] [Fatal Error] :1:1: Premature end of file.
2025-01-09 14:43:22,645 [ERROR] LogOutputStream:75 - [STDERR_REDIRECT] 
2025-01-09 14:43:23,651 [ERROR] LogOutputStream:75 - [STDERR_REDIRECT] [Fatal Error] :1:1: Premature end of file.
2025-01-09 14:43:23,652 [ERROR] LogOutputStream:75 - [STDERR_REDIRECT] 
2025-01-09 14:43:24,653 [ERROR] LogOutputStream:75 - [STDERR_REDIRECT] [Fatal Error] :1:1: Premature end of file.
2025-01-09 14:43:24,653 [ERROR] LogOutputStream:75 - [STDERR_REDIRECT] 
2025-01-09 14:43:25,662 [ERROR] LogOutputStream:75 - [STDERR_REDIRECT] [Fatal Error] :1:1: Premature end of file.
2025-01-09 14:43:25,662 [ERROR] LogOutputStream:75 - [STDERR_REDIRECT] 
2025-01-09 14:43:26,656 [ERROR] LogOutputStream:75 - [STDERR_REDIRECT] [Fatal Error] :1:1: Premature end of file.
2025-01-09 14:43:26,656 [ERROR] LogOutputStream:75 - [STDERR_REDIRECT] 
2025-01-09 14:43:27,653 [ERROR] LogOutputStream:75 - [STDERR_REDIRECT] [Fatal Error] :1:1: Premature end of file.
2025-01-09 14:43:27,653 [ERROR] LogOutputStream:75 - [STDERR_REDIRECT] 
2025-01-09 14:43:28,645 [ERROR] LogOutputStream:75 - [STDERR_REDIRECT] [Fatal Error] :1:1: Premature end of file.
2025-01-09 14:43:28,645 [ERROR] LogOutputStream:75 - [STDERR_REDIRECT] 
2025-01-09 14:43:29,654 [ERROR] LogOutputStream:75 - [STDERR_REDIRECT] [Fatal Error] :1:1: Premature end of file.
2025-01-09 14:43:29,654 [ERROR] LogOutputStream:75 - [STDERR_REDIRECT] 
2025-01-09 14:43:30,662 [ERROR] LogOutputStream:75 - [STDERR_REDIRECT] [Fatal Error] :1:1: Premature end of file.
2025-01-09 14:43:30,662 [ERROR] LogOutputStream:75 - [STDERR_REDIRECT] 
2025-01-09 14:43:31,647 [ERROR] LogOutputStream:75 - [STDERR_REDIRECT] [Fatal Error] :1:1: Premature end of file.
2025-01-09 14:43:31,647 [ERROR] LogOutputStream:75 - [STDERR_REDIRECT] 
2025-01-09 14:43:32,648 [ERROR] LogOutputStream:75 - [STDERR_REDIRECT] [Fatal Error] :1:1: Premature end of file.
2025-01-09 14:43:32,648 [ERROR] LogOutputStream:75 - [STDERR_REDIRECT] 
2025-01-09 14:43:33,641 [ERROR] LogOutputStream:75 - [STDERR_REDIRECT] [Fatal Error] :1:1: Premature end of file.
2025-01-09 14:43:33,641 [ERROR] LogOutputStream:75 - [STDERR_REDIRECT] 
2025-01-09 14:43:34,655 [ERROR] LogOutputStream:75 - [STDERR_REDIRECT] [Fatal Error] :1:1: Premature end of file.
2025-01-09 14:43:34,655 [ERROR] LogOutputStream:75 - [STDERR_REDIRECT] 
2025-01-09 14:43:35,658 [ERROR] LogOutputStream:75 - [STDERR_REDIRECT] [Fatal Error] :1:1: Premature end of file.
2025-01-09 14:43:35,658 [ERROR] LogOutputStream:75 - [STDERR_REDIRECT] 
2025-01-09 14:43:36,655 [ERROR] LogOutputStream:75 - [STDERR_REDIRECT] [Fatal Error] :1:1: Premature end of file.
2025-01-09 14:43:36,655 [ERROR] LogOutputStream:75 - [STDERR_REDIRECT] 
2025-01-09 14:43:37,645 [ERROR] LogOutputStream:75 - [STDERR_REDIRECT] [Fatal Error] :1:1: Premature end of file.
2025-01-09 14:43:37,645 [ERROR] LogOutputStream:75 - [STDERR_REDIRECT] 
2025-01-09 14:43:38,671 [ERROR] LogOutputStream:75 - [STDERR_REDIRECT] [Fatal Error] :1:1: Premature end of file.
2025-01-09 14:43:38,671 [ERROR] LogOutputStream:75 - [STDERR_REDIRECT] 
2025-01-09 14:43:39,647 [ERROR] LogOutputStream:75 - [STDERR_REDIRECT] [Fatal Error] :1:1: Premature end of file.
2025-01-09 14:43:39,647 [ERROR] LogOutputStream:75 - [STDERR_REDIRECT] 
2025-01-09 14:43:40,659 [ERROR] LogOutputStream:75 - [STDERR_REDIRECT] [Fatal Error] :1:1: Premature end of file.
2025-01-09 14:43:40,659 [ERROR] LogOutputStream:75 - [STDERR_REDIRECT] 
2025-01-09 14:43:41,647 [ERROR] LogOutputStream:75 - [STDERR_REDIRECT] [Fatal Error] :1:1: Premature end of file.
2025-01-09 14:43:41,647 [ERROR] LogOutputStream:75 - [STDERR_REDIRECT] 
2025-01-09 14:43:42,649 [ERROR] LogOutputStream:75 - [STDERR_REDIRECT] [Fatal Error] :1:1: Premature end of file.
2025-01-09 14:43:42,649 [ERROR] LogOutputStream:75 - [STDERR_REDIRECT] 
2025-01-09 14:43:43,647 [ERROR] LogOutputStream:75 - [STDERR_REDIRECT] [Fatal Error] :1:1: Premature end of file.
2025-01-09 14:43:43,647 [ERROR] LogOutputStream:75 - [STDERR_REDIRECT] 
2025-01-09 14:43:44,650 [ERROR] LogOutputStream:75 - [STDERR_REDIRECT] [Fatal Error] :1:1: Premature end of file.
2025-01-09 14:43:44,650 [ERROR] LogOutputStream:75 - [STDERR_REDIRECT] 
2025-01-09 14:43:45,655 [ERROR] LogOutputStream:75 - [STDERR_REDIRECT] [Fatal Error] :1:1: Premature end of file.
2025-01-09 14:43:45,655 [ERROR] LogOutputStream:75 - [STDERR_REDIRECT] 
2025-01-09 14:43:46,647 [ERROR] LogOutputStream:75 - [STDERR_REDIRECT] [Fatal Error] :1:1: Premature end of file.
2025-01-09 14:43:46,647 [ERROR] LogOutputStream:75 - [STDERR_REDIRECT] 
2025-01-09 14:43:47,653 [ERROR] LogOutputStream:75 - [STDERR_REDIRECT] [Fatal Error] :1:1: Premature end of file.
2025-01-09 14:43:47,653 [ERROR] LogOutputStream:75 - [STDERR_REDIRECT] 
2025-01-09 14:43:48,669 [ERROR] LogOutputStream:75 - [STDERR_REDIRECT] [Fatal Error] :1:1: Premature end of file.
2025-01-09 14:43:48,670 [ERROR] LogOutputStream:75 - [STDERR_REDIRECT] 
2025-01-09 14:43:49,633 [ERROR] LogOutputStream:75 - [STDERR_REDIRECT] [Fatal Error] :1:1: Premature end of file.
2025-01-09 14:43:49,633 [ERROR] LogOutputStream:75 - [STDERR_REDIRECT] 
2025-01-09 14:43:50,647 [ERROR] LogOutputStream:75 - [STDERR_REDIRECT] [Fatal Error] :1:1: Premature end of file.
2025-01-09 14:43:50,647 [ERROR] LogOutputStream:75 - [STDERR_REDIRECT] 
2025-01-09 14:43:51,644 [ERROR] LogOutputStream:75 - [STDERR_REDIRECT] [Fatal Error] :1:1: Premature end of file.
2025-01-09 14:43:51,644 [ERROR] LogOutputStream:75 - [STDERR_REDIRECT] 
2025-01-09 14:43:52,645 [ERROR] LogOutputStream:75 - [STDERR_REDIRECT] [Fatal Error] :1:1: Premature end of file.
2025-01-09 14:43:52,645 [ERROR] LogOutputStream:75 - [STDERR_REDIRECT] 
2025-01-09 14:43:53,653 [ERROR] LogOutputStream:75 - [STDERR_REDIRECT] [Fatal Error] :1:1: Premature end of file.
2025-01-09 14:43:53,653 [ERROR] LogOutputStream:75 - [STDERR_REDIRECT] 
2025-01-09 14:43:54,647 [ERROR] LogOutputStream:75 - [STDERR_REDIRECT] [Fatal Error] :1:1: Premature end of file.
2025-01-09 14:43:54,647 [ERROR] LogOutputStream:75 - [STDERR_REDIRECT] 
2025-01-09 14:43:55,657 [ERROR] LogOutputStream:75 - [STDERR_REDIRECT] [Fatal Error] :1:1: Premature end of file.
2025-01-09 14:43:55,657 [ERROR] LogOutputStream:75 - [STDERR_REDIRECT] 
2025-01-09 14:43:56,653 [ERROR] LogOutputStream:75 - [STDERR_REDIRECT] [Fatal Error] :1:1: Premature end of file.
2025-01-09 14:43:56,653 [ERROR] LogOutputStream:75 - [STDERR_REDIRECT] 
2025-01-09 14:43:57,659 [ERROR] LogOutputStream:75 - [STDERR_REDIRECT] [Fatal Error] :1:1: Premature end of file.
2025-01-09 14:43:57,659 [ERROR] LogOutputStream:75 - [STDERR_REDIRECT] 
2025-01-09 14:43:58,642 [ERROR] LogOutputStream:75 - [STDERR_REDIRECT] [Fatal Error] :1:1: Premature end of file.
2025-01-09 14:43:58,642 [ERROR] LogOutputStream:75 - [STDERR_REDIRECT] 
2025-01-09 14:43:59,643 [ERROR] LogOutputStream:75 - [STDERR_REDIRECT] [Fatal Error] :1:1: Premature end of file.
2025-01-09 14:43:59,643 [ERROR] LogOutputStream:75 - [STDERR_REDIRECT] 
2025-01-09 14:44:00,640 [ERROR] LogOutputStream:75 - [STDERR_REDIRECT] [Fatal Error] :1:1: Premature end of file.
2025-01-09 14:44:00,640 [ERROR] LogOutputStream:75 - [STDERR_REDIRECT] 
2025-01-09 14:44:01,660 [ERROR] LogOutputStream:75 - [STDERR_REDIRECT] [Fatal Error] :1:1: Premature end of file.
2025-01-09 14:44:01,660 [ERROR] LogOutputStream:75 - [STDERR_REDIRECT] 
2025-01-09 14:44:02,651 [ERROR] LogOutputStream:75 - [STDERR_REDIRECT] [Fatal Error] :1:1: Premature end of file.
2025-01-09 14:44:02,651 [ERROR] LogOutputStream:75 - [STDERR_REDIRECT] 
2025-01-09 14:44:03,648 [ERROR] LogOutputStream:75 - [STDERR_REDIRECT] [Fatal Error] :1:1: Premature end of file.
2025-01-09 14:44:03,648 [ERROR] LogOutputStream:75 - [STDERR_REDIRECT] 
2025-01-09 14:44:04,658 [ERROR] LogOutputStream:75 - [STDERR_REDIRECT] [Fatal Error] :1:1: Premature end of file.
2025-01-09 14:44:04,658 [ERROR] LogOutputStream:75 - [STDERR_REDIRECT] 
2025-01-09 14:44:05,648 [ERROR] LogOutputStream:75 - [STDERR_REDIRECT] [Fatal Error] :1:1: Premature end of file.
2025-01-09 14:44:05,648 [ERROR] LogOutputStream:75 - [STDERR_REDIRECT] 
2025-01-09 14:44:06,643 [ERROR] LogOutputStream:75 - [STDERR_REDIRECT] [Fatal Error] :1:1: Premature end of file.
2025-01-09 14:44:06,643 [ERROR] LogOutputStream:75 - [STDERR_REDIRECT] 
2025-01-09 14:44:07,662 [ERROR] LogOutputStream:75 - [STDERR_REDIRECT] [Fatal Error] :1:1: Premature end of file.
2025-01-09 14:44:07,662 [ERROR] LogOutputStream:75 - [STDERR_REDIRECT] 
2025-01-09 14:44:08,645 [ERROR] LogOutputStream:75 - [STDERR_REDIRECT] [Fatal Error] :1:1: Premature end of file.
2025-01-09 14:44:08,645 [ERROR] LogOutputStream:75 - [STDERR_REDIRECT] 
2025-01-09 14:44:09,647 [ERROR] LogOutputStream:75 - [STDERR_REDIRECT] [Fatal Error] :1:1: Premature end of file.
2025-01-09 14:44:09,648 [ERROR] LogOutputStream:75 - [STDERR_REDIRECT] 
2025-01-09 14:44:10,659 [ERROR] LogOutputStream:75 - [STDERR_REDIRECT] [Fatal Error] :1:1: Premature end of file.
2025-01-09 14:44:10,659 [ERROR] LogOutputStream:75 - [STDERR_REDIRECT] 
2025-01-09 14:44:11,663 [ERROR] LogOutputStream:75 - [STDERR_REDIRECT] [Fatal Error] :1:1: Premature end of file.
2025-01-09 14:44:11,663 [ERROR] LogOutputStream:75 - [STDERR_REDIRECT] 
2025-01-09 14:44:12,640 [ERROR] LogOutputStream:75 - [STDERR_REDIRECT] [Fatal Error] :1:1: Premature end of file.
2025-01-09 14:44:12,640 [ERROR] LogOutputStream:75 - [STDERR_REDIRECT] 
2025-01-09 14:44:13,653 [ERROR] LogOutputStream:75 - [STDERR_REDIRECT] [Fatal Error] :1:1: Premature end of file.
2025-01-09 14:44:13,653 [ERROR] LogOutputStream:75 - [STDERR_REDIRECT] 
2025-01-09 14:44:14,661 [ERROR] LogOutputStream:75 - [STDERR_REDIRECT] [Fatal Error] :1:1: Premature end of file.
2025-01-09 14:44:14,661 [ERROR] LogOutputStream:75 - [STDERR_REDIRECT] 
2025-01-09 14:44:15,660 [ERROR] LogOutputStream:75 - [STDERR_REDIRECT] [Fatal Error] :1:1: Premature end of file.
2025-01-09 14:44:15,660 [ERROR] LogOutputStream:75 - [STDERR_REDIRECT] 
2025-01-09 14:44:16,657 [ERROR] LogOutputStream:75 - [STDERR_REDIRECT] [Fatal Error] :1:1: Premature end of file.
2025-01-09 14:44:16,657 [ERROR] LogOutputStream:75 - [STDERR_REDIRECT] 
2025-01-09 14:44:17,648 [ERROR] LogOutputStream:75 - [STDERR_REDIRECT] [Fatal Error] :1:1: Premature end of file.
2025-01-09 14:44:17,648 [ERROR] LogOutputStream:75 - [STDERR_REDIRECT] 
2025-01-09 14:44:18,656 [ERROR] LogOutputStream:75 - [STDERR_REDIRECT] [Fatal Error] :1:1: Premature end of file.
2025-01-09 14:44:18,656 [ERROR] LogOutputStream:75 - [STDERR_REDIRECT] 
2025-01-09 14:44:19,663 [ERROR] LogOutputStream:75 - [STDERR_REDIRECT] [Fatal Error] :1:1: Premature end of file.
2025-01-09 14:44:19,663 [ERROR] LogOutputStream:75 - [STDERR_REDIRECT] 
2025-01-09 14:44:20,646 [ERROR] LogOutputStream:75 - [STDERR_REDIRECT] [Fatal Error] :1:1: Premature end of file.
2025-01-09 14:44:20,646 [ERROR] LogOutputStream:75 - [STDERR_REDIRECT] 
2025-01-09 14:44:21,657 [ERROR] LogOutputStream:75 - [STDERR_REDIRECT] [Fatal Error] :1:1: Premature end of file.
2025-01-09 14:44:21,657 [ERROR] LogOutputStream:75 - [STDERR_REDIRECT] 
2025-01-09 14:44:22,652 [ERROR] LogOutputStream:75 - [STDERR_REDIRECT] [Fatal Error] :1:1: Premature end of file.
2025-01-09 14:44:22,652 [ERROR] LogOutputStream:75 - [STDERR_REDIRECT] 
2025-01-09 14:44:23,660 [ERROR] LogOutputStream:75 - [STDERR_REDIRECT] [Fatal Error] :1:1: Premature end of file.
2025-01-09 14:44:23,660 [ERROR] LogOutputStream:75 - [STDERR_REDIRECT] 
2025-01-09 14:44:24,650 [ERROR] LogOutputStream:75 - [STDERR_REDIRECT] [Fatal Error] :1:1: Premature end of file.
2025-01-09 14:44:24,650 [ERROR] LogOutputStream:75 - [STDERR_REDIRECT] 
2025-01-09 14:44:25,648 [ERROR] LogOutputStream:75 - [STDERR_REDIRECT] [Fatal Error] :1:1: Premature end of file.
2025-01-09 14:44:25,648 [ERROR] LogOutputStream:75 - [STDERR_REDIRECT] 
2025-01-09 14:44:26,658 [ERROR] LogOutputStream:75 - [STDERR_REDIRECT] [Fatal Error] :1:1: Premature end of file.
2025-01-09 14:44:26,658 [ERROR] LogOutputStream:75 - [STDERR_REDIRECT] 
2025-01-09 14:44:27,650 [ERROR] LogOutputStream:75 - [STDERR_REDIRECT] [Fatal Error] :1:1: Premature end of file.
2025-01-09 14:44:27,650 [ERROR] LogOutputStream:75 - [STDERR_REDIRECT] 
2025-01-09 14:44:28,642 [ERROR] LogOutputStream:75 - [STDERR_REDIRECT] [Fatal Error] :1:1: Premature end of file.
2025-01-09 14:44:28,642 [ERROR] LogOutputStream:75 - [STDERR_REDIRECT] 
2025-01-09 14:44:29,647 [ERROR] LogOutputStream:75 - [STDERR_REDIRECT] [Fatal Error] :1:1: Premature end of file.
2025-01-09 14:44:29,647 [ERROR] LogOutputStream:75 - [STDERR_REDIRECT] 
2025-01-09 14:44:30,649 [ERROR] LogOutputStream:75 - [STDERR_REDIRECT] [Fatal Error] :1:1: Premature end of file.
2025-01-09 14:44:30,649 [ERROR] LogOutputStream:75 - [STDERR_REDIRECT] 
2025-01-09 14:44:31,655 [ERROR] LogOutputStream:75 - [STDERR_REDIRECT] [Fatal Error] :1:1: Premature end of file.
2025-01-09 14:44:31,655 [ERROR] LogOutputStream:75 - [STDERR_REDIRECT] 
2025-01-09 14:44:32,649 [ERROR] LogOutputStream:75 - [STDERR_REDIRECT] [Fatal Error] :1:1: Premature end of file.
2025-01-09 14:44:32,649 [ERROR] LogOutputStream:75 - [STDERR_REDIRECT] 
2025-01-09 14:44:33,649 [ERROR] LogOutputStream:75 - [STDERR_REDIRECT] [Fatal Error] :1:1: Premature end of file.
2025-01-09 14:44:33,649 [ERROR] LogOutputStream:75 - [STDERR_REDIRECT] 
2025-01-09 14:44:34,660 [ERROR] LogOutputStream:75 - [STDERR_REDIRECT] [Fatal Error] :1:1: Premature end of file.
2025-01-09 14:44:34,660 [ERROR] LogOutputStream:75 - [STDERR_REDIRECT] 
2025-01-09 14:44:35,647 [ERROR] LogOutputStream:75 - [STDERR_REDIRECT] [Fatal Error] :1:1: Premature end of file.
2025-01-09 14:44:35,647 [ERROR] LogOutputStream:75 - [STDERR_REDIRECT] 
2025-01-09 14:44:36,652 [ERROR] LogOutputStream:75 - [STDERR_REDIRECT] [Fatal Error] :1:1: Premature end of file.
2025-01-09 14:44:36,652 [ERROR] LogOutputStream:75 - [STDERR_REDIRECT] 
2025-01-09 14:44:37,656 [ERROR] LogOutputStream:75 - [STDERR_REDIRECT] [Fatal Error] :1:1: Premature end of file.
2025-01-09 14:44:37,656 [ERROR] LogOutputStream:75 - [STDERR_REDIRECT] 
2025-01-09 14:44:38,656 [ERROR] LogOutputStream:75 - [STDERR_REDIRECT] [Fatal Error] :1:1: Premature end of file.
2025-01-09 14:44:38,656 [ERROR] LogOutputStream:75 - [STDERR_REDIRECT] 
2025-01-09 14:44:39,645 [ERROR] LogOutputStream:75 - [STDERR_REDIRECT] [Fatal Error] :1:1: Premature end of file.
2025-01-09 14:44:39,645 [ERROR] LogOutputStream:75 - [STDERR_REDIRECT] 
2025-01-09 14:44:40,651 [ERROR] LogOutputStream:75 - [STDERR_REDIRECT] [Fatal Error] :1:1: Premature end of file.
2025-01-09 14:44:40,651 [ERROR] LogOutputStream:75 - [STDERR_REDIRECT] 
2025-01-09 14:44:41,660 [ERROR] LogOutputStream:75 - [STDERR_REDIRECT] [Fatal Error] :1:1: Premature end of file.
2025-01-09 14:44:41,660 [ERROR] LogOutputStream:75 - [STDERR_REDIRECT] 
2025-01-09 14:44:42,653 [ERROR] LogOutputStream:75 - [STDERR_REDIRECT] [Fatal Error] :1:1: Premature end of file.
2025-01-09 14:44:42,653 [ERROR] LogOutputStream:75 - [STDERR_REDIRECT] 
2025-01-09 14:44:43,641 [ERROR] LogOutputStream:75 - [STDERR_REDIRECT] [Fatal Error] :1:1: Premature end of file.
2025-01-09 14:44:43,641 [ERROR] LogOutputStream:75 - [STDERR_REDIRECT] 
2025-01-09 14:44:44,669 [ERROR] LogOutputStream:75 - [STDERR_REDIRECT] [Fatal Error] :1:1: Premature end of file.
2025-01-09 14:44:44,669 [ERROR] LogOutputStream:75 - [STDERR_REDIRECT] 
2025-01-09 14:44:45,656 [ERROR] LogOutputStream:75 - [STDERR_REDIRECT] [Fatal Error] :1:1: Premature end of file.
2025-01-09 14:44:45,656 [ERROR] LogOutputStream:75 - [STDERR_REDIRECT] 
2025-01-09 14:44:46,659 [ERROR] LogOutputStream:75 - [STDERR_REDIRECT] [Fatal Error] :1:1: Premature end of file.
2025-01-09 14:44:46,659 [ERROR] LogOutputStream:75 - [STDERR_REDIRECT] 
2025-01-09 14:44:47,654 [ERROR] LogOutputStream:75 - [STDERR_REDIRECT] [Fatal Error] :1:1: Premature end of file.
2025-01-09 14:44:47,654 [ERROR] LogOutputStream:75 - [STDERR_REDIRECT] 
2025-01-09 14:44:48,643 [ERROR] LogOutputStream:75 - [STDERR_REDIRECT] [Fatal Error] :1:1: Premature end of file.
2025-01-09 14:44:48,643 [ERROR] LogOutputStream:75 - [STDERR_REDIRECT] 
2025-01-09 14:44:49,648 [ERROR] LogOutputStream:75 - [STDERR_REDIRECT] [Fatal Error] :1:1: Premature end of file.
2025-01-09 14:44:49,648 [ERROR] LogOutputStream:75 - [STDERR_REDIRECT] 
2025-01-09 14:44:50,649 [ERROR] LogOutputStream:75 - [STDERR_REDIRECT] [Fatal Error] :1:1: Premature end of file.
2025-01-09 14:44:50,649 [ERROR] LogOutputStream:75 - [STDERR_REDIRECT] 
2025-01-09 14:44:51,645 [ERROR] LogOutputStream:75 - [STDERR_REDIRECT] [Fatal Error] :1:1: Premature end of file.
2025-01-09 14:44:51,645 [ERROR] LogOutputStream:75 - [STDERR_REDIRECT] 
2025-01-09 14:44:52,649 [ERROR] LogOutputStream:75 - [STDERR_REDIRECT] [Fatal Error] :1:1: Premature end of file.
2025-01-09 14:44:52,649 [ERROR] LogOutputStream:75 - [STDERR_REDIRECT] 
2025-01-09 14:44:53,644 [ERROR] LogOutputStream:75 - [STDERR_REDIRECT] [Fatal Error] :1:1: Premature end of file.
2025-01-09 14:44:53,644 [ERROR] LogOutputStream:75 - [STDERR_REDIRECT] 
2025-01-09 14:44:54,652 [ERROR] LogOutputStream:75 - [STDERR_REDIRECT] [Fatal Error] :1:1: Premature end of file.
2025-01-09 14:44:54,652 [ERROR] LogOutputStream:75 - [STDERR_REDIRECT] 
2025-01-09 14:44:55,643 [ERROR] LogOutputStream:75 - [STDERR_REDIRECT] [Fatal Error] :1:1: Premature end of file.
2025-01-09 14:44:55,643 [ERROR] LogOutputStream:75 - [STDERR_REDIRECT] 
2025-01-09 14:44:56,654 [ERROR] LogOutputStream:75 - [STDERR_REDIRECT] [Fatal Error] :1:1: Premature end of file.
2025-01-09 14:44:56,654 [ERROR] LogOutputStream:75 - [STDERR_REDIRECT] 
2025-01-09 14:44:57,657 [ERROR] LogOutputStream:75 - [STDERR_REDIRECT] [Fatal Error] :1:1: Premature end of file.
2025-01-09 14:44:57,657 [ERROR] LogOutputStream:75 - [STDERR_REDIRECT] 
2025-01-09 14:44:58,648 [ERROR] LogOutputStream:75 - [STDERR_REDIRECT] [Fatal Error] :1:1: Premature end of file.
2025-01-09 14:44:58,648 [ERROR] LogOutputStream:75 - [STDERR_REDIRECT] 
2025-01-09 14:44:59,647 [ERROR] LogOutputStream:75 - [STDERR_REDIRECT] [Fatal Error] :1:1: Premature end of file.
2025-01-09 14:44:59,647 [ERROR] LogOutputStream:75 - [STDERR_REDIRECT] 
2025-01-09 14:45:00,643 [ERROR] LogOutputStream:75 - [STDERR_REDIRECT] [Fatal Error] :1:1: Premature end of file.
2025-01-09 14:45:00,643 [ERROR] LogOutputStream:75 - [STDERR_REDIRECT] 
2025-01-09 14:45:01,651 [ERROR] LogOutputStream:75 - [STDERR_REDIRECT] [Fatal Error] :1:1: Premature end of file.
2025-01-09 14:45:01,651 [ERROR] LogOutputStream:75 - [STDERR_REDIRECT] 
2025-01-09 14:45:02,643 [ERROR] LogOutputStream:75 - [STDERR_REDIRECT] [Fatal Error] :1:1: Premature end of file.
2025-01-09 14:45:02,643 [ERROR] LogOutputStream:75 - [STDERR_REDIRECT] 
2025-01-09 14:45:03,648 [ERROR] LogOutputStream:75 - [STDERR_REDIRECT] [Fatal Error] :1:1: Premature end of file.
2025-01-09 14:45:03,648 [ERROR] LogOutputStream:75 - [STDERR_REDIRECT] 
2025-01-09 14:45:04,653 [ERROR] LogOutputStream:75 - [STDERR_REDIRECT] [Fatal Error] :1:1: Premature end of file.
2025-01-09 14:45:04,653 [ERROR] LogOutputStream:75 - [STDERR_REDIRECT] 
2025-01-09 14:45:05,645 [ERROR] LogOutputStream:75 - [STDERR_REDIRECT] [Fatal Error] :1:1: Premature end of file.
2025-01-09 14:45:05,645 [ERROR] LogOutputStream:75 - [STDERR_REDIRECT] 
2025-01-09 14:45:06,660 [ERROR] LogOutputStream:75 - [STDERR_REDIRECT] [Fatal Error] :1:1: Premature end of file.
2025-01-09 14:45:06,660 [ERROR] LogOutputStream:75 - [STDERR_REDIRECT] 
2025-01-09 14:45:07,651 [ERROR] LogOutputStream:75 - [STDERR_REDIRECT] [Fatal Error] :1:1: Premature end of file.
2025-01-09 14:45:07,651 [ERROR] LogOutputStream:75 - [STDERR_REDIRECT] 
2025-01-09 14:45:08,657 [ERROR] LogOutputStream:75 - [STDERR_REDIRECT] [Fatal Error] :1:1: Premature end of file.
2025-01-09 14:45:08,657 [ERROR] LogOutputStream:75 - [STDERR_REDIRECT] 
2025-01-09 14:45:09,650 [ERROR] LogOutputStream:75 - [STDERR_REDIRECT] [Fatal Error] :1:1: Premature end of file.
2025-01-09 14:45:09,650 [ERROR] LogOutputStream:75 - [STDERR_REDIRECT] 
2025-01-09 14:45:10,648 [ERROR] LogOutputStream:75 - [STDERR_REDIRECT] [Fatal Error] :1:1: Premature end of file.
2025-01-09 14:45:10,648 [ERROR] LogOutputStream:75 - [STDERR_REDIRECT] 
2025-01-09 14:45:11,649 [ERROR] LogOutputStream:75 - [STDERR_REDIRECT] [Fatal Error] :1:1: Premature end of file.
2025-01-09 14:45:11,649 [ERROR] LogOutputStream:75 - [STDERR_REDIRECT] 
2025-01-09 14:45:12,646 [ERROR] LogOutputStream:75 - [STDERR_REDIRECT] [Fatal Error] :1:1: Premature end of file.
2025-01-09 14:45:12,646 [ERROR] LogOutputStream:75 - [STDERR_REDIRECT] 
2025-01-09 14:45:13,656 [ERROR] LogOutputStream:75 - [STDERR_REDIRECT] [Fatal Error] :1:1: Premature end of file.
2025-01-09 14:45:13,656 [ERROR] LogOutputStream:75 - [STDERR_REDIRECT] 
2025-01-09 14:45:14,650 [ERROR] LogOutputStream:75 - [STDERR_REDIRECT] [Fatal Error] :1:1: Premature end of file.
2025-01-09 14:45:14,650 [ERROR] LogOutputStream:75 - [STDERR_REDIRECT] 
2025-01-09 14:45:15,643 [ERROR] LogOutputStream:75 - [STDERR_REDIRECT] [Fatal Error] :1:1: Premature end of file.
2025-01-09 14:45:15,643 [ERROR] LogOutputStream:75 - [STDERR_REDIRECT] 
2025-01-09 14:45:16,647 [ERROR] LogOutputStream:75 - [STDERR_REDIRECT] [Fatal Error] :1:1: Premature end of file.
2025-01-09 14:45:16,647 [ERROR] LogOutputStream:75 - [STDERR_REDIRECT] 
2025-01-09 14:45:17,661 [ERROR] LogOutputStream:75 - [STDERR_REDIRECT] [Fatal Error] :1:1: Premature end of file.
2025-01-09 14:45:17,661 [ERROR] LogOutputStream:75 - [STDERR_REDIRECT] 
2025-01-09 14:45:18,652 [ERROR] LogOutputStream:75 - [STDERR_REDIRECT] [Fatal Error] :1:1: Premature end of file.
2025-01-09 14:45:18,652 [ERROR] LogOutputStream:75 - [STDERR_REDIRECT] 
2025-01-09 14:45:19,658 [ERROR] LogOutputStream:75 - [STDERR_REDIRECT] [Fatal Error] :1:1: Premature end of file.
2025-01-09 14:45:19,658 [ERROR] LogOutputStream:75 - [STDERR_REDIRECT] 
2025-01-09 14:45:20,656 [ERROR] LogOutputStream:75 - [STDERR_REDIRECT] [Fatal Error] :1:1: Premature end of file.
2025-01-09 14:45:20,656 [ERROR] LogOutputStream:75 - [STDERR_REDIRECT] 
2025-01-09 14:45:21,649 [ERROR] LogOutputStream:75 - [STDERR_REDIRECT] [Fatal Error] :1:1: Premature end of file.
2025-01-09 14:45:21,649 [ERROR] LogOutputStream:75 - [STDERR_REDIRECT] 
2025-01-09 14:45:22,665 [ERROR] LogOutputStream:75 - [STDERR_REDIRECT] [Fatal Error] :1:1: Premature end of file.
2025-01-09 14:45:22,665 [ERROR] LogOutputStream:75 - [STDERR_REDIRECT] 
2025-01-09 14:45:23,649 [ERROR] LogOutputStream:75 - [STDERR_REDIRECT] [Fatal Error] :1:1: Premature end of file.
2025-01-09 14:45:23,649 [ERROR] LogOutputStream:75 - [STDERR_REDIRECT] 
2025-01-09 14:45:24,653 [ERROR] LogOutputStream:75 - [STDERR_REDIRECT] [Fatal Error] :1:1: Premature end of file.
2025-01-09 14:45:24,653 [ERROR] LogOutputStream:75 - [STDERR_REDIRECT] 
2025-01-09 14:45:25,660 [ERROR] LogOutputStream:75 - [STDERR_REDIRECT] [Fatal Error] :1:1: Premature end of file.
2025-01-09 14:45:25,660 [ERROR] LogOutputStream:75 - [STDERR_REDIRECT] 
2025-01-09 14:45:26,644 [ERROR] LogOutputStream:75 - [STDERR_REDIRECT] [Fatal Error] :1:1: Premature end of file.
2025-01-09 14:45:26,644 [ERROR] LogOutputStream:75 - [STDERR_REDIRECT] 
2025-01-09 14:45:27,655 [ERROR] LogOutputStream:75 - [STDERR_REDIRECT] [Fatal Error] :1:1: Premature end of file.
2025-01-09 14:45:27,655 [ERROR] LogOutputStream:75 - [STDERR_REDIRECT] 
2025-01-09 14:45:28,660 [ERROR] LogOutputStream:75 - [STDERR_REDIRECT] [Fatal Error] :1:1: Premature end of file.
2025-01-09 14:45:28,660 [ERROR] LogOutputStream:75 - [STDERR_REDIRECT] 
2025-01-09 14:45:29,647 [ERROR] LogOutputStream:75 - [STDERR_REDIRECT] [Fatal Error] :1:1: Premature end of file.
2025-01-09 14:45:29,647 [ERROR] LogOutputStream:75 - [STDERR_REDIRECT] 
2025-01-09 14:45:30,646 [ERROR] LogOutputStream:75 - [STDERR_REDIRECT] [Fatal Error] :1:1: Premature end of file.
2025-01-09 14:45:30,646 [ERROR] LogOutputStream:75 - [STDERR_REDIRECT] 
2025-01-09 14:45:31,647 [ERROR] LogOutputStream:75 - [STDERR_REDIRECT] [Fatal Error] :1:1: Premature end of file.
2025-01-09 14:45:31,647 [ERROR] LogOutputStream:75 - [STDERR_REDIRECT] 
2025-01-09 14:45:32,646 [ERROR] LogOutputStream:75 - [STDERR_REDIRECT] [Fatal Error] :1:1: Premature end of file.
2025-01-09 14:45:32,646 [ERROR] LogOutputStream:75 - [STDERR_REDIRECT] 
2025-01-09 14:45:33,644 [ERROR] LogOutputStream:75 - [STDERR_REDIRECT] [Fatal Error] :1:1: Premature end of file.
2025-01-09 14:45:33,644 [ERROR] LogOutputStream:75 - [STDERR_REDIRECT] 
2025-01-09 14:45:34,650 [ERROR] LogOutputStream:75 - [STDERR_REDIRECT] [Fatal Error] :1:1: Premature end of file.
2025-01-09 14:45:34,650 [ERROR] LogOutputStream:75 - [STDERR_REDIRECT] 
2025-01-09 14:45:35,650 [ERROR] LogOutputStream:75 - [STDERR_REDIRECT] [Fatal Error] :1:1: Premature end of file.
2025-01-09 14:45:35,650 [ERROR] LogOutputStream:75 - [STDERR_REDIRECT] 
2025-01-09 14:45:36,663 [ERROR] LogOutputStream:75 - [STDERR_REDIRECT] [Fatal Error] :1:1: Premature end of file.
2025-01-09 14:45:36,663 [ERROR] LogOutputStream:75 - [STDERR_REDIRECT] 
2025-01-09 14:45:37,643 [ERROR] LogOutputStream:75 - [STDERR_REDIRECT] [Fatal Error] :1:1: Premature end of file.
2025-01-09 14:45:37,643 [ERROR] LogOutputStream:75 - [STDERR_REDIRECT] 
2025-01-09 14:45:38,645 [ERROR] LogOutputStream:75 - [STDERR_REDIRECT] [Fatal Error] :1:1: Premature end of file.
2025-01-09 14:45:38,645 [ERROR] LogOutputStream:75 - [STDERR_REDIRECT] 
2025-01-09 14:45:39,651 [ERROR] LogOutputStream:75 - [STDERR_REDIRECT] [Fatal Error] :1:1: Premature end of file.
2025-01-09 14:45:39,651 [ERROR] LogOutputStream:75 - [STDERR_REDIRECT] 
2025-01-09 14:45:40,649 [ERROR] LogOutputStream:75 - [STDERR_REDIRECT] [Fatal Error] :1:1: Premature end of file.
2025-01-09 14:45:40,649 [ERROR] LogOutputStream:75 - [STDERR_REDIRECT] 
2025-01-09 14:45:41,656 [ERROR] LogOutputStream:75 - [STDERR_REDIRECT] [Fatal Error] :1:1: Premature end of file.
2025-01-09 14:45:41,656 [ERROR] LogOutputStream:75 - [STDERR_REDIRECT] 
2025-01-09 14:45:42,653 [ERROR] LogOutputStream:75 - [STDERR_REDIRECT] [Fatal Error] :1:1: Premature end of file.
2025-01-09 14:45:42,653 [ERROR] LogOutputStream:75 - [STDERR_REDIRECT] 
2025-01-09 14:45:43,656 [ERROR] LogOutputStream:75 - [STDERR_REDIRECT] [Fatal Error] :1:1: Premature end of file.
2025-01-09 14:45:43,656 [ERROR] LogOutputStream:75 - [STDERR_REDIRECT] 
2025-01-09 14:45:44,646 [ERROR] LogOutputStream:75 - [STDERR_REDIRECT] [Fatal Error] :1:1: Premature end of file.
2025-01-09 14:45:44,646 [ERROR] LogOutputStream:75 - [STDERR_REDIRECT] 
2025-01-09 14:45:45,651 [ERROR] LogOutputStream:75 - [STDERR_REDIRECT] [Fatal Error] :1:1: Premature end of file.
2025-01-09 14:45:45,651 [ERROR] LogOutputStream:75 - [STDERR_REDIRECT] 
2025-01-09 14:45:46,643 [ERROR] LogOutputStream:75 - [STDERR_REDIRECT] [Fatal Error] :1:1: Premature end of file.
2025-01-09 14:45:46,643 [ERROR] LogOutputStream:75 - [STDERR_REDIRECT] 
2025-01-09 14:45:47,651 [ERROR] LogOutputStream:75 - [STDERR_REDIRECT] [Fatal Error] :1:1: Premature end of file.
2025-01-09 14:45:47,651 [ERROR] LogOutputStream:75 - [STDERR_REDIRECT] 
2025-01-09 14:45:48,649 [ERROR] LogOutputStream:75 - [STDERR_REDIRECT] [Fatal Error] :1:1: Premature end of file.
2025-01-09 14:45:48,649 [ERROR] LogOutputStream:75 - [STDERR_REDIRECT] 
2025-01-09 14:45:49,641 [ERROR] LogOutputStream:75 - [STDERR_REDIRECT] [Fatal Error] :1:1: Premature end of file.
2025-01-09 14:45:49,641 [ERROR] LogOutputStream:75 - [STDERR_REDIRECT] 
2025-01-09 14:45:50,651 [ERROR] LogOutputStream:75 - [STDERR_REDIRECT] [Fatal Error] :1:1: Premature end of file.
2025-01-09 14:45:50,651 [ERROR] LogOutputStream:75 - [STDERR_REDIRECT] 
2025-01-09 14:45:51,654 [ERROR] LogOutputStream:75 - [STDERR_REDIRECT] [Fatal Error] :1:1: Premature end of file.
2025-01-09 14:45:51,654 [ERROR] LogOutputStream:75 - [STDERR_REDIRECT] 
2025-01-09 14:45:52,656 [ERROR] LogOutputStream:75 - [STDERR_REDIRECT] [Fatal Error] :1:1: Premature end of file.
2025-01-09 14:45:52,656 [ERROR] LogOutputStream:75 - [STDERR_REDIRECT] 
2025-01-09 14:45:53,649 [ERROR] LogOutputStream:75 - [STDERR_REDIRECT] [Fatal Error] :1:1: Premature end of file.
2025-01-09 14:45:53,649 [ERROR] LogOutputStream:75 - [STDERR_REDIRECT] 
2025-01-09 14:45:54,654 [ERROR] LogOutputStream:75 - [STDERR_REDIRECT] [Fatal Error] :1:1: Premature end of file.
2025-01-09 14:45:54,654 [ERROR] LogOutputStream:75 - [STDERR_REDIRECT] 
2025-01-09 14:45:55,653 [ERROR] LogOutputStream:75 - [STDERR_REDIRECT] [Fatal Error] :1:1: Premature end of file.
2025-01-09 14:45:55,653 [ERROR] LogOutputStream:75 - [STDERR_REDIRECT] 
2025-01-09 14:45:56,643 [ERROR] LogOutputStream:75 - [STDERR_REDIRECT] [Fatal Error] :1:1: Premature end of file.
2025-01-09 14:45:56,643 [ERROR] LogOutputStream:75 - [STDERR_REDIRECT] 
2025-01-09 14:45:57,656 [ERROR] LogOutputStream:75 - [STDERR_REDIRECT] [Fatal Error] :1:1: Premature end of file.
2025-01-09 14:45:57,656 [ERROR] LogOutputStream:75 - [STDERR_REDIRECT] 
2025-01-09 14:45:58,654 [ERROR] LogOutputStream:75 - [STDERR_REDIRECT] [Fatal Error] :1:1: Premature end of file.
2025-01-09 14:45:58,654 [ERROR] LogOutputStream:75 - [STDERR_REDIRECT] 
2025-01-09 14:45:59,655 [ERROR] LogOutputStream:75 - [STDERR_REDIRECT] [Fatal Error] :1:1: Premature end of file.
2025-01-09 14:45:59,655 [ERROR] LogOutputStream:75 - [STDERR_REDIRECT] 
2025-01-09 14:46:00,651 [ERROR] LogOutputStream:75 - [STDERR_REDIRECT] [Fatal Error] :1:1: Premature end of file.
2025-01-09 14:46:00,651 [ERROR] LogOutputStream:75 - [STDERR_REDIRECT] 
2025-01-09 14:46:01,648 [ERROR] LogOutputStream:75 - [STDERR_REDIRECT] [Fatal Error] :1:1: Premature end of file.
2025-01-09 14:46:01,648 [ERROR] LogOutputStream:75 - [STDERR_REDIRECT] 
2025-01-09 14:46:02,655 [ERROR] LogOutputStream:75 - [STDERR_REDIRECT] [Fatal Error] :1:1: Premature end of file.
2025-01-09 14:46:02,655 [ERROR] LogOutputStream:75 - [STDERR_REDIRECT] 
2025-01-09 14:46:03,661 [ERROR] LogOutputStream:75 - [STDERR_REDIRECT] [Fatal Error] :1:1: Premature end of file.
2025-01-09 14:46:03,661 [ERROR] LogOutputStream:75 - [STDERR_REDIRECT] 
2025-01-09 14:46:04,651 [ERROR] LogOutputStream:75 - [STDERR_REDIRECT] [Fatal Error] :1:1: Premature end of file.
2025-01-09 14:46:04,651 [ERROR] LogOutputStream:75 - [STDERR_REDIRECT] 
2025-01-09 14:46:05,651 [ERROR] LogOutputStream:75 - [STDERR_REDIRECT] [Fatal Error] :1:1: Premature end of file.
2025-01-09 14:46:05,651 [ERROR] LogOutputStream:75 - [STDERR_REDIRECT] 
2025-01-09 14:46:06,656 [ERROR] LogOutputStream:75 - [STDERR_REDIRECT] [Fatal Error] :1:1: Premature end of file.
2025-01-09 14:46:06,656 [ERROR] LogOutputStream:75 - [STDERR_REDIRECT] 
2025-01-09 14:46:07,647 [ERROR] LogOutputStream:75 - [STDERR_REDIRECT] [Fatal Error] :1:1: Premature end of file.
2025-01-09 14:46:07,647 [ERROR] LogOutputStream:75 - [STDERR_REDIRECT] 
2025-01-09 14:46:08,644 [ERROR] LogOutputStream:75 - [STDERR_REDIRECT] [Fatal Error] :1:1: Premature end of file.
2025-01-09 14:46:08,644 [ERROR] LogOutputStream:75 - [STDERR_REDIRECT] 
2025-01-09 14:46:09,646 [ERROR] LogOutputStream:75 - [STDERR_REDIRECT] [Fatal Error] :1:1: Premature end of file.
2025-01-09 14:46:09,646 [ERROR] LogOutputStream:75 - [STDERR_REDIRECT] 
2025-01-09 14:46:10,651 [ERROR] LogOutputStream:75 - [STDERR_REDIRECT] [Fatal Error] :1:1: Premature end of file.
2025-01-09 14:46:10,651 [ERROR] LogOutputStream:75 - [STDERR_REDIRECT] 
2025-01-09 14:46:11,648 [ERROR] LogOutputStream:75 - [STDERR_REDIRECT] [Fatal Error] :1:1: Premature end of file.
2025-01-09 14:46:11,648 [ERROR] LogOutputStream:75 - [STDERR_REDIRECT] 
2025-01-09 14:46:12,645 [ERROR] LogOutputStream:75 - [STDERR_REDIRECT] [Fatal Error] :1:1: Premature end of file.
2025-01-09 14:46:12,645 [ERROR] LogOutputStream:75 - [STDERR_REDIRECT] 
2025-01-09 14:46:13,656 [ERROR] LogOutputStream:75 - [STDERR_REDIRECT] [Fatal Error] :1:1: Premature end of file.
2025-01-09 14:46:13,657 [ERROR] LogOutputStream:75 - [STDERR_REDIRECT] 
2025-01-09 14:46:14,648 [ERROR] LogOutputStream:75 - [STDERR_REDIRECT] [Fatal Error] :1:1: Premature end of file.
2025-01-09 14:46:14,648 [ERROR] LogOutputStream:75 - [STDERR_REDIRECT] 
2025-01-09 14:46:15,653 [ERROR] LogOutputStream:75 - [STDERR_REDIRECT] [Fatal Error] :1:1: Premature end of file.
2025-01-09 14:46:15,653 [ERROR] LogOutputStream:75 - [STDERR_REDIRECT] 
2025-01-09 14:46:16,648 [ERROR] LogOutputStream:75 - [STDERR_REDIRECT] [Fatal Error] :1:1: Premature end of file.
2025-01-09 14:46:16,648 [ERROR] LogOutputStream:75 - [STDERR_REDIRECT] 
2025-01-09 14:46:17,654 [ERROR] LogOutputStream:75 - [STDERR_REDIRECT] [Fatal Error] :1:1: Premature end of file.
2025-01-09 14:46:17,654 [ERROR] LogOutputStream:75 - [STDERR_REDIRECT] 
2025-01-09 14:46:18,658 [ERROR] LogOutputStream:75 - [STDERR_REDIRECT] [Fatal Error] :1:1: Premature end of file.
2025-01-09 14:46:18,658 [ERROR] LogOutputStream:75 - [STDERR_REDIRECT] 
2025-01-09 14:46:19,653 [ERROR] LogOutputStream:75 - [STDERR_REDIRECT] [Fatal Error] :1:1: Premature end of file.
2025-01-09 14:46:19,653 [ERROR] LogOutputStream:75 - [STDERR_REDIRECT] 
2025-01-09 14:46:20,657 [ERROR] LogOutputStream:75 - [STDERR_REDIRECT] [Fatal Error] :1:1: Premature end of file.
2025-01-09 14:46:20,657 [ERROR] LogOutputStream:75 - [STDERR_REDIRECT] 
2025-01-09 14:46:21,647 [ERROR] LogOutputStream:75 - [STDERR_REDIRECT] [Fatal Error] :1:1: Premature end of file.
2025-01-09 14:46:21,647 [ERROR] LogOutputStream:75 - [STDERR_REDIRECT] 
2025-01-09 14:46:22,647 [ERROR] LogOutputStream:75 - [STDERR_REDIRECT] [Fatal Error] :1:1: Premature end of file.
2025-01-09 14:46:22,647 [ERROR] LogOutputStream:75 - [STDERR_REDIRECT] 
2025-01-09 14:46:23,651 [ERROR] LogOutputStream:75 - [STDERR_REDIRECT] [Fatal Error] :1:1: Premature end of file.
2025-01-09 14:46:23,651 [ERROR] LogOutputStream:75 - [STDERR_REDIRECT] 
2025-01-09 14:46:24,644 [ERROR] LogOutputStream:75 - [STDERR_REDIRECT] [Fatal Error] :1:1: Premature end of file.
2025-01-09 14:46:24,644 [ERROR] LogOutputStream:75 - [STDERR_REDIRECT] 
2025-01-09 14:46:25,649 [ERROR] LogOutputStream:75 - [STDERR_REDIRECT] [Fatal Error] :1:1: Premature end of file.
2025-01-09 14:46:25,649 [ERROR] LogOutputStream:75 - [STDERR_REDIRECT] 
2025-01-09 14:46:26,644 [ERROR] LogOutputStream:75 - [STDERR_REDIRECT] [Fatal Error] :1:1: Premature end of file.
2025-01-09 14:46:26,644 [ERROR] LogOutputStream:75 - [STDERR_REDIRECT] 
2025-01-09 14:46:27,651 [ERROR] LogOutputStream:75 - [STDERR_REDIRECT] [Fatal Error] :1:1: Premature end of file.
2025-01-09 14:46:27,651 [ERROR] LogOutputStream:75 - [STDERR_REDIRECT] 
2025-01-09 14:46:28,648 [ERROR] LogOutputStream:75 - [STDERR_REDIRECT] [Fatal Error] :1:1: Premature end of file.
2025-01-09 14:46:28,648 [ERROR] LogOutputStream:75 - [STDERR_REDIRECT] 
2025-01-09 14:46:29,642 [ERROR] LogOutputStream:75 - [STDERR_REDIRECT] [Fatal Error] :1:1: Premature end of file.
2025-01-09 14:46:29,642 [ERROR] LogOutputStream:75 - [STDERR_REDIRECT] 
2025-01-09 14:46:30,650 [ERROR] LogOutputStream:75 - [STDERR_REDIRECT] [Fatal Error] :1:1: Premature end of file.
2025-01-09 14:46:30,650 [ERROR] LogOutputStream:75 - [STDERR_REDIRECT] 
2025-01-09 14:46:31,650 [ERROR] LogOutputStream:75 - [STDERR_REDIRECT] [Fatal Error] :1:1: Premature end of file.
2025-01-09 14:46:31,650 [ERROR] LogOutputStream:75 - [STDERR_REDIRECT] 
2025-01-09 14:46:32,651 [ERROR] LogOutputStream:75 - [STDERR_REDIRECT] [Fatal Error] :1:1: Premature end of file.
2025-01-09 14:46:32,651 [ERROR] LogOutputStream:75 - [STDERR_REDIRECT] 
2025-01-09 14:46:33,646 [ERROR] LogOutputStream:75 - [STDERR_REDIRECT] [Fatal Error] :1:1: Premature end of file.
2025-01-09 14:46:33,646 [ERROR] LogOutputStream:75 - [STDERR_REDIRECT] 
2025-01-09 14:46:34,651 [ERROR] LogOutputStream:75 - [STDERR_REDIRECT] [Fatal Error] :1:1: Premature end of file.
2025-01-09 14:46:34,651 [ERROR] LogOutputStream:75 - [STDERR_REDIRECT] 
2025-01-09 14:46:35,645 [ERROR] LogOutputStream:75 - [STDERR_REDIRECT] [Fatal Error] :1:1: Premature end of file.
2025-01-09 14:46:35,645 [ERROR] LogOutputStream:75 - [STDERR_REDIRECT] 
2025-01-09 14:46:36,652 [ERROR] LogOutputStream:75 - [STDERR_REDIRECT] [Fatal Error] :1:1: Premature end of file.
2025-01-09 14:46:36,652 [ERROR] LogOutputStream:75 - [STDERR_REDIRECT] 
2025-01-09 14:46:37,649 [ERROR] LogOutputStream:75 - [STDERR_REDIRECT] [Fatal Error] :1:1: Premature end of file.
2025-01-09 14:46:37,649 [ERROR] LogOutputStream:75 - [STDERR_REDIRECT] 
2025-01-09 14:46:38,655 [ERROR] LogOutputStream:75 - [STDERR_REDIRECT] [Fatal Error] :1:1: Premature end of file.
2025-01-09 14:46:38,655 [ERROR] LogOutputStream:75 - [STDERR_REDIRECT] 
2025-01-09 14:46:39,648 [ERROR] LogOutputStream:75 - [STDERR_REDIRECT] [Fatal Error] :1:1: Premature end of file.
2025-01-09 14:46:39,648 [ERROR] LogOutputStream:75 - [STDERR_REDIRECT] 
2025-01-09 14:46:40,654 [ERROR] LogOutputStream:75 - [STDERR_REDIRECT] [Fatal Error] :1:1: Premature end of file.
2025-01-09 14:46:40,654 [ERROR] LogOutputStream:75 - [STDERR_REDIRECT] 
2025-01-09 14:46:41,648 [ERROR] LogOutputStream:75 - [STDERR_REDIRECT] [Fatal Error] :1:1: Premature end of file.
2025-01-09 14:46:41,648 [ERROR] LogOutputStream:75 - [STDERR_REDIRECT] 
2025-01-09 14:46:42,641 [ERROR] LogOutputStream:75 - [STDERR_REDIRECT] [Fatal Error] :1:1: Premature end of file.
2025-01-09 14:46:42,641 [ERROR] LogOutputStream:75 - [STDERR_REDIRECT] 
2025-01-09 14:46:43,652 [ERROR] LogOutputStream:75 - [STDERR_REDIRECT] [Fatal Error] :1:1: Premature end of file.
2025-01-09 14:46:43,652 [ERROR] LogOutputStream:75 - [STDERR_REDIRECT] 
2025-01-09 14:46:44,649 [ERROR] LogOutputStream:75 - [STDERR_REDIRECT] [Fatal Error] :1:1: Premature end of file.
2025-01-09 14:46:44,649 [ERROR] LogOutputStream:75 - [STDERR_REDIRECT] 
2025-01-09 14:46:45,653 [ERROR] LogOutputStream:75 - [STDERR_REDIRECT] [Fatal Error] :1:1: Premature end of file.
2025-01-09 14:46:45,653 [ERROR] LogOutputStream:75 - [STDERR_REDIRECT] 
2025-01-09 14:46:46,646 [ERROR] LogOutputStream:75 - [STDERR_REDIRECT] [Fatal Error] :1:1: Premature end of file.
2025-01-09 14:46:46,646 [ERROR] LogOutputStream:75 - [STDERR_REDIRECT] 
2025-01-09 14:46:47,651 [ERROR] LogOutputStream:75 - [STDERR_REDIRECT] [Fatal Error] :1:1: Premature end of file.
2025-01-09 14:46:47,651 [ERROR] LogOutputStream:75 - [STDERR_REDIRECT] 
2025-01-09 14:46:48,823 [ERROR] LogOutputStream:75 - [STDERR_REDIRECT] [Fatal Error] :1:1: Premature end of file.
2025-01-09 14:46:48,823 [ERROR] LogOutputStream:75 - [STDERR_REDIRECT] 
2025-01-09 14:46:49,662 [ERROR] LogOutputStream:75 - [STDERR_REDIRECT] [Fatal Error] :1:1: Premature end of file.
2025-01-09 14:46:49,662 [ERROR] LogOutputStream:75 - [STDERR_REDIRECT] 
2025-01-09 14:46:50,651 [ERROR] LogOutputStream:75 - [STDERR_REDIRECT] [Fatal Error] :1:1: Premature end of file.
2025-01-09 14:46:50,651 [ERROR] LogOutputStream:75 - [STDERR_REDIRECT] 
2025-01-09 14:46:51,657 [ERROR] LogOutputStream:75 - [STDERR_REDIRECT] [Fatal Error] :1:1: Premature end of file.
2025-01-09 14:46:51,657 [ERROR] LogOutputStream:75 - [STDERR_REDIRECT] 
2025-01-09 14:46:52,652 [ERROR] LogOutputStream:75 - [STDERR_REDIRECT] [Fatal Error] :1:1: Premature end of file.
2025-01-09 14:46:52,652 [ERROR] LogOutputStream:75 - [STDERR_REDIRECT] 
2025-01-09 14:46:53,654 [ERROR] LogOutputStream:75 - [STDERR_REDIRECT] [Fatal Error] :1:1: Premature end of file.
2025-01-09 14:46:53,654 [ERROR] LogOutputStream:75 - [STDERR_REDIRECT] 
2025-01-09 14:46:54,654 [ERROR] LogOutputStream:75 - [STDERR_REDIRECT] [Fatal Error] :1:1: Premature end of file.
2025-01-09 14:46:54,654 [ERROR] LogOutputStream:75 - [STDERR_REDIRECT] 
2025-01-09 14:46:55,653 [ERROR] LogOutputStream:75 - [STDERR_REDIRECT] [Fatal Error] :1:1: Premature end of file.
2025-01-09 14:46:55,653 [ERROR] LogOutputStream:75 - [STDERR_REDIRECT] 
2025-01-09 14:46:56,655 [ERROR] LogOutputStream:75 - [STDERR_REDIRECT] [Fatal Error] :1:1: Premature end of file.
2025-01-09 14:46:56,655 [ERROR] LogOutputStream:75 - [STDERR_REDIRECT] 
2025-01-09 14:46:57,657 [ERROR] LogOutputStream:75 - [STDERR_REDIRECT] [Fatal Error] :1:1: Premature end of file.
2025-01-09 14:46:57,657 [ERROR] LogOutputStream:75 - [STDERR_REDIRECT] 
2025-01-09 14:46:58,652 [ERROR] LogOutputStream:75 - [STDERR_REDIRECT] [Fatal Error] :1:1: Premature end of file.
2025-01-09 14:46:58,652 [ERROR] LogOutputStream:75 - [STDERR_REDIRECT] 
2025-01-09 14:46:59,649 [ERROR] LogOutputStream:75 - [STDERR_REDIRECT] [Fatal Error] :1:1: Premature end of file.
2025-01-09 14:46:59,649 [ERROR] LogOutputStream:75 - [STDERR_REDIRECT] 
2025-01-09 14:47:00,662 [ERROR] LogOutputStream:75 - [STDERR_REDIRECT] [Fatal Error] :1:1: Premature end of file.
2025-01-09 14:47:00,662 [ERROR] LogOutputStream:75 - [STDERR_REDIRECT] 
2025-01-09 14:47:01,649 [ERROR] LogOutputStream:75 - [STDERR_REDIRECT] [Fatal Error] :1:1: Premature end of file.
2025-01-09 14:47:01,649 [ERROR] LogOutputStream:75 - [STDERR_REDIRECT] 
2025-01-09 14:47:02,663 [ERROR] LogOutputStream:75 - [STDERR_REDIRECT] [Fatal Error] :1:1: Premature end of file.
2025-01-09 14:47:02,663 [ERROR] LogOutputStream:75 - [STDERR_REDIRECT] 
2025-01-09 14:47:03,659 [ERROR] LogOutputStream:75 - [STDERR_REDIRECT] [Fatal Error] :1:1: Premature end of file.
2025-01-09 14:47:03,659 [ERROR] LogOutputStream:75 - [STDERR_REDIRECT] 
2025-01-09 14:47:04,650 [ERROR] LogOutputStream:75 - [STDERR_REDIRECT] [Fatal Error] :1:1: Premature end of file.
2025-01-09 14:47:04,650 [ERROR] LogOutputStream:75 - [STDERR_REDIRECT] 
2025-01-09 14:47:05,653 [ERROR] LogOutputStream:75 - [STDERR_REDIRECT] [Fatal Error] :1:1: Premature end of file.
2025-01-09 14:47:05,653 [ERROR] LogOutputStream:75 - [STDERR_REDIRECT] 
2025-01-09 14:47:06,651 [ERROR] LogOutputStream:75 - [STDERR_REDIRECT] [Fatal Error] :1:1: Premature end of file.
2025-01-09 14:47:06,651 [ERROR] LogOutputStream:75 - [STDERR_REDIRECT] 
2025-01-09 14:47:07,657 [ERROR] LogOutputStream:75 - [STDERR_REDIRECT] [Fatal Error] :1:1: Premature end of file.
2025-01-09 14:47:07,657 [ERROR] LogOutputStream:75 - [STDERR_REDIRECT] 
2025-01-09 14:47:08,660 [ERROR] LogOutputStream:75 - [STDERR_REDIRECT] [Fatal Error] :1:1: Premature end of file.
2025-01-09 14:47:08,660 [ERROR] LogOutputStream:75 - [STDERR_REDIRECT] 
2025-01-09 14:47:09,662 [ERROR] LogOutputStream:75 - [STDERR_REDIRECT] [Fatal Error] :1:1: Premature end of file.
2025-01-09 14:47:09,662 [ERROR] LogOutputStream:75 - [STDERR_REDIRECT] 
2025-01-09 14:47:10,654 [ERROR] LogOutputStream:75 - [STDERR_REDIRECT] [Fatal Error] :1:1: Premature end of file.
2025-01-09 14:47:10,654 [ERROR] LogOutputStream:75 - [STDERR_REDIRECT] 
2025-01-09 14:47:11,657 [ERROR] LogOutputStream:75 - [STDERR_REDIRECT] [Fatal Error] :1:1: Premature end of file.
2025-01-09 14:47:11,657 [ERROR] LogOutputStream:75 - [STDERR_REDIRECT] 
2025-01-09 14:47:12,650 [ERROR] LogOutputStream:75 - [STDERR_REDIRECT] [Fatal Error] :1:1: Premature end of file.
2025-01-09 14:47:12,650 [ERROR] LogOutputStream:75 - [STDERR_REDIRECT] 
2025-01-09 14:47:13,663 [ERROR] LogOutputStream:75 - [STDERR_REDIRECT] [Fatal Error] :1:1: Premature end of file.
2025-01-09 14:47:13,663 [ERROR] LogOutputStream:75 - [STDERR_REDIRECT] 
2025-01-09 14:47:14,647 [ERROR] LogOutputStream:75 - [STDERR_REDIRECT] [Fatal Error] :1:1: Premature end of file.
2025-01-09 14:47:14,647 [ERROR] LogOutputStream:75 - [STDERR_REDIRECT] 
2025-01-09 14:47:15,658 [ERROR] LogOutputStream:75 - [STDERR_REDIRECT] [Fatal Error] :1:1: Premature end of file.
2025-01-09 14:47:15,658 [ERROR] LogOutputStream:75 - [STDERR_REDIRECT] 
2025-01-09 14:47:16,643 [ERROR] LogOutputStream:75 - [STDERR_REDIRECT] [Fatal Error] :1:1: Premature end of file.
2025-01-09 14:47:16,643 [ERROR] LogOutputStream:75 - [STDERR_REDIRECT] 
2025-01-09 14:47:17,650 [ERROR] LogOutputStream:75 - [STDERR_REDIRECT] [Fatal Error] :1:1: Premature end of file.
2025-01-09 14:47:17,650 [ERROR] LogOutputStream:75 - [STDERR_REDIRECT] 
2025-01-09 14:47:18,663 [ERROR] LogOutputStream:75 - [STDERR_REDIRECT] [Fatal Error] :1:1: Premature end of file.
2025-01-09 14:47:18,663 [ERROR] LogOutputStream:75 - [STDERR_REDIRECT] 
2025-01-09 14:47:19,645 [ERROR] LogOutputStream:75 - [STDERR_REDIRECT] [Fatal Error] :1:1: Premature end of file.
2025-01-09 14:47:19,645 [ERROR] LogOutputStream:75 - [STDERR_REDIRECT] 
2025-01-09 14:47:20,655 [ERROR] LogOutputStream:75 - [STDERR_REDIRECT] [Fatal Error] :1:1: Premature end of file.
2025-01-09 14:47:20,655 [ERROR] LogOutputStream:75 - [STDERR_REDIRECT] 
2025-01-09 14:47:21,664 [ERROR] LogOutputStream:75 - [STDERR_REDIRECT] [Fatal Error] :1:1: Premature end of file.
2025-01-09 14:47:21,664 [ERROR] LogOutputStream:75 - [STDERR_REDIRECT] 
2025-01-09 14:47:22,645 [ERROR] LogOutputStream:75 - [STDERR_REDIRECT] [Fatal Error] :1:1: Premature end of file.
2025-01-09 14:47:22,645 [ERROR] LogOutputStream:75 - [STDERR_REDIRECT] 
2025-01-09 14:47:23,654 [ERROR] LogOutputStream:75 - [STDERR_REDIRECT] [Fatal Error] :1:1: Premature end of file.
2025-01-09 14:47:23,654 [ERROR] LogOutputStream:75 - [STDERR_REDIRECT] 
2025-01-09 14:47:24,668 [ERROR] LogOutputStream:75 - [STDERR_REDIRECT] [Fatal Error] :1:1: Premature end of file.
2025-01-09 14:47:24,668 [ERROR] LogOutputStream:75 - [STDERR_REDIRECT] 
2025-01-09 14:47:25,657 [ERROR] LogOutputStream:75 - [STDERR_REDIRECT] [Fatal Error] :1:1: Premature end of file.
2025-01-09 14:47:25,657 [ERROR] LogOutputStream:75 - [STDERR_REDIRECT] 
2025-01-09 14:47:26,641 [ERROR] LogOutputStream:75 - [STDERR_REDIRECT] [Fatal Error] :1:1: Premature end of file.
2025-01-09 14:47:26,641 [ERROR] LogOutputStream:75 - [STDERR_REDIRECT] 
2025-01-09 14:47:27,656 [ERROR] LogOutputStream:75 - [STDERR_REDIRECT] [Fatal Error] :1:1: Premature end of file.
2025-01-09 14:47:27,656 [ERROR] LogOutputStream:75 - [STDERR_REDIRECT] 
2025-01-09 14:47:28,661 [ERROR] LogOutputStream:75 - [STDERR_REDIRECT] [Fatal Error] :1:1: Premature end of file.
2025-01-09 14:47:28,661 [ERROR] LogOutputStream:75 - [STDERR_REDIRECT] 
2025-01-09 14:47:29,653 [ERROR] LogOutputStream:75 - [STDERR_REDIRECT] [Fatal Error] :1:1: Premature end of file.
2025-01-09 14:47:29,653 [ERROR] LogOutputStream:75 - [STDERR_REDIRECT] 
2025-01-09 14:47:32,552 [ERROR] LogOutputStream:75 - [STDERR_REDIRECT] [Fatal Error] :1:1: Premature end of file.
2025-01-09 14:47:32,552 [ERROR] LogOutputStream:75 - [STDERR_REDIRECT] 
2025-01-09 14:47:32,580 [ERROR] LogOutputStream:75 - [STDERR_REDIRECT] [Fatal Error] :1:1: Premature end of file.
2025-01-09 14:47:32,580 [ERROR] LogOutputStream:75 - [STDERR_REDIRECT] 
2025-01-09 14:47:32,656 [ERROR] LogOutputStream:75 - [STDERR_REDIRECT] [Fatal Error] :1:1: Premature end of file.
2025-01-09 14:47:32,658 [ERROR] LogOutputStream:75 - [STDERR_REDIRECT] 
2025-01-09 14:50:48,012 [ERROR] LogOutputStream:75 - [STDERR_REDIRECT] [Fatal Error] :1:1: Premature end of file.
2025-01-09 14:50:48,012 [ERROR] LogOutputStream:75 - [STDERR_REDIRECT] 
2025-01-09 14:50:48,095 [ERROR] LogOutputStream:75 - [STDERR_REDIRECT] [Fatal Error] :1:1: Premature end of file.
2025-01-09 14:50:48,095 [ERROR] LogOutputStream:75 - [STDERR_REDIRECT] 
2025-01-09 14:50:48,147 [ERROR] LogOutputStream:75 - [STDERR_REDIRECT] [Fatal Error] :1:1: Premature end of file.
2025-01-09 14:50:48,147 [ERROR] LogOutputStream:75 - [STDERR_REDIRECT] 
2025-01-09 14:50:48,204 [ERROR] LogOutputStream:75 - [STDERR_REDIRECT] [Fatal Error] :1:1: Premature end of file.
2025-01-09 14:50:48,206 [ERROR] LogOutputStream:75 - [STDERR_REDIRECT] 
2025-01-09 14:50:48,259 [ERROR] LogOutputStream:75 - [STDERR_REDIRECT] [Fatal Error] :1:1: Premature end of file.
2025-01-09 14:50:48,259 [ERROR] LogOutputStream:75 - [STDERR_REDIRECT] 
2025-01-09 14:50:48,299 [ERROR] LogOutputStream:75 - [STDERR_REDIRECT] [Fatal Error] :1:1: Premature end of file.
2025-01-09 14:50:48,299 [ERROR] LogOutputStream:75 - [STDERR_REDIRECT] 
2025-01-09 14:50:48,335 [ERROR] LogOutputStream:75 - [STDERR_REDIRECT] [Fatal Error] :1:1: Premature end of file.
2025-01-09 14:50:48,335 [ERROR] LogOutputStream:75 - [STDERR_REDIRECT] 
2025-01-09 14:50:48,373 [ERROR] LogOutputStream:75 - [STDERR_REDIRECT] [Fatal Error] :1:1: Premature end of file.
2025-01-09 14:50:48,373 [ERROR] LogOutputStream:75 - [STDERR_REDIRECT] 
2025-01-09 14:50:48,417 [ERROR] LogOutputStream:75 - [STDERR_REDIRECT] [Fatal Error] :1:1: Premature end of file.
2025-01-09 14:50:48,417 [ERROR] LogOutputStream:75 - [STDERR_REDIRECT] 
2025-01-09 14:50:48,459 [ERROR] LogOutputStream:75 - [STDERR_REDIRECT] [Fatal Error] :1:1: Premature end of file.
2025-01-09 14:50:48,459 [ERROR] LogOutputStream:75 - [STDERR_REDIRECT] 
2025-01-09 14:50:48,490 [ERROR] LogOutputStream:75 - [STDERR_REDIRECT] [Fatal Error] :1:1: Premature end of file.
2025-01-09 14:50:48,490 [ERROR] LogOutputStream:75 - [STDERR_REDIRECT] 
2025-01-09 14:50:48,536 [ERROR] LogOutputStream:75 - [STDERR_REDIRECT] [Fatal Error] :1:1: Premature end of file.
2025-01-09 14:50:48,536 [ERROR] LogOutputStream:75 - [STDERR_REDIRECT] 
2025-01-09 14:50:48,561 [ERROR] LogOutputStream:75 - [STDERR_REDIRECT] [Fatal Error] :1:1: Premature end of file.
2025-01-09 14:50:48,561 [ERROR] LogOutputStream:75 - [STDERR_REDIRECT] 
2025-01-09 14:50:48,597 [ERROR] LogOutputStream:75 - [STDERR_REDIRECT] [Fatal Error] :1:1: Premature end of file.
2025-01-09 14:50:48,597 [ERROR] LogOutputStream:75 - [STDERR_REDIRECT] 
2025-01-09 14:50:48,622 [ERROR] LogOutputStream:75 - [STDERR_REDIRECT] [Fatal Error] :1:1: Premature end of file.
2025-01-09 14:50:48,622 [ERROR] LogOutputStream:75 - [STDERR_REDIRECT] 
2025-01-09 14:50:48,653 [ERROR] LogOutputStream:75 - [STDERR_REDIRECT] [Fatal Error] :1:1: Premature end of file.
2025-01-09 14:50:48,653 [ERROR] LogOutputStream:75 - [STDERR_REDIRECT] 
2025-01-09 14:50:48,694 [ERROR] LogOutputStream:75 - [STDERR_REDIRECT] [Fatal Error] :1:1: Premature end of file.
2025-01-09 14:50:48,704 [ERROR] LogOutputStream:75 - [STDERR_REDIRECT] 
2025-01-09 14:50:48,735 [ERROR] LogOutputStream:75 - [STDERR_REDIRECT] [Fatal Error] :1:1: Premature end of file.
2025-01-09 14:50:48,735 [ERROR] LogOutputStream:75 - [STDERR_REDIRECT] 
2025-01-09 14:50:48,765 [ERROR] LogOutputStream:75 - [STDERR_REDIRECT] [Fatal Error] :1:1: Premature end of file.
2025-01-09 14:50:48,765 [ERROR] LogOutputStream:75 - [STDERR_REDIRECT] 
2025-01-09 14:50:48,796 [ERROR] LogOutputStream:75 - [STDERR_REDIRECT] [Fatal Error] :1:1: Premature end of file.
2025-01-09 14:50:48,796 [ERROR] LogOutputStream:75 - [STDERR_REDIRECT] 
2025-01-09 14:50:48,827 [ERROR] LogOutputStream:75 - [STDERR_REDIRECT] [Fatal Error] :1:1: Premature end of file.
2025-01-09 14:50:48,827 [ERROR] LogOutputStream:75 - [STDERR_REDIRECT] 
2025-01-09 14:50:48,858 [ERROR] LogOutputStream:75 - [STDERR_REDIRECT] [Fatal Error] :1:1: Premature end of file.
2025-01-09 14:50:48,858 [ERROR] LogOutputStream:75 - [STDERR_REDIRECT] 
2025-01-09 14:50:48,896 [ERROR] LogOutputStream:75 - [STDERR_REDIRECT] [Fatal Error] :1:1: Premature end of file.
2025-01-09 14:50:48,896 [ERROR] LogOutputStream:75 - [STDERR_REDIRECT] 
2025-01-09 14:50:48,930 [ERROR] LogOutputStream:75 - [STDERR_REDIRECT] [Fatal Error] :1:1: Premature end of file.
2025-01-09 14:50:48,930 [ERROR] LogOutputStream:75 - [STDERR_REDIRECT] 
2025-01-09 14:50:48,961 [ERROR] LogOutputStream:75 - [STDERR_REDIRECT] [Fatal Error] :1:1: Premature end of file.
2025-01-09 14:50:48,961 [ERROR] LogOutputStream:75 - [STDERR_REDIRECT] 
2025-01-09 14:50:48,992 [ERROR] LogOutputStream:75 - [STDERR_REDIRECT] [Fatal Error] :1:1: Premature end of file.
2025-01-09 14:50:48,992 [ERROR] LogOutputStream:75 - [STDERR_REDIRECT] 
2025-01-09 14:50:49,022 [ERROR] LogOutputStream:75 - [STDERR_REDIRECT] [Fatal Error] :1:1: Premature end of file.
2025-01-09 14:50:49,022 [ERROR] LogOutputStream:75 - [STDERR_REDIRECT] 
2025-01-09 14:50:49,064 [ERROR] LogOutputStream:75 - [STDERR_REDIRECT] [Fatal Error] :1:1: Premature end of file.
2025-01-09 14:50:49,064 [ERROR] LogOutputStream:75 - [STDERR_REDIRECT] 
2025-01-09 14:50:49,104 [ERROR] LogOutputStream:75 - [STDERR_REDIRECT] [Fatal Error] :1:1: Premature end of file.
2025-01-09 14:50:49,104 [ERROR] LogOutputStream:75 - [STDERR_REDIRECT] 
2025-01-09 14:50:49,135 [ERROR] LogOutputStream:75 - [STDERR_REDIRECT] [Fatal Error] :1:1: Premature end of file.
2025-01-09 14:50:49,135 [ERROR] LogOutputStream:75 - [STDERR_REDIRECT] 
2025-01-09 14:50:49,166 [ERROR] LogOutputStream:75 - [STDERR_REDIRECT] [Fatal Error] :1:1: Premature end of file.
2025-01-09 14:50:49,166 [ERROR] LogOutputStream:75 - [STDERR_REDIRECT] 
2025-01-09 14:50:49,197 [ERROR] LogOutputStream:75 - [STDERR_REDIRECT] [Fatal Error] :1:1: Premature end of file.
2025-01-09 14:50:49,197 [ERROR] LogOutputStream:75 - [STDERR_REDIRECT] 
2025-01-09 14:50:49,228 [ERROR] LogOutputStream:75 - [STDERR_REDIRECT] [Fatal Error] :1:1: Premature end of file.
2025-01-09 14:50:49,228 [ERROR] LogOutputStream:75 - [STDERR_REDIRECT] 
2025-01-09 14:50:49,263 [ERROR] LogOutputStream:75 - [STDERR_REDIRECT] [Fatal Error] :1:1: Premature end of file.
2025-01-09 14:50:49,263 [ERROR] LogOutputStream:75 - [STDERR_REDIRECT] 
2025-01-09 14:50:49,290 [ERROR] LogOutputStream:75 - [STDERR_REDIRECT] [Fatal Error] :1:1: Premature end of file.
2025-01-09 14:50:49,290 [ERROR] LogOutputStream:75 - [STDERR_REDIRECT] 
2025-01-09 14:50:49,321 [ERROR] LogOutputStream:75 - [STDERR_REDIRECT] [Fatal Error] :1:1: Premature end of file.
2025-01-09 14:50:49,321 [ERROR] LogOutputStream:75 - [STDERR_REDIRECT] 
2025-01-09 14:50:49,402 [ERROR] LogOutputStream:75 - [STDERR_REDIRECT] [Fatal Error] :1:1: Premature end of file.
2025-01-09 14:50:49,402 [ERROR] LogOutputStream:75 - [STDERR_REDIRECT] 
2025-01-09 14:50:49,495 [ERROR] LogOutputStream:75 - [STDERR_REDIRECT] [Fatal Error] :1:1: Premature end of file.
2025-01-09 14:50:49,495 [ERROR] LogOutputStream:75 - [STDERR_REDIRECT] 
2025-01-09 14:50:49,562 [ERROR] LogOutputStream:75 - [STDERR_REDIRECT] [Fatal Error] :1:1: Premature end of file.
2025-01-09 14:50:49,562 [ERROR] LogOutputStream:75 - [STDERR_REDIRECT] 
2025-01-09 14:50:49,619 [ERROR] LogOutputStream:75 - [STDERR_REDIRECT] [Fatal Error] :1:1: Premature end of file.
2025-01-09 14:50:49,619 [ERROR] LogOutputStream:75 - [STDERR_REDIRECT] 
2025-01-09 14:50:49,710 [ERROR] LogOutputStream:75 - [STDERR_REDIRECT] [Fatal Error] :1:1: Premature end of file.
2025-01-09 14:50:49,710 [ERROR] LogOutputStream:75 - [STDERR_REDIRECT] 
2025-01-09 14:50:49,745 [ERROR] LogOutputStream:75 - [STDERR_REDIRECT] [Fatal Error] :1:1: Premature end of file.
2025-01-09 14:50:49,745 [ERROR] LogOutputStream:75 - [STDERR_REDIRECT] 
2025-01-09 14:50:49,772 [ERROR] LogOutputStream:75 - [STDERR_REDIRECT] [Fatal Error] :1:1: Premature end of file.
2025-01-09 14:50:49,772 [ERROR] LogOutputStream:75 - [STDERR_REDIRECT] 
2025-01-09 14:50:49,803 [ERROR] LogOutputStream:75 - [STDERR_REDIRECT] [Fatal Error] :1:1: Premature end of file.
2025-01-09 14:50:49,803 [ERROR] LogOutputStream:75 - [STDERR_REDIRECT] 
2025-01-09 14:50:49,823 [ERROR] LogOutputStream:75 - [STDERR_REDIRECT] [Fatal Error] :1:1: Premature end of file.
2025-01-09 14:50:49,823 [ERROR] LogOutputStream:75 - [STDERR_REDIRECT] 
2025-01-09 14:50:49,854 [ERROR] LogOutputStream:75 - [STDERR_REDIRECT] [Fatal Error] :1:1: Premature end of file.
2025-01-09 14:50:49,854 [ERROR] LogOutputStream:75 - [STDERR_REDIRECT] 
2025-01-09 14:50:49,884 [ERROR] LogOutputStream:75 - [STDERR_REDIRECT] [Fatal Error] :1:1: Premature end of file.
2025-01-09 14:50:49,884 [ERROR] LogOutputStream:75 - [STDERR_REDIRECT] 
2025-01-09 14:50:49,915 [ERROR] LogOutputStream:75 - [STDERR_REDIRECT] [Fatal Error] :1:1: Premature end of file.
2025-01-09 14:50:49,915 [ERROR] LogOutputStream:75 - [STDERR_REDIRECT] 
2025-01-09 14:50:49,946 [ERROR] LogOutputStream:75 - [STDERR_REDIRECT] [Fatal Error] :1:1: Premature end of file.
2025-01-09 14:50:49,946 [ERROR] LogOutputStream:75 - [STDERR_REDIRECT] 
2025-01-09 14:50:49,966 [ERROR] LogOutputStream:75 - [STDERR_REDIRECT] [Fatal Error] :1:1: Premature end of file.
2025-01-09 14:50:49,966 [ERROR] LogOutputStream:75 - [STDERR_REDIRECT] 
2025-01-09 14:50:50,008 [ERROR] LogOutputStream:75 - [STDERR_REDIRECT] [Fatal Error] :1:1: Premature end of file.
2025-01-09 14:50:50,008 [ERROR] LogOutputStream:75 - [STDERR_REDIRECT] 
2025-01-09 14:50:50,049 [ERROR] LogOutputStream:75 - [STDERR_REDIRECT] [Fatal Error] :1:1: Premature end of file.
2025-01-09 14:50:50,049 [ERROR] LogOutputStream:75 - [STDERR_REDIRECT] 
2025-01-09 14:50:50,186 [ERROR] LogOutputStream:75 - [STDERR_REDIRECT] [Fatal Error] :1:1: Premature end of file.
2025-01-09 14:50:50,186 [ERROR] LogOutputStream:75 - [STDERR_REDIRECT] 
2025-01-09 14:50:50,224 [ERROR] LogOutputStream:75 - [STDERR_REDIRECT] [Fatal Error] :1:1: Premature end of file.
2025-01-09 14:50:50,224 [ERROR] LogOutputStream:75 - [STDERR_REDIRECT] 
2025-01-09 14:50:50,255 [ERROR] LogOutputStream:75 - [STDERR_REDIRECT] [Fatal Error] :1:1: Premature end of file.
2025-01-09 14:50:50,255 [ERROR] LogOutputStream:75 - [STDERR_REDIRECT] 
2025-01-09 14:50:50,276 [ERROR] LogOutputStream:75 - [STDERR_REDIRECT] [Fatal Error] :1:1: Premature end of file.
2025-01-09 14:50:50,276 [ERROR] LogOutputStream:75 - [STDERR_REDIRECT] 
2025-01-09 14:50:50,314 [ERROR] LogOutputStream:75 - [STDERR_REDIRECT] [Fatal Error] :1:1: Premature end of file.
2025-01-09 14:50:50,314 [ERROR] LogOutputStream:75 - [STDERR_REDIRECT] 
2025-01-09 14:50:50,338 [ERROR] LogOutputStream:75 - [STDERR_REDIRECT] [Fatal Error] :1:1: Premature end of file.
2025-01-09 14:50:50,338 [ERROR] LogOutputStream:75 - [STDERR_REDIRECT] 
2025-01-09 14:50:50,369 [ERROR] LogOutputStream:75 - [STDERR_REDIRECT] [Fatal Error] :1:1: Premature end of file.
2025-01-09 14:50:50,369 [ERROR] LogOutputStream:75 - [STDERR_REDIRECT] 
2025-01-09 14:50:50,400 [ERROR] LogOutputStream:75 - [STDERR_REDIRECT] [Fatal Error] :1:1: Premature end of file.
2025-01-09 14:50:50,400 [ERROR] LogOutputStream:75 - [STDERR_REDIRECT] 
2025-01-09 14:50:50,576 [ERROR] LogOutputStream:75 - [STDERR_REDIRECT] [Fatal Error] :1:1: Premature end of file.
2025-01-09 14:50:50,576 [ERROR] LogOutputStream:75 - [STDERR_REDIRECT] 
2025-01-09 14:50:50,601 [ERROR] LogOutputStream:75 - [STDERR_REDIRECT] [Fatal Error] :1:1: Premature end of file.
2025-01-09 14:50:50,601 [ERROR] LogOutputStream:75 - [STDERR_REDIRECT] 
2025-01-09 14:50:50,621 [ERROR] LogOutputStream:75 - [STDERR_REDIRECT] [Fatal Error] :1:1: Premature end of file.
2025-01-09 14:50:50,629 [ERROR] LogOutputStream:75 - [STDERR_REDIRECT] 
2025-01-09 14:50:50,645 [ERROR] LogOutputStream:75 - [STDERR_REDIRECT] [Fatal Error] :1:1: Premature end of file.
2025-01-09 14:50:50,645 [ERROR] LogOutputStream:75 - [STDERR_REDIRECT] 
2025-01-09 14:50:50,676 [ERROR] LogOutputStream:75 - [STDERR_REDIRECT] [Fatal Error] :1:1: Premature end of file.
2025-01-09 14:50:50,676 [ERROR] LogOutputStream:75 - [STDERR_REDIRECT] 
2025-01-09 14:50:50,692 [ERROR] LogOutputStream:75 - [STDERR_REDIRECT] [Fatal Error] :1:1: Premature end of file.
2025-01-09 14:50:50,692 [ERROR] LogOutputStream:75 - [STDERR_REDIRECT] 
2025-01-09 14:50:50,724 [ERROR] LogOutputStream:75 - [STDERR_REDIRECT] [Fatal Error] :1:1: Premature end of file.
2025-01-09 14:50:50,724 [ERROR] LogOutputStream:75 - [STDERR_REDIRECT] 
2025-01-09 14:50:50,756 [ERROR] LogOutputStream:75 - [STDERR_REDIRECT] [Fatal Error] :1:1: Premature end of file.
2025-01-09 14:50:50,756 [ERROR] LogOutputStream:75 - [STDERR_REDIRECT] 
2025-01-09 14:50:50,772 [ERROR] LogOutputStream:75 - [STDERR_REDIRECT] [Fatal Error] :1:1: Premature end of file.
2025-01-09 14:50:50,772 [ERROR] LogOutputStream:75 - [STDERR_REDIRECT] 
2025-01-09 14:50:50,810 [ERROR] LogOutputStream:75 - [STDERR_REDIRECT] [Fatal Error] :1:1: Premature end of file.
2025-01-09 14:50:50,810 [ERROR] LogOutputStream:75 - [STDERR_REDIRECT] 
2025-01-09 14:50:50,836 [ERROR] LogOutputStream:75 - [STDERR_REDIRECT] [Fatal Error] :1:1: Premature end of file.
2025-01-09 14:50:50,836 [ERROR] LogOutputStream:75 - [STDERR_REDIRECT] 
2025-01-09 14:50:50,868 [ERROR] LogOutputStream:75 - [STDERR_REDIRECT] [Fatal Error] :1:1: Premature end of file.
2025-01-09 14:50:50,868 [ERROR] LogOutputStream:75 - [STDERR_REDIRECT] 
2025-01-09 14:50:50,884 [ERROR] LogOutputStream:75 - [STDERR_REDIRECT] [Fatal Error] :1:1: Premature end of file.
2025-01-09 14:50:50,884 [ERROR] LogOutputStream:75 - [STDERR_REDIRECT] 
2025-01-09 14:50:50,922 [ERROR] LogOutputStream:75 - [STDERR_REDIRECT] [Fatal Error] :1:1: Premature end of file.
2025-01-09 14:50:50,922 [ERROR] LogOutputStream:75 - [STDERR_REDIRECT] 
2025-01-09 14:50:50,948 [ERROR] LogOutputStream:75 - [STDERR_REDIRECT] [Fatal Error] :1:1: Premature end of file.
2025-01-09 14:50:50,948 [ERROR] LogOutputStream:75 - [STDERR_REDIRECT] 
2025-01-09 14:50:50,979 [ERROR] LogOutputStream:75 - [STDERR_REDIRECT] [Fatal Error] :1:1: Premature end of file.
2025-01-09 14:50:50,979 [ERROR] LogOutputStream:75 - [STDERR_REDIRECT] 
2025-01-09 14:50:50,995 [ERROR] LogOutputStream:75 - [STDERR_REDIRECT] [Fatal Error] :1:1: Premature end of file.
2025-01-09 14:50:50,995 [ERROR] LogOutputStream:75 - [STDERR_REDIRECT] 
2025-01-09 14:50:51,027 [ERROR] LogOutputStream:75 - [STDERR_REDIRECT] [Fatal Error] :1:1: Premature end of file.
2025-01-09 14:50:51,027 [ERROR] LogOutputStream:75 - [STDERR_REDIRECT] 
2025-01-09 14:50:51,059 [ERROR] LogOutputStream:75 - [STDERR_REDIRECT] [Fatal Error] :1:1: Premature end of file.
2025-01-09 14:50:51,059 [ERROR] LogOutputStream:75 - [STDERR_REDIRECT] 
2025-01-09 14:50:51,074 [ERROR] LogOutputStream:75 - [STDERR_REDIRECT] [Fatal Error] :1:1: Premature end of file.
2025-01-09 14:50:51,074 [ERROR] LogOutputStream:75 - [STDERR_REDIRECT] 
2025-01-09 14:50:51,106 [ERROR] LogOutputStream:75 - [STDERR_REDIRECT] [Fatal Error] :1:1: Premature end of file.
2025-01-09 14:50:51,106 [ERROR] LogOutputStream:75 - [STDERR_REDIRECT] 
2025-01-09 14:50:51,123 [ERROR] LogOutputStream:75 - [STDERR_REDIRECT] [Fatal Error] :1:1: Premature end of file.
2025-01-09 14:50:51,123 [ERROR] LogOutputStream:75 - [STDERR_REDIRECT] 
2025-01-09 14:50:51,154 [ERROR] LogOutputStream:75 - [STDERR_REDIRECT] [Fatal Error] :1:1: Premature end of file.
2025-01-09 14:50:51,154 [ERROR] LogOutputStream:75 - [STDERR_REDIRECT] 
2025-01-09 14:50:51,186 [ERROR] LogOutputStream:75 - [STDERR_REDIRECT] [Fatal Error] :1:1: Premature end of file.
2025-01-09 14:50:51,186 [ERROR] LogOutputStream:75 - [STDERR_REDIRECT] 
2025-01-09 14:50:51,201 [ERROR] LogOutputStream:75 - [STDERR_REDIRECT] [Fatal Error] :1:1: Premature end of file.
2025-01-09 14:50:51,201 [ERROR] LogOutputStream:75 - [STDERR_REDIRECT] 
2025-01-09 14:50:51,233 [ERROR] LogOutputStream:75 - [STDERR_REDIRECT] [Fatal Error] :1:1: Premature end of file.
2025-01-09 14:50:51,233 [ERROR] LogOutputStream:75 - [STDERR_REDIRECT] 
2025-01-09 14:50:51,249 [ERROR] LogOutputStream:75 - [STDERR_REDIRECT] [Fatal Error] :1:1: Premature end of file.
2025-01-09 14:50:51,249 [ERROR] LogOutputStream:75 - [STDERR_REDIRECT] 
2025-01-09 14:50:51,265 [ERROR] LogOutputStream:75 - [STDERR_REDIRECT] [Fatal Error] :1:1: Premature end of file.
2025-01-09 14:50:51,265 [ERROR] LogOutputStream:75 - [STDERR_REDIRECT] 
2025-01-09 14:50:51,298 [ERROR] LogOutputStream:75 - [STDERR_REDIRECT] [Fatal Error] :1:1: Premature end of file.
2025-01-09 14:50:51,298 [ERROR] LogOutputStream:75 - [STDERR_REDIRECT] 
2025-01-09 14:50:51,313 [ERROR] LogOutputStream:75 - [STDERR_REDIRECT] [Fatal Error] :1:1: Premature end of file.
2025-01-09 14:50:51,313 [ERROR] LogOutputStream:75 - [STDERR_REDIRECT] 
2025-01-09 14:50:51,331 [ERROR] LogOutputStream:75 - [STDERR_REDIRECT] [Fatal Error] :1:1: Premature end of file.
2025-01-09 14:50:51,331 [ERROR] LogOutputStream:75 - [STDERR_REDIRECT] 
2025-01-09 14:50:51,363 [ERROR] LogOutputStream:75 - [STDERR_REDIRECT] [Fatal Error] :1:1: Premature end of file.
2025-01-09 14:50:51,363 [ERROR] LogOutputStream:75 - [STDERR_REDIRECT] 
2025-01-09 14:50:51,394 [ERROR] LogOutputStream:75 - [STDERR_REDIRECT] [Fatal Error] :1:1: Premature end of file.
2025-01-09 14:50:51,394 [ERROR] LogOutputStream:75 - [STDERR_REDIRECT] 
2025-01-09 14:50:51,408 [ERROR] LogOutputStream:75 - [STDERR_REDIRECT] [Fatal Error] :1:1: Premature end of file.
2025-01-09 14:50:51,408 [ERROR] LogOutputStream:75 - [STDERR_REDIRECT] 
2025-01-09 14:50:51,443 [ERROR] LogOutputStream:75 - [STDERR_REDIRECT] [Fatal Error] :1:1: Premature end of file.
2025-01-09 14:50:51,445 [ERROR] LogOutputStream:75 - [STDERR_REDIRECT] 
2025-01-09 14:50:51,470 [ERROR] LogOutputStream:75 - [STDERR_REDIRECT] [Fatal Error] :1:1: Premature end of file.
2025-01-09 14:50:51,470 [ERROR] LogOutputStream:75 - [STDERR_REDIRECT] 
2025-01-09 14:50:51,488 [ERROR] LogOutputStream:75 - [STDERR_REDIRECT] [Fatal Error] :1:1: Premature end of file.
2025-01-09 14:50:51,488 [ERROR] LogOutputStream:75 - [STDERR_REDIRECT] 
2025-01-09 14:50:51,503 [ERROR] LogOutputStream:75 - [STDERR_REDIRECT] [Fatal Error] :1:1: Premature end of file.
2025-01-09 14:50:51,503 [ERROR] LogOutputStream:75 - [STDERR_REDIRECT] 
2025-01-09 14:50:51,534 [ERROR] LogOutputStream:75 - [STDERR_REDIRECT] [Fatal Error] :1:1: Premature end of file.
2025-01-09 14:50:51,534 [ERROR] LogOutputStream:75 - [STDERR_REDIRECT] 
2025-01-09 14:50:51,552 [ERROR] LogOutputStream:75 - [STDERR_REDIRECT] [Fatal Error] :1:1: Premature end of file.
2025-01-09 14:50:51,552 [ERROR] LogOutputStream:75 - [STDERR_REDIRECT] 
2025-01-09 14:50:51,569 [ERROR] LogOutputStream:75 - [STDERR_REDIRECT] [Fatal Error] :1:1: Premature end of file.
2025-01-09 14:50:51,569 [ERROR] LogOutputStream:75 - [STDERR_REDIRECT] 
2025-01-09 14:50:51,598 [ERROR] LogOutputStream:75 - [STDERR_REDIRECT] [Fatal Error] :1:1: Premature end of file.
2025-01-09 14:50:51,598 [ERROR] LogOutputStream:75 - [STDERR_REDIRECT] 
2025-01-09 14:50:51,614 [ERROR] LogOutputStream:75 - [STDERR_REDIRECT] [Fatal Error] :1:1: Premature end of file.
2025-01-09 14:50:51,614 [ERROR] LogOutputStream:75 - [STDERR_REDIRECT] 
2025-01-09 14:50:51,650 [ERROR] LogOutputStream:75 - [STDERR_REDIRECT] [Fatal Error] :1:1: Premature end of file.
2025-01-09 14:50:51,650 [ERROR] LogOutputStream:75 - [STDERR_REDIRECT] 
2025-01-09 14:50:51,677 [ERROR] LogOutputStream:75 - [STDERR_REDIRECT] [Fatal Error] :1:1: Premature end of file.
2025-01-09 14:50:51,677 [ERROR] LogOutputStream:75 - [STDERR_REDIRECT] 
2025-01-09 14:50:51,709 [ERROR] LogOutputStream:75 - [STDERR_REDIRECT] [Fatal Error] :1:1: Premature end of file.
2025-01-09 14:50:51,709 [ERROR] LogOutputStream:75 - [STDERR_REDIRECT] 
2025-01-09 14:50:51,725 [ERROR] LogOutputStream:75 - [STDERR_REDIRECT] [Fatal Error] :1:1: Premature end of file.
2025-01-09 14:50:51,725 [ERROR] LogOutputStream:75 - [STDERR_REDIRECT] 
2025-01-09 14:50:51,741 [ERROR] LogOutputStream:75 - [STDERR_REDIRECT] [Fatal Error] :1:1: Premature end of file.
2025-01-09 14:50:51,741 [ERROR] LogOutputStream:75 - [STDERR_REDIRECT] 
2025-01-09 14:50:51,777 [ERROR] LogOutputStream:75 - [STDERR_REDIRECT] [Fatal Error] :1:1: Premature end of file.
2025-01-09 14:50:51,777 [ERROR] LogOutputStream:75 - [STDERR_REDIRECT] 
2025-01-09 14:50:51,788 [ERROR] LogOutputStream:75 - [STDERR_REDIRECT] [Fatal Error] :1:1: Premature end of file.
2025-01-09 14:50:51,788 [ERROR] LogOutputStream:75 - [STDERR_REDIRECT] 
2025-01-09 14:50:51,824 [ERROR] LogOutputStream:75 - [STDERR_REDIRECT] [Fatal Error] :1:1: Premature end of file.
2025-01-09 14:50:51,824 [ERROR] LogOutputStream:75 - [STDERR_REDIRECT] 
2025-01-09 14:50:51,846 [ERROR] LogOutputStream:75 - [STDERR_REDIRECT] [Fatal Error] :1:1: Premature end of file.
2025-01-09 14:50:51,846 [ERROR] LogOutputStream:75 - [STDERR_REDIRECT] 
2025-01-09 14:50:51,880 [ERROR] LogOutputStream:75 - [STDERR_REDIRECT] [Fatal Error] :1:1: Premature end of file.
2025-01-09 14:50:51,880 [ERROR] LogOutputStream:75 - [STDERR_REDIRECT] 
2025-01-09 14:50:51,910 [ERROR] LogOutputStream:75 - [STDERR_REDIRECT] [Fatal Error] :1:1: Premature end of file.
2025-01-09 14:50:51,910 [ERROR] LogOutputStream:75 - [STDERR_REDIRECT] 
2025-01-09 14:50:51,936 [ERROR] LogOutputStream:75 - [STDERR_REDIRECT] [Fatal Error] :1:1: Premature end of file.
2025-01-09 14:50:51,936 [ERROR] LogOutputStream:75 - [STDERR_REDIRECT] 
2025-01-09 14:50:51,964 [ERROR] LogOutputStream:75 - [STDERR_REDIRECT] [Fatal Error] :1:1: Premature end of file.
2025-01-09 14:50:51,964 [ERROR] LogOutputStream:75 - [STDERR_REDIRECT] 
2025-01-09 14:50:51,991 [ERROR] LogOutputStream:75 - [STDERR_REDIRECT] [Fatal Error] :1:1: Premature end of file.
2025-01-09 14:50:51,991 [ERROR] LogOutputStream:75 - [STDERR_REDIRECT] 
2025-01-09 14:50:52,018 [ERROR] LogOutputStream:75 - [STDERR_REDIRECT] [Fatal Error] :1:1: Premature end of file.
2025-01-09 14:50:52,018 [ERROR] LogOutputStream:75 - [STDERR_REDIRECT] 
2025-01-09 14:50:52,041 [ERROR] LogOutputStream:75 - [STDERR_REDIRECT] [Fatal Error] :1:1: Premature end of file.
2025-01-09 14:50:52,041 [ERROR] LogOutputStream:75 - [STDERR_REDIRECT] 
2025-01-09 14:50:52,069 [ERROR] LogOutputStream:75 - [STDERR_REDIRECT] [Fatal Error] :1:1: Premature end of file.
2025-01-09 14:50:52,069 [ERROR] LogOutputStream:75 - [STDERR_REDIRECT] 
2025-01-09 14:50:52,096 [ERROR] LogOutputStream:75 - [STDERR_REDIRECT] [Fatal Error] :1:1: Premature end of file.
2025-01-09 14:50:52,096 [ERROR] LogOutputStream:75 - [STDERR_REDIRECT] 
2025-01-09 14:50:52,119 [ERROR] LogOutputStream:75 - [STDERR_REDIRECT] [Fatal Error] :1:1: Premature end of file.
2025-01-09 14:50:52,119 [ERROR] LogOutputStream:75 - [STDERR_REDIRECT] 
2025-01-09 14:50:52,145 [ERROR] LogOutputStream:75 - [STDERR_REDIRECT] [Fatal Error] :1:1: Premature end of file.
2025-01-09 14:50:52,145 [ERROR] LogOutputStream:75 - [STDERR_REDIRECT] 
2025-01-09 14:50:52,170 [ERROR] LogOutputStream:75 - [STDERR_REDIRECT] [Fatal Error] :1:1: Premature end of file.
2025-01-09 14:50:52,170 [ERROR] LogOutputStream:75 - [STDERR_REDIRECT] 
2025-01-09 14:50:52,202 [ERROR] LogOutputStream:75 - [STDERR_REDIRECT] [Fatal Error] :1:1: Premature end of file.
2025-01-09 14:50:52,202 [ERROR] LogOutputStream:75 - [STDERR_REDIRECT] 
2025-01-09 14:50:52,227 [ERROR] LogOutputStream:75 - [STDERR_REDIRECT] [Fatal Error] :1:1: Premature end of file.
2025-01-09 14:50:52,227 [ERROR] LogOutputStream:75 - [STDERR_REDIRECT] 
2025-01-09 14:50:52,248 [ERROR] LogOutputStream:75 - [STDERR_REDIRECT] [Fatal Error] :1:1: Premature end of file.
2025-01-09 14:50:52,248 [ERROR] LogOutputStream:75 - [STDERR_REDIRECT] 
2025-01-09 14:50:52,258 [ERROR] LogOutputStream:75 - [STDERR_REDIRECT] [Fatal Error] :1:1: Premature end of file.
2025-01-09 14:50:52,258 [ERROR] LogOutputStream:75 - [STDERR_REDIRECT] 
2025-01-09 14:50:52,291 [ERROR] LogOutputStream:75 - [STDERR_REDIRECT] [Fatal Error] :1:1: Premature end of file.
2025-01-09 14:50:52,291 [ERROR] LogOutputStream:75 - [STDERR_REDIRECT] 
2025-01-09 14:50:52,314 [ERROR] LogOutputStream:75 - [STDERR_REDIRECT] [Fatal Error] :1:1: Premature end of file.
2025-01-09 14:50:52,314 [ERROR] LogOutputStream:75 - [STDERR_REDIRECT] 
2025-01-09 14:50:52,330 [ERROR] LogOutputStream:75 - [STDERR_REDIRECT] [Fatal Error] :1:1: Premature end of file.
2025-01-09 14:50:52,330 [ERROR] LogOutputStream:75 - [STDERR_REDIRECT] 
2025-01-09 14:50:52,364 [ERROR] LogOutputStream:75 - [STDERR_REDIRECT] [Fatal Error] :1:1: Premature end of file.
2025-01-09 14:50:52,364 [ERROR] LogOutputStream:75 - [STDERR_REDIRECT] 
2025-01-09 14:50:52,378 [ERROR] LogOutputStream:75 - [STDERR_REDIRECT] [Fatal Error] :1:1: Premature end of file.
2025-01-09 14:50:52,378 [ERROR] LogOutputStream:75 - [STDERR_REDIRECT] 
2025-01-09 14:50:52,394 [ERROR] LogOutputStream:75 - [STDERR_REDIRECT] [Fatal Error] :1:1: Premature end of file.
2025-01-09 14:50:52,394 [ERROR] LogOutputStream:75 - [STDERR_REDIRECT] 
2025-01-09 14:50:52,425 [ERROR] LogOutputStream:75 - [STDERR_REDIRECT] [Fatal Error] :1:1: Premature end of file.
2025-01-09 14:50:52,425 [ERROR] LogOutputStream:75 - [STDERR_REDIRECT] 
2025-01-09 14:50:52,457 [ERROR] LogOutputStream:75 - [STDERR_REDIRECT] [Fatal Error] :1:1: Premature end of file.
2025-01-09 14:50:52,457 [ERROR] LogOutputStream:75 - [STDERR_REDIRECT] 
2025-01-09 14:50:52,486 [ERROR] LogOutputStream:75 - [STDERR_REDIRECT] [Fatal Error] :1:1: Premature end of file.
2025-01-09 14:50:52,486 [ERROR] LogOutputStream:75 - [STDERR_REDIRECT] 
2025-01-09 14:50:52,524 [ERROR] LogOutputStream:75 - [STDERR_REDIRECT] [Fatal Error] :1:1: Premature end of file.
2025-01-09 14:50:52,524 [ERROR] LogOutputStream:75 - [STDERR_REDIRECT] 
2025-01-09 14:50:52,555 [ERROR] LogOutputStream:75 - [STDERR_REDIRECT] [Fatal Error] :1:1: Premature end of file.
2025-01-09 14:50:52,555 [ERROR] LogOutputStream:75 - [STDERR_REDIRECT] 
2025-01-09 14:50:52,590 [ERROR] LogOutputStream:75 - [STDERR_REDIRECT] [Fatal Error] :1:1: Premature end of file.
2025-01-09 14:50:52,590 [ERROR] LogOutputStream:75 - [STDERR_REDIRECT] 
2025-01-09 14:50:52,619 [ERROR] LogOutputStream:75 - [STDERR_REDIRECT] [Fatal Error] :1:1: Premature end of file.
2025-01-09 14:50:52,619 [ERROR] LogOutputStream:75 - [STDERR_REDIRECT] 
2025-01-09 14:50:52,648 [ERROR] LogOutputStream:75 - [STDERR_REDIRECT] [Fatal Error] :1:1: Premature end of file.
2025-01-09 14:50:52,648 [ERROR] LogOutputStream:75 - [STDERR_REDIRECT] 
2025-01-09 14:50:52,675 [ERROR] LogOutputStream:75 - [STDERR_REDIRECT] [Fatal Error] :1:1: Premature end of file.
2025-01-09 14:50:52,675 [ERROR] LogOutputStream:75 - [STDERR_REDIRECT] 
2025-01-09 14:50:52,699 [ERROR] LogOutputStream:75 - [STDERR_REDIRECT] [Fatal Error] :1:1: Premature end of file.
2025-01-09 14:50:52,699 [ERROR] LogOutputStream:75 - [STDERR_REDIRECT] 
2025-01-09 14:50:52,724 [ERROR] LogOutputStream:75 - [STDERR_REDIRECT] [Fatal Error] :1:1: Premature end of file.
2025-01-09 14:50:52,724 [ERROR] LogOutputStream:75 - [STDERR_REDIRECT] 
2025-01-09 14:50:52,745 [ERROR] LogOutputStream:75 - [STDERR_REDIRECT] [Fatal Error] :1:1: Premature end of file.
2025-01-09 14:50:52,745 [ERROR] LogOutputStream:75 - [STDERR_REDIRECT] 
2025-01-09 14:50:52,761 [ERROR] LogOutputStream:75 - [STDERR_REDIRECT] [Fatal Error] :1:1: Premature end of file.
2025-01-09 14:50:52,761 [ERROR] LogOutputStream:75 - [STDERR_REDIRECT] 
2025-01-09 14:50:52,785 [ERROR] LogOutputStream:75 - [STDERR_REDIRECT] [Fatal Error] :1:1: Premature end of file.
2025-01-09 14:50:52,785 [ERROR] LogOutputStream:75 - [STDERR_REDIRECT] 
2025-01-09 14:50:52,809 [ERROR] LogOutputStream:75 - [STDERR_REDIRECT] [Fatal Error] :1:1: Premature end of file.
2025-01-09 14:50:52,809 [ERROR] LogOutputStream:75 - [STDERR_REDIRECT] 
2025-01-09 14:50:52,826 [ERROR] LogOutputStream:75 - [STDERR_REDIRECT] [Fatal Error] :1:1: Premature end of file.
2025-01-09 14:50:52,826 [ERROR] LogOutputStream:75 - [STDERR_REDIRECT] 
2025-01-09 14:50:52,856 [ERROR] LogOutputStream:75 - [STDERR_REDIRECT] [Fatal Error] :1:1: Premature end of file.
2025-01-09 14:50:52,856 [ERROR] LogOutputStream:75 - [STDERR_REDIRECT] 
2025-01-09 14:50:52,879 [ERROR] LogOutputStream:75 - [STDERR_REDIRECT] [Fatal Error] :1:1: Premature end of file.
2025-01-09 14:50:52,879 [ERROR] LogOutputStream:75 - [STDERR_REDIRECT] 
2025-01-09 14:50:52,903 [ERROR] LogOutputStream:75 - [STDERR_REDIRECT] [Fatal Error] :1:1: Premature end of file.
2025-01-09 14:50:52,903 [ERROR] LogOutputStream:75 - [STDERR_REDIRECT] 
2025-01-09 14:50:52,915 [ERROR] LogOutputStream:75 - [STDERR_REDIRECT] [Fatal Error] :1:1: Premature end of file.
2025-01-09 14:50:52,915 [ERROR] LogOutputStream:75 - [STDERR_REDIRECT] 
2025-01-09 14:50:52,943 [ERROR] LogOutputStream:75 - [STDERR_REDIRECT] [Fatal Error] :1:1: Premature end of file.
2025-01-09 14:50:52,943 [ERROR] LogOutputStream:75 - [STDERR_REDIRECT] 
2025-01-09 14:50:52,964 [ERROR] LogOutputStream:75 - [STDERR_REDIRECT] [Fatal Error] :1:1: Premature end of file.
2025-01-09 14:50:52,964 [ERROR] LogOutputStream:75 - [STDERR_REDIRECT] 
2025-01-09 14:50:52,977 [ERROR] LogOutputStream:75 - [STDERR_REDIRECT] [Fatal Error] :1:1: Premature end of file.
2025-01-09 14:50:52,977 [ERROR] LogOutputStream:75 - [STDERR_REDIRECT] 
2025-01-09 14:50:53,008 [ERROR] LogOutputStream:75 - [STDERR_REDIRECT] [Fatal Error] :1:1: Premature end of file.
2025-01-09 14:50:53,008 [ERROR] LogOutputStream:75 - [STDERR_REDIRECT] 
2025-01-09 14:50:53,027 [ERROR] LogOutputStream:75 - [STDERR_REDIRECT] [Fatal Error] :1:1: Premature end of file.
2025-01-09 14:50:53,027 [ERROR] LogOutputStream:75 - [STDERR_REDIRECT] 
2025-01-09 14:50:53,049 [ERROR] LogOutputStream:75 - [STDERR_REDIRECT] [Fatal Error] :1:1: Premature end of file.
2025-01-09 14:50:53,049 [ERROR] LogOutputStream:75 - [STDERR_REDIRECT] 
2025-01-09 14:50:53,063 [ERROR] LogOutputStream:75 - [STDERR_REDIRECT] [Fatal Error] :1:1: Premature end of file.
2025-01-09 14:50:53,063 [ERROR] LogOutputStream:75 - [STDERR_REDIRECT] 
2025-01-09 14:50:53,079 [ERROR] LogOutputStream:75 - [STDERR_REDIRECT] [Fatal Error] :1:1: Premature end of file.
2025-01-09 14:50:53,079 [ERROR] LogOutputStream:75 - [STDERR_REDIRECT] 
2025-01-09 14:50:53,096 [ERROR] LogOutputStream:75 - [STDERR_REDIRECT] [Fatal Error] :1:1: Premature end of file.
2025-01-09 14:50:53,096 [ERROR] LogOutputStream:75 - [STDERR_REDIRECT] 
2025-01-09 14:50:53,127 [ERROR] LogOutputStream:75 - [STDERR_REDIRECT] [Fatal Error] :1:1: Premature end of file.
2025-01-09 14:50:53,127 [ERROR] LogOutputStream:75 - [STDERR_REDIRECT] 
2025-01-09 14:50:53,143 [ERROR] LogOutputStream:75 - [STDERR_REDIRECT] [Fatal Error] :1:1: Premature end of file.
2025-01-09 14:50:53,143 [ERROR] LogOutputStream:75 - [STDERR_REDIRECT] 
2025-01-09 14:50:53,167 [ERROR] LogOutputStream:75 - [STDERR_REDIRECT] [Fatal Error] :1:1: Premature end of file.
2025-01-09 14:50:53,167 [ERROR] LogOutputStream:75 - [STDERR_REDIRECT] 
2025-01-09 14:50:53,200 [ERROR] LogOutputStream:75 - [STDERR_REDIRECT] [Fatal Error] :1:1: Premature end of file.
2025-01-09 14:50:53,200 [ERROR] LogOutputStream:75 - [STDERR_REDIRECT] 
2025-01-09 14:50:53,225 [ERROR] LogOutputStream:75 - [STDERR_REDIRECT] [Fatal Error] :1:1: Premature end of file.
2025-01-09 14:50:53,225 [ERROR] LogOutputStream:75 - [STDERR_REDIRECT] 
2025-01-09 14:50:53,251 [ERROR] LogOutputStream:75 - [STDERR_REDIRECT] [Fatal Error] :1:1: Premature end of file.
2025-01-09 14:50:53,251 [ERROR] LogOutputStream:75 - [STDERR_REDIRECT] 
2025-01-09 14:50:53,279 [ERROR] LogOutputStream:75 - [STDERR_REDIRECT] [Fatal Error] :1:1: Premature end of file.
2025-01-09 14:50:53,279 [ERROR] LogOutputStream:75 - [STDERR_REDIRECT] 
2025-01-09 14:50:53,306 [ERROR] LogOutputStream:75 - [STDERR_REDIRECT] [Fatal Error] :1:1: Premature end of file.
2025-01-09 14:50:53,306 [ERROR] LogOutputStream:75 - [STDERR_REDIRECT] 
2025-01-09 14:50:53,332 [ERROR] LogOutputStream:75 - [STDERR_REDIRECT] [Fatal Error] :1:1: Premature end of file.
2025-01-09 14:50:53,332 [ERROR] LogOutputStream:75 - [STDERR_REDIRECT] 
2025-01-09 14:50:53,361 [ERROR] LogOutputStream:75 - [STDERR_REDIRECT] [Fatal Error] :1:1: Premature end of file.
2025-01-09 14:50:53,362 [ERROR] LogOutputStream:75 - [STDERR_REDIRECT] 
2025-01-09 14:50:53,386 [ERROR] LogOutputStream:75 - [STDERR_REDIRECT] [Fatal Error] :1:1: Premature end of file.
2025-01-09 14:50:53,387 [ERROR] LogOutputStream:75 - [STDERR_REDIRECT] 
2025-01-09 14:50:53,414 [ERROR] LogOutputStream:75 - [STDERR_REDIRECT] [Fatal Error] :1:1: Premature end of file.
2025-01-09 14:50:53,414 [ERROR] LogOutputStream:75 - [STDERR_REDIRECT] 
2025-01-09 14:50:53,434 [ERROR] LogOutputStream:75 - [STDERR_REDIRECT] [Fatal Error] :1:1: Premature end of file.
2025-01-09 14:50:53,434 [ERROR] LogOutputStream:75 - [STDERR_REDIRECT] 
2025-01-09 14:50:53,450 [ERROR] LogOutputStream:75 - [STDERR_REDIRECT] [Fatal Error] :1:1: Premature end of file.
2025-01-09 14:50:53,450 [ERROR] LogOutputStream:75 - [STDERR_REDIRECT] 
2025-01-09 14:50:53,481 [ERROR] LogOutputStream:75 - [STDERR_REDIRECT] [Fatal Error] :1:1: Premature end of file.
2025-01-09 14:50:53,481 [ERROR] LogOutputStream:75 - [STDERR_REDIRECT] 
2025-01-09 14:50:53,505 [ERROR] LogOutputStream:75 - [STDERR_REDIRECT] [Fatal Error] :1:1: Premature end of file.
2025-01-09 14:50:53,505 [ERROR] LogOutputStream:75 - [STDERR_REDIRECT] 
2025-01-09 14:50:53,528 [ERROR] LogOutputStream:75 - [STDERR_REDIRECT] [Fatal Error] :1:1: Premature end of file.
2025-01-09 14:50:53,528 [ERROR] LogOutputStream:75 - [STDERR_REDIRECT] 
2025-01-09 14:50:53,544 [ERROR] LogOutputStream:75 - [STDERR_REDIRECT] [Fatal Error] :1:1: Premature end of file.
2025-01-09 14:50:53,544 [ERROR] LogOutputStream:75 - [STDERR_REDIRECT] 
2025-01-09 14:50:53,561 [ERROR] LogOutputStream:75 - [STDERR_REDIRECT] [Fatal Error] :1:1: Premature end of file.
2025-01-09 14:50:53,561 [ERROR] LogOutputStream:75 - [STDERR_REDIRECT] 
2025-01-09 14:50:53,592 [ERROR] LogOutputStream:75 - [STDERR_REDIRECT] [Fatal Error] :1:1: Premature end of file.
2025-01-09 14:50:53,592 [ERROR] LogOutputStream:75 - [STDERR_REDIRECT] 
2025-01-09 14:50:53,608 [ERROR] LogOutputStream:75 - [STDERR_REDIRECT] [Fatal Error] :1:1: Premature end of file.
2025-01-09 14:50:53,608 [ERROR] LogOutputStream:75 - [STDERR_REDIRECT] 
2025-01-09 14:50:53,640 [ERROR] LogOutputStream:75 - [STDERR_REDIRECT] [Fatal Error] :1:1: Premature end of file.
2025-01-09 14:50:53,640 [ERROR] LogOutputStream:75 - [STDERR_REDIRECT] 
2025-01-09 14:50:53,656 [ERROR] LogOutputStream:75 - [STDERR_REDIRECT] [Fatal Error] :1:1: Premature end of file.
2025-01-09 14:50:53,656 [ERROR] LogOutputStream:75 - [STDERR_REDIRECT] 
2025-01-09 14:50:53,687 [ERROR] LogOutputStream:75 - [STDERR_REDIRECT] [Fatal Error] :1:1: Premature end of file.
2025-01-09 14:50:53,687 [ERROR] LogOutputStream:75 - [STDERR_REDIRECT] 
2025-01-09 14:50:53,715 [ERROR] LogOutputStream:75 - [STDERR_REDIRECT] [Fatal Error] :1:1: Premature end of file.
2025-01-09 14:50:53,715 [ERROR] LogOutputStream:75 - [STDERR_REDIRECT] 
2025-01-09 14:50:53,739 [ERROR] LogOutputStream:75 - [STDERR_REDIRECT] [Fatal Error] :1:1: Premature end of file.
2025-01-09 14:50:53,739 [ERROR] LogOutputStream:75 - [STDERR_REDIRECT] 
2025-01-09 14:50:53,762 [ERROR] LogOutputStream:75 - [STDERR_REDIRECT] [Fatal Error] :1:1: Premature end of file.
2025-01-09 14:50:53,762 [ERROR] LogOutputStream:75 - [STDERR_REDIRECT] 
2025-01-09 14:50:53,784 [ERROR] LogOutputStream:75 - [STDERR_REDIRECT] [Fatal Error] :1:1: Premature end of file.
2025-01-09 14:50:53,784 [ERROR] LogOutputStream:75 - [STDERR_REDIRECT] 
2025-01-09 14:50:53,801 [ERROR] LogOutputStream:75 - [STDERR_REDIRECT] [Fatal Error] :1:1: Premature end of file.
2025-01-09 14:50:53,801 [ERROR] LogOutputStream:75 - [STDERR_REDIRECT] 
2025-01-09 14:50:53,833 [ERROR] LogOutputStream:75 - [STDERR_REDIRECT] [Fatal Error] :1:1: Premature end of file.
2025-01-09 14:50:53,833 [ERROR] LogOutputStream:75 - [STDERR_REDIRECT] 
2025-01-09 14:50:53,865 [ERROR] LogOutputStream:75 - [STDERR_REDIRECT] [Fatal Error] :1:1: Premature end of file.
2025-01-09 14:50:53,865 [ERROR] LogOutputStream:75 - [STDERR_REDIRECT] 
2025-01-09 14:50:53,889 [ERROR] LogOutputStream:75 - [STDERR_REDIRECT] [Fatal Error] :1:1: Premature end of file.
2025-01-09 14:50:53,889 [ERROR] LogOutputStream:75 - [STDERR_REDIRECT] 
2025-01-09 14:50:53,905 [ERROR] LogOutputStream:75 - [STDERR_REDIRECT] [Fatal Error] :1:1: Premature end of file.
2025-01-09 14:50:53,905 [ERROR] LogOutputStream:75 - [STDERR_REDIRECT] 
2025-01-09 14:50:53,937 [ERROR] LogOutputStream:75 - [STDERR_REDIRECT] [Fatal Error] :1:1: Premature end of file.
2025-01-09 14:50:53,937 [ERROR] LogOutputStream:75 - [STDERR_REDIRECT] 
2025-01-09 14:50:53,953 [ERROR] LogOutputStream:75 - [STDERR_REDIRECT] [Fatal Error] :1:1: Premature end of file.
2025-01-09 14:50:53,953 [ERROR] LogOutputStream:75 - [STDERR_REDIRECT] 
2025-01-09 14:50:53,983 [ERROR] LogOutputStream:75 - [STDERR_REDIRECT] [Fatal Error] :1:1: Premature end of file.
2025-01-09 14:50:53,983 [ERROR] LogOutputStream:75 - [STDERR_REDIRECT] 
2025-01-09 14:50:54,005 [ERROR] LogOutputStream:75 - [STDERR_REDIRECT] [Fatal Error] :1:1: Premature end of file.
2025-01-09 14:50:54,005 [ERROR] LogOutputStream:75 - [STDERR_REDIRECT] 
2025-01-09 14:50:54,017 [ERROR] LogOutputStream:75 - [STDERR_REDIRECT] [Fatal Error] :1:1: Premature end of file.
2025-01-09 14:50:54,017 [ERROR] LogOutputStream:75 - [STDERR_REDIRECT] 
2025-01-09 14:50:54,656 [ERROR] LogOutputStream:75 - [STDERR_REDIRECT] [Fatal Error] :1:1: Premature end of file.
2025-01-09 14:50:54,656 [ERROR] LogOutputStream:75 - [STDERR_REDIRECT] 
2025-01-09 14:50:55,642 [ERROR] LogOutputStream:75 - [STDERR_REDIRECT] [Fatal Error] :1:1: Premature end of file.
2025-01-09 14:50:55,642 [ERROR] LogOutputStream:75 - [STDERR_REDIRECT] 
2025-01-09 14:50:56,655 [ERROR] LogOutputStream:75 - [STDERR_REDIRECT] [Fatal Error] :1:1: Premature end of file.
2025-01-09 14:50:56,655 [ERROR] LogOutputStream:75 - [STDERR_REDIRECT] 
2025-01-09 14:50:57,655 [ERROR] LogOutputStream:75 - [STDERR_REDIRECT] [Fatal Error] :1:1: Premature end of file.
2025-01-09 14:50:57,655 [ERROR] LogOutputStream:75 - [STDERR_REDIRECT] 
2025-01-09 14:50:58,652 [ERROR] LogOutputStream:75 - [STDERR_REDIRECT] [Fatal Error] :1:1: Premature end of file.
2025-01-09 14:50:58,652 [ERROR] LogOutputStream:75 - [STDERR_REDIRECT] 
2025-01-09 14:50:59,659 [ERROR] LogOutputStream:75 - [STDERR_REDIRECT] [Fatal Error] :1:1: Premature end of file.
2025-01-09 14:50:59,659 [ERROR] LogOutputStream:75 - [STDERR_REDIRECT] 
2025-01-09 14:51:00,652 [ERROR] LogOutputStream:75 - [STDERR_REDIRECT] [Fatal Error] :1:1: Premature end of file.
2025-01-09 14:51:00,652 [ERROR] LogOutputStream:75 - [STDERR_REDIRECT] 
2025-01-09 14:51:01,652 [ERROR] LogOutputStream:75 - [STDERR_REDIRECT] [Fatal Error] :1:1: Premature end of file.
2025-01-09 14:51:01,652 [ERROR] LogOutputStream:75 - [STDERR_REDIRECT] 
2025-01-09 14:51:02,653 [ERROR] LogOutputStream:75 - [STDERR_REDIRECT] [Fatal Error] :1:1: Premature end of file.
2025-01-09 14:51:02,653 [ERROR] LogOutputStream:75 - [STDERR_REDIRECT] 
2025-01-09 14:51:03,646 [ERROR] LogOutputStream:75 - [STDERR_REDIRECT] [Fatal Error] :1:1: Premature end of file.
2025-01-09 14:51:03,646 [ERROR] LogOutputStream:75 - [STDERR_REDIRECT] 
2025-01-09 14:51:04,656 [ERROR] LogOutputStream:75 - [STDERR_REDIRECT] [Fatal Error] :1:1: Premature end of file.
2025-01-09 14:51:04,656 [ERROR] LogOutputStream:75 - [STDERR_REDIRECT] 
2025-01-09 14:51:05,652 [ERROR] LogOutputStream:75 - [STDERR_REDIRECT] [Fatal Error] :1:1: Premature end of file.
2025-01-09 14:51:05,652 [ERROR] LogOutputStream:75 - [STDERR_REDIRECT] 
2025-01-09 14:51:06,649 [ERROR] LogOutputStream:75 - [STDERR_REDIRECT] [Fatal Error] :1:1: Premature end of file.
2025-01-09 14:51:06,649 [ERROR] LogOutputStream:75 - [STDERR_REDIRECT] 
2025-01-09 14:51:07,654 [ERROR] LogOutputStream:75 - [STDERR_REDIRECT] [Fatal Error] :1:1: Premature end of file.
2025-01-09 14:51:07,654 [ERROR] LogOutputStream:75 - [STDERR_REDIRECT] 
2025-01-09 14:51:08,641 [ERROR] LogOutputStream:75 - [STDERR_REDIRECT] [Fatal Error] :1:1: Premature end of file.
2025-01-09 14:51:08,641 [ERROR] LogOutputStream:75 - [STDERR_REDIRECT] 
2025-01-09 14:51:09,649 [ERROR] LogOutputStream:75 - [STDERR_REDIRECT] [Fatal Error] :1:1: Premature end of file.
2025-01-09 14:51:09,649 [ERROR] LogOutputStream:75 - [STDERR_REDIRECT] 
2025-01-09 14:51:10,652 [ERROR] LogOutputStream:75 - [STDERR_REDIRECT] [Fatal Error] :1:1: Premature end of file.
2025-01-09 14:51:10,652 [ERROR] LogOutputStream:75 - [STDERR_REDIRECT] 
2025-01-09 14:51:11,646 [ERROR] LogOutputStream:75 - [STDERR_REDIRECT] [Fatal Error] :1:1: Premature end of file.
2025-01-09 14:51:11,646 [ERROR] LogOutputStream:75 - [STDERR_REDIRECT] 
2025-01-09 14:51:12,648 [ERROR] LogOutputStream:75 - [STDERR_REDIRECT] [Fatal Error] :1:1: Premature end of file.
2025-01-09 14:51:12,648 [ERROR] LogOutputStream:75 - [STDERR_REDIRECT] 
2025-01-09 14:51:13,658 [ERROR] LogOutputStream:75 - [STDERR_REDIRECT] [Fatal Error] :1:1: Premature end of file.
2025-01-09 14:51:13,658 [ERROR] LogOutputStream:75 - [STDERR_REDIRECT] 
2025-01-09 14:51:14,653 [ERROR] LogOutputStream:75 - [STDERR_REDIRECT] [Fatal Error] :1:1: Premature end of file.
2025-01-09 14:51:14,653 [ERROR] LogOutputStream:75 - [STDERR_REDIRECT] 
2025-01-09 14:51:15,662 [ERROR] LogOutputStream:75 - [STDERR_REDIRECT] [Fatal Error] :1:1: Premature end of file.
2025-01-09 14:51:15,662 [ERROR] LogOutputStream:75 - [STDERR_REDIRECT] 
2025-01-09 14:51:16,657 [ERROR] LogOutputStream:75 - [STDERR_REDIRECT] [Fatal Error] :1:1: Premature end of file.
2025-01-09 14:51:16,657 [ERROR] LogOutputStream:75 - [STDERR_REDIRECT] 
2025-01-09 14:51:17,647 [ERROR] LogOutputStream:75 - [STDERR_REDIRECT] [Fatal Error] :1:1: Premature end of file.
2025-01-09 14:51:17,647 [ERROR] LogOutputStream:75 - [STDERR_REDIRECT] 
2025-01-09 14:51:18,662 [ERROR] LogOutputStream:75 - [STDERR_REDIRECT] [Fatal Error] :1:1: Premature end of file.
2025-01-09 14:51:18,662 [ERROR] LogOutputStream:75 - [STDERR_REDIRECT] 
2025-01-09 14:51:19,656 [ERROR] LogOutputStream:75 - [STDERR_REDIRECT] [Fatal Error] :1:1: Premature end of file.
2025-01-09 14:51:19,656 [ERROR] LogOutputStream:75 - [STDERR_REDIRECT] 
2025-01-09 14:51:20,658 [ERROR] LogOutputStream:75 - [STDERR_REDIRECT] [Fatal Error] :1:1: Premature end of file.
2025-01-09 14:51:20,658 [ERROR] LogOutputStream:75 - [STDERR_REDIRECT] 
2025-01-09 14:51:21,660 [ERROR] LogOutputStream:75 - [STDERR_REDIRECT] [Fatal Error] :1:1: Premature end of file.
2025-01-09 14:51:21,660 [ERROR] LogOutputStream:75 - [STDERR_REDIRECT] 
2025-01-09 14:51:22,660 [ERROR] LogOutputStream:75 - [STDERR_REDIRECT] [Fatal Error] :1:1: Premature end of file.
2025-01-09 14:51:22,660 [ERROR] LogOutputStream:75 - [STDERR_REDIRECT] 
2025-01-09 14:51:23,666 [ERROR] LogOutputStream:75 - [STDERR_REDIRECT] [Fatal Error] :1:1: Premature end of file.
2025-01-09 14:51:23,666 [ERROR] LogOutputStream:75 - [STDERR_REDIRECT] 
2025-01-09 14:51:24,651 [ERROR] LogOutputStream:75 - [STDERR_REDIRECT] [Fatal Error] :1:1: Premature end of file.
2025-01-09 14:51:24,651 [ERROR] LogOutputStream:75 - [STDERR_REDIRECT] 
2025-01-09 14:51:25,654 [ERROR] LogOutputStream:75 - [STDERR_REDIRECT] [Fatal Error] :1:1: Premature end of file.
2025-01-09 14:51:25,654 [ERROR] LogOutputStream:75 - [STDERR_REDIRECT] 
2025-01-09 14:51:26,647 [ERROR] LogOutputStream:75 - [STDERR_REDIRECT] [Fatal Error] :1:1: Premature end of file.
2025-01-09 14:51:26,647 [ERROR] LogOutputStream:75 - [STDERR_REDIRECT] 
2025-01-09 14:51:27,665 [ERROR] LogOutputStream:75 - [STDERR_REDIRECT] [Fatal Error] :1:1: Premature end of file.
2025-01-09 14:51:27,665 [ERROR] LogOutputStream:75 - [STDERR_REDIRECT] 
2025-01-09 14:51:28,650 [ERROR] LogOutputStream:75 - [STDERR_REDIRECT] [Fatal Error] :1:1: Premature end of file.
2025-01-09 14:51:28,657 [ERROR] LogOutputStream:75 - [STDERR_REDIRECT] 
2025-01-09 14:51:29,645 [ERROR] LogOutputStream:75 - [STDERR_REDIRECT] [Fatal Error] :1:1: Premature end of file.
2025-01-09 14:51:29,645 [ERROR] LogOutputStream:75 - [STDERR_REDIRECT] 
2025-01-09 14:51:30,660 [ERROR] LogOutputStream:75 - [STDERR_REDIRECT] [Fatal Error] :1:1: Premature end of file.
2025-01-09 14:51:30,660 [ERROR] LogOutputStream:75 - [STDERR_REDIRECT] 
2025-01-09 14:51:31,664 [ERROR] LogOutputStream:75 - [STDERR_REDIRECT] [Fatal Error] :1:1: Premature end of file.
2025-01-09 14:51:31,664 [ERROR] LogOutputStream:75 - [STDERR_REDIRECT] 
2025-01-09 14:51:32,655 [ERROR] LogOutputStream:75 - [STDERR_REDIRECT] [Fatal Error] :1:1: Premature end of file.
2025-01-09 14:51:32,655 [ERROR] LogOutputStream:75 - [STDERR_REDIRECT] 
2025-01-09 14:51:33,654 [ERROR] LogOutputStream:75 - [STDERR_REDIRECT] [Fatal Error] :1:1: Premature end of file.
2025-01-09 14:51:33,654 [ERROR] LogOutputStream:75 - [STDERR_REDIRECT] 
2025-01-09 14:51:34,645 [ERROR] LogOutputStream:75 - [STDERR_REDIRECT] [Fatal Error] :1:1: Premature end of file.
2025-01-09 14:51:34,645 [ERROR] LogOutputStream:75 - [STDERR_REDIRECT] 
2025-01-09 14:51:35,660 [ERROR] LogOutputStream:75 - [STDERR_REDIRECT] [Fatal Error] :1:1: Premature end of file.
2025-01-09 14:51:35,660 [ERROR] LogOutputStream:75 - [STDERR_REDIRECT] 
2025-01-09 14:51:36,651 [ERROR] LogOutputStream:75 - [STDERR_REDIRECT] [Fatal Error] :1:1: Premature end of file.
2025-01-09 14:51:36,651 [ERROR] LogOutputStream:75 - [STDERR_REDIRECT] 
2025-01-09 14:51:37,648 [ERROR] LogOutputStream:75 - [STDERR_REDIRECT] [Fatal Error] :1:1: Premature end of file.
2025-01-09 14:51:37,648 [ERROR] LogOutputStream:75 - [STDERR_REDIRECT] 
2025-01-09 14:51:38,656 [ERROR] LogOutputStream:75 - [STDERR_REDIRECT] [Fatal Error] :1:1: Premature end of file.
2025-01-09 14:51:38,656 [ERROR] LogOutputStream:75 - [STDERR_REDIRECT] 
2025-01-09 14:51:39,645 [ERROR] LogOutputStream:75 - [STDERR_REDIRECT] [Fatal Error] :1:1: Premature end of file.
2025-01-09 14:51:39,645 [ERROR] LogOutputStream:75 - [STDERR_REDIRECT] 
2025-01-09 14:51:40,653 [ERROR] LogOutputStream:75 - [STDERR_REDIRECT] [Fatal Error] :1:1: Premature end of file.
2025-01-09 14:51:40,653 [ERROR] LogOutputStream:75 - [STDERR_REDIRECT] 
2025-01-09 14:51:41,651 [ERROR] LogOutputStream:75 - [STDERR_REDIRECT] [Fatal Error] :1:1: Premature end of file.
2025-01-09 14:51:41,651 [ERROR] LogOutputStream:75 - [STDERR_REDIRECT] 
2025-01-09 14:51:42,660 [ERROR] LogOutputStream:75 - [STDERR_REDIRECT] [Fatal Error] :1:1: Premature end of file.
2025-01-09 14:51:42,660 [ERROR] LogOutputStream:75 - [STDERR_REDIRECT] 
2025-01-09 14:51:43,650 [ERROR] LogOutputStream:75 - [STDERR_REDIRECT] [Fatal Error] :1:1: Premature end of file.
2025-01-09 14:51:43,650 [ERROR] LogOutputStream:75 - [STDERR_REDIRECT] 
2025-01-09 14:51:44,659 [ERROR] LogOutputStream:75 - [STDERR_REDIRECT] [Fatal Error] :1:1: Premature end of file.
2025-01-09 14:51:44,659 [ERROR] LogOutputStream:75 - [STDERR_REDIRECT] 
2025-01-09 14:51:45,641 [ERROR] LogOutputStream:75 - [STDERR_REDIRECT] [Fatal Error] :1:1: Premature end of file.
2025-01-09 14:51:45,641 [ERROR] LogOutputStream:75 - [STDERR_REDIRECT] 
2025-01-09 14:51:46,653 [ERROR] LogOutputStream:75 - [STDERR_REDIRECT] [Fatal Error] :1:1: Premature end of file.
2025-01-09 14:51:46,653 [ERROR] LogOutputStream:75 - [STDERR_REDIRECT] 
2025-01-09 14:51:47,653 [ERROR] LogOutputStream:75 - [STDERR_REDIRECT] [Fatal Error] :1:1: Premature end of file.
2025-01-09 14:51:47,653 [ERROR] LogOutputStream:75 - [STDERR_REDIRECT] 
2025-01-09 14:51:48,644 [ERROR] LogOutputStream:75 - [STDERR_REDIRECT] [Fatal Error] :1:1: Premature end of file.
2025-01-09 14:51:48,644 [ERROR] LogOutputStream:75 - [STDERR_REDIRECT] 
2025-01-09 14:51:49,650 [ERROR] LogOutputStream:75 - [STDERR_REDIRECT] [Fatal Error] :1:1: Premature end of file.
2025-01-09 14:51:49,650 [ERROR] LogOutputStream:75 - [STDERR_REDIRECT] 
2025-01-09 14:51:50,650 [ERROR] LogOutputStream:75 - [STDERR_REDIRECT] [Fatal Error] :1:1: Premature end of file.
2025-01-09 14:51:50,650 [ERROR] LogOutputStream:75 - [STDERR_REDIRECT] 
2025-01-09 14:51:51,657 [ERROR] LogOutputStream:75 - [STDERR_REDIRECT] [Fatal Error] :1:1: Premature end of file.
2025-01-09 14:51:51,657 [ERROR] LogOutputStream:75 - [STDERR_REDIRECT] 
2025-01-09 14:51:52,659 [ERROR] LogOutputStream:75 - [STDERR_REDIRECT] [Fatal Error] :1:1: Premature end of file.
2025-01-09 14:51:52,659 [ERROR] LogOutputStream:75 - [STDERR_REDIRECT] 
2025-01-09 14:51:53,664 [ERROR] LogOutputStream:75 - [STDERR_REDIRECT] [Fatal Error] :1:1: Premature end of file.
2025-01-09 14:51:53,664 [ERROR] LogOutputStream:75 - [STDERR_REDIRECT] 
2025-01-09 14:51:54,649 [ERROR] LogOutputStream:75 - [STDERR_REDIRECT] [Fatal Error] :1:1: Premature end of file.
2025-01-09 14:51:54,649 [ERROR] LogOutputStream:75 - [STDERR_REDIRECT] 
2025-01-09 14:51:55,655 [ERROR] LogOutputStream:75 - [STDERR_REDIRECT] [Fatal Error] :1:1: Premature end of file.
2025-01-09 14:51:55,655 [ERROR] LogOutputStream:75 - [STDERR_REDIRECT] 
2025-01-09 14:51:56,658 [ERROR] LogOutputStream:75 - [STDERR_REDIRECT] [Fatal Error] :1:1: Premature end of file.
2025-01-09 14:51:56,658 [ERROR] LogOutputStream:75 - [STDERR_REDIRECT] 
2025-01-09 14:51:57,656 [ERROR] LogOutputStream:75 - [STDERR_REDIRECT] [Fatal Error] :1:1: Premature end of file.
2025-01-09 14:51:57,656 [ERROR] LogOutputStream:75 - [STDERR_REDIRECT] 
2025-01-09 14:51:58,665 [ERROR] LogOutputStream:75 - [STDERR_REDIRECT] [Fatal Error] :1:1: Premature end of file.
2025-01-09 14:51:58,665 [ERROR] LogOutputStream:75 - [STDERR_REDIRECT] 
2025-01-09 14:51:59,648 [ERROR] LogOutputStream:75 - [STDERR_REDIRECT] [Fatal Error] :1:1: Premature end of file.
2025-01-09 14:51:59,648 [ERROR] LogOutputStream:75 - [STDERR_REDIRECT] 
2025-01-09 14:52:00,653 [ERROR] LogOutputStream:75 - [STDERR_REDIRECT] [Fatal Error] :1:1: Premature end of file.
2025-01-09 14:52:00,653 [ERROR] LogOutputStream:75 - [STDERR_REDIRECT] 
2025-01-09 14:52:01,645 [ERROR] LogOutputStream:75 - [STDERR_REDIRECT] [Fatal Error] :1:1: Premature end of file.
2025-01-09 14:52:01,645 [ERROR] LogOutputStream:75 - [STDERR_REDIRECT] 
2025-01-09 14:52:02,653 [ERROR] LogOutputStream:75 - [STDERR_REDIRECT] [Fatal Error] :1:1: Premature end of file.
2025-01-09 14:52:02,653 [ERROR] LogOutputStream:75 - [STDERR_REDIRECT] 
2025-01-09 14:52:03,654 [ERROR] LogOutputStream:75 - [STDERR_REDIRECT] [Fatal Error] :1:1: Premature end of file.
2025-01-09 14:52:03,654 [ERROR] LogOutputStream:75 - [STDERR_REDIRECT] 
2025-01-09 14:52:04,655 [ERROR] LogOutputStream:75 - [STDERR_REDIRECT] [Fatal Error] :1:1: Premature end of file.
2025-01-09 14:52:04,655 [ERROR] LogOutputStream:75 - [STDERR_REDIRECT] 
2025-01-09 14:52:05,648 [ERROR] LogOutputStream:75 - [STDERR_REDIRECT] [Fatal Error] :1:1: Premature end of file.
2025-01-09 14:52:05,648 [ERROR] LogOutputStream:75 - [STDERR_REDIRECT] 
2025-01-09 14:52:06,661 [ERROR] LogOutputStream:75 - [STDERR_REDIRECT] [Fatal Error] :1:1: Premature end of file.
2025-01-09 14:52:06,661 [ERROR] LogOutputStream:75 - [STDERR_REDIRECT] 
2025-01-09 14:52:07,644 [ERROR] LogOutputStream:75 - [STDERR_REDIRECT] [Fatal Error] :1:1: Premature end of file.
2025-01-09 14:52:07,644 [ERROR] LogOutputStream:75 - [STDERR_REDIRECT] 
2025-01-09 14:52:08,654 [ERROR] LogOutputStream:75 - [STDERR_REDIRECT] [Fatal Error] :1:1: Premature end of file.
2025-01-09 14:52:08,654 [ERROR] LogOutputStream:75 - [STDERR_REDIRECT] 
2025-01-09 14:52:09,651 [ERROR] LogOutputStream:75 - [STDERR_REDIRECT] [Fatal Error] :1:1: Premature end of file.
2025-01-09 14:52:09,651 [ERROR] LogOutputStream:75 - [STDERR_REDIRECT] 
2025-01-09 14:52:10,650 [ERROR] LogOutputStream:75 - [STDERR_REDIRECT] [Fatal Error] :1:1: Premature end of file.
2025-01-09 14:52:10,650 [ERROR] LogOutputStream:75 - [STDERR_REDIRECT] 
2025-01-09 14:52:11,659 [ERROR] LogOutputStream:75 - [STDERR_REDIRECT] [Fatal Error] :1:1: Premature end of file.
2025-01-09 14:52:11,659 [ERROR] LogOutputStream:75 - [STDERR_REDIRECT] 
2025-01-09 14:52:12,649 [ERROR] LogOutputStream:75 - [STDERR_REDIRECT] [Fatal Error] :1:1: Premature end of file.
2025-01-09 14:52:12,649 [ERROR] LogOutputStream:75 - [STDERR_REDIRECT] 
2025-01-09 14:52:13,660 [ERROR] LogOutputStream:75 - [STDERR_REDIRECT] [Fatal Error] :1:1: Premature end of file.
2025-01-09 14:52:13,660 [ERROR] LogOutputStream:75 - [STDERR_REDIRECT] 
2025-01-09 14:52:14,654 [ERROR] LogOutputStream:75 - [STDERR_REDIRECT] [Fatal Error] :1:1: Premature end of file.
2025-01-09 14:52:14,654 [ERROR] LogOutputStream:75 - [STDERR_REDIRECT] 
2025-01-09 14:52:15,663 [ERROR] LogOutputStream:75 - [STDERR_REDIRECT] [Fatal Error] :1:1: Premature end of file.
2025-01-09 14:52:15,663 [ERROR] LogOutputStream:75 - [STDERR_REDIRECT] 
2025-01-09 14:52:16,655 [ERROR] LogOutputStream:75 - [STDERR_REDIRECT] [Fatal Error] :1:1: Premature end of file.
2025-01-09 14:52:16,655 [ERROR] LogOutputStream:75 - [STDERR_REDIRECT] 
2025-01-09 14:52:17,657 [ERROR] LogOutputStream:75 - [STDERR_REDIRECT] [Fatal Error] :1:1: Premature end of file.
2025-01-09 14:52:17,657 [ERROR] LogOutputStream:75 - [STDERR_REDIRECT] 
2025-01-09 14:52:18,653 [ERROR] LogOutputStream:75 - [STDERR_REDIRECT] [Fatal Error] :1:1: Premature end of file.
2025-01-09 14:52:18,653 [ERROR] LogOutputStream:75 - [STDERR_REDIRECT] 
2025-01-09 14:52:19,665 [ERROR] LogOutputStream:75 - [STDERR_REDIRECT] [Fatal Error] :1:1: Premature end of file.
2025-01-09 14:52:19,665 [ERROR] LogOutputStream:75 - [STDERR_REDIRECT] 
2025-01-09 14:52:20,652 [ERROR] LogOutputStream:75 - [STDERR_REDIRECT] [Fatal Error] :1:1: Premature end of file.
2025-01-09 14:52:20,652 [ERROR] LogOutputStream:75 - [STDERR_REDIRECT] 
2025-01-09 14:52:21,664 [ERROR] LogOutputStream:75 - [STDERR_REDIRECT] [Fatal Error] :1:1: Premature end of file.
2025-01-09 14:52:21,664 [ERROR] LogOutputStream:75 - [STDERR_REDIRECT] 
2025-01-09 14:52:22,654 [ERROR] LogOutputStream:75 - [STDERR_REDIRECT] [Fatal Error] :1:1: Premature end of file.
2025-01-09 14:52:22,654 [ERROR] LogOutputStream:75 - [STDERR_REDIRECT] 
2025-01-09 14:52:23,653 [ERROR] LogOutputStream:75 - [STDERR_REDIRECT] [Fatal Error] :1:1: Premature end of file.
2025-01-09 14:52:23,653 [ERROR] LogOutputStream:75 - [STDERR_REDIRECT] 
2025-01-09 14:52:24,661 [ERROR] LogOutputStream:75 - [STDERR_REDIRECT] [Fatal Error] :1:1: Premature end of file.
2025-01-09 14:52:24,661 [ERROR] LogOutputStream:75 - [STDERR_REDIRECT] 
2025-01-09 14:52:25,654 [ERROR] LogOutputStream:75 - [STDERR_REDIRECT] [Fatal Error] :1:1: Premature end of file.
2025-01-09 14:52:25,654 [ERROR] LogOutputStream:75 - [STDERR_REDIRECT] 
2025-01-09 14:52:26,658 [ERROR] LogOutputStream:75 - [STDERR_REDIRECT] [Fatal Error] :1:1: Premature end of file.
2025-01-09 14:52:26,658 [ERROR] LogOutputStream:75 - [STDERR_REDIRECT] 
2025-01-09 14:52:27,651 [ERROR] LogOutputStream:75 - [STDERR_REDIRECT] [Fatal Error] :1:1: Premature end of file.
2025-01-09 14:52:27,651 [ERROR] LogOutputStream:75 - [STDERR_REDIRECT] 
2025-01-09 14:52:28,653 [ERROR] LogOutputStream:75 - [STDERR_REDIRECT] [Fatal Error] :1:1: Premature end of file.
2025-01-09 14:52:28,653 [ERROR] LogOutputStream:75 - [STDERR_REDIRECT] 
2025-01-09 14:52:29,649 [ERROR] LogOutputStream:75 - [STDERR_REDIRECT] [Fatal Error] :1:1: Premature end of file.
2025-01-09 14:52:29,649 [ERROR] LogOutputStream:75 - [STDERR_REDIRECT] 
2025-01-09 14:52:30,654 [ERROR] LogOutputStream:75 - [STDERR_REDIRECT] [Fatal Error] :1:1: Premature end of file.
2025-01-09 14:52:30,654 [ERROR] LogOutputStream:75 - [STDERR_REDIRECT] 
2025-01-09 14:52:31,659 [ERROR] LogOutputStream:75 - [STDERR_REDIRECT] [Fatal Error] :1:1: Premature end of file.
2025-01-09 14:52:31,659 [ERROR] LogOutputStream:75 - [STDERR_REDIRECT] 
2025-01-09 14:52:32,661 [ERROR] LogOutputStream:75 - [STDERR_REDIRECT] [Fatal Error] :1:1: Premature end of file.
2025-01-09 14:52:32,661 [ERROR] LogOutputStream:75 - [STDERR_REDIRECT] 
2025-01-09 14:52:33,648 [ERROR] LogOutputStream:75 - [STDERR_REDIRECT] [Fatal Error] :1:1: Premature end of file.
2025-01-09 14:52:33,648 [ERROR] LogOutputStream:75 - [STDERR_REDIRECT] 
2025-01-09 14:52:34,650 [ERROR] LogOutputStream:75 - [STDERR_REDIRECT] [Fatal Error] :1:1: Premature end of file.
2025-01-09 14:52:34,650 [ERROR] LogOutputStream:75 - [STDERR_REDIRECT] 
2025-01-09 14:52:35,659 [ERROR] LogOutputStream:75 - [STDERR_REDIRECT] [Fatal Error] :1:1: Premature end of file.
2025-01-09 14:52:35,659 [ERROR] LogOutputStream:75 - [STDERR_REDIRECT] 
2025-01-09 14:52:36,648 [ERROR] LogOutputStream:75 - [STDERR_REDIRECT] [Fatal Error] :1:1: Premature end of file.
2025-01-09 14:52:36,653 [ERROR] LogOutputStream:75 - [STDERR_REDIRECT] 
2025-01-09 14:52:37,660 [ERROR] LogOutputStream:75 - [STDERR_REDIRECT] [Fatal Error] :1:1: Premature end of file.
2025-01-09 14:52:37,660 [ERROR] LogOutputStream:75 - [STDERR_REDIRECT] 
2025-01-09 14:52:38,668 [ERROR] LogOutputStream:75 - [STDERR_REDIRECT] [Fatal Error] :1:1: Premature end of file.
2025-01-09 14:52:38,668 [ERROR] LogOutputStream:75 - [STDERR_REDIRECT] 
2025-01-09 14:52:39,649 [ERROR] LogOutputStream:75 - [STDERR_REDIRECT] [Fatal Error] :1:1: Premature end of file.
2025-01-09 14:52:39,649 [ERROR] LogOutputStream:75 - [STDERR_REDIRECT] 
2025-01-09 14:52:40,646 [ERROR] LogOutputStream:75 - [STDERR_REDIRECT] [Fatal Error] :1:1: Premature end of file.
2025-01-09 14:52:40,646 [ERROR] LogOutputStream:75 - [STDERR_REDIRECT] 
2025-01-09 14:52:41,656 [ERROR] LogOutputStream:75 - [STDERR_REDIRECT] [Fatal Error] :1:1: Premature end of file.
2025-01-09 14:52:41,656 [ERROR] LogOutputStream:75 - [STDERR_REDIRECT] 
2025-01-09 14:52:42,654 [ERROR] LogOutputStream:75 - [STDERR_REDIRECT] [Fatal Error] :1:1: Premature end of file.
2025-01-09 14:52:42,654 [ERROR] LogOutputStream:75 - [STDERR_REDIRECT] 
2025-01-09 14:52:43,655 [ERROR] LogOutputStream:75 - [STDERR_REDIRECT] [Fatal Error] :1:1: Premature end of file.
2025-01-09 14:52:43,655 [ERROR] LogOutputStream:75 - [STDERR_REDIRECT] 
2025-01-09 14:52:44,664 [ERROR] LogOutputStream:75 - [STDERR_REDIRECT] [Fatal Error] :1:1: Premature end of file.
2025-01-09 14:52:44,664 [ERROR] LogOutputStream:75 - [STDERR_REDIRECT] 
2025-01-09 14:52:45,656 [ERROR] LogOutputStream:75 - [STDERR_REDIRECT] [Fatal Error] :1:1: Premature end of file.
2025-01-09 14:52:45,656 [ERROR] LogOutputStream:75 - [STDERR_REDIRECT] 
2025-01-09 14:52:46,650 [ERROR] LogOutputStream:75 - [STDERR_REDIRECT] [Fatal Error] :1:1: Premature end of file.
2025-01-09 14:52:46,650 [ERROR] LogOutputStream:75 - [STDERR_REDIRECT] 
2025-01-09 14:52:47,654 [ERROR] LogOutputStream:75 - [STDERR_REDIRECT] [Fatal Error] :1:1: Premature end of file.
2025-01-09 14:52:47,654 [ERROR] LogOutputStream:75 - [STDERR_REDIRECT] 
2025-01-09 14:52:48,649 [ERROR] LogOutputStream:75 - [STDERR_REDIRECT] [Fatal Error] :1:1: Premature end of file.
2025-01-09 14:52:48,649 [ERROR] LogOutputStream:75 - [STDERR_REDIRECT] 
2025-01-09 14:52:49,661 [ERROR] LogOutputStream:75 - [STDERR_REDIRECT] [Fatal Error] :1:1: Premature end of file.
2025-01-09 14:52:49,662 [ERROR] LogOutputStream:75 - [STDERR_REDIRECT] 
2025-01-09 14:52:50,651 [ERROR] LogOutputStream:75 - [STDERR_REDIRECT] [Fatal Error] :1:1: Premature end of file.
2025-01-09 14:52:50,651 [ERROR] LogOutputStream:75 - [STDERR_REDIRECT] 
2025-01-09 14:52:51,653 [ERROR] LogOutputStream:75 - [STDERR_REDIRECT] [Fatal Error] :1:1: Premature end of file.
2025-01-09 14:52:51,653 [ERROR] LogOutputStream:75 - [STDERR_REDIRECT] 
2025-01-09 14:52:52,653 [ERROR] LogOutputStream:75 - [STDERR_REDIRECT] [Fatal Error] :1:1: Premature end of file.
2025-01-09 14:52:52,653 [ERROR] LogOutputStream:75 - [STDERR_REDIRECT] 
2025-01-09 14:52:53,652 [ERROR] LogOutputStream:75 - [STDERR_REDIRECT] [Fatal Error] :1:1: Premature end of file.
2025-01-09 14:52:53,652 [ERROR] LogOutputStream:75 - [STDERR_REDIRECT] 
2025-01-09 14:52:54,660 [ERROR] LogOutputStream:75 - [STDERR_REDIRECT] [Fatal Error] :1:1: Premature end of file.
2025-01-09 14:52:54,660 [ERROR] LogOutputStream:75 - [STDERR_REDIRECT] 
2025-01-09 14:52:55,656 [ERROR] LogOutputStream:75 - [STDERR_REDIRECT] [Fatal Error] :1:1: Premature end of file.
2025-01-09 14:52:55,656 [ERROR] LogOutputStream:75 - [STDERR_REDIRECT] 
2025-01-09 14:52:56,650 [ERROR] LogOutputStream:75 - [STDERR_REDIRECT] [Fatal Error] :1:1: Premature end of file.
2025-01-09 14:52:56,650 [ERROR] LogOutputStream:75 - [STDERR_REDIRECT] 
2025-01-09 14:52:57,652 [ERROR] LogOutputStream:75 - [STDERR_REDIRECT] [Fatal Error] :1:1: Premature end of file.
2025-01-09 14:52:57,652 [ERROR] LogOutputStream:75 - [STDERR_REDIRECT] 
2025-01-09 14:52:58,648 [ERROR] LogOutputStream:75 - [STDERR_REDIRECT] [Fatal Error] :1:1: Premature end of file.
2025-01-09 14:52:58,648 [ERROR] LogOutputStream:75 - [STDERR_REDIRECT] 
2025-01-09 14:52:59,651 [ERROR] LogOutputStream:75 - [STDERR_REDIRECT] [Fatal Error] :1:1: Premature end of file.
2025-01-09 14:52:59,651 [ERROR] LogOutputStream:75 - [STDERR_REDIRECT] 
2025-01-09 14:53:00,665 [ERROR] LogOutputStream:75 - [STDERR_REDIRECT] [Fatal Error] :1:1: Premature end of file.
2025-01-09 14:53:00,665 [ERROR] LogOutputStream:75 - [STDERR_REDIRECT] 
2025-01-09 14:53:01,652 [ERROR] LogOutputStream:75 - [STDERR_REDIRECT] [Fatal Error] :1:1: Premature end of file.
2025-01-09 14:53:01,652 [ERROR] LogOutputStream:75 - [STDERR_REDIRECT] 
2025-01-09 14:53:02,665 [ERROR] LogOutputStream:75 - [STDERR_REDIRECT] [Fatal Error] :1:1: Premature end of file.
2025-01-09 14:53:02,665 [ERROR] LogOutputStream:75 - [STDERR_REDIRECT] 
2025-01-09 14:53:03,647 [ERROR] LogOutputStream:75 - [STDERR_REDIRECT] [Fatal Error] :1:1: Premature end of file.
2025-01-09 14:53:03,647 [ERROR] LogOutputStream:75 - [STDERR_REDIRECT] 
2025-01-09 14:53:04,654 [ERROR] LogOutputStream:75 - [STDERR_REDIRECT] [Fatal Error] :1:1: Premature end of file.
2025-01-09 14:53:04,654 [ERROR] LogOutputStream:75 - [STDERR_REDIRECT] 
2025-01-09 14:53:05,656 [ERROR] LogOutputStream:75 - [STDERR_REDIRECT] [Fatal Error] :1:1: Premature end of file.
2025-01-09 14:53:05,656 [ERROR] LogOutputStream:75 - [STDERR_REDIRECT] 
2025-01-09 14:53:06,660 [ERROR] LogOutputStream:75 - [STDERR_REDIRECT] [Fatal Error] :1:1: Premature end of file.
2025-01-09 14:53:06,660 [ERROR] LogOutputStream:75 - [STDERR_REDIRECT] 
2025-01-09 14:53:07,656 [ERROR] LogOutputStream:75 - [STDERR_REDIRECT] [Fatal Error] :1:1: Premature end of file.
2025-01-09 14:53:07,656 [ERROR] LogOutputStream:75 - [STDERR_REDIRECT] 
2025-01-09 14:53:08,648 [ERROR] LogOutputStream:75 - [STDERR_REDIRECT] [Fatal Error] :1:1: Premature end of file.
2025-01-09 14:53:08,648 [ERROR] LogOutputStream:75 - [STDERR_REDIRECT] 
2025-01-09 14:53:09,652 [ERROR] LogOutputStream:75 - [STDERR_REDIRECT] [Fatal Error] :1:1: Premature end of file.
2025-01-09 14:53:09,652 [ERROR] LogOutputStream:75 - [STDERR_REDIRECT] 
2025-01-09 14:53:10,651 [ERROR] LogOutputStream:75 - [STDERR_REDIRECT] [Fatal Error] :1:1: Premature end of file.
2025-01-09 14:53:10,651 [ERROR] LogOutputStream:75 - [STDERR_REDIRECT] 
2025-01-09 14:53:11,648 [ERROR] LogOutputStream:75 - [STDERR_REDIRECT] [Fatal Error] :1:1: Premature end of file.
2025-01-09 14:53:11,648 [ERROR] LogOutputStream:75 - [STDERR_REDIRECT] 
2025-01-09 14:53:12,658 [ERROR] LogOutputStream:75 - [STDERR_REDIRECT] [Fatal Error] :1:1: Premature end of file.
2025-01-09 14:53:12,658 [ERROR] LogOutputStream:75 - [STDERR_REDIRECT] 
2025-01-09 14:53:13,653 [ERROR] LogOutputStream:75 - [STDERR_REDIRECT] [Fatal Error] :1:1: Premature end of file.
2025-01-09 14:53:13,653 [ERROR] LogOutputStream:75 - [STDERR_REDIRECT] 
2025-01-09 14:53:14,661 [ERROR] LogOutputStream:75 - [STDERR_REDIRECT] [Fatal Error] :1:1: Premature end of file.
2025-01-09 14:53:14,661 [ERROR] LogOutputStream:75 - [STDERR_REDIRECT] 
2025-01-09 14:53:15,648 [ERROR] LogOutputStream:75 - [STDERR_REDIRECT] [Fatal Error] :1:1: Premature end of file.
2025-01-09 14:53:15,648 [ERROR] LogOutputStream:75 - [STDERR_REDIRECT] 
2025-01-09 14:53:16,654 [ERROR] LogOutputStream:75 - [STDERR_REDIRECT] [Fatal Error] :1:1: Premature end of file.
2025-01-09 14:53:16,654 [ERROR] LogOutputStream:75 - [STDERR_REDIRECT] 
2025-01-09 14:53:17,645 [ERROR] LogOutputStream:75 - [STDERR_REDIRECT] [Fatal Error] :1:1: Premature end of file.
2025-01-09 14:53:17,645 [ERROR] LogOutputStream:75 - [STDERR_REDIRECT] 
2025-01-09 14:53:18,653 [ERROR] LogOutputStream:75 - [STDERR_REDIRECT] [Fatal Error] :1:1: Premature end of file.
2025-01-09 14:53:18,653 [ERROR] LogOutputStream:75 - [STDERR_REDIRECT] 
2025-01-09 14:53:19,644 [ERROR] LogOutputStream:75 - [STDERR_REDIRECT] [Fatal Error] :1:1: Premature end of file.
2025-01-09 14:53:19,644 [ERROR] LogOutputStream:75 - [STDERR_REDIRECT] 
2025-01-09 14:53:20,651 [ERROR] LogOutputStream:75 - [STDERR_REDIRECT] [Fatal Error] :1:1: Premature end of file.
2025-01-09 14:53:20,651 [ERROR] LogOutputStream:75 - [STDERR_REDIRECT] 
2025-01-09 14:53:21,646 [ERROR] LogOutputStream:75 - [STDERR_REDIRECT] [Fatal Error] :1:1: Premature end of file.
2025-01-09 14:53:21,646 [ERROR] LogOutputStream:75 - [STDERR_REDIRECT] 
2025-01-09 14:53:22,655 [ERROR] LogOutputStream:75 - [STDERR_REDIRECT] [Fatal Error] :1:1: Premature end of file.
2025-01-09 14:53:22,655 [ERROR] LogOutputStream:75 - [STDERR_REDIRECT] 
2025-01-09 14:53:23,653 [ERROR] LogOutputStream:75 - [STDERR_REDIRECT] [Fatal Error] :1:1: Premature end of file.
2025-01-09 14:53:23,653 [ERROR] LogOutputStream:75 - [STDERR_REDIRECT] 
2025-01-09 14:53:24,662 [ERROR] LogOutputStream:75 - [STDERR_REDIRECT] [Fatal Error] :1:1: Premature end of file.
2025-01-09 14:53:24,662 [ERROR] LogOutputStream:75 - [STDERR_REDIRECT] 
2025-01-09 14:53:25,651 [ERROR] LogOutputStream:75 - [STDERR_REDIRECT] [Fatal Error] :1:1: Premature end of file.
2025-01-09 14:53:25,651 [ERROR] LogOutputStream:75 - [STDERR_REDIRECT] 
2025-01-09 14:53:26,654 [ERROR] LogOutputStream:75 - [STDERR_REDIRECT] [Fatal Error] :1:1: Premature end of file.
2025-01-09 14:53:26,654 [ERROR] LogOutputStream:75 - [STDERR_REDIRECT] 
2025-01-09 14:53:27,645 [ERROR] LogOutputStream:75 - [STDERR_REDIRECT] [Fatal Error] :1:1: Premature end of file.
2025-01-09 14:53:27,645 [ERROR] LogOutputStream:75 - [STDERR_REDIRECT] 
2025-01-09 14:53:28,652 [ERROR] LogOutputStream:75 - [STDERR_REDIRECT] [Fatal Error] :1:1: Premature end of file.
2025-01-09 14:53:28,652 [ERROR] LogOutputStream:75 - [STDERR_REDIRECT] 
2025-01-09 14:53:29,643 [ERROR] LogOutputStream:75 - [STDERR_REDIRECT] [Fatal Error] :1:1: Premature end of file.
2025-01-09 14:53:29,643 [ERROR] LogOutputStream:75 - [STDERR_REDIRECT] 
2025-01-09 14:53:30,657 [ERROR] LogOutputStream:75 - [STDERR_REDIRECT] [Fatal Error] :1:1: Premature end of file.
2025-01-09 14:53:30,657 [ERROR] LogOutputStream:75 - [STDERR_REDIRECT] 
2025-01-09 14:53:31,650 [ERROR] LogOutputStream:75 - [STDERR_REDIRECT] [Fatal Error] :1:1: Premature end of file.
2025-01-09 14:53:31,650 [ERROR] LogOutputStream:75 - [STDERR_REDIRECT] 
2025-01-09 14:53:32,649 [ERROR] LogOutputStream:75 - [STDERR_REDIRECT] [Fatal Error] :1:1: Premature end of file.
2025-01-09 14:53:32,649 [ERROR] LogOutputStream:75 - [STDERR_REDIRECT] 
2025-01-09 14:53:33,656 [ERROR] LogOutputStream:75 - [STDERR_REDIRECT] [Fatal Error] :1:1: Premature end of file.
2025-01-09 14:53:33,656 [ERROR] LogOutputStream:75 - [STDERR_REDIRECT] 
2025-01-09 14:53:34,658 [ERROR] LogOutputStream:75 - [STDERR_REDIRECT] [Fatal Error] :1:1: Premature end of file.
2025-01-09 14:53:34,658 [ERROR] LogOutputStream:75 - [STDERR_REDIRECT] 
2025-01-09 14:53:35,641 [ERROR] LogOutputStream:75 - [STDERR_REDIRECT] [Fatal Error] :1:1: Premature end of file.
2025-01-09 14:53:35,641 [ERROR] LogOutputStream:75 - [STDERR_REDIRECT] 
2025-01-09 14:53:36,654 [ERROR] LogOutputStream:75 - [STDERR_REDIRECT] [Fatal Error] :1:1: Premature end of file.
2025-01-09 14:53:36,654 [ERROR] LogOutputStream:75 - [STDERR_REDIRECT] 
2025-01-09 14:53:37,654 [ERROR] LogOutputStream:75 - [STDERR_REDIRECT] [Fatal Error] :1:1: Premature end of file.
2025-01-09 14:53:37,654 [ERROR] LogOutputStream:75 - [STDERR_REDIRECT] 
2025-01-09 14:53:38,650 [ERROR] LogOutputStream:75 - [STDERR_REDIRECT] [Fatal Error] :1:1: Premature end of file.
2025-01-09 14:53:38,650 [ERROR] LogOutputStream:75 - [STDERR_REDIRECT] 
2025-01-09 14:53:39,656 [ERROR] LogOutputStream:75 - [STDERR_REDIRECT] [Fatal Error] :1:1: Premature end of file.
2025-01-09 14:53:39,656 [ERROR] LogOutputStream:75 - [STDERR_REDIRECT] 
2025-01-09 14:53:40,643 [ERROR] LogOutputStream:75 - [STDERR_REDIRECT] [Fatal Error] :1:1: Premature end of file.
2025-01-09 14:53:40,643 [ERROR] LogOutputStream:75 - [STDERR_REDIRECT] 
2025-01-09 14:53:41,655 [ERROR] LogOutputStream:75 - [STDERR_REDIRECT] [Fatal Error] :1:1: Premature end of file.
2025-01-09 14:53:41,655 [ERROR] LogOutputStream:75 - [STDERR_REDIRECT] 
2025-01-09 14:53:42,647 [ERROR] LogOutputStream:75 - [STDERR_REDIRECT] [Fatal Error] :1:1: Premature end of file.
2025-01-09 14:53:42,647 [ERROR] LogOutputStream:75 - [STDERR_REDIRECT] 
2025-01-09 14:53:43,126 [INFO] WebApp:190 - Connection lost
2025-01-09 14:53:43,648 [ERROR] LogOutputStream:75 - [STDERR_REDIRECT] [Fatal Error] :1:1: Premature end of file.
2025-01-09 14:53:43,648 [ERROR] LogOutputStream:75 - [STDERR_REDIRECT] 
2025-01-09 14:53:44,444 [INFO] WebApp:187 - Connection restablished
2025-01-09 14:53:44,661 [ERROR] LogOutputStream:75 - [STDERR_REDIRECT] [Fatal Error] :1:1: Premature end of file.
2025-01-09 14:53:44,661 [ERROR] LogOutputStream:75 - [STDERR_REDIRECT] 
2025-01-09 14:53:45,653 [ERROR] LogOutputStream:75 - [STDERR_REDIRECT] [Fatal Error] :1:1: Premature end of file.
2025-01-09 14:53:45,653 [ERROR] LogOutputStream:75 - [STDERR_REDIRECT] 
2025-01-09 14:53:46,653 [ERROR] LogOutputStream:75 - [STDERR_REDIRECT] [Fatal Error] :1:1: Premature end of file.
2025-01-09 14:53:46,653 [ERROR] LogOutputStream:75 - [STDERR_REDIRECT] 
2025-01-09 14:53:47,651 [ERROR] LogOutputStream:75 - [STDERR_REDIRECT] [Fatal Error] :1:1: Premature end of file.
2025-01-09 14:53:47,651 [ERROR] LogOutputStream:75 - [STDERR_REDIRECT] 
2025-01-09 14:53:48,655 [ERROR] LogOutputStream:75 - [STDERR_REDIRECT] [Fatal Error] :1:1: Premature end of file.
2025-01-09 14:53:48,655 [ERROR] LogOutputStream:75 - [STDERR_REDIRECT] 
2025-01-09 14:53:49,654 [ERROR] LogOutputStream:75 - [STDERR_REDIRECT] [Fatal Error] :1:1: Premature end of file.
2025-01-09 14:53:49,654 [ERROR] LogOutputStream:75 - [STDERR_REDIRECT] 
2025-01-09 14:53:50,662 [ERROR] LogOutputStream:75 - [STDERR_REDIRECT] [Fatal Error] :1:1: Premature end of file.
2025-01-09 14:53:50,662 [ERROR] LogOutputStream:75 - [STDERR_REDIRECT] 
2025-01-09 14:53:51,648 [ERROR] LogOutputStream:75 - [STDERR_REDIRECT] [Fatal Error] :1:1: Premature end of file.
2025-01-09 14:53:51,648 [ERROR] LogOutputStream:75 - [STDERR_REDIRECT] 
2025-01-09 14:53:52,655 [ERROR] LogOutputStream:75 - [STDERR_REDIRECT] [Fatal Error] :1:1: Premature end of file.
2025-01-09 14:53:52,655 [ERROR] LogOutputStream:75 - [STDERR_REDIRECT] 
2025-01-09 14:53:53,648 [ERROR] LogOutputStream:75 - [STDERR_REDIRECT] [Fatal Error] :1:1: Premature end of file.
2025-01-09 14:53:53,648 [ERROR] LogOutputStream:75 - [STDERR_REDIRECT] 
2025-01-09 14:53:54,661 [ERROR] LogOutputStream:75 - [STDERR_REDIRECT] [Fatal Error] :1:1: Premature end of file.
2025-01-09 14:53:54,661 [ERROR] LogOutputStream:75 - [STDERR_REDIRECT] 
2025-01-09 14:53:55,655 [ERROR] LogOutputStream:75 - [STDERR_REDIRECT] [Fatal Error] :1:1: Premature end of file.
2025-01-09 14:53:55,655 [ERROR] LogOutputStream:75 - [STDERR_REDIRECT] 
2025-01-09 14:53:56,659 [ERROR] LogOutputStream:75 - [STDERR_REDIRECT] [Fatal Error] :1:1: Premature end of file.
2025-01-09 14:53:56,659 [ERROR] LogOutputStream:75 - [STDERR_REDIRECT] 
2025-01-09 14:53:57,648 [ERROR] LogOutputStream:75 - [STDERR_REDIRECT] [Fatal Error] :1:1: Premature end of file.
2025-01-09 14:53:57,652 [ERROR] LogOutputStream:75 - [STDERR_REDIRECT] 
2025-01-09 14:53:58,649 [ERROR] LogOutputStream:75 - [STDERR_REDIRECT] [Fatal Error] :1:1: Premature end of file.
2025-01-09 14:53:58,649 [ERROR] LogOutputStream:75 - [STDERR_REDIRECT] 
2025-01-09 14:53:59,662 [ERROR] LogOutputStream:75 - [STDERR_REDIRECT] [Fatal Error] :1:1: Premature end of file.
2025-01-09 14:53:59,662 [ERROR] LogOutputStream:75 - [STDERR_REDIRECT] 
2025-01-09 14:54:00,662 [ERROR] LogOutputStream:75 - [STDERR_REDIRECT] [Fatal Error] :1:1: Premature end of file.
2025-01-09 14:54:00,662 [ERROR] LogOutputStream:75 - [STDERR_REDIRECT] 
2025-01-09 14:54:01,643 [ERROR] LogOutputStream:75 - [STDERR_REDIRECT] [Fatal Error] :1:1: Premature end of file.
2025-01-09 14:54:01,643 [ERROR] LogOutputStream:75 - [STDERR_REDIRECT] 
2025-01-09 14:54:02,107 [INFO] WebApp:190 - Connection lost
2025-01-09 14:54:02,388 [INFO] WebApp:187 - Connection restablished
2025-01-09 14:54:02,644 [ERROR] LogOutputStream:75 - [STDERR_REDIRECT] [Fatal Error] :1:1: Premature end of file.
2025-01-09 14:54:02,644 [ERROR] LogOutputStream:75 - [STDERR_REDIRECT] 
2025-01-09 14:54:03,653 [ERROR] LogOutputStream:75 - [STDERR_REDIRECT] [Fatal Error] :1:1: Premature end of file.
2025-01-09 14:54:03,653 [ERROR] LogOutputStream:75 - [STDERR_REDIRECT] 
2025-01-09 14:54:04,658 [ERROR] LogOutputStream:75 - [STDERR_REDIRECT] [Fatal Error] :1:1: Premature end of file.
2025-01-09 14:54:04,658 [ERROR] LogOutputStream:75 - [STDERR_REDIRECT] 
2025-01-09 14:54:05,662 [ERROR] LogOutputStream:75 - [STDERR_REDIRECT] [Fatal Error] :1:1: Premature end of file.
2025-01-09 14:54:05,662 [ERROR] LogOutputStream:75 - [STDERR_REDIRECT] 
2025-01-09 14:54:06,647 [ERROR] LogOutputStream:75 - [STDERR_REDIRECT] [Fatal Error] :1:1: Premature end of file.
2025-01-09 14:54:06,647 [ERROR] LogOutputStream:75 - [STDERR_REDIRECT] 
2025-01-09 14:54:07,661 [ERROR] LogOutputStream:75 - [STDERR_REDIRECT] [Fatal Error] :1:1: Premature end of file.
2025-01-09 14:54:07,661 [ERROR] LogOutputStream:75 - [STDERR_REDIRECT] 
2025-01-09 14:54:08,646 [ERROR] LogOutputStream:75 - [STDERR_REDIRECT] [Fatal Error] :1:1: Premature end of file.
2025-01-09 14:54:08,646 [ERROR] LogOutputStream:75 - [STDERR_REDIRECT] 
2025-01-09 14:54:09,655 [ERROR] LogOutputStream:75 - [STDERR_REDIRECT] [Fatal Error] :1:1: Premature end of file.
2025-01-09 14:54:09,655 [ERROR] LogOutputStream:75 - [STDERR_REDIRECT] 
2025-01-09 14:54:10,650 [ERROR] LogOutputStream:75 - [STDERR_REDIRECT] [Fatal Error] :1:1: Premature end of file.
2025-01-09 14:54:10,650 [ERROR] LogOutputStream:75 - [STDERR_REDIRECT] 
2025-01-09 14:54:11,659 [ERROR] LogOutputStream:75 - [STDERR_REDIRECT] [Fatal Error] :1:1: Premature end of file.
2025-01-09 14:54:11,659 [ERROR] LogOutputStream:75 - [STDERR_REDIRECT] 
2025-01-09 14:54:12,656 [ERROR] LogOutputStream:75 - [STDERR_REDIRECT] [Fatal Error] :1:1: Premature end of file.
2025-01-09 14:54:12,656 [ERROR] LogOutputStream:75 - [STDERR_REDIRECT] 
2025-01-09 14:54:13,666 [ERROR] LogOutputStream:75 - [STDERR_REDIRECT] [Fatal Error] :1:1: Premature end of file.
2025-01-09 14:54:13,666 [ERROR] LogOutputStream:75 - [STDERR_REDIRECT] 
2025-01-09 14:54:14,653 [ERROR] LogOutputStream:75 - [STDERR_REDIRECT] [Fatal Error] :1:1: Premature end of file.
2025-01-09 14:54:14,653 [ERROR] LogOutputStream:75 - [STDERR_REDIRECT] 
2025-01-09 14:54:15,643 [ERROR] LogOutputStream:75 - [STDERR_REDIRECT] [Fatal Error] :1:1: Premature end of file.
2025-01-09 14:54:15,643 [ERROR] LogOutputStream:75 - [STDERR_REDIRECT] 
2025-01-09 14:54:16,657 [ERROR] LogOutputStream:75 - [STDERR_REDIRECT] [Fatal Error] :1:1: Premature end of file.
2025-01-09 14:54:16,657 [ERROR] LogOutputStream:75 - [STDERR_REDIRECT] 
2025-01-09 14:54:17,649 [ERROR] LogOutputStream:75 - [STDERR_REDIRECT] [Fatal Error] :1:1: Premature end of file.
2025-01-09 14:54:17,649 [ERROR] LogOutputStream:75 - [STDERR_REDIRECT] 
2025-01-09 14:54:18,658 [ERROR] LogOutputStream:75 - [STDERR_REDIRECT] [Fatal Error] :1:1: Premature end of file.
2025-01-09 14:54:18,658 [ERROR] LogOutputStream:75 - [STDERR_REDIRECT] 
2025-01-09 14:54:19,651 [ERROR] LogOutputStream:75 - [STDERR_REDIRECT] [Fatal Error] :1:1: Premature end of file.
2025-01-09 14:54:19,651 [ERROR] LogOutputStream:75 - [STDERR_REDIRECT] 
2025-01-09 14:54:22,638 [ERROR] LogOutputStream:75 - [STDERR_REDIRECT] [Fatal Error] :1:1: Premature end of file.
2025-01-09 14:54:22,638 [ERROR] LogOutputStream:75 - [STDERR_REDIRECT] 
2025-01-09 14:54:22,668 [ERROR] LogOutputStream:75 - [STDERR_REDIRECT] [Fatal Error] :1:1: Premature end of file.
2025-01-09 14:54:22,668 [ERROR] LogOutputStream:75 - [STDERR_REDIRECT] 
2025-01-09 14:54:22,694 [ERROR] LogOutputStream:75 - [STDERR_REDIRECT] [Fatal Error] :1:1: Premature end of file.
2025-01-09 14:54:22,694 [ERROR] LogOutputStream:75 - [STDERR_REDIRECT] 
2025-01-09 15:10:08,261 [ERROR] LogOutputStream:75 - [STDERR_REDIRECT] [Fatal Error] :1:1: Premature end of file.
2025-01-09 15:10:08,263 [ERROR] LogOutputStream:75 - [STDERR_REDIRECT] 
2025-01-09 15:10:08,368 [ERROR] LogOutputStream:75 - [STDERR_REDIRECT] [Fatal Error] :1:1: Premature end of file.
2025-01-09 15:10:08,368 [ERROR] LogOutputStream:75 - [STDERR_REDIRECT] 
2025-01-09 15:10:08,577 [ERROR] LogOutputStream:75 - [STDERR_REDIRECT] [Fatal Error] :1:1: Premature end of file.
2025-01-09 15:10:08,577 [ERROR] LogOutputStream:75 - [STDERR_REDIRECT] 
2025-01-09 15:10:08,705 [ERROR] LogOutputStream:75 - [STDERR_REDIRECT] [Fatal Error] :1:1: Premature end of file.
2025-01-09 15:10:08,705 [ERROR] LogOutputStream:75 - [STDERR_REDIRECT] 
2025-01-09 15:10:08,805 [ERROR] LogOutputStream:75 - [STDERR_REDIRECT] [Fatal Error] :1:1: Premature end of file.
2025-01-09 15:10:08,805 [ERROR] LogOutputStream:75 - [STDERR_REDIRECT] 
2025-01-09 15:10:08,893 [ERROR] LogOutputStream:75 - [STDERR_REDIRECT] [Fatal Error] :1:1: Premature end of file.
2025-01-09 15:10:08,893 [ERROR] LogOutputStream:75 - [STDERR_REDIRECT] 
2025-01-09 15:10:08,928 [ERROR] LogOutputStream:75 - [STDERR_REDIRECT] [Fatal Error] :1:1: Premature end of file.
2025-01-09 15:10:08,928 [ERROR] LogOutputStream:75 - [STDERR_REDIRECT] 
2025-01-09 15:10:08,966 [ERROR] LogOutputStream:75 - [STDERR_REDIRECT] [Fatal Error] :1:1: Premature end of file.
2025-01-09 15:10:08,966 [ERROR] LogOutputStream:75 - [STDERR_REDIRECT] 
2025-01-09 15:10:09,014 [ERROR] LogOutputStream:75 - [STDERR_REDIRECT] [Fatal Error] :1:1: Premature end of file.
2025-01-09 15:10:09,014 [ERROR] LogOutputStream:75 - [STDERR_REDIRECT] 
2025-01-09 15:10:09,098 [ERROR] LogOutputStream:75 - [STDERR_REDIRECT] [Fatal Error] :1:1: Premature end of file.
2025-01-09 15:10:09,098 [ERROR] LogOutputStream:75 - [STDERR_REDIRECT] 
2025-01-09 15:10:09,176 [ERROR] LogOutputStream:75 - [STDERR_REDIRECT] [Fatal Error] :1:1: Premature end of file.
2025-01-09 15:10:09,176 [ERROR] LogOutputStream:75 - [STDERR_REDIRECT] 
2025-01-09 15:10:09,237 [ERROR] LogOutputStream:75 - [STDERR_REDIRECT] [Fatal Error] :1:1: Premature end of file.
2025-01-09 15:10:09,237 [ERROR] LogOutputStream:75 - [STDERR_REDIRECT] 
2025-01-09 15:10:09,266 [ERROR] LogOutputStream:75 - [STDERR_REDIRECT] [Fatal Error] :1:1: Premature end of file.
2025-01-09 15:10:09,266 [ERROR] LogOutputStream:75 - [STDERR_REDIRECT] 
2025-01-09 15:10:09,293 [ERROR] LogOutputStream:75 - [STDERR_REDIRECT] [Fatal Error] :1:1: Premature end of file.
2025-01-09 15:10:09,293 [ERROR] LogOutputStream:75 - [STDERR_REDIRECT] 
2025-01-09 15:10:09,318 [ERROR] LogOutputStream:75 - [STDERR_REDIRECT] [Fatal Error] :1:1: Premature end of file.
2025-01-09 15:10:09,320 [ERROR] LogOutputStream:75 - [STDERR_REDIRECT] 
2025-01-09 15:10:09,348 [ERROR] LogOutputStream:75 - [STDERR_REDIRECT] [Fatal Error] :1:1: Premature end of file.
2025-01-09 15:10:09,348 [ERROR] LogOutputStream:75 - [STDERR_REDIRECT] 
2025-01-09 15:10:09,373 [ERROR] LogOutputStream:75 - [STDERR_REDIRECT] [Fatal Error] :1:1: Premature end of file.
2025-01-09 15:10:09,373 [ERROR] LogOutputStream:75 - [STDERR_REDIRECT] 
2025-01-09 15:10:09,389 [ERROR] LogOutputStream:75 - [STDERR_REDIRECT] [Fatal Error] :1:1: Premature end of file.
2025-01-09 15:10:09,389 [ERROR] LogOutputStream:75 - [STDERR_REDIRECT] 
2025-01-09 15:10:09,423 [ERROR] LogOutputStream:75 - [STDERR_REDIRECT] [Fatal Error] :1:1: Premature end of file.
2025-01-09 15:10:09,423 [ERROR] LogOutputStream:75 - [STDERR_REDIRECT] 
2025-01-09 15:10:09,437 [ERROR] LogOutputStream:75 - [STDERR_REDIRECT] [Fatal Error] :1:1: Premature end of file.
2025-01-09 15:10:09,437 [ERROR] LogOutputStream:75 - [STDERR_REDIRECT] 
2025-01-09 15:10:09,453 [ERROR] LogOutputStream:75 - [STDERR_REDIRECT] [Fatal Error] :1:1: Premature end of file.
2025-01-09 15:10:09,453 [ERROR] LogOutputStream:75 - [STDERR_REDIRECT] 
2025-01-09 15:10:09,469 [ERROR] LogOutputStream:75 - [STDERR_REDIRECT] [Fatal Error] :1:1: Premature end of file.
2025-01-09 15:10:09,469 [ERROR] LogOutputStream:75 - [STDERR_REDIRECT] 
2025-01-09 15:10:09,501 [ERROR] LogOutputStream:75 - [STDERR_REDIRECT] [Fatal Error] :1:1: Premature end of file.
2025-01-09 15:10:09,501 [ERROR] LogOutputStream:75 - [STDERR_REDIRECT] 
2025-01-09 15:10:09,517 [ERROR] LogOutputStream:75 - [STDERR_REDIRECT] [Fatal Error] :1:1: Premature end of file.
2025-01-09 15:10:09,517 [ERROR] LogOutputStream:75 - [STDERR_REDIRECT] 
2025-01-09 15:10:09,537 [ERROR] LogOutputStream:75 - [STDERR_REDIRECT] [Fatal Error] :1:1: Premature end of file.
2025-01-09 15:10:09,537 [ERROR] LogOutputStream:75 - [STDERR_REDIRECT] 
2025-01-09 15:10:09,548 [ERROR] LogOutputStream:75 - [STDERR_REDIRECT] [Fatal Error] :1:1: Premature end of file.
2025-01-09 15:10:09,548 [ERROR] LogOutputStream:75 - [STDERR_REDIRECT] 
2025-01-09 15:10:09,580 [ERROR] LogOutputStream:75 - [STDERR_REDIRECT] [Fatal Error] :1:1: Premature end of file.
2025-01-09 15:10:09,580 [ERROR] LogOutputStream:75 - [STDERR_REDIRECT] 
2025-01-09 15:10:09,596 [ERROR] LogOutputStream:75 - [STDERR_REDIRECT] [Fatal Error] :1:1: Premature end of file.
2025-01-09 15:10:09,596 [ERROR] LogOutputStream:75 - [STDERR_REDIRECT] 
2025-01-09 15:10:09,612 [ERROR] LogOutputStream:75 - [STDERR_REDIRECT] [Fatal Error] :1:1: Premature end of file.
2025-01-09 15:10:09,612 [ERROR] LogOutputStream:75 - [STDERR_REDIRECT] 
2025-01-09 15:10:09,644 [ERROR] LogOutputStream:75 - [STDERR_REDIRECT] [Fatal Error] :1:1: Premature end of file.
2025-01-09 15:10:09,644 [ERROR] LogOutputStream:75 - [STDERR_REDIRECT] 
2025-01-09 15:10:09,660 [ERROR] LogOutputStream:75 - [STDERR_REDIRECT] [Fatal Error] :1:1: Premature end of file.
2025-01-09 15:10:09,660 [ERROR] LogOutputStream:75 - [STDERR_REDIRECT] 
2025-01-09 15:10:09,675 [ERROR] LogOutputStream:75 - [STDERR_REDIRECT] [Fatal Error] :1:1: Premature end of file.
2025-01-09 15:10:09,675 [ERROR] LogOutputStream:75 - [STDERR_REDIRECT] 
2025-01-09 15:10:09,707 [ERROR] LogOutputStream:75 - [STDERR_REDIRECT] [Fatal Error] :1:1: Premature end of file.
2025-01-09 15:10:09,707 [ERROR] LogOutputStream:75 - [STDERR_REDIRECT] 
2025-01-09 15:10:09,723 [ERROR] LogOutputStream:75 - [STDERR_REDIRECT] [Fatal Error] :1:1: Premature end of file.
2025-01-09 15:10:09,723 [ERROR] LogOutputStream:75 - [STDERR_REDIRECT] 
2025-01-09 15:10:09,739 [ERROR] LogOutputStream:75 - [STDERR_REDIRECT] [Fatal Error] :1:1: Premature end of file.
2025-01-09 15:10:09,739 [ERROR] LogOutputStream:75 - [STDERR_REDIRECT] 
2025-01-09 15:10:09,771 [ERROR] LogOutputStream:75 - [STDERR_REDIRECT] [Fatal Error] :1:1: Premature end of file.
2025-01-09 15:10:09,771 [ERROR] LogOutputStream:75 - [STDERR_REDIRECT] 
2025-01-09 15:10:09,786 [ERROR] LogOutputStream:75 - [STDERR_REDIRECT] [Fatal Error] :1:1: Premature end of file.
2025-01-09 15:10:09,786 [ERROR] LogOutputStream:75 - [STDERR_REDIRECT] 
2025-01-09 15:10:09,802 [ERROR] LogOutputStream:75 - [STDERR_REDIRECT] [Fatal Error] :1:1: Premature end of file.
2025-01-09 15:10:09,802 [ERROR] LogOutputStream:75 - [STDERR_REDIRECT] 
2025-01-09 15:10:09,834 [ERROR] LogOutputStream:75 - [STDERR_REDIRECT] [Fatal Error] :1:1: Premature end of file.
2025-01-09 15:10:09,834 [ERROR] LogOutputStream:75 - [STDERR_REDIRECT] 
2025-01-09 15:10:09,849 [ERROR] LogOutputStream:75 - [STDERR_REDIRECT] [Fatal Error] :1:1: Premature end of file.
2025-01-09 15:10:09,849 [ERROR] LogOutputStream:75 - [STDERR_REDIRECT] 
2025-01-09 15:10:09,876 [ERROR] LogOutputStream:75 - [STDERR_REDIRECT] [Fatal Error] :1:1: Premature end of file.
2025-01-09 15:10:09,876 [ERROR] LogOutputStream:75 - [STDERR_REDIRECT] 
2025-01-09 15:10:09,899 [ERROR] LogOutputStream:75 - [STDERR_REDIRECT] [Fatal Error] :1:1: Premature end of file.
2025-01-09 15:10:09,899 [ERROR] LogOutputStream:75 - [STDERR_REDIRECT] 
2025-01-09 15:10:09,912 [ERROR] LogOutputStream:75 - [STDERR_REDIRECT] [Fatal Error] :1:1: Premature end of file.
2025-01-09 15:10:09,912 [ERROR] LogOutputStream:75 - [STDERR_REDIRECT] 
2025-01-09 15:10:09,944 [ERROR] LogOutputStream:75 - [STDERR_REDIRECT] [Fatal Error] :1:1: Premature end of file.
2025-01-09 15:10:09,944 [ERROR] LogOutputStream:75 - [STDERR_REDIRECT] 
2025-01-09 15:10:09,961 [ERROR] LogOutputStream:75 - [STDERR_REDIRECT] [Fatal Error] :1:1: Premature end of file.
2025-01-09 15:10:09,961 [ERROR] LogOutputStream:75 - [STDERR_REDIRECT] 
2025-01-09 15:10:09,975 [ERROR] LogOutputStream:75 - [STDERR_REDIRECT] [Fatal Error] :1:1: Premature end of file.
2025-01-09 15:10:09,975 [ERROR] LogOutputStream:75 - [STDERR_REDIRECT] 
2025-01-09 15:10:10,007 [ERROR] LogOutputStream:75 - [STDERR_REDIRECT] [Fatal Error] :1:1: Premature end of file.
2025-01-09 15:10:10,007 [ERROR] LogOutputStream:75 - [STDERR_REDIRECT] 
2025-01-09 15:10:10,039 [ERROR] LogOutputStream:75 - [STDERR_REDIRECT] [Fatal Error] :1:1: Premature end of file.
2025-01-09 15:10:10,039 [ERROR] LogOutputStream:75 - [STDERR_REDIRECT] 
2025-01-09 15:10:10,055 [ERROR] LogOutputStream:75 - [STDERR_REDIRECT] [Fatal Error] :1:1: Premature end of file.
2025-01-09 15:10:10,055 [ERROR] LogOutputStream:75 - [STDERR_REDIRECT] 
2025-01-09 15:10:10,086 [ERROR] LogOutputStream:75 - [STDERR_REDIRECT] [Fatal Error] :1:1: Premature end of file.
2025-01-09 15:10:10,086 [ERROR] LogOutputStream:75 - [STDERR_REDIRECT] 
2025-01-09 15:10:10,102 [ERROR] LogOutputStream:75 - [STDERR_REDIRECT] [Fatal Error] :1:1: Premature end of file.
2025-01-09 15:10:10,102 [ERROR] LogOutputStream:75 - [STDERR_REDIRECT] 
2025-01-09 15:10:10,118 [ERROR] LogOutputStream:75 - [STDERR_REDIRECT] [Fatal Error] :1:1: Premature end of file.
2025-01-09 15:10:10,118 [ERROR] LogOutputStream:75 - [STDERR_REDIRECT] 
2025-01-09 15:10:10,137 [ERROR] LogOutputStream:75 - [STDERR_REDIRECT] [Fatal Error] :1:1: Premature end of file.
2025-01-09 15:10:10,137 [ERROR] LogOutputStream:75 - [STDERR_REDIRECT] 
2025-01-09 15:10:10,166 [ERROR] LogOutputStream:75 - [STDERR_REDIRECT] [Fatal Error] :1:1: Premature end of file.
2025-01-09 15:10:10,166 [ERROR] LogOutputStream:75 - [STDERR_REDIRECT] 
2025-01-09 15:10:10,182 [ERROR] LogOutputStream:75 - [STDERR_REDIRECT] [Fatal Error] :1:1: Premature end of file.
2025-01-09 15:10:10,182 [ERROR] LogOutputStream:75 - [STDERR_REDIRECT] 
2025-01-09 15:10:10,197 [ERROR] LogOutputStream:75 - [STDERR_REDIRECT] [Fatal Error] :1:1: Premature end of file.
2025-01-09 15:10:10,197 [ERROR] LogOutputStream:75 - [STDERR_REDIRECT] 
2025-01-09 15:10:10,213 [ERROR] LogOutputStream:75 - [STDERR_REDIRECT] [Fatal Error] :1:1: Premature end of file.
2025-01-09 15:10:10,213 [ERROR] LogOutputStream:75 - [STDERR_REDIRECT] 
2025-01-09 15:10:10,245 [ERROR] LogOutputStream:75 - [STDERR_REDIRECT] [Fatal Error] :1:1: Premature end of file.
2025-01-09 15:10:10,245 [ERROR] LogOutputStream:75 - [STDERR_REDIRECT] 
2025-01-09 15:10:10,261 [ERROR] LogOutputStream:75 - [STDERR_REDIRECT] [Fatal Error] :1:1: Premature end of file.
2025-01-09 15:10:10,261 [ERROR] LogOutputStream:75 - [STDERR_REDIRECT] 
2025-01-09 15:10:10,277 [ERROR] LogOutputStream:75 - [STDERR_REDIRECT] [Fatal Error] :1:1: Premature end of file.
2025-01-09 15:10:10,277 [ERROR] LogOutputStream:75 - [STDERR_REDIRECT] 
2025-01-09 15:10:10,293 [ERROR] LogOutputStream:75 - [STDERR_REDIRECT] [Fatal Error] :1:1: Premature end of file.
2025-01-09 15:10:10,293 [ERROR] LogOutputStream:75 - [STDERR_REDIRECT] 
2025-01-09 15:10:10,325 [ERROR] LogOutputStream:75 - [STDERR_REDIRECT] [Fatal Error] :1:1: Premature end of file.
2025-01-09 15:10:10,325 [ERROR] LogOutputStream:75 - [STDERR_REDIRECT] 
2025-01-09 15:10:10,341 [ERROR] LogOutputStream:75 - [STDERR_REDIRECT] [Fatal Error] :1:1: Premature end of file.
2025-01-09 15:10:10,341 [ERROR] LogOutputStream:75 - [STDERR_REDIRECT] 
2025-01-09 15:10:10,357 [ERROR] LogOutputStream:75 - [STDERR_REDIRECT] [Fatal Error] :1:1: Premature end of file.
2025-01-09 15:10:10,357 [ERROR] LogOutputStream:75 - [STDERR_REDIRECT] 
2025-01-09 15:10:10,372 [ERROR] LogOutputStream:75 - [STDERR_REDIRECT] [Fatal Error] :1:1: Premature end of file.
2025-01-09 15:10:10,372 [ERROR] LogOutputStream:75 - [STDERR_REDIRECT] 
2025-01-09 15:10:10,388 [ERROR] LogOutputStream:75 - [STDERR_REDIRECT] [Fatal Error] :1:1: Premature end of file.
2025-01-09 15:10:10,388 [ERROR] LogOutputStream:75 - [STDERR_REDIRECT] 
2025-01-09 15:10:10,420 [ERROR] LogOutputStream:75 - [STDERR_REDIRECT] [Fatal Error] :1:1: Premature end of file.
2025-01-09 15:10:10,420 [ERROR] LogOutputStream:75 - [STDERR_REDIRECT] 
2025-01-09 15:10:10,437 [ERROR] LogOutputStream:75 - [STDERR_REDIRECT] [Fatal Error] :1:1: Premature end of file.
2025-01-09 15:10:10,437 [ERROR] LogOutputStream:75 - [STDERR_REDIRECT] 
2025-01-09 15:10:10,452 [ERROR] LogOutputStream:75 - [STDERR_REDIRECT] [Fatal Error] :1:1: Premature end of file.
2025-01-09 15:10:10,452 [ERROR] LogOutputStream:75 - [STDERR_REDIRECT] 
2025-01-09 15:10:10,467 [ERROR] LogOutputStream:75 - [STDERR_REDIRECT] [Fatal Error] :1:1: Premature end of file.
2025-01-09 15:10:10,467 [ERROR] LogOutputStream:75 - [STDERR_REDIRECT] 
2025-01-09 15:10:10,499 [ERROR] LogOutputStream:75 - [STDERR_REDIRECT] [Fatal Error] :1:1: Premature end of file.
2025-01-09 15:10:10,499 [ERROR] LogOutputStream:75 - [STDERR_REDIRECT] 
2025-01-09 15:10:10,515 [ERROR] LogOutputStream:75 - [STDERR_REDIRECT] [Fatal Error] :1:1: Premature end of file.
2025-01-09 15:10:10,515 [ERROR] LogOutputStream:75 - [STDERR_REDIRECT] 
2025-01-09 15:10:10,537 [ERROR] LogOutputStream:75 - [STDERR_REDIRECT] [Fatal Error] :1:1: Premature end of file.
2025-01-09 15:10:10,537 [ERROR] LogOutputStream:75 - [STDERR_REDIRECT] 
2025-01-09 15:10:10,565 [ERROR] LogOutputStream:75 - [STDERR_REDIRECT] [Fatal Error] :1:1: Premature end of file.
2025-01-09 15:10:10,565 [ERROR] LogOutputStream:75 - [STDERR_REDIRECT] 
2025-01-09 15:10:10,582 [ERROR] LogOutputStream:75 - [STDERR_REDIRECT] [Fatal Error] :1:1: Premature end of file.
2025-01-09 15:10:10,582 [ERROR] LogOutputStream:75 - [STDERR_REDIRECT] 
2025-01-09 15:10:10,594 [ERROR] LogOutputStream:75 - [STDERR_REDIRECT] [Fatal Error] :1:1: Premature end of file.
2025-01-09 15:10:10,594 [ERROR] LogOutputStream:75 - [STDERR_REDIRECT] 
2025-01-09 15:10:10,626 [ERROR] LogOutputStream:75 - [STDERR_REDIRECT] [Fatal Error] :1:1: Premature end of file.
2025-01-09 15:10:10,626 [ERROR] LogOutputStream:75 - [STDERR_REDIRECT] 
2025-01-09 15:10:10,647 [ERROR] LogOutputStream:75 - [STDERR_REDIRECT] [Fatal Error] :1:1: Premature end of file.
2025-01-09 15:10:10,647 [ERROR] LogOutputStream:75 - [STDERR_REDIRECT] 
2025-01-09 15:10:10,668 [ERROR] LogOutputStream:75 - [STDERR_REDIRECT] [Fatal Error] :1:1: Premature end of file.
2025-01-09 15:10:10,668 [ERROR] LogOutputStream:75 - [STDERR_REDIRECT] 
2025-01-09 15:10:10,688 [ERROR] LogOutputStream:75 - [STDERR_REDIRECT] [Fatal Error] :1:1: Premature end of file.
2025-01-09 15:10:10,688 [ERROR] LogOutputStream:75 - [STDERR_REDIRECT] 
2025-01-09 15:10:10,704 [ERROR] LogOutputStream:75 - [STDERR_REDIRECT] [Fatal Error] :1:1: Premature end of file.
2025-01-09 15:10:10,704 [ERROR] LogOutputStream:75 - [STDERR_REDIRECT] 
2025-01-09 15:10:10,720 [ERROR] LogOutputStream:75 - [STDERR_REDIRECT] [Fatal Error] :1:1: Premature end of file.
2025-01-09 15:10:10,720 [ERROR] LogOutputStream:75 - [STDERR_REDIRECT] 
2025-01-09 15:10:10,737 [ERROR] LogOutputStream:75 - [STDERR_REDIRECT] [Fatal Error] :1:1: Premature end of file.
2025-01-09 15:10:10,737 [ERROR] LogOutputStream:75 - [STDERR_REDIRECT] 
2025-01-09 15:10:10,768 [ERROR] LogOutputStream:75 - [STDERR_REDIRECT] [Fatal Error] :1:1: Premature end of file.
2025-01-09 15:10:10,768 [ERROR] LogOutputStream:75 - [STDERR_REDIRECT] 
2025-01-09 15:10:10,784 [ERROR] LogOutputStream:75 - [STDERR_REDIRECT] [Fatal Error] :1:1: Premature end of file.
2025-01-09 15:10:10,784 [ERROR] LogOutputStream:75 - [STDERR_REDIRECT] 
2025-01-09 15:10:10,800 [ERROR] LogOutputStream:75 - [STDERR_REDIRECT] [Fatal Error] :1:1: Premature end of file.
2025-01-09 15:10:10,800 [ERROR] LogOutputStream:75 - [STDERR_REDIRECT] 
2025-01-09 15:10:10,816 [ERROR] LogOutputStream:75 - [STDERR_REDIRECT] [Fatal Error] :1:1: Premature end of file.
2025-01-09 15:10:10,816 [ERROR] LogOutputStream:75 - [STDERR_REDIRECT] 
2025-01-09 15:10:10,848 [ERROR] LogOutputStream:75 - [STDERR_REDIRECT] [Fatal Error] :1:1: Premature end of file.
2025-01-09 15:10:10,848 [ERROR] LogOutputStream:75 - [STDERR_REDIRECT] 
2025-01-09 15:10:10,863 [ERROR] LogOutputStream:75 - [STDERR_REDIRECT] [Fatal Error] :1:1: Premature end of file.
2025-01-09 15:10:10,863 [ERROR] LogOutputStream:75 - [STDERR_REDIRECT] 
2025-01-09 15:10:10,879 [ERROR] LogOutputStream:75 - [STDERR_REDIRECT] [Fatal Error] :1:1: Premature end of file.
2025-01-09 15:10:10,879 [ERROR] LogOutputStream:75 - [STDERR_REDIRECT] 
2025-01-09 15:10:10,895 [ERROR] LogOutputStream:75 - [STDERR_REDIRECT] [Fatal Error] :1:1: Premature end of file.
2025-01-09 15:10:10,895 [ERROR] LogOutputStream:75 - [STDERR_REDIRECT] 
2025-01-09 15:10:10,931 [ERROR] LogOutputStream:75 - [STDERR_REDIRECT] [Fatal Error] :1:1: Premature end of file.
2025-01-09 15:10:10,931 [ERROR] LogOutputStream:75 - [STDERR_REDIRECT] 
2025-01-09 15:10:10,943 [ERROR] LogOutputStream:75 - [STDERR_REDIRECT] [Fatal Error] :1:1: Premature end of file.
2025-01-09 15:10:10,943 [ERROR] LogOutputStream:75 - [STDERR_REDIRECT] 
2025-01-09 15:10:10,971 [ERROR] LogOutputStream:75 - [STDERR_REDIRECT] [Fatal Error] :1:1: Premature end of file.
2025-01-09 15:10:10,971 [ERROR] LogOutputStream:75 - [STDERR_REDIRECT] 
2025-01-09 15:10:10,991 [ERROR] LogOutputStream:75 - [STDERR_REDIRECT] [Fatal Error] :1:1: Premature end of file.
2025-01-09 15:10:10,991 [ERROR] LogOutputStream:75 - [STDERR_REDIRECT] 
2025-01-09 15:10:11,006 [ERROR] LogOutputStream:75 - [STDERR_REDIRECT] [Fatal Error] :1:1: Premature end of file.
2025-01-09 15:10:11,006 [ERROR] LogOutputStream:75 - [STDERR_REDIRECT] 
2025-01-09 15:10:11,022 [ERROR] LogOutputStream:75 - [STDERR_REDIRECT] [Fatal Error] :1:1: Premature end of file.
2025-01-09 15:10:11,022 [ERROR] LogOutputStream:75 - [STDERR_REDIRECT] 
2025-01-09 15:10:11,037 [ERROR] LogOutputStream:75 - [STDERR_REDIRECT] [Fatal Error] :1:1: Premature end of file.
2025-01-09 15:10:11,037 [ERROR] LogOutputStream:75 - [STDERR_REDIRECT] 
2025-01-09 15:10:11,054 [ERROR] LogOutputStream:75 - [STDERR_REDIRECT] [Fatal Error] :1:1: Premature end of file.
2025-01-09 15:10:11,070 [ERROR] LogOutputStream:75 - [STDERR_REDIRECT] 
2025-01-09 15:10:11,086 [ERROR] LogOutputStream:75 - [STDERR_REDIRECT] [Fatal Error] :1:1: Premature end of file.
2025-01-09 15:10:11,086 [ERROR] LogOutputStream:75 - [STDERR_REDIRECT] 
2025-01-09 15:10:11,102 [ERROR] LogOutputStream:75 - [STDERR_REDIRECT] [Fatal Error] :1:1: Premature end of file.
2025-01-09 15:10:11,102 [ERROR] LogOutputStream:75 - [STDERR_REDIRECT] 
2025-01-09 15:10:11,118 [ERROR] LogOutputStream:75 - [STDERR_REDIRECT] [Fatal Error] :1:1: Premature end of file.
2025-01-09 15:10:11,118 [ERROR] LogOutputStream:75 - [STDERR_REDIRECT] 
2025-01-09 15:10:11,138 [ERROR] LogOutputStream:75 - [STDERR_REDIRECT] [Fatal Error] :1:1: Premature end of file.
2025-01-09 15:10:11,138 [ERROR] LogOutputStream:75 - [STDERR_REDIRECT] 
2025-01-09 15:10:11,165 [ERROR] LogOutputStream:75 - [STDERR_REDIRECT] [Fatal Error] :1:1: Premature end of file.
2025-01-09 15:10:11,165 [ERROR] LogOutputStream:75 - [STDERR_REDIRECT] 
2025-01-09 15:10:11,181 [ERROR] LogOutputStream:75 - [STDERR_REDIRECT] [Fatal Error] :1:1: Premature end of file.
2025-01-09 15:10:11,181 [ERROR] LogOutputStream:75 - [STDERR_REDIRECT] 
2025-01-09 15:10:11,197 [ERROR] LogOutputStream:75 - [STDERR_REDIRECT] [Fatal Error] :1:1: Premature end of file.
2025-01-09 15:10:11,197 [ERROR] LogOutputStream:75 - [STDERR_REDIRECT] 
2025-01-09 15:10:11,229 [ERROR] LogOutputStream:75 - [STDERR_REDIRECT] [Fatal Error] :1:1: Premature end of file.
2025-01-09 15:10:11,229 [ERROR] LogOutputStream:75 - [STDERR_REDIRECT] 
2025-01-09 15:10:11,245 [ERROR] LogOutputStream:75 - [STDERR_REDIRECT] [Fatal Error] :1:1: Premature end of file.
2025-01-09 15:10:11,245 [ERROR] LogOutputStream:75 - [STDERR_REDIRECT] 
2025-01-09 15:10:11,261 [ERROR] LogOutputStream:75 - [STDERR_REDIRECT] [Fatal Error] :1:1: Premature end of file.
2025-01-09 15:10:11,261 [ERROR] LogOutputStream:75 - [STDERR_REDIRECT] 
2025-01-09 15:10:11,277 [ERROR] LogOutputStream:75 - [STDERR_REDIRECT] [Fatal Error] :1:1: Premature end of file.
2025-01-09 15:10:11,277 [ERROR] LogOutputStream:75 - [STDERR_REDIRECT] 
2025-01-09 15:10:11,309 [ERROR] LogOutputStream:75 - [STDERR_REDIRECT] [Fatal Error] :1:1: Premature end of file.
2025-01-09 15:10:11,309 [ERROR] LogOutputStream:75 - [STDERR_REDIRECT] 
2025-01-09 15:10:11,325 [ERROR] LogOutputStream:75 - [STDERR_REDIRECT] [Fatal Error] :1:1: Premature end of file.
2025-01-09 15:10:11,325 [ERROR] LogOutputStream:75 - [STDERR_REDIRECT] 
2025-01-09 15:10:11,340 [ERROR] LogOutputStream:75 - [STDERR_REDIRECT] [Fatal Error] :1:1: Premature end of file.
2025-01-09 15:10:11,340 [ERROR] LogOutputStream:75 - [STDERR_REDIRECT] 
2025-01-09 15:10:11,372 [ERROR] LogOutputStream:75 - [STDERR_REDIRECT] [Fatal Error] :1:1: Premature end of file.
2025-01-09 15:10:11,372 [ERROR] LogOutputStream:75 - [STDERR_REDIRECT] 
2025-01-09 15:10:11,388 [ERROR] LogOutputStream:75 - [STDERR_REDIRECT] [Fatal Error] :1:1: Premature end of file.
2025-01-09 15:10:11,388 [ERROR] LogOutputStream:75 - [STDERR_REDIRECT] 
2025-01-09 15:10:11,404 [ERROR] LogOutputStream:75 - [STDERR_REDIRECT] [Fatal Error] :1:1: Premature end of file.
2025-01-09 15:10:11,404 [ERROR] LogOutputStream:75 - [STDERR_REDIRECT] 
2025-01-09 15:10:11,420 [ERROR] LogOutputStream:75 - [STDERR_REDIRECT] [Fatal Error] :1:1: Premature end of file.
2025-01-09 15:10:11,420 [ERROR] LogOutputStream:75 - [STDERR_REDIRECT] 
2025-01-09 15:10:11,451 [ERROR] LogOutputStream:75 - [STDERR_REDIRECT] [Fatal Error] :1:1: Premature end of file.
2025-01-09 15:10:11,451 [ERROR] LogOutputStream:75 - [STDERR_REDIRECT] 
2025-01-09 15:10:11,467 [ERROR] LogOutputStream:75 - [STDERR_REDIRECT] [Fatal Error] :1:1: Premature end of file.
2025-01-09 15:10:11,467 [ERROR] LogOutputStream:75 - [STDERR_REDIRECT] 
2025-01-09 15:10:11,497 [ERROR] LogOutputStream:75 - [STDERR_REDIRECT] [Fatal Error] :1:1: Premature end of file.
2025-01-09 15:10:11,497 [ERROR] LogOutputStream:75 - [STDERR_REDIRECT] 
2025-01-09 15:10:11,519 [ERROR] LogOutputStream:75 - [STDERR_REDIRECT] [Fatal Error] :1:1: Premature end of file.
2025-01-09 15:10:11,519 [ERROR] LogOutputStream:75 - [STDERR_REDIRECT] 
2025-01-09 15:10:11,538 [ERROR] LogOutputStream:75 - [STDERR_REDIRECT] [Fatal Error] :1:1: Premature end of file.
2025-01-09 15:10:11,538 [ERROR] LogOutputStream:75 - [STDERR_REDIRECT] 
2025-01-09 15:10:11,562 [ERROR] LogOutputStream:75 - [STDERR_REDIRECT] [Fatal Error] :1:1: Premature end of file.
2025-01-09 15:10:11,562 [ERROR] LogOutputStream:75 - [STDERR_REDIRECT] 
2025-01-09 15:10:11,580 [ERROR] LogOutputStream:75 - [STDERR_REDIRECT] [Fatal Error] :1:1: Premature end of file.
2025-01-09 15:10:11,580 [ERROR] LogOutputStream:75 - [STDERR_REDIRECT] 
2025-01-09 15:10:11,599 [ERROR] LogOutputStream:75 - [STDERR_REDIRECT] [Fatal Error] :1:1: Premature end of file.
2025-01-09 15:10:11,599 [ERROR] LogOutputStream:75 - [STDERR_REDIRECT] 
2025-01-09 15:10:11,612 [ERROR] LogOutputStream:75 - [STDERR_REDIRECT] [Fatal Error] :1:1: Premature end of file.
2025-01-09 15:10:11,612 [ERROR] LogOutputStream:75 - [STDERR_REDIRECT] 
2025-01-09 15:10:11,641 [ERROR] LogOutputStream:75 - [STDERR_REDIRECT] [Fatal Error] :1:1: Premature end of file.
2025-01-09 15:10:11,641 [ERROR] LogOutputStream:75 - [STDERR_REDIRECT] 
2025-01-09 15:10:11,657 [ERROR] LogOutputStream:75 - [STDERR_REDIRECT] [Fatal Error] :1:1: Premature end of file.
2025-01-09 15:10:11,657 [ERROR] LogOutputStream:75 - [STDERR_REDIRECT] 
2025-01-09 15:10:11,673 [ERROR] LogOutputStream:75 - [STDERR_REDIRECT] [Fatal Error] :1:1: Premature end of file.
2025-01-09 15:10:11,673 [ERROR] LogOutputStream:75 - [STDERR_REDIRECT] 
2025-01-09 15:10:11,689 [ERROR] LogOutputStream:75 - [STDERR_REDIRECT] [Fatal Error] :1:1: Premature end of file.
2025-01-09 15:10:11,705 [ERROR] LogOutputStream:75 - [STDERR_REDIRECT] 
2025-01-09 15:10:11,726 [ERROR] LogOutputStream:75 - [STDERR_REDIRECT] [Fatal Error] :1:1: Premature end of file.
2025-01-09 15:10:11,726 [ERROR] LogOutputStream:75 - [STDERR_REDIRECT] 
2025-01-09 15:10:11,739 [ERROR] LogOutputStream:75 - [STDERR_REDIRECT] [Fatal Error] :1:1: Premature end of file.
2025-01-09 15:10:11,739 [ERROR] LogOutputStream:75 - [STDERR_REDIRECT] 
2025-01-09 15:10:11,764 [ERROR] LogOutputStream:75 - [STDERR_REDIRECT] [Fatal Error] :1:1: Premature end of file.
2025-01-09 15:10:11,764 [ERROR] LogOutputStream:75 - [STDERR_REDIRECT] 
2025-01-09 15:10:11,787 [ERROR] LogOutputStream:75 - [STDERR_REDIRECT] [Fatal Error] :1:1: Premature end of file.
2025-01-09 15:10:11,787 [ERROR] LogOutputStream:75 - [STDERR_REDIRECT] 
2025-01-09 15:10:11,812 [ERROR] LogOutputStream:75 - [STDERR_REDIRECT] [Fatal Error] :1:1: Premature end of file.
2025-01-09 15:10:11,812 [ERROR] LogOutputStream:75 - [STDERR_REDIRECT] 
2025-01-09 15:10:11,839 [ERROR] LogOutputStream:75 - [STDERR_REDIRECT] [Fatal Error] :1:1: Premature end of file.
2025-01-09 15:10:11,839 [ERROR] LogOutputStream:75 - [STDERR_REDIRECT] 
2025-01-09 15:10:11,862 [ERROR] LogOutputStream:75 - [STDERR_REDIRECT] [Fatal Error] :1:1: Premature end of file.
2025-01-09 15:10:11,862 [ERROR] LogOutputStream:75 - [STDERR_REDIRECT] 
2025-01-09 15:10:11,878 [ERROR] LogOutputStream:75 - [STDERR_REDIRECT] [Fatal Error] :1:1: Premature end of file.
2025-01-09 15:10:11,878 [ERROR] LogOutputStream:75 - [STDERR_REDIRECT] 
2025-01-09 15:10:11,894 [ERROR] LogOutputStream:75 - [STDERR_REDIRECT] [Fatal Error] :1:1: Premature end of file.
2025-01-09 15:10:11,894 [ERROR] LogOutputStream:75 - [STDERR_REDIRECT] 
2025-01-09 15:10:11,926 [ERROR] LogOutputStream:75 - [STDERR_REDIRECT] [Fatal Error] :1:1: Premature end of file.
2025-01-09 15:10:11,926 [ERROR] LogOutputStream:75 - [STDERR_REDIRECT] 
2025-01-09 15:10:11,946 [ERROR] LogOutputStream:75 - [STDERR_REDIRECT] [Fatal Error] :1:1: Premature end of file.
2025-01-09 15:10:11,946 [ERROR] LogOutputStream:75 - [STDERR_REDIRECT] 
2025-01-09 15:10:11,958 [ERROR] LogOutputStream:75 - [STDERR_REDIRECT] [Fatal Error] :1:1: Premature end of file.
2025-01-09 15:10:11,958 [ERROR] LogOutputStream:75 - [STDERR_REDIRECT] 
2025-01-09 15:10:11,978 [ERROR] LogOutputStream:75 - [STDERR_REDIRECT] [Fatal Error] :1:1: Premature end of file.
2025-01-09 15:10:11,989 [ERROR] LogOutputStream:75 - [STDERR_REDIRECT] 
2025-01-09 15:10:12,005 [ERROR] LogOutputStream:75 - [STDERR_REDIRECT] [Fatal Error] :1:1: Premature end of file.
2025-01-09 15:10:12,005 [ERROR] LogOutputStream:75 - [STDERR_REDIRECT] 
2025-01-09 15:10:12,021 [ERROR] LogOutputStream:75 - [STDERR_REDIRECT] [Fatal Error] :1:1: Premature end of file.
2025-01-09 15:10:12,021 [ERROR] LogOutputStream:75 - [STDERR_REDIRECT] 
2025-01-09 15:10:12,039 [ERROR] LogOutputStream:75 - [STDERR_REDIRECT] [Fatal Error] :1:1: Premature end of file.
2025-01-09 15:10:12,039 [ERROR] LogOutputStream:75 - [STDERR_REDIRECT] 
2025-01-09 15:10:12,069 [ERROR] LogOutputStream:75 - [STDERR_REDIRECT] [Fatal Error] :1:1: Premature end of file.
2025-01-09 15:10:12,069 [ERROR] LogOutputStream:75 - [STDERR_REDIRECT] 
2025-01-09 15:10:12,084 [ERROR] LogOutputStream:75 - [STDERR_REDIRECT] [Fatal Error] :1:1: Premature end of file.
2025-01-09 15:10:12,084 [ERROR] LogOutputStream:75 - [STDERR_REDIRECT] 
2025-01-09 15:10:12,106 [ERROR] LogOutputStream:75 - [STDERR_REDIRECT] [Fatal Error] :1:1: Premature end of file.
2025-01-09 15:10:12,106 [ERROR] LogOutputStream:75 - [STDERR_REDIRECT] 
2025-01-09 15:10:12,116 [ERROR] LogOutputStream:75 - [STDERR_REDIRECT] [Fatal Error] :1:1: Premature end of file.
2025-01-09 15:10:12,116 [ERROR] LogOutputStream:75 - [STDERR_REDIRECT] 
2025-01-09 15:10:12,140 [ERROR] LogOutputStream:75 - [STDERR_REDIRECT] [Fatal Error] :1:1: Premature end of file.
2025-01-09 15:10:12,140 [ERROR] LogOutputStream:75 - [STDERR_REDIRECT] 
2025-01-09 15:10:12,156 [ERROR] LogOutputStream:75 - [STDERR_REDIRECT] [Fatal Error] :1:1: Premature end of file.
2025-01-09 15:10:12,156 [ERROR] LogOutputStream:75 - [STDERR_REDIRECT] 
2025-01-09 15:10:12,180 [ERROR] LogOutputStream:75 - [STDERR_REDIRECT] [Fatal Error] :1:1: Premature end of file.
2025-01-09 15:10:12,180 [ERROR] LogOutputStream:75 - [STDERR_REDIRECT] 
2025-01-09 15:10:12,196 [ERROR] LogOutputStream:75 - [STDERR_REDIRECT] [Fatal Error] :1:1: Premature end of file.
2025-01-09 15:10:12,196 [ERROR] LogOutputStream:75 - [STDERR_REDIRECT] 
2025-01-09 15:10:13,912 [ERROR] LogOutputStream:75 - [STDERR_REDIRECT] [Fatal Error] :1:1: Premature end of file.
2025-01-09 15:10:13,912 [ERROR] LogOutputStream:75 - [STDERR_REDIRECT] 
2025-01-09 15:10:13,946 [ERROR] LogOutputStream:75 - [STDERR_REDIRECT] [Fatal Error] :1:1: Premature end of file.
2025-01-09 15:10:13,946 [ERROR] LogOutputStream:75 - [STDERR_REDIRECT] 
2025-01-09 15:10:13,961 [ERROR] LogOutputStream:75 - [STDERR_REDIRECT] [Fatal Error] :1:1: Premature end of file.
2025-01-09 15:10:13,961 [ERROR] LogOutputStream:75 - [STDERR_REDIRECT] 
2025-01-09 15:10:13,988 [ERROR] LogOutputStream:75 - [STDERR_REDIRECT] [Fatal Error] :1:1: Premature end of file.
2025-01-09 15:10:13,988 [ERROR] LogOutputStream:75 - [STDERR_REDIRECT] 
2025-01-09 15:10:14,011 [ERROR] LogOutputStream:75 - [STDERR_REDIRECT] [Fatal Error] :1:1: Premature end of file.
2025-01-09 15:10:14,011 [ERROR] LogOutputStream:75 - [STDERR_REDIRECT] 
2025-01-09 15:10:14,022 [ERROR] LogOutputStream:75 - [STDERR_REDIRECT] [Fatal Error] :1:1: Premature end of file.
2025-01-09 15:10:14,022 [ERROR] LogOutputStream:75 - [STDERR_REDIRECT] 
2025-01-09 15:10:14,042 [ERROR] LogOutputStream:75 - [STDERR_REDIRECT] [Fatal Error] :1:1: Premature end of file.
2025-01-09 15:10:14,042 [ERROR] LogOutputStream:75 - [STDERR_REDIRECT] 
2025-01-09 15:10:14,074 [ERROR] LogOutputStream:75 - [STDERR_REDIRECT] [Fatal Error] :1:1: Premature end of file.
2025-01-09 15:10:14,074 [ERROR] LogOutputStream:75 - [STDERR_REDIRECT] 
2025-01-09 15:10:14,086 [ERROR] LogOutputStream:75 - [STDERR_REDIRECT] [Fatal Error] :1:1: Premature end of file.
2025-01-09 15:10:14,086 [ERROR] LogOutputStream:75 - [STDERR_REDIRECT] 
2025-01-09 15:10:14,103 [ERROR] LogOutputStream:75 - [STDERR_REDIRECT] [Fatal Error] :1:1: Premature end of file.
2025-01-09 15:10:14,103 [ERROR] LogOutputStream:75 - [STDERR_REDIRECT] 
2025-01-09 15:10:14,133 [ERROR] LogOutputStream:75 - [STDERR_REDIRECT] [Fatal Error] :1:1: Premature end of file.
2025-01-09 15:10:14,133 [ERROR] LogOutputStream:75 - [STDERR_REDIRECT] 
2025-01-09 15:10:14,149 [ERROR] LogOutputStream:75 - [STDERR_REDIRECT] [Fatal Error] :1:1: Premature end of file.
2025-01-09 15:10:14,149 [ERROR] LogOutputStream:75 - [STDERR_REDIRECT] 
2025-01-09 15:10:14,176 [ERROR] LogOutputStream:75 - [STDERR_REDIRECT] [Fatal Error] :1:1: Premature end of file.
2025-01-09 15:10:14,176 [ERROR] LogOutputStream:75 - [STDERR_REDIRECT] 
2025-01-09 15:10:14,196 [ERROR] LogOutputStream:75 - [STDERR_REDIRECT] [Fatal Error] :1:1: Premature end of file.
2025-01-09 15:10:14,196 [ERROR] LogOutputStream:75 - [STDERR_REDIRECT] 
2025-01-09 15:10:14,212 [ERROR] LogOutputStream:75 - [STDERR_REDIRECT] [Fatal Error] :1:1: Premature end of file.
2025-01-09 15:10:14,212 [ERROR] LogOutputStream:75 - [STDERR_REDIRECT] 
2025-01-09 15:10:14,244 [ERROR] LogOutputStream:75 - [STDERR_REDIRECT] [Fatal Error] :1:1: Premature end of file.
2025-01-09 15:10:14,244 [ERROR] LogOutputStream:75 - [STDERR_REDIRECT] 
2025-01-09 15:10:14,260 [ERROR] LogOutputStream:75 - [STDERR_REDIRECT] [Fatal Error] :1:1: Premature end of file.
2025-01-09 15:10:14,260 [ERROR] LogOutputStream:75 - [STDERR_REDIRECT] 
2025-01-09 15:10:14,276 [ERROR] LogOutputStream:75 - [STDERR_REDIRECT] [Fatal Error] :1:1: Premature end of file.
2025-01-09 15:10:14,276 [ERROR] LogOutputStream:75 - [STDERR_REDIRECT] 
2025-01-09 15:10:14,292 [ERROR] LogOutputStream:75 - [STDERR_REDIRECT] [Fatal Error] :1:1: Premature end of file.
2025-01-09 15:10:14,292 [ERROR] LogOutputStream:75 - [STDERR_REDIRECT] 
2025-01-09 15:10:14,310 [ERROR] LogOutputStream:75 - [STDERR_REDIRECT] [Fatal Error] :1:1: Premature end of file.
2025-01-09 15:10:14,310 [ERROR] LogOutputStream:75 - [STDERR_REDIRECT] 
2025-01-09 15:10:14,343 [ERROR] LogOutputStream:75 - [STDERR_REDIRECT] [Fatal Error] :1:1: Premature end of file.
2025-01-09 15:10:14,343 [ERROR] LogOutputStream:75 - [STDERR_REDIRECT] 
2025-01-09 15:10:14,355 [ERROR] LogOutputStream:75 - [STDERR_REDIRECT] [Fatal Error] :1:1: Premature end of file.
2025-01-09 15:10:14,355 [ERROR] LogOutputStream:75 - [STDERR_REDIRECT] 
2025-01-09 15:10:14,371 [ERROR] LogOutputStream:75 - [STDERR_REDIRECT] [Fatal Error] :1:1: Premature end of file.
2025-01-09 15:10:14,371 [ERROR] LogOutputStream:75 - [STDERR_REDIRECT] 
2025-01-09 15:10:14,387 [ERROR] LogOutputStream:75 - [STDERR_REDIRECT] [Fatal Error] :1:1: Premature end of file.
2025-01-09 15:10:14,387 [ERROR] LogOutputStream:75 - [STDERR_REDIRECT] 
2025-01-09 15:10:14,412 [ERROR] LogOutputStream:75 - [STDERR_REDIRECT] [Fatal Error] :1:1: Premature end of file.
2025-01-09 15:10:14,412 [ERROR] LogOutputStream:75 - [STDERR_REDIRECT] 
2025-01-09 15:10:14,429 [ERROR] LogOutputStream:75 - [STDERR_REDIRECT] [Fatal Error] :1:1: Premature end of file.
2025-01-09 15:10:14,429 [ERROR] LogOutputStream:75 - [STDERR_REDIRECT] 
2025-01-09 15:10:14,443 [ERROR] LogOutputStream:75 - [STDERR_REDIRECT] [Fatal Error] :1:1: Premature end of file.
2025-01-09 15:10:14,443 [ERROR] LogOutputStream:75 - [STDERR_REDIRECT] 
2025-01-09 15:10:14,466 [ERROR] LogOutputStream:75 - [STDERR_REDIRECT] [Fatal Error] :1:1: Premature end of file.
2025-01-09 15:10:14,466 [ERROR] LogOutputStream:75 - [STDERR_REDIRECT] 
2025-01-09 15:10:14,482 [ERROR] LogOutputStream:75 - [STDERR_REDIRECT] [Fatal Error] :1:1: Premature end of file.
2025-01-09 15:10:14,482 [ERROR] LogOutputStream:75 - [STDERR_REDIRECT] 
2025-01-09 15:10:14,506 [ERROR] LogOutputStream:75 - [STDERR_REDIRECT] [Fatal Error] :1:1: Premature end of file.
2025-01-09 15:10:14,506 [ERROR] LogOutputStream:75 - [STDERR_REDIRECT] 
2025-01-09 15:10:14,529 [ERROR] LogOutputStream:75 - [STDERR_REDIRECT] [Fatal Error] :1:1: Premature end of file.
2025-01-09 15:10:14,529 [ERROR] LogOutputStream:75 - [STDERR_REDIRECT] 
2025-01-09 15:10:14,548 [ERROR] LogOutputStream:75 - [STDERR_REDIRECT] [Fatal Error] :1:1: Premature end of file.
2025-01-09 15:10:14,548 [ERROR] LogOutputStream:75 - [STDERR_REDIRECT] 
2025-01-09 15:10:14,561 [ERROR] LogOutputStream:75 - [STDERR_REDIRECT] [Fatal Error] :1:1: Premature end of file.
2025-01-09 15:10:14,561 [ERROR] LogOutputStream:75 - [STDERR_REDIRECT] 
2025-01-09 15:10:14,577 [ERROR] LogOutputStream:75 - [STDERR_REDIRECT] [Fatal Error] :1:1: Premature end of file.
2025-01-09 15:10:14,577 [ERROR] LogOutputStream:75 - [STDERR_REDIRECT] 
2025-01-09 15:10:14,596 [ERROR] LogOutputStream:75 - [STDERR_REDIRECT] [Fatal Error] :1:1: Premature end of file.
2025-01-09 15:10:14,596 [ERROR] LogOutputStream:75 - [STDERR_REDIRECT] 
2025-01-09 15:10:14,625 [ERROR] LogOutputStream:75 - [STDERR_REDIRECT] [Fatal Error] :1:1: Premature end of file.
2025-01-09 15:10:14,625 [ERROR] LogOutputStream:75 - [STDERR_REDIRECT] 
2025-01-09 15:10:14,643 [ERROR] LogOutputStream:75 - [STDERR_REDIRECT] [Fatal Error] :1:1: Premature end of file.
2025-01-09 15:10:14,643 [ERROR] LogOutputStream:75 - [STDERR_REDIRECT] 
2025-01-09 15:10:14,657 [ERROR] LogOutputStream:75 - [STDERR_REDIRECT] [Fatal Error] :1:1: Premature end of file.
2025-01-09 15:10:14,657 [ERROR] LogOutputStream:75 - [STDERR_REDIRECT] 
2025-01-09 15:12:10,593 [ERROR] LogOutputStream:75 - [STDERR_REDIRECT] [Fatal Error] :1:1: Premature end of file.
2025-01-09 15:12:10,593 [ERROR] LogOutputStream:75 - [STDERR_REDIRECT] 
2025-01-09 15:12:10,630 [INFO] WebApp:190 - Connection lost
2025-01-09 15:12:10,671 [ERROR] LogOutputStream:75 - [STDERR_REDIRECT] [Fatal Error] :1:1: Premature end of file.
2025-01-09 15:12:10,671 [ERROR] LogOutputStream:75 - [STDERR_REDIRECT] 
2025-01-09 15:12:10,715 [ERROR] LogOutputStream:75 - [STDERR_REDIRECT] [Fatal Error] :1:1: Premature end of file.
2025-01-09 15:12:10,715 [ERROR] LogOutputStream:75 - [STDERR_REDIRECT] 
2025-01-09 15:12:10,745 [ERROR] LogOutputStream:75 - [STDERR_REDIRECT] [Fatal Error] :1:1: Premature end of file.
2025-01-09 15:12:10,745 [ERROR] LogOutputStream:75 - [STDERR_REDIRECT] 
2025-01-09 15:12:10,786 [ERROR] LogOutputStream:75 - [STDERR_REDIRECT] [Fatal Error] :1:1: Premature end of file.
2025-01-09 15:12:10,786 [ERROR] LogOutputStream:75 - [STDERR_REDIRECT] 
2025-01-09 15:12:10,847 [ERROR] LogOutputStream:75 - [STDERR_REDIRECT] [Fatal Error] :1:1: Premature end of file.
2025-01-09 15:12:10,847 [ERROR] LogOutputStream:75 - [STDERR_REDIRECT] 
2025-01-09 15:12:10,887 [ERROR] LogOutputStream:75 - [STDERR_REDIRECT] [Fatal Error] :1:1: Premature end of file.
2025-01-09 15:12:10,887 [ERROR] LogOutputStream:75 - [STDERR_REDIRECT] 
2025-01-09 15:12:10,918 [ERROR] LogOutputStream:75 - [STDERR_REDIRECT] [Fatal Error] :1:1: Premature end of file.
2025-01-09 15:12:10,918 [ERROR] LogOutputStream:75 - [STDERR_REDIRECT] 
2025-01-09 15:12:10,958 [ERROR] LogOutputStream:75 - [STDERR_REDIRECT] [Fatal Error] :1:1: Premature end of file.
2025-01-09 15:12:10,958 [ERROR] LogOutputStream:75 - [STDERR_REDIRECT] 
2025-01-09 15:12:10,989 [ERROR] LogOutputStream:75 - [STDERR_REDIRECT] [Fatal Error] :1:1: Premature end of file.
2025-01-09 15:12:10,989 [ERROR] LogOutputStream:75 - [STDERR_REDIRECT] 
2025-01-09 15:12:11,002 [INFO] WebApp:187 - Connection restablished
2025-01-09 15:12:11,019 [ERROR] LogOutputStream:75 - [STDERR_REDIRECT] [Fatal Error] :1:1: Premature end of file.
2025-01-09 15:12:11,019 [ERROR] LogOutputStream:75 - [STDERR_REDIRECT] 
2025-01-09 15:12:11,040 [ERROR] LogOutputStream:75 - [STDERR_REDIRECT] [Fatal Error] :1:1: Premature end of file.
2025-01-09 15:12:11,040 [ERROR] LogOutputStream:75 - [STDERR_REDIRECT] 
2025-01-09 15:12:11,080 [ERROR] LogOutputStream:75 - [STDERR_REDIRECT] [Fatal Error] :1:1: Premature end of file.
2025-01-09 15:12:11,080 [ERROR] LogOutputStream:75 - [STDERR_REDIRECT] 
2025-01-09 15:12:11,110 [ERROR] LogOutputStream:75 - [STDERR_REDIRECT] [Fatal Error] :1:1: Premature end of file.
2025-01-09 15:12:11,110 [ERROR] LogOutputStream:75 - [STDERR_REDIRECT] 
2025-01-09 15:12:11,131 [ERROR] LogOutputStream:75 - [STDERR_REDIRECT] [Fatal Error] :1:1: Premature end of file.
2025-01-09 15:12:11,131 [ERROR] LogOutputStream:75 - [STDERR_REDIRECT] 
2025-01-09 15:12:11,140 [INFO] WebApp:190 - Connection lost
2025-01-09 15:12:11,161 [ERROR] LogOutputStream:75 - [STDERR_REDIRECT] [Fatal Error] :1:1: Premature end of file.
2025-01-09 15:12:11,161 [ERROR] LogOutputStream:75 - [STDERR_REDIRECT] 
2025-01-09 15:12:11,234 [ERROR] LogOutputStream:75 - [STDERR_REDIRECT] [Fatal Error] :1:1: Premature end of file.
2025-01-09 15:12:11,234 [ERROR] LogOutputStream:75 - [STDERR_REDIRECT] 
2025-01-09 15:12:11,265 [ERROR] LogOutputStream:75 - [STDERR_REDIRECT] [Fatal Error] :1:1: Premature end of file.
2025-01-09 15:12:11,265 [ERROR] LogOutputStream:75 - [STDERR_REDIRECT] 
2025-01-09 15:12:11,285 [ERROR] LogOutputStream:75 - [STDERR_REDIRECT] [Fatal Error] :1:1: Premature end of file.
2025-01-09 15:12:11,285 [ERROR] LogOutputStream:75 - [STDERR_REDIRECT] 
2025-01-09 15:12:11,305 [ERROR] LogOutputStream:75 - [STDERR_REDIRECT] [Fatal Error] :1:1: Premature end of file.
2025-01-09 15:12:11,305 [ERROR] LogOutputStream:75 - [STDERR_REDIRECT] 
2025-01-09 15:12:11,325 [INFO] WebApp:187 - Connection restablished
2025-01-09 15:12:11,331 [ERROR] LogOutputStream:75 - [STDERR_REDIRECT] [Fatal Error] :1:1: Premature end of file.
2025-01-09 15:12:11,331 [ERROR] LogOutputStream:75 - [STDERR_REDIRECT] 
2025-01-09 15:12:11,356 [ERROR] LogOutputStream:75 - [STDERR_REDIRECT] [Fatal Error] :1:1: Premature end of file.
2025-01-09 15:12:11,356 [ERROR] LogOutputStream:75 - [STDERR_REDIRECT] 
2025-01-09 15:12:11,376 [ERROR] LogOutputStream:75 - [STDERR_REDIRECT] [Fatal Error] :1:1: Premature end of file.
2025-01-09 15:12:11,376 [ERROR] LogOutputStream:75 - [STDERR_REDIRECT] 
2025-01-09 15:12:11,397 [ERROR] LogOutputStream:75 - [STDERR_REDIRECT] [Fatal Error] :1:1: Premature end of file.
2025-01-09 15:12:11,397 [ERROR] LogOutputStream:75 - [STDERR_REDIRECT] 
2025-01-09 15:12:11,418 [ERROR] LogOutputStream:75 - [STDERR_REDIRECT] [Fatal Error] :1:1: Premature end of file.
2025-01-09 15:12:11,418 [ERROR] LogOutputStream:75 - [STDERR_REDIRECT] 
2025-01-09 15:12:11,442 [ERROR] LogOutputStream:75 - [STDERR_REDIRECT] [Fatal Error] :1:1: Premature end of file.
2025-01-09 15:12:11,442 [ERROR] LogOutputStream:75 - [STDERR_REDIRECT] 
2025-01-09 15:12:11,468 [ERROR] LogOutputStream:75 - [STDERR_REDIRECT] [Fatal Error] :1:1: Premature end of file.
2025-01-09 15:12:11,468 [ERROR] LogOutputStream:75 - [STDERR_REDIRECT] 
2025-01-09 15:12:11,530 [ERROR] LogOutputStream:75 - [STDERR_REDIRECT] [Fatal Error] :1:1: Premature end of file.
2025-01-09 15:12:11,530 [ERROR] LogOutputStream:75 - [STDERR_REDIRECT] 
2025-01-09 15:12:11,551 [ERROR] LogOutputStream:75 - [STDERR_REDIRECT] [Fatal Error] :1:1: Premature end of file.
2025-01-09 15:12:11,551 [ERROR] LogOutputStream:75 - [STDERR_REDIRECT] 
2025-01-09 15:12:11,572 [ERROR] LogOutputStream:75 - [STDERR_REDIRECT] [Fatal Error] :1:1: Premature end of file.
2025-01-09 15:12:11,572 [ERROR] LogOutputStream:75 - [STDERR_REDIRECT] 
2025-01-09 15:12:11,592 [ERROR] LogOutputStream:75 - [STDERR_REDIRECT] [Fatal Error] :1:1: Premature end of file.
2025-01-09 15:12:11,592 [ERROR] LogOutputStream:75 - [STDERR_REDIRECT] 
2025-01-09 15:12:11,612 [ERROR] LogOutputStream:75 - [STDERR_REDIRECT] [Fatal Error] :1:1: Premature end of file.
2025-01-09 15:12:11,612 [ERROR] LogOutputStream:75 - [STDERR_REDIRECT] 
2025-01-09 15:12:11,633 [ERROR] LogOutputStream:75 - [STDERR_REDIRECT] [Fatal Error] :1:1: Premature end of file.
2025-01-09 15:12:11,633 [ERROR] LogOutputStream:75 - [STDERR_REDIRECT] 
2025-01-09 15:12:11,653 [ERROR] LogOutputStream:75 - [STDERR_REDIRECT] [Fatal Error] :1:1: Premature end of file.
2025-01-09 15:12:11,653 [ERROR] LogOutputStream:75 - [STDERR_REDIRECT] 
2025-01-09 15:12:11,676 [ERROR] LogOutputStream:75 - [STDERR_REDIRECT] [Fatal Error] :1:1: Premature end of file.
2025-01-09 15:12:11,676 [ERROR] LogOutputStream:75 - [STDERR_REDIRECT] 
2025-01-09 15:12:11,695 [ERROR] LogOutputStream:75 - [STDERR_REDIRECT] [Fatal Error] :1:1: Premature end of file.
2025-01-09 15:12:11,695 [ERROR] LogOutputStream:75 - [STDERR_REDIRECT] 
2025-01-09 15:12:11,716 [ERROR] LogOutputStream:75 - [STDERR_REDIRECT] [Fatal Error] :1:1: Premature end of file.
2025-01-09 15:12:11,716 [ERROR] LogOutputStream:75 - [STDERR_REDIRECT] 
2025-01-09 15:12:11,736 [ERROR] LogOutputStream:75 - [STDERR_REDIRECT] [Fatal Error] :1:1: Premature end of file.
2025-01-09 15:12:11,736 [ERROR] LogOutputStream:75 - [STDERR_REDIRECT] 
2025-01-09 15:12:11,756 [ERROR] LogOutputStream:75 - [STDERR_REDIRECT] [Fatal Error] :1:1: Premature end of file.
2025-01-09 15:12:11,756 [ERROR] LogOutputStream:75 - [STDERR_REDIRECT] 
2025-01-09 15:12:11,787 [ERROR] LogOutputStream:75 - [STDERR_REDIRECT] [Fatal Error] :1:1: Premature end of file.
2025-01-09 15:12:11,787 [ERROR] LogOutputStream:75 - [STDERR_REDIRECT] 
2025-01-09 15:12:11,810 [ERROR] LogOutputStream:75 - [STDERR_REDIRECT] [Fatal Error] :1:1: Premature end of file.
2025-01-09 15:12:11,810 [ERROR] LogOutputStream:75 - [STDERR_REDIRECT] 
2025-01-09 15:12:11,828 [ERROR] LogOutputStream:75 - [STDERR_REDIRECT] [Fatal Error] :1:1: Premature end of file.
2025-01-09 15:12:11,828 [ERROR] LogOutputStream:75 - [STDERR_REDIRECT] 
2025-01-09 15:12:11,849 [ERROR] LogOutputStream:75 - [STDERR_REDIRECT] [Fatal Error] :1:1: Premature end of file.
2025-01-09 15:12:11,849 [ERROR] LogOutputStream:75 - [STDERR_REDIRECT] 
2025-01-09 15:12:11,870 [ERROR] LogOutputStream:75 - [STDERR_REDIRECT] [Fatal Error] :1:1: Premature end of file.
2025-01-09 15:12:11,870 [ERROR] LogOutputStream:75 - [STDERR_REDIRECT] 
2025-01-09 15:12:11,890 [ERROR] LogOutputStream:75 - [STDERR_REDIRECT] [Fatal Error] :1:1: Premature end of file.
2025-01-09 15:12:11,890 [ERROR] LogOutputStream:75 - [STDERR_REDIRECT] 
2025-01-09 15:12:11,910 [ERROR] LogOutputStream:75 - [STDERR_REDIRECT] [Fatal Error] :1:1: Premature end of file.
2025-01-09 15:12:11,910 [ERROR] LogOutputStream:75 - [STDERR_REDIRECT] 
2025-01-09 15:12:11,931 [ERROR] LogOutputStream:75 - [STDERR_REDIRECT] [Fatal Error] :1:1: Premature end of file.
2025-01-09 15:12:11,931 [ERROR] LogOutputStream:75 - [STDERR_REDIRECT] 
2025-01-09 15:12:11,951 [ERROR] LogOutputStream:75 - [STDERR_REDIRECT] [Fatal Error] :1:1: Premature end of file.
2025-01-09 15:12:11,951 [ERROR] LogOutputStream:75 - [STDERR_REDIRECT] 
2025-01-09 15:12:11,972 [ERROR] LogOutputStream:75 - [STDERR_REDIRECT] [Fatal Error] :1:1: Premature end of file.
2025-01-09 15:12:11,972 [ERROR] LogOutputStream:75 - [STDERR_REDIRECT] 
2025-01-09 15:12:12,080 [ERROR] LogOutputStream:75 - [STDERR_REDIRECT] [Fatal Error] :1:1: Premature end of file.
2025-01-09 15:12:12,080 [ERROR] LogOutputStream:75 - [STDERR_REDIRECT] 
2025-01-09 15:12:12,096 [ERROR] LogOutputStream:75 - [STDERR_REDIRECT] [Fatal Error] :1:1: Premature end of file.
2025-01-09 15:12:12,096 [ERROR] LogOutputStream:75 - [STDERR_REDIRECT] 
2025-01-09 15:12:12,116 [ERROR] LogOutputStream:75 - [STDERR_REDIRECT] [Fatal Error] :1:1: Premature end of file.
2025-01-09 15:12:12,116 [ERROR] LogOutputStream:75 - [STDERR_REDIRECT] 
2025-01-09 15:12:12,137 [ERROR] LogOutputStream:75 - [STDERR_REDIRECT] [Fatal Error] :1:1: Premature end of file.
2025-01-09 15:12:12,137 [ERROR] LogOutputStream:75 - [STDERR_REDIRECT] 
2025-01-09 15:12:12,157 [ERROR] LogOutputStream:75 - [STDERR_REDIRECT] [Fatal Error] :1:1: Premature end of file.
2025-01-09 15:12:12,157 [ERROR] LogOutputStream:75 - [STDERR_REDIRECT] 
2025-01-09 15:12:12,178 [ERROR] LogOutputStream:75 - [STDERR_REDIRECT] [Fatal Error] :1:1: Premature end of file.
2025-01-09 15:12:12,178 [ERROR] LogOutputStream:75 - [STDERR_REDIRECT] 
2025-01-09 15:12:12,198 [ERROR] LogOutputStream:75 - [STDERR_REDIRECT] [Fatal Error] :1:1: Premature end of file.
2025-01-09 15:12:12,198 [ERROR] LogOutputStream:75 - [STDERR_REDIRECT] 
2025-01-09 15:12:12,219 [ERROR] LogOutputStream:75 - [STDERR_REDIRECT] [Fatal Error] :1:1: Premature end of file.
2025-01-09 15:12:12,219 [ERROR] LogOutputStream:75 - [STDERR_REDIRECT] 
2025-01-09 15:12:12,239 [ERROR] LogOutputStream:75 - [STDERR_REDIRECT] [Fatal Error] :1:1: Premature end of file.
2025-01-09 15:12:12,239 [ERROR] LogOutputStream:75 - [STDERR_REDIRECT] 
2025-01-09 15:12:12,254 [ERROR] LogOutputStream:75 - [STDERR_REDIRECT] [Fatal Error] :1:1: Premature end of file.
2025-01-09 15:12:12,254 [ERROR] LogOutputStream:75 - [STDERR_REDIRECT] 
2025-01-09 15:12:12,270 [ERROR] LogOutputStream:75 - [STDERR_REDIRECT] [Fatal Error] :1:1: Premature end of file.
2025-01-09 15:12:12,270 [ERROR] LogOutputStream:75 - [STDERR_REDIRECT] 
2025-01-09 15:12:12,290 [ERROR] LogOutputStream:75 - [STDERR_REDIRECT] [Fatal Error] :1:1: Premature end of file.
2025-01-09 15:12:12,290 [ERROR] LogOutputStream:75 - [STDERR_REDIRECT] 
2025-01-09 15:12:12,311 [ERROR] LogOutputStream:75 - [STDERR_REDIRECT] [Fatal Error] :1:1: Premature end of file.
2025-01-09 15:12:12,311 [ERROR] LogOutputStream:75 - [STDERR_REDIRECT] 
2025-01-09 15:12:12,332 [ERROR] LogOutputStream:75 - [STDERR_REDIRECT] [Fatal Error] :1:1: Premature end of file.
2025-01-09 15:12:12,332 [ERROR] LogOutputStream:75 - [STDERR_REDIRECT] 
2025-01-09 15:12:12,352 [ERROR] LogOutputStream:75 - [STDERR_REDIRECT] [Fatal Error] :1:1: Premature end of file.
2025-01-09 15:12:12,352 [ERROR] LogOutputStream:75 - [STDERR_REDIRECT] 
2025-01-09 15:12:12,374 [ERROR] LogOutputStream:75 - [STDERR_REDIRECT] [Fatal Error] :1:1: Premature end of file.
2025-01-09 15:12:12,374 [ERROR] LogOutputStream:75 - [STDERR_REDIRECT] 
2025-01-09 15:12:12,393 [ERROR] LogOutputStream:75 - [STDERR_REDIRECT] [Fatal Error] :1:1: Premature end of file.
2025-01-09 15:12:12,393 [ERROR] LogOutputStream:75 - [STDERR_REDIRECT] 
2025-01-09 15:12:12,413 [ERROR] LogOutputStream:75 - [STDERR_REDIRECT] [Fatal Error] :1:1: Premature end of file.
2025-01-09 15:12:12,413 [ERROR] LogOutputStream:75 - [STDERR_REDIRECT] 
2025-01-09 15:12:12,434 [ERROR] LogOutputStream:75 - [STDERR_REDIRECT] [Fatal Error] :1:1: Premature end of file.
2025-01-09 15:12:12,434 [ERROR] LogOutputStream:75 - [STDERR_REDIRECT] 
2025-01-09 15:12:12,455 [ERROR] LogOutputStream:75 - [STDERR_REDIRECT] [Fatal Error] :1:1: Premature end of file.
2025-01-09 15:12:12,455 [ERROR] LogOutputStream:75 - [STDERR_REDIRECT] 
2025-01-09 15:12:12,476 [ERROR] LogOutputStream:75 - [STDERR_REDIRECT] [Fatal Error] :1:1: Premature end of file.
2025-01-09 15:12:12,476 [ERROR] LogOutputStream:75 - [STDERR_REDIRECT] 
2025-01-09 15:12:12,496 [ERROR] LogOutputStream:75 - [STDERR_REDIRECT] [Fatal Error] :1:1: Premature end of file.
2025-01-09 15:12:12,496 [ERROR] LogOutputStream:75 - [STDERR_REDIRECT] 
2025-01-09 15:12:12,516 [ERROR] LogOutputStream:75 - [STDERR_REDIRECT] [Fatal Error] :1:1: Premature end of file.
2025-01-09 15:12:12,516 [ERROR] LogOutputStream:75 - [STDERR_REDIRECT] 
2025-01-09 15:12:12,537 [ERROR] LogOutputStream:75 - [STDERR_REDIRECT] [Fatal Error] :1:1: Premature end of file.
2025-01-09 15:12:12,537 [ERROR] LogOutputStream:75 - [STDERR_REDIRECT] 
2025-01-09 15:12:12,558 [ERROR] LogOutputStream:75 - [STDERR_REDIRECT] [Fatal Error] :1:1: Premature end of file.
2025-01-09 15:12:12,558 [ERROR] LogOutputStream:75 - [STDERR_REDIRECT] 
2025-01-09 15:12:12,578 [ERROR] LogOutputStream:75 - [STDERR_REDIRECT] [Fatal Error] :1:1: Premature end of file.
2025-01-09 15:12:12,578 [ERROR] LogOutputStream:75 - [STDERR_REDIRECT] 
2025-01-09 15:12:12,599 [ERROR] LogOutputStream:75 - [STDERR_REDIRECT] [Fatal Error] :1:1: Premature end of file.
2025-01-09 15:12:12,599 [ERROR] LogOutputStream:75 - [STDERR_REDIRECT] 
2025-01-09 15:12:12,619 [ERROR] LogOutputStream:75 - [STDERR_REDIRECT] [Fatal Error] :1:1: Premature end of file.
2025-01-09 15:12:12,619 [ERROR] LogOutputStream:75 - [STDERR_REDIRECT] 
2025-01-09 15:12:12,640 [ERROR] LogOutputStream:75 - [STDERR_REDIRECT] [Fatal Error] :1:1: Premature end of file.
2025-01-09 15:12:12,640 [ERROR] LogOutputStream:75 - [STDERR_REDIRECT] 
2025-01-09 15:12:12,660 [ERROR] LogOutputStream:75 - [STDERR_REDIRECT] [Fatal Error] :1:1: Premature end of file.
2025-01-09 15:12:12,660 [ERROR] LogOutputStream:75 - [STDERR_REDIRECT] 
2025-01-09 15:12:12,675 [ERROR] LogOutputStream:75 - [STDERR_REDIRECT] [Fatal Error] :1:1: Premature end of file.
2025-01-09 15:12:12,675 [ERROR] LogOutputStream:75 - [STDERR_REDIRECT] 
2025-01-09 15:12:12,697 [ERROR] LogOutputStream:75 - [STDERR_REDIRECT] [Fatal Error] :1:1: Premature end of file.
2025-01-09 15:12:12,697 [ERROR] LogOutputStream:75 - [STDERR_REDIRECT] 
2025-01-09 15:12:12,722 [ERROR] LogOutputStream:75 - [STDERR_REDIRECT] [Fatal Error] :1:1: Premature end of file.
2025-01-09 15:12:12,722 [ERROR] LogOutputStream:75 - [STDERR_REDIRECT] 
2025-01-09 15:12:12,742 [ERROR] LogOutputStream:75 - [STDERR_REDIRECT] [Fatal Error] :1:1: Premature end of file.
2025-01-09 15:12:12,742 [ERROR] LogOutputStream:75 - [STDERR_REDIRECT] 
2025-01-09 15:12:12,753 [ERROR] LogOutputStream:75 - [STDERR_REDIRECT] [Fatal Error] :1:1: Premature end of file.
2025-01-09 15:12:12,753 [ERROR] LogOutputStream:75 - [STDERR_REDIRECT] 
2025-01-09 15:12:12,773 [ERROR] LogOutputStream:75 - [STDERR_REDIRECT] [Fatal Error] :1:1: Premature end of file.
2025-01-09 15:12:12,773 [ERROR] LogOutputStream:75 - [STDERR_REDIRECT] 
2025-01-09 15:12:12,799 [ERROR] LogOutputStream:75 - [STDERR_REDIRECT] [Fatal Error] :1:1: Premature end of file.
2025-01-09 15:12:12,799 [ERROR] LogOutputStream:75 - [STDERR_REDIRECT] 
2025-01-09 15:12:12,814 [ERROR] LogOutputStream:75 - [STDERR_REDIRECT] [Fatal Error] :1:1: Premature end of file.
2025-01-09 15:12:12,814 [ERROR] LogOutputStream:75 - [STDERR_REDIRECT] 
2025-01-09 15:12:12,834 [ERROR] LogOutputStream:75 - [STDERR_REDIRECT] [Fatal Error] :1:1: Premature end of file.
2025-01-09 15:12:12,834 [ERROR] LogOutputStream:75 - [STDERR_REDIRECT] 
2025-01-09 15:12:12,854 [ERROR] LogOutputStream:75 - [STDERR_REDIRECT] [Fatal Error] :1:1: Premature end of file.
2025-01-09 15:12:12,854 [ERROR] LogOutputStream:75 - [STDERR_REDIRECT] 
2025-01-09 15:12:12,864 [ERROR] LogOutputStream:75 - [STDERR_REDIRECT] [Fatal Error] :1:1: Premature end of file.
2025-01-09 15:12:12,864 [ERROR] LogOutputStream:75 - [STDERR_REDIRECT] 
2025-01-09 15:12:12,886 [ERROR] LogOutputStream:75 - [STDERR_REDIRECT] [Fatal Error] :1:1: Premature end of file.
2025-01-09 15:12:12,886 [ERROR] LogOutputStream:75 - [STDERR_REDIRECT] 
2025-01-09 15:12:12,912 [ERROR] LogOutputStream:75 - [STDERR_REDIRECT] [Fatal Error] :1:1: Premature end of file.
2025-01-09 15:12:12,912 [ERROR] LogOutputStream:75 - [STDERR_REDIRECT] 
2025-01-09 15:12:12,925 [ERROR] LogOutputStream:75 - [STDERR_REDIRECT] [Fatal Error] :1:1: Premature end of file.
2025-01-09 15:12:12,925 [ERROR] LogOutputStream:75 - [STDERR_REDIRECT] 
2025-01-09 15:12:12,946 [ERROR] LogOutputStream:75 - [STDERR_REDIRECT] [Fatal Error] :1:1: Premature end of file.
2025-01-09 15:12:12,946 [ERROR] LogOutputStream:75 - [STDERR_REDIRECT] 
2025-01-09 15:12:12,970 [ERROR] LogOutputStream:75 - [STDERR_REDIRECT] [Fatal Error] :1:1: Premature end of file.
2025-01-09 15:12:12,970 [ERROR] LogOutputStream:75 - [STDERR_REDIRECT] 
2025-01-09 15:12:12,986 [ERROR] LogOutputStream:75 - [STDERR_REDIRECT] [Fatal Error] :1:1: Premature end of file.
2025-01-09 15:12:12,986 [ERROR] LogOutputStream:75 - [STDERR_REDIRECT] 
2025-01-09 15:12:13,012 [ERROR] LogOutputStream:75 - [STDERR_REDIRECT] [Fatal Error] :1:1: Premature end of file.
2025-01-09 15:12:13,012 [ERROR] LogOutputStream:75 - [STDERR_REDIRECT] 
2025-01-09 15:12:13,141 [ERROR] LogOutputStream:75 - [STDERR_REDIRECT] [Fatal Error] :1:1: Premature end of file.
2025-01-09 15:12:13,141 [ERROR] LogOutputStream:75 - [STDERR_REDIRECT] 
2025-01-09 15:12:13,228 [ERROR] LogOutputStream:75 - [STDERR_REDIRECT] [Fatal Error] :1:1: Premature end of file.
2025-01-09 15:12:13,228 [ERROR] LogOutputStream:75 - [STDERR_REDIRECT] 
2025-01-09 15:12:13,243 [ERROR] LogOutputStream:75 - [STDERR_REDIRECT] [Fatal Error] :1:1: Premature end of file.
2025-01-09 15:12:13,243 [ERROR] LogOutputStream:75 - [STDERR_REDIRECT] 
2025-01-09 15:12:13,305 [ERROR] LogOutputStream:75 - [STDERR_REDIRECT] [Fatal Error] :1:1: Premature end of file.
2025-01-09 15:12:13,305 [ERROR] LogOutputStream:75 - [STDERR_REDIRECT] 
2025-01-09 15:12:13,373 [ERROR] LogOutputStream:75 - [STDERR_REDIRECT] [Fatal Error] :1:1: Premature end of file.
2025-01-09 15:12:13,373 [ERROR] LogOutputStream:75 - [STDERR_REDIRECT] 
2025-01-09 15:12:13,417 [ERROR] LogOutputStream:75 - [STDERR_REDIRECT] [Fatal Error] :1:1: Premature end of file.
2025-01-09 15:12:13,417 [ERROR] LogOutputStream:75 - [STDERR_REDIRECT] 
2025-01-09 15:12:13,451 [ERROR] LogOutputStream:75 - [STDERR_REDIRECT] [Fatal Error] :1:1: Premature end of file.
2025-01-09 15:12:13,451 [ERROR] LogOutputStream:75 - [STDERR_REDIRECT] 
2025-01-09 15:12:13,473 [ERROR] LogOutputStream:75 - [STDERR_REDIRECT] [Fatal Error] :1:1: Premature end of file.
2025-01-09 15:12:13,473 [ERROR] LogOutputStream:75 - [STDERR_REDIRECT] 
2025-01-09 15:12:13,488 [ERROR] LogOutputStream:75 - [STDERR_REDIRECT] [Fatal Error] :1:1: Premature end of file.
2025-01-09 15:12:13,488 [ERROR] LogOutputStream:75 - [STDERR_REDIRECT] 
2025-01-09 15:12:13,520 [ERROR] LogOutputStream:75 - [STDERR_REDIRECT] [Fatal Error] :1:1: Premature end of file.
2025-01-09 15:12:13,520 [ERROR] LogOutputStream:75 - [STDERR_REDIRECT] 
2025-01-09 15:12:13,536 [ERROR] LogOutputStream:75 - [STDERR_REDIRECT] [Fatal Error] :1:1: Premature end of file.
2025-01-09 15:12:13,536 [ERROR] LogOutputStream:75 - [STDERR_REDIRECT] 
2025-01-09 15:12:13,552 [ERROR] LogOutputStream:75 - [STDERR_REDIRECT] [Fatal Error] :1:1: Premature end of file.
2025-01-09 15:12:13,552 [ERROR] LogOutputStream:75 - [STDERR_REDIRECT] 
2025-01-09 15:12:13,584 [ERROR] LogOutputStream:75 - [STDERR_REDIRECT] [Fatal Error] :1:1: Premature end of file.
2025-01-09 15:12:13,584 [ERROR] LogOutputStream:75 - [STDERR_REDIRECT] 
2025-01-09 15:12:13,600 [ERROR] LogOutputStream:75 - [STDERR_REDIRECT] [Fatal Error] :1:1: Premature end of file.
2025-01-09 15:12:13,600 [ERROR] LogOutputStream:75 - [STDERR_REDIRECT] 
2025-01-09 15:12:13,632 [ERROR] LogOutputStream:75 - [STDERR_REDIRECT] [Fatal Error] :1:1: Premature end of file.
2025-01-09 15:12:13,632 [ERROR] LogOutputStream:75 - [STDERR_REDIRECT] 
2025-01-09 15:12:13,648 [ERROR] LogOutputStream:75 - [STDERR_REDIRECT] [Fatal Error] :1:1: Premature end of file.
2025-01-09 15:12:13,648 [ERROR] LogOutputStream:75 - [STDERR_REDIRECT] 
2025-01-09 15:12:13,685 [ERROR] LogOutputStream:75 - [STDERR_REDIRECT] [Fatal Error] :1:1: Premature end of file.
2025-01-09 15:12:13,685 [ERROR] LogOutputStream:75 - [STDERR_REDIRECT] 
2025-01-09 15:12:13,722 [ERROR] LogOutputStream:75 - [STDERR_REDIRECT] [Fatal Error] :1:1: Premature end of file.
2025-01-09 15:12:13,722 [ERROR] LogOutputStream:75 - [STDERR_REDIRECT] 
2025-01-09 15:12:13,737 [ERROR] LogOutputStream:75 - [STDERR_REDIRECT] [Fatal Error] :1:1: Premature end of file.
2025-01-09 15:12:13,737 [ERROR] LogOutputStream:75 - [STDERR_REDIRECT] 
2025-01-09 15:12:13,752 [ERROR] LogOutputStream:75 - [STDERR_REDIRECT] [Fatal Error] :1:1: Premature end of file.
2025-01-09 15:12:13,752 [ERROR] LogOutputStream:75 - [STDERR_REDIRECT] 
2025-01-09 15:12:13,784 [ERROR] LogOutputStream:75 - [STDERR_REDIRECT] [Fatal Error] :1:1: Premature end of file.
2025-01-09 15:12:13,784 [ERROR] LogOutputStream:75 - [STDERR_REDIRECT] 
2025-01-09 15:12:13,799 [ERROR] LogOutputStream:75 - [STDERR_REDIRECT] [Fatal Error] :1:1: Premature end of file.
2025-01-09 15:12:13,799 [ERROR] LogOutputStream:75 - [STDERR_REDIRECT] 
2025-01-09 15:12:13,831 [ERROR] LogOutputStream:75 - [STDERR_REDIRECT] [Fatal Error] :1:1: Premature end of file.
2025-01-09 15:12:13,831 [ERROR] LogOutputStream:75 - [STDERR_REDIRECT] 
2025-01-09 15:12:13,847 [ERROR] LogOutputStream:75 - [STDERR_REDIRECT] [Fatal Error] :1:1: Premature end of file.
2025-01-09 15:12:13,847 [ERROR] LogOutputStream:75 - [STDERR_REDIRECT] 
2025-01-09 15:12:13,863 [ERROR] LogOutputStream:75 - [STDERR_REDIRECT] [Fatal Error] :1:1: Premature end of file.
2025-01-09 15:12:13,863 [ERROR] LogOutputStream:75 - [STDERR_REDIRECT] 
2025-01-09 15:12:13,879 [ERROR] LogOutputStream:75 - [STDERR_REDIRECT] [Fatal Error] :1:1: Premature end of file.
2025-01-09 15:12:13,879 [ERROR] LogOutputStream:75 - [STDERR_REDIRECT] 
2025-01-09 15:12:13,914 [ERROR] LogOutputStream:75 - [STDERR_REDIRECT] [Fatal Error] :1:1: Premature end of file.
2025-01-09 15:12:13,914 [ERROR] LogOutputStream:75 - [STDERR_REDIRECT] 
2025-01-09 15:12:13,927 [ERROR] LogOutputStream:75 - [STDERR_REDIRECT] [Fatal Error] :1:1: Premature end of file.
2025-01-09 15:12:13,927 [ERROR] LogOutputStream:75 - [STDERR_REDIRECT] 
2025-01-09 15:12:13,959 [ERROR] LogOutputStream:75 - [STDERR_REDIRECT] [Fatal Error] :1:1: Premature end of file.
2025-01-09 15:12:13,959 [ERROR] LogOutputStream:75 - [STDERR_REDIRECT] 
2025-01-09 15:12:13,975 [ERROR] LogOutputStream:75 - [STDERR_REDIRECT] [Fatal Error] :1:1: Premature end of file.
2025-01-09 15:12:13,975 [ERROR] LogOutputStream:75 - [STDERR_REDIRECT] 
2025-01-09 15:12:13,991 [ERROR] LogOutputStream:75 - [STDERR_REDIRECT] [Fatal Error] :1:1: Premature end of file.
2025-01-09 15:12:13,991 [ERROR] LogOutputStream:75 - [STDERR_REDIRECT] 
2025-01-09 15:12:14,014 [ERROR] LogOutputStream:75 - [STDERR_REDIRECT] [Fatal Error] :1:1: Premature end of file.
2025-01-09 15:12:14,014 [ERROR] LogOutputStream:75 - [STDERR_REDIRECT] 
2025-01-09 15:12:14,023 [ERROR] LogOutputStream:75 - [STDERR_REDIRECT] [Fatal Error] :1:1: Premature end of file.
2025-01-09 15:12:14,023 [ERROR] LogOutputStream:75 - [STDERR_REDIRECT] 
2025-01-09 15:12:14,054 [ERROR] LogOutputStream:75 - [STDERR_REDIRECT] [Fatal Error] :1:1: Premature end of file.
2025-01-09 15:12:14,054 [ERROR] LogOutputStream:75 - [STDERR_REDIRECT] 
2025-01-09 15:12:14,070 [ERROR] LogOutputStream:75 - [STDERR_REDIRECT] [Fatal Error] :1:1: Premature end of file.
2025-01-09 15:12:14,070 [ERROR] LogOutputStream:75 - [STDERR_REDIRECT] 
2025-01-09 15:12:14,086 [ERROR] LogOutputStream:75 - [STDERR_REDIRECT] [Fatal Error] :1:1: Premature end of file.
2025-01-09 15:12:14,086 [ERROR] LogOutputStream:75 - [STDERR_REDIRECT] 
2025-01-09 15:12:14,102 [ERROR] LogOutputStream:75 - [STDERR_REDIRECT] [Fatal Error] :1:1: Premature end of file.
2025-01-09 15:12:14,102 [ERROR] LogOutputStream:75 - [STDERR_REDIRECT] 
2025-01-09 15:12:14,118 [ERROR] LogOutputStream:75 - [STDERR_REDIRECT] [Fatal Error] :1:1: Premature end of file.
2025-01-09 15:12:14,118 [ERROR] LogOutputStream:75 - [STDERR_REDIRECT] 
2025-01-09 15:12:14,134 [ERROR] LogOutputStream:75 - [STDERR_REDIRECT] [Fatal Error] :1:1: Premature end of file.
2025-01-09 15:12:14,134 [ERROR] LogOutputStream:75 - [STDERR_REDIRECT] 
2025-01-09 15:12:14,150 [ERROR] LogOutputStream:75 - [STDERR_REDIRECT] [Fatal Error] :1:1: Premature end of file.
2025-01-09 15:12:14,150 [ERROR] LogOutputStream:75 - [STDERR_REDIRECT] 
2025-01-09 15:12:14,182 [ERROR] LogOutputStream:75 - [STDERR_REDIRECT] [Fatal Error] :1:1: Premature end of file.
2025-01-09 15:12:14,182 [ERROR] LogOutputStream:75 - [STDERR_REDIRECT] 
2025-01-09 15:12:14,198 [ERROR] LogOutputStream:75 - [STDERR_REDIRECT] [Fatal Error] :1:1: Premature end of file.
2025-01-09 15:12:14,198 [ERROR] LogOutputStream:75 - [STDERR_REDIRECT] 
2025-01-09 15:12:14,215 [ERROR] LogOutputStream:75 - [STDERR_REDIRECT] [Fatal Error] :1:1: Premature end of file.
2025-01-09 15:12:14,215 [ERROR] LogOutputStream:75 - [STDERR_REDIRECT] 
2025-01-09 15:12:14,230 [ERROR] LogOutputStream:75 - [STDERR_REDIRECT] [Fatal Error] :1:1: Premature end of file.
2025-01-09 15:12:14,230 [ERROR] LogOutputStream:75 - [STDERR_REDIRECT] 
2025-01-09 15:12:14,246 [ERROR] LogOutputStream:75 - [STDERR_REDIRECT] [Fatal Error] :1:1: Premature end of file.
2025-01-09 15:12:14,246 [ERROR] LogOutputStream:75 - [STDERR_REDIRECT] 
2025-01-09 15:12:14,262 [ERROR] LogOutputStream:75 - [STDERR_REDIRECT] [Fatal Error] :1:1: Premature end of file.
2025-01-09 15:12:14,262 [ERROR] LogOutputStream:75 - [STDERR_REDIRECT] 
2025-01-09 15:12:14,294 [ERROR] LogOutputStream:75 - [STDERR_REDIRECT] [Fatal Error] :1:1: Premature end of file.
2025-01-09 15:12:14,294 [ERROR] LogOutputStream:75 - [STDERR_REDIRECT] 
2025-01-09 15:12:14,315 [ERROR] LogOutputStream:75 - [STDERR_REDIRECT] [Fatal Error] :1:1: Premature end of file.
2025-01-09 15:12:14,315 [ERROR] LogOutputStream:75 - [STDERR_REDIRECT] 
2025-01-09 15:12:14,326 [ERROR] LogOutputStream:75 - [STDERR_REDIRECT] [Fatal Error] :1:1: Premature end of file.
2025-01-09 15:12:14,326 [ERROR] LogOutputStream:75 - [STDERR_REDIRECT] 
2025-01-09 15:12:14,358 [ERROR] LogOutputStream:75 - [STDERR_REDIRECT] [Fatal Error] :1:1: Premature end of file.
2025-01-09 15:12:14,358 [ERROR] LogOutputStream:75 - [STDERR_REDIRECT] 
2025-01-09 15:12:14,374 [ERROR] LogOutputStream:75 - [STDERR_REDIRECT] [Fatal Error] :1:1: Premature end of file.
2025-01-09 15:12:14,374 [ERROR] LogOutputStream:75 - [STDERR_REDIRECT] 
2025-01-09 15:12:14,390 [ERROR] LogOutputStream:75 - [STDERR_REDIRECT] [Fatal Error] :1:1: Premature end of file.
2025-01-09 15:12:14,390 [ERROR] LogOutputStream:75 - [STDERR_REDIRECT] 
2025-01-09 15:12:14,407 [ERROR] LogOutputStream:75 - [STDERR_REDIRECT] [Fatal Error] :1:1: Premature end of file.
2025-01-09 15:12:14,407 [ERROR] LogOutputStream:75 - [STDERR_REDIRECT] 
2025-01-09 15:12:14,422 [ERROR] LogOutputStream:75 - [STDERR_REDIRECT] [Fatal Error] :1:1: Premature end of file.
2025-01-09 15:12:14,422 [ERROR] LogOutputStream:75 - [STDERR_REDIRECT] 
2025-01-09 15:12:14,438 [ERROR] LogOutputStream:75 - [STDERR_REDIRECT] [Fatal Error] :1:1: Premature end of file.
2025-01-09 15:12:14,438 [ERROR] LogOutputStream:75 - [STDERR_REDIRECT] 
2025-01-09 15:12:14,454 [ERROR] LogOutputStream:75 - [STDERR_REDIRECT] [Fatal Error] :1:1: Premature end of file.
2025-01-09 15:12:14,454 [ERROR] LogOutputStream:75 - [STDERR_REDIRECT] 
2025-01-09 15:12:14,470 [ERROR] LogOutputStream:75 - [STDERR_REDIRECT] [Fatal Error] :1:1: Premature end of file.
2025-01-09 15:12:14,470 [ERROR] LogOutputStream:75 - [STDERR_REDIRECT] 
2025-01-09 15:12:14,486 [ERROR] LogOutputStream:75 - [STDERR_REDIRECT] [Fatal Error] :1:1: Premature end of file.
2025-01-09 15:12:14,486 [ERROR] LogOutputStream:75 - [STDERR_REDIRECT] 
2025-01-09 15:12:14,518 [ERROR] LogOutputStream:75 - [STDERR_REDIRECT] [Fatal Error] :1:1: Premature end of file.
2025-01-09 15:12:14,518 [ERROR] LogOutputStream:75 - [STDERR_REDIRECT] 
2025-01-09 15:12:14,534 [ERROR] LogOutputStream:75 - [STDERR_REDIRECT] [Fatal Error] :1:1: Premature end of file.
2025-01-09 15:12:14,534 [ERROR] LogOutputStream:75 - [STDERR_REDIRECT] 
2025-01-09 15:12:14,550 [ERROR] LogOutputStream:75 - [STDERR_REDIRECT] [Fatal Error] :1:1: Premature end of file.
2025-01-09 15:12:14,550 [ERROR] LogOutputStream:75 - [STDERR_REDIRECT] 
2025-01-09 15:12:14,566 [ERROR] LogOutputStream:75 - [STDERR_REDIRECT] [Fatal Error] :1:1: Premature end of file.
2025-01-09 15:12:14,566 [ERROR] LogOutputStream:75 - [STDERR_REDIRECT] 
2025-01-09 15:12:14,598 [ERROR] LogOutputStream:75 - [STDERR_REDIRECT] [Fatal Error] :1:1: Premature end of file.
2025-01-09 15:12:14,598 [ERROR] LogOutputStream:75 - [STDERR_REDIRECT] 
2025-01-09 15:12:14,615 [ERROR] LogOutputStream:75 - [STDERR_REDIRECT] [Fatal Error] :1:1: Premature end of file.
2025-01-09 15:12:14,615 [ERROR] LogOutputStream:75 - [STDERR_REDIRECT] 
2025-01-09 15:12:14,630 [ERROR] LogOutputStream:75 - [STDERR_REDIRECT] [Fatal Error] :1:1: Premature end of file.
2025-01-09 15:12:14,630 [ERROR] LogOutputStream:75 - [STDERR_REDIRECT] 
2025-01-09 15:12:14,646 [ERROR] LogOutputStream:75 - [STDERR_REDIRECT] [Fatal Error] :1:1: Premature end of file.
2025-01-09 15:12:14,646 [ERROR] LogOutputStream:75 - [STDERR_REDIRECT] 
2025-01-09 15:12:14,678 [ERROR] LogOutputStream:75 - [STDERR_REDIRECT] [Fatal Error] :1:1: Premature end of file.
2025-01-09 15:12:14,678 [ERROR] LogOutputStream:75 - [STDERR_REDIRECT] 
2025-01-09 15:12:14,694 [ERROR] LogOutputStream:75 - [STDERR_REDIRECT] [Fatal Error] :1:1: Premature end of file.
2025-01-09 15:12:14,694 [ERROR] LogOutputStream:75 - [STDERR_REDIRECT] 
2025-01-09 15:12:14,719 [ERROR] LogOutputStream:75 - [STDERR_REDIRECT] [Fatal Error] :1:1: Premature end of file.
2025-01-09 15:12:14,719 [ERROR] LogOutputStream:75 - [STDERR_REDIRECT] 
2025-01-09 15:12:14,728 [ERROR] LogOutputStream:75 - [STDERR_REDIRECT] [Fatal Error] :1:1: Premature end of file.
2025-01-09 15:12:14,728 [ERROR] LogOutputStream:75 - [STDERR_REDIRECT] 
2025-01-09 15:12:14,742 [ERROR] LogOutputStream:75 - [STDERR_REDIRECT] [Fatal Error] :1:1: Premature end of file.
2025-01-09 15:12:14,742 [ERROR] LogOutputStream:75 - [STDERR_REDIRECT] 
2025-01-09 15:12:14,774 [ERROR] LogOutputStream:75 - [STDERR_REDIRECT] [Fatal Error] :1:1: Premature end of file.
2025-01-09 15:12:14,774 [ERROR] LogOutputStream:75 - [STDERR_REDIRECT] 
2025-01-09 15:12:14,790 [ERROR] LogOutputStream:75 - [STDERR_REDIRECT] [Fatal Error] :1:1: Premature end of file.
2025-01-09 15:12:14,790 [ERROR] LogOutputStream:75 - [STDERR_REDIRECT] 
2025-01-09 15:12:14,815 [ERROR] LogOutputStream:75 - [STDERR_REDIRECT] [Fatal Error] :1:1: Premature end of file.
2025-01-09 15:12:14,815 [ERROR] LogOutputStream:75 - [STDERR_REDIRECT] 
2025-01-09 15:12:14,822 [ERROR] LogOutputStream:75 - [STDERR_REDIRECT] [Fatal Error] :1:1: Premature end of file.
2025-01-09 15:12:14,822 [ERROR] LogOutputStream:75 - [STDERR_REDIRECT] 
2025-01-09 15:12:14,854 [ERROR] LogOutputStream:75 - [STDERR_REDIRECT] [Fatal Error] :1:1: Premature end of file.
2025-01-09 15:12:14,854 [ERROR] LogOutputStream:75 - [STDERR_REDIRECT] 
2025-01-09 15:12:14,870 [ERROR] LogOutputStream:75 - [STDERR_REDIRECT] [Fatal Error] :1:1: Premature end of file.
2025-01-09 15:12:14,870 [ERROR] LogOutputStream:75 - [STDERR_REDIRECT] 
2025-01-09 15:12:14,902 [ERROR] LogOutputStream:75 - [STDERR_REDIRECT] [Fatal Error] :1:1: Premature end of file.
2025-01-09 15:12:14,902 [ERROR] LogOutputStream:75 - [STDERR_REDIRECT] 
2025-01-09 15:12:14,918 [ERROR] LogOutputStream:75 - [STDERR_REDIRECT] [Fatal Error] :1:1: Premature end of file.
2025-01-09 15:12:14,918 [ERROR] LogOutputStream:75 - [STDERR_REDIRECT] 
2025-01-09 15:12:14,934 [ERROR] LogOutputStream:75 - [STDERR_REDIRECT] [Fatal Error] :1:1: Premature end of file.
2025-01-09 15:12:14,934 [ERROR] LogOutputStream:75 - [STDERR_REDIRECT] 
2025-01-09 15:12:14,950 [ERROR] LogOutputStream:75 - [STDERR_REDIRECT] [Fatal Error] :1:1: Premature end of file.
2025-01-09 15:12:14,950 [ERROR] LogOutputStream:75 - [STDERR_REDIRECT] 
2025-01-09 15:12:14,982 [ERROR] LogOutputStream:75 - [STDERR_REDIRECT] [Fatal Error] :1:1: Premature end of file.
2025-01-09 15:12:14,982 [ERROR] LogOutputStream:75 - [STDERR_REDIRECT] 
2025-01-09 15:12:14,998 [ERROR] LogOutputStream:75 - [STDERR_REDIRECT] [Fatal Error] :1:1: Premature end of file.
2025-01-09 15:12:14,998 [ERROR] LogOutputStream:75 - [STDERR_REDIRECT] 
2025-01-09 15:12:15,015 [ERROR] LogOutputStream:75 - [STDERR_REDIRECT] [Fatal Error] :1:1: Premature end of file.
2025-01-09 15:12:15,015 [ERROR] LogOutputStream:75 - [STDERR_REDIRECT] 
2025-01-09 15:12:15,030 [ERROR] LogOutputStream:75 - [STDERR_REDIRECT] [Fatal Error] :1:1: Premature end of file.
2025-01-09 15:12:15,046 [ERROR] LogOutputStream:75 - [STDERR_REDIRECT] 
2025-01-09 15:12:15,062 [ERROR] LogOutputStream:75 - [STDERR_REDIRECT] [Fatal Error] :1:1: Premature end of file.
2025-01-09 15:12:15,062 [ERROR] LogOutputStream:75 - [STDERR_REDIRECT] 
2025-01-09 15:12:15,078 [ERROR] LogOutputStream:75 - [STDERR_REDIRECT] [Fatal Error] :1:1: Premature end of file.
2025-01-09 15:12:15,078 [ERROR] LogOutputStream:75 - [STDERR_REDIRECT] 
2025-01-09 15:12:15,094 [ERROR] LogOutputStream:75 - [STDERR_REDIRECT] [Fatal Error] :1:1: Premature end of file.
2025-01-09 15:12:15,094 [ERROR] LogOutputStream:75 - [STDERR_REDIRECT] 
2025-01-09 15:12:15,116 [ERROR] LogOutputStream:75 - [STDERR_REDIRECT] [Fatal Error] :1:1: Premature end of file.
2025-01-09 15:12:15,116 [ERROR] LogOutputStream:75 - [STDERR_REDIRECT] 
2025-01-09 15:12:15,126 [ERROR] LogOutputStream:75 - [STDERR_REDIRECT] [Fatal Error] :1:1: Premature end of file.
2025-01-09 15:12:15,126 [ERROR] LogOutputStream:75 - [STDERR_REDIRECT] 
2025-01-09 15:12:15,158 [ERROR] LogOutputStream:75 - [STDERR_REDIRECT] [Fatal Error] :1:1: Premature end of file.
2025-01-09 15:12:15,158 [ERROR] LogOutputStream:75 - [STDERR_REDIRECT] 
2025-01-09 15:12:15,174 [ERROR] LogOutputStream:75 - [STDERR_REDIRECT] [Fatal Error] :1:1: Premature end of file.
2025-01-09 15:12:15,174 [ERROR] LogOutputStream:75 - [STDERR_REDIRECT] 
2025-01-09 15:12:15,190 [ERROR] LogOutputStream:75 - [STDERR_REDIRECT] [Fatal Error] :1:1: Premature end of file.
2025-01-09 15:12:15,190 [ERROR] LogOutputStream:75 - [STDERR_REDIRECT] 
2025-01-09 15:12:15,206 [ERROR] LogOutputStream:75 - [STDERR_REDIRECT] [Fatal Error] :1:1: Premature end of file.
2025-01-09 15:12:15,206 [ERROR] LogOutputStream:75 - [STDERR_REDIRECT] 
2025-01-09 15:12:15,221 [ERROR] LogOutputStream:75 - [STDERR_REDIRECT] [Fatal Error] :1:1: Premature end of file.
2025-01-09 15:12:15,221 [ERROR] LogOutputStream:75 - [STDERR_REDIRECT] 
2025-01-09 15:12:15,238 [ERROR] LogOutputStream:75 - [STDERR_REDIRECT] [Fatal Error] :1:1: Premature end of file.
2025-01-09 15:12:15,238 [ERROR] LogOutputStream:75 - [STDERR_REDIRECT] 
2025-01-09 15:12:15,270 [ERROR] LogOutputStream:75 - [STDERR_REDIRECT] [Fatal Error] :1:1: Premature end of file.
2025-01-09 15:12:15,270 [ERROR] LogOutputStream:75 - [STDERR_REDIRECT] 
2025-01-09 15:12:15,286 [ERROR] LogOutputStream:75 - [STDERR_REDIRECT] [Fatal Error] :1:1: Premature end of file.
2025-01-09 15:12:15,286 [ERROR] LogOutputStream:75 - [STDERR_REDIRECT] 
2025-01-09 15:12:15,302 [ERROR] LogOutputStream:75 - [STDERR_REDIRECT] [Fatal Error] :1:1: Premature end of file.
2025-01-09 15:12:15,302 [ERROR] LogOutputStream:75 - [STDERR_REDIRECT] 
2025-01-09 15:12:15,318 [ERROR] LogOutputStream:75 - [STDERR_REDIRECT] [Fatal Error] :1:1: Premature end of file.
2025-01-09 15:12:15,318 [ERROR] LogOutputStream:75 - [STDERR_REDIRECT] 
2025-01-09 15:12:15,333 [ERROR] LogOutputStream:75 - [STDERR_REDIRECT] [Fatal Error] :1:1: Premature end of file.
2025-01-09 15:12:15,333 [ERROR] LogOutputStream:75 - [STDERR_REDIRECT] 
2025-01-09 15:12:15,349 [ERROR] LogOutputStream:75 - [STDERR_REDIRECT] [Fatal Error] :1:1: Premature end of file.
2025-01-09 15:12:15,349 [ERROR] LogOutputStream:75 - [STDERR_REDIRECT] 
2025-01-09 15:12:15,365 [ERROR] LogOutputStream:75 - [STDERR_REDIRECT] [Fatal Error] :1:1: Premature end of file.
2025-01-09 15:12:15,365 [ERROR] LogOutputStream:75 - [STDERR_REDIRECT] 
2025-01-09 15:12:15,397 [ERROR] LogOutputStream:75 - [STDERR_REDIRECT] [Fatal Error] :1:1: Premature end of file.
2025-01-09 15:12:15,397 [ERROR] LogOutputStream:75 - [STDERR_REDIRECT] 
2025-01-09 15:12:15,416 [ERROR] LogOutputStream:75 - [STDERR_REDIRECT] [Fatal Error] :1:1: Premature end of file.
2025-01-09 15:12:15,416 [ERROR] LogOutputStream:75 - [STDERR_REDIRECT] 
2025-01-09 15:12:15,429 [ERROR] LogOutputStream:75 - [STDERR_REDIRECT] [Fatal Error] :1:1: Premature end of file.
2025-01-09 15:12:15,429 [ERROR] LogOutputStream:75 - [STDERR_REDIRECT] 
2025-01-09 15:12:15,461 [ERROR] LogOutputStream:75 - [STDERR_REDIRECT] [Fatal Error] :1:1: Premature end of file.
2025-01-09 15:12:15,461 [ERROR] LogOutputStream:75 - [STDERR_REDIRECT] 
2025-01-09 15:12:15,477 [ERROR] LogOutputStream:75 - [STDERR_REDIRECT] [Fatal Error] :1:1: Premature end of file.
2025-01-09 15:12:15,477 [ERROR] LogOutputStream:75 - [STDERR_REDIRECT] 
2025-01-09 15:12:15,493 [ERROR] LogOutputStream:75 - [STDERR_REDIRECT] [Fatal Error] :1:1: Premature end of file.
2025-01-09 15:12:15,493 [ERROR] LogOutputStream:75 - [STDERR_REDIRECT] 
2025-01-09 15:12:15,525 [ERROR] LogOutputStream:75 - [STDERR_REDIRECT] [Fatal Error] :1:1: Premature end of file.
2025-01-09 15:12:15,525 [ERROR] LogOutputStream:75 - [STDERR_REDIRECT] 
2025-01-09 15:12:15,547 [ERROR] LogOutputStream:75 - [STDERR_REDIRECT] [Fatal Error] :1:1: Premature end of file.
2025-01-09 15:12:15,547 [ERROR] LogOutputStream:75 - [STDERR_REDIRECT] 
2025-01-09 15:12:15,573 [ERROR] LogOutputStream:75 - [STDERR_REDIRECT] [Fatal Error] :1:1: Premature end of file.
2025-01-09 15:12:15,573 [ERROR] LogOutputStream:75 - [STDERR_REDIRECT] 
2025-01-09 15:12:15,589 [ERROR] LogOutputStream:75 - [STDERR_REDIRECT] [Fatal Error] :1:1: Premature end of file.
2025-01-09 15:12:15,589 [ERROR] LogOutputStream:75 - [STDERR_REDIRECT] 
2025-01-09 15:12:15,605 [ERROR] LogOutputStream:75 - [STDERR_REDIRECT] [Fatal Error] :1:1: Premature end of file.
2025-01-09 15:12:15,605 [ERROR] LogOutputStream:75 - [STDERR_REDIRECT] 
2025-01-09 15:12:15,621 [ERROR] LogOutputStream:75 - [STDERR_REDIRECT] [Fatal Error] :1:1: Premature end of file.
2025-01-09 15:12:15,621 [ERROR] LogOutputStream:75 - [STDERR_REDIRECT] 
2025-01-09 15:12:15,637 [ERROR] LogOutputStream:75 - [STDERR_REDIRECT] [Fatal Error] :1:1: Premature end of file.
2025-01-09 15:12:15,637 [ERROR] LogOutputStream:75 - [STDERR_REDIRECT] 
2025-01-09 15:12:15,669 [ERROR] LogOutputStream:75 - [STDERR_REDIRECT] [Fatal Error] :1:1: Premature end of file.
2025-01-09 15:12:15,669 [ERROR] LogOutputStream:75 - [STDERR_REDIRECT] 
2025-01-09 15:12:15,685 [ERROR] LogOutputStream:75 - [STDERR_REDIRECT] [Fatal Error] :1:1: Premature end of file.
2025-01-09 15:12:15,685 [ERROR] LogOutputStream:75 - [STDERR_REDIRECT] 
2025-01-09 15:12:15,701 [ERROR] LogOutputStream:75 - [STDERR_REDIRECT] [Fatal Error] :1:1: Premature end of file.
2025-01-09 15:12:15,701 [ERROR] LogOutputStream:75 - [STDERR_REDIRECT] 
2025-01-09 15:12:15,717 [ERROR] LogOutputStream:75 - [STDERR_REDIRECT] [Fatal Error] :1:1: Premature end of file.
2025-01-09 15:12:15,717 [ERROR] LogOutputStream:75 - [STDERR_REDIRECT] 
2025-01-09 15:12:15,733 [ERROR] LogOutputStream:75 - [STDERR_REDIRECT] [Fatal Error] :1:1: Premature end of file.
2025-01-09 15:12:15,733 [ERROR] LogOutputStream:75 - [STDERR_REDIRECT] 
2025-01-09 15:12:15,749 [ERROR] LogOutputStream:75 - [STDERR_REDIRECT] [Fatal Error] :1:1: Premature end of file.
2025-01-09 15:12:15,749 [ERROR] LogOutputStream:75 - [STDERR_REDIRECT] 
2025-01-09 15:12:15,764 [ERROR] LogOutputStream:75 - [STDERR_REDIRECT] [Fatal Error] :1:1: Premature end of file.
2025-01-09 15:12:15,764 [ERROR] LogOutputStream:75 - [STDERR_REDIRECT] 
2025-01-09 15:12:15,796 [ERROR] LogOutputStream:75 - [STDERR_REDIRECT] [Fatal Error] :1:1: Premature end of file.
2025-01-09 15:12:15,796 [ERROR] LogOutputStream:75 - [STDERR_REDIRECT] 
2025-01-09 15:12:15,812 [ERROR] LogOutputStream:75 - [STDERR_REDIRECT] [Fatal Error] :1:1: Premature end of file.
2025-01-09 15:12:15,812 [ERROR] LogOutputStream:75 - [STDERR_REDIRECT] 
2025-01-09 15:12:15,828 [ERROR] LogOutputStream:75 - [STDERR_REDIRECT] [Fatal Error] :1:1: Premature end of file.
2025-01-09 15:12:15,828 [ERROR] LogOutputStream:75 - [STDERR_REDIRECT] 
2025-01-09 15:12:15,844 [ERROR] LogOutputStream:75 - [STDERR_REDIRECT] [Fatal Error] :1:1: Premature end of file.
2025-01-09 15:12:15,844 [ERROR] LogOutputStream:75 - [STDERR_REDIRECT] 
2025-01-09 15:12:15,860 [ERROR] LogOutputStream:75 - [STDERR_REDIRECT] [Fatal Error] :1:1: Premature end of file.
2025-01-09 15:12:15,860 [ERROR] LogOutputStream:75 - [STDERR_REDIRECT] 
2025-01-09 15:12:15,876 [ERROR] LogOutputStream:75 - [STDERR_REDIRECT] [Fatal Error] :1:1: Premature end of file.
2025-01-09 15:12:15,876 [ERROR] LogOutputStream:75 - [STDERR_REDIRECT] 
2025-01-09 15:12:15,892 [ERROR] LogOutputStream:75 - [STDERR_REDIRECT] [Fatal Error] :1:1: Premature end of file.
2025-01-09 15:12:15,892 [ERROR] LogOutputStream:75 - [STDERR_REDIRECT] 
2025-01-09 15:12:15,917 [ERROR] LogOutputStream:75 - [STDERR_REDIRECT] [Fatal Error] :1:1: Premature end of file.
2025-01-09 15:12:15,917 [ERROR] LogOutputStream:75 - [STDERR_REDIRECT] 
2025-01-09 15:12:15,940 [ERROR] LogOutputStream:75 - [STDERR_REDIRECT] [Fatal Error] :1:1: Premature end of file.
2025-01-09 15:12:15,940 [ERROR] LogOutputStream:75 - [STDERR_REDIRECT] 
2025-01-09 15:12:15,956 [ERROR] LogOutputStream:75 - [STDERR_REDIRECT] [Fatal Error] :1:1: Premature end of file.
2025-01-09 15:12:15,956 [ERROR] LogOutputStream:75 - [STDERR_REDIRECT] 
2025-01-09 15:12:15,972 [ERROR] LogOutputStream:75 - [STDERR_REDIRECT] [Fatal Error] :1:1: Premature end of file.
2025-01-09 15:12:15,972 [ERROR] LogOutputStream:75 - [STDERR_REDIRECT] 
2025-01-09 15:12:15,988 [ERROR] LogOutputStream:75 - [STDERR_REDIRECT] [Fatal Error] :1:1: Premature end of file.
2025-01-09 15:12:15,988 [ERROR] LogOutputStream:75 - [STDERR_REDIRECT] 
2025-01-09 15:12:16,004 [ERROR] LogOutputStream:75 - [STDERR_REDIRECT] [Fatal Error] :1:1: Premature end of file.
2025-01-09 15:12:16,004 [ERROR] LogOutputStream:75 - [STDERR_REDIRECT] 
2025-01-09 15:12:16,020 [ERROR] LogOutputStream:75 - [STDERR_REDIRECT] [Fatal Error] :1:1: Premature end of file.
2025-01-09 15:12:16,036 [ERROR] LogOutputStream:75 - [STDERR_REDIRECT] 
2025-01-09 15:12:16,052 [ERROR] LogOutputStream:75 - [STDERR_REDIRECT] [Fatal Error] :1:1: Premature end of file.
2025-01-09 15:12:16,052 [ERROR] LogOutputStream:75 - [STDERR_REDIRECT] 
2025-01-09 15:12:16,068 [ERROR] LogOutputStream:75 - [STDERR_REDIRECT] [Fatal Error] :1:1: Premature end of file.
2025-01-09 15:12:16,068 [ERROR] LogOutputStream:75 - [STDERR_REDIRECT] 
2025-01-09 15:12:16,084 [ERROR] LogOutputStream:75 - [STDERR_REDIRECT] [Fatal Error] :1:1: Premature end of file.
2025-01-09 15:12:16,084 [ERROR] LogOutputStream:75 - [STDERR_REDIRECT] 
2025-01-09 15:12:16,118 [ERROR] LogOutputStream:75 - [STDERR_REDIRECT] [Fatal Error] :1:1: Premature end of file.
2025-01-09 15:12:16,118 [ERROR] LogOutputStream:75 - [STDERR_REDIRECT] 
2025-01-09 15:12:16,131 [ERROR] LogOutputStream:75 - [STDERR_REDIRECT] [Fatal Error] :1:1: Premature end of file.
2025-01-09 15:12:16,131 [ERROR] LogOutputStream:75 - [STDERR_REDIRECT] 
2025-01-09 15:12:16,147 [ERROR] LogOutputStream:75 - [STDERR_REDIRECT] [Fatal Error] :1:1: Premature end of file.
2025-01-09 15:12:16,147 [ERROR] LogOutputStream:75 - [STDERR_REDIRECT] 
2025-01-09 15:12:16,179 [ERROR] LogOutputStream:75 - [STDERR_REDIRECT] [Fatal Error] :1:1: Premature end of file.
2025-01-09 15:12:16,179 [ERROR] LogOutputStream:75 - [STDERR_REDIRECT] 
2025-01-09 15:12:16,195 [ERROR] LogOutputStream:75 - [STDERR_REDIRECT] [Fatal Error] :1:1: Premature end of file.
2025-01-09 15:12:16,195 [ERROR] LogOutputStream:75 - [STDERR_REDIRECT] 
2025-01-09 15:12:16,218 [ERROR] LogOutputStream:75 - [STDERR_REDIRECT] [Fatal Error] :1:1: Premature end of file.
2025-01-09 15:12:16,218 [ERROR] LogOutputStream:75 - [STDERR_REDIRECT] 
2025-01-09 15:12:16,227 [ERROR] LogOutputStream:75 - [STDERR_REDIRECT] [Fatal Error] :1:1: Premature end of file.
2025-01-09 15:12:16,227 [ERROR] LogOutputStream:75 - [STDERR_REDIRECT] 
2025-01-09 15:12:16,243 [ERROR] LogOutputStream:75 - [STDERR_REDIRECT] [Fatal Error] :1:1: Premature end of file.
2025-01-09 15:12:16,243 [ERROR] LogOutputStream:75 - [STDERR_REDIRECT] 
2025-01-09 15:12:16,275 [ERROR] LogOutputStream:75 - [STDERR_REDIRECT] [Fatal Error] :1:1: Premature end of file.
2025-01-09 15:12:16,275 [ERROR] LogOutputStream:75 - [STDERR_REDIRECT] 
2025-01-09 15:12:16,290 [ERROR] LogOutputStream:75 - [STDERR_REDIRECT] [Fatal Error] :1:1: Premature end of file.
2025-01-09 15:12:16,290 [ERROR] LogOutputStream:75 - [STDERR_REDIRECT] 
2025-01-09 15:12:16,306 [ERROR] LogOutputStream:75 - [STDERR_REDIRECT] [Fatal Error] :1:1: Premature end of file.
2025-01-09 15:12:16,306 [ERROR] LogOutputStream:75 - [STDERR_REDIRECT] 
2025-01-09 15:12:16,322 [ERROR] LogOutputStream:75 - [STDERR_REDIRECT] [Fatal Error] :1:1: Premature end of file.
2025-01-09 15:12:16,322 [ERROR] LogOutputStream:75 - [STDERR_REDIRECT] 
2025-01-09 15:12:16,338 [ERROR] LogOutputStream:75 - [STDERR_REDIRECT] [Fatal Error] :1:1: Premature end of file.
2025-01-09 15:12:16,338 [ERROR] LogOutputStream:75 - [STDERR_REDIRECT] 
2025-01-09 15:12:16,354 [ERROR] LogOutputStream:75 - [STDERR_REDIRECT] [Fatal Error] :1:1: Premature end of file.
2025-01-09 15:12:16,354 [ERROR] LogOutputStream:75 - [STDERR_REDIRECT] 
2025-01-09 15:12:16,370 [ERROR] LogOutputStream:75 - [STDERR_REDIRECT] [Fatal Error] :1:1: Premature end of file.
2025-01-09 15:12:16,370 [ERROR] LogOutputStream:75 - [STDERR_REDIRECT] 
2025-01-09 15:12:16,386 [ERROR] LogOutputStream:75 - [STDERR_REDIRECT] [Fatal Error] :1:1: Premature end of file.
2025-01-09 15:12:16,386 [ERROR] LogOutputStream:75 - [STDERR_REDIRECT] 
2025-01-09 15:12:16,405 [ERROR] LogOutputStream:75 - [STDERR_REDIRECT] [Fatal Error] :1:1: Premature end of file.
2025-01-09 15:12:16,405 [ERROR] LogOutputStream:75 - [STDERR_REDIRECT] 
2025-01-09 15:12:16,434 [ERROR] LogOutputStream:75 - [STDERR_REDIRECT] [Fatal Error] :1:1: Premature end of file.
2025-01-09 15:12:16,434 [ERROR] LogOutputStream:75 - [STDERR_REDIRECT] 
2025-01-09 15:12:16,450 [ERROR] LogOutputStream:75 - [STDERR_REDIRECT] [Fatal Error] :1:1: Premature end of file.
2025-01-09 15:12:16,450 [ERROR] LogOutputStream:75 - [STDERR_REDIRECT] 
2025-01-09 15:12:16,466 [ERROR] LogOutputStream:75 - [STDERR_REDIRECT] [Fatal Error] :1:1: Premature end of file.
2025-01-09 15:12:16,466 [ERROR] LogOutputStream:75 - [STDERR_REDIRECT] 
2025-01-09 15:12:16,482 [ERROR] LogOutputStream:75 - [STDERR_REDIRECT] [Fatal Error] :1:1: Premature end of file.
2025-01-09 15:12:16,482 [ERROR] LogOutputStream:75 - [STDERR_REDIRECT] 
2025-01-09 15:12:16,498 [ERROR] LogOutputStream:75 - [STDERR_REDIRECT] [Fatal Error] :1:1: Premature end of file.
2025-01-09 15:12:16,498 [ERROR] LogOutputStream:75 - [STDERR_REDIRECT] 
2025-01-09 15:12:16,530 [ERROR] LogOutputStream:75 - [STDERR_REDIRECT] [Fatal Error] :1:1: Premature end of file.
2025-01-09 15:12:16,530 [ERROR] LogOutputStream:75 - [STDERR_REDIRECT] 
2025-01-09 15:12:16,546 [ERROR] LogOutputStream:75 - [STDERR_REDIRECT] [Fatal Error] :1:1: Premature end of file.
2025-01-09 15:12:16,546 [ERROR] LogOutputStream:75 - [STDERR_REDIRECT] 
2025-01-09 15:12:16,562 [ERROR] LogOutputStream:75 - [STDERR_REDIRECT] [Fatal Error] :1:1: Premature end of file.
2025-01-09 15:12:16,562 [ERROR] LogOutputStream:75 - [STDERR_REDIRECT] 
2025-01-09 15:12:16,578 [ERROR] LogOutputStream:75 - [STDERR_REDIRECT] [Fatal Error] :1:1: Premature end of file.
2025-01-09 15:12:16,578 [ERROR] LogOutputStream:75 - [STDERR_REDIRECT] 
2025-01-09 15:12:16,594 [ERROR] LogOutputStream:75 - [STDERR_REDIRECT] [Fatal Error] :1:1: Premature end of file.
2025-01-09 15:12:16,594 [ERROR] LogOutputStream:75 - [STDERR_REDIRECT] 
2025-01-09 15:12:16,619 [ERROR] LogOutputStream:75 - [STDERR_REDIRECT] [Fatal Error] :1:1: Premature end of file.
2025-01-09 15:12:16,619 [ERROR] LogOutputStream:75 - [STDERR_REDIRECT] 
2025-01-09 15:12:16,642 [ERROR] LogOutputStream:75 - [STDERR_REDIRECT] [Fatal Error] :1:1: Premature end of file.
2025-01-09 15:12:16,642 [ERROR] LogOutputStream:75 - [STDERR_REDIRECT] 
2025-01-09 15:12:16,658 [ERROR] LogOutputStream:75 - [STDERR_REDIRECT] [Fatal Error] :1:1: Premature end of file.
2025-01-09 15:12:16,658 [ERROR] LogOutputStream:75 - [STDERR_REDIRECT] 
2025-01-09 15:12:16,676 [ERROR] LogOutputStream:75 - [STDERR_REDIRECT] [Fatal Error] :1:1: Premature end of file.
2025-01-09 15:12:16,676 [ERROR] LogOutputStream:75 - [STDERR_REDIRECT] 
2025-01-09 15:12:16,690 [ERROR] LogOutputStream:75 - [STDERR_REDIRECT] [Fatal Error] :1:1: Premature end of file.
2025-01-09 15:12:16,690 [ERROR] LogOutputStream:75 - [STDERR_REDIRECT] 
2025-01-09 15:12:16,705 [ERROR] LogOutputStream:75 - [STDERR_REDIRECT] [Fatal Error] :1:1: Premature end of file.
2025-01-09 15:12:16,705 [ERROR] LogOutputStream:75 - [STDERR_REDIRECT] 
2025-01-09 15:12:16,722 [ERROR] LogOutputStream:75 - [STDERR_REDIRECT] [Fatal Error] :1:1: Premature end of file.
2025-01-09 15:12:16,722 [ERROR] LogOutputStream:75 - [STDERR_REDIRECT] 
2025-01-09 15:12:16,753 [ERROR] LogOutputStream:75 - [STDERR_REDIRECT] [Fatal Error] :1:1: Premature end of file.
2025-01-09 15:12:16,753 [ERROR] LogOutputStream:75 - [STDERR_REDIRECT] 
2025-01-09 15:12:16,770 [ERROR] LogOutputStream:75 - [STDERR_REDIRECT] [Fatal Error] :1:1: Premature end of file.
2025-01-09 15:12:16,770 [ERROR] LogOutputStream:75 - [STDERR_REDIRECT] 
2025-01-09 15:12:16,785 [ERROR] LogOutputStream:75 - [STDERR_REDIRECT] [Fatal Error] :1:1: Premature end of file.
2025-01-09 15:12:16,785 [ERROR] LogOutputStream:75 - [STDERR_REDIRECT] 
2025-01-09 15:12:16,800 [ERROR] LogOutputStream:75 - [STDERR_REDIRECT] [Fatal Error] :1:1: Premature end of file.
2025-01-09 15:12:16,800 [ERROR] LogOutputStream:75 - [STDERR_REDIRECT] 
2025-01-09 15:12:16,821 [ERROR] LogOutputStream:75 - [STDERR_REDIRECT] [Fatal Error] :1:1: Premature end of file.
2025-01-09 15:12:16,821 [ERROR] LogOutputStream:75 - [STDERR_REDIRECT] 
2025-01-09 15:12:16,832 [ERROR] LogOutputStream:75 - [STDERR_REDIRECT] [Fatal Error] :1:1: Premature end of file.
2025-01-09 15:12:16,832 [ERROR] LogOutputStream:75 - [STDERR_REDIRECT] 
2025-01-09 15:12:16,856 [ERROR] LogOutputStream:75 - [STDERR_REDIRECT] [Fatal Error] :1:1: Premature end of file.
2025-01-09 15:12:16,856 [ERROR] LogOutputStream:75 - [STDERR_REDIRECT] 
2025-01-09 15:12:16,880 [ERROR] LogOutputStream:75 - [STDERR_REDIRECT] [Fatal Error] :1:1: Premature end of file.
2025-01-09 15:12:16,880 [ERROR] LogOutputStream:75 - [STDERR_REDIRECT] 
2025-01-09 15:12:16,895 [ERROR] LogOutputStream:75 - [STDERR_REDIRECT] [Fatal Error] :1:1: Premature end of file.
2025-01-09 15:12:16,895 [ERROR] LogOutputStream:75 - [STDERR_REDIRECT] 
2025-01-09 15:12:16,919 [ERROR] LogOutputStream:75 - [STDERR_REDIRECT] [Fatal Error] :1:1: Premature end of file.
2025-01-09 15:12:16,919 [ERROR] LogOutputStream:75 - [STDERR_REDIRECT] 
2025-01-09 15:12:16,927 [ERROR] LogOutputStream:75 - [STDERR_REDIRECT] [Fatal Error] :1:1: Premature end of file.
2025-01-09 15:12:16,927 [ERROR] LogOutputStream:75 - [STDERR_REDIRECT] 
2025-01-09 15:12:16,947 [ERROR] LogOutputStream:75 - [STDERR_REDIRECT] [Fatal Error] :1:1: Premature end of file.
2025-01-09 15:12:16,947 [ERROR] LogOutputStream:75 - [STDERR_REDIRECT] 
2025-01-09 15:12:16,975 [ERROR] LogOutputStream:75 - [STDERR_REDIRECT] [Fatal Error] :1:1: Premature end of file.
2025-01-09 15:12:16,975 [ERROR] LogOutputStream:75 - [STDERR_REDIRECT] 
2025-01-09 15:12:16,991 [ERROR] LogOutputStream:75 - [STDERR_REDIRECT] [Fatal Error] :1:1: Premature end of file.
2025-01-09 15:12:16,991 [ERROR] LogOutputStream:75 - [STDERR_REDIRECT] 
2025-01-09 15:12:17,009 [ERROR] LogOutputStream:75 - [STDERR_REDIRECT] [Fatal Error] :1:1: Premature end of file.
2025-01-09 15:12:17,009 [ERROR] LogOutputStream:75 - [STDERR_REDIRECT] 
2025-01-09 15:12:17,030 [ERROR] LogOutputStream:75 - [STDERR_REDIRECT] [Fatal Error] :1:1: Premature end of file.
2025-01-09 15:12:17,030 [ERROR] LogOutputStream:75 - [STDERR_REDIRECT] 
2025-01-09 15:12:17,038 [ERROR] LogOutputStream:75 - [STDERR_REDIRECT] [Fatal Error] :1:1: Premature end of file.
2025-01-09 15:12:17,038 [ERROR] LogOutputStream:75 - [STDERR_REDIRECT] 
2025-01-09 15:12:17,071 [ERROR] LogOutputStream:75 - [STDERR_REDIRECT] [Fatal Error] :1:1: Premature end of file.
2025-01-09 15:12:17,071 [ERROR] LogOutputStream:75 - [STDERR_REDIRECT] 
2025-01-09 15:12:17,090 [ERROR] LogOutputStream:75 - [STDERR_REDIRECT] [Fatal Error] :1:1: Premature end of file.
2025-01-09 15:12:17,090 [ERROR] LogOutputStream:75 - [STDERR_REDIRECT] 
2025-01-09 15:12:17,102 [ERROR] LogOutputStream:75 - [STDERR_REDIRECT] [Fatal Error] :1:1: Premature end of file.
2025-01-09 15:12:17,102 [ERROR] LogOutputStream:75 - [STDERR_REDIRECT] 
2025-01-09 15:12:17,120 [ERROR] LogOutputStream:75 - [STDERR_REDIRECT] [Fatal Error] :1:1: Premature end of file.
2025-01-09 15:12:17,120 [ERROR] LogOutputStream:75 - [STDERR_REDIRECT] 
2025-01-09 15:12:17,149 [ERROR] LogOutputStream:75 - [STDERR_REDIRECT] [Fatal Error] :1:1: Premature end of file.
2025-01-09 15:12:17,149 [ERROR] LogOutputStream:75 - [STDERR_REDIRECT] 
2025-01-09 15:12:17,165 [ERROR] LogOutputStream:75 - [STDERR_REDIRECT] [Fatal Error] :1:1: Premature end of file.
2025-01-09 15:12:17,165 [ERROR] LogOutputStream:75 - [STDERR_REDIRECT] 
2025-01-09 15:12:17,181 [ERROR] LogOutputStream:75 - [STDERR_REDIRECT] [Fatal Error] :1:1: Premature end of file.
2025-01-09 15:12:17,181 [ERROR] LogOutputStream:75 - [STDERR_REDIRECT] 
2025-01-09 15:12:17,197 [ERROR] LogOutputStream:75 - [STDERR_REDIRECT] [Fatal Error] :1:1: Premature end of file.
2025-01-09 15:12:17,197 [ERROR] LogOutputStream:75 - [STDERR_REDIRECT] 
2025-01-09 15:12:17,220 [ERROR] LogOutputStream:75 - [STDERR_REDIRECT] [Fatal Error] :1:1: Premature end of file.
2025-01-09 15:12:17,220 [ERROR] LogOutputStream:75 - [STDERR_REDIRECT] 
2025-01-09 15:12:17,228 [ERROR] LogOutputStream:75 - [STDERR_REDIRECT] [Fatal Error] :1:1: Premature end of file.
2025-01-09 15:12:17,228 [ERROR] LogOutputStream:75 - [STDERR_REDIRECT] 
2025-01-09 15:12:17,260 [ERROR] LogOutputStream:75 - [STDERR_REDIRECT] [Fatal Error] :1:1: Premature end of file.
2025-01-09 15:12:17,260 [ERROR] LogOutputStream:75 - [STDERR_REDIRECT] 
2025-01-09 15:12:17,281 [ERROR] LogOutputStream:75 - [STDERR_REDIRECT] [Fatal Error] :1:1: Premature end of file.
2025-01-09 15:12:17,281 [ERROR] LogOutputStream:75 - [STDERR_REDIRECT] 
2025-01-09 15:12:17,291 [ERROR] LogOutputStream:75 - [STDERR_REDIRECT] [Fatal Error] :1:1: Premature end of file.
2025-01-09 15:12:17,291 [ERROR] LogOutputStream:75 - [STDERR_REDIRECT] 
2025-01-09 15:12:17,316 [ERROR] LogOutputStream:75 - [STDERR_REDIRECT] [Fatal Error] :1:1: Premature end of file.
2025-01-09 15:12:17,316 [ERROR] LogOutputStream:75 - [STDERR_REDIRECT] 
2025-01-09 15:12:17,323 [ERROR] LogOutputStream:75 - [STDERR_REDIRECT] [Fatal Error] :1:1: Premature end of file.
2025-01-09 15:12:17,323 [ERROR] LogOutputStream:75 - [STDERR_REDIRECT] 
2025-01-09 15:12:17,339 [ERROR] LogOutputStream:75 - [STDERR_REDIRECT] [Fatal Error] :1:1: Premature end of file.
2025-01-09 15:12:17,339 [ERROR] LogOutputStream:75 - [STDERR_REDIRECT] 
2025-01-09 15:12:17,361 [ERROR] LogOutputStream:75 - [STDERR_REDIRECT] [Fatal Error] :1:1: Premature end of file.
2025-01-09 15:12:17,361 [ERROR] LogOutputStream:75 - [STDERR_REDIRECT] 
2025-01-09 15:12:17,387 [ERROR] LogOutputStream:75 - [STDERR_REDIRECT] [Fatal Error] :1:1: Premature end of file.
2025-01-09 15:12:17,387 [ERROR] LogOutputStream:75 - [STDERR_REDIRECT] 
2025-01-09 15:12:17,405 [ERROR] LogOutputStream:75 - [STDERR_REDIRECT] [Fatal Error] :1:1: Premature end of file.
2025-01-09 15:12:17,405 [ERROR] LogOutputStream:75 - [STDERR_REDIRECT] 
2025-01-09 15:12:17,420 [ERROR] LogOutputStream:75 - [STDERR_REDIRECT] [Fatal Error] :1:1: Premature end of file.
2025-01-09 15:12:17,420 [ERROR] LogOutputStream:75 - [STDERR_REDIRECT] 
2025-01-09 15:12:17,439 [ERROR] LogOutputStream:75 - [STDERR_REDIRECT] [Fatal Error] :1:1: Premature end of file.
2025-01-09 15:12:17,439 [ERROR] LogOutputStream:75 - [STDERR_REDIRECT] 
2025-01-09 15:12:17,450 [ERROR] LogOutputStream:75 - [STDERR_REDIRECT] [Fatal Error] :1:1: Premature end of file.
2025-01-09 15:12:17,450 [ERROR] LogOutputStream:75 - [STDERR_REDIRECT] 
2025-01-09 15:12:17,466 [ERROR] LogOutputStream:75 - [STDERR_REDIRECT] [Fatal Error] :1:1: Premature end of file.
2025-01-09 15:12:17,466 [ERROR] LogOutputStream:75 - [STDERR_REDIRECT] 
2025-01-09 15:12:17,482 [ERROR] LogOutputStream:75 - [STDERR_REDIRECT] [Fatal Error] :1:1: Premature end of file.
2025-01-09 15:12:17,482 [ERROR] LogOutputStream:75 - [STDERR_REDIRECT] 
2025-01-09 15:12:17,511 [ERROR] LogOutputStream:75 - [STDERR_REDIRECT] [Fatal Error] :1:1: Premature end of file.
2025-01-09 15:12:17,511 [ERROR] LogOutputStream:75 - [STDERR_REDIRECT] 
2025-01-09 15:12:17,529 [ERROR] LogOutputStream:75 - [STDERR_REDIRECT] [Fatal Error] :1:1: Premature end of file.
2025-01-09 15:12:17,529 [ERROR] LogOutputStream:75 - [STDERR_REDIRECT] 
2025-01-09 15:12:17,545 [ERROR] LogOutputStream:75 - [STDERR_REDIRECT] [Fatal Error] :1:1: Premature end of file.
2025-01-09 15:12:17,545 [ERROR] LogOutputStream:75 - [STDERR_REDIRECT] 
2025-01-09 15:12:17,561 [ERROR] LogOutputStream:75 - [STDERR_REDIRECT] [Fatal Error] :1:1: Premature end of file.
2025-01-09 15:12:17,561 [ERROR] LogOutputStream:75 - [STDERR_REDIRECT] 
2025-01-09 15:12:17,586 [ERROR] LogOutputStream:75 - [STDERR_REDIRECT] [Fatal Error] :1:1: Premature end of file.
2025-01-09 15:12:17,586 [ERROR] LogOutputStream:75 - [STDERR_REDIRECT] 
2025-01-09 15:12:17,599 [ERROR] LogOutputStream:75 - [STDERR_REDIRECT] [Fatal Error] :1:1: Premature end of file.
2025-01-09 15:12:17,599 [ERROR] LogOutputStream:75 - [STDERR_REDIRECT] 
2025-01-09 15:12:17,620 [ERROR] LogOutputStream:75 - [STDERR_REDIRECT] [Fatal Error] :1:1: Premature end of file.
2025-01-09 15:12:17,620 [ERROR] LogOutputStream:75 - [STDERR_REDIRECT] 
2025-01-09 15:12:17,625 [ERROR] LogOutputStream:75 - [STDERR_REDIRECT] [Fatal Error] :1:1: Premature end of file.
2025-01-09 15:12:17,640 [ERROR] LogOutputStream:75 - [STDERR_REDIRECT] 
2025-01-09 15:12:17,656 [ERROR] LogOutputStream:75 - [STDERR_REDIRECT] [Fatal Error] :1:1: Premature end of file.
2025-01-09 15:12:17,656 [ERROR] LogOutputStream:75 - [STDERR_REDIRECT] 
2025-01-09 15:12:17,677 [ERROR] LogOutputStream:75 - [STDERR_REDIRECT] [Fatal Error] :1:1: Premature end of file.
2025-01-09 15:12:17,677 [ERROR] LogOutputStream:75 - [STDERR_REDIRECT] 
2025-01-09 15:12:17,688 [ERROR] LogOutputStream:75 - [STDERR_REDIRECT] [Fatal Error] :1:1: Premature end of file.
2025-01-09 15:12:17,688 [ERROR] LogOutputStream:75 - [STDERR_REDIRECT] 
2025-01-09 15:12:17,720 [ERROR] LogOutputStream:75 - [STDERR_REDIRECT] [Fatal Error] :1:1: Premature end of file.
2025-01-09 15:12:17,720 [ERROR] LogOutputStream:75 - [STDERR_REDIRECT] 
2025-01-09 15:12:17,736 [ERROR] LogOutputStream:75 - [STDERR_REDIRECT] [Fatal Error] :1:1: Premature end of file.
2025-01-09 15:12:17,736 [ERROR] LogOutputStream:75 - [STDERR_REDIRECT] 
2025-01-09 15:12:17,751 [ERROR] LogOutputStream:75 - [STDERR_REDIRECT] [Fatal Error] :1:1: Premature end of file.
2025-01-09 15:12:17,751 [ERROR] LogOutputStream:75 - [STDERR_REDIRECT] 
2025-01-09 15:12:17,767 [ERROR] LogOutputStream:75 - [STDERR_REDIRECT] [Fatal Error] :1:1: Premature end of file.
2025-01-09 15:12:17,767 [ERROR] LogOutputStream:75 - [STDERR_REDIRECT] 
2025-01-09 15:12:17,791 [ERROR] LogOutputStream:75 - [STDERR_REDIRECT] [Fatal Error] :1:1: Premature end of file.
2025-01-09 15:12:17,791 [ERROR] LogOutputStream:75 - [STDERR_REDIRECT] 
2025-01-09 15:12:17,810 [ERROR] LogOutputStream:75 - [STDERR_REDIRECT] [Fatal Error] :1:1: Premature end of file.
2025-01-09 15:12:17,810 [ERROR] LogOutputStream:75 - [STDERR_REDIRECT] 
2025-01-09 15:12:17,827 [ERROR] LogOutputStream:75 - [STDERR_REDIRECT] [Fatal Error] :1:1: Premature end of file.
2025-01-09 15:12:17,827 [ERROR] LogOutputStream:75 - [STDERR_REDIRECT] 
2025-01-09 15:12:17,844 [ERROR] LogOutputStream:75 - [STDERR_REDIRECT] [Fatal Error] :1:1: Premature end of file.
2025-01-09 15:12:17,845 [ERROR] LogOutputStream:75 - [STDERR_REDIRECT] 
2025-01-09 15:12:17,863 [ERROR] LogOutputStream:75 - [STDERR_REDIRECT] [Fatal Error] :1:1: Premature end of file.
2025-01-09 15:12:17,863 [ERROR] LogOutputStream:75 - [STDERR_REDIRECT] 
2025-01-09 15:12:17,881 [ERROR] LogOutputStream:75 - [STDERR_REDIRECT] [Fatal Error] :1:1: Premature end of file.
2025-01-09 15:12:17,881 [ERROR] LogOutputStream:75 - [STDERR_REDIRECT] 
2025-01-09 15:12:17,900 [ERROR] LogOutputStream:75 - [STDERR_REDIRECT] [Fatal Error] :1:1: Premature end of file.
2025-01-09 15:12:17,900 [ERROR] LogOutputStream:75 - [STDERR_REDIRECT] 
2025-01-09 15:12:17,918 [ERROR] LogOutputStream:75 - [STDERR_REDIRECT] [Fatal Error] :1:1: Premature end of file.
2025-01-09 15:12:17,918 [ERROR] LogOutputStream:75 - [STDERR_REDIRECT] 
2025-01-09 15:12:17,938 [ERROR] LogOutputStream:75 - [STDERR_REDIRECT] [Fatal Error] :1:1: Premature end of file.
2025-01-09 15:12:17,938 [ERROR] LogOutputStream:75 - [STDERR_REDIRECT] 
2025-01-09 15:12:17,957 [ERROR] LogOutputStream:75 - [STDERR_REDIRECT] [Fatal Error] :1:1: Premature end of file.
2025-01-09 15:12:17,957 [ERROR] LogOutputStream:75 - [STDERR_REDIRECT] 
2025-01-09 15:12:17,977 [ERROR] LogOutputStream:75 - [STDERR_REDIRECT] [Fatal Error] :1:1: Premature end of file.
2025-01-09 15:12:17,978 [ERROR] LogOutputStream:75 - [STDERR_REDIRECT] 
2025-01-09 15:12:17,997 [ERROR] LogOutputStream:75 - [STDERR_REDIRECT] [Fatal Error] :1:1: Premature end of file.
2025-01-09 15:12:17,997 [ERROR] LogOutputStream:75 - [STDERR_REDIRECT] 
2025-01-09 15:12:18,016 [ERROR] LogOutputStream:75 - [STDERR_REDIRECT] [Fatal Error] :1:1: Premature end of file.
2025-01-09 15:12:18,016 [ERROR] LogOutputStream:75 - [STDERR_REDIRECT] 
2025-01-09 15:12:18,034 [ERROR] LogOutputStream:75 - [STDERR_REDIRECT] [Fatal Error] :1:1: Premature end of file.
2025-01-09 15:12:18,034 [ERROR] LogOutputStream:75 - [STDERR_REDIRECT] 
2025-01-09 15:12:18,053 [ERROR] LogOutputStream:75 - [STDERR_REDIRECT] [Fatal Error] :1:1: Premature end of file.
2025-01-09 15:12:18,053 [ERROR] LogOutputStream:75 - [STDERR_REDIRECT] 
2025-01-09 15:12:18,072 [ERROR] LogOutputStream:75 - [STDERR_REDIRECT] [Fatal Error] :1:1: Premature end of file.
2025-01-09 15:12:18,072 [ERROR] LogOutputStream:75 - [STDERR_REDIRECT] 
2025-01-09 15:12:18,093 [ERROR] LogOutputStream:75 - [STDERR_REDIRECT] [Fatal Error] :1:1: Premature end of file.
2025-01-09 15:12:18,093 [ERROR] LogOutputStream:75 - [STDERR_REDIRECT] 
2025-01-09 15:12:18,113 [ERROR] LogOutputStream:75 - [STDERR_REDIRECT] [Fatal Error] :1:1: Premature end of file.
2025-01-09 15:12:18,113 [ERROR] LogOutputStream:75 - [STDERR_REDIRECT] 
2025-01-09 15:12:18,133 [ERROR] LogOutputStream:75 - [STDERR_REDIRECT] [Fatal Error] :1:1: Premature end of file.
2025-01-09 15:12:18,133 [ERROR] LogOutputStream:75 - [STDERR_REDIRECT] 
2025-01-09 15:12:18,151 [ERROR] LogOutputStream:75 - [STDERR_REDIRECT] [Fatal Error] :1:1: Premature end of file.
2025-01-09 15:12:18,152 [ERROR] LogOutputStream:75 - [STDERR_REDIRECT] 
2025-01-09 15:12:18,171 [ERROR] LogOutputStream:75 - [STDERR_REDIRECT] [Fatal Error] :1:1: Premature end of file.
2025-01-09 15:12:18,171 [ERROR] LogOutputStream:75 - [STDERR_REDIRECT] 
2025-01-09 15:12:18,191 [ERROR] LogOutputStream:75 - [STDERR_REDIRECT] [Fatal Error] :1:1: Premature end of file.
2025-01-09 15:12:18,191 [ERROR] LogOutputStream:75 - [STDERR_REDIRECT] 
2025-01-09 15:12:18,212 [ERROR] LogOutputStream:75 - [STDERR_REDIRECT] [Fatal Error] :1:1: Premature end of file.
2025-01-09 15:12:18,212 [ERROR] LogOutputStream:75 - [STDERR_REDIRECT] 
2025-01-09 15:12:18,222 [ERROR] LogOutputStream:75 - [STDERR_REDIRECT] [Fatal Error] :1:1: Premature end of file.
2025-01-09 15:12:18,222 [ERROR] LogOutputStream:75 - [STDERR_REDIRECT] 
2025-01-09 15:12:18,248 [ERROR] LogOutputStream:75 - [STDERR_REDIRECT] [Fatal Error] :1:1: Premature end of file.
2025-01-09 15:12:18,248 [ERROR] LogOutputStream:75 - [STDERR_REDIRECT] 
2025-01-09 15:12:18,267 [ERROR] LogOutputStream:75 - [STDERR_REDIRECT] [Fatal Error] :1:1: Premature end of file.
2025-01-09 15:12:18,267 [ERROR] LogOutputStream:75 - [STDERR_REDIRECT] 
2025-01-09 15:12:18,285 [ERROR] LogOutputStream:75 - [STDERR_REDIRECT] [Fatal Error] :1:1: Premature end of file.
2025-01-09 15:12:18,285 [ERROR] LogOutputStream:75 - [STDERR_REDIRECT] 
2025-01-09 15:12:18,294 [ERROR] LogOutputStream:75 - [STDERR_REDIRECT] [Fatal Error] :1:1: Premature end of file.
2025-01-09 15:12:18,294 [ERROR] LogOutputStream:75 - [STDERR_REDIRECT] 
2025-01-09 15:12:18,322 [ERROR] LogOutputStream:75 - [STDERR_REDIRECT] [Fatal Error] :1:1: Premature end of file.
2025-01-09 15:12:18,322 [ERROR] LogOutputStream:75 - [STDERR_REDIRECT] 
2025-01-09 15:12:18,339 [ERROR] LogOutputStream:75 - [STDERR_REDIRECT] [Fatal Error] :1:1: Premature end of file.
2025-01-09 15:12:18,339 [ERROR] LogOutputStream:75 - [STDERR_REDIRECT] 
2025-01-09 15:12:18,354 [ERROR] LogOutputStream:75 - [STDERR_REDIRECT] [Fatal Error] :1:1: Premature end of file.
2025-01-09 15:12:18,354 [ERROR] LogOutputStream:75 - [STDERR_REDIRECT] 
2025-01-09 15:12:18,376 [ERROR] LogOutputStream:75 - [STDERR_REDIRECT] [Fatal Error] :1:1: Premature end of file.
2025-01-09 15:12:18,376 [ERROR] LogOutputStream:75 - [STDERR_REDIRECT] 
2025-01-09 15:12:18,386 [ERROR] LogOutputStream:75 - [STDERR_REDIRECT] [Fatal Error] :1:1: Premature end of file.
2025-01-09 15:12:18,386 [ERROR] LogOutputStream:75 - [STDERR_REDIRECT] 
2025-01-09 15:12:18,401 [ERROR] LogOutputStream:75 - [STDERR_REDIRECT] [Fatal Error] :1:1: Premature end of file.
2025-01-09 15:12:18,401 [ERROR] LogOutputStream:75 - [STDERR_REDIRECT] 
2025-01-09 15:12:18,431 [ERROR] LogOutputStream:75 - [STDERR_REDIRECT] [Fatal Error] :1:1: Premature end of file.
2025-01-09 15:12:18,431 [ERROR] LogOutputStream:75 - [STDERR_REDIRECT] 
2025-01-09 15:12:18,438 [ERROR] LogOutputStream:75 - [STDERR_REDIRECT] [Fatal Error] :1:1: Premature end of file.
2025-01-09 15:12:18,438 [ERROR] LogOutputStream:75 - [STDERR_REDIRECT] 
2025-01-09 15:12:18,465 [ERROR] LogOutputStream:75 - [STDERR_REDIRECT] [Fatal Error] :1:1: Premature end of file.
2025-01-09 15:12:18,465 [ERROR] LogOutputStream:75 - [STDERR_REDIRECT] 
2025-01-09 15:12:18,480 [ERROR] LogOutputStream:75 - [STDERR_REDIRECT] [Fatal Error] :1:1: Premature end of file.
2025-01-09 15:12:18,480 [ERROR] LogOutputStream:75 - [STDERR_REDIRECT] 
2025-01-09 15:12:18,496 [ERROR] LogOutputStream:75 - [STDERR_REDIRECT] [Fatal Error] :1:1: Premature end of file.
2025-01-09 15:12:18,496 [ERROR] LogOutputStream:75 - [STDERR_REDIRECT] 
2025-01-09 15:12:18,522 [ERROR] LogOutputStream:75 - [STDERR_REDIRECT] [Fatal Error] :1:1: Premature end of file.
2025-01-09 15:12:18,522 [ERROR] LogOutputStream:75 - [STDERR_REDIRECT] 
2025-01-09 15:12:18,544 [ERROR] LogOutputStream:75 - [STDERR_REDIRECT] [Fatal Error] :1:1: Premature end of file.
2025-01-09 15:12:18,544 [ERROR] LogOutputStream:75 - [STDERR_REDIRECT] 
2025-01-09 15:12:18,560 [ERROR] LogOutputStream:75 - [STDERR_REDIRECT] [Fatal Error] :1:1: Premature end of file.
2025-01-09 15:12:18,560 [ERROR] LogOutputStream:75 - [STDERR_REDIRECT] 
2025-01-09 15:12:18,576 [ERROR] LogOutputStream:75 - [STDERR_REDIRECT] [Fatal Error] :1:1: Premature end of file.
2025-01-09 15:12:18,576 [ERROR] LogOutputStream:75 - [STDERR_REDIRECT] 
2025-01-09 15:12:18,592 [ERROR] LogOutputStream:75 - [STDERR_REDIRECT] [Fatal Error] :1:1: Premature end of file.
2025-01-09 15:12:18,592 [ERROR] LogOutputStream:75 - [STDERR_REDIRECT] 
2025-01-09 15:12:18,608 [ERROR] LogOutputStream:75 - [STDERR_REDIRECT] [Fatal Error] :1:1: Premature end of file.
2025-01-09 15:12:18,608 [ERROR] LogOutputStream:75 - [STDERR_REDIRECT] 
2025-01-09 15:12:18,624 [ERROR] LogOutputStream:75 - [STDERR_REDIRECT] [Fatal Error] :1:1: Premature end of file.
2025-01-09 15:12:18,624 [ERROR] LogOutputStream:75 - [STDERR_REDIRECT] 
2025-01-09 15:12:18,654 [ERROR] LogOutputStream:75 - [STDERR_REDIRECT] [Fatal Error] :1:1: Premature end of file.
2025-01-09 15:12:18,654 [ERROR] LogOutputStream:75 - [STDERR_REDIRECT] 
2025-01-09 15:12:18,674 [ERROR] LogOutputStream:75 - [STDERR_REDIRECT] [Fatal Error] :1:1: Premature end of file.
2025-01-09 15:12:18,674 [ERROR] LogOutputStream:75 - [STDERR_REDIRECT] 
2025-01-09 15:12:18,689 [ERROR] LogOutputStream:75 - [STDERR_REDIRECT] [Fatal Error] :1:1: Premature end of file.
2025-01-09 15:12:18,689 [ERROR] LogOutputStream:75 - [STDERR_REDIRECT] 
2025-01-09 15:12:18,705 [ERROR] LogOutputStream:75 - [STDERR_REDIRECT] [Fatal Error] :1:1: Premature end of file.
2025-01-09 15:12:18,705 [ERROR] LogOutputStream:75 - [STDERR_REDIRECT] 
2025-01-09 15:12:18,722 [ERROR] LogOutputStream:75 - [STDERR_REDIRECT] [Fatal Error] :1:1: Premature end of file.
2025-01-09 15:12:18,722 [ERROR] LogOutputStream:75 - [STDERR_REDIRECT] 
2025-01-09 15:12:18,753 [ERROR] LogOutputStream:75 - [STDERR_REDIRECT] [Fatal Error] :1:1: Premature end of file.
2025-01-09 15:12:18,753 [ERROR] LogOutputStream:75 - [STDERR_REDIRECT] 
2025-01-09 15:12:18,768 [ERROR] LogOutputStream:75 - [STDERR_REDIRECT] [Fatal Error] :1:1: Premature end of file.
2025-01-09 15:12:18,768 [ERROR] LogOutputStream:75 - [STDERR_REDIRECT] 
2025-01-09 15:12:18,790 [ERROR] LogOutputStream:75 - [STDERR_REDIRECT] [Fatal Error] :1:1: Premature end of file.
2025-01-09 15:12:18,790 [ERROR] LogOutputStream:75 - [STDERR_REDIRECT] 
2025-01-09 15:12:18,800 [ERROR] LogOutputStream:75 - [STDERR_REDIRECT] [Fatal Error] :1:1: Premature end of file.
2025-01-09 15:12:18,800 [ERROR] LogOutputStream:75 - [STDERR_REDIRECT] 
2025-01-09 15:12:18,822 [ERROR] LogOutputStream:75 - [STDERR_REDIRECT] [Fatal Error] :1:1: Premature end of file.
2025-01-09 15:12:18,822 [ERROR] LogOutputStream:75 - [STDERR_REDIRECT] 
2025-01-09 15:12:18,832 [ERROR] LogOutputStream:75 - [STDERR_REDIRECT] [Fatal Error] :1:1: Premature end of file.
2025-01-09 15:12:18,832 [ERROR] LogOutputStream:75 - [STDERR_REDIRECT] 
2025-01-09 15:12:18,855 [ERROR] LogOutputStream:75 - [STDERR_REDIRECT] [Fatal Error] :1:1: Premature end of file.
2025-01-09 15:12:18,855 [ERROR] LogOutputStream:75 - [STDERR_REDIRECT] 
2025-01-09 15:12:18,880 [ERROR] LogOutputStream:75 - [STDERR_REDIRECT] [Fatal Error] :1:1: Premature end of file.
2025-01-09 15:12:18,880 [ERROR] LogOutputStream:75 - [STDERR_REDIRECT] 
2025-01-09 15:12:18,896 [ERROR] LogOutputStream:75 - [STDERR_REDIRECT] [Fatal Error] :1:1: Premature end of file.
2025-01-09 15:12:18,896 [ERROR] LogOutputStream:75 - [STDERR_REDIRECT] 
2025-01-09 15:12:18,913 [ERROR] LogOutputStream:75 - [STDERR_REDIRECT] [Fatal Error] :1:1: Premature end of file.
2025-01-09 15:12:18,913 [ERROR] LogOutputStream:75 - [STDERR_REDIRECT] 
2025-01-09 15:12:18,927 [ERROR] LogOutputStream:75 - [STDERR_REDIRECT] [Fatal Error] :1:1: Premature end of file.
2025-01-09 15:12:18,927 [ERROR] LogOutputStream:75 - [STDERR_REDIRECT] 
2025-01-09 15:12:18,946 [ERROR] LogOutputStream:75 - [STDERR_REDIRECT] [Fatal Error] :1:1: Premature end of file.
2025-01-09 15:12:18,946 [ERROR] LogOutputStream:75 - [STDERR_REDIRECT] 
2025-01-09 15:12:18,963 [ERROR] LogOutputStream:75 - [STDERR_REDIRECT] [Fatal Error] :1:1: Premature end of file.
2025-01-09 15:12:18,963 [ERROR] LogOutputStream:75 - [STDERR_REDIRECT] 
2025-01-09 15:12:18,991 [ERROR] LogOutputStream:75 - [STDERR_REDIRECT] [Fatal Error] :1:1: Premature end of file.
2025-01-09 15:12:18,991 [ERROR] LogOutputStream:75 - [STDERR_REDIRECT] 
2025-01-09 15:12:19,007 [ERROR] LogOutputStream:75 - [STDERR_REDIRECT] [Fatal Error] :1:1: Premature end of file.
2025-01-09 15:12:19,007 [ERROR] LogOutputStream:75 - [STDERR_REDIRECT] 
2025-01-09 15:12:19,028 [ERROR] LogOutputStream:75 - [STDERR_REDIRECT] [Fatal Error] :1:1: Premature end of file.
2025-01-09 15:12:19,028 [ERROR] LogOutputStream:75 - [STDERR_REDIRECT] 
2025-01-09 15:12:19,038 [ERROR] LogOutputStream:75 - [STDERR_REDIRECT] [Fatal Error] :1:1: Premature end of file.
2025-01-09 15:12:19,038 [ERROR] LogOutputStream:75 - [STDERR_REDIRECT] 
2025-01-09 15:12:19,054 [ERROR] LogOutputStream:75 - [STDERR_REDIRECT] [Fatal Error] :1:1: Premature end of file.
2025-01-09 15:12:19,054 [ERROR] LogOutputStream:75 - [STDERR_REDIRECT] 
2025-01-09 15:12:19,079 [ERROR] LogOutputStream:75 - [STDERR_REDIRECT] [Fatal Error] :1:1: Premature end of file.
2025-01-09 15:12:19,079 [ERROR] LogOutputStream:75 - [STDERR_REDIRECT] 
2025-01-09 15:12:19,097 [ERROR] LogOutputStream:75 - [STDERR_REDIRECT] [Fatal Error] :1:1: Premature end of file.
2025-01-09 15:12:19,097 [ERROR] LogOutputStream:75 - [STDERR_REDIRECT] 
2025-01-09 15:12:19,112 [ERROR] LogOutputStream:75 - [STDERR_REDIRECT] [Fatal Error] :1:1: Premature end of file.
2025-01-09 15:12:19,112 [ERROR] LogOutputStream:75 - [STDERR_REDIRECT] 
2025-01-09 15:12:19,132 [ERROR] LogOutputStream:75 - [STDERR_REDIRECT] [Fatal Error] :1:1: Premature end of file.
2025-01-09 15:12:19,132 [ERROR] LogOutputStream:75 - [STDERR_REDIRECT] 
2025-01-09 15:12:19,144 [ERROR] LogOutputStream:75 - [STDERR_REDIRECT] [Fatal Error] :1:1: Premature end of file.
2025-01-09 15:12:19,144 [ERROR] LogOutputStream:75 - [STDERR_REDIRECT] 
2025-01-09 15:12:19,161 [ERROR] LogOutputStream:75 - [STDERR_REDIRECT] [Fatal Error] :1:1: Premature end of file.
2025-01-09 15:12:19,161 [ERROR] LogOutputStream:75 - [STDERR_REDIRECT] 
2025-01-09 15:12:19,177 [ERROR] LogOutputStream:75 - [STDERR_REDIRECT] [Fatal Error] :1:1: Premature end of file.
2025-01-09 15:12:19,177 [ERROR] LogOutputStream:75 - [STDERR_REDIRECT] 
2025-01-09 15:12:19,210 [ERROR] LogOutputStream:75 - [STDERR_REDIRECT] [Fatal Error] :1:1: Premature end of file.
2025-01-09 15:12:19,210 [ERROR] LogOutputStream:75 - [STDERR_REDIRECT] 
2025-01-09 15:12:19,224 [ERROR] LogOutputStream:75 - [STDERR_REDIRECT] [Fatal Error] :1:1: Premature end of file.
2025-01-09 15:12:19,224 [ERROR] LogOutputStream:75 - [STDERR_REDIRECT] 
2025-01-09 15:12:19,240 [ERROR] LogOutputStream:75 - [STDERR_REDIRECT] [Fatal Error] :1:1: Premature end of file.
2025-01-09 15:12:19,240 [ERROR] LogOutputStream:75 - [STDERR_REDIRECT] 
2025-01-09 15:12:19,256 [ERROR] LogOutputStream:75 - [STDERR_REDIRECT] [Fatal Error] :1:1: Premature end of file.
2025-01-09 15:12:19,256 [ERROR] LogOutputStream:75 - [STDERR_REDIRECT] 
2025-01-09 15:12:19,275 [ERROR] LogOutputStream:75 - [STDERR_REDIRECT] [Fatal Error] :1:1: Premature end of file.
2025-01-09 15:12:19,275 [ERROR] LogOutputStream:75 - [STDERR_REDIRECT] 
2025-01-09 15:12:19,291 [ERROR] LogOutputStream:75 - [STDERR_REDIRECT] [Fatal Error] :1:1: Premature end of file.
2025-01-09 15:12:19,291 [ERROR] LogOutputStream:75 - [STDERR_REDIRECT] 
2025-01-09 15:12:19,319 [ERROR] LogOutputStream:75 - [STDERR_REDIRECT] [Fatal Error] :1:1: Premature end of file.
2025-01-09 15:12:19,319 [ERROR] LogOutputStream:75 - [STDERR_REDIRECT] 
2025-01-09 15:12:19,338 [ERROR] LogOutputStream:75 - [STDERR_REDIRECT] [Fatal Error] :1:1: Premature end of file.
2025-01-09 15:12:19,338 [ERROR] LogOutputStream:75 - [STDERR_REDIRECT] 
2025-01-09 15:12:19,350 [ERROR] LogOutputStream:75 - [STDERR_REDIRECT] [Fatal Error] :1:1: Premature end of file.
2025-01-09 15:12:19,350 [ERROR] LogOutputStream:75 - [STDERR_REDIRECT] 
2025-01-09 15:12:19,366 [ERROR] LogOutputStream:75 - [STDERR_REDIRECT] [Fatal Error] :1:1: Premature end of file.
2025-01-09 15:12:19,366 [ERROR] LogOutputStream:75 - [STDERR_REDIRECT] 
2025-01-09 15:12:19,398 [ERROR] LogOutputStream:75 - [STDERR_REDIRECT] [Fatal Error] :1:1: Premature end of file.
2025-01-09 15:12:19,398 [ERROR] LogOutputStream:75 - [STDERR_REDIRECT] 
2025-01-09 15:12:19,419 [ERROR] LogOutputStream:75 - [STDERR_REDIRECT] [Fatal Error] :1:1: Premature end of file.
2025-01-09 15:12:19,419 [ERROR] LogOutputStream:75 - [STDERR_REDIRECT] 
2025-01-09 15:12:19,430 [ERROR] LogOutputStream:75 - [STDERR_REDIRECT] [Fatal Error] :1:1: Premature end of file.
2025-01-09 15:12:19,430 [ERROR] LogOutputStream:75 - [STDERR_REDIRECT] 
2025-01-09 15:12:19,461 [ERROR] LogOutputStream:75 - [STDERR_REDIRECT] [Fatal Error] :1:1: Premature end of file.
2025-01-09 15:12:19,461 [ERROR] LogOutputStream:75 - [STDERR_REDIRECT] 
2025-01-09 15:12:19,477 [ERROR] LogOutputStream:75 - [STDERR_REDIRECT] [Fatal Error] :1:1: Premature end of file.
2025-01-09 15:12:19,477 [ERROR] LogOutputStream:75 - [STDERR_REDIRECT] 
2025-01-09 15:12:19,493 [ERROR] LogOutputStream:75 - [STDERR_REDIRECT] [Fatal Error] :1:1: Premature end of file.
2025-01-09 15:12:19,493 [ERROR] LogOutputStream:75 - [STDERR_REDIRECT] 
2025-01-09 15:12:19,523 [ERROR] LogOutputStream:75 - [STDERR_REDIRECT] [Fatal Error] :1:1: Premature end of file.
2025-01-09 15:12:19,523 [ERROR] LogOutputStream:75 - [STDERR_REDIRECT] 
2025-01-09 15:12:19,541 [ERROR] LogOutputStream:75 - [STDERR_REDIRECT] [Fatal Error] :1:1: Premature end of file.
2025-01-09 15:12:19,541 [ERROR] LogOutputStream:75 - [STDERR_REDIRECT] 
2025-01-09 15:12:19,568 [ERROR] LogOutputStream:75 - [STDERR_REDIRECT] [Fatal Error] :1:1: Premature end of file.
2025-01-09 15:12:19,568 [ERROR] LogOutputStream:75 - [STDERR_REDIRECT] 
2025-01-09 15:12:19,596 [ERROR] LogOutputStream:75 - [STDERR_REDIRECT] [Fatal Error] :1:1: Premature end of file.
2025-01-09 15:12:19,596 [ERROR] LogOutputStream:75 - [STDERR_REDIRECT] 
2025-01-09 15:12:19,625 [ERROR] LogOutputStream:75 - [STDERR_REDIRECT] [Fatal Error] :1:1: Premature end of file.
2025-01-09 15:12:19,625 [ERROR] LogOutputStream:75 - [STDERR_REDIRECT] 
2025-01-09 15:12:19,651 [ERROR] LogOutputStream:75 - [STDERR_REDIRECT] [Fatal Error] :1:1: Premature end of file.
2025-01-09 15:12:19,651 [ERROR] LogOutputStream:75 - [STDERR_REDIRECT] 
2025-01-09 15:12:19,683 [ERROR] LogOutputStream:75 - [STDERR_REDIRECT] [Fatal Error] :1:1: Premature end of file.
2025-01-09 15:12:19,683 [ERROR] LogOutputStream:75 - [STDERR_REDIRECT] 
2025-01-09 15:12:19,710 [ERROR] LogOutputStream:75 - [STDERR_REDIRECT] [Fatal Error] :1:1: Premature end of file.
2025-01-09 15:12:19,710 [ERROR] LogOutputStream:75 - [STDERR_REDIRECT] 
2025-01-09 15:12:19,731 [ERROR] LogOutputStream:75 - [STDERR_REDIRECT] [Fatal Error] :1:1: Premature end of file.
2025-01-09 15:12:19,731 [ERROR] LogOutputStream:75 - [STDERR_REDIRECT] 
2025-01-09 15:12:19,756 [ERROR] LogOutputStream:75 - [STDERR_REDIRECT] [Fatal Error] :1:1: Premature end of file.
2025-01-09 15:12:19,756 [ERROR] LogOutputStream:75 - [STDERR_REDIRECT] 
2025-01-09 15:12:19,778 [ERROR] LogOutputStream:75 - [STDERR_REDIRECT] [Fatal Error] :1:1: Premature end of file.
2025-01-09 15:12:19,778 [ERROR] LogOutputStream:75 - [STDERR_REDIRECT] 
2025-01-09 15:12:19,794 [ERROR] LogOutputStream:75 - [STDERR_REDIRECT] [Fatal Error] :1:1: Premature end of file.
2025-01-09 15:12:19,794 [ERROR] LogOutputStream:75 - [STDERR_REDIRECT] 
2025-01-09 15:12:19,810 [ERROR] LogOutputStream:75 - [STDERR_REDIRECT] [Fatal Error] :1:1: Premature end of file.
2025-01-09 15:12:19,810 [ERROR] LogOutputStream:75 - [STDERR_REDIRECT] 
2025-01-09 15:12:19,841 [ERROR] LogOutputStream:75 - [STDERR_REDIRECT] [Fatal Error] :1:1: Premature end of file.
2025-01-09 15:12:19,841 [ERROR] LogOutputStream:75 - [STDERR_REDIRECT] 
2025-01-09 15:12:19,857 [ERROR] LogOutputStream:75 - [STDERR_REDIRECT] [Fatal Error] :1:1: Premature end of file.
2025-01-09 15:12:19,857 [ERROR] LogOutputStream:75 - [STDERR_REDIRECT] 
2025-01-09 15:12:19,889 [ERROR] LogOutputStream:75 - [STDERR_REDIRECT] [Fatal Error] :1:1: Premature end of file.
2025-01-09 15:12:19,889 [ERROR] LogOutputStream:75 - [STDERR_REDIRECT] 
2025-01-09 15:12:19,905 [ERROR] LogOutputStream:75 - [STDERR_REDIRECT] [Fatal Error] :1:1: Premature end of file.
2025-01-09 15:12:19,905 [ERROR] LogOutputStream:75 - [STDERR_REDIRECT] 
2025-01-09 15:12:19,924 [ERROR] LogOutputStream:75 - [STDERR_REDIRECT] [Fatal Error] :1:1: Premature end of file.
2025-01-09 15:12:19,924 [ERROR] LogOutputStream:75 - [STDERR_REDIRECT] 
2025-01-09 15:12:19,936 [ERROR] LogOutputStream:75 - [STDERR_REDIRECT] [Fatal Error] :1:1: Premature end of file.
2025-01-09 15:12:19,936 [ERROR] LogOutputStream:75 - [STDERR_REDIRECT] 
2025-01-09 15:12:19,968 [ERROR] LogOutputStream:75 - [STDERR_REDIRECT] [Fatal Error] :1:1: Premature end of file.
2025-01-09 15:12:19,968 [ERROR] LogOutputStream:75 - [STDERR_REDIRECT] 
2025-01-09 15:12:19,989 [ERROR] LogOutputStream:75 - [STDERR_REDIRECT] [Fatal Error] :1:1: Premature end of file.
2025-01-09 15:12:19,989 [ERROR] LogOutputStream:75 - [STDERR_REDIRECT] 
2025-01-09 15:12:20,009 [ERROR] LogOutputStream:75 - [STDERR_REDIRECT] [Fatal Error] :1:1: Premature end of file.
2025-01-09 15:12:20,009 [ERROR] LogOutputStream:75 - [STDERR_REDIRECT] 
2025-01-09 15:12:20,028 [ERROR] LogOutputStream:75 - [STDERR_REDIRECT] [Fatal Error] :1:1: Premature end of file.
2025-01-09 15:12:20,028 [ERROR] LogOutputStream:75 - [STDERR_REDIRECT] 
2025-01-09 15:12:20,047 [ERROR] LogOutputStream:75 - [STDERR_REDIRECT] [Fatal Error] :1:1: Premature end of file.
2025-01-09 15:12:20,047 [ERROR] LogOutputStream:75 - [STDERR_REDIRECT] 
2025-01-09 15:12:20,067 [ERROR] LogOutputStream:75 - [STDERR_REDIRECT] [Fatal Error] :1:1: Premature end of file.
2025-01-09 15:12:20,067 [ERROR] LogOutputStream:75 - [STDERR_REDIRECT] 
2025-01-09 15:12:20,086 [ERROR] LogOutputStream:75 - [STDERR_REDIRECT] [Fatal Error] :1:1: Premature end of file.
2025-01-09 15:12:20,086 [ERROR] LogOutputStream:75 - [STDERR_REDIRECT] 
2025-01-09 15:12:20,105 [ERROR] LogOutputStream:75 - [STDERR_REDIRECT] [Fatal Error] :1:1: Premature end of file.
2025-01-09 15:12:20,105 [ERROR] LogOutputStream:75 - [STDERR_REDIRECT] 
2025-01-09 15:12:20,123 [ERROR] LogOutputStream:75 - [STDERR_REDIRECT] [Fatal Error] :1:1: Premature end of file.
2025-01-09 15:12:20,123 [ERROR] LogOutputStream:75 - [STDERR_REDIRECT] 
2025-01-09 15:12:20,144 [ERROR] LogOutputStream:75 - [STDERR_REDIRECT] [Fatal Error] :1:1: Premature end of file.
2025-01-09 15:12:20,144 [ERROR] LogOutputStream:75 - [STDERR_REDIRECT] 
2025-01-09 15:12:20,173 [ERROR] LogOutputStream:75 - [STDERR_REDIRECT] [Fatal Error] :1:1: Premature end of file.
2025-01-09 15:12:20,173 [ERROR] LogOutputStream:75 - [STDERR_REDIRECT] 
2025-01-09 15:12:20,196 [ERROR] LogOutputStream:75 - [STDERR_REDIRECT] [Fatal Error] :1:1: Premature end of file.
2025-01-09 15:12:20,196 [ERROR] LogOutputStream:75 - [STDERR_REDIRECT] 
2025-01-09 15:12:20,219 [ERROR] LogOutputStream:75 - [STDERR_REDIRECT] [Fatal Error] :1:1: Premature end of file.
2025-01-09 15:12:20,219 [ERROR] LogOutputStream:75 - [STDERR_REDIRECT] 
2025-01-09 15:12:20,241 [ERROR] LogOutputStream:75 - [STDERR_REDIRECT] [Fatal Error] :1:1: Premature end of file.
2025-01-09 15:12:20,241 [ERROR] LogOutputStream:75 - [STDERR_REDIRECT] 
2025-01-09 15:12:20,262 [ERROR] LogOutputStream:75 - [STDERR_REDIRECT] [Fatal Error] :1:1: Premature end of file.
2025-01-09 15:12:20,262 [ERROR] LogOutputStream:75 - [STDERR_REDIRECT] 
2025-01-09 15:12:20,283 [ERROR] LogOutputStream:75 - [STDERR_REDIRECT] [Fatal Error] :1:1: Premature end of file.
2025-01-09 15:12:20,283 [ERROR] LogOutputStream:75 - [STDERR_REDIRECT] 
2025-01-09 15:12:20,305 [ERROR] LogOutputStream:75 - [STDERR_REDIRECT] [Fatal Error] :1:1: Premature end of file.
2025-01-09 15:12:20,305 [ERROR] LogOutputStream:75 - [STDERR_REDIRECT] 
2025-01-09 15:12:20,325 [ERROR] LogOutputStream:75 - [STDERR_REDIRECT] [Fatal Error] :1:1: Premature end of file.
2025-01-09 15:12:20,326 [ERROR] LogOutputStream:75 - [STDERR_REDIRECT] 
2025-01-09 15:12:20,345 [ERROR] LogOutputStream:75 - [STDERR_REDIRECT] [Fatal Error] :1:1: Premature end of file.
2025-01-09 15:12:20,346 [ERROR] LogOutputStream:75 - [STDERR_REDIRECT] 
2025-01-09 15:12:20,365 [ERROR] LogOutputStream:75 - [STDERR_REDIRECT] [Fatal Error] :1:1: Premature end of file.
2025-01-09 15:12:20,365 [ERROR] LogOutputStream:75 - [STDERR_REDIRECT] 
2025-01-09 15:12:20,387 [ERROR] LogOutputStream:75 - [STDERR_REDIRECT] [Fatal Error] :1:1: Premature end of file.
2025-01-09 15:12:20,387 [ERROR] LogOutputStream:75 - [STDERR_REDIRECT] 
2025-01-09 15:12:20,408 [ERROR] LogOutputStream:75 - [STDERR_REDIRECT] [Fatal Error] :1:1: Premature end of file.
2025-01-09 15:12:20,408 [ERROR] LogOutputStream:75 - [STDERR_REDIRECT] 
2025-01-09 15:12:20,428 [ERROR] LogOutputStream:75 - [STDERR_REDIRECT] [Fatal Error] :1:1: Premature end of file.
2025-01-09 15:12:20,428 [ERROR] LogOutputStream:75 - [STDERR_REDIRECT] 
2025-01-09 15:12:20,448 [ERROR] LogOutputStream:75 - [STDERR_REDIRECT] [Fatal Error] :1:1: Premature end of file.
2025-01-09 15:12:20,448 [ERROR] LogOutputStream:75 - [STDERR_REDIRECT] 
2025-01-09 15:12:20,468 [ERROR] LogOutputStream:75 - [STDERR_REDIRECT] [Fatal Error] :1:1: Premature end of file.
2025-01-09 15:12:20,468 [ERROR] LogOutputStream:75 - [STDERR_REDIRECT] 
2025-01-09 15:12:20,487 [ERROR] LogOutputStream:75 - [STDERR_REDIRECT] [Fatal Error] :1:1: Premature end of file.
2025-01-09 15:12:20,487 [ERROR] LogOutputStream:75 - [STDERR_REDIRECT] 
2025-01-09 15:12:20,508 [ERROR] LogOutputStream:75 - [STDERR_REDIRECT] [Fatal Error] :1:1: Premature end of file.
2025-01-09 15:12:20,508 [ERROR] LogOutputStream:75 - [STDERR_REDIRECT] 
2025-01-09 15:12:20,533 [ERROR] LogOutputStream:75 - [STDERR_REDIRECT] [Fatal Error] :1:1: Premature end of file.
2025-01-09 15:12:20,533 [ERROR] LogOutputStream:75 - [STDERR_REDIRECT] 
2025-01-09 15:12:20,554 [ERROR] LogOutputStream:75 - [STDERR_REDIRECT] [Fatal Error] :1:1: Premature end of file.
2025-01-09 15:12:20,554 [ERROR] LogOutputStream:75 - [STDERR_REDIRECT] 
2025-01-09 15:12:20,563 [ERROR] LogOutputStream:75 - [STDERR_REDIRECT] [Fatal Error] :1:1: Premature end of file.
2025-01-09 15:12:20,563 [ERROR] LogOutputStream:75 - [STDERR_REDIRECT] 
2025-01-09 15:12:20,592 [ERROR] LogOutputStream:75 - [STDERR_REDIRECT] [Fatal Error] :1:1: Premature end of file.
2025-01-09 15:12:20,592 [ERROR] LogOutputStream:75 - [STDERR_REDIRECT] 
2025-01-09 15:12:20,604 [ERROR] LogOutputStream:75 - [STDERR_REDIRECT] [Fatal Error] :1:1: Premature end of file.
2025-01-09 15:12:20,604 [ERROR] LogOutputStream:75 - [STDERR_REDIRECT] 
2025-01-09 15:12:20,624 [ERROR] LogOutputStream:75 - [STDERR_REDIRECT] [Fatal Error] :1:1: Premature end of file.
2025-01-09 15:12:20,624 [ERROR] LogOutputStream:75 - [STDERR_REDIRECT] 
2025-01-09 15:12:20,645 [ERROR] LogOutputStream:75 - [STDERR_REDIRECT] [Fatal Error] :1:1: Premature end of file.
2025-01-09 15:12:20,645 [ERROR] LogOutputStream:75 - [STDERR_REDIRECT] 
2025-01-09 15:12:20,655 [ERROR] LogOutputStream:75 - [STDERR_REDIRECT] [Fatal Error] :1:1: Premature end of file.
2025-01-09 15:12:20,655 [ERROR] LogOutputStream:75 - [STDERR_REDIRECT] 
2025-01-09 15:12:20,682 [ERROR] LogOutputStream:75 - [STDERR_REDIRECT] [Fatal Error] :1:1: Premature end of file.
2025-01-09 15:12:20,682 [ERROR] LogOutputStream:75 - [STDERR_REDIRECT] 
2025-01-09 15:12:20,703 [ERROR] LogOutputStream:75 - [STDERR_REDIRECT] [Fatal Error] :1:1: Premature end of file.
2025-01-09 15:12:20,703 [ERROR] LogOutputStream:75 - [STDERR_REDIRECT] 
2025-01-09 15:12:20,716 [ERROR] LogOutputStream:75 - [STDERR_REDIRECT] [Fatal Error] :1:1: Premature end of file.
2025-01-09 15:12:20,716 [ERROR] LogOutputStream:75 - [STDERR_REDIRECT] 
2025-01-09 15:12:20,741 [ERROR] LogOutputStream:75 - [STDERR_REDIRECT] [Fatal Error] :1:1: Premature end of file.
2025-01-09 15:12:20,741 [ERROR] LogOutputStream:75 - [STDERR_REDIRECT] 
2025-01-09 15:12:20,757 [ERROR] LogOutputStream:75 - [STDERR_REDIRECT] [Fatal Error] :1:1: Premature end of file.
2025-01-09 15:12:20,757 [ERROR] LogOutputStream:75 - [STDERR_REDIRECT] 
2025-01-09 15:12:20,778 [ERROR] LogOutputStream:75 - [STDERR_REDIRECT] [Fatal Error] :1:1: Premature end of file.
2025-01-09 15:12:20,778 [ERROR] LogOutputStream:75 - [STDERR_REDIRECT] 
2025-01-09 15:12:20,802 [ERROR] LogOutputStream:75 - [STDERR_REDIRECT] [Fatal Error] :1:1: Premature end of file.
2025-01-09 15:12:20,802 [ERROR] LogOutputStream:75 - [STDERR_REDIRECT] 
2025-01-09 15:12:20,823 [ERROR] LogOutputStream:75 - [STDERR_REDIRECT] [Fatal Error] :1:1: Premature end of file.
2025-01-09 15:12:20,823 [ERROR] LogOutputStream:75 - [STDERR_REDIRECT] 
2025-01-09 15:12:20,859 [ERROR] LogOutputStream:75 - [STDERR_REDIRECT] [Fatal Error] :1:1: Premature end of file.
2025-01-09 15:12:20,859 [ERROR] LogOutputStream:75 - [STDERR_REDIRECT] 
2025-01-09 15:12:20,881 [ERROR] LogOutputStream:75 - [STDERR_REDIRECT] [Fatal Error] :1:1: Premature end of file.
2025-01-09 15:12:20,883 [ERROR] LogOutputStream:75 - [STDERR_REDIRECT] 
2025-01-09 15:12:20,901 [ERROR] LogOutputStream:75 - [STDERR_REDIRECT] [Fatal Error] :1:1: Premature end of file.
2025-01-09 15:12:20,901 [ERROR] LogOutputStream:75 - [STDERR_REDIRECT] 
2025-01-09 15:12:20,923 [ERROR] LogOutputStream:75 - [STDERR_REDIRECT] [Fatal Error] :1:1: Premature end of file.
2025-01-09 15:12:20,923 [ERROR] LogOutputStream:75 - [STDERR_REDIRECT] 
2025-01-09 15:12:20,947 [ERROR] LogOutputStream:75 - [STDERR_REDIRECT] [Fatal Error] :1:1: Premature end of file.
2025-01-09 15:12:20,947 [ERROR] LogOutputStream:75 - [STDERR_REDIRECT] 
2025-01-09 15:12:20,959 [ERROR] LogOutputStream:75 - [STDERR_REDIRECT] [Fatal Error] :1:1: Premature end of file.
2025-01-09 15:12:20,959 [ERROR] LogOutputStream:75 - [STDERR_REDIRECT] 
2025-01-09 15:12:20,986 [ERROR] LogOutputStream:75 - [STDERR_REDIRECT] [Fatal Error] :1:1: Premature end of file.
2025-01-09 15:12:20,986 [ERROR] LogOutputStream:75 - [STDERR_REDIRECT] 
2025-01-09 15:12:21,001 [ERROR] LogOutputStream:75 - [STDERR_REDIRECT] [Fatal Error] :1:1: Premature end of file.
2025-01-09 15:12:21,001 [ERROR] LogOutputStream:75 - [STDERR_REDIRECT] 
2025-01-09 15:12:21,023 [ERROR] LogOutputStream:75 - [STDERR_REDIRECT] [Fatal Error] :1:1: Premature end of file.
2025-01-09 15:12:21,023 [ERROR] LogOutputStream:75 - [STDERR_REDIRECT] 
2025-01-09 15:12:21,051 [ERROR] LogOutputStream:75 - [STDERR_REDIRECT] [Fatal Error] :1:1: Premature end of file.
2025-01-09 15:12:21,051 [ERROR] LogOutputStream:75 - [STDERR_REDIRECT] 
2025-01-09 15:12:21,072 [ERROR] LogOutputStream:75 - [STDERR_REDIRECT] [Fatal Error] :1:1: Premature end of file.
2025-01-09 15:12:21,072 [ERROR] LogOutputStream:75 - [STDERR_REDIRECT] 
2025-01-09 15:12:21,082 [ERROR] LogOutputStream:75 - [STDERR_REDIRECT] [Fatal Error] :1:1: Premature end of file.
2025-01-09 15:12:21,082 [ERROR] LogOutputStream:75 - [STDERR_REDIRECT] 
2025-01-09 15:12:21,113 [ERROR] LogOutputStream:75 - [STDERR_REDIRECT] [Fatal Error] :1:1: Premature end of file.
2025-01-09 15:12:21,113 [ERROR] LogOutputStream:75 - [STDERR_REDIRECT] 
2025-01-09 15:12:21,140 [ERROR] LogOutputStream:75 - [STDERR_REDIRECT] [Fatal Error] :1:1: Premature end of file.
2025-01-09 15:12:21,140 [ERROR] LogOutputStream:75 - [STDERR_REDIRECT] 
2025-01-09 15:12:21,164 [ERROR] LogOutputStream:75 - [STDERR_REDIRECT] [Fatal Error] :1:1: Premature end of file.
2025-01-09 15:12:21,164 [ERROR] LogOutputStream:75 - [STDERR_REDIRECT] 
2025-01-09 15:12:21,184 [ERROR] LogOutputStream:75 - [STDERR_REDIRECT] [Fatal Error] :1:1: Premature end of file.
2025-01-09 15:12:21,184 [ERROR] LogOutputStream:75 - [STDERR_REDIRECT] 
2025-01-09 15:12:21,194 [ERROR] LogOutputStream:75 - [STDERR_REDIRECT] [Fatal Error] :1:1: Premature end of file.
2025-01-09 15:12:21,194 [ERROR] LogOutputStream:75 - [STDERR_REDIRECT] 
2025-01-09 15:12:21,224 [ERROR] LogOutputStream:75 - [STDERR_REDIRECT] [Fatal Error] :1:1: Premature end of file.
2025-01-09 15:12:21,224 [ERROR] LogOutputStream:75 - [STDERR_REDIRECT] 
2025-01-09 15:12:21,244 [ERROR] LogOutputStream:75 - [STDERR_REDIRECT] [Fatal Error] :1:1: Premature end of file.
2025-01-09 15:12:21,245 [ERROR] LogOutputStream:75 - [STDERR_REDIRECT] 
2025-01-09 15:12:21,265 [ERROR] LogOutputStream:75 - [STDERR_REDIRECT] [Fatal Error] :1:1: Premature end of file.
2025-01-09 15:12:21,265 [ERROR] LogOutputStream:75 - [STDERR_REDIRECT] 
2025-01-09 15:12:21,285 [ERROR] LogOutputStream:75 - [STDERR_REDIRECT] [Fatal Error] :1:1: Premature end of file.
2025-01-09 15:12:21,285 [ERROR] LogOutputStream:75 - [STDERR_REDIRECT] 
2025-01-09 15:12:21,307 [ERROR] LogOutputStream:75 - [STDERR_REDIRECT] [Fatal Error] :1:1: Premature end of file.
2025-01-09 15:12:21,307 [ERROR] LogOutputStream:75 - [STDERR_REDIRECT] 
2025-01-09 15:12:21,327 [ERROR] LogOutputStream:75 - [STDERR_REDIRECT] [Fatal Error] :1:1: Premature end of file.
2025-01-09 15:12:21,327 [ERROR] LogOutputStream:75 - [STDERR_REDIRECT] 
2025-01-09 15:12:21,347 [ERROR] LogOutputStream:75 - [STDERR_REDIRECT] [Fatal Error] :1:1: Premature end of file.
2025-01-09 15:12:21,348 [ERROR] LogOutputStream:75 - [STDERR_REDIRECT] 
2025-01-09 15:12:21,370 [ERROR] LogOutputStream:75 - [STDERR_REDIRECT] [Fatal Error] :1:1: Premature end of file.
2025-01-09 15:12:21,370 [ERROR] LogOutputStream:75 - [STDERR_REDIRECT] 
2025-01-09 15:12:21,389 [ERROR] LogOutputStream:75 - [STDERR_REDIRECT] [Fatal Error] :1:1: Premature end of file.
2025-01-09 15:12:21,389 [ERROR] LogOutputStream:75 - [STDERR_REDIRECT] 
2025-01-09 15:12:21,409 [ERROR] LogOutputStream:75 - [STDERR_REDIRECT] [Fatal Error] :1:1: Premature end of file.
2025-01-09 15:12:21,409 [ERROR] LogOutputStream:75 - [STDERR_REDIRECT] 
2025-01-09 15:12:21,429 [ERROR] LogOutputStream:75 - [STDERR_REDIRECT] [Fatal Error] :1:1: Premature end of file.
2025-01-09 15:12:21,429 [ERROR] LogOutputStream:75 - [STDERR_REDIRECT] 
2025-01-09 15:12:21,449 [ERROR] LogOutputStream:75 - [STDERR_REDIRECT] [Fatal Error] :1:1: Premature end of file.
2025-01-09 15:12:21,449 [ERROR] LogOutputStream:75 - [STDERR_REDIRECT] 
2025-01-09 15:12:21,468 [ERROR] LogOutputStream:75 - [STDERR_REDIRECT] [Fatal Error] :1:1: Premature end of file.
2025-01-09 15:12:21,468 [ERROR] LogOutputStream:75 - [STDERR_REDIRECT] 
2025-01-09 15:12:21,487 [ERROR] LogOutputStream:75 - [STDERR_REDIRECT] [Fatal Error] :1:1: Premature end of file.
2025-01-09 15:12:21,487 [ERROR] LogOutputStream:75 - [STDERR_REDIRECT] 
2025-01-09 15:12:21,508 [ERROR] LogOutputStream:75 - [STDERR_REDIRECT] [Fatal Error] :1:1: Premature end of file.
2025-01-09 15:12:21,508 [ERROR] LogOutputStream:75 - [STDERR_REDIRECT] 
2025-01-09 15:12:21,524 [ERROR] LogOutputStream:75 - [STDERR_REDIRECT] [Fatal Error] :1:1: Premature end of file.
2025-01-09 15:12:21,524 [ERROR] LogOutputStream:75 - [STDERR_REDIRECT] 
2025-01-09 15:12:21,548 [ERROR] LogOutputStream:75 - [STDERR_REDIRECT] [Fatal Error] :1:1: Premature end of file.
2025-01-09 15:12:21,548 [ERROR] LogOutputStream:75 - [STDERR_REDIRECT] 
2025-01-09 15:12:21,568 [ERROR] LogOutputStream:75 - [STDERR_REDIRECT] [Fatal Error] :1:1: Premature end of file.
2025-01-09 15:12:21,568 [ERROR] LogOutputStream:75 - [STDERR_REDIRECT] 
2025-01-09 15:12:21,587 [ERROR] LogOutputStream:75 - [STDERR_REDIRECT] [Fatal Error] :1:1: Premature end of file.
2025-01-09 15:12:21,587 [ERROR] LogOutputStream:75 - [STDERR_REDIRECT] 
2025-01-09 15:12:21,606 [ERROR] LogOutputStream:75 - [STDERR_REDIRECT] [Fatal Error] :1:1: Premature end of file.
2025-01-09 15:12:21,606 [ERROR] LogOutputStream:75 - [STDERR_REDIRECT] 
2025-01-09 15:12:21,627 [ERROR] LogOutputStream:75 - [STDERR_REDIRECT] [Fatal Error] :1:1: Premature end of file.
2025-01-09 15:12:21,627 [ERROR] LogOutputStream:75 - [STDERR_REDIRECT] 
2025-01-09 15:12:21,647 [ERROR] LogOutputStream:75 - [STDERR_REDIRECT] [Fatal Error] :1:1: Premature end of file.
2025-01-09 15:12:21,647 [ERROR] LogOutputStream:75 - [STDERR_REDIRECT] 
2025-01-09 15:12:21,673 [ERROR] LogOutputStream:75 - [STDERR_REDIRECT] [Fatal Error] :1:1: Premature end of file.
2025-01-09 15:12:21,673 [ERROR] LogOutputStream:75 - [STDERR_REDIRECT] 
2025-01-09 15:12:21,693 [ERROR] LogOutputStream:75 - [STDERR_REDIRECT] [Fatal Error] :1:1: Premature end of file.
2025-01-09 15:12:21,693 [ERROR] LogOutputStream:75 - [STDERR_REDIRECT] 
2025-01-09 15:12:21,713 [ERROR] LogOutputStream:75 - [STDERR_REDIRECT] [Fatal Error] :1:1: Premature end of file.
2025-01-09 15:12:21,713 [ERROR] LogOutputStream:75 - [STDERR_REDIRECT] 
2025-01-09 15:12:21,728 [ERROR] LogOutputStream:75 - [STDERR_REDIRECT] [Fatal Error] :1:1: Premature end of file.
2025-01-09 15:12:21,728 [ERROR] LogOutputStream:75 - [STDERR_REDIRECT] 
2025-01-09 15:12:21,739 [ERROR] LogOutputStream:75 - [STDERR_REDIRECT] [Fatal Error] :1:1: Premature end of file.
2025-01-09 15:12:21,749 [ERROR] LogOutputStream:75 - [STDERR_REDIRECT] 
2025-01-09 15:12:21,767 [ERROR] LogOutputStream:75 - [STDERR_REDIRECT] [Fatal Error] :1:1: Premature end of file.
2025-01-09 15:12:21,767 [ERROR] LogOutputStream:75 - [STDERR_REDIRECT] 
2025-01-09 15:12:21,779 [ERROR] LogOutputStream:75 - [STDERR_REDIRECT] [Fatal Error] :1:1: Premature end of file.
2025-01-09 15:12:21,779 [ERROR] LogOutputStream:75 - [STDERR_REDIRECT] 
2025-01-09 15:12:21,800 [ERROR] LogOutputStream:75 - [STDERR_REDIRECT] [Fatal Error] :1:1: Premature end of file.
2025-01-09 15:12:21,800 [ERROR] LogOutputStream:75 - [STDERR_REDIRECT] 
2025-01-09 15:12:21,823 [ERROR] LogOutputStream:75 - [STDERR_REDIRECT] [Fatal Error] :1:1: Premature end of file.
2025-01-09 15:12:21,823 [ERROR] LogOutputStream:75 - [STDERR_REDIRECT] 
2025-01-09 15:12:21,843 [ERROR] LogOutputStream:75 - [STDERR_REDIRECT] [Fatal Error] :1:1: Premature end of file.
2025-01-09 15:12:21,843 [ERROR] LogOutputStream:75 - [STDERR_REDIRECT] 
2025-01-09 15:12:21,860 [ERROR] LogOutputStream:75 - [STDERR_REDIRECT] [Fatal Error] :1:1: Premature end of file.
2025-01-09 15:12:21,860 [ERROR] LogOutputStream:75 - [STDERR_REDIRECT] 
2025-01-09 15:12:21,881 [ERROR] LogOutputStream:75 - [STDERR_REDIRECT] [Fatal Error] :1:1: Premature end of file.
2025-01-09 15:12:21,881 [ERROR] LogOutputStream:75 - [STDERR_REDIRECT] 
2025-01-09 15:12:21,901 [ERROR] LogOutputStream:75 - [STDERR_REDIRECT] [Fatal Error] :1:1: Premature end of file.
2025-01-09 15:12:21,901 [ERROR] LogOutputStream:75 - [STDERR_REDIRECT] 
2025-01-09 15:12:21,927 [ERROR] LogOutputStream:75 - [STDERR_REDIRECT] [Fatal Error] :1:1: Premature end of file.
2025-01-09 15:12:21,927 [ERROR] LogOutputStream:75 - [STDERR_REDIRECT] 
2025-01-09 15:12:21,937 [ERROR] LogOutputStream:75 - [STDERR_REDIRECT] [Fatal Error] :1:1: Premature end of file.
2025-01-09 15:12:21,937 [ERROR] LogOutputStream:75 - [STDERR_REDIRECT] 
2025-01-09 15:12:21,958 [ERROR] LogOutputStream:75 - [STDERR_REDIRECT] [Fatal Error] :1:1: Premature end of file.
2025-01-09 15:12:21,958 [ERROR] LogOutputStream:75 - [STDERR_REDIRECT] 
2025-01-09 15:12:21,987 [ERROR] LogOutputStream:75 - [STDERR_REDIRECT] [Fatal Error] :1:1: Premature end of file.
2025-01-09 15:12:21,987 [ERROR] LogOutputStream:75 - [STDERR_REDIRECT] 
2025-01-09 15:12:21,997 [ERROR] LogOutputStream:75 - [STDERR_REDIRECT] [Fatal Error] :1:1: Premature end of file.
2025-01-09 15:12:21,997 [ERROR] LogOutputStream:75 - [STDERR_REDIRECT] 
2025-01-09 15:12:22,024 [ERROR] LogOutputStream:75 - [STDERR_REDIRECT] [Fatal Error] :1:1: Premature end of file.
2025-01-09 15:12:22,024 [ERROR] LogOutputStream:75 - [STDERR_REDIRECT] 
2025-01-09 15:12:22,039 [ERROR] LogOutputStream:75 - [STDERR_REDIRECT] [Fatal Error] :1:1: Premature end of file.
2025-01-09 15:12:22,039 [ERROR] LogOutputStream:75 - [STDERR_REDIRECT] 
2025-01-09 15:12:22,059 [ERROR] LogOutputStream:75 - [STDERR_REDIRECT] [Fatal Error] :1:1: Premature end of file.
2025-01-09 15:12:22,059 [ERROR] LogOutputStream:75 - [STDERR_REDIRECT] 
2025-01-09 15:12:22,080 [ERROR] LogOutputStream:75 - [STDERR_REDIRECT] [Fatal Error] :1:1: Premature end of file.
2025-01-09 15:12:22,080 [ERROR] LogOutputStream:75 - [STDERR_REDIRECT] 
2025-01-09 15:12:22,100 [ERROR] LogOutputStream:75 - [STDERR_REDIRECT] [Fatal Error] :1:1: Premature end of file.
2025-01-09 15:12:22,100 [ERROR] LogOutputStream:75 - [STDERR_REDIRECT] 
2025-01-09 15:12:22,121 [ERROR] LogOutputStream:75 - [STDERR_REDIRECT] [Fatal Error] :1:1: Premature end of file.
2025-01-09 15:12:22,121 [ERROR] LogOutputStream:75 - [STDERR_REDIRECT] 
2025-01-09 15:12:22,142 [ERROR] LogOutputStream:75 - [STDERR_REDIRECT] [Fatal Error] :1:1: Premature end of file.
2025-01-09 15:12:22,142 [ERROR] LogOutputStream:75 - [STDERR_REDIRECT] 
2025-01-09 15:12:22,160 [ERROR] LogOutputStream:75 - [STDERR_REDIRECT] [Fatal Error] :1:1: Premature end of file.
2025-01-09 15:12:22,160 [ERROR] LogOutputStream:75 - [STDERR_REDIRECT] 
2025-01-09 15:12:22,170 [ERROR] LogOutputStream:75 - [STDERR_REDIRECT] [Fatal Error] :1:1: Premature end of file.
2025-01-09 15:12:22,170 [ERROR] LogOutputStream:75 - [STDERR_REDIRECT] 
2025-01-09 15:12:22,191 [ERROR] LogOutputStream:75 - [STDERR_REDIRECT] [Fatal Error] :1:1: Premature end of file.
2025-01-09 15:12:22,191 [ERROR] LogOutputStream:75 - [STDERR_REDIRECT] 
2025-01-09 15:12:22,212 [ERROR] LogOutputStream:75 - [STDERR_REDIRECT] [Fatal Error] :1:1: Premature end of file.
2025-01-09 15:12:22,212 [ERROR] LogOutputStream:75 - [STDERR_REDIRECT] 
2025-01-09 15:12:22,225 [ERROR] LogOutputStream:75 - [STDERR_REDIRECT] [Fatal Error] :1:1: Premature end of file.
2025-01-09 15:12:22,225 [ERROR] LogOutputStream:75 - [STDERR_REDIRECT] 
2025-01-09 15:12:22,250 [ERROR] LogOutputStream:75 - [STDERR_REDIRECT] [Fatal Error] :1:1: Premature end of file.
2025-01-09 15:12:22,251 [ERROR] LogOutputStream:75 - [STDERR_REDIRECT] 
2025-01-09 15:12:22,270 [ERROR] LogOutputStream:75 - [STDERR_REDIRECT] [Fatal Error] :1:1: Premature end of file.
2025-01-09 15:12:22,270 [ERROR] LogOutputStream:75 - [STDERR_REDIRECT] 
2025-01-09 15:12:22,294 [ERROR] LogOutputStream:75 - [STDERR_REDIRECT] [Fatal Error] :1:1: Premature end of file.
2025-01-09 15:12:22,294 [ERROR] LogOutputStream:75 - [STDERR_REDIRECT] 
2025-01-09 15:12:22,316 [ERROR] LogOutputStream:75 - [STDERR_REDIRECT] [Fatal Error] :1:1: Premature end of file.
2025-01-09 15:12:22,316 [ERROR] LogOutputStream:75 - [STDERR_REDIRECT] 
2025-01-09 15:12:22,338 [ERROR] LogOutputStream:75 - [STDERR_REDIRECT] [Fatal Error] :1:1: Premature end of file.
2025-01-09 15:12:22,339 [ERROR] LogOutputStream:75 - [STDERR_REDIRECT] 
2025-01-09 15:12:22,359 [ERROR] LogOutputStream:75 - [STDERR_REDIRECT] [Fatal Error] :1:1: Premature end of file.
2025-01-09 15:12:22,359 [ERROR] LogOutputStream:75 - [STDERR_REDIRECT] 
2025-01-09 15:12:22,381 [ERROR] LogOutputStream:75 - [STDERR_REDIRECT] [Fatal Error] :1:1: Premature end of file.
2025-01-09 15:12:22,381 [ERROR] LogOutputStream:75 - [STDERR_REDIRECT] 
2025-01-09 15:12:22,402 [ERROR] LogOutputStream:75 - [STDERR_REDIRECT] [Fatal Error] :1:1: Premature end of file.
2025-01-09 15:12:22,402 [ERROR] LogOutputStream:75 - [STDERR_REDIRECT] 
2025-01-09 15:12:22,423 [ERROR] LogOutputStream:75 - [STDERR_REDIRECT] [Fatal Error] :1:1: Premature end of file.
2025-01-09 15:12:22,424 [ERROR] LogOutputStream:75 - [STDERR_REDIRECT] 
2025-01-09 15:12:22,446 [ERROR] LogOutputStream:75 - [STDERR_REDIRECT] [Fatal Error] :1:1: Premature end of file.
2025-01-09 15:12:22,446 [ERROR] LogOutputStream:75 - [STDERR_REDIRECT] 
2025-01-09 15:12:22,465 [ERROR] LogOutputStream:75 - [STDERR_REDIRECT] [Fatal Error] :1:1: Premature end of file.
2025-01-09 15:12:22,465 [ERROR] LogOutputStream:75 - [STDERR_REDIRECT] 
2025-01-09 15:12:22,484 [ERROR] LogOutputStream:75 - [STDERR_REDIRECT] [Fatal Error] :1:1: Premature end of file.
2025-01-09 15:12:22,484 [ERROR] LogOutputStream:75 - [STDERR_REDIRECT] 
2025-01-09 15:12:22,505 [ERROR] LogOutputStream:75 - [STDERR_REDIRECT] [Fatal Error] :1:1: Premature end of file.
2025-01-09 15:12:22,505 [ERROR] LogOutputStream:75 - [STDERR_REDIRECT] 
2025-01-09 15:12:22,524 [ERROR] LogOutputStream:75 - [STDERR_REDIRECT] [Fatal Error] :1:1: Premature end of file.
2025-01-09 15:12:22,524 [ERROR] LogOutputStream:75 - [STDERR_REDIRECT] 
2025-01-09 15:12:22,542 [ERROR] LogOutputStream:75 - [STDERR_REDIRECT] [Fatal Error] :1:1: Premature end of file.
2025-01-09 15:12:22,542 [ERROR] LogOutputStream:75 - [STDERR_REDIRECT] 
2025-01-09 15:12:22,560 [ERROR] LogOutputStream:75 - [STDERR_REDIRECT] [Fatal Error] :1:1: Premature end of file.
2025-01-09 15:12:22,560 [ERROR] LogOutputStream:75 - [STDERR_REDIRECT] 
2025-01-09 15:12:22,580 [ERROR] LogOutputStream:75 - [STDERR_REDIRECT] [Fatal Error] :1:1: Premature end of file.
2025-01-09 15:12:22,580 [ERROR] LogOutputStream:75 - [STDERR_REDIRECT] 
2025-01-09 15:12:22,600 [ERROR] LogOutputStream:75 - [STDERR_REDIRECT] [Fatal Error] :1:1: Premature end of file.
2025-01-09 15:12:22,600 [ERROR] LogOutputStream:75 - [STDERR_REDIRECT] 
2025-01-09 15:12:22,618 [ERROR] LogOutputStream:75 - [STDERR_REDIRECT] [Fatal Error] :1:1: Premature end of file.
2025-01-09 15:12:22,619 [ERROR] LogOutputStream:75 - [STDERR_REDIRECT] 
2025-01-09 15:12:22,636 [ERROR] LogOutputStream:75 - [STDERR_REDIRECT] [Fatal Error] :1:1: Premature end of file.
2025-01-09 15:12:22,636 [ERROR] LogOutputStream:75 - [STDERR_REDIRECT] 
2025-01-09 15:12:22,653 [ERROR] LogOutputStream:75 - [STDERR_REDIRECT] [Fatal Error] :1:1: Premature end of file.
2025-01-09 15:12:22,653 [ERROR] LogOutputStream:75 - [STDERR_REDIRECT] 
2025-01-09 15:12:22,671 [ERROR] LogOutputStream:75 - [STDERR_REDIRECT] [Fatal Error] :1:1: Premature end of file.
2025-01-09 15:12:22,671 [ERROR] LogOutputStream:75 - [STDERR_REDIRECT] 
2025-01-09 15:12:22,691 [ERROR] LogOutputStream:75 - [STDERR_REDIRECT] [Fatal Error] :1:1: Premature end of file.
2025-01-09 15:12:22,691 [ERROR] LogOutputStream:75 - [STDERR_REDIRECT] 
2025-01-09 15:12:22,711 [ERROR] LogOutputStream:75 - [STDERR_REDIRECT] [Fatal Error] :1:1: Premature end of file.
2025-01-09 15:12:22,712 [ERROR] LogOutputStream:75 - [STDERR_REDIRECT] 
2025-01-09 15:12:22,733 [ERROR] LogOutputStream:75 - [STDERR_REDIRECT] [Fatal Error] :1:1: Premature end of file.
2025-01-09 15:12:22,733 [ERROR] LogOutputStream:75 - [STDERR_REDIRECT] 
2025-01-09 15:12:22,756 [ERROR] LogOutputStream:75 - [STDERR_REDIRECT] [Fatal Error] :1:1: Premature end of file.
2025-01-09 15:12:22,756 [ERROR] LogOutputStream:75 - [STDERR_REDIRECT] 
2025-01-09 15:12:22,777 [ERROR] LogOutputStream:75 - [STDERR_REDIRECT] [Fatal Error] :1:1: Premature end of file.
2025-01-09 15:12:22,777 [ERROR] LogOutputStream:75 - [STDERR_REDIRECT] 
2025-01-09 15:12:22,797 [ERROR] LogOutputStream:75 - [STDERR_REDIRECT] [Fatal Error] :1:1: Premature end of file.
2025-01-09 15:12:22,797 [ERROR] LogOutputStream:75 - [STDERR_REDIRECT] 
2025-01-09 15:12:22,817 [ERROR] LogOutputStream:75 - [STDERR_REDIRECT] [Fatal Error] :1:1: Premature end of file.
2025-01-09 15:12:22,817 [ERROR] LogOutputStream:75 - [STDERR_REDIRECT] 
2025-01-09 15:12:22,836 [ERROR] LogOutputStream:75 - [STDERR_REDIRECT] [Fatal Error] :1:1: Premature end of file.
2025-01-09 15:12:22,836 [ERROR] LogOutputStream:75 - [STDERR_REDIRECT] 
2025-01-09 15:12:22,855 [ERROR] LogOutputStream:75 - [STDERR_REDIRECT] [Fatal Error] :1:1: Premature end of file.
2025-01-09 15:12:22,855 [ERROR] LogOutputStream:75 - [STDERR_REDIRECT] 
2025-01-09 15:12:22,873 [ERROR] LogOutputStream:75 - [STDERR_REDIRECT] [Fatal Error] :1:1: Premature end of file.
2025-01-09 15:12:22,873 [ERROR] LogOutputStream:75 - [STDERR_REDIRECT] 
2025-01-09 15:12:22,893 [ERROR] LogOutputStream:75 - [STDERR_REDIRECT] [Fatal Error] :1:1: Premature end of file.
2025-01-09 15:12:22,893 [ERROR] LogOutputStream:75 - [STDERR_REDIRECT] 
2025-01-09 15:12:22,910 [ERROR] LogOutputStream:75 - [STDERR_REDIRECT] [Fatal Error] :1:1: Premature end of file.
2025-01-09 15:12:22,910 [ERROR] LogOutputStream:75 - [STDERR_REDIRECT] 
2025-01-09 15:12:22,929 [ERROR] LogOutputStream:75 - [STDERR_REDIRECT] [Fatal Error] :1:1: Premature end of file.
2025-01-09 15:12:22,929 [ERROR] LogOutputStream:75 - [STDERR_REDIRECT] 
2025-01-09 15:12:22,947 [ERROR] LogOutputStream:75 - [STDERR_REDIRECT] [Fatal Error] :1:1: Premature end of file.
2025-01-09 15:12:22,947 [ERROR] LogOutputStream:75 - [STDERR_REDIRECT] 
2025-01-09 15:12:22,964 [ERROR] LogOutputStream:75 - [STDERR_REDIRECT] [Fatal Error] :1:1: Premature end of file.
2025-01-09 15:12:22,964 [ERROR] LogOutputStream:75 - [STDERR_REDIRECT] 
2025-01-09 15:12:22,982 [ERROR] LogOutputStream:75 - [STDERR_REDIRECT] [Fatal Error] :1:1: Premature end of file.
2025-01-09 15:12:22,983 [ERROR] LogOutputStream:75 - [STDERR_REDIRECT] 
2025-01-09 15:12:23,000 [ERROR] LogOutputStream:75 - [STDERR_REDIRECT] [Fatal Error] :1:1: Premature end of file.
2025-01-09 15:12:23,000 [ERROR] LogOutputStream:75 - [STDERR_REDIRECT] 
2025-01-09 15:12:23,020 [ERROR] LogOutputStream:75 - [STDERR_REDIRECT] [Fatal Error] :1:1: Premature end of file.
2025-01-09 15:12:23,020 [ERROR] LogOutputStream:75 - [STDERR_REDIRECT] 
2025-01-09 15:12:23,038 [ERROR] LogOutputStream:75 - [STDERR_REDIRECT] [Fatal Error] :1:1: Premature end of file.
2025-01-09 15:12:23,038 [ERROR] LogOutputStream:75 - [STDERR_REDIRECT] 
2025-01-09 15:12:23,058 [ERROR] LogOutputStream:75 - [STDERR_REDIRECT] [Fatal Error] :1:1: Premature end of file.
2025-01-09 15:12:23,058 [ERROR] LogOutputStream:75 - [STDERR_REDIRECT] 
2025-01-09 15:12:23,076 [ERROR] LogOutputStream:75 - [STDERR_REDIRECT] [Fatal Error] :1:1: Premature end of file.
2025-01-09 15:12:23,076 [ERROR] LogOutputStream:75 - [STDERR_REDIRECT] 
2025-01-09 15:12:23,096 [ERROR] LogOutputStream:75 - [STDERR_REDIRECT] [Fatal Error] :1:1: Premature end of file.
2025-01-09 15:12:23,096 [ERROR] LogOutputStream:75 - [STDERR_REDIRECT] 
2025-01-09 15:12:23,113 [ERROR] LogOutputStream:75 - [STDERR_REDIRECT] [Fatal Error] :1:1: Premature end of file.
2025-01-09 15:12:23,113 [ERROR] LogOutputStream:75 - [STDERR_REDIRECT] 
2025-01-09 15:12:23,132 [ERROR] LogOutputStream:75 - [STDERR_REDIRECT] [Fatal Error] :1:1: Premature end of file.
2025-01-09 15:12:23,132 [ERROR] LogOutputStream:75 - [STDERR_REDIRECT] 
2025-01-09 15:12:23,151 [ERROR] LogOutputStream:75 - [STDERR_REDIRECT] [Fatal Error] :1:1: Premature end of file.
2025-01-09 15:12:23,151 [ERROR] LogOutputStream:75 - [STDERR_REDIRECT] 
2025-01-09 15:12:23,169 [ERROR] LogOutputStream:75 - [STDERR_REDIRECT] [Fatal Error] :1:1: Premature end of file.
2025-01-09 15:12:23,169 [ERROR] LogOutputStream:75 - [STDERR_REDIRECT] 
2025-01-09 15:12:23,187 [ERROR] LogOutputStream:75 - [STDERR_REDIRECT] [Fatal Error] :1:1: Premature end of file.
2025-01-09 15:12:23,187 [ERROR] LogOutputStream:75 - [STDERR_REDIRECT] 
2025-01-09 15:12:23,206 [ERROR] LogOutputStream:75 - [STDERR_REDIRECT] [Fatal Error] :1:1: Premature end of file.
2025-01-09 15:12:23,206 [ERROR] LogOutputStream:75 - [STDERR_REDIRECT] 
2025-01-09 15:12:23,225 [ERROR] LogOutputStream:75 - [STDERR_REDIRECT] [Fatal Error] :1:1: Premature end of file.
2025-01-09 15:12:23,225 [ERROR] LogOutputStream:75 - [STDERR_REDIRECT] 
2025-01-09 15:12:23,241 [ERROR] LogOutputStream:75 - [STDERR_REDIRECT] [Fatal Error] :1:1: Premature end of file.
2025-01-09 15:12:23,241 [ERROR] LogOutputStream:75 - [STDERR_REDIRECT] 
2025-01-09 15:12:23,259 [ERROR] LogOutputStream:75 - [STDERR_REDIRECT] [Fatal Error] :1:1: Premature end of file.
2025-01-09 15:12:23,259 [ERROR] LogOutputStream:75 - [STDERR_REDIRECT] 
2025-01-09 15:12:23,279 [ERROR] LogOutputStream:75 - [STDERR_REDIRECT] [Fatal Error] :1:1: Premature end of file.
2025-01-09 15:12:23,279 [ERROR] LogOutputStream:75 - [STDERR_REDIRECT] 
2025-01-09 15:12:23,299 [ERROR] LogOutputStream:75 - [STDERR_REDIRECT] [Fatal Error] :1:1: Premature end of file.
2025-01-09 15:12:23,299 [ERROR] LogOutputStream:75 - [STDERR_REDIRECT] 
2025-01-09 15:12:23,319 [ERROR] LogOutputStream:75 - [STDERR_REDIRECT] [Fatal Error] :1:1: Premature end of file.
2025-01-09 15:12:23,319 [ERROR] LogOutputStream:75 - [STDERR_REDIRECT] 
2025-01-09 15:12:23,338 [ERROR] LogOutputStream:75 - [STDERR_REDIRECT] [Fatal Error] :1:1: Premature end of file.
2025-01-09 15:12:23,338 [ERROR] LogOutputStream:75 - [STDERR_REDIRECT] 
2025-01-09 15:12:23,348 [ERROR] LogOutputStream:75 - [STDERR_REDIRECT] [Fatal Error] :1:1: Premature end of file.
2025-01-09 15:12:23,348 [ERROR] LogOutputStream:75 - [STDERR_REDIRECT] 
2025-01-09 15:12:23,369 [ERROR] LogOutputStream:75 - [STDERR_REDIRECT] [Fatal Error] :1:1: Premature end of file.
2025-01-09 15:12:23,369 [ERROR] LogOutputStream:75 - [STDERR_REDIRECT] 
2025-01-09 15:12:23,389 [ERROR] LogOutputStream:75 - [STDERR_REDIRECT] [Fatal Error] :1:1: Premature end of file.
2025-01-09 15:12:23,389 [ERROR] LogOutputStream:75 - [STDERR_REDIRECT] 
2025-01-09 15:12:23,410 [ERROR] LogOutputStream:75 - [STDERR_REDIRECT] [Fatal Error] :1:1: Premature end of file.
2025-01-09 15:12:23,410 [ERROR] LogOutputStream:75 - [STDERR_REDIRECT] 
2025-01-09 15:12:23,429 [ERROR] LogOutputStream:75 - [STDERR_REDIRECT] [Fatal Error] :1:1: Premature end of file.
2025-01-09 15:12:23,429 [ERROR] LogOutputStream:75 - [STDERR_REDIRECT] 
2025-01-09 15:12:23,455 [ERROR] LogOutputStream:75 - [STDERR_REDIRECT] [Fatal Error] :1:1: Premature end of file.
2025-01-09 15:12:23,455 [ERROR] LogOutputStream:75 - [STDERR_REDIRECT] 
2025-01-09 15:12:23,473 [ERROR] LogOutputStream:75 - [STDERR_REDIRECT] [Fatal Error] :1:1: Premature end of file.
2025-01-09 15:12:23,473 [ERROR] LogOutputStream:75 - [STDERR_REDIRECT] 
2025-01-09 15:12:23,490 [ERROR] LogOutputStream:75 - [STDERR_REDIRECT] [Fatal Error] :1:1: Premature end of file.
2025-01-09 15:12:23,490 [ERROR] LogOutputStream:75 - [STDERR_REDIRECT] 
2025-01-09 15:12:23,510 [ERROR] LogOutputStream:75 - [STDERR_REDIRECT] [Fatal Error] :1:1: Premature end of file.
2025-01-09 15:12:23,510 [ERROR] LogOutputStream:75 - [STDERR_REDIRECT] 
2025-01-09 15:12:23,531 [ERROR] LogOutputStream:75 - [STDERR_REDIRECT] [Fatal Error] :1:1: Premature end of file.
2025-01-09 15:12:23,531 [ERROR] LogOutputStream:75 - [STDERR_REDIRECT] 
2025-01-09 15:12:23,541 [ERROR] LogOutputStream:75 - [STDERR_REDIRECT] [Fatal Error] :1:1: Premature end of file.
2025-01-09 15:12:23,541 [ERROR] LogOutputStream:75 - [STDERR_REDIRECT] 
2025-01-09 15:12:23,567 [ERROR] LogOutputStream:75 - [STDERR_REDIRECT] [Fatal Error] :1:1: Premature end of file.
2025-01-09 15:12:23,567 [ERROR] LogOutputStream:75 - [STDERR_REDIRECT] 
2025-01-09 15:12:23,587 [ERROR] LogOutputStream:75 - [STDERR_REDIRECT] [Fatal Error] :1:1: Premature end of file.
2025-01-09 15:12:23,587 [ERROR] LogOutputStream:75 - [STDERR_REDIRECT] 
2025-01-09 15:12:23,606 [ERROR] LogOutputStream:75 - [STDERR_REDIRECT] [Fatal Error] :1:1: Premature end of file.
2025-01-09 15:12:23,606 [ERROR] LogOutputStream:75 - [STDERR_REDIRECT] 
2025-01-09 15:12:23,625 [ERROR] LogOutputStream:75 - [STDERR_REDIRECT] [Fatal Error] :1:1: Premature end of file.
2025-01-09 15:12:23,625 [ERROR] LogOutputStream:75 - [STDERR_REDIRECT] 
2025-01-09 15:12:23,643 [ERROR] LogOutputStream:75 - [STDERR_REDIRECT] [Fatal Error] :1:1: Premature end of file.
2025-01-09 15:12:23,643 [ERROR] LogOutputStream:75 - [STDERR_REDIRECT] 
2025-01-09 15:12:23,661 [ERROR] LogOutputStream:75 - [STDERR_REDIRECT] [Fatal Error] :1:1: Premature end of file.
2025-01-09 15:12:23,661 [ERROR] LogOutputStream:75 - [STDERR_REDIRECT] 
2025-01-09 15:12:23,680 [ERROR] LogOutputStream:75 - [STDERR_REDIRECT] [Fatal Error] :1:1: Premature end of file.
2025-01-09 15:12:23,680 [ERROR] LogOutputStream:75 - [STDERR_REDIRECT] 
2025-01-09 15:12:23,700 [ERROR] LogOutputStream:75 - [STDERR_REDIRECT] [Fatal Error] :1:1: Premature end of file.
2025-01-09 15:12:23,700 [ERROR] LogOutputStream:75 - [STDERR_REDIRECT] 
2025-01-09 15:12:23,719 [ERROR] LogOutputStream:75 - [STDERR_REDIRECT] [Fatal Error] :1:1: Premature end of file.
2025-01-09 15:12:23,720 [ERROR] LogOutputStream:75 - [STDERR_REDIRECT] 
2025-01-09 15:12:23,740 [ERROR] LogOutputStream:75 - [STDERR_REDIRECT] [Fatal Error] :1:1: Premature end of file.
2025-01-09 15:12:23,740 [ERROR] LogOutputStream:75 - [STDERR_REDIRECT] 
2025-01-09 15:12:23,759 [ERROR] LogOutputStream:75 - [STDERR_REDIRECT] [Fatal Error] :1:1: Premature end of file.
2025-01-09 15:12:23,760 [ERROR] LogOutputStream:75 - [STDERR_REDIRECT] 
2025-01-09 15:12:23,778 [ERROR] LogOutputStream:75 - [STDERR_REDIRECT] [Fatal Error] :1:1: Premature end of file.
2025-01-09 15:12:23,779 [ERROR] LogOutputStream:75 - [STDERR_REDIRECT] 
2025-01-09 15:12:23,798 [ERROR] LogOutputStream:75 - [STDERR_REDIRECT] [Fatal Error] :1:1: Premature end of file.
2025-01-09 15:12:23,798 [ERROR] LogOutputStream:75 - [STDERR_REDIRECT] 
2025-01-09 15:12:23,816 [ERROR] LogOutputStream:75 - [STDERR_REDIRECT] [Fatal Error] :1:1: Premature end of file.
2025-01-09 15:12:23,816 [ERROR] LogOutputStream:75 - [STDERR_REDIRECT] 
2025-01-09 15:12:23,835 [ERROR] LogOutputStream:75 - [STDERR_REDIRECT] [Fatal Error] :1:1: Premature end of file.
2025-01-09 15:12:23,835 [ERROR] LogOutputStream:75 - [STDERR_REDIRECT] 
2025-01-09 15:12:23,855 [ERROR] LogOutputStream:75 - [STDERR_REDIRECT] [Fatal Error] :1:1: Premature end of file.
2025-01-09 15:12:23,855 [ERROR] LogOutputStream:75 - [STDERR_REDIRECT] 
2025-01-09 15:12:23,874 [ERROR] LogOutputStream:75 - [STDERR_REDIRECT] [Fatal Error] :1:1: Premature end of file.
2025-01-09 15:12:23,874 [ERROR] LogOutputStream:75 - [STDERR_REDIRECT] 
2025-01-09 15:12:23,893 [ERROR] LogOutputStream:75 - [STDERR_REDIRECT] [Fatal Error] :1:1: Premature end of file.
2025-01-09 15:12:23,893 [ERROR] LogOutputStream:75 - [STDERR_REDIRECT] 
2025-01-09 15:12:23,911 [ERROR] LogOutputStream:75 - [STDERR_REDIRECT] [Fatal Error] :1:1: Premature end of file.
2025-01-09 15:12:23,911 [ERROR] LogOutputStream:75 - [STDERR_REDIRECT] 
2025-01-09 15:12:23,931 [ERROR] LogOutputStream:75 - [STDERR_REDIRECT] [Fatal Error] :1:1: Premature end of file.
2025-01-09 15:12:23,931 [ERROR] LogOutputStream:75 - [STDERR_REDIRECT] 
2025-01-09 15:12:23,951 [ERROR] LogOutputStream:75 - [STDERR_REDIRECT] [Fatal Error] :1:1: Premature end of file.
2025-01-09 15:12:23,951 [ERROR] LogOutputStream:75 - [STDERR_REDIRECT] 
2025-01-09 15:12:23,970 [ERROR] LogOutputStream:75 - [STDERR_REDIRECT] [Fatal Error] :1:1: Premature end of file.
2025-01-09 15:12:23,970 [ERROR] LogOutputStream:75 - [STDERR_REDIRECT] 
2025-01-09 15:12:23,989 [ERROR] LogOutputStream:75 - [STDERR_REDIRECT] [Fatal Error] :1:1: Premature end of file.
2025-01-09 15:12:23,989 [ERROR] LogOutputStream:75 - [STDERR_REDIRECT] 
2025-01-09 15:12:24,008 [ERROR] LogOutputStream:75 - [STDERR_REDIRECT] [Fatal Error] :1:1: Premature end of file.
2025-01-09 15:12:24,008 [ERROR] LogOutputStream:75 - [STDERR_REDIRECT] 
2025-01-09 15:12:24,027 [ERROR] LogOutputStream:75 - [STDERR_REDIRECT] [Fatal Error] :1:1: Premature end of file.
2025-01-09 15:12:24,027 [ERROR] LogOutputStream:75 - [STDERR_REDIRECT] 
2025-01-09 15:12:24,047 [ERROR] LogOutputStream:75 - [STDERR_REDIRECT] [Fatal Error] :1:1: Premature end of file.
2025-01-09 15:12:24,047 [ERROR] LogOutputStream:75 - [STDERR_REDIRECT] 
2025-01-09 15:12:24,067 [ERROR] LogOutputStream:75 - [STDERR_REDIRECT] [Fatal Error] :1:1: Premature end of file.
2025-01-09 15:12:24,067 [ERROR] LogOutputStream:75 - [STDERR_REDIRECT] 
2025-01-09 15:12:24,078 [ERROR] LogOutputStream:75 - [STDERR_REDIRECT] [Fatal Error] :1:1: Premature end of file.
2025-01-09 15:12:24,078 [ERROR] LogOutputStream:75 - [STDERR_REDIRECT] 
2025-01-09 15:12:24,106 [ERROR] LogOutputStream:75 - [STDERR_REDIRECT] [Fatal Error] :1:1: Premature end of file.
2025-01-09 15:12:24,106 [ERROR] LogOutputStream:75 - [STDERR_REDIRECT] 
2025-01-09 15:12:24,120 [ERROR] LogOutputStream:75 - [STDERR_REDIRECT] [Fatal Error] :1:1: Premature end of file.
2025-01-09 15:12:24,120 [ERROR] LogOutputStream:75 - [STDERR_REDIRECT] 
2025-01-09 15:12:24,141 [ERROR] LogOutputStream:75 - [STDERR_REDIRECT] [Fatal Error] :1:1: Premature end of file.
2025-01-09 15:12:24,141 [ERROR] LogOutputStream:75 - [STDERR_REDIRECT] 
2025-01-09 15:12:24,151 [ERROR] LogOutputStream:75 - [STDERR_REDIRECT] [Fatal Error] :1:1: Premature end of file.
2025-01-09 15:12:24,151 [ERROR] LogOutputStream:75 - [STDERR_REDIRECT] 
2025-01-09 15:12:24,171 [ERROR] LogOutputStream:75 - [STDERR_REDIRECT] [Fatal Error] :1:1: Premature end of file.
2025-01-09 15:12:24,171 [ERROR] LogOutputStream:75 - [STDERR_REDIRECT] 
2025-01-09 15:12:24,192 [ERROR] LogOutputStream:75 - [STDERR_REDIRECT] [Fatal Error] :1:1: Premature end of file.
2025-01-09 15:12:24,192 [ERROR] LogOutputStream:75 - [STDERR_REDIRECT] 
2025-01-09 15:12:24,217 [ERROR] LogOutputStream:75 - [STDERR_REDIRECT] [Fatal Error] :1:1: Premature end of file.
2025-01-09 15:12:24,217 [ERROR] LogOutputStream:75 - [STDERR_REDIRECT] 
2025-01-09 15:12:24,232 [ERROR] LogOutputStream:75 - [STDERR_REDIRECT] [Fatal Error] :1:1: Premature end of file.
2025-01-09 15:12:24,232 [ERROR] LogOutputStream:75 - [STDERR_REDIRECT] 
2025-01-09 15:12:24,253 [ERROR] LogOutputStream:75 - [STDERR_REDIRECT] [Fatal Error] :1:1: Premature end of file.
2025-01-09 15:12:24,253 [ERROR] LogOutputStream:75 - [STDERR_REDIRECT] 
2025-01-09 15:12:24,264 [ERROR] LogOutputStream:75 - [STDERR_REDIRECT] [Fatal Error] :1:1: Premature end of file.
2025-01-09 15:12:24,264 [ERROR] LogOutputStream:75 - [STDERR_REDIRECT] 
2025-01-09 15:12:24,287 [ERROR] LogOutputStream:75 - [STDERR_REDIRECT] [Fatal Error] :1:1: Premature end of file.
2025-01-09 15:12:24,287 [ERROR] LogOutputStream:75 - [STDERR_REDIRECT] 
2025-01-09 15:12:24,310 [ERROR] LogOutputStream:75 - [STDERR_REDIRECT] [Fatal Error] :1:1: Premature end of file.
2025-01-09 15:12:24,311 [ERROR] LogOutputStream:75 - [STDERR_REDIRECT] 
2025-01-09 15:12:24,328 [ERROR] LogOutputStream:75 - [STDERR_REDIRECT] [Fatal Error] :1:1: Premature end of file.
2025-01-09 15:12:24,328 [ERROR] LogOutputStream:75 - [STDERR_REDIRECT] 
2025-01-09 15:12:24,348 [ERROR] LogOutputStream:75 - [STDERR_REDIRECT] [Fatal Error] :1:1: Premature end of file.
2025-01-09 15:12:24,348 [ERROR] LogOutputStream:75 - [STDERR_REDIRECT] 
2025-01-09 15:12:24,359 [ERROR] LogOutputStream:75 - [STDERR_REDIRECT] [Fatal Error] :1:1: Premature end of file.
2025-01-09 15:12:24,359 [ERROR] LogOutputStream:75 - [STDERR_REDIRECT] 
2025-01-09 15:12:24,386 [ERROR] LogOutputStream:75 - [STDERR_REDIRECT] [Fatal Error] :1:1: Premature end of file.
2025-01-09 15:12:24,386 [ERROR] LogOutputStream:75 - [STDERR_REDIRECT] 
2025-01-09 15:12:24,400 [ERROR] LogOutputStream:75 - [STDERR_REDIRECT] [Fatal Error] :1:1: Premature end of file.
2025-01-09 15:12:24,400 [ERROR] LogOutputStream:75 - [STDERR_REDIRECT] 
2025-01-09 15:12:24,420 [ERROR] LogOutputStream:75 - [STDERR_REDIRECT] [Fatal Error] :1:1: Premature end of file.
2025-01-09 15:12:24,420 [ERROR] LogOutputStream:75 - [STDERR_REDIRECT] 
2025-01-09 15:12:24,440 [ERROR] LogOutputStream:75 - [STDERR_REDIRECT] [Fatal Error] :1:1: Premature end of file.
2025-01-09 15:12:24,440 [ERROR] LogOutputStream:75 - [STDERR_REDIRECT] 
2025-01-09 15:12:24,462 [ERROR] LogOutputStream:75 - [STDERR_REDIRECT] [Fatal Error] :1:1: Premature end of file.
2025-01-09 15:12:24,462 [ERROR] LogOutputStream:75 - [STDERR_REDIRECT] 
2025-01-09 15:12:24,480 [ERROR] LogOutputStream:75 - [STDERR_REDIRECT] [Fatal Error] :1:1: Premature end of file.
2025-01-09 15:12:24,480 [ERROR] LogOutputStream:75 - [STDERR_REDIRECT] 
2025-01-09 15:12:24,497 [ERROR] LogOutputStream:75 - [STDERR_REDIRECT] [Fatal Error] :1:1: Premature end of file.
2025-01-09 15:12:24,497 [ERROR] LogOutputStream:75 - [STDERR_REDIRECT] 
2025-01-09 15:12:24,517 [ERROR] LogOutputStream:75 - [STDERR_REDIRECT] [Fatal Error] :1:1: Premature end of file.
2025-01-09 15:12:24,517 [ERROR] LogOutputStream:75 - [STDERR_REDIRECT] 
2025-01-09 15:12:24,537 [ERROR] LogOutputStream:75 - [STDERR_REDIRECT] [Fatal Error] :1:1: Premature end of file.
2025-01-09 15:12:24,537 [ERROR] LogOutputStream:75 - [STDERR_REDIRECT] 
2025-01-09 15:12:24,555 [ERROR] LogOutputStream:75 - [STDERR_REDIRECT] [Fatal Error] :1:1: Premature end of file.
2025-01-09 15:12:24,555 [ERROR] LogOutputStream:75 - [STDERR_REDIRECT] 
2025-01-09 15:12:24,573 [ERROR] LogOutputStream:75 - [STDERR_REDIRECT] [Fatal Error] :1:1: Premature end of file.
2025-01-09 15:12:24,573 [ERROR] LogOutputStream:75 - [STDERR_REDIRECT] 
2025-01-09 15:12:24,592 [ERROR] LogOutputStream:75 - [STDERR_REDIRECT] [Fatal Error] :1:1: Premature end of file.
2025-01-09 15:12:24,592 [ERROR] LogOutputStream:75 - [STDERR_REDIRECT] 
2025-01-09 15:12:24,610 [ERROR] LogOutputStream:75 - [STDERR_REDIRECT] [Fatal Error] :1:1: Premature end of file.
2025-01-09 15:12:24,611 [ERROR] LogOutputStream:75 - [STDERR_REDIRECT] 
2025-01-09 15:12:24,628 [ERROR] LogOutputStream:75 - [STDERR_REDIRECT] [Fatal Error] :1:1: Premature end of file.
2025-01-09 15:12:24,628 [ERROR] LogOutputStream:75 - [STDERR_REDIRECT] 
2025-01-09 15:12:24,647 [ERROR] LogOutputStream:75 - [STDERR_REDIRECT] [Fatal Error] :1:1: Premature end of file.
2025-01-09 15:12:24,647 [ERROR] LogOutputStream:75 - [STDERR_REDIRECT] 
2025-01-09 15:12:24,667 [ERROR] LogOutputStream:75 - [STDERR_REDIRECT] [Fatal Error] :1:1: Premature end of file.
2025-01-09 15:12:24,667 [ERROR] LogOutputStream:75 - [STDERR_REDIRECT] 
2025-01-09 15:12:24,687 [ERROR] LogOutputStream:75 - [STDERR_REDIRECT] [Fatal Error] :1:1: Premature end of file.
2025-01-09 15:12:24,687 [ERROR] LogOutputStream:75 - [STDERR_REDIRECT] 
2025-01-09 15:12:24,708 [ERROR] LogOutputStream:75 - [STDERR_REDIRECT] [Fatal Error] :1:1: Premature end of file.
2025-01-09 15:12:24,708 [ERROR] LogOutputStream:75 - [STDERR_REDIRECT] 
2025-01-09 15:12:24,728 [ERROR] LogOutputStream:75 - [STDERR_REDIRECT] [Fatal Error] :1:1: Premature end of file.
2025-01-09 15:12:24,728 [ERROR] LogOutputStream:75 - [STDERR_REDIRECT] 
2025-01-09 15:12:24,747 [ERROR] LogOutputStream:75 - [STDERR_REDIRECT] [Fatal Error] :1:1: Premature end of file.
2025-01-09 15:12:24,747 [ERROR] LogOutputStream:75 - [STDERR_REDIRECT] 
2025-01-09 15:12:24,767 [ERROR] LogOutputStream:75 - [STDERR_REDIRECT] [Fatal Error] :1:1: Premature end of file.
2025-01-09 15:12:24,768 [ERROR] LogOutputStream:75 - [STDERR_REDIRECT] 
2025-01-09 15:12:24,786 [ERROR] LogOutputStream:75 - [STDERR_REDIRECT] [Fatal Error] :1:1: Premature end of file.
2025-01-09 15:12:24,787 [ERROR] LogOutputStream:75 - [STDERR_REDIRECT] 
2025-01-09 15:12:24,805 [ERROR] LogOutputStream:75 - [STDERR_REDIRECT] [Fatal Error] :1:1: Premature end of file.
2025-01-09 15:12:24,805 [ERROR] LogOutputStream:75 - [STDERR_REDIRECT] 
2025-01-09 15:12:24,825 [ERROR] LogOutputStream:75 - [STDERR_REDIRECT] [Fatal Error] :1:1: Premature end of file.
2025-01-09 15:12:24,825 [ERROR] LogOutputStream:75 - [STDERR_REDIRECT] 
2025-01-09 15:12:24,845 [ERROR] LogOutputStream:75 - [STDERR_REDIRECT] [Fatal Error] :1:1: Premature end of file.
2025-01-09 15:12:24,846 [ERROR] LogOutputStream:75 - [STDERR_REDIRECT] 
2025-01-09 15:12:24,867 [ERROR] LogOutputStream:75 - [STDERR_REDIRECT] [Fatal Error] :1:1: Premature end of file.
2025-01-09 15:12:24,867 [ERROR] LogOutputStream:75 - [STDERR_REDIRECT] 
2025-01-09 15:12:24,887 [ERROR] LogOutputStream:75 - [STDERR_REDIRECT] [Fatal Error] :1:1: Premature end of file.
2025-01-09 15:12:24,887 [ERROR] LogOutputStream:75 - [STDERR_REDIRECT] 
2025-01-09 15:12:24,906 [ERROR] LogOutputStream:75 - [STDERR_REDIRECT] [Fatal Error] :1:1: Premature end of file.
2025-01-09 15:12:24,906 [ERROR] LogOutputStream:75 - [STDERR_REDIRECT] 
2025-01-09 15:12:24,926 [ERROR] LogOutputStream:75 - [STDERR_REDIRECT] [Fatal Error] :1:1: Premature end of file.
2025-01-09 15:12:24,926 [ERROR] LogOutputStream:75 - [STDERR_REDIRECT] 
2025-01-09 15:12:24,944 [ERROR] LogOutputStream:75 - [STDERR_REDIRECT] [Fatal Error] :1:1: Premature end of file.
2025-01-09 15:12:24,944 [ERROR] LogOutputStream:75 - [STDERR_REDIRECT] 
2025-01-09 15:12:24,964 [ERROR] LogOutputStream:75 - [STDERR_REDIRECT] [Fatal Error] :1:1: Premature end of file.
2025-01-09 15:12:24,964 [ERROR] LogOutputStream:75 - [STDERR_REDIRECT] 
2025-01-09 15:12:24,982 [ERROR] LogOutputStream:75 - [STDERR_REDIRECT] [Fatal Error] :1:1: Premature end of file.
2025-01-09 15:12:24,982 [ERROR] LogOutputStream:75 - [STDERR_REDIRECT] 
2025-01-09 15:12:25,000 [ERROR] LogOutputStream:75 - [STDERR_REDIRECT] [Fatal Error] :1:1: Premature end of file.
2025-01-09 15:12:25,000 [ERROR] LogOutputStream:75 - [STDERR_REDIRECT] 
2025-01-09 15:12:25,018 [ERROR] LogOutputStream:75 - [STDERR_REDIRECT] [Fatal Error] :1:1: Premature end of file.
2025-01-09 15:12:25,018 [ERROR] LogOutputStream:75 - [STDERR_REDIRECT] 
2025-01-09 15:12:25,037 [ERROR] LogOutputStream:75 - [STDERR_REDIRECT] [Fatal Error] :1:1: Premature end of file.
2025-01-09 15:12:25,038 [ERROR] LogOutputStream:75 - [STDERR_REDIRECT] 
2025-01-09 15:12:25,054 [ERROR] LogOutputStream:75 - [STDERR_REDIRECT] [Fatal Error] :1:1: Premature end of file.
2025-01-09 15:12:25,054 [ERROR] LogOutputStream:75 - [STDERR_REDIRECT] 
2025-01-09 15:12:25,074 [ERROR] LogOutputStream:75 - [STDERR_REDIRECT] [Fatal Error] :1:1: Premature end of file.
2025-01-09 15:12:25,074 [ERROR] LogOutputStream:75 - [STDERR_REDIRECT] 
2025-01-09 15:12:25,095 [ERROR] LogOutputStream:75 - [STDERR_REDIRECT] [Fatal Error] :1:1: Premature end of file.
2025-01-09 15:12:25,095 [ERROR] LogOutputStream:75 - [STDERR_REDIRECT] 
2025-01-09 15:12:25,113 [ERROR] LogOutputStream:75 - [STDERR_REDIRECT] [Fatal Error] :1:1: Premature end of file.
2025-01-09 15:12:25,113 [ERROR] LogOutputStream:75 - [STDERR_REDIRECT] 
2025-01-09 15:12:25,132 [ERROR] LogOutputStream:75 - [STDERR_REDIRECT] [Fatal Error] :1:1: Premature end of file.
2025-01-09 15:12:25,132 [ERROR] LogOutputStream:75 - [STDERR_REDIRECT] 
2025-01-09 15:12:25,150 [ERROR] LogOutputStream:75 - [STDERR_REDIRECT] [Fatal Error] :1:1: Premature end of file.
2025-01-09 15:12:25,150 [ERROR] LogOutputStream:75 - [STDERR_REDIRECT] 
2025-01-09 15:12:25,168 [ERROR] LogOutputStream:75 - [STDERR_REDIRECT] [Fatal Error] :1:1: Premature end of file.
2025-01-09 15:12:25,168 [ERROR] LogOutputStream:75 - [STDERR_REDIRECT] 
2025-01-09 15:12:25,180 [ERROR] LogOutputStream:75 - [STDERR_REDIRECT] [Fatal Error] :1:1: Premature end of file.
2025-01-09 15:12:25,180 [ERROR] LogOutputStream:75 - [STDERR_REDIRECT] 
2025-01-09 15:12:25,200 [ERROR] LogOutputStream:75 - [STDERR_REDIRECT] [Fatal Error] :1:1: Premature end of file.
2025-01-09 15:12:25,200 [ERROR] LogOutputStream:75 - [STDERR_REDIRECT] 
2025-01-09 15:12:25,220 [ERROR] LogOutputStream:75 - [STDERR_REDIRECT] [Fatal Error] :1:1: Premature end of file.
2025-01-09 15:12:25,220 [ERROR] LogOutputStream:75 - [STDERR_REDIRECT] 
2025-01-09 15:12:25,239 [ERROR] LogOutputStream:75 - [STDERR_REDIRECT] [Fatal Error] :1:1: Premature end of file.
2025-01-09 15:12:25,239 [ERROR] LogOutputStream:75 - [STDERR_REDIRECT] 
2025-01-09 15:12:25,254 [ERROR] LogOutputStream:75 - [STDERR_REDIRECT] [Fatal Error] :1:1: Premature end of file.
2025-01-09 15:12:25,254 [ERROR] LogOutputStream:75 - [STDERR_REDIRECT] 
2025-01-09 15:12:25,276 [ERROR] LogOutputStream:75 - [STDERR_REDIRECT] [Fatal Error] :1:1: Premature end of file.
2025-01-09 15:12:25,276 [ERROR] LogOutputStream:75 - [STDERR_REDIRECT] 
2025-01-09 15:12:25,291 [ERROR] LogOutputStream:75 - [STDERR_REDIRECT] [Fatal Error] :1:1: Premature end of file.
2025-01-09 15:12:25,291 [ERROR] LogOutputStream:75 - [STDERR_REDIRECT] 
2025-01-09 15:12:25,311 [ERROR] LogOutputStream:75 - [STDERR_REDIRECT] [Fatal Error] :1:1: Premature end of file.
2025-01-09 15:12:25,311 [ERROR] LogOutputStream:75 - [STDERR_REDIRECT] 
2025-01-09 15:12:25,332 [ERROR] LogOutputStream:75 - [STDERR_REDIRECT] [Fatal Error] :1:1: Premature end of file.
2025-01-09 15:12:25,332 [ERROR] LogOutputStream:75 - [STDERR_REDIRECT] 
2025-01-09 15:12:25,348 [ERROR] LogOutputStream:75 - [STDERR_REDIRECT] [Fatal Error] :1:1: Premature end of file.
2025-01-09 15:12:25,348 [ERROR] LogOutputStream:75 - [STDERR_REDIRECT] 
2025-01-09 15:12:25,362 [ERROR] LogOutputStream:75 - [STDERR_REDIRECT] [Fatal Error] :1:1: Premature end of file.
2025-01-09 15:12:25,362 [ERROR] LogOutputStream:75 - [STDERR_REDIRECT] 
2025-01-09 15:12:25,383 [ERROR] LogOutputStream:75 - [STDERR_REDIRECT] [Fatal Error] :1:1: Premature end of file.
2025-01-09 15:12:25,383 [ERROR] LogOutputStream:75 - [STDERR_REDIRECT] 
2025-01-09 15:12:25,404 [ERROR] LogOutputStream:75 - [STDERR_REDIRECT] [Fatal Error] :1:1: Premature end of file.
2025-01-09 15:12:25,404 [ERROR] LogOutputStream:75 - [STDERR_REDIRECT] 
2025-01-09 15:12:25,424 [ERROR] LogOutputStream:75 - [STDERR_REDIRECT] [Fatal Error] :1:1: Premature end of file.
2025-01-09 15:12:25,424 [ERROR] LogOutputStream:75 - [STDERR_REDIRECT] 
2025-01-09 15:12:25,442 [ERROR] LogOutputStream:75 - [STDERR_REDIRECT] [Fatal Error] :1:1: Premature end of file.
2025-01-09 15:12:25,442 [ERROR] LogOutputStream:75 - [STDERR_REDIRECT] 
2025-01-09 15:12:25,455 [ERROR] LogOutputStream:75 - [STDERR_REDIRECT] [Fatal Error] :1:1: Premature end of file.
2025-01-09 15:12:25,455 [ERROR] LogOutputStream:75 - [STDERR_REDIRECT] 
2025-01-09 15:12:25,475 [ERROR] LogOutputStream:75 - [STDERR_REDIRECT] [Fatal Error] :1:1: Premature end of file.
2025-01-09 15:12:25,475 [ERROR] LogOutputStream:75 - [STDERR_REDIRECT] 
2025-01-09 15:12:25,485 [ERROR] LogOutputStream:75 - [STDERR_REDIRECT] [Fatal Error] :1:1: Premature end of file.
2025-01-09 15:12:25,485 [ERROR] LogOutputStream:75 - [STDERR_REDIRECT] 
2025-01-09 15:12:25,506 [ERROR] LogOutputStream:75 - [STDERR_REDIRECT] [Fatal Error] :1:1: Premature end of file.
2025-01-09 15:12:25,506 [ERROR] LogOutputStream:75 - [STDERR_REDIRECT] 
2025-01-09 15:12:25,529 [ERROR] LogOutputStream:75 - [STDERR_REDIRECT] [Fatal Error] :1:1: Premature end of file.
2025-01-09 15:12:25,529 [ERROR] LogOutputStream:75 - [STDERR_REDIRECT] 
2025-01-09 15:12:25,547 [ERROR] LogOutputStream:75 - [STDERR_REDIRECT] [Fatal Error] :1:1: Premature end of file.
2025-01-09 15:12:25,547 [ERROR] LogOutputStream:75 - [STDERR_REDIRECT] 
2025-01-09 15:12:25,557 [ERROR] LogOutputStream:75 - [STDERR_REDIRECT] [Fatal Error] :1:1: Premature end of file.
2025-01-09 15:12:25,557 [ERROR] LogOutputStream:75 - [STDERR_REDIRECT] 
2025-01-09 15:12:25,578 [ERROR] LogOutputStream:75 - [STDERR_REDIRECT] [Fatal Error] :1:1: Premature end of file.
2025-01-09 15:12:25,578 [ERROR] LogOutputStream:75 - [STDERR_REDIRECT] 
2025-01-09 15:12:25,598 [ERROR] LogOutputStream:75 - [STDERR_REDIRECT] [Fatal Error] :1:1: Premature end of file.
2025-01-09 15:12:25,598 [ERROR] LogOutputStream:75 - [STDERR_REDIRECT] 
2025-01-09 15:12:25,620 [ERROR] LogOutputStream:75 - [STDERR_REDIRECT] [Fatal Error] :1:1: Premature end of file.
2025-01-09 15:12:25,620 [ERROR] LogOutputStream:75 - [STDERR_REDIRECT] 
2025-01-09 15:12:25,640 [ERROR] LogOutputStream:75 - [STDERR_REDIRECT] [Fatal Error] :1:1: Premature end of file.
2025-01-09 15:12:25,641 [ERROR] LogOutputStream:75 - [STDERR_REDIRECT] 
2025-01-09 15:12:25,661 [ERROR] LogOutputStream:75 - [STDERR_REDIRECT] [Fatal Error] :1:1: Premature end of file.
2025-01-09 15:12:25,661 [ERROR] LogOutputStream:75 - [STDERR_REDIRECT] 
2025-01-09 15:12:25,682 [ERROR] LogOutputStream:75 - [STDERR_REDIRECT] [Fatal Error] :1:1: Premature end of file.
2025-01-09 15:12:25,682 [ERROR] LogOutputStream:75 - [STDERR_REDIRECT] 
2025-01-09 15:12:25,702 [ERROR] LogOutputStream:75 - [STDERR_REDIRECT] [Fatal Error] :1:1: Premature end of file.
2025-01-09 15:12:25,702 [ERROR] LogOutputStream:75 - [STDERR_REDIRECT] 
2025-01-09 15:12:25,722 [ERROR] LogOutputStream:75 - [STDERR_REDIRECT] [Fatal Error] :1:1: Premature end of file.
2025-01-09 15:12:25,722 [ERROR] LogOutputStream:75 - [STDERR_REDIRECT] 
2025-01-09 15:12:25,757 [ERROR] LogOutputStream:75 - [STDERR_REDIRECT] [Fatal Error] :1:1: Premature end of file.
2025-01-09 15:12:25,759 [ERROR] LogOutputStream:75 - [STDERR_REDIRECT] 
2025-01-09 15:12:25,782 [ERROR] LogOutputStream:75 - [STDERR_REDIRECT] [Fatal Error] :1:1: Premature end of file.
2025-01-09 15:12:25,782 [ERROR] LogOutputStream:75 - [STDERR_REDIRECT] 
2025-01-09 15:12:25,805 [ERROR] LogOutputStream:75 - [STDERR_REDIRECT] [Fatal Error] :1:1: Premature end of file.
2025-01-09 15:12:25,805 [ERROR] LogOutputStream:75 - [STDERR_REDIRECT] 
2025-01-09 15:12:25,826 [ERROR] LogOutputStream:75 - [STDERR_REDIRECT] [Fatal Error] :1:1: Premature end of file.
2025-01-09 15:12:25,826 [ERROR] LogOutputStream:75 - [STDERR_REDIRECT] 
2025-01-09 15:12:25,846 [ERROR] LogOutputStream:75 - [STDERR_REDIRECT] [Fatal Error] :1:1: Premature end of file.
2025-01-09 15:12:25,846 [ERROR] LogOutputStream:75 - [STDERR_REDIRECT] 
2025-01-09 15:12:25,867 [ERROR] LogOutputStream:75 - [STDERR_REDIRECT] [Fatal Error] :1:1: Premature end of file.
2025-01-09 15:12:25,867 [ERROR] LogOutputStream:75 - [STDERR_REDIRECT] 
2025-01-09 15:12:25,888 [ERROR] LogOutputStream:75 - [STDERR_REDIRECT] [Fatal Error] :1:1: Premature end of file.
2025-01-09 15:12:25,889 [ERROR] LogOutputStream:75 - [STDERR_REDIRECT] 
2025-01-09 15:12:25,909 [ERROR] LogOutputStream:75 - [STDERR_REDIRECT] [Fatal Error] :1:1: Premature end of file.
2025-01-09 15:12:25,909 [ERROR] LogOutputStream:75 - [STDERR_REDIRECT] 
2025-01-09 15:12:25,930 [ERROR] LogOutputStream:75 - [STDERR_REDIRECT] [Fatal Error] :1:1: Premature end of file.
2025-01-09 15:12:25,930 [ERROR] LogOutputStream:75 - [STDERR_REDIRECT] 
2025-01-09 15:12:25,950 [ERROR] LogOutputStream:75 - [STDERR_REDIRECT] [Fatal Error] :1:1: Premature end of file.
2025-01-09 15:12:25,950 [ERROR] LogOutputStream:75 - [STDERR_REDIRECT] 
2025-01-09 15:12:25,970 [ERROR] LogOutputStream:75 - [STDERR_REDIRECT] [Fatal Error] :1:1: Premature end of file.
2025-01-09 15:12:25,970 [ERROR] LogOutputStream:75 - [STDERR_REDIRECT] 
2025-01-09 15:12:25,991 [ERROR] LogOutputStream:75 - [STDERR_REDIRECT] [Fatal Error] :1:1: Premature end of file.
2025-01-09 15:12:25,991 [ERROR] LogOutputStream:75 - [STDERR_REDIRECT] 
2025-01-09 15:12:26,011 [ERROR] LogOutputStream:75 - [STDERR_REDIRECT] [Fatal Error] :1:1: Premature end of file.
2025-01-09 15:12:26,012 [ERROR] LogOutputStream:75 - [STDERR_REDIRECT] 
2025-01-09 15:12:26,032 [ERROR] LogOutputStream:75 - [STDERR_REDIRECT] [Fatal Error] :1:1: Premature end of file.
2025-01-09 15:12:26,032 [ERROR] LogOutputStream:75 - [STDERR_REDIRECT] 
2025-01-09 15:12:26,053 [ERROR] LogOutputStream:75 - [STDERR_REDIRECT] [Fatal Error] :1:1: Premature end of file.
2025-01-09 15:12:26,053 [ERROR] LogOutputStream:75 - [STDERR_REDIRECT] 
2025-01-09 15:12:26,073 [ERROR] LogOutputStream:75 - [STDERR_REDIRECT] [Fatal Error] :1:1: Premature end of file.
2025-01-09 15:12:26,073 [ERROR] LogOutputStream:75 - [STDERR_REDIRECT] 
2025-01-09 15:12:26,092 [ERROR] LogOutputStream:75 - [STDERR_REDIRECT] [Fatal Error] :1:1: Premature end of file.
2025-01-09 15:12:26,092 [ERROR] LogOutputStream:75 - [STDERR_REDIRECT] 
2025-01-09 15:12:26,115 [ERROR] LogOutputStream:75 - [STDERR_REDIRECT] [Fatal Error] :1:1: Premature end of file.
2025-01-09 15:12:26,115 [ERROR] LogOutputStream:75 - [STDERR_REDIRECT] 
2025-01-09 15:12:26,135 [ERROR] LogOutputStream:75 - [STDERR_REDIRECT] [Fatal Error] :1:1: Premature end of file.
2025-01-09 15:12:26,135 [ERROR] LogOutputStream:75 - [STDERR_REDIRECT] 
2025-01-09 15:12:26,155 [ERROR] LogOutputStream:75 - [STDERR_REDIRECT] [Fatal Error] :1:1: Premature end of file.
2025-01-09 15:12:26,155 [ERROR] LogOutputStream:75 - [STDERR_REDIRECT] 
2025-01-09 15:12:26,174 [ERROR] LogOutputStream:75 - [STDERR_REDIRECT] [Fatal Error] :1:1: Premature end of file.
2025-01-09 15:12:26,174 [ERROR] LogOutputStream:75 - [STDERR_REDIRECT] 
2025-01-09 15:12:26,193 [ERROR] LogOutputStream:75 - [STDERR_REDIRECT] [Fatal Error] :1:1: Premature end of file.
2025-01-09 15:12:26,193 [ERROR] LogOutputStream:75 - [STDERR_REDIRECT] 
2025-01-09 15:12:26,219 [ERROR] LogOutputStream:75 - [STDERR_REDIRECT] [Fatal Error] :1:1: Premature end of file.
2025-01-09 15:12:26,219 [ERROR] LogOutputStream:75 - [STDERR_REDIRECT] 
2025-01-09 15:12:26,241 [ERROR] LogOutputStream:75 - [STDERR_REDIRECT] [Fatal Error] :1:1: Premature end of file.
2025-01-09 15:12:26,241 [ERROR] LogOutputStream:75 - [STDERR_REDIRECT] 
2025-01-09 15:12:26,261 [ERROR] LogOutputStream:75 - [STDERR_REDIRECT] [Fatal Error] :1:1: Premature end of file.
2025-01-09 15:12:26,261 [ERROR] LogOutputStream:75 - [STDERR_REDIRECT] 
2025-01-09 15:12:26,281 [ERROR] LogOutputStream:75 - [STDERR_REDIRECT] [Fatal Error] :1:1: Premature end of file.
2025-01-09 15:12:26,281 [ERROR] LogOutputStream:75 - [STDERR_REDIRECT] 
2025-01-09 15:12:26,300 [ERROR] LogOutputStream:75 - [STDERR_REDIRECT] [Fatal Error] :1:1: Premature end of file.
2025-01-09 15:12:26,300 [ERROR] LogOutputStream:75 - [STDERR_REDIRECT] 
2025-01-09 15:12:26,320 [ERROR] LogOutputStream:75 - [STDERR_REDIRECT] [Fatal Error] :1:1: Premature end of file.
2025-01-09 15:12:26,320 [ERROR] LogOutputStream:75 - [STDERR_REDIRECT] 
2025-01-09 15:12:26,338 [ERROR] LogOutputStream:75 - [STDERR_REDIRECT] [Fatal Error] :1:1: Premature end of file.
2025-01-09 15:12:26,339 [ERROR] LogOutputStream:75 - [STDERR_REDIRECT] 
2025-01-09 15:12:26,359 [ERROR] LogOutputStream:75 - [STDERR_REDIRECT] [Fatal Error] :1:1: Premature end of file.
2025-01-09 15:12:26,359 [ERROR] LogOutputStream:75 - [STDERR_REDIRECT] 
2025-01-09 15:12:26,377 [ERROR] LogOutputStream:75 - [STDERR_REDIRECT] [Fatal Error] :1:1: Premature end of file.
2025-01-09 15:12:26,378 [ERROR] LogOutputStream:75 - [STDERR_REDIRECT] 
2025-01-09 15:12:26,396 [ERROR] LogOutputStream:75 - [STDERR_REDIRECT] [Fatal Error] :1:1: Premature end of file.
2025-01-09 15:12:26,396 [ERROR] LogOutputStream:75 - [STDERR_REDIRECT] 
2025-01-09 15:12:26,415 [ERROR] LogOutputStream:75 - [STDERR_REDIRECT] [Fatal Error] :1:1: Premature end of file.
2025-01-09 15:12:26,415 [ERROR] LogOutputStream:75 - [STDERR_REDIRECT] 
2025-01-09 15:12:26,433 [ERROR] LogOutputStream:75 - [STDERR_REDIRECT] [Fatal Error] :1:1: Premature end of file.
2025-01-09 15:12:26,434 [ERROR] LogOutputStream:75 - [STDERR_REDIRECT] 
2025-01-09 15:12:26,453 [ERROR] LogOutputStream:75 - [STDERR_REDIRECT] [Fatal Error] :1:1: Premature end of file.
2025-01-09 15:12:26,454 [ERROR] LogOutputStream:75 - [STDERR_REDIRECT] 
2025-01-09 15:12:26,466 [ERROR] LogOutputStream:75 - [STDERR_REDIRECT] [Fatal Error] :1:1: Premature end of file.
2025-01-09 15:12:26,466 [ERROR] LogOutputStream:75 - [STDERR_REDIRECT] 
2025-01-09 15:12:26,487 [ERROR] LogOutputStream:75 - [STDERR_REDIRECT] [Fatal Error] :1:1: Premature end of file.
2025-01-09 15:12:26,487 [ERROR] LogOutputStream:75 - [STDERR_REDIRECT] 
2025-01-09 15:12:26,506 [ERROR] LogOutputStream:75 - [STDERR_REDIRECT] [Fatal Error] :1:1: Premature end of file.
2025-01-09 15:12:26,506 [ERROR] LogOutputStream:75 - [STDERR_REDIRECT] 
2025-01-09 15:12:26,525 [ERROR] LogOutputStream:75 - [STDERR_REDIRECT] [Fatal Error] :1:1: Premature end of file.
2025-01-09 15:12:26,525 [ERROR] LogOutputStream:75 - [STDERR_REDIRECT] 
2025-01-09 15:12:26,537 [ERROR] LogOutputStream:75 - [STDERR_REDIRECT] [Fatal Error] :1:1: Premature end of file.
2025-01-09 15:12:26,537 [ERROR] LogOutputStream:75 - [STDERR_REDIRECT] 
2025-01-09 15:12:26,557 [ERROR] LogOutputStream:75 - [STDERR_REDIRECT] [Fatal Error] :1:1: Premature end of file.
2025-01-09 15:12:26,557 [ERROR] LogOutputStream:75 - [STDERR_REDIRECT] 
2025-01-09 15:12:26,580 [ERROR] LogOutputStream:75 - [STDERR_REDIRECT] [Fatal Error] :1:1: Premature end of file.
2025-01-09 15:12:26,580 [ERROR] LogOutputStream:75 - [STDERR_REDIRECT] 
2025-01-09 15:12:26,597 [ERROR] LogOutputStream:75 - [STDERR_REDIRECT] [Fatal Error] :1:1: Premature end of file.
2025-01-09 15:12:26,597 [ERROR] LogOutputStream:75 - [STDERR_REDIRECT] 
2025-01-09 15:12:26,618 [ERROR] LogOutputStream:75 - [STDERR_REDIRECT] [Fatal Error] :1:1: Premature end of file.
2025-01-09 15:12:26,618 [ERROR] LogOutputStream:75 - [STDERR_REDIRECT] 
2025-01-09 15:12:26,643 [ERROR] LogOutputStream:75 - [STDERR_REDIRECT] [Fatal Error] :1:1: Premature end of file.
2025-01-09 15:12:26,643 [ERROR] LogOutputStream:75 - [STDERR_REDIRECT] 
2025-01-09 15:12:26,665 [ERROR] LogOutputStream:75 - [STDERR_REDIRECT] [Fatal Error] :1:1: Premature end of file.
2025-01-09 15:12:26,665 [ERROR] LogOutputStream:75 - [STDERR_REDIRECT] 
2025-01-09 15:12:26,685 [ERROR] LogOutputStream:75 - [STDERR_REDIRECT] [Fatal Error] :1:1: Premature end of file.
2025-01-09 15:12:26,685 [ERROR] LogOutputStream:75 - [STDERR_REDIRECT] 
2025-01-09 15:12:26,707 [ERROR] LogOutputStream:75 - [STDERR_REDIRECT] [Fatal Error] :1:1: Premature end of file.
2025-01-09 15:12:26,707 [ERROR] LogOutputStream:75 - [STDERR_REDIRECT] 
2025-01-09 15:12:26,725 [ERROR] LogOutputStream:75 - [STDERR_REDIRECT] [Fatal Error] :1:1: Premature end of file.
2025-01-09 15:12:26,725 [ERROR] LogOutputStream:75 - [STDERR_REDIRECT] 
2025-01-09 15:12:26,741 [ERROR] LogOutputStream:75 - [STDERR_REDIRECT] [Fatal Error] :1:1: Premature end of file.
2025-01-09 15:12:26,741 [ERROR] LogOutputStream:75 - [STDERR_REDIRECT] 
2025-01-09 15:12:26,759 [ERROR] LogOutputStream:75 - [STDERR_REDIRECT] [Fatal Error] :1:1: Premature end of file.
2025-01-09 15:12:26,759 [ERROR] LogOutputStream:75 - [STDERR_REDIRECT] 
2025-01-09 15:12:26,779 [ERROR] LogOutputStream:75 - [STDERR_REDIRECT] [Fatal Error] :1:1: Premature end of file.
2025-01-09 15:12:26,779 [ERROR] LogOutputStream:75 - [STDERR_REDIRECT] 
2025-01-09 15:12:26,790 [ERROR] LogOutputStream:75 - [STDERR_REDIRECT] [Fatal Error] :1:1: Premature end of file.
2025-01-09 15:12:26,790 [ERROR] LogOutputStream:75 - [STDERR_REDIRECT] 
2025-01-09 15:12:26,811 [ERROR] LogOutputStream:75 - [STDERR_REDIRECT] [Fatal Error] :1:1: Premature end of file.
2025-01-09 15:12:26,811 [ERROR] LogOutputStream:75 - [STDERR_REDIRECT] 
2025-01-09 15:12:26,831 [ERROR] LogOutputStream:75 - [STDERR_REDIRECT] [Fatal Error] :1:1: Premature end of file.
2025-01-09 15:12:26,831 [ERROR] LogOutputStream:75 - [STDERR_REDIRECT] 
2025-01-09 15:12:26,851 [ERROR] LogOutputStream:75 - [STDERR_REDIRECT] [Fatal Error] :1:1: Premature end of file.
2025-01-09 15:12:26,851 [ERROR] LogOutputStream:75 - [STDERR_REDIRECT] 
2025-01-09 15:12:26,872 [ERROR] LogOutputStream:75 - [STDERR_REDIRECT] [Fatal Error] :1:1: Premature end of file.
2025-01-09 15:12:26,872 [ERROR] LogOutputStream:75 - [STDERR_REDIRECT] 
2025-01-09 15:12:26,891 [ERROR] LogOutputStream:75 - [STDERR_REDIRECT] [Fatal Error] :1:1: Premature end of file.
2025-01-09 15:12:26,891 [ERROR] LogOutputStream:75 - [STDERR_REDIRECT] 
2025-01-09 15:12:26,911 [ERROR] LogOutputStream:75 - [STDERR_REDIRECT] [Fatal Error] :1:1: Premature end of file.
2025-01-09 15:12:26,911 [ERROR] LogOutputStream:75 - [STDERR_REDIRECT] 
2025-01-09 15:12:26,929 [ERROR] LogOutputStream:75 - [STDERR_REDIRECT] [Fatal Error] :1:1: Premature end of file.
2025-01-09 15:12:26,929 [ERROR] LogOutputStream:75 - [STDERR_REDIRECT] 
2025-01-09 15:12:26,951 [ERROR] LogOutputStream:75 - [STDERR_REDIRECT] [Fatal Error] :1:1: Premature end of file.
2025-01-09 15:12:26,951 [ERROR] LogOutputStream:75 - [STDERR_REDIRECT] 
2025-01-09 15:12:26,968 [ERROR] LogOutputStream:75 - [STDERR_REDIRECT] [Fatal Error] :1:1: Premature end of file.
2025-01-09 15:12:26,968 [ERROR] LogOutputStream:75 - [STDERR_REDIRECT] 
2025-01-09 15:12:26,988 [ERROR] LogOutputStream:75 - [STDERR_REDIRECT] [Fatal Error] :1:1: Premature end of file.
2025-01-09 15:12:26,988 [ERROR] LogOutputStream:75 - [STDERR_REDIRECT] 
2025-01-09 15:12:27,010 [ERROR] LogOutputStream:75 - [STDERR_REDIRECT] [Fatal Error] :1:1: Premature end of file.
2025-01-09 15:12:27,010 [ERROR] LogOutputStream:75 - [STDERR_REDIRECT] 
2025-01-09 15:12:27,031 [ERROR] LogOutputStream:75 - [STDERR_REDIRECT] [Fatal Error] :1:1: Premature end of file.
2025-01-09 15:12:27,031 [ERROR] LogOutputStream:75 - [STDERR_REDIRECT] 
2025-01-09 15:12:27,049 [ERROR] LogOutputStream:75 - [STDERR_REDIRECT] [Fatal Error] :1:1: Premature end of file.
2025-01-09 15:12:27,050 [ERROR] LogOutputStream:75 - [STDERR_REDIRECT] 
2025-01-09 15:12:27,071 [ERROR] LogOutputStream:75 - [STDERR_REDIRECT] [Fatal Error] :1:1: Premature end of file.
2025-01-09 15:12:27,071 [ERROR] LogOutputStream:75 - [STDERR_REDIRECT] 
2025-01-09 15:12:27,091 [ERROR] LogOutputStream:75 - [STDERR_REDIRECT] [Fatal Error] :1:1: Premature end of file.
2025-01-09 15:12:27,091 [ERROR] LogOutputStream:75 - [STDERR_REDIRECT] 
2025-01-09 15:12:27,110 [ERROR] LogOutputStream:75 - [STDERR_REDIRECT] [Fatal Error] :1:1: Premature end of file.
2025-01-09 15:12:27,110 [ERROR] LogOutputStream:75 - [STDERR_REDIRECT] 
2025-01-09 15:12:27,129 [ERROR] LogOutputStream:75 - [STDERR_REDIRECT] [Fatal Error] :1:1: Premature end of file.
2025-01-09 15:12:27,129 [ERROR] LogOutputStream:75 - [STDERR_REDIRECT] 
2025-01-09 15:12:27,150 [ERROR] LogOutputStream:75 - [STDERR_REDIRECT] [Fatal Error] :1:1: Premature end of file.
2025-01-09 15:12:27,150 [ERROR] LogOutputStream:75 - [STDERR_REDIRECT] 
2025-01-09 15:12:27,172 [ERROR] LogOutputStream:75 - [STDERR_REDIRECT] [Fatal Error] :1:1: Premature end of file.
2025-01-09 15:12:27,172 [ERROR] LogOutputStream:75 - [STDERR_REDIRECT] 
2025-01-09 15:12:27,192 [ERROR] LogOutputStream:75 - [STDERR_REDIRECT] [Fatal Error] :1:1: Premature end of file.
2025-01-09 15:12:27,192 [ERROR] LogOutputStream:75 - [STDERR_REDIRECT] 
2025-01-09 15:12:27,211 [ERROR] LogOutputStream:75 - [STDERR_REDIRECT] [Fatal Error] :1:1: Premature end of file.
2025-01-09 15:12:27,211 [ERROR] LogOutputStream:75 - [STDERR_REDIRECT] 
2025-01-09 15:12:27,232 [ERROR] LogOutputStream:75 - [STDERR_REDIRECT] [Fatal Error] :1:1: Premature end of file.
2025-01-09 15:12:27,232 [ERROR] LogOutputStream:75 - [STDERR_REDIRECT] 
2025-01-09 15:12:27,252 [ERROR] LogOutputStream:75 - [STDERR_REDIRECT] [Fatal Error] :1:1: Premature end of file.
2025-01-09 15:12:27,252 [ERROR] LogOutputStream:75 - [STDERR_REDIRECT] 
2025-01-09 15:12:27,270 [ERROR] LogOutputStream:75 - [STDERR_REDIRECT] [Fatal Error] :1:1: Premature end of file.
2025-01-09 15:12:27,270 [ERROR] LogOutputStream:75 - [STDERR_REDIRECT] 
2025-01-09 15:12:27,290 [ERROR] LogOutputStream:75 - [STDERR_REDIRECT] [Fatal Error] :1:1: Premature end of file.
2025-01-09 15:12:27,290 [ERROR] LogOutputStream:75 - [STDERR_REDIRECT] 
2025-01-09 15:12:27,310 [ERROR] LogOutputStream:75 - [STDERR_REDIRECT] [Fatal Error] :1:1: Premature end of file.
2025-01-09 15:12:27,310 [ERROR] LogOutputStream:75 - [STDERR_REDIRECT] 
2025-01-09 15:12:27,328 [ERROR] LogOutputStream:75 - [STDERR_REDIRECT] [Fatal Error] :1:1: Premature end of file.
2025-01-09 15:12:27,328 [ERROR] LogOutputStream:75 - [STDERR_REDIRECT] 
2025-01-09 15:12:27,347 [ERROR] LogOutputStream:75 - [STDERR_REDIRECT] [Fatal Error] :1:1: Premature end of file.
2025-01-09 15:12:27,347 [ERROR] LogOutputStream:75 - [STDERR_REDIRECT] 
2025-01-09 15:12:27,368 [ERROR] LogOutputStream:75 - [STDERR_REDIRECT] [Fatal Error] :1:1: Premature end of file.
2025-01-09 15:12:27,368 [ERROR] LogOutputStream:75 - [STDERR_REDIRECT] 
2025-01-09 15:12:27,388 [ERROR] LogOutputStream:75 - [STDERR_REDIRECT] [Fatal Error] :1:1: Premature end of file.
2025-01-09 15:12:27,388 [ERROR] LogOutputStream:75 - [STDERR_REDIRECT] 
2025-01-09 15:12:27,398 [ERROR] LogOutputStream:75 - [STDERR_REDIRECT] [Fatal Error] :1:1: Premature end of file.
2025-01-09 15:12:27,398 [ERROR] LogOutputStream:75 - [STDERR_REDIRECT] 
2025-01-09 15:12:27,424 [ERROR] LogOutputStream:75 - [STDERR_REDIRECT] [Fatal Error] :1:1: Premature end of file.
2025-01-09 15:12:27,424 [ERROR] LogOutputStream:75 - [STDERR_REDIRECT] 
2025-01-09 15:12:27,441 [ERROR] LogOutputStream:75 - [STDERR_REDIRECT] [Fatal Error] :1:1: Premature end of file.
2025-01-09 15:12:27,441 [ERROR] LogOutputStream:75 - [STDERR_REDIRECT] 
2025-01-09 15:12:27,452 [ERROR] LogOutputStream:75 - [STDERR_REDIRECT] [Fatal Error] :1:1: Premature end of file.
2025-01-09 15:12:27,452 [ERROR] LogOutputStream:75 - [STDERR_REDIRECT] 
2025-01-09 15:12:27,479 [ERROR] LogOutputStream:75 - [STDERR_REDIRECT] [Fatal Error] :1:1: Premature end of file.
2025-01-09 15:12:27,479 [ERROR] LogOutputStream:75 - [STDERR_REDIRECT] 
2025-01-09 15:12:27,493 [ERROR] LogOutputStream:75 - [STDERR_REDIRECT] [Fatal Error] :1:1: Premature end of file.
2025-01-09 15:12:27,493 [ERROR] LogOutputStream:75 - [STDERR_REDIRECT] 
2025-01-09 15:12:27,517 [ERROR] LogOutputStream:75 - [STDERR_REDIRECT] [Fatal Error] :1:1: Premature end of file.
2025-01-09 15:12:27,517 [ERROR] LogOutputStream:75 - [STDERR_REDIRECT] 
2025-01-09 15:12:27,538 [ERROR] LogOutputStream:75 - [STDERR_REDIRECT] [Fatal Error] :1:1: Premature end of file.
2025-01-09 15:12:27,538 [ERROR] LogOutputStream:75 - [STDERR_REDIRECT] 
2025-01-09 15:12:27,555 [ERROR] LogOutputStream:75 - [STDERR_REDIRECT] [Fatal Error] :1:1: Premature end of file.
2025-01-09 15:12:27,555 [ERROR] LogOutputStream:75 - [STDERR_REDIRECT] 
2025-01-09 15:12:27,575 [ERROR] LogOutputStream:75 - [STDERR_REDIRECT] [Fatal Error] :1:1: Premature end of file.
2025-01-09 15:12:27,575 [ERROR] LogOutputStream:75 - [STDERR_REDIRECT] 
2025-01-09 15:12:27,596 [ERROR] LogOutputStream:75 - [STDERR_REDIRECT] [Fatal Error] :1:1: Premature end of file.
2025-01-09 15:12:27,596 [ERROR] LogOutputStream:75 - [STDERR_REDIRECT] 
2025-01-09 15:12:27,608 [ERROR] LogOutputStream:75 - [STDERR_REDIRECT] [Fatal Error] :1:1: Premature end of file.
2025-01-09 15:12:27,608 [ERROR] LogOutputStream:75 - [STDERR_REDIRECT] 
2025-01-09 15:12:27,631 [ERROR] LogOutputStream:75 - [STDERR_REDIRECT] [Fatal Error] :1:1: Premature end of file.
2025-01-09 15:12:27,631 [ERROR] LogOutputStream:75 - [STDERR_REDIRECT] 
2025-01-09 15:12:27,647 [ERROR] LogOutputStream:75 - [STDERR_REDIRECT] [Fatal Error] :1:1: Premature end of file.
2025-01-09 15:12:27,647 [ERROR] LogOutputStream:75 - [STDERR_REDIRECT] 
2025-01-09 15:12:27,657 [ERROR] LogOutputStream:75 - [STDERR_REDIRECT] [Fatal Error] :1:1: Premature end of file.
2025-01-09 15:12:27,657 [ERROR] LogOutputStream:75 - [STDERR_REDIRECT] 
2025-01-09 15:12:27,677 [ERROR] LogOutputStream:75 - [STDERR_REDIRECT] [Fatal Error] :1:1: Premature end of file.
2025-01-09 15:12:27,677 [ERROR] LogOutputStream:75 - [STDERR_REDIRECT] 
2025-01-09 15:12:27,700 [ERROR] LogOutputStream:75 - [STDERR_REDIRECT] [Fatal Error] :1:1: Premature end of file.
2025-01-09 15:12:27,700 [ERROR] LogOutputStream:75 - [STDERR_REDIRECT] 
2025-01-09 15:12:27,718 [ERROR] LogOutputStream:75 - [STDERR_REDIRECT] [Fatal Error] :1:1: Premature end of file.
2025-01-09 15:12:27,718 [ERROR] LogOutputStream:75 - [STDERR_REDIRECT] 
2025-01-09 15:12:27,739 [ERROR] LogOutputStream:75 - [STDERR_REDIRECT] [Fatal Error] :1:1: Premature end of file.
2025-01-09 15:12:27,739 [ERROR] LogOutputStream:75 - [STDERR_REDIRECT] 
2025-01-09 15:12:27,757 [ERROR] LogOutputStream:75 - [STDERR_REDIRECT] [Fatal Error] :1:1: Premature end of file.
2025-01-09 15:12:27,757 [ERROR] LogOutputStream:75 - [STDERR_REDIRECT] 
2025-01-09 15:12:27,773 [ERROR] LogOutputStream:75 - [STDERR_REDIRECT] [Fatal Error] :1:1: Premature end of file.
2025-01-09 15:12:27,773 [ERROR] LogOutputStream:75 - [STDERR_REDIRECT] 
2025-01-09 15:12:27,790 [ERROR] LogOutputStream:75 - [STDERR_REDIRECT] [Fatal Error] :1:1: Premature end of file.
2025-01-09 15:12:27,790 [ERROR] LogOutputStream:75 - [STDERR_REDIRECT] 
2025-01-09 15:12:27,811 [ERROR] LogOutputStream:75 - [STDERR_REDIRECT] [Fatal Error] :1:1: Premature end of file.
2025-01-09 15:12:27,811 [ERROR] LogOutputStream:75 - [STDERR_REDIRECT] 
2025-01-09 15:12:27,821 [ERROR] LogOutputStream:75 - [STDERR_REDIRECT] [Fatal Error] :1:1: Premature end of file.
2025-01-09 15:12:27,821 [ERROR] LogOutputStream:75 - [STDERR_REDIRECT] 
2025-01-09 15:12:27,841 [ERROR] LogOutputStream:75 - [STDERR_REDIRECT] [Fatal Error] :1:1: Premature end of file.
2025-01-09 15:12:27,841 [ERROR] LogOutputStream:75 - [STDERR_REDIRECT] 
2025-01-09 15:12:27,865 [ERROR] LogOutputStream:75 - [STDERR_REDIRECT] [Fatal Error] :1:1: Premature end of file.
2025-01-09 15:12:27,865 [ERROR] LogOutputStream:75 - [STDERR_REDIRECT] 
2025-01-09 15:12:27,882 [ERROR] LogOutputStream:75 - [STDERR_REDIRECT] [Fatal Error] :1:1: Premature end of file.
2025-01-09 15:12:27,882 [ERROR] LogOutputStream:75 - [STDERR_REDIRECT] 
2025-01-09 15:12:27,892 [ERROR] LogOutputStream:75 - [STDERR_REDIRECT] [Fatal Error] :1:1: Premature end of file.
2025-01-09 15:12:27,892 [ERROR] LogOutputStream:75 - [STDERR_REDIRECT] 
2025-01-09 15:12:27,917 [ERROR] LogOutputStream:75 - [STDERR_REDIRECT] [Fatal Error] :1:1: Premature end of file.
2025-01-09 15:12:27,917 [ERROR] LogOutputStream:75 - [STDERR_REDIRECT] 
2025-01-09 15:12:27,933 [ERROR] LogOutputStream:75 - [STDERR_REDIRECT] [Fatal Error] :1:1: Premature end of file.
2025-01-09 15:12:27,933 [ERROR] LogOutputStream:75 - [STDERR_REDIRECT] 
2025-01-09 15:12:27,953 [ERROR] LogOutputStream:75 - [STDERR_REDIRECT] [Fatal Error] :1:1: Premature end of file.
2025-01-09 15:12:27,953 [ERROR] LogOutputStream:75 - [STDERR_REDIRECT] 
2025-01-09 15:12:27,964 [ERROR] LogOutputStream:75 - [STDERR_REDIRECT] [Fatal Error] :1:1: Premature end of file.
2025-01-09 15:12:27,964 [ERROR] LogOutputStream:75 - [STDERR_REDIRECT] 
2025-01-09 15:12:27,994 [ERROR] LogOutputStream:75 - [STDERR_REDIRECT] [Fatal Error] :1:1: Premature end of file.
2025-01-09 15:12:27,994 [ERROR] LogOutputStream:75 - [STDERR_REDIRECT] 
2025-01-09 15:12:28,011 [ERROR] LogOutputStream:75 - [STDERR_REDIRECT] [Fatal Error] :1:1: Premature end of file.
2025-01-09 15:12:28,011 [ERROR] LogOutputStream:75 - [STDERR_REDIRECT] 
2025-01-09 15:12:28,028 [ERROR] LogOutputStream:75 - [STDERR_REDIRECT] [Fatal Error] :1:1: Premature end of file.
2025-01-09 15:12:28,028 [ERROR] LogOutputStream:75 - [STDERR_REDIRECT] 
2025-01-09 15:12:28,046 [ERROR] LogOutputStream:75 - [STDERR_REDIRECT] [Fatal Error] :1:1: Premature end of file.
2025-01-09 15:12:28,046 [ERROR] LogOutputStream:75 - [STDERR_REDIRECT] 
2025-01-09 15:12:28,060 [ERROR] LogOutputStream:75 - [STDERR_REDIRECT] [Fatal Error] :1:1: Premature end of file.
2025-01-09 15:12:28,060 [ERROR] LogOutputStream:75 - [STDERR_REDIRECT] 
2025-01-09 15:12:28,077 [ERROR] LogOutputStream:75 - [STDERR_REDIRECT] [Fatal Error] :1:1: Premature end of file.
2025-01-09 15:12:28,077 [ERROR] LogOutputStream:75 - [STDERR_REDIRECT] 
2025-01-09 15:12:28,101 [ERROR] LogOutputStream:75 - [STDERR_REDIRECT] [Fatal Error] :1:1: Premature end of file.
2025-01-09 15:12:28,101 [ERROR] LogOutputStream:75 - [STDERR_REDIRECT] 
2025-01-09 15:12:28,117 [ERROR] LogOutputStream:75 - [STDERR_REDIRECT] [Fatal Error] :1:1: Premature end of file.
2025-01-09 15:12:28,117 [ERROR] LogOutputStream:75 - [STDERR_REDIRECT] 
2025-01-09 15:12:28,138 [ERROR] LogOutputStream:75 - [STDERR_REDIRECT] [Fatal Error] :1:1: Premature end of file.
2025-01-09 15:12:28,138 [ERROR] LogOutputStream:75 - [STDERR_REDIRECT] 
2025-01-09 15:12:28,159 [ERROR] LogOutputStream:75 - [STDERR_REDIRECT] [Fatal Error] :1:1: Premature end of file.
2025-01-09 15:12:28,159 [ERROR] LogOutputStream:75 - [STDERR_REDIRECT] 
2025-01-09 15:12:28,169 [ERROR] LogOutputStream:75 - [STDERR_REDIRECT] [Fatal Error] :1:1: Premature end of file.
2025-01-09 15:12:28,169 [ERROR] LogOutputStream:75 - [STDERR_REDIRECT] 
2025-01-09 15:12:28,189 [ERROR] LogOutputStream:75 - [STDERR_REDIRECT] [Fatal Error] :1:1: Premature end of file.
2025-01-09 15:12:28,189 [ERROR] LogOutputStream:75 - [STDERR_REDIRECT] 
2025-01-09 15:12:28,211 [ERROR] LogOutputStream:75 - [STDERR_REDIRECT] [Fatal Error] :1:1: Premature end of file.
2025-01-09 15:12:28,211 [ERROR] LogOutputStream:75 - [STDERR_REDIRECT] 
2025-01-09 15:12:28,231 [ERROR] LogOutputStream:75 - [STDERR_REDIRECT] [Fatal Error] :1:1: Premature end of file.
2025-01-09 15:12:28,231 [ERROR] LogOutputStream:75 - [STDERR_REDIRECT] 
2025-01-09 15:12:28,251 [ERROR] LogOutputStream:75 - [STDERR_REDIRECT] [Fatal Error] :1:1: Premature end of file.
2025-01-09 15:12:28,251 [ERROR] LogOutputStream:75 - [STDERR_REDIRECT] 
2025-01-09 15:12:28,272 [ERROR] LogOutputStream:75 - [STDERR_REDIRECT] [Fatal Error] :1:1: Premature end of file.
2025-01-09 15:12:28,272 [ERROR] LogOutputStream:75 - [STDERR_REDIRECT] 
2025-01-09 15:12:28,292 [ERROR] LogOutputStream:75 - [STDERR_REDIRECT] [Fatal Error] :1:1: Premature end of file.
2025-01-09 15:12:28,292 [ERROR] LogOutputStream:75 - [STDERR_REDIRECT] 
2025-01-09 15:12:28,310 [ERROR] LogOutputStream:75 - [STDERR_REDIRECT] [Fatal Error] :1:1: Premature end of file.
2025-01-09 15:12:28,310 [ERROR] LogOutputStream:75 - [STDERR_REDIRECT] 
2025-01-09 15:12:28,329 [ERROR] LogOutputStream:75 - [STDERR_REDIRECT] [Fatal Error] :1:1: Premature end of file.
2025-01-09 15:12:28,329 [ERROR] LogOutputStream:75 - [STDERR_REDIRECT] 
2025-01-09 15:12:28,349 [ERROR] LogOutputStream:75 - [STDERR_REDIRECT] [Fatal Error] :1:1: Premature end of file.
2025-01-09 15:12:28,350 [ERROR] LogOutputStream:75 - [STDERR_REDIRECT] 
2025-01-09 15:12:28,370 [ERROR] LogOutputStream:75 - [STDERR_REDIRECT] [Fatal Error] :1:1: Premature end of file.
2025-01-09 15:12:28,370 [ERROR] LogOutputStream:75 - [STDERR_REDIRECT] 
2025-01-09 15:12:28,390 [ERROR] LogOutputStream:75 - [STDERR_REDIRECT] [Fatal Error] :1:1: Premature end of file.
2025-01-09 15:12:28,391 [ERROR] LogOutputStream:75 - [STDERR_REDIRECT] 
2025-01-09 15:12:28,415 [ERROR] LogOutputStream:75 - [STDERR_REDIRECT] [Fatal Error] :1:1: Premature end of file.
2025-01-09 15:12:28,415 [ERROR] LogOutputStream:75 - [STDERR_REDIRECT] 
2025-01-09 15:12:28,434 [ERROR] LogOutputStream:75 - [STDERR_REDIRECT] [Fatal Error] :1:1: Premature end of file.
2025-01-09 15:12:28,434 [ERROR] LogOutputStream:75 - [STDERR_REDIRECT] 
2025-01-09 15:12:28,454 [ERROR] LogOutputStream:75 - [STDERR_REDIRECT] [Fatal Error] :1:1: Premature end of file.
2025-01-09 15:12:28,454 [ERROR] LogOutputStream:75 - [STDERR_REDIRECT] 
2025-01-09 15:12:28,471 [ERROR] LogOutputStream:75 - [STDERR_REDIRECT] [Fatal Error] :1:1: Premature end of file.
2025-01-09 15:12:28,471 [ERROR] LogOutputStream:75 - [STDERR_REDIRECT] 
2025-01-09 15:12:28,491 [ERROR] LogOutputStream:75 - [STDERR_REDIRECT] [Fatal Error] :1:1: Premature end of file.
2025-01-09 15:12:28,491 [ERROR] LogOutputStream:75 - [STDERR_REDIRECT] 
2025-01-09 15:12:28,511 [ERROR] LogOutputStream:75 - [STDERR_REDIRECT] [Fatal Error] :1:1: Premature end of file.
2025-01-09 15:12:28,511 [ERROR] LogOutputStream:75 - [STDERR_REDIRECT] 
2025-01-09 15:12:28,531 [ERROR] LogOutputStream:75 - [STDERR_REDIRECT] [Fatal Error] :1:1: Premature end of file.
2025-01-09 15:12:28,531 [ERROR] LogOutputStream:75 - [STDERR_REDIRECT] 
2025-01-09 15:12:28,552 [ERROR] LogOutputStream:75 - [STDERR_REDIRECT] [Fatal Error] :1:1: Premature end of file.
2025-01-09 15:12:28,552 [ERROR] LogOutputStream:75 - [STDERR_REDIRECT] 
2025-01-09 15:12:28,562 [ERROR] LogOutputStream:75 - [STDERR_REDIRECT] [Fatal Error] :1:1: Premature end of file.
2025-01-09 15:12:28,562 [ERROR] LogOutputStream:75 - [STDERR_REDIRECT] 
2025-01-09 15:12:28,588 [ERROR] LogOutputStream:75 - [STDERR_REDIRECT] [Fatal Error] :1:1: Premature end of file.
2025-01-09 15:12:28,588 [ERROR] LogOutputStream:75 - [STDERR_REDIRECT] 
2025-01-09 15:12:28,603 [ERROR] LogOutputStream:75 - [STDERR_REDIRECT] [Fatal Error] :1:1: Premature end of file.
2025-01-09 15:12:28,603 [ERROR] LogOutputStream:75 - [STDERR_REDIRECT] 
2025-01-09 15:12:28,631 [ERROR] LogOutputStream:75 - [STDERR_REDIRECT] [Fatal Error] :1:1: Premature end of file.
2025-01-09 15:12:28,631 [ERROR] LogOutputStream:75 - [STDERR_REDIRECT] 
2025-01-09 15:12:28,648 [ERROR] LogOutputStream:75 - [STDERR_REDIRECT] [Fatal Error] :1:1: Premature end of file.
2025-01-09 15:12:28,648 [ERROR] LogOutputStream:75 - [STDERR_REDIRECT] 
2025-01-09 15:12:28,664 [ERROR] LogOutputStream:75 - [STDERR_REDIRECT] [Fatal Error] :1:1: Premature end of file.
2025-01-09 15:12:28,664 [ERROR] LogOutputStream:75 - [STDERR_REDIRECT] 
2025-01-09 15:12:28,683 [ERROR] LogOutputStream:75 - [STDERR_REDIRECT] [Fatal Error] :1:1: Premature end of file.
2025-01-09 15:12:28,683 [ERROR] LogOutputStream:75 - [STDERR_REDIRECT] 
2025-01-09 15:12:28,695 [ERROR] LogOutputStream:75 - [STDERR_REDIRECT] [Fatal Error] :1:1: Premature end of file.
2025-01-09 15:12:28,695 [ERROR] LogOutputStream:75 - [STDERR_REDIRECT] 
2025-01-09 15:12:28,715 [ERROR] LogOutputStream:75 - [STDERR_REDIRECT] [Fatal Error] :1:1: Premature end of file.
2025-01-09 15:12:28,715 [ERROR] LogOutputStream:75 - [STDERR_REDIRECT] 
2025-01-09 15:12:28,735 [ERROR] LogOutputStream:75 - [STDERR_REDIRECT] [Fatal Error] :1:1: Premature end of file.
2025-01-09 15:12:28,735 [ERROR] LogOutputStream:75 - [STDERR_REDIRECT] 
2025-01-09 15:12:28,746 [ERROR] LogOutputStream:75 - [STDERR_REDIRECT] [Fatal Error] :1:1: Premature end of file.
2025-01-09 15:12:28,746 [ERROR] LogOutputStream:75 - [STDERR_REDIRECT] 
2025-01-09 15:12:28,766 [ERROR] LogOutputStream:75 - [STDERR_REDIRECT] [Fatal Error] :1:1: Premature end of file.
2025-01-09 15:12:28,766 [ERROR] LogOutputStream:75 - [STDERR_REDIRECT] 
2025-01-09 15:12:28,786 [ERROR] LogOutputStream:75 - [STDERR_REDIRECT] [Fatal Error] :1:1: Premature end of file.
2025-01-09 15:12:28,786 [ERROR] LogOutputStream:75 - [STDERR_REDIRECT] 
2025-01-09 15:12:28,798 [ERROR] LogOutputStream:75 - [STDERR_REDIRECT] [Fatal Error] :1:1: Premature end of file.
2025-01-09 15:12:28,798 [ERROR] LogOutputStream:75 - [STDERR_REDIRECT] 
2025-01-09 15:12:28,824 [ERROR] LogOutputStream:75 - [STDERR_REDIRECT] [Fatal Error] :1:1: Premature end of file.
2025-01-09 15:12:28,824 [ERROR] LogOutputStream:75 - [STDERR_REDIRECT] 
2025-01-09 15:12:28,838 [ERROR] LogOutputStream:75 - [STDERR_REDIRECT] [Fatal Error] :1:1: Premature end of file.
2025-01-09 15:12:28,838 [ERROR] LogOutputStream:75 - [STDERR_REDIRECT] 
2025-01-09 15:12:29,651 [ERROR] LogOutputStream:75 - [STDERR_REDIRECT] [Fatal Error] :1:1: Premature end of file.
2025-01-09 15:12:29,651 [ERROR] LogOutputStream:75 - [STDERR_REDIRECT] 
2025-01-09 15:12:30,646 [ERROR] LogOutputStream:75 - [STDERR_REDIRECT] [Fatal Error] :1:1: Premature end of file.
2025-01-09 15:12:30,646 [ERROR] LogOutputStream:75 - [STDERR_REDIRECT] 
2025-01-09 15:12:31,652 [ERROR] LogOutputStream:75 - [STDERR_REDIRECT] [Fatal Error] :1:1: Premature end of file.
2025-01-09 15:12:31,652 [ERROR] LogOutputStream:75 - [STDERR_REDIRECT] 
2025-01-09 15:12:32,658 [ERROR] LogOutputStream:75 - [STDERR_REDIRECT] [Fatal Error] :1:1: Premature end of file.
2025-01-09 15:12:32,658 [ERROR] LogOutputStream:75 - [STDERR_REDIRECT] 
2025-01-09 15:12:33,650 [ERROR] LogOutputStream:75 - [STDERR_REDIRECT] [Fatal Error] :1:1: Premature end of file.
2025-01-09 15:12:33,650 [ERROR] LogOutputStream:75 - [STDERR_REDIRECT] 
2025-01-09 15:12:34,651 [ERROR] LogOutputStream:75 - [STDERR_REDIRECT] [Fatal Error] :1:1: Premature end of file.
2025-01-09 15:12:34,652 [ERROR] LogOutputStream:75 - [STDERR_REDIRECT] 
2025-01-09 15:12:35,651 [ERROR] LogOutputStream:75 - [STDERR_REDIRECT] [Fatal Error] :1:1: Premature end of file.
2025-01-09 15:12:35,651 [ERROR] LogOutputStream:75 - [STDERR_REDIRECT] 
2025-01-09 15:12:36,652 [ERROR] LogOutputStream:75 - [STDERR_REDIRECT] [Fatal Error] :1:1: Premature end of file.
2025-01-09 15:12:36,652 [ERROR] LogOutputStream:75 - [STDERR_REDIRECT] 
2025-01-09 15:12:37,647 [ERROR] LogOutputStream:75 - [STDERR_REDIRECT] [Fatal Error] :1:1: Premature end of file.
2025-01-09 15:12:37,647 [ERROR] LogOutputStream:75 - [STDERR_REDIRECT] 
2025-01-09 15:12:38,651 [ERROR] LogOutputStream:75 - [STDERR_REDIRECT] [Fatal Error] :1:1: Premature end of file.
2025-01-09 15:12:38,651 [ERROR] LogOutputStream:75 - [STDERR_REDIRECT] 
2025-01-09 15:12:39,655 [ERROR] LogOutputStream:75 - [STDERR_REDIRECT] [Fatal Error] :1:1: Premature end of file.
2025-01-09 15:12:39,655 [ERROR] LogOutputStream:75 - [STDERR_REDIRECT] 
2025-01-09 15:12:40,656 [ERROR] LogOutputStream:75 - [STDERR_REDIRECT] [Fatal Error] :1:1: Premature end of file.
2025-01-09 15:12:40,656 [ERROR] LogOutputStream:75 - [STDERR_REDIRECT] 
2025-01-09 15:12:41,654 [ERROR] LogOutputStream:75 - [STDERR_REDIRECT] [Fatal Error] :1:1: Premature end of file.
2025-01-09 15:12:41,654 [ERROR] LogOutputStream:75 - [STDERR_REDIRECT] 
2025-01-09 15:12:42,654 [ERROR] LogOutputStream:75 - [STDERR_REDIRECT] [Fatal Error] :1:1: Premature end of file.
2025-01-09 15:12:42,654 [ERROR] LogOutputStream:75 - [STDERR_REDIRECT] 
2025-01-09 15:12:43,649 [ERROR] LogOutputStream:75 - [STDERR_REDIRECT] [Fatal Error] :1:1: Premature end of file.
2025-01-09 15:12:43,649 [ERROR] LogOutputStream:75 - [STDERR_REDIRECT] 
2025-01-09 15:12:44,656 [ERROR] LogOutputStream:75 - [STDERR_REDIRECT] [Fatal Error] :1:1: Premature end of file.
2025-01-09 15:12:44,656 [ERROR] LogOutputStream:75 - [STDERR_REDIRECT] 
2025-01-09 15:12:45,650 [ERROR] LogOutputStream:75 - [STDERR_REDIRECT] [Fatal Error] :1:1: Premature end of file.
2025-01-09 15:12:45,650 [ERROR] LogOutputStream:75 - [STDERR_REDIRECT] 
2025-01-09 15:12:46,657 [ERROR] LogOutputStream:75 - [STDERR_REDIRECT] [Fatal Error] :1:1: Premature end of file.
2025-01-09 15:12:46,657 [ERROR] LogOutputStream:75 - [STDERR_REDIRECT] 
2025-01-09 15:12:47,638 [ERROR] LogOutputStream:75 - [STDERR_REDIRECT] [Fatal Error] :1:1: Premature end of file.
2025-01-09 15:12:47,638 [ERROR] LogOutputStream:75 - [STDERR_REDIRECT] 
2025-01-09 15:12:48,649 [ERROR] LogOutputStream:75 - [STDERR_REDIRECT] [Fatal Error] :1:1: Premature end of file.
2025-01-09 15:12:48,649 [ERROR] LogOutputStream:75 - [STDERR_REDIRECT] 
2025-01-09 15:12:49,652 [ERROR] LogOutputStream:75 - [STDERR_REDIRECT] [Fatal Error] :1:1: Premature end of file.
2025-01-09 15:12:49,652 [ERROR] LogOutputStream:75 - [STDERR_REDIRECT] 
2025-01-09 15:12:50,651 [ERROR] LogOutputStream:75 - [STDERR_REDIRECT] [Fatal Error] :1:1: Premature end of file.
2025-01-09 15:12:50,651 [ERROR] LogOutputStream:75 - [STDERR_REDIRECT] 
2025-01-09 15:12:51,634 [ERROR] LogOutputStream:75 - [STDERR_REDIRECT] [Fatal Error] :1:1: Premature end of file.
2025-01-09 15:12:51,634 [ERROR] LogOutputStream:75 - [STDERR_REDIRECT] 
2025-01-09 15:12:52,645 [ERROR] LogOutputStream:75 - [STDERR_REDIRECT] [Fatal Error] :1:1: Premature end of file.
2025-01-09 15:12:52,651 [ERROR] LogOutputStream:75 - [STDERR_REDIRECT] 
2025-01-09 15:12:53,654 [ERROR] LogOutputStream:75 - [STDERR_REDIRECT] [Fatal Error] :1:1: Premature end of file.
2025-01-09 15:12:53,654 [ERROR] LogOutputStream:75 - [STDERR_REDIRECT] 
2025-01-09 15:12:54,653 [ERROR] LogOutputStream:75 - [STDERR_REDIRECT] [Fatal Error] :1:1: Premature end of file.
2025-01-09 15:12:54,653 [ERROR] LogOutputStream:75 - [STDERR_REDIRECT] 
2025-01-09 15:12:55,651 [ERROR] LogOutputStream:75 - [STDERR_REDIRECT] [Fatal Error] :1:1: Premature end of file.
2025-01-09 15:12:55,651 [ERROR] LogOutputStream:75 - [STDERR_REDIRECT] 
2025-01-09 15:12:56,648 [ERROR] LogOutputStream:75 - [STDERR_REDIRECT] [Fatal Error] :1:1: Premature end of file.
2025-01-09 15:12:56,648 [ERROR] LogOutputStream:75 - [STDERR_REDIRECT] 
2025-01-09 15:12:57,647 [ERROR] LogOutputStream:75 - [STDERR_REDIRECT] [Fatal Error] :1:1: Premature end of file.
2025-01-09 15:12:57,647 [ERROR] LogOutputStream:75 - [STDERR_REDIRECT] 
2025-01-09 15:12:58,648 [ERROR] LogOutputStream:75 - [STDERR_REDIRECT] [Fatal Error] :1:1: Premature end of file.
2025-01-09 15:12:58,648 [ERROR] LogOutputStream:75 - [STDERR_REDIRECT] 
2025-01-09 15:12:59,655 [ERROR] LogOutputStream:75 - [STDERR_REDIRECT] [Fatal Error] :1:1: Premature end of file.
2025-01-09 15:12:59,655 [ERROR] LogOutputStream:75 - [STDERR_REDIRECT] 
2025-01-09 15:13:00,653 [ERROR] LogOutputStream:75 - [STDERR_REDIRECT] [Fatal Error] :1:1: Premature end of file.
2025-01-09 15:13:00,653 [ERROR] LogOutputStream:75 - [STDERR_REDIRECT] 
2025-01-09 15:13:01,648 [ERROR] LogOutputStream:75 - [STDERR_REDIRECT] [Fatal Error] :1:1: Premature end of file.
2025-01-09 15:13:01,648 [ERROR] LogOutputStream:75 - [STDERR_REDIRECT] 
2025-01-09 15:13:02,645 [ERROR] LogOutputStream:75 - [STDERR_REDIRECT] [Fatal Error] :1:1: Premature end of file.
2025-01-09 15:13:02,645 [ERROR] LogOutputStream:75 - [STDERR_REDIRECT] 
2025-01-09 15:13:03,645 [ERROR] LogOutputStream:75 - [STDERR_REDIRECT] [Fatal Error] :1:1: Premature end of file.
2025-01-09 15:13:03,645 [ERROR] LogOutputStream:75 - [STDERR_REDIRECT] 
2025-01-09 15:13:04,641 [ERROR] LogOutputStream:75 - [STDERR_REDIRECT] [Fatal Error] :1:1: Premature end of file.
2025-01-09 15:13:04,641 [ERROR] LogOutputStream:75 - [STDERR_REDIRECT] 
2025-01-09 15:13:05,656 [ERROR] LogOutputStream:75 - [STDERR_REDIRECT] [Fatal Error] :1:1: Premature end of file.
2025-01-09 15:13:05,656 [ERROR] LogOutputStream:75 - [STDERR_REDIRECT] 
2025-01-09 15:13:06,644 [ERROR] LogOutputStream:75 - [STDERR_REDIRECT] [Fatal Error] :1:1: Premature end of file.
2025-01-09 15:13:06,644 [ERROR] LogOutputStream:75 - [STDERR_REDIRECT] 
2025-01-09 15:13:07,646 [ERROR] LogOutputStream:75 - [STDERR_REDIRECT] [Fatal Error] :1:1: Premature end of file.
2025-01-09 15:13:07,646 [ERROR] LogOutputStream:75 - [STDERR_REDIRECT] 
2025-01-09 15:13:08,651 [ERROR] LogOutputStream:75 - [STDERR_REDIRECT] [Fatal Error] :1:1: Premature end of file.
2025-01-09 15:13:08,651 [ERROR] LogOutputStream:75 - [STDERR_REDIRECT] 
2025-01-09 15:13:09,653 [ERROR] LogOutputStream:75 - [STDERR_REDIRECT] [Fatal Error] :1:1: Premature end of file.
2025-01-09 15:13:09,653 [ERROR] LogOutputStream:75 - [STDERR_REDIRECT] 
2025-01-09 15:13:10,648 [ERROR] LogOutputStream:75 - [STDERR_REDIRECT] [Fatal Error] :1:1: Premature end of file.
2025-01-09 15:13:10,648 [ERROR] LogOutputStream:75 - [STDERR_REDIRECT] 
2025-01-09 15:13:11,649 [ERROR] LogOutputStream:75 - [STDERR_REDIRECT] [Fatal Error] :1:1: Premature end of file.
2025-01-09 15:13:11,649 [ERROR] LogOutputStream:75 - [STDERR_REDIRECT] 
2025-01-09 15:13:12,651 [ERROR] LogOutputStream:75 - [STDERR_REDIRECT] [Fatal Error] :1:1: Premature end of file.
2025-01-09 15:13:12,651 [ERROR] LogOutputStream:75 - [STDERR_REDIRECT] 
2025-01-09 15:13:13,648 [ERROR] LogOutputStream:75 - [STDERR_REDIRECT] [Fatal Error] :1:1: Premature end of file.
2025-01-09 15:13:13,648 [ERROR] LogOutputStream:75 - [STDERR_REDIRECT] 
2025-01-09 15:13:14,648 [ERROR] LogOutputStream:75 - [STDERR_REDIRECT] [Fatal Error] :1:1: Premature end of file.
2025-01-09 15:13:14,648 [ERROR] LogOutputStream:75 - [STDERR_REDIRECT] 
2025-01-09 15:13:15,648 [ERROR] LogOutputStream:75 - [STDERR_REDIRECT] [Fatal Error] :1:1: Premature end of file.
2025-01-09 15:13:15,648 [ERROR] LogOutputStream:75 - [STDERR_REDIRECT] 
2025-01-09 15:13:16,656 [ERROR] LogOutputStream:75 - [STDERR_REDIRECT] [Fatal Error] :1:1: Premature end of file.
2025-01-09 15:13:16,656 [ERROR] LogOutputStream:75 - [STDERR_REDIRECT] 
2025-01-09 15:13:17,651 [ERROR] LogOutputStream:75 - [STDERR_REDIRECT] [Fatal Error] :1:1: Premature end of file.
2025-01-09 15:13:17,651 [ERROR] LogOutputStream:75 - [STDERR_REDIRECT] 
2025-01-09 15:13:18,650 [ERROR] LogOutputStream:75 - [STDERR_REDIRECT] [Fatal Error] :1:1: Premature end of file.
2025-01-09 15:13:18,650 [ERROR] LogOutputStream:75 - [STDERR_REDIRECT] 
2025-01-09 15:13:19,652 [ERROR] LogOutputStream:75 - [STDERR_REDIRECT] [Fatal Error] :1:1: Premature end of file.
2025-01-09 15:13:19,652 [ERROR] LogOutputStream:75 - [STDERR_REDIRECT] 
2025-01-09 15:13:20,644 [ERROR] LogOutputStream:75 - [STDERR_REDIRECT] [Fatal Error] :1:1: Premature end of file.
2025-01-09 15:13:20,644 [ERROR] LogOutputStream:75 - [STDERR_REDIRECT] 
2025-01-09 15:13:21,645 [ERROR] LogOutputStream:75 - [STDERR_REDIRECT] [Fatal Error] :1:1: Premature end of file.
2025-01-09 15:13:21,645 [ERROR] LogOutputStream:75 - [STDERR_REDIRECT] 
2025-01-09 15:13:22,645 [ERROR] LogOutputStream:75 - [STDERR_REDIRECT] [Fatal Error] :1:1: Premature end of file.
2025-01-09 15:13:22,645 [ERROR] LogOutputStream:75 - [STDERR_REDIRECT] 
2025-01-09 15:13:23,650 [ERROR] LogOutputStream:75 - [STDERR_REDIRECT] [Fatal Error] :1:1: Premature end of file.
2025-01-09 15:13:23,650 [ERROR] LogOutputStream:75 - [STDERR_REDIRECT] 
2025-01-09 15:13:24,655 [ERROR] LogOutputStream:75 - [STDERR_REDIRECT] [Fatal Error] :1:1: Premature end of file.
2025-01-09 15:13:24,655 [ERROR] LogOutputStream:75 - [STDERR_REDIRECT] 
2025-01-09 15:13:25,651 [ERROR] LogOutputStream:75 - [STDERR_REDIRECT] [Fatal Error] :1:1: Premature end of file.
2025-01-09 15:13:25,651 [ERROR] LogOutputStream:75 - [STDERR_REDIRECT] 
2025-01-09 15:13:26,656 [ERROR] LogOutputStream:75 - [STDERR_REDIRECT] [Fatal Error] :1:1: Premature end of file.
2025-01-09 15:13:26,656 [ERROR] LogOutputStream:75 - [STDERR_REDIRECT] 
2025-01-09 15:13:27,659 [ERROR] LogOutputStream:75 - [STDERR_REDIRECT] [Fatal Error] :1:1: Premature end of file.
2025-01-09 15:13:27,659 [ERROR] LogOutputStream:75 - [STDERR_REDIRECT] 
2025-01-09 15:13:28,653 [ERROR] LogOutputStream:75 - [STDERR_REDIRECT] [Fatal Error] :1:1: Premature end of file.
2025-01-09 15:13:28,653 [ERROR] LogOutputStream:75 - [STDERR_REDIRECT] 
2025-01-09 15:13:29,645 [ERROR] LogOutputStream:75 - [STDERR_REDIRECT] [Fatal Error] :1:1: Premature end of file.
2025-01-09 15:13:29,645 [ERROR] LogOutputStream:75 - [STDERR_REDIRECT] 
2025-01-09 15:13:30,652 [ERROR] LogOutputStream:75 - [STDERR_REDIRECT] [Fatal Error] :1:1: Premature end of file.
2025-01-09 15:13:30,653 [ERROR] LogOutputStream:75 - [STDERR_REDIRECT] 
2025-01-09 15:13:31,649 [ERROR] LogOutputStream:75 - [STDERR_REDIRECT] [Fatal Error] :1:1: Premature end of file.
2025-01-09 15:13:31,649 [ERROR] LogOutputStream:75 - [STDERR_REDIRECT] 
2025-01-09 15:13:32,660 [ERROR] LogOutputStream:75 - [STDERR_REDIRECT] [Fatal Error] :1:1: Premature end of file.
2025-01-09 15:13:32,660 [ERROR] LogOutputStream:75 - [STDERR_REDIRECT] 
2025-01-09 15:13:33,648 [ERROR] LogOutputStream:75 - [STDERR_REDIRECT] [Fatal Error] :1:1: Premature end of file.
2025-01-09 15:13:33,648 [ERROR] LogOutputStream:75 - [STDERR_REDIRECT] 
2025-01-09 15:13:34,647 [ERROR] LogOutputStream:75 - [STDERR_REDIRECT] [Fatal Error] :1:1: Premature end of file.
2025-01-09 15:13:34,650 [ERROR] LogOutputStream:75 - [STDERR_REDIRECT] 
2025-01-09 15:13:35,649 [ERROR] LogOutputStream:75 - [STDERR_REDIRECT] [Fatal Error] :1:1: Premature end of file.
2025-01-09 15:13:35,649 [ERROR] LogOutputStream:75 - [STDERR_REDIRECT] 
2025-01-09 15:13:36,648 [ERROR] LogOutputStream:75 - [STDERR_REDIRECT] [Fatal Error] :1:1: Premature end of file.
2025-01-09 15:13:36,648 [ERROR] LogOutputStream:75 - [STDERR_REDIRECT] 
2025-01-09 15:13:37,645 [ERROR] LogOutputStream:75 - [STDERR_REDIRECT] [Fatal Error] :1:1: Premature end of file.
2025-01-09 15:13:37,645 [ERROR] LogOutputStream:75 - [STDERR_REDIRECT] 
2025-01-09 15:13:38,658 [ERROR] LogOutputStream:75 - [STDERR_REDIRECT] [Fatal Error] :1:1: Premature end of file.
2025-01-09 15:13:38,658 [ERROR] LogOutputStream:75 - [STDERR_REDIRECT] 
2025-01-09 15:13:39,649 [ERROR] LogOutputStream:75 - [STDERR_REDIRECT] [Fatal Error] :1:1: Premature end of file.
2025-01-09 15:13:39,649 [ERROR] LogOutputStream:75 - [STDERR_REDIRECT] 
2025-01-09 15:13:40,636 [ERROR] LogOutputStream:75 - [STDERR_REDIRECT] [Fatal Error] :1:1: Premature end of file.
2025-01-09 15:13:40,636 [ERROR] LogOutputStream:75 - [STDERR_REDIRECT] 
2025-01-09 15:13:41,640 [ERROR] LogOutputStream:75 - [STDERR_REDIRECT] [Fatal Error] :1:1: Premature end of file.
2025-01-09 15:13:41,640 [ERROR] LogOutputStream:75 - [STDERR_REDIRECT] 
2025-01-09 15:13:42,654 [ERROR] LogOutputStream:75 - [STDERR_REDIRECT] [Fatal Error] :1:1: Premature end of file.
2025-01-09 15:13:42,654 [ERROR] LogOutputStream:75 - [STDERR_REDIRECT] 
2025-01-09 15:13:43,655 [ERROR] LogOutputStream:75 - [STDERR_REDIRECT] [Fatal Error] :1:1: Premature end of file.
2025-01-09 15:13:43,655 [ERROR] LogOutputStream:75 - [STDERR_REDIRECT] 
2025-01-09 15:13:44,646 [ERROR] LogOutputStream:75 - [STDERR_REDIRECT] [Fatal Error] :1:1: Premature end of file.
2025-01-09 15:13:44,646 [ERROR] LogOutputStream:75 - [STDERR_REDIRECT] 
2025-01-09 15:13:45,659 [ERROR] LogOutputStream:75 - [STDERR_REDIRECT] [Fatal Error] :1:1: Premature end of file.
2025-01-09 15:13:45,659 [ERROR] LogOutputStream:75 - [STDERR_REDIRECT] 
2025-01-09 15:13:46,653 [ERROR] LogOutputStream:75 - [STDERR_REDIRECT] [Fatal Error] :1:1: Premature end of file.
2025-01-09 15:13:46,653 [ERROR] LogOutputStream:75 - [STDERR_REDIRECT] 
2025-01-09 15:13:47,647 [ERROR] LogOutputStream:75 - [STDERR_REDIRECT] [Fatal Error] :1:1: Premature end of file.
2025-01-09 15:13:47,647 [ERROR] LogOutputStream:75 - [STDERR_REDIRECT] 
2025-01-09 15:13:48,651 [ERROR] LogOutputStream:75 - [STDERR_REDIRECT] [Fatal Error] :1:1: Premature end of file.
2025-01-09 15:13:48,651 [ERROR] LogOutputStream:75 - [STDERR_REDIRECT] 
2025-01-09 15:13:49,645 [ERROR] LogOutputStream:75 - [STDERR_REDIRECT] [Fatal Error] :1:1: Premature end of file.
2025-01-09 15:13:49,645 [ERROR] LogOutputStream:75 - [STDERR_REDIRECT] 
2025-01-09 15:13:50,653 [ERROR] LogOutputStream:75 - [STDERR_REDIRECT] [Fatal Error] :1:1: Premature end of file.
2025-01-09 15:13:50,653 [ERROR] LogOutputStream:75 - [STDERR_REDIRECT] 
2025-01-09 15:13:51,641 [ERROR] LogOutputStream:75 - [STDERR_REDIRECT] [Fatal Error] :1:1: Premature end of file.
2025-01-09 15:13:51,641 [ERROR] LogOutputStream:75 - [STDERR_REDIRECT] 
2025-01-09 15:13:52,656 [ERROR] LogOutputStream:75 - [STDERR_REDIRECT] [Fatal Error] :1:1: Premature end of file.
2025-01-09 15:13:52,656 [ERROR] LogOutputStream:75 - [STDERR_REDIRECT] 
2025-01-09 15:13:53,644 [ERROR] LogOutputStream:75 - [STDERR_REDIRECT] [Fatal Error] :1:1: Premature end of file.
2025-01-09 15:13:53,644 [ERROR] LogOutputStream:75 - [STDERR_REDIRECT] 
2025-01-09 15:13:54,656 [ERROR] LogOutputStream:75 - [STDERR_REDIRECT] [Fatal Error] :1:1: Premature end of file.
2025-01-09 15:13:54,656 [ERROR] LogOutputStream:75 - [STDERR_REDIRECT] 
2025-01-09 15:13:55,653 [ERROR] LogOutputStream:75 - [STDERR_REDIRECT] [Fatal Error] :1:1: Premature end of file.
2025-01-09 15:13:55,653 [ERROR] LogOutputStream:75 - [STDERR_REDIRECT] 
2025-01-09 15:13:56,644 [ERROR] LogOutputStream:75 - [STDERR_REDIRECT] [Fatal Error] :1:1: Premature end of file.
2025-01-09 15:13:56,644 [ERROR] LogOutputStream:75 - [STDERR_REDIRECT] 
2025-01-09 15:13:57,654 [ERROR] LogOutputStream:75 - [STDERR_REDIRECT] [Fatal Error] :1:1: Premature end of file.
2025-01-09 15:13:57,654 [ERROR] LogOutputStream:75 - [STDERR_REDIRECT] 
2025-01-09 15:13:58,647 [ERROR] LogOutputStream:75 - [STDERR_REDIRECT] [Fatal Error] :1:1: Premature end of file.
2025-01-09 15:13:58,647 [ERROR] LogOutputStream:75 - [STDERR_REDIRECT] 
2025-01-09 15:13:59,645 [ERROR] LogOutputStream:75 - [STDERR_REDIRECT] [Fatal Error] :1:1: Premature end of file.
2025-01-09 15:13:59,645 [ERROR] LogOutputStream:75 - [STDERR_REDIRECT] 
2025-01-09 15:14:00,655 [ERROR] LogOutputStream:75 - [STDERR_REDIRECT] [Fatal Error] :1:1: Premature end of file.
2025-01-09 15:14:00,655 [ERROR] LogOutputStream:75 - [STDERR_REDIRECT] 
2025-01-09 15:14:01,653 [ERROR] LogOutputStream:75 - [STDERR_REDIRECT] [Fatal Error] :1:1: Premature end of file.
2025-01-09 15:14:01,653 [ERROR] LogOutputStream:75 - [STDERR_REDIRECT] 
2025-01-09 15:14:02,645 [ERROR] LogOutputStream:75 - [STDERR_REDIRECT] [Fatal Error] :1:1: Premature end of file.
2025-01-09 15:14:02,645 [ERROR] LogOutputStream:75 - [STDERR_REDIRECT] 
2025-01-09 15:14:03,660 [ERROR] LogOutputStream:75 - [STDERR_REDIRECT] [Fatal Error] :1:1: Premature end of file.
2025-01-09 15:14:03,660 [ERROR] LogOutputStream:75 - [STDERR_REDIRECT] 
2025-01-09 15:14:04,653 [ERROR] LogOutputStream:75 - [STDERR_REDIRECT] [Fatal Error] :1:1: Premature end of file.
2025-01-09 15:14:04,653 [ERROR] LogOutputStream:75 - [STDERR_REDIRECT] 
2025-01-09 15:14:05,645 [ERROR] LogOutputStream:75 - [STDERR_REDIRECT] [Fatal Error] :1:1: Premature end of file.
2025-01-09 15:14:05,645 [ERROR] LogOutputStream:75 - [STDERR_REDIRECT] 
2025-01-09 15:14:06,647 [ERROR] LogOutputStream:75 - [STDERR_REDIRECT] [Fatal Error] :1:1: Premature end of file.
2025-01-09 15:14:06,647 [ERROR] LogOutputStream:75 - [STDERR_REDIRECT] 
2025-01-09 15:14:07,657 [ERROR] LogOutputStream:75 - [STDERR_REDIRECT] [Fatal Error] :1:1: Premature end of file.
2025-01-09 15:14:07,657 [ERROR] LogOutputStream:75 - [STDERR_REDIRECT] 
2025-01-09 15:14:08,652 [ERROR] LogOutputStream:75 - [STDERR_REDIRECT] [Fatal Error] :1:1: Premature end of file.
2025-01-09 15:14:08,652 [ERROR] LogOutputStream:75 - [STDERR_REDIRECT] 
2025-01-09 15:14:09,650 [ERROR] LogOutputStream:75 - [STDERR_REDIRECT] [Fatal Error] :1:1: Premature end of file.
2025-01-09 15:14:09,650 [ERROR] LogOutputStream:75 - [STDERR_REDIRECT] 
2025-01-09 15:14:10,657 [ERROR] LogOutputStream:75 - [STDERR_REDIRECT] [Fatal Error] :1:1: Premature end of file.
2025-01-09 15:14:10,657 [ERROR] LogOutputStream:75 - [STDERR_REDIRECT] 
2025-01-09 15:14:11,644 [ERROR] LogOutputStream:75 - [STDERR_REDIRECT] [Fatal Error] :1:1: Premature end of file.
2025-01-09 15:14:11,644 [ERROR] LogOutputStream:75 - [STDERR_REDIRECT] 
2025-01-09 15:14:12,645 [ERROR] LogOutputStream:75 - [STDERR_REDIRECT] [Fatal Error] :1:1: Premature end of file.
2025-01-09 15:14:12,645 [ERROR] LogOutputStream:75 - [STDERR_REDIRECT] 
2025-01-09 15:14:13,652 [ERROR] LogOutputStream:75 - [STDERR_REDIRECT] [Fatal Error] :1:1: Premature end of file.
2025-01-09 15:14:13,652 [ERROR] LogOutputStream:75 - [STDERR_REDIRECT] 
2025-01-09 15:14:14,658 [ERROR] LogOutputStream:75 - [STDERR_REDIRECT] [Fatal Error] :1:1: Premature end of file.
2025-01-09 15:14:14,658 [ERROR] LogOutputStream:75 - [STDERR_REDIRECT] 
2025-01-09 15:14:15,650 [ERROR] LogOutputStream:75 - [STDERR_REDIRECT] [Fatal Error] :1:1: Premature end of file.
2025-01-09 15:14:15,650 [ERROR] LogOutputStream:75 - [STDERR_REDIRECT] 
2025-01-09 15:14:16,647 [ERROR] LogOutputStream:75 - [STDERR_REDIRECT] [Fatal Error] :1:1: Premature end of file.
2025-01-09 15:14:16,647 [ERROR] LogOutputStream:75 - [STDERR_REDIRECT] 
2025-01-09 15:14:17,645 [ERROR] LogOutputStream:75 - [STDERR_REDIRECT] [Fatal Error] :1:1: Premature end of file.
2025-01-09 15:14:17,645 [ERROR] LogOutputStream:75 - [STDERR_REDIRECT] 
2025-01-09 15:14:18,654 [ERROR] LogOutputStream:75 - [STDERR_REDIRECT] [Fatal Error] :1:1: Premature end of file.
2025-01-09 15:14:18,654 [ERROR] LogOutputStream:75 - [STDERR_REDIRECT] 
2025-01-09 15:14:19,648 [ERROR] LogOutputStream:75 - [STDERR_REDIRECT] [Fatal Error] :1:1: Premature end of file.
2025-01-09 15:14:19,648 [ERROR] LogOutputStream:75 - [STDERR_REDIRECT] 
2025-01-09 15:14:20,651 [ERROR] LogOutputStream:75 - [STDERR_REDIRECT] [Fatal Error] :1:1: Premature end of file.
2025-01-09 15:14:20,652 [ERROR] LogOutputStream:75 - [STDERR_REDIRECT] 
2025-01-09 15:14:21,650 [ERROR] LogOutputStream:75 - [STDERR_REDIRECT] [Fatal Error] :1:1: Premature end of file.
2025-01-09 15:14:21,650 [ERROR] LogOutputStream:75 - [STDERR_REDIRECT] 
2025-01-09 15:14:22,654 [ERROR] LogOutputStream:75 - [STDERR_REDIRECT] [Fatal Error] :1:1: Premature end of file.
2025-01-09 15:14:22,654 [ERROR] LogOutputStream:75 - [STDERR_REDIRECT] 
2025-01-09 15:14:23,657 [ERROR] LogOutputStream:75 - [STDERR_REDIRECT] [Fatal Error] :1:1: Premature end of file.
2025-01-09 15:14:23,657 [ERROR] LogOutputStream:75 - [STDERR_REDIRECT] 
2025-01-09 15:14:24,648 [ERROR] LogOutputStream:75 - [STDERR_REDIRECT] [Fatal Error] :1:1: Premature end of file.
2025-01-09 15:14:24,648 [ERROR] LogOutputStream:75 - [STDERR_REDIRECT] 
2025-01-09 15:14:25,659 [ERROR] LogOutputStream:75 - [STDERR_REDIRECT] [Fatal Error] :1:1: Premature end of file.
2025-01-09 15:14:25,659 [ERROR] LogOutputStream:75 - [STDERR_REDIRECT] 
2025-01-09 15:14:26,649 [ERROR] LogOutputStream:75 - [STDERR_REDIRECT] [Fatal Error] :1:1: Premature end of file.
2025-01-09 15:14:26,649 [ERROR] LogOutputStream:75 - [STDERR_REDIRECT] 
2025-01-09 15:14:27,658 [ERROR] LogOutputStream:75 - [STDERR_REDIRECT] [Fatal Error] :1:1: Premature end of file.
2025-01-09 15:14:27,658 [ERROR] LogOutputStream:75 - [STDERR_REDIRECT] 
2025-01-09 15:14:28,646 [ERROR] LogOutputStream:75 - [STDERR_REDIRECT] [Fatal Error] :1:1: Premature end of file.
2025-01-09 15:14:28,646 [ERROR] LogOutputStream:75 - [STDERR_REDIRECT] 
2025-01-09 15:14:29,657 [ERROR] LogOutputStream:75 - [STDERR_REDIRECT] [Fatal Error] :1:1: Premature end of file.
2025-01-09 15:14:29,657 [ERROR] LogOutputStream:75 - [STDERR_REDIRECT] 
2025-01-09 15:14:30,651 [ERROR] LogOutputStream:75 - [STDERR_REDIRECT] [Fatal Error] :1:1: Premature end of file.
2025-01-09 15:14:30,651 [ERROR] LogOutputStream:75 - [STDERR_REDIRECT] 
2025-01-09 15:14:31,646 [ERROR] LogOutputStream:75 - [STDERR_REDIRECT] [Fatal Error] :1:1: Premature end of file.
2025-01-09 15:14:31,646 [ERROR] LogOutputStream:75 - [STDERR_REDIRECT] 
2025-01-09 15:14:32,647 [ERROR] LogOutputStream:75 - [STDERR_REDIRECT] [Fatal Error] :1:1: Premature end of file.
2025-01-09 15:14:32,647 [ERROR] LogOutputStream:75 - [STDERR_REDIRECT] 
2025-01-09 15:14:33,646 [ERROR] LogOutputStream:75 - [STDERR_REDIRECT] [Fatal Error] :1:1: Premature end of file.
2025-01-09 15:14:33,646 [ERROR] LogOutputStream:75 - [STDERR_REDIRECT] 
2025-01-09 15:14:34,642 [ERROR] LogOutputStream:75 - [STDERR_REDIRECT] [Fatal Error] :1:1: Premature end of file.
2025-01-09 15:14:34,642 [ERROR] LogOutputStream:75 - [STDERR_REDIRECT] 
2025-01-09 15:14:35,658 [ERROR] LogOutputStream:75 - [STDERR_REDIRECT] [Fatal Error] :1:1: Premature end of file.
2025-01-09 15:14:35,658 [ERROR] LogOutputStream:75 - [STDERR_REDIRECT] 
2025-01-09 15:14:36,642 [ERROR] LogOutputStream:75 - [STDERR_REDIRECT] [Fatal Error] :1:1: Premature end of file.
2025-01-09 15:14:36,642 [ERROR] LogOutputStream:75 - [STDERR_REDIRECT] 
2025-01-09 15:14:37,649 [ERROR] LogOutputStream:75 - [STDERR_REDIRECT] [Fatal Error] :1:1: Premature end of file.
2025-01-09 15:14:37,649 [ERROR] LogOutputStream:75 - [STDERR_REDIRECT] 
2025-01-09 15:14:38,659 [ERROR] LogOutputStream:75 - [STDERR_REDIRECT] [Fatal Error] :1:1: Premature end of file.
2025-01-09 15:14:38,659 [ERROR] LogOutputStream:75 - [STDERR_REDIRECT] 
2025-01-09 15:14:39,651 [ERROR] LogOutputStream:75 - [STDERR_REDIRECT] [Fatal Error] :1:1: Premature end of file.
2025-01-09 15:14:39,651 [ERROR] LogOutputStream:75 - [STDERR_REDIRECT] 
2025-01-09 15:14:40,640 [ERROR] LogOutputStream:75 - [STDERR_REDIRECT] [Fatal Error] :1:1: Premature end of file.
2025-01-09 15:14:40,640 [ERROR] LogOutputStream:75 - [STDERR_REDIRECT] 
2025-01-09 15:14:41,652 [ERROR] LogOutputStream:75 - [STDERR_REDIRECT] [Fatal Error] :1:1: Premature end of file.
2025-01-09 15:14:41,652 [ERROR] LogOutputStream:75 - [STDERR_REDIRECT] 
2025-01-09 15:14:42,650 [ERROR] LogOutputStream:75 - [STDERR_REDIRECT] [Fatal Error] :1:1: Premature end of file.
2025-01-09 15:14:42,650 [ERROR] LogOutputStream:75 - [STDERR_REDIRECT] 
2025-01-09 15:14:43,652 [ERROR] LogOutputStream:75 - [STDERR_REDIRECT] [Fatal Error] :1:1: Premature end of file.
2025-01-09 15:14:43,652 [ERROR] LogOutputStream:75 - [STDERR_REDIRECT] 
2025-01-09 15:14:44,647 [ERROR] LogOutputStream:75 - [STDERR_REDIRECT] [Fatal Error] :1:1: Premature end of file.
2025-01-09 15:14:44,647 [ERROR] LogOutputStream:75 - [STDERR_REDIRECT] 
2025-01-09 15:14:45,649 [ERROR] LogOutputStream:75 - [STDERR_REDIRECT] [Fatal Error] :1:1: Premature end of file.
2025-01-09 15:14:45,649 [ERROR] LogOutputStream:75 - [STDERR_REDIRECT] 
2025-01-09 15:14:46,649 [ERROR] LogOutputStream:75 - [STDERR_REDIRECT] [Fatal Error] :1:1: Premature end of file.
2025-01-09 15:14:46,649 [ERROR] LogOutputStream:75 - [STDERR_REDIRECT] 
2025-01-09 15:14:47,653 [ERROR] LogOutputStream:75 - [STDERR_REDIRECT] [Fatal Error] :1:1: Premature end of file.
2025-01-09 15:14:47,653 [ERROR] LogOutputStream:75 - [STDERR_REDIRECT] 
2025-01-09 15:14:48,651 [ERROR] LogOutputStream:75 - [STDERR_REDIRECT] [Fatal Error] :1:1: Premature end of file.
2025-01-09 15:14:48,651 [ERROR] LogOutputStream:75 - [STDERR_REDIRECT] 
2025-01-09 15:14:49,638 [ERROR] LogOutputStream:75 - [STDERR_REDIRECT] [Fatal Error] :1:1: Premature end of file.
2025-01-09 15:14:49,638 [ERROR] LogOutputStream:75 - [STDERR_REDIRECT] 
2025-01-09 15:14:50,653 [ERROR] LogOutputStream:75 - [STDERR_REDIRECT] [Fatal Error] :1:1: Premature end of file.
2025-01-09 15:14:50,653 [ERROR] LogOutputStream:75 - [STDERR_REDIRECT] 
2025-01-09 15:14:51,646 [ERROR] LogOutputStream:75 - [STDERR_REDIRECT] [Fatal Error] :1:1: Premature end of file.
2025-01-09 15:14:51,646 [ERROR] LogOutputStream:75 - [STDERR_REDIRECT] 
2025-01-09 15:14:52,659 [ERROR] LogOutputStream:75 - [STDERR_REDIRECT] [Fatal Error] :1:1: Premature end of file.
2025-01-09 15:14:52,659 [ERROR] LogOutputStream:75 - [STDERR_REDIRECT] 
2025-01-09 15:14:53,648 [ERROR] LogOutputStream:75 - [STDERR_REDIRECT] [Fatal Error] :1:1: Premature end of file.
2025-01-09 15:14:53,648 [ERROR] LogOutputStream:75 - [STDERR_REDIRECT] 
2025-01-09 15:14:54,647 [ERROR] LogOutputStream:75 - [STDERR_REDIRECT] [Fatal Error] :1:1: Premature end of file.
2025-01-09 15:14:54,647 [ERROR] LogOutputStream:75 - [STDERR_REDIRECT] 
2025-01-09 15:14:55,661 [ERROR] LogOutputStream:75 - [STDERR_REDIRECT] [Fatal Error] :1:1: Premature end of file.
2025-01-09 15:14:55,661 [ERROR] LogOutputStream:75 - [STDERR_REDIRECT] 
2025-01-09 15:14:56,646 [ERROR] LogOutputStream:75 - [STDERR_REDIRECT] [Fatal Error] :1:1: Premature end of file.
2025-01-09 15:14:56,646 [ERROR] LogOutputStream:75 - [STDERR_REDIRECT] 
2025-01-09 15:14:57,653 [ERROR] LogOutputStream:75 - [STDERR_REDIRECT] [Fatal Error] :1:1: Premature end of file.
2025-01-09 15:14:57,653 [ERROR] LogOutputStream:75 - [STDERR_REDIRECT] 
2025-01-09 15:14:58,645 [ERROR] LogOutputStream:75 - [STDERR_REDIRECT] [Fatal Error] :1:1: Premature end of file.
2025-01-09 15:14:58,645 [ERROR] LogOutputStream:75 - [STDERR_REDIRECT] 
2025-01-09 15:14:59,649 [ERROR] LogOutputStream:75 - [STDERR_REDIRECT] [Fatal Error] :1:1: Premature end of file.
2025-01-09 15:14:59,649 [ERROR] LogOutputStream:75 - [STDERR_REDIRECT] 
2025-01-09 15:15:00,650 [ERROR] LogOutputStream:75 - [STDERR_REDIRECT] [Fatal Error] :1:1: Premature end of file.
2025-01-09 15:15:00,657 [ERROR] LogOutputStream:75 - [STDERR_REDIRECT] 
2025-01-09 15:15:01,648 [ERROR] LogOutputStream:75 - [STDERR_REDIRECT] [Fatal Error] :1:1: Premature end of file.
2025-01-09 15:15:01,648 [ERROR] LogOutputStream:75 - [STDERR_REDIRECT] 
2025-01-09 15:15:02,651 [ERROR] LogOutputStream:75 - [STDERR_REDIRECT] [Fatal Error] :1:1: Premature end of file.
2025-01-09 15:15:02,651 [ERROR] LogOutputStream:75 - [STDERR_REDIRECT] 
2025-01-09 15:15:03,662 [ERROR] LogOutputStream:75 - [STDERR_REDIRECT] [Fatal Error] :1:1: Premature end of file.
2025-01-09 15:15:03,662 [ERROR] LogOutputStream:75 - [STDERR_REDIRECT] 
2025-01-09 15:15:04,661 [ERROR] LogOutputStream:75 - [STDERR_REDIRECT] [Fatal Error] :1:1: Premature end of file.
2025-01-09 15:15:04,661 [ERROR] LogOutputStream:75 - [STDERR_REDIRECT] 
2025-01-09 15:15:05,649 [ERROR] LogOutputStream:75 - [STDERR_REDIRECT] [Fatal Error] :1:1: Premature end of file.
2025-01-09 15:15:05,649 [ERROR] LogOutputStream:75 - [STDERR_REDIRECT] 
2025-01-09 15:15:06,641 [ERROR] LogOutputStream:75 - [STDERR_REDIRECT] [Fatal Error] :1:1: Premature end of file.
2025-01-09 15:15:06,641 [ERROR] LogOutputStream:75 - [STDERR_REDIRECT] 
2025-01-09 15:15:07,649 [ERROR] LogOutputStream:75 - [STDERR_REDIRECT] [Fatal Error] :1:1: Premature end of file.
2025-01-09 15:15:07,649 [ERROR] LogOutputStream:75 - [STDERR_REDIRECT] 
2025-01-09 15:15:08,652 [ERROR] LogOutputStream:75 - [STDERR_REDIRECT] [Fatal Error] :1:1: Premature end of file.
2025-01-09 15:15:08,652 [ERROR] LogOutputStream:75 - [STDERR_REDIRECT] 
2025-01-09 15:15:09,651 [ERROR] LogOutputStream:75 - [STDERR_REDIRECT] [Fatal Error] :1:1: Premature end of file.
2025-01-09 15:15:09,651 [ERROR] LogOutputStream:75 - [STDERR_REDIRECT] 
2025-01-09 15:15:10,648 [ERROR] LogOutputStream:75 - [STDERR_REDIRECT] [Fatal Error] :1:1: Premature end of file.
2025-01-09 15:15:10,649 [ERROR] LogOutputStream:75 - [STDERR_REDIRECT] 
2025-01-09 15:15:11,650 [ERROR] LogOutputStream:75 - [STDERR_REDIRECT] [Fatal Error] :1:1: Premature end of file.
2025-01-09 15:15:11,650 [ERROR] LogOutputStream:75 - [STDERR_REDIRECT] 
2025-01-09 15:15:12,653 [ERROR] LogOutputStream:75 - [STDERR_REDIRECT] [Fatal Error] :1:1: Premature end of file.
2025-01-09 15:15:12,653 [ERROR] LogOutputStream:75 - [STDERR_REDIRECT] 
2025-01-09 15:15:13,660 [ERROR] LogOutputStream:75 - [STDERR_REDIRECT] [Fatal Error] :1:1: Premature end of file.
2025-01-09 15:15:13,660 [ERROR] LogOutputStream:75 - [STDERR_REDIRECT] 
2025-01-09 15:15:14,647 [ERROR] LogOutputStream:75 - [STDERR_REDIRECT] [Fatal Error] :1:1: Premature end of file.
2025-01-09 15:15:14,647 [ERROR] LogOutputStream:75 - [STDERR_REDIRECT] 
2025-01-09 15:15:15,648 [ERROR] LogOutputStream:75 - [STDERR_REDIRECT] [Fatal Error] :1:1: Premature end of file.
2025-01-09 15:15:15,648 [ERROR] LogOutputStream:75 - [STDERR_REDIRECT] 
2025-01-09 15:15:16,653 [ERROR] LogOutputStream:75 - [STDERR_REDIRECT] [Fatal Error] :1:1: Premature end of file.
2025-01-09 15:15:16,654 [ERROR] LogOutputStream:75 - [STDERR_REDIRECT] 
2025-01-09 15:15:17,645 [ERROR] LogOutputStream:75 - [STDERR_REDIRECT] [Fatal Error] :1:1: Premature end of file.
2025-01-09 15:15:17,645 [ERROR] LogOutputStream:75 - [STDERR_REDIRECT] 
2025-01-09 15:15:18,648 [ERROR] LogOutputStream:75 - [STDERR_REDIRECT] [Fatal Error] :1:1: Premature end of file.
2025-01-09 15:15:18,648 [ERROR] LogOutputStream:75 - [STDERR_REDIRECT] 
2025-01-09 15:15:19,650 [ERROR] LogOutputStream:75 - [STDERR_REDIRECT] [Fatal Error] :1:1: Premature end of file.
2025-01-09 15:15:19,650 [ERROR] LogOutputStream:75 - [STDERR_REDIRECT] 
2025-01-09 15:15:20,646 [ERROR] LogOutputStream:75 - [STDERR_REDIRECT] [Fatal Error] :1:1: Premature end of file.
2025-01-09 15:15:20,646 [ERROR] LogOutputStream:75 - [STDERR_REDIRECT] 
2025-01-09 15:15:21,652 [ERROR] LogOutputStream:75 - [STDERR_REDIRECT] [Fatal Error] :1:1: Premature end of file.
2025-01-09 15:15:21,652 [ERROR] LogOutputStream:75 - [STDERR_REDIRECT] 
2025-01-09 15:15:22,655 [ERROR] LogOutputStream:75 - [STDERR_REDIRECT] [Fatal Error] :1:1: Premature end of file.
2025-01-09 15:15:22,655 [ERROR] LogOutputStream:75 - [STDERR_REDIRECT] 
2025-01-09 15:15:23,653 [ERROR] LogOutputStream:75 - [STDERR_REDIRECT] [Fatal Error] :1:1: Premature end of file.
2025-01-09 15:15:23,653 [ERROR] LogOutputStream:75 - [STDERR_REDIRECT] 
2025-01-09 15:15:24,652 [ERROR] LogOutputStream:75 - [STDERR_REDIRECT] [Fatal Error] :1:1: Premature end of file.
2025-01-09 15:15:24,652 [ERROR] LogOutputStream:75 - [STDERR_REDIRECT] 
2025-01-09 15:15:25,649 [ERROR] LogOutputStream:75 - [STDERR_REDIRECT] [Fatal Error] :1:1: Premature end of file.
2025-01-09 15:15:25,649 [ERROR] LogOutputStream:75 - [STDERR_REDIRECT] 
2025-01-09 15:15:26,651 [ERROR] LogOutputStream:75 - [STDERR_REDIRECT] [Fatal Error] :1:1: Premature end of file.
2025-01-09 15:15:26,651 [ERROR] LogOutputStream:75 - [STDERR_REDIRECT] 
2025-01-09 15:15:27,658 [ERROR] LogOutputStream:75 - [STDERR_REDIRECT] [Fatal Error] :1:1: Premature end of file.
2025-01-09 15:15:27,658 [ERROR] LogOutputStream:75 - [STDERR_REDIRECT] 
2025-01-09 15:15:28,662 [ERROR] LogOutputStream:75 - [STDERR_REDIRECT] [Fatal Error] :1:1: Premature end of file.
2025-01-09 15:15:28,662 [ERROR] LogOutputStream:75 - [STDERR_REDIRECT] 
2025-01-09 15:15:29,651 [ERROR] LogOutputStream:75 - [STDERR_REDIRECT] [Fatal Error] :1:1: Premature end of file.
2025-01-09 15:15:29,651 [ERROR] LogOutputStream:75 - [STDERR_REDIRECT] 
2025-01-09 15:15:30,646 [ERROR] LogOutputStream:75 - [STDERR_REDIRECT] [Fatal Error] :1:1: Premature end of file.
2025-01-09 15:15:30,646 [ERROR] LogOutputStream:75 - [STDERR_REDIRECT] 
2025-01-09 15:15:31,651 [ERROR] LogOutputStream:75 - [STDERR_REDIRECT] [Fatal Error] :1:1: Premature end of file.
2025-01-09 15:15:31,651 [ERROR] LogOutputStream:75 - [STDERR_REDIRECT] 
2025-01-09 15:15:32,647 [ERROR] LogOutputStream:75 - [STDERR_REDIRECT] [Fatal Error] :1:1: Premature end of file.
2025-01-09 15:15:32,647 [ERROR] LogOutputStream:75 - [STDERR_REDIRECT] 
2025-01-09 15:15:33,633 [ERROR] LogOutputStream:75 - [STDERR_REDIRECT] [Fatal Error] :1:1: Premature end of file.
2025-01-09 15:15:33,633 [ERROR] LogOutputStream:75 - [STDERR_REDIRECT] 
2025-01-09 15:15:34,641 [ERROR] LogOutputStream:75 - [STDERR_REDIRECT] [Fatal Error] :1:1: Premature end of file.
2025-01-09 15:15:34,641 [ERROR] LogOutputStream:75 - [STDERR_REDIRECT] 
2025-01-09 15:15:35,648 [ERROR] LogOutputStream:75 - [STDERR_REDIRECT] [Fatal Error] :1:1: Premature end of file.
2025-01-09 15:15:35,648 [ERROR] LogOutputStream:75 - [STDERR_REDIRECT] 
2025-01-09 15:15:36,648 [ERROR] LogOutputStream:75 - [STDERR_REDIRECT] [Fatal Error] :1:1: Premature end of file.
2025-01-09 15:15:36,648 [ERROR] LogOutputStream:75 - [STDERR_REDIRECT] 
2025-01-09 15:15:37,646 [ERROR] LogOutputStream:75 - [STDERR_REDIRECT] [Fatal Error] :1:1: Premature end of file.
2025-01-09 15:15:37,646 [ERROR] LogOutputStream:75 - [STDERR_REDIRECT] 
2025-01-09 15:15:38,642 [ERROR] LogOutputStream:75 - [STDERR_REDIRECT] [Fatal Error] :1:1: Premature end of file.
2025-01-09 15:15:38,642 [ERROR] LogOutputStream:75 - [STDERR_REDIRECT] 
2025-01-09 15:15:39,657 [ERROR] LogOutputStream:75 - [STDERR_REDIRECT] [Fatal Error] :1:1: Premature end of file.
2025-01-09 15:15:39,657 [ERROR] LogOutputStream:75 - [STDERR_REDIRECT] 
2025-01-09 15:15:40,650 [ERROR] LogOutputStream:75 - [STDERR_REDIRECT] [Fatal Error] :1:1: Premature end of file.
2025-01-09 15:15:40,650 [ERROR] LogOutputStream:75 - [STDERR_REDIRECT] 
2025-01-09 15:15:41,646 [ERROR] LogOutputStream:75 - [STDERR_REDIRECT] [Fatal Error] :1:1: Premature end of file.
2025-01-09 15:15:41,646 [ERROR] LogOutputStream:75 - [STDERR_REDIRECT] 
2025-01-09 15:15:42,651 [ERROR] LogOutputStream:75 - [STDERR_REDIRECT] [Fatal Error] :1:1: Premature end of file.
2025-01-09 15:15:42,651 [ERROR] LogOutputStream:75 - [STDERR_REDIRECT] 
2025-01-09 15:15:43,650 [ERROR] LogOutputStream:75 - [STDERR_REDIRECT] [Fatal Error] :1:1: Premature end of file.
2025-01-09 15:15:43,650 [ERROR] LogOutputStream:75 - [STDERR_REDIRECT] 
2025-01-09 15:15:44,653 [ERROR] LogOutputStream:75 - [STDERR_REDIRECT] [Fatal Error] :1:1: Premature end of file.
2025-01-09 15:15:44,653 [ERROR] LogOutputStream:75 - [STDERR_REDIRECT] 
2025-01-09 15:15:45,650 [ERROR] LogOutputStream:75 - [STDERR_REDIRECT] [Fatal Error] :1:1: Premature end of file.
2025-01-09 15:15:45,650 [ERROR] LogOutputStream:75 - [STDERR_REDIRECT] 
2025-01-09 15:15:46,654 [ERROR] LogOutputStream:75 - [STDERR_REDIRECT] [Fatal Error] :1:1: Premature end of file.
2025-01-09 15:15:46,654 [ERROR] LogOutputStream:75 - [STDERR_REDIRECT] 
2025-01-09 15:15:47,652 [ERROR] LogOutputStream:75 - [STDERR_REDIRECT] [Fatal Error] :1:1: Premature end of file.
2025-01-09 15:15:47,652 [ERROR] LogOutputStream:75 - [STDERR_REDIRECT] 
2025-01-09 15:15:48,652 [ERROR] LogOutputStream:75 - [STDERR_REDIRECT] [Fatal Error] :1:1: Premature end of file.
2025-01-09 15:15:48,652 [ERROR] LogOutputStream:75 - [STDERR_REDIRECT] 
2025-01-09 15:15:49,651 [ERROR] LogOutputStream:75 - [STDERR_REDIRECT] [Fatal Error] :1:1: Premature end of file.
2025-01-09 15:15:49,652 [ERROR] LogOutputStream:75 - [STDERR_REDIRECT] 
2025-01-09 15:15:50,650 [ERROR] LogOutputStream:75 - [STDERR_REDIRECT] [Fatal Error] :1:1: Premature end of file.
2025-01-09 15:15:50,650 [ERROR] LogOutputStream:75 - [STDERR_REDIRECT] 
2025-01-09 15:15:51,643 [ERROR] LogOutputStream:75 - [STDERR_REDIRECT] [Fatal Error] :1:1: Premature end of file.
2025-01-09 15:15:51,643 [ERROR] LogOutputStream:75 - [STDERR_REDIRECT] 
2025-01-09 15:15:52,656 [ERROR] LogOutputStream:75 - [STDERR_REDIRECT] [Fatal Error] :1:1: Premature end of file.
2025-01-09 15:15:52,656 [ERROR] LogOutputStream:75 - [STDERR_REDIRECT] 
2025-01-09 15:15:53,656 [ERROR] LogOutputStream:75 - [STDERR_REDIRECT] [Fatal Error] :1:1: Premature end of file.
2025-01-09 15:15:53,656 [ERROR] LogOutputStream:75 - [STDERR_REDIRECT] 
2025-01-09 15:15:54,649 [ERROR] LogOutputStream:75 - [STDERR_REDIRECT] [Fatal Error] :1:1: Premature end of file.
2025-01-09 15:15:54,649 [ERROR] LogOutputStream:75 - [STDERR_REDIRECT] 
2025-01-09 15:15:55,644 [ERROR] LogOutputStream:75 - [STDERR_REDIRECT] [Fatal Error] :1:1: Premature end of file.
2025-01-09 15:15:55,644 [ERROR] LogOutputStream:75 - [STDERR_REDIRECT] 
2025-01-09 15:15:56,647 [ERROR] LogOutputStream:75 - [STDERR_REDIRECT] [Fatal Error] :1:1: Premature end of file.
2025-01-09 15:15:56,647 [ERROR] LogOutputStream:75 - [STDERR_REDIRECT] 
2025-01-09 15:15:57,645 [ERROR] LogOutputStream:75 - [STDERR_REDIRECT] [Fatal Error] :1:1: Premature end of file.
2025-01-09 15:15:57,645 [ERROR] LogOutputStream:75 - [STDERR_REDIRECT] 
2025-01-09 15:15:58,657 [ERROR] LogOutputStream:75 - [STDERR_REDIRECT] [Fatal Error] :1:1: Premature end of file.
2025-01-09 15:15:58,657 [ERROR] LogOutputStream:75 - [STDERR_REDIRECT] 
2025-01-09 15:15:59,656 [ERROR] LogOutputStream:75 - [STDERR_REDIRECT] [Fatal Error] :1:1: Premature end of file.
2025-01-09 15:15:59,656 [ERROR] LogOutputStream:75 - [STDERR_REDIRECT] 
2025-01-09 15:16:00,661 [ERROR] LogOutputStream:75 - [STDERR_REDIRECT] [Fatal Error] :1:1: Premature end of file.
2025-01-09 15:16:00,661 [ERROR] LogOutputStream:75 - [STDERR_REDIRECT] 
2025-01-09 15:16:01,643 [ERROR] LogOutputStream:75 - [STDERR_REDIRECT] [Fatal Error] :1:1: Premature end of file.
2025-01-09 15:16:01,643 [ERROR] LogOutputStream:75 - [STDERR_REDIRECT] 
2025-01-09 15:16:02,656 [ERROR] LogOutputStream:75 - [STDERR_REDIRECT] [Fatal Error] :1:1: Premature end of file.
2025-01-09 15:16:02,656 [ERROR] LogOutputStream:75 - [STDERR_REDIRECT] 
2025-01-09 15:16:03,654 [ERROR] LogOutputStream:75 - [STDERR_REDIRECT] [Fatal Error] :1:1: Premature end of file.
2025-01-09 15:16:03,654 [ERROR] LogOutputStream:75 - [STDERR_REDIRECT] 
2025-01-09 15:16:04,648 [ERROR] LogOutputStream:75 - [STDERR_REDIRECT] [Fatal Error] :1:1: Premature end of file.
2025-01-09 15:16:04,648 [ERROR] LogOutputStream:75 - [STDERR_REDIRECT] 
2025-01-09 15:16:05,641 [ERROR] LogOutputStream:75 - [STDERR_REDIRECT] [Fatal Error] :1:1: Premature end of file.
2025-01-09 15:16:05,641 [ERROR] LogOutputStream:75 - [STDERR_REDIRECT] 
2025-01-09 15:16:06,657 [ERROR] LogOutputStream:75 - [STDERR_REDIRECT] [Fatal Error] :1:1: Premature end of file.
2025-01-09 15:16:06,657 [ERROR] LogOutputStream:75 - [STDERR_REDIRECT] 
2025-01-09 15:16:07,647 [ERROR] LogOutputStream:75 - [STDERR_REDIRECT] [Fatal Error] :1:1: Premature end of file.
2025-01-09 15:16:07,647 [ERROR] LogOutputStream:75 - [STDERR_REDIRECT] 
2025-01-09 15:16:08,658 [ERROR] LogOutputStream:75 - [STDERR_REDIRECT] [Fatal Error] :1:1: Premature end of file.
2025-01-09 15:16:08,658 [ERROR] LogOutputStream:75 - [STDERR_REDIRECT] 
2025-01-09 15:16:09,653 [ERROR] LogOutputStream:75 - [STDERR_REDIRECT] [Fatal Error] :1:1: Premature end of file.
2025-01-09 15:16:09,653 [ERROR] LogOutputStream:75 - [STDERR_REDIRECT] 
2025-01-09 15:16:10,633 [ERROR] LogOutputStream:75 - [STDERR_REDIRECT] [Fatal Error] :1:1: Premature end of file.
2025-01-09 15:16:10,633 [ERROR] LogOutputStream:75 - [STDERR_REDIRECT] 
2025-01-09 15:16:11,644 [ERROR] LogOutputStream:75 - [STDERR_REDIRECT] [Fatal Error] :1:1: Premature end of file.
2025-01-09 15:16:11,644 [ERROR] LogOutputStream:75 - [STDERR_REDIRECT] 
2025-01-09 15:16:12,658 [ERROR] LogOutputStream:75 - [STDERR_REDIRECT] [Fatal Error] :1:1: Premature end of file.
2025-01-09 15:16:12,658 [ERROR] LogOutputStream:75 - [STDERR_REDIRECT] 
2025-01-09 15:16:13,663 [ERROR] LogOutputStream:75 - [STDERR_REDIRECT] [Fatal Error] :1:1: Premature end of file.
2025-01-09 15:16:13,663 [ERROR] LogOutputStream:75 - [STDERR_REDIRECT] 
2025-01-09 15:16:14,663 [ERROR] LogOutputStream:75 - [STDERR_REDIRECT] [Fatal Error] :1:1: Premature end of file.
2025-01-09 15:16:14,663 [ERROR] LogOutputStream:75 - [STDERR_REDIRECT] 
2025-01-09 15:16:15,642 [ERROR] LogOutputStream:75 - [STDERR_REDIRECT] [Fatal Error] :1:1: Premature end of file.
2025-01-09 15:16:15,642 [ERROR] LogOutputStream:75 - [STDERR_REDIRECT] 
2025-01-09 15:16:16,654 [ERROR] LogOutputStream:75 - [STDERR_REDIRECT] [Fatal Error] :1:1: Premature end of file.
2025-01-09 15:16:16,654 [ERROR] LogOutputStream:75 - [STDERR_REDIRECT] 
2025-01-09 15:16:17,659 [ERROR] LogOutputStream:75 - [STDERR_REDIRECT] [Fatal Error] :1:1: Premature end of file.
2025-01-09 15:16:17,659 [ERROR] LogOutputStream:75 - [STDERR_REDIRECT] 
2025-01-09 15:16:18,647 [ERROR] LogOutputStream:75 - [STDERR_REDIRECT] [Fatal Error] :1:1: Premature end of file.
2025-01-09 15:16:18,647 [ERROR] LogOutputStream:75 - [STDERR_REDIRECT] 
2025-01-09 15:16:19,647 [ERROR] LogOutputStream:75 - [STDERR_REDIRECT] [Fatal Error] :1:1: Premature end of file.
2025-01-09 15:16:19,647 [ERROR] LogOutputStream:75 - [STDERR_REDIRECT] 
2025-01-09 15:16:20,655 [ERROR] LogOutputStream:75 - [STDERR_REDIRECT] [Fatal Error] :1:1: Premature end of file.
2025-01-09 15:16:20,655 [ERROR] LogOutputStream:75 - [STDERR_REDIRECT] 
2025-01-09 15:16:21,646 [ERROR] LogOutputStream:75 - [STDERR_REDIRECT] [Fatal Error] :1:1: Premature end of file.
2025-01-09 15:16:21,646 [ERROR] LogOutputStream:75 - [STDERR_REDIRECT] 
2025-01-09 15:16:22,654 [ERROR] LogOutputStream:75 - [STDERR_REDIRECT] [Fatal Error] :1:1: Premature end of file.
2025-01-09 15:16:22,654 [ERROR] LogOutputStream:75 - [STDERR_REDIRECT] 
2025-01-09 15:16:23,644 [ERROR] LogOutputStream:75 - [STDERR_REDIRECT] [Fatal Error] :1:1: Premature end of file.
2025-01-09 15:16:23,644 [ERROR] LogOutputStream:75 - [STDERR_REDIRECT] 
2025-01-09 15:16:24,647 [ERROR] LogOutputStream:75 - [STDERR_REDIRECT] [Fatal Error] :1:1: Premature end of file.
2025-01-09 15:16:24,647 [ERROR] LogOutputStream:75 - [STDERR_REDIRECT] 
2025-01-09 15:16:25,649 [ERROR] LogOutputStream:75 - [STDERR_REDIRECT] [Fatal Error] :1:1: Premature end of file.
2025-01-09 15:16:25,649 [ERROR] LogOutputStream:75 - [STDERR_REDIRECT] 
2025-01-09 15:16:26,666 [ERROR] LogOutputStream:75 - [STDERR_REDIRECT] [Fatal Error] :1:1: Premature end of file.
2025-01-09 15:16:26,666 [ERROR] LogOutputStream:75 - [STDERR_REDIRECT] 
2025-01-09 15:16:27,661 [ERROR] LogOutputStream:75 - [STDERR_REDIRECT] [Fatal Error] :1:1: Premature end of file.
2025-01-09 15:16:27,661 [ERROR] LogOutputStream:75 - [STDERR_REDIRECT] 
2025-01-09 15:16:28,656 [ERROR] LogOutputStream:75 - [STDERR_REDIRECT] [Fatal Error] :1:1: Premature end of file.
2025-01-09 15:16:28,656 [ERROR] LogOutputStream:75 - [STDERR_REDIRECT] 
2025-01-09 15:16:29,652 [ERROR] LogOutputStream:75 - [STDERR_REDIRECT] [Fatal Error] :1:1: Premature end of file.
2025-01-09 15:16:29,652 [ERROR] LogOutputStream:75 - [STDERR_REDIRECT] 
2025-01-09 15:16:30,643 [ERROR] LogOutputStream:75 - [STDERR_REDIRECT] [Fatal Error] :1:1: Premature end of file.
2025-01-09 15:16:30,643 [ERROR] LogOutputStream:75 - [STDERR_REDIRECT] 
2025-01-09 15:16:31,651 [ERROR] LogOutputStream:75 - [STDERR_REDIRECT] [Fatal Error] :1:1: Premature end of file.
2025-01-09 15:16:31,651 [ERROR] LogOutputStream:75 - [STDERR_REDIRECT] 
2025-01-09 15:16:32,643 [ERROR] LogOutputStream:75 - [STDERR_REDIRECT] [Fatal Error] :1:1: Premature end of file.
2025-01-09 15:16:32,643 [ERROR] LogOutputStream:75 - [STDERR_REDIRECT] 
2025-01-09 15:16:33,649 [ERROR] LogOutputStream:75 - [STDERR_REDIRECT] [Fatal Error] :1:1: Premature end of file.
2025-01-09 15:16:33,649 [ERROR] LogOutputStream:75 - [STDERR_REDIRECT] 
2025-01-09 15:16:34,648 [ERROR] LogOutputStream:75 - [STDERR_REDIRECT] [Fatal Error] :1:1: Premature end of file.
2025-01-09 15:16:34,648 [ERROR] LogOutputStream:75 - [STDERR_REDIRECT] 
2025-01-09 15:16:35,654 [ERROR] LogOutputStream:75 - [STDERR_REDIRECT] [Fatal Error] :1:1: Premature end of file.
2025-01-09 15:16:35,654 [ERROR] LogOutputStream:75 - [STDERR_REDIRECT] 
2025-01-09 15:16:36,655 [ERROR] LogOutputStream:75 - [STDERR_REDIRECT] [Fatal Error] :1:1: Premature end of file.
2025-01-09 15:16:36,655 [ERROR] LogOutputStream:75 - [STDERR_REDIRECT] 
2025-01-09 15:16:37,642 [ERROR] LogOutputStream:75 - [STDERR_REDIRECT] [Fatal Error] :1:1: Premature end of file.
2025-01-09 15:16:37,642 [ERROR] LogOutputStream:75 - [STDERR_REDIRECT] 
2025-01-09 15:16:38,656 [ERROR] LogOutputStream:75 - [STDERR_REDIRECT] [Fatal Error] :1:1: Premature end of file.
2025-01-09 15:16:38,656 [ERROR] LogOutputStream:75 - [STDERR_REDIRECT] 
2025-01-09 15:16:39,642 [ERROR] LogOutputStream:75 - [STDERR_REDIRECT] [Fatal Error] :1:1: Premature end of file.
2025-01-09 15:16:39,647 [ERROR] LogOutputStream:75 - [STDERR_REDIRECT] 
2025-01-09 15:16:40,653 [ERROR] LogOutputStream:75 - [STDERR_REDIRECT] [Fatal Error] :1:1: Premature end of file.
2025-01-09 15:16:40,653 [ERROR] LogOutputStream:75 - [STDERR_REDIRECT] 
2025-01-09 15:16:41,646 [ERROR] LogOutputStream:75 - [STDERR_REDIRECT] [Fatal Error] :1:1: Premature end of file.
2025-01-09 15:16:41,646 [ERROR] LogOutputStream:75 - [STDERR_REDIRECT] 
2025-01-09 15:16:42,648 [ERROR] LogOutputStream:75 - [STDERR_REDIRECT] [Fatal Error] :1:1: Premature end of file.
2025-01-09 15:16:42,648 [ERROR] LogOutputStream:75 - [STDERR_REDIRECT] 
2025-01-09 15:16:43,654 [ERROR] LogOutputStream:75 - [STDERR_REDIRECT] [Fatal Error] :1:1: Premature end of file.
2025-01-09 15:16:43,654 [ERROR] LogOutputStream:75 - [STDERR_REDIRECT] 
2025-01-09 15:16:44,651 [ERROR] LogOutputStream:75 - [STDERR_REDIRECT] [Fatal Error] :1:1: Premature end of file.
2025-01-09 15:16:44,651 [ERROR] LogOutputStream:75 - [STDERR_REDIRECT] 
2025-01-09 15:16:45,641 [ERROR] LogOutputStream:75 - [STDERR_REDIRECT] [Fatal Error] :1:1: Premature end of file.
2025-01-09 15:16:45,641 [ERROR] LogOutputStream:75 - [STDERR_REDIRECT] 
2025-01-09 15:16:46,659 [ERROR] LogOutputStream:75 - [STDERR_REDIRECT] [Fatal Error] :1:1: Premature end of file.
2025-01-09 15:16:46,659 [ERROR] LogOutputStream:75 - [STDERR_REDIRECT] 
2025-01-09 15:16:47,660 [ERROR] LogOutputStream:75 - [STDERR_REDIRECT] [Fatal Error] :1:1: Premature end of file.
2025-01-09 15:16:47,660 [ERROR] LogOutputStream:75 - [STDERR_REDIRECT] 
2025-01-09 15:16:48,653 [ERROR] LogOutputStream:75 - [STDERR_REDIRECT] [Fatal Error] :1:1: Premature end of file.
2025-01-09 15:16:48,653 [ERROR] LogOutputStream:75 - [STDERR_REDIRECT] 
2025-01-09 15:16:49,647 [ERROR] LogOutputStream:75 - [STDERR_REDIRECT] [Fatal Error] :1:1: Premature end of file.
2025-01-09 15:16:49,647 [ERROR] LogOutputStream:75 - [STDERR_REDIRECT] 
2025-01-09 15:16:50,650 [ERROR] LogOutputStream:75 - [STDERR_REDIRECT] [Fatal Error] :1:1: Premature end of file.
2025-01-09 15:16:50,650 [ERROR] LogOutputStream:75 - [STDERR_REDIRECT] 
2025-01-09 15:16:51,647 [ERROR] LogOutputStream:75 - [STDERR_REDIRECT] [Fatal Error] :1:1: Premature end of file.
2025-01-09 15:16:51,647 [ERROR] LogOutputStream:75 - [STDERR_REDIRECT] 
2025-01-09 15:16:52,645 [ERROR] LogOutputStream:75 - [STDERR_REDIRECT] [Fatal Error] :1:1: Premature end of file.
2025-01-09 15:16:52,645 [ERROR] LogOutputStream:75 - [STDERR_REDIRECT] 
2025-01-09 15:16:53,642 [ERROR] LogOutputStream:75 - [STDERR_REDIRECT] [Fatal Error] :1:1: Premature end of file.
2025-01-09 15:16:53,642 [ERROR] LogOutputStream:75 - [STDERR_REDIRECT] 
2025-01-09 15:16:54,661 [ERROR] LogOutputStream:75 - [STDERR_REDIRECT] [Fatal Error] :1:1: Premature end of file.
2025-01-09 15:16:54,661 [ERROR] LogOutputStream:75 - [STDERR_REDIRECT] 
2025-01-09 15:16:55,664 [ERROR] LogOutputStream:75 - [STDERR_REDIRECT] [Fatal Error] :1:1: Premature end of file.
2025-01-09 15:16:55,664 [ERROR] LogOutputStream:75 - [STDERR_REDIRECT] 
2025-01-09 15:16:56,647 [ERROR] LogOutputStream:75 - [STDERR_REDIRECT] [Fatal Error] :1:1: Premature end of file.
2025-01-09 15:16:56,647 [ERROR] LogOutputStream:75 - [STDERR_REDIRECT] 
2025-01-09 15:16:57,649 [ERROR] LogOutputStream:75 - [STDERR_REDIRECT] [Fatal Error] :1:1: Premature end of file.
2025-01-09 15:16:57,649 [ERROR] LogOutputStream:75 - [STDERR_REDIRECT] 
2025-01-09 15:16:58,659 [ERROR] LogOutputStream:75 - [STDERR_REDIRECT] [Fatal Error] :1:1: Premature end of file.
2025-01-09 15:16:58,659 [ERROR] LogOutputStream:75 - [STDERR_REDIRECT] 
2025-01-09 15:16:59,646 [ERROR] LogOutputStream:75 - [STDERR_REDIRECT] [Fatal Error] :1:1: Premature end of file.
2025-01-09 15:16:59,646 [ERROR] LogOutputStream:75 - [STDERR_REDIRECT] 
2025-01-09 15:17:00,645 [ERROR] LogOutputStream:75 - [STDERR_REDIRECT] [Fatal Error] :1:1: Premature end of file.
2025-01-09 15:17:00,645 [ERROR] LogOutputStream:75 - [STDERR_REDIRECT] 
2025-01-09 15:17:01,658 [ERROR] LogOutputStream:75 - [STDERR_REDIRECT] [Fatal Error] :1:1: Premature end of file.
2025-01-09 15:17:01,658 [ERROR] LogOutputStream:75 - [STDERR_REDIRECT] 
2025-01-09 15:17:02,644 [ERROR] LogOutputStream:75 - [STDERR_REDIRECT] [Fatal Error] :1:1: Premature end of file.
2025-01-09 15:17:02,644 [ERROR] LogOutputStream:75 - [STDERR_REDIRECT] 
2025-01-09 15:17:03,649 [ERROR] LogOutputStream:75 - [STDERR_REDIRECT] [Fatal Error] :1:1: Premature end of file.
2025-01-09 15:17:03,649 [ERROR] LogOutputStream:75 - [STDERR_REDIRECT] 
2025-01-09 15:17:04,646 [ERROR] LogOutputStream:75 - [STDERR_REDIRECT] [Fatal Error] :1:1: Premature end of file.
2025-01-09 15:17:04,646 [ERROR] LogOutputStream:75 - [STDERR_REDIRECT] 
2025-01-09 15:17:05,643 [ERROR] LogOutputStream:75 - [STDERR_REDIRECT] [Fatal Error] :1:1: Premature end of file.
2025-01-09 15:17:05,643 [ERROR] LogOutputStream:75 - [STDERR_REDIRECT] 
2025-01-09 15:17:06,647 [ERROR] LogOutputStream:75 - [STDERR_REDIRECT] [Fatal Error] :1:1: Premature end of file.
2025-01-09 15:17:06,647 [ERROR] LogOutputStream:75 - [STDERR_REDIRECT] 
2025-01-09 15:17:07,653 [ERROR] LogOutputStream:75 - [STDERR_REDIRECT] [Fatal Error] :1:1: Premature end of file.
2025-01-09 15:17:07,653 [ERROR] LogOutputStream:75 - [STDERR_REDIRECT] 
2025-01-09 15:17:08,654 [ERROR] LogOutputStream:75 - [STDERR_REDIRECT] [Fatal Error] :1:1: Premature end of file.
2025-01-09 15:17:08,654 [ERROR] LogOutputStream:75 - [STDERR_REDIRECT] 
2025-01-09 15:17:09,647 [ERROR] LogOutputStream:75 - [STDERR_REDIRECT] [Fatal Error] :1:1: Premature end of file.
2025-01-09 15:17:09,647 [ERROR] LogOutputStream:75 - [STDERR_REDIRECT] 
2025-01-09 15:17:10,650 [ERROR] LogOutputStream:75 - [STDERR_REDIRECT] [Fatal Error] :1:1: Premature end of file.
2025-01-09 15:17:10,650 [ERROR] LogOutputStream:75 - [STDERR_REDIRECT] 
2025-01-09 15:17:11,657 [ERROR] LogOutputStream:75 - [STDERR_REDIRECT] [Fatal Error] :1:1: Premature end of file.
2025-01-09 15:17:11,657 [ERROR] LogOutputStream:75 - [STDERR_REDIRECT] 
2025-01-09 15:17:12,651 [ERROR] LogOutputStream:75 - [STDERR_REDIRECT] [Fatal Error] :1:1: Premature end of file.
2025-01-09 15:17:12,651 [ERROR] LogOutputStream:75 - [STDERR_REDIRECT] 
2025-01-09 15:17:13,656 [ERROR] LogOutputStream:75 - [STDERR_REDIRECT] [Fatal Error] :1:1: Premature end of file.
2025-01-09 15:17:13,656 [ERROR] LogOutputStream:75 - [STDERR_REDIRECT] 
2025-01-09 15:17:14,649 [ERROR] LogOutputStream:75 - [STDERR_REDIRECT] [Fatal Error] :1:1: Premature end of file.
2025-01-09 15:17:14,649 [ERROR] LogOutputStream:75 - [STDERR_REDIRECT] 
2025-01-09 15:17:15,644 [ERROR] LogOutputStream:75 - [STDERR_REDIRECT] [Fatal Error] :1:1: Premature end of file.
2025-01-09 15:17:15,644 [ERROR] LogOutputStream:75 - [STDERR_REDIRECT] 
2025-01-09 15:17:16,642 [ERROR] LogOutputStream:75 - [STDERR_REDIRECT] [Fatal Error] :1:1: Premature end of file.
2025-01-09 15:17:16,642 [ERROR] LogOutputStream:75 - [STDERR_REDIRECT] 
2025-01-09 15:17:17,650 [ERROR] LogOutputStream:75 - [STDERR_REDIRECT] [Fatal Error] :1:1: Premature end of file.
2025-01-09 15:17:17,651 [ERROR] LogOutputStream:75 - [STDERR_REDIRECT] 
2025-01-09 15:17:18,659 [ERROR] LogOutputStream:75 - [STDERR_REDIRECT] [Fatal Error] :1:1: Premature end of file.
2025-01-09 15:17:18,659 [ERROR] LogOutputStream:75 - [STDERR_REDIRECT] 
2025-01-09 15:17:19,652 [ERROR] LogOutputStream:75 - [STDERR_REDIRECT] [Fatal Error] :1:1: Premature end of file.
2025-01-09 15:17:19,652 [ERROR] LogOutputStream:75 - [STDERR_REDIRECT] 
2025-01-09 15:17:20,652 [ERROR] LogOutputStream:75 - [STDERR_REDIRECT] [Fatal Error] :1:1: Premature end of file.
2025-01-09 15:17:20,652 [ERROR] LogOutputStream:75 - [STDERR_REDIRECT] 
2025-01-09 15:17:21,649 [ERROR] LogOutputStream:75 - [STDERR_REDIRECT] [Fatal Error] :1:1: Premature end of file.
2025-01-09 15:17:21,649 [ERROR] LogOutputStream:75 - [STDERR_REDIRECT] 
2025-01-09 15:17:22,661 [ERROR] LogOutputStream:75 - [STDERR_REDIRECT] [Fatal Error] :1:1: Premature end of file.
2025-01-09 15:17:22,661 [ERROR] LogOutputStream:75 - [STDERR_REDIRECT] 
2025-01-09 15:17:23,644 [ERROR] LogOutputStream:75 - [STDERR_REDIRECT] [Fatal Error] :1:1: Premature end of file.
2025-01-09 15:17:23,644 [ERROR] LogOutputStream:75 - [STDERR_REDIRECT] 
2025-01-09 15:17:24,651 [ERROR] LogOutputStream:75 - [STDERR_REDIRECT] [Fatal Error] :1:1: Premature end of file.
2025-01-09 15:17:24,651 [ERROR] LogOutputStream:75 - [STDERR_REDIRECT] 
2025-01-09 15:17:25,655 [ERROR] LogOutputStream:75 - [STDERR_REDIRECT] [Fatal Error] :1:1: Premature end of file.
2025-01-09 15:17:25,655 [ERROR] LogOutputStream:75 - [STDERR_REDIRECT] 
2025-01-09 15:17:26,649 [ERROR] LogOutputStream:75 - [STDERR_REDIRECT] [Fatal Error] :1:1: Premature end of file.
2025-01-09 15:17:26,649 [ERROR] LogOutputStream:75 - [STDERR_REDIRECT] 
2025-01-09 15:17:27,647 [ERROR] LogOutputStream:75 - [STDERR_REDIRECT] [Fatal Error] :1:1: Premature end of file.
2025-01-09 15:17:27,647 [ERROR] LogOutputStream:75 - [STDERR_REDIRECT] 
2025-01-09 15:17:28,662 [ERROR] LogOutputStream:75 - [STDERR_REDIRECT] [Fatal Error] :1:1: Premature end of file.
2025-01-09 15:17:28,662 [ERROR] LogOutputStream:75 - [STDERR_REDIRECT] 
2025-01-09 15:17:29,652 [ERROR] LogOutputStream:75 - [STDERR_REDIRECT] [Fatal Error] :1:1: Premature end of file.
2025-01-09 15:17:29,652 [ERROR] LogOutputStream:75 - [STDERR_REDIRECT] 
2025-01-09 15:17:30,650 [ERROR] LogOutputStream:75 - [STDERR_REDIRECT] [Fatal Error] :1:1: Premature end of file.
2025-01-09 15:17:30,650 [ERROR] LogOutputStream:75 - [STDERR_REDIRECT] 
2025-01-09 15:17:31,649 [ERROR] LogOutputStream:75 - [STDERR_REDIRECT] [Fatal Error] :1:1: Premature end of file.
2025-01-09 15:17:31,649 [ERROR] LogOutputStream:75 - [STDERR_REDIRECT] 
2025-01-09 15:17:32,648 [ERROR] LogOutputStream:75 - [STDERR_REDIRECT] [Fatal Error] :1:1: Premature end of file.
2025-01-09 15:17:32,648 [ERROR] LogOutputStream:75 - [STDERR_REDIRECT] 
2025-01-09 15:17:33,655 [ERROR] LogOutputStream:75 - [STDERR_REDIRECT] [Fatal Error] :1:1: Premature end of file.
2025-01-09 15:17:33,655 [ERROR] LogOutputStream:75 - [STDERR_REDIRECT] 
2025-01-09 15:17:34,658 [ERROR] LogOutputStream:75 - [STDERR_REDIRECT] [Fatal Error] :1:1: Premature end of file.
2025-01-09 15:17:34,658 [ERROR] LogOutputStream:75 - [STDERR_REDIRECT] 
2025-01-09 15:17:35,654 [ERROR] LogOutputStream:75 - [STDERR_REDIRECT] [Fatal Error] :1:1: Premature end of file.
2025-01-09 15:17:35,654 [ERROR] LogOutputStream:75 - [STDERR_REDIRECT] 
2025-01-09 15:17:36,650 [ERROR] LogOutputStream:75 - [STDERR_REDIRECT] [Fatal Error] :1:1: Premature end of file.
2025-01-09 15:17:36,650 [ERROR] LogOutputStream:75 - [STDERR_REDIRECT] 
2025-01-09 15:17:37,647 [ERROR] LogOutputStream:75 - [STDERR_REDIRECT] [Fatal Error] :1:1: Premature end of file.
2025-01-09 15:17:37,647 [ERROR] LogOutputStream:75 - [STDERR_REDIRECT] 
2025-01-09 15:17:38,651 [ERROR] LogOutputStream:75 - [STDERR_REDIRECT] [Fatal Error] :1:1: Premature end of file.
2025-01-09 15:17:38,651 [ERROR] LogOutputStream:75 - [STDERR_REDIRECT] 
2025-01-09 15:17:39,649 [ERROR] LogOutputStream:75 - [STDERR_REDIRECT] [Fatal Error] :1:1: Premature end of file.
2025-01-09 15:17:39,649 [ERROR] LogOutputStream:75 - [STDERR_REDIRECT] 
2025-01-09 15:17:40,646 [ERROR] LogOutputStream:75 - [STDERR_REDIRECT] [Fatal Error] :1:1: Premature end of file.
2025-01-09 15:17:40,646 [ERROR] LogOutputStream:75 - [STDERR_REDIRECT] 
2025-01-09 15:17:41,651 [ERROR] LogOutputStream:75 - [STDERR_REDIRECT] [Fatal Error] :1:1: Premature end of file.
2025-01-09 15:17:41,651 [ERROR] LogOutputStream:75 - [STDERR_REDIRECT] 
2025-01-09 15:17:42,651 [ERROR] LogOutputStream:75 - [STDERR_REDIRECT] [Fatal Error] :1:1: Premature end of file.
2025-01-09 15:17:42,651 [ERROR] LogOutputStream:75 - [STDERR_REDIRECT] 
2025-01-09 15:17:43,648 [ERROR] LogOutputStream:75 - [STDERR_REDIRECT] [Fatal Error] :1:1: Premature end of file.
2025-01-09 15:17:43,648 [ERROR] LogOutputStream:75 - [STDERR_REDIRECT] 
2025-01-09 15:17:44,649 [ERROR] LogOutputStream:75 - [STDERR_REDIRECT] [Fatal Error] :1:1: Premature end of file.
2025-01-09 15:17:44,649 [ERROR] LogOutputStream:75 - [STDERR_REDIRECT] 
2025-01-09 15:17:45,656 [ERROR] LogOutputStream:75 - [STDERR_REDIRECT] [Fatal Error] :1:1: Premature end of file.
2025-01-09 15:17:45,656 [ERROR] LogOutputStream:75 - [STDERR_REDIRECT] 
2025-01-09 15:17:46,655 [ERROR] LogOutputStream:75 - [STDERR_REDIRECT] [Fatal Error] :1:1: Premature end of file.
2025-01-09 15:17:46,655 [ERROR] LogOutputStream:75 - [STDERR_REDIRECT] 
2025-01-09 15:17:47,654 [ERROR] LogOutputStream:75 - [STDERR_REDIRECT] [Fatal Error] :1:1: Premature end of file.
2025-01-09 15:17:47,654 [ERROR] LogOutputStream:75 - [STDERR_REDIRECT] 
2025-01-09 15:17:48,655 [ERROR] LogOutputStream:75 - [STDERR_REDIRECT] [Fatal Error] :1:1: Premature end of file.
2025-01-09 15:17:48,655 [ERROR] LogOutputStream:75 - [STDERR_REDIRECT] 
2025-01-09 15:17:49,647 [ERROR] LogOutputStream:75 - [STDERR_REDIRECT] [Fatal Error] :1:1: Premature end of file.
2025-01-09 15:17:49,647 [ERROR] LogOutputStream:75 - [STDERR_REDIRECT] 
2025-01-09 15:17:50,644 [ERROR] LogOutputStream:75 - [STDERR_REDIRECT] [Fatal Error] :1:1: Premature end of file.
2025-01-09 15:17:50,646 [ERROR] LogOutputStream:75 - [STDERR_REDIRECT] 
2025-01-09 15:17:51,632 [ERROR] LogOutputStream:75 - [STDERR_REDIRECT] [Fatal Error] :1:1: Premature end of file.
2025-01-09 15:17:51,632 [ERROR] LogOutputStream:75 - [STDERR_REDIRECT] 
2025-01-09 15:17:52,647 [ERROR] LogOutputStream:75 - [STDERR_REDIRECT] [Fatal Error] :1:1: Premature end of file.
2025-01-09 15:17:52,647 [ERROR] LogOutputStream:75 - [STDERR_REDIRECT] 
2025-01-09 15:17:53,645 [ERROR] LogOutputStream:75 - [STDERR_REDIRECT] [Fatal Error] :1:1: Premature end of file.
2025-01-09 15:17:53,645 [ERROR] LogOutputStream:75 - [STDERR_REDIRECT] 
2025-01-09 15:17:54,654 [ERROR] LogOutputStream:75 - [STDERR_REDIRECT] [Fatal Error] :1:1: Premature end of file.
2025-01-09 15:17:54,654 [ERROR] LogOutputStream:75 - [STDERR_REDIRECT] 
2025-01-09 15:17:55,642 [ERROR] LogOutputStream:75 - [STDERR_REDIRECT] [Fatal Error] :1:1: Premature end of file.
2025-01-09 15:17:55,642 [ERROR] LogOutputStream:75 - [STDERR_REDIRECT] 
2025-01-09 15:17:56,654 [ERROR] LogOutputStream:75 - [STDERR_REDIRECT] [Fatal Error] :1:1: Premature end of file.
2025-01-09 15:17:56,654 [ERROR] LogOutputStream:75 - [STDERR_REDIRECT] 
2025-01-09 15:17:57,655 [ERROR] LogOutputStream:75 - [STDERR_REDIRECT] [Fatal Error] :1:1: Premature end of file.
2025-01-09 15:17:57,655 [ERROR] LogOutputStream:75 - [STDERR_REDIRECT] 
2025-01-09 15:17:58,646 [ERROR] LogOutputStream:75 - [STDERR_REDIRECT] [Fatal Error] :1:1: Premature end of file.
2025-01-09 15:17:58,646 [ERROR] LogOutputStream:75 - [STDERR_REDIRECT] 
2025-01-09 15:17:59,641 [ERROR] LogOutputStream:75 - [STDERR_REDIRECT] [Fatal Error] :1:1: Premature end of file.
2025-01-09 15:17:59,641 [ERROR] LogOutputStream:75 - [STDERR_REDIRECT] 
2025-01-09 15:18:00,653 [ERROR] LogOutputStream:75 - [STDERR_REDIRECT] [Fatal Error] :1:1: Premature end of file.
2025-01-09 15:18:00,653 [ERROR] LogOutputStream:75 - [STDERR_REDIRECT] 
2025-01-09 15:18:01,646 [ERROR] LogOutputStream:75 - [STDERR_REDIRECT] [Fatal Error] :1:1: Premature end of file.
2025-01-09 15:18:01,646 [ERROR] LogOutputStream:75 - [STDERR_REDIRECT] 
2025-01-09 15:18:02,653 [ERROR] LogOutputStream:75 - [STDERR_REDIRECT] [Fatal Error] :1:1: Premature end of file.
2025-01-09 15:18:02,653 [ERROR] LogOutputStream:75 - [STDERR_REDIRECT] 
2025-01-09 15:18:03,656 [ERROR] LogOutputStream:75 - [STDERR_REDIRECT] [Fatal Error] :1:1: Premature end of file.
2025-01-09 15:18:03,656 [ERROR] LogOutputStream:75 - [STDERR_REDIRECT] 
2025-01-09 15:18:04,650 [ERROR] LogOutputStream:75 - [STDERR_REDIRECT] [Fatal Error] :1:1: Premature end of file.
2025-01-09 15:18:04,650 [ERROR] LogOutputStream:75 - [STDERR_REDIRECT] 
2025-01-09 15:18:05,650 [ERROR] LogOutputStream:75 - [STDERR_REDIRECT] [Fatal Error] :1:1: Premature end of file.
2025-01-09 15:18:05,650 [ERROR] LogOutputStream:75 - [STDERR_REDIRECT] 
2025-01-09 15:18:06,657 [ERROR] LogOutputStream:75 - [STDERR_REDIRECT] [Fatal Error] :1:1: Premature end of file.
2025-01-09 15:18:06,657 [ERROR] LogOutputStream:75 - [STDERR_REDIRECT] 
2025-01-09 15:18:07,652 [ERROR] LogOutputStream:75 - [STDERR_REDIRECT] [Fatal Error] :1:1: Premature end of file.
2025-01-09 15:18:07,652 [ERROR] LogOutputStream:75 - [STDERR_REDIRECT] 
2025-01-09 15:18:08,643 [ERROR] LogOutputStream:75 - [STDERR_REDIRECT] [Fatal Error] :1:1: Premature end of file.
2025-01-09 15:18:08,643 [ERROR] LogOutputStream:75 - [STDERR_REDIRECT] 
2025-01-09 15:18:09,651 [ERROR] LogOutputStream:75 - [STDERR_REDIRECT] [Fatal Error] :1:1: Premature end of file.
2025-01-09 15:18:09,651 [ERROR] LogOutputStream:75 - [STDERR_REDIRECT] 
2025-01-09 15:18:10,644 [ERROR] LogOutputStream:75 - [STDERR_REDIRECT] [Fatal Error] :1:1: Premature end of file.
2025-01-09 15:18:10,644 [ERROR] LogOutputStream:75 - [STDERR_REDIRECT] 
2025-01-09 15:18:11,652 [ERROR] LogOutputStream:75 - [STDERR_REDIRECT] [Fatal Error] :1:1: Premature end of file.
2025-01-09 15:18:11,652 [ERROR] LogOutputStream:75 - [STDERR_REDIRECT] 
2025-01-09 15:18:12,654 [ERROR] LogOutputStream:75 - [STDERR_REDIRECT] [Fatal Error] :1:1: Premature end of file.
2025-01-09 15:18:12,654 [ERROR] LogOutputStream:75 - [STDERR_REDIRECT] 
2025-01-09 15:18:13,647 [ERROR] LogOutputStream:75 - [STDERR_REDIRECT] [Fatal Error] :1:1: Premature end of file.
2025-01-09 15:18:13,647 [ERROR] LogOutputStream:75 - [STDERR_REDIRECT] 
2025-01-09 15:18:14,651 [ERROR] LogOutputStream:75 - [STDERR_REDIRECT] [Fatal Error] :1:1: Premature end of file.
2025-01-09 15:18:14,651 [ERROR] LogOutputStream:75 - [STDERR_REDIRECT] 
2025-01-09 15:18:15,660 [ERROR] LogOutputStream:75 - [STDERR_REDIRECT] [Fatal Error] :1:1: Premature end of file.
2025-01-09 15:18:15,660 [ERROR] LogOutputStream:75 - [STDERR_REDIRECT] 
2025-01-09 15:18:16,644 [ERROR] LogOutputStream:75 - [STDERR_REDIRECT] [Fatal Error] :1:1: Premature end of file.
2025-01-09 15:18:16,644 [ERROR] LogOutputStream:75 - [STDERR_REDIRECT] 
2025-01-09 15:18:17,651 [ERROR] LogOutputStream:75 - [STDERR_REDIRECT] [Fatal Error] :1:1: Premature end of file.
2025-01-09 15:18:17,651 [ERROR] LogOutputStream:75 - [STDERR_REDIRECT] 
2025-01-09 15:18:18,649 [ERROR] LogOutputStream:75 - [STDERR_REDIRECT] [Fatal Error] :1:1: Premature end of file.
2025-01-09 15:18:18,650 [ERROR] LogOutputStream:75 - [STDERR_REDIRECT] 
2025-01-09 15:18:19,650 [ERROR] LogOutputStream:75 - [STDERR_REDIRECT] [Fatal Error] :1:1: Premature end of file.
2025-01-09 15:18:19,650 [ERROR] LogOutputStream:75 - [STDERR_REDIRECT] 
2025-01-09 15:18:20,664 [ERROR] LogOutputStream:75 - [STDERR_REDIRECT] [Fatal Error] :1:1: Premature end of file.
2025-01-09 15:18:20,664 [ERROR] LogOutputStream:75 - [STDERR_REDIRECT] 
2025-01-09 15:18:21,646 [ERROR] LogOutputStream:75 - [STDERR_REDIRECT] [Fatal Error] :1:1: Premature end of file.
2025-01-09 15:18:21,646 [ERROR] LogOutputStream:75 - [STDERR_REDIRECT] 
2025-01-09 15:18:22,648 [ERROR] LogOutputStream:75 - [STDERR_REDIRECT] [Fatal Error] :1:1: Premature end of file.
2025-01-09 15:18:22,648 [ERROR] LogOutputStream:75 - [STDERR_REDIRECT] 
2025-01-09 15:18:23,647 [ERROR] LogOutputStream:75 - [STDERR_REDIRECT] [Fatal Error] :1:1: Premature end of file.
2025-01-09 15:18:23,647 [ERROR] LogOutputStream:75 - [STDERR_REDIRECT] 
2025-01-09 15:18:24,652 [ERROR] LogOutputStream:75 - [STDERR_REDIRECT] [Fatal Error] :1:1: Premature end of file.
2025-01-09 15:18:24,652 [ERROR] LogOutputStream:75 - [STDERR_REDIRECT] 
2025-01-09 15:18:25,641 [ERROR] LogOutputStream:75 - [STDERR_REDIRECT] [Fatal Error] :1:1: Premature end of file.
2025-01-09 15:18:25,641 [ERROR] LogOutputStream:75 - [STDERR_REDIRECT] 
2025-01-09 15:18:26,647 [ERROR] LogOutputStream:75 - [STDERR_REDIRECT] [Fatal Error] :1:1: Premature end of file.
2025-01-09 15:18:26,647 [ERROR] LogOutputStream:75 - [STDERR_REDIRECT] 
2025-01-09 15:18:27,653 [ERROR] LogOutputStream:75 - [STDERR_REDIRECT] [Fatal Error] :1:1: Premature end of file.
2025-01-09 15:18:27,653 [ERROR] LogOutputStream:75 - [STDERR_REDIRECT] 
2025-01-09 15:18:28,655 [ERROR] LogOutputStream:75 - [STDERR_REDIRECT] [Fatal Error] :1:1: Premature end of file.
2025-01-09 15:18:28,655 [ERROR] LogOutputStream:75 - [STDERR_REDIRECT] 
2025-01-09 15:18:29,658 [ERROR] LogOutputStream:75 - [STDERR_REDIRECT] [Fatal Error] :1:1: Premature end of file.
2025-01-09 15:18:29,658 [ERROR] LogOutputStream:75 - [STDERR_REDIRECT] 
2025-01-09 15:18:30,653 [ERROR] LogOutputStream:75 - [STDERR_REDIRECT] [Fatal Error] :1:1: Premature end of file.
2025-01-09 15:18:30,653 [ERROR] LogOutputStream:75 - [STDERR_REDIRECT] 
2025-01-09 15:18:31,649 [ERROR] LogOutputStream:75 - [STDERR_REDIRECT] [Fatal Error] :1:1: Premature end of file.
2025-01-09 15:18:31,649 [ERROR] LogOutputStream:75 - [STDERR_REDIRECT] 
2025-01-09 15:18:32,649 [ERROR] LogOutputStream:75 - [STDERR_REDIRECT] [Fatal Error] :1:1: Premature end of file.
2025-01-09 15:18:32,649 [ERROR] LogOutputStream:75 - [STDERR_REDIRECT] 
2025-01-09 15:18:33,650 [ERROR] LogOutputStream:75 - [STDERR_REDIRECT] [Fatal Error] :1:1: Premature end of file.
2025-01-09 15:18:33,650 [ERROR] LogOutputStream:75 - [STDERR_REDIRECT] 
2025-01-09 15:18:34,654 [ERROR] LogOutputStream:75 - [STDERR_REDIRECT] [Fatal Error] :1:1: Premature end of file.
2025-01-09 15:18:34,654 [ERROR] LogOutputStream:75 - [STDERR_REDIRECT] 
2025-01-09 15:18:35,650 [ERROR] LogOutputStream:75 - [STDERR_REDIRECT] [Fatal Error] :1:1: Premature end of file.
2025-01-09 15:18:35,650 [ERROR] LogOutputStream:75 - [STDERR_REDIRECT] 
2025-01-09 15:18:36,641 [ERROR] LogOutputStream:75 - [STDERR_REDIRECT] [Fatal Error] :1:1: Premature end of file.
2025-01-09 15:18:36,641 [ERROR] LogOutputStream:75 - [STDERR_REDIRECT] 
2025-01-09 15:18:37,654 [ERROR] LogOutputStream:75 - [STDERR_REDIRECT] [Fatal Error] :1:1: Premature end of file.
2025-01-09 15:18:37,654 [ERROR] LogOutputStream:75 - [STDERR_REDIRECT] 
2025-01-09 15:18:38,646 [ERROR] LogOutputStream:75 - [STDERR_REDIRECT] [Fatal Error] :1:1: Premature end of file.
2025-01-09 15:18:38,646 [ERROR] LogOutputStream:75 - [STDERR_REDIRECT] 
2025-01-09 15:18:39,643 [ERROR] LogOutputStream:75 - [STDERR_REDIRECT] [Fatal Error] :1:1: Premature end of file.
2025-01-09 15:18:39,643 [ERROR] LogOutputStream:75 - [STDERR_REDIRECT] 
2025-01-09 15:18:40,650 [ERROR] LogOutputStream:75 - [STDERR_REDIRECT] [Fatal Error] :1:1: Premature end of file.
2025-01-09 15:18:40,650 [ERROR] LogOutputStream:75 - [STDERR_REDIRECT] 
2025-01-09 15:18:41,658 [ERROR] LogOutputStream:75 - [STDERR_REDIRECT] [Fatal Error] :1:1: Premature end of file.
2025-01-09 15:18:41,659 [ERROR] LogOutputStream:75 - [STDERR_REDIRECT] 
2025-01-09 15:18:42,660 [ERROR] LogOutputStream:75 - [STDERR_REDIRECT] [Fatal Error] :1:1: Premature end of file.
2025-01-09 15:18:42,660 [ERROR] LogOutputStream:75 - [STDERR_REDIRECT] 
2025-01-09 15:18:43,638 [ERROR] LogOutputStream:75 - [STDERR_REDIRECT] [Fatal Error] :1:1: Premature end of file.
2025-01-09 15:18:43,638 [ERROR] LogOutputStream:75 - [STDERR_REDIRECT] 
2025-01-09 15:18:44,658 [ERROR] LogOutputStream:75 - [STDERR_REDIRECT] [Fatal Error] :1:1: Premature end of file.
2025-01-09 15:18:44,658 [ERROR] LogOutputStream:75 - [STDERR_REDIRECT] 
2025-01-09 15:18:45,650 [ERROR] LogOutputStream:75 - [STDERR_REDIRECT] [Fatal Error] :1:1: Premature end of file.
2025-01-09 15:18:45,650 [ERROR] LogOutputStream:75 - [STDERR_REDIRECT] 
2025-01-09 15:18:46,655 [ERROR] LogOutputStream:75 - [STDERR_REDIRECT] [Fatal Error] :1:1: Premature end of file.
2025-01-09 15:18:46,655 [ERROR] LogOutputStream:75 - [STDERR_REDIRECT] 
2025-01-09 15:18:47,649 [ERROR] LogOutputStream:75 - [STDERR_REDIRECT] [Fatal Error] :1:1: Premature end of file.
2025-01-09 15:18:47,649 [ERROR] LogOutputStream:75 - [STDERR_REDIRECT] 
2025-01-09 15:18:48,647 [ERROR] LogOutputStream:75 - [STDERR_REDIRECT] [Fatal Error] :1:1: Premature end of file.
2025-01-09 15:18:48,647 [ERROR] LogOutputStream:75 - [STDERR_REDIRECT] 
2025-01-09 15:18:49,650 [ERROR] LogOutputStream:75 - [STDERR_REDIRECT] [Fatal Error] :1:1: Premature end of file.
2025-01-09 15:18:49,650 [ERROR] LogOutputStream:75 - [STDERR_REDIRECT] 
2025-01-09 15:18:50,656 [ERROR] LogOutputStream:75 - [STDERR_REDIRECT] [Fatal Error] :1:1: Premature end of file.
2025-01-09 15:18:50,656 [ERROR] LogOutputStream:75 - [STDERR_REDIRECT] 
2025-01-09 15:18:51,660 [ERROR] LogOutputStream:75 - [STDERR_REDIRECT] [Fatal Error] :1:1: Premature end of file.
2025-01-09 15:18:51,660 [ERROR] LogOutputStream:75 - [STDERR_REDIRECT] 
2025-01-09 15:18:52,656 [ERROR] LogOutputStream:75 - [STDERR_REDIRECT] [Fatal Error] :1:1: Premature end of file.
2025-01-09 15:18:52,656 [ERROR] LogOutputStream:75 - [STDERR_REDIRECT] 
2025-01-09 15:18:53,647 [ERROR] LogOutputStream:75 - [STDERR_REDIRECT] [Fatal Error] :1:1: Premature end of file.
2025-01-09 15:18:53,647 [ERROR] LogOutputStream:75 - [STDERR_REDIRECT] 
2025-01-09 15:18:54,648 [ERROR] LogOutputStream:75 - [STDERR_REDIRECT] [Fatal Error] :1:1: Premature end of file.
2025-01-09 15:18:54,648 [ERROR] LogOutputStream:75 - [STDERR_REDIRECT] 
2025-01-09 15:18:55,652 [ERROR] LogOutputStream:75 - [STDERR_REDIRECT] [Fatal Error] :1:1: Premature end of file.
2025-01-09 15:18:55,652 [ERROR] LogOutputStream:75 - [STDERR_REDIRECT] 
2025-01-09 15:18:56,648 [ERROR] LogOutputStream:75 - [STDERR_REDIRECT] [Fatal Error] :1:1: Premature end of file.
2025-01-09 15:18:56,648 [ERROR] LogOutputStream:75 - [STDERR_REDIRECT] 
2025-01-09 15:18:57,659 [ERROR] LogOutputStream:75 - [STDERR_REDIRECT] [Fatal Error] :1:1: Premature end of file.
2025-01-09 15:18:57,659 [ERROR] LogOutputStream:75 - [STDERR_REDIRECT] 
2025-01-09 15:18:58,658 [ERROR] LogOutputStream:75 - [STDERR_REDIRECT] [Fatal Error] :1:1: Premature end of file.
2025-01-09 15:18:58,658 [ERROR] LogOutputStream:75 - [STDERR_REDIRECT] 
2025-01-09 15:18:59,642 [ERROR] LogOutputStream:75 - [STDERR_REDIRECT] [Fatal Error] :1:1: Premature end of file.
2025-01-09 15:18:59,642 [ERROR] LogOutputStream:75 - [STDERR_REDIRECT] 
2025-01-09 15:19:00,661 [ERROR] LogOutputStream:75 - [STDERR_REDIRECT] [Fatal Error] :1:1: Premature end of file.
2025-01-09 15:19:00,661 [ERROR] LogOutputStream:75 - [STDERR_REDIRECT] 
2025-01-09 15:19:01,665 [ERROR] LogOutputStream:75 - [STDERR_REDIRECT] [Fatal Error] :1:1: Premature end of file.
2025-01-09 15:19:01,666 [ERROR] LogOutputStream:75 - [STDERR_REDIRECT] 
2025-01-09 15:19:02,657 [ERROR] LogOutputStream:75 - [STDERR_REDIRECT] [Fatal Error] :1:1: Premature end of file.
2025-01-09 15:19:02,657 [ERROR] LogOutputStream:75 - [STDERR_REDIRECT] 
2025-01-09 15:19:03,654 [ERROR] LogOutputStream:75 - [STDERR_REDIRECT] [Fatal Error] :1:1: Premature end of file.
2025-01-09 15:19:03,654 [ERROR] LogOutputStream:75 - [STDERR_REDIRECT] 
2025-01-09 15:19:04,641 [ERROR] LogOutputStream:75 - [STDERR_REDIRECT] [Fatal Error] :1:1: Premature end of file.
2025-01-09 15:19:04,641 [ERROR] LogOutputStream:75 - [STDERR_REDIRECT] 
2025-01-09 15:19:05,661 [ERROR] LogOutputStream:75 - [STDERR_REDIRECT] [Fatal Error] :1:1: Premature end of file.
2025-01-09 15:19:05,661 [ERROR] LogOutputStream:75 - [STDERR_REDIRECT] 
2025-01-09 15:19:06,647 [ERROR] LogOutputStream:75 - [STDERR_REDIRECT] [Fatal Error] :1:1: Premature end of file.
2025-01-09 15:19:06,647 [ERROR] LogOutputStream:75 - [STDERR_REDIRECT] 
2025-01-09 15:19:07,649 [ERROR] LogOutputStream:75 - [STDERR_REDIRECT] [Fatal Error] :1:1: Premature end of file.
2025-01-09 15:19:07,649 [ERROR] LogOutputStream:75 - [STDERR_REDIRECT] 
2025-01-09 15:19:08,651 [ERROR] LogOutputStream:75 - [STDERR_REDIRECT] [Fatal Error] :1:1: Premature end of file.
2025-01-09 15:19:08,651 [ERROR] LogOutputStream:75 - [STDERR_REDIRECT] 
2025-01-09 15:19:09,646 [ERROR] LogOutputStream:75 - [STDERR_REDIRECT] [Fatal Error] :1:1: Premature end of file.
2025-01-09 15:19:09,646 [ERROR] LogOutputStream:75 - [STDERR_REDIRECT] 
2025-01-09 15:19:10,641 [ERROR] LogOutputStream:75 - [STDERR_REDIRECT] [Fatal Error] :1:1: Premature end of file.
2025-01-09 15:19:10,641 [ERROR] LogOutputStream:75 - [STDERR_REDIRECT] 
2025-01-09 15:19:11,653 [ERROR] LogOutputStream:75 - [STDERR_REDIRECT] [Fatal Error] :1:1: Premature end of file.
2025-01-09 15:19:11,653 [ERROR] LogOutputStream:75 - [STDERR_REDIRECT] 
2025-01-09 15:19:12,646 [ERROR] LogOutputStream:75 - [STDERR_REDIRECT] [Fatal Error] :1:1: Premature end of file.
2025-01-09 15:19:12,646 [ERROR] LogOutputStream:75 - [STDERR_REDIRECT] 
2025-01-09 15:19:13,645 [ERROR] LogOutputStream:75 - [STDERR_REDIRECT] [Fatal Error] :1:1: Premature end of file.
2025-01-09 15:19:13,645 [ERROR] LogOutputStream:75 - [STDERR_REDIRECT] 
2025-01-09 15:19:14,647 [ERROR] LogOutputStream:75 - [STDERR_REDIRECT] [Fatal Error] :1:1: Premature end of file.
2025-01-09 15:19:14,647 [ERROR] LogOutputStream:75 - [STDERR_REDIRECT] 
2025-01-09 15:19:15,648 [ERROR] LogOutputStream:75 - [STDERR_REDIRECT] [Fatal Error] :1:1: Premature end of file.
2025-01-09 15:19:15,648 [ERROR] LogOutputStream:75 - [STDERR_REDIRECT] 
2025-01-09 15:19:16,654 [ERROR] LogOutputStream:75 - [STDERR_REDIRECT] [Fatal Error] :1:1: Premature end of file.
2025-01-09 15:19:16,654 [ERROR] LogOutputStream:75 - [STDERR_REDIRECT] 
2025-01-09 15:19:17,657 [ERROR] LogOutputStream:75 - [STDERR_REDIRECT] [Fatal Error] :1:1: Premature end of file.
2025-01-09 15:19:17,657 [ERROR] LogOutputStream:75 - [STDERR_REDIRECT] 
2025-01-09 15:19:18,656 [ERROR] LogOutputStream:75 - [STDERR_REDIRECT] [Fatal Error] :1:1: Premature end of file.
2025-01-09 15:19:18,656 [ERROR] LogOutputStream:75 - [STDERR_REDIRECT] 
2025-01-09 15:19:19,652 [ERROR] LogOutputStream:75 - [STDERR_REDIRECT] [Fatal Error] :1:1: Premature end of file.
2025-01-09 15:19:19,652 [ERROR] LogOutputStream:75 - [STDERR_REDIRECT] 
2025-01-09 15:19:20,648 [ERROR] LogOutputStream:75 - [STDERR_REDIRECT] [Fatal Error] :1:1: Premature end of file.
2025-01-09 15:19:20,648 [ERROR] LogOutputStream:75 - [STDERR_REDIRECT] 
2025-01-09 15:19:21,645 [ERROR] LogOutputStream:75 - [STDERR_REDIRECT] [Fatal Error] :1:1: Premature end of file.
2025-01-09 15:19:21,650 [ERROR] LogOutputStream:75 - [STDERR_REDIRECT] 
2025-01-09 15:19:22,645 [ERROR] LogOutputStream:75 - [STDERR_REDIRECT] [Fatal Error] :1:1: Premature end of file.
2025-01-09 15:19:22,645 [ERROR] LogOutputStream:75 - [STDERR_REDIRECT] 
2025-01-09 15:19:23,654 [ERROR] LogOutputStream:75 - [STDERR_REDIRECT] [Fatal Error] :1:1: Premature end of file.
2025-01-09 15:19:23,654 [ERROR] LogOutputStream:75 - [STDERR_REDIRECT] 
2025-01-09 15:19:24,653 [ERROR] LogOutputStream:75 - [STDERR_REDIRECT] [Fatal Error] :1:1: Premature end of file.
2025-01-09 15:19:24,653 [ERROR] LogOutputStream:75 - [STDERR_REDIRECT] 
2025-01-09 15:19:25,642 [ERROR] LogOutputStream:75 - [STDERR_REDIRECT] [Fatal Error] :1:1: Premature end of file.
2025-01-09 15:19:25,642 [ERROR] LogOutputStream:75 - [STDERR_REDIRECT] 
2025-01-09 15:19:26,654 [ERROR] LogOutputStream:75 - [STDERR_REDIRECT] [Fatal Error] :1:1: Premature end of file.
2025-01-09 15:19:26,654 [ERROR] LogOutputStream:75 - [STDERR_REDIRECT] 
2025-01-09 15:19:27,654 [ERROR] LogOutputStream:75 - [STDERR_REDIRECT] [Fatal Error] :1:1: Premature end of file.
2025-01-09 15:19:27,654 [ERROR] LogOutputStream:75 - [STDERR_REDIRECT] 
2025-01-09 15:19:28,659 [ERROR] LogOutputStream:75 - [STDERR_REDIRECT] [Fatal Error] :1:1: Premature end of file.
2025-01-09 15:19:28,659 [ERROR] LogOutputStream:75 - [STDERR_REDIRECT] 
2025-01-09 15:19:29,647 [ERROR] LogOutputStream:75 - [STDERR_REDIRECT] [Fatal Error] :1:1: Premature end of file.
2025-01-09 15:19:29,647 [ERROR] LogOutputStream:75 - [STDERR_REDIRECT] 
2025-01-09 15:19:30,652 [ERROR] LogOutputStream:75 - [STDERR_REDIRECT] [Fatal Error] :1:1: Premature end of file.
2025-01-09 15:19:30,652 [ERROR] LogOutputStream:75 - [STDERR_REDIRECT] 
2025-01-09 15:19:31,647 [ERROR] LogOutputStream:75 - [STDERR_REDIRECT] [Fatal Error] :1:1: Premature end of file.
2025-01-09 15:19:31,647 [ERROR] LogOutputStream:75 - [STDERR_REDIRECT] 
2025-01-09 15:19:32,649 [ERROR] LogOutputStream:75 - [STDERR_REDIRECT] [Fatal Error] :1:1: Premature end of file.
2025-01-09 15:19:32,649 [ERROR] LogOutputStream:75 - [STDERR_REDIRECT] 
2025-01-09 15:19:33,648 [ERROR] LogOutputStream:75 - [STDERR_REDIRECT] [Fatal Error] :1:1: Premature end of file.
2025-01-09 15:19:33,648 [ERROR] LogOutputStream:75 - [STDERR_REDIRECT] 
2025-01-09 15:19:34,656 [ERROR] LogOutputStream:75 - [STDERR_REDIRECT] [Fatal Error] :1:1: Premature end of file.
2025-01-09 15:19:34,662 [ERROR] LogOutputStream:75 - [STDERR_REDIRECT] 
2025-01-09 15:19:35,650 [ERROR] LogOutputStream:75 - [STDERR_REDIRECT] [Fatal Error] :1:1: Premature end of file.
2025-01-09 15:19:35,650 [ERROR] LogOutputStream:75 - [STDERR_REDIRECT] 
2025-01-09 15:19:36,651 [ERROR] LogOutputStream:75 - [STDERR_REDIRECT] [Fatal Error] :1:1: Premature end of file.
2025-01-09 15:19:36,651 [ERROR] LogOutputStream:75 - [STDERR_REDIRECT] 
2025-01-09 15:19:37,650 [ERROR] LogOutputStream:75 - [STDERR_REDIRECT] [Fatal Error] :1:1: Premature end of file.
2025-01-09 15:19:37,650 [ERROR] LogOutputStream:75 - [STDERR_REDIRECT] 
2025-01-09 15:19:38,655 [ERROR] LogOutputStream:75 - [STDERR_REDIRECT] [Fatal Error] :1:1: Premature end of file.
2025-01-09 15:19:38,655 [ERROR] LogOutputStream:75 - [STDERR_REDIRECT] 
2025-01-09 15:19:39,653 [ERROR] LogOutputStream:75 - [STDERR_REDIRECT] [Fatal Error] :1:1: Premature end of file.
2025-01-09 15:19:39,653 [ERROR] LogOutputStream:75 - [STDERR_REDIRECT] 
2025-01-09 15:19:40,649 [ERROR] LogOutputStream:75 - [STDERR_REDIRECT] [Fatal Error] :1:1: Premature end of file.
2025-01-09 15:19:40,649 [ERROR] LogOutputStream:75 - [STDERR_REDIRECT] 
2025-01-09 15:19:41,646 [ERROR] LogOutputStream:75 - [STDERR_REDIRECT] [Fatal Error] :1:1: Premature end of file.
2025-01-09 15:19:41,646 [ERROR] LogOutputStream:75 - [STDERR_REDIRECT] 
2025-01-09 15:19:42,655 [ERROR] LogOutputStream:75 - [STDERR_REDIRECT] [Fatal Error] :1:1: Premature end of file.
2025-01-09 15:19:42,655 [ERROR] LogOutputStream:75 - [STDERR_REDIRECT] 
2025-01-09 15:19:43,653 [ERROR] LogOutputStream:75 - [STDERR_REDIRECT] [Fatal Error] :1:1: Premature end of file.
2025-01-09 15:19:43,653 [ERROR] LogOutputStream:75 - [STDERR_REDIRECT] 
2025-01-09 15:19:44,663 [ERROR] LogOutputStream:75 - [STDERR_REDIRECT] [Fatal Error] :1:1: Premature end of file.
2025-01-09 15:19:44,663 [ERROR] LogOutputStream:75 - [STDERR_REDIRECT] 
2025-01-09 15:19:45,644 [ERROR] LogOutputStream:75 - [STDERR_REDIRECT] [Fatal Error] :1:1: Premature end of file.
2025-01-09 15:19:45,644 [ERROR] LogOutputStream:75 - [STDERR_REDIRECT] 
2025-01-09 15:19:46,648 [ERROR] LogOutputStream:75 - [STDERR_REDIRECT] [Fatal Error] :1:1: Premature end of file.
2025-01-09 15:19:46,648 [ERROR] LogOutputStream:75 - [STDERR_REDIRECT] 
2025-01-09 15:19:47,645 [ERROR] LogOutputStream:75 - [STDERR_REDIRECT] [Fatal Error] :1:1: Premature end of file.
2025-01-09 15:19:47,645 [ERROR] LogOutputStream:75 - [STDERR_REDIRECT] 
2025-01-09 15:19:48,650 [ERROR] LogOutputStream:75 - [STDERR_REDIRECT] [Fatal Error] :1:1: Premature end of file.
2025-01-09 15:19:48,650 [ERROR] LogOutputStream:75 - [STDERR_REDIRECT] 
2025-01-09 15:19:49,656 [ERROR] LogOutputStream:75 - [STDERR_REDIRECT] [Fatal Error] :1:1: Premature end of file.
2025-01-09 15:19:49,656 [ERROR] LogOutputStream:75 - [STDERR_REDIRECT] 
2025-01-09 15:19:50,657 [ERROR] LogOutputStream:75 - [STDERR_REDIRECT] [Fatal Error] :1:1: Premature end of file.
2025-01-09 15:19:50,657 [ERROR] LogOutputStream:75 - [STDERR_REDIRECT] 
2025-01-09 15:19:51,652 [ERROR] LogOutputStream:75 - [STDERR_REDIRECT] [Fatal Error] :1:1: Premature end of file.
2025-01-09 15:19:51,652 [ERROR] LogOutputStream:75 - [STDERR_REDIRECT] 
2025-01-09 15:19:52,645 [ERROR] LogOutputStream:75 - [STDERR_REDIRECT] [Fatal Error] :1:1: Premature end of file.
2025-01-09 15:19:52,645 [ERROR] LogOutputStream:75 - [STDERR_REDIRECT] 
2025-01-09 15:19:53,637 [ERROR] LogOutputStream:75 - [STDERR_REDIRECT] [Fatal Error] :1:1: Premature end of file.
2025-01-09 15:19:53,637 [ERROR] LogOutputStream:75 - [STDERR_REDIRECT] 
2025-01-09 15:19:54,644 [ERROR] LogOutputStream:75 - [STDERR_REDIRECT] [Fatal Error] :1:1: Premature end of file.
2025-01-09 15:19:54,644 [ERROR] LogOutputStream:75 - [STDERR_REDIRECT] 
2025-01-09 15:19:55,644 [ERROR] LogOutputStream:75 - [STDERR_REDIRECT] [Fatal Error] :1:1: Premature end of file.
2025-01-09 15:19:55,644 [ERROR] LogOutputStream:75 - [STDERR_REDIRECT] 
2025-01-09 15:19:56,637 [ERROR] LogOutputStream:75 - [STDERR_REDIRECT] [Fatal Error] :1:1: Premature end of file.
2025-01-09 15:19:56,637 [ERROR] LogOutputStream:75 - [STDERR_REDIRECT] 
2025-01-09 15:19:57,642 [ERROR] LogOutputStream:75 - [STDERR_REDIRECT] [Fatal Error] :1:1: Premature end of file.
2025-01-09 15:19:57,642 [ERROR] LogOutputStream:75 - [STDERR_REDIRECT] 
2025-01-09 15:19:58,648 [ERROR] LogOutputStream:75 - [STDERR_REDIRECT] [Fatal Error] :1:1: Premature end of file.
2025-01-09 15:19:58,648 [ERROR] LogOutputStream:75 - [STDERR_REDIRECT] 
2025-01-09 15:19:59,645 [ERROR] LogOutputStream:75 - [STDERR_REDIRECT] [Fatal Error] :1:1: Premature end of file.
2025-01-09 15:19:59,645 [ERROR] LogOutputStream:75 - [STDERR_REDIRECT] 
2025-01-09 15:20:00,655 [ERROR] LogOutputStream:75 - [STDERR_REDIRECT] [Fatal Error] :1:1: Premature end of file.
2025-01-09 15:20:00,655 [ERROR] LogOutputStream:75 - [STDERR_REDIRECT] 
2025-01-09 15:20:01,652 [ERROR] LogOutputStream:75 - [STDERR_REDIRECT] [Fatal Error] :1:1: Premature end of file.
2025-01-09 15:20:01,652 [ERROR] LogOutputStream:75 - [STDERR_REDIRECT] 
2025-01-09 15:20:02,647 [ERROR] LogOutputStream:75 - [STDERR_REDIRECT] [Fatal Error] :1:1: Premature end of file.
2025-01-09 15:20:02,647 [ERROR] LogOutputStream:75 - [STDERR_REDIRECT] 
2025-01-09 15:20:03,656 [ERROR] LogOutputStream:75 - [STDERR_REDIRECT] [Fatal Error] :1:1: Premature end of file.
2025-01-09 15:20:03,656 [ERROR] LogOutputStream:75 - [STDERR_REDIRECT] 
2025-01-09 15:20:04,653 [ERROR] LogOutputStream:75 - [STDERR_REDIRECT] [Fatal Error] :1:1: Premature end of file.
2025-01-09 15:20:04,653 [ERROR] LogOutputStream:75 - [STDERR_REDIRECT] 
2025-01-09 15:20:05,646 [ERROR] LogOutputStream:75 - [STDERR_REDIRECT] [Fatal Error] :1:1: Premature end of file.
2025-01-09 15:20:05,646 [ERROR] LogOutputStream:75 - [STDERR_REDIRECT] 
2025-01-09 15:20:06,646 [ERROR] LogOutputStream:75 - [STDERR_REDIRECT] [Fatal Error] :1:1: Premature end of file.
2025-01-09 15:20:06,646 [ERROR] LogOutputStream:75 - [STDERR_REDIRECT] 
2025-01-09 15:20:07,642 [ERROR] LogOutputStream:75 - [STDERR_REDIRECT] [Fatal Error] :1:1: Premature end of file.
2025-01-09 15:20:07,642 [ERROR] LogOutputStream:75 - [STDERR_REDIRECT] 
2025-01-09 15:20:08,664 [ERROR] LogOutputStream:75 - [STDERR_REDIRECT] [Fatal Error] :1:1: Premature end of file.
2025-01-09 15:20:08,664 [ERROR] LogOutputStream:75 - [STDERR_REDIRECT] 
2025-01-09 15:20:09,655 [ERROR] LogOutputStream:75 - [STDERR_REDIRECT] [Fatal Error] :1:1: Premature end of file.
2025-01-09 15:20:09,655 [ERROR] LogOutputStream:75 - [STDERR_REDIRECT] 
2025-01-09 15:20:10,647 [ERROR] LogOutputStream:75 - [STDERR_REDIRECT] [Fatal Error] :1:1: Premature end of file.
2025-01-09 15:20:10,647 [ERROR] LogOutputStream:75 - [STDERR_REDIRECT] 
2025-01-09 15:20:11,653 [ERROR] LogOutputStream:75 - [STDERR_REDIRECT] [Fatal Error] :1:1: Premature end of file.
2025-01-09 15:20:11,653 [ERROR] LogOutputStream:75 - [STDERR_REDIRECT] 
2025-01-09 15:20:12,649 [ERROR] LogOutputStream:75 - [STDERR_REDIRECT] [Fatal Error] :1:1: Premature end of file.
2025-01-09 15:20:12,649 [ERROR] LogOutputStream:75 - [STDERR_REDIRECT] 
2025-01-09 15:20:13,659 [ERROR] LogOutputStream:75 - [STDERR_REDIRECT] [Fatal Error] :1:1: Premature end of file.
2025-01-09 15:20:13,659 [ERROR] LogOutputStream:75 - [STDERR_REDIRECT] 
2025-01-09 15:20:14,664 [ERROR] LogOutputStream:75 - [STDERR_REDIRECT] [Fatal Error] :1:1: Premature end of file.
2025-01-09 15:20:14,664 [ERROR] LogOutputStream:75 - [STDERR_REDIRECT] 
2025-01-09 15:20:15,646 [ERROR] LogOutputStream:75 - [STDERR_REDIRECT] [Fatal Error] :1:1: Premature end of file.
2025-01-09 15:20:15,646 [ERROR] LogOutputStream:75 - [STDERR_REDIRECT] 
2025-01-09 15:20:16,649 [ERROR] LogOutputStream:75 - [STDERR_REDIRECT] [Fatal Error] :1:1: Premature end of file.
2025-01-09 15:20:16,649 [ERROR] LogOutputStream:75 - [STDERR_REDIRECT] 
2025-01-09 15:20:17,652 [ERROR] LogOutputStream:75 - [STDERR_REDIRECT] [Fatal Error] :1:1: Premature end of file.
2025-01-09 15:20:17,652 [ERROR] LogOutputStream:75 - [STDERR_REDIRECT] 
2025-01-09 15:20:18,656 [ERROR] LogOutputStream:75 - [STDERR_REDIRECT] [Fatal Error] :1:1: Premature end of file.
2025-01-09 15:20:18,656 [ERROR] LogOutputStream:75 - [STDERR_REDIRECT] 
2025-01-09 15:20:19,650 [ERROR] LogOutputStream:75 - [STDERR_REDIRECT] [Fatal Error] :1:1: Premature end of file.
2025-01-09 15:20:19,650 [ERROR] LogOutputStream:75 - [STDERR_REDIRECT] 
2025-01-09 15:20:20,654 [ERROR] LogOutputStream:75 - [STDERR_REDIRECT] [Fatal Error] :1:1: Premature end of file.
2025-01-09 15:20:20,654 [ERROR] LogOutputStream:75 - [STDERR_REDIRECT] 
2025-01-09 15:20:21,651 [ERROR] LogOutputStream:75 - [STDERR_REDIRECT] [Fatal Error] :1:1: Premature end of file.
2025-01-09 15:20:21,651 [ERROR] LogOutputStream:75 - [STDERR_REDIRECT] 
2025-01-09 15:20:22,653 [ERROR] LogOutputStream:75 - [STDERR_REDIRECT] [Fatal Error] :1:1: Premature end of file.
2025-01-09 15:20:22,653 [ERROR] LogOutputStream:75 - [STDERR_REDIRECT] 
2025-01-09 15:20:23,649 [ERROR] LogOutputStream:75 - [STDERR_REDIRECT] [Fatal Error] :1:1: Premature end of file.
2025-01-09 15:20:23,649 [ERROR] LogOutputStream:75 - [STDERR_REDIRECT] 
2025-01-09 15:20:24,647 [ERROR] LogOutputStream:75 - [STDERR_REDIRECT] [Fatal Error] :1:1: Premature end of file.
2025-01-09 15:20:24,647 [ERROR] LogOutputStream:75 - [STDERR_REDIRECT] 
2025-01-09 15:20:25,642 [ERROR] LogOutputStream:75 - [STDERR_REDIRECT] [Fatal Error] :1:1: Premature end of file.
2025-01-09 15:20:25,642 [ERROR] LogOutputStream:75 - [STDERR_REDIRECT] 
2025-01-09 15:20:26,650 [ERROR] LogOutputStream:75 - [STDERR_REDIRECT] [Fatal Error] :1:1: Premature end of file.
2025-01-09 15:20:26,651 [ERROR] LogOutputStream:75 - [STDERR_REDIRECT] 
2025-01-09 15:20:27,644 [ERROR] LogOutputStream:75 - [STDERR_REDIRECT] [Fatal Error] :1:1: Premature end of file.
2025-01-09 15:20:27,644 [ERROR] LogOutputStream:75 - [STDERR_REDIRECT] 
2025-01-09 15:20:28,654 [ERROR] LogOutputStream:75 - [STDERR_REDIRECT] [Fatal Error] :1:1: Premature end of file.
2025-01-09 15:20:28,654 [ERROR] LogOutputStream:75 - [STDERR_REDIRECT] 
2025-01-09 15:20:29,653 [ERROR] LogOutputStream:75 - [STDERR_REDIRECT] [Fatal Error] :1:1: Premature end of file.
2025-01-09 15:20:29,653 [ERROR] LogOutputStream:75 - [STDERR_REDIRECT] 
2025-01-09 15:20:30,651 [ERROR] LogOutputStream:75 - [STDERR_REDIRECT] [Fatal Error] :1:1: Premature end of file.
2025-01-09 15:20:30,651 [ERROR] LogOutputStream:75 - [STDERR_REDIRECT] 
2025-01-09 15:20:31,654 [ERROR] LogOutputStream:75 - [STDERR_REDIRECT] [Fatal Error] :1:1: Premature end of file.
2025-01-09 15:20:31,654 [ERROR] LogOutputStream:75 - [STDERR_REDIRECT] 
2025-01-09 15:20:32,659 [ERROR] LogOutputStream:75 - [STDERR_REDIRECT] [Fatal Error] :1:1: Premature end of file.
2025-01-09 15:20:32,659 [ERROR] LogOutputStream:75 - [STDERR_REDIRECT] 
2025-01-09 15:20:33,651 [ERROR] LogOutputStream:75 - [STDERR_REDIRECT] [Fatal Error] :1:1: Premature end of file.
2025-01-09 15:20:33,651 [ERROR] LogOutputStream:75 - [STDERR_REDIRECT] 
2025-01-09 15:20:34,650 [ERROR] LogOutputStream:75 - [STDERR_REDIRECT] [Fatal Error] :1:1: Premature end of file.
2025-01-09 15:20:34,650 [ERROR] LogOutputStream:75 - [STDERR_REDIRECT] 
2025-01-09 15:20:35,649 [ERROR] LogOutputStream:75 - [STDERR_REDIRECT] [Fatal Error] :1:1: Premature end of file.
2025-01-09 15:20:35,649 [ERROR] LogOutputStream:75 - [STDERR_REDIRECT] 
2025-01-09 15:20:36,644 [ERROR] LogOutputStream:75 - [STDERR_REDIRECT] [Fatal Error] :1:1: Premature end of file.
2025-01-09 15:20:36,644 [ERROR] LogOutputStream:75 - [STDERR_REDIRECT] 
2025-01-09 15:20:37,649 [ERROR] LogOutputStream:75 - [STDERR_REDIRECT] [Fatal Error] :1:1: Premature end of file.
2025-01-09 15:20:37,649 [ERROR] LogOutputStream:75 - [STDERR_REDIRECT] 
2025-01-09 15:20:38,656 [ERROR] LogOutputStream:75 - [STDERR_REDIRECT] [Fatal Error] :1:1: Premature end of file.
2025-01-09 15:20:38,656 [ERROR] LogOutputStream:75 - [STDERR_REDIRECT] 
2025-01-09 15:20:39,655 [ERROR] LogOutputStream:75 - [STDERR_REDIRECT] [Fatal Error] :1:1: Premature end of file.
2025-01-09 15:20:39,655 [ERROR] LogOutputStream:75 - [STDERR_REDIRECT] 
2025-01-09 15:20:40,646 [ERROR] LogOutputStream:75 - [STDERR_REDIRECT] [Fatal Error] :1:1: Premature end of file.
2025-01-09 15:20:40,646 [ERROR] LogOutputStream:75 - [STDERR_REDIRECT] 
2025-01-09 15:20:41,646 [ERROR] LogOutputStream:75 - [STDERR_REDIRECT] [Fatal Error] :1:1: Premature end of file.
2025-01-09 15:20:41,646 [ERROR] LogOutputStream:75 - [STDERR_REDIRECT] 
2025-01-09 15:20:42,659 [ERROR] LogOutputStream:75 - [STDERR_REDIRECT] [Fatal Error] :1:1: Premature end of file.
2025-01-09 15:20:42,660 [ERROR] LogOutputStream:75 - [STDERR_REDIRECT] 
2025-01-09 15:20:43,654 [ERROR] LogOutputStream:75 - [STDERR_REDIRECT] [Fatal Error] :1:1: Premature end of file.
2025-01-09 15:20:43,654 [ERROR] LogOutputStream:75 - [STDERR_REDIRECT] 
2025-01-09 15:20:44,655 [ERROR] LogOutputStream:75 - [STDERR_REDIRECT] [Fatal Error] :1:1: Premature end of file.
2025-01-09 15:20:44,655 [ERROR] LogOutputStream:75 - [STDERR_REDIRECT] 
2025-01-09 15:20:45,648 [ERROR] LogOutputStream:75 - [STDERR_REDIRECT] [Fatal Error] :1:1: Premature end of file.
2025-01-09 15:20:45,648 [ERROR] LogOutputStream:75 - [STDERR_REDIRECT] 
2025-01-09 15:20:46,652 [ERROR] LogOutputStream:75 - [STDERR_REDIRECT] [Fatal Error] :1:1: Premature end of file.
2025-01-09 15:20:46,652 [ERROR] LogOutputStream:75 - [STDERR_REDIRECT] 
2025-01-09 15:20:47,660 [ERROR] LogOutputStream:75 - [STDERR_REDIRECT] [Fatal Error] :1:1: Premature end of file.
2025-01-09 15:20:47,660 [ERROR] LogOutputStream:75 - [STDERR_REDIRECT] 
2025-01-09 15:20:48,659 [ERROR] LogOutputStream:75 - [STDERR_REDIRECT] [Fatal Error] :1:1: Premature end of file.
2025-01-09 15:20:48,659 [ERROR] LogOutputStream:75 - [STDERR_REDIRECT] 
2025-01-09 15:20:49,646 [ERROR] LogOutputStream:75 - [STDERR_REDIRECT] [Fatal Error] :1:1: Premature end of file.
2025-01-09 15:20:49,646 [ERROR] LogOutputStream:75 - [STDERR_REDIRECT] 
2025-01-09 15:20:50,653 [ERROR] LogOutputStream:75 - [STDERR_REDIRECT] [Fatal Error] :1:1: Premature end of file.
2025-01-09 15:20:50,653 [ERROR] LogOutputStream:75 - [STDERR_REDIRECT] 
2025-01-09 15:20:51,654 [ERROR] LogOutputStream:75 - [STDERR_REDIRECT] [Fatal Error] :1:1: Premature end of file.
2025-01-09 15:20:51,654 [ERROR] LogOutputStream:75 - [STDERR_REDIRECT] 
2025-01-09 15:20:52,648 [ERROR] LogOutputStream:75 - [STDERR_REDIRECT] [Fatal Error] :1:1: Premature end of file.
2025-01-09 15:20:52,648 [ERROR] LogOutputStream:75 - [STDERR_REDIRECT] 
2025-01-09 15:20:53,645 [ERROR] LogOutputStream:75 - [STDERR_REDIRECT] [Fatal Error] :1:1: Premature end of file.
2025-01-09 15:20:53,645 [ERROR] LogOutputStream:75 - [STDERR_REDIRECT] 
2025-01-09 15:20:54,647 [ERROR] LogOutputStream:75 - [STDERR_REDIRECT] [Fatal Error] :1:1: Premature end of file.
2025-01-09 15:20:54,647 [ERROR] LogOutputStream:75 - [STDERR_REDIRECT] 
2025-01-09 15:20:55,651 [ERROR] LogOutputStream:75 - [STDERR_REDIRECT] [Fatal Error] :1:1: Premature end of file.
2025-01-09 15:20:55,651 [ERROR] LogOutputStream:75 - [STDERR_REDIRECT] 
2025-01-09 15:20:56,665 [ERROR] LogOutputStream:75 - [STDERR_REDIRECT] [Fatal Error] :1:1: Premature end of file.
2025-01-09 15:20:56,665 [ERROR] LogOutputStream:75 - [STDERR_REDIRECT] 
2025-01-09 15:20:57,651 [ERROR] LogOutputStream:75 - [STDERR_REDIRECT] [Fatal Error] :1:1: Premature end of file.
2025-01-09 15:20:57,651 [ERROR] LogOutputStream:75 - [STDERR_REDIRECT] 
2025-01-09 15:20:58,640 [ERROR] LogOutputStream:75 - [STDERR_REDIRECT] [Fatal Error] :1:1: Premature end of file.
2025-01-09 15:20:58,640 [ERROR] LogOutputStream:75 - [STDERR_REDIRECT] 
2025-01-09 15:20:59,642 [ERROR] LogOutputStream:75 - [STDERR_REDIRECT] [Fatal Error] :1:1: Premature end of file.
2025-01-09 15:20:59,642 [ERROR] LogOutputStream:75 - [STDERR_REDIRECT] 
2025-01-09 15:21:00,648 [ERROR] LogOutputStream:75 - [STDERR_REDIRECT] [Fatal Error] :1:1: Premature end of file.
2025-01-09 15:21:00,648 [ERROR] LogOutputStream:75 - [STDERR_REDIRECT] 
2025-01-09 15:21:01,650 [ERROR] LogOutputStream:75 - [STDERR_REDIRECT] [Fatal Error] :1:1: Premature end of file.
2025-01-09 15:21:01,650 [ERROR] LogOutputStream:75 - [STDERR_REDIRECT] 
2025-01-09 15:21:02,645 [ERROR] LogOutputStream:75 - [STDERR_REDIRECT] [Fatal Error] :1:1: Premature end of file.
2025-01-09 15:21:02,646 [ERROR] LogOutputStream:75 - [STDERR_REDIRECT] 
2025-01-09 15:21:03,653 [ERROR] LogOutputStream:75 - [STDERR_REDIRECT] [Fatal Error] :1:1: Premature end of file.
2025-01-09 15:21:03,653 [ERROR] LogOutputStream:75 - [STDERR_REDIRECT] 
2025-01-09 15:21:04,649 [ERROR] LogOutputStream:75 - [STDERR_REDIRECT] [Fatal Error] :1:1: Premature end of file.
2025-01-09 15:21:04,650 [ERROR] LogOutputStream:75 - [STDERR_REDIRECT] 
2025-01-09 15:21:05,651 [ERROR] LogOutputStream:75 - [STDERR_REDIRECT] [Fatal Error] :1:1: Premature end of file.
2025-01-09 15:21:05,651 [ERROR] LogOutputStream:75 - [STDERR_REDIRECT] 
2025-01-09 15:21:06,644 [ERROR] LogOutputStream:75 - [STDERR_REDIRECT] [Fatal Error] :1:1: Premature end of file.
2025-01-09 15:21:06,644 [ERROR] LogOutputStream:75 - [STDERR_REDIRECT] 
2025-01-09 15:21:07,649 [ERROR] LogOutputStream:75 - [STDERR_REDIRECT] [Fatal Error] :1:1: Premature end of file.
2025-01-09 15:21:07,649 [ERROR] LogOutputStream:75 - [STDERR_REDIRECT] 
2025-01-09 15:21:08,642 [ERROR] LogOutputStream:75 - [STDERR_REDIRECT] [Fatal Error] :1:1: Premature end of file.
2025-01-09 15:21:08,642 [ERROR] LogOutputStream:75 - [STDERR_REDIRECT] 
2025-01-09 15:21:09,657 [ERROR] LogOutputStream:75 - [STDERR_REDIRECT] [Fatal Error] :1:1: Premature end of file.
2025-01-09 15:21:09,657 [ERROR] LogOutputStream:75 - [STDERR_REDIRECT] 
2025-01-09 15:21:10,652 [ERROR] LogOutputStream:75 - [STDERR_REDIRECT] [Fatal Error] :1:1: Premature end of file.
2025-01-09 15:21:10,652 [ERROR] LogOutputStream:75 - [STDERR_REDIRECT] 
2025-01-09 15:21:11,654 [ERROR] LogOutputStream:75 - [STDERR_REDIRECT] [Fatal Error] :1:1: Premature end of file.
2025-01-09 15:21:11,654 [ERROR] LogOutputStream:75 - [STDERR_REDIRECT] 
2025-01-09 15:21:12,653 [ERROR] LogOutputStream:75 - [STDERR_REDIRECT] [Fatal Error] :1:1: Premature end of file.
2025-01-09 15:21:12,653 [ERROR] LogOutputStream:75 - [STDERR_REDIRECT] 
2025-01-09 15:21:13,652 [ERROR] LogOutputStream:75 - [STDERR_REDIRECT] [Fatal Error] :1:1: Premature end of file.
2025-01-09 15:21:13,652 [ERROR] LogOutputStream:75 - [STDERR_REDIRECT] 
2025-01-09 15:21:14,651 [ERROR] LogOutputStream:75 - [STDERR_REDIRECT] [Fatal Error] :1:1: Premature end of file.
2025-01-09 15:21:14,651 [ERROR] LogOutputStream:75 - [STDERR_REDIRECT] 
2025-01-09 15:21:15,645 [ERROR] LogOutputStream:75 - [STDERR_REDIRECT] [Fatal Error] :1:1: Premature end of file.
2025-01-09 15:21:15,645 [ERROR] LogOutputStream:75 - [STDERR_REDIRECT] 
2025-01-09 15:21:16,650 [ERROR] LogOutputStream:75 - [STDERR_REDIRECT] [Fatal Error] :1:1: Premature end of file.
2025-01-09 15:21:16,650 [ERROR] LogOutputStream:75 - [STDERR_REDIRECT] 
2025-01-09 15:21:17,649 [ERROR] LogOutputStream:75 - [STDERR_REDIRECT] [Fatal Error] :1:1: Premature end of file.
2025-01-09 15:21:17,649 [ERROR] LogOutputStream:75 - [STDERR_REDIRECT] 
2025-01-09 15:21:18,649 [ERROR] LogOutputStream:75 - [STDERR_REDIRECT] [Fatal Error] :1:1: Premature end of file.
2025-01-09 15:21:18,649 [ERROR] LogOutputStream:75 - [STDERR_REDIRECT] 
2025-01-09 15:21:19,646 [ERROR] LogOutputStream:75 - [STDERR_REDIRECT] [Fatal Error] :1:1: Premature end of file.
2025-01-09 15:21:19,646 [ERROR] LogOutputStream:75 - [STDERR_REDIRECT] 
2025-01-09 15:21:20,643 [ERROR] LogOutputStream:75 - [STDERR_REDIRECT] [Fatal Error] :1:1: Premature end of file.
2025-01-09 15:21:20,643 [ERROR] LogOutputStream:75 - [STDERR_REDIRECT] 
2025-01-09 15:21:21,641 [ERROR] LogOutputStream:75 - [STDERR_REDIRECT] [Fatal Error] :1:1: Premature end of file.
2025-01-09 15:21:21,641 [ERROR] LogOutputStream:75 - [STDERR_REDIRECT] 
2025-01-09 15:21:22,653 [ERROR] LogOutputStream:75 - [STDERR_REDIRECT] [Fatal Error] :1:1: Premature end of file.
2025-01-09 15:21:22,653 [ERROR] LogOutputStream:75 - [STDERR_REDIRECT] 
2025-01-09 15:21:23,641 [ERROR] LogOutputStream:75 - [STDERR_REDIRECT] [Fatal Error] :1:1: Premature end of file.
2025-01-09 15:21:23,641 [ERROR] LogOutputStream:75 - [STDERR_REDIRECT] 
2025-01-09 15:21:24,642 [ERROR] LogOutputStream:75 - [STDERR_REDIRECT] [Fatal Error] :1:1: Premature end of file.
2025-01-09 15:21:24,642 [ERROR] LogOutputStream:75 - [STDERR_REDIRECT] 
2025-01-09 15:21:25,652 [ERROR] LogOutputStream:75 - [STDERR_REDIRECT] [Fatal Error] :1:1: Premature end of file.
2025-01-09 15:21:25,652 [ERROR] LogOutputStream:75 - [STDERR_REDIRECT] 
2025-01-09 15:21:26,646 [ERROR] LogOutputStream:75 - [STDERR_REDIRECT] [Fatal Error] :1:1: Premature end of file.
2025-01-09 15:21:26,646 [ERROR] LogOutputStream:75 - [STDERR_REDIRECT] 
2025-01-09 15:21:27,653 [ERROR] LogOutputStream:75 - [STDERR_REDIRECT] [Fatal Error] :1:1: Premature end of file.
2025-01-09 15:21:27,653 [ERROR] LogOutputStream:75 - [STDERR_REDIRECT] 
2025-01-09 15:21:28,649 [ERROR] LogOutputStream:75 - [STDERR_REDIRECT] [Fatal Error] :1:1: Premature end of file.
2025-01-09 15:21:28,649 [ERROR] LogOutputStream:75 - [STDERR_REDIRECT] 
2025-01-09 15:21:29,649 [ERROR] LogOutputStream:75 - [STDERR_REDIRECT] [Fatal Error] :1:1: Premature end of file.
2025-01-09 15:21:29,649 [ERROR] LogOutputStream:75 - [STDERR_REDIRECT] 
2025-01-09 15:21:30,653 [ERROR] LogOutputStream:75 - [STDERR_REDIRECT] [Fatal Error] :1:1: Premature end of file.
2025-01-09 15:21:30,653 [ERROR] LogOutputStream:75 - [STDERR_REDIRECT] 
2025-01-09 15:21:31,651 [ERROR] LogOutputStream:75 - [STDERR_REDIRECT] [Fatal Error] :1:1: Premature end of file.
2025-01-09 15:21:31,651 [ERROR] LogOutputStream:75 - [STDERR_REDIRECT] 
2025-01-09 15:21:32,646 [ERROR] LogOutputStream:75 - [STDERR_REDIRECT] [Fatal Error] :1:1: Premature end of file.
2025-01-09 15:21:32,646 [ERROR] LogOutputStream:75 - [STDERR_REDIRECT] 
2025-01-09 15:21:33,656 [ERROR] LogOutputStream:75 - [STDERR_REDIRECT] [Fatal Error] :1:1: Premature end of file.
2025-01-09 15:21:33,656 [ERROR] LogOutputStream:75 - [STDERR_REDIRECT] 
2025-01-09 15:21:34,649 [ERROR] LogOutputStream:75 - [STDERR_REDIRECT] [Fatal Error] :1:1: Premature end of file.
2025-01-09 15:21:34,649 [ERROR] LogOutputStream:75 - [STDERR_REDIRECT] 
2025-01-09 15:21:35,647 [ERROR] LogOutputStream:75 - [STDERR_REDIRECT] [Fatal Error] :1:1: Premature end of file.
2025-01-09 15:21:35,647 [ERROR] LogOutputStream:75 - [STDERR_REDIRECT] 
2025-01-09 15:21:36,647 [ERROR] LogOutputStream:75 - [STDERR_REDIRECT] [Fatal Error] :1:1: Premature end of file.
2025-01-09 15:21:36,647 [ERROR] LogOutputStream:75 - [STDERR_REDIRECT] 
2025-01-09 15:21:37,647 [ERROR] LogOutputStream:75 - [STDERR_REDIRECT] [Fatal Error] :1:1: Premature end of file.
2025-01-09 15:21:37,647 [ERROR] LogOutputStream:75 - [STDERR_REDIRECT] 
2025-01-09 15:21:38,650 [ERROR] LogOutputStream:75 - [STDERR_REDIRECT] [Fatal Error] :1:1: Premature end of file.
2025-01-09 15:21:38,650 [ERROR] LogOutputStream:75 - [STDERR_REDIRECT] 
2025-01-09 15:21:39,657 [ERROR] LogOutputStream:75 - [STDERR_REDIRECT] [Fatal Error] :1:1: Premature end of file.
2025-01-09 15:21:39,657 [ERROR] LogOutputStream:75 - [STDERR_REDIRECT] 
2025-01-09 15:21:40,649 [ERROR] LogOutputStream:75 - [STDERR_REDIRECT] [Fatal Error] :1:1: Premature end of file.
2025-01-09 15:21:40,649 [ERROR] LogOutputStream:75 - [STDERR_REDIRECT] 
2025-01-09 15:21:41,648 [ERROR] LogOutputStream:75 - [STDERR_REDIRECT] [Fatal Error] :1:1: Premature end of file.
2025-01-09 15:21:41,649 [ERROR] LogOutputStream:75 - [STDERR_REDIRECT] 
2025-01-09 15:21:42,646 [ERROR] LogOutputStream:75 - [STDERR_REDIRECT] [Fatal Error] :1:1: Premature end of file.
2025-01-09 15:21:42,646 [ERROR] LogOutputStream:75 - [STDERR_REDIRECT] 
2025-01-09 15:21:43,648 [ERROR] LogOutputStream:75 - [STDERR_REDIRECT] [Fatal Error] :1:1: Premature end of file.
2025-01-09 15:21:43,648 [ERROR] LogOutputStream:75 - [STDERR_REDIRECT] 
2025-01-09 15:21:44,649 [ERROR] LogOutputStream:75 - [STDERR_REDIRECT] [Fatal Error] :1:1: Premature end of file.
2025-01-09 15:21:44,649 [ERROR] LogOutputStream:75 - [STDERR_REDIRECT] 
2025-01-09 15:21:45,657 [ERROR] LogOutputStream:75 - [STDERR_REDIRECT] [Fatal Error] :1:1: Premature end of file.
2025-01-09 15:21:45,657 [ERROR] LogOutputStream:75 - [STDERR_REDIRECT] 
2025-01-09 15:21:46,655 [ERROR] LogOutputStream:75 - [STDERR_REDIRECT] [Fatal Error] :1:1: Premature end of file.
2025-01-09 15:21:46,655 [ERROR] LogOutputStream:75 - [STDERR_REDIRECT] 
2025-01-09 15:21:47,656 [ERROR] LogOutputStream:75 - [STDERR_REDIRECT] [Fatal Error] :1:1: Premature end of file.
2025-01-09 15:21:47,656 [ERROR] LogOutputStream:75 - [STDERR_REDIRECT] 
2025-01-09 15:21:48,653 [ERROR] LogOutputStream:75 - [STDERR_REDIRECT] [Fatal Error] :1:1: Premature end of file.
2025-01-09 15:21:48,653 [ERROR] LogOutputStream:75 - [STDERR_REDIRECT] 
2025-01-09 15:21:49,654 [ERROR] LogOutputStream:75 - [STDERR_REDIRECT] [Fatal Error] :1:1: Premature end of file.
2025-01-09 15:21:49,654 [ERROR] LogOutputStream:75 - [STDERR_REDIRECT] 
2025-01-09 15:21:50,643 [ERROR] LogOutputStream:75 - [STDERR_REDIRECT] [Fatal Error] :1:1: Premature end of file.
2025-01-09 15:21:50,643 [ERROR] LogOutputStream:75 - [STDERR_REDIRECT] 
2025-01-09 15:21:51,655 [ERROR] LogOutputStream:75 - [STDERR_REDIRECT] [Fatal Error] :1:1: Premature end of file.
2025-01-09 15:21:51,655 [ERROR] LogOutputStream:75 - [STDERR_REDIRECT] 
2025-01-09 15:21:52,654 [ERROR] LogOutputStream:75 - [STDERR_REDIRECT] [Fatal Error] :1:1: Premature end of file.
2025-01-09 15:21:52,654 [ERROR] LogOutputStream:75 - [STDERR_REDIRECT] 
2025-01-09 15:21:53,651 [ERROR] LogOutputStream:75 - [STDERR_REDIRECT] [Fatal Error] :1:1: Premature end of file.
2025-01-09 15:21:53,651 [ERROR] LogOutputStream:75 - [STDERR_REDIRECT] 
2025-01-09 15:21:54,649 [ERROR] LogOutputStream:75 - [STDERR_REDIRECT] [Fatal Error] :1:1: Premature end of file.
2025-01-09 15:21:54,649 [ERROR] LogOutputStream:75 - [STDERR_REDIRECT] 
2025-01-09 15:21:55,657 [ERROR] LogOutputStream:75 - [STDERR_REDIRECT] [Fatal Error] :1:1: Premature end of file.
2025-01-09 15:21:55,657 [ERROR] LogOutputStream:75 - [STDERR_REDIRECT] 
2025-01-09 15:21:56,649 [ERROR] LogOutputStream:75 - [STDERR_REDIRECT] [Fatal Error] :1:1: Premature end of file.
2025-01-09 15:21:56,649 [ERROR] LogOutputStream:75 - [STDERR_REDIRECT] 
2025-01-09 15:21:57,655 [ERROR] LogOutputStream:75 - [STDERR_REDIRECT] [Fatal Error] :1:1: Premature end of file.
2025-01-09 15:21:57,655 [ERROR] LogOutputStream:75 - [STDERR_REDIRECT] 
2025-01-09 15:21:58,654 [ERROR] LogOutputStream:75 - [STDERR_REDIRECT] [Fatal Error] :1:1: Premature end of file.
2025-01-09 15:21:58,654 [ERROR] LogOutputStream:75 - [STDERR_REDIRECT] 
2025-01-09 15:21:59,655 [ERROR] LogOutputStream:75 - [STDERR_REDIRECT] [Fatal Error] :1:1: Premature end of file.
2025-01-09 15:21:59,655 [ERROR] LogOutputStream:75 - [STDERR_REDIRECT] 
2025-01-09 15:22:00,660 [ERROR] LogOutputStream:75 - [STDERR_REDIRECT] [Fatal Error] :1:1: Premature end of file.
2025-01-09 15:22:00,660 [ERROR] LogOutputStream:75 - [STDERR_REDIRECT] 
2025-01-09 15:22:01,646 [ERROR] LogOutputStream:75 - [STDERR_REDIRECT] [Fatal Error] :1:1: Premature end of file.
2025-01-09 15:22:01,646 [ERROR] LogOutputStream:75 - [STDERR_REDIRECT] 
2025-01-09 15:22:02,645 [ERROR] LogOutputStream:75 - [STDERR_REDIRECT] [Fatal Error] :1:1: Premature end of file.
2025-01-09 15:22:02,645 [ERROR] LogOutputStream:75 - [STDERR_REDIRECT] 
2025-01-09 15:22:03,649 [ERROR] LogOutputStream:75 - [STDERR_REDIRECT] [Fatal Error] :1:1: Premature end of file.
2025-01-09 15:22:03,649 [ERROR] LogOutputStream:75 - [STDERR_REDIRECT] 
2025-01-09 15:22:04,659 [ERROR] LogOutputStream:75 - [STDERR_REDIRECT] [Fatal Error] :1:1: Premature end of file.
2025-01-09 15:22:04,659 [ERROR] LogOutputStream:75 - [STDERR_REDIRECT] 
2025-01-09 15:22:05,648 [ERROR] LogOutputStream:75 - [STDERR_REDIRECT] [Fatal Error] :1:1: Premature end of file.
2025-01-09 15:22:05,648 [ERROR] LogOutputStream:75 - [STDERR_REDIRECT] 
2025-01-09 15:22:06,648 [ERROR] LogOutputStream:75 - [STDERR_REDIRECT] [Fatal Error] :1:1: Premature end of file.
2025-01-09 15:22:06,648 [ERROR] LogOutputStream:75 - [STDERR_REDIRECT] 
2025-01-09 15:22:07,656 [ERROR] LogOutputStream:75 - [STDERR_REDIRECT] [Fatal Error] :1:1: Premature end of file.
2025-01-09 15:22:07,656 [ERROR] LogOutputStream:75 - [STDERR_REDIRECT] 
2025-01-09 15:22:08,652 [ERROR] LogOutputStream:75 - [STDERR_REDIRECT] [Fatal Error] :1:1: Premature end of file.
2025-01-09 15:22:08,652 [ERROR] LogOutputStream:75 - [STDERR_REDIRECT] 
2025-01-09 15:22:09,664 [ERROR] LogOutputStream:75 - [STDERR_REDIRECT] [Fatal Error] :1:1: Premature end of file.
2025-01-09 15:22:09,664 [ERROR] LogOutputStream:75 - [STDERR_REDIRECT] 
2025-01-09 15:22:10,659 [ERROR] LogOutputStream:75 - [STDERR_REDIRECT] [Fatal Error] :1:1: Premature end of file.
2025-01-09 15:22:10,659 [ERROR] LogOutputStream:75 - [STDERR_REDIRECT] 
2025-01-09 15:22:11,648 [ERROR] LogOutputStream:75 - [STDERR_REDIRECT] [Fatal Error] :1:1: Premature end of file.
2025-01-09 15:22:11,648 [ERROR] LogOutputStream:75 - [STDERR_REDIRECT] 
2025-01-09 15:22:12,650 [ERROR] LogOutputStream:75 - [STDERR_REDIRECT] [Fatal Error] :1:1: Premature end of file.
2025-01-09 15:22:12,650 [ERROR] LogOutputStream:75 - [STDERR_REDIRECT] 
2025-01-09 15:22:13,647 [ERROR] LogOutputStream:75 - [STDERR_REDIRECT] [Fatal Error] :1:1: Premature end of file.
2025-01-09 15:22:13,647 [ERROR] LogOutputStream:75 - [STDERR_REDIRECT] 
2025-01-09 15:22:14,649 [ERROR] LogOutputStream:75 - [STDERR_REDIRECT] [Fatal Error] :1:1: Premature end of file.
2025-01-09 15:22:14,650 [ERROR] LogOutputStream:75 - [STDERR_REDIRECT] 
2025-01-09 15:22:15,642 [ERROR] LogOutputStream:75 - [STDERR_REDIRECT] [Fatal Error] :1:1: Premature end of file.
2025-01-09 15:22:15,642 [ERROR] LogOutputStream:75 - [STDERR_REDIRECT] 
2025-01-09 15:22:16,650 [ERROR] LogOutputStream:75 - [STDERR_REDIRECT] [Fatal Error] :1:1: Premature end of file.
2025-01-09 15:22:16,650 [ERROR] LogOutputStream:75 - [STDERR_REDIRECT] 
2025-01-09 15:22:17,654 [ERROR] LogOutputStream:75 - [STDERR_REDIRECT] [Fatal Error] :1:1: Premature end of file.
2025-01-09 15:22:17,654 [ERROR] LogOutputStream:75 - [STDERR_REDIRECT] 
2025-01-09 15:22:18,647 [ERROR] LogOutputStream:75 - [STDERR_REDIRECT] [Fatal Error] :1:1: Premature end of file.
2025-01-09 15:22:18,647 [ERROR] LogOutputStream:75 - [STDERR_REDIRECT] 
2025-01-09 15:22:19,648 [ERROR] LogOutputStream:75 - [STDERR_REDIRECT] [Fatal Error] :1:1: Premature end of file.
2025-01-09 15:22:19,648 [ERROR] LogOutputStream:75 - [STDERR_REDIRECT] 
2025-01-09 15:22:20,652 [ERROR] LogOutputStream:75 - [STDERR_REDIRECT] [Fatal Error] :1:1: Premature end of file.
2025-01-09 15:22:20,652 [ERROR] LogOutputStream:75 - [STDERR_REDIRECT] 
2025-01-09 15:22:21,643 [ERROR] LogOutputStream:75 - [STDERR_REDIRECT] [Fatal Error] :1:1: Premature end of file.
2025-01-09 15:22:21,643 [ERROR] LogOutputStream:75 - [STDERR_REDIRECT] 
2025-01-09 15:22:22,649 [ERROR] LogOutputStream:75 - [STDERR_REDIRECT] [Fatal Error] :1:1: Premature end of file.
2025-01-09 15:22:22,649 [ERROR] LogOutputStream:75 - [STDERR_REDIRECT] 
2025-01-09 15:22:23,651 [ERROR] LogOutputStream:75 - [STDERR_REDIRECT] [Fatal Error] :1:1: Premature end of file.
2025-01-09 15:22:23,651 [ERROR] LogOutputStream:75 - [STDERR_REDIRECT] 
2025-01-09 15:22:24,647 [ERROR] LogOutputStream:75 - [STDERR_REDIRECT] [Fatal Error] :1:1: Premature end of file.
2025-01-09 15:22:24,647 [ERROR] LogOutputStream:75 - [STDERR_REDIRECT] 
2025-01-09 15:22:25,641 [ERROR] LogOutputStream:75 - [STDERR_REDIRECT] [Fatal Error] :1:1: Premature end of file.
2025-01-09 15:22:25,641 [ERROR] LogOutputStream:75 - [STDERR_REDIRECT] 
2025-01-09 15:22:26,654 [ERROR] LogOutputStream:75 - [STDERR_REDIRECT] [Fatal Error] :1:1: Premature end of file.
2025-01-09 15:22:26,654 [ERROR] LogOutputStream:75 - [STDERR_REDIRECT] 
2025-01-09 15:22:27,655 [ERROR] LogOutputStream:75 - [STDERR_REDIRECT] [Fatal Error] :1:1: Premature end of file.
2025-01-09 15:22:27,661 [ERROR] LogOutputStream:75 - [STDERR_REDIRECT] 
2025-01-09 15:22:28,652 [ERROR] LogOutputStream:75 - [STDERR_REDIRECT] [Fatal Error] :1:1: Premature end of file.
2025-01-09 15:22:28,652 [ERROR] LogOutputStream:75 - [STDERR_REDIRECT] 
2025-01-09 15:22:29,649 [ERROR] LogOutputStream:75 - [STDERR_REDIRECT] [Fatal Error] :1:1: Premature end of file.
2025-01-09 15:22:29,649 [ERROR] LogOutputStream:75 - [STDERR_REDIRECT] 
2025-01-09 15:22:30,655 [ERROR] LogOutputStream:75 - [STDERR_REDIRECT] [Fatal Error] :1:1: Premature end of file.
2025-01-09 15:22:30,655 [ERROR] LogOutputStream:75 - [STDERR_REDIRECT] 
2025-01-09 15:22:31,647 [ERROR] LogOutputStream:75 - [STDERR_REDIRECT] [Fatal Error] :1:1: Premature end of file.
2025-01-09 15:22:31,647 [ERROR] LogOutputStream:75 - [STDERR_REDIRECT] 
2025-01-09 15:22:32,645 [ERROR] LogOutputStream:75 - [STDERR_REDIRECT] [Fatal Error] :1:1: Premature end of file.
2025-01-09 15:22:32,645 [ERROR] LogOutputStream:75 - [STDERR_REDIRECT] 
2025-01-09 15:22:33,654 [ERROR] LogOutputStream:75 - [STDERR_REDIRECT] [Fatal Error] :1:1: Premature end of file.
2025-01-09 15:22:33,654 [ERROR] LogOutputStream:75 - [STDERR_REDIRECT] 
2025-01-09 15:22:34,646 [ERROR] LogOutputStream:75 - [STDERR_REDIRECT] [Fatal Error] :1:1: Premature end of file.
2025-01-09 15:22:34,646 [ERROR] LogOutputStream:75 - [STDERR_REDIRECT] 
2025-01-09 15:22:35,645 [ERROR] LogOutputStream:75 - [STDERR_REDIRECT] [Fatal Error] :1:1: Premature end of file.
2025-01-09 15:22:35,645 [ERROR] LogOutputStream:75 - [STDERR_REDIRECT] 
2025-01-09 15:22:36,656 [ERROR] LogOutputStream:75 - [STDERR_REDIRECT] [Fatal Error] :1:1: Premature end of file.
2025-01-09 15:22:36,656 [ERROR] LogOutputStream:75 - [STDERR_REDIRECT] 
2025-01-09 15:22:37,643 [ERROR] LogOutputStream:75 - [STDERR_REDIRECT] [Fatal Error] :1:1: Premature end of file.
2025-01-09 15:22:37,643 [ERROR] LogOutputStream:75 - [STDERR_REDIRECT] 
2025-01-09 15:22:38,641 [ERROR] LogOutputStream:75 - [STDERR_REDIRECT] [Fatal Error] :1:1: Premature end of file.
2025-01-09 15:22:38,641 [ERROR] LogOutputStream:75 - [STDERR_REDIRECT] 
2025-01-09 15:22:39,645 [ERROR] LogOutputStream:75 - [STDERR_REDIRECT] [Fatal Error] :1:1: Premature end of file.
2025-01-09 15:22:39,645 [ERROR] LogOutputStream:75 - [STDERR_REDIRECT] 
2025-01-09 15:22:40,653 [ERROR] LogOutputStream:75 - [STDERR_REDIRECT] [Fatal Error] :1:1: Premature end of file.
2025-01-09 15:22:40,653 [ERROR] LogOutputStream:75 - [STDERR_REDIRECT] 
2025-01-09 15:22:41,659 [ERROR] LogOutputStream:75 - [STDERR_REDIRECT] [Fatal Error] :1:1: Premature end of file.
2025-01-09 15:22:41,659 [ERROR] LogOutputStream:75 - [STDERR_REDIRECT] 
2025-01-09 15:22:42,653 [ERROR] LogOutputStream:75 - [STDERR_REDIRECT] [Fatal Error] :1:1: Premature end of file.
2025-01-09 15:22:42,654 [ERROR] LogOutputStream:75 - [STDERR_REDIRECT] 
2025-01-09 15:22:43,651 [ERROR] LogOutputStream:75 - [STDERR_REDIRECT] [Fatal Error] :1:1: Premature end of file.
2025-01-09 15:22:43,651 [ERROR] LogOutputStream:75 - [STDERR_REDIRECT] 
2025-01-09 15:22:44,653 [ERROR] LogOutputStream:75 - [STDERR_REDIRECT] [Fatal Error] :1:1: Premature end of file.
2025-01-09 15:22:44,654 [ERROR] LogOutputStream:75 - [STDERR_REDIRECT] 
2025-01-09 15:22:45,642 [ERROR] LogOutputStream:75 - [STDERR_REDIRECT] [Fatal Error] :1:1: Premature end of file.
2025-01-09 15:22:45,642 [ERROR] LogOutputStream:75 - [STDERR_REDIRECT] 
2025-01-09 15:22:46,645 [ERROR] LogOutputStream:75 - [STDERR_REDIRECT] [Fatal Error] :1:1: Premature end of file.
2025-01-09 15:22:46,645 [ERROR] LogOutputStream:75 - [STDERR_REDIRECT] 
2025-01-09 15:22:47,647 [ERROR] LogOutputStream:75 - [STDERR_REDIRECT] [Fatal Error] :1:1: Premature end of file.
2025-01-09 15:22:47,647 [ERROR] LogOutputStream:75 - [STDERR_REDIRECT] 
2025-01-09 15:22:48,655 [ERROR] LogOutputStream:75 - [STDERR_REDIRECT] [Fatal Error] :1:1: Premature end of file.
2025-01-09 15:22:48,655 [ERROR] LogOutputStream:75 - [STDERR_REDIRECT] 
2025-01-09 15:22:49,659 [ERROR] LogOutputStream:75 - [STDERR_REDIRECT] [Fatal Error] :1:1: Premature end of file.
2025-01-09 15:22:49,659 [ERROR] LogOutputStream:75 - [STDERR_REDIRECT] 
2025-01-09 15:22:50,646 [ERROR] LogOutputStream:75 - [STDERR_REDIRECT] [Fatal Error] :1:1: Premature end of file.
2025-01-09 15:22:50,646 [ERROR] LogOutputStream:75 - [STDERR_REDIRECT] 
2025-01-09 15:22:51,652 [ERROR] LogOutputStream:75 - [STDERR_REDIRECT] [Fatal Error] :1:1: Premature end of file.
2025-01-09 15:22:51,652 [ERROR] LogOutputStream:75 - [STDERR_REDIRECT] 
2025-01-09 15:22:52,644 [ERROR] LogOutputStream:75 - [STDERR_REDIRECT] [Fatal Error] :1:1: Premature end of file.
2025-01-09 15:22:52,644 [ERROR] LogOutputStream:75 - [STDERR_REDIRECT] 
2025-01-09 15:22:53,657 [ERROR] LogOutputStream:75 - [STDERR_REDIRECT] [Fatal Error] :1:1: Premature end of file.
2025-01-09 15:22:53,657 [ERROR] LogOutputStream:75 - [STDERR_REDIRECT] 
2025-01-09 15:22:54,648 [ERROR] LogOutputStream:75 - [STDERR_REDIRECT] [Fatal Error] :1:1: Premature end of file.
2025-01-09 15:22:54,648 [ERROR] LogOutputStream:75 - [STDERR_REDIRECT] 
2025-01-09 15:22:55,648 [ERROR] LogOutputStream:75 - [STDERR_REDIRECT] [Fatal Error] :1:1: Premature end of file.
2025-01-09 15:22:55,654 [ERROR] LogOutputStream:75 - [STDERR_REDIRECT] 
2025-01-09 15:22:56,650 [ERROR] LogOutputStream:75 - [STDERR_REDIRECT] [Fatal Error] :1:1: Premature end of file.
2025-01-09 15:22:56,650 [ERROR] LogOutputStream:75 - [STDERR_REDIRECT] 
2025-01-09 15:22:57,642 [ERROR] LogOutputStream:75 - [STDERR_REDIRECT] [Fatal Error] :1:1: Premature end of file.
2025-01-09 15:22:57,642 [ERROR] LogOutputStream:75 - [STDERR_REDIRECT] 
2025-01-09 15:22:58,641 [ERROR] LogOutputStream:75 - [STDERR_REDIRECT] [Fatal Error] :1:1: Premature end of file.
2025-01-09 15:22:58,641 [ERROR] LogOutputStream:75 - [STDERR_REDIRECT] 
2025-01-09 15:22:59,649 [ERROR] LogOutputStream:75 - [STDERR_REDIRECT] [Fatal Error] :1:1: Premature end of file.
2025-01-09 15:22:59,649 [ERROR] LogOutputStream:75 - [STDERR_REDIRECT] 
2025-01-09 15:23:00,642 [ERROR] LogOutputStream:75 - [STDERR_REDIRECT] [Fatal Error] :1:1: Premature end of file.
2025-01-09 15:23:00,642 [ERROR] LogOutputStream:75 - [STDERR_REDIRECT] 
2025-01-09 15:23:01,649 [ERROR] LogOutputStream:75 - [STDERR_REDIRECT] [Fatal Error] :1:1: Premature end of file.
2025-01-09 15:23:01,649 [ERROR] LogOutputStream:75 - [STDERR_REDIRECT] 
2025-01-09 15:23:02,662 [ERROR] LogOutputStream:75 - [STDERR_REDIRECT] [Fatal Error] :1:1: Premature end of file.
2025-01-09 15:23:02,662 [ERROR] LogOutputStream:75 - [STDERR_REDIRECT] 
2025-01-09 15:23:03,659 [ERROR] LogOutputStream:75 - [STDERR_REDIRECT] [Fatal Error] :1:1: Premature end of file.
2025-01-09 15:23:03,659 [ERROR] LogOutputStream:75 - [STDERR_REDIRECT] 
2025-01-09 15:23:04,650 [ERROR] LogOutputStream:75 - [STDERR_REDIRECT] [Fatal Error] :1:1: Premature end of file.
2025-01-09 15:23:04,650 [ERROR] LogOutputStream:75 - [STDERR_REDIRECT] 
2025-01-09 15:23:05,656 [ERROR] LogOutputStream:75 - [STDERR_REDIRECT] [Fatal Error] :1:1: Premature end of file.
2025-01-09 15:23:05,656 [ERROR] LogOutputStream:75 - [STDERR_REDIRECT] 
2025-01-09 15:23:06,648 [ERROR] LogOutputStream:75 - [STDERR_REDIRECT] [Fatal Error] :1:1: Premature end of file.
2025-01-09 15:23:06,648 [ERROR] LogOutputStream:75 - [STDERR_REDIRECT] 
2025-01-09 15:23:07,642 [ERROR] LogOutputStream:75 - [STDERR_REDIRECT] [Fatal Error] :1:1: Premature end of file.
2025-01-09 15:23:07,642 [ERROR] LogOutputStream:75 - [STDERR_REDIRECT] 
2025-01-09 15:23:08,656 [ERROR] LogOutputStream:75 - [STDERR_REDIRECT] [Fatal Error] :1:1: Premature end of file.
2025-01-09 15:23:08,656 [ERROR] LogOutputStream:75 - [STDERR_REDIRECT] 
2025-01-09 15:23:09,656 [ERROR] LogOutputStream:75 - [STDERR_REDIRECT] [Fatal Error] :1:1: Premature end of file.
2025-01-09 15:23:09,656 [ERROR] LogOutputStream:75 - [STDERR_REDIRECT] 
2025-01-09 15:23:10,644 [ERROR] LogOutputStream:75 - [STDERR_REDIRECT] [Fatal Error] :1:1: Premature end of file.
2025-01-09 15:23:10,644 [ERROR] LogOutputStream:75 - [STDERR_REDIRECT] 
2025-01-09 15:23:11,652 [ERROR] LogOutputStream:75 - [STDERR_REDIRECT] [Fatal Error] :1:1: Premature end of file.
2025-01-09 15:23:11,652 [ERROR] LogOutputStream:75 - [STDERR_REDIRECT] 
2025-01-09 15:23:12,653 [ERROR] LogOutputStream:75 - [STDERR_REDIRECT] [Fatal Error] :1:1: Premature end of file.
2025-01-09 15:23:12,653 [ERROR] LogOutputStream:75 - [STDERR_REDIRECT] 
2025-01-09 15:23:13,647 [ERROR] LogOutputStream:75 - [STDERR_REDIRECT] [Fatal Error] :1:1: Premature end of file.
2025-01-09 15:23:13,647 [ERROR] LogOutputStream:75 - [STDERR_REDIRECT] 
2025-01-09 15:23:14,645 [ERROR] LogOutputStream:75 - [STDERR_REDIRECT] [Fatal Error] :1:1: Premature end of file.
2025-01-09 15:23:14,645 [ERROR] LogOutputStream:75 - [STDERR_REDIRECT] 
2025-01-09 15:23:15,651 [ERROR] LogOutputStream:75 - [STDERR_REDIRECT] [Fatal Error] :1:1: Premature end of file.
2025-01-09 15:23:15,657 [ERROR] LogOutputStream:75 - [STDERR_REDIRECT] 
2025-01-09 15:23:16,640 [ERROR] LogOutputStream:75 - [STDERR_REDIRECT] [Fatal Error] :1:1: Premature end of file.
2025-01-09 15:23:16,640 [ERROR] LogOutputStream:75 - [STDERR_REDIRECT] 
2025-01-09 15:23:17,646 [ERROR] LogOutputStream:75 - [STDERR_REDIRECT] [Fatal Error] :1:1: Premature end of file.
2025-01-09 15:23:17,646 [ERROR] LogOutputStream:75 - [STDERR_REDIRECT] 
2025-01-09 15:23:18,647 [ERROR] LogOutputStream:75 - [STDERR_REDIRECT] [Fatal Error] :1:1: Premature end of file.
2025-01-09 15:23:18,647 [ERROR] LogOutputStream:75 - [STDERR_REDIRECT] 
2025-01-09 15:23:19,645 [ERROR] LogOutputStream:75 - [STDERR_REDIRECT] [Fatal Error] :1:1: Premature end of file.
2025-01-09 15:23:19,645 [ERROR] LogOutputStream:75 - [STDERR_REDIRECT] 
2025-01-09 15:23:20,645 [ERROR] LogOutputStream:75 - [STDERR_REDIRECT] [Fatal Error] :1:1: Premature end of file.
2025-01-09 15:23:20,645 [ERROR] LogOutputStream:75 - [STDERR_REDIRECT] 
2025-01-09 15:23:21,647 [ERROR] LogOutputStream:75 - [STDERR_REDIRECT] [Fatal Error] :1:1: Premature end of file.
2025-01-09 15:23:21,647 [ERROR] LogOutputStream:75 - [STDERR_REDIRECT] 
2025-01-09 15:23:22,655 [ERROR] LogOutputStream:75 - [STDERR_REDIRECT] [Fatal Error] :1:1: Premature end of file.
2025-01-09 15:23:22,655 [ERROR] LogOutputStream:75 - [STDERR_REDIRECT] 
2025-01-09 15:23:23,657 [ERROR] LogOutputStream:75 - [STDERR_REDIRECT] [Fatal Error] :1:1: Premature end of file.
2025-01-09 15:23:23,657 [ERROR] LogOutputStream:75 - [STDERR_REDIRECT] 
2025-01-09 15:23:24,653 [ERROR] LogOutputStream:75 - [STDERR_REDIRECT] [Fatal Error] :1:1: Premature end of file.
2025-01-09 15:23:24,653 [ERROR] LogOutputStream:75 - [STDERR_REDIRECT] 
2025-01-09 15:23:25,657 [ERROR] LogOutputStream:75 - [STDERR_REDIRECT] [Fatal Error] :1:1: Premature end of file.
2025-01-09 15:23:25,657 [ERROR] LogOutputStream:75 - [STDERR_REDIRECT] 
2025-01-09 15:23:26,656 [ERROR] LogOutputStream:75 - [STDERR_REDIRECT] [Fatal Error] :1:1: Premature end of file.
2025-01-09 15:23:26,656 [ERROR] LogOutputStream:75 - [STDERR_REDIRECT] 
2025-01-09 15:23:27,649 [ERROR] LogOutputStream:75 - [STDERR_REDIRECT] [Fatal Error] :1:1: Premature end of file.
2025-01-09 15:23:27,649 [ERROR] LogOutputStream:75 - [STDERR_REDIRECT] 
2025-01-09 15:23:28,658 [ERROR] LogOutputStream:75 - [STDERR_REDIRECT] [Fatal Error] :1:1: Premature end of file.
2025-01-09 15:23:28,658 [ERROR] LogOutputStream:75 - [STDERR_REDIRECT] 
2025-01-09 15:23:29,647 [ERROR] LogOutputStream:75 - [STDERR_REDIRECT] [Fatal Error] :1:1: Premature end of file.
2025-01-09 15:23:29,647 [ERROR] LogOutputStream:75 - [STDERR_REDIRECT] 
2025-01-09 15:23:30,654 [ERROR] LogOutputStream:75 - [STDERR_REDIRECT] [Fatal Error] :1:1: Premature end of file.
2025-01-09 15:23:30,654 [ERROR] LogOutputStream:75 - [STDERR_REDIRECT] 
2025-01-09 15:23:31,664 [ERROR] LogOutputStream:75 - [STDERR_REDIRECT] [Fatal Error] :1:1: Premature end of file.
2025-01-09 15:23:31,664 [ERROR] LogOutputStream:75 - [STDERR_REDIRECT] 
2025-01-09 15:23:32,649 [ERROR] LogOutputStream:75 - [STDERR_REDIRECT] [Fatal Error] :1:1: Premature end of file.
2025-01-09 15:23:32,650 [ERROR] LogOutputStream:75 - [STDERR_REDIRECT] 
2025-01-09 15:23:33,654 [ERROR] LogOutputStream:75 - [STDERR_REDIRECT] [Fatal Error] :1:1: Premature end of file.
2025-01-09 15:23:33,654 [ERROR] LogOutputStream:75 - [STDERR_REDIRECT] 
2025-01-09 15:23:34,662 [ERROR] LogOutputStream:75 - [STDERR_REDIRECT] [Fatal Error] :1:1: Premature end of file.
2025-01-09 15:23:34,662 [ERROR] LogOutputStream:75 - [STDERR_REDIRECT] 
2025-01-09 15:23:35,661 [ERROR] LogOutputStream:75 - [STDERR_REDIRECT] [Fatal Error] :1:1: Premature end of file.
2025-01-09 15:23:35,661 [ERROR] LogOutputStream:75 - [STDERR_REDIRECT] 
2025-01-09 15:23:36,649 [ERROR] LogOutputStream:75 - [STDERR_REDIRECT] [Fatal Error] :1:1: Premature end of file.
2025-01-09 15:23:36,649 [ERROR] LogOutputStream:75 - [STDERR_REDIRECT] 
2025-01-09 15:23:37,658 [ERROR] LogOutputStream:75 - [STDERR_REDIRECT] [Fatal Error] :1:1: Premature end of file.
2025-01-09 15:23:37,658 [ERROR] LogOutputStream:75 - [STDERR_REDIRECT] 
2025-01-09 15:23:38,644 [ERROR] LogOutputStream:75 - [STDERR_REDIRECT] [Fatal Error] :1:1: Premature end of file.
2025-01-09 15:23:38,644 [ERROR] LogOutputStream:75 - [STDERR_REDIRECT] 
2025-01-09 15:23:39,650 [ERROR] LogOutputStream:75 - [STDERR_REDIRECT] [Fatal Error] :1:1: Premature end of file.
2025-01-09 15:23:39,650 [ERROR] LogOutputStream:75 - [STDERR_REDIRECT] 
2025-01-09 15:23:40,665 [ERROR] LogOutputStream:75 - [STDERR_REDIRECT] [Fatal Error] :1:1: Premature end of file.
2025-01-09 15:23:40,665 [ERROR] LogOutputStream:75 - [STDERR_REDIRECT] 
2025-01-09 15:23:41,637 [ERROR] LogOutputStream:75 - [STDERR_REDIRECT] [Fatal Error] :1:1: Premature end of file.
2025-01-09 15:23:41,637 [ERROR] LogOutputStream:75 - [STDERR_REDIRECT] 
2025-01-09 15:23:42,654 [ERROR] LogOutputStream:75 - [STDERR_REDIRECT] [Fatal Error] :1:1: Premature end of file.
2025-01-09 15:23:42,654 [ERROR] LogOutputStream:75 - [STDERR_REDIRECT] 
2025-01-09 15:23:43,656 [ERROR] LogOutputStream:75 - [STDERR_REDIRECT] [Fatal Error] :1:1: Premature end of file.
2025-01-09 15:23:43,656 [ERROR] LogOutputStream:75 - [STDERR_REDIRECT] 
2025-01-09 15:23:44,649 [ERROR] LogOutputStream:75 - [STDERR_REDIRECT] [Fatal Error] :1:1: Premature end of file.
2025-01-09 15:23:44,649 [ERROR] LogOutputStream:75 - [STDERR_REDIRECT] 
2025-01-09 15:23:45,649 [ERROR] LogOutputStream:75 - [STDERR_REDIRECT] [Fatal Error] :1:1: Premature end of file.
2025-01-09 15:23:45,649 [ERROR] LogOutputStream:75 - [STDERR_REDIRECT] 
2025-01-09 15:23:46,649 [ERROR] LogOutputStream:75 - [STDERR_REDIRECT] [Fatal Error] :1:1: Premature end of file.
2025-01-09 15:23:46,649 [ERROR] LogOutputStream:75 - [STDERR_REDIRECT] 
2025-01-09 15:23:47,649 [ERROR] LogOutputStream:75 - [STDERR_REDIRECT] [Fatal Error] :1:1: Premature end of file.
2025-01-09 15:23:47,649 [ERROR] LogOutputStream:75 - [STDERR_REDIRECT] 
2025-01-09 15:23:48,647 [ERROR] LogOutputStream:75 - [STDERR_REDIRECT] [Fatal Error] :1:1: Premature end of file.
2025-01-09 15:23:48,647 [ERROR] LogOutputStream:75 - [STDERR_REDIRECT] 
2025-01-09 15:23:49,650 [ERROR] LogOutputStream:75 - [STDERR_REDIRECT] [Fatal Error] :1:1: Premature end of file.
2025-01-09 15:23:49,650 [ERROR] LogOutputStream:75 - [STDERR_REDIRECT] 
2025-01-09 15:23:50,643 [ERROR] LogOutputStream:75 - [STDERR_REDIRECT] [Fatal Error] :1:1: Premature end of file.
2025-01-09 15:23:50,643 [ERROR] LogOutputStream:75 - [STDERR_REDIRECT] 
2025-01-09 15:23:51,647 [ERROR] LogOutputStream:75 - [STDERR_REDIRECT] [Fatal Error] :1:1: Premature end of file.
2025-01-09 15:23:51,647 [ERROR] LogOutputStream:75 - [STDERR_REDIRECT] 
2025-01-09 15:23:52,655 [ERROR] LogOutputStream:75 - [STDERR_REDIRECT] [Fatal Error] :1:1: Premature end of file.
2025-01-09 15:23:52,655 [ERROR] LogOutputStream:75 - [STDERR_REDIRECT] 
2025-01-09 15:23:53,659 [ERROR] LogOutputStream:75 - [STDERR_REDIRECT] [Fatal Error] :1:1: Premature end of file.
2025-01-09 15:23:53,659 [ERROR] LogOutputStream:75 - [STDERR_REDIRECT] 
2025-01-09 15:23:54,649 [ERROR] LogOutputStream:75 - [STDERR_REDIRECT] [Fatal Error] :1:1: Premature end of file.
2025-01-09 15:23:54,649 [ERROR] LogOutputStream:75 - [STDERR_REDIRECT] 
2025-01-09 15:23:55,656 [ERROR] LogOutputStream:75 - [STDERR_REDIRECT] [Fatal Error] :1:1: Premature end of file.
2025-01-09 15:23:55,656 [ERROR] LogOutputStream:75 - [STDERR_REDIRECT] 
2025-01-09 15:23:56,650 [ERROR] LogOutputStream:75 - [STDERR_REDIRECT] [Fatal Error] :1:1: Premature end of file.
2025-01-09 15:23:56,650 [ERROR] LogOutputStream:75 - [STDERR_REDIRECT] 
2025-01-09 15:23:57,651 [ERROR] LogOutputStream:75 - [STDERR_REDIRECT] [Fatal Error] :1:1: Premature end of file.
2025-01-09 15:23:57,651 [ERROR] LogOutputStream:75 - [STDERR_REDIRECT] 
2025-01-09 15:23:58,646 [ERROR] LogOutputStream:75 - [STDERR_REDIRECT] [Fatal Error] :1:1: Premature end of file.
2025-01-09 15:23:58,646 [ERROR] LogOutputStream:75 - [STDERR_REDIRECT] 
2025-01-09 15:23:59,646 [ERROR] LogOutputStream:75 - [STDERR_REDIRECT] [Fatal Error] :1:1: Premature end of file.
2025-01-09 15:23:59,646 [ERROR] LogOutputStream:75 - [STDERR_REDIRECT] 
2025-01-09 15:24:00,646 [ERROR] LogOutputStream:75 - [STDERR_REDIRECT] [Fatal Error] :1:1: Premature end of file.
2025-01-09 15:24:00,647 [ERROR] LogOutputStream:75 - [STDERR_REDIRECT] 
2025-01-09 15:24:01,654 [ERROR] LogOutputStream:75 - [STDERR_REDIRECT] [Fatal Error] :1:1: Premature end of file.
2025-01-09 15:24:01,654 [ERROR] LogOutputStream:75 - [STDERR_REDIRECT] 
2025-01-09 15:24:02,645 [ERROR] LogOutputStream:75 - [STDERR_REDIRECT] [Fatal Error] :1:1: Premature end of file.
2025-01-09 15:24:02,645 [ERROR] LogOutputStream:75 - [STDERR_REDIRECT] 
2025-01-09 15:24:03,646 [ERROR] LogOutputStream:75 - [STDERR_REDIRECT] [Fatal Error] :1:1: Premature end of file.
2025-01-09 15:24:03,646 [ERROR] LogOutputStream:75 - [STDERR_REDIRECT] 
2025-01-09 15:24:04,645 [ERROR] LogOutputStream:75 - [STDERR_REDIRECT] [Fatal Error] :1:1: Premature end of file.
2025-01-09 15:24:04,645 [ERROR] LogOutputStream:75 - [STDERR_REDIRECT] 
2025-01-09 15:24:05,652 [ERROR] LogOutputStream:75 - [STDERR_REDIRECT] [Fatal Error] :1:1: Premature end of file.
2025-01-09 15:24:05,652 [ERROR] LogOutputStream:75 - [STDERR_REDIRECT] 
2025-01-09 15:24:06,646 [ERROR] LogOutputStream:75 - [STDERR_REDIRECT] [Fatal Error] :1:1: Premature end of file.
2025-01-09 15:24:06,646 [ERROR] LogOutputStream:75 - [STDERR_REDIRECT] 
2025-01-09 15:24:07,647 [ERROR] LogOutputStream:75 - [STDERR_REDIRECT] [Fatal Error] :1:1: Premature end of file.
2025-01-09 15:24:07,647 [ERROR] LogOutputStream:75 - [STDERR_REDIRECT] 
2025-01-09 15:24:08,644 [ERROR] LogOutputStream:75 - [STDERR_REDIRECT] [Fatal Error] :1:1: Premature end of file.
2025-01-09 15:24:08,644 [ERROR] LogOutputStream:75 - [STDERR_REDIRECT] 
2025-01-09 15:24:09,644 [ERROR] LogOutputStream:75 - [STDERR_REDIRECT] [Fatal Error] :1:1: Premature end of file.
2025-01-09 15:24:09,644 [ERROR] LogOutputStream:75 - [STDERR_REDIRECT] 
2025-01-09 15:24:10,646 [ERROR] LogOutputStream:75 - [STDERR_REDIRECT] [Fatal Error] :1:1: Premature end of file.
2025-01-09 15:24:10,646 [ERROR] LogOutputStream:75 - [STDERR_REDIRECT] 
2025-01-09 15:24:11,646 [ERROR] LogOutputStream:75 - [STDERR_REDIRECT] [Fatal Error] :1:1: Premature end of file.
2025-01-09 15:24:11,646 [ERROR] LogOutputStream:75 - [STDERR_REDIRECT] 
2025-01-09 15:24:12,651 [ERROR] LogOutputStream:75 - [STDERR_REDIRECT] [Fatal Error] :1:1: Premature end of file.
2025-01-09 15:24:12,651 [ERROR] LogOutputStream:75 - [STDERR_REDIRECT] 
2025-01-09 15:24:13,645 [ERROR] LogOutputStream:75 - [STDERR_REDIRECT] [Fatal Error] :1:1: Premature end of file.
2025-01-09 15:24:13,645 [ERROR] LogOutputStream:75 - [STDERR_REDIRECT] 
2025-01-09 15:24:14,660 [ERROR] LogOutputStream:75 - [STDERR_REDIRECT] [Fatal Error] :1:1: Premature end of file.
2025-01-09 15:24:14,660 [ERROR] LogOutputStream:75 - [STDERR_REDIRECT] 
2025-01-09 15:24:15,654 [ERROR] LogOutputStream:75 - [STDERR_REDIRECT] [Fatal Error] :1:1: Premature end of file.
2025-01-09 15:24:15,654 [ERROR] LogOutputStream:75 - [STDERR_REDIRECT] 
2025-01-09 15:24:16,651 [ERROR] LogOutputStream:75 - [STDERR_REDIRECT] [Fatal Error] :1:1: Premature end of file.
2025-01-09 15:24:16,651 [ERROR] LogOutputStream:75 - [STDERR_REDIRECT] 
2025-01-09 15:24:17,653 [ERROR] LogOutputStream:75 - [STDERR_REDIRECT] [Fatal Error] :1:1: Premature end of file.
2025-01-09 15:24:17,653 [ERROR] LogOutputStream:75 - [STDERR_REDIRECT] 
2025-01-09 15:24:18,649 [ERROR] LogOutputStream:75 - [STDERR_REDIRECT] [Fatal Error] :1:1: Premature end of file.
2025-01-09 15:24:18,649 [ERROR] LogOutputStream:75 - [STDERR_REDIRECT] 
2025-01-09 15:24:19,651 [ERROR] LogOutputStream:75 - [STDERR_REDIRECT] [Fatal Error] :1:1: Premature end of file.
2025-01-09 15:24:19,651 [ERROR] LogOutputStream:75 - [STDERR_REDIRECT] 
2025-01-09 15:24:20,657 [ERROR] LogOutputStream:75 - [STDERR_REDIRECT] [Fatal Error] :1:1: Premature end of file.
2025-01-09 15:24:20,657 [ERROR] LogOutputStream:75 - [STDERR_REDIRECT] 
2025-01-09 15:24:21,657 [ERROR] LogOutputStream:75 - [STDERR_REDIRECT] [Fatal Error] :1:1: Premature end of file.
2025-01-09 15:24:21,657 [ERROR] LogOutputStream:75 - [STDERR_REDIRECT] 
2025-01-09 15:24:22,651 [ERROR] LogOutputStream:75 - [STDERR_REDIRECT] [Fatal Error] :1:1: Premature end of file.
2025-01-09 15:24:22,651 [ERROR] LogOutputStream:75 - [STDERR_REDIRECT] 
2025-01-09 15:24:23,658 [ERROR] LogOutputStream:75 - [STDERR_REDIRECT] [Fatal Error] :1:1: Premature end of file.
2025-01-09 15:24:23,658 [ERROR] LogOutputStream:75 - [STDERR_REDIRECT] 
2025-01-09 15:24:24,647 [ERROR] LogOutputStream:75 - [STDERR_REDIRECT] [Fatal Error] :1:1: Premature end of file.
2025-01-09 15:24:24,647 [ERROR] LogOutputStream:75 - [STDERR_REDIRECT] 
2025-01-09 15:24:25,653 [ERROR] LogOutputStream:75 - [STDERR_REDIRECT] [Fatal Error] :1:1: Premature end of file.
2025-01-09 15:24:25,653 [ERROR] LogOutputStream:75 - [STDERR_REDIRECT] 
2025-01-09 15:24:26,651 [ERROR] LogOutputStream:75 - [STDERR_REDIRECT] [Fatal Error] :1:1: Premature end of file.
2025-01-09 15:24:26,651 [ERROR] LogOutputStream:75 - [STDERR_REDIRECT] 
2025-01-09 15:24:27,654 [ERROR] LogOutputStream:75 - [STDERR_REDIRECT] [Fatal Error] :1:1: Premature end of file.
2025-01-09 15:24:27,654 [ERROR] LogOutputStream:75 - [STDERR_REDIRECT] 
2025-01-09 15:24:28,641 [ERROR] LogOutputStream:75 - [STDERR_REDIRECT] [Fatal Error] :1:1: Premature end of file.
2025-01-09 15:24:28,641 [ERROR] LogOutputStream:75 - [STDERR_REDIRECT] 
2025-01-09 15:24:29,645 [ERROR] LogOutputStream:75 - [STDERR_REDIRECT] [Fatal Error] :1:1: Premature end of file.
2025-01-09 15:24:29,645 [ERROR] LogOutputStream:75 - [STDERR_REDIRECT] 
2025-01-09 15:24:30,655 [ERROR] LogOutputStream:75 - [STDERR_REDIRECT] [Fatal Error] :1:1: Premature end of file.
2025-01-09 15:24:30,655 [ERROR] LogOutputStream:75 - [STDERR_REDIRECT] 
2025-01-09 15:24:31,647 [ERROR] LogOutputStream:75 - [STDERR_REDIRECT] [Fatal Error] :1:1: Premature end of file.
2025-01-09 15:24:31,647 [ERROR] LogOutputStream:75 - [STDERR_REDIRECT] 
2025-01-09 15:24:32,645 [ERROR] LogOutputStream:75 - [STDERR_REDIRECT] [Fatal Error] :1:1: Premature end of file.
2025-01-09 15:24:32,645 [ERROR] LogOutputStream:75 - [STDERR_REDIRECT] 
2025-01-09 15:24:33,642 [ERROR] LogOutputStream:75 - [STDERR_REDIRECT] [Fatal Error] :1:1: Premature end of file.
2025-01-09 15:24:33,642 [ERROR] LogOutputStream:75 - [STDERR_REDIRECT] 
2025-01-09 15:24:34,650 [ERROR] LogOutputStream:75 - [STDERR_REDIRECT] [Fatal Error] :1:1: Premature end of file.
2025-01-09 15:24:34,650 [ERROR] LogOutputStream:75 - [STDERR_REDIRECT] 
2025-01-09 15:24:35,650 [ERROR] LogOutputStream:75 - [STDERR_REDIRECT] [Fatal Error] :1:1: Premature end of file.
2025-01-09 15:24:35,650 [ERROR] LogOutputStream:75 - [STDERR_REDIRECT] 
2025-01-09 15:24:36,648 [ERROR] LogOutputStream:75 - [STDERR_REDIRECT] [Fatal Error] :1:1: Premature end of file.
2025-01-09 15:24:36,648 [ERROR] LogOutputStream:75 - [STDERR_REDIRECT] 
2025-01-09 15:24:37,650 [ERROR] LogOutputStream:75 - [STDERR_REDIRECT] [Fatal Error] :1:1: Premature end of file.
2025-01-09 15:24:37,650 [ERROR] LogOutputStream:75 - [STDERR_REDIRECT] 
2025-01-09 15:24:38,652 [ERROR] LogOutputStream:75 - [STDERR_REDIRECT] [Fatal Error] :1:1: Premature end of file.
2025-01-09 15:24:38,652 [ERROR] LogOutputStream:75 - [STDERR_REDIRECT] 
2025-01-09 15:24:39,645 [ERROR] LogOutputStream:75 - [STDERR_REDIRECT] [Fatal Error] :1:1: Premature end of file.
2025-01-09 15:24:39,645 [ERROR] LogOutputStream:75 - [STDERR_REDIRECT] 
2025-01-09 15:24:40,651 [ERROR] LogOutputStream:75 - [STDERR_REDIRECT] [Fatal Error] :1:1: Premature end of file.
2025-01-09 15:24:40,651 [ERROR] LogOutputStream:75 - [STDERR_REDIRECT] 
2025-01-09 15:24:41,643 [ERROR] LogOutputStream:75 - [STDERR_REDIRECT] [Fatal Error] :1:1: Premature end of file.
2025-01-09 15:24:41,643 [ERROR] LogOutputStream:75 - [STDERR_REDIRECT] 
2025-01-09 15:24:42,651 [ERROR] LogOutputStream:75 - [STDERR_REDIRECT] [Fatal Error] :1:1: Premature end of file.
2025-01-09 15:24:42,651 [ERROR] LogOutputStream:75 - [STDERR_REDIRECT] 
2025-01-09 15:24:43,656 [ERROR] LogOutputStream:75 - [STDERR_REDIRECT] [Fatal Error] :1:1: Premature end of file.
2025-01-09 15:24:43,656 [ERROR] LogOutputStream:75 - [STDERR_REDIRECT] 
2025-01-09 15:24:44,653 [ERROR] LogOutputStream:75 - [STDERR_REDIRECT] [Fatal Error] :1:1: Premature end of file.
2025-01-09 15:24:44,653 [ERROR] LogOutputStream:75 - [STDERR_REDIRECT] 
2025-01-09 15:24:45,653 [ERROR] LogOutputStream:75 - [STDERR_REDIRECT] [Fatal Error] :1:1: Premature end of file.
2025-01-09 15:24:45,653 [ERROR] LogOutputStream:75 - [STDERR_REDIRECT] 
2025-01-09 15:24:46,650 [ERROR] LogOutputStream:75 - [STDERR_REDIRECT] [Fatal Error] :1:1: Premature end of file.
2025-01-09 15:24:46,650 [ERROR] LogOutputStream:75 - [STDERR_REDIRECT] 
2025-01-09 15:24:47,650 [ERROR] LogOutputStream:75 - [STDERR_REDIRECT] [Fatal Error] :1:1: Premature end of file.
2025-01-09 15:24:47,650 [ERROR] LogOutputStream:75 - [STDERR_REDIRECT] 
2025-01-09 15:24:48,658 [ERROR] LogOutputStream:75 - [STDERR_REDIRECT] [Fatal Error] :1:1: Premature end of file.
2025-01-09 15:24:48,658 [ERROR] LogOutputStream:75 - [STDERR_REDIRECT] 
2025-01-09 15:24:49,648 [ERROR] LogOutputStream:75 - [STDERR_REDIRECT] [Fatal Error] :1:1: Premature end of file.
2025-01-09 15:24:49,648 [ERROR] LogOutputStream:75 - [STDERR_REDIRECT] 
2025-01-09 15:24:50,644 [ERROR] LogOutputStream:75 - [STDERR_REDIRECT] [Fatal Error] :1:1: Premature end of file.
2025-01-09 15:24:50,644 [ERROR] LogOutputStream:75 - [STDERR_REDIRECT] 
2025-01-09 15:24:51,653 [ERROR] LogOutputStream:75 - [STDERR_REDIRECT] [Fatal Error] :1:1: Premature end of file.
2025-01-09 15:24:51,653 [ERROR] LogOutputStream:75 - [STDERR_REDIRECT] 
2025-01-09 15:24:52,647 [ERROR] LogOutputStream:75 - [STDERR_REDIRECT] [Fatal Error] :1:1: Premature end of file.
2025-01-09 15:24:52,647 [ERROR] LogOutputStream:75 - [STDERR_REDIRECT] 
2025-01-09 15:24:53,659 [ERROR] LogOutputStream:75 - [STDERR_REDIRECT] [Fatal Error] :1:1: Premature end of file.
2025-01-09 15:24:53,659 [ERROR] LogOutputStream:75 - [STDERR_REDIRECT] 
2025-01-09 15:24:54,657 [ERROR] LogOutputStream:75 - [STDERR_REDIRECT] [Fatal Error] :1:1: Premature end of file.
2025-01-09 15:24:54,657 [ERROR] LogOutputStream:75 - [STDERR_REDIRECT] 
2025-01-09 15:24:55,649 [ERROR] LogOutputStream:75 - [STDERR_REDIRECT] [Fatal Error] :1:1: Premature end of file.
2025-01-09 15:24:55,649 [ERROR] LogOutputStream:75 - [STDERR_REDIRECT] 
2025-01-09 15:24:56,653 [ERROR] LogOutputStream:75 - [STDERR_REDIRECT] [Fatal Error] :1:1: Premature end of file.
2025-01-09 15:24:56,653 [ERROR] LogOutputStream:75 - [STDERR_REDIRECT] 
2025-01-09 15:24:57,645 [ERROR] LogOutputStream:75 - [STDERR_REDIRECT] [Fatal Error] :1:1: Premature end of file.
2025-01-09 15:24:57,645 [ERROR] LogOutputStream:75 - [STDERR_REDIRECT] 
2025-01-09 15:24:58,661 [ERROR] LogOutputStream:75 - [STDERR_REDIRECT] [Fatal Error] :1:1: Premature end of file.
2025-01-09 15:24:58,661 [ERROR] LogOutputStream:75 - [STDERR_REDIRECT] 
2025-01-09 15:24:59,651 [ERROR] LogOutputStream:75 - [STDERR_REDIRECT] [Fatal Error] :1:1: Premature end of file.
2025-01-09 15:24:59,651 [ERROR] LogOutputStream:75 - [STDERR_REDIRECT] 
2025-01-09 15:25:00,646 [ERROR] LogOutputStream:75 - [STDERR_REDIRECT] [Fatal Error] :1:1: Premature end of file.
2025-01-09 15:25:00,647 [ERROR] LogOutputStream:75 - [STDERR_REDIRECT] 
2025-01-09 15:25:01,658 [ERROR] LogOutputStream:75 - [STDERR_REDIRECT] [Fatal Error] :1:1: Premature end of file.
2025-01-09 15:25:01,658 [ERROR] LogOutputStream:75 - [STDERR_REDIRECT] 
2025-01-09 15:25:02,635 [ERROR] LogOutputStream:75 - [STDERR_REDIRECT] [Fatal Error] :1:1: Premature end of file.
2025-01-09 15:25:02,635 [ERROR] LogOutputStream:75 - [STDERR_REDIRECT] 
2025-01-09 15:25:03,645 [ERROR] LogOutputStream:75 - [STDERR_REDIRECT] [Fatal Error] :1:1: Premature end of file.
2025-01-09 15:25:03,645 [ERROR] LogOutputStream:75 - [STDERR_REDIRECT] 
2025-01-09 15:25:04,645 [ERROR] LogOutputStream:75 - [STDERR_REDIRECT] [Fatal Error] :1:1: Premature end of file.
2025-01-09 15:25:04,645 [ERROR] LogOutputStream:75 - [STDERR_REDIRECT] 
2025-01-09 15:25:05,650 [ERROR] LogOutputStream:75 - [STDERR_REDIRECT] [Fatal Error] :1:1: Premature end of file.
2025-01-09 15:25:05,663 [ERROR] LogOutputStream:75 - [STDERR_REDIRECT] 
2025-01-09 15:25:06,657 [ERROR] LogOutputStream:75 - [STDERR_REDIRECT] [Fatal Error] :1:1: Premature end of file.
2025-01-09 15:25:06,657 [ERROR] LogOutputStream:75 - [STDERR_REDIRECT] 
2025-01-09 15:25:07,647 [ERROR] LogOutputStream:75 - [STDERR_REDIRECT] [Fatal Error] :1:1: Premature end of file.
2025-01-09 15:25:07,647 [ERROR] LogOutputStream:75 - [STDERR_REDIRECT] 
2025-01-09 15:25:08,654 [ERROR] LogOutputStream:75 - [STDERR_REDIRECT] [Fatal Error] :1:1: Premature end of file.
2025-01-09 15:25:08,654 [ERROR] LogOutputStream:75 - [STDERR_REDIRECT] 
2025-01-09 15:25:09,656 [ERROR] LogOutputStream:75 - [STDERR_REDIRECT] [Fatal Error] :1:1: Premature end of file.
2025-01-09 15:25:09,656 [ERROR] LogOutputStream:75 - [STDERR_REDIRECT] 
2025-01-09 15:25:10,638 [ERROR] LogOutputStream:75 - [STDERR_REDIRECT] [Fatal Error] :1:1: Premature end of file.
2025-01-09 15:25:10,638 [ERROR] LogOutputStream:75 - [STDERR_REDIRECT] 
2025-01-09 15:25:11,651 [ERROR] LogOutputStream:75 - [STDERR_REDIRECT] [Fatal Error] :1:1: Premature end of file.
2025-01-09 15:25:11,651 [ERROR] LogOutputStream:75 - [STDERR_REDIRECT] 
2025-01-09 15:25:12,659 [ERROR] LogOutputStream:75 - [STDERR_REDIRECT] [Fatal Error] :1:1: Premature end of file.
2025-01-09 15:25:12,659 [ERROR] LogOutputStream:75 - [STDERR_REDIRECT] 
2025-01-09 15:25:13,654 [ERROR] LogOutputStream:75 - [STDERR_REDIRECT] [Fatal Error] :1:1: Premature end of file.
2025-01-09 15:25:13,659 [ERROR] LogOutputStream:75 - [STDERR_REDIRECT] 
2025-01-09 15:25:14,650 [ERROR] LogOutputStream:75 - [STDERR_REDIRECT] [Fatal Error] :1:1: Premature end of file.
2025-01-09 15:25:14,650 [ERROR] LogOutputStream:75 - [STDERR_REDIRECT] 
2025-01-09 15:25:15,647 [ERROR] LogOutputStream:75 - [STDERR_REDIRECT] [Fatal Error] :1:1: Premature end of file.
2025-01-09 15:25:15,647 [ERROR] LogOutputStream:75 - [STDERR_REDIRECT] 
2025-01-09 15:25:16,643 [ERROR] LogOutputStream:75 - [STDERR_REDIRECT] [Fatal Error] :1:1: Premature end of file.
2025-01-09 15:25:16,643 [ERROR] LogOutputStream:75 - [STDERR_REDIRECT] 
2025-01-09 15:25:17,649 [ERROR] LogOutputStream:75 - [STDERR_REDIRECT] [Fatal Error] :1:1: Premature end of file.
2025-01-09 15:25:17,649 [ERROR] LogOutputStream:75 - [STDERR_REDIRECT] 
2025-01-09 15:25:18,646 [ERROR] LogOutputStream:75 - [STDERR_REDIRECT] [Fatal Error] :1:1: Premature end of file.
2025-01-09 15:25:18,646 [ERROR] LogOutputStream:75 - [STDERR_REDIRECT] 
2025-01-09 15:25:19,636 [ERROR] LogOutputStream:75 - [STDERR_REDIRECT] [Fatal Error] :1:1: Premature end of file.
2025-01-09 15:25:19,636 [ERROR] LogOutputStream:75 - [STDERR_REDIRECT] 
2025-01-09 15:25:20,643 [ERROR] LogOutputStream:75 - [STDERR_REDIRECT] [Fatal Error] :1:1: Premature end of file.
2025-01-09 15:25:20,643 [ERROR] LogOutputStream:75 - [STDERR_REDIRECT] 
2025-01-09 15:25:21,643 [ERROR] LogOutputStream:75 - [STDERR_REDIRECT] [Fatal Error] :1:1: Premature end of file.
2025-01-09 15:25:21,643 [ERROR] LogOutputStream:75 - [STDERR_REDIRECT] 
2025-01-09 15:25:22,636 [ERROR] LogOutputStream:75 - [STDERR_REDIRECT] [Fatal Error] :1:1: Premature end of file.
2025-01-09 15:25:22,636 [ERROR] LogOutputStream:75 - [STDERR_REDIRECT] 
2025-01-09 15:25:23,647 [ERROR] LogOutputStream:75 - [STDERR_REDIRECT] [Fatal Error] :1:1: Premature end of file.
2025-01-09 15:25:23,647 [ERROR] LogOutputStream:75 - [STDERR_REDIRECT] 
2025-01-09 15:25:24,656 [ERROR] LogOutputStream:75 - [STDERR_REDIRECT] [Fatal Error] :1:1: Premature end of file.
2025-01-09 15:25:24,656 [ERROR] LogOutputStream:75 - [STDERR_REDIRECT] 
2025-01-09 15:25:25,645 [ERROR] LogOutputStream:75 - [STDERR_REDIRECT] [Fatal Error] :1:1: Premature end of file.
2025-01-09 15:25:25,645 [ERROR] LogOutputStream:75 - [STDERR_REDIRECT] 
2025-01-09 15:25:26,656 [ERROR] LogOutputStream:75 - [STDERR_REDIRECT] [Fatal Error] :1:1: Premature end of file.
2025-01-09 15:25:26,656 [ERROR] LogOutputStream:75 - [STDERR_REDIRECT] 
2025-01-09 15:25:27,652 [ERROR] LogOutputStream:75 - [STDERR_REDIRECT] [Fatal Error] :1:1: Premature end of file.
2025-01-09 15:25:27,652 [ERROR] LogOutputStream:75 - [STDERR_REDIRECT] 
2025-01-09 15:25:28,648 [ERROR] LogOutputStream:75 - [STDERR_REDIRECT] [Fatal Error] :1:1: Premature end of file.
2025-01-09 15:25:28,648 [ERROR] LogOutputStream:75 - [STDERR_REDIRECT] 
2025-01-09 15:25:29,654 [ERROR] LogOutputStream:75 - [STDERR_REDIRECT] [Fatal Error] :1:1: Premature end of file.
2025-01-09 15:25:29,654 [ERROR] LogOutputStream:75 - [STDERR_REDIRECT] 
2025-01-09 15:25:30,648 [ERROR] LogOutputStream:75 - [STDERR_REDIRECT] [Fatal Error] :1:1: Premature end of file.
2025-01-09 15:25:30,648 [ERROR] LogOutputStream:75 - [STDERR_REDIRECT] 
2025-01-09 15:25:31,662 [ERROR] LogOutputStream:75 - [STDERR_REDIRECT] [Fatal Error] :1:1: Premature end of file.
2025-01-09 15:25:31,662 [ERROR] LogOutputStream:75 - [STDERR_REDIRECT] 
2025-01-09 15:25:32,652 [ERROR] LogOutputStream:75 - [STDERR_REDIRECT] [Fatal Error] :1:1: Premature end of file.
2025-01-09 15:25:32,652 [ERROR] LogOutputStream:75 - [STDERR_REDIRECT] 
2025-01-09 15:25:33,653 [ERROR] LogOutputStream:75 - [STDERR_REDIRECT] [Fatal Error] :1:1: Premature end of file.
2025-01-09 15:25:33,653 [ERROR] LogOutputStream:75 - [STDERR_REDIRECT] 
2025-01-09 15:25:34,648 [ERROR] LogOutputStream:75 - [STDERR_REDIRECT] [Fatal Error] :1:1: Premature end of file.
2025-01-09 15:25:34,648 [ERROR] LogOutputStream:75 - [STDERR_REDIRECT] 
2025-01-09 15:25:35,657 [ERROR] LogOutputStream:75 - [STDERR_REDIRECT] [Fatal Error] :1:1: Premature end of file.
2025-01-09 15:25:35,657 [ERROR] LogOutputStream:75 - [STDERR_REDIRECT] 
2025-01-09 15:25:36,649 [ERROR] LogOutputStream:75 - [STDERR_REDIRECT] [Fatal Error] :1:1: Premature end of file.
2025-01-09 15:25:36,649 [ERROR] LogOutputStream:75 - [STDERR_REDIRECT] 
2025-01-09 15:25:37,647 [ERROR] LogOutputStream:75 - [STDERR_REDIRECT] [Fatal Error] :1:1: Premature end of file.
2025-01-09 15:25:37,647 [ERROR] LogOutputStream:75 - [STDERR_REDIRECT] 
2025-01-09 15:25:38,656 [ERROR] LogOutputStream:75 - [STDERR_REDIRECT] [Fatal Error] :1:1: Premature end of file.
2025-01-09 15:25:38,656 [ERROR] LogOutputStream:75 - [STDERR_REDIRECT] 
2025-01-09 15:25:39,664 [ERROR] LogOutputStream:75 - [STDERR_REDIRECT] [Fatal Error] :1:1: Premature end of file.
2025-01-09 15:25:39,664 [ERROR] LogOutputStream:75 - [STDERR_REDIRECT] 
2025-01-09 15:25:40,659 [ERROR] LogOutputStream:75 - [STDERR_REDIRECT] [Fatal Error] :1:1: Premature end of file.
2025-01-09 15:25:40,659 [ERROR] LogOutputStream:75 - [STDERR_REDIRECT] 
2025-01-09 15:25:41,647 [ERROR] LogOutputStream:75 - [STDERR_REDIRECT] [Fatal Error] :1:1: Premature end of file.
2025-01-09 15:25:41,647 [ERROR] LogOutputStream:75 - [STDERR_REDIRECT] 
2025-01-09 15:25:42,649 [ERROR] LogOutputStream:75 - [STDERR_REDIRECT] [Fatal Error] :1:1: Premature end of file.
2025-01-09 15:25:42,649 [ERROR] LogOutputStream:75 - [STDERR_REDIRECT] 
2025-01-09 15:25:43,647 [ERROR] LogOutputStream:75 - [STDERR_REDIRECT] [Fatal Error] :1:1: Premature end of file.
2025-01-09 15:25:43,647 [ERROR] LogOutputStream:75 - [STDERR_REDIRECT] 
2025-01-09 15:25:44,649 [ERROR] LogOutputStream:75 - [STDERR_REDIRECT] [Fatal Error] :1:1: Premature end of file.
2025-01-09 15:25:44,649 [ERROR] LogOutputStream:75 - [STDERR_REDIRECT] 
2025-01-09 15:25:45,644 [ERROR] LogOutputStream:75 - [STDERR_REDIRECT] [Fatal Error] :1:1: Premature end of file.
2025-01-09 15:25:45,644 [ERROR] LogOutputStream:75 - [STDERR_REDIRECT] 
2025-01-09 15:25:46,649 [ERROR] LogOutputStream:75 - [STDERR_REDIRECT] [Fatal Error] :1:1: Premature end of file.
2025-01-09 15:25:46,649 [ERROR] LogOutputStream:75 - [STDERR_REDIRECT] 
2025-01-09 15:25:47,645 [ERROR] LogOutputStream:75 - [STDERR_REDIRECT] [Fatal Error] :1:1: Premature end of file.
2025-01-09 15:25:47,645 [ERROR] LogOutputStream:75 - [STDERR_REDIRECT] 
2025-01-09 15:25:48,651 [ERROR] LogOutputStream:75 - [STDERR_REDIRECT] [Fatal Error] :1:1: Premature end of file.
2025-01-09 15:25:48,651 [ERROR] LogOutputStream:75 - [STDERR_REDIRECT] 
2025-01-09 15:25:49,657 [ERROR] LogOutputStream:75 - [STDERR_REDIRECT] [Fatal Error] :1:1: Premature end of file.
2025-01-09 15:25:49,657 [ERROR] LogOutputStream:75 - [STDERR_REDIRECT] 
2025-01-09 15:25:50,654 [ERROR] LogOutputStream:75 - [STDERR_REDIRECT] [Fatal Error] :1:1: Premature end of file.
2025-01-09 15:25:50,654 [ERROR] LogOutputStream:75 - [STDERR_REDIRECT] 
2025-01-09 15:25:51,651 [ERROR] LogOutputStream:75 - [STDERR_REDIRECT] [Fatal Error] :1:1: Premature end of file.
2025-01-09 15:25:51,651 [ERROR] LogOutputStream:75 - [STDERR_REDIRECT] 
2025-01-09 15:25:52,646 [ERROR] LogOutputStream:75 - [STDERR_REDIRECT] [Fatal Error] :1:1: Premature end of file.
2025-01-09 15:25:52,646 [ERROR] LogOutputStream:75 - [STDERR_REDIRECT] 
2025-01-09 15:25:53,656 [ERROR] LogOutputStream:75 - [STDERR_REDIRECT] [Fatal Error] :1:1: Premature end of file.
2025-01-09 15:25:53,656 [ERROR] LogOutputStream:75 - [STDERR_REDIRECT] 
2025-01-09 15:25:54,648 [ERROR] LogOutputStream:75 - [STDERR_REDIRECT] [Fatal Error] :1:1: Premature end of file.
2025-01-09 15:25:54,648 [ERROR] LogOutputStream:75 - [STDERR_REDIRECT] 
2025-01-09 15:25:55,653 [ERROR] LogOutputStream:75 - [STDERR_REDIRECT] [Fatal Error] :1:1: Premature end of file.
2025-01-09 15:25:55,653 [ERROR] LogOutputStream:75 - [STDERR_REDIRECT] 
2025-01-09 15:25:56,651 [ERROR] LogOutputStream:75 - [STDERR_REDIRECT] [Fatal Error] :1:1: Premature end of file.
2025-01-09 15:25:56,651 [ERROR] LogOutputStream:75 - [STDERR_REDIRECT] 
2025-01-09 15:25:57,650 [ERROR] LogOutputStream:75 - [STDERR_REDIRECT] [Fatal Error] :1:1: Premature end of file.
2025-01-09 15:25:57,650 [ERROR] LogOutputStream:75 - [STDERR_REDIRECT] 
2025-01-09 15:25:58,645 [ERROR] LogOutputStream:75 - [STDERR_REDIRECT] [Fatal Error] :1:1: Premature end of file.
2025-01-09 15:25:58,645 [ERROR] LogOutputStream:75 - [STDERR_REDIRECT] 
2025-01-09 15:25:59,652 [ERROR] LogOutputStream:75 - [STDERR_REDIRECT] [Fatal Error] :1:1: Premature end of file.
2025-01-09 15:25:59,652 [ERROR] LogOutputStream:75 - [STDERR_REDIRECT] 
2025-01-09 15:26:00,643 [ERROR] LogOutputStream:75 - [STDERR_REDIRECT] [Fatal Error] :1:1: Premature end of file.
2025-01-09 15:26:00,643 [ERROR] LogOutputStream:75 - [STDERR_REDIRECT] 
2025-01-09 15:26:01,648 [ERROR] LogOutputStream:75 - [STDERR_REDIRECT] [Fatal Error] :1:1: Premature end of file.
2025-01-09 15:26:01,648 [ERROR] LogOutputStream:75 - [STDERR_REDIRECT] 
2025-01-09 15:26:02,645 [ERROR] LogOutputStream:75 - [STDERR_REDIRECT] [Fatal Error] :1:1: Premature end of file.
2025-01-09 15:26:02,645 [ERROR] LogOutputStream:75 - [STDERR_REDIRECT] 
2025-01-09 15:26:03,654 [ERROR] LogOutputStream:75 - [STDERR_REDIRECT] [Fatal Error] :1:1: Premature end of file.
2025-01-09 15:26:03,654 [ERROR] LogOutputStream:75 - [STDERR_REDIRECT] 
2025-01-09 15:26:04,651 [ERROR] LogOutputStream:75 - [STDERR_REDIRECT] [Fatal Error] :1:1: Premature end of file.
2025-01-09 15:26:04,651 [ERROR] LogOutputStream:75 - [STDERR_REDIRECT] 
2025-01-09 15:26:05,651 [ERROR] LogOutputStream:75 - [STDERR_REDIRECT] [Fatal Error] :1:1: Premature end of file.
2025-01-09 15:26:05,651 [ERROR] LogOutputStream:75 - [STDERR_REDIRECT] 
2025-01-09 15:26:06,647 [ERROR] LogOutputStream:75 - [STDERR_REDIRECT] [Fatal Error] :1:1: Premature end of file.
2025-01-09 15:26:06,647 [ERROR] LogOutputStream:75 - [STDERR_REDIRECT] 
2025-01-09 15:26:07,653 [ERROR] LogOutputStream:75 - [STDERR_REDIRECT] [Fatal Error] :1:1: Premature end of file.
2025-01-09 15:26:07,653 [ERROR] LogOutputStream:75 - [STDERR_REDIRECT] 
2025-01-09 15:26:08,650 [ERROR] LogOutputStream:75 - [STDERR_REDIRECT] [Fatal Error] :1:1: Premature end of file.
2025-01-09 15:26:08,650 [ERROR] LogOutputStream:75 - [STDERR_REDIRECT] 
2025-01-09 15:26:09,652 [ERROR] LogOutputStream:75 - [STDERR_REDIRECT] [Fatal Error] :1:1: Premature end of file.
2025-01-09 15:26:09,652 [ERROR] LogOutputStream:75 - [STDERR_REDIRECT] 
2025-01-09 15:26:10,652 [ERROR] LogOutputStream:75 - [STDERR_REDIRECT] [Fatal Error] :1:1: Premature end of file.
2025-01-09 15:26:10,653 [ERROR] LogOutputStream:75 - [STDERR_REDIRECT] 
2025-01-09 15:26:10,805 [ERROR] LogOutputStream:75 - [STDERR_REDIRECT] 
