2025-04-24 13:20:54,589 [INFO] Activator:176 - 


2025-04-24 13:20:54,593 [INFO] Activator:177 - !SESSION log4j initialized
2025-04-24 13:21:02,486 [INFO] LogOutputStream:77 - [STDOUT_REDIRECT] 
2025-04-24 13:21:08,756 [INFO] ApplicationProperties:184 - Using Application install path: C:\ST\STM32CubeIDE_1.17.0\STM32CubeIDE\plugins\com.st.stm32cube.common.mx_6.13.0.202411220809
2025-04-24 13:21:08,785 [INFO] DbMcusXml:78 - Set database path to: C:\ST\STM32CubeIDE_1.17.0\STM32CubeIDE\plugins\com.st.stm32cube.common.mx_6.13.0.202411220809\\db\/mcu/
2025-04-24 13:21:08,785 [INFO] ApiDb:274 - Set plugin database path to: C:\ST\STM32CubeIDE_1.17.0\STM32CubeIDE\plugins\com.st.stm32cube.common.mx_6.13.0.202411220809\\db\/plugins/boardmanager/
2025-04-24 13:21:08,786 [WARN] ApiDb:259 - Overriding images path with different value:  => C:\ST\STM32CubeIDE_1.17.0\STM32CubeIDE\plugins\com.st.stm32cube.common.mx_6.13.0.202411220809\\db\/plugins/mcufinder/images/
2025-04-24 13:21:08,798 [INFO] ApiDb:250 - Set database path to: C:\Users\o1yus\.stmcufinder\plugins\mcufinder//mcu/
2025-04-24 13:21:08,800 [INFO] DbMcusAds:125 - Set database path to: C:\Users\o1yus\.stmcufinder\plugins\mcufinder//mcu/
2025-04-24 13:21:08,806 [INFO] CrossReferenceDbSqlite:203 - Set database path to: C:\Users\o1yus\.stmcufinder\plugins\mcufinder//mcu/cs/
2025-04-24 13:21:09,022 [INFO] RulesReader:64 - Compatibility file has been processed (297 Rules)
2025-04-24 13:21:09,176 [INFO] DbMcusXml:78 - Set database path to: C:\ST\STM32CubeIDE_1.17.0\STM32CubeIDE\plugins\com.st.stm32cube.common.mx_6.13.0.202411220809\\db\/mcu/
2025-04-24 13:21:09,176 [INFO] ApiDb:274 - Set plugin database path to: C:\ST\STM32CubeIDE_1.17.0\STM32CubeIDE\plugins\com.st.stm32cube.common.mx_6.13.0.202411220809\\db\/plugins/boardmanager/
2025-04-24 13:21:09,176 [INFO] ApiDb:261 - Set plugin images path to: C:\ST\STM32CubeIDE_1.17.0\STM32CubeIDE\plugins\com.st.stm32cube.common.mx_6.13.0.202411220809\\db\/plugins/mcufinder/images/
2025-04-24 13:21:09,177 [WARN] DbFile:41 - Overriding database path with different value: C:\Users\o1yus\.stmcufinder\plugins\mcufinder/ => C:\Users\o1yus\.stmcufinder\plugins\mcufinder
2025-04-24 13:21:09,177 [INFO] ApiDb:250 - Set database path to: C:\Users\o1yus\.stmcufinder\plugins\mcufinder//mcu/
2025-04-24 13:21:09,177 [WARN] DbFile:41 - Overriding database path with different value: C:\Users\o1yus\.stmcufinder\plugins\mcufinder/ => C:\Users\o1yus\.stmcufinder\plugins\mcufinder
2025-04-24 13:21:09,177 [INFO] DbMcusAds:125 - Set database path to: C:\Users\o1yus\.stmcufinder\plugins\mcufinder//mcu/
2025-04-24 13:21:09,177 [WARN] DbFile:41 - Overriding database path with different value: C:\Users\o1yus\.stmcufinder\plugins\mcufinder/ => C:\Users\o1yus\.stmcufinder\plugins\mcufinder
2025-04-24 13:21:09,177 [WARN] DbFile:41 - Overriding database path with different value: C:\Users\o1yus\.stmcufinder\plugins\mcufinder/ => C:\Users\o1yus\.stmcufinder\plugins\mcufinder
2025-04-24 13:21:09,177 [INFO] CrossReferenceDbSqlite:203 - Set database path to: C:\Users\o1yus\.stmcufinder\plugins\mcufinder//mcu/cs/
2025-04-24 13:21:09,346 [INFO] MainPanel:272 - HeapMemory: 300941312
2025-04-24 13:21:09,630 [INFO] DbMcusXml:78 - Set database path to: C:\ST\STM32CubeIDE_1.17.0\STM32CubeIDE\plugins\com.st.stm32cube.common.mx_6.13.0.202411220809\\db\/mcu/
2025-04-24 13:21:09,631 [INFO] ApiDb:274 - Set plugin database path to: C:\ST\STM32CubeIDE_1.17.0\STM32CubeIDE\plugins\com.st.stm32cube.common.mx_6.13.0.202411220809\\db\/plugins/boardmanager/
2025-04-24 13:21:09,631 [INFO] ApiDb:261 - Set plugin images path to: C:\ST\STM32CubeIDE_1.17.0\STM32CubeIDE\plugins\com.st.stm32cube.common.mx_6.13.0.202411220809\\db\/plugins/mcufinder/images/
2025-04-24 13:21:09,633 [WARN] DbFile:41 - Overriding database path with different value: C:\Users\o1yus\.stmcufinder\plugins\mcufinder/ => C:\Users\o1yus\.stmcufinder\plugins\mcufinder
2025-04-24 13:21:09,633 [INFO] ApiDb:250 - Set database path to: C:\Users\o1yus\.stmcufinder\plugins\mcufinder//mcu/
2025-04-24 13:21:09,634 [WARN] DbFile:41 - Overriding database path with different value: C:\Users\o1yus\.stmcufinder\plugins\mcufinder/ => C:\Users\o1yus\.stmcufinder\plugins\mcufinder
2025-04-24 13:21:09,634 [INFO] DbMcusAds:125 - Set database path to: C:\Users\o1yus\.stmcufinder\plugins\mcufinder//mcu/
2025-04-24 13:21:09,634 [WARN] DbFile:41 - Overriding database path with different value: C:\Users\o1yus\.stmcufinder\plugins\mcufinder/ => C:\Users\o1yus\.stmcufinder\plugins\mcufinder
2025-04-24 13:21:09,634 [WARN] DbFile:41 - Overriding database path with different value: C:\Users\o1yus\.stmcufinder\plugins\mcufinder/ => C:\Users\o1yus\.stmcufinder\plugins\mcufinder
2025-04-24 13:21:09,634 [INFO] CrossReferenceDbSqlite:203 - Set database path to: C:\Users\o1yus\.stmcufinder\plugins\mcufinder//mcu/cs/
2025-04-24 13:21:09,675 [INFO] ApplicationProperties:184 - Using Application install path: C:\ST\STM32CubeIDE_1.17.0\STM32CubeIDE\plugins\com.st.stm32cube.common.mx_6.13.0.202411220809
2025-04-24 13:21:09,680 [INFO] PluginManage:196 - Search for loadable plugins [exclusion list=, ]
2025-04-24 13:21:09,687 [INFO] PluginManage:310 - Check plugin analytics
2025-04-24 13:21:10,380 [INFO] AnalyticsPlugin:253 - Accepted Software Licenses: 
2025-04-24 13:21:10,380 [INFO] AnalyticsPlugin:255 - Accepted CMSIS Pack Licenses: 
2025-04-24 13:21:10,380 [INFO] AnalyticsPlugin:257 - Accepted Firmware Licenses: FW.G0.1.6.0
2025-04-24 13:21:10,381 [INFO] PluginManage:359 - Loaded plugin analytics (category:tool,tabindex:-1)
2025-04-24 13:21:10,381 [INFO] PluginManage:310 - Check plugin cadmodel
2025-04-24 13:21:10,418 [INFO] CADModel:105 - Init CAD model plugin
2025-04-24 13:21:10,418 [INFO] PluginManage:359 - Loaded plugin cadmodel (category:power,tabindex:5)
2025-04-24 13:21:10,419 [INFO] PluginManage:310 - Check plugin clock
2025-04-24 13:21:10,458 [INFO] PluginManage:359 - Loaded plugin clock (category:base,tabindex:2)
2025-04-24 13:21:10,459 [INFO] PluginManage:310 - Check plugin ddr
2025-04-24 13:21:10,467 [INFO] PluginManage:359 - Loaded plugin ddr (category:tool,tabindex:6)
2025-04-24 13:21:10,468 [INFO] PluginManage:310 - Check plugin filemanager
2025-04-24 13:21:10,789 [INFO] PluginManage:359 - Loaded plugin filemanager (category:base,tabindex:10)
2025-04-24 13:21:10,789 [INFO] PluginManage:310 - Check plugin ipmanager
2025-04-24 13:21:10,803 [INFO] PluginManage:359 - Loaded plugin ipmanager (category:base,tabindex:5)
2025-04-24 13:21:10,804 [INFO] PluginManage:310 - Check plugin lpbam
2025-04-24 13:21:10,837 [INFO] PluginManage:359 - Loaded plugin lpbam (category:base,tabindex:0)
2025-04-24 13:21:10,837 [INFO] PluginManage:310 - Check plugin memorymap
2025-04-24 13:21:10,912 [INFO] PluginManage:359 - Loaded plugin memorymap (category:base,tabindex:4)
2025-04-24 13:21:10,912 [INFO] PluginManage:310 - Check plugin pinoutandconfiguration
2025-04-24 13:21:10,951 [INFO] PluginManage:359 - Loaded plugin pinoutandconfiguration (category:base,tabindex:1)
2025-04-24 13:21:10,951 [INFO] PluginManage:310 - Check plugin pinoutconfig
2025-04-24 13:21:11,311 [WARN] SupportedApi:132 - Cannot load RTOS API schema: s4s-elt-must-match.1: The content of 'definitions' must match (annotation?, (simpleType | complexType)?, (unique | key | keyref)*)). A problem was found starting at: attribute.
2025-04-24 13:21:11,639 [INFO] PluginManage:359 - Loaded plugin pinoutconfig (category:base,tabindex:0)
2025-04-24 13:21:11,640 [INFO] PluginManage:310 - Check plugin power
2025-04-24 13:21:11,673 [INFO] PluginManage:359 - Loaded plugin power (category:power,tabindex:4)
2025-04-24 13:21:11,673 [INFO] PluginManage:310 - Check plugin projectmanager
2025-04-24 13:21:11,700 [INFO] PluginManage:359 - Loaded plugin projectmanager (category:projectmanager,tabindex:4)
2025-04-24 13:21:11,700 [INFO] PluginManage:310 - Check plugin rif
2025-04-24 13:21:11,735 [INFO] PluginManage:359 - Loaded plugin rif (category:base,tabindex:3)
2025-04-24 13:21:11,736 [INFO] PluginManage:310 - Check plugin thirdparty
2025-04-24 13:21:12,279 [INFO] PluginManage:359 - Loaded plugin thirdparty (category:base,tabindex:-1)
2025-04-24 13:21:12,280 [INFO] PluginManage:310 - Check plugin tools
2025-04-24 13:21:12,290 [WARN] IntegrityCheckThread:84 - waiting for thirdparty lock release [integrity check]
2025-04-24 13:21:12,291 [INFO] IntegrityCheckThread:86 - entering critical section [integrity check]
2025-04-24 13:21:12,292 [INFO] ThirdPartyUpdaterWithRetryManager:70 - Updater plugin not ready yet. [1/15]
2025-04-24 13:21:12,386 [INFO] PluginManage:359 - Loaded plugin tools (category:base,tabindex:7)
2025-04-24 13:21:12,386 [INFO] PluginManage:310 - Check plugin tutovideos
2025-04-24 13:21:12,781 [INFO] PluginManage:359 - Loaded plugin tutovideos (category:base,tabindex:-1)
2025-04-24 13:21:12,781 [INFO] PluginManage:310 - Check plugin updater
2025-04-24 13:21:12,839 [INFO] PluginManage:359 - Loaded plugin updater (category:base,tabindex:12)
2025-04-24 13:21:12,839 [INFO] PluginManage:310 - Check plugin userauth
2025-04-24 13:21:12,845 [INFO] UserAuth:118 - Init User Auth plugin
2025-04-24 13:21:12,847 [INFO] PluginManage:359 - Loaded plugin userauth (category:base,tabindex:14)
2025-04-24 13:21:12,847 [INFO] PluginManage:283 - PluginManage : Loaded plugins [18]
2025-04-24 13:21:13,286 [INFO] PinOutPanel:1589 - setPackage(No Configuration,No Configuration)
2025-04-24 13:21:13,446 [INFO] CADModel:165 - CPN selected for project level
2025-04-24 13:21:13,446 [INFO] CADModel:114 - Register for checkConnection events
2025-04-24 13:21:13,497 [INFO] IPUIPlugin:80 - create IPUIPlugin
2025-04-24 13:21:13,497 [INFO] PluginManager:220 - loadIPPluginJar : add adc
2025-04-24 13:21:13,595 [INFO] IPUIPlugin:80 - create IPUIPlugin
2025-04-24 13:21:13,596 [INFO] PluginManager:220 - loadIPPluginJar : add aes
2025-04-24 13:21:13,868 [INFO] IPUIPlugin:80 - create IPUIPlugin
2025-04-24 13:21:13,873 [INFO] PluginManager:220 - loadIPPluginJar : add can
2025-04-24 13:21:13,930 [INFO] IPUIPlugin:80 - create IPUIPlugin
2025-04-24 13:21:13,930 [INFO] PluginManager:220 - loadIPPluginJar : add comp
2025-04-24 13:21:14,007 [INFO] IPUIPlugin:80 - create IPUIPlugin
2025-04-24 13:21:14,007 [INFO] PluginManager:220 - loadIPPluginJar : add cryp
2025-04-24 13:21:14,030 [INFO] IPUIPlugin:80 - create IPUIPlugin
2025-04-24 13:21:14,030 [INFO] PluginManager:220 - loadIPPluginJar : add ddr_ctrl_phy
2025-04-24 13:21:14,181 [INFO] IPUIPlugin:80 - create IPUIPlugin
2025-04-24 13:21:14,181 [INFO] PluginManager:220 - loadIPPluginJar : add dfsdm
2025-04-24 13:21:14,301 [INFO] IPUIPlugin:80 - create IPUIPlugin
2025-04-24 13:21:14,302 [INFO] PluginManager:220 - loadIPPluginJar : add dma
2025-04-24 13:21:14,423 [INFO] IPUIPlugin:80 - create IPUIPlugin
2025-04-24 13:21:14,423 [INFO] PluginManager:220 - loadIPPluginJar : add dma3
2025-04-24 13:21:14,528 [INFO] IPUIPlugin:80 - create IPUIPlugin
2025-04-24 13:21:14,528 [INFO] PluginManager:220 - loadIPPluginJar : add extmemmanager
2025-04-24 13:21:14,646 [INFO] IPUIPlugin:80 - create IPUIPlugin
2025-04-24 13:21:14,656 [INFO] PluginManager:220 - loadIPPluginJar : add fatfs
2025-04-24 13:21:14,780 [INFO] IPUIPlugin:80 - create IPUIPlugin
2025-04-24 13:21:14,781 [INFO] PluginManager:220 - loadIPPluginJar : add fmc
2025-04-24 13:21:14,816 [INFO] IPUIPlugin:80 - create IPUIPlugin
2025-04-24 13:21:14,817 [INFO] PluginManager:220 - loadIPPluginJar : add freertos
2025-04-24 13:21:14,869 [INFO] IPUIPlugin:80 - create IPUIPlugin
2025-04-24 13:21:14,869 [INFO] PluginManager:220 - loadIPPluginJar : add genericplugin
2025-04-24 13:21:15,110 [INFO] IPUIPlugin:80 - create IPUIPlugin
2025-04-24 13:21:15,110 [INFO] PluginManager:220 - loadIPPluginJar : add gfxmmu
2025-04-24 13:21:15,302 [INFO] ThirdPartyUpdaterWithRetryManager:70 - Updater plugin not ready yet. [2/15]
2025-04-24 13:21:16,018 [INFO] IPUIPlugin:80 - create IPUIPlugin
2025-04-24 13:21:16,019 [INFO] PluginManager:220 - loadIPPluginJar : add gic
2025-04-24 13:21:16,050 [INFO] IPUIPlugin:80 - create IPUIPlugin
2025-04-24 13:21:16,050 [INFO] PluginManager:220 - loadIPPluginJar : add gpio
2025-04-24 13:21:16,286 [INFO] IPUIPlugin:80 - create IPUIPlugin
2025-04-24 13:21:16,286 [INFO] PluginManager:220 - loadIPPluginJar : add gtzc
2025-04-24 13:21:16,479 [INFO] IPUIPlugin:80 - create IPUIPlugin
2025-04-24 13:21:16,484 [INFO] PluginManager:220 - loadIPPluginJar : add hash
2025-04-24 13:21:16,776 [INFO] IPUIPlugin:80 - create IPUIPlugin
2025-04-24 13:21:16,778 [INFO] PluginManager:220 - loadIPPluginJar : add i2c
2025-04-24 13:21:16,875 [INFO] IPUIPlugin:80 - create IPUIPlugin
2025-04-24 13:21:16,875 [INFO] PluginManager:220 - loadIPPluginJar : add i2s
2025-04-24 13:21:16,976 [INFO] IPUIPlugin:80 - create IPUIPlugin
2025-04-24 13:21:16,978 [INFO] PluginManager:220 - loadIPPluginJar : add i3c
2025-04-24 13:21:17,191 [INFO] IPUIPlugin:80 - create IPUIPlugin
2025-04-24 13:21:17,191 [INFO] PluginManager:220 - loadIPPluginJar : add ipddr
2025-04-24 13:21:17,767 [INFO] IPUIPlugin:80 - create IPUIPlugin
2025-04-24 13:21:17,767 [INFO] PluginManager:220 - loadIPPluginJar : add linkedlist
2025-04-24 13:21:17,874 [INFO] IPUIPlugin:80 - create IPUIPlugin
2025-04-24 13:21:17,876 [INFO] PluginManager:220 - loadIPPluginJar : add lorawan
2025-04-24 13:21:18,042 [INFO] IPUIPlugin:80 - create IPUIPlugin
2025-04-24 13:21:18,042 [INFO] PluginManager:220 - loadIPPluginJar : add ltdc
2025-04-24 13:21:18,155 [INFO] IPUIPlugin:80 - create IPUIPlugin
2025-04-24 13:21:18,155 [INFO] PluginManager:220 - loadIPPluginJar : add mdma
2025-04-24 13:21:18,183 [INFO] IPUIPlugin:80 - create IPUIPlugin
2025-04-24 13:21:18,183 [INFO] PluginManager:220 - loadIPPluginJar : add nvic
2025-04-24 13:21:18,326 [INFO] ThirdPartyUpdaterWithRetryManager:70 - Updater plugin not ready yet. [3/15]
2025-04-24 13:21:18,368 [INFO] IPUIPlugin:80 - create IPUIPlugin
2025-04-24 13:21:18,368 [INFO] PluginManager:220 - loadIPPluginJar : add opamp
2025-04-24 13:21:18,525 [INFO] IPUIPlugin:80 - create IPUIPlugin
2025-04-24 13:21:18,525 [INFO] PluginManager:220 - loadIPPluginJar : add openamp
2025-04-24 13:21:18,668 [INFO] IPUIPlugin:80 - create IPUIPlugin
2025-04-24 13:21:18,668 [INFO] PluginManager:220 - loadIPPluginJar : add pdm2pcm
2025-04-24 13:21:18,702 [INFO] IPUIPlugin:80 - create IPUIPlugin
2025-04-24 13:21:18,707 [INFO] PluginManager:220 - loadIPPluginJar : add plateformsettings
2025-04-24 13:21:18,778 [INFO] IPUIPlugin:80 - create IPUIPlugin
2025-04-24 13:21:18,778 [INFO] PluginManager:220 - loadIPPluginJar : add quadspi
2025-04-24 13:21:18,844 [INFO] IPUIPlugin:80 - create IPUIPlugin
2025-04-24 13:21:18,846 [INFO] PluginManager:220 - loadIPPluginJar : add radio
2025-04-24 13:21:18,882 [INFO] IPUIPlugin:80 - create IPUIPlugin
2025-04-24 13:21:18,884 [INFO] PluginManager:220 - loadIPPluginJar : add resmgrutility
2025-04-24 13:21:19,078 [INFO] IPUIPlugin:80 - create IPUIPlugin
2025-04-24 13:21:19,080 [INFO] PluginManager:220 - loadIPPluginJar : add sai
2025-04-24 13:21:19,207 [INFO] IPUIPlugin:80 - create IPUIPlugin
2025-04-24 13:21:19,207 [INFO] PluginManager:220 - loadIPPluginJar : add spi
2025-04-24 13:21:19,360 [INFO] IPUIPlugin:80 - create IPUIPlugin
2025-04-24 13:21:19,360 [INFO] PluginManager:220 - loadIPPluginJar : add stm32_wpan
2025-04-24 13:21:19,421 [INFO] IPUIPlugin:80 - create IPUIPlugin
2025-04-24 13:21:19,421 [INFO] PluginManager:220 - loadIPPluginJar : add tim
2025-04-24 13:21:19,547 [INFO] IPUIPlugin:80 - create IPUIPlugin
2025-04-24 13:21:19,549 [INFO] PluginManager:220 - loadIPPluginJar : add touchsensing
2025-04-24 13:21:19,588 [INFO] IPUIPlugin:80 - create IPUIPlugin
2025-04-24 13:21:19,588 [INFO] PluginManager:220 - loadIPPluginJar : add tracer_emb
2025-04-24 13:21:19,646 [INFO] IPUIPlugin:80 - create IPUIPlugin
2025-04-24 13:21:19,646 [INFO] PluginManager:220 - loadIPPluginJar : add ts
2025-04-24 13:21:19,683 [INFO] IPUIPlugin:80 - create IPUIPlugin
2025-04-24 13:21:19,683 [INFO] PluginManager:220 - loadIPPluginJar : add tsc
2025-04-24 13:21:19,736 [INFO] IPUIPlugin:80 - create IPUIPlugin
2025-04-24 13:21:19,736 [INFO] PluginManager:220 - loadIPPluginJar : add ucpd
2025-04-24 13:21:19,823 [INFO] IPUIPlugin:80 - create IPUIPlugin
2025-04-24 13:21:19,823 [INFO] PluginManager:220 - loadIPPluginJar : add usart
2025-04-24 13:21:19,917 [INFO] IPUIPlugin:80 - create IPUIPlugin
2025-04-24 13:21:19,917 [INFO] PluginManager:220 - loadIPPluginJar : add usbx
2025-04-24 13:21:20,084 [FATAL] Updater:351 - Updater called before beeing initialized
2025-04-24 13:21:20,110 [INFO] RulesReader:64 - Compatibility file has been processed (297 Rules)
2025-04-24 13:21:20,134 [INFO] RulesReader:64 - Compatibility file has been processed (297 Rules)
2025-04-24 13:21:20,146 [INFO] CADModel:165 - CPN selected for project level
2025-04-24 13:21:20,146 [INFO] CADModel:114 - Register for checkConnection events
2025-04-24 13:21:20,146 [FATAL] Updater:351 - Updater called before beeing initialized
2025-04-24 13:21:20,146 [ERROR] CADModel:125 - Updater not yet initialized, retry later 
2025-04-24 13:21:20,423 [FATAL] Updater:351 - Updater called before beeing initialized
2025-04-24 13:21:20,423 [INFO] CADModel:165 - CPN selected for project level
2025-04-24 13:21:20,423 [INFO] CADModel:114 - Register for checkConnection events
2025-04-24 13:21:20,423 [FATAL] Updater:351 - Updater called before beeing initialized
2025-04-24 13:21:20,423 [ERROR] CADModel:125 - Updater not yet initialized, retry later 
2025-04-24 13:21:20,433 [FATAL] Updater:351 - Updater called before beeing initialized
2025-04-24 13:21:20,645 [FATAL] Updater:351 - Updater called before beeing initialized
2025-04-24 13:21:20,673 [INFO] DbMcusAds:53 - JSON generation date=Thu Mar 06 17:54:22 TRT 2025 (1741272862204)
2025-04-24 13:21:20,673 [FATAL] Updater:351 - Updater called before beeing initialized
2025-04-24 13:21:20,735 [WARN] DetailPanel:346 - Failed to get advertising image, set to default
2025-04-24 13:21:20,996 [FATAL] Updater:351 - Updater called before beeing initialized
2025-04-24 13:21:20,996 [FATAL] Updater:351 - Updater called before beeing initialized
2025-04-24 13:21:20,996 [FATAL] Updater:351 - Updater called before beeing initialized
2025-04-24 13:21:20,996 [WARN] DetailPanel:346 - Failed to get advertising image, set to default
2025-04-24 13:21:20,996 [FATAL] Updater:351 - Updater called before beeing initialized
2025-04-24 13:21:21,083 [ERROR] Updater:1198 - MainUpdater not yet initialized. External WinMGr cannot be set.
2025-04-24 13:21:21,098 [INFO] Updater:1134 - Updater Version found : 6.13.0
2025-04-24 13:21:21,114 [INFO] ApplicationProperties:184 - Using Application install path: C:\ST\STM32CubeIDE_1.17.0\STM32CubeIDE\plugins\com.st.stm32cube.common.mx_6.13.0.202411220809
2025-04-24 13:21:21,328 [INFO] ThirdPartyUpdaterWithRetryManager:70 - Updater plugin not ready yet. [4/15]
2025-04-24 13:21:22,765 [ERROR] LogOutputStream:75 - [STDERR_REDIRECT] Apr 24, 2025 1:21:22 PM java.util.prefs.WindowsPreferences <init>
2025-04-24 13:21:22,765 [ERROR] LogOutputStream:75 - [STDERR_REDIRECT] WARNING: Could not open/create prefs root node Software\JavaSoft\Prefs at root 0xffffffff80000002. Windows RegCreateKeyEx(...) returned error code 5.
2025-04-24 13:21:22,765 [ERROR] LogOutputStream:75 - [STDERR_REDIRECT] 
2025-04-24 13:21:23,544 [INFO] MainUpdater:2872 - connection check result : 10
2025-04-24 13:21:23,544 [INFO] MainUpdater:289 - Updater Check For Update Now.
2025-04-24 13:21:23,544 [INFO] MicroXplorer:498 - Change Database Version : DB.6.0.130
2025-04-24 13:21:23,599 [INFO] McuFinderGlobals:63 - Set McuFinder mode to 2 (CubeIDE integrated)
2025-04-24 13:21:23,599 [INFO] UserAuth:171 - activating auth plugin
2025-04-24 13:21:23,615 [INFO] UserAuth:486 - Internet connection configuration mode: 1
2025-04-24 13:21:23,663 [INFO] JxBrowserEngine:152 - Initiate JxBrowser Engine with user profile folder
2025-04-24 13:21:23,835 [INFO] CheckServerUpdateThread:120 - End of CheckServer Thread
2025-04-24 13:21:24,765 [WARN] PackLoader:240 - Cannot read IP mode file for STMicroelectronics.FP-SNS-MOTENVWB1.1.4.0
2025-04-24 13:21:24,786 [WARN] PackLoader:240 - Cannot read IP mode file for STMicroelectronics.FP-ATR-ASTRA1.2.0.2
2025-04-24 13:21:24,798 [WARN] PackLoader:240 - Cannot read IP mode file for STMicroelectronics.FP-ATR-ASTRA1.2.0.1
2025-04-24 13:21:24,815 [WARN] PackLoader:240 - Cannot read IP mode file for STMicroelectronics.X-CUBE-SMBUS.2.1.0
2025-04-24 13:21:24,835 [WARN] PackLoader:240 - Cannot read IP mode file for STMicroelectronics.X-CUBE-WB05N.1.1.0
2025-04-24 13:21:24,875 [WARN] PackLoader:240 - Cannot read IP mode file for STMicroelectronics.X-CUBE-AZRTOS-F7.1.1.0
2025-04-24 13:21:24,930 [WARN] PackLoader:240 - Cannot read IP mode file for STMicroelectronics.X-CUBE-MEMS1.11.0.0
2025-04-24 13:21:24,995 [INFO] WebApp:168 - Instantiating new browser for Auth
2025-04-24 13:21:25,109 [WARN] PackLoader:240 - Cannot read IP mode file for STMicroelectronics.FP-SNS-FLIGHT1.5.0.2
2025-04-24 13:21:25,143 [WARN] PackLoader:240 - Cannot read IP mode file for Infineon.AIROC-Wi-Fi-Bluetooth-STM32.1.7.0
2025-04-24 13:21:25,165 [WARN] PackLoader:240 - Cannot read IP mode file for STMicroelectronics.X-CUBE-DISPLAY.3.0.0
2025-04-24 13:21:25,181 [WARN] PackLoader:240 - Cannot read IP mode file for STMicroelectronics.X-CUBE-BLE1.7.0.0
2025-04-24 13:21:25,205 [WARN] PackLoader:240 - Cannot read IP mode file for STMicroelectronics.X-CUBE-NFC10.1.0.0
2025-04-24 13:21:25,224 [WARN] PackLoader:240 - Cannot read IP mode file for STMicroelectronics.X-CUBE-BLEMGR.4.0.0
2025-04-24 13:21:25,240 [WARN] PackLoader:240 - Cannot read IP mode file for emotas.I-CUBE-CANOPEN.1.3.0
2025-04-24 13:21:25,256 [WARN] PackLoader:240 - Cannot read IP mode file for STMicroelectronics.X-CUBE-AI.10.0.0
2025-04-24 13:21:25,276 [WARN] PackLoader:240 - Cannot read IP mode file for STMicroelectronics.FP-SNS-SMARTAG2.1.2.0
2025-04-24 13:21:25,276 [WARN] PackLoader:240 - Cannot read IP mode file for STMicroelectronics.FP-SNS-FLIGHT1.5.1.0
2025-04-24 13:21:25,344 [WARN] PackLoader:240 - Cannot read IP mode file for STMicroelectronics.X-CUBE-MEMS1.11.1.0
2025-04-24 13:21:25,457 [INFO] LogOutputStream:77 - [STDOUT_REDIRECT] 1 : Invalid condition id : UX_CORESTACK_Condition cause : null
2025-04-24 13:21:25,457 [INFO] LogOutputStream:77 - [STDOUT_REDIRECT] 1 : Invalid condition id : UX_CORESTACK_Condition cause : null
2025-04-24 13:21:25,457 [INFO] LogOutputStream:77 - [STDOUT_REDIRECT] 1 : Invalid condition id : UX_CORESTACK_Condition cause : null
2025-04-24 13:21:25,457 [INFO] LogOutputStream:77 - [STDOUT_REDIRECT] 1 : Invalid condition id : UX_CORESTACK_Condition cause : null
2025-04-24 13:21:25,457 [INFO] LogOutputStream:77 - [STDOUT_REDIRECT] 1 : Invalid condition id : UX_CORESTACK_Condition cause : null
2025-04-24 13:21:25,457 [WARN] PackLoader:240 - Cannot read IP mode file for STMicroelectronics.X-CUBE-AZRTOS-WL.2.0.0
2025-04-24 13:21:25,489 [WARN] PackLoader:240 - Cannot read IP mode file for STMicroelectronics.FP-SNS-MOTENV1.5.0.0
2025-04-24 13:21:25,506 [WARN] PackLoader:240 - Cannot read IP mode file for wolfSSL.I-CUBE-wolfMQTT.1.19.0
2025-04-24 13:21:25,528 [WARN] PackLoader:240 - Cannot read IP mode file for WES.I-CUBE-Cesium.1.3.0
2025-04-24 13:21:25,543 [WARN] PackLoader:240 - Cannot read IP mode file for STMicroelectronics.X-CUBE-BLE2.3.3.0
2025-04-24 13:21:25,560 [WARN] PackLoader:240 - Cannot read IP mode file for STMicroelectronics.X-CUBE-NFC9.1.0.0
2025-04-24 13:21:25,575 [WARN] PackLoader:240 - Cannot read IP mode file for STMicroelectronics.X-CUBE-BLE1.7.1.0
2025-04-24 13:21:25,630 [WARN] PackLoader:240 - Cannot read IP mode file for STMicroelectronics.X-CUBE-MEMS1.11.2.0
2025-04-24 13:21:25,760 [WARN] PackLoader:240 - Cannot read IP mode file for STMicroelectronics.X-CUBE-AZRTOS-G0.1.1.0
2025-04-24 13:21:25,788 [WARN] PackLoader:240 - Cannot read IP mode file for STMicroelectronics.X-CUBE-SAFEA1.1.2.2
2025-04-24 13:21:25,805 [WARN] PackLoader:240 - Cannot read IP mode file for STMicroelectronics.X-CUBE-NFC4.3.0.0
2025-04-24 13:21:25,821 [WARN] PackLoader:240 - Cannot read IP mode file for EmbeddedOffice.I-CUBE-FS-RTOS.1.0.1
2025-04-24 13:21:25,844 [WARN] PackLoader:240 - Cannot read IP mode file for STMicroelectronics.X-CUBE-WB05N.2.0.0
2025-04-24 13:21:25,860 [WARN] PackLoader:240 - Cannot read IP mode file for STMicroelectronics.X-CUBE-TCPP.4.2.0
2025-04-24 13:21:25,876 [WARN] PackLoader:240 - Cannot read IP mode file for RealThread.X-CUBE-RT-Thread_Nano.4.1.1
2025-04-24 13:21:25,892 [WARN] PackLoader:240 - Cannot read IP mode file for STMicroelectronics.FP-ATR-SIGFOX1.3.2.0
2025-04-24 13:21:25,907 [WARN] ConditionMgr:438 - getConditionDescription Invalid condition id : Cortex-A Device cause : null
2025-04-24 13:21:25,944 [WARN] ConditionMgr:1044 - genDependencies : Invalid condition id : Cortex-A Device cause : null
2025-04-24 13:21:25,944 [WARN] ConditionMgr:1044 - genDependencies : Invalid condition id : Cortex-A Device cause : null
2025-04-24 13:21:25,944 [WARN] ConditionMgr:1044 - genDependencies : Invalid condition id : Cortex-A Device cause : null
2025-04-24 13:21:25,955 [WARN] PackLoader:240 - Cannot read IP mode file for STMicroelectronics.X-CUBE-EEPRMA1.5.1.0
2025-04-24 13:21:25,978 [WARN] PackLoader:240 - Cannot read IP mode file for wolfSSL.I-CUBE-wolfSSL.5.7.4
2025-04-24 13:21:25,995 [WARN] PackLoader:240 - Cannot read IP mode file for ITTIA_DB.I-CUBE-ITTIADB.8.9.0
2025-04-24 13:21:26,036 [WARN] PackLoader:240 - Cannot read IP mode file for SEGGER.I-CUBE-embOS.1.3.1
2025-04-24 13:21:26,071 [WARN] PackLoader:240 - Cannot read IP mode file for STMicroelectronics.X-CUBE-ALGOBUILD.1.4.0
2025-04-24 13:21:26,088 [WARN] PackLoader:240 - Cannot read IP mode file for STMicroelectronics.X-CUBE-AI.9.1.0
2025-04-24 13:21:26,138 [WARN] PackLoader:240 - Cannot read IP mode file for STMicroelectronics.X-CUBE-AZRTOS-F4.1.1.0
2025-04-24 13:21:26,165 [WARN] PackLoader:240 - Cannot read IP mode file for Avnet-IotConnect.X-CUBE-IoTC-DA16k-PMOD.1.0.0
2025-04-24 13:21:26,184 [WARN] PackLoader:240 - Cannot read IP mode file for STMicroelectronics.X-CUBE-ISPU.2.1.0
2025-04-24 13:21:26,221 [WARN] PackLoader:240 - Cannot read IP mode file for STMicroelectronics.X-CUBE-AZRTOS-L5.2.0.0
2025-04-24 13:21:26,237 [WARN] PackLoader:240 - Cannot read IP mode file for STMicroelectronics.X-CUBE-NFC6.3.1.0
2025-04-24 13:21:26,279 [WARN] PackLoader:240 - Cannot read IP mode file for STMicroelectronics.X-CUBE-DPower.1.2.0
2025-04-24 13:21:26,294 [WARN] PackLoader:240 - Cannot read IP mode file for STMicroelectronics.X-CUBE-FREERTOS.1.3.0
2025-04-24 13:21:26,310 [WARN] PackLoader:240 - Cannot read IP mode file for STMicroelectronics.X-CUBE-NFC7.1.0.1
2025-04-24 13:21:26,329 [WARN] PackLoader:240 - Cannot read IP mode file for STMicroelectronics.X-CUBE-DPower.1.3.0
2025-04-24 13:21:26,351 [WARN] ConditionMgr:438 - getConditionDescription Invalid condition id : LAN8742 Phy interface Condition cause : null
2025-04-24 13:21:26,351 [WARN] PackLoader:240 - Cannot read IP mode file for STMicroelectronics.X-CUBE-AZRTOS-L4.2.0.0
2025-04-24 13:21:26,362 [WARN] ConditionMgr:1044 - genDependencies : Invalid condition id : LAN8742 Phy interface Condition cause : null
2025-04-24 13:21:26,362 [WARN] ConditionMgr:1044 - genDependencies : Invalid condition id : LAN8742 Phy interface Condition cause : null
2025-04-24 13:21:26,364 [WARN] ConditionMgr:1044 - genDependencies : Invalid condition id : LAN8742 Phy interface Condition cause : null
2025-04-24 13:21:26,379 [WARN] PackLoader:240 - Cannot read IP mode file for STMicroelectronics.X-CUBE-SFXS2LP1.4.0.0
2025-04-24 13:21:26,403 [WARN] PackLoader:240 - Cannot read IP mode file for STMicroelectronics.X-CUBE-AZRTOS-H7.3.3.0
2025-04-24 13:21:26,439 [WARN] PackLoader:240 - Cannot read IP mode file for STMicroelectronics.X-CUBE-IPS.3.0.0
2025-04-24 13:21:26,466 [WARN] ConditionMgr:438 - getConditionDescription Invalid condition id : UX DEVICE CLASS RTOS Condition cause : null
2025-04-24 13:21:26,466 [WARN] ConditionMgr:438 - getConditionDescription Invalid condition id : UX DEVICE CLASS RTOS Condition cause : null
2025-04-24 13:21:26,466 [WARN] PackLoader:240 - Cannot read IP mode file for STMicroelectronics.X-CUBE-AZRTOS-WB.2.0.0
2025-04-24 13:21:26,466 [WARN] ConditionMgr:1044 - genDependencies : Invalid condition id : UX DEVICE CLASS RTOS Condition cause : null
2025-04-24 13:21:26,466 [WARN] ConditionMgr:1044 - genDependencies : Invalid condition id : UX DEVICE CLASS RTOS Condition cause : null
2025-04-24 13:21:26,466 [WARN] ConditionMgr:1044 - genDependencies : Invalid condition id : UX DEVICE CLASS RTOS Condition cause : null
2025-04-24 13:21:26,466 [WARN] ConditionMgr:1044 - genDependencies : Invalid condition id : UX DEVICE CLASS RTOS Condition cause : null
2025-04-24 13:21:26,466 [WARN] ConditionMgr:1044 - genDependencies : Invalid condition id : UX DEVICE CLASS RTOS Condition cause : null
2025-04-24 13:21:26,482 [WARN] PackLoader:240 - Cannot read IP mode file for STMicroelectronics.X-CUBE-GNSS1.7.0.0
2025-04-24 13:21:26,506 [WARN] PackLoader:240 - Cannot read IP mode file for STMicroelectronics.X-CUBE-GNSS1.7.0.1
2025-04-24 13:21:26,532 [WARN] PackLoader:240 - Cannot read IP mode file for STMicroelectronics.X-CUBE-TOUCHGFX.4.25.0
2025-04-24 13:21:26,549 [WARN] PackLoader:240 - Cannot read IP mode file for STMicroelectronics.FP-SNS-STBOX1.2.0.0
2025-04-24 13:21:26,577 [WARN] PackLoader:240 - Cannot read IP mode file for STMicroelectronics.X-CUBE-SUBG2.5.0.0
2025-04-24 13:21:26,610 [WARN] PackLoader:240 - Cannot read IP mode file for STMicroelectronics.X-CUBE-AZRTOS-H7RS.1.1.0
2025-04-24 13:21:26,626 [WARN] PackLoader:240 - Cannot read IP mode file for Cesanta.I-CUBE-Mongoose.7.13.0
2025-04-24 13:21:26,658 [WARN] PackLoader:240 - Cannot read IP mode file for STMicroelectronics.X-CUBE-AZRTOS-G4.2.0.0
2025-04-24 13:21:26,679 [WARN] PackLoader:240 - Cannot read IP mode file for STMicroelectronics.X-CUBE-IPS.3.1.0
2025-04-24 13:21:26,700 [WARN] PackLoader:240 - Cannot read IP mode file for STMicroelectronics.X-CUBE-ALS.1.0.2
2025-04-24 13:21:26,707 [WARN] PackLoader:240 - Cannot read IP mode file for STMicroelectronics.X-CUBE-TOUCHGFX.4.24.2
2025-04-24 13:21:26,734 [WARN] PackLoader:240 - Cannot read IP mode file for STMicroelectronics.X-CUBE-TOUCHGFX.4.24.1
2025-04-24 13:21:26,756 [WARN] PackLoader:240 - Cannot read IP mode file for wolfSSL.I-CUBE-wolfTPM.3.4.0
2025-04-24 13:21:26,774 [WARN] PackLoader:240 - Cannot read IP mode file for portGmbH.I-Cube-SoM-uGOAL.1.1.0
2025-04-24 13:21:26,809 [WARN] PackLoader:240 - Cannot read IP mode file for STMicroelectronics.X-CUBE-AZRTOS-H7RS.1.0.0
2025-04-24 13:21:26,828 [WARN] PackLoader:240 - Cannot read IP mode file for STMicroelectronics.X-CUBE-TOF1.3.4.2
2025-04-24 13:21:26,865 [WARN] PackLoader:240 - Cannot read IP mode file for STMicroelectronics.X-CUBE-TOF1.3.4.3
2025-04-24 13:21:26,870 [WARN] PackLoader:240 - Cannot read IP mode file for wolfSSL.I-CUBE-wolfSSH.1.4.17
2025-04-24 13:21:26,885 [INFO] ThirdParty:978 - Integrity check success = true
2025-04-24 13:21:26,885 [INFO] IntegrityCheckThread:100 - exiting critical section [integrity check]
2025-04-24 13:21:26,885 [INFO] IntegrityCheckThread:103 - End integrity checks thread
2025-04-24 13:21:27,224 [INFO] WebApp:449 - Apply proxy settings
2025-04-24 13:21:27,226 [INFO] WebApp:534 - Chromium requires no authentication
2025-04-24 13:21:27,236 [INFO] WebApp:477 - Direct internet connection detected
2025-04-24 13:21:27,265 [INFO] WebApp:880 - Register for checkConnection events
2025-04-24 13:21:27,267 [INFO] WebApp:449 - Apply proxy settings
2025-04-24 13:21:27,267 [INFO] WebApp:534 - Chromium requires no authentication
2025-04-24 13:21:27,267 [INFO] WebApp:477 - Direct internet connection detected
2025-04-24 13:21:27,515 [INFO] WebApp:221 - Starting web application
2025-04-24 13:21:27,515 [INFO] WebApp:579 - Web application path used C:\ST\STM32CubeIDE_1.17.0\STM32CubeIDE\plugins\com.st.stm32cube.common.mx_6.13.0.202411220809\db\plugins\mcufinder\reactClient1\index.html
2025-04-24 13:21:27,914 [ERROR] LogOutputStream:75 - [STDERR_REDIRECT] [Fatal Error] :1:1: Premature end of file.
2025-04-24 13:21:27,914 [ERROR] LogOutputStream:75 - [STDERR_REDIRECT] 
2025-04-24 13:21:28,005 [INFO] WebApp:187 - Connection restablished
2025-04-24 13:21:28,873 [ERROR] LogOutputStream:75 - [STDERR_REDIRECT] [Fatal Error] :1:1: Premature end of file.
2025-04-24 13:21:28,873 [ERROR] LogOutputStream:75 - [STDERR_REDIRECT] 
2025-04-24 13:21:29,857 [ERROR] LogOutputStream:75 - [STDERR_REDIRECT] [Fatal Error] :1:1: Premature end of file.
2025-04-24 13:21:29,857 [ERROR] LogOutputStream:75 - [STDERR_REDIRECT] 
2025-04-24 13:21:30,862 [ERROR] LogOutputStream:75 - [STDERR_REDIRECT] [Fatal Error] :1:1: Premature end of file.
2025-04-24 13:21:30,862 [ERROR] LogOutputStream:75 - [STDERR_REDIRECT] 
2025-04-24 13:21:31,857 [ERROR] LogOutputStream:75 - [STDERR_REDIRECT] [Fatal Error] :1:1: Premature end of file.
2025-04-24 13:21:31,857 [ERROR] LogOutputStream:75 - [STDERR_REDIRECT] 
2025-04-24 13:21:32,865 [ERROR] LogOutputStream:75 - [STDERR_REDIRECT] [Fatal Error] :1:1: Premature end of file.
2025-04-24 13:21:32,865 [ERROR] LogOutputStream:75 - [STDERR_REDIRECT] 
2025-04-24 13:21:33,868 [ERROR] LogOutputStream:75 - [STDERR_REDIRECT] [Fatal Error] :1:1: Premature end of file.
2025-04-24 13:21:33,868 [ERROR] LogOutputStream:75 - [STDERR_REDIRECT] 
2025-04-24 13:21:34,868 [ERROR] LogOutputStream:75 - [STDERR_REDIRECT] [Fatal Error] :1:1: Premature end of file.
2025-04-24 13:21:34,868 [ERROR] LogOutputStream:75 - [STDERR_REDIRECT] 
2025-04-24 13:21:35,854 [ERROR] LogOutputStream:75 - [STDERR_REDIRECT] [Fatal Error] :1:1: Premature end of file.
2025-04-24 13:21:35,854 [ERROR] LogOutputStream:75 - [STDERR_REDIRECT] 
2025-04-24 13:21:36,868 [ERROR] LogOutputStream:75 - [STDERR_REDIRECT] [Fatal Error] :1:1: Premature end of file.
2025-04-24 13:21:36,869 [ERROR] LogOutputStream:75 - [STDERR_REDIRECT] 
2025-04-24 13:21:37,858 [ERROR] LogOutputStream:75 - [STDERR_REDIRECT] [Fatal Error] :1:1: Premature end of file.
2025-04-24 13:21:37,868 [ERROR] LogOutputStream:75 - [STDERR_REDIRECT] 
2025-04-24 13:21:38,876 [ERROR] LogOutputStream:75 - [STDERR_REDIRECT] [Fatal Error] :1:1: Premature end of file.
2025-04-24 13:21:38,876 [ERROR] LogOutputStream:75 - [STDERR_REDIRECT] 
2025-04-24 13:21:39,873 [ERROR] LogOutputStream:75 - [STDERR_REDIRECT] [Fatal Error] :1:1: Premature end of file.
2025-04-24 13:21:39,873 [ERROR] LogOutputStream:75 - [STDERR_REDIRECT] 
2025-04-24 13:21:40,862 [ERROR] LogOutputStream:75 - [STDERR_REDIRECT] [Fatal Error] :1:1: Premature end of file.
2025-04-24 13:21:40,862 [ERROR] LogOutputStream:75 - [STDERR_REDIRECT] 
2025-04-24 13:21:41,853 [ERROR] LogOutputStream:75 - [STDERR_REDIRECT] [Fatal Error] :1:1: Premature end of file.
2025-04-24 13:21:41,853 [ERROR] LogOutputStream:75 - [STDERR_REDIRECT] 
2025-04-24 13:21:42,862 [ERROR] LogOutputStream:75 - [STDERR_REDIRECT] [Fatal Error] :1:1: Premature end of file.
2025-04-24 13:21:42,862 [ERROR] LogOutputStream:75 - [STDERR_REDIRECT] 
2025-04-24 13:21:43,861 [ERROR] LogOutputStream:75 - [STDERR_REDIRECT] [Fatal Error] :1:1: Premature end of file.
2025-04-24 13:21:43,861 [ERROR] LogOutputStream:75 - [STDERR_REDIRECT] 
2025-04-24 13:21:44,860 [ERROR] LogOutputStream:75 - [STDERR_REDIRECT] [Fatal Error] :1:1: Premature end of file.
2025-04-24 13:21:44,860 [ERROR] LogOutputStream:75 - [STDERR_REDIRECT] 
2025-04-24 13:21:45,863 [ERROR] LogOutputStream:75 - [STDERR_REDIRECT] [Fatal Error] :1:1: Premature end of file.
2025-04-24 13:21:45,863 [ERROR] LogOutputStream:75 - [STDERR_REDIRECT] 
2025-04-24 13:21:46,867 [ERROR] LogOutputStream:75 - [STDERR_REDIRECT] [Fatal Error] :1:1: Premature end of file.
2025-04-24 13:21:46,867 [ERROR] LogOutputStream:75 - [STDERR_REDIRECT] 
2025-04-24 13:21:47,863 [ERROR] LogOutputStream:75 - [STDERR_REDIRECT] [Fatal Error] :1:1: Premature end of file.
2025-04-24 13:21:47,863 [ERROR] LogOutputStream:75 - [STDERR_REDIRECT] 
2025-04-24 13:21:48,869 [ERROR] LogOutputStream:75 - [STDERR_REDIRECT] [Fatal Error] :1:1: Premature end of file.
2025-04-24 13:21:48,869 [ERROR] LogOutputStream:75 - [STDERR_REDIRECT] 
2025-04-24 13:21:49,868 [ERROR] LogOutputStream:75 - [STDERR_REDIRECT] [Fatal Error] :1:1: Premature end of file.
2025-04-24 13:21:49,868 [ERROR] LogOutputStream:75 - [STDERR_REDIRECT] 
2025-04-24 13:21:50,864 [ERROR] LogOutputStream:75 - [STDERR_REDIRECT] [Fatal Error] :1:1: Premature end of file.
2025-04-24 13:21:50,864 [ERROR] LogOutputStream:75 - [STDERR_REDIRECT] 
2025-04-24 13:21:51,865 [ERROR] LogOutputStream:75 - [STDERR_REDIRECT] [Fatal Error] :1:1: Premature end of file.
2025-04-24 13:21:51,866 [ERROR] LogOutputStream:75 - [STDERR_REDIRECT] 
2025-04-24 13:21:52,879 [ERROR] LogOutputStream:75 - [STDERR_REDIRECT] [Fatal Error] :1:1: Premature end of file.
2025-04-24 13:21:52,881 [ERROR] LogOutputStream:75 - [STDERR_REDIRECT] 
2025-04-24 13:21:53,861 [ERROR] LogOutputStream:75 - [STDERR_REDIRECT] [Fatal Error] :1:1: Premature end of file.
2025-04-24 13:21:53,861 [ERROR] LogOutputStream:75 - [STDERR_REDIRECT] 
2025-04-24 13:21:54,859 [ERROR] LogOutputStream:75 - [STDERR_REDIRECT] [Fatal Error] :1:1: Premature end of file.
2025-04-24 13:21:54,859 [ERROR] LogOutputStream:75 - [STDERR_REDIRECT] 
2025-04-24 13:21:55,866 [ERROR] LogOutputStream:75 - [STDERR_REDIRECT] [Fatal Error] :1:1: Premature end of file.
2025-04-24 13:21:55,866 [ERROR] LogOutputStream:75 - [STDERR_REDIRECT] 
2025-04-24 13:21:56,872 [ERROR] LogOutputStream:75 - [STDERR_REDIRECT] [Fatal Error] :1:1: Premature end of file.
2025-04-24 13:21:56,872 [ERROR] LogOutputStream:75 - [STDERR_REDIRECT] 
2025-04-24 13:21:57,869 [ERROR] LogOutputStream:75 - [STDERR_REDIRECT] [Fatal Error] :1:1: Premature end of file.
2025-04-24 13:21:57,869 [ERROR] LogOutputStream:75 - [STDERR_REDIRECT] 
2025-04-24 13:21:58,863 [ERROR] LogOutputStream:75 - [STDERR_REDIRECT] [Fatal Error] :1:1: Premature end of file.
2025-04-24 13:21:58,863 [ERROR] LogOutputStream:75 - [STDERR_REDIRECT] 
2025-04-24 13:21:59,864 [ERROR] LogOutputStream:75 - [STDERR_REDIRECT] [Fatal Error] :1:1: Premature end of file.
2025-04-24 13:21:59,865 [ERROR] LogOutputStream:75 - [STDERR_REDIRECT] 
2025-04-24 13:22:00,861 [ERROR] LogOutputStream:75 - [STDERR_REDIRECT] [Fatal Error] :1:1: Premature end of file.
2025-04-24 13:22:00,864 [ERROR] LogOutputStream:75 - [STDERR_REDIRECT] 
2025-04-24 13:22:01,868 [ERROR] LogOutputStream:75 - [STDERR_REDIRECT] [Fatal Error] :1:1: Premature end of file.
2025-04-24 13:22:01,868 [ERROR] LogOutputStream:75 - [STDERR_REDIRECT] 
2025-04-24 13:22:02,867 [ERROR] LogOutputStream:75 - [STDERR_REDIRECT] [Fatal Error] :1:1: Premature end of file.
2025-04-24 13:22:02,867 [ERROR] LogOutputStream:75 - [STDERR_REDIRECT] 
2025-04-24 13:22:03,865 [ERROR] LogOutputStream:75 - [STDERR_REDIRECT] [Fatal Error] :1:1: Premature end of file.
2025-04-24 13:22:03,865 [ERROR] LogOutputStream:75 - [STDERR_REDIRECT] 
2025-04-24 13:22:04,874 [ERROR] LogOutputStream:75 - [STDERR_REDIRECT] [Fatal Error] :1:1: Premature end of file.
2025-04-24 13:22:04,874 [ERROR] LogOutputStream:75 - [STDERR_REDIRECT] 
2025-04-24 13:22:05,857 [ERROR] LogOutputStream:75 - [STDERR_REDIRECT] [Fatal Error] :1:1: Premature end of file.
2025-04-24 13:22:05,857 [ERROR] LogOutputStream:75 - [STDERR_REDIRECT] 
2025-04-24 13:22:06,867 [ERROR] LogOutputStream:75 - [STDERR_REDIRECT] [Fatal Error] :1:1: Premature end of file.
2025-04-24 13:22:06,867 [ERROR] LogOutputStream:75 - [STDERR_REDIRECT] 
2025-04-24 13:22:07,857 [ERROR] LogOutputStream:75 - [STDERR_REDIRECT] [Fatal Error] :1:1: Premature end of file.
2025-04-24 13:22:07,857 [ERROR] LogOutputStream:75 - [STDERR_REDIRECT] 
2025-04-24 13:22:08,872 [ERROR] LogOutputStream:75 - [STDERR_REDIRECT] [Fatal Error] :1:1: Premature end of file.
2025-04-24 13:22:08,874 [ERROR] LogOutputStream:75 - [STDERR_REDIRECT] 
2025-04-24 13:22:09,858 [ERROR] LogOutputStream:75 - [STDERR_REDIRECT] [Fatal Error] :1:1: Premature end of file.
2025-04-24 13:22:09,858 [ERROR] LogOutputStream:75 - [STDERR_REDIRECT] 
2025-04-24 13:22:10,901 [ERROR] LogOutputStream:75 - [STDERR_REDIRECT] [Fatal Error] :1:1: Premature end of file.
2025-04-24 13:22:10,902 [ERROR] LogOutputStream:75 - [STDERR_REDIRECT] 
2025-04-24 13:22:11,872 [ERROR] LogOutputStream:75 - [STDERR_REDIRECT] [Fatal Error] :1:1: Premature end of file.
2025-04-24 13:22:11,872 [ERROR] LogOutputStream:75 - [STDERR_REDIRECT] 
2025-04-24 13:22:12,858 [ERROR] LogOutputStream:75 - [STDERR_REDIRECT] [Fatal Error] :1:1: Premature end of file.
2025-04-24 13:22:12,858 [ERROR] LogOutputStream:75 - [STDERR_REDIRECT] 
2025-04-24 13:22:13,864 [ERROR] LogOutputStream:75 - [STDERR_REDIRECT] [Fatal Error] :1:1: Premature end of file.
2025-04-24 13:22:13,864 [ERROR] LogOutputStream:75 - [STDERR_REDIRECT] 
2025-04-24 13:22:14,867 [ERROR] LogOutputStream:75 - [STDERR_REDIRECT] [Fatal Error] :1:1: Premature end of file.
2025-04-24 13:22:14,868 [ERROR] LogOutputStream:75 - [STDERR_REDIRECT] 
2025-04-24 13:22:15,863 [ERROR] LogOutputStream:75 - [STDERR_REDIRECT] [Fatal Error] :1:1: Premature end of file.
2025-04-24 13:22:15,863 [ERROR] LogOutputStream:75 - [STDERR_REDIRECT] 
2025-04-24 13:22:15,996 [INFO] McuFinderGlobals:63 - Set McuFinder mode to 2 (CubeIDE integrated)
2025-04-24 13:22:16,023 [INFO] MainUpdater:2872 - connection check result : 10
2025-04-24 13:22:16,516 [INFO] ApiDb:581 - Connected to CubeFinder SQLite database (C:\Users\o1yus\.stmcufinder\plugins\mcufinder\mcu\cube-finder-db.db)
2025-04-24 13:22:16,578 [INFO] ApiDb:668 - CubeFinder database Data Model version=2.1
2025-04-24 13:22:16,578 [INFO] ApiDb:669 - CubeFinder database Configuration version=3.0.39
2025-04-24 13:22:16,578 [INFO] ApiDb:670 - CubeFinder database generation date=2025-03-24 (1742811287)
2025-04-24 13:22:16,578 [INFO] ApiDb:671 - CubeFinder database FW Pack versions=[FP-ATR-ASTRA1_V2.0.0, FP-SNS-FLIGHT1_V5.0.2, FP-SNS-MOTENV1_V5.0.0, FP-SNS-MOTENVWB1_V1.4.0, FP-SNS-SMARTAG2_V1.2.0, FP-SNS-STBOX1_V2.0.0, STM32Cube_FW_C0_V1.4.0, STM32Cube_FW_F4_V1.28.1, STM32Cube_FW_F7_V1.17.2, STM32Cube_FW_G0_V1.6.2, STM32Cube_FW_G4_V1.6.1, STM32Cube_FW_H5_V1.5.0, STM32Cube_FW_H7RS_V1.2.0, STM32Cube_FW_H7_V1.12.1, STM32Cube_FW_L0_V1.12.2, STM32Cube_FW_L4_V1.18.1, STM32Cube_FW_L5_V1.5.1, STM32Cube_FW_N6_V1.1.0, STM32Cube_FW_U0_V1.2.0, STM32Cube_FW_U3_V1.1.0, STM32Cube_FW_U5_V1.7.0, STM32Cube_FW_WB0_V1.2.0, STM32Cube_FW_WBA_V1.6.0, STM32Cube_FW_WB_V1.22.0, STM32Cube_FW_WL3_V1.1.0, STM32Cube_FW_WL_V1.3.1, X-CUBE-ALGOBUILD_V1.4.0, X-CUBE-ALS_V1.0.2, X-CUBE-AZRTOS-F4_V1.1.0, X-CUBE-AZRTOS-F7_V1.1.0, X-CUBE-AZRTOS-G0_V1.1.0, X-CUBE-AZRTOS-G4_V2.0.0, X-CUBE-AZRTOS-H7RS_V1.0.0, X-CUBE-AZRTOS-H7_V3.3.0, X-CUBE-AZRTOS-L4_V2.0.0, X-CUBE-AZRTOS-L5_V2.0.0, X-CUBE-AZRTOS-WB_V2.0.0, X-CUBE-AZRTOS-WL_V2.0.0, X-CUBE-BLE1_V7.1.0, X-CUBE-BLE2_V3.3.0, X-CUBE-BLEMGR_V4.0.0, X-CUBE-EEPRMA1_V5.1.0, X-CUBE-FREERTOS_V1.3.0, X-CUBE-GNSS1_V6.0.0, X-CUBE-MEMS1_V11.1.0, X-CUBE-NFC4_V3.0.0, X-CUBE-NFC7_V1.0.1, X-CUBE-SFXS2LP1_V4.0.0, X-CUBE-SUBG2_V5.0.0, X-CUBE-TOF1_V3.4.2]
2025-04-24 13:22:16,666 [INFO] DbBoardsSqlite:226 - include board P-NUCLEO-WB55-NUCLEO as a kit item of type 'Nucleo-64'
2025-04-24 13:22:16,666 [INFO] DbBoardsSqlite:226 - include board P-NUCLEO-WB55-USBDONGLE as a kit item of type 'Nucleo USB Dongle'
2025-04-24 13:22:16,669 [INFO] DbBoardsSqlite:226 - include board STEVAL-IDP005V1 as a kit item of type 'Evaluation Board'
2025-04-24 13:22:16,669 [INFO] DbBoardsSqlite:226 - include board STEVAL-IDP005V2 as a kit item of type 'Evaluation Board'
2025-04-24 13:22:16,860 [ERROR] LogOutputStream:75 - [STDERR_REDIRECT] [Fatal Error] :1:1: Premature end of file.
2025-04-24 13:22:16,861 [ERROR] LogOutputStream:75 - [STDERR_REDIRECT] 
2025-04-24 13:22:17,093 [INFO] ApiDb:240 - Found 858 in-development CPN: [B-G473E-ZEST1S, B-WB1M-WPAN1, B-WBA5M-WPAN, B-WL5M-SUBG1, NUCLEO-C031C6, NUCLEO-C051C8, NUCLEO-C071RB, NUCLEO-C092RC, NUCLEO-H503RB, NUCLEO-H533RE, NUCLEO-H563ZI, NUCLEO-H7S3L8, NUCLEO-N657X0-Q, NUCLEO-U031R8, NUCLEO-U083RC, NUCLEO-U385RG-Q, NUCLEO-U545RE-Q, NUCLEO-U5A5ZJ-Q, NUCLEO-WB05KZ, NUCLEO-WB07CC, NUCLEO-WB09KE, NUCLEO-WBA52CG, NUCLEO-WBA55CG, NUCLEO-WL33CC1, NUCLEO-WL33CC2, STEVAL-PROTEUS1, STEVAL-SMARTAG2, STEVAL-STWINBX1, STM320518-EVAL, STM32C0116-DK, STM32C011D6Y3TR, STM32C011D6Y6TR, STM32C011F4P3, STM32C011F4P6, STM32C011F4U3, STM32C011F4U6TR, STM32C011F6P3, STM32C011F6P6, STM32C011F6U3, STM32C011F6U6TR, STM32C011J4M3, STM32C011J4M6, STM32C011J6M3, STM32C011J6M6, STM32C0316-DK, STM32C031C4T3, STM32C031C4T6, STM32C031C4U3, STM32C031C4U6, STM32C031C6T3, STM32C031C6T6, STM32C031C6U3, STM32C031C6U6, STM32C031F4P3, STM32C031F4P6, STM32C031F6P3, STM32C031F6P6, STM32C031G4U3, STM32C031G4U6, STM32C031G6U3, STM32C031G6U6, STM32C031K4T3, STM32C031K4T6, STM32C031K4U3, STM32C031K4U6, STM32C031K6T3, STM32C031K6T6, STM32C031K6U3, STM32C031K6U6, STM32C051C6T6, STM32C051C6U6, STM32C051C8T6, STM32C051C8U6, STM32C051D8Y6TR, STM32C051F6P6, STM32C051F8P6, STM32C051G6U6, STM32C051G8U6, STM32C051K6T6, STM32C051K6U6, STM32C051K8T6, STM32C071C8T6, STM32C071C8T6N, STM32C071C8U6, STM32C071C8U6N, STM32C071CBT6, STM32C071CBT6N, STM32C071CBU6, STM32C071CBU6N, STM32C071F8P6, STM32C071F8P6N, STM32C071FBP6, STM32C071FBP6N, STM32C071FBY6TR, STM32C071G8U6, STM32C071G8U6N, STM32C071GBU6, STM32C071GBU6N, STM32C071K8T6, STM32C071K8T6N, STM32C071K8U6, STM32C071K8U6N, STM32C071KBT6, STM32C071KBT6N, STM32C071KBU6, STM32C071KBU6N, STM32C071R8T6, STM32C071R8T6N, STM32C071RBI6N, STM32C071RBT6, STM32C071RBT6N, STM32C091CBT6, STM32C091CBU6, STM32C091CCT6, STM32C091CCU6, STM32C091ECY6TR, STM32C091FBP6, STM32C091FCP6, STM32C091GBU6, STM32C091GCU6, STM32C091KBT6, STM32C091KBU6, STM32C091KCT6, STM32C091KCU6, STM32C091RBT6, STM32C091RCI6, STM32C091RCT6, STM32C092CBT6, STM32C092CBU6, STM32C092CCT6, STM32C092CCU6, STM32C092ECY6TR, STM32C092FBP6, STM32C092FCP6, STM32C092GBU6, STM32C092GCU6, STM32C092KBT6, STM32C092KBU6, STM32C092KCT6, STM32C092KCU6, STM32C092RBT6, STM32C092RCI6, STM32C092RCT6, STM32G071K8TXN, STM32G071K8UXN, STM32G081GBU6N, STM32G081KBT6N, STM32G081KBUXN, STM32G0B1CCT6N, STM32G0B1KCT6, STM32G0B1NEY6TR, STM32G0B1RCT6N, STM32G0C1CCT6, STM32G0C1CCT6N, STM32G0C1CCU6N, STM32G0C1CET6N, STM32G0C1CEU6N, STM32G0C1KCT6, STM32G0C1NEY6TR, STM32G0C1RCI6N, STM32G0C1RCT6N, STM32G0C1REI6N, STM32G0C1RET6N, STM32G0C1VCI6, STM32G0C1VEI6, STM32G411C6T3, STM32G411C6T6, STM32G411C6U3, STM32G411C6U6, STM32G411C8T3, STM32G411C8T6, STM32G411C8U3, STM32G411C8U6, STM32G411CBT3, STM32G411CBT6, STM32G411CBU3, STM32G411CBU6, STM32G411CCT3, STM32G411CCT6, STM32G411CCU3, STM32G411CCU6, STM32G411K6T3, STM32G411K6T6, STM32G411K6U3, STM32G411K6U6, STM32G411K8T3, STM32G411K8T6, STM32G411K8U3, STM32G411K8U6, STM32G411KBT3, STM32G411KBT6, STM32G411KBU3, STM32G411KBU6, STM32G411M6T3, STM32G411M6T6, STM32G411M8T3, STM32G411M8T6, STM32G411MBT3, STM32G411MBT6, STM32G411MCT3, STM32G411MCT6, STM32G411R6T3, STM32G411R6T6, STM32G411R8T3, STM32G411R8T6, STM32G411RBT3, STM32G411RBT6, STM32G411RCT3, STM32G411RCT6, STM32G414CBT3, STM32G414CBT6, STM32G414CBU3, STM32G414CBU6, STM32G414CCT3, STM32G414CCT6, STM32G414CCU3, STM32G414CCU6, STM32G414MBT3, STM32G414MBT6, STM32G414MCT3, STM32G414MCT6, STM32G414RBT3, STM32G414RBT6, STM32G414RCT3, STM32G414RCT6, STM32G414VBT3, STM32G414VBT6, STM32G414VCT3, STM32G414VCT6, STM32G431CBT3Z, STM32G431RBT3Z, STM32G471CCT6, STM32G471CCU6, STM32G471CET3, STM32G471CET6, STM32G471CEU3, STM32G471CEU6, STM32G471MCT6, STM32G471MET3, STM32G471MET6, STM32G471MEY6TR, STM32G471QCT6, STM32G471QET3, STM32G471RCT6, STM32G471RET3, STM32G471RET6, STM32G471VCH6, STM32G471VCI6, STM32G471VCT6, STM32G471VEH3, STM32G471VEH6, STM32G471VEI3, STM32G471VEI6, STM32G471VET3, STM32G471VET6, STM32G473QET3Z, STM32G473RET3Z, STM32G474CCT6, STM32G491RET3Z, STM32H503CBT6, STM32H503CBU6, STM32H503EBY6TR, STM32H503KBU6, STM32H503RBT6, STM32H523CCT6, STM32H523CCU6, STM32H523CET6, STM32H523CEU6, STM32H523HEY6TR, STM32H523RCT6, STM32H523RET6, STM32H523VCI6, STM32H523VCT6, STM32H523VEI6, STM32H523VET6, STM32H523ZCJ6, STM32H523ZCT6, STM32H523ZEJ6, STM32H523ZET6, STM32H533CET6, STM32H533CEU6, STM32H533HEY6TR, STM32H533RET6, STM32H533VEI6, STM32H533VET6, STM32H533ZEJ6, STM32H533ZET6, STM32H562AGI6, STM32H562AII6, STM32H562IGK6, STM32H562IGT6, STM32H562IIK6, STM32H562IIT6, STM32H562RGT6, STM32H562RGV6, STM32H562RIT6, STM32H562RIV6, STM32H562VGT6, STM32H562VIT6, STM32H562ZGT6, STM32H562ZIT6, STM32H563AGI6, STM32H563AII3Q, STM32H563AII6, STM32H563IGK6, STM32H563IGT6, STM32H563IIK3Q, STM32H563IIK6, STM32H563IIT3Q, STM32H563IIT6, STM32H563MIY3QTR, STM32H563RGT6, STM32H563RGV6, STM32H563RIT6, STM32H563RIV6, STM32H563VGT6, STM32H563VIT3Q, STM32H563VIT6, STM32H563ZGT6, STM32H563ZIT3Q, STM32H563ZIT6, STM32H573AII3Q, STM32H573AII6, STM32H573I-DK, STM32H573IIK3Q, STM32H573IIK6, STM32H573IIT3Q, STM32H573IIT6, STM32H573MIY3QTR, STM32H573RIT6, STM32H573RIV6, STM32H573VIT3Q, STM32H573VIT6, STM32H573ZIT3Q, STM32H573ZIT6, STM32H7R3A8I6, STM32H7R3I8K6, STM32H7R3I8T6, STM32H7R3L8H6, STM32H7R3L8H6H, STM32H7R3R8V6, STM32H7R3V8H6, STM32H7R3V8T6, STM32H7R3V8Y6TR, STM32H7R3Z8J6, STM32H7R3Z8T6, STM32H7R7A8I6, STM32H7R7I8K6, STM32H7R7I8T6, STM32H7R7L8H6, STM32H7R7L8H6H, STM32H7R7Z8J6, STM32H7S3A8I6, STM32H7S3I8K6, STM32H7S3I8T6, STM32H7S3L8H6, STM32H7S3L8H6H, STM32H7S3R8V6, STM32H7S3V8H6, STM32H7S3V8T6, STM32H7S3V8Y6TR, STM32H7S3Z8J6, STM32H7S3Z8T6, STM32H7S78-DK, STM32H7S7A8I6, STM32H7S7I8K6, STM32H7S7I8T6, STM32H7S7L8H6, STM32H7S7L8H6H, STM32H7S7Z8J6, STM32L4R5QGI6STR, STM32MP131AAE3, STM32MP131AAF3, STM32MP131AAG3, STM32MP131CAE3, STM32MP131CAF3, STM32MP131CAG3, STM32MP131DAE7, STM32MP131DAF7, STM32MP131DAG7, STM32MP131FAE7, STM32MP131FAF7, STM32MP131FAG7, STM32MP133AAE3, STM32MP133AAF3, STM32MP133AAG3, STM32MP133CAE3, STM32MP133CAF3, STM32MP133CAG3, STM32MP133DAE7, STM32MP133DAF7, STM32MP133DAG7, STM32MP133FAE7, STM32MP133FAF7, STM32MP133FAG7, STM32MP135AAE3, STM32MP135AAF3, STM32MP135AAG3, STM32MP135CAE3, STM32MP135CAF3, STM32MP135CAG3, STM32MP135DAE7, STM32MP135DAF7, STM32MP135DAG7, STM32MP135F-DK, STM32MP135FAE7, STM32MP135FAF7, STM32MP135FAF7T, STM32MP135FAF7U, STM32MP135FAG7, STM32MP231AAJ3, STM32MP231AAK3, STM32MP231AAL3, STM32MP231CAJ3, STM32MP231CAK3, STM32MP231CAL3, STM32MP231DAJ3, STM32MP231DAK3, STM32MP231DAL3, STM32MP231FAJ3, STM32MP231FAK3, STM32MP231FAL3, STM32MP233AAJ3, STM32MP233AAK3, STM32MP233AAL3, STM32MP233CAJ3, STM32MP233CAK3, STM32MP233CAL3, STM32MP233DAJ3, STM32MP233DAK3, STM32MP233DAL3, STM32MP233FAJ3, STM32MP233FAK3, STM32MP233FAL3, STM32MP235AAJ3, STM32MP235AAK3, STM32MP235AAL3, STM32MP235CAJ3, STM32MP235CAK3, STM32MP235CAL3, STM32MP235DAJ3, STM32MP235DAK3, STM32MP235DAL3, STM32MP235FAJ3, STM32MP235FAK3, STM32MP235FAL3, STM32MP251AAI3, STM32MP251AAJ3, STM32MP251AAK3, STM32MP251AAL3, STM32MP251CAI3, STM32MP251CAJ3, STM32MP251CAK3, STM32MP251CAL3, STM32MP251DAI3, STM32MP251DAJ3, STM32MP251DAK3, STM32MP251DAL3, STM32MP251FAI3, STM32MP251FAJ3, STM32MP251FAK3, STM32MP251FAL3, STM32MP253AAI3, STM32MP253AAJ3, STM32MP253AAK3, STM32MP253AAL3, STM32MP253CAI3, STM32MP253CAJ3, STM32MP253CAK3, STM32MP253CAL3, STM32MP253DAI3, STM32MP253DAJ3, STM32MP253DAK3, STM32MP253DAL3, STM32MP253FAI3, STM32MP253FAJ3, STM32MP253FAK3, STM32MP253FAL3, STM32MP255AAI3, STM32MP255AAJ3, STM32MP255AAK3, STM32MP255AAL3, STM32MP255CAI3, STM32MP255CAJ3, STM32MP255CAK3, STM32MP255CAL3, STM32MP255DAI3, STM32MP255DAJ3, STM32MP255DAK3, STM32MP255DAL3, STM32MP255FAI3, STM32MP255FAJ3, STM32MP255FAK3, STM32MP255FAL3, STM32MP257AAI3, STM32MP257AAJ3, STM32MP257AAK3, STM32MP257AAL3, STM32MP257CAI3, STM32MP257CAJ3, STM32MP257CAK3, STM32MP257CAL3, STM32MP257DAI3, STM32MP257DAJ3, STM32MP257DAK3, STM32MP257DAL3, STM32MP257F-DK, STM32MP257F-EV1, STM32MP257FAI3, STM32MP257FAJ3, STM32MP257FAK3, STM32MP257FAL3, STM32N645A0H3Q, STM32N645B0H3Q, STM32N645I0H3Q, STM32N645L0H3Q, STM32N645X0H3Q, STM32N645Z0H3Q, STM32N647A0H3Q, STM32N647B0H3Q, STM32N647I0H3Q, STM32N647L0H3Q, STM32N647X0H3Q, STM32N647Z0H3Q, STM32N655A0H3Q, STM32N655B0H3Q, STM32N655I0H3Q, STM32N655L0H3Q, STM32N655X0H3Q, STM32N655Z0H3Q, STM32N6570-DK, STM32N657A0H3Q, STM32N657B0H3Q, STM32N657I0H3Q, STM32N657L0H3Q, STM32N657X0H3Q, STM32N657Z0H3Q, STM32U031C6T6, STM32U031C6U6, STM32U031C8T6, STM32U031C8U6, STM32U031F4P6, STM32U031F6P6, STM32U031F8P6, STM32U031G6Y6TR, STM32U031G8Y6TR, STM32U031K4U6, STM32U031K6U6, STM32U031K8U6, STM32U031R6I6, STM32U031R6T6, STM32U031R8I6, STM32U031R8T6, STM32U073C8T6, STM32U073C8U6, STM32U073CBT6, STM32U073CBU6, STM32U073CCT6, STM32U073CCU6, STM32U073H8Y6TR, STM32U073HBY6TR, STM32U073HCY6TR, STM32U073K8U6, STM32U073KBU6, STM32U073KCU6, STM32U073M8I6, STM32U073M8T6, STM32U073MBI6, STM32U073MBT6, STM32U073MCI6, STM32U073MCT6, STM32U073R8I6, STM32U073R8T6, STM32U073RBI6, STM32U073RBT6, STM32U073RCI6, STM32U073RCT6, STM32U083C-DK, STM32U083CCT6, STM32U083CCU6, STM32U083HCY6TR, STM32U083KCU6, STM32U083MCI6, STM32U083MCT6, STM32U083RCI6, STM32U083RCT6, STM32U375CET6, STM32U375CET6Q, STM32U375CEU6, STM32U375CEU6Q, STM32U375CEY6QTR, STM32U375CGT6, STM32U375CGT6Q, STM32U375CGU6, STM32U375CGU6Q, STM32U375CGY6QTR, STM32U375KEU6, STM32U375KGU6, STM32U375REI6, STM32U375REI6Q, STM32U375RET6, STM32U375RET6Q, STM32U375REY6GTR, STM32U375REY6QTR, STM32U375RGI6, STM32U375RGI6Q, STM32U375RGT6, STM32U375RGT6Q, STM32U375RGY6GTR, STM32U375RGY6QTR, STM32U375VEI6, STM32U375VEI6Q, STM32U375VET6, STM32U375VET6Q, STM32U375VGI6, STM32U375VGI6Q, STM32U375VGT6, STM32U375VGT6Q, STM32U385CGT6, STM32U385CGT6Q, STM32U385CGU6, STM32U385CGU6Q, STM32U385CGY6QTR, STM32U385KGU6, STM32U385RGI6, STM32U385RGI6Q, STM32U385RGT6, STM32U385RGT6Q, STM32U385RGY6GTR, STM32U385RGY6QTR, STM32U385VGI6, STM32U385VGI6Q, STM32U385VGT6, STM32U385VGT6Q, STM32U535CBT6, STM32U535CBT6Q, STM32U535CBU6, STM32U535CBU6Q, STM32U535CCT6, STM32U535CCT6Q, STM32U535CCU6, STM32U535CCU6Q, STM32U535CET6, STM32U535CET6Q, STM32U535CEU6, STM32U535CEU6Q, STM32U535JEY6QTR, STM32U535NCY6QTR, STM32U535NEY6QTR, STM32U535RBI6, STM32U535RBI6Q, STM32U535RBT6, STM32U535RBT6Q, STM32U535RCI6, STM32U535RCI6Q, STM32U535RCT6, STM32U535RCT6Q, STM32U535REI6, STM32U535REI6Q, STM32U535RET6, STM32U535RET6Q, STM32U535VCI6, STM32U535VCI6Q, STM32U535VCT6, STM32U535VCT6Q, STM32U535VEI6, STM32U535VEI6Q, STM32U535VET6, STM32U535VET6Q, STM32U545CET6, STM32U545CET6Q, STM32U545CEU6, STM32U545CEU6Q, STM32U545JEY6QTR, STM32U545NEY6QTR, STM32U545REI6, STM32U545REI6Q, STM32U545RET6, STM32U545RET6Q, STM32U545VEI6, STM32U545VEI6Q, STM32U545VET6, STM32U545VET6Q, STM32U595AIH6, STM32U595AIH6Q, STM32U595AJH6, STM32U595AJH6Q, STM32U595QII6, STM32U595QII6Q, STM32U595QJI6, STM32U595QJI6Q, STM32U595RIT6, STM32U595RIT6Q, STM32U595RJT6, STM32U595RJT6Q, STM32U595VIT6, STM32U595VIT6Q, STM32U595VJT6, STM32U595VJT6Q, STM32U595ZIT6, STM32U595ZIT6Q, STM32U595ZIY6QTR, STM32U595ZJT6, STM32U595ZJT6Q, STM32U595ZJY6QTR, STM32U599BJY6QTR, STM32U599NIH6Q, STM32U599NJH6Q, STM32U599VIT6Q, STM32U599VJT6, STM32U599VJT6Q, STM32U599ZIT6Q, STM32U599ZIY6QTR, STM32U599ZJT6Q, STM32U599ZJY6QTR, STM32U5A5AJH6, STM32U5A5AJH6Q, STM32U5A5QII3Q , STM32U5A5QJI6, STM32U5A5QJI6Q, STM32U5A5RJT6, STM32U5A5RJT6Q, STM32U5A5VJT6, STM32U5A5VJT6Q, STM32U5A5ZJT6, STM32U5A5ZJT6Q, STM32U5A5ZJY6QTR, STM32U5A9BJY6QTR, STM32U5A9J-DK, STM32U5A9NJH6Q, STM32U5A9VJT6Q, STM32U5A9ZJT6Q, STM32U5A9ZJY6QTR, STM32U5F7VIT6, STM32U5F7VIT6Q, STM32U5F7VJT6, STM32U5F7VJT6Q, STM32U5F9BJY6QTR, STM32U5F9NJH6Q, STM32U5F9VIT6Q, STM32U5F9VJT6Q, STM32U5F9ZIJ6QTR, STM32U5F9ZIT6Q, STM32U5F9ZJJ6QTR, STM32U5F9ZJT6Q, STM32U5G7VJT6, STM32U5G7VJT6Q, STM32U5G9BJY6QTR, STM32U5G9J-DK1, STM32U5G9J-DK2, STM32U5G9NJH6Q, STM32U5G9VJT6Q, STM32U5G9ZJJ6QTR, STM32U5G9ZJT6Q, STM32WB05KZV6TR, STM32WB05KZV7TR, STM32WB05TZF6TR, STM32WB05TZF7TR, STM32WB06CCF6TR, STM32WB06CCF7TR, STM32WB06CCV6TR, STM32WB06CCV7TR, STM32WB06KCV6TR, STM32WB06KCV7TR, STM32WB07CCF6TR, STM32WB07CCF7TR, STM32WB07CCV6TR, STM32WB07CCV7TR, STM32WB07KCV6TR, STM32WB07KCV7TR, STM32WB09KEV6TR, STM32WB09KEV7TR, STM32WB09TEF6TR, STM32WB09TEF7TR, STM32WB1MMCH6, STM32WBA50KGU6, STM32WBA50KGU6TR, STM32WBA52CEU6, STM32WBA52CEU6TR, STM32WBA52CEU7, STM32WBA52CEU7TR, STM32WBA52CGU6, STM32WBA52CGU6TR, STM32WBA52CGU6U, STM32WBA52CGU7, STM32WBA52CGU7TR, STM32WBA52KEU6, STM32WBA52KEU6TR, STM32WBA52KGU6, STM32WBA52KGU6TR, STM32WBA54CEU6, STM32WBA54CEU6TR, STM32WBA54CEU7, STM32WBA54CEU7TR, STM32WBA54CGU6, STM32WBA54CGU6TR, STM32WBA54CGU7, STM32WBA54CGU7TR, STM32WBA54KEU6, STM32WBA54KEU6TR, STM32WBA54KEU7, STM32WBA54KEU7TR, STM32WBA54KGU6, STM32WBA54KGU6TR, STM32WBA54KGU7, STM32WBA54KGU7TR, STM32WBA55CEU6, STM32WBA55CEU6TR, STM32WBA55CEU7, STM32WBA55CEU7TR, STM32WBA55CGU6, STM32WBA55CGU6TR, STM32WBA55CGU6U, STM32WBA55CGU7, STM32WBA55CGU7TR, STM32WBA55G-DK1, STM32WBA55HEF6, STM32WBA55HEF7, STM32WBA55HGF6, STM32WBA55HGF7, STM32WBA55UEI6, STM32WBA55UEI6TR, STM32WBA55UEI7, STM32WBA55UEI7TR, STM32WBA55UGI6, STM32WBA55UGI6TR, STM32WBA55UGI7, STM32WBA55UGI7TR, STM32WBA5MJGH6TR, STM32WBA5MJGH6U, STM32WL33C8V6, STM32WL33C8V6TR, STM32WL33C8V7, STM32WL33C8V7TR, STM32WL33CBV6, STM32WL33CBV6TR, STM32WL33CBV7, STM32WL33CBV7TR, STM32WL33CCV6, STM32WL33CCV6TR, STM32WL33CCV7, STM32WL33CCV7A, STM32WL33CCV7ATR, STM32WL33CCV7TR, STM32WL33K8V6, STM32WL33K8V6TR, STM32WL33K8V7, STM32WL33K8V7TR, STM32WL33KBV6, STM32WL33KBV6TR, STM32WL33KBV7, STM32WL33KBV7TR, STM32WL33KCV6, STM32WL33KCV6TR, STM32WL33KCV7, STM32WL33KCV7TR, STM32WL5MOCH6, STM32WL5MOCH6TR]
2025-04-24 13:22:17,285 [INFO] BoardInfo:889 - No configuration file found for board NUCLEO-WBA65RI
2025-04-24 13:22:17,287 [INFO] DbBoards:161 - Board is not supported: NUCLEO-WBA65RI
2025-04-24 13:22:17,298 [INFO] BoardInfo:889 - No configuration file found for board P-NUCLEO-WB55
2025-04-24 13:22:17,299 [INFO] DbBoards:161 - Kit is not supported: P-NUCLEO-WB55
2025-04-24 13:22:17,305 [INFO] BoardInfo:889 - No configuration file found for board STEVAL-BFA001V1B
2025-04-24 13:22:17,307 [INFO] DbBoards:161 - Kit is not supported: STEVAL-BFA001V1B
2025-04-24 13:22:17,308 [INFO] BoardInfo:889 - No configuration file found for board STEVAL-BFA001V2B
2025-04-24 13:22:17,310 [INFO] DbBoards:161 - Kit is not supported: STEVAL-BFA001V2B
2025-04-24 13:22:17,502 [INFO] BoardInfo:889 - No configuration file found for board STM32WBA65I-DK1
2025-04-24 13:22:17,503 [INFO] DbBoards:161 - Board is not supported: STM32WBA65I-DK1
2025-04-24 13:22:17,503 [INFO] DbBoards:168 - Found 211 boards, 206 are supported
2025-04-24 13:22:17,503 [INFO] DbBoards:169 - Found 211 boards, 42 of them is supported for  Bsp
2025-04-24 13:22:17,506 [INFO] ApiDb:668 - CubeFinder database Data Model version=2.1
2025-04-24 13:22:17,506 [INFO] ApiDb:669 - CubeFinder database Configuration version=3.0.39
2025-04-24 13:22:17,507 [INFO] ApiDb:670 - CubeFinder database generation date=2025-03-24 (1742811287)
2025-04-24 13:22:17,507 [INFO] ApiDb:671 - CubeFinder database FW Pack versions=[FP-ATR-ASTRA1_V2.0.0, FP-SNS-FLIGHT1_V5.0.2, FP-SNS-MOTENV1_V5.0.0, FP-SNS-MOTENVWB1_V1.4.0, FP-SNS-SMARTAG2_V1.2.0, FP-SNS-STBOX1_V2.0.0, STM32Cube_FW_C0_V1.4.0, STM32Cube_FW_F4_V1.28.1, STM32Cube_FW_F7_V1.17.2, STM32Cube_FW_G0_V1.6.2, STM32Cube_FW_G4_V1.6.1, STM32Cube_FW_H5_V1.5.0, STM32Cube_FW_H7RS_V1.2.0, STM32Cube_FW_H7_V1.12.1, STM32Cube_FW_L0_V1.12.2, STM32Cube_FW_L4_V1.18.1, STM32Cube_FW_L5_V1.5.1, STM32Cube_FW_N6_V1.1.0, STM32Cube_FW_U0_V1.2.0, STM32Cube_FW_U3_V1.1.0, STM32Cube_FW_U5_V1.7.0, STM32Cube_FW_WB0_V1.2.0, STM32Cube_FW_WBA_V1.6.0, STM32Cube_FW_WB_V1.22.0, STM32Cube_FW_WL3_V1.1.0, STM32Cube_FW_WL_V1.3.1, X-CUBE-ALGOBUILD_V1.4.0, X-CUBE-ALS_V1.0.2, X-CUBE-AZRTOS-F4_V1.1.0, X-CUBE-AZRTOS-F7_V1.1.0, X-CUBE-AZRTOS-G0_V1.1.0, X-CUBE-AZRTOS-G4_V2.0.0, X-CUBE-AZRTOS-H7RS_V1.0.0, X-CUBE-AZRTOS-H7_V3.3.0, X-CUBE-AZRTOS-L4_V2.0.0, X-CUBE-AZRTOS-L5_V2.0.0, X-CUBE-AZRTOS-WB_V2.0.0, X-CUBE-AZRTOS-WL_V2.0.0, X-CUBE-BLE1_V7.1.0, X-CUBE-BLE2_V3.3.0, X-CUBE-BLEMGR_V4.0.0, X-CUBE-EEPRMA1_V5.1.0, X-CUBE-FREERTOS_V1.3.0, X-CUBE-GNSS1_V6.0.0, X-CUBE-MEMS1_V11.1.0, X-CUBE-NFC4_V3.0.0, X-CUBE-NFC7_V1.0.1, X-CUBE-SFXS2LP1_V4.0.0, X-CUBE-SUBG2_V5.0.0, X-CUBE-TOF1_V3.4.2]
2025-04-24 13:22:17,861 [ERROR] LogOutputStream:75 - [STDERR_REDIRECT] [Fatal Error] :1:1: Premature end of file.
2025-04-24 13:22:17,862 [ERROR] LogOutputStream:75 - [STDERR_REDIRECT] 
2025-04-24 13:22:18,881 [ERROR] LogOutputStream:75 - [STDERR_REDIRECT] [Fatal Error] :1:1: Premature end of file.
2025-04-24 13:22:18,881 [ERROR] LogOutputStream:75 - [STDERR_REDIRECT] 
2025-04-24 13:22:19,239 [INFO] ApiDb:240 - Found 858 in-development CPN: [B-G473E-ZEST1S, B-WB1M-WPAN1, B-WBA5M-WPAN, B-WL5M-SUBG1, NUCLEO-C031C6, NUCLEO-C051C8, NUCLEO-C071RB, NUCLEO-C092RC, NUCLEO-H503RB, NUCLEO-H533RE, NUCLEO-H563ZI, NUCLEO-H7S3L8, NUCLEO-N657X0-Q, NUCLEO-U031R8, NUCLEO-U083RC, NUCLEO-U385RG-Q, NUCLEO-U545RE-Q, NUCLEO-U5A5ZJ-Q, NUCLEO-WB05KZ, NUCLEO-WB07CC, NUCLEO-WB09KE, NUCLEO-WBA52CG, NUCLEO-WBA55CG, NUCLEO-WL33CC1, NUCLEO-WL33CC2, STEVAL-PROTEUS1, STEVAL-SMARTAG2, STEVAL-STWINBX1, STM320518-EVAL, STM32C0116-DK, STM32C011D6Y3TR, STM32C011D6Y6TR, STM32C011F4P3, STM32C011F4P6, STM32C011F4U3, STM32C011F4U6TR, STM32C011F6P3, STM32C011F6P6, STM32C011F6U3, STM32C011F6U6TR, STM32C011J4M3, STM32C011J4M6, STM32C011J6M3, STM32C011J6M6, STM32C0316-DK, STM32C031C4T3, STM32C031C4T6, STM32C031C4U3, STM32C031C4U6, STM32C031C6T3, STM32C031C6T6, STM32C031C6U3, STM32C031C6U6, STM32C031F4P3, STM32C031F4P6, STM32C031F6P3, STM32C031F6P6, STM32C031G4U3, STM32C031G4U6, STM32C031G6U3, STM32C031G6U6, STM32C031K4T3, STM32C031K4T6, STM32C031K4U3, STM32C031K4U6, STM32C031K6T3, STM32C031K6T6, STM32C031K6U3, STM32C031K6U6, STM32C051C6T6, STM32C051C6U6, STM32C051C8T6, STM32C051C8U6, STM32C051D8Y6TR, STM32C051F6P6, STM32C051F8P6, STM32C051G6U6, STM32C051G8U6, STM32C051K6T6, STM32C051K6U6, STM32C051K8T6, STM32C071C8T6, STM32C071C8T6N, STM32C071C8U6, STM32C071C8U6N, STM32C071CBT6, STM32C071CBT6N, STM32C071CBU6, STM32C071CBU6N, STM32C071F8P6, STM32C071F8P6N, STM32C071FBP6, STM32C071FBP6N, STM32C071FBY6TR, STM32C071G8U6, STM32C071G8U6N, STM32C071GBU6, STM32C071GBU6N, STM32C071K8T6, STM32C071K8T6N, STM32C071K8U6, STM32C071K8U6N, STM32C071KBT6, STM32C071KBT6N, STM32C071KBU6, STM32C071KBU6N, STM32C071R8T6, STM32C071R8T6N, STM32C071RBI6N, STM32C071RBT6, STM32C071RBT6N, STM32C091CBT6, STM32C091CBU6, STM32C091CCT6, STM32C091CCU6, STM32C091ECY6TR, STM32C091FBP6, STM32C091FCP6, STM32C091GBU6, STM32C091GCU6, STM32C091KBT6, STM32C091KBU6, STM32C091KCT6, STM32C091KCU6, STM32C091RBT6, STM32C091RCI6, STM32C091RCT6, STM32C092CBT6, STM32C092CBU6, STM32C092CCT6, STM32C092CCU6, STM32C092ECY6TR, STM32C092FBP6, STM32C092FCP6, STM32C092GBU6, STM32C092GCU6, STM32C092KBT6, STM32C092KBU6, STM32C092KCT6, STM32C092KCU6, STM32C092RBT6, STM32C092RCI6, STM32C092RCT6, STM32G071K8TXN, STM32G071K8UXN, STM32G081GBU6N, STM32G081KBT6N, STM32G081KBUXN, STM32G0B1CCT6N, STM32G0B1KCT6, STM32G0B1NEY6TR, STM32G0B1RCT6N, STM32G0C1CCT6, STM32G0C1CCT6N, STM32G0C1CCU6N, STM32G0C1CET6N, STM32G0C1CEU6N, STM32G0C1KCT6, STM32G0C1NEY6TR, STM32G0C1RCI6N, STM32G0C1RCT6N, STM32G0C1REI6N, STM32G0C1RET6N, STM32G0C1VCI6, STM32G0C1VEI6, STM32G411C6T3, STM32G411C6T6, STM32G411C6U3, STM32G411C6U6, STM32G411C8T3, STM32G411C8T6, STM32G411C8U3, STM32G411C8U6, STM32G411CBT3, STM32G411CBT6, STM32G411CBU3, STM32G411CBU6, STM32G411CCT3, STM32G411CCT6, STM32G411CCU3, STM32G411CCU6, STM32G411K6T3, STM32G411K6T6, STM32G411K6U3, STM32G411K6U6, STM32G411K8T3, STM32G411K8T6, STM32G411K8U3, STM32G411K8U6, STM32G411KBT3, STM32G411KBT6, STM32G411KBU3, STM32G411KBU6, STM32G411M6T3, STM32G411M6T6, STM32G411M8T3, STM32G411M8T6, STM32G411MBT3, STM32G411MBT6, STM32G411MCT3, STM32G411MCT6, STM32G411R6T3, STM32G411R6T6, STM32G411R8T3, STM32G411R8T6, STM32G411RBT3, STM32G411RBT6, STM32G411RCT3, STM32G411RCT6, STM32G414CBT3, STM32G414CBT6, STM32G414CBU3, STM32G414CBU6, STM32G414CCT3, STM32G414CCT6, STM32G414CCU3, STM32G414CCU6, STM32G414MBT3, STM32G414MBT6, STM32G414MCT3, STM32G414MCT6, STM32G414RBT3, STM32G414RBT6, STM32G414RCT3, STM32G414RCT6, STM32G414VBT3, STM32G414VBT6, STM32G414VCT3, STM32G414VCT6, STM32G431CBT3Z, STM32G431RBT3Z, STM32G471CCT6, STM32G471CCU6, STM32G471CET3, STM32G471CET6, STM32G471CEU3, STM32G471CEU6, STM32G471MCT6, STM32G471MET3, STM32G471MET6, STM32G471MEY6TR, STM32G471QCT6, STM32G471QET3, STM32G471RCT6, STM32G471RET3, STM32G471RET6, STM32G471VCH6, STM32G471VCI6, STM32G471VCT6, STM32G471VEH3, STM32G471VEH6, STM32G471VEI3, STM32G471VEI6, STM32G471VET3, STM32G471VET6, STM32G473QET3Z, STM32G473RET3Z, STM32G474CCT6, STM32G491RET3Z, STM32H503CBT6, STM32H503CBU6, STM32H503EBY6TR, STM32H503KBU6, STM32H503RBT6, STM32H523CCT6, STM32H523CCU6, STM32H523CET6, STM32H523CEU6, STM32H523HEY6TR, STM32H523RCT6, STM32H523RET6, STM32H523VCI6, STM32H523VCT6, STM32H523VEI6, STM32H523VET6, STM32H523ZCJ6, STM32H523ZCT6, STM32H523ZEJ6, STM32H523ZET6, STM32H533CET6, STM32H533CEU6, STM32H533HEY6TR, STM32H533RET6, STM32H533VEI6, STM32H533VET6, STM32H533ZEJ6, STM32H533ZET6, STM32H562AGI6, STM32H562AII6, STM32H562IGK6, STM32H562IGT6, STM32H562IIK6, STM32H562IIT6, STM32H562RGT6, STM32H562RGV6, STM32H562RIT6, STM32H562RIV6, STM32H562VGT6, STM32H562VIT6, STM32H562ZGT6, STM32H562ZIT6, STM32H563AGI6, STM32H563AII3Q, STM32H563AII6, STM32H563IGK6, STM32H563IGT6, STM32H563IIK3Q, STM32H563IIK6, STM32H563IIT3Q, STM32H563IIT6, STM32H563MIY3QTR, STM32H563RGT6, STM32H563RGV6, STM32H563RIT6, STM32H563RIV6, STM32H563VGT6, STM32H563VIT3Q, STM32H563VIT6, STM32H563ZGT6, STM32H563ZIT3Q, STM32H563ZIT6, STM32H573AII3Q, STM32H573AII6, STM32H573I-DK, STM32H573IIK3Q, STM32H573IIK6, STM32H573IIT3Q, STM32H573IIT6, STM32H573MIY3QTR, STM32H573RIT6, STM32H573RIV6, STM32H573VIT3Q, STM32H573VIT6, STM32H573ZIT3Q, STM32H573ZIT6, STM32H7R3A8I6, STM32H7R3I8K6, STM32H7R3I8T6, STM32H7R3L8H6, STM32H7R3L8H6H, STM32H7R3R8V6, STM32H7R3V8H6, STM32H7R3V8T6, STM32H7R3V8Y6TR, STM32H7R3Z8J6, STM32H7R3Z8T6, STM32H7R7A8I6, STM32H7R7I8K6, STM32H7R7I8T6, STM32H7R7L8H6, STM32H7R7L8H6H, STM32H7R7Z8J6, STM32H7S3A8I6, STM32H7S3I8K6, STM32H7S3I8T6, STM32H7S3L8H6, STM32H7S3L8H6H, STM32H7S3R8V6, STM32H7S3V8H6, STM32H7S3V8T6, STM32H7S3V8Y6TR, STM32H7S3Z8J6, STM32H7S3Z8T6, STM32H7S78-DK, STM32H7S7A8I6, STM32H7S7I8K6, STM32H7S7I8T6, STM32H7S7L8H6, STM32H7S7L8H6H, STM32H7S7Z8J6, STM32L4R5QGI6STR, STM32MP131AAE3, STM32MP131AAF3, STM32MP131AAG3, STM32MP131CAE3, STM32MP131CAF3, STM32MP131CAG3, STM32MP131DAE7, STM32MP131DAF7, STM32MP131DAG7, STM32MP131FAE7, STM32MP131FAF7, STM32MP131FAG7, STM32MP133AAE3, STM32MP133AAF3, STM32MP133AAG3, STM32MP133CAE3, STM32MP133CAF3, STM32MP133CAG3, STM32MP133DAE7, STM32MP133DAF7, STM32MP133DAG7, STM32MP133FAE7, STM32MP133FAF7, STM32MP133FAG7, STM32MP135AAE3, STM32MP135AAF3, STM32MP135AAG3, STM32MP135CAE3, STM32MP135CAF3, STM32MP135CAG3, STM32MP135DAE7, STM32MP135DAF7, STM32MP135DAG7, STM32MP135F-DK, STM32MP135FAE7, STM32MP135FAF7, STM32MP135FAF7T, STM32MP135FAF7U, STM32MP135FAG7, STM32MP231AAJ3, STM32MP231AAK3, STM32MP231AAL3, STM32MP231CAJ3, STM32MP231CAK3, STM32MP231CAL3, STM32MP231DAJ3, STM32MP231DAK3, STM32MP231DAL3, STM32MP231FAJ3, STM32MP231FAK3, STM32MP231FAL3, STM32MP233AAJ3, STM32MP233AAK3, STM32MP233AAL3, STM32MP233CAJ3, STM32MP233CAK3, STM32MP233CAL3, STM32MP233DAJ3, STM32MP233DAK3, STM32MP233DAL3, STM32MP233FAJ3, STM32MP233FAK3, STM32MP233FAL3, STM32MP235AAJ3, STM32MP235AAK3, STM32MP235AAL3, STM32MP235CAJ3, STM32MP235CAK3, STM32MP235CAL3, STM32MP235DAJ3, STM32MP235DAK3, STM32MP235DAL3, STM32MP235FAJ3, STM32MP235FAK3, STM32MP235FAL3, STM32MP251AAI3, STM32MP251AAJ3, STM32MP251AAK3, STM32MP251AAL3, STM32MP251CAI3, STM32MP251CAJ3, STM32MP251CAK3, STM32MP251CAL3, STM32MP251DAI3, STM32MP251DAJ3, STM32MP251DAK3, STM32MP251DAL3, STM32MP251FAI3, STM32MP251FAJ3, STM32MP251FAK3, STM32MP251FAL3, STM32MP253AAI3, STM32MP253AAJ3, STM32MP253AAK3, STM32MP253AAL3, STM32MP253CAI3, STM32MP253CAJ3, STM32MP253CAK3, STM32MP253CAL3, STM32MP253DAI3, STM32MP253DAJ3, STM32MP253DAK3, STM32MP253DAL3, STM32MP253FAI3, STM32MP253FAJ3, STM32MP253FAK3, STM32MP253FAL3, STM32MP255AAI3, STM32MP255AAJ3, STM32MP255AAK3, STM32MP255AAL3, STM32MP255CAI3, STM32MP255CAJ3, STM32MP255CAK3, STM32MP255CAL3, STM32MP255DAI3, STM32MP255DAJ3, STM32MP255DAK3, STM32MP255DAL3, STM32MP255FAI3, STM32MP255FAJ3, STM32MP255FAK3, STM32MP255FAL3, STM32MP257AAI3, STM32MP257AAJ3, STM32MP257AAK3, STM32MP257AAL3, STM32MP257CAI3, STM32MP257CAJ3, STM32MP257CAK3, STM32MP257CAL3, STM32MP257DAI3, STM32MP257DAJ3, STM32MP257DAK3, STM32MP257DAL3, STM32MP257F-DK, STM32MP257F-EV1, STM32MP257FAI3, STM32MP257FAJ3, STM32MP257FAK3, STM32MP257FAL3, STM32N645A0H3Q, STM32N645B0H3Q, STM32N645I0H3Q, STM32N645L0H3Q, STM32N645X0H3Q, STM32N645Z0H3Q, STM32N647A0H3Q, STM32N647B0H3Q, STM32N647I0H3Q, STM32N647L0H3Q, STM32N647X0H3Q, STM32N647Z0H3Q, STM32N655A0H3Q, STM32N655B0H3Q, STM32N655I0H3Q, STM32N655L0H3Q, STM32N655X0H3Q, STM32N655Z0H3Q, STM32N6570-DK, STM32N657A0H3Q, STM32N657B0H3Q, STM32N657I0H3Q, STM32N657L0H3Q, STM32N657X0H3Q, STM32N657Z0H3Q, STM32U031C6T6, STM32U031C6U6, STM32U031C8T6, STM32U031C8U6, STM32U031F4P6, STM32U031F6P6, STM32U031F8P6, STM32U031G6Y6TR, STM32U031G8Y6TR, STM32U031K4U6, STM32U031K6U6, STM32U031K8U6, STM32U031R6I6, STM32U031R6T6, STM32U031R8I6, STM32U031R8T6, STM32U073C8T6, STM32U073C8U6, STM32U073CBT6, STM32U073CBU6, STM32U073CCT6, STM32U073CCU6, STM32U073H8Y6TR, STM32U073HBY6TR, STM32U073HCY6TR, STM32U073K8U6, STM32U073KBU6, STM32U073KCU6, STM32U073M8I6, STM32U073M8T6, STM32U073MBI6, STM32U073MBT6, STM32U073MCI6, STM32U073MCT6, STM32U073R8I6, STM32U073R8T6, STM32U073RBI6, STM32U073RBT6, STM32U073RCI6, STM32U073RCT6, STM32U083C-DK, STM32U083CCT6, STM32U083CCU6, STM32U083HCY6TR, STM32U083KCU6, STM32U083MCI6, STM32U083MCT6, STM32U083RCI6, STM32U083RCT6, STM32U375CET6, STM32U375CET6Q, STM32U375CEU6, STM32U375CEU6Q, STM32U375CEY6QTR, STM32U375CGT6, STM32U375CGT6Q, STM32U375CGU6, STM32U375CGU6Q, STM32U375CGY6QTR, STM32U375KEU6, STM32U375KGU6, STM32U375REI6, STM32U375REI6Q, STM32U375RET6, STM32U375RET6Q, STM32U375REY6GTR, STM32U375REY6QTR, STM32U375RGI6, STM32U375RGI6Q, STM32U375RGT6, STM32U375RGT6Q, STM32U375RGY6GTR, STM32U375RGY6QTR, STM32U375VEI6, STM32U375VEI6Q, STM32U375VET6, STM32U375VET6Q, STM32U375VGI6, STM32U375VGI6Q, STM32U375VGT6, STM32U375VGT6Q, STM32U385CGT6, STM32U385CGT6Q, STM32U385CGU6, STM32U385CGU6Q, STM32U385CGY6QTR, STM32U385KGU6, STM32U385RGI6, STM32U385RGI6Q, STM32U385RGT6, STM32U385RGT6Q, STM32U385RGY6GTR, STM32U385RGY6QTR, STM32U385VGI6, STM32U385VGI6Q, STM32U385VGT6, STM32U385VGT6Q, STM32U535CBT6, STM32U535CBT6Q, STM32U535CBU6, STM32U535CBU6Q, STM32U535CCT6, STM32U535CCT6Q, STM32U535CCU6, STM32U535CCU6Q, STM32U535CET6, STM32U535CET6Q, STM32U535CEU6, STM32U535CEU6Q, STM32U535JEY6QTR, STM32U535NCY6QTR, STM32U535NEY6QTR, STM32U535RBI6, STM32U535RBI6Q, STM32U535RBT6, STM32U535RBT6Q, STM32U535RCI6, STM32U535RCI6Q, STM32U535RCT6, STM32U535RCT6Q, STM32U535REI6, STM32U535REI6Q, STM32U535RET6, STM32U535RET6Q, STM32U535VCI6, STM32U535VCI6Q, STM32U535VCT6, STM32U535VCT6Q, STM32U535VEI6, STM32U535VEI6Q, STM32U535VET6, STM32U535VET6Q, STM32U545CET6, STM32U545CET6Q, STM32U545CEU6, STM32U545CEU6Q, STM32U545JEY6QTR, STM32U545NEY6QTR, STM32U545REI6, STM32U545REI6Q, STM32U545RET6, STM32U545RET6Q, STM32U545VEI6, STM32U545VEI6Q, STM32U545VET6, STM32U545VET6Q, STM32U595AIH6, STM32U595AIH6Q, STM32U595AJH6, STM32U595AJH6Q, STM32U595QII6, STM32U595QII6Q, STM32U595QJI6, STM32U595QJI6Q, STM32U595RIT6, STM32U595RIT6Q, STM32U595RJT6, STM32U595RJT6Q, STM32U595VIT6, STM32U595VIT6Q, STM32U595VJT6, STM32U595VJT6Q, STM32U595ZIT6, STM32U595ZIT6Q, STM32U595ZIY6QTR, STM32U595ZJT6, STM32U595ZJT6Q, STM32U595ZJY6QTR, STM32U599BJY6QTR, STM32U599NIH6Q, STM32U599NJH6Q, STM32U599VIT6Q, STM32U599VJT6, STM32U599VJT6Q, STM32U599ZIT6Q, STM32U599ZIY6QTR, STM32U599ZJT6Q, STM32U599ZJY6QTR, STM32U5A5AJH6, STM32U5A5AJH6Q, STM32U5A5QII3Q , STM32U5A5QJI6, STM32U5A5QJI6Q, STM32U5A5RJT6, STM32U5A5RJT6Q, STM32U5A5VJT6, STM32U5A5VJT6Q, STM32U5A5ZJT6, STM32U5A5ZJT6Q, STM32U5A5ZJY6QTR, STM32U5A9BJY6QTR, STM32U5A9J-DK, STM32U5A9NJH6Q, STM32U5A9VJT6Q, STM32U5A9ZJT6Q, STM32U5A9ZJY6QTR, STM32U5F7VIT6, STM32U5F7VIT6Q, STM32U5F7VJT6, STM32U5F7VJT6Q, STM32U5F9BJY6QTR, STM32U5F9NJH6Q, STM32U5F9VIT6Q, STM32U5F9VJT6Q, STM32U5F9ZIJ6QTR, STM32U5F9ZIT6Q, STM32U5F9ZJJ6QTR, STM32U5F9ZJT6Q, STM32U5G7VJT6, STM32U5G7VJT6Q, STM32U5G9BJY6QTR, STM32U5G9J-DK1, STM32U5G9J-DK2, STM32U5G9NJH6Q, STM32U5G9VJT6Q, STM32U5G9ZJJ6QTR, STM32U5G9ZJT6Q, STM32WB05KZV6TR, STM32WB05KZV7TR, STM32WB05TZF6TR, STM32WB05TZF7TR, STM32WB06CCF6TR, STM32WB06CCF7TR, STM32WB06CCV6TR, STM32WB06CCV7TR, STM32WB06KCV6TR, STM32WB06KCV7TR, STM32WB07CCF6TR, STM32WB07CCF7TR, STM32WB07CCV6TR, STM32WB07CCV7TR, STM32WB07KCV6TR, STM32WB07KCV7TR, STM32WB09KEV6TR, STM32WB09KEV7TR, STM32WB09TEF6TR, STM32WB09TEF7TR, STM32WB1MMCH6, STM32WBA50KGU6, STM32WBA50KGU6TR, STM32WBA52CEU6, STM32WBA52CEU6TR, STM32WBA52CEU7, STM32WBA52CEU7TR, STM32WBA52CGU6, STM32WBA52CGU6TR, STM32WBA52CGU6U, STM32WBA52CGU7, STM32WBA52CGU7TR, STM32WBA52KEU6, STM32WBA52KEU6TR, STM32WBA52KGU6, STM32WBA52KGU6TR, STM32WBA54CEU6, STM32WBA54CEU6TR, STM32WBA54CEU7, STM32WBA54CEU7TR, STM32WBA54CGU6, STM32WBA54CGU6TR, STM32WBA54CGU7, STM32WBA54CGU7TR, STM32WBA54KEU6, STM32WBA54KEU6TR, STM32WBA54KEU7, STM32WBA54KEU7TR, STM32WBA54KGU6, STM32WBA54KGU6TR, STM32WBA54KGU7, STM32WBA54KGU7TR, STM32WBA55CEU6, STM32WBA55CEU6TR, STM32WBA55CEU7, STM32WBA55CEU7TR, STM32WBA55CGU6, STM32WBA55CGU6TR, STM32WBA55CGU6U, STM32WBA55CGU7, STM32WBA55CGU7TR, STM32WBA55G-DK1, STM32WBA55HEF6, STM32WBA55HEF7, STM32WBA55HGF6, STM32WBA55HGF7, STM32WBA55UEI6, STM32WBA55UEI6TR, STM32WBA55UEI7, STM32WBA55UEI7TR, STM32WBA55UGI6, STM32WBA55UGI6TR, STM32WBA55UGI7, STM32WBA55UGI7TR, STM32WBA5MJGH6TR, STM32WBA5MJGH6U, STM32WL33C8V6, STM32WL33C8V6TR, STM32WL33C8V7, STM32WL33C8V7TR, STM32WL33CBV6, STM32WL33CBV6TR, STM32WL33CBV7, STM32WL33CBV7TR, STM32WL33CCV6, STM32WL33CCV6TR, STM32WL33CCV7, STM32WL33CCV7A, STM32WL33CCV7ATR, STM32WL33CCV7TR, STM32WL33K8V6, STM32WL33K8V6TR, STM32WL33K8V7, STM32WL33K8V7TR, STM32WL33KBV6, STM32WL33KBV6TR, STM32WL33KBV7, STM32WL33KBV7TR, STM32WL33KCV6, STM32WL33KCV6TR, STM32WL33KCV7, STM32WL33KCV7TR, STM32WL5MOCH6, STM32WL5MOCH6TR]
2025-04-24 13:22:19,245 [INFO] DbMcus:218 - Found 4674 MCUs, 4674 are supported
2025-04-24 13:22:19,252 [INFO] ApiDb:423 - Load user favorites file C:\Users\o1yus/.stm32cubeide/favorites.mcus.txt: 1 item(s)
2025-04-24 13:22:19,252 [INFO] ApiDb:427 - User favorites MCUs=[STM32G071RBT6]
2025-04-24 13:22:19,252 [INFO] DbMcus:224 - Set 1 / 1 favorites MCUs
2025-04-24 13:22:19,791 [INFO] ApiDb:423 - Load user favorites file C:\Users\o1yus/.stm32cubeide/favorites.boards.txt: 0 item(s)
2025-04-24 13:22:19,792 [INFO] ApiDb:427 - User favorites Boards=[]
2025-04-24 13:22:19,792 [INFO] DbBoards:198 - Set 0 / 0 favorites Boards
2025-04-24 13:22:19,792 [INFO] McuFinderGlobals:76 - Set McuFinderConnectedMode to true
2025-04-24 13:22:19,800 [INFO] MultiScanPanel:200 - Auto-refresh data requested => check proxy status ongoing
2025-04-24 13:22:19,803 [INFO] FinderPluginLoader:95 - Searching for filters in installed packs
2025-04-24 13:22:19,866 [ERROR] LogOutputStream:75 - [STDERR_REDIRECT] [Fatal Error] :1:1: Premature end of file.
2025-04-24 13:22:19,867 [ERROR] LogOutputStream:75 - [STDERR_REDIRECT] 
2025-04-24 13:22:20,874 [ERROR] LogOutputStream:75 - [STDERR_REDIRECT] [Fatal Error] :1:1: Premature end of file.
2025-04-24 13:22:20,875 [ERROR] LogOutputStream:75 - [STDERR_REDIRECT] 
2025-04-24 13:22:21,134 [INFO] LoadUrlFilesThread:185 - End of LoadServerUrlFiles without Thread
2025-04-24 13:22:21,185 [INFO] DetailPanel:341 - Set advertising image to C:/Users/o1yus/STM32Cube/Repository/\en.prom-stm32u3-mcu-finder.jpg
2025-04-24 13:22:21,900 [ERROR] LogOutputStream:75 - [STDERR_REDIRECT] [Fatal Error] :1:1: Premature end of file.
2025-04-24 13:22:21,900 [ERROR] LogOutputStream:75 - [STDERR_REDIRECT] 
2025-04-24 13:22:22,892 [ERROR] LogOutputStream:75 - [STDERR_REDIRECT] [Fatal Error] :1:1: Premature end of file.
2025-04-24 13:22:22,893 [ERROR] LogOutputStream:75 - [STDERR_REDIRECT] 
2025-04-24 13:22:23,866 [ERROR] LogOutputStream:75 - [STDERR_REDIRECT] [Fatal Error] :1:1: Premature end of file.
2025-04-24 13:22:23,866 [ERROR] LogOutputStream:75 - [STDERR_REDIRECT] 
2025-04-24 13:22:24,867 [ERROR] LogOutputStream:75 - [STDERR_REDIRECT] [Fatal Error] :1:1: Premature end of file.
2025-04-24 13:22:24,868 [ERROR] LogOutputStream:75 - [STDERR_REDIRECT] 
2025-04-24 13:22:25,866 [ERROR] LogOutputStream:75 - [STDERR_REDIRECT] [Fatal Error] :1:1: Premature end of file.
2025-04-24 13:22:25,867 [ERROR] LogOutputStream:75 - [STDERR_REDIRECT] 
2025-04-24 13:22:26,873 [ERROR] LogOutputStream:75 - [STDERR_REDIRECT] [Fatal Error] :1:1: Premature end of file.
2025-04-24 13:22:26,873 [ERROR] LogOutputStream:75 - [STDERR_REDIRECT] 
2025-04-24 13:22:27,865 [ERROR] LogOutputStream:75 - [STDERR_REDIRECT] [Fatal Error] :1:1: Premature end of file.
2025-04-24 13:22:27,865 [ERROR] LogOutputStream:75 - [STDERR_REDIRECT] 
2025-04-24 13:22:28,866 [ERROR] LogOutputStream:75 - [STDERR_REDIRECT] [Fatal Error] :1:1: Premature end of file.
2025-04-24 13:22:28,866 [ERROR] LogOutputStream:75 - [STDERR_REDIRECT] 
2025-04-24 13:22:29,869 [ERROR] LogOutputStream:75 - [STDERR_REDIRECT] [Fatal Error] :1:1: Premature end of file.
2025-04-24 13:22:29,869 [ERROR] LogOutputStream:75 - [STDERR_REDIRECT] 
2025-04-24 13:22:30,872 [ERROR] LogOutputStream:75 - [STDERR_REDIRECT] [Fatal Error] :1:1: Premature end of file.
2025-04-24 13:22:30,872 [ERROR] LogOutputStream:75 - [STDERR_REDIRECT] 
2025-04-24 13:22:31,880 [ERROR] LogOutputStream:75 - [STDERR_REDIRECT] [Fatal Error] :1:1: Premature end of file.
2025-04-24 13:22:31,881 [ERROR] LogOutputStream:75 - [STDERR_REDIRECT] 
2025-04-24 13:22:32,893 [ERROR] LogOutputStream:75 - [STDERR_REDIRECT] [Fatal Error] :1:1: Premature end of file.
2025-04-24 13:22:32,893 [ERROR] LogOutputStream:75 - [STDERR_REDIRECT] 
2025-04-24 13:22:33,883 [ERROR] LogOutputStream:75 - [STDERR_REDIRECT] [Fatal Error] :1:1: Premature end of file.
2025-04-24 13:22:33,884 [ERROR] LogOutputStream:75 - [STDERR_REDIRECT] 
2025-04-24 13:22:34,867 [ERROR] LogOutputStream:75 - [STDERR_REDIRECT] [Fatal Error] :1:1: Premature end of file.
2025-04-24 13:22:34,867 [ERROR] LogOutputStream:75 - [STDERR_REDIRECT] 
2025-04-24 13:22:35,868 [ERROR] LogOutputStream:75 - [STDERR_REDIRECT] [Fatal Error] :1:1: Premature end of file.
2025-04-24 13:22:35,868 [ERROR] LogOutputStream:75 - [STDERR_REDIRECT] 
2025-04-24 13:22:36,871 [ERROR] LogOutputStream:75 - [STDERR_REDIRECT] [Fatal Error] :1:1: Premature end of file.
2025-04-24 13:22:36,871 [ERROR] LogOutputStream:75 - [STDERR_REDIRECT] 
2025-04-24 13:22:37,865 [ERROR] LogOutputStream:75 - [STDERR_REDIRECT] [Fatal Error] :1:1: Premature end of file.
2025-04-24 13:22:37,866 [ERROR] LogOutputStream:75 - [STDERR_REDIRECT] 
2025-04-24 13:22:38,858 [ERROR] LogOutputStream:75 - [STDERR_REDIRECT] [Fatal Error] :1:1: Premature end of file.
2025-04-24 13:22:38,859 [ERROR] LogOutputStream:75 - [STDERR_REDIRECT] 
2025-04-24 13:22:39,860 [ERROR] LogOutputStream:75 - [STDERR_REDIRECT] [Fatal Error] :1:1: Premature end of file.
2025-04-24 13:22:39,860 [ERROR] LogOutputStream:75 - [STDERR_REDIRECT] 
2025-04-24 13:22:40,863 [ERROR] LogOutputStream:75 - [STDERR_REDIRECT] [Fatal Error] :1:1: Premature end of file.
2025-04-24 13:22:40,863 [ERROR] LogOutputStream:75 - [STDERR_REDIRECT] 
2025-04-24 13:22:41,873 [ERROR] LogOutputStream:75 - [STDERR_REDIRECT] [Fatal Error] :1:1: Premature end of file.
2025-04-24 13:22:41,874 [ERROR] LogOutputStream:75 - [STDERR_REDIRECT] 
2025-04-24 13:22:42,863 [ERROR] LogOutputStream:75 - [STDERR_REDIRECT] [Fatal Error] :1:1: Premature end of file.
2025-04-24 13:22:42,863 [ERROR] LogOutputStream:75 - [STDERR_REDIRECT] 
2025-04-24 13:22:43,867 [ERROR] LogOutputStream:75 - [STDERR_REDIRECT] [Fatal Error] :1:1: Premature end of file.
2025-04-24 13:22:43,867 [ERROR] LogOutputStream:75 - [STDERR_REDIRECT] 
2025-04-24 13:22:44,866 [ERROR] LogOutputStream:75 - [STDERR_REDIRECT] [Fatal Error] :1:1: Premature end of file.
2025-04-24 13:22:44,867 [ERROR] LogOutputStream:75 - [STDERR_REDIRECT] 
2025-04-24 13:22:45,866 [ERROR] LogOutputStream:75 - [STDERR_REDIRECT] [Fatal Error] :1:1: Premature end of file.
2025-04-24 13:22:45,866 [ERROR] LogOutputStream:75 - [STDERR_REDIRECT] 
2025-04-24 13:22:46,864 [ERROR] LogOutputStream:75 - [STDERR_REDIRECT] [Fatal Error] :1:1: Premature end of file.
2025-04-24 13:22:46,864 [ERROR] LogOutputStream:75 - [STDERR_REDIRECT] 
2025-04-24 13:22:47,860 [ERROR] LogOutputStream:75 - [STDERR_REDIRECT] [Fatal Error] :1:1: Premature end of file.
2025-04-24 13:22:47,860 [ERROR] LogOutputStream:75 - [STDERR_REDIRECT] 
2025-04-24 13:22:48,868 [ERROR] LogOutputStream:75 - [STDERR_REDIRECT] [Fatal Error] :1:1: Premature end of file.
2025-04-24 13:22:48,868 [ERROR] LogOutputStream:75 - [STDERR_REDIRECT] 
2025-04-24 13:22:49,861 [ERROR] LogOutputStream:75 - [STDERR_REDIRECT] [Fatal Error] :1:1: Premature end of file.
2025-04-24 13:22:49,863 [ERROR] LogOutputStream:75 - [STDERR_REDIRECT] 
2025-04-24 13:22:50,870 [ERROR] LogOutputStream:75 - [STDERR_REDIRECT] [Fatal Error] :1:1: Premature end of file.
2025-04-24 13:22:50,870 [ERROR] LogOutputStream:75 - [STDERR_REDIRECT] 
2025-04-24 13:22:51,872 [ERROR] LogOutputStream:75 - [STDERR_REDIRECT] [Fatal Error] :1:1: Premature end of file.
2025-04-24 13:22:51,872 [ERROR] LogOutputStream:75 - [STDERR_REDIRECT] 
2025-04-24 13:22:52,868 [ERROR] LogOutputStream:75 - [STDERR_REDIRECT] [Fatal Error] :1:1: Premature end of file.
2025-04-24 13:22:52,868 [ERROR] LogOutputStream:75 - [STDERR_REDIRECT] 
2025-04-24 13:22:53,864 [ERROR] LogOutputStream:75 - [STDERR_REDIRECT] [Fatal Error] :1:1: Premature end of file.
2025-04-24 13:22:53,864 [ERROR] LogOutputStream:75 - [STDERR_REDIRECT] 
2025-04-24 13:22:54,863 [ERROR] LogOutputStream:75 - [STDERR_REDIRECT] [Fatal Error] :1:1: Premature end of file.
2025-04-24 13:22:54,863 [ERROR] LogOutputStream:75 - [STDERR_REDIRECT] 
2025-04-24 13:22:55,748 [INFO] MainUpdater:2872 - connection check result : 10
2025-04-24 13:22:55,748 [INFO] MainUpdater:2872 - connection check result : 10
2025-04-24 13:22:55,785 [INFO] MicroXplorer:468 - Change Database Path : 
2025-04-24 13:22:55,785 [INFO] MicroXplorer:498 - Change Database Version : DB.6.0.130
2025-04-24 13:22:55,791 [WARN] ThirdParty:871 - waiting for thirdparty lock release [close project]
2025-04-24 13:22:55,791 [INFO] ThirdParty:873 - entering critical section [close project]
2025-04-24 13:22:55,792 [INFO] ThirdParty:883 - exiting critical section [close project]
2025-04-24 13:22:55,794 [INFO] PinOutPanel:1589 - setPackage(No Configuration,No Configuration)
2025-04-24 13:22:55,797 [INFO] UtilMem:75 - Begin LoadConfig() Used Memory: 777366272 Bytes (973078528)
2025-04-24 13:22:55,799 [INFO] MicroXplorer:468 - Change Database Path : 
2025-04-24 13:22:55,799 [INFO] MicroXplorer:498 - Change Database Version : DB.6.0.130
2025-04-24 13:22:55,799 [INFO] OpenFileManager:332 - Change cursor
2025-04-24 13:22:55,875 [ERROR] LogOutputStream:75 - [STDERR_REDIRECT] [Fatal Error] :1:1: Premature end of file.
2025-04-24 13:22:55,875 [ERROR] LogOutputStream:75 - [STDERR_REDIRECT] 
2025-04-24 13:22:55,924 [INFO] Mcu:2035 - Initializing MCU STM32G071RBTx STM32G071RBTx STM32G071RBT6
2025-04-24 13:22:56,892 [ERROR] LogOutputStream:75 - [STDERR_REDIRECT] [Fatal Error] :1:1: Premature end of file.
2025-04-24 13:22:56,893 [ERROR] LogOutputStream:75 - [STDERR_REDIRECT] 
2025-04-24 13:22:57,898 [ERROR] LogOutputStream:75 - [STDERR_REDIRECT] [Fatal Error] :1:1: Premature end of file.
2025-04-24 13:22:57,899 [ERROR] LogOutputStream:75 - [STDERR_REDIRECT] 
2025-04-24 13:22:58,886 [ERROR] LogOutputStream:75 - [STDERR_REDIRECT] [Fatal Error] :1:1: Premature end of file.
2025-04-24 13:22:58,886 [ERROR] LogOutputStream:75 - [STDERR_REDIRECT] 
2025-04-24 13:22:59,467 [INFO] Context:748 - Trying to add GPIOservice into a context  which must be forbidden
2025-04-24 13:22:59,886 [ERROR] LogOutputStream:75 - [STDERR_REDIRECT] [Fatal Error] :1:1: Premature end of file.
2025-04-24 13:22:59,886 [ERROR] LogOutputStream:75 - [STDERR_REDIRECT] 
2025-04-24 13:23:00,884 [ERROR] LogOutputStream:75 - [STDERR_REDIRECT] [Fatal Error] :1:1: Premature end of file.
2025-04-24 13:23:00,885 [ERROR] LogOutputStream:75 - [STDERR_REDIRECT] 
2025-04-24 13:23:00,920 [INFO] ImportTextPane:218 - (OptionalMessage_ERROR) Unable to find key (Mcu.ThirdPartyNb) in loaded IOC file
2025-04-24 13:23:00,921 [INFO] ImportTextPane:218 - (OptionalMessage_ERROR) Unable to find key (Mcu.PinsNb) in loaded IOC file
2025-04-24 13:23:00,921 [INFO] ImportTextPane:218 - (OptionalMessage_ERROR) Unable to find key (Mcu.IPNb) in loaded IOC file
2025-04-24 13:23:01,172 [INFO] RtosManager:555 - Registered RTOS mode: class=CMSIS, group=RTOS, mode=CMSIS_V1, owner=FREERTOS
2025-04-24 13:23:01,173 [INFO] RtosManager:555 - Registered RTOS mode: class=CMSIS, group=RTOS2, mode=CMSIS_V2, owner=FREERTOS
2025-04-24 13:23:01,173 [INFO] RtosManager:555 - Registered RTOS mode: class=RTOS, group=Core, mode=CMSIS_V1, owner=FREERTOS
2025-04-24 13:23:01,173 [INFO] RtosManager:555 - Registered RTOS mode: class=RTOS, group=Core, mode=CMSIS_V2, owner=FREERTOS
2025-04-24 13:23:01,173 [WARN] ModelIntegratedComponent:184 - Missing modes for component STMicroelectronics:FreeRTOS:0.0.1:STMicroelectronics:RTOS:FreeRTOS:Core:::10.2.0:
2025-04-24 13:23:01,199 [WARN] ModelIntegratedComponent:63 - No mode defined for component null
2025-04-24 13:23:01,199 [WARN] ModelIntegratedComponent:63 - No mode defined for component null
2025-04-24 13:23:01,199 [WARN] ModelIntegratedComponent:63 - No mode defined for component null
2025-04-24 13:23:01,199 [WARN] ModelIntegratedComponent:63 - No mode defined for component null
2025-04-24 13:23:01,199 [WARN] ModelIntegratedComponent:63 - No mode defined for component null
2025-04-24 13:23:01,199 [WARN] ModelIntegratedComponent:63 - No mode defined for component null
2025-04-24 13:23:01,199 [WARN] ModelIntegratedComponent:63 - No mode defined for component null
2025-04-24 13:23:01,199 [WARN] ModelIntegratedComponent:63 - No mode defined for component null
2025-04-24 13:23:01,199 [WARN] ModelIntegratedComponent:63 - No mode defined for component null
2025-04-24 13:23:01,199 [WARN] ModelIntegratedComponent:63 - No mode defined for component null
2025-04-24 13:23:01,199 [WARN] ModelIntegratedComponent:63 - No mode defined for component null
2025-04-24 13:23:01,199 [WARN] ModelIntegratedComponent:63 - No mode defined for component null
2025-04-24 13:23:01,199 [WARN] ModelIntegratedComponent:63 - No mode defined for component null
2025-04-24 13:23:01,199 [WARN] ModelIntegratedComponent:63 - No mode defined for component null
2025-04-24 13:23:01,199 [WARN] ModelIntegratedComponent:63 - No mode defined for component null
2025-04-24 13:23:01,199 [WARN] ModelIntegratedComponent:63 - No mode defined for component null
2025-04-24 13:23:01,200 [WARN] ModelIntegratedComponent:63 - No mode defined for component null
2025-04-24 13:23:01,200 [WARN] ModelIntegratedComponent:63 - No mode defined for component null
2025-04-24 13:23:01,200 [WARN] ModelIntegratedComponent:63 - No mode defined for component null
2025-04-24 13:23:01,200 [WARN] ModelIntegratedComponent:63 - No mode defined for component null
2025-04-24 13:23:01,200 [WARN] ModelIntegratedComponent:63 - No mode defined for component null
2025-04-24 13:23:01,200 [WARN] ModelIntegratedComponent:63 - No mode defined for component null
2025-04-24 13:23:01,200 [WARN] ModelIntegratedComponent:63 - No mode defined for component null
2025-04-24 13:23:01,200 [WARN] ModelIntegratedComponent:63 - No mode defined for component null
2025-04-24 13:23:01,200 [WARN] ModelIntegratedComponent:63 - No mode defined for component null
2025-04-24 13:23:01,200 [WARN] ModelIntegratedComponent:63 - No mode defined for component null
2025-04-24 13:23:01,200 [WARN] ModelIntegratedComponent:63 - No mode defined for component null
2025-04-24 13:23:01,200 [WARN] ModelIntegratedComponent:63 - No mode defined for component null
2025-04-24 13:23:01,200 [WARN] ModelIntegratedComponent:63 - No mode defined for component null
2025-04-24 13:23:01,200 [WARN] ModelIntegratedComponent:63 - No mode defined for component null
2025-04-24 13:23:01,200 [WARN] ModelIntegratedComponent:63 - No mode defined for component null
2025-04-24 13:23:01,200 [WARN] ModelIntegratedComponent:63 - No mode defined for component null
2025-04-24 13:23:01,200 [WARN] ModelIntegratedComponent:63 - No mode defined for component null
2025-04-24 13:23:01,200 [WARN] ModelIntegratedComponent:63 - No mode defined for component null
2025-04-24 13:23:01,200 [WARN] ModelIntegratedComponent:63 - No mode defined for component null
2025-04-24 13:23:01,200 [WARN] ModelPack:524 - Component already loaded: STMicroelectronics:HAL Drivers:0.0.0:STMicroelectronics:Device:STMicro_Driver:XSPI:HAL::0.0.1:HAL_XSPI
2025-04-24 13:23:01,303 [INFO] ThirdPartyModel:298 - Start build external matchings
2025-04-24 13:23:01,885 [ERROR] LogOutputStream:75 - [STDERR_REDIRECT] [Fatal Error] :1:1: Premature end of file.
2025-04-24 13:23:01,885 [ERROR] LogOutputStream:75 - [STDERR_REDIRECT] 
2025-04-24 13:23:02,571 [INFO] ThirdPartyModel:316 - End build external matchings
2025-04-24 13:23:02,873 [ERROR] LogOutputStream:75 - [STDERR_REDIRECT] [Fatal Error] :1:1: Premature end of file.
2025-04-24 13:23:02,874 [ERROR] LogOutputStream:75 - [STDERR_REDIRECT] 
2025-04-24 13:23:02,961 [INFO] UtilMem:75 - End LoadConfig() Used Memory: 984345128 Bytes (1073741824)
2025-04-24 13:23:03,143 [WARN] ThirdParty:833 - waiting for thirdparty lock release [change project]
2025-04-24 13:23:03,143 [INFO] ThirdParty:835 - entering critical section [change project]
2025-04-24 13:23:03,143 [INFO] ThirdParty:1030 - CMSIS Pack Vendor :STMicroelectronics USBPD 4.1
2025-04-24 13:23:03,144 [INFO] ThirdParty:1030 - CMSIS Pack Vendor :STMicroelectronics X-CUBE-AZRTOS-H7 3.3.0
2025-04-24 13:23:03,144 [INFO] ThirdParty:1030 - CMSIS Pack Vendor :STMicroelectronics X-CUBE-NFC9 1.0.0
2025-04-24 13:23:03,144 [INFO] ThirdParty:1030 - CMSIS Pack Vendor :STMicroelectronics USB_HOST 2.0.0
2025-04-24 13:23:03,144 [INFO] ThirdParty:1030 - CMSIS Pack Vendor :STMicroelectronics FP-SNS-MOTENVWB1 1.4.0
2025-04-24 13:23:03,144 [INFO] ThirdParty:1030 - CMSIS Pack Vendor :STMicroelectronics X-CUBE-AZRTOS-F4 1.1.0
2025-04-24 13:23:03,144 [INFO] ThirdParty:1030 - CMSIS Pack Vendor :STMicroelectronics LIBJPEG 8.0.0
2025-04-24 13:23:03,145 [INFO] ThirdParty:1030 - CMSIS Pack Vendor :STMicroelectronics FP-ATR-ASTRA1 2.0.2
2025-04-24 13:23:03,145 [INFO] ThirdParty:1030 - CMSIS Pack Vendor :STMicroelectronics FP-ATR-ASTRA1 2.0.1
2025-04-24 13:23:03,145 [INFO] ThirdParty:1030 - CMSIS Pack Vendor :STMicroelectronics X-CUBE-BLE1 7.1.0
2025-04-24 13:23:03,145 [INFO] ThirdParty:1030 - CMSIS Pack Vendor :Avnet-IotConnect X-CUBE-IoTC-DA16k-PMOD 1.0.0
2025-04-24 13:23:03,145 [INFO] ThirdParty:1030 - CMSIS Pack Vendor :STMicroelectronics X-CUBE-SMBUS 2.1.0
2025-04-24 13:23:03,145 [INFO] ThirdParty:1030 - CMSIS Pack Vendor :STMicroelectronics X-CUBE-WB05N 1.1.0
2025-04-24 13:23:03,145 [INFO] ThirdParty:1030 - CMSIS Pack Vendor :STMicroelectronics USB_DEVICE 3.0.0
2025-04-24 13:23:03,145 [INFO] ThirdParty:1030 - CMSIS Pack Vendor :STMicroelectronics X-CUBE-ISPU 2.1.0
2025-04-24 13:23:03,145 [INFO] ThirdParty:1030 - CMSIS Pack Vendor :STMicroelectronics X-CUBE-IPS 3.0.0
2025-04-24 13:23:03,145 [INFO] ThirdParty:1030 - CMSIS Pack Vendor :STMicroelectronics X-CUBE-AZRTOS-WB 2.0.0
2025-04-24 13:23:03,146 [INFO] ThirdParty:1030 - CMSIS Pack Vendor :STMicroelectronics X-CUBE-GNSS1 7.0.0
2025-04-24 13:23:03,146 [INFO] ThirdParty:1030 - CMSIS Pack Vendor :STMicroelectronics X-CUBE-GNSS1 7.0.1
2025-04-24 13:23:03,146 [INFO] ThirdParty:1030 - CMSIS Pack Vendor :STMicroelectronics X-CUBE-AZRTOS-F7 1.1.0
2025-04-24 13:23:03,146 [INFO] ThirdParty:1030 - CMSIS Pack Vendor :STMicroelectronics X-CUBE-AZRTOS-L5 2.0.0
2025-04-24 13:23:03,146 [INFO] ThirdParty:1030 - CMSIS Pack Vendor :STMicroelectronics X-CUBE-TOUCHGFX 4.25.0
2025-04-24 13:23:03,146 [INFO] ThirdParty:1030 - CMSIS Pack Vendor :STMicroelectronics USB_DEVICE 2.0.0
2025-04-24 13:23:03,146 [INFO] ThirdParty:1030 - CMSIS Pack Vendor :STMicroelectronics X-CUBE-NFC6 3.1.0
2025-04-24 13:23:03,146 [INFO] ThirdParty:1030 - CMSIS Pack Vendor :STMicroelectronics FP-SNS-STBOX1 2.0.0
2025-04-24 13:23:03,147 [INFO] ThirdParty:1030 - CMSIS Pack Vendor :STMicroelectronics X-CUBE-MEMS1 11.0.0
2025-04-24 13:23:03,147 [INFO] ThirdParty:1030 - CMSIS Pack Vendor :STMicroelectronics X-CUBE-MEMS1 11.2.0
2025-04-24 13:23:03,147 [INFO] ThirdParty:1030 - CMSIS Pack Vendor :STMicroelectronics FreeRTOS 0.0.1
2025-04-24 13:23:03,147 [INFO] ThirdParty:1030 - CMSIS Pack Vendor :STMicroelectronics X-CUBE-AZRTOS-G0 1.1.0
2025-04-24 13:23:03,147 [INFO] ThirdParty:1030 - CMSIS Pack Vendor :STMicroelectronics X-CUBE-SAFEA1 1.2.2
2025-04-24 13:23:03,147 [INFO] ThirdParty:1030 - CMSIS Pack Vendor :STMicroelectronics X-CUBE-NFC4 3.0.0
2025-04-24 13:23:03,147 [INFO] ThirdParty:1030 - CMSIS Pack Vendor :STMicroelectronics X-CUBE-DPower 1.2.0
2025-04-24 13:23:03,147 [INFO] ThirdParty:1030 - CMSIS Pack Vendor :STMicroelectronics X-CUBE-SUBG2 5.0.0
2025-04-24 13:23:03,147 [INFO] ThirdParty:1030 - CMSIS Pack Vendor :STMicroelectronics X-CUBE-AZRTOS-H7RS 1.1.0
2025-04-24 13:23:03,147 [INFO] ThirdParty:1030 - CMSIS Pack Vendor :STMicroelectronics STM32_WPAN 1.0.0
2025-04-24 13:23:03,148 [INFO] ThirdParty:1030 - CMSIS Pack Vendor :EmbeddedOffice I-CUBE-FS-RTOS 1.0.1
2025-04-24 13:23:03,148 [INFO] ThirdParty:1030 - CMSIS Pack Vendor :STMicroelectronics lwIP 2.0.3
2025-04-24 13:23:03,148 [INFO] ThirdParty:1030 - CMSIS Pack Vendor :STMicroelectronics FP-SNS-FLIGHT1 5.0.2
2025-04-24 13:23:03,148 [INFO] ThirdParty:1030 - CMSIS Pack Vendor :Cesanta I-CUBE-Mongoose 7.13.0
2025-04-24 13:23:03,148 [INFO] ThirdParty:1030 - CMSIS Pack Vendor :STMicroelectronics USB_HOST 1.0.0
2025-04-24 13:23:03,148 [INFO] ThirdParty:1030 - CMSIS Pack Vendor :Infineon AIROC-Wi-Fi-Bluetooth-STM32 1.7.0
2025-04-24 13:23:03,148 [INFO] ThirdParty:1030 - CMSIS Pack Vendor :STMicroelectronics X-CUBE-AZRTOS-G4 2.0.0
2025-04-24 13:23:03,148 [INFO] ThirdParty:1030 - CMSIS Pack Vendor :STMicroelectronics X-CUBE-WB05N 2.0.0
2025-04-24 13:23:03,148 [INFO] ThirdParty:1030 - CMSIS Pack Vendor :STMicroelectronics PDM2PCM 3.1.0
2025-04-24 13:23:03,149 [INFO] ThirdParty:1030 - CMSIS Pack Vendor :STMicroelectronics PDM2PCM 3.3.0
2025-04-24 13:23:03,149 [INFO] ThirdParty:1030 - CMSIS Pack Vendor :STMicroelectronics X-CUBE-DISPLAY 3.0.0
2025-04-24 13:23:03,149 [INFO] ThirdParty:1030 - CMSIS Pack Vendor :STMicroelectronics X-CUBE-TCPP 4.2.0
2025-04-24 13:23:03,149 [INFO] ThirdParty:1030 - CMSIS Pack Vendor :RealThread X-CUBE-RT-Thread_Nano 4.1.1
2025-04-24 13:23:03,149 [INFO] ThirdParty:1030 - CMSIS Pack Vendor :STMicroelectronics X-CUBE-BLE1 7.0.0
2025-04-24 13:23:03,149 [INFO] ThirdParty:1030 - CMSIS Pack Vendor :STMicroelectronics FP-ATR-SIGFOX1 3.2.0
2025-04-24 13:23:03,149 [INFO] ThirdParty:1030 - CMSIS Pack Vendor :STMicroelectronics X-CUBE-NFC10 1.0.0
2025-04-24 13:23:03,149 [INFO] ThirdParty:1030 - CMSIS Pack Vendor :quantropi X-CUBE-qispace-sdk-base 1.9.3
2025-04-24 13:23:03,149 [INFO] ThirdParty:1030 - CMSIS Pack Vendor :STMicroelectronics X-CUBE-BLEMGR 4.0.0
2025-04-24 13:23:03,149 [INFO] ThirdParty:1030 - CMSIS Pack Vendor :STMicroelectronics X-CUBE-EEPRMA1 5.1.0
2025-04-24 13:23:03,149 [INFO] ThirdParty:1030 - CMSIS Pack Vendor :STMicroelectronics HAL Drivers 0.0.0
2025-04-24 13:23:03,149 [INFO] ThirdParty:1030 - CMSIS Pack Vendor :STMicroelectronics MBEDTLS 2.16.2
2025-04-24 13:23:03,149 [INFO] ThirdParty:1030 - CMSIS Pack Vendor :STMicroelectronics X-CUBE-IPS 3.1.0
2025-04-24 13:23:03,149 [INFO] ThirdParty:1030 - CMSIS Pack Vendor :STMicroelectronics X-CUBE-ALS 1.0.2
2025-04-24 13:23:03,149 [INFO] ThirdParty:1030 - CMSIS Pack Vendor :emotas I-CUBE-CANOPEN 1.3.0
2025-04-24 13:23:03,149 [INFO] ThirdParty:1030 - CMSIS Pack Vendor :STMicroelectronics X-CUBE-FREERTOS 1.3.0
2025-04-24 13:23:03,149 [INFO] ThirdParty:1030 - CMSIS Pack Vendor :wolfSSL I-CUBE-wolfSSL 5.7.4
2025-04-24 13:23:03,149 [INFO] ThirdParty:1030 - CMSIS Pack Vendor :STMicroelectronics X-CUBE-NFC7 1.0.1
2025-04-24 13:23:03,149 [INFO] ThirdParty:1030 - CMSIS Pack Vendor :STMicroelectronics MBEDTLS 2.14.1
2025-04-24 13:23:03,149 [INFO] ThirdParty:1030 - CMSIS Pack Vendor :ITTIA_DB I-CUBE-ITTIADB 8.9.0
2025-04-24 13:23:03,149 [INFO] ThirdParty:1030 - CMSIS Pack Vendor :STMicroelectronics X-CUBE-TOUCHGFX 4.24.2
2025-04-24 13:23:03,149 [INFO] ThirdParty:1030 - CMSIS Pack Vendor :STMicroelectronics X-CUBE-TOUCHGFX 4.24.1
2025-04-24 13:23:03,149 [INFO] ThirdParty:1030 - CMSIS Pack Vendor :wolfSSL I-CUBE-wolfTPM 3.4.0
2025-04-24 13:23:03,149 [INFO] ThirdParty:1030 - CMSIS Pack Vendor :portGmbH I-Cube-SoM-uGOAL 1.1.0
2025-04-24 13:23:03,150 [INFO] ThirdParty:1030 - CMSIS Pack Vendor :STMicroelectronics X-CUBE-AI 10.0.0
2025-04-24 13:23:03,150 [INFO] ThirdParty:1030 - CMSIS Pack Vendor :STMicroelectronics ThreadX 1.0.0
2025-04-24 13:23:03,150 [INFO] ThirdParty:1030 - CMSIS Pack Vendor :STMicroelectronics FP-SNS-SMARTAG2 1.2.0
2025-04-24 13:23:03,150 [INFO] ThirdParty:1030 - CMSIS Pack Vendor :STMicroelectronics FP-SNS-FLIGHT1 5.1.0
2025-04-24 13:23:03,150 [INFO] ThirdParty:1030 - CMSIS Pack Vendor :STMicroelectronics X-CUBE-MEMS1 11.1.0
2025-04-24 13:23:03,150 [INFO] ThirdParty:1030 - CMSIS Pack Vendor :STMicroelectronics X-CUBE-AZRTOS-WL 2.0.0
2025-04-24 13:23:03,150 [INFO] ThirdParty:1030 - CMSIS Pack Vendor :SEGGER I-CUBE-embOS 1.3.1
2025-04-24 13:23:03,150 [INFO] ThirdParty:1030 - CMSIS Pack Vendor :STMicroelectronics X-CUBE-ALGOBUILD 1.4.0
2025-04-24 13:23:03,150 [INFO] ThirdParty:1030 - CMSIS Pack Vendor :STMicroelectronics X-CUBE-DPower 1.3.0
2025-04-24 13:23:03,150 [INFO] ThirdParty:1030 - CMSIS Pack Vendor :STMicroelectronics FP-SNS-MOTENV1 5.0.0
2025-04-24 13:23:03,150 [INFO] ThirdParty:1030 - CMSIS Pack Vendor :STMicroelectronics USB_DEVICE 1.0.0
2025-04-24 13:23:03,150 [INFO] ThirdParty:1030 - CMSIS Pack Vendor :STMicroelectronics X-CUBE-AZRTOS-H7RS 1.0.0
2025-04-24 13:23:03,150 [INFO] ThirdParty:1030 - CMSIS Pack Vendor :wolfSSL I-CUBE-wolfMQTT 1.19.0
2025-04-24 13:23:03,150 [INFO] ThirdParty:1030 - CMSIS Pack Vendor :STMicroelectronics X-CUBE-AZRTOS-L4 2.0.0
2025-04-24 13:23:03,150 [INFO] ThirdParty:1030 - CMSIS Pack Vendor :STMicroelectronics ThreadX 0.0.2
2025-04-24 13:23:03,150 [INFO] ThirdParty:1030 - CMSIS Pack Vendor :WES I-CUBE-Cesium 1.3.0
2025-04-24 13:23:03,151 [INFO] ThirdParty:1030 - CMSIS Pack Vendor :STMicroelectronics lwIP 2.1.2
2025-04-24 13:23:03,151 [INFO] ThirdParty:1030 - CMSIS Pack Vendor :STMicroelectronics X-CUBE-SFXS2LP1 4.0.0
2025-04-24 13:23:03,151 [INFO] ThirdParty:1030 - CMSIS Pack Vendor :STMicroelectronics X-CUBE-BLE2 3.3.0
2025-04-24 13:23:03,151 [INFO] ThirdParty:1030 - CMSIS Pack Vendor :STMicroelectronics X-CUBE-TOF1 3.4.2
2025-04-24 13:23:03,151 [INFO] ThirdParty:1030 - CMSIS Pack Vendor :STMicroelectronics X-CUBE-TOF1 3.4.3
2025-04-24 13:23:03,151 [INFO] ThirdParty:1030 - CMSIS Pack Vendor :STMicroelectronics X-CUBE-AI 9.1.0
2025-04-24 13:23:03,151 [INFO] ThirdParty:1030 - CMSIS Pack Vendor :STMicroelectronics PDM2PCM 3.2.0
2025-04-24 13:23:03,151 [INFO] ThirdParty:1030 - CMSIS Pack Vendor :wolfSSL I-CUBE-wolfSSH 1.4.17
2025-04-24 13:23:03,151 [INFO] ThirdParty:841 - exiting critical section [change project]
2025-04-24 13:23:03,713 [INFO] PinOutPanel:1589 - setPackage(No Configuration,No Configuration)
2025-04-24 13:23:03,715 [INFO] PinOutPanel:1589 - setPackage(STM32G071RBTx,LQFP64)
2025-04-24 13:23:03,886 [ERROR] LogOutputStream:75 - [STDERR_REDIRECT] [Fatal Error] :1:1: Premature end of file.
2025-04-24 13:23:03,887 [ERROR] LogOutputStream:75 - [STDERR_REDIRECT] 
2025-04-24 13:23:04,652 [INFO] UtilMem:75 - Before build in PCC Used Memory: 756728928 Bytes (1073741824)
2025-04-24 13:23:04,901 [ERROR] LogOutputStream:75 - [STDERR_REDIRECT] [Fatal Error] :1:1: Premature end of file.
2025-04-24 13:23:04,901 [ERROR] LogOutputStream:75 - [STDERR_REDIRECT] 
2025-04-24 13:23:05,879 [ERROR] LogOutputStream:75 - [STDERR_REDIRECT] [Fatal Error] :1:1: Premature end of file.
2025-04-24 13:23:05,880 [ERROR] LogOutputStream:75 - [STDERR_REDIRECT] 
2025-04-24 13:23:06,256 [INFO] UtilMem:75 - After build in PCC Used Memory: 954004080 Bytes (1073741824)
2025-04-24 13:23:06,304 [INFO] IPUIPlugin:80 - create IPUIPlugin
2025-04-24 13:23:06,304 [INFO] IPUIPlugin:80 - create IPUIPlugin
2025-04-24 13:23:06,305 [INFO] IPUIPlugin:80 - create IPUIPlugin
2025-04-24 13:23:06,305 [INFO] IPUIPlugin:80 - create IPUIPlugin
2025-04-24 13:23:06,305 [INFO] IPUIPlugin:80 - create IPUIPlugin
2025-04-24 13:23:06,305 [INFO] IPUIPlugin:80 - create IPUIPlugin
2025-04-24 13:23:06,306 [INFO] IPUIPlugin:80 - create IPUIPlugin
2025-04-24 13:23:06,307 [INFO] IPUIPlugin:80 - create IPUIPlugin
2025-04-24 13:23:06,307 [INFO] IPUIPlugin:80 - create IPUIPlugin
2025-04-24 13:23:06,307 [INFO] IPUIPlugin:80 - create IPUIPlugin
2025-04-24 13:23:06,308 [INFO] IPUIPlugin:80 - create IPUIPlugin
2025-04-24 13:23:06,308 [INFO] IPUIPlugin:80 - create IPUIPlugin
2025-04-24 13:23:06,308 [INFO] IPUIPlugin:80 - create IPUIPlugin
2025-04-24 13:23:06,309 [INFO] IPUIPlugin:80 - create IPUIPlugin
2025-04-24 13:23:06,309 [INFO] IPUIPlugin:80 - create IPUIPlugin
2025-04-24 13:23:06,310 [INFO] IPUIPlugin:80 - create IPUIPlugin
2025-04-24 13:23:06,310 [INFO] IPUIPlugin:80 - create IPUIPlugin
2025-04-24 13:23:06,311 [INFO] IPUIPlugin:80 - create IPUIPlugin
2025-04-24 13:23:06,312 [INFO] IPUIPlugin:80 - create IPUIPlugin
2025-04-24 13:23:06,312 [INFO] IPUIPlugin:80 - create IPUIPlugin
2025-04-24 13:23:06,312 [INFO] IPUIPlugin:80 - create IPUIPlugin
2025-04-24 13:23:06,313 [INFO] IPUIPlugin:80 - create IPUIPlugin
2025-04-24 13:23:06,314 [INFO] IPUIPlugin:80 - create IPUIPlugin
2025-04-24 13:23:06,315 [INFO] IPUIPlugin:80 - create IPUIPlugin
2025-04-24 13:23:06,315 [INFO] IPUIPlugin:80 - create IPUIPlugin
2025-04-24 13:23:06,315 [INFO] IPUIPlugin:80 - create IPUIPlugin
2025-04-24 13:23:06,316 [INFO] IPUIPlugin:80 - create IPUIPlugin
2025-04-24 13:23:06,316 [INFO] IPUIPlugin:80 - create IPUIPlugin
2025-04-24 13:23:06,317 [INFO] IPUIPlugin:80 - create IPUIPlugin
2025-04-24 13:23:06,317 [INFO] IPUIPlugin:80 - create IPUIPlugin
2025-04-24 13:23:06,317 [INFO] IPUIPlugin:80 - create IPUIPlugin
2025-04-24 13:23:06,318 [INFO] IPUIPlugin:80 - create IPUIPlugin
2025-04-24 13:23:06,319 [INFO] IPUIPlugin:80 - create IPUIPlugin
2025-04-24 13:23:06,319 [INFO] IPUIPlugin:80 - create IPUIPlugin
2025-04-24 13:23:06,319 [INFO] IPUIPlugin:80 - create IPUIPlugin
2025-04-24 13:23:06,320 [INFO] IPUIPlugin:80 - create IPUIPlugin
2025-04-24 13:23:06,320 [INFO] IPUIPlugin:80 - create IPUIPlugin
2025-04-24 13:23:06,321 [INFO] IPUIPlugin:80 - create IPUIPlugin
2025-04-24 13:23:06,322 [INFO] IPUIPlugin:80 - create IPUIPlugin
2025-04-24 13:23:06,322 [INFO] IPUIPlugin:80 - create IPUIPlugin
2025-04-24 13:23:06,322 [INFO] IPUIPlugin:80 - create IPUIPlugin
2025-04-24 13:23:06,322 [INFO] IPUIPlugin:80 - create IPUIPlugin
2025-04-24 13:23:06,323 [INFO] IPUIPlugin:80 - create IPUIPlugin
2025-04-24 13:23:06,659 [INFO] CADModel:165 - CPN selected for project levelSTM32G071RBT6
2025-04-24 13:23:06,659 [INFO] CADModel:114 - Register for checkConnection events
2025-04-24 13:23:06,703 [INFO] OpenFileManager:363 - Restore cursor
2025-04-24 13:23:06,877 [ERROR] LogOutputStream:75 - [STDERR_REDIRECT] [Fatal Error] :1:1: Premature end of file.
2025-04-24 13:23:06,877 [ERROR] LogOutputStream:75 - [STDERR_REDIRECT] 
2025-04-24 13:23:07,871 [ERROR] LogOutputStream:75 - [STDERR_REDIRECT] [Fatal Error] :1:1: Premature end of file.
2025-04-24 13:23:07,872 [ERROR] LogOutputStream:75 - [STDERR_REDIRECT] 
2025-04-24 13:23:08,874 [ERROR] LogOutputStream:75 - [STDERR_REDIRECT] [Fatal Error] :1:1: Premature end of file.
2025-04-24 13:23:08,874 [ERROR] LogOutputStream:75 - [STDERR_REDIRECT] 
2025-04-24 13:23:09,862 [INFO] UtilMem:75 - End SaveConfig() Used Memory: 1054347440 Bytes (1073741824)
2025-04-24 13:23:09,878 [ERROR] LogOutputStream:75 - [STDERR_REDIRECT] [Fatal Error] :1:1: Premature end of file.
2025-04-24 13:23:09,878 [ERROR] LogOutputStream:75 - [STDERR_REDIRECT] 
2025-04-24 13:23:09,952 [INFO] UtilMem:75 - End SaveConfig() Used Memory: 1070445760 Bytes (1073741824)
2025-04-24 13:23:10,628 [INFO] BlockDiagram:2766 - set Specific Code input for plugin: NVIC
2025-04-24 13:23:10,628 [INFO] BlockDiagram:2766 - set Specific Code input for plugin: RCC
2025-04-24 13:23:10,630 [INFO] CodeGenerator:896 - code generatio: config db path: C:\ST\STM32CubeIDE_1.17.0\STM32CubeIDE\plugins\com.st.stm32cube.common.mx_6.13.0.202411220809\\db\
2025-04-24 13:23:10,888 [ERROR] LogOutputStream:75 - [STDERR_REDIRECT] [Fatal Error] :1:1: Premature end of file.
2025-04-24 13:23:10,888 [ERROR] LogOutputStream:75 - [STDERR_REDIRECT] 
2025-04-24 13:23:10,907 [INFO] CodeEngine:255 - oldGeneratedFile, C:\Users\o1yus\OneDrive\Desktop\Workspace\USART\MXTmpFiles\license.tmp_save
2025-04-24 13:23:11,495 [INFO] CodeEngine:279 - Generated code: C:\Users\o1yus\OneDrive\Desktop\Workspace\USART\MXTmpFiles\license.tmp
2025-04-24 13:23:11,522 [INFO] CodeEngine:255 - oldGeneratedFile, C:\Users\o1yus\OneDrive\Desktop\Workspace\USART\Core\Src\stm32g0xx_it.c_save
2025-04-24 13:23:11,825 [INFO] CodeEngine:279 - Generated code: C:\Users\o1yus\OneDrive\Desktop\Workspace\USART\Core\Src\stm32g0xx_it.c
2025-04-24 13:23:11,873 [INFO] CodeEngine:255 - oldGeneratedFile, C:\Users\o1yus\OneDrive\Desktop\Workspace\USART\Core\Inc\stm32g0xx_it.h_save
2025-04-24 13:23:11,885 [ERROR] LogOutputStream:75 - [STDERR_REDIRECT] [Fatal Error] :1:1: Premature end of file.
2025-04-24 13:23:11,886 [ERROR] LogOutputStream:75 - [STDERR_REDIRECT] 
2025-04-24 13:23:12,003 [INFO] CodeEngine:279 - Generated code: C:\Users\o1yus\OneDrive\Desktop\Workspace\USART\Core\Inc\stm32g0xx_it.h
2025-04-24 13:23:12,240 [INFO] CodeEngine:255 - oldGeneratedFile, C:\Users\o1yus\OneDrive\Desktop\Workspace\USART\Core\Src\stm32g0xx_hal_msp.c_save
2025-04-24 13:23:12,516 [INFO] CodeEngine:279 - Generated code: C:\Users\o1yus\OneDrive\Desktop\Workspace\USART\Core\Src\stm32g0xx_hal_msp.c
2025-04-24 13:23:12,539 [INFO] CodeEngine:255 - oldGeneratedFile, C:\Users\o1yus\OneDrive\Desktop\Workspace\USART\MXTmpFiles\system.tmp_save
2025-04-24 13:23:12,679 [INFO] CodeEngine:279 - Generated code: C:\Users\o1yus\OneDrive\Desktop\Workspace\USART\MXTmpFiles\system.tmp
2025-04-24 13:23:12,788 [INFO] CodeEngine:311 - oldGeneratedFile, C:\Users\o1yus\OneDrive\Desktop\Workspace\USART\Core\Inc\stm32g0xx_hal_conf.h_save
2025-04-24 13:23:12,920 [ERROR] LogOutputStream:75 - [STDERR_REDIRECT] [Fatal Error] :1:1: Premature end of file.
2025-04-24 13:23:12,921 [ERROR] LogOutputStream:75 - [STDERR_REDIRECT] 
2025-04-24 13:23:12,981 [INFO] CodeEngine:335 - Generated code: C:\Users\o1yus\OneDrive\Desktop\Workspace\USART\Core\Inc\stm32g0xx_hal_conf.h
2025-04-24 13:23:13,060 [INFO] ApiDbMcu:508 - Load IP Config File for RCC
2025-04-24 13:23:13,092 [INFO] CodeEngine:255 - oldGeneratedFile, C:\Users\o1yus\OneDrive\Desktop\Workspace\USART\Core\Inc\main.h_save
2025-04-24 13:23:13,333 [INFO] CodeEngine:279 - Generated code: C:\Users\o1yus\OneDrive\Desktop\Workspace\USART\Core\Inc\main.h
2025-04-24 13:23:13,361 [INFO] CodeEngine:255 - oldGeneratedFile, C:\Users\o1yus\OneDrive\Desktop\Workspace\USART\Core\Src\main.c_save
2025-04-24 13:23:13,626 [INFO] CodeEngine:279 - Generated code: C:\Users\o1yus\OneDrive\Desktop\Workspace\USART\Core\Src\main.c
2025-04-24 13:23:13,884 [ERROR] LogOutputStream:75 - [STDERR_REDIRECT] [Fatal Error] :1:1: Premature end of file.
2025-04-24 13:23:13,885 [ERROR] LogOutputStream:75 - [STDERR_REDIRECT] 
2025-04-24 13:23:14,206 [INFO] ProjectBuilder:3289 - Time for Copy HAL[1] : 303mS.
2025-04-24 13:23:14,216 [INFO] ProjectBuilder:4876 - Project Generator version: 4.5.0-RC5
2025-04-24 13:23:14,351 [INFO] ConfigFileManager:1579 - The Die is : DIE460
2025-04-24 13:23:14,399 [INFO] ApiDbMcu:508 - Load IP Config File for FATFS
2025-04-24 13:23:14,431 [INFO] ApiDbMcu:508 - Load IP Config File for FREERTOS
2025-04-24 13:23:14,460 [INFO] ApiDbMcu:508 - Load IP Config File for USBPD
2025-04-24 13:23:14,874 [ERROR] LogOutputStream:75 - [STDERR_REDIRECT] [Fatal Error] :1:1: Premature end of file.
2025-04-24 13:23:14,874 [ERROR] LogOutputStream:75 - [STDERR_REDIRECT] 
2025-04-24 13:23:15,729 [INFO] LogOutputStream:77 - [STDOUT_REDIRECT] 
2025-04-24 13:23:15,876 [ERROR] LogOutputStream:75 - [STDERR_REDIRECT] [Fatal Error] :1:1: Premature end of file.
2025-04-24 13:23:15,876 [ERROR] LogOutputStream:75 - [STDERR_REDIRECT] 
2025-04-24 13:23:16,884 [ERROR] LogOutputStream:75 - [STDERR_REDIRECT] [Fatal Error] :1:1: Premature end of file.
2025-04-24 13:23:16,886 [ERROR] LogOutputStream:75 - [STDERR_REDIRECT] 
2025-04-24 13:23:17,871 [ERROR] LogOutputStream:75 - [STDERR_REDIRECT] [Fatal Error] :1:1: Premature end of file.
2025-04-24 13:23:17,871 [ERROR] LogOutputStream:75 - [STDERR_REDIRECT] 
2025-04-24 13:23:18,868 [ERROR] LogOutputStream:75 - [STDERR_REDIRECT] [Fatal Error] :1:1: Premature end of file.
2025-04-24 13:23:18,868 [ERROR] LogOutputStream:75 - [STDERR_REDIRECT] 
2025-04-24 13:23:19,784 [INFO] ProjectBuilder:5154 - Time for Generating toolchain IDE Files: 5565mS.
2025-04-24 13:23:19,786 [INFO] ProjectBuilder:3146 - Time for Copy CMSIS : 1mS.
2025-04-24 13:23:19,788 [INFO] ProjectBuilder:3146 - Time for Copy CMSIS : 0mS.
2025-04-24 13:23:19,902 [ERROR] LogOutputStream:75 - [STDERR_REDIRECT] [Fatal Error] :1:1: Premature end of file.
2025-04-24 13:23:19,903 [ERROR] LogOutputStream:75 - [STDERR_REDIRECT] 
2025-04-24 13:23:20,886 [ERROR] LogOutputStream:75 - [STDERR_REDIRECT] [Fatal Error] :1:1: Premature end of file.
2025-04-24 13:23:20,888 [ERROR] LogOutputStream:75 - [STDERR_REDIRECT] 
2025-04-24 13:23:21,688 [INFO] McuFinderGlobals:76 - Set McuFinderConnectedMode to true
2025-04-24 13:23:21,699 [INFO] ApiDb:448 - Save user favorites file C:\Users\o1yus/.stm32cubeide/favorites.mcus.txt: 1 item(s)
2025-04-24 13:23:21,702 [INFO] ApiDb:452 - User favorites MCUs=[STM32G071RBT6]
2025-04-24 13:23:22,028 [ERROR] LogOutputStream:75 - [STDERR_REDIRECT] [Fatal Error] :1:1: Premature end of file.
2025-04-24 13:23:22,028 [ERROR] LogOutputStream:75 - [STDERR_REDIRECT] 
2025-04-24 13:23:22,879 [ERROR] LogOutputStream:75 - [STDERR_REDIRECT] [Fatal Error] :1:1: Premature end of file.
2025-04-24 13:23:22,879 [ERROR] LogOutputStream:75 - [STDERR_REDIRECT] 
2025-04-24 13:23:23,904 [ERROR] LogOutputStream:75 - [STDERR_REDIRECT] [Fatal Error] :1:1: Premature end of file.
2025-04-24 13:23:23,904 [ERROR] LogOutputStream:75 - [STDERR_REDIRECT] 
2025-04-24 13:23:24,880 [ERROR] LogOutputStream:75 - [STDERR_REDIRECT] [Fatal Error] :1:1: Premature end of file.
2025-04-24 13:23:24,880 [ERROR] LogOutputStream:75 - [STDERR_REDIRECT] 
2025-04-24 13:23:25,882 [ERROR] LogOutputStream:75 - [STDERR_REDIRECT] [Fatal Error] :1:1: Premature end of file.
2025-04-24 13:23:25,882 [ERROR] LogOutputStream:75 - [STDERR_REDIRECT] 
2025-04-24 13:23:26,875 [ERROR] LogOutputStream:75 - [STDERR_REDIRECT] [Fatal Error] :1:1: Premature end of file.
2025-04-24 13:23:26,875 [ERROR] LogOutputStream:75 - [STDERR_REDIRECT] 
2025-04-24 13:23:27,879 [ERROR] LogOutputStream:75 - [STDERR_REDIRECT] [Fatal Error] :1:1: Premature end of file.
2025-04-24 13:23:27,879 [ERROR] LogOutputStream:75 - [STDERR_REDIRECT] 
2025-04-24 13:23:28,878 [ERROR] LogOutputStream:75 - [STDERR_REDIRECT] [Fatal Error] :1:1: Premature end of file.
2025-04-24 13:23:28,880 [ERROR] LogOutputStream:75 - [STDERR_REDIRECT] 
2025-04-24 13:23:29,888 [ERROR] LogOutputStream:75 - [STDERR_REDIRECT] [Fatal Error] :1:1: Premature end of file.
2025-04-24 13:23:29,890 [ERROR] LogOutputStream:75 - [STDERR_REDIRECT] 
2025-04-24 13:23:30,865 [ERROR] LogOutputStream:75 - [STDERR_REDIRECT] [Fatal Error] :1:1: Premature end of file.
2025-04-24 13:23:30,865 [ERROR] LogOutputStream:75 - [STDERR_REDIRECT] 
2025-04-24 13:23:31,868 [ERROR] LogOutputStream:75 - [STDERR_REDIRECT] [Fatal Error] :1:1: Premature end of file.
2025-04-24 13:23:31,868 [ERROR] LogOutputStream:75 - [STDERR_REDIRECT] 
2025-04-24 13:23:32,863 [ERROR] LogOutputStream:75 - [STDERR_REDIRECT] [Fatal Error] :1:1: Premature end of file.
2025-04-24 13:23:32,863 [ERROR] LogOutputStream:75 - [STDERR_REDIRECT] 
2025-04-24 13:23:33,860 [ERROR] LogOutputStream:75 - [STDERR_REDIRECT] [Fatal Error] :1:1: Premature end of file.
2025-04-24 13:23:33,860 [ERROR] LogOutputStream:75 - [STDERR_REDIRECT] 
2025-04-24 13:23:34,864 [ERROR] LogOutputStream:75 - [STDERR_REDIRECT] [Fatal Error] :1:1: Premature end of file.
2025-04-24 13:23:34,872 [ERROR] LogOutputStream:75 - [STDERR_REDIRECT] 
2025-04-24 13:23:35,872 [ERROR] LogOutputStream:75 - [STDERR_REDIRECT] [Fatal Error] :1:1: Premature end of file.
2025-04-24 13:23:35,872 [ERROR] LogOutputStream:75 - [STDERR_REDIRECT] 
2025-04-24 13:23:36,859 [ERROR] LogOutputStream:75 - [STDERR_REDIRECT] [Fatal Error] :1:1: Premature end of file.
2025-04-24 13:23:36,859 [ERROR] LogOutputStream:75 - [STDERR_REDIRECT] 
2025-04-24 13:23:37,859 [ERROR] LogOutputStream:75 - [STDERR_REDIRECT] [Fatal Error] :1:1: Premature end of file.
2025-04-24 13:23:37,859 [ERROR] LogOutputStream:75 - [STDERR_REDIRECT] 
2025-04-24 13:23:38,865 [ERROR] LogOutputStream:75 - [STDERR_REDIRECT] [Fatal Error] :1:1: Premature end of file.
2025-04-24 13:23:38,865 [ERROR] LogOutputStream:75 - [STDERR_REDIRECT] 
2025-04-24 13:23:39,858 [ERROR] LogOutputStream:75 - [STDERR_REDIRECT] [Fatal Error] :1:1: Premature end of file.
2025-04-24 13:23:39,858 [ERROR] LogOutputStream:75 - [STDERR_REDIRECT] 
2025-04-24 13:23:40,858 [ERROR] LogOutputStream:75 - [STDERR_REDIRECT] [Fatal Error] :1:1: Premature end of file.
2025-04-24 13:23:40,858 [ERROR] LogOutputStream:75 - [STDERR_REDIRECT] 
2025-04-24 13:23:41,856 [ERROR] LogOutputStream:75 - [STDERR_REDIRECT] [Fatal Error] :1:1: Premature end of file.
2025-04-24 13:23:41,857 [ERROR] LogOutputStream:75 - [STDERR_REDIRECT] 
2025-04-24 13:23:42,857 [ERROR] LogOutputStream:75 - [STDERR_REDIRECT] [Fatal Error] :1:1: Premature end of file.
2025-04-24 13:23:42,857 [ERROR] LogOutputStream:75 - [STDERR_REDIRECT] 
2025-04-24 13:23:43,859 [ERROR] LogOutputStream:75 - [STDERR_REDIRECT] [Fatal Error] :1:1: Premature end of file.
2025-04-24 13:23:43,859 [ERROR] LogOutputStream:75 - [STDERR_REDIRECT] 
2025-04-24 13:23:44,857 [ERROR] LogOutputStream:75 - [STDERR_REDIRECT] [Fatal Error] :1:1: Premature end of file.
2025-04-24 13:23:44,857 [ERROR] LogOutputStream:75 - [STDERR_REDIRECT] 
2025-04-24 13:23:45,857 [ERROR] LogOutputStream:75 - [STDERR_REDIRECT] [Fatal Error] :1:1: Premature end of file.
2025-04-24 13:23:45,857 [ERROR] LogOutputStream:75 - [STDERR_REDIRECT] 
2025-04-24 13:23:46,858 [ERROR] LogOutputStream:75 - [STDERR_REDIRECT] [Fatal Error] :1:1: Premature end of file.
2025-04-24 13:23:46,858 [ERROR] LogOutputStream:75 - [STDERR_REDIRECT] 
2025-04-24 13:23:47,859 [ERROR] LogOutputStream:75 - [STDERR_REDIRECT] [Fatal Error] :1:1: Premature end of file.
2025-04-24 13:23:47,860 [ERROR] LogOutputStream:75 - [STDERR_REDIRECT] 
2025-04-24 13:23:48,859 [ERROR] LogOutputStream:75 - [STDERR_REDIRECT] [Fatal Error] :1:1: Premature end of file.
2025-04-24 13:23:48,859 [ERROR] LogOutputStream:75 - [STDERR_REDIRECT] 
2025-04-24 13:23:49,857 [ERROR] LogOutputStream:75 - [STDERR_REDIRECT] [Fatal Error] :1:1: Premature end of file.
2025-04-24 13:23:49,857 [ERROR] LogOutputStream:75 - [STDERR_REDIRECT] 
2025-04-24 13:23:50,857 [ERROR] LogOutputStream:75 - [STDERR_REDIRECT] [Fatal Error] :1:1: Premature end of file.
2025-04-24 13:23:50,858 [ERROR] LogOutputStream:75 - [STDERR_REDIRECT] 
2025-04-24 13:23:51,859 [ERROR] LogOutputStream:75 - [STDERR_REDIRECT] [Fatal Error] :1:1: Premature end of file.
2025-04-24 13:23:51,859 [ERROR] LogOutputStream:75 - [STDERR_REDIRECT] 
2025-04-24 13:23:52,859 [ERROR] LogOutputStream:75 - [STDERR_REDIRECT] [Fatal Error] :1:1: Premature end of file.
2025-04-24 13:23:52,859 [ERROR] LogOutputStream:75 - [STDERR_REDIRECT] 
2025-04-24 13:23:53,857 [ERROR] LogOutputStream:75 - [STDERR_REDIRECT] [Fatal Error] :1:1: Premature end of file.
2025-04-24 13:23:53,857 [ERROR] LogOutputStream:75 - [STDERR_REDIRECT] 
2025-04-24 13:23:54,858 [ERROR] LogOutputStream:75 - [STDERR_REDIRECT] [Fatal Error] :1:1: Premature end of file.
2025-04-24 13:23:54,858 [ERROR] LogOutputStream:75 - [STDERR_REDIRECT] 
2025-04-24 13:23:55,859 [ERROR] LogOutputStream:75 - [STDERR_REDIRECT] [Fatal Error] :1:1: Premature end of file.
2025-04-24 13:23:55,859 [ERROR] LogOutputStream:75 - [STDERR_REDIRECT] 
2025-04-24 13:23:56,856 [ERROR] LogOutputStream:75 - [STDERR_REDIRECT] [Fatal Error] :1:1: Premature end of file.
2025-04-24 13:23:56,856 [ERROR] LogOutputStream:75 - [STDERR_REDIRECT] 
2025-04-24 13:23:57,856 [ERROR] LogOutputStream:75 - [STDERR_REDIRECT] [Fatal Error] :1:1: Premature end of file.
2025-04-24 13:23:57,857 [ERROR] LogOutputStream:75 - [STDERR_REDIRECT] 
2025-04-24 13:23:58,864 [ERROR] LogOutputStream:75 - [STDERR_REDIRECT] [Fatal Error] :1:1: Premature end of file.
2025-04-24 13:23:58,864 [ERROR] LogOutputStream:75 - [STDERR_REDIRECT] 
2025-04-24 13:23:59,860 [ERROR] LogOutputStream:75 - [STDERR_REDIRECT] [Fatal Error] :1:1: Premature end of file.
2025-04-24 13:23:59,864 [ERROR] LogOutputStream:75 - [STDERR_REDIRECT] 
2025-04-24 13:24:00,860 [ERROR] LogOutputStream:75 - [STDERR_REDIRECT] [Fatal Error] :1:1: Premature end of file.
2025-04-24 13:24:00,860 [ERROR] LogOutputStream:75 - [STDERR_REDIRECT] 
2025-04-24 13:24:01,864 [ERROR] LogOutputStream:75 - [STDERR_REDIRECT] [Fatal Error] :1:1: Premature end of file.
2025-04-24 13:24:01,864 [ERROR] LogOutputStream:75 - [STDERR_REDIRECT] 
2025-04-24 13:24:02,862 [ERROR] LogOutputStream:75 - [STDERR_REDIRECT] [Fatal Error] :1:1: Premature end of file.
2025-04-24 13:24:02,862 [ERROR] LogOutputStream:75 - [STDERR_REDIRECT] 
2025-04-24 13:24:03,863 [ERROR] LogOutputStream:75 - [STDERR_REDIRECT] [Fatal Error] :1:1: Premature end of file.
2025-04-24 13:24:03,863 [ERROR] LogOutputStream:75 - [STDERR_REDIRECT] 
2025-04-24 13:24:04,864 [ERROR] LogOutputStream:75 - [STDERR_REDIRECT] [Fatal Error] :1:1: Premature end of file.
2025-04-24 13:24:04,864 [ERROR] LogOutputStream:75 - [STDERR_REDIRECT] 
2025-04-24 13:24:05,876 [ERROR] LogOutputStream:75 - [STDERR_REDIRECT] [Fatal Error] :1:1: Premature end of file.
2025-04-24 13:24:05,876 [ERROR] LogOutputStream:75 - [STDERR_REDIRECT] 
2025-04-24 13:24:06,864 [ERROR] LogOutputStream:75 - [STDERR_REDIRECT] [Fatal Error] :1:1: Premature end of file.
2025-04-24 13:24:06,864 [ERROR] LogOutputStream:75 - [STDERR_REDIRECT] 
2025-04-24 13:24:07,858 [ERROR] LogOutputStream:75 - [STDERR_REDIRECT] [Fatal Error] :1:1: Premature end of file.
2025-04-24 13:24:07,858 [ERROR] LogOutputStream:75 - [STDERR_REDIRECT] 
2025-04-24 13:24:08,856 [ERROR] LogOutputStream:75 - [STDERR_REDIRECT] [Fatal Error] :1:1: Premature end of file.
2025-04-24 13:24:08,857 [ERROR] LogOutputStream:75 - [STDERR_REDIRECT] 
2025-04-24 13:24:09,859 [ERROR] LogOutputStream:75 - [STDERR_REDIRECT] [Fatal Error] :1:1: Premature end of file.
2025-04-24 13:24:09,859 [ERROR] LogOutputStream:75 - [STDERR_REDIRECT] 
2025-04-24 13:24:10,859 [ERROR] LogOutputStream:75 - [STDERR_REDIRECT] [Fatal Error] :1:1: Premature end of file.
2025-04-24 13:24:10,859 [ERROR] LogOutputStream:75 - [STDERR_REDIRECT] 
2025-04-24 13:24:11,859 [ERROR] LogOutputStream:75 - [STDERR_REDIRECT] [Fatal Error] :1:1: Premature end of file.
2025-04-24 13:24:11,859 [ERROR] LogOutputStream:75 - [STDERR_REDIRECT] 
2025-04-24 13:24:12,858 [ERROR] LogOutputStream:75 - [STDERR_REDIRECT] [Fatal Error] :1:1: Premature end of file.
2025-04-24 13:24:12,858 [ERROR] LogOutputStream:75 - [STDERR_REDIRECT] 
2025-04-24 13:24:13,857 [ERROR] LogOutputStream:75 - [STDERR_REDIRECT] [Fatal Error] :1:1: Premature end of file.
2025-04-24 13:24:13,857 [ERROR] LogOutputStream:75 - [STDERR_REDIRECT] 
2025-04-24 13:24:14,860 [ERROR] LogOutputStream:75 - [STDERR_REDIRECT] [Fatal Error] :1:1: Premature end of file.
2025-04-24 13:24:14,860 [ERROR] LogOutputStream:75 - [STDERR_REDIRECT] 
2025-04-24 13:24:15,860 [ERROR] LogOutputStream:75 - [STDERR_REDIRECT] [Fatal Error] :1:1: Premature end of file.
2025-04-24 13:24:15,860 [ERROR] LogOutputStream:75 - [STDERR_REDIRECT] 
2025-04-24 13:24:16,859 [ERROR] LogOutputStream:75 - [STDERR_REDIRECT] [Fatal Error] :1:1: Premature end of file.
2025-04-24 13:24:16,859 [ERROR] LogOutputStream:75 - [STDERR_REDIRECT] 
2025-04-24 13:24:17,858 [ERROR] LogOutputStream:75 - [STDERR_REDIRECT] [Fatal Error] :1:1: Premature end of file.
2025-04-24 13:24:17,858 [ERROR] LogOutputStream:75 - [STDERR_REDIRECT] 
2025-04-24 13:24:18,857 [ERROR] LogOutputStream:75 - [STDERR_REDIRECT] [Fatal Error] :1:1: Premature end of file.
2025-04-24 13:24:18,858 [ERROR] LogOutputStream:75 - [STDERR_REDIRECT] 
2025-04-24 13:24:19,858 [ERROR] LogOutputStream:75 - [STDERR_REDIRECT] [Fatal Error] :1:1: Premature end of file.
2025-04-24 13:24:19,858 [ERROR] LogOutputStream:75 - [STDERR_REDIRECT] 
2025-04-24 13:24:20,854 [ERROR] LogOutputStream:75 - [STDERR_REDIRECT] [Fatal Error] :1:1: Premature end of file.
2025-04-24 13:24:20,854 [ERROR] LogOutputStream:75 - [STDERR_REDIRECT] 
2025-04-24 13:24:21,865 [ERROR] LogOutputStream:75 - [STDERR_REDIRECT] [Fatal Error] :1:1: Premature end of file.
2025-04-24 13:24:21,865 [ERROR] LogOutputStream:75 - [STDERR_REDIRECT] 
2025-04-24 13:24:22,855 [ERROR] LogOutputStream:75 - [STDERR_REDIRECT] [Fatal Error] :1:1: Premature end of file.
2025-04-24 13:24:22,855 [ERROR] LogOutputStream:75 - [STDERR_REDIRECT] 
2025-04-24 13:24:23,854 [ERROR] LogOutputStream:75 - [STDERR_REDIRECT] [Fatal Error] :1:1: Premature end of file.
2025-04-24 13:24:23,854 [ERROR] LogOutputStream:75 - [STDERR_REDIRECT] 
2025-04-24 13:24:24,867 [ERROR] LogOutputStream:75 - [STDERR_REDIRECT] [Fatal Error] :1:1: Premature end of file.
2025-04-24 13:24:24,867 [ERROR] LogOutputStream:75 - [STDERR_REDIRECT] 
2025-04-24 13:24:25,868 [ERROR] LogOutputStream:75 - [STDERR_REDIRECT] [Fatal Error] :1:1: Premature end of file.
2025-04-24 13:24:25,868 [ERROR] LogOutputStream:75 - [STDERR_REDIRECT] 
2025-04-24 13:24:26,855 [ERROR] LogOutputStream:75 - [STDERR_REDIRECT] [Fatal Error] :1:1: Premature end of file.
2025-04-24 13:24:26,855 [ERROR] LogOutputStream:75 - [STDERR_REDIRECT] 
2025-04-24 13:24:27,854 [ERROR] LogOutputStream:75 - [STDERR_REDIRECT] [Fatal Error] :1:1: Premature end of file.
2025-04-24 13:24:27,854 [ERROR] LogOutputStream:75 - [STDERR_REDIRECT] 
2025-04-24 13:24:28,866 [ERROR] LogOutputStream:75 - [STDERR_REDIRECT] [Fatal Error] :1:1: Premature end of file.
2025-04-24 13:24:28,866 [ERROR] LogOutputStream:75 - [STDERR_REDIRECT] 
2025-04-24 13:24:29,857 [ERROR] LogOutputStream:75 - [STDERR_REDIRECT] [Fatal Error] :1:1: Premature end of file.
2025-04-24 13:24:29,857 [ERROR] LogOutputStream:75 - [STDERR_REDIRECT] 
2025-04-24 13:24:30,854 [ERROR] LogOutputStream:75 - [STDERR_REDIRECT] [Fatal Error] :1:1: Premature end of file.
2025-04-24 13:24:30,854 [ERROR] LogOutputStream:75 - [STDERR_REDIRECT] 
2025-04-24 13:24:31,861 [ERROR] LogOutputStream:75 - [STDERR_REDIRECT] [Fatal Error] :1:1: Premature end of file.
2025-04-24 13:24:31,861 [ERROR] LogOutputStream:75 - [STDERR_REDIRECT] 
2025-04-24 13:24:32,860 [ERROR] LogOutputStream:75 - [STDERR_REDIRECT] [Fatal Error] :1:1: Premature end of file.
2025-04-24 13:24:32,860 [ERROR] LogOutputStream:75 - [STDERR_REDIRECT] 
2025-04-24 13:24:33,854 [ERROR] LogOutputStream:75 - [STDERR_REDIRECT] [Fatal Error] :1:1: Premature end of file.
2025-04-24 13:24:33,854 [ERROR] LogOutputStream:75 - [STDERR_REDIRECT] 
2025-04-24 13:24:34,854 [ERROR] LogOutputStream:75 - [STDERR_REDIRECT] [Fatal Error] :1:1: Premature end of file.
2025-04-24 13:24:34,854 [ERROR] LogOutputStream:75 - [STDERR_REDIRECT] 
2025-04-24 13:24:35,862 [ERROR] LogOutputStream:75 - [STDERR_REDIRECT] [Fatal Error] :1:1: Premature end of file.
2025-04-24 13:24:35,863 [ERROR] LogOutputStream:75 - [STDERR_REDIRECT] 
2025-04-24 13:24:36,859 [ERROR] LogOutputStream:75 - [STDERR_REDIRECT] [Fatal Error] :1:1: Premature end of file.
2025-04-24 13:24:36,859 [ERROR] LogOutputStream:75 - [STDERR_REDIRECT] 
2025-04-24 13:24:37,854 [ERROR] LogOutputStream:75 - [STDERR_REDIRECT] [Fatal Error] :1:1: Premature end of file.
2025-04-24 13:24:37,854 [ERROR] LogOutputStream:75 - [STDERR_REDIRECT] 
2025-04-24 13:24:38,855 [ERROR] LogOutputStream:75 - [STDERR_REDIRECT] [Fatal Error] :1:1: Premature end of file.
2025-04-24 13:24:38,855 [ERROR] LogOutputStream:75 - [STDERR_REDIRECT] 
2025-04-24 13:24:39,856 [ERROR] LogOutputStream:75 - [STDERR_REDIRECT] [Fatal Error] :1:1: Premature end of file.
2025-04-24 13:24:39,864 [ERROR] LogOutputStream:75 - [STDERR_REDIRECT] 
2025-04-24 13:24:40,855 [ERROR] LogOutputStream:75 - [STDERR_REDIRECT] [Fatal Error] :1:1: Premature end of file.
2025-04-24 13:24:40,855 [ERROR] LogOutputStream:75 - [STDERR_REDIRECT] 
2025-04-24 13:24:41,863 [ERROR] LogOutputStream:75 - [STDERR_REDIRECT] [Fatal Error] :1:1: Premature end of file.
2025-04-24 13:24:41,864 [ERROR] LogOutputStream:75 - [STDERR_REDIRECT] 
2025-04-24 13:24:42,862 [ERROR] LogOutputStream:75 - [STDERR_REDIRECT] [Fatal Error] :1:1: Premature end of file.
2025-04-24 13:24:42,862 [ERROR] LogOutputStream:75 - [STDERR_REDIRECT] 
2025-04-24 13:24:43,862 [ERROR] LogOutputStream:75 - [STDERR_REDIRECT] [Fatal Error] :1:1: Premature end of file.
2025-04-24 13:24:43,862 [ERROR] LogOutputStream:75 - [STDERR_REDIRECT] 
2025-04-24 13:24:44,860 [ERROR] LogOutputStream:75 - [STDERR_REDIRECT] [Fatal Error] :1:1: Premature end of file.
2025-04-24 13:24:44,860 [ERROR] LogOutputStream:75 - [STDERR_REDIRECT] 
2025-04-24 13:24:45,858 [ERROR] LogOutputStream:75 - [STDERR_REDIRECT] [Fatal Error] :1:1: Premature end of file.
2025-04-24 13:24:45,858 [ERROR] LogOutputStream:75 - [STDERR_REDIRECT] 
2025-04-24 13:24:46,859 [ERROR] LogOutputStream:75 - [STDERR_REDIRECT] [Fatal Error] :1:1: Premature end of file.
2025-04-24 13:24:46,859 [ERROR] LogOutputStream:75 - [STDERR_REDIRECT] 
2025-04-24 13:24:47,859 [ERROR] LogOutputStream:75 - [STDERR_REDIRECT] [Fatal Error] :1:1: Premature end of file.
2025-04-24 13:24:47,859 [ERROR] LogOutputStream:75 - [STDERR_REDIRECT] 
2025-04-24 13:24:48,860 [ERROR] LogOutputStream:75 - [STDERR_REDIRECT] [Fatal Error] :1:1: Premature end of file.
2025-04-24 13:24:48,860 [ERROR] LogOutputStream:75 - [STDERR_REDIRECT] 
2025-04-24 13:24:49,861 [ERROR] LogOutputStream:75 - [STDERR_REDIRECT] [Fatal Error] :1:1: Premature end of file.
2025-04-24 13:24:49,861 [ERROR] LogOutputStream:75 - [STDERR_REDIRECT] 
2025-04-24 13:24:50,857 [ERROR] LogOutputStream:75 - [STDERR_REDIRECT] [Fatal Error] :1:1: Premature end of file.
2025-04-24 13:24:50,857 [ERROR] LogOutputStream:75 - [STDERR_REDIRECT] 
2025-04-24 13:24:51,862 [ERROR] LogOutputStream:75 - [STDERR_REDIRECT] [Fatal Error] :1:1: Premature end of file.
2025-04-24 13:24:51,862 [ERROR] LogOutputStream:75 - [STDERR_REDIRECT] 
2025-04-24 13:24:52,854 [ERROR] LogOutputStream:75 - [STDERR_REDIRECT] [Fatal Error] :1:1: Premature end of file.
2025-04-24 13:24:52,854 [ERROR] LogOutputStream:75 - [STDERR_REDIRECT] 
2025-04-24 13:24:53,859 [ERROR] LogOutputStream:75 - [STDERR_REDIRECT] [Fatal Error] :1:1: Premature end of file.
2025-04-24 13:24:53,859 [ERROR] LogOutputStream:75 - [STDERR_REDIRECT] 
2025-04-24 13:24:54,854 [ERROR] LogOutputStream:75 - [STDERR_REDIRECT] [Fatal Error] :1:1: Premature end of file.
2025-04-24 13:24:54,854 [ERROR] LogOutputStream:75 - [STDERR_REDIRECT] 
2025-04-24 13:24:55,855 [ERROR] LogOutputStream:75 - [STDERR_REDIRECT] [Fatal Error] :1:1: Premature end of file.
2025-04-24 13:24:55,855 [ERROR] LogOutputStream:75 - [STDERR_REDIRECT] 
2025-04-24 13:24:56,858 [ERROR] LogOutputStream:75 - [STDERR_REDIRECT] [Fatal Error] :1:1: Premature end of file.
2025-04-24 13:24:56,858 [ERROR] LogOutputStream:75 - [STDERR_REDIRECT] 
2025-04-24 13:24:57,858 [ERROR] LogOutputStream:75 - [STDERR_REDIRECT] [Fatal Error] :1:1: Premature end of file.
2025-04-24 13:24:57,858 [ERROR] LogOutputStream:75 - [STDERR_REDIRECT] 
2025-04-24 13:24:58,854 [ERROR] LogOutputStream:75 - [STDERR_REDIRECT] [Fatal Error] :1:1: Premature end of file.
2025-04-24 13:24:58,854 [ERROR] LogOutputStream:75 - [STDERR_REDIRECT] 
2025-04-24 13:24:59,854 [ERROR] LogOutputStream:75 - [STDERR_REDIRECT] [Fatal Error] :1:1: Premature end of file.
2025-04-24 13:24:59,860 [ERROR] LogOutputStream:75 - [STDERR_REDIRECT] 
2025-04-24 13:25:00,854 [ERROR] LogOutputStream:75 - [STDERR_REDIRECT] [Fatal Error] :1:1: Premature end of file.
2025-04-24 13:25:00,854 [ERROR] LogOutputStream:75 - [STDERR_REDIRECT] 
2025-04-24 13:25:01,860 [ERROR] LogOutputStream:75 - [STDERR_REDIRECT] [Fatal Error] :1:1: Premature end of file.
2025-04-24 13:25:01,860 [ERROR] LogOutputStream:75 - [STDERR_REDIRECT] 
2025-04-24 13:25:02,854 [ERROR] LogOutputStream:75 - [STDERR_REDIRECT] [Fatal Error] :1:1: Premature end of file.
2025-04-24 13:25:02,854 [ERROR] LogOutputStream:75 - [STDERR_REDIRECT] 
2025-04-24 13:25:03,860 [ERROR] LogOutputStream:75 - [STDERR_REDIRECT] [Fatal Error] :1:1: Premature end of file.
2025-04-24 13:25:03,860 [ERROR] LogOutputStream:75 - [STDERR_REDIRECT] 
2025-04-24 13:25:04,859 [ERROR] LogOutputStream:75 - [STDERR_REDIRECT] [Fatal Error] :1:1: Premature end of file.
2025-04-24 13:25:04,859 [ERROR] LogOutputStream:75 - [STDERR_REDIRECT] 
2025-04-24 13:25:05,858 [ERROR] LogOutputStream:75 - [STDERR_REDIRECT] [Fatal Error] :1:1: Premature end of file.
2025-04-24 13:25:05,858 [ERROR] LogOutputStream:75 - [STDERR_REDIRECT] 
2025-04-24 13:25:06,859 [ERROR] LogOutputStream:75 - [STDERR_REDIRECT] [Fatal Error] :1:1: Premature end of file.
2025-04-24 13:25:06,859 [ERROR] LogOutputStream:75 - [STDERR_REDIRECT] 
2025-04-24 13:25:07,862 [ERROR] LogOutputStream:75 - [STDERR_REDIRECT] [Fatal Error] :1:1: Premature end of file.
2025-04-24 13:25:07,862 [ERROR] LogOutputStream:75 - [STDERR_REDIRECT] 
2025-04-24 13:25:08,859 [ERROR] LogOutputStream:75 - [STDERR_REDIRECT] [Fatal Error] :1:1: Premature end of file.
2025-04-24 13:25:08,859 [ERROR] LogOutputStream:75 - [STDERR_REDIRECT] 
2025-04-24 13:25:09,861 [ERROR] LogOutputStream:75 - [STDERR_REDIRECT] [Fatal Error] :1:1: Premature end of file.
2025-04-24 13:25:09,861 [ERROR] LogOutputStream:75 - [STDERR_REDIRECT] 
2025-04-24 13:25:10,859 [ERROR] LogOutputStream:75 - [STDERR_REDIRECT] [Fatal Error] :1:1: Premature end of file.
2025-04-24 13:25:10,859 [ERROR] LogOutputStream:75 - [STDERR_REDIRECT] 
2025-04-24 13:25:11,859 [ERROR] LogOutputStream:75 - [STDERR_REDIRECT] [Fatal Error] :1:1: Premature end of file.
2025-04-24 13:25:11,859 [ERROR] LogOutputStream:75 - [STDERR_REDIRECT] 
2025-04-24 13:25:12,856 [ERROR] LogOutputStream:75 - [STDERR_REDIRECT] [Fatal Error] :1:1: Premature end of file.
2025-04-24 13:25:12,856 [ERROR] LogOutputStream:75 - [STDERR_REDIRECT] 
2025-04-24 13:25:13,860 [ERROR] LogOutputStream:75 - [STDERR_REDIRECT] [Fatal Error] :1:1: Premature end of file.
2025-04-24 13:25:13,860 [ERROR] LogOutputStream:75 - [STDERR_REDIRECT] 
2025-04-24 13:25:14,855 [ERROR] LogOutputStream:75 - [STDERR_REDIRECT] [Fatal Error] :1:1: Premature end of file.
2025-04-24 13:25:14,855 [ERROR] LogOutputStream:75 - [STDERR_REDIRECT] 
2025-04-24 13:25:15,855 [ERROR] LogOutputStream:75 - [STDERR_REDIRECT] [Fatal Error] :1:1: Premature end of file.
2025-04-24 13:25:15,855 [ERROR] LogOutputStream:75 - [STDERR_REDIRECT] 
2025-04-24 13:25:16,858 [ERROR] LogOutputStream:75 - [STDERR_REDIRECT] [Fatal Error] :1:1: Premature end of file.
2025-04-24 13:25:16,858 [ERROR] LogOutputStream:75 - [STDERR_REDIRECT] 
2025-04-24 13:25:17,858 [ERROR] LogOutputStream:75 - [STDERR_REDIRECT] [Fatal Error] :1:1: Premature end of file.
2025-04-24 13:25:17,858 [ERROR] LogOutputStream:75 - [STDERR_REDIRECT] 
2025-04-24 13:25:18,864 [ERROR] LogOutputStream:75 - [STDERR_REDIRECT] [Fatal Error] :1:1: Premature end of file.
2025-04-24 13:25:18,864 [ERROR] LogOutputStream:75 - [STDERR_REDIRECT] 
2025-04-24 13:25:19,854 [ERROR] LogOutputStream:75 - [STDERR_REDIRECT] [Fatal Error] :1:1: Premature end of file.
2025-04-24 13:25:19,854 [ERROR] LogOutputStream:75 - [STDERR_REDIRECT] 
2025-04-24 13:25:20,863 [ERROR] LogOutputStream:75 - [STDERR_REDIRECT] [Fatal Error] :1:1: Premature end of file.
2025-04-24 13:25:20,863 [ERROR] LogOutputStream:75 - [STDERR_REDIRECT] 
2025-04-24 13:25:21,863 [ERROR] LogOutputStream:75 - [STDERR_REDIRECT] [Fatal Error] :1:1: Premature end of file.
2025-04-24 13:25:21,863 [ERROR] LogOutputStream:75 - [STDERR_REDIRECT] 
2025-04-24 13:25:22,865 [ERROR] LogOutputStream:75 - [STDERR_REDIRECT] [Fatal Error] :1:1: Premature end of file.
2025-04-24 13:25:22,865 [ERROR] LogOutputStream:75 - [STDERR_REDIRECT] 
2025-04-24 13:25:23,867 [ERROR] LogOutputStream:75 - [STDERR_REDIRECT] [Fatal Error] :1:1: Premature end of file.
2025-04-24 13:25:23,868 [ERROR] LogOutputStream:75 - [STDERR_REDIRECT] 
2025-04-24 13:25:24,865 [ERROR] LogOutputStream:75 - [STDERR_REDIRECT] [Fatal Error] :1:1: Premature end of file.
2025-04-24 13:25:24,865 [ERROR] LogOutputStream:75 - [STDERR_REDIRECT] 
2025-04-24 13:25:25,857 [ERROR] LogOutputStream:75 - [STDERR_REDIRECT] [Fatal Error] :1:1: Premature end of file.
2025-04-24 13:25:25,867 [ERROR] LogOutputStream:75 - [STDERR_REDIRECT] 
2025-04-24 13:25:26,860 [ERROR] LogOutputStream:75 - [STDERR_REDIRECT] [Fatal Error] :1:1: Premature end of file.
2025-04-24 13:25:26,860 [ERROR] LogOutputStream:75 - [STDERR_REDIRECT] 
2025-04-24 13:25:27,863 [ERROR] LogOutputStream:75 - [STDERR_REDIRECT] [Fatal Error] :1:1: Premature end of file.
2025-04-24 13:25:27,863 [ERROR] LogOutputStream:75 - [STDERR_REDIRECT] 
2025-04-24 13:25:28,863 [ERROR] LogOutputStream:75 - [STDERR_REDIRECT] [Fatal Error] :1:1: Premature end of file.
2025-04-24 13:25:28,864 [ERROR] LogOutputStream:75 - [STDERR_REDIRECT] 
2025-04-24 13:25:29,863 [ERROR] LogOutputStream:75 - [STDERR_REDIRECT] [Fatal Error] :1:1: Premature end of file.
2025-04-24 13:25:29,863 [ERROR] LogOutputStream:75 - [STDERR_REDIRECT] 
2025-04-24 13:25:30,863 [ERROR] LogOutputStream:75 - [STDERR_REDIRECT] [Fatal Error] :1:1: Premature end of file.
2025-04-24 13:25:30,863 [ERROR] LogOutputStream:75 - [STDERR_REDIRECT] 
2025-04-24 13:25:31,862 [ERROR] LogOutputStream:75 - [STDERR_REDIRECT] [Fatal Error] :1:1: Premature end of file.
2025-04-24 13:25:31,863 [ERROR] LogOutputStream:75 - [STDERR_REDIRECT] 
2025-04-24 13:25:32,863 [ERROR] LogOutputStream:75 - [STDERR_REDIRECT] [Fatal Error] :1:1: Premature end of file.
2025-04-24 13:25:32,863 [ERROR] LogOutputStream:75 - [STDERR_REDIRECT] 
2025-04-24 13:25:33,869 [ERROR] LogOutputStream:75 - [STDERR_REDIRECT] [Fatal Error] :1:1: Premature end of file.
2025-04-24 13:25:33,869 [ERROR] LogOutputStream:75 - [STDERR_REDIRECT] 
2025-04-24 13:25:34,862 [ERROR] LogOutputStream:75 - [STDERR_REDIRECT] [Fatal Error] :1:1: Premature end of file.
2025-04-24 13:25:34,862 [ERROR] LogOutputStream:75 - [STDERR_REDIRECT] 
2025-04-24 13:25:35,862 [ERROR] LogOutputStream:75 - [STDERR_REDIRECT] [Fatal Error] :1:1: Premature end of file.
2025-04-24 13:25:35,862 [ERROR] LogOutputStream:75 - [STDERR_REDIRECT] 
2025-04-24 13:25:36,861 [ERROR] LogOutputStream:75 - [STDERR_REDIRECT] [Fatal Error] :1:1: Premature end of file.
2025-04-24 13:25:36,862 [ERROR] LogOutputStream:75 - [STDERR_REDIRECT] 
2025-04-24 13:25:37,862 [ERROR] LogOutputStream:75 - [STDERR_REDIRECT] [Fatal Error] :1:1: Premature end of file.
2025-04-24 13:25:37,863 [ERROR] LogOutputStream:75 - [STDERR_REDIRECT] 
2025-04-24 13:25:38,860 [ERROR] LogOutputStream:75 - [STDERR_REDIRECT] [Fatal Error] :1:1: Premature end of file.
2025-04-24 13:25:38,862 [ERROR] LogOutputStream:75 - [STDERR_REDIRECT] 
2025-04-24 13:25:39,860 [ERROR] LogOutputStream:75 - [STDERR_REDIRECT] [Fatal Error] :1:1: Premature end of file.
2025-04-24 13:25:39,861 [ERROR] LogOutputStream:75 - [STDERR_REDIRECT] 
2025-04-24 13:25:40,860 [ERROR] LogOutputStream:75 - [STDERR_REDIRECT] [Fatal Error] :1:1: Premature end of file.
2025-04-24 13:25:40,861 [ERROR] LogOutputStream:75 - [STDERR_REDIRECT] 
2025-04-24 13:25:41,857 [ERROR] LogOutputStream:75 - [STDERR_REDIRECT] [Fatal Error] :1:1: Premature end of file.
2025-04-24 13:25:41,857 [ERROR] LogOutputStream:75 - [STDERR_REDIRECT] 
2025-04-24 13:25:42,860 [ERROR] LogOutputStream:75 - [STDERR_REDIRECT] [Fatal Error] :1:1: Premature end of file.
2025-04-24 13:25:42,860 [ERROR] LogOutputStream:75 - [STDERR_REDIRECT] 
2025-04-24 13:25:43,860 [ERROR] LogOutputStream:75 - [STDERR_REDIRECT] [Fatal Error] :1:1: Premature end of file.
2025-04-24 13:25:43,860 [ERROR] LogOutputStream:75 - [STDERR_REDIRECT] 
2025-04-24 13:25:44,854 [ERROR] LogOutputStream:75 - [STDERR_REDIRECT] [Fatal Error] :1:1: Premature end of file.
2025-04-24 13:25:44,854 [ERROR] LogOutputStream:75 - [STDERR_REDIRECT] 
2025-04-24 13:25:45,860 [ERROR] LogOutputStream:75 - [STDERR_REDIRECT] [Fatal Error] :1:1: Premature end of file.
2025-04-24 13:25:45,860 [ERROR] LogOutputStream:75 - [STDERR_REDIRECT] 
2025-04-24 13:25:46,855 [ERROR] LogOutputStream:75 - [STDERR_REDIRECT] [Fatal Error] :1:1: Premature end of file.
2025-04-24 13:25:46,855 [ERROR] LogOutputStream:75 - [STDERR_REDIRECT] 
2025-04-24 13:25:47,860 [ERROR] LogOutputStream:75 - [STDERR_REDIRECT] [Fatal Error] :1:1: Premature end of file.
2025-04-24 13:25:47,860 [ERROR] LogOutputStream:75 - [STDERR_REDIRECT] 
2025-04-24 13:25:48,861 [ERROR] LogOutputStream:75 - [STDERR_REDIRECT] [Fatal Error] :1:1: Premature end of file.
2025-04-24 13:25:48,861 [ERROR] LogOutputStream:75 - [STDERR_REDIRECT] 
2025-04-24 13:25:49,858 [ERROR] LogOutputStream:75 - [STDERR_REDIRECT] [Fatal Error] :1:1: Premature end of file.
2025-04-24 13:25:49,858 [ERROR] LogOutputStream:75 - [STDERR_REDIRECT] 
2025-04-24 13:25:50,860 [ERROR] LogOutputStream:75 - [STDERR_REDIRECT] [Fatal Error] :1:1: Premature end of file.
2025-04-24 13:25:50,860 [ERROR] LogOutputStream:75 - [STDERR_REDIRECT] 
2025-04-24 13:25:51,877 [ERROR] LogOutputStream:75 - [STDERR_REDIRECT] [Fatal Error] :1:1: Premature end of file.
2025-04-24 13:25:51,877 [ERROR] LogOutputStream:75 - [STDERR_REDIRECT] 
2025-04-24 13:25:52,860 [ERROR] LogOutputStream:75 - [STDERR_REDIRECT] [Fatal Error] :1:1: Premature end of file.
2025-04-24 13:25:52,865 [ERROR] LogOutputStream:75 - [STDERR_REDIRECT] 
2025-04-24 13:25:53,858 [ERROR] LogOutputStream:75 - [STDERR_REDIRECT] [Fatal Error] :1:1: Premature end of file.
2025-04-24 13:25:53,858 [ERROR] LogOutputStream:75 - [STDERR_REDIRECT] 
2025-04-24 13:25:54,864 [ERROR] LogOutputStream:75 - [STDERR_REDIRECT] [Fatal Error] :1:1: Premature end of file.
2025-04-24 13:25:54,864 [ERROR] LogOutputStream:75 - [STDERR_REDIRECT] 
2025-04-24 13:25:55,859 [ERROR] LogOutputStream:75 - [STDERR_REDIRECT] [Fatal Error] :1:1: Premature end of file.
2025-04-24 13:25:55,859 [ERROR] LogOutputStream:75 - [STDERR_REDIRECT] 
2025-04-24 13:25:56,864 [ERROR] LogOutputStream:75 - [STDERR_REDIRECT] [Fatal Error] :1:1: Premature end of file.
2025-04-24 13:25:56,864 [ERROR] LogOutputStream:75 - [STDERR_REDIRECT] 
2025-04-24 13:25:57,857 [ERROR] LogOutputStream:75 - [STDERR_REDIRECT] [Fatal Error] :1:1: Premature end of file.
2025-04-24 13:25:57,857 [ERROR] LogOutputStream:75 - [STDERR_REDIRECT] 
2025-04-24 13:25:58,865 [ERROR] LogOutputStream:75 - [STDERR_REDIRECT] [Fatal Error] :1:1: Premature end of file.
2025-04-24 13:25:58,865 [ERROR] LogOutputStream:75 - [STDERR_REDIRECT] 
2025-04-24 13:25:59,865 [ERROR] LogOutputStream:75 - [STDERR_REDIRECT] [Fatal Error] :1:1: Premature end of file.
2025-04-24 13:25:59,865 [ERROR] LogOutputStream:75 - [STDERR_REDIRECT] 
2025-04-24 13:26:00,869 [ERROR] LogOutputStream:75 - [STDERR_REDIRECT] [Fatal Error] :1:1: Premature end of file.
2025-04-24 13:26:00,869 [ERROR] LogOutputStream:75 - [STDERR_REDIRECT] 
2025-04-24 13:26:01,857 [ERROR] LogOutputStream:75 - [STDERR_REDIRECT] [Fatal Error] :1:1: Premature end of file.
2025-04-24 13:26:01,857 [ERROR] LogOutputStream:75 - [STDERR_REDIRECT] 
2025-04-24 13:26:02,865 [ERROR] LogOutputStream:75 - [STDERR_REDIRECT] [Fatal Error] :1:1: Premature end of file.
2025-04-24 13:26:02,865 [ERROR] LogOutputStream:75 - [STDERR_REDIRECT] 
2025-04-24 13:26:03,857 [ERROR] LogOutputStream:75 - [STDERR_REDIRECT] [Fatal Error] :1:1: Premature end of file.
2025-04-24 13:26:03,857 [ERROR] LogOutputStream:75 - [STDERR_REDIRECT] 
2025-04-24 13:26:04,865 [ERROR] LogOutputStream:75 - [STDERR_REDIRECT] [Fatal Error] :1:1: Premature end of file.
2025-04-24 13:26:04,866 [ERROR] LogOutputStream:75 - [STDERR_REDIRECT] 
2025-04-24 13:26:05,858 [ERROR] LogOutputStream:75 - [STDERR_REDIRECT] [Fatal Error] :1:1: Premature end of file.
2025-04-24 13:26:05,858 [ERROR] LogOutputStream:75 - [STDERR_REDIRECT] 
2025-04-24 13:26:06,870 [ERROR] LogOutputStream:75 - [STDERR_REDIRECT] [Fatal Error] :1:1: Premature end of file.
2025-04-24 13:26:06,870 [ERROR] LogOutputStream:75 - [STDERR_REDIRECT] 
2025-04-24 13:26:07,865 [ERROR] LogOutputStream:75 - [STDERR_REDIRECT] [Fatal Error] :1:1: Premature end of file.
2025-04-24 13:26:07,865 [ERROR] LogOutputStream:75 - [STDERR_REDIRECT] 
2025-04-24 13:26:08,854 [ERROR] LogOutputStream:75 - [STDERR_REDIRECT] [Fatal Error] :1:1: Premature end of file.
2025-04-24 13:26:08,854 [ERROR] LogOutputStream:75 - [STDERR_REDIRECT] 
2025-04-24 13:26:09,862 [ERROR] LogOutputStream:75 - [STDERR_REDIRECT] [Fatal Error] :1:1: Premature end of file.
2025-04-24 13:26:09,862 [ERROR] LogOutputStream:75 - [STDERR_REDIRECT] 
2025-04-24 13:26:10,865 [ERROR] LogOutputStream:75 - [STDERR_REDIRECT] [Fatal Error] :1:1: Premature end of file.
2025-04-24 13:26:10,865 [ERROR] LogOutputStream:75 - [STDERR_REDIRECT] 
2025-04-24 13:26:11,866 [ERROR] LogOutputStream:75 - [STDERR_REDIRECT] [Fatal Error] :1:1: Premature end of file.
2025-04-24 13:26:11,866 [ERROR] LogOutputStream:75 - [STDERR_REDIRECT] 
2025-04-24 13:26:12,856 [ERROR] LogOutputStream:75 - [STDERR_REDIRECT] [Fatal Error] :1:1: Premature end of file.
2025-04-24 13:26:12,857 [ERROR] LogOutputStream:75 - [STDERR_REDIRECT] 
2025-04-24 13:26:13,865 [ERROR] LogOutputStream:75 - [STDERR_REDIRECT] [Fatal Error] :1:1: Premature end of file.
2025-04-24 13:26:13,865 [ERROR] LogOutputStream:75 - [STDERR_REDIRECT] 
2025-04-24 13:26:14,857 [ERROR] LogOutputStream:75 - [STDERR_REDIRECT] [Fatal Error] :1:1: Premature end of file.
2025-04-24 13:26:14,857 [ERROR] LogOutputStream:75 - [STDERR_REDIRECT] 
2025-04-24 13:26:15,869 [ERROR] LogOutputStream:75 - [STDERR_REDIRECT] [Fatal Error] :1:1: Premature end of file.
2025-04-24 13:26:15,869 [ERROR] LogOutputStream:75 - [STDERR_REDIRECT] 
2025-04-24 13:26:16,858 [ERROR] LogOutputStream:75 - [STDERR_REDIRECT] [Fatal Error] :1:1: Premature end of file.
2025-04-24 13:26:16,858 [ERROR] LogOutputStream:75 - [STDERR_REDIRECT] 
2025-04-24 13:26:17,858 [ERROR] LogOutputStream:75 - [STDERR_REDIRECT] [Fatal Error] :1:1: Premature end of file.
2025-04-24 13:26:17,859 [ERROR] LogOutputStream:75 - [STDERR_REDIRECT] 
2025-04-24 13:26:18,873 [ERROR] LogOutputStream:75 - [STDERR_REDIRECT] [Fatal Error] :1:1: Premature end of file.
2025-04-24 13:26:18,873 [ERROR] LogOutputStream:75 - [STDERR_REDIRECT] 
2025-04-24 13:26:19,859 [ERROR] LogOutputStream:75 - [STDERR_REDIRECT] [Fatal Error] :1:1: Premature end of file.
2025-04-24 13:26:19,859 [ERROR] LogOutputStream:75 - [STDERR_REDIRECT] 
2025-04-24 13:26:20,858 [ERROR] LogOutputStream:75 - [STDERR_REDIRECT] [Fatal Error] :1:1: Premature end of file.
2025-04-24 13:26:20,858 [ERROR] LogOutputStream:75 - [STDERR_REDIRECT] 
2025-04-24 13:26:21,856 [ERROR] LogOutputStream:75 - [STDERR_REDIRECT] [Fatal Error] :1:1: Premature end of file.
2025-04-24 13:26:21,856 [ERROR] LogOutputStream:75 - [STDERR_REDIRECT] 
2025-04-24 13:26:22,874 [ERROR] LogOutputStream:75 - [STDERR_REDIRECT] [Fatal Error] :1:1: Premature end of file.
2025-04-24 13:26:22,874 [ERROR] LogOutputStream:75 - [STDERR_REDIRECT] 
2025-04-24 13:26:23,872 [ERROR] LogOutputStream:75 - [STDERR_REDIRECT] [Fatal Error] :1:1: Premature end of file.
2025-04-24 13:26:23,872 [ERROR] LogOutputStream:75 - [STDERR_REDIRECT] 
2025-04-24 13:26:24,875 [ERROR] LogOutputStream:75 - [STDERR_REDIRECT] [Fatal Error] :1:1: Premature end of file.
2025-04-24 13:26:24,875 [ERROR] LogOutputStream:75 - [STDERR_REDIRECT] 
2025-04-24 13:26:25,909 [ERROR] LogOutputStream:75 - [STDERR_REDIRECT] [Fatal Error] :1:1: Premature end of file.
2025-04-24 13:26:25,910 [ERROR] LogOutputStream:75 - [STDERR_REDIRECT] 
2025-04-24 13:26:26,852 [ERROR] LogOutputStream:75 - [STDERR_REDIRECT] [Fatal Error] :1:1: Premature end of file.
2025-04-24 13:26:26,852 [ERROR] LogOutputStream:75 - [STDERR_REDIRECT] 
2025-04-24 13:26:27,857 [ERROR] LogOutputStream:75 - [STDERR_REDIRECT] [Fatal Error] :1:1: Premature end of file.
2025-04-24 13:26:27,857 [ERROR] LogOutputStream:75 - [STDERR_REDIRECT] 
2025-04-24 13:26:28,853 [ERROR] LogOutputStream:75 - [STDERR_REDIRECT] [Fatal Error] :1:1: Premature end of file.
2025-04-24 13:26:28,853 [ERROR] LogOutputStream:75 - [STDERR_REDIRECT] 
2025-04-24 13:26:29,871 [ERROR] LogOutputStream:75 - [STDERR_REDIRECT] [Fatal Error] :1:1: Premature end of file.
2025-04-24 13:26:29,871 [ERROR] LogOutputStream:75 - [STDERR_REDIRECT] 
2025-04-24 13:26:30,852 [ERROR] LogOutputStream:75 - [STDERR_REDIRECT] [Fatal Error] :1:1: Premature end of file.
2025-04-24 13:26:30,852 [ERROR] LogOutputStream:75 - [STDERR_REDIRECT] 
2025-04-24 13:26:31,869 [ERROR] LogOutputStream:75 - [STDERR_REDIRECT] [Fatal Error] :1:1: Premature end of file.
2025-04-24 13:26:31,869 [ERROR] LogOutputStream:75 - [STDERR_REDIRECT] 
2025-04-24 13:26:32,851 [ERROR] LogOutputStream:75 - [STDERR_REDIRECT] [Fatal Error] :1:1: Premature end of file.
2025-04-24 13:26:32,851 [ERROR] LogOutputStream:75 - [STDERR_REDIRECT] 
2025-04-24 13:26:33,854 [ERROR] LogOutputStream:75 - [STDERR_REDIRECT] [Fatal Error] :1:1: Premature end of file.
2025-04-24 13:26:33,854 [ERROR] LogOutputStream:75 - [STDERR_REDIRECT] 
2025-04-24 13:26:34,853 [ERROR] LogOutputStream:75 - [STDERR_REDIRECT] [Fatal Error] :1:1: Premature end of file.
2025-04-24 13:26:34,853 [ERROR] LogOutputStream:75 - [STDERR_REDIRECT] 
2025-04-24 13:26:35,858 [ERROR] LogOutputStream:75 - [STDERR_REDIRECT] [Fatal Error] :1:1: Premature end of file.
2025-04-24 13:26:35,858 [ERROR] LogOutputStream:75 - [STDERR_REDIRECT] 
2025-04-24 13:26:36,872 [ERROR] LogOutputStream:75 - [STDERR_REDIRECT] [Fatal Error] :1:1: Premature end of file.
2025-04-24 13:26:36,872 [ERROR] LogOutputStream:75 - [STDERR_REDIRECT] 
2025-04-24 13:26:37,894 [ERROR] LogOutputStream:75 - [STDERR_REDIRECT] [Fatal Error] :1:1: Premature end of file.
2025-04-24 13:26:37,895 [ERROR] LogOutputStream:75 - [STDERR_REDIRECT] 
2025-04-24 13:26:38,894 [ERROR] LogOutputStream:75 - [STDERR_REDIRECT] [Fatal Error] :1:1: Premature end of file.
2025-04-24 13:26:38,894 [ERROR] LogOutputStream:75 - [STDERR_REDIRECT] 
2025-04-24 13:26:39,945 [ERROR] LogOutputStream:75 - [STDERR_REDIRECT] [Fatal Error] :1:1: Premature end of file.
2025-04-24 13:26:39,946 [ERROR] LogOutputStream:75 - [STDERR_REDIRECT] 
2025-04-24 13:26:40,909 [ERROR] LogOutputStream:75 - [STDERR_REDIRECT] [Fatal Error] :1:1: Premature end of file.
2025-04-24 13:26:40,909 [ERROR] LogOutputStream:75 - [STDERR_REDIRECT] 
2025-04-24 13:26:41,884 [ERROR] LogOutputStream:75 - [STDERR_REDIRECT] [Fatal Error] :1:1: Premature end of file.
2025-04-24 13:26:41,884 [ERROR] LogOutputStream:75 - [STDERR_REDIRECT] 
2025-04-24 13:26:42,904 [ERROR] LogOutputStream:75 - [STDERR_REDIRECT] [Fatal Error] :1:1: Premature end of file.
2025-04-24 13:26:42,904 [ERROR] LogOutputStream:75 - [STDERR_REDIRECT] 
2025-04-24 13:26:43,864 [ERROR] LogOutputStream:75 - [STDERR_REDIRECT] [Fatal Error] :1:1: Premature end of file.
2025-04-24 13:26:43,864 [ERROR] LogOutputStream:75 - [STDERR_REDIRECT] 
2025-04-24 13:26:44,865 [ERROR] LogOutputStream:75 - [STDERR_REDIRECT] [Fatal Error] :1:1: Premature end of file.
2025-04-24 13:26:44,865 [ERROR] LogOutputStream:75 - [STDERR_REDIRECT] 
2025-04-24 13:26:45,860 [ERROR] LogOutputStream:75 - [STDERR_REDIRECT] [Fatal Error] :1:1: Premature end of file.
2025-04-24 13:26:45,860 [ERROR] LogOutputStream:75 - [STDERR_REDIRECT] 
2025-04-24 13:26:46,853 [ERROR] LogOutputStream:75 - [STDERR_REDIRECT] [Fatal Error] :1:1: Premature end of file.
2025-04-24 13:26:46,853 [ERROR] LogOutputStream:75 - [STDERR_REDIRECT] 
2025-04-24 13:26:47,864 [ERROR] LogOutputStream:75 - [STDERR_REDIRECT] [Fatal Error] :1:1: Premature end of file.
2025-04-24 13:26:47,864 [ERROR] LogOutputStream:75 - [STDERR_REDIRECT] 
2025-04-24 13:26:48,867 [ERROR] LogOutputStream:75 - [STDERR_REDIRECT] [Fatal Error] :1:1: Premature end of file.
2025-04-24 13:26:48,867 [ERROR] LogOutputStream:75 - [STDERR_REDIRECT] 
2025-04-24 13:26:49,859 [ERROR] LogOutputStream:75 - [STDERR_REDIRECT] [Fatal Error] :1:1: Premature end of file.
2025-04-24 13:26:49,859 [ERROR] LogOutputStream:75 - [STDERR_REDIRECT] 
2025-04-24 13:26:50,853 [ERROR] LogOutputStream:75 - [STDERR_REDIRECT] [Fatal Error] :1:1: Premature end of file.
2025-04-24 13:26:50,853 [ERROR] LogOutputStream:75 - [STDERR_REDIRECT] 
2025-04-24 13:26:51,857 [ERROR] LogOutputStream:75 - [STDERR_REDIRECT] [Fatal Error] :1:1: Premature end of file.
2025-04-24 13:26:51,857 [ERROR] LogOutputStream:75 - [STDERR_REDIRECT] 
2025-04-24 13:26:52,853 [ERROR] LogOutputStream:75 - [STDERR_REDIRECT] [Fatal Error] :1:1: Premature end of file.
2025-04-24 13:26:52,853 [ERROR] LogOutputStream:75 - [STDERR_REDIRECT] 
2025-04-24 13:26:53,868 [ERROR] LogOutputStream:75 - [STDERR_REDIRECT] [Fatal Error] :1:1: Premature end of file.
2025-04-24 13:26:53,868 [ERROR] LogOutputStream:75 - [STDERR_REDIRECT] 
2025-04-24 13:26:54,868 [ERROR] LogOutputStream:75 - [STDERR_REDIRECT] [Fatal Error] :1:1: Premature end of file.
2025-04-24 13:26:54,868 [ERROR] LogOutputStream:75 - [STDERR_REDIRECT] 
2025-04-24 13:26:55,863 [ERROR] LogOutputStream:75 - [STDERR_REDIRECT] [Fatal Error] :1:1: Premature end of file.
2025-04-24 13:26:55,863 [ERROR] LogOutputStream:75 - [STDERR_REDIRECT] 
2025-04-24 13:26:56,861 [ERROR] LogOutputStream:75 - [STDERR_REDIRECT] [Fatal Error] :1:1: Premature end of file.
2025-04-24 13:26:56,861 [ERROR] LogOutputStream:75 - [STDERR_REDIRECT] 
2025-04-24 13:26:57,861 [ERROR] LogOutputStream:75 - [STDERR_REDIRECT] [Fatal Error] :1:1: Premature end of file.
2025-04-24 13:26:57,861 [ERROR] LogOutputStream:75 - [STDERR_REDIRECT] 
2025-04-24 13:26:58,855 [ERROR] LogOutputStream:75 - [STDERR_REDIRECT] [Fatal Error] :1:1: Premature end of file.
2025-04-24 13:26:58,855 [ERROR] LogOutputStream:75 - [STDERR_REDIRECT] 
2025-04-24 13:26:59,863 [ERROR] LogOutputStream:75 - [STDERR_REDIRECT] [Fatal Error] :1:1: Premature end of file.
2025-04-24 13:26:59,863 [ERROR] LogOutputStream:75 - [STDERR_REDIRECT] 
2025-04-24 13:27:00,859 [ERROR] LogOutputStream:75 - [STDERR_REDIRECT] [Fatal Error] :1:1: Premature end of file.
2025-04-24 13:27:00,859 [ERROR] LogOutputStream:75 - [STDERR_REDIRECT] 
2025-04-24 13:27:01,860 [ERROR] LogOutputStream:75 - [STDERR_REDIRECT] [Fatal Error] :1:1: Premature end of file.
2025-04-24 13:27:01,860 [ERROR] LogOutputStream:75 - [STDERR_REDIRECT] 
2025-04-24 13:27:02,864 [ERROR] LogOutputStream:75 - [STDERR_REDIRECT] [Fatal Error] :1:1: Premature end of file.
2025-04-24 13:27:02,864 [ERROR] LogOutputStream:75 - [STDERR_REDIRECT] 
2025-04-24 13:27:03,868 [ERROR] LogOutputStream:75 - [STDERR_REDIRECT] [Fatal Error] :1:1: Premature end of file.
2025-04-24 13:27:03,868 [ERROR] LogOutputStream:75 - [STDERR_REDIRECT] 
2025-04-24 13:27:04,864 [ERROR] LogOutputStream:75 - [STDERR_REDIRECT] [Fatal Error] :1:1: Premature end of file.
2025-04-24 13:27:04,864 [ERROR] LogOutputStream:75 - [STDERR_REDIRECT] 
2025-04-24 13:27:05,864 [ERROR] LogOutputStream:75 - [STDERR_REDIRECT] [Fatal Error] :1:1: Premature end of file.
2025-04-24 13:27:05,864 [ERROR] LogOutputStream:75 - [STDERR_REDIRECT] 
2025-04-24 13:27:06,863 [ERROR] LogOutputStream:75 - [STDERR_REDIRECT] [Fatal Error] :1:1: Premature end of file.
2025-04-24 13:27:06,863 [ERROR] LogOutputStream:75 - [STDERR_REDIRECT] 
2025-04-24 13:27:07,864 [ERROR] LogOutputStream:75 - [STDERR_REDIRECT] [Fatal Error] :1:1: Premature end of file.
2025-04-24 13:27:07,864 [ERROR] LogOutputStream:75 - [STDERR_REDIRECT] 
2025-04-24 13:27:08,854 [ERROR] LogOutputStream:75 - [STDERR_REDIRECT] [Fatal Error] :1:1: Premature end of file.
2025-04-24 13:27:08,854 [ERROR] LogOutputStream:75 - [STDERR_REDIRECT] 
2025-04-24 13:27:09,859 [ERROR] LogOutputStream:75 - [STDERR_REDIRECT] [Fatal Error] :1:1: Premature end of file.
2025-04-24 13:27:09,859 [ERROR] LogOutputStream:75 - [STDERR_REDIRECT] 
2025-04-24 13:27:10,861 [ERROR] LogOutputStream:75 - [STDERR_REDIRECT] [Fatal Error] :1:1: Premature end of file.
2025-04-24 13:27:10,861 [ERROR] LogOutputStream:75 - [STDERR_REDIRECT] 
2025-04-24 13:27:11,860 [ERROR] LogOutputStream:75 - [STDERR_REDIRECT] [Fatal Error] :1:1: Premature end of file.
2025-04-24 13:27:11,860 [ERROR] LogOutputStream:75 - [STDERR_REDIRECT] 
2025-04-24 13:27:12,858 [ERROR] LogOutputStream:75 - [STDERR_REDIRECT] [Fatal Error] :1:1: Premature end of file.
2025-04-24 13:27:12,858 [ERROR] LogOutputStream:75 - [STDERR_REDIRECT] 
2025-04-24 13:27:13,859 [ERROR] LogOutputStream:75 - [STDERR_REDIRECT] [Fatal Error] :1:1: Premature end of file.
2025-04-24 13:27:13,859 [ERROR] LogOutputStream:75 - [STDERR_REDIRECT] 
2025-04-24 13:27:14,864 [ERROR] LogOutputStream:75 - [STDERR_REDIRECT] [Fatal Error] :1:1: Premature end of file.
2025-04-24 13:27:14,864 [ERROR] LogOutputStream:75 - [STDERR_REDIRECT] 
2025-04-24 13:27:15,859 [ERROR] LogOutputStream:75 - [STDERR_REDIRECT] [Fatal Error] :1:1: Premature end of file.
2025-04-24 13:27:15,859 [ERROR] LogOutputStream:75 - [STDERR_REDIRECT] 
2025-04-24 13:27:16,856 [ERROR] LogOutputStream:75 - [STDERR_REDIRECT] [Fatal Error] :1:1: Premature end of file.
2025-04-24 13:27:16,856 [ERROR] LogOutputStream:75 - [STDERR_REDIRECT] 
2025-04-24 13:27:17,862 [ERROR] LogOutputStream:75 - [STDERR_REDIRECT] [Fatal Error] :1:1: Premature end of file.
2025-04-24 13:27:17,862 [ERROR] LogOutputStream:75 - [STDERR_REDIRECT] 
2025-04-24 13:27:18,857 [ERROR] LogOutputStream:75 - [STDERR_REDIRECT] [Fatal Error] :1:1: Premature end of file.
2025-04-24 13:27:18,857 [ERROR] LogOutputStream:75 - [STDERR_REDIRECT] 
2025-04-24 13:27:19,867 [ERROR] LogOutputStream:75 - [STDERR_REDIRECT] [Fatal Error] :1:1: Premature end of file.
2025-04-24 13:27:19,867 [ERROR] LogOutputStream:75 - [STDERR_REDIRECT] 
2025-04-24 13:27:20,857 [ERROR] LogOutputStream:75 - [STDERR_REDIRECT] [Fatal Error] :1:1: Premature end of file.
2025-04-24 13:27:20,857 [ERROR] LogOutputStream:75 - [STDERR_REDIRECT] 
2025-04-24 13:27:21,861 [ERROR] LogOutputStream:75 - [STDERR_REDIRECT] [Fatal Error] :1:1: Premature end of file.
2025-04-24 13:27:21,861 [ERROR] LogOutputStream:75 - [STDERR_REDIRECT] 
2025-04-24 13:27:22,861 [ERROR] LogOutputStream:75 - [STDERR_REDIRECT] [Fatal Error] :1:1: Premature end of file.
2025-04-24 13:27:22,861 [ERROR] LogOutputStream:75 - [STDERR_REDIRECT] 
2025-04-24 13:27:23,854 [ERROR] LogOutputStream:75 - [STDERR_REDIRECT] [Fatal Error] :1:1: Premature end of file.
2025-04-24 13:27:23,854 [ERROR] LogOutputStream:75 - [STDERR_REDIRECT] 
2025-04-24 13:27:24,861 [ERROR] LogOutputStream:75 - [STDERR_REDIRECT] [Fatal Error] :1:1: Premature end of file.
2025-04-24 13:27:24,861 [ERROR] LogOutputStream:75 - [STDERR_REDIRECT] 
2025-04-24 13:27:25,864 [ERROR] LogOutputStream:75 - [STDERR_REDIRECT] [Fatal Error] :1:1: Premature end of file.
2025-04-24 13:27:25,864 [ERROR] LogOutputStream:75 - [STDERR_REDIRECT] 
2025-04-24 13:27:26,868 [ERROR] LogOutputStream:75 - [STDERR_REDIRECT] [Fatal Error] :1:1: Premature end of file.
2025-04-24 13:27:26,868 [ERROR] LogOutputStream:75 - [STDERR_REDIRECT] 
2025-04-24 13:27:27,866 [ERROR] LogOutputStream:75 - [STDERR_REDIRECT] [Fatal Error] :1:1: Premature end of file.
2025-04-24 13:27:27,866 [ERROR] LogOutputStream:75 - [STDERR_REDIRECT] 
2025-04-24 13:27:28,862 [ERROR] LogOutputStream:75 - [STDERR_REDIRECT] [Fatal Error] :1:1: Premature end of file.
2025-04-24 13:27:28,867 [ERROR] LogOutputStream:75 - [STDERR_REDIRECT] 
2025-04-24 13:27:29,872 [ERROR] LogOutputStream:75 - [STDERR_REDIRECT] [Fatal Error] :1:1: Premature end of file.
2025-04-24 13:27:29,872 [ERROR] LogOutputStream:75 - [STDERR_REDIRECT] 
2025-04-24 13:27:30,875 [ERROR] LogOutputStream:75 - [STDERR_REDIRECT] [Fatal Error] :1:1: Premature end of file.
2025-04-24 13:27:30,877 [ERROR] LogOutputStream:75 - [STDERR_REDIRECT] 
2025-04-24 13:27:31,864 [ERROR] LogOutputStream:75 - [STDERR_REDIRECT] [Fatal Error] :1:1: Premature end of file.
2025-04-24 13:27:31,864 [ERROR] LogOutputStream:75 - [STDERR_REDIRECT] 
2025-04-24 13:27:32,864 [ERROR] LogOutputStream:75 - [STDERR_REDIRECT] [Fatal Error] :1:1: Premature end of file.
2025-04-24 13:27:32,865 [ERROR] LogOutputStream:75 - [STDERR_REDIRECT] 
2025-04-24 13:27:33,865 [ERROR] LogOutputStream:75 - [STDERR_REDIRECT] [Fatal Error] :1:1: Premature end of file.
2025-04-24 13:27:33,866 [ERROR] LogOutputStream:75 - [STDERR_REDIRECT] 
2025-04-24 13:27:34,862 [ERROR] LogOutputStream:75 - [STDERR_REDIRECT] [Fatal Error] :1:1: Premature end of file.
2025-04-24 13:27:34,862 [ERROR] LogOutputStream:75 - [STDERR_REDIRECT] 
2025-04-24 13:27:35,859 [ERROR] LogOutputStream:75 - [STDERR_REDIRECT] [Fatal Error] :1:1: Premature end of file.
2025-04-24 13:27:35,859 [ERROR] LogOutputStream:75 - [STDERR_REDIRECT] 
2025-04-24 13:27:36,873 [ERROR] LogOutputStream:75 - [STDERR_REDIRECT] [Fatal Error] :1:1: Premature end of file.
2025-04-24 13:27:36,873 [ERROR] LogOutputStream:75 - [STDERR_REDIRECT] 
2025-04-24 13:27:37,859 [ERROR] LogOutputStream:75 - [STDERR_REDIRECT] [Fatal Error] :1:1: Premature end of file.
2025-04-24 13:27:37,859 [ERROR] LogOutputStream:75 - [STDERR_REDIRECT] 
2025-04-24 13:27:38,861 [ERROR] LogOutputStream:75 - [STDERR_REDIRECT] [Fatal Error] :1:1: Premature end of file.
2025-04-24 13:27:38,861 [ERROR] LogOutputStream:75 - [STDERR_REDIRECT] 
2025-04-24 13:27:39,859 [ERROR] LogOutputStream:75 - [STDERR_REDIRECT] [Fatal Error] :1:1: Premature end of file.
2025-04-24 13:27:39,859 [ERROR] LogOutputStream:75 - [STDERR_REDIRECT] 
2025-04-24 13:27:40,858 [ERROR] LogOutputStream:75 - [STDERR_REDIRECT] [Fatal Error] :1:1: Premature end of file.
2025-04-24 13:27:40,858 [ERROR] LogOutputStream:75 - [STDERR_REDIRECT] 
2025-04-24 13:27:41,863 [ERROR] LogOutputStream:75 - [STDERR_REDIRECT] [Fatal Error] :1:1: Premature end of file.
2025-04-24 13:27:41,863 [ERROR] LogOutputStream:75 - [STDERR_REDIRECT] 
2025-04-24 13:27:42,861 [ERROR] LogOutputStream:75 - [STDERR_REDIRECT] [Fatal Error] :1:1: Premature end of file.
2025-04-24 13:27:42,862 [ERROR] LogOutputStream:75 - [STDERR_REDIRECT] 
2025-04-24 13:27:43,862 [ERROR] LogOutputStream:75 - [STDERR_REDIRECT] [Fatal Error] :1:1: Premature end of file.
2025-04-24 13:27:43,862 [ERROR] LogOutputStream:75 - [STDERR_REDIRECT] 
2025-04-24 13:27:44,862 [ERROR] LogOutputStream:75 - [STDERR_REDIRECT] [Fatal Error] :1:1: Premature end of file.
2025-04-24 13:27:44,866 [ERROR] LogOutputStream:75 - [STDERR_REDIRECT] 
2025-04-24 13:27:45,858 [ERROR] LogOutputStream:75 - [STDERR_REDIRECT] [Fatal Error] :1:1: Premature end of file.
2025-04-24 13:27:45,858 [ERROR] LogOutputStream:75 - [STDERR_REDIRECT] 
2025-04-24 13:27:46,852 [ERROR] LogOutputStream:75 - [STDERR_REDIRECT] [Fatal Error] :1:1: Premature end of file.
2025-04-24 13:27:46,852 [ERROR] LogOutputStream:75 - [STDERR_REDIRECT] 
2025-04-24 13:27:47,864 [ERROR] LogOutputStream:75 - [STDERR_REDIRECT] [Fatal Error] :1:1: Premature end of file.
2025-04-24 13:27:47,864 [ERROR] LogOutputStream:75 - [STDERR_REDIRECT] 
2025-04-24 13:27:48,852 [ERROR] LogOutputStream:75 - [STDERR_REDIRECT] [Fatal Error] :1:1: Premature end of file.
2025-04-24 13:27:48,852 [ERROR] LogOutputStream:75 - [STDERR_REDIRECT] 
2025-04-24 13:27:49,872 [ERROR] LogOutputStream:75 - [STDERR_REDIRECT] [Fatal Error] :1:1: Premature end of file.
2025-04-24 13:27:49,872 [ERROR] LogOutputStream:75 - [STDERR_REDIRECT] 
2025-04-24 13:27:50,870 [ERROR] LogOutputStream:75 - [STDERR_REDIRECT] [Fatal Error] :1:1: Premature end of file.
2025-04-24 13:27:50,870 [ERROR] LogOutputStream:75 - [STDERR_REDIRECT] 
2025-04-24 13:27:51,852 [ERROR] LogOutputStream:75 - [STDERR_REDIRECT] [Fatal Error] :1:1: Premature end of file.
2025-04-24 13:27:51,852 [ERROR] LogOutputStream:75 - [STDERR_REDIRECT] 
2025-04-24 13:27:52,864 [ERROR] LogOutputStream:75 - [STDERR_REDIRECT] [Fatal Error] :1:1: Premature end of file.
2025-04-24 13:27:52,864 [ERROR] LogOutputStream:75 - [STDERR_REDIRECT] 
2025-04-24 13:27:53,860 [ERROR] LogOutputStream:75 - [STDERR_REDIRECT] [Fatal Error] :1:1: Premature end of file.
2025-04-24 13:27:53,860 [ERROR] LogOutputStream:75 - [STDERR_REDIRECT] 
2025-04-24 13:27:54,867 [ERROR] LogOutputStream:75 - [STDERR_REDIRECT] [Fatal Error] :1:1: Premature end of file.
2025-04-24 13:27:54,871 [ERROR] LogOutputStream:75 - [STDERR_REDIRECT] 
2025-04-24 13:27:55,859 [ERROR] LogOutputStream:75 - [STDERR_REDIRECT] [Fatal Error] :1:1: Premature end of file.
2025-04-24 13:27:55,859 [ERROR] LogOutputStream:75 - [STDERR_REDIRECT] 
2025-04-24 13:27:56,858 [ERROR] LogOutputStream:75 - [STDERR_REDIRECT] [Fatal Error] :1:1: Premature end of file.
2025-04-24 13:27:56,858 [ERROR] LogOutputStream:75 - [STDERR_REDIRECT] 
2025-04-24 13:27:57,862 [ERROR] LogOutputStream:75 - [STDERR_REDIRECT] [Fatal Error] :1:1: Premature end of file.
2025-04-24 13:27:57,862 [ERROR] LogOutputStream:75 - [STDERR_REDIRECT] 
2025-04-24 13:27:58,866 [ERROR] LogOutputStream:75 - [STDERR_REDIRECT] [Fatal Error] :1:1: Premature end of file.
2025-04-24 13:27:58,866 [ERROR] LogOutputStream:75 - [STDERR_REDIRECT] 
2025-04-24 13:27:59,861 [ERROR] LogOutputStream:75 - [STDERR_REDIRECT] [Fatal Error] :1:1: Premature end of file.
2025-04-24 13:27:59,861 [ERROR] LogOutputStream:75 - [STDERR_REDIRECT] 
2025-04-24 13:28:00,867 [ERROR] LogOutputStream:75 - [STDERR_REDIRECT] [Fatal Error] :1:1: Premature end of file.
2025-04-24 13:28:00,867 [ERROR] LogOutputStream:75 - [STDERR_REDIRECT] 
2025-04-24 13:28:01,865 [ERROR] LogOutputStream:75 - [STDERR_REDIRECT] [Fatal Error] :1:1: Premature end of file.
2025-04-24 13:28:01,865 [ERROR] LogOutputStream:75 - [STDERR_REDIRECT] 
2025-04-24 13:28:02,871 [ERROR] LogOutputStream:75 - [STDERR_REDIRECT] [Fatal Error] :1:1: Premature end of file.
2025-04-24 13:28:02,871 [ERROR] LogOutputStream:75 - [STDERR_REDIRECT] 
2025-04-24 13:28:03,853 [ERROR] LogOutputStream:75 - [STDERR_REDIRECT] [Fatal Error] :1:1: Premature end of file.
2025-04-24 13:28:03,853 [ERROR] LogOutputStream:75 - [STDERR_REDIRECT] 
2025-04-24 13:28:04,858 [ERROR] LogOutputStream:75 - [STDERR_REDIRECT] [Fatal Error] :1:1: Premature end of file.
2025-04-24 13:28:04,858 [ERROR] LogOutputStream:75 - [STDERR_REDIRECT] 
2025-04-24 13:28:05,853 [ERROR] LogOutputStream:75 - [STDERR_REDIRECT] [Fatal Error] :1:1: Premature end of file.
2025-04-24 13:28:05,853 [ERROR] LogOutputStream:75 - [STDERR_REDIRECT] 
2025-04-24 13:28:06,861 [ERROR] LogOutputStream:75 - [STDERR_REDIRECT] [Fatal Error] :1:1: Premature end of file.
2025-04-24 13:28:06,861 [ERROR] LogOutputStream:75 - [STDERR_REDIRECT] 
2025-04-24 13:28:07,858 [ERROR] LogOutputStream:75 - [STDERR_REDIRECT] [Fatal Error] :1:1: Premature end of file.
2025-04-24 13:28:07,858 [ERROR] LogOutputStream:75 - [STDERR_REDIRECT] 
2025-04-24 13:28:08,859 [ERROR] LogOutputStream:75 - [STDERR_REDIRECT] [Fatal Error] :1:1: Premature end of file.
2025-04-24 13:28:08,859 [ERROR] LogOutputStream:75 - [STDERR_REDIRECT] 
2025-04-24 13:28:09,866 [ERROR] LogOutputStream:75 - [STDERR_REDIRECT] [Fatal Error] :1:1: Premature end of file.
2025-04-24 13:28:09,866 [ERROR] LogOutputStream:75 - [STDERR_REDIRECT] 
2025-04-24 13:28:10,863 [ERROR] LogOutputStream:75 - [STDERR_REDIRECT] [Fatal Error] :1:1: Premature end of file.
2025-04-24 13:28:10,863 [ERROR] LogOutputStream:75 - [STDERR_REDIRECT] 
2025-04-24 13:28:11,867 [ERROR] LogOutputStream:75 - [STDERR_REDIRECT] [Fatal Error] :1:1: Premature end of file.
2025-04-24 13:28:11,867 [ERROR] LogOutputStream:75 - [STDERR_REDIRECT] 
2025-04-24 13:28:12,859 [ERROR] LogOutputStream:75 - [STDERR_REDIRECT] [Fatal Error] :1:1: Premature end of file.
2025-04-24 13:28:12,859 [ERROR] LogOutputStream:75 - [STDERR_REDIRECT] 
2025-04-24 13:28:13,860 [ERROR] LogOutputStream:75 - [STDERR_REDIRECT] [Fatal Error] :1:1: Premature end of file.
2025-04-24 13:28:13,860 [ERROR] LogOutputStream:75 - [STDERR_REDIRECT] 
2025-04-24 13:28:14,851 [ERROR] LogOutputStream:75 - [STDERR_REDIRECT] [Fatal Error] :1:1: Premature end of file.
2025-04-24 13:28:14,851 [ERROR] LogOutputStream:75 - [STDERR_REDIRECT] 
2025-04-24 13:28:15,887 [ERROR] LogOutputStream:75 - [STDERR_REDIRECT] [Fatal Error] :1:1: Premature end of file.
2025-04-24 13:28:15,887 [ERROR] LogOutputStream:75 - [STDERR_REDIRECT] 
2025-04-24 13:28:16,858 [ERROR] LogOutputStream:75 - [STDERR_REDIRECT] [Fatal Error] :1:1: Premature end of file.
2025-04-24 13:28:16,858 [ERROR] LogOutputStream:75 - [STDERR_REDIRECT] 
2025-04-24 13:28:17,861 [ERROR] LogOutputStream:75 - [STDERR_REDIRECT] [Fatal Error] :1:1: Premature end of file.
2025-04-24 13:28:17,861 [ERROR] LogOutputStream:75 - [STDERR_REDIRECT] 
2025-04-24 13:28:18,864 [ERROR] LogOutputStream:75 - [STDERR_REDIRECT] [Fatal Error] :1:1: Premature end of file.
2025-04-24 13:28:18,865 [ERROR] LogOutputStream:75 - [STDERR_REDIRECT] 
2025-04-24 13:28:19,872 [ERROR] LogOutputStream:75 - [STDERR_REDIRECT] [Fatal Error] :1:1: Premature end of file.
2025-04-24 13:28:19,872 [ERROR] LogOutputStream:75 - [STDERR_REDIRECT] 
2025-04-24 13:28:20,871 [ERROR] LogOutputStream:75 - [STDERR_REDIRECT] [Fatal Error] :1:1: Premature end of file.
2025-04-24 13:28:20,872 [ERROR] LogOutputStream:75 - [STDERR_REDIRECT] 
2025-04-24 13:28:21,862 [ERROR] LogOutputStream:75 - [STDERR_REDIRECT] [Fatal Error] :1:1: Premature end of file.
2025-04-24 13:28:21,862 [ERROR] LogOutputStream:75 - [STDERR_REDIRECT] 
2025-04-24 13:28:22,867 [ERROR] LogOutputStream:75 - [STDERR_REDIRECT] [Fatal Error] :1:1: Premature end of file.
2025-04-24 13:28:22,867 [ERROR] LogOutputStream:75 - [STDERR_REDIRECT] 
2025-04-24 13:28:23,853 [ERROR] LogOutputStream:75 - [STDERR_REDIRECT] [Fatal Error] :1:1: Premature end of file.
2025-04-24 13:28:23,853 [ERROR] LogOutputStream:75 - [STDERR_REDIRECT] 
2025-04-24 13:28:24,860 [ERROR] LogOutputStream:75 - [STDERR_REDIRECT] [Fatal Error] :1:1: Premature end of file.
2025-04-24 13:28:24,860 [ERROR] LogOutputStream:75 - [STDERR_REDIRECT] 
2025-04-24 13:28:25,865 [ERROR] LogOutputStream:75 - [STDERR_REDIRECT] [Fatal Error] :1:1: Premature end of file.
2025-04-24 13:28:25,865 [ERROR] LogOutputStream:75 - [STDERR_REDIRECT] 
2025-04-24 13:28:26,856 [ERROR] LogOutputStream:75 - [STDERR_REDIRECT] [Fatal Error] :1:1: Premature end of file.
2025-04-24 13:28:26,856 [ERROR] LogOutputStream:75 - [STDERR_REDIRECT] 
2025-04-24 13:28:27,872 [ERROR] LogOutputStream:75 - [STDERR_REDIRECT] [Fatal Error] :1:1: Premature end of file.
2025-04-24 13:28:27,872 [ERROR] LogOutputStream:75 - [STDERR_REDIRECT] 
2025-04-24 13:28:28,887 [ERROR] LogOutputStream:75 - [STDERR_REDIRECT] [Fatal Error] :1:1: Premature end of file.
2025-04-24 13:28:28,888 [ERROR] LogOutputStream:75 - [STDERR_REDIRECT] 
2025-04-24 13:28:29,874 [ERROR] LogOutputStream:75 - [STDERR_REDIRECT] [Fatal Error] :1:1: Premature end of file.
2025-04-24 13:28:29,874 [ERROR] LogOutputStream:75 - [STDERR_REDIRECT] 
2025-04-24 13:28:30,871 [ERROR] LogOutputStream:75 - [STDERR_REDIRECT] [Fatal Error] :1:1: Premature end of file.
2025-04-24 13:28:30,871 [ERROR] LogOutputStream:75 - [STDERR_REDIRECT] 
2025-04-24 13:28:31,852 [ERROR] LogOutputStream:75 - [STDERR_REDIRECT] [Fatal Error] :1:1: Premature end of file.
2025-04-24 13:28:31,852 [ERROR] LogOutputStream:75 - [STDERR_REDIRECT] 
2025-04-24 13:28:32,865 [ERROR] LogOutputStream:75 - [STDERR_REDIRECT] [Fatal Error] :1:1: Premature end of file.
2025-04-24 13:28:32,865 [ERROR] LogOutputStream:75 - [STDERR_REDIRECT] 
2025-04-24 13:28:33,863 [ERROR] LogOutputStream:75 - [STDERR_REDIRECT] [Fatal Error] :1:1: Premature end of file.
2025-04-24 13:28:33,863 [ERROR] LogOutputStream:75 - [STDERR_REDIRECT] 
2025-04-24 13:28:34,855 [ERROR] LogOutputStream:75 - [STDERR_REDIRECT] [Fatal Error] :1:1: Premature end of file.
2025-04-24 13:28:34,855 [ERROR] LogOutputStream:75 - [STDERR_REDIRECT] 
2025-04-24 13:28:35,856 [ERROR] LogOutputStream:75 - [STDERR_REDIRECT] [Fatal Error] :1:1: Premature end of file.
2025-04-24 13:28:35,856 [ERROR] LogOutputStream:75 - [STDERR_REDIRECT] 
2025-04-24 13:28:36,854 [ERROR] LogOutputStream:75 - [STDERR_REDIRECT] [Fatal Error] :1:1: Premature end of file.
2025-04-24 13:28:36,854 [ERROR] LogOutputStream:75 - [STDERR_REDIRECT] 
2025-04-24 13:28:37,865 [ERROR] LogOutputStream:75 - [STDERR_REDIRECT] [Fatal Error] :1:1: Premature end of file.
2025-04-24 13:28:37,865 [ERROR] LogOutputStream:75 - [STDERR_REDIRECT] 
2025-04-24 13:28:38,866 [ERROR] LogOutputStream:75 - [STDERR_REDIRECT] [Fatal Error] :1:1: Premature end of file.
2025-04-24 13:28:38,866 [ERROR] LogOutputStream:75 - [STDERR_REDIRECT] 
2025-04-24 13:28:39,858 [ERROR] LogOutputStream:75 - [STDERR_REDIRECT] [Fatal Error] :1:1: Premature end of file.
2025-04-24 13:28:39,858 [ERROR] LogOutputStream:75 - [STDERR_REDIRECT] 
2025-04-24 13:28:40,866 [ERROR] LogOutputStream:75 - [STDERR_REDIRECT] [Fatal Error] :1:1: Premature end of file.
2025-04-24 13:28:40,866 [ERROR] LogOutputStream:75 - [STDERR_REDIRECT] 
2025-04-24 13:28:41,871 [ERROR] LogOutputStream:75 - [STDERR_REDIRECT] [Fatal Error] :1:1: Premature end of file.
2025-04-24 13:28:41,871 [ERROR] LogOutputStream:75 - [STDERR_REDIRECT] 
2025-04-24 13:28:42,863 [ERROR] LogOutputStream:75 - [STDERR_REDIRECT] [Fatal Error] :1:1: Premature end of file.
2025-04-24 13:28:42,863 [ERROR] LogOutputStream:75 - [STDERR_REDIRECT] 
2025-04-24 13:28:43,860 [ERROR] LogOutputStream:75 - [STDERR_REDIRECT] [Fatal Error] :1:1: Premature end of file.
2025-04-24 13:28:43,860 [ERROR] LogOutputStream:75 - [STDERR_REDIRECT] 
2025-04-24 13:28:44,857 [ERROR] LogOutputStream:75 - [STDERR_REDIRECT] [Fatal Error] :1:1: Premature end of file.
2025-04-24 13:28:44,857 [ERROR] LogOutputStream:75 - [STDERR_REDIRECT] 
2025-04-24 13:28:45,860 [ERROR] LogOutputStream:75 - [STDERR_REDIRECT] [Fatal Error] :1:1: Premature end of file.
2025-04-24 13:28:45,860 [ERROR] LogOutputStream:75 - [STDERR_REDIRECT] 
2025-04-24 13:28:46,857 [ERROR] LogOutputStream:75 - [STDERR_REDIRECT] [Fatal Error] :1:1: Premature end of file.
2025-04-24 13:28:46,857 [ERROR] LogOutputStream:75 - [STDERR_REDIRECT] 
2025-04-24 13:28:47,861 [ERROR] LogOutputStream:75 - [STDERR_REDIRECT] [Fatal Error] :1:1: Premature end of file.
2025-04-24 13:28:47,861 [ERROR] LogOutputStream:75 - [STDERR_REDIRECT] 
2025-04-24 13:28:48,861 [ERROR] LogOutputStream:75 - [STDERR_REDIRECT] [Fatal Error] :1:1: Premature end of file.
2025-04-24 13:28:48,861 [ERROR] LogOutputStream:75 - [STDERR_REDIRECT] 
2025-04-24 13:28:49,858 [ERROR] LogOutputStream:75 - [STDERR_REDIRECT] [Fatal Error] :1:1: Premature end of file.
2025-04-24 13:28:49,858 [ERROR] LogOutputStream:75 - [STDERR_REDIRECT] 
2025-04-24 13:28:50,861 [ERROR] LogOutputStream:75 - [STDERR_REDIRECT] [Fatal Error] :1:1: Premature end of file.
2025-04-24 13:28:50,861 [ERROR] LogOutputStream:75 - [STDERR_REDIRECT] 
2025-04-24 13:28:51,862 [ERROR] LogOutputStream:75 - [STDERR_REDIRECT] [Fatal Error] :1:1: Premature end of file.
2025-04-24 13:28:51,862 [ERROR] LogOutputStream:75 - [STDERR_REDIRECT] 
2025-04-24 13:28:52,883 [ERROR] LogOutputStream:75 - [STDERR_REDIRECT] [Fatal Error] :1:1: Premature end of file.
2025-04-24 13:28:52,883 [ERROR] LogOutputStream:75 - [STDERR_REDIRECT] 
2025-04-24 13:28:53,865 [ERROR] LogOutputStream:75 - [STDERR_REDIRECT] [Fatal Error] :1:1: Premature end of file.
2025-04-24 13:28:53,865 [ERROR] LogOutputStream:75 - [STDERR_REDIRECT] 
2025-04-24 13:28:54,858 [ERROR] LogOutputStream:75 - [STDERR_REDIRECT] [Fatal Error] :1:1: Premature end of file.
2025-04-24 13:28:54,858 [ERROR] LogOutputStream:75 - [STDERR_REDIRECT] 
2025-04-24 13:28:55,875 [ERROR] LogOutputStream:75 - [STDERR_REDIRECT] [Fatal Error] :1:1: Premature end of file.
2025-04-24 13:28:55,875 [ERROR] LogOutputStream:75 - [STDERR_REDIRECT] 
2025-04-24 13:28:56,863 [ERROR] LogOutputStream:75 - [STDERR_REDIRECT] [Fatal Error] :1:1: Premature end of file.
2025-04-24 13:28:56,863 [ERROR] LogOutputStream:75 - [STDERR_REDIRECT] 
2025-04-24 13:28:57,869 [ERROR] LogOutputStream:75 - [STDERR_REDIRECT] [Fatal Error] :1:1: Premature end of file.
2025-04-24 13:28:57,870 [ERROR] LogOutputStream:75 - [STDERR_REDIRECT] 
2025-04-24 13:28:58,856 [ERROR] LogOutputStream:75 - [STDERR_REDIRECT] [Fatal Error] :1:1: Premature end of file.
2025-04-24 13:28:58,856 [ERROR] LogOutputStream:75 - [STDERR_REDIRECT] 
2025-04-24 13:28:59,874 [ERROR] LogOutputStream:75 - [STDERR_REDIRECT] [Fatal Error] :1:1: Premature end of file.
2025-04-24 13:28:59,879 [ERROR] LogOutputStream:75 - [STDERR_REDIRECT] 
2025-04-24 13:29:00,890 [ERROR] LogOutputStream:75 - [STDERR_REDIRECT] [Fatal Error] :1:1: Premature end of file.
2025-04-24 13:29:00,891 [ERROR] LogOutputStream:75 - [STDERR_REDIRECT] 
2025-04-24 13:29:01,858 [ERROR] LogOutputStream:75 - [STDERR_REDIRECT] [Fatal Error] :1:1: Premature end of file.
2025-04-24 13:29:01,858 [ERROR] LogOutputStream:75 - [STDERR_REDIRECT] 
2025-04-24 13:29:02,857 [ERROR] LogOutputStream:75 - [STDERR_REDIRECT] [Fatal Error] :1:1: Premature end of file.
2025-04-24 13:29:02,857 [ERROR] LogOutputStream:75 - [STDERR_REDIRECT] 
2025-04-24 13:29:03,857 [ERROR] LogOutputStream:75 - [STDERR_REDIRECT] [Fatal Error] :1:1: Premature end of file.
2025-04-24 13:29:03,858 [ERROR] LogOutputStream:75 - [STDERR_REDIRECT] 
2025-04-24 13:29:04,857 [ERROR] LogOutputStream:75 - [STDERR_REDIRECT] [Fatal Error] :1:1: Premature end of file.
2025-04-24 13:29:04,857 [ERROR] LogOutputStream:75 - [STDERR_REDIRECT] 
2025-04-24 13:29:05,857 [ERROR] LogOutputStream:75 - [STDERR_REDIRECT] [Fatal Error] :1:1: Premature end of file.
2025-04-24 13:29:05,857 [ERROR] LogOutputStream:75 - [STDERR_REDIRECT] 
2025-04-24 13:29:06,857 [ERROR] LogOutputStream:75 - [STDERR_REDIRECT] [Fatal Error] :1:1: Premature end of file.
2025-04-24 13:29:06,857 [ERROR] LogOutputStream:75 - [STDERR_REDIRECT] 
2025-04-24 13:29:07,858 [ERROR] LogOutputStream:75 - [STDERR_REDIRECT] [Fatal Error] :1:1: Premature end of file.
2025-04-24 13:29:07,858 [ERROR] LogOutputStream:75 - [STDERR_REDIRECT] 
2025-04-24 13:29:08,857 [ERROR] LogOutputStream:75 - [STDERR_REDIRECT] [Fatal Error] :1:1: Premature end of file.
2025-04-24 13:29:08,857 [ERROR] LogOutputStream:75 - [STDERR_REDIRECT] 
2025-04-24 13:29:09,858 [ERROR] LogOutputStream:75 - [STDERR_REDIRECT] [Fatal Error] :1:1: Premature end of file.
2025-04-24 13:29:09,858 [ERROR] LogOutputStream:75 - [STDERR_REDIRECT] 
2025-04-24 13:29:10,856 [ERROR] LogOutputStream:75 - [STDERR_REDIRECT] [Fatal Error] :1:1: Premature end of file.
2025-04-24 13:29:10,856 [ERROR] LogOutputStream:75 - [STDERR_REDIRECT] 
2025-04-24 13:29:11,859 [ERROR] LogOutputStream:75 - [STDERR_REDIRECT] [Fatal Error] :1:1: Premature end of file.
2025-04-24 13:29:11,859 [ERROR] LogOutputStream:75 - [STDERR_REDIRECT] 
2025-04-24 13:29:12,856 [ERROR] LogOutputStream:75 - [STDERR_REDIRECT] [Fatal Error] :1:1: Premature end of file.
2025-04-24 13:29:12,856 [ERROR] LogOutputStream:75 - [STDERR_REDIRECT] 
2025-04-24 13:29:13,860 [ERROR] LogOutputStream:75 - [STDERR_REDIRECT] [Fatal Error] :1:1: Premature end of file.
2025-04-24 13:29:13,860 [ERROR] LogOutputStream:75 - [STDERR_REDIRECT] 
2025-04-24 13:29:14,857 [ERROR] LogOutputStream:75 - [STDERR_REDIRECT] [Fatal Error] :1:1: Premature end of file.
2025-04-24 13:29:14,857 [ERROR] LogOutputStream:75 - [STDERR_REDIRECT] 
2025-04-24 13:29:15,856 [ERROR] LogOutputStream:75 - [STDERR_REDIRECT] [Fatal Error] :1:1: Premature end of file.
2025-04-24 13:29:15,857 [ERROR] LogOutputStream:75 - [STDERR_REDIRECT] 
2025-04-24 13:29:16,856 [ERROR] LogOutputStream:75 - [STDERR_REDIRECT] [Fatal Error] :1:1: Premature end of file.
2025-04-24 13:29:16,856 [ERROR] LogOutputStream:75 - [STDERR_REDIRECT] 
2025-04-24 13:29:17,858 [ERROR] LogOutputStream:75 - [STDERR_REDIRECT] [Fatal Error] :1:1: Premature end of file.
2025-04-24 13:29:17,858 [ERROR] LogOutputStream:75 - [STDERR_REDIRECT] 
2025-04-24 13:29:18,859 [ERROR] LogOutputStream:75 - [STDERR_REDIRECT] [Fatal Error] :1:1: Premature end of file.
2025-04-24 13:29:18,859 [ERROR] LogOutputStream:75 - [STDERR_REDIRECT] 
2025-04-24 13:29:19,862 [ERROR] LogOutputStream:75 - [STDERR_REDIRECT] [Fatal Error] :1:1: Premature end of file.
2025-04-24 13:29:19,862 [ERROR] LogOutputStream:75 - [STDERR_REDIRECT] 
2025-04-24 13:29:20,856 [ERROR] LogOutputStream:75 - [STDERR_REDIRECT] [Fatal Error] :1:1: Premature end of file.
2025-04-24 13:29:20,856 [ERROR] LogOutputStream:75 - [STDERR_REDIRECT] 
2025-04-24 13:29:21,855 [ERROR] LogOutputStream:75 - [STDERR_REDIRECT] [Fatal Error] :1:1: Premature end of file.
2025-04-24 13:29:21,855 [ERROR] LogOutputStream:75 - [STDERR_REDIRECT] 
2025-04-24 13:29:22,857 [ERROR] LogOutputStream:75 - [STDERR_REDIRECT] [Fatal Error] :1:1: Premature end of file.
2025-04-24 13:29:22,857 [ERROR] LogOutputStream:75 - [STDERR_REDIRECT] 
2025-04-24 13:29:23,858 [ERROR] LogOutputStream:75 - [STDERR_REDIRECT] [Fatal Error] :1:1: Premature end of file.
2025-04-24 13:29:23,858 [ERROR] LogOutputStream:75 - [STDERR_REDIRECT] 
2025-04-24 13:29:24,856 [ERROR] LogOutputStream:75 - [STDERR_REDIRECT] [Fatal Error] :1:1: Premature end of file.
2025-04-24 13:29:24,856 [ERROR] LogOutputStream:75 - [STDERR_REDIRECT] 
2025-04-24 13:29:25,855 [ERROR] LogOutputStream:75 - [STDERR_REDIRECT] [Fatal Error] :1:1: Premature end of file.
2025-04-24 13:29:25,855 [ERROR] LogOutputStream:75 - [STDERR_REDIRECT] 
2025-04-24 13:29:26,857 [ERROR] LogOutputStream:75 - [STDERR_REDIRECT] [Fatal Error] :1:1: Premature end of file.
2025-04-24 13:29:26,857 [ERROR] LogOutputStream:75 - [STDERR_REDIRECT] 
2025-04-24 13:29:27,857 [ERROR] LogOutputStream:75 - [STDERR_REDIRECT] [Fatal Error] :1:1: Premature end of file.
2025-04-24 13:29:27,857 [ERROR] LogOutputStream:75 - [STDERR_REDIRECT] 
2025-04-24 13:29:28,857 [ERROR] LogOutputStream:75 - [STDERR_REDIRECT] [Fatal Error] :1:1: Premature end of file.
2025-04-24 13:29:28,857 [ERROR] LogOutputStream:75 - [STDERR_REDIRECT] 
2025-04-24 13:29:29,858 [ERROR] LogOutputStream:75 - [STDERR_REDIRECT] [Fatal Error] :1:1: Premature end of file.
2025-04-24 13:29:29,858 [ERROR] LogOutputStream:75 - [STDERR_REDIRECT] 
2025-04-24 13:29:30,857 [ERROR] LogOutputStream:75 - [STDERR_REDIRECT] [Fatal Error] :1:1: Premature end of file.
2025-04-24 13:29:30,857 [ERROR] LogOutputStream:75 - [STDERR_REDIRECT] 
2025-04-24 13:29:31,857 [ERROR] LogOutputStream:75 - [STDERR_REDIRECT] [Fatal Error] :1:1: Premature end of file.
2025-04-24 13:29:31,857 [ERROR] LogOutputStream:75 - [STDERR_REDIRECT] 
2025-04-24 13:29:32,857 [ERROR] LogOutputStream:75 - [STDERR_REDIRECT] [Fatal Error] :1:1: Premature end of file.
2025-04-24 13:29:32,857 [ERROR] LogOutputStream:75 - [STDERR_REDIRECT] 
2025-04-24 13:29:33,855 [ERROR] LogOutputStream:75 - [STDERR_REDIRECT] [Fatal Error] :1:1: Premature end of file.
2025-04-24 13:29:33,855 [ERROR] LogOutputStream:75 - [STDERR_REDIRECT] 
2025-04-24 13:29:34,855 [ERROR] LogOutputStream:75 - [STDERR_REDIRECT] [Fatal Error] :1:1: Premature end of file.
2025-04-24 13:29:34,855 [ERROR] LogOutputStream:75 - [STDERR_REDIRECT] 
2025-04-24 13:29:35,854 [ERROR] LogOutputStream:75 - [STDERR_REDIRECT] [Fatal Error] :1:1: Premature end of file.
2025-04-24 13:29:35,854 [ERROR] LogOutputStream:75 - [STDERR_REDIRECT] 
2025-04-24 13:29:36,855 [ERROR] LogOutputStream:75 - [STDERR_REDIRECT] [Fatal Error] :1:1: Premature end of file.
2025-04-24 13:29:36,855 [ERROR] LogOutputStream:75 - [STDERR_REDIRECT] 
2025-04-24 13:29:37,855 [ERROR] LogOutputStream:75 - [STDERR_REDIRECT] [Fatal Error] :1:1: Premature end of file.
2025-04-24 13:29:37,855 [ERROR] LogOutputStream:75 - [STDERR_REDIRECT] 
2025-04-24 13:29:38,856 [ERROR] LogOutputStream:75 - [STDERR_REDIRECT] [Fatal Error] :1:1: Premature end of file.
2025-04-24 13:29:38,856 [ERROR] LogOutputStream:75 - [STDERR_REDIRECT] 
2025-04-24 13:29:39,858 [ERROR] LogOutputStream:75 - [STDERR_REDIRECT] [Fatal Error] :1:1: Premature end of file.
2025-04-24 13:29:39,858 [ERROR] LogOutputStream:75 - [STDERR_REDIRECT] 
2025-04-24 13:29:40,856 [ERROR] LogOutputStream:75 - [STDERR_REDIRECT] [Fatal Error] :1:1: Premature end of file.
2025-04-24 13:29:40,857 [ERROR] LogOutputStream:75 - [STDERR_REDIRECT] 
2025-04-24 13:29:41,855 [ERROR] LogOutputStream:75 - [STDERR_REDIRECT] [Fatal Error] :1:1: Premature end of file.
2025-04-24 13:29:41,855 [ERROR] LogOutputStream:75 - [STDERR_REDIRECT] 
2025-04-24 13:29:42,856 [ERROR] LogOutputStream:75 - [STDERR_REDIRECT] [Fatal Error] :1:1: Premature end of file.
2025-04-24 13:29:42,856 [ERROR] LogOutputStream:75 - [STDERR_REDIRECT] 
2025-04-24 13:29:43,860 [ERROR] LogOutputStream:75 - [STDERR_REDIRECT] [Fatal Error] :1:1: Premature end of file.
2025-04-24 13:29:43,861 [ERROR] LogOutputStream:75 - [STDERR_REDIRECT] 
2025-04-24 13:29:44,855 [ERROR] LogOutputStream:75 - [STDERR_REDIRECT] [Fatal Error] :1:1: Premature end of file.
2025-04-24 13:29:44,855 [ERROR] LogOutputStream:75 - [STDERR_REDIRECT] 
2025-04-24 13:29:45,859 [ERROR] LogOutputStream:75 - [STDERR_REDIRECT] [Fatal Error] :1:1: Premature end of file.
2025-04-24 13:29:45,860 [ERROR] LogOutputStream:75 - [STDERR_REDIRECT] 
2025-04-24 13:29:46,857 [ERROR] LogOutputStream:75 - [STDERR_REDIRECT] [Fatal Error] :1:1: Premature end of file.
2025-04-24 13:29:46,857 [ERROR] LogOutputStream:75 - [STDERR_REDIRECT] 
2025-04-24 13:29:47,860 [ERROR] LogOutputStream:75 - [STDERR_REDIRECT] [Fatal Error] :1:1: Premature end of file.
2025-04-24 13:29:47,860 [ERROR] LogOutputStream:75 - [STDERR_REDIRECT] 
2025-04-24 13:29:48,858 [ERROR] LogOutputStream:75 - [STDERR_REDIRECT] [Fatal Error] :1:1: Premature end of file.
2025-04-24 13:29:48,858 [ERROR] LogOutputStream:75 - [STDERR_REDIRECT] 
2025-04-24 13:29:49,857 [ERROR] LogOutputStream:75 - [STDERR_REDIRECT] [Fatal Error] :1:1: Premature end of file.
2025-04-24 13:29:49,857 [ERROR] LogOutputStream:75 - [STDERR_REDIRECT] 
2025-04-24 13:29:50,865 [ERROR] LogOutputStream:75 - [STDERR_REDIRECT] [Fatal Error] :1:1: Premature end of file.
2025-04-24 13:29:50,865 [ERROR] LogOutputStream:75 - [STDERR_REDIRECT] 
2025-04-24 13:29:51,859 [ERROR] LogOutputStream:75 - [STDERR_REDIRECT] [Fatal Error] :1:1: Premature end of file.
2025-04-24 13:29:51,859 [ERROR] LogOutputStream:75 - [STDERR_REDIRECT] 
2025-04-24 13:29:52,867 [ERROR] LogOutputStream:75 - [STDERR_REDIRECT] [Fatal Error] :1:1: Premature end of file.
2025-04-24 13:29:52,867 [ERROR] LogOutputStream:75 - [STDERR_REDIRECT] 
2025-04-24 13:29:53,857 [ERROR] LogOutputStream:75 - [STDERR_REDIRECT] [Fatal Error] :1:1: Premature end of file.
2025-04-24 13:29:53,857 [ERROR] LogOutputStream:75 - [STDERR_REDIRECT] 
2025-04-24 13:29:54,895 [ERROR] LogOutputStream:75 - [STDERR_REDIRECT] [Fatal Error] :1:1: Premature end of file.
2025-04-24 13:29:54,895 [ERROR] LogOutputStream:75 - [STDERR_REDIRECT] 
2025-04-24 13:29:55,865 [ERROR] LogOutputStream:75 - [STDERR_REDIRECT] [Fatal Error] :1:1: Premature end of file.
2025-04-24 13:29:55,865 [ERROR] LogOutputStream:75 - [STDERR_REDIRECT] 
2025-04-24 13:29:56,876 [ERROR] LogOutputStream:75 - [STDERR_REDIRECT] [Fatal Error] :1:1: Premature end of file.
2025-04-24 13:29:56,880 [ERROR] LogOutputStream:75 - [STDERR_REDIRECT] 
2025-04-24 13:29:57,873 [ERROR] LogOutputStream:75 - [STDERR_REDIRECT] [Fatal Error] :1:1: Premature end of file.
2025-04-24 13:29:57,873 [ERROR] LogOutputStream:75 - [STDERR_REDIRECT] 
2025-04-24 13:29:58,864 [ERROR] LogOutputStream:75 - [STDERR_REDIRECT] [Fatal Error] :1:1: Premature end of file.
2025-04-24 13:29:58,864 [ERROR] LogOutputStream:75 - [STDERR_REDIRECT] 
2025-04-24 13:29:59,858 [ERROR] LogOutputStream:75 - [STDERR_REDIRECT] [Fatal Error] :1:1: Premature end of file.
2025-04-24 13:29:59,859 [ERROR] LogOutputStream:75 - [STDERR_REDIRECT] 
2025-04-24 13:30:00,863 [ERROR] LogOutputStream:75 - [STDERR_REDIRECT] [Fatal Error] :1:1: Premature end of file.
2025-04-24 13:30:00,863 [ERROR] LogOutputStream:75 - [STDERR_REDIRECT] 
2025-04-24 13:30:01,862 [ERROR] LogOutputStream:75 - [STDERR_REDIRECT] [Fatal Error] :1:1: Premature end of file.
2025-04-24 13:30:01,862 [ERROR] LogOutputStream:75 - [STDERR_REDIRECT] 
2025-04-24 13:30:02,871 [ERROR] LogOutputStream:75 - [STDERR_REDIRECT] [Fatal Error] :1:1: Premature end of file.
2025-04-24 13:30:02,871 [ERROR] LogOutputStream:75 - [STDERR_REDIRECT] 
2025-04-24 13:30:03,864 [ERROR] LogOutputStream:75 - [STDERR_REDIRECT] [Fatal Error] :1:1: Premature end of file.
2025-04-24 13:30:03,864 [ERROR] LogOutputStream:75 - [STDERR_REDIRECT] 
2025-04-24 13:30:04,866 [ERROR] LogOutputStream:75 - [STDERR_REDIRECT] [Fatal Error] :1:1: Premature end of file.
2025-04-24 13:30:04,867 [ERROR] LogOutputStream:75 - [STDERR_REDIRECT] 
2025-04-24 13:30:05,870 [ERROR] LogOutputStream:75 - [STDERR_REDIRECT] [Fatal Error] :1:1: Premature end of file.
2025-04-24 13:30:05,870 [ERROR] LogOutputStream:75 - [STDERR_REDIRECT] 
2025-04-24 13:30:06,869 [ERROR] LogOutputStream:75 - [STDERR_REDIRECT] [Fatal Error] :1:1: Premature end of file.
2025-04-24 13:30:06,869 [ERROR] LogOutputStream:75 - [STDERR_REDIRECT] 
2025-04-24 13:30:07,862 [ERROR] LogOutputStream:75 - [STDERR_REDIRECT] [Fatal Error] :1:1: Premature end of file.
2025-04-24 13:30:07,862 [ERROR] LogOutputStream:75 - [STDERR_REDIRECT] 
2025-04-24 13:30:08,871 [ERROR] LogOutputStream:75 - [STDERR_REDIRECT] [Fatal Error] :1:1: Premature end of file.
2025-04-24 13:30:08,871 [ERROR] LogOutputStream:75 - [STDERR_REDIRECT] 
2025-04-24 13:30:09,859 [ERROR] LogOutputStream:75 - [STDERR_REDIRECT] [Fatal Error] :1:1: Premature end of file.
2025-04-24 13:30:09,859 [ERROR] LogOutputStream:75 - [STDERR_REDIRECT] 
2025-04-24 13:30:10,869 [ERROR] LogOutputStream:75 - [STDERR_REDIRECT] [Fatal Error] :1:1: Premature end of file.
2025-04-24 13:30:10,869 [ERROR] LogOutputStream:75 - [STDERR_REDIRECT] 
2025-04-24 13:30:11,864 [ERROR] LogOutputStream:75 - [STDERR_REDIRECT] [Fatal Error] :1:1: Premature end of file.
2025-04-24 13:30:11,864 [ERROR] LogOutputStream:75 - [STDERR_REDIRECT] 
2025-04-24 13:30:12,868 [ERROR] LogOutputStream:75 - [STDERR_REDIRECT] [Fatal Error] :1:1: Premature end of file.
2025-04-24 13:30:12,869 [ERROR] LogOutputStream:75 - [STDERR_REDIRECT] 
2025-04-24 13:30:13,861 [ERROR] LogOutputStream:75 - [STDERR_REDIRECT] [Fatal Error] :1:1: Premature end of file.
2025-04-24 13:30:13,861 [ERROR] LogOutputStream:75 - [STDERR_REDIRECT] 
2025-04-24 13:30:14,877 [ERROR] LogOutputStream:75 - [STDERR_REDIRECT] [Fatal Error] :1:1: Premature end of file.
2025-04-24 13:30:14,877 [ERROR] LogOutputStream:75 - [STDERR_REDIRECT] 
2025-04-24 13:30:15,868 [ERROR] LogOutputStream:75 - [STDERR_REDIRECT] [Fatal Error] :1:1: Premature end of file.
2025-04-24 13:30:15,868 [ERROR] LogOutputStream:75 - [STDERR_REDIRECT] 
2025-04-24 13:30:16,866 [ERROR] LogOutputStream:75 - [STDERR_REDIRECT] [Fatal Error] :1:1: Premature end of file.
2025-04-24 13:30:16,866 [ERROR] LogOutputStream:75 - [STDERR_REDIRECT] 
2025-04-24 13:30:17,861 [ERROR] LogOutputStream:75 - [STDERR_REDIRECT] [Fatal Error] :1:1: Premature end of file.
2025-04-24 13:30:17,862 [ERROR] LogOutputStream:75 - [STDERR_REDIRECT] 
2025-04-24 13:30:18,859 [ERROR] LogOutputStream:75 - [STDERR_REDIRECT] [Fatal Error] :1:1: Premature end of file.
2025-04-24 13:30:18,859 [ERROR] LogOutputStream:75 - [STDERR_REDIRECT] 
2025-04-24 13:30:19,860 [ERROR] LogOutputStream:75 - [STDERR_REDIRECT] [Fatal Error] :1:1: Premature end of file.
2025-04-24 13:30:19,860 [ERROR] LogOutputStream:75 - [STDERR_REDIRECT] 
2025-04-24 13:30:20,861 [ERROR] LogOutputStream:75 - [STDERR_REDIRECT] [Fatal Error] :1:1: Premature end of file.
2025-04-24 13:30:20,862 [ERROR] LogOutputStream:75 - [STDERR_REDIRECT] 
2025-04-24 13:30:21,860 [ERROR] LogOutputStream:75 - [STDERR_REDIRECT] [Fatal Error] :1:1: Premature end of file.
2025-04-24 13:30:21,860 [ERROR] LogOutputStream:75 - [STDERR_REDIRECT] 
2025-04-24 13:30:22,865 [ERROR] LogOutputStream:75 - [STDERR_REDIRECT] [Fatal Error] :1:1: Premature end of file.
2025-04-24 13:30:22,865 [ERROR] LogOutputStream:75 - [STDERR_REDIRECT] 
2025-04-24 13:30:23,864 [ERROR] LogOutputStream:75 - [STDERR_REDIRECT] [Fatal Error] :1:1: Premature end of file.
2025-04-24 13:30:23,864 [ERROR] LogOutputStream:75 - [STDERR_REDIRECT] 
2025-04-24 13:30:24,864 [ERROR] LogOutputStream:75 - [STDERR_REDIRECT] [Fatal Error] :1:1: Premature end of file.
2025-04-24 13:30:24,864 [ERROR] LogOutputStream:75 - [STDERR_REDIRECT] 
2025-04-24 13:30:25,861 [ERROR] LogOutputStream:75 - [STDERR_REDIRECT] [Fatal Error] :1:1: Premature end of file.
2025-04-24 13:30:25,862 [ERROR] LogOutputStream:75 - [STDERR_REDIRECT] 
2025-04-24 13:30:26,867 [ERROR] LogOutputStream:75 - [STDERR_REDIRECT] [Fatal Error] :1:1: Premature end of file.
2025-04-24 13:30:26,867 [ERROR] LogOutputStream:75 - [STDERR_REDIRECT] 
2025-04-24 13:30:27,859 [ERROR] LogOutputStream:75 - [STDERR_REDIRECT] [Fatal Error] :1:1: Premature end of file.
2025-04-24 13:30:27,859 [ERROR] LogOutputStream:75 - [STDERR_REDIRECT] 
2025-04-24 13:30:28,860 [ERROR] LogOutputStream:75 - [STDERR_REDIRECT] [Fatal Error] :1:1: Premature end of file.
2025-04-24 13:30:28,860 [ERROR] LogOutputStream:75 - [STDERR_REDIRECT] 
2025-04-24 13:30:29,878 [ERROR] LogOutputStream:75 - [STDERR_REDIRECT] [Fatal Error] :1:1: Premature end of file.
2025-04-24 13:30:29,878 [ERROR] LogOutputStream:75 - [STDERR_REDIRECT] 
2025-04-24 13:30:30,883 [ERROR] LogOutputStream:75 - [STDERR_REDIRECT] [Fatal Error] :1:1: Premature end of file.
2025-04-24 13:30:30,883 [ERROR] LogOutputStream:75 - [STDERR_REDIRECT] 
2025-04-24 13:30:31,861 [ERROR] LogOutputStream:75 - [STDERR_REDIRECT] [Fatal Error] :1:1: Premature end of file.
2025-04-24 13:30:31,861 [ERROR] LogOutputStream:75 - [STDERR_REDIRECT] 
2025-04-24 13:30:32,864 [ERROR] LogOutputStream:75 - [STDERR_REDIRECT] [Fatal Error] :1:1: Premature end of file.
2025-04-24 13:30:32,864 [ERROR] LogOutputStream:75 - [STDERR_REDIRECT] 
2025-04-24 13:30:33,865 [ERROR] LogOutputStream:75 - [STDERR_REDIRECT] [Fatal Error] :1:1: Premature end of file.
2025-04-24 13:30:33,865 [ERROR] LogOutputStream:75 - [STDERR_REDIRECT] 
2025-04-24 13:30:34,864 [ERROR] LogOutputStream:75 - [STDERR_REDIRECT] [Fatal Error] :1:1: Premature end of file.
2025-04-24 13:30:34,864 [ERROR] LogOutputStream:75 - [STDERR_REDIRECT] 
2025-04-24 13:30:35,862 [ERROR] LogOutputStream:75 - [STDERR_REDIRECT] [Fatal Error] :1:1: Premature end of file.
2025-04-24 13:30:35,862 [ERROR] LogOutputStream:75 - [STDERR_REDIRECT] 
2025-04-24 13:30:36,863 [ERROR] LogOutputStream:75 - [STDERR_REDIRECT] [Fatal Error] :1:1: Premature end of file.
2025-04-24 13:30:36,863 [ERROR] LogOutputStream:75 - [STDERR_REDIRECT] 
2025-04-24 13:30:37,863 [ERROR] LogOutputStream:75 - [STDERR_REDIRECT] [Fatal Error] :1:1: Premature end of file.
2025-04-24 13:30:37,863 [ERROR] LogOutputStream:75 - [STDERR_REDIRECT] 
2025-04-24 13:30:38,857 [ERROR] LogOutputStream:75 - [STDERR_REDIRECT] [Fatal Error] :1:1: Premature end of file.
2025-04-24 13:30:38,857 [ERROR] LogOutputStream:75 - [STDERR_REDIRECT] 
2025-04-24 13:30:39,861 [ERROR] LogOutputStream:75 - [STDERR_REDIRECT] [Fatal Error] :1:1: Premature end of file.
2025-04-24 13:30:39,862 [ERROR] LogOutputStream:75 - [STDERR_REDIRECT] 
2025-04-24 13:30:40,861 [ERROR] LogOutputStream:75 - [STDERR_REDIRECT] [Fatal Error] :1:1: Premature end of file.
2025-04-24 13:30:40,861 [ERROR] LogOutputStream:75 - [STDERR_REDIRECT] 
2025-04-24 13:30:41,862 [ERROR] LogOutputStream:75 - [STDERR_REDIRECT] [Fatal Error] :1:1: Premature end of file.
2025-04-24 13:30:41,862 [ERROR] LogOutputStream:75 - [STDERR_REDIRECT] 
2025-04-24 13:30:42,856 [ERROR] LogOutputStream:75 - [STDERR_REDIRECT] [Fatal Error] :1:1: Premature end of file.
2025-04-24 13:30:42,856 [ERROR] LogOutputStream:75 - [STDERR_REDIRECT] 
2025-04-24 13:30:43,856 [ERROR] LogOutputStream:75 - [STDERR_REDIRECT] [Fatal Error] :1:1: Premature end of file.
2025-04-24 13:30:43,856 [ERROR] LogOutputStream:75 - [STDERR_REDIRECT] 
2025-04-24 13:30:44,857 [ERROR] LogOutputStream:75 - [STDERR_REDIRECT] [Fatal Error] :1:1: Premature end of file.
2025-04-24 13:30:44,857 [ERROR] LogOutputStream:75 - [STDERR_REDIRECT] 
2025-04-24 13:30:45,857 [ERROR] LogOutputStream:75 - [STDERR_REDIRECT] [Fatal Error] :1:1: Premature end of file.
2025-04-24 13:30:45,857 [ERROR] LogOutputStream:75 - [STDERR_REDIRECT] 
2025-04-24 13:30:46,859 [ERROR] LogOutputStream:75 - [STDERR_REDIRECT] [Fatal Error] :1:1: Premature end of file.
2025-04-24 13:30:46,859 [ERROR] LogOutputStream:75 - [STDERR_REDIRECT] 
2025-04-24 13:30:47,856 [ERROR] LogOutputStream:75 - [STDERR_REDIRECT] [Fatal Error] :1:1: Premature end of file.
2025-04-24 13:30:47,857 [ERROR] LogOutputStream:75 - [STDERR_REDIRECT] 
2025-04-24 13:30:48,857 [ERROR] LogOutputStream:75 - [STDERR_REDIRECT] [Fatal Error] :1:1: Premature end of file.
2025-04-24 13:30:48,857 [ERROR] LogOutputStream:75 - [STDERR_REDIRECT] 
2025-04-24 13:30:49,861 [ERROR] LogOutputStream:75 - [STDERR_REDIRECT] [Fatal Error] :1:1: Premature end of file.
2025-04-24 13:30:49,861 [ERROR] LogOutputStream:75 - [STDERR_REDIRECT] 
2025-04-24 13:30:50,855 [ERROR] LogOutputStream:75 - [STDERR_REDIRECT] [Fatal Error] :1:1: Premature end of file.
2025-04-24 13:30:50,855 [ERROR] LogOutputStream:75 - [STDERR_REDIRECT] 
2025-04-24 13:30:51,858 [ERROR] LogOutputStream:75 - [STDERR_REDIRECT] [Fatal Error] :1:1: Premature end of file.
2025-04-24 13:30:51,858 [ERROR] LogOutputStream:75 - [STDERR_REDIRECT] 
2025-04-24 13:30:52,862 [ERROR] LogOutputStream:75 - [STDERR_REDIRECT] [Fatal Error] :1:1: Premature end of file.
2025-04-24 13:30:52,863 [ERROR] LogOutputStream:75 - [STDERR_REDIRECT] 
2025-04-24 13:30:53,857 [ERROR] LogOutputStream:75 - [STDERR_REDIRECT] [Fatal Error] :1:1: Premature end of file.
2025-04-24 13:30:53,857 [ERROR] LogOutputStream:75 - [STDERR_REDIRECT] 
2025-04-24 13:30:54,857 [ERROR] LogOutputStream:75 - [STDERR_REDIRECT] [Fatal Error] :1:1: Premature end of file.
2025-04-24 13:30:54,857 [ERROR] LogOutputStream:75 - [STDERR_REDIRECT] 
2025-04-24 13:30:55,857 [ERROR] LogOutputStream:75 - [STDERR_REDIRECT] [Fatal Error] :1:1: Premature end of file.
2025-04-24 13:30:55,857 [ERROR] LogOutputStream:75 - [STDERR_REDIRECT] 
2025-04-24 13:30:56,858 [ERROR] LogOutputStream:75 - [STDERR_REDIRECT] [Fatal Error] :1:1: Premature end of file.
2025-04-24 13:30:56,858 [ERROR] LogOutputStream:75 - [STDERR_REDIRECT] 
2025-04-24 13:30:57,857 [ERROR] LogOutputStream:75 - [STDERR_REDIRECT] [Fatal Error] :1:1: Premature end of file.
2025-04-24 13:30:57,858 [ERROR] LogOutputStream:75 - [STDERR_REDIRECT] 
2025-04-24 13:30:58,856 [ERROR] LogOutputStream:75 - [STDERR_REDIRECT] [Fatal Error] :1:1: Premature end of file.
2025-04-24 13:30:58,856 [ERROR] LogOutputStream:75 - [STDERR_REDIRECT] 
2025-04-24 13:30:59,856 [ERROR] LogOutputStream:75 - [STDERR_REDIRECT] [Fatal Error] :1:1: Premature end of file.
2025-04-24 13:30:59,856 [ERROR] LogOutputStream:75 - [STDERR_REDIRECT] 
2025-04-24 13:31:00,857 [ERROR] LogOutputStream:75 - [STDERR_REDIRECT] [Fatal Error] :1:1: Premature end of file.
2025-04-24 13:31:00,857 [ERROR] LogOutputStream:75 - [STDERR_REDIRECT] 
2025-04-24 13:31:01,858 [ERROR] LogOutputStream:75 - [STDERR_REDIRECT] [Fatal Error] :1:1: Premature end of file.
2025-04-24 13:31:01,858 [ERROR] LogOutputStream:75 - [STDERR_REDIRECT] 
2025-04-24 13:31:02,856 [ERROR] LogOutputStream:75 - [STDERR_REDIRECT] [Fatal Error] :1:1: Premature end of file.
2025-04-24 13:31:02,856 [ERROR] LogOutputStream:75 - [STDERR_REDIRECT] 
2025-04-24 13:31:03,857 [ERROR] LogOutputStream:75 - [STDERR_REDIRECT] [Fatal Error] :1:1: Premature end of file.
2025-04-24 13:31:03,857 [ERROR] LogOutputStream:75 - [STDERR_REDIRECT] 
2025-04-24 13:31:04,857 [ERROR] LogOutputStream:75 - [STDERR_REDIRECT] [Fatal Error] :1:1: Premature end of file.
2025-04-24 13:31:04,857 [ERROR] LogOutputStream:75 - [STDERR_REDIRECT] 
2025-04-24 13:31:05,857 [ERROR] LogOutputStream:75 - [STDERR_REDIRECT] [Fatal Error] :1:1: Premature end of file.
2025-04-24 13:31:05,857 [ERROR] LogOutputStream:75 - [STDERR_REDIRECT] 
2025-04-24 13:31:06,856 [ERROR] LogOutputStream:75 - [STDERR_REDIRECT] [Fatal Error] :1:1: Premature end of file.
2025-04-24 13:31:06,856 [ERROR] LogOutputStream:75 - [STDERR_REDIRECT] 
2025-04-24 13:31:07,857 [ERROR] LogOutputStream:75 - [STDERR_REDIRECT] [Fatal Error] :1:1: Premature end of file.
2025-04-24 13:31:07,858 [ERROR] LogOutputStream:75 - [STDERR_REDIRECT] 
2025-04-24 13:31:08,857 [ERROR] LogOutputStream:75 - [STDERR_REDIRECT] [Fatal Error] :1:1: Premature end of file.
2025-04-24 13:31:08,857 [ERROR] LogOutputStream:75 - [STDERR_REDIRECT] 
2025-04-24 13:31:09,856 [ERROR] LogOutputStream:75 - [STDERR_REDIRECT] [Fatal Error] :1:1: Premature end of file.
2025-04-24 13:31:09,856 [ERROR] LogOutputStream:75 - [STDERR_REDIRECT] 
2025-04-24 13:31:10,856 [ERROR] LogOutputStream:75 - [STDERR_REDIRECT] [Fatal Error] :1:1: Premature end of file.
2025-04-24 13:31:10,856 [ERROR] LogOutputStream:75 - [STDERR_REDIRECT] 
2025-04-24 13:31:11,858 [ERROR] LogOutputStream:75 - [STDERR_REDIRECT] [Fatal Error] :1:1: Premature end of file.
2025-04-24 13:31:11,858 [ERROR] LogOutputStream:75 - [STDERR_REDIRECT] 
2025-04-24 13:31:12,859 [ERROR] LogOutputStream:75 - [STDERR_REDIRECT] [Fatal Error] :1:1: Premature end of file.
2025-04-24 13:31:12,859 [ERROR] LogOutputStream:75 - [STDERR_REDIRECT] 
2025-04-24 13:31:13,860 [ERROR] LogOutputStream:75 - [STDERR_REDIRECT] [Fatal Error] :1:1: Premature end of file.
2025-04-24 13:31:13,860 [ERROR] LogOutputStream:75 - [STDERR_REDIRECT] 
2025-04-24 13:31:14,857 [ERROR] LogOutputStream:75 - [STDERR_REDIRECT] [Fatal Error] :1:1: Premature end of file.
2025-04-24 13:31:14,858 [ERROR] LogOutputStream:75 - [STDERR_REDIRECT] 
2025-04-24 13:31:15,857 [ERROR] LogOutputStream:75 - [STDERR_REDIRECT] [Fatal Error] :1:1: Premature end of file.
2025-04-24 13:31:15,858 [ERROR] LogOutputStream:75 - [STDERR_REDIRECT] 
2025-04-24 13:31:16,859 [ERROR] LogOutputStream:75 - [STDERR_REDIRECT] [Fatal Error] :1:1: Premature end of file.
2025-04-24 13:31:16,859 [ERROR] LogOutputStream:75 - [STDERR_REDIRECT] 
2025-04-24 13:31:17,856 [ERROR] LogOutputStream:75 - [STDERR_REDIRECT] [Fatal Error] :1:1: Premature end of file.
2025-04-24 13:31:17,856 [ERROR] LogOutputStream:75 - [STDERR_REDIRECT] 
2025-04-24 13:31:18,861 [ERROR] LogOutputStream:75 - [STDERR_REDIRECT] [Fatal Error] :1:1: Premature end of file.
2025-04-24 13:31:18,863 [ERROR] LogOutputStream:75 - [STDERR_REDIRECT] 
2025-04-24 13:31:19,855 [ERROR] LogOutputStream:75 - [STDERR_REDIRECT] [Fatal Error] :1:1: Premature end of file.
2025-04-24 13:31:19,855 [ERROR] LogOutputStream:75 - [STDERR_REDIRECT] 
2025-04-24 13:31:20,857 [ERROR] LogOutputStream:75 - [STDERR_REDIRECT] [Fatal Error] :1:1: Premature end of file.
2025-04-24 13:31:20,858 [ERROR] LogOutputStream:75 - [STDERR_REDIRECT] 
2025-04-24 13:31:21,856 [ERROR] LogOutputStream:75 - [STDERR_REDIRECT] [Fatal Error] :1:1: Premature end of file.
2025-04-24 13:31:21,856 [ERROR] LogOutputStream:75 - [STDERR_REDIRECT] 
2025-04-24 13:31:22,856 [ERROR] LogOutputStream:75 - [STDERR_REDIRECT] [Fatal Error] :1:1: Premature end of file.
2025-04-24 13:31:22,856 [ERROR] LogOutputStream:75 - [STDERR_REDIRECT] 
2025-04-24 13:31:23,859 [ERROR] LogOutputStream:75 - [STDERR_REDIRECT] [Fatal Error] :1:1: Premature end of file.
2025-04-24 13:31:23,859 [ERROR] LogOutputStream:75 - [STDERR_REDIRECT] 
2025-04-24 13:31:24,863 [ERROR] LogOutputStream:75 - [STDERR_REDIRECT] [Fatal Error] :1:1: Premature end of file.
2025-04-24 13:31:24,863 [ERROR] LogOutputStream:75 - [STDERR_REDIRECT] 
2025-04-24 13:31:25,858 [ERROR] LogOutputStream:75 - [STDERR_REDIRECT] [Fatal Error] :1:1: Premature end of file.
2025-04-24 13:31:25,858 [ERROR] LogOutputStream:75 - [STDERR_REDIRECT] 
2025-04-24 13:31:26,856 [ERROR] LogOutputStream:75 - [STDERR_REDIRECT] [Fatal Error] :1:1: Premature end of file.
2025-04-24 13:31:26,856 [ERROR] LogOutputStream:75 - [STDERR_REDIRECT] 
2025-04-24 13:31:27,859 [ERROR] LogOutputStream:75 - [STDERR_REDIRECT] [Fatal Error] :1:1: Premature end of file.
2025-04-24 13:31:27,859 [ERROR] LogOutputStream:75 - [STDERR_REDIRECT] 
2025-04-24 13:31:28,858 [ERROR] LogOutputStream:75 - [STDERR_REDIRECT] [Fatal Error] :1:1: Premature end of file.
2025-04-24 13:31:28,858 [ERROR] LogOutputStream:75 - [STDERR_REDIRECT] 
2025-04-24 13:31:29,127 [INFO] NvicIntPanel:101 - NVIC parent = com.st.microxplorer.plugins.ip.nvic.MultiNvicIntPanel[,0,0,450x374,layout=javax.swing.BoxLayout,alignmentX=0.0,alignmentY=0.0,border=,flags=9,maximumSize=,minimumSize=,preferredSize=]
2025-04-24 13:31:29,855 [ERROR] LogOutputStream:75 - [STDERR_REDIRECT] [Fatal Error] :1:1: Premature end of file.
2025-04-24 13:31:29,855 [ERROR] LogOutputStream:75 - [STDERR_REDIRECT] 
2025-04-24 13:31:30,856 [ERROR] LogOutputStream:75 - [STDERR_REDIRECT] [Fatal Error] :1:1: Premature end of file.
2025-04-24 13:31:30,856 [ERROR] LogOutputStream:75 - [STDERR_REDIRECT] 
2025-04-24 13:31:31,856 [ERROR] LogOutputStream:75 - [STDERR_REDIRECT] [Fatal Error] :1:1: Premature end of file.
2025-04-24 13:31:31,857 [ERROR] LogOutputStream:75 - [STDERR_REDIRECT] 
2025-04-24 13:31:32,856 [ERROR] LogOutputStream:75 - [STDERR_REDIRECT] [Fatal Error] :1:1: Premature end of file.
2025-04-24 13:31:32,856 [ERROR] LogOutputStream:75 - [STDERR_REDIRECT] 
2025-04-24 13:31:33,857 [ERROR] LogOutputStream:75 - [STDERR_REDIRECT] [Fatal Error] :1:1: Premature end of file.
2025-04-24 13:31:33,857 [ERROR] LogOutputStream:75 - [STDERR_REDIRECT] 
2025-04-24 13:31:34,857 [ERROR] LogOutputStream:75 - [STDERR_REDIRECT] [Fatal Error] :1:1: Premature end of file.
2025-04-24 13:31:34,857 [ERROR] LogOutputStream:75 - [STDERR_REDIRECT] 
2025-04-24 13:31:35,858 [ERROR] LogOutputStream:75 - [STDERR_REDIRECT] [Fatal Error] :1:1: Premature end of file.
2025-04-24 13:31:35,858 [ERROR] LogOutputStream:75 - [STDERR_REDIRECT] 
2025-04-24 13:31:36,858 [ERROR] LogOutputStream:75 - [STDERR_REDIRECT] [Fatal Error] :1:1: Premature end of file.
2025-04-24 13:31:36,858 [ERROR] LogOutputStream:75 - [STDERR_REDIRECT] 
2025-04-24 13:31:37,856 [ERROR] LogOutputStream:75 - [STDERR_REDIRECT] [Fatal Error] :1:1: Premature end of file.
2025-04-24 13:31:37,856 [ERROR] LogOutputStream:75 - [STDERR_REDIRECT] 
2025-04-24 13:31:38,856 [ERROR] LogOutputStream:75 - [STDERR_REDIRECT] [Fatal Error] :1:1: Premature end of file.
2025-04-24 13:31:38,857 [ERROR] LogOutputStream:75 - [STDERR_REDIRECT] 
2025-04-24 13:31:39,855 [ERROR] LogOutputStream:75 - [STDERR_REDIRECT] [Fatal Error] :1:1: Premature end of file.
2025-04-24 13:31:39,855 [ERROR] LogOutputStream:75 - [STDERR_REDIRECT] 
2025-04-24 13:31:40,859 [ERROR] LogOutputStream:75 - [STDERR_REDIRECT] [Fatal Error] :1:1: Premature end of file.
2025-04-24 13:31:40,859 [ERROR] LogOutputStream:75 - [STDERR_REDIRECT] 
2025-04-24 13:31:41,855 [ERROR] LogOutputStream:75 - [STDERR_REDIRECT] [Fatal Error] :1:1: Premature end of file.
2025-04-24 13:31:41,855 [ERROR] LogOutputStream:75 - [STDERR_REDIRECT] 
2025-04-24 13:31:42,858 [ERROR] LogOutputStream:75 - [STDERR_REDIRECT] [Fatal Error] :1:1: Premature end of file.
2025-04-24 13:31:42,858 [ERROR] LogOutputStream:75 - [STDERR_REDIRECT] 
2025-04-24 13:31:43,861 [ERROR] LogOutputStream:75 - [STDERR_REDIRECT] [Fatal Error] :1:1: Premature end of file.
2025-04-24 13:31:43,861 [ERROR] LogOutputStream:75 - [STDERR_REDIRECT] 
2025-04-24 13:31:44,857 [ERROR] LogOutputStream:75 - [STDERR_REDIRECT] [Fatal Error] :1:1: Premature end of file.
2025-04-24 13:31:44,857 [ERROR] LogOutputStream:75 - [STDERR_REDIRECT] 
2025-04-24 13:31:45,856 [ERROR] LogOutputStream:75 - [STDERR_REDIRECT] [Fatal Error] :1:1: Premature end of file.
2025-04-24 13:31:45,856 [ERROR] LogOutputStream:75 - [STDERR_REDIRECT] 
2025-04-24 13:31:46,856 [ERROR] LogOutputStream:75 - [STDERR_REDIRECT] [Fatal Error] :1:1: Premature end of file.
2025-04-24 13:31:46,856 [ERROR] LogOutputStream:75 - [STDERR_REDIRECT] 
2025-04-24 13:31:47,856 [ERROR] LogOutputStream:75 - [STDERR_REDIRECT] [Fatal Error] :1:1: Premature end of file.
2025-04-24 13:31:47,856 [ERROR] LogOutputStream:75 - [STDERR_REDIRECT] 
2025-04-24 13:31:48,858 [ERROR] LogOutputStream:75 - [STDERR_REDIRECT] [Fatal Error] :1:1: Premature end of file.
2025-04-24 13:31:48,858 [ERROR] LogOutputStream:75 - [STDERR_REDIRECT] 
2025-04-24 13:31:49,859 [ERROR] LogOutputStream:75 - [STDERR_REDIRECT] [Fatal Error] :1:1: Premature end of file.
2025-04-24 13:31:49,859 [ERROR] LogOutputStream:75 - [STDERR_REDIRECT] 
2025-04-24 13:31:50,858 [ERROR] LogOutputStream:75 - [STDERR_REDIRECT] [Fatal Error] :1:1: Premature end of file.
2025-04-24 13:31:50,858 [ERROR] LogOutputStream:75 - [STDERR_REDIRECT] 
2025-04-24 13:31:51,867 [ERROR] LogOutputStream:75 - [STDERR_REDIRECT] [Fatal Error] :1:1: Premature end of file.
2025-04-24 13:31:51,868 [ERROR] LogOutputStream:75 - [STDERR_REDIRECT] 
2025-04-24 13:31:52,866 [ERROR] LogOutputStream:75 - [STDERR_REDIRECT] [Fatal Error] :1:1: Premature end of file.
2025-04-24 13:31:52,866 [ERROR] LogOutputStream:75 - [STDERR_REDIRECT] 
2025-04-24 13:31:53,859 [ERROR] LogOutputStream:75 - [STDERR_REDIRECT] [Fatal Error] :1:1: Premature end of file.
2025-04-24 13:31:53,860 [ERROR] LogOutputStream:75 - [STDERR_REDIRECT] 
2025-04-24 13:31:54,863 [ERROR] LogOutputStream:75 - [STDERR_REDIRECT] [Fatal Error] :1:1: Premature end of file.
2025-04-24 13:31:54,864 [ERROR] LogOutputStream:75 - [STDERR_REDIRECT] 
2025-04-24 13:31:55,860 [ERROR] LogOutputStream:75 - [STDERR_REDIRECT] [Fatal Error] :1:1: Premature end of file.
2025-04-24 13:31:55,860 [ERROR] LogOutputStream:75 - [STDERR_REDIRECT] 
2025-04-24 13:31:57,001 [ERROR] LogOutputStream:75 - [STDERR_REDIRECT] [Fatal Error] :1:1: Premature end of file.
2025-04-24 13:31:57,001 [ERROR] LogOutputStream:75 - [STDERR_REDIRECT] 
2025-04-24 13:31:57,885 [ERROR] LogOutputStream:75 - [STDERR_REDIRECT] [Fatal Error] :1:1: Premature end of file.
2025-04-24 13:31:57,887 [ERROR] LogOutputStream:75 - [STDERR_REDIRECT] 
2025-04-24 13:31:58,881 [ERROR] LogOutputStream:75 - [STDERR_REDIRECT] [Fatal Error] :1:1: Premature end of file.
2025-04-24 13:31:58,882 [ERROR] LogOutputStream:75 - [STDERR_REDIRECT] 
2025-04-24 13:31:59,937 [ERROR] LogOutputStream:75 - [STDERR_REDIRECT] [Fatal Error] :1:1: Premature end of file.
2025-04-24 13:31:59,937 [ERROR] LogOutputStream:75 - [STDERR_REDIRECT] 
2025-04-24 13:32:00,858 [ERROR] LogOutputStream:75 - [STDERR_REDIRECT] [Fatal Error] :1:1: Premature end of file.
2025-04-24 13:32:00,859 [ERROR] LogOutputStream:75 - [STDERR_REDIRECT] 
2025-04-24 13:32:01,885 [ERROR] LogOutputStream:75 - [STDERR_REDIRECT] [Fatal Error] :1:1: Premature end of file.
2025-04-24 13:32:01,887 [ERROR] LogOutputStream:75 - [STDERR_REDIRECT] 
2025-04-24 13:32:02,864 [ERROR] LogOutputStream:75 - [STDERR_REDIRECT] [Fatal Error] :1:1: Premature end of file.
2025-04-24 13:32:02,864 [ERROR] LogOutputStream:75 - [STDERR_REDIRECT] 
2025-04-24 13:32:03,861 [ERROR] LogOutputStream:75 - [STDERR_REDIRECT] [Fatal Error] :1:1: Premature end of file.
2025-04-24 13:32:03,861 [ERROR] LogOutputStream:75 - [STDERR_REDIRECT] 
2025-04-24 13:32:04,873 [ERROR] LogOutputStream:75 - [STDERR_REDIRECT] [Fatal Error] :1:1: Premature end of file.
2025-04-24 13:32:04,873 [ERROR] LogOutputStream:75 - [STDERR_REDIRECT] 
2025-04-24 13:32:05,861 [ERROR] LogOutputStream:75 - [STDERR_REDIRECT] [Fatal Error] :1:1: Premature end of file.
2025-04-24 13:32:05,861 [ERROR] LogOutputStream:75 - [STDERR_REDIRECT] 
2025-04-24 13:32:06,864 [ERROR] LogOutputStream:75 - [STDERR_REDIRECT] [Fatal Error] :1:1: Premature end of file.
2025-04-24 13:32:06,864 [ERROR] LogOutputStream:75 - [STDERR_REDIRECT] 
2025-04-24 13:32:07,858 [ERROR] LogOutputStream:75 - [STDERR_REDIRECT] [Fatal Error] :1:1: Premature end of file.
2025-04-24 13:32:07,858 [ERROR] LogOutputStream:75 - [STDERR_REDIRECT] 
2025-04-24 13:32:08,870 [ERROR] LogOutputStream:75 - [STDERR_REDIRECT] [Fatal Error] :1:1: Premature end of file.
2025-04-24 13:32:08,870 [ERROR] LogOutputStream:75 - [STDERR_REDIRECT] 
2025-04-24 13:32:09,860 [ERROR] LogOutputStream:75 - [STDERR_REDIRECT] [Fatal Error] :1:1: Premature end of file.
2025-04-24 13:32:09,860 [ERROR] LogOutputStream:75 - [STDERR_REDIRECT] 
2025-04-24 13:32:10,869 [ERROR] LogOutputStream:75 - [STDERR_REDIRECT] [Fatal Error] :1:1: Premature end of file.
2025-04-24 13:32:10,869 [ERROR] LogOutputStream:75 - [STDERR_REDIRECT] 
2025-04-24 13:32:11,865 [ERROR] LogOutputStream:75 - [STDERR_REDIRECT] [Fatal Error] :1:1: Premature end of file.
2025-04-24 13:32:11,865 [ERROR] LogOutputStream:75 - [STDERR_REDIRECT] 
2025-04-24 13:32:12,866 [ERROR] LogOutputStream:75 - [STDERR_REDIRECT] [Fatal Error] :1:1: Premature end of file.
2025-04-24 13:32:12,866 [ERROR] LogOutputStream:75 - [STDERR_REDIRECT] 
2025-04-24 13:32:13,867 [ERROR] LogOutputStream:75 - [STDERR_REDIRECT] [Fatal Error] :1:1: Premature end of file.
2025-04-24 13:32:13,867 [ERROR] LogOutputStream:75 - [STDERR_REDIRECT] 
2025-04-24 13:32:14,871 [ERROR] LogOutputStream:75 - [STDERR_REDIRECT] [Fatal Error] :1:1: Premature end of file.
2025-04-24 13:32:14,871 [ERROR] LogOutputStream:75 - [STDERR_REDIRECT] 
2025-04-24 13:32:15,871 [ERROR] LogOutputStream:75 - [STDERR_REDIRECT] [Fatal Error] :1:1: Premature end of file.
2025-04-24 13:32:15,871 [ERROR] LogOutputStream:75 - [STDERR_REDIRECT] 
2025-04-24 13:32:16,869 [ERROR] LogOutputStream:75 - [STDERR_REDIRECT] [Fatal Error] :1:1: Premature end of file.
2025-04-24 13:32:16,869 [ERROR] LogOutputStream:75 - [STDERR_REDIRECT] 
2025-04-24 13:32:17,865 [ERROR] LogOutputStream:75 - [STDERR_REDIRECT] [Fatal Error] :1:1: Premature end of file.
2025-04-24 13:32:17,865 [ERROR] LogOutputStream:75 - [STDERR_REDIRECT] 
2025-04-24 13:32:18,868 [ERROR] LogOutputStream:75 - [STDERR_REDIRECT] [Fatal Error] :1:1: Premature end of file.
2025-04-24 13:32:18,868 [ERROR] LogOutputStream:75 - [STDERR_REDIRECT] 
2025-04-24 13:32:19,864 [ERROR] LogOutputStream:75 - [STDERR_REDIRECT] [Fatal Error] :1:1: Premature end of file.
2025-04-24 13:32:19,864 [ERROR] LogOutputStream:75 - [STDERR_REDIRECT] 
2025-04-24 13:32:20,862 [ERROR] LogOutputStream:75 - [STDERR_REDIRECT] [Fatal Error] :1:1: Premature end of file.
2025-04-24 13:32:20,862 [ERROR] LogOutputStream:75 - [STDERR_REDIRECT] 
2025-04-24 13:32:21,862 [ERROR] LogOutputStream:75 - [STDERR_REDIRECT] [Fatal Error] :1:1: Premature end of file.
2025-04-24 13:32:21,862 [ERROR] LogOutputStream:75 - [STDERR_REDIRECT] 
2025-04-24 13:32:22,862 [ERROR] LogOutputStream:75 - [STDERR_REDIRECT] [Fatal Error] :1:1: Premature end of file.
2025-04-24 13:32:22,862 [ERROR] LogOutputStream:75 - [STDERR_REDIRECT] 
2025-04-24 13:32:23,873 [ERROR] LogOutputStream:75 - [STDERR_REDIRECT] [Fatal Error] :1:1: Premature end of file.
2025-04-24 13:32:23,873 [ERROR] LogOutputStream:75 - [STDERR_REDIRECT] 
2025-04-24 13:32:24,864 [ERROR] LogOutputStream:75 - [STDERR_REDIRECT] [Fatal Error] :1:1: Premature end of file.
2025-04-24 13:32:24,864 [ERROR] LogOutputStream:75 - [STDERR_REDIRECT] 
2025-04-24 13:32:25,861 [ERROR] LogOutputStream:75 - [STDERR_REDIRECT] [Fatal Error] :1:1: Premature end of file.
2025-04-24 13:32:25,861 [ERROR] LogOutputStream:75 - [STDERR_REDIRECT] 
2025-04-24 13:32:26,864 [ERROR] LogOutputStream:75 - [STDERR_REDIRECT] [Fatal Error] :1:1: Premature end of file.
2025-04-24 13:32:26,864 [ERROR] LogOutputStream:75 - [STDERR_REDIRECT] 
2025-04-24 13:32:27,865 [ERROR] LogOutputStream:75 - [STDERR_REDIRECT] [Fatal Error] :1:1: Premature end of file.
2025-04-24 13:32:27,865 [ERROR] LogOutputStream:75 - [STDERR_REDIRECT] 
2025-04-24 13:32:28,861 [ERROR] LogOutputStream:75 - [STDERR_REDIRECT] [Fatal Error] :1:1: Premature end of file.
2025-04-24 13:32:28,861 [ERROR] LogOutputStream:75 - [STDERR_REDIRECT] 
2025-04-24 13:32:29,861 [ERROR] LogOutputStream:75 - [STDERR_REDIRECT] [Fatal Error] :1:1: Premature end of file.
2025-04-24 13:32:29,861 [ERROR] LogOutputStream:75 - [STDERR_REDIRECT] 
2025-04-24 13:32:30,865 [ERROR] LogOutputStream:75 - [STDERR_REDIRECT] [Fatal Error] :1:1: Premature end of file.
2025-04-24 13:32:30,865 [ERROR] LogOutputStream:75 - [STDERR_REDIRECT] 
2025-04-24 13:32:31,861 [ERROR] LogOutputStream:75 - [STDERR_REDIRECT] [Fatal Error] :1:1: Premature end of file.
2025-04-24 13:32:31,861 [ERROR] LogOutputStream:75 - [STDERR_REDIRECT] 
2025-04-24 13:32:32,815 [INFO] UtilMem:75 - End SaveConfig() Used Memory: 959413608 Bytes (1073741824)
2025-04-24 13:32:32,881 [ERROR] LogOutputStream:75 - [STDERR_REDIRECT] [Fatal Error] :1:1: Premature end of file.
2025-04-24 13:32:32,882 [ERROR] LogOutputStream:75 - [STDERR_REDIRECT] 
2025-04-24 13:32:33,882 [ERROR] LogOutputStream:75 - [STDERR_REDIRECT] [Fatal Error] :1:1: Premature end of file.
2025-04-24 13:32:33,884 [ERROR] LogOutputStream:75 - [STDERR_REDIRECT] 
2025-04-24 13:32:34,085 [INFO] UtilMem:75 - End SaveConfig() Used Memory: 1031238704 Bytes (1073741824)
2025-04-24 13:32:34,527 [INFO] BlockDiagram:2766 - set Specific Code input for plugin: NVIC
2025-04-24 13:32:34,527 [INFO] BlockDiagram:2766 - set Specific Code input for plugin: USART
2025-04-24 13:32:34,527 [INFO] BlockDiagram:2766 - set Specific Code input for plugin: SYS
2025-04-24 13:32:34,531 [INFO] BlockDiagram:2766 - set Specific Code input for plugin: GPIO
2025-04-24 13:32:34,531 [INFO] BlockDiagram:2766 - set Specific Code input for plugin: RCC
2025-04-24 13:32:34,531 [INFO] CodeGenerator:896 - code generatio: config db path: C:\ST\STM32CubeIDE_1.17.0\STM32CubeIDE\plugins\com.st.stm32cube.common.mx_6.13.0.202411220809\\db\
2025-04-24 13:32:34,648 [INFO] CodeEngine:255 - oldGeneratedFile, C:\Users\o1yus\OneDrive\Desktop\Workspace\USART\MXTmpFiles\license.tmp_save
2025-04-24 13:32:34,869 [INFO] CodeEngine:279 - Generated code: C:\Users\o1yus\OneDrive\Desktop\Workspace\USART\MXTmpFiles\license.tmp
2025-04-24 13:32:34,872 [ERROR] LogOutputStream:75 - [STDERR_REDIRECT] [Fatal Error] :1:1: Premature end of file.
2025-04-24 13:32:34,873 [ERROR] LogOutputStream:75 - [STDERR_REDIRECT] 
2025-04-24 13:32:34,970 [INFO] CodeEngine:255 - oldGeneratedFile, C:\Users\o1yus\OneDrive\Desktop\Workspace\USART\MXTmpFiles\gpio.tmp_save
2025-04-24 13:32:35,101 [INFO] CodeEngine:279 - Generated code: C:\Users\o1yus\OneDrive\Desktop\Workspace\USART\MXTmpFiles\gpio.tmp
2025-04-24 13:32:35,365 [INFO] CodeEngine:255 - oldGeneratedFile, C:\Users\o1yus\OneDrive\Desktop\Workspace\USART\Core\Src\stm32g0xx_it.c_save
2025-04-24 13:32:35,725 [INFO] CodeEngine:279 - Generated code: C:\Users\o1yus\OneDrive\Desktop\Workspace\USART\Core\Src\stm32g0xx_it.c
2025-04-24 13:32:35,736 [INFO] CodeEngine:255 - oldGeneratedFile, C:\Users\o1yus\OneDrive\Desktop\Workspace\USART\Core\Inc\stm32g0xx_it.h_save
2025-04-24 13:32:35,854 [INFO] CodeEngine:279 - Generated code: C:\Users\o1yus\OneDrive\Desktop\Workspace\USART\Core\Inc\stm32g0xx_it.h
2025-04-24 13:32:35,893 [ERROR] LogOutputStream:75 - [STDERR_REDIRECT] [Fatal Error] :1:1: Premature end of file.
2025-04-24 13:32:35,894 [ERROR] LogOutputStream:75 - [STDERR_REDIRECT] 
2025-04-24 13:32:35,896 [INFO] CodeEngine:255 - oldGeneratedFile, C:\Users\o1yus\OneDrive\Desktop\Workspace\USART\Core\Src\stm32g0xx_hal_msp.c_save
2025-04-24 13:32:36,139 [INFO] CodeEngine:279 - Generated code: C:\Users\o1yus\OneDrive\Desktop\Workspace\USART\Core\Src\stm32g0xx_hal_msp.c
2025-04-24 13:32:36,148 [INFO] CodeEngine:255 - oldGeneratedFile, C:\Users\o1yus\OneDrive\Desktop\Workspace\USART\MXTmpFiles\system.tmp_save
2025-04-24 13:32:36,199 [INFO] CodeEngine:279 - Generated code: C:\Users\o1yus\OneDrive\Desktop\Workspace\USART\MXTmpFiles\system.tmp
2025-04-24 13:32:36,226 [INFO] CodeEngine:311 - oldGeneratedFile, C:\Users\o1yus\OneDrive\Desktop\Workspace\USART\Core\Inc\stm32g0xx_hal_conf.h_save
2025-04-24 13:32:36,319 [INFO] CodeEngine:335 - Generated code: C:\Users\o1yus\OneDrive\Desktop\Workspace\USART\Core\Inc\stm32g0xx_hal_conf.h
2025-04-24 13:32:36,398 [INFO] ApiDbMcu:508 - Load IP Config File for USART1
2025-04-24 13:32:36,429 [INFO] CodeEngine:255 - oldGeneratedFile, C:\Users\o1yus\OneDrive\Desktop\Workspace\USART\Core\Inc\main.h_save
2025-04-24 13:32:36,533 [INFO] CodeEngine:279 - Generated code: C:\Users\o1yus\OneDrive\Desktop\Workspace\USART\Core\Inc\main.h
2025-04-24 13:32:36,548 [INFO] CodeEngine:255 - oldGeneratedFile, C:\Users\o1yus\OneDrive\Desktop\Workspace\USART\Core\Src\main.c_save
2025-04-24 13:32:36,654 [INFO] CodeEngine:279 - Generated code: C:\Users\o1yus\OneDrive\Desktop\Workspace\USART\Core\Src\main.c
2025-04-24 13:32:36,875 [ERROR] LogOutputStream:75 - [STDERR_REDIRECT] [Fatal Error] :1:1: Premature end of file.
2025-04-24 13:32:36,876 [ERROR] LogOutputStream:75 - [STDERR_REDIRECT] 
2025-04-24 13:32:36,968 [INFO] ProjectBuilder:3289 - Time for Copy HAL[1] : 184mS.
2025-04-24 13:32:36,972 [INFO] ProjectBuilder:4876 - Project Generator version: 4.5.0-RC5
2025-04-24 13:32:37,030 [INFO] ConfigFileManager:1579 - The Die is : DIE460
2025-04-24 13:32:37,911 [ERROR] LogOutputStream:75 - [STDERR_REDIRECT] [Fatal Error] :1:1: Premature end of file.
2025-04-24 13:32:37,911 [ERROR] LogOutputStream:75 - [STDERR_REDIRECT] 
2025-04-24 13:32:38,649 [INFO] ProjectBuilder:5154 - Time for Generating toolchain IDE Files: 1677mS.
2025-04-24 13:32:38,649 [INFO] ProjectBuilder:3146 - Time for Copy CMSIS : 0mS.
2025-04-24 13:32:38,651 [INFO] ProjectBuilder:3146 - Time for Copy CMSIS : 0mS.
2025-04-24 13:32:38,872 [ERROR] LogOutputStream:75 - [STDERR_REDIRECT] [Fatal Error] :1:1: Premature end of file.
2025-04-24 13:32:38,872 [ERROR] LogOutputStream:75 - [STDERR_REDIRECT] 
2025-04-24 13:32:39,873 [ERROR] LogOutputStream:75 - [STDERR_REDIRECT] [Fatal Error] :1:1: Premature end of file.
2025-04-24 13:32:39,874 [ERROR] LogOutputStream:75 - [STDERR_REDIRECT] 
2025-04-24 13:32:40,860 [ERROR] LogOutputStream:75 - [STDERR_REDIRECT] [Fatal Error] :1:1: Premature end of file.
2025-04-24 13:32:40,861 [ERROR] LogOutputStream:75 - [STDERR_REDIRECT] 
2025-04-24 13:32:41,883 [ERROR] LogOutputStream:75 - [STDERR_REDIRECT] [Fatal Error] :1:1: Premature end of file.
2025-04-24 13:32:41,884 [ERROR] LogOutputStream:75 - [STDERR_REDIRECT] 
2025-04-24 13:32:42,863 [ERROR] LogOutputStream:75 - [STDERR_REDIRECT] [Fatal Error] :1:1: Premature end of file.
2025-04-24 13:32:42,864 [ERROR] LogOutputStream:75 - [STDERR_REDIRECT] 
2025-04-24 13:32:43,869 [ERROR] LogOutputStream:75 - [STDERR_REDIRECT] [Fatal Error] :1:1: Premature end of file.
2025-04-24 13:32:43,871 [ERROR] LogOutputStream:75 - [STDERR_REDIRECT] 
2025-04-24 13:32:44,863 [ERROR] LogOutputStream:75 - [STDERR_REDIRECT] [Fatal Error] :1:1: Premature end of file.
2025-04-24 13:32:44,863 [ERROR] LogOutputStream:75 - [STDERR_REDIRECT] 
2025-04-24 13:32:45,861 [ERROR] LogOutputStream:75 - [STDERR_REDIRECT] [Fatal Error] :1:1: Premature end of file.
2025-04-24 13:32:45,861 [ERROR] LogOutputStream:75 - [STDERR_REDIRECT] 
2025-04-24 13:32:46,861 [ERROR] LogOutputStream:75 - [STDERR_REDIRECT] [Fatal Error] :1:1: Premature end of file.
2025-04-24 13:32:46,861 [ERROR] LogOutputStream:75 - [STDERR_REDIRECT] 
2025-04-24 13:32:47,859 [ERROR] LogOutputStream:75 - [STDERR_REDIRECT] [Fatal Error] :1:1: Premature end of file.
2025-04-24 13:32:47,859 [ERROR] LogOutputStream:75 - [STDERR_REDIRECT] 
2025-04-24 13:32:48,861 [ERROR] LogOutputStream:75 - [STDERR_REDIRECT] [Fatal Error] :1:1: Premature end of file.
2025-04-24 13:32:48,861 [ERROR] LogOutputStream:75 - [STDERR_REDIRECT] 
2025-04-24 13:32:49,860 [ERROR] LogOutputStream:75 - [STDERR_REDIRECT] [Fatal Error] :1:1: Premature end of file.
2025-04-24 13:32:49,860 [ERROR] LogOutputStream:75 - [STDERR_REDIRECT] 
2025-04-24 13:32:50,863 [ERROR] LogOutputStream:75 - [STDERR_REDIRECT] [Fatal Error] :1:1: Premature end of file.
2025-04-24 13:32:50,863 [ERROR] LogOutputStream:75 - [STDERR_REDIRECT] 
2025-04-24 13:32:51,871 [ERROR] LogOutputStream:75 - [STDERR_REDIRECT] [Fatal Error] :1:1: Premature end of file.
2025-04-24 13:32:51,871 [ERROR] LogOutputStream:75 - [STDERR_REDIRECT] 
2025-04-24 13:32:52,864 [ERROR] LogOutputStream:75 - [STDERR_REDIRECT] [Fatal Error] :1:1: Premature end of file.
2025-04-24 13:32:52,864 [ERROR] LogOutputStream:75 - [STDERR_REDIRECT] 
2025-04-24 13:32:53,857 [ERROR] LogOutputStream:75 - [STDERR_REDIRECT] [Fatal Error] :1:1: Premature end of file.
2025-04-24 13:32:53,857 [ERROR] LogOutputStream:75 - [STDERR_REDIRECT] 
2025-04-24 13:32:54,856 [ERROR] LogOutputStream:75 - [STDERR_REDIRECT] [Fatal Error] :1:1: Premature end of file.
2025-04-24 13:32:54,856 [ERROR] LogOutputStream:75 - [STDERR_REDIRECT] 
2025-04-24 13:32:55,861 [ERROR] LogOutputStream:75 - [STDERR_REDIRECT] [Fatal Error] :1:1: Premature end of file.
2025-04-24 13:32:55,861 [ERROR] LogOutputStream:75 - [STDERR_REDIRECT] 
2025-04-24 13:32:56,859 [ERROR] LogOutputStream:75 - [STDERR_REDIRECT] [Fatal Error] :1:1: Premature end of file.
2025-04-24 13:32:56,859 [ERROR] LogOutputStream:75 - [STDERR_REDIRECT] 
2025-04-24 13:32:57,881 [ERROR] LogOutputStream:75 - [STDERR_REDIRECT] [Fatal Error] :1:1: Premature end of file.
2025-04-24 13:32:57,881 [ERROR] LogOutputStream:75 - [STDERR_REDIRECT] 
2025-04-24 13:32:58,861 [ERROR] LogOutputStream:75 - [STDERR_REDIRECT] [Fatal Error] :1:1: Premature end of file.
2025-04-24 13:32:58,861 [ERROR] LogOutputStream:75 - [STDERR_REDIRECT] 
2025-04-24 13:32:59,891 [ERROR] LogOutputStream:75 - [STDERR_REDIRECT] [Fatal Error] :1:1: Premature end of file.
2025-04-24 13:32:59,891 [ERROR] LogOutputStream:75 - [STDERR_REDIRECT] 
2025-04-24 13:33:00,857 [ERROR] LogOutputStream:75 - [STDERR_REDIRECT] [Fatal Error] :1:1: Premature end of file.
2025-04-24 13:33:00,857 [ERROR] LogOutputStream:75 - [STDERR_REDIRECT] 
2025-04-24 13:33:01,858 [ERROR] LogOutputStream:75 - [STDERR_REDIRECT] [Fatal Error] :1:1: Premature end of file.
2025-04-24 13:33:01,858 [ERROR] LogOutputStream:75 - [STDERR_REDIRECT] 
2025-04-24 13:33:02,862 [ERROR] LogOutputStream:75 - [STDERR_REDIRECT] [Fatal Error] :1:1: Premature end of file.
2025-04-24 13:33:02,862 [ERROR] LogOutputStream:75 - [STDERR_REDIRECT] 
2025-04-24 13:33:03,854 [ERROR] LogOutputStream:75 - [STDERR_REDIRECT] [Fatal Error] :1:1: Premature end of file.
2025-04-24 13:33:03,854 [ERROR] LogOutputStream:75 - [STDERR_REDIRECT] 
2025-04-24 13:33:04,857 [ERROR] LogOutputStream:75 - [STDERR_REDIRECT] [Fatal Error] :1:1: Premature end of file.
2025-04-24 13:33:04,858 [ERROR] LogOutputStream:75 - [STDERR_REDIRECT] 
2025-04-24 13:33:05,857 [ERROR] LogOutputStream:75 - [STDERR_REDIRECT] [Fatal Error] :1:1: Premature end of file.
2025-04-24 13:33:05,858 [ERROR] LogOutputStream:75 - [STDERR_REDIRECT] 
2025-04-24 13:33:06,858 [ERROR] LogOutputStream:75 - [STDERR_REDIRECT] [Fatal Error] :1:1: Premature end of file.
2025-04-24 13:33:06,858 [ERROR] LogOutputStream:75 - [STDERR_REDIRECT] 
2025-04-24 13:33:07,857 [ERROR] LogOutputStream:75 - [STDERR_REDIRECT] [Fatal Error] :1:1: Premature end of file.
2025-04-24 13:33:07,857 [ERROR] LogOutputStream:75 - [STDERR_REDIRECT] 
2025-04-24 13:33:08,856 [ERROR] LogOutputStream:75 - [STDERR_REDIRECT] [Fatal Error] :1:1: Premature end of file.
2025-04-24 13:33:08,856 [ERROR] LogOutputStream:75 - [STDERR_REDIRECT] 
2025-04-24 13:33:09,856 [ERROR] LogOutputStream:75 - [STDERR_REDIRECT] [Fatal Error] :1:1: Premature end of file.
2025-04-24 13:33:09,856 [ERROR] LogOutputStream:75 - [STDERR_REDIRECT] 
2025-04-24 13:33:10,859 [ERROR] LogOutputStream:75 - [STDERR_REDIRECT] [Fatal Error] :1:1: Premature end of file.
2025-04-24 13:33:10,859 [ERROR] LogOutputStream:75 - [STDERR_REDIRECT] 
2025-04-24 13:33:11,858 [ERROR] LogOutputStream:75 - [STDERR_REDIRECT] [Fatal Error] :1:1: Premature end of file.
2025-04-24 13:33:11,858 [ERROR] LogOutputStream:75 - [STDERR_REDIRECT] 
2025-04-24 13:33:12,858 [ERROR] LogOutputStream:75 - [STDERR_REDIRECT] [Fatal Error] :1:1: Premature end of file.
2025-04-24 13:33:12,858 [ERROR] LogOutputStream:75 - [STDERR_REDIRECT] 
2025-04-24 13:33:13,859 [ERROR] LogOutputStream:75 - [STDERR_REDIRECT] [Fatal Error] :1:1: Premature end of file.
2025-04-24 13:33:13,859 [ERROR] LogOutputStream:75 - [STDERR_REDIRECT] 
2025-04-24 13:33:14,859 [ERROR] LogOutputStream:75 - [STDERR_REDIRECT] [Fatal Error] :1:1: Premature end of file.
2025-04-24 13:33:14,859 [ERROR] LogOutputStream:75 - [STDERR_REDIRECT] 
2025-04-24 13:33:15,861 [ERROR] LogOutputStream:75 - [STDERR_REDIRECT] [Fatal Error] :1:1: Premature end of file.
2025-04-24 13:33:15,861 [ERROR] LogOutputStream:75 - [STDERR_REDIRECT] 
2025-04-24 13:33:16,861 [ERROR] LogOutputStream:75 - [STDERR_REDIRECT] [Fatal Error] :1:1: Premature end of file.
2025-04-24 13:33:16,861 [ERROR] LogOutputStream:75 - [STDERR_REDIRECT] 
2025-04-24 13:33:17,872 [ERROR] LogOutputStream:75 - [STDERR_REDIRECT] [Fatal Error] :1:1: Premature end of file.
2025-04-24 13:33:17,872 [ERROR] LogOutputStream:75 - [STDERR_REDIRECT] 
2025-04-24 13:33:18,881 [ERROR] LogOutputStream:75 - [STDERR_REDIRECT] [Fatal Error] :1:1: Premature end of file.
2025-04-24 13:33:18,881 [ERROR] LogOutputStream:75 - [STDERR_REDIRECT] 
2025-04-24 13:33:19,888 [ERROR] LogOutputStream:75 - [STDERR_REDIRECT] [Fatal Error] :1:1: Premature end of file.
2025-04-24 13:33:19,888 [ERROR] LogOutputStream:75 - [STDERR_REDIRECT] 
2025-04-24 13:33:20,873 [ERROR] LogOutputStream:75 - [STDERR_REDIRECT] [Fatal Error] :1:1: Premature end of file.
2025-04-24 13:33:20,873 [ERROR] LogOutputStream:75 - [STDERR_REDIRECT] 
2025-04-24 13:33:21,868 [ERROR] LogOutputStream:75 - [STDERR_REDIRECT] [Fatal Error] :1:1: Premature end of file.
2025-04-24 13:33:21,871 [ERROR] LogOutputStream:75 - [STDERR_REDIRECT] 
2025-04-24 13:33:22,868 [ERROR] LogOutputStream:75 - [STDERR_REDIRECT] [Fatal Error] :1:1: Premature end of file.
2025-04-24 13:33:22,868 [ERROR] LogOutputStream:75 - [STDERR_REDIRECT] 
2025-04-24 13:33:23,865 [ERROR] LogOutputStream:75 - [STDERR_REDIRECT] [Fatal Error] :1:1: Premature end of file.
2025-04-24 13:33:23,865 [ERROR] LogOutputStream:75 - [STDERR_REDIRECT] 
2025-04-24 13:33:24,944 [ERROR] LogOutputStream:75 - [STDERR_REDIRECT] [Fatal Error] :1:1: Premature end of file.
2025-04-24 13:33:24,944 [ERROR] LogOutputStream:75 - [STDERR_REDIRECT] 
2025-04-24 13:33:25,930 [ERROR] LogOutputStream:75 - [STDERR_REDIRECT] [Fatal Error] :1:1: Premature end of file.
2025-04-24 13:33:25,931 [ERROR] LogOutputStream:75 - [STDERR_REDIRECT] 
2025-04-24 13:33:26,861 [ERROR] LogOutputStream:75 - [STDERR_REDIRECT] [Fatal Error] :1:1: Premature end of file.
2025-04-24 13:33:26,861 [ERROR] LogOutputStream:75 - [STDERR_REDIRECT] 
2025-04-24 13:33:27,861 [ERROR] LogOutputStream:75 - [STDERR_REDIRECT] [Fatal Error] :1:1: Premature end of file.
2025-04-24 13:33:27,861 [ERROR] LogOutputStream:75 - [STDERR_REDIRECT] 
2025-04-24 13:33:28,861 [ERROR] LogOutputStream:75 - [STDERR_REDIRECT] [Fatal Error] :1:1: Premature end of file.
2025-04-24 13:33:28,861 [ERROR] LogOutputStream:75 - [STDERR_REDIRECT] 
2025-04-24 13:33:29,859 [ERROR] LogOutputStream:75 - [STDERR_REDIRECT] [Fatal Error] :1:1: Premature end of file.
2025-04-24 13:33:29,859 [ERROR] LogOutputStream:75 - [STDERR_REDIRECT] 
2025-04-24 13:33:30,891 [ERROR] LogOutputStream:75 - [STDERR_REDIRECT] [Fatal Error] :1:1: Premature end of file.
2025-04-24 13:33:30,891 [ERROR] LogOutputStream:75 - [STDERR_REDIRECT] 
2025-04-24 13:33:31,858 [ERROR] LogOutputStream:75 - [STDERR_REDIRECT] [Fatal Error] :1:1: Premature end of file.
2025-04-24 13:33:31,861 [ERROR] LogOutputStream:75 - [STDERR_REDIRECT] 
2025-04-24 13:33:32,858 [ERROR] LogOutputStream:75 - [STDERR_REDIRECT] [Fatal Error] :1:1: Premature end of file.
2025-04-24 13:33:32,858 [ERROR] LogOutputStream:75 - [STDERR_REDIRECT] 
2025-04-24 13:33:33,861 [ERROR] LogOutputStream:75 - [STDERR_REDIRECT] [Fatal Error] :1:1: Premature end of file.
2025-04-24 13:33:33,861 [ERROR] LogOutputStream:75 - [STDERR_REDIRECT] 
2025-04-24 13:33:34,855 [ERROR] LogOutputStream:75 - [STDERR_REDIRECT] [Fatal Error] :1:1: Premature end of file.
2025-04-24 13:33:34,855 [ERROR] LogOutputStream:75 - [STDERR_REDIRECT] 
2025-04-24 13:33:35,865 [ERROR] LogOutputStream:75 - [STDERR_REDIRECT] [Fatal Error] :1:1: Premature end of file.
2025-04-24 13:33:35,865 [ERROR] LogOutputStream:75 - [STDERR_REDIRECT] 
2025-04-24 13:33:36,871 [ERROR] LogOutputStream:75 - [STDERR_REDIRECT] [Fatal Error] :1:1: Premature end of file.
2025-04-24 13:33:36,871 [ERROR] LogOutputStream:75 - [STDERR_REDIRECT] 
2025-04-24 13:33:37,860 [ERROR] LogOutputStream:75 - [STDERR_REDIRECT] [Fatal Error] :1:1: Premature end of file.
2025-04-24 13:33:37,860 [ERROR] LogOutputStream:75 - [STDERR_REDIRECT] 
2025-04-24 13:33:38,860 [ERROR] LogOutputStream:75 - [STDERR_REDIRECT] [Fatal Error] :1:1: Premature end of file.
2025-04-24 13:33:38,860 [ERROR] LogOutputStream:75 - [STDERR_REDIRECT] 
2025-04-24 13:33:39,856 [ERROR] LogOutputStream:75 - [STDERR_REDIRECT] [Fatal Error] :1:1: Premature end of file.
2025-04-24 13:33:39,856 [ERROR] LogOutputStream:75 - [STDERR_REDIRECT] 
2025-04-24 13:33:40,864 [ERROR] LogOutputStream:75 - [STDERR_REDIRECT] [Fatal Error] :1:1: Premature end of file.
2025-04-24 13:33:40,864 [ERROR] LogOutputStream:75 - [STDERR_REDIRECT] 
2025-04-24 13:33:41,891 [ERROR] LogOutputStream:75 - [STDERR_REDIRECT] [Fatal Error] :1:1: Premature end of file.
2025-04-24 13:33:41,891 [ERROR] LogOutputStream:75 - [STDERR_REDIRECT] 
2025-04-24 13:33:42,850 [ERROR] LogOutputStream:75 - [STDERR_REDIRECT] [Fatal Error] :1:1: Premature end of file.
2025-04-24 13:33:42,850 [ERROR] LogOutputStream:75 - [STDERR_REDIRECT] 
2025-04-24 13:33:43,861 [ERROR] LogOutputStream:75 - [STDERR_REDIRECT] [Fatal Error] :1:1: Premature end of file.
2025-04-24 13:33:43,861 [ERROR] LogOutputStream:75 - [STDERR_REDIRECT] 
2025-04-24 13:33:44,861 [ERROR] LogOutputStream:75 - [STDERR_REDIRECT] [Fatal Error] :1:1: Premature end of file.
2025-04-24 13:33:44,864 [ERROR] LogOutputStream:75 - [STDERR_REDIRECT] 
2025-04-24 13:33:45,857 [ERROR] LogOutputStream:75 - [STDERR_REDIRECT] [Fatal Error] :1:1: Premature end of file.
2025-04-24 13:33:45,857 [ERROR] LogOutputStream:75 - [STDERR_REDIRECT] 
2025-04-24 13:33:46,861 [ERROR] LogOutputStream:75 - [STDERR_REDIRECT] [Fatal Error] :1:1: Premature end of file.
2025-04-24 13:33:46,861 [ERROR] LogOutputStream:75 - [STDERR_REDIRECT] 
2025-04-24 13:33:47,863 [ERROR] LogOutputStream:75 - [STDERR_REDIRECT] [Fatal Error] :1:1: Premature end of file.
2025-04-24 13:33:47,864 [ERROR] LogOutputStream:75 - [STDERR_REDIRECT] 
2025-04-24 13:33:48,865 [ERROR] LogOutputStream:75 - [STDERR_REDIRECT] [Fatal Error] :1:1: Premature end of file.
2025-04-24 13:33:48,865 [ERROR] LogOutputStream:75 - [STDERR_REDIRECT] 
2025-04-24 13:33:49,872 [ERROR] LogOutputStream:75 - [STDERR_REDIRECT] [Fatal Error] :1:1: Premature end of file.
2025-04-24 13:33:49,873 [ERROR] LogOutputStream:75 - [STDERR_REDIRECT] 
2025-04-24 13:33:50,864 [ERROR] LogOutputStream:75 - [STDERR_REDIRECT] [Fatal Error] :1:1: Premature end of file.
2025-04-24 13:33:50,864 [ERROR] LogOutputStream:75 - [STDERR_REDIRECT] 
2025-04-24 13:33:51,873 [ERROR] LogOutputStream:75 - [STDERR_REDIRECT] [Fatal Error] :1:1: Premature end of file.
2025-04-24 13:33:51,873 [ERROR] LogOutputStream:75 - [STDERR_REDIRECT] 
2025-04-24 13:33:52,873 [ERROR] LogOutputStream:75 - [STDERR_REDIRECT] [Fatal Error] :1:1: Premature end of file.
2025-04-24 13:33:52,873 [ERROR] LogOutputStream:75 - [STDERR_REDIRECT] 
2025-04-24 13:33:53,873 [ERROR] LogOutputStream:75 - [STDERR_REDIRECT] [Fatal Error] :1:1: Premature end of file.
2025-04-24 13:33:53,873 [ERROR] LogOutputStream:75 - [STDERR_REDIRECT] 
2025-04-24 13:33:54,871 [ERROR] LogOutputStream:75 - [STDERR_REDIRECT] [Fatal Error] :1:1: Premature end of file.
2025-04-24 13:33:54,872 [ERROR] LogOutputStream:75 - [STDERR_REDIRECT] 
2025-04-24 13:33:55,873 [ERROR] LogOutputStream:75 - [STDERR_REDIRECT] [Fatal Error] :1:1: Premature end of file.
2025-04-24 13:33:55,873 [ERROR] LogOutputStream:75 - [STDERR_REDIRECT] 
2025-04-24 13:33:56,869 [ERROR] LogOutputStream:75 - [STDERR_REDIRECT] [Fatal Error] :1:1: Premature end of file.
2025-04-24 13:33:56,869 [ERROR] LogOutputStream:75 - [STDERR_REDIRECT] 
2025-04-24 13:33:57,862 [ERROR] LogOutputStream:75 - [STDERR_REDIRECT] [Fatal Error] :1:1: Premature end of file.
2025-04-24 13:33:57,862 [ERROR] LogOutputStream:75 - [STDERR_REDIRECT] 
2025-04-24 13:33:58,869 [ERROR] LogOutputStream:75 - [STDERR_REDIRECT] [Fatal Error] :1:1: Premature end of file.
2025-04-24 13:33:58,869 [ERROR] LogOutputStream:75 - [STDERR_REDIRECT] 
2025-04-24 13:33:59,861 [ERROR] LogOutputStream:75 - [STDERR_REDIRECT] [Fatal Error] :1:1: Premature end of file.
2025-04-24 13:33:59,861 [ERROR] LogOutputStream:75 - [STDERR_REDIRECT] 
2025-04-24 13:34:00,861 [ERROR] LogOutputStream:75 - [STDERR_REDIRECT] [Fatal Error] :1:1: Premature end of file.
2025-04-24 13:34:00,861 [ERROR] LogOutputStream:75 - [STDERR_REDIRECT] 
2025-04-24 13:34:01,851 [ERROR] LogOutputStream:75 - [STDERR_REDIRECT] [Fatal Error] :1:1: Premature end of file.
2025-04-24 13:34:01,851 [ERROR] LogOutputStream:75 - [STDERR_REDIRECT] 
2025-04-24 13:34:02,861 [ERROR] LogOutputStream:75 - [STDERR_REDIRECT] [Fatal Error] :1:1: Premature end of file.
2025-04-24 13:34:02,861 [ERROR] LogOutputStream:75 - [STDERR_REDIRECT] 
2025-04-24 13:34:03,858 [ERROR] LogOutputStream:75 - [STDERR_REDIRECT] [Fatal Error] :1:1: Premature end of file.
2025-04-24 13:34:03,861 [ERROR] LogOutputStream:75 - [STDERR_REDIRECT] 
2025-04-24 13:34:04,859 [ERROR] LogOutputStream:75 - [STDERR_REDIRECT] [Fatal Error] :1:1: Premature end of file.
2025-04-24 13:34:04,859 [ERROR] LogOutputStream:75 - [STDERR_REDIRECT] 
2025-04-24 13:34:05,853 [ERROR] LogOutputStream:75 - [STDERR_REDIRECT] [Fatal Error] :1:1: Premature end of file.
2025-04-24 13:34:05,853 [ERROR] LogOutputStream:75 - [STDERR_REDIRECT] 
2025-04-24 13:34:06,861 [ERROR] LogOutputStream:75 - [STDERR_REDIRECT] [Fatal Error] :1:1: Premature end of file.
2025-04-24 13:34:06,861 [ERROR] LogOutputStream:75 - [STDERR_REDIRECT] 
2025-04-24 13:34:07,858 [ERROR] LogOutputStream:75 - [STDERR_REDIRECT] [Fatal Error] :1:1: Premature end of file.
2025-04-24 13:34:07,858 [ERROR] LogOutputStream:75 - [STDERR_REDIRECT] 
2025-04-24 13:34:08,851 [ERROR] LogOutputStream:75 - [STDERR_REDIRECT] [Fatal Error] :1:1: Premature end of file.
2025-04-24 13:34:08,851 [ERROR] LogOutputStream:75 - [STDERR_REDIRECT] 
2025-04-24 13:34:09,851 [ERROR] LogOutputStream:75 - [STDERR_REDIRECT] [Fatal Error] :1:1: Premature end of file.
2025-04-24 13:34:09,851 [ERROR] LogOutputStream:75 - [STDERR_REDIRECT] 
2025-04-24 13:34:10,868 [ERROR] LogOutputStream:75 - [STDERR_REDIRECT] [Fatal Error] :1:1: Premature end of file.
2025-04-24 13:34:10,868 [ERROR] LogOutputStream:75 - [STDERR_REDIRECT] 
2025-04-24 13:34:11,861 [ERROR] LogOutputStream:75 - [STDERR_REDIRECT] [Fatal Error] :1:1: Premature end of file.
2025-04-24 13:34:11,861 [ERROR] LogOutputStream:75 - [STDERR_REDIRECT] 
2025-04-24 13:34:12,852 [ERROR] LogOutputStream:75 - [STDERR_REDIRECT] [Fatal Error] :1:1: Premature end of file.
2025-04-24 13:34:12,852 [ERROR] LogOutputStream:75 - [STDERR_REDIRECT] 
2025-04-24 13:34:13,860 [ERROR] LogOutputStream:75 - [STDERR_REDIRECT] [Fatal Error] :1:1: Premature end of file.
2025-04-24 13:34:13,860 [ERROR] LogOutputStream:75 - [STDERR_REDIRECT] 
2025-04-24 13:34:14,851 [ERROR] LogOutputStream:75 - [STDERR_REDIRECT] [Fatal Error] :1:1: Premature end of file.
2025-04-24 13:34:14,851 [ERROR] LogOutputStream:75 - [STDERR_REDIRECT] 
2025-04-24 13:34:15,859 [ERROR] LogOutputStream:75 - [STDERR_REDIRECT] [Fatal Error] :1:1: Premature end of file.
2025-04-24 13:34:15,859 [ERROR] LogOutputStream:75 - [STDERR_REDIRECT] 
2025-04-24 13:34:16,856 [ERROR] LogOutputStream:75 - [STDERR_REDIRECT] [Fatal Error] :1:1: Premature end of file.
2025-04-24 13:34:16,856 [ERROR] LogOutputStream:75 - [STDERR_REDIRECT] 
2025-04-24 13:34:17,857 [ERROR] LogOutputStream:75 - [STDERR_REDIRECT] [Fatal Error] :1:1: Premature end of file.
2025-04-24 13:34:17,857 [ERROR] LogOutputStream:75 - [STDERR_REDIRECT] 
2025-04-24 13:34:18,858 [ERROR] LogOutputStream:75 - [STDERR_REDIRECT] [Fatal Error] :1:1: Premature end of file.
2025-04-24 13:34:18,858 [ERROR] LogOutputStream:75 - [STDERR_REDIRECT] 
2025-04-24 13:34:19,859 [ERROR] LogOutputStream:75 - [STDERR_REDIRECT] [Fatal Error] :1:1: Premature end of file.
2025-04-24 13:34:19,859 [ERROR] LogOutputStream:75 - [STDERR_REDIRECT] 
2025-04-24 13:34:20,851 [ERROR] LogOutputStream:75 - [STDERR_REDIRECT] [Fatal Error] :1:1: Premature end of file.
2025-04-24 13:34:20,851 [ERROR] LogOutputStream:75 - [STDERR_REDIRECT] 
2025-04-24 13:34:21,851 [ERROR] LogOutputStream:75 - [STDERR_REDIRECT] [Fatal Error] :1:1: Premature end of file.
2025-04-24 13:34:21,851 [ERROR] LogOutputStream:75 - [STDERR_REDIRECT] 
2025-04-24 13:34:22,858 [ERROR] LogOutputStream:75 - [STDERR_REDIRECT] [Fatal Error] :1:1: Premature end of file.
2025-04-24 13:34:22,858 [ERROR] LogOutputStream:75 - [STDERR_REDIRECT] 
2025-04-24 13:34:23,851 [ERROR] LogOutputStream:75 - [STDERR_REDIRECT] [Fatal Error] :1:1: Premature end of file.
2025-04-24 13:34:23,851 [ERROR] LogOutputStream:75 - [STDERR_REDIRECT] 
2025-04-24 13:34:24,851 [ERROR] LogOutputStream:75 - [STDERR_REDIRECT] [Fatal Error] :1:1: Premature end of file.
2025-04-24 13:34:24,851 [ERROR] LogOutputStream:75 - [STDERR_REDIRECT] 
2025-04-24 13:34:25,851 [ERROR] LogOutputStream:75 - [STDERR_REDIRECT] [Fatal Error] :1:1: Premature end of file.
2025-04-24 13:34:25,851 [ERROR] LogOutputStream:75 - [STDERR_REDIRECT] 
2025-04-24 13:34:26,851 [ERROR] LogOutputStream:75 - [STDERR_REDIRECT] [Fatal Error] :1:1: Premature end of file.
2025-04-24 13:34:26,851 [ERROR] LogOutputStream:75 - [STDERR_REDIRECT] 
2025-04-24 13:34:27,856 [ERROR] LogOutputStream:75 - [STDERR_REDIRECT] [Fatal Error] :1:1: Premature end of file.
2025-04-24 13:34:27,856 [ERROR] LogOutputStream:75 - [STDERR_REDIRECT] 
2025-04-24 13:34:28,859 [ERROR] LogOutputStream:75 - [STDERR_REDIRECT] [Fatal Error] :1:1: Premature end of file.
2025-04-24 13:34:28,859 [ERROR] LogOutputStream:75 - [STDERR_REDIRECT] 
2025-04-24 13:34:29,851 [ERROR] LogOutputStream:75 - [STDERR_REDIRECT] [Fatal Error] :1:1: Premature end of file.
2025-04-24 13:34:29,851 [ERROR] LogOutputStream:75 - [STDERR_REDIRECT] 
2025-04-24 13:34:30,851 [ERROR] LogOutputStream:75 - [STDERR_REDIRECT] [Fatal Error] :1:1: Premature end of file.
2025-04-24 13:34:30,851 [ERROR] LogOutputStream:75 - [STDERR_REDIRECT] 
2025-04-24 13:34:31,861 [ERROR] LogOutputStream:75 - [STDERR_REDIRECT] [Fatal Error] :1:1: Premature end of file.
2025-04-24 13:34:31,861 [ERROR] LogOutputStream:75 - [STDERR_REDIRECT] 
2025-04-24 13:34:32,851 [ERROR] LogOutputStream:75 - [STDERR_REDIRECT] [Fatal Error] :1:1: Premature end of file.
2025-04-24 13:34:32,851 [ERROR] LogOutputStream:75 - [STDERR_REDIRECT] 
2025-04-24 13:34:33,853 [ERROR] LogOutputStream:75 - [STDERR_REDIRECT] [Fatal Error] :1:1: Premature end of file.
2025-04-24 13:34:33,853 [ERROR] LogOutputStream:75 - [STDERR_REDIRECT] 
2025-04-24 13:34:34,863 [ERROR] LogOutputStream:75 - [STDERR_REDIRECT] [Fatal Error] :1:1: Premature end of file.
2025-04-24 13:34:34,863 [ERROR] LogOutputStream:75 - [STDERR_REDIRECT] 
2025-04-24 13:34:35,863 [ERROR] LogOutputStream:75 - [STDERR_REDIRECT] [Fatal Error] :1:1: Premature end of file.
2025-04-24 13:34:35,864 [ERROR] LogOutputStream:75 - [STDERR_REDIRECT] 
2025-04-24 13:34:36,871 [ERROR] LogOutputStream:75 - [STDERR_REDIRECT] [Fatal Error] :1:1: Premature end of file.
2025-04-24 13:34:36,872 [ERROR] LogOutputStream:75 - [STDERR_REDIRECT] 
2025-04-24 13:34:37,871 [ERROR] LogOutputStream:75 - [STDERR_REDIRECT] [Fatal Error] :1:1: Premature end of file.
2025-04-24 13:34:37,871 [ERROR] LogOutputStream:75 - [STDERR_REDIRECT] 
2025-04-24 13:34:38,863 [ERROR] LogOutputStream:75 - [STDERR_REDIRECT] [Fatal Error] :1:1: Premature end of file.
2025-04-24 13:34:38,863 [ERROR] LogOutputStream:75 - [STDERR_REDIRECT] 
2025-04-24 13:34:39,874 [ERROR] LogOutputStream:75 - [STDERR_REDIRECT] [Fatal Error] :1:1: Premature end of file.
2025-04-24 13:34:39,874 [ERROR] LogOutputStream:75 - [STDERR_REDIRECT] 
2025-04-24 13:34:40,873 [ERROR] LogOutputStream:75 - [STDERR_REDIRECT] [Fatal Error] :1:1: Premature end of file.
2025-04-24 13:34:40,873 [ERROR] LogOutputStream:75 - [STDERR_REDIRECT] 
2025-04-24 13:34:41,874 [ERROR] LogOutputStream:75 - [STDERR_REDIRECT] [Fatal Error] :1:1: Premature end of file.
2025-04-24 13:34:41,874 [ERROR] LogOutputStream:75 - [STDERR_REDIRECT] 
2025-04-24 13:34:42,873 [ERROR] LogOutputStream:75 - [STDERR_REDIRECT] [Fatal Error] :1:1: Premature end of file.
2025-04-24 13:34:42,873 [ERROR] LogOutputStream:75 - [STDERR_REDIRECT] 
2025-04-24 13:34:43,872 [ERROR] LogOutputStream:75 - [STDERR_REDIRECT] [Fatal Error] :1:1: Premature end of file.
2025-04-24 13:34:43,872 [ERROR] LogOutputStream:75 - [STDERR_REDIRECT] 
2025-04-24 13:34:44,863 [ERROR] LogOutputStream:75 - [STDERR_REDIRECT] [Fatal Error] :1:1: Premature end of file.
2025-04-24 13:34:44,863 [ERROR] LogOutputStream:75 - [STDERR_REDIRECT] 
2025-04-24 13:34:45,871 [ERROR] LogOutputStream:75 - [STDERR_REDIRECT] [Fatal Error] :1:1: Premature end of file.
2025-04-24 13:34:45,871 [ERROR] LogOutputStream:75 - [STDERR_REDIRECT] 
2025-04-24 13:34:46,863 [ERROR] LogOutputStream:75 - [STDERR_REDIRECT] [Fatal Error] :1:1: Premature end of file.
2025-04-24 13:34:46,863 [ERROR] LogOutputStream:75 - [STDERR_REDIRECT] 
2025-04-24 13:34:47,868 [ERROR] LogOutputStream:75 - [STDERR_REDIRECT] [Fatal Error] :1:1: Premature end of file.
2025-04-24 13:34:47,868 [ERROR] LogOutputStream:75 - [STDERR_REDIRECT] 
2025-04-24 13:34:48,856 [ERROR] LogOutputStream:75 - [STDERR_REDIRECT] [Fatal Error] :1:1: Premature end of file.
2025-04-24 13:34:48,856 [ERROR] LogOutputStream:75 - [STDERR_REDIRECT] 
2025-04-24 13:34:49,861 [ERROR] LogOutputStream:75 - [STDERR_REDIRECT] [Fatal Error] :1:1: Premature end of file.
2025-04-24 13:34:49,861 [ERROR] LogOutputStream:75 - [STDERR_REDIRECT] 
2025-04-24 13:34:50,862 [ERROR] LogOutputStream:75 - [STDERR_REDIRECT] [Fatal Error] :1:1: Premature end of file.
2025-04-24 13:34:50,862 [ERROR] LogOutputStream:75 - [STDERR_REDIRECT] 
2025-04-24 13:34:51,856 [ERROR] LogOutputStream:75 - [STDERR_REDIRECT] [Fatal Error] :1:1: Premature end of file.
2025-04-24 13:34:51,856 [ERROR] LogOutputStream:75 - [STDERR_REDIRECT] 
2025-04-24 13:34:52,875 [ERROR] LogOutputStream:75 - [STDERR_REDIRECT] [Fatal Error] :1:1: Premature end of file.
2025-04-24 13:34:52,875 [ERROR] LogOutputStream:75 - [STDERR_REDIRECT] 
2025-04-24 13:34:53,861 [ERROR] LogOutputStream:75 - [STDERR_REDIRECT] [Fatal Error] :1:1: Premature end of file.
2025-04-24 13:34:53,861 [ERROR] LogOutputStream:75 - [STDERR_REDIRECT] 
2025-04-24 13:34:54,861 [ERROR] LogOutputStream:75 - [STDERR_REDIRECT] [Fatal Error] :1:1: Premature end of file.
2025-04-24 13:34:54,861 [ERROR] LogOutputStream:75 - [STDERR_REDIRECT] 
2025-04-24 13:34:55,860 [ERROR] LogOutputStream:75 - [STDERR_REDIRECT] [Fatal Error] :1:1: Premature end of file.
2025-04-24 13:34:55,861 [ERROR] LogOutputStream:75 - [STDERR_REDIRECT] 
2025-04-24 13:34:56,860 [ERROR] LogOutputStream:75 - [STDERR_REDIRECT] [Fatal Error] :1:1: Premature end of file.
2025-04-24 13:34:56,860 [ERROR] LogOutputStream:75 - [STDERR_REDIRECT] 
2025-04-24 13:34:57,860 [ERROR] LogOutputStream:75 - [STDERR_REDIRECT] [Fatal Error] :1:1: Premature end of file.
2025-04-24 13:34:57,860 [ERROR] LogOutputStream:75 - [STDERR_REDIRECT] 
2025-04-24 13:34:58,861 [ERROR] LogOutputStream:75 - [STDERR_REDIRECT] [Fatal Error] :1:1: Premature end of file.
2025-04-24 13:34:58,861 [ERROR] LogOutputStream:75 - [STDERR_REDIRECT] 
2025-04-24 13:34:59,860 [ERROR] LogOutputStream:75 - [STDERR_REDIRECT] [Fatal Error] :1:1: Premature end of file.
2025-04-24 13:34:59,860 [ERROR] LogOutputStream:75 - [STDERR_REDIRECT] 
2025-04-24 13:35:00,859 [ERROR] LogOutputStream:75 - [STDERR_REDIRECT] [Fatal Error] :1:1: Premature end of file.
2025-04-24 13:35:00,859 [ERROR] LogOutputStream:75 - [STDERR_REDIRECT] 
2025-04-24 13:35:01,859 [ERROR] LogOutputStream:75 - [STDERR_REDIRECT] [Fatal Error] :1:1: Premature end of file.
2025-04-24 13:35:01,859 [ERROR] LogOutputStream:75 - [STDERR_REDIRECT] 
2025-04-24 13:35:02,859 [ERROR] LogOutputStream:75 - [STDERR_REDIRECT] [Fatal Error] :1:1: Premature end of file.
2025-04-24 13:35:02,860 [ERROR] LogOutputStream:75 - [STDERR_REDIRECT] 
2025-04-24 13:35:03,859 [ERROR] LogOutputStream:75 - [STDERR_REDIRECT] [Fatal Error] :1:1: Premature end of file.
2025-04-24 13:35:03,859 [ERROR] LogOutputStream:75 - [STDERR_REDIRECT] 
2025-04-24 13:35:04,860 [ERROR] LogOutputStream:75 - [STDERR_REDIRECT] [Fatal Error] :1:1: Premature end of file.
2025-04-24 13:35:04,860 [ERROR] LogOutputStream:75 - [STDERR_REDIRECT] 
2025-04-24 13:35:05,856 [ERROR] LogOutputStream:75 - [STDERR_REDIRECT] [Fatal Error] :1:1: Premature end of file.
2025-04-24 13:35:05,856 [ERROR] LogOutputStream:75 - [STDERR_REDIRECT] 
2025-04-24 13:35:06,859 [ERROR] LogOutputStream:75 - [STDERR_REDIRECT] [Fatal Error] :1:1: Premature end of file.
2025-04-24 13:35:06,859 [ERROR] LogOutputStream:75 - [STDERR_REDIRECT] 
2025-04-24 13:35:07,859 [ERROR] LogOutputStream:75 - [STDERR_REDIRECT] [Fatal Error] :1:1: Premature end of file.
2025-04-24 13:35:07,859 [ERROR] LogOutputStream:75 - [STDERR_REDIRECT] 
2025-04-24 13:35:08,862 [ERROR] LogOutputStream:75 - [STDERR_REDIRECT] [Fatal Error] :1:1: Premature end of file.
2025-04-24 13:35:08,862 [ERROR] LogOutputStream:75 - [STDERR_REDIRECT] 
2025-04-24 13:35:09,859 [ERROR] LogOutputStream:75 - [STDERR_REDIRECT] [Fatal Error] :1:1: Premature end of file.
2025-04-24 13:35:09,859 [ERROR] LogOutputStream:75 - [STDERR_REDIRECT] 
2025-04-24 13:35:10,858 [ERROR] LogOutputStream:75 - [STDERR_REDIRECT] [Fatal Error] :1:1: Premature end of file.
2025-04-24 13:35:10,858 [ERROR] LogOutputStream:75 - [STDERR_REDIRECT] 
2025-04-24 13:35:11,859 [ERROR] LogOutputStream:75 - [STDERR_REDIRECT] [Fatal Error] :1:1: Premature end of file.
2025-04-24 13:35:11,859 [ERROR] LogOutputStream:75 - [STDERR_REDIRECT] 
2025-04-24 13:35:12,864 [ERROR] LogOutputStream:75 - [STDERR_REDIRECT] [Fatal Error] :1:1: Premature end of file.
2025-04-24 13:35:12,864 [ERROR] LogOutputStream:75 - [STDERR_REDIRECT] 
2025-04-24 13:35:13,859 [ERROR] LogOutputStream:75 - [STDERR_REDIRECT] [Fatal Error] :1:1: Premature end of file.
2025-04-24 13:35:13,859 [ERROR] LogOutputStream:75 - [STDERR_REDIRECT] 
2025-04-24 13:35:14,856 [ERROR] LogOutputStream:75 - [STDERR_REDIRECT] [Fatal Error] :1:1: Premature end of file.
2025-04-24 13:35:14,856 [ERROR] LogOutputStream:75 - [STDERR_REDIRECT] 
2025-04-24 13:35:15,865 [ERROR] LogOutputStream:75 - [STDERR_REDIRECT] [Fatal Error] :1:1: Premature end of file.
2025-04-24 13:35:15,865 [ERROR] LogOutputStream:75 - [STDERR_REDIRECT] 
2025-04-24 13:35:16,858 [ERROR] LogOutputStream:75 - [STDERR_REDIRECT] [Fatal Error] :1:1: Premature end of file.
2025-04-24 13:35:16,858 [ERROR] LogOutputStream:75 - [STDERR_REDIRECT] 
2025-04-24 13:35:17,851 [ERROR] LogOutputStream:75 - [STDERR_REDIRECT] [Fatal Error] :1:1: Premature end of file.
2025-04-24 13:35:17,851 [ERROR] LogOutputStream:75 - [STDERR_REDIRECT] 
2025-04-24 13:35:18,864 [ERROR] LogOutputStream:75 - [STDERR_REDIRECT] [Fatal Error] :1:1: Premature end of file.
2025-04-24 13:35:18,864 [ERROR] LogOutputStream:75 - [STDERR_REDIRECT] 
2025-04-24 13:35:19,864 [ERROR] LogOutputStream:75 - [STDERR_REDIRECT] [Fatal Error] :1:1: Premature end of file.
2025-04-24 13:35:19,864 [ERROR] LogOutputStream:75 - [STDERR_REDIRECT] 
2025-04-24 13:35:20,850 [ERROR] LogOutputStream:75 - [STDERR_REDIRECT] [Fatal Error] :1:1: Premature end of file.
2025-04-24 13:35:20,850 [ERROR] LogOutputStream:75 - [STDERR_REDIRECT] 
2025-04-24 13:35:21,859 [ERROR] LogOutputStream:75 - [STDERR_REDIRECT] [Fatal Error] :1:1: Premature end of file.
2025-04-24 13:35:21,859 [ERROR] LogOutputStream:75 - [STDERR_REDIRECT] 
2025-04-24 13:35:22,857 [ERROR] LogOutputStream:75 - [STDERR_REDIRECT] [Fatal Error] :1:1: Premature end of file.
2025-04-24 13:35:22,857 [ERROR] LogOutputStream:75 - [STDERR_REDIRECT] 
2025-04-24 13:35:23,863 [ERROR] LogOutputStream:75 - [STDERR_REDIRECT] [Fatal Error] :1:1: Premature end of file.
2025-04-24 13:35:23,863 [ERROR] LogOutputStream:75 - [STDERR_REDIRECT] 
2025-04-24 13:35:24,857 [ERROR] LogOutputStream:75 - [STDERR_REDIRECT] [Fatal Error] :1:1: Premature end of file.
2025-04-24 13:35:24,857 [ERROR] LogOutputStream:75 - [STDERR_REDIRECT] 
2025-04-24 13:35:25,857 [ERROR] LogOutputStream:75 - [STDERR_REDIRECT] [Fatal Error] :1:1: Premature end of file.
2025-04-24 13:35:25,857 [ERROR] LogOutputStream:75 - [STDERR_REDIRECT] 
2025-04-24 13:35:26,866 [ERROR] LogOutputStream:75 - [STDERR_REDIRECT] [Fatal Error] :1:1: Premature end of file.
2025-04-24 13:35:26,866 [ERROR] LogOutputStream:75 - [STDERR_REDIRECT] 
2025-04-24 13:35:27,857 [ERROR] LogOutputStream:75 - [STDERR_REDIRECT] [Fatal Error] :1:1: Premature end of file.
2025-04-24 13:35:27,857 [ERROR] LogOutputStream:75 - [STDERR_REDIRECT] 
2025-04-24 13:35:28,861 [ERROR] LogOutputStream:75 - [STDERR_REDIRECT] [Fatal Error] :1:1: Premature end of file.
2025-04-24 13:35:28,861 [ERROR] LogOutputStream:75 - [STDERR_REDIRECT] 
2025-04-24 13:35:29,862 [ERROR] LogOutputStream:75 - [STDERR_REDIRECT] [Fatal Error] :1:1: Premature end of file.
2025-04-24 13:35:29,862 [ERROR] LogOutputStream:75 - [STDERR_REDIRECT] 
2025-04-24 13:35:30,857 [ERROR] LogOutputStream:75 - [STDERR_REDIRECT] [Fatal Error] :1:1: Premature end of file.
2025-04-24 13:35:30,857 [ERROR] LogOutputStream:75 - [STDERR_REDIRECT] 
2025-04-24 13:35:31,862 [ERROR] LogOutputStream:75 - [STDERR_REDIRECT] [Fatal Error] :1:1: Premature end of file.
2025-04-24 13:35:31,862 [ERROR] LogOutputStream:75 - [STDERR_REDIRECT] 
2025-04-24 13:35:32,867 [ERROR] LogOutputStream:75 - [STDERR_REDIRECT] [Fatal Error] :1:1: Premature end of file.
2025-04-24 13:35:32,867 [ERROR] LogOutputStream:75 - [STDERR_REDIRECT] 
2025-04-24 13:35:33,861 [ERROR] LogOutputStream:75 - [STDERR_REDIRECT] [Fatal Error] :1:1: Premature end of file.
2025-04-24 13:35:33,861 [ERROR] LogOutputStream:75 - [STDERR_REDIRECT] 
2025-04-24 13:35:34,871 [ERROR] LogOutputStream:75 - [STDERR_REDIRECT] [Fatal Error] :1:1: Premature end of file.
2025-04-24 13:35:34,871 [ERROR] LogOutputStream:75 - [STDERR_REDIRECT] 
2025-04-24 13:35:35,863 [ERROR] LogOutputStream:75 - [STDERR_REDIRECT] [Fatal Error] :1:1: Premature end of file.
2025-04-24 13:35:35,863 [ERROR] LogOutputStream:75 - [STDERR_REDIRECT] 
2025-04-24 13:35:36,861 [ERROR] LogOutputStream:75 - [STDERR_REDIRECT] [Fatal Error] :1:1: Premature end of file.
2025-04-24 13:35:36,861 [ERROR] LogOutputStream:75 - [STDERR_REDIRECT] 
2025-04-24 13:35:37,857 [ERROR] LogOutputStream:75 - [STDERR_REDIRECT] [Fatal Error] :1:1: Premature end of file.
2025-04-24 13:35:37,857 [ERROR] LogOutputStream:75 - [STDERR_REDIRECT] 
2025-04-24 13:35:38,859 [ERROR] LogOutputStream:75 - [STDERR_REDIRECT] [Fatal Error] :1:1: Premature end of file.
2025-04-24 13:35:38,859 [ERROR] LogOutputStream:75 - [STDERR_REDIRECT] 
2025-04-24 13:35:39,858 [ERROR] LogOutputStream:75 - [STDERR_REDIRECT] [Fatal Error] :1:1: Premature end of file.
2025-04-24 13:35:39,858 [ERROR] LogOutputStream:75 - [STDERR_REDIRECT] 
2025-04-24 13:35:40,859 [ERROR] LogOutputStream:75 - [STDERR_REDIRECT] [Fatal Error] :1:1: Premature end of file.
2025-04-24 13:35:40,859 [ERROR] LogOutputStream:75 - [STDERR_REDIRECT] 
2025-04-24 13:35:41,857 [ERROR] LogOutputStream:75 - [STDERR_REDIRECT] [Fatal Error] :1:1: Premature end of file.
2025-04-24 13:35:41,857 [ERROR] LogOutputStream:75 - [STDERR_REDIRECT] 
2025-04-24 13:35:42,869 [ERROR] LogOutputStream:75 - [STDERR_REDIRECT] [Fatal Error] :1:1: Premature end of file.
2025-04-24 13:35:42,869 [ERROR] LogOutputStream:75 - [STDERR_REDIRECT] 
2025-04-24 13:35:43,871 [ERROR] LogOutputStream:75 - [STDERR_REDIRECT] [Fatal Error] :1:1: Premature end of file.
2025-04-24 13:35:43,871 [ERROR] LogOutputStream:75 - [STDERR_REDIRECT] 
2025-04-24 13:35:44,861 [ERROR] LogOutputStream:75 - [STDERR_REDIRECT] [Fatal Error] :1:1: Premature end of file.
2025-04-24 13:35:44,861 [ERROR] LogOutputStream:75 - [STDERR_REDIRECT] 
2025-04-24 13:35:45,867 [ERROR] LogOutputStream:75 - [STDERR_REDIRECT] [Fatal Error] :1:1: Premature end of file.
2025-04-24 13:35:45,867 [ERROR] LogOutputStream:75 - [STDERR_REDIRECT] 
2025-04-24 13:35:46,861 [ERROR] LogOutputStream:75 - [STDERR_REDIRECT] [Fatal Error] :1:1: Premature end of file.
2025-04-24 13:35:46,861 [ERROR] LogOutputStream:75 - [STDERR_REDIRECT] 
2025-04-24 13:35:47,868 [ERROR] LogOutputStream:75 - [STDERR_REDIRECT] [Fatal Error] :1:1: Premature end of file.
2025-04-24 13:35:47,868 [ERROR] LogOutputStream:75 - [STDERR_REDIRECT] 
2025-04-24 13:35:48,867 [ERROR] LogOutputStream:75 - [STDERR_REDIRECT] [Fatal Error] :1:1: Premature end of file.
2025-04-24 13:35:48,867 [ERROR] LogOutputStream:75 - [STDERR_REDIRECT] 
2025-04-24 13:35:49,869 [ERROR] LogOutputStream:75 - [STDERR_REDIRECT] [Fatal Error] :1:1: Premature end of file.
2025-04-24 13:35:49,869 [ERROR] LogOutputStream:75 - [STDERR_REDIRECT] 
2025-04-24 13:35:50,867 [ERROR] LogOutputStream:75 - [STDERR_REDIRECT] [Fatal Error] :1:1: Premature end of file.
2025-04-24 13:35:50,867 [ERROR] LogOutputStream:75 - [STDERR_REDIRECT] 
2025-04-24 13:35:51,870 [ERROR] LogOutputStream:75 - [STDERR_REDIRECT] [Fatal Error] :1:1: Premature end of file.
2025-04-24 13:35:51,870 [ERROR] LogOutputStream:75 - [STDERR_REDIRECT] 
2025-04-24 13:35:52,867 [ERROR] LogOutputStream:75 - [STDERR_REDIRECT] [Fatal Error] :1:1: Premature end of file.
2025-04-24 13:35:52,869 [ERROR] LogOutputStream:75 - [STDERR_REDIRECT] 
2025-04-24 13:35:53,867 [ERROR] LogOutputStream:75 - [STDERR_REDIRECT] [Fatal Error] :1:1: Premature end of file.
2025-04-24 13:35:53,867 [ERROR] LogOutputStream:75 - [STDERR_REDIRECT] 
2025-04-24 13:35:54,867 [ERROR] LogOutputStream:75 - [STDERR_REDIRECT] [Fatal Error] :1:1: Premature end of file.
2025-04-24 13:35:54,867 [ERROR] LogOutputStream:75 - [STDERR_REDIRECT] 
2025-04-24 13:35:55,867 [ERROR] LogOutputStream:75 - [STDERR_REDIRECT] [Fatal Error] :1:1: Premature end of file.
2025-04-24 13:35:55,867 [ERROR] LogOutputStream:75 - [STDERR_REDIRECT] 
2025-04-24 13:35:56,865 [ERROR] LogOutputStream:75 - [STDERR_REDIRECT] [Fatal Error] :1:1: Premature end of file.
2025-04-24 13:35:56,865 [ERROR] LogOutputStream:75 - [STDERR_REDIRECT] 
2025-04-24 13:35:57,866 [ERROR] LogOutputStream:75 - [STDERR_REDIRECT] [Fatal Error] :1:1: Premature end of file.
2025-04-24 13:35:57,866 [ERROR] LogOutputStream:75 - [STDERR_REDIRECT] 
2025-04-24 13:35:58,865 [ERROR] LogOutputStream:75 - [STDERR_REDIRECT] [Fatal Error] :1:1: Premature end of file.
2025-04-24 13:35:58,865 [ERROR] LogOutputStream:75 - [STDERR_REDIRECT] 
2025-04-24 13:35:59,867 [ERROR] LogOutputStream:75 - [STDERR_REDIRECT] [Fatal Error] :1:1: Premature end of file.
2025-04-24 13:35:59,867 [ERROR] LogOutputStream:75 - [STDERR_REDIRECT] 
2025-04-24 13:36:00,867 [ERROR] LogOutputStream:75 - [STDERR_REDIRECT] [Fatal Error] :1:1: Premature end of file.
2025-04-24 13:36:00,867 [ERROR] LogOutputStream:75 - [STDERR_REDIRECT] 
2025-04-24 13:36:01,867 [ERROR] LogOutputStream:75 - [STDERR_REDIRECT] [Fatal Error] :1:1: Premature end of file.
2025-04-24 13:36:01,867 [ERROR] LogOutputStream:75 - [STDERR_REDIRECT] 
2025-04-24 13:36:02,857 [ERROR] LogOutputStream:75 - [STDERR_REDIRECT] [Fatal Error] :1:1: Premature end of file.
2025-04-24 13:36:02,857 [ERROR] LogOutputStream:75 - [STDERR_REDIRECT] 
2025-04-24 13:36:03,865 [ERROR] LogOutputStream:75 - [STDERR_REDIRECT] [Fatal Error] :1:1: Premature end of file.
2025-04-24 13:36:03,865 [ERROR] LogOutputStream:75 - [STDERR_REDIRECT] 
2025-04-24 13:36:04,863 [ERROR] LogOutputStream:75 - [STDERR_REDIRECT] [Fatal Error] :1:1: Premature end of file.
2025-04-24 13:36:04,864 [ERROR] LogOutputStream:75 - [STDERR_REDIRECT] 
2025-04-24 13:36:05,858 [ERROR] LogOutputStream:75 - [STDERR_REDIRECT] [Fatal Error] :1:1: Premature end of file.
2025-04-24 13:36:05,858 [ERROR] LogOutputStream:75 - [STDERR_REDIRECT] 
2025-04-24 13:36:06,867 [ERROR] LogOutputStream:75 - [STDERR_REDIRECT] [Fatal Error] :1:1: Premature end of file.
2025-04-24 13:36:06,867 [ERROR] LogOutputStream:75 - [STDERR_REDIRECT] 
2025-04-24 13:36:07,865 [ERROR] LogOutputStream:75 - [STDERR_REDIRECT] [Fatal Error] :1:1: Premature end of file.
2025-04-24 13:36:07,865 [ERROR] LogOutputStream:75 - [STDERR_REDIRECT] 
2025-04-24 13:36:08,855 [ERROR] LogOutputStream:75 - [STDERR_REDIRECT] [Fatal Error] :1:1: Premature end of file.
2025-04-24 13:36:08,855 [ERROR] LogOutputStream:75 - [STDERR_REDIRECT] 
2025-04-24 13:36:09,867 [ERROR] LogOutputStream:75 - [STDERR_REDIRECT] [Fatal Error] :1:1: Premature end of file.
2025-04-24 13:36:09,867 [ERROR] LogOutputStream:75 - [STDERR_REDIRECT] 
2025-04-24 13:36:10,867 [ERROR] LogOutputStream:75 - [STDERR_REDIRECT] [Fatal Error] :1:1: Premature end of file.
2025-04-24 13:36:10,867 [ERROR] LogOutputStream:75 - [STDERR_REDIRECT] 
2025-04-24 13:36:11,857 [ERROR] LogOutputStream:75 - [STDERR_REDIRECT] [Fatal Error] :1:1: Premature end of file.
2025-04-24 13:36:11,857 [ERROR] LogOutputStream:75 - [STDERR_REDIRECT] 
2025-04-24 13:36:12,857 [ERROR] LogOutputStream:75 - [STDERR_REDIRECT] [Fatal Error] :1:1: Premature end of file.
2025-04-24 13:36:12,857 [ERROR] LogOutputStream:75 - [STDERR_REDIRECT] 
2025-04-24 13:36:13,867 [ERROR] LogOutputStream:75 - [STDERR_REDIRECT] [Fatal Error] :1:1: Premature end of file.
2025-04-24 13:36:13,867 [ERROR] LogOutputStream:75 - [STDERR_REDIRECT] 
2025-04-24 13:36:14,857 [ERROR] LogOutputStream:75 - [STDERR_REDIRECT] [Fatal Error] :1:1: Premature end of file.
2025-04-24 13:36:14,857 [ERROR] LogOutputStream:75 - [STDERR_REDIRECT] 
2025-04-24 13:36:15,867 [ERROR] LogOutputStream:75 - [STDERR_REDIRECT] [Fatal Error] :1:1: Premature end of file.
2025-04-24 13:36:15,867 [ERROR] LogOutputStream:75 - [STDERR_REDIRECT] 
2025-04-24 13:36:16,855 [ERROR] LogOutputStream:75 - [STDERR_REDIRECT] [Fatal Error] :1:1: Premature end of file.
2025-04-24 13:36:16,855 [ERROR] LogOutputStream:75 - [STDERR_REDIRECT] 
2025-04-24 13:36:17,867 [ERROR] LogOutputStream:75 - [STDERR_REDIRECT] [Fatal Error] :1:1: Premature end of file.
2025-04-24 13:36:17,867 [ERROR] LogOutputStream:75 - [STDERR_REDIRECT] 
2025-04-24 13:36:18,851 [ERROR] LogOutputStream:75 - [STDERR_REDIRECT] [Fatal Error] :1:1: Premature end of file.
2025-04-24 13:36:18,851 [ERROR] LogOutputStream:75 - [STDERR_REDIRECT] 
2025-04-24 13:36:19,865 [ERROR] LogOutputStream:75 - [STDERR_REDIRECT] [Fatal Error] :1:1: Premature end of file.
2025-04-24 13:36:19,865 [ERROR] LogOutputStream:75 - [STDERR_REDIRECT] 
2025-04-24 13:36:20,869 [ERROR] LogOutputStream:75 - [STDERR_REDIRECT] [Fatal Error] :1:1: Premature end of file.
2025-04-24 13:36:20,869 [ERROR] LogOutputStream:75 - [STDERR_REDIRECT] 
2025-04-24 13:36:21,866 [ERROR] LogOutputStream:75 - [STDERR_REDIRECT] [Fatal Error] :1:1: Premature end of file.
2025-04-24 13:36:21,866 [ERROR] LogOutputStream:75 - [STDERR_REDIRECT] 
2025-04-24 13:36:22,858 [ERROR] LogOutputStream:75 - [STDERR_REDIRECT] [Fatal Error] :1:1: Premature end of file.
2025-04-24 13:36:22,858 [ERROR] LogOutputStream:75 - [STDERR_REDIRECT] 
2025-04-24 13:36:23,867 [ERROR] LogOutputStream:75 - [STDERR_REDIRECT] [Fatal Error] :1:1: Premature end of file.
2025-04-24 13:36:23,867 [ERROR] LogOutputStream:75 - [STDERR_REDIRECT] 
2025-04-24 13:36:24,856 [ERROR] LogOutputStream:75 - [STDERR_REDIRECT] [Fatal Error] :1:1: Premature end of file.
2025-04-24 13:36:24,856 [ERROR] LogOutputStream:75 - [STDERR_REDIRECT] 
2025-04-24 13:36:25,867 [ERROR] LogOutputStream:75 - [STDERR_REDIRECT] [Fatal Error] :1:1: Premature end of file.
2025-04-24 13:36:25,867 [ERROR] LogOutputStream:75 - [STDERR_REDIRECT] 
2025-04-24 13:36:26,861 [ERROR] LogOutputStream:75 - [STDERR_REDIRECT] [Fatal Error] :1:1: Premature end of file.
2025-04-24 13:36:26,862 [ERROR] LogOutputStream:75 - [STDERR_REDIRECT] 
2025-04-24 13:36:27,864 [ERROR] LogOutputStream:75 - [STDERR_REDIRECT] [Fatal Error] :1:1: Premature end of file.
2025-04-24 13:36:27,864 [ERROR] LogOutputStream:75 - [STDERR_REDIRECT] 
2025-04-24 13:36:28,864 [ERROR] LogOutputStream:75 - [STDERR_REDIRECT] [Fatal Error] :1:1: Premature end of file.
2025-04-24 13:36:28,864 [ERROR] LogOutputStream:75 - [STDERR_REDIRECT] 
2025-04-24 13:36:29,870 [ERROR] LogOutputStream:75 - [STDERR_REDIRECT] [Fatal Error] :1:1: Premature end of file.
2025-04-24 13:36:29,870 [ERROR] LogOutputStream:75 - [STDERR_REDIRECT] 
2025-04-24 13:36:30,857 [ERROR] LogOutputStream:75 - [STDERR_REDIRECT] [Fatal Error] :1:1: Premature end of file.
2025-04-24 13:36:30,858 [ERROR] LogOutputStream:75 - [STDERR_REDIRECT] 
2025-04-24 13:36:31,865 [ERROR] LogOutputStream:75 - [STDERR_REDIRECT] [Fatal Error] :1:1: Premature end of file.
2025-04-24 13:36:31,865 [ERROR] LogOutputStream:75 - [STDERR_REDIRECT] 
2025-04-24 13:36:32,861 [ERROR] LogOutputStream:75 - [STDERR_REDIRECT] [Fatal Error] :1:1: Premature end of file.
2025-04-24 13:36:32,861 [ERROR] LogOutputStream:75 - [STDERR_REDIRECT] 
2025-04-24 13:36:33,869 [ERROR] LogOutputStream:75 - [STDERR_REDIRECT] [Fatal Error] :1:1: Premature end of file.
2025-04-24 13:36:33,869 [ERROR] LogOutputStream:75 - [STDERR_REDIRECT] 
2025-04-24 13:36:34,864 [ERROR] LogOutputStream:75 - [STDERR_REDIRECT] [Fatal Error] :1:1: Premature end of file.
2025-04-24 13:36:34,864 [ERROR] LogOutputStream:75 - [STDERR_REDIRECT] 
2025-04-24 13:36:35,861 [ERROR] LogOutputStream:75 - [STDERR_REDIRECT] [Fatal Error] :1:1: Premature end of file.
2025-04-24 13:36:35,861 [ERROR] LogOutputStream:75 - [STDERR_REDIRECT] 
2025-04-24 13:36:36,862 [ERROR] LogOutputStream:75 - [STDERR_REDIRECT] [Fatal Error] :1:1: Premature end of file.
2025-04-24 13:36:36,862 [ERROR] LogOutputStream:75 - [STDERR_REDIRECT] 
2025-04-24 13:36:37,860 [ERROR] LogOutputStream:75 - [STDERR_REDIRECT] [Fatal Error] :1:1: Premature end of file.
2025-04-24 13:36:37,860 [ERROR] LogOutputStream:75 - [STDERR_REDIRECT] 
2025-04-24 13:36:38,854 [ERROR] LogOutputStream:75 - [STDERR_REDIRECT] [Fatal Error] :1:1: Premature end of file.
2025-04-24 13:36:38,854 [ERROR] LogOutputStream:75 - [STDERR_REDIRECT] 
2025-04-24 13:36:39,864 [ERROR] LogOutputStream:75 - [STDERR_REDIRECT] [Fatal Error] :1:1: Premature end of file.
2025-04-24 13:36:39,864 [ERROR] LogOutputStream:75 - [STDERR_REDIRECT] 
2025-04-24 13:36:40,863 [ERROR] LogOutputStream:75 - [STDERR_REDIRECT] [Fatal Error] :1:1: Premature end of file.
2025-04-24 13:36:40,863 [ERROR] LogOutputStream:75 - [STDERR_REDIRECT] 
2025-04-24 13:36:41,858 [ERROR] LogOutputStream:75 - [STDERR_REDIRECT] [Fatal Error] :1:1: Premature end of file.
2025-04-24 13:36:41,858 [ERROR] LogOutputStream:75 - [STDERR_REDIRECT] 
2025-04-24 13:36:42,861 [ERROR] LogOutputStream:75 - [STDERR_REDIRECT] [Fatal Error] :1:1: Premature end of file.
2025-04-24 13:36:42,861 [ERROR] LogOutputStream:75 - [STDERR_REDIRECT] 
2025-04-24 13:36:43,854 [ERROR] LogOutputStream:75 - [STDERR_REDIRECT] [Fatal Error] :1:1: Premature end of file.
2025-04-24 13:36:43,854 [ERROR] LogOutputStream:75 - [STDERR_REDIRECT] 
2025-04-24 13:36:44,863 [ERROR] LogOutputStream:75 - [STDERR_REDIRECT] [Fatal Error] :1:1: Premature end of file.
2025-04-24 13:36:44,863 [ERROR] LogOutputStream:75 - [STDERR_REDIRECT] 
2025-04-24 13:36:45,854 [ERROR] LogOutputStream:75 - [STDERR_REDIRECT] [Fatal Error] :1:1: Premature end of file.
2025-04-24 13:36:45,854 [ERROR] LogOutputStream:75 - [STDERR_REDIRECT] 
2025-04-24 13:36:46,856 [ERROR] LogOutputStream:75 - [STDERR_REDIRECT] [Fatal Error] :1:1: Premature end of file.
2025-04-24 13:36:46,856 [ERROR] LogOutputStream:75 - [STDERR_REDIRECT] 
2025-04-24 13:36:47,862 [ERROR] LogOutputStream:75 - [STDERR_REDIRECT] [Fatal Error] :1:1: Premature end of file.
2025-04-24 13:36:47,862 [ERROR] LogOutputStream:75 - [STDERR_REDIRECT] 
2025-04-24 13:36:48,863 [ERROR] LogOutputStream:75 - [STDERR_REDIRECT] [Fatal Error] :1:1: Premature end of file.
2025-04-24 13:36:48,863 [ERROR] LogOutputStream:75 - [STDERR_REDIRECT] 
2025-04-24 13:36:49,858 [ERROR] LogOutputStream:75 - [STDERR_REDIRECT] [Fatal Error] :1:1: Premature end of file.
2025-04-24 13:36:49,858 [ERROR] LogOutputStream:75 - [STDERR_REDIRECT] 
2025-04-24 13:36:50,858 [ERROR] LogOutputStream:75 - [STDERR_REDIRECT] [Fatal Error] :1:1: Premature end of file.
2025-04-24 13:36:50,858 [ERROR] LogOutputStream:75 - [STDERR_REDIRECT] 
2025-04-24 13:36:51,863 [ERROR] LogOutputStream:75 - [STDERR_REDIRECT] [Fatal Error] :1:1: Premature end of file.
2025-04-24 13:36:51,863 [ERROR] LogOutputStream:75 - [STDERR_REDIRECT] 
2025-04-24 13:36:52,863 [ERROR] LogOutputStream:75 - [STDERR_REDIRECT] [Fatal Error] :1:1: Premature end of file.
2025-04-24 13:36:52,863 [ERROR] LogOutputStream:75 - [STDERR_REDIRECT] 
2025-04-24 13:36:53,863 [ERROR] LogOutputStream:75 - [STDERR_REDIRECT] [Fatal Error] :1:1: Premature end of file.
2025-04-24 13:36:53,863 [ERROR] LogOutputStream:75 - [STDERR_REDIRECT] 
2025-04-24 13:36:54,863 [ERROR] LogOutputStream:75 - [STDERR_REDIRECT] [Fatal Error] :1:1: Premature end of file.
2025-04-24 13:36:54,863 [ERROR] LogOutputStream:75 - [STDERR_REDIRECT] 
2025-04-24 13:36:55,869 [ERROR] LogOutputStream:75 - [STDERR_REDIRECT] [Fatal Error] :1:1: Premature end of file.
2025-04-24 13:36:55,869 [ERROR] LogOutputStream:75 - [STDERR_REDIRECT] 
2025-04-24 13:36:56,864 [ERROR] LogOutputStream:75 - [STDERR_REDIRECT] [Fatal Error] :1:1: Premature end of file.
2025-04-24 13:36:56,864 [ERROR] LogOutputStream:75 - [STDERR_REDIRECT] 
2025-04-24 13:36:57,867 [ERROR] LogOutputStream:75 - [STDERR_REDIRECT] [Fatal Error] :1:1: Premature end of file.
2025-04-24 13:36:57,867 [ERROR] LogOutputStream:75 - [STDERR_REDIRECT] 
2025-04-24 13:36:58,875 [ERROR] LogOutputStream:75 - [STDERR_REDIRECT] [Fatal Error] :1:1: Premature end of file.
2025-04-24 13:36:58,875 [ERROR] LogOutputStream:75 - [STDERR_REDIRECT] 
2025-04-24 13:36:59,865 [ERROR] LogOutputStream:75 - [STDERR_REDIRECT] [Fatal Error] :1:1: Premature end of file.
2025-04-24 13:36:59,865 [ERROR] LogOutputStream:75 - [STDERR_REDIRECT] 
2025-04-24 13:37:00,854 [ERROR] LogOutputStream:75 - [STDERR_REDIRECT] [Fatal Error] :1:1: Premature end of file.
2025-04-24 13:37:00,854 [ERROR] LogOutputStream:75 - [STDERR_REDIRECT] 
2025-04-24 13:37:01,856 [ERROR] LogOutputStream:75 - [STDERR_REDIRECT] [Fatal Error] :1:1: Premature end of file.
2025-04-24 13:37:01,856 [ERROR] LogOutputStream:75 - [STDERR_REDIRECT] 
2025-04-24 13:37:02,868 [ERROR] LogOutputStream:75 - [STDERR_REDIRECT] [Fatal Error] :1:1: Premature end of file.
2025-04-24 13:37:02,868 [ERROR] LogOutputStream:75 - [STDERR_REDIRECT] 
2025-04-24 13:37:03,871 [ERROR] LogOutputStream:75 - [STDERR_REDIRECT] [Fatal Error] :1:1: Premature end of file.
2025-04-24 13:37:03,871 [ERROR] LogOutputStream:75 - [STDERR_REDIRECT] 
2025-04-24 13:37:04,857 [ERROR] LogOutputStream:75 - [STDERR_REDIRECT] [Fatal Error] :1:1: Premature end of file.
2025-04-24 13:37:04,857 [ERROR] LogOutputStream:75 - [STDERR_REDIRECT] 
2025-04-24 13:37:05,862 [ERROR] LogOutputStream:75 - [STDERR_REDIRECT] [Fatal Error] :1:1: Premature end of file.
2025-04-24 13:37:05,862 [ERROR] LogOutputStream:75 - [STDERR_REDIRECT] 
2025-04-24 13:37:06,865 [ERROR] LogOutputStream:75 - [STDERR_REDIRECT] [Fatal Error] :1:1: Premature end of file.
2025-04-24 13:37:06,865 [ERROR] LogOutputStream:75 - [STDERR_REDIRECT] 
2025-04-24 13:37:07,853 [ERROR] LogOutputStream:75 - [STDERR_REDIRECT] [Fatal Error] :1:1: Premature end of file.
2025-04-24 13:37:07,853 [ERROR] LogOutputStream:75 - [STDERR_REDIRECT] 
2025-04-24 13:37:08,862 [ERROR] LogOutputStream:75 - [STDERR_REDIRECT] [Fatal Error] :1:1: Premature end of file.
2025-04-24 13:37:08,862 [ERROR] LogOutputStream:75 - [STDERR_REDIRECT] 
2025-04-24 13:37:09,857 [ERROR] LogOutputStream:75 - [STDERR_REDIRECT] [Fatal Error] :1:1: Premature end of file.
2025-04-24 13:37:09,857 [ERROR] LogOutputStream:75 - [STDERR_REDIRECT] 
2025-04-24 13:37:10,862 [ERROR] LogOutputStream:75 - [STDERR_REDIRECT] [Fatal Error] :1:1: Premature end of file.
2025-04-24 13:37:10,862 [ERROR] LogOutputStream:75 - [STDERR_REDIRECT] 
2025-04-24 13:37:11,861 [ERROR] LogOutputStream:75 - [STDERR_REDIRECT] [Fatal Error] :1:1: Premature end of file.
2025-04-24 13:37:11,861 [ERROR] LogOutputStream:75 - [STDERR_REDIRECT] 
2025-04-24 13:37:12,872 [ERROR] LogOutputStream:75 - [STDERR_REDIRECT] [Fatal Error] :1:1: Premature end of file.
2025-04-24 13:37:12,872 [ERROR] LogOutputStream:75 - [STDERR_REDIRECT] 
2025-04-24 13:37:13,861 [ERROR] LogOutputStream:75 - [STDERR_REDIRECT] [Fatal Error] :1:1: Premature end of file.
2025-04-24 13:37:13,861 [ERROR] LogOutputStream:75 - [STDERR_REDIRECT] 
2025-04-24 13:37:14,863 [ERROR] LogOutputStream:75 - [STDERR_REDIRECT] [Fatal Error] :1:1: Premature end of file.
2025-04-24 13:37:14,863 [ERROR] LogOutputStream:75 - [STDERR_REDIRECT] 
2025-04-24 13:37:15,868 [ERROR] LogOutputStream:75 - [STDERR_REDIRECT] [Fatal Error] :1:1: Premature end of file.
2025-04-24 13:37:15,868 [ERROR] LogOutputStream:75 - [STDERR_REDIRECT] 
2025-04-24 13:37:16,875 [ERROR] LogOutputStream:75 - [STDERR_REDIRECT] [Fatal Error] :1:1: Premature end of file.
2025-04-24 13:37:16,875 [ERROR] LogOutputStream:75 - [STDERR_REDIRECT] 
2025-04-24 13:37:17,862 [ERROR] LogOutputStream:75 - [STDERR_REDIRECT] [Fatal Error] :1:1: Premature end of file.
2025-04-24 13:37:17,862 [ERROR] LogOutputStream:75 - [STDERR_REDIRECT] 
2025-04-24 13:37:18,860 [ERROR] LogOutputStream:75 - [STDERR_REDIRECT] [Fatal Error] :1:1: Premature end of file.
2025-04-24 13:37:18,860 [ERROR] LogOutputStream:75 - [STDERR_REDIRECT] 
2025-04-24 13:37:19,862 [ERROR] LogOutputStream:75 - [STDERR_REDIRECT] [Fatal Error] :1:1: Premature end of file.
2025-04-24 13:37:19,862 [ERROR] LogOutputStream:75 - [STDERR_REDIRECT] 
2025-04-24 13:37:20,859 [ERROR] LogOutputStream:75 - [STDERR_REDIRECT] [Fatal Error] :1:1: Premature end of file.
2025-04-24 13:37:20,859 [ERROR] LogOutputStream:75 - [STDERR_REDIRECT] 
2025-04-24 13:37:21,866 [ERROR] LogOutputStream:75 - [STDERR_REDIRECT] [Fatal Error] :1:1: Premature end of file.
2025-04-24 13:37:21,866 [ERROR] LogOutputStream:75 - [STDERR_REDIRECT] 
2025-04-24 13:37:22,863 [ERROR] LogOutputStream:75 - [STDERR_REDIRECT] [Fatal Error] :1:1: Premature end of file.
2025-04-24 13:37:22,863 [ERROR] LogOutputStream:75 - [STDERR_REDIRECT] 
2025-04-24 13:37:23,867 [ERROR] LogOutputStream:75 - [STDERR_REDIRECT] [Fatal Error] :1:1: Premature end of file.
2025-04-24 13:37:23,867 [ERROR] LogOutputStream:75 - [STDERR_REDIRECT] 
2025-04-24 13:37:24,874 [ERROR] LogOutputStream:75 - [STDERR_REDIRECT] [Fatal Error] :1:1: Premature end of file.
2025-04-24 13:37:24,874 [ERROR] LogOutputStream:75 - [STDERR_REDIRECT] 
2025-04-24 13:37:25,876 [ERROR] LogOutputStream:75 - [STDERR_REDIRECT] [Fatal Error] :1:1: Premature end of file.
2025-04-24 13:37:25,876 [ERROR] LogOutputStream:75 - [STDERR_REDIRECT] 
2025-04-24 13:37:26,867 [ERROR] LogOutputStream:75 - [STDERR_REDIRECT] [Fatal Error] :1:1: Premature end of file.
2025-04-24 13:37:26,867 [ERROR] LogOutputStream:75 - [STDERR_REDIRECT] 
2025-04-24 13:37:27,856 [ERROR] LogOutputStream:75 - [STDERR_REDIRECT] [Fatal Error] :1:1: Premature end of file.
2025-04-24 13:37:27,856 [ERROR] LogOutputStream:75 - [STDERR_REDIRECT] 
2025-04-24 13:37:28,862 [ERROR] LogOutputStream:75 - [STDERR_REDIRECT] [Fatal Error] :1:1: Premature end of file.
2025-04-24 13:37:28,862 [ERROR] LogOutputStream:75 - [STDERR_REDIRECT] 
2025-04-24 13:37:29,873 [ERROR] LogOutputStream:75 - [STDERR_REDIRECT] [Fatal Error] :1:1: Premature end of file.
2025-04-24 13:37:29,873 [ERROR] LogOutputStream:75 - [STDERR_REDIRECT] 
2025-04-24 13:37:30,865 [ERROR] LogOutputStream:75 - [STDERR_REDIRECT] [Fatal Error] :1:1: Premature end of file.
2025-04-24 13:37:30,865 [ERROR] LogOutputStream:75 - [STDERR_REDIRECT] 
2025-04-24 13:37:31,877 [ERROR] LogOutputStream:75 - [STDERR_REDIRECT] [Fatal Error] :1:1: Premature end of file.
2025-04-24 13:37:31,877 [ERROR] LogOutputStream:75 - [STDERR_REDIRECT] 
2025-04-24 13:37:32,873 [ERROR] LogOutputStream:75 - [STDERR_REDIRECT] [Fatal Error] :1:1: Premature end of file.
2025-04-24 13:37:32,874 [ERROR] LogOutputStream:75 - [STDERR_REDIRECT] 
2025-04-24 13:37:33,872 [ERROR] LogOutputStream:75 - [STDERR_REDIRECT] [Fatal Error] :1:1: Premature end of file.
2025-04-24 13:37:33,872 [ERROR] LogOutputStream:75 - [STDERR_REDIRECT] 
2025-04-24 13:37:34,858 [ERROR] LogOutputStream:75 - [STDERR_REDIRECT] [Fatal Error] :1:1: Premature end of file.
2025-04-24 13:37:34,858 [ERROR] LogOutputStream:75 - [STDERR_REDIRECT] 
2025-04-24 13:37:35,867 [ERROR] LogOutputStream:75 - [STDERR_REDIRECT] [Fatal Error] :1:1: Premature end of file.
2025-04-24 13:37:35,867 [ERROR] LogOutputStream:75 - [STDERR_REDIRECT] 
2025-04-24 13:37:36,872 [ERROR] LogOutputStream:75 - [STDERR_REDIRECT] [Fatal Error] :1:1: Premature end of file.
2025-04-24 13:37:36,872 [ERROR] LogOutputStream:75 - [STDERR_REDIRECT] 
2025-04-24 13:37:37,854 [ERROR] LogOutputStream:75 - [STDERR_REDIRECT] [Fatal Error] :1:1: Premature end of file.
2025-04-24 13:37:37,854 [ERROR] LogOutputStream:75 - [STDERR_REDIRECT] 
2025-04-24 13:37:38,860 [ERROR] LogOutputStream:75 - [STDERR_REDIRECT] [Fatal Error] :1:1: Premature end of file.
2025-04-24 13:37:38,860 [ERROR] LogOutputStream:75 - [STDERR_REDIRECT] 
2025-04-24 13:37:39,862 [ERROR] LogOutputStream:75 - [STDERR_REDIRECT] [Fatal Error] :1:1: Premature end of file.
2025-04-24 13:37:39,862 [ERROR] LogOutputStream:75 - [STDERR_REDIRECT] 
2025-04-24 13:37:40,876 [ERROR] LogOutputStream:75 - [STDERR_REDIRECT] [Fatal Error] :1:1: Premature end of file.
2025-04-24 13:37:40,876 [ERROR] LogOutputStream:75 - [STDERR_REDIRECT] 
2025-04-24 13:37:41,862 [ERROR] LogOutputStream:75 - [STDERR_REDIRECT] [Fatal Error] :1:1: Premature end of file.
2025-04-24 13:37:41,862 [ERROR] LogOutputStream:75 - [STDERR_REDIRECT] 
2025-04-24 13:37:42,865 [ERROR] LogOutputStream:75 - [STDERR_REDIRECT] [Fatal Error] :1:1: Premature end of file.
2025-04-24 13:37:42,865 [ERROR] LogOutputStream:75 - [STDERR_REDIRECT] 
2025-04-24 13:37:43,862 [ERROR] LogOutputStream:75 - [STDERR_REDIRECT] [Fatal Error] :1:1: Premature end of file.
2025-04-24 13:37:43,862 [ERROR] LogOutputStream:75 - [STDERR_REDIRECT] 
2025-04-24 13:37:44,863 [ERROR] LogOutputStream:75 - [STDERR_REDIRECT] [Fatal Error] :1:1: Premature end of file.
2025-04-24 13:37:44,863 [ERROR] LogOutputStream:75 - [STDERR_REDIRECT] 
2025-04-24 13:37:45,858 [ERROR] LogOutputStream:75 - [STDERR_REDIRECT] [Fatal Error] :1:1: Premature end of file.
2025-04-24 13:37:45,858 [ERROR] LogOutputStream:75 - [STDERR_REDIRECT] 
2025-04-24 13:37:46,863 [ERROR] LogOutputStream:75 - [STDERR_REDIRECT] [Fatal Error] :1:1: Premature end of file.
2025-04-24 13:37:46,863 [ERROR] LogOutputStream:75 - [STDERR_REDIRECT] 
2025-04-24 13:37:47,857 [ERROR] LogOutputStream:75 - [STDERR_REDIRECT] [Fatal Error] :1:1: Premature end of file.
2025-04-24 13:37:47,857 [ERROR] LogOutputStream:75 - [STDERR_REDIRECT] 
2025-04-24 13:37:48,863 [ERROR] LogOutputStream:75 - [STDERR_REDIRECT] [Fatal Error] :1:1: Premature end of file.
2025-04-24 13:37:48,863 [ERROR] LogOutputStream:75 - [STDERR_REDIRECT] 
2025-04-24 13:37:49,846 [ERROR] LogOutputStream:75 - [STDERR_REDIRECT] [Fatal Error] :1:1: Premature end of file.
2025-04-24 13:37:49,846 [ERROR] LogOutputStream:75 - [STDERR_REDIRECT] 
2025-04-24 13:37:50,878 [ERROR] LogOutputStream:75 - [STDERR_REDIRECT] [Fatal Error] :1:1: Premature end of file.
2025-04-24 13:37:50,878 [ERROR] LogOutputStream:75 - [STDERR_REDIRECT] 
2025-04-24 13:37:51,861 [ERROR] LogOutputStream:75 - [STDERR_REDIRECT] [Fatal Error] :1:1: Premature end of file.
2025-04-24 13:37:51,861 [ERROR] LogOutputStream:75 - [STDERR_REDIRECT] 
2025-04-24 13:37:52,865 [ERROR] LogOutputStream:75 - [STDERR_REDIRECT] [Fatal Error] :1:1: Premature end of file.
2025-04-24 13:37:52,865 [ERROR] LogOutputStream:75 - [STDERR_REDIRECT] 
2025-04-24 13:37:53,864 [ERROR] LogOutputStream:75 - [STDERR_REDIRECT] [Fatal Error] :1:1: Premature end of file.
2025-04-24 13:37:53,864 [ERROR] LogOutputStream:75 - [STDERR_REDIRECT] 
2025-04-24 13:37:54,854 [ERROR] LogOutputStream:75 - [STDERR_REDIRECT] [Fatal Error] :1:1: Premature end of file.
2025-04-24 13:37:54,854 [ERROR] LogOutputStream:75 - [STDERR_REDIRECT] 
2025-04-24 13:37:55,859 [ERROR] LogOutputStream:75 - [STDERR_REDIRECT] [Fatal Error] :1:1: Premature end of file.
2025-04-24 13:37:55,859 [ERROR] LogOutputStream:75 - [STDERR_REDIRECT] 
2025-04-24 13:37:56,862 [ERROR] LogOutputStream:75 - [STDERR_REDIRECT] [Fatal Error] :1:1: Premature end of file.
2025-04-24 13:37:56,862 [ERROR] LogOutputStream:75 - [STDERR_REDIRECT] 
2025-04-24 13:37:57,865 [ERROR] LogOutputStream:75 - [STDERR_REDIRECT] [Fatal Error] :1:1: Premature end of file.
2025-04-24 13:37:57,865 [ERROR] LogOutputStream:75 - [STDERR_REDIRECT] 
2025-04-24 13:37:58,866 [ERROR] LogOutputStream:75 - [STDERR_REDIRECT] [Fatal Error] :1:1: Premature end of file.
2025-04-24 13:37:58,866 [ERROR] LogOutputStream:75 - [STDERR_REDIRECT] 
2025-04-24 13:37:59,870 [ERROR] LogOutputStream:75 - [STDERR_REDIRECT] [Fatal Error] :1:1: Premature end of file.
2025-04-24 13:37:59,870 [ERROR] LogOutputStream:75 - [STDERR_REDIRECT] 
2025-04-24 13:38:00,861 [ERROR] LogOutputStream:75 - [STDERR_REDIRECT] [Fatal Error] :1:1: Premature end of file.
2025-04-24 13:38:00,861 [ERROR] LogOutputStream:75 - [STDERR_REDIRECT] 
2025-04-24 13:38:01,870 [ERROR] LogOutputStream:75 - [STDERR_REDIRECT] [Fatal Error] :1:1: Premature end of file.
2025-04-24 13:38:01,870 [ERROR] LogOutputStream:75 - [STDERR_REDIRECT] 
2025-04-24 13:38:02,862 [ERROR] LogOutputStream:75 - [STDERR_REDIRECT] [Fatal Error] :1:1: Premature end of file.
2025-04-24 13:38:02,862 [ERROR] LogOutputStream:75 - [STDERR_REDIRECT] 
2025-04-24 13:38:03,869 [ERROR] LogOutputStream:75 - [STDERR_REDIRECT] [Fatal Error] :1:1: Premature end of file.
2025-04-24 13:38:03,869 [ERROR] LogOutputStream:75 - [STDERR_REDIRECT] 
2025-04-24 13:38:04,858 [ERROR] LogOutputStream:75 - [STDERR_REDIRECT] [Fatal Error] :1:1: Premature end of file.
2025-04-24 13:38:04,858 [ERROR] LogOutputStream:75 - [STDERR_REDIRECT] 
2025-04-24 13:38:05,861 [ERROR] LogOutputStream:75 - [STDERR_REDIRECT] [Fatal Error] :1:1: Premature end of file.
2025-04-24 13:38:05,861 [ERROR] LogOutputStream:75 - [STDERR_REDIRECT] 
2025-04-24 13:38:06,867 [ERROR] LogOutputStream:75 - [STDERR_REDIRECT] [Fatal Error] :1:1: Premature end of file.
2025-04-24 13:38:06,867 [ERROR] LogOutputStream:75 - [STDERR_REDIRECT] 
2025-04-24 13:38:07,864 [ERROR] LogOutputStream:75 - [STDERR_REDIRECT] [Fatal Error] :1:1: Premature end of file.
2025-04-24 13:38:07,864 [ERROR] LogOutputStream:75 - [STDERR_REDIRECT] 
2025-04-24 13:38:08,859 [ERROR] LogOutputStream:75 - [STDERR_REDIRECT] [Fatal Error] :1:1: Premature end of file.
2025-04-24 13:38:08,859 [ERROR] LogOutputStream:75 - [STDERR_REDIRECT] 
2025-04-24 13:38:09,858 [ERROR] LogOutputStream:75 - [STDERR_REDIRECT] [Fatal Error] :1:1: Premature end of file.
2025-04-24 13:38:09,858 [ERROR] LogOutputStream:75 - [STDERR_REDIRECT] 
2025-04-24 13:38:10,856 [ERROR] LogOutputStream:75 - [STDERR_REDIRECT] [Fatal Error] :1:1: Premature end of file.
2025-04-24 13:38:10,856 [ERROR] LogOutputStream:75 - [STDERR_REDIRECT] 
2025-04-24 13:38:11,853 [ERROR] LogOutputStream:75 - [STDERR_REDIRECT] [Fatal Error] :1:1: Premature end of file.
2025-04-24 13:38:11,853 [ERROR] LogOutputStream:75 - [STDERR_REDIRECT] 
2025-04-24 13:38:12,859 [ERROR] LogOutputStream:75 - [STDERR_REDIRECT] [Fatal Error] :1:1: Premature end of file.
2025-04-24 13:38:12,859 [ERROR] LogOutputStream:75 - [STDERR_REDIRECT] 
2025-04-24 13:38:13,864 [ERROR] LogOutputStream:75 - [STDERR_REDIRECT] [Fatal Error] :1:1: Premature end of file.
2025-04-24 13:38:13,864 [ERROR] LogOutputStream:75 - [STDERR_REDIRECT] 
2025-04-24 13:38:14,869 [ERROR] LogOutputStream:75 - [STDERR_REDIRECT] [Fatal Error] :1:1: Premature end of file.
2025-04-24 13:38:14,869 [ERROR] LogOutputStream:75 - [STDERR_REDIRECT] 
2025-04-24 13:38:15,867 [ERROR] LogOutputStream:75 - [STDERR_REDIRECT] [Fatal Error] :1:1: Premature end of file.
2025-04-24 13:38:15,867 [ERROR] LogOutputStream:75 - [STDERR_REDIRECT] 
2025-04-24 13:38:16,873 [ERROR] LogOutputStream:75 - [STDERR_REDIRECT] [Fatal Error] :1:1: Premature end of file.
2025-04-24 13:38:16,873 [ERROR] LogOutputStream:75 - [STDERR_REDIRECT] 
2025-04-24 13:38:17,865 [ERROR] LogOutputStream:75 - [STDERR_REDIRECT] [Fatal Error] :1:1: Premature end of file.
2025-04-24 13:38:17,865 [ERROR] LogOutputStream:75 - [STDERR_REDIRECT] 
2025-04-24 13:38:18,855 [ERROR] LogOutputStream:75 - [STDERR_REDIRECT] [Fatal Error] :1:1: Premature end of file.
2025-04-24 13:38:18,855 [ERROR] LogOutputStream:75 - [STDERR_REDIRECT] 
2025-04-24 13:38:19,855 [ERROR] LogOutputStream:75 - [STDERR_REDIRECT] [Fatal Error] :1:1: Premature end of file.
2025-04-24 13:38:19,855 [ERROR] LogOutputStream:75 - [STDERR_REDIRECT] 
2025-04-24 13:38:20,857 [ERROR] LogOutputStream:75 - [STDERR_REDIRECT] [Fatal Error] :1:1: Premature end of file.
2025-04-24 13:38:20,857 [ERROR] LogOutputStream:75 - [STDERR_REDIRECT] 
2025-04-24 13:38:21,875 [ERROR] LogOutputStream:75 - [STDERR_REDIRECT] [Fatal Error] :1:1: Premature end of file.
2025-04-24 13:38:21,875 [ERROR] LogOutputStream:75 - [STDERR_REDIRECT] 
2025-04-24 13:38:22,858 [ERROR] LogOutputStream:75 - [STDERR_REDIRECT] [Fatal Error] :1:1: Premature end of file.
2025-04-24 13:38:22,858 [ERROR] LogOutputStream:75 - [STDERR_REDIRECT] 
2025-04-24 13:38:23,861 [ERROR] LogOutputStream:75 - [STDERR_REDIRECT] [Fatal Error] :1:1: Premature end of file.
2025-04-24 13:38:23,861 [ERROR] LogOutputStream:75 - [STDERR_REDIRECT] 
2025-04-24 13:38:24,860 [ERROR] LogOutputStream:75 - [STDERR_REDIRECT] [Fatal Error] :1:1: Premature end of file.
2025-04-24 13:38:24,860 [ERROR] LogOutputStream:75 - [STDERR_REDIRECT] 
2025-04-24 13:38:25,873 [ERROR] LogOutputStream:75 - [STDERR_REDIRECT] [Fatal Error] :1:1: Premature end of file.
2025-04-24 13:38:25,874 [ERROR] LogOutputStream:75 - [STDERR_REDIRECT] 
2025-04-24 13:38:26,874 [ERROR] LogOutputStream:75 - [STDERR_REDIRECT] [Fatal Error] :1:1: Premature end of file.
2025-04-24 13:38:26,874 [ERROR] LogOutputStream:75 - [STDERR_REDIRECT] 
2025-04-24 13:38:27,873 [ERROR] LogOutputStream:75 - [STDERR_REDIRECT] [Fatal Error] :1:1: Premature end of file.
2025-04-24 13:38:27,873 [ERROR] LogOutputStream:75 - [STDERR_REDIRECT] 
2025-04-24 13:38:28,867 [ERROR] LogOutputStream:75 - [STDERR_REDIRECT] [Fatal Error] :1:1: Premature end of file.
2025-04-24 13:38:28,867 [ERROR] LogOutputStream:75 - [STDERR_REDIRECT] 
2025-04-24 13:38:29,870 [ERROR] LogOutputStream:75 - [STDERR_REDIRECT] [Fatal Error] :1:1: Premature end of file.
2025-04-24 13:38:29,870 [ERROR] LogOutputStream:75 - [STDERR_REDIRECT] 
2025-04-24 13:38:30,873 [ERROR] LogOutputStream:75 - [STDERR_REDIRECT] [Fatal Error] :1:1: Premature end of file.
2025-04-24 13:38:30,873 [ERROR] LogOutputStream:75 - [STDERR_REDIRECT] 
2025-04-24 13:38:31,863 [ERROR] LogOutputStream:75 - [STDERR_REDIRECT] [Fatal Error] :1:1: Premature end of file.
2025-04-24 13:38:31,863 [ERROR] LogOutputStream:75 - [STDERR_REDIRECT] 
2025-04-24 13:38:32,857 [ERROR] LogOutputStream:75 - [STDERR_REDIRECT] [Fatal Error] :1:1: Premature end of file.
2025-04-24 13:38:32,859 [ERROR] LogOutputStream:75 - [STDERR_REDIRECT] 
2025-04-24 13:38:33,862 [ERROR] LogOutputStream:75 - [STDERR_REDIRECT] [Fatal Error] :1:1: Premature end of file.
2025-04-24 13:38:33,862 [ERROR] LogOutputStream:75 - [STDERR_REDIRECT] 
2025-04-24 13:38:34,858 [ERROR] LogOutputStream:75 - [STDERR_REDIRECT] [Fatal Error] :1:1: Premature end of file.
2025-04-24 13:38:34,858 [ERROR] LogOutputStream:75 - [STDERR_REDIRECT] 
2025-04-24 13:38:35,865 [ERROR] LogOutputStream:75 - [STDERR_REDIRECT] [Fatal Error] :1:1: Premature end of file.
2025-04-24 13:38:35,865 [ERROR] LogOutputStream:75 - [STDERR_REDIRECT] 
2025-04-24 13:38:36,860 [ERROR] LogOutputStream:75 - [STDERR_REDIRECT] [Fatal Error] :1:1: Premature end of file.
2025-04-24 13:38:36,860 [ERROR] LogOutputStream:75 - [STDERR_REDIRECT] 
2025-04-24 13:38:37,866 [ERROR] LogOutputStream:75 - [STDERR_REDIRECT] [Fatal Error] :1:1: Premature end of file.
2025-04-24 13:38:37,866 [ERROR] LogOutputStream:75 - [STDERR_REDIRECT] 
2025-04-24 13:38:38,867 [ERROR] LogOutputStream:75 - [STDERR_REDIRECT] [Fatal Error] :1:1: Premature end of file.
2025-04-24 13:38:38,867 [ERROR] LogOutputStream:75 - [STDERR_REDIRECT] 
2025-04-24 13:38:39,858 [ERROR] LogOutputStream:75 - [STDERR_REDIRECT] [Fatal Error] :1:1: Premature end of file.
2025-04-24 13:38:39,858 [ERROR] LogOutputStream:75 - [STDERR_REDIRECT] 
2025-04-24 13:38:40,862 [ERROR] LogOutputStream:75 - [STDERR_REDIRECT] [Fatal Error] :1:1: Premature end of file.
2025-04-24 13:38:40,862 [ERROR] LogOutputStream:75 - [STDERR_REDIRECT] 
2025-04-24 13:38:41,862 [ERROR] LogOutputStream:75 - [STDERR_REDIRECT] [Fatal Error] :1:1: Premature end of file.
2025-04-24 13:38:41,862 [ERROR] LogOutputStream:75 - [STDERR_REDIRECT] 
2025-04-24 13:38:42,854 [ERROR] LogOutputStream:75 - [STDERR_REDIRECT] [Fatal Error] :1:1: Premature end of file.
2025-04-24 13:38:42,854 [ERROR] LogOutputStream:75 - [STDERR_REDIRECT] 
2025-04-24 13:38:43,858 [ERROR] LogOutputStream:75 - [STDERR_REDIRECT] [Fatal Error] :1:1: Premature end of file.
2025-04-24 13:38:43,858 [ERROR] LogOutputStream:75 - [STDERR_REDIRECT] 
2025-04-24 13:38:44,861 [ERROR] LogOutputStream:75 - [STDERR_REDIRECT] [Fatal Error] :1:1: Premature end of file.
2025-04-24 13:38:44,861 [ERROR] LogOutputStream:75 - [STDERR_REDIRECT] 
2025-04-24 13:38:45,864 [ERROR] LogOutputStream:75 - [STDERR_REDIRECT] [Fatal Error] :1:1: Premature end of file.
2025-04-24 13:38:45,864 [ERROR] LogOutputStream:75 - [STDERR_REDIRECT] 
2025-04-24 13:38:46,852 [ERROR] LogOutputStream:75 - [STDERR_REDIRECT] [Fatal Error] :1:1: Premature end of file.
2025-04-24 13:38:46,852 [ERROR] LogOutputStream:75 - [STDERR_REDIRECT] 
2025-04-24 13:38:47,869 [ERROR] LogOutputStream:75 - [STDERR_REDIRECT] [Fatal Error] :1:1: Premature end of file.
2025-04-24 13:38:47,869 [ERROR] LogOutputStream:75 - [STDERR_REDIRECT] 
2025-04-24 13:38:48,880 [ERROR] LogOutputStream:75 - [STDERR_REDIRECT] [Fatal Error] :1:1: Premature end of file.
2025-04-24 13:38:48,880 [ERROR] LogOutputStream:75 - [STDERR_REDIRECT] 
2025-04-24 13:38:49,868 [ERROR] LogOutputStream:75 - [STDERR_REDIRECT] [Fatal Error] :1:1: Premature end of file.
2025-04-24 13:38:49,868 [ERROR] LogOutputStream:75 - [STDERR_REDIRECT] 
2025-04-24 13:38:50,855 [ERROR] LogOutputStream:75 - [STDERR_REDIRECT] [Fatal Error] :1:1: Premature end of file.
2025-04-24 13:38:50,855 [ERROR] LogOutputStream:75 - [STDERR_REDIRECT] 
2025-04-24 13:38:51,862 [ERROR] LogOutputStream:75 - [STDERR_REDIRECT] [Fatal Error] :1:1: Premature end of file.
2025-04-24 13:38:51,862 [ERROR] LogOutputStream:75 - [STDERR_REDIRECT] 
2025-04-24 13:38:52,854 [ERROR] LogOutputStream:75 - [STDERR_REDIRECT] [Fatal Error] :1:1: Premature end of file.
2025-04-24 13:38:52,854 [ERROR] LogOutputStream:75 - [STDERR_REDIRECT] 
2025-04-24 13:38:53,856 [ERROR] LogOutputStream:75 - [STDERR_REDIRECT] [Fatal Error] :1:1: Premature end of file.
2025-04-24 13:38:53,856 [ERROR] LogOutputStream:75 - [STDERR_REDIRECT] 
2025-04-24 13:38:54,872 [ERROR] LogOutputStream:75 - [STDERR_REDIRECT] [Fatal Error] :1:1: Premature end of file.
2025-04-24 13:38:54,872 [ERROR] LogOutputStream:75 - [STDERR_REDIRECT] 
2025-04-24 13:38:55,861 [ERROR] LogOutputStream:75 - [STDERR_REDIRECT] [Fatal Error] :1:1: Premature end of file.
2025-04-24 13:38:55,861 [ERROR] LogOutputStream:75 - [STDERR_REDIRECT] 
2025-04-24 13:38:56,859 [ERROR] LogOutputStream:75 - [STDERR_REDIRECT] [Fatal Error] :1:1: Premature end of file.
2025-04-24 13:38:56,859 [ERROR] LogOutputStream:75 - [STDERR_REDIRECT] 
2025-04-24 13:38:57,873 [ERROR] LogOutputStream:75 - [STDERR_REDIRECT] [Fatal Error] :1:1: Premature end of file.
2025-04-24 13:38:57,873 [ERROR] LogOutputStream:75 - [STDERR_REDIRECT] 
2025-04-24 13:38:58,852 [ERROR] LogOutputStream:75 - [STDERR_REDIRECT] [Fatal Error] :1:1: Premature end of file.
2025-04-24 13:38:58,852 [ERROR] LogOutputStream:75 - [STDERR_REDIRECT] 
2025-04-24 13:38:59,867 [ERROR] LogOutputStream:75 - [STDERR_REDIRECT] [Fatal Error] :1:1: Premature end of file.
2025-04-24 13:38:59,867 [ERROR] LogOutputStream:75 - [STDERR_REDIRECT] 
2025-04-24 13:39:00,859 [ERROR] LogOutputStream:75 - [STDERR_REDIRECT] [Fatal Error] :1:1: Premature end of file.
2025-04-24 13:39:00,859 [ERROR] LogOutputStream:75 - [STDERR_REDIRECT] 
2025-04-24 13:39:01,857 [ERROR] LogOutputStream:75 - [STDERR_REDIRECT] [Fatal Error] :1:1: Premature end of file.
2025-04-24 13:39:01,857 [ERROR] LogOutputStream:75 - [STDERR_REDIRECT] 
2025-04-24 13:39:02,861 [ERROR] LogOutputStream:75 - [STDERR_REDIRECT] [Fatal Error] :1:1: Premature end of file.
2025-04-24 13:39:02,861 [ERROR] LogOutputStream:75 - [STDERR_REDIRECT] 
2025-04-24 13:39:03,865 [ERROR] LogOutputStream:75 - [STDERR_REDIRECT] [Fatal Error] :1:1: Premature end of file.
2025-04-24 13:39:03,865 [ERROR] LogOutputStream:75 - [STDERR_REDIRECT] 
2025-04-24 13:39:04,856 [ERROR] LogOutputStream:75 - [STDERR_REDIRECT] [Fatal Error] :1:1: Premature end of file.
2025-04-24 13:39:04,856 [ERROR] LogOutputStream:75 - [STDERR_REDIRECT] 
2025-04-24 13:39:05,853 [ERROR] LogOutputStream:75 - [STDERR_REDIRECT] [Fatal Error] :1:1: Premature end of file.
2025-04-24 13:39:05,853 [ERROR] LogOutputStream:75 - [STDERR_REDIRECT] 
2025-04-24 13:39:06,858 [ERROR] LogOutputStream:75 - [STDERR_REDIRECT] [Fatal Error] :1:1: Premature end of file.
2025-04-24 13:39:06,858 [ERROR] LogOutputStream:75 - [STDERR_REDIRECT] 
2025-04-24 13:39:07,861 [ERROR] LogOutputStream:75 - [STDERR_REDIRECT] [Fatal Error] :1:1: Premature end of file.
2025-04-24 13:39:07,861 [ERROR] LogOutputStream:75 - [STDERR_REDIRECT] 
2025-04-24 13:39:08,865 [ERROR] LogOutputStream:75 - [STDERR_REDIRECT] [Fatal Error] :1:1: Premature end of file.
2025-04-24 13:39:08,865 [ERROR] LogOutputStream:75 - [STDERR_REDIRECT] 
2025-04-24 13:39:09,871 [ERROR] LogOutputStream:75 - [STDERR_REDIRECT] [Fatal Error] :1:1: Premature end of file.
2025-04-24 13:39:09,871 [ERROR] LogOutputStream:75 - [STDERR_REDIRECT] 
2025-04-24 13:39:10,866 [ERROR] LogOutputStream:75 - [STDERR_REDIRECT] [Fatal Error] :1:1: Premature end of file.
2025-04-24 13:39:10,866 [ERROR] LogOutputStream:75 - [STDERR_REDIRECT] 
2025-04-24 13:39:11,876 [ERROR] LogOutputStream:75 - [STDERR_REDIRECT] [Fatal Error] :1:1: Premature end of file.
2025-04-24 13:39:11,876 [ERROR] LogOutputStream:75 - [STDERR_REDIRECT] 
2025-04-24 13:39:12,862 [ERROR] LogOutputStream:75 - [STDERR_REDIRECT] [Fatal Error] :1:1: Premature end of file.
2025-04-24 13:39:12,862 [ERROR] LogOutputStream:75 - [STDERR_REDIRECT] 
2025-04-24 13:39:13,855 [ERROR] LogOutputStream:75 - [STDERR_REDIRECT] [Fatal Error] :1:1: Premature end of file.
2025-04-24 13:39:13,855 [ERROR] LogOutputStream:75 - [STDERR_REDIRECT] 
2025-04-24 13:39:14,857 [ERROR] LogOutputStream:75 - [STDERR_REDIRECT] [Fatal Error] :1:1: Premature end of file.
2025-04-24 13:39:14,857 [ERROR] LogOutputStream:75 - [STDERR_REDIRECT] 
2025-04-24 13:39:15,853 [ERROR] LogOutputStream:75 - [STDERR_REDIRECT] [Fatal Error] :1:1: Premature end of file.
2025-04-24 13:39:15,853 [ERROR] LogOutputStream:75 - [STDERR_REDIRECT] 
2025-04-24 13:39:16,856 [ERROR] LogOutputStream:75 - [STDERR_REDIRECT] [Fatal Error] :1:1: Premature end of file.
2025-04-24 13:39:16,856 [ERROR] LogOutputStream:75 - [STDERR_REDIRECT] 
2025-04-24 13:39:17,868 [ERROR] LogOutputStream:75 - [STDERR_REDIRECT] [Fatal Error] :1:1: Premature end of file.
2025-04-24 13:39:17,868 [ERROR] LogOutputStream:75 - [STDERR_REDIRECT] 
2025-04-24 13:39:18,869 [ERROR] LogOutputStream:75 - [STDERR_REDIRECT] [Fatal Error] :1:1: Premature end of file.
2025-04-24 13:39:18,869 [ERROR] LogOutputStream:75 - [STDERR_REDIRECT] 
2025-04-24 13:39:19,865 [ERROR] LogOutputStream:75 - [STDERR_REDIRECT] [Fatal Error] :1:1: Premature end of file.
2025-04-24 13:39:19,865 [ERROR] LogOutputStream:75 - [STDERR_REDIRECT] 
2025-04-24 13:39:20,860 [ERROR] LogOutputStream:75 - [STDERR_REDIRECT] [Fatal Error] :1:1: Premature end of file.
2025-04-24 13:39:20,860 [ERROR] LogOutputStream:75 - [STDERR_REDIRECT] 
2025-04-24 13:39:21,862 [ERROR] LogOutputStream:75 - [STDERR_REDIRECT] [Fatal Error] :1:1: Premature end of file.
2025-04-24 13:39:21,862 [ERROR] LogOutputStream:75 - [STDERR_REDIRECT] 
2025-04-24 13:39:22,873 [ERROR] LogOutputStream:75 - [STDERR_REDIRECT] [Fatal Error] :1:1: Premature end of file.
2025-04-24 13:39:22,873 [ERROR] LogOutputStream:75 - [STDERR_REDIRECT] 
2025-04-24 13:39:23,866 [ERROR] LogOutputStream:75 - [STDERR_REDIRECT] [Fatal Error] :1:1: Premature end of file.
2025-04-24 13:39:23,866 [ERROR] LogOutputStream:75 - [STDERR_REDIRECT] 
2025-04-24 13:39:24,859 [ERROR] LogOutputStream:75 - [STDERR_REDIRECT] [Fatal Error] :1:1: Premature end of file.
2025-04-24 13:39:24,859 [ERROR] LogOutputStream:75 - [STDERR_REDIRECT] 
2025-04-24 13:39:25,862 [ERROR] LogOutputStream:75 - [STDERR_REDIRECT] [Fatal Error] :1:1: Premature end of file.
2025-04-24 13:39:25,862 [ERROR] LogOutputStream:75 - [STDERR_REDIRECT] 
2025-04-24 13:39:26,865 [ERROR] LogOutputStream:75 - [STDERR_REDIRECT] [Fatal Error] :1:1: Premature end of file.
2025-04-24 13:39:26,865 [ERROR] LogOutputStream:75 - [STDERR_REDIRECT] 
2025-04-24 13:39:27,870 [ERROR] LogOutputStream:75 - [STDERR_REDIRECT] [Fatal Error] :1:1: Premature end of file.
2025-04-24 13:39:27,870 [ERROR] LogOutputStream:75 - [STDERR_REDIRECT] 
2025-04-24 13:39:28,854 [ERROR] LogOutputStream:75 - [STDERR_REDIRECT] [Fatal Error] :1:1: Premature end of file.
2025-04-24 13:39:28,854 [ERROR] LogOutputStream:75 - [STDERR_REDIRECT] 
2025-04-24 13:39:29,864 [ERROR] LogOutputStream:75 - [STDERR_REDIRECT] [Fatal Error] :1:1: Premature end of file.
2025-04-24 13:39:29,864 [ERROR] LogOutputStream:75 - [STDERR_REDIRECT] 
2025-04-24 13:39:30,865 [ERROR] LogOutputStream:75 - [STDERR_REDIRECT] [Fatal Error] :1:1: Premature end of file.
2025-04-24 13:39:30,865 [ERROR] LogOutputStream:75 - [STDERR_REDIRECT] 
2025-04-24 13:39:31,856 [ERROR] LogOutputStream:75 - [STDERR_REDIRECT] [Fatal Error] :1:1: Premature end of file.
2025-04-24 13:39:31,856 [ERROR] LogOutputStream:75 - [STDERR_REDIRECT] 
2025-04-24 13:39:32,866 [ERROR] LogOutputStream:75 - [STDERR_REDIRECT] [Fatal Error] :1:1: Premature end of file.
2025-04-24 13:39:32,866 [ERROR] LogOutputStream:75 - [STDERR_REDIRECT] 
2025-04-24 13:39:33,854 [ERROR] LogOutputStream:75 - [STDERR_REDIRECT] [Fatal Error] :1:1: Premature end of file.
2025-04-24 13:39:33,854 [ERROR] LogOutputStream:75 - [STDERR_REDIRECT] 
2025-04-24 13:39:34,867 [ERROR] LogOutputStream:75 - [STDERR_REDIRECT] [Fatal Error] :1:1: Premature end of file.
2025-04-24 13:39:34,867 [ERROR] LogOutputStream:75 - [STDERR_REDIRECT] 
2025-04-24 13:39:35,861 [ERROR] LogOutputStream:75 - [STDERR_REDIRECT] [Fatal Error] :1:1: Premature end of file.
2025-04-24 13:39:35,861 [ERROR] LogOutputStream:75 - [STDERR_REDIRECT] 
2025-04-24 13:39:36,859 [ERROR] LogOutputStream:75 - [STDERR_REDIRECT] [Fatal Error] :1:1: Premature end of file.
2025-04-24 13:39:36,859 [ERROR] LogOutputStream:75 - [STDERR_REDIRECT] 
2025-04-24 13:39:37,859 [ERROR] LogOutputStream:75 - [STDERR_REDIRECT] [Fatal Error] :1:1: Premature end of file.
2025-04-24 13:39:37,859 [ERROR] LogOutputStream:75 - [STDERR_REDIRECT] 
2025-04-24 13:39:38,865 [ERROR] LogOutputStream:75 - [STDERR_REDIRECT] [Fatal Error] :1:1: Premature end of file.
2025-04-24 13:39:38,865 [ERROR] LogOutputStream:75 - [STDERR_REDIRECT] 
2025-04-24 13:39:39,868 [ERROR] LogOutputStream:75 - [STDERR_REDIRECT] [Fatal Error] :1:1: Premature end of file.
2025-04-24 13:39:39,868 [ERROR] LogOutputStream:75 - [STDERR_REDIRECT] 
2025-04-24 13:39:40,867 [ERROR] LogOutputStream:75 - [STDERR_REDIRECT] [Fatal Error] :1:1: Premature end of file.
2025-04-24 13:39:40,867 [ERROR] LogOutputStream:75 - [STDERR_REDIRECT] 
2025-04-24 13:39:41,857 [ERROR] LogOutputStream:75 - [STDERR_REDIRECT] [Fatal Error] :1:1: Premature end of file.
2025-04-24 13:39:41,857 [ERROR] LogOutputStream:75 - [STDERR_REDIRECT] 
2025-04-24 13:39:42,855 [ERROR] LogOutputStream:75 - [STDERR_REDIRECT] [Fatal Error] :1:1: Premature end of file.
2025-04-24 13:39:42,855 [ERROR] LogOutputStream:75 - [STDERR_REDIRECT] 
2025-04-24 13:39:43,860 [ERROR] LogOutputStream:75 - [STDERR_REDIRECT] [Fatal Error] :1:1: Premature end of file.
2025-04-24 13:39:43,860 [ERROR] LogOutputStream:75 - [STDERR_REDIRECT] 
2025-04-24 13:39:44,862 [ERROR] LogOutputStream:75 - [STDERR_REDIRECT] [Fatal Error] :1:1: Premature end of file.
2025-04-24 13:39:44,862 [ERROR] LogOutputStream:75 - [STDERR_REDIRECT] 
2025-04-24 13:39:45,865 [ERROR] LogOutputStream:75 - [STDERR_REDIRECT] [Fatal Error] :1:1: Premature end of file.
2025-04-24 13:39:45,865 [ERROR] LogOutputStream:75 - [STDERR_REDIRECT] 
2025-04-24 13:39:46,861 [ERROR] LogOutputStream:75 - [STDERR_REDIRECT] [Fatal Error] :1:1: Premature end of file.
2025-04-24 13:39:46,861 [ERROR] LogOutputStream:75 - [STDERR_REDIRECT] 
2025-04-24 13:39:47,870 [ERROR] LogOutputStream:75 - [STDERR_REDIRECT] [Fatal Error] :1:1: Premature end of file.
2025-04-24 13:39:47,870 [ERROR] LogOutputStream:75 - [STDERR_REDIRECT] 
2025-04-24 13:39:48,867 [ERROR] LogOutputStream:75 - [STDERR_REDIRECT] [Fatal Error] :1:1: Premature end of file.
2025-04-24 13:39:48,867 [ERROR] LogOutputStream:75 - [STDERR_REDIRECT] 
2025-04-24 13:39:49,863 [ERROR] LogOutputStream:75 - [STDERR_REDIRECT] [Fatal Error] :1:1: Premature end of file.
2025-04-24 13:39:49,863 [ERROR] LogOutputStream:75 - [STDERR_REDIRECT] 
2025-04-24 13:39:50,858 [ERROR] LogOutputStream:75 - [STDERR_REDIRECT] [Fatal Error] :1:1: Premature end of file.
2025-04-24 13:39:50,858 [ERROR] LogOutputStream:75 - [STDERR_REDIRECT] 
2025-04-24 13:39:51,853 [ERROR] LogOutputStream:75 - [STDERR_REDIRECT] [Fatal Error] :1:1: Premature end of file.
2025-04-24 13:39:51,853 [ERROR] LogOutputStream:75 - [STDERR_REDIRECT] 
2025-04-24 13:39:52,867 [ERROR] LogOutputStream:75 - [STDERR_REDIRECT] [Fatal Error] :1:1: Premature end of file.
2025-04-24 13:39:52,867 [ERROR] LogOutputStream:75 - [STDERR_REDIRECT] 
2025-04-24 13:39:53,874 [ERROR] LogOutputStream:75 - [STDERR_REDIRECT] [Fatal Error] :1:1: Premature end of file.
2025-04-24 13:39:53,874 [ERROR] LogOutputStream:75 - [STDERR_REDIRECT] 
2025-04-24 13:39:54,860 [ERROR] LogOutputStream:75 - [STDERR_REDIRECT] [Fatal Error] :1:1: Premature end of file.
2025-04-24 13:39:54,860 [ERROR] LogOutputStream:75 - [STDERR_REDIRECT] 
2025-04-24 13:39:55,860 [ERROR] LogOutputStream:75 - [STDERR_REDIRECT] [Fatal Error] :1:1: Premature end of file.
2025-04-24 13:39:55,860 [ERROR] LogOutputStream:75 - [STDERR_REDIRECT] 
2025-04-24 13:39:56,865 [ERROR] LogOutputStream:75 - [STDERR_REDIRECT] [Fatal Error] :1:1: Premature end of file.
2025-04-24 13:39:56,865 [ERROR] LogOutputStream:75 - [STDERR_REDIRECT] 
2025-04-24 13:39:57,856 [ERROR] LogOutputStream:75 - [STDERR_REDIRECT] [Fatal Error] :1:1: Premature end of file.
2025-04-24 13:39:57,856 [ERROR] LogOutputStream:75 - [STDERR_REDIRECT] 
2025-04-24 13:39:58,864 [ERROR] LogOutputStream:75 - [STDERR_REDIRECT] [Fatal Error] :1:1: Premature end of file.
2025-04-24 13:39:58,864 [ERROR] LogOutputStream:75 - [STDERR_REDIRECT] 
2025-04-24 13:39:59,866 [ERROR] LogOutputStream:75 - [STDERR_REDIRECT] [Fatal Error] :1:1: Premature end of file.
2025-04-24 13:39:59,866 [ERROR] LogOutputStream:75 - [STDERR_REDIRECT] 
2025-04-24 13:40:00,864 [ERROR] LogOutputStream:75 - [STDERR_REDIRECT] [Fatal Error] :1:1: Premature end of file.
2025-04-24 13:40:00,864 [ERROR] LogOutputStream:75 - [STDERR_REDIRECT] 
2025-04-24 13:40:01,865 [ERROR] LogOutputStream:75 - [STDERR_REDIRECT] [Fatal Error] :1:1: Premature end of file.
2025-04-24 13:40:01,865 [ERROR] LogOutputStream:75 - [STDERR_REDIRECT] 
2025-04-24 13:40:02,865 [ERROR] LogOutputStream:75 - [STDERR_REDIRECT] [Fatal Error] :1:1: Premature end of file.
2025-04-24 13:40:02,865 [ERROR] LogOutputStream:75 - [STDERR_REDIRECT] 
2025-04-24 13:40:03,860 [ERROR] LogOutputStream:75 - [STDERR_REDIRECT] [Fatal Error] :1:1: Premature end of file.
2025-04-24 13:40:03,860 [ERROR] LogOutputStream:75 - [STDERR_REDIRECT] 
2025-04-24 13:40:04,861 [ERROR] LogOutputStream:75 - [STDERR_REDIRECT] [Fatal Error] :1:1: Premature end of file.
2025-04-24 13:40:04,861 [ERROR] LogOutputStream:75 - [STDERR_REDIRECT] 
2025-04-24 13:40:05,855 [ERROR] LogOutputStream:75 - [STDERR_REDIRECT] [Fatal Error] :1:1: Premature end of file.
2025-04-24 13:40:05,855 [ERROR] LogOutputStream:75 - [STDERR_REDIRECT] 
2025-04-24 13:40:06,865 [ERROR] LogOutputStream:75 - [STDERR_REDIRECT] [Fatal Error] :1:1: Premature end of file.
2025-04-24 13:40:06,865 [ERROR] LogOutputStream:75 - [STDERR_REDIRECT] 
2025-04-24 13:40:07,856 [ERROR] LogOutputStream:75 - [STDERR_REDIRECT] [Fatal Error] :1:1: Premature end of file.
2025-04-24 13:40:07,856 [ERROR] LogOutputStream:75 - [STDERR_REDIRECT] 
2025-04-24 13:40:08,862 [ERROR] LogOutputStream:75 - [STDERR_REDIRECT] [Fatal Error] :1:1: Premature end of file.
2025-04-24 13:40:08,862 [ERROR] LogOutputStream:75 - [STDERR_REDIRECT] 
2025-04-24 13:40:09,859 [ERROR] LogOutputStream:75 - [STDERR_REDIRECT] [Fatal Error] :1:1: Premature end of file.
2025-04-24 13:40:09,859 [ERROR] LogOutputStream:75 - [STDERR_REDIRECT] 
2025-04-24 13:40:10,868 [ERROR] LogOutputStream:75 - [STDERR_REDIRECT] [Fatal Error] :1:1: Premature end of file.
2025-04-24 13:40:10,868 [ERROR] LogOutputStream:75 - [STDERR_REDIRECT] 
2025-04-24 13:40:11,876 [ERROR] LogOutputStream:75 - [STDERR_REDIRECT] [Fatal Error] :1:1: Premature end of file.
2025-04-24 13:40:11,876 [ERROR] LogOutputStream:75 - [STDERR_REDIRECT] 
2025-04-24 13:40:12,857 [ERROR] LogOutputStream:75 - [STDERR_REDIRECT] [Fatal Error] :1:1: Premature end of file.
2025-04-24 13:40:12,857 [ERROR] LogOutputStream:75 - [STDERR_REDIRECT] 
2025-04-24 13:40:13,873 [ERROR] LogOutputStream:75 - [STDERR_REDIRECT] [Fatal Error] :1:1: Premature end of file.
2025-04-24 13:40:13,873 [ERROR] LogOutputStream:75 - [STDERR_REDIRECT] 
2025-04-24 13:40:14,874 [ERROR] LogOutputStream:75 - [STDERR_REDIRECT] [Fatal Error] :1:1: Premature end of file.
2025-04-24 13:40:14,874 [ERROR] LogOutputStream:75 - [STDERR_REDIRECT] 
2025-04-24 13:40:15,865 [ERROR] LogOutputStream:75 - [STDERR_REDIRECT] [Fatal Error] :1:1: Premature end of file.
2025-04-24 13:40:15,865 [ERROR] LogOutputStream:75 - [STDERR_REDIRECT] 
2025-04-24 13:40:16,863 [ERROR] LogOutputStream:75 - [STDERR_REDIRECT] [Fatal Error] :1:1: Premature end of file.
2025-04-24 13:40:16,863 [ERROR] LogOutputStream:75 - [STDERR_REDIRECT] 
2025-04-24 13:40:17,870 [ERROR] LogOutputStream:75 - [STDERR_REDIRECT] [Fatal Error] :1:1: Premature end of file.
2025-04-24 13:40:17,870 [ERROR] LogOutputStream:75 - [STDERR_REDIRECT] 
2025-04-24 13:40:18,864 [ERROR] LogOutputStream:75 - [STDERR_REDIRECT] [Fatal Error] :1:1: Premature end of file.
2025-04-24 13:40:18,864 [ERROR] LogOutputStream:75 - [STDERR_REDIRECT] 
2025-04-24 13:40:19,844 [ERROR] LogOutputStream:75 - [STDERR_REDIRECT] [Fatal Error] :1:1: Premature end of file.
2025-04-24 13:40:19,844 [ERROR] LogOutputStream:75 - [STDERR_REDIRECT] 
2025-04-24 13:40:20,864 [ERROR] LogOutputStream:75 - [STDERR_REDIRECT] [Fatal Error] :1:1: Premature end of file.
2025-04-24 13:40:20,864 [ERROR] LogOutputStream:75 - [STDERR_REDIRECT] 
2025-04-24 13:40:21,852 [ERROR] LogOutputStream:75 - [STDERR_REDIRECT] [Fatal Error] :1:1: Premature end of file.
2025-04-24 13:40:21,852 [ERROR] LogOutputStream:75 - [STDERR_REDIRECT] 
2025-04-24 13:40:22,867 [ERROR] LogOutputStream:75 - [STDERR_REDIRECT] [Fatal Error] :1:1: Premature end of file.
2025-04-24 13:40:22,867 [ERROR] LogOutputStream:75 - [STDERR_REDIRECT] 
2025-04-24 13:40:23,863 [ERROR] LogOutputStream:75 - [STDERR_REDIRECT] [Fatal Error] :1:1: Premature end of file.
2025-04-24 13:40:23,863 [ERROR] LogOutputStream:75 - [STDERR_REDIRECT] 
2025-04-24 13:40:24,859 [ERROR] LogOutputStream:75 - [STDERR_REDIRECT] [Fatal Error] :1:1: Premature end of file.
2025-04-24 13:40:24,859 [ERROR] LogOutputStream:75 - [STDERR_REDIRECT] 
2025-04-24 13:40:25,864 [ERROR] LogOutputStream:75 - [STDERR_REDIRECT] [Fatal Error] :1:1: Premature end of file.
2025-04-24 13:40:25,864 [ERROR] LogOutputStream:75 - [STDERR_REDIRECT] 
2025-04-24 13:40:26,869 [ERROR] LogOutputStream:75 - [STDERR_REDIRECT] [Fatal Error] :1:1: Premature end of file.
2025-04-24 13:40:26,869 [ERROR] LogOutputStream:75 - [STDERR_REDIRECT] 
2025-04-24 13:40:27,853 [ERROR] LogOutputStream:75 - [STDERR_REDIRECT] [Fatal Error] :1:1: Premature end of file.
2025-04-24 13:40:27,853 [ERROR] LogOutputStream:75 - [STDERR_REDIRECT] 
2025-04-24 13:40:28,854 [ERROR] LogOutputStream:75 - [STDERR_REDIRECT] [Fatal Error] :1:1: Premature end of file.
2025-04-24 13:40:28,854 [ERROR] LogOutputStream:75 - [STDERR_REDIRECT] 
2025-04-24 13:40:29,858 [ERROR] LogOutputStream:75 - [STDERR_REDIRECT] [Fatal Error] :1:1: Premature end of file.
2025-04-24 13:40:29,858 [ERROR] LogOutputStream:75 - [STDERR_REDIRECT] 
2025-04-24 13:40:30,861 [ERROR] LogOutputStream:75 - [STDERR_REDIRECT] [Fatal Error] :1:1: Premature end of file.
2025-04-24 13:40:30,861 [ERROR] LogOutputStream:75 - [STDERR_REDIRECT] 
2025-04-24 13:40:31,853 [ERROR] LogOutputStream:75 - [STDERR_REDIRECT] [Fatal Error] :1:1: Premature end of file.
2025-04-24 13:40:31,853 [ERROR] LogOutputStream:75 - [STDERR_REDIRECT] 
2025-04-24 13:40:32,858 [ERROR] LogOutputStream:75 - [STDERR_REDIRECT] [Fatal Error] :1:1: Premature end of file.
2025-04-24 13:40:32,858 [ERROR] LogOutputStream:75 - [STDERR_REDIRECT] 
2025-04-24 13:40:33,864 [ERROR] LogOutputStream:75 - [STDERR_REDIRECT] [Fatal Error] :1:1: Premature end of file.
2025-04-24 13:40:33,864 [ERROR] LogOutputStream:75 - [STDERR_REDIRECT] 
2025-04-24 13:40:34,867 [ERROR] LogOutputStream:75 - [STDERR_REDIRECT] [Fatal Error] :1:1: Premature end of file.
2025-04-24 13:40:34,867 [ERROR] LogOutputStream:75 - [STDERR_REDIRECT] 
2025-04-24 13:40:35,853 [ERROR] LogOutputStream:75 - [STDERR_REDIRECT] [Fatal Error] :1:1: Premature end of file.
2025-04-24 13:40:35,853 [ERROR] LogOutputStream:75 - [STDERR_REDIRECT] 
2025-04-24 13:40:36,857 [ERROR] LogOutputStream:75 - [STDERR_REDIRECT] [Fatal Error] :1:1: Premature end of file.
2025-04-24 13:40:36,857 [ERROR] LogOutputStream:75 - [STDERR_REDIRECT] 
2025-04-24 13:40:37,861 [ERROR] LogOutputStream:75 - [STDERR_REDIRECT] [Fatal Error] :1:1: Premature end of file.
2025-04-24 13:40:37,861 [ERROR] LogOutputStream:75 - [STDERR_REDIRECT] 
2025-04-24 13:40:38,871 [ERROR] LogOutputStream:75 - [STDERR_REDIRECT] [Fatal Error] :1:1: Premature end of file.
2025-04-24 13:40:38,871 [ERROR] LogOutputStream:75 - [STDERR_REDIRECT] 
2025-04-24 13:40:39,871 [ERROR] LogOutputStream:75 - [STDERR_REDIRECT] [Fatal Error] :1:1: Premature end of file.
2025-04-24 13:40:39,871 [ERROR] LogOutputStream:75 - [STDERR_REDIRECT] 
2025-04-24 13:40:40,859 [ERROR] LogOutputStream:75 - [STDERR_REDIRECT] [Fatal Error] :1:1: Premature end of file.
2025-04-24 13:40:40,859 [ERROR] LogOutputStream:75 - [STDERR_REDIRECT] 
2025-04-24 13:40:41,864 [ERROR] LogOutputStream:75 - [STDERR_REDIRECT] [Fatal Error] :1:1: Premature end of file.
2025-04-24 13:40:41,873 [ERROR] LogOutputStream:75 - [STDERR_REDIRECT] 
2025-04-24 13:40:42,869 [ERROR] LogOutputStream:75 - [STDERR_REDIRECT] [Fatal Error] :1:1: Premature end of file.
2025-04-24 13:40:42,869 [ERROR] LogOutputStream:75 - [STDERR_REDIRECT] 
2025-04-24 13:40:43,867 [ERROR] LogOutputStream:75 - [STDERR_REDIRECT] [Fatal Error] :1:1: Premature end of file.
2025-04-24 13:40:43,867 [ERROR] LogOutputStream:75 - [STDERR_REDIRECT] 
2025-04-24 13:40:44,858 [ERROR] LogOutputStream:75 - [STDERR_REDIRECT] [Fatal Error] :1:1: Premature end of file.
2025-04-24 13:40:44,858 [ERROR] LogOutputStream:75 - [STDERR_REDIRECT] 
2025-04-24 13:40:45,867 [ERROR] LogOutputStream:75 - [STDERR_REDIRECT] [Fatal Error] :1:1: Premature end of file.
2025-04-24 13:40:45,867 [ERROR] LogOutputStream:75 - [STDERR_REDIRECT] 
2025-04-24 13:40:46,863 [ERROR] LogOutputStream:75 - [STDERR_REDIRECT] [Fatal Error] :1:1: Premature end of file.
2025-04-24 13:40:46,863 [ERROR] LogOutputStream:75 - [STDERR_REDIRECT] 
2025-04-24 13:40:47,869 [ERROR] LogOutputStream:75 - [STDERR_REDIRECT] [Fatal Error] :1:1: Premature end of file.
2025-04-24 13:40:47,869 [ERROR] LogOutputStream:75 - [STDERR_REDIRECT] 
2025-04-24 13:40:48,869 [ERROR] LogOutputStream:75 - [STDERR_REDIRECT] [Fatal Error] :1:1: Premature end of file.
2025-04-24 13:40:48,869 [ERROR] LogOutputStream:75 - [STDERR_REDIRECT] 
2025-04-24 13:40:49,860 [ERROR] LogOutputStream:75 - [STDERR_REDIRECT] [Fatal Error] :1:1: Premature end of file.
2025-04-24 13:40:49,860 [ERROR] LogOutputStream:75 - [STDERR_REDIRECT] 
2025-04-24 13:40:50,861 [ERROR] LogOutputStream:75 - [STDERR_REDIRECT] [Fatal Error] :1:1: Premature end of file.
2025-04-24 13:40:50,861 [ERROR] LogOutputStream:75 - [STDERR_REDIRECT] 
2025-04-24 13:40:51,855 [ERROR] LogOutputStream:75 - [STDERR_REDIRECT] [Fatal Error] :1:1: Premature end of file.
2025-04-24 13:40:51,855 [ERROR] LogOutputStream:75 - [STDERR_REDIRECT] 
2025-04-24 13:40:52,862 [ERROR] LogOutputStream:75 - [STDERR_REDIRECT] [Fatal Error] :1:1: Premature end of file.
2025-04-24 13:40:52,862 [ERROR] LogOutputStream:75 - [STDERR_REDIRECT] 
2025-04-24 13:40:53,870 [ERROR] LogOutputStream:75 - [STDERR_REDIRECT] [Fatal Error] :1:1: Premature end of file.
2025-04-24 13:40:53,870 [ERROR] LogOutputStream:75 - [STDERR_REDIRECT] 
2025-04-24 13:40:54,863 [ERROR] LogOutputStream:75 - [STDERR_REDIRECT] [Fatal Error] :1:1: Premature end of file.
2025-04-24 13:40:54,863 [ERROR] LogOutputStream:75 - [STDERR_REDIRECT] 
2025-04-24 13:40:55,864 [ERROR] LogOutputStream:75 - [STDERR_REDIRECT] [Fatal Error] :1:1: Premature end of file.
2025-04-24 13:40:55,864 [ERROR] LogOutputStream:75 - [STDERR_REDIRECT] 
2025-04-24 13:40:56,862 [ERROR] LogOutputStream:75 - [STDERR_REDIRECT] [Fatal Error] :1:1: Premature end of file.
2025-04-24 13:40:56,862 [ERROR] LogOutputStream:75 - [STDERR_REDIRECT] 
2025-04-24 13:40:57,865 [ERROR] LogOutputStream:75 - [STDERR_REDIRECT] [Fatal Error] :1:1: Premature end of file.
2025-04-24 13:40:57,865 [ERROR] LogOutputStream:75 - [STDERR_REDIRECT] 
2025-04-24 13:40:58,867 [ERROR] LogOutputStream:75 - [STDERR_REDIRECT] [Fatal Error] :1:1: Premature end of file.
2025-04-24 13:40:58,867 [ERROR] LogOutputStream:75 - [STDERR_REDIRECT] 
2025-04-24 13:40:59,864 [ERROR] LogOutputStream:75 - [STDERR_REDIRECT] [Fatal Error] :1:1: Premature end of file.
2025-04-24 13:40:59,864 [ERROR] LogOutputStream:75 - [STDERR_REDIRECT] 
2025-04-24 13:41:00,869 [ERROR] LogOutputStream:75 - [STDERR_REDIRECT] [Fatal Error] :1:1: Premature end of file.
2025-04-24 13:41:00,869 [ERROR] LogOutputStream:75 - [STDERR_REDIRECT] 
2025-04-24 13:41:01,867 [ERROR] LogOutputStream:75 - [STDERR_REDIRECT] [Fatal Error] :1:1: Premature end of file.
2025-04-24 13:41:01,867 [ERROR] LogOutputStream:75 - [STDERR_REDIRECT] 
2025-04-24 13:41:02,865 [ERROR] LogOutputStream:75 - [STDERR_REDIRECT] [Fatal Error] :1:1: Premature end of file.
2025-04-24 13:41:02,865 [ERROR] LogOutputStream:75 - [STDERR_REDIRECT] 
2025-04-24 13:41:03,867 [ERROR] LogOutputStream:75 - [STDERR_REDIRECT] [Fatal Error] :1:1: Premature end of file.
2025-04-24 13:41:03,867 [ERROR] LogOutputStream:75 - [STDERR_REDIRECT] 
2025-04-24 13:41:04,877 [ERROR] LogOutputStream:75 - [STDERR_REDIRECT] [Fatal Error] :1:1: Premature end of file.
2025-04-24 13:41:04,877 [ERROR] LogOutputStream:75 - [STDERR_REDIRECT] 
2025-04-24 13:41:05,873 [ERROR] LogOutputStream:75 - [STDERR_REDIRECT] [Fatal Error] :1:1: Premature end of file.
2025-04-24 13:41:05,873 [ERROR] LogOutputStream:75 - [STDERR_REDIRECT] 
2025-04-24 13:41:06,873 [ERROR] LogOutputStream:75 - [STDERR_REDIRECT] [Fatal Error] :1:1: Premature end of file.
2025-04-24 13:41:06,873 [ERROR] LogOutputStream:75 - [STDERR_REDIRECT] 
2025-04-24 13:41:07,858 [ERROR] LogOutputStream:75 - [STDERR_REDIRECT] [Fatal Error] :1:1: Premature end of file.
2025-04-24 13:41:07,858 [ERROR] LogOutputStream:75 - [STDERR_REDIRECT] 
2025-04-24 13:41:08,869 [ERROR] LogOutputStream:75 - [STDERR_REDIRECT] [Fatal Error] :1:1: Premature end of file.
2025-04-24 13:41:08,869 [ERROR] LogOutputStream:75 - [STDERR_REDIRECT] 
2025-04-24 13:41:09,874 [ERROR] LogOutputStream:75 - [STDERR_REDIRECT] [Fatal Error] :1:1: Premature end of file.
2025-04-24 13:41:09,874 [ERROR] LogOutputStream:75 - [STDERR_REDIRECT] 
2025-04-24 13:41:10,860 [ERROR] LogOutputStream:75 - [STDERR_REDIRECT] [Fatal Error] :1:1: Premature end of file.
2025-04-24 13:41:10,860 [ERROR] LogOutputStream:75 - [STDERR_REDIRECT] 
2025-04-24 13:41:11,865 [ERROR] LogOutputStream:75 - [STDERR_REDIRECT] [Fatal Error] :1:1: Premature end of file.
2025-04-24 13:41:11,865 [ERROR] LogOutputStream:75 - [STDERR_REDIRECT] 
2025-04-24 13:41:12,861 [ERROR] LogOutputStream:75 - [STDERR_REDIRECT] [Fatal Error] :1:1: Premature end of file.
2025-04-24 13:41:12,861 [ERROR] LogOutputStream:75 - [STDERR_REDIRECT] 
2025-04-24 13:41:13,853 [ERROR] LogOutputStream:75 - [STDERR_REDIRECT] [Fatal Error] :1:1: Premature end of file.
2025-04-24 13:41:13,853 [ERROR] LogOutputStream:75 - [STDERR_REDIRECT] 
2025-04-24 13:41:14,862 [ERROR] LogOutputStream:75 - [STDERR_REDIRECT] [Fatal Error] :1:1: Premature end of file.
2025-04-24 13:41:14,862 [ERROR] LogOutputStream:75 - [STDERR_REDIRECT] 
2025-04-24 13:41:15,856 [ERROR] LogOutputStream:75 - [STDERR_REDIRECT] [Fatal Error] :1:1: Premature end of file.
2025-04-24 13:41:15,856 [ERROR] LogOutputStream:75 - [STDERR_REDIRECT] 
2025-04-24 13:41:16,865 [ERROR] LogOutputStream:75 - [STDERR_REDIRECT] [Fatal Error] :1:1: Premature end of file.
2025-04-24 13:41:16,865 [ERROR] LogOutputStream:75 - [STDERR_REDIRECT] 
2025-04-24 13:41:17,872 [ERROR] LogOutputStream:75 - [STDERR_REDIRECT] [Fatal Error] :1:1: Premature end of file.
2025-04-24 13:41:17,872 [ERROR] LogOutputStream:75 - [STDERR_REDIRECT] 
2025-04-24 13:41:18,868 [ERROR] LogOutputStream:75 - [STDERR_REDIRECT] [Fatal Error] :1:1: Premature end of file.
2025-04-24 13:41:18,868 [ERROR] LogOutputStream:75 - [STDERR_REDIRECT] 
2025-04-24 13:41:19,868 [ERROR] LogOutputStream:75 - [STDERR_REDIRECT] [Fatal Error] :1:1: Premature end of file.
2025-04-24 13:41:19,868 [ERROR] LogOutputStream:75 - [STDERR_REDIRECT] 
2025-04-24 13:41:20,856 [ERROR] LogOutputStream:75 - [STDERR_REDIRECT] [Fatal Error] :1:1: Premature end of file.
2025-04-24 13:41:20,856 [ERROR] LogOutputStream:75 - [STDERR_REDIRECT] 
2025-04-24 13:41:21,864 [ERROR] LogOutputStream:75 - [STDERR_REDIRECT] [Fatal Error] :1:1: Premature end of file.
2025-04-24 13:41:21,864 [ERROR] LogOutputStream:75 - [STDERR_REDIRECT] 
2025-04-24 13:41:22,862 [ERROR] LogOutputStream:75 - [STDERR_REDIRECT] [Fatal Error] :1:1: Premature end of file.
2025-04-24 13:41:22,862 [ERROR] LogOutputStream:75 - [STDERR_REDIRECT] 
2025-04-24 13:41:23,862 [ERROR] LogOutputStream:75 - [STDERR_REDIRECT] [Fatal Error] :1:1: Premature end of file.
2025-04-24 13:41:23,862 [ERROR] LogOutputStream:75 - [STDERR_REDIRECT] 
2025-04-24 13:41:24,863 [ERROR] LogOutputStream:75 - [STDERR_REDIRECT] [Fatal Error] :1:1: Premature end of file.
2025-04-24 13:41:24,863 [ERROR] LogOutputStream:75 - [STDERR_REDIRECT] 
2025-04-24 13:41:25,854 [ERROR] LogOutputStream:75 - [STDERR_REDIRECT] [Fatal Error] :1:1: Premature end of file.
2025-04-24 13:41:25,854 [ERROR] LogOutputStream:75 - [STDERR_REDIRECT] 
2025-04-24 13:41:26,872 [ERROR] LogOutputStream:75 - [STDERR_REDIRECT] [Fatal Error] :1:1: Premature end of file.
2025-04-24 13:41:26,872 [ERROR] LogOutputStream:75 - [STDERR_REDIRECT] 
2025-04-24 13:41:27,863 [ERROR] LogOutputStream:75 - [STDERR_REDIRECT] [Fatal Error] :1:1: Premature end of file.
2025-04-24 13:41:27,863 [ERROR] LogOutputStream:75 - [STDERR_REDIRECT] 
2025-04-24 13:41:28,867 [ERROR] LogOutputStream:75 - [STDERR_REDIRECT] [Fatal Error] :1:1: Premature end of file.
2025-04-24 13:41:28,867 [ERROR] LogOutputStream:75 - [STDERR_REDIRECT] 
2025-04-24 13:41:29,868 [ERROR] LogOutputStream:75 - [STDERR_REDIRECT] [Fatal Error] :1:1: Premature end of file.
2025-04-24 13:41:29,868 [ERROR] LogOutputStream:75 - [STDERR_REDIRECT] 
2025-04-24 13:41:30,863 [ERROR] LogOutputStream:75 - [STDERR_REDIRECT] [Fatal Error] :1:1: Premature end of file.
2025-04-24 13:41:30,863 [ERROR] LogOutputStream:75 - [STDERR_REDIRECT] 
2025-04-24 13:41:31,862 [ERROR] LogOutputStream:75 - [STDERR_REDIRECT] [Fatal Error] :1:1: Premature end of file.
2025-04-24 13:41:31,862 [ERROR] LogOutputStream:75 - [STDERR_REDIRECT] 
2025-04-24 13:41:32,865 [ERROR] LogOutputStream:75 - [STDERR_REDIRECT] [Fatal Error] :1:1: Premature end of file.
2025-04-24 13:41:32,865 [ERROR] LogOutputStream:75 - [STDERR_REDIRECT] 
2025-04-24 13:41:33,863 [ERROR] LogOutputStream:75 - [STDERR_REDIRECT] [Fatal Error] :1:1: Premature end of file.
2025-04-24 13:41:33,863 [ERROR] LogOutputStream:75 - [STDERR_REDIRECT] 
2025-04-24 13:41:34,863 [ERROR] LogOutputStream:75 - [STDERR_REDIRECT] [Fatal Error] :1:1: Premature end of file.
2025-04-24 13:41:34,863 [ERROR] LogOutputStream:75 - [STDERR_REDIRECT] 
2025-04-24 13:41:35,861 [ERROR] LogOutputStream:75 - [STDERR_REDIRECT] [Fatal Error] :1:1: Premature end of file.
2025-04-24 13:41:35,861 [ERROR] LogOutputStream:75 - [STDERR_REDIRECT] 
2025-04-24 13:41:36,867 [ERROR] LogOutputStream:75 - [STDERR_REDIRECT] [Fatal Error] :1:1: Premature end of file.
2025-04-24 13:41:36,867 [ERROR] LogOutputStream:75 - [STDERR_REDIRECT] 
2025-04-24 13:41:37,866 [ERROR] LogOutputStream:75 - [STDERR_REDIRECT] [Fatal Error] :1:1: Premature end of file.
2025-04-24 13:41:37,866 [ERROR] LogOutputStream:75 - [STDERR_REDIRECT] 
2025-04-24 13:41:38,869 [ERROR] LogOutputStream:75 - [STDERR_REDIRECT] [Fatal Error] :1:1: Premature end of file.
2025-04-24 13:41:38,869 [ERROR] LogOutputStream:75 - [STDERR_REDIRECT] 
2025-04-24 13:41:39,856 [ERROR] LogOutputStream:75 - [STDERR_REDIRECT] [Fatal Error] :1:1: Premature end of file.
2025-04-24 13:41:39,856 [ERROR] LogOutputStream:75 - [STDERR_REDIRECT] 
2025-04-24 13:41:40,860 [ERROR] LogOutputStream:75 - [STDERR_REDIRECT] [Fatal Error] :1:1: Premature end of file.
2025-04-24 13:41:40,860 [ERROR] LogOutputStream:75 - [STDERR_REDIRECT] 
2025-04-24 13:41:41,860 [ERROR] LogOutputStream:75 - [STDERR_REDIRECT] [Fatal Error] :1:1: Premature end of file.
2025-04-24 13:41:41,860 [ERROR] LogOutputStream:75 - [STDERR_REDIRECT] 
2025-04-24 13:41:42,866 [ERROR] LogOutputStream:75 - [STDERR_REDIRECT] [Fatal Error] :1:1: Premature end of file.
2025-04-24 13:41:42,866 [ERROR] LogOutputStream:75 - [STDERR_REDIRECT] 
2025-04-24 13:41:43,866 [ERROR] LogOutputStream:75 - [STDERR_REDIRECT] [Fatal Error] :1:1: Premature end of file.
2025-04-24 13:41:43,866 [ERROR] LogOutputStream:75 - [STDERR_REDIRECT] 
2025-04-24 13:41:44,870 [ERROR] LogOutputStream:75 - [STDERR_REDIRECT] [Fatal Error] :1:1: Premature end of file.
2025-04-24 13:41:44,870 [ERROR] LogOutputStream:75 - [STDERR_REDIRECT] 
2025-04-24 13:41:45,865 [ERROR] LogOutputStream:75 - [STDERR_REDIRECT] [Fatal Error] :1:1: Premature end of file.
2025-04-24 13:41:45,865 [ERROR] LogOutputStream:75 - [STDERR_REDIRECT] 
2025-04-24 13:41:46,864 [ERROR] LogOutputStream:75 - [STDERR_REDIRECT] [Fatal Error] :1:1: Premature end of file.
2025-04-24 13:41:46,864 [ERROR] LogOutputStream:75 - [STDERR_REDIRECT] 
2025-04-24 13:41:47,861 [ERROR] LogOutputStream:75 - [STDERR_REDIRECT] [Fatal Error] :1:1: Premature end of file.
2025-04-24 13:41:47,861 [ERROR] LogOutputStream:75 - [STDERR_REDIRECT] 
2025-04-24 13:41:48,859 [ERROR] LogOutputStream:75 - [STDERR_REDIRECT] [Fatal Error] :1:1: Premature end of file.
2025-04-24 13:41:48,859 [ERROR] LogOutputStream:75 - [STDERR_REDIRECT] 
2025-04-24 13:41:49,863 [ERROR] LogOutputStream:75 - [STDERR_REDIRECT] [Fatal Error] :1:1: Premature end of file.
2025-04-24 13:41:49,863 [ERROR] LogOutputStream:75 - [STDERR_REDIRECT] 
2025-04-24 13:41:50,854 [ERROR] LogOutputStream:75 - [STDERR_REDIRECT] [Fatal Error] :1:1: Premature end of file.
2025-04-24 13:41:50,854 [ERROR] LogOutputStream:75 - [STDERR_REDIRECT] 
2025-04-24 13:41:51,853 [ERROR] LogOutputStream:75 - [STDERR_REDIRECT] [Fatal Error] :1:1: Premature end of file.
2025-04-24 13:41:51,853 [ERROR] LogOutputStream:75 - [STDERR_REDIRECT] 
2025-04-24 13:41:52,856 [ERROR] LogOutputStream:75 - [STDERR_REDIRECT] [Fatal Error] :1:1: Premature end of file.
2025-04-24 13:41:52,856 [ERROR] LogOutputStream:75 - [STDERR_REDIRECT] 
2025-04-24 13:41:53,866 [ERROR] LogOutputStream:75 - [STDERR_REDIRECT] [Fatal Error] :1:1: Premature end of file.
2025-04-24 13:41:53,866 [ERROR] LogOutputStream:75 - [STDERR_REDIRECT] 
2025-04-24 13:41:54,858 [ERROR] LogOutputStream:75 - [STDERR_REDIRECT] [Fatal Error] :1:1: Premature end of file.
2025-04-24 13:41:54,858 [ERROR] LogOutputStream:75 - [STDERR_REDIRECT] 
2025-04-24 13:41:55,857 [ERROR] LogOutputStream:75 - [STDERR_REDIRECT] [Fatal Error] :1:1: Premature end of file.
2025-04-24 13:41:55,857 [ERROR] LogOutputStream:75 - [STDERR_REDIRECT] 
2025-04-24 13:41:56,856 [ERROR] LogOutputStream:75 - [STDERR_REDIRECT] [Fatal Error] :1:1: Premature end of file.
2025-04-24 13:41:56,856 [ERROR] LogOutputStream:75 - [STDERR_REDIRECT] 
2025-04-24 13:41:57,862 [ERROR] LogOutputStream:75 - [STDERR_REDIRECT] [Fatal Error] :1:1: Premature end of file.
2025-04-24 13:41:57,862 [ERROR] LogOutputStream:75 - [STDERR_REDIRECT] 
2025-04-24 13:41:58,857 [ERROR] LogOutputStream:75 - [STDERR_REDIRECT] [Fatal Error] :1:1: Premature end of file.
2025-04-24 13:41:58,857 [ERROR] LogOutputStream:75 - [STDERR_REDIRECT] 
2025-04-24 13:41:59,858 [ERROR] LogOutputStream:75 - [STDERR_REDIRECT] [Fatal Error] :1:1: Premature end of file.
2025-04-24 13:41:59,858 [ERROR] LogOutputStream:75 - [STDERR_REDIRECT] 
2025-04-24 13:42:00,870 [ERROR] LogOutputStream:75 - [STDERR_REDIRECT] [Fatal Error] :1:1: Premature end of file.
2025-04-24 13:42:00,870 [ERROR] LogOutputStream:75 - [STDERR_REDIRECT] 
2025-04-24 13:42:01,868 [ERROR] LogOutputStream:75 - [STDERR_REDIRECT] [Fatal Error] :1:1: Premature end of file.
2025-04-24 13:42:01,868 [ERROR] LogOutputStream:75 - [STDERR_REDIRECT] 
2025-04-24 13:42:02,862 [ERROR] LogOutputStream:75 - [STDERR_REDIRECT] [Fatal Error] :1:1: Premature end of file.
2025-04-24 13:42:02,862 [ERROR] LogOutputStream:75 - [STDERR_REDIRECT] 
2025-04-24 13:42:03,860 [ERROR] LogOutputStream:75 - [STDERR_REDIRECT] [Fatal Error] :1:1: Premature end of file.
2025-04-24 13:42:03,860 [ERROR] LogOutputStream:75 - [STDERR_REDIRECT] 
2025-04-24 13:42:04,858 [ERROR] LogOutputStream:75 - [STDERR_REDIRECT] [Fatal Error] :1:1: Premature end of file.
2025-04-24 13:42:04,858 [ERROR] LogOutputStream:75 - [STDERR_REDIRECT] 
2025-04-24 13:42:05,887 [ERROR] LogOutputStream:75 - [STDERR_REDIRECT] [Fatal Error] :1:1: Premature end of file.
2025-04-24 13:42:05,887 [ERROR] LogOutputStream:75 - [STDERR_REDIRECT] 
2025-04-24 13:42:06,865 [ERROR] LogOutputStream:75 - [STDERR_REDIRECT] [Fatal Error] :1:1: Premature end of file.
2025-04-24 13:42:06,865 [ERROR] LogOutputStream:75 - [STDERR_REDIRECT] 
2025-04-24 13:42:10,149 [ERROR] LogOutputStream:75 - [STDERR_REDIRECT] [Fatal Error] :1:1: Premature end of file.
2025-04-24 13:42:10,149 [ERROR] LogOutputStream:75 - [STDERR_REDIRECT] 
2025-04-24 13:42:10,167 [ERROR] LogOutputStream:75 - [STDERR_REDIRECT] [Fatal Error] :1:1: Premature end of file.
2025-04-24 13:42:10,167 [ERROR] LogOutputStream:75 - [STDERR_REDIRECT] 
2025-04-24 13:42:10,188 [ERROR] LogOutputStream:75 - [STDERR_REDIRECT] [Fatal Error] :1:1: Premature end of file.
2025-04-24 13:42:10,188 [ERROR] LogOutputStream:75 - [STDERR_REDIRECT] 
2025-04-24 13:42:10,865 [ERROR] LogOutputStream:75 - [STDERR_REDIRECT] [Fatal Error] :1:1: Premature end of file.
2025-04-24 13:42:10,865 [ERROR] LogOutputStream:75 - [STDERR_REDIRECT] 
2025-04-24 13:42:11,857 [ERROR] LogOutputStream:75 - [STDERR_REDIRECT] [Fatal Error] :1:1: Premature end of file.
2025-04-24 13:42:11,857 [ERROR] LogOutputStream:75 - [STDERR_REDIRECT] 
2025-04-24 13:42:12,862 [ERROR] LogOutputStream:75 - [STDERR_REDIRECT] [Fatal Error] :1:1: Premature end of file.
2025-04-24 13:42:12,862 [ERROR] LogOutputStream:75 - [STDERR_REDIRECT] 
2025-04-24 13:42:13,867 [ERROR] LogOutputStream:75 - [STDERR_REDIRECT] [Fatal Error] :1:1: Premature end of file.
2025-04-24 13:42:13,867 [ERROR] LogOutputStream:75 - [STDERR_REDIRECT] 
2025-04-24 13:42:14,862 [ERROR] LogOutputStream:75 - [STDERR_REDIRECT] [Fatal Error] :1:1: Premature end of file.
2025-04-24 13:42:14,862 [ERROR] LogOutputStream:75 - [STDERR_REDIRECT] 
2025-04-24 13:42:15,862 [ERROR] LogOutputStream:75 - [STDERR_REDIRECT] [Fatal Error] :1:1: Premature end of file.
2025-04-24 13:42:15,862 [ERROR] LogOutputStream:75 - [STDERR_REDIRECT] 
2025-04-24 13:42:16,852 [ERROR] LogOutputStream:75 - [STDERR_REDIRECT] [Fatal Error] :1:1: Premature end of file.
2025-04-24 13:42:16,852 [ERROR] LogOutputStream:75 - [STDERR_REDIRECT] 
2025-04-24 13:42:17,864 [ERROR] LogOutputStream:75 - [STDERR_REDIRECT] [Fatal Error] :1:1: Premature end of file.
2025-04-24 13:42:17,864 [ERROR] LogOutputStream:75 - [STDERR_REDIRECT] 
2025-04-24 13:42:18,862 [ERROR] LogOutputStream:75 - [STDERR_REDIRECT] [Fatal Error] :1:1: Premature end of file.
2025-04-24 13:42:18,862 [ERROR] LogOutputStream:75 - [STDERR_REDIRECT] 
2025-04-24 13:42:19,867 [ERROR] LogOutputStream:75 - [STDERR_REDIRECT] [Fatal Error] :1:1: Premature end of file.
2025-04-24 13:42:19,867 [ERROR] LogOutputStream:75 - [STDERR_REDIRECT] 
2025-04-24 13:42:20,861 [ERROR] LogOutputStream:75 - [STDERR_REDIRECT] [Fatal Error] :1:1: Premature end of file.
2025-04-24 13:42:20,861 [ERROR] LogOutputStream:75 - [STDERR_REDIRECT] 
2025-04-24 13:42:21,862 [ERROR] LogOutputStream:75 - [STDERR_REDIRECT] [Fatal Error] :1:1: Premature end of file.
2025-04-24 13:42:21,862 [ERROR] LogOutputStream:75 - [STDERR_REDIRECT] 
2025-04-24 13:42:22,854 [ERROR] LogOutputStream:75 - [STDERR_REDIRECT] [Fatal Error] :1:1: Premature end of file.
2025-04-24 13:42:22,854 [ERROR] LogOutputStream:75 - [STDERR_REDIRECT] 
2025-04-24 13:42:23,865 [ERROR] LogOutputStream:75 - [STDERR_REDIRECT] [Fatal Error] :1:1: Premature end of file.
2025-04-24 13:42:23,865 [ERROR] LogOutputStream:75 - [STDERR_REDIRECT] 
2025-04-24 13:42:24,860 [ERROR] LogOutputStream:75 - [STDERR_REDIRECT] [Fatal Error] :1:1: Premature end of file.
2025-04-24 13:42:24,860 [ERROR] LogOutputStream:75 - [STDERR_REDIRECT] 
2025-04-24 13:42:25,864 [ERROR] LogOutputStream:75 - [STDERR_REDIRECT] [Fatal Error] :1:1: Premature end of file.
2025-04-24 13:42:25,864 [ERROR] LogOutputStream:75 - [STDERR_REDIRECT] 
2025-04-24 13:42:26,854 [ERROR] LogOutputStream:75 - [STDERR_REDIRECT] [Fatal Error] :1:1: Premature end of file.
2025-04-24 13:42:26,854 [ERROR] LogOutputStream:75 - [STDERR_REDIRECT] 
2025-04-24 13:42:27,859 [ERROR] LogOutputStream:75 - [STDERR_REDIRECT] [Fatal Error] :1:1: Premature end of file.
2025-04-24 13:42:27,859 [ERROR] LogOutputStream:75 - [STDERR_REDIRECT] 
2025-04-24 13:42:28,865 [ERROR] LogOutputStream:75 - [STDERR_REDIRECT] [Fatal Error] :1:1: Premature end of file.
2025-04-24 13:42:28,865 [ERROR] LogOutputStream:75 - [STDERR_REDIRECT] 
2025-04-24 13:42:29,862 [ERROR] LogOutputStream:75 - [STDERR_REDIRECT] [Fatal Error] :1:1: Premature end of file.
2025-04-24 13:42:29,862 [ERROR] LogOutputStream:75 - [STDERR_REDIRECT] 
2025-04-24 13:42:30,877 [ERROR] LogOutputStream:75 - [STDERR_REDIRECT] [Fatal Error] :1:1: Premature end of file.
2025-04-24 13:42:30,877 [ERROR] LogOutputStream:75 - [STDERR_REDIRECT] 
2025-04-24 13:42:31,862 [ERROR] LogOutputStream:75 - [STDERR_REDIRECT] [Fatal Error] :1:1: Premature end of file.
2025-04-24 13:42:31,862 [ERROR] LogOutputStream:75 - [STDERR_REDIRECT] 
2025-04-24 13:42:32,876 [ERROR] LogOutputStream:75 - [STDERR_REDIRECT] [Fatal Error] :1:1: Premature end of file.
2025-04-24 13:42:32,876 [ERROR] LogOutputStream:75 - [STDERR_REDIRECT] 
2025-04-24 13:42:33,858 [ERROR] LogOutputStream:75 - [STDERR_REDIRECT] [Fatal Error] :1:1: Premature end of file.
2025-04-24 13:42:33,858 [ERROR] LogOutputStream:75 - [STDERR_REDIRECT] 
2025-04-24 13:42:34,868 [ERROR] LogOutputStream:75 - [STDERR_REDIRECT] [Fatal Error] :1:1: Premature end of file.
2025-04-24 13:42:34,868 [ERROR] LogOutputStream:75 - [STDERR_REDIRECT] 
2025-04-24 13:42:35,859 [ERROR] LogOutputStream:75 - [STDERR_REDIRECT] [Fatal Error] :1:1: Premature end of file.
2025-04-24 13:42:35,859 [ERROR] LogOutputStream:75 - [STDERR_REDIRECT] 
2025-04-24 13:42:36,863 [ERROR] LogOutputStream:75 - [STDERR_REDIRECT] [Fatal Error] :1:1: Premature end of file.
2025-04-24 13:42:36,863 [ERROR] LogOutputStream:75 - [STDERR_REDIRECT] 
2025-04-24 13:42:37,858 [ERROR] LogOutputStream:75 - [STDERR_REDIRECT] [Fatal Error] :1:1: Premature end of file.
2025-04-24 13:42:37,858 [ERROR] LogOutputStream:75 - [STDERR_REDIRECT] 
2025-04-24 13:42:38,857 [ERROR] LogOutputStream:75 - [STDERR_REDIRECT] [Fatal Error] :1:1: Premature end of file.
2025-04-24 13:42:38,857 [ERROR] LogOutputStream:75 - [STDERR_REDIRECT] 
2025-04-24 13:42:39,866 [ERROR] LogOutputStream:75 - [STDERR_REDIRECT] [Fatal Error] :1:1: Premature end of file.
2025-04-24 13:42:39,866 [ERROR] LogOutputStream:75 - [STDERR_REDIRECT] 
2025-04-24 13:42:40,857 [ERROR] LogOutputStream:75 - [STDERR_REDIRECT] [Fatal Error] :1:1: Premature end of file.
2025-04-24 13:42:40,857 [ERROR] LogOutputStream:75 - [STDERR_REDIRECT] 
2025-04-24 13:42:41,857 [ERROR] LogOutputStream:75 - [STDERR_REDIRECT] [Fatal Error] :1:1: Premature end of file.
2025-04-24 13:42:41,857 [ERROR] LogOutputStream:75 - [STDERR_REDIRECT] 
2025-04-24 13:42:42,869 [ERROR] LogOutputStream:75 - [STDERR_REDIRECT] [Fatal Error] :1:1: Premature end of file.
2025-04-24 13:42:42,869 [ERROR] LogOutputStream:75 - [STDERR_REDIRECT] 
2025-04-24 13:42:43,862 [ERROR] LogOutputStream:75 - [STDERR_REDIRECT] [Fatal Error] :1:1: Premature end of file.
2025-04-24 13:42:43,862 [ERROR] LogOutputStream:75 - [STDERR_REDIRECT] 
2025-04-24 13:42:44,861 [ERROR] LogOutputStream:75 - [STDERR_REDIRECT] [Fatal Error] :1:1: Premature end of file.
2025-04-24 13:42:44,861 [ERROR] LogOutputStream:75 - [STDERR_REDIRECT] 
2025-04-24 13:42:45,864 [ERROR] LogOutputStream:75 - [STDERR_REDIRECT] [Fatal Error] :1:1: Premature end of file.
2025-04-24 13:42:45,864 [ERROR] LogOutputStream:75 - [STDERR_REDIRECT] 
2025-04-24 13:42:46,864 [ERROR] LogOutputStream:75 - [STDERR_REDIRECT] [Fatal Error] :1:1: Premature end of file.
2025-04-24 13:42:46,864 [ERROR] LogOutputStream:75 - [STDERR_REDIRECT] 
2025-04-24 13:42:47,866 [ERROR] LogOutputStream:75 - [STDERR_REDIRECT] [Fatal Error] :1:1: Premature end of file.
2025-04-24 13:42:47,866 [ERROR] LogOutputStream:75 - [STDERR_REDIRECT] 
2025-04-24 13:42:48,863 [ERROR] LogOutputStream:75 - [STDERR_REDIRECT] [Fatal Error] :1:1: Premature end of file.
2025-04-24 13:42:48,863 [ERROR] LogOutputStream:75 - [STDERR_REDIRECT] 
2025-04-24 13:42:49,868 [ERROR] LogOutputStream:75 - [STDERR_REDIRECT] [Fatal Error] :1:1: Premature end of file.
2025-04-24 13:42:49,868 [ERROR] LogOutputStream:75 - [STDERR_REDIRECT] 
2025-04-24 13:42:50,872 [ERROR] LogOutputStream:75 - [STDERR_REDIRECT] [Fatal Error] :1:1: Premature end of file.
2025-04-24 13:42:50,872 [ERROR] LogOutputStream:75 - [STDERR_REDIRECT] 
2025-04-24 13:42:51,865 [ERROR] LogOutputStream:75 - [STDERR_REDIRECT] [Fatal Error] :1:1: Premature end of file.
2025-04-24 13:42:51,865 [ERROR] LogOutputStream:75 - [STDERR_REDIRECT] 
2025-04-24 13:42:52,865 [ERROR] LogOutputStream:75 - [STDERR_REDIRECT] [Fatal Error] :1:1: Premature end of file.
2025-04-24 13:42:52,865 [ERROR] LogOutputStream:75 - [STDERR_REDIRECT] 
2025-04-24 13:42:53,857 [ERROR] LogOutputStream:75 - [STDERR_REDIRECT] [Fatal Error] :1:1: Premature end of file.
2025-04-24 13:42:53,857 [ERROR] LogOutputStream:75 - [STDERR_REDIRECT] 
2025-04-24 13:42:54,865 [ERROR] LogOutputStream:75 - [STDERR_REDIRECT] [Fatal Error] :1:1: Premature end of file.
2025-04-24 13:42:54,865 [ERROR] LogOutputStream:75 - [STDERR_REDIRECT] 
2025-04-24 13:42:55,853 [ERROR] LogOutputStream:75 - [STDERR_REDIRECT] [Fatal Error] :1:1: Premature end of file.
2025-04-24 13:42:55,853 [ERROR] LogOutputStream:75 - [STDERR_REDIRECT] 
2025-04-24 13:42:56,858 [ERROR] LogOutputStream:75 - [STDERR_REDIRECT] [Fatal Error] :1:1: Premature end of file.
2025-04-24 13:42:56,858 [ERROR] LogOutputStream:75 - [STDERR_REDIRECT] 
2025-04-24 13:42:57,864 [ERROR] LogOutputStream:75 - [STDERR_REDIRECT] [Fatal Error] :1:1: Premature end of file.
2025-04-24 13:42:57,864 [ERROR] LogOutputStream:75 - [STDERR_REDIRECT] 
2025-04-24 13:42:58,875 [ERROR] LogOutputStream:75 - [STDERR_REDIRECT] [Fatal Error] :1:1: Premature end of file.
2025-04-24 13:42:58,875 [ERROR] LogOutputStream:75 - [STDERR_REDIRECT] 
2025-04-24 13:42:59,855 [ERROR] LogOutputStream:75 - [STDERR_REDIRECT] [Fatal Error] :1:1: Premature end of file.
2025-04-24 13:42:59,855 [ERROR] LogOutputStream:75 - [STDERR_REDIRECT] 
2025-04-24 13:43:00,869 [ERROR] LogOutputStream:75 - [STDERR_REDIRECT] [Fatal Error] :1:1: Premature end of file.
2025-04-24 13:43:00,869 [ERROR] LogOutputStream:75 - [STDERR_REDIRECT] 
2025-04-24 13:43:01,866 [ERROR] LogOutputStream:75 - [STDERR_REDIRECT] [Fatal Error] :1:1: Premature end of file.
2025-04-24 13:43:01,866 [ERROR] LogOutputStream:75 - [STDERR_REDIRECT] 
2025-04-24 13:43:02,864 [ERROR] LogOutputStream:75 - [STDERR_REDIRECT] [Fatal Error] :1:1: Premature end of file.
2025-04-24 13:43:02,864 [ERROR] LogOutputStream:75 - [STDERR_REDIRECT] 
2025-04-24 13:43:03,866 [ERROR] LogOutputStream:75 - [STDERR_REDIRECT] [Fatal Error] :1:1: Premature end of file.
2025-04-24 13:43:03,866 [ERROR] LogOutputStream:75 - [STDERR_REDIRECT] 
2025-04-24 13:43:04,862 [ERROR] LogOutputStream:75 - [STDERR_REDIRECT] [Fatal Error] :1:1: Premature end of file.
2025-04-24 13:43:04,862 [ERROR] LogOutputStream:75 - [STDERR_REDIRECT] 
2025-04-24 13:43:05,864 [ERROR] LogOutputStream:75 - [STDERR_REDIRECT] [Fatal Error] :1:1: Premature end of file.
2025-04-24 13:43:05,864 [ERROR] LogOutputStream:75 - [STDERR_REDIRECT] 
2025-04-24 13:43:06,867 [ERROR] LogOutputStream:75 - [STDERR_REDIRECT] [Fatal Error] :1:1: Premature end of file.
2025-04-24 13:43:06,867 [ERROR] LogOutputStream:75 - [STDERR_REDIRECT] 
2025-04-24 13:43:07,855 [ERROR] LogOutputStream:75 - [STDERR_REDIRECT] [Fatal Error] :1:1: Premature end of file.
2025-04-24 13:43:07,855 [ERROR] LogOutputStream:75 - [STDERR_REDIRECT] 
2025-04-24 13:43:08,853 [ERROR] LogOutputStream:75 - [STDERR_REDIRECT] [Fatal Error] :1:1: Premature end of file.
2025-04-24 13:43:08,853 [ERROR] LogOutputStream:75 - [STDERR_REDIRECT] 
2025-04-24 13:43:09,858 [ERROR] LogOutputStream:75 - [STDERR_REDIRECT] [Fatal Error] :1:1: Premature end of file.
2025-04-24 13:43:09,858 [ERROR] LogOutputStream:75 - [STDERR_REDIRECT] 
2025-04-24 13:43:10,872 [ERROR] LogOutputStream:75 - [STDERR_REDIRECT] [Fatal Error] :1:1: Premature end of file.
2025-04-24 13:43:10,872 [ERROR] LogOutputStream:75 - [STDERR_REDIRECT] 
2025-04-24 13:43:11,863 [ERROR] LogOutputStream:75 - [STDERR_REDIRECT] [Fatal Error] :1:1: Premature end of file.
2025-04-24 13:43:11,863 [ERROR] LogOutputStream:75 - [STDERR_REDIRECT] 
2025-04-24 13:43:12,854 [ERROR] LogOutputStream:75 - [STDERR_REDIRECT] [Fatal Error] :1:1: Premature end of file.
2025-04-24 13:43:12,854 [ERROR] LogOutputStream:75 - [STDERR_REDIRECT] 
2025-04-24 13:43:13,864 [ERROR] LogOutputStream:75 - [STDERR_REDIRECT] [Fatal Error] :1:1: Premature end of file.
2025-04-24 13:43:13,864 [ERROR] LogOutputStream:75 - [STDERR_REDIRECT] 
2025-04-24 13:43:14,857 [ERROR] LogOutputStream:75 - [STDERR_REDIRECT] [Fatal Error] :1:1: Premature end of file.
2025-04-24 13:43:14,857 [ERROR] LogOutputStream:75 - [STDERR_REDIRECT] 
2025-04-24 13:43:15,861 [ERROR] LogOutputStream:75 - [STDERR_REDIRECT] [Fatal Error] :1:1: Premature end of file.
2025-04-24 13:43:15,861 [ERROR] LogOutputStream:75 - [STDERR_REDIRECT] 
2025-04-24 13:43:16,860 [ERROR] LogOutputStream:75 - [STDERR_REDIRECT] [Fatal Error] :1:1: Premature end of file.
2025-04-24 13:43:16,860 [ERROR] LogOutputStream:75 - [STDERR_REDIRECT] 
2025-04-24 13:43:17,860 [ERROR] LogOutputStream:75 - [STDERR_REDIRECT] [Fatal Error] :1:1: Premature end of file.
2025-04-24 13:43:17,860 [ERROR] LogOutputStream:75 - [STDERR_REDIRECT] 
2025-04-24 13:43:18,872 [ERROR] LogOutputStream:75 - [STDERR_REDIRECT] [Fatal Error] :1:1: Premature end of file.
2025-04-24 13:43:18,872 [ERROR] LogOutputStream:75 - [STDERR_REDIRECT] 
2025-04-24 13:43:19,864 [ERROR] LogOutputStream:75 - [STDERR_REDIRECT] [Fatal Error] :1:1: Premature end of file.
2025-04-24 13:43:19,864 [ERROR] LogOutputStream:75 - [STDERR_REDIRECT] 
2025-04-24 13:43:20,861 [ERROR] LogOutputStream:75 - [STDERR_REDIRECT] [Fatal Error] :1:1: Premature end of file.
2025-04-24 13:43:20,861 [ERROR] LogOutputStream:75 - [STDERR_REDIRECT] 
2025-04-24 13:43:21,866 [ERROR] LogOutputStream:75 - [STDERR_REDIRECT] [Fatal Error] :1:1: Premature end of file.
2025-04-24 13:43:21,866 [ERROR] LogOutputStream:75 - [STDERR_REDIRECT] 
2025-04-24 13:43:22,870 [ERROR] LogOutputStream:75 - [STDERR_REDIRECT] [Fatal Error] :1:1: Premature end of file.
2025-04-24 13:43:22,870 [ERROR] LogOutputStream:75 - [STDERR_REDIRECT] 
2025-04-24 13:43:23,859 [ERROR] LogOutputStream:75 - [STDERR_REDIRECT] [Fatal Error] :1:1: Premature end of file.
2025-04-24 13:43:23,859 [ERROR] LogOutputStream:75 - [STDERR_REDIRECT] 
2025-04-24 13:43:24,862 [ERROR] LogOutputStream:75 - [STDERR_REDIRECT] [Fatal Error] :1:1: Premature end of file.
2025-04-24 13:43:24,862 [ERROR] LogOutputStream:75 - [STDERR_REDIRECT] 
2025-04-24 13:43:25,862 [ERROR] LogOutputStream:75 - [STDERR_REDIRECT] [Fatal Error] :1:1: Premature end of file.
2025-04-24 13:43:25,862 [ERROR] LogOutputStream:75 - [STDERR_REDIRECT] 
2025-04-24 13:43:26,858 [ERROR] LogOutputStream:75 - [STDERR_REDIRECT] [Fatal Error] :1:1: Premature end of file.
2025-04-24 13:43:26,858 [ERROR] LogOutputStream:75 - [STDERR_REDIRECT] 
2025-04-24 13:43:27,866 [ERROR] LogOutputStream:75 - [STDERR_REDIRECT] [Fatal Error] :1:1: Premature end of file.
2025-04-24 13:43:27,866 [ERROR] LogOutputStream:75 - [STDERR_REDIRECT] 
2025-04-24 13:43:28,854 [ERROR] LogOutputStream:75 - [STDERR_REDIRECT] [Fatal Error] :1:1: Premature end of file.
2025-04-24 13:43:28,854 [ERROR] LogOutputStream:75 - [STDERR_REDIRECT] 
2025-04-24 13:43:29,861 [ERROR] LogOutputStream:75 - [STDERR_REDIRECT] [Fatal Error] :1:1: Premature end of file.
2025-04-24 13:43:29,861 [ERROR] LogOutputStream:75 - [STDERR_REDIRECT] 
2025-04-24 13:43:30,861 [ERROR] LogOutputStream:75 - [STDERR_REDIRECT] [Fatal Error] :1:1: Premature end of file.
2025-04-24 13:43:30,861 [ERROR] LogOutputStream:75 - [STDERR_REDIRECT] 
2025-04-24 13:43:31,858 [ERROR] LogOutputStream:75 - [STDERR_REDIRECT] [Fatal Error] :1:1: Premature end of file.
2025-04-24 13:43:31,858 [ERROR] LogOutputStream:75 - [STDERR_REDIRECT] 
2025-04-24 13:43:32,853 [ERROR] LogOutputStream:75 - [STDERR_REDIRECT] [Fatal Error] :1:1: Premature end of file.
2025-04-24 13:43:32,853 [ERROR] LogOutputStream:75 - [STDERR_REDIRECT] 
2025-04-24 13:43:33,875 [ERROR] LogOutputStream:75 - [STDERR_REDIRECT] [Fatal Error] :1:1: Premature end of file.
2025-04-24 13:43:33,875 [ERROR] LogOutputStream:75 - [STDERR_REDIRECT] 
2025-04-24 13:43:34,871 [ERROR] LogOutputStream:75 - [STDERR_REDIRECT] [Fatal Error] :1:1: Premature end of file.
2025-04-24 13:43:34,871 [ERROR] LogOutputStream:75 - [STDERR_REDIRECT] 
2025-04-24 13:43:35,859 [ERROR] LogOutputStream:75 - [STDERR_REDIRECT] [Fatal Error] :1:1: Premature end of file.
2025-04-24 13:43:35,859 [ERROR] LogOutputStream:75 - [STDERR_REDIRECT] 
2025-04-24 13:43:36,856 [ERROR] LogOutputStream:75 - [STDERR_REDIRECT] [Fatal Error] :1:1: Premature end of file.
2025-04-24 13:43:36,856 [ERROR] LogOutputStream:75 - [STDERR_REDIRECT] 
2025-04-24 13:43:37,864 [ERROR] LogOutputStream:75 - [STDERR_REDIRECT] [Fatal Error] :1:1: Premature end of file.
2025-04-24 13:43:37,864 [ERROR] LogOutputStream:75 - [STDERR_REDIRECT] 
2025-04-24 13:43:38,853 [ERROR] LogOutputStream:75 - [STDERR_REDIRECT] [Fatal Error] :1:1: Premature end of file.
2025-04-24 13:43:38,853 [ERROR] LogOutputStream:75 - [STDERR_REDIRECT] 
2025-04-24 13:43:39,867 [ERROR] LogOutputStream:75 - [STDERR_REDIRECT] [Fatal Error] :1:1: Premature end of file.
2025-04-24 13:43:39,867 [ERROR] LogOutputStream:75 - [STDERR_REDIRECT] 
2025-04-24 13:43:40,863 [ERROR] LogOutputStream:75 - [STDERR_REDIRECT] [Fatal Error] :1:1: Premature end of file.
2025-04-24 13:43:40,863 [ERROR] LogOutputStream:75 - [STDERR_REDIRECT] 
2025-04-24 13:43:41,867 [ERROR] LogOutputStream:75 - [STDERR_REDIRECT] [Fatal Error] :1:1: Premature end of file.
2025-04-24 13:43:41,867 [ERROR] LogOutputStream:75 - [STDERR_REDIRECT] 
2025-04-24 13:43:42,877 [ERROR] LogOutputStream:75 - [STDERR_REDIRECT] [Fatal Error] :1:1: Premature end of file.
2025-04-24 13:43:42,877 [ERROR] LogOutputStream:75 - [STDERR_REDIRECT] 
2025-04-24 13:43:43,859 [ERROR] LogOutputStream:75 - [STDERR_REDIRECT] [Fatal Error] :1:1: Premature end of file.
2025-04-24 13:43:43,859 [ERROR] LogOutputStream:75 - [STDERR_REDIRECT] 
2025-04-24 13:43:44,857 [ERROR] LogOutputStream:75 - [STDERR_REDIRECT] [Fatal Error] :1:1: Premature end of file.
2025-04-24 13:43:44,857 [ERROR] LogOutputStream:75 - [STDERR_REDIRECT] 
2025-04-24 13:43:45,860 [ERROR] LogOutputStream:75 - [STDERR_REDIRECT] [Fatal Error] :1:1: Premature end of file.
2025-04-24 13:43:45,860 [ERROR] LogOutputStream:75 - [STDERR_REDIRECT] 
2025-04-24 13:43:46,862 [ERROR] LogOutputStream:75 - [STDERR_REDIRECT] [Fatal Error] :1:1: Premature end of file.
2025-04-24 13:43:46,862 [ERROR] LogOutputStream:75 - [STDERR_REDIRECT] 
2025-04-24 13:43:47,860 [ERROR] LogOutputStream:75 - [STDERR_REDIRECT] [Fatal Error] :1:1: Premature end of file.
2025-04-24 13:43:47,860 [ERROR] LogOutputStream:75 - [STDERR_REDIRECT] 
2025-04-24 13:43:48,861 [ERROR] LogOutputStream:75 - [STDERR_REDIRECT] [Fatal Error] :1:1: Premature end of file.
2025-04-24 13:43:48,861 [ERROR] LogOutputStream:75 - [STDERR_REDIRECT] 
2025-04-24 13:43:49,869 [ERROR] LogOutputStream:75 - [STDERR_REDIRECT] [Fatal Error] :1:1: Premature end of file.
2025-04-24 13:43:49,869 [ERROR] LogOutputStream:75 - [STDERR_REDIRECT] 
2025-04-24 13:43:50,868 [ERROR] LogOutputStream:75 - [STDERR_REDIRECT] [Fatal Error] :1:1: Premature end of file.
2025-04-24 13:43:50,868 [ERROR] LogOutputStream:75 - [STDERR_REDIRECT] 
2025-04-24 13:43:51,850 [ERROR] LogOutputStream:75 - [STDERR_REDIRECT] [Fatal Error] :1:1: Premature end of file.
2025-04-24 13:43:51,850 [ERROR] LogOutputStream:75 - [STDERR_REDIRECT] 
2025-04-24 13:43:52,871 [ERROR] LogOutputStream:75 - [STDERR_REDIRECT] [Fatal Error] :1:1: Premature end of file.
2025-04-24 13:43:52,871 [ERROR] LogOutputStream:75 - [STDERR_REDIRECT] 
2025-04-24 13:43:53,859 [ERROR] LogOutputStream:75 - [STDERR_REDIRECT] [Fatal Error] :1:1: Premature end of file.
2025-04-24 13:43:53,859 [ERROR] LogOutputStream:75 - [STDERR_REDIRECT] 
2025-04-24 13:43:54,857 [ERROR] LogOutputStream:75 - [STDERR_REDIRECT] [Fatal Error] :1:1: Premature end of file.
2025-04-24 13:43:54,857 [ERROR] LogOutputStream:75 - [STDERR_REDIRECT] 
2025-04-24 13:43:55,876 [ERROR] LogOutputStream:75 - [STDERR_REDIRECT] [Fatal Error] :1:1: Premature end of file.
2025-04-24 13:43:55,876 [ERROR] LogOutputStream:75 - [STDERR_REDIRECT] 
2025-04-24 13:43:56,864 [ERROR] LogOutputStream:75 - [STDERR_REDIRECT] [Fatal Error] :1:1: Premature end of file.
2025-04-24 13:43:56,864 [ERROR] LogOutputStream:75 - [STDERR_REDIRECT] 
2025-04-24 13:43:57,862 [ERROR] LogOutputStream:75 - [STDERR_REDIRECT] [Fatal Error] :1:1: Premature end of file.
2025-04-24 13:43:57,862 [ERROR] LogOutputStream:75 - [STDERR_REDIRECT] 
2025-04-24 13:43:58,858 [ERROR] LogOutputStream:75 - [STDERR_REDIRECT] [Fatal Error] :1:1: Premature end of file.
2025-04-24 13:43:58,858 [ERROR] LogOutputStream:75 - [STDERR_REDIRECT] 
2025-04-24 13:43:59,865 [ERROR] LogOutputStream:75 - [STDERR_REDIRECT] [Fatal Error] :1:1: Premature end of file.
2025-04-24 13:43:59,865 [ERROR] LogOutputStream:75 - [STDERR_REDIRECT] 
2025-04-24 13:44:00,857 [ERROR] LogOutputStream:75 - [STDERR_REDIRECT] [Fatal Error] :1:1: Premature end of file.
2025-04-24 13:44:00,857 [ERROR] LogOutputStream:75 - [STDERR_REDIRECT] 
2025-04-24 13:44:01,858 [ERROR] LogOutputStream:75 - [STDERR_REDIRECT] [Fatal Error] :1:1: Premature end of file.
2025-04-24 13:44:01,858 [ERROR] LogOutputStream:75 - [STDERR_REDIRECT] 
2025-04-24 13:44:02,862 [ERROR] LogOutputStream:75 - [STDERR_REDIRECT] [Fatal Error] :1:1: Premature end of file.
2025-04-24 13:44:02,862 [ERROR] LogOutputStream:75 - [STDERR_REDIRECT] 
2025-04-24 13:44:03,869 [ERROR] LogOutputStream:75 - [STDERR_REDIRECT] [Fatal Error] :1:1: Premature end of file.
2025-04-24 13:44:03,869 [ERROR] LogOutputStream:75 - [STDERR_REDIRECT] 
2025-04-24 13:44:04,853 [ERROR] LogOutputStream:75 - [STDERR_REDIRECT] [Fatal Error] :1:1: Premature end of file.
2025-04-24 13:44:04,853 [ERROR] LogOutputStream:75 - [STDERR_REDIRECT] 
2025-04-24 13:44:05,863 [ERROR] LogOutputStream:75 - [STDERR_REDIRECT] [Fatal Error] :1:1: Premature end of file.
2025-04-24 13:44:05,863 [ERROR] LogOutputStream:75 - [STDERR_REDIRECT] 
2025-04-24 13:44:06,866 [ERROR] LogOutputStream:75 - [STDERR_REDIRECT] [Fatal Error] :1:1: Premature end of file.
2025-04-24 13:44:06,866 [ERROR] LogOutputStream:75 - [STDERR_REDIRECT] 
2025-04-24 13:44:07,857 [ERROR] LogOutputStream:75 - [STDERR_REDIRECT] [Fatal Error] :1:1: Premature end of file.
2025-04-24 13:44:07,857 [ERROR] LogOutputStream:75 - [STDERR_REDIRECT] 
2025-04-24 13:44:08,865 [ERROR] LogOutputStream:75 - [STDERR_REDIRECT] [Fatal Error] :1:1: Premature end of file.
2025-04-24 13:44:08,865 [ERROR] LogOutputStream:75 - [STDERR_REDIRECT] 
2025-04-24 13:44:09,870 [ERROR] LogOutputStream:75 - [STDERR_REDIRECT] [Fatal Error] :1:1: Premature end of file.
2025-04-24 13:44:09,870 [ERROR] LogOutputStream:75 - [STDERR_REDIRECT] 
2025-04-24 13:44:10,854 [ERROR] LogOutputStream:75 - [STDERR_REDIRECT] [Fatal Error] :1:1: Premature end of file.
2025-04-24 13:44:10,854 [ERROR] LogOutputStream:75 - [STDERR_REDIRECT] 
2025-04-24 13:44:11,863 [ERROR] LogOutputStream:75 - [STDERR_REDIRECT] [Fatal Error] :1:1: Premature end of file.
2025-04-24 13:44:11,863 [ERROR] LogOutputStream:75 - [STDERR_REDIRECT] 
2025-04-24 13:44:12,860 [ERROR] LogOutputStream:75 - [STDERR_REDIRECT] [Fatal Error] :1:1: Premature end of file.
2025-04-24 13:44:12,860 [ERROR] LogOutputStream:75 - [STDERR_REDIRECT] 
2025-04-24 13:44:13,867 [ERROR] LogOutputStream:75 - [STDERR_REDIRECT] [Fatal Error] :1:1: Premature end of file.
2025-04-24 13:44:13,867 [ERROR] LogOutputStream:75 - [STDERR_REDIRECT] 
2025-04-24 13:44:14,854 [ERROR] LogOutputStream:75 - [STDERR_REDIRECT] [Fatal Error] :1:1: Premature end of file.
2025-04-24 13:44:14,854 [ERROR] LogOutputStream:75 - [STDERR_REDIRECT] 
2025-04-24 13:44:15,866 [ERROR] LogOutputStream:75 - [STDERR_REDIRECT] [Fatal Error] :1:1: Premature end of file.
2025-04-24 13:44:15,866 [ERROR] LogOutputStream:75 - [STDERR_REDIRECT] 
2025-04-24 13:44:16,871 [ERROR] LogOutputStream:75 - [STDERR_REDIRECT] [Fatal Error] :1:1: Premature end of file.
2025-04-24 13:44:16,871 [ERROR] LogOutputStream:75 - [STDERR_REDIRECT] 
2025-04-24 13:44:17,876 [ERROR] LogOutputStream:75 - [STDERR_REDIRECT] [Fatal Error] :1:1: Premature end of file.
2025-04-24 13:44:17,876 [ERROR] LogOutputStream:75 - [STDERR_REDIRECT] 
2025-04-24 13:44:18,861 [ERROR] LogOutputStream:75 - [STDERR_REDIRECT] [Fatal Error] :1:1: Premature end of file.
2025-04-24 13:44:18,861 [ERROR] LogOutputStream:75 - [STDERR_REDIRECT] 
2025-04-24 13:44:19,863 [ERROR] LogOutputStream:75 - [STDERR_REDIRECT] [Fatal Error] :1:1: Premature end of file.
2025-04-24 13:44:19,863 [ERROR] LogOutputStream:75 - [STDERR_REDIRECT] 
2025-04-24 13:44:20,859 [ERROR] LogOutputStream:75 - [STDERR_REDIRECT] [Fatal Error] :1:1: Premature end of file.
2025-04-24 13:44:20,859 [ERROR] LogOutputStream:75 - [STDERR_REDIRECT] 
2025-04-24 13:44:21,861 [ERROR] LogOutputStream:75 - [STDERR_REDIRECT] [Fatal Error] :1:1: Premature end of file.
2025-04-24 13:44:21,861 [ERROR] LogOutputStream:75 - [STDERR_REDIRECT] 
2025-04-24 13:44:22,853 [ERROR] LogOutputStream:75 - [STDERR_REDIRECT] [Fatal Error] :1:1: Premature end of file.
2025-04-24 13:44:22,853 [ERROR] LogOutputStream:75 - [STDERR_REDIRECT] 
2025-04-24 13:44:23,855 [ERROR] LogOutputStream:75 - [STDERR_REDIRECT] [Fatal Error] :1:1: Premature end of file.
2025-04-24 13:44:23,855 [ERROR] LogOutputStream:75 - [STDERR_REDIRECT] 
2025-04-24 13:44:24,874 [ERROR] LogOutputStream:75 - [STDERR_REDIRECT] [Fatal Error] :1:1: Premature end of file.
2025-04-24 13:44:24,874 [ERROR] LogOutputStream:75 - [STDERR_REDIRECT] 
2025-04-24 13:44:25,855 [ERROR] LogOutputStream:75 - [STDERR_REDIRECT] [Fatal Error] :1:1: Premature end of file.
2025-04-24 13:44:25,855 [ERROR] LogOutputStream:75 - [STDERR_REDIRECT] 
2025-04-24 13:44:26,872 [ERROR] LogOutputStream:75 - [STDERR_REDIRECT] [Fatal Error] :1:1: Premature end of file.
2025-04-24 13:44:26,872 [ERROR] LogOutputStream:75 - [STDERR_REDIRECT] 
2025-04-24 13:44:27,869 [ERROR] LogOutputStream:75 - [STDERR_REDIRECT] [Fatal Error] :1:1: Premature end of file.
2025-04-24 13:44:27,869 [ERROR] LogOutputStream:75 - [STDERR_REDIRECT] 
2025-04-24 13:44:28,873 [ERROR] LogOutputStream:75 - [STDERR_REDIRECT] [Fatal Error] :1:1: Premature end of file.
2025-04-24 13:44:28,873 [ERROR] LogOutputStream:75 - [STDERR_REDIRECT] 
2025-04-24 13:44:29,856 [ERROR] LogOutputStream:75 - [STDERR_REDIRECT] [Fatal Error] :1:1: Premature end of file.
2025-04-24 13:44:29,856 [ERROR] LogOutputStream:75 - [STDERR_REDIRECT] 
2025-04-24 13:44:30,878 [ERROR] LogOutputStream:75 - [STDERR_REDIRECT] [Fatal Error] :1:1: Premature end of file.
2025-04-24 13:44:30,878 [ERROR] LogOutputStream:75 - [STDERR_REDIRECT] 
2025-04-24 13:44:31,855 [ERROR] LogOutputStream:75 - [STDERR_REDIRECT] [Fatal Error] :1:1: Premature end of file.
2025-04-24 13:44:31,855 [ERROR] LogOutputStream:75 - [STDERR_REDIRECT] 
2025-04-24 13:44:32,865 [ERROR] LogOutputStream:75 - [STDERR_REDIRECT] [Fatal Error] :1:1: Premature end of file.
2025-04-24 13:44:32,865 [ERROR] LogOutputStream:75 - [STDERR_REDIRECT] 
2025-04-24 13:44:33,853 [ERROR] LogOutputStream:75 - [STDERR_REDIRECT] [Fatal Error] :1:1: Premature end of file.
2025-04-24 13:44:33,853 [ERROR] LogOutputStream:75 - [STDERR_REDIRECT] 
2025-04-24 13:44:34,864 [ERROR] LogOutputStream:75 - [STDERR_REDIRECT] [Fatal Error] :1:1: Premature end of file.
2025-04-24 13:44:34,864 [ERROR] LogOutputStream:75 - [STDERR_REDIRECT] 
2025-04-24 13:44:35,874 [ERROR] LogOutputStream:75 - [STDERR_REDIRECT] [Fatal Error] :1:1: Premature end of file.
2025-04-24 13:44:35,874 [ERROR] LogOutputStream:75 - [STDERR_REDIRECT] 
2025-04-24 13:44:36,865 [ERROR] LogOutputStream:75 - [STDERR_REDIRECT] [Fatal Error] :1:1: Premature end of file.
2025-04-24 13:44:36,865 [ERROR] LogOutputStream:75 - [STDERR_REDIRECT] 
2025-04-24 13:44:37,865 [ERROR] LogOutputStream:75 - [STDERR_REDIRECT] [Fatal Error] :1:1: Premature end of file.
2025-04-24 13:44:37,865 [ERROR] LogOutputStream:75 - [STDERR_REDIRECT] 
2025-04-24 13:44:38,856 [ERROR] LogOutputStream:75 - [STDERR_REDIRECT] [Fatal Error] :1:1: Premature end of file.
2025-04-24 13:44:38,856 [ERROR] LogOutputStream:75 - [STDERR_REDIRECT] 
2025-04-24 13:44:39,853 [ERROR] LogOutputStream:75 - [STDERR_REDIRECT] [Fatal Error] :1:1: Premature end of file.
2025-04-24 13:44:39,853 [ERROR] LogOutputStream:75 - [STDERR_REDIRECT] 
2025-04-24 13:44:40,859 [ERROR] LogOutputStream:75 - [STDERR_REDIRECT] [Fatal Error] :1:1: Premature end of file.
2025-04-24 13:44:40,859 [ERROR] LogOutputStream:75 - [STDERR_REDIRECT] 
2025-04-24 13:44:41,863 [ERROR] LogOutputStream:75 - [STDERR_REDIRECT] [Fatal Error] :1:1: Premature end of file.
2025-04-24 13:44:41,863 [ERROR] LogOutputStream:75 - [STDERR_REDIRECT] 
2025-04-24 13:44:42,854 [ERROR] LogOutputStream:75 - [STDERR_REDIRECT] [Fatal Error] :1:1: Premature end of file.
2025-04-24 13:44:42,854 [ERROR] LogOutputStream:75 - [STDERR_REDIRECT] 
2025-04-24 13:44:43,866 [ERROR] LogOutputStream:75 - [STDERR_REDIRECT] [Fatal Error] :1:1: Premature end of file.
2025-04-24 13:44:43,866 [ERROR] LogOutputStream:75 - [STDERR_REDIRECT] 
2025-04-24 13:44:44,864 [ERROR] LogOutputStream:75 - [STDERR_REDIRECT] [Fatal Error] :1:1: Premature end of file.
2025-04-24 13:44:44,864 [ERROR] LogOutputStream:75 - [STDERR_REDIRECT] 
2025-04-24 13:44:45,865 [ERROR] LogOutputStream:75 - [STDERR_REDIRECT] [Fatal Error] :1:1: Premature end of file.
2025-04-24 13:44:45,865 [ERROR] LogOutputStream:75 - [STDERR_REDIRECT] 
2025-04-24 13:44:46,854 [ERROR] LogOutputStream:75 - [STDERR_REDIRECT] [Fatal Error] :1:1: Premature end of file.
2025-04-24 13:44:46,854 [ERROR] LogOutputStream:75 - [STDERR_REDIRECT] 
2025-04-24 13:44:47,859 [ERROR] LogOutputStream:75 - [STDERR_REDIRECT] [Fatal Error] :1:1: Premature end of file.
2025-04-24 13:44:47,859 [ERROR] LogOutputStream:75 - [STDERR_REDIRECT] 
2025-04-24 13:44:48,854 [ERROR] LogOutputStream:75 - [STDERR_REDIRECT] [Fatal Error] :1:1: Premature end of file.
2025-04-24 13:44:48,854 [ERROR] LogOutputStream:75 - [STDERR_REDIRECT] 
2025-04-24 13:44:49,858 [ERROR] LogOutputStream:75 - [STDERR_REDIRECT] [Fatal Error] :1:1: Premature end of file.
2025-04-24 13:44:49,858 [ERROR] LogOutputStream:75 - [STDERR_REDIRECT] 
2025-04-24 13:44:50,863 [ERROR] LogOutputStream:75 - [STDERR_REDIRECT] [Fatal Error] :1:1: Premature end of file.
2025-04-24 13:44:50,863 [ERROR] LogOutputStream:75 - [STDERR_REDIRECT] 
2025-04-24 13:44:51,853 [ERROR] LogOutputStream:75 - [STDERR_REDIRECT] [Fatal Error] :1:1: Premature end of file.
2025-04-24 13:44:51,853 [ERROR] LogOutputStream:75 - [STDERR_REDIRECT] 
2025-04-24 13:44:52,860 [ERROR] LogOutputStream:75 - [STDERR_REDIRECT] [Fatal Error] :1:1: Premature end of file.
2025-04-24 13:44:52,860 [ERROR] LogOutputStream:75 - [STDERR_REDIRECT] 
2025-04-24 13:44:53,865 [ERROR] LogOutputStream:75 - [STDERR_REDIRECT] [Fatal Error] :1:1: Premature end of file.
2025-04-24 13:44:53,865 [ERROR] LogOutputStream:75 - [STDERR_REDIRECT] 
2025-04-24 13:44:54,858 [ERROR] LogOutputStream:75 - [STDERR_REDIRECT] [Fatal Error] :1:1: Premature end of file.
2025-04-24 13:44:54,858 [ERROR] LogOutputStream:75 - [STDERR_REDIRECT] 
2025-04-24 13:44:55,864 [ERROR] LogOutputStream:75 - [STDERR_REDIRECT] [Fatal Error] :1:1: Premature end of file.
2025-04-24 13:44:55,864 [ERROR] LogOutputStream:75 - [STDERR_REDIRECT] 
2025-04-24 13:44:56,859 [ERROR] LogOutputStream:75 - [STDERR_REDIRECT] [Fatal Error] :1:1: Premature end of file.
2025-04-24 13:44:56,859 [ERROR] LogOutputStream:75 - [STDERR_REDIRECT] 
2025-04-24 13:44:57,863 [ERROR] LogOutputStream:75 - [STDERR_REDIRECT] [Fatal Error] :1:1: Premature end of file.
2025-04-24 13:44:57,863 [ERROR] LogOutputStream:75 - [STDERR_REDIRECT] 
2025-04-24 13:44:58,869 [ERROR] LogOutputStream:75 - [STDERR_REDIRECT] [Fatal Error] :1:1: Premature end of file.
2025-04-24 13:44:58,869 [ERROR] LogOutputStream:75 - [STDERR_REDIRECT] 
2025-04-24 13:44:59,873 [ERROR] LogOutputStream:75 - [STDERR_REDIRECT] [Fatal Error] :1:1: Premature end of file.
2025-04-24 13:44:59,873 [ERROR] LogOutputStream:75 - [STDERR_REDIRECT] 
2025-04-24 13:45:00,862 [ERROR] LogOutputStream:75 - [STDERR_REDIRECT] [Fatal Error] :1:1: Premature end of file.
2025-04-24 13:45:00,862 [ERROR] LogOutputStream:75 - [STDERR_REDIRECT] 
2025-04-24 13:45:01,859 [ERROR] LogOutputStream:75 - [STDERR_REDIRECT] [Fatal Error] :1:1: Premature end of file.
2025-04-24 13:45:01,859 [ERROR] LogOutputStream:75 - [STDERR_REDIRECT] 
2025-04-24 13:45:02,871 [ERROR] LogOutputStream:75 - [STDERR_REDIRECT] [Fatal Error] :1:1: Premature end of file.
2025-04-24 13:45:02,872 [ERROR] LogOutputStream:75 - [STDERR_REDIRECT] 
2025-04-24 13:45:03,867 [ERROR] LogOutputStream:75 - [STDERR_REDIRECT] [Fatal Error] :1:1: Premature end of file.
2025-04-24 13:45:03,867 [ERROR] LogOutputStream:75 - [STDERR_REDIRECT] 
2025-04-24 13:45:04,872 [ERROR] LogOutputStream:75 - [STDERR_REDIRECT] [Fatal Error] :1:1: Premature end of file.
2025-04-24 13:45:04,872 [ERROR] LogOutputStream:75 - [STDERR_REDIRECT] 
2025-04-24 13:45:05,866 [ERROR] LogOutputStream:75 - [STDERR_REDIRECT] [Fatal Error] :1:1: Premature end of file.
2025-04-24 13:45:05,866 [ERROR] LogOutputStream:75 - [STDERR_REDIRECT] 
2025-04-24 13:45:06,864 [ERROR] LogOutputStream:75 - [STDERR_REDIRECT] [Fatal Error] :1:1: Premature end of file.
2025-04-24 13:45:06,864 [ERROR] LogOutputStream:75 - [STDERR_REDIRECT] 
2025-04-24 13:45:07,861 [ERROR] LogOutputStream:75 - [STDERR_REDIRECT] [Fatal Error] :1:1: Premature end of file.
2025-04-24 13:45:07,861 [ERROR] LogOutputStream:75 - [STDERR_REDIRECT] 
2025-04-24 13:45:08,856 [ERROR] LogOutputStream:75 - [STDERR_REDIRECT] [Fatal Error] :1:1: Premature end of file.
2025-04-24 13:45:08,856 [ERROR] LogOutputStream:75 - [STDERR_REDIRECT] 
2025-04-24 13:45:09,870 [ERROR] LogOutputStream:75 - [STDERR_REDIRECT] [Fatal Error] :1:1: Premature end of file.
2025-04-24 13:45:09,870 [ERROR] LogOutputStream:75 - [STDERR_REDIRECT] 
2025-04-24 13:45:10,871 [ERROR] LogOutputStream:75 - [STDERR_REDIRECT] [Fatal Error] :1:1: Premature end of file.
2025-04-24 13:45:10,871 [ERROR] LogOutputStream:75 - [STDERR_REDIRECT] 
2025-04-24 13:45:11,872 [ERROR] LogOutputStream:75 - [STDERR_REDIRECT] [Fatal Error] :1:1: Premature end of file.
2025-04-24 13:45:11,872 [ERROR] LogOutputStream:75 - [STDERR_REDIRECT] 
2025-04-24 13:45:12,861 [ERROR] LogOutputStream:75 - [STDERR_REDIRECT] [Fatal Error] :1:1: Premature end of file.
2025-04-24 13:45:12,861 [ERROR] LogOutputStream:75 - [STDERR_REDIRECT] 
2025-04-24 13:45:13,859 [ERROR] LogOutputStream:75 - [STDERR_REDIRECT] [Fatal Error] :1:1: Premature end of file.
2025-04-24 13:45:13,859 [ERROR] LogOutputStream:75 - [STDERR_REDIRECT] 
2025-04-24 13:45:14,861 [ERROR] LogOutputStream:75 - [STDERR_REDIRECT] [Fatal Error] :1:1: Premature end of file.
2025-04-24 13:45:14,861 [ERROR] LogOutputStream:75 - [STDERR_REDIRECT] 
2025-04-24 13:45:15,860 [ERROR] LogOutputStream:75 - [STDERR_REDIRECT] [Fatal Error] :1:1: Premature end of file.
2025-04-24 13:45:15,860 [ERROR] LogOutputStream:75 - [STDERR_REDIRECT] 
2025-04-24 13:45:16,873 [ERROR] LogOutputStream:75 - [STDERR_REDIRECT] [Fatal Error] :1:1: Premature end of file.
2025-04-24 13:45:16,873 [ERROR] LogOutputStream:75 - [STDERR_REDIRECT] 
2025-04-24 13:45:17,863 [ERROR] LogOutputStream:75 - [STDERR_REDIRECT] [Fatal Error] :1:1: Premature end of file.
2025-04-24 13:45:17,863 [ERROR] LogOutputStream:75 - [STDERR_REDIRECT] 
2025-04-24 13:45:18,866 [ERROR] LogOutputStream:75 - [STDERR_REDIRECT] [Fatal Error] :1:1: Premature end of file.
2025-04-24 13:45:18,866 [ERROR] LogOutputStream:75 - [STDERR_REDIRECT] 
2025-04-24 13:45:19,862 [ERROR] LogOutputStream:75 - [STDERR_REDIRECT] [Fatal Error] :1:1: Premature end of file.
2025-04-24 13:45:19,862 [ERROR] LogOutputStream:75 - [STDERR_REDIRECT] 
2025-04-24 13:45:20,871 [ERROR] LogOutputStream:75 - [STDERR_REDIRECT] [Fatal Error] :1:1: Premature end of file.
2025-04-24 13:45:20,871 [ERROR] LogOutputStream:75 - [STDERR_REDIRECT] 
2025-04-24 13:45:21,868 [ERROR] LogOutputStream:75 - [STDERR_REDIRECT] [Fatal Error] :1:1: Premature end of file.
2025-04-24 13:45:21,868 [ERROR] LogOutputStream:75 - [STDERR_REDIRECT] 
2025-04-24 13:45:22,861 [ERROR] LogOutputStream:75 - [STDERR_REDIRECT] [Fatal Error] :1:1: Premature end of file.
2025-04-24 13:45:22,861 [ERROR] LogOutputStream:75 - [STDERR_REDIRECT] 
2025-04-24 13:45:23,869 [ERROR] LogOutputStream:75 - [STDERR_REDIRECT] [Fatal Error] :1:1: Premature end of file.
2025-04-24 13:45:23,869 [ERROR] LogOutputStream:75 - [STDERR_REDIRECT] 
2025-04-24 13:45:24,874 [ERROR] LogOutputStream:75 - [STDERR_REDIRECT] [Fatal Error] :1:1: Premature end of file.
2025-04-24 13:45:24,874 [ERROR] LogOutputStream:75 - [STDERR_REDIRECT] 
2025-04-24 13:45:25,855 [ERROR] LogOutputStream:75 - [STDERR_REDIRECT] [Fatal Error] :1:1: Premature end of file.
2025-04-24 13:45:25,855 [ERROR] LogOutputStream:75 - [STDERR_REDIRECT] 
2025-04-24 13:45:26,853 [ERROR] LogOutputStream:75 - [STDERR_REDIRECT] [Fatal Error] :1:1: Premature end of file.
2025-04-24 13:45:26,853 [ERROR] LogOutputStream:75 - [STDERR_REDIRECT] 
2025-04-24 13:45:27,870 [ERROR] LogOutputStream:75 - [STDERR_REDIRECT] [Fatal Error] :1:1: Premature end of file.
2025-04-24 13:45:27,870 [ERROR] LogOutputStream:75 - [STDERR_REDIRECT] 
2025-04-24 13:45:28,869 [ERROR] LogOutputStream:75 - [STDERR_REDIRECT] [Fatal Error] :1:1: Premature end of file.
2025-04-24 13:45:28,869 [ERROR] LogOutputStream:75 - [STDERR_REDIRECT] 
2025-04-24 13:45:29,866 [ERROR] LogOutputStream:75 - [STDERR_REDIRECT] [Fatal Error] :1:1: Premature end of file.
2025-04-24 13:45:29,866 [ERROR] LogOutputStream:75 - [STDERR_REDIRECT] 
2025-04-24 13:45:30,862 [ERROR] LogOutputStream:75 - [STDERR_REDIRECT] [Fatal Error] :1:1: Premature end of file.
2025-04-24 13:45:30,862 [ERROR] LogOutputStream:75 - [STDERR_REDIRECT] 
2025-04-24 13:45:31,870 [ERROR] LogOutputStream:75 - [STDERR_REDIRECT] [Fatal Error] :1:1: Premature end of file.
2025-04-24 13:45:31,870 [ERROR] LogOutputStream:75 - [STDERR_REDIRECT] 
2025-04-24 13:45:32,856 [ERROR] LogOutputStream:75 - [STDERR_REDIRECT] [Fatal Error] :1:1: Premature end of file.
2025-04-24 13:45:32,856 [ERROR] LogOutputStream:75 - [STDERR_REDIRECT] 
2025-04-24 13:45:33,874 [ERROR] LogOutputStream:75 - [STDERR_REDIRECT] [Fatal Error] :1:1: Premature end of file.
2025-04-24 13:45:33,874 [ERROR] LogOutputStream:75 - [STDERR_REDIRECT] 
2025-04-24 13:45:34,865 [ERROR] LogOutputStream:75 - [STDERR_REDIRECT] [Fatal Error] :1:1: Premature end of file.
2025-04-24 13:45:34,865 [ERROR] LogOutputStream:75 - [STDERR_REDIRECT] 
2025-04-24 13:45:35,868 [ERROR] LogOutputStream:75 - [STDERR_REDIRECT] [Fatal Error] :1:1: Premature end of file.
2025-04-24 13:45:35,868 [ERROR] LogOutputStream:75 - [STDERR_REDIRECT] 
2025-04-24 13:45:36,857 [ERROR] LogOutputStream:75 - [STDERR_REDIRECT] [Fatal Error] :1:1: Premature end of file.
2025-04-24 13:45:36,857 [ERROR] LogOutputStream:75 - [STDERR_REDIRECT] 
2025-04-24 13:45:37,878 [ERROR] LogOutputStream:75 - [STDERR_REDIRECT] [Fatal Error] :1:1: Premature end of file.
2025-04-24 13:45:37,878 [ERROR] LogOutputStream:75 - [STDERR_REDIRECT] 
2025-04-24 13:45:38,860 [ERROR] LogOutputStream:75 - [STDERR_REDIRECT] [Fatal Error] :1:1: Premature end of file.
2025-04-24 13:45:38,860 [ERROR] LogOutputStream:75 - [STDERR_REDIRECT] 
2025-04-24 13:45:39,857 [ERROR] LogOutputStream:75 - [STDERR_REDIRECT] [Fatal Error] :1:1: Premature end of file.
2025-04-24 13:45:39,857 [ERROR] LogOutputStream:75 - [STDERR_REDIRECT] 
2025-04-24 13:45:40,868 [ERROR] LogOutputStream:75 - [STDERR_REDIRECT] [Fatal Error] :1:1: Premature end of file.
2025-04-24 13:45:40,868 [ERROR] LogOutputStream:75 - [STDERR_REDIRECT] 
2025-04-24 13:45:41,860 [ERROR] LogOutputStream:75 - [STDERR_REDIRECT] [Fatal Error] :1:1: Premature end of file.
2025-04-24 13:45:41,860 [ERROR] LogOutputStream:75 - [STDERR_REDIRECT] 
2025-04-24 13:45:42,870 [ERROR] LogOutputStream:75 - [STDERR_REDIRECT] [Fatal Error] :1:1: Premature end of file.
2025-04-24 13:45:42,870 [ERROR] LogOutputStream:75 - [STDERR_REDIRECT] 
2025-04-24 13:45:43,864 [ERROR] LogOutputStream:75 - [STDERR_REDIRECT] [Fatal Error] :1:1: Premature end of file.
2025-04-24 13:45:43,864 [ERROR] LogOutputStream:75 - [STDERR_REDIRECT] 
2025-04-24 13:45:44,868 [ERROR] LogOutputStream:75 - [STDERR_REDIRECT] [Fatal Error] :1:1: Premature end of file.
2025-04-24 13:45:44,868 [ERROR] LogOutputStream:75 - [STDERR_REDIRECT] 
2025-04-24 13:45:45,862 [ERROR] LogOutputStream:75 - [STDERR_REDIRECT] [Fatal Error] :1:1: Premature end of file.
2025-04-24 13:45:45,862 [ERROR] LogOutputStream:75 - [STDERR_REDIRECT] 
2025-04-24 13:45:46,860 [ERROR] LogOutputStream:75 - [STDERR_REDIRECT] [Fatal Error] :1:1: Premature end of file.
2025-04-24 13:45:46,860 [ERROR] LogOutputStream:75 - [STDERR_REDIRECT] 
2025-04-24 13:45:47,869 [ERROR] LogOutputStream:75 - [STDERR_REDIRECT] [Fatal Error] :1:1: Premature end of file.
2025-04-24 13:45:47,869 [ERROR] LogOutputStream:75 - [STDERR_REDIRECT] 
2025-04-24 13:45:48,859 [ERROR] LogOutputStream:75 - [STDERR_REDIRECT] [Fatal Error] :1:1: Premature end of file.
2025-04-24 13:45:48,859 [ERROR] LogOutputStream:75 - [STDERR_REDIRECT] 
2025-04-24 13:45:49,862 [ERROR] LogOutputStream:75 - [STDERR_REDIRECT] [Fatal Error] :1:1: Premature end of file.
2025-04-24 13:45:49,862 [ERROR] LogOutputStream:75 - [STDERR_REDIRECT] 
2025-04-24 13:45:50,868 [ERROR] LogOutputStream:75 - [STDERR_REDIRECT] [Fatal Error] :1:1: Premature end of file.
2025-04-24 13:45:50,868 [ERROR] LogOutputStream:75 - [STDERR_REDIRECT] 
2025-04-24 13:45:51,875 [ERROR] LogOutputStream:75 - [STDERR_REDIRECT] [Fatal Error] :1:1: Premature end of file.
2025-04-24 13:45:51,875 [ERROR] LogOutputStream:75 - [STDERR_REDIRECT] 
2025-04-24 13:45:52,859 [ERROR] LogOutputStream:75 - [STDERR_REDIRECT] [Fatal Error] :1:1: Premature end of file.
2025-04-24 13:45:52,859 [ERROR] LogOutputStream:75 - [STDERR_REDIRECT] 
2025-04-24 13:45:53,866 [ERROR] LogOutputStream:75 - [STDERR_REDIRECT] [Fatal Error] :1:1: Premature end of file.
2025-04-24 13:45:53,866 [ERROR] LogOutputStream:75 - [STDERR_REDIRECT] 
2025-04-24 13:45:54,863 [ERROR] LogOutputStream:75 - [STDERR_REDIRECT] [Fatal Error] :1:1: Premature end of file.
2025-04-24 13:45:54,863 [ERROR] LogOutputStream:75 - [STDERR_REDIRECT] 
2025-04-24 13:45:55,862 [ERROR] LogOutputStream:75 - [STDERR_REDIRECT] [Fatal Error] :1:1: Premature end of file.
2025-04-24 13:45:55,862 [ERROR] LogOutputStream:75 - [STDERR_REDIRECT] 
2025-04-24 13:45:56,874 [ERROR] LogOutputStream:75 - [STDERR_REDIRECT] [Fatal Error] :1:1: Premature end of file.
2025-04-24 13:45:56,874 [ERROR] LogOutputStream:75 - [STDERR_REDIRECT] 
2025-04-24 13:45:57,857 [ERROR] LogOutputStream:75 - [STDERR_REDIRECT] [Fatal Error] :1:1: Premature end of file.
2025-04-24 13:45:57,857 [ERROR] LogOutputStream:75 - [STDERR_REDIRECT] 
2025-04-24 13:45:58,867 [ERROR] LogOutputStream:75 - [STDERR_REDIRECT] [Fatal Error] :1:1: Premature end of file.
2025-04-24 13:45:58,867 [ERROR] LogOutputStream:75 - [STDERR_REDIRECT] 
2025-04-24 13:45:59,871 [ERROR] LogOutputStream:75 - [STDERR_REDIRECT] [Fatal Error] :1:1: Premature end of file.
2025-04-24 13:45:59,871 [ERROR] LogOutputStream:75 - [STDERR_REDIRECT] 
2025-04-24 13:46:00,861 [ERROR] LogOutputStream:75 - [STDERR_REDIRECT] [Fatal Error] :1:1: Premature end of file.
2025-04-24 13:46:00,861 [ERROR] LogOutputStream:75 - [STDERR_REDIRECT] 
2025-04-24 13:46:01,867 [ERROR] LogOutputStream:75 - [STDERR_REDIRECT] [Fatal Error] :1:1: Premature end of file.
2025-04-24 13:46:01,867 [ERROR] LogOutputStream:75 - [STDERR_REDIRECT] 
2025-04-24 13:46:02,872 [ERROR] LogOutputStream:75 - [STDERR_REDIRECT] [Fatal Error] :1:1: Premature end of file.
2025-04-24 13:46:02,872 [ERROR] LogOutputStream:75 - [STDERR_REDIRECT] 
2025-04-24 13:46:03,859 [ERROR] LogOutputStream:75 - [STDERR_REDIRECT] [Fatal Error] :1:1: Premature end of file.
2025-04-24 13:46:03,859 [ERROR] LogOutputStream:75 - [STDERR_REDIRECT] 
2025-04-24 13:46:04,875 [ERROR] LogOutputStream:75 - [STDERR_REDIRECT] [Fatal Error] :1:1: Premature end of file.
2025-04-24 13:46:04,875 [ERROR] LogOutputStream:75 - [STDERR_REDIRECT] 
2025-04-24 13:46:05,864 [ERROR] LogOutputStream:75 - [STDERR_REDIRECT] [Fatal Error] :1:1: Premature end of file.
2025-04-24 13:46:05,864 [ERROR] LogOutputStream:75 - [STDERR_REDIRECT] 
2025-04-24 13:46:06,877 [ERROR] LogOutputStream:75 - [STDERR_REDIRECT] [Fatal Error] :1:1: Premature end of file.
2025-04-24 13:46:06,877 [ERROR] LogOutputStream:75 - [STDERR_REDIRECT] 
2025-04-24 13:46:07,858 [ERROR] LogOutputStream:75 - [STDERR_REDIRECT] [Fatal Error] :1:1: Premature end of file.
2025-04-24 13:46:07,858 [ERROR] LogOutputStream:75 - [STDERR_REDIRECT] 
2025-04-24 13:46:08,867 [ERROR] LogOutputStream:75 - [STDERR_REDIRECT] [Fatal Error] :1:1: Premature end of file.
2025-04-24 13:46:08,867 [ERROR] LogOutputStream:75 - [STDERR_REDIRECT] 
2025-04-24 13:46:09,852 [ERROR] LogOutputStream:75 - [STDERR_REDIRECT] [Fatal Error] :1:1: Premature end of file.
2025-04-24 13:46:09,852 [ERROR] LogOutputStream:75 - [STDERR_REDIRECT] 
2025-04-24 13:46:10,868 [ERROR] LogOutputStream:75 - [STDERR_REDIRECT] [Fatal Error] :1:1: Premature end of file.
2025-04-24 13:46:10,868 [ERROR] LogOutputStream:75 - [STDERR_REDIRECT] 
2025-04-24 13:46:11,861 [ERROR] LogOutputStream:75 - [STDERR_REDIRECT] [Fatal Error] :1:1: Premature end of file.
2025-04-24 13:46:11,861 [ERROR] LogOutputStream:75 - [STDERR_REDIRECT] 
2025-04-24 13:46:12,864 [ERROR] LogOutputStream:75 - [STDERR_REDIRECT] [Fatal Error] :1:1: Premature end of file.
2025-04-24 13:46:12,864 [ERROR] LogOutputStream:75 - [STDERR_REDIRECT] 
2025-04-24 13:46:13,858 [ERROR] LogOutputStream:75 - [STDERR_REDIRECT] [Fatal Error] :1:1: Premature end of file.
2025-04-24 13:46:13,858 [ERROR] LogOutputStream:75 - [STDERR_REDIRECT] 
2025-04-24 13:46:14,869 [ERROR] LogOutputStream:75 - [STDERR_REDIRECT] [Fatal Error] :1:1: Premature end of file.
2025-04-24 13:46:14,869 [ERROR] LogOutputStream:75 - [STDERR_REDIRECT] 
2025-04-24 13:46:15,856 [ERROR] LogOutputStream:75 - [STDERR_REDIRECT] [Fatal Error] :1:1: Premature end of file.
2025-04-24 13:46:15,856 [ERROR] LogOutputStream:75 - [STDERR_REDIRECT] 
2025-04-24 13:46:16,873 [ERROR] LogOutputStream:75 - [STDERR_REDIRECT] [Fatal Error] :1:1: Premature end of file.
2025-04-24 13:46:16,873 [ERROR] LogOutputStream:75 - [STDERR_REDIRECT] 
2025-04-24 13:46:17,866 [ERROR] LogOutputStream:75 - [STDERR_REDIRECT] [Fatal Error] :1:1: Premature end of file.
2025-04-24 13:46:17,866 [ERROR] LogOutputStream:75 - [STDERR_REDIRECT] 
2025-04-24 13:46:18,857 [ERROR] LogOutputStream:75 - [STDERR_REDIRECT] [Fatal Error] :1:1: Premature end of file.
2025-04-24 13:46:18,857 [ERROR] LogOutputStream:75 - [STDERR_REDIRECT] 
2025-04-24 13:46:19,853 [ERROR] LogOutputStream:75 - [STDERR_REDIRECT] [Fatal Error] :1:1: Premature end of file.
2025-04-24 13:46:19,853 [ERROR] LogOutputStream:75 - [STDERR_REDIRECT] 
2025-04-24 13:46:20,866 [ERROR] LogOutputStream:75 - [STDERR_REDIRECT] [Fatal Error] :1:1: Premature end of file.
2025-04-24 13:46:20,866 [ERROR] LogOutputStream:75 - [STDERR_REDIRECT] 
2025-04-24 13:46:21,878 [ERROR] LogOutputStream:75 - [STDERR_REDIRECT] [Fatal Error] :1:1: Premature end of file.
2025-04-24 13:46:21,878 [ERROR] LogOutputStream:75 - [STDERR_REDIRECT] 
2025-04-24 13:46:22,866 [ERROR] LogOutputStream:75 - [STDERR_REDIRECT] [Fatal Error] :1:1: Premature end of file.
2025-04-24 13:46:22,866 [ERROR] LogOutputStream:75 - [STDERR_REDIRECT] 
2025-04-24 13:46:23,859 [ERROR] LogOutputStream:75 - [STDERR_REDIRECT] [Fatal Error] :1:1: Premature end of file.
2025-04-24 13:46:23,859 [ERROR] LogOutputStream:75 - [STDERR_REDIRECT] 
2025-04-24 13:46:24,860 [ERROR] LogOutputStream:75 - [STDERR_REDIRECT] [Fatal Error] :1:1: Premature end of file.
2025-04-24 13:46:24,860 [ERROR] LogOutputStream:75 - [STDERR_REDIRECT] 
2025-04-24 13:46:25,870 [ERROR] LogOutputStream:75 - [STDERR_REDIRECT] [Fatal Error] :1:1: Premature end of file.
2025-04-24 13:46:25,870 [ERROR] LogOutputStream:75 - [STDERR_REDIRECT] 
2025-04-24 13:46:26,865 [ERROR] LogOutputStream:75 - [STDERR_REDIRECT] [Fatal Error] :1:1: Premature end of file.
2025-04-24 13:46:26,865 [ERROR] LogOutputStream:75 - [STDERR_REDIRECT] 
2025-04-24 13:46:27,861 [ERROR] LogOutputStream:75 - [STDERR_REDIRECT] [Fatal Error] :1:1: Premature end of file.
2025-04-24 13:46:27,861 [ERROR] LogOutputStream:75 - [STDERR_REDIRECT] 
2025-04-24 13:46:28,857 [ERROR] LogOutputStream:75 - [STDERR_REDIRECT] [Fatal Error] :1:1: Premature end of file.
2025-04-24 13:46:28,857 [ERROR] LogOutputStream:75 - [STDERR_REDIRECT] 
2025-04-24 13:46:29,870 [ERROR] LogOutputStream:75 - [STDERR_REDIRECT] [Fatal Error] :1:1: Premature end of file.
2025-04-24 13:46:29,870 [ERROR] LogOutputStream:75 - [STDERR_REDIRECT] 
2025-04-24 13:46:30,865 [ERROR] LogOutputStream:75 - [STDERR_REDIRECT] [Fatal Error] :1:1: Premature end of file.
2025-04-24 13:46:30,865 [ERROR] LogOutputStream:75 - [STDERR_REDIRECT] 
2025-04-24 13:46:31,860 [ERROR] LogOutputStream:75 - [STDERR_REDIRECT] [Fatal Error] :1:1: Premature end of file.
2025-04-24 13:46:31,860 [ERROR] LogOutputStream:75 - [STDERR_REDIRECT] 
2025-04-24 13:46:32,853 [ERROR] LogOutputStream:75 - [STDERR_REDIRECT] [Fatal Error] :1:1: Premature end of file.
2025-04-24 13:46:32,853 [ERROR] LogOutputStream:75 - [STDERR_REDIRECT] 
2025-04-24 13:46:33,867 [ERROR] LogOutputStream:75 - [STDERR_REDIRECT] [Fatal Error] :1:1: Premature end of file.
2025-04-24 13:46:33,867 [ERROR] LogOutputStream:75 - [STDERR_REDIRECT] 
2025-04-24 13:46:34,875 [ERROR] LogOutputStream:75 - [STDERR_REDIRECT] [Fatal Error] :1:1: Premature end of file.
2025-04-24 13:46:34,875 [ERROR] LogOutputStream:75 - [STDERR_REDIRECT] 
2025-04-24 13:46:35,861 [ERROR] LogOutputStream:75 - [STDERR_REDIRECT] [Fatal Error] :1:1: Premature end of file.
2025-04-24 13:46:35,861 [ERROR] LogOutputStream:75 - [STDERR_REDIRECT] 
2025-04-24 13:46:36,864 [ERROR] LogOutputStream:75 - [STDERR_REDIRECT] [Fatal Error] :1:1: Premature end of file.
2025-04-24 13:46:36,864 [ERROR] LogOutputStream:75 - [STDERR_REDIRECT] 
2025-04-24 13:46:37,868 [ERROR] LogOutputStream:75 - [STDERR_REDIRECT] [Fatal Error] :1:1: Premature end of file.
2025-04-24 13:46:37,868 [ERROR] LogOutputStream:75 - [STDERR_REDIRECT] 
2025-04-24 13:46:38,859 [ERROR] LogOutputStream:75 - [STDERR_REDIRECT] [Fatal Error] :1:1: Premature end of file.
2025-04-24 13:46:38,859 [ERROR] LogOutputStream:75 - [STDERR_REDIRECT] 
2025-04-24 13:46:39,873 [ERROR] LogOutputStream:75 - [STDERR_REDIRECT] [Fatal Error] :1:1: Premature end of file.
2025-04-24 13:46:39,873 [ERROR] LogOutputStream:75 - [STDERR_REDIRECT] 
2025-04-24 13:46:40,862 [ERROR] LogOutputStream:75 - [STDERR_REDIRECT] [Fatal Error] :1:1: Premature end of file.
2025-04-24 13:46:40,862 [ERROR] LogOutputStream:75 - [STDERR_REDIRECT] 
2025-04-24 13:46:41,858 [ERROR] LogOutputStream:75 - [STDERR_REDIRECT] [Fatal Error] :1:1: Premature end of file.
2025-04-24 13:46:41,858 [ERROR] LogOutputStream:75 - [STDERR_REDIRECT] 
2025-04-24 13:46:42,855 [ERROR] LogOutputStream:75 - [STDERR_REDIRECT] [Fatal Error] :1:1: Premature end of file.
2025-04-24 13:46:42,855 [ERROR] LogOutputStream:75 - [STDERR_REDIRECT] 
2025-04-24 13:46:43,854 [ERROR] LogOutputStream:75 - [STDERR_REDIRECT] [Fatal Error] :1:1: Premature end of file.
2025-04-24 13:46:43,854 [ERROR] LogOutputStream:75 - [STDERR_REDIRECT] 
2025-04-24 13:46:44,859 [ERROR] LogOutputStream:75 - [STDERR_REDIRECT] [Fatal Error] :1:1: Premature end of file.
2025-04-24 13:46:44,859 [ERROR] LogOutputStream:75 - [STDERR_REDIRECT] 
2025-04-24 13:46:45,857 [ERROR] LogOutputStream:75 - [STDERR_REDIRECT] [Fatal Error] :1:1: Premature end of file.
2025-04-24 13:46:45,857 [ERROR] LogOutputStream:75 - [STDERR_REDIRECT] 
2025-04-24 13:46:46,867 [ERROR] LogOutputStream:75 - [STDERR_REDIRECT] [Fatal Error] :1:1: Premature end of file.
2025-04-24 13:46:46,867 [ERROR] LogOutputStream:75 - [STDERR_REDIRECT] 
2025-04-24 13:46:47,870 [ERROR] LogOutputStream:75 - [STDERR_REDIRECT] [Fatal Error] :1:1: Premature end of file.
2025-04-24 13:46:47,870 [ERROR] LogOutputStream:75 - [STDERR_REDIRECT] 
2025-04-24 13:46:48,863 [ERROR] LogOutputStream:75 - [STDERR_REDIRECT] [Fatal Error] :1:1: Premature end of file.
2025-04-24 13:46:48,863 [ERROR] LogOutputStream:75 - [STDERR_REDIRECT] 
2025-04-24 13:46:49,860 [ERROR] LogOutputStream:75 - [STDERR_REDIRECT] [Fatal Error] :1:1: Premature end of file.
2025-04-24 13:46:49,860 [ERROR] LogOutputStream:75 - [STDERR_REDIRECT] 
2025-04-24 13:46:50,863 [ERROR] LogOutputStream:75 - [STDERR_REDIRECT] [Fatal Error] :1:1: Premature end of file.
2025-04-24 13:46:50,863 [ERROR] LogOutputStream:75 - [STDERR_REDIRECT] 
2025-04-24 13:46:51,864 [ERROR] LogOutputStream:75 - [STDERR_REDIRECT] [Fatal Error] :1:1: Premature end of file.
2025-04-24 13:46:51,864 [ERROR] LogOutputStream:75 - [STDERR_REDIRECT] 
2025-04-24 13:46:52,859 [ERROR] LogOutputStream:75 - [STDERR_REDIRECT] [Fatal Error] :1:1: Premature end of file.
2025-04-24 13:46:52,859 [ERROR] LogOutputStream:75 - [STDERR_REDIRECT] 
2025-04-24 13:46:53,858 [ERROR] LogOutputStream:75 - [STDERR_REDIRECT] [Fatal Error] :1:1: Premature end of file.
2025-04-24 13:46:53,858 [ERROR] LogOutputStream:75 - [STDERR_REDIRECT] 
2025-04-24 13:46:54,858 [ERROR] LogOutputStream:75 - [STDERR_REDIRECT] [Fatal Error] :1:1: Premature end of file.
2025-04-24 13:46:54,858 [ERROR] LogOutputStream:75 - [STDERR_REDIRECT] 
2025-04-24 13:46:55,854 [ERROR] LogOutputStream:75 - [STDERR_REDIRECT] [Fatal Error] :1:1: Premature end of file.
2025-04-24 13:46:55,854 [ERROR] LogOutputStream:75 - [STDERR_REDIRECT] 
2025-04-24 13:46:56,865 [ERROR] LogOutputStream:75 - [STDERR_REDIRECT] [Fatal Error] :1:1: Premature end of file.
2025-04-24 13:46:56,865 [ERROR] LogOutputStream:75 - [STDERR_REDIRECT] 
2025-04-24 13:46:57,863 [ERROR] LogOutputStream:75 - [STDERR_REDIRECT] [Fatal Error] :1:1: Premature end of file.
2025-04-24 13:46:57,863 [ERROR] LogOutputStream:75 - [STDERR_REDIRECT] 
2025-04-24 13:46:58,867 [ERROR] LogOutputStream:75 - [STDERR_REDIRECT] [Fatal Error] :1:1: Premature end of file.
2025-04-24 13:46:58,867 [ERROR] LogOutputStream:75 - [STDERR_REDIRECT] 
2025-04-24 13:46:59,862 [ERROR] LogOutputStream:75 - [STDERR_REDIRECT] [Fatal Error] :1:1: Premature end of file.
2025-04-24 13:46:59,862 [ERROR] LogOutputStream:75 - [STDERR_REDIRECT] 
2025-04-24 13:47:00,871 [ERROR] LogOutputStream:75 - [STDERR_REDIRECT] [Fatal Error] :1:1: Premature end of file.
2025-04-24 13:47:00,871 [ERROR] LogOutputStream:75 - [STDERR_REDIRECT] 
2025-04-24 13:47:01,868 [ERROR] LogOutputStream:75 - [STDERR_REDIRECT] [Fatal Error] :1:1: Premature end of file.
2025-04-24 13:47:01,868 [ERROR] LogOutputStream:75 - [STDERR_REDIRECT] 
2025-04-24 13:47:02,873 [ERROR] LogOutputStream:75 - [STDERR_REDIRECT] [Fatal Error] :1:1: Premature end of file.
2025-04-24 13:47:02,873 [ERROR] LogOutputStream:75 - [STDERR_REDIRECT] 
2025-04-24 13:47:03,863 [ERROR] LogOutputStream:75 - [STDERR_REDIRECT] [Fatal Error] :1:1: Premature end of file.
2025-04-24 13:47:03,863 [ERROR] LogOutputStream:75 - [STDERR_REDIRECT] 
2025-04-24 13:47:04,862 [ERROR] LogOutputStream:75 - [STDERR_REDIRECT] [Fatal Error] :1:1: Premature end of file.
2025-04-24 13:47:04,862 [ERROR] LogOutputStream:75 - [STDERR_REDIRECT] 
2025-04-24 13:47:05,872 [ERROR] LogOutputStream:75 - [STDERR_REDIRECT] [Fatal Error] :1:1: Premature end of file.
2025-04-24 13:47:05,872 [ERROR] LogOutputStream:75 - [STDERR_REDIRECT] 
2025-04-24 13:47:06,861 [ERROR] LogOutputStream:75 - [STDERR_REDIRECT] [Fatal Error] :1:1: Premature end of file.
2025-04-24 13:47:06,861 [ERROR] LogOutputStream:75 - [STDERR_REDIRECT] 
2025-04-24 13:47:07,869 [ERROR] LogOutputStream:75 - [STDERR_REDIRECT] [Fatal Error] :1:1: Premature end of file.
2025-04-24 13:47:07,869 [ERROR] LogOutputStream:75 - [STDERR_REDIRECT] 
2025-04-24 13:47:08,867 [ERROR] LogOutputStream:75 - [STDERR_REDIRECT] [Fatal Error] :1:1: Premature end of file.
2025-04-24 13:47:08,867 [ERROR] LogOutputStream:75 - [STDERR_REDIRECT] 
2025-04-24 13:47:11,604 [ERROR] LogOutputStream:75 - [STDERR_REDIRECT] [Fatal Error] :1:1: Premature end of file.
2025-04-24 13:47:11,604 [ERROR] LogOutputStream:75 - [STDERR_REDIRECT] 
2025-04-24 13:47:11,620 [ERROR] LogOutputStream:75 - [STDERR_REDIRECT] [Fatal Error] :1:1: Premature end of file.
2025-04-24 13:47:11,620 [ERROR] LogOutputStream:75 - [STDERR_REDIRECT] 
2025-04-24 13:47:11,865 [ERROR] LogOutputStream:75 - [STDERR_REDIRECT] [Fatal Error] :1:1: Premature end of file.
2025-04-24 13:47:11,865 [ERROR] LogOutputStream:75 - [STDERR_REDIRECT] 
2025-04-24 13:47:12,865 [ERROR] LogOutputStream:75 - [STDERR_REDIRECT] [Fatal Error] :1:1: Premature end of file.
2025-04-24 13:47:12,865 [ERROR] LogOutputStream:75 - [STDERR_REDIRECT] 
2025-04-24 13:47:14,422 [ERROR] LogOutputStream:75 - [STDERR_REDIRECT] [Fatal Error] :1:1: Premature end of file.
2025-04-24 13:47:14,423 [ERROR] LogOutputStream:75 - [STDERR_REDIRECT] 
2025-04-24 13:47:14,887 [ERROR] LogOutputStream:75 - [STDERR_REDIRECT] [Fatal Error] :1:1: Premature end of file.
2025-04-24 13:47:14,887 [ERROR] LogOutputStream:75 - [STDERR_REDIRECT] 
2025-04-24 13:47:15,867 [ERROR] LogOutputStream:75 - [STDERR_REDIRECT] [Fatal Error] :1:1: Premature end of file.
2025-04-24 13:47:15,867 [ERROR] LogOutputStream:75 - [STDERR_REDIRECT] 
2025-04-24 13:47:16,862 [ERROR] LogOutputStream:75 - [STDERR_REDIRECT] [Fatal Error] :1:1: Premature end of file.
2025-04-24 13:47:16,862 [ERROR] LogOutputStream:75 - [STDERR_REDIRECT] 
2025-04-24 13:47:17,863 [ERROR] LogOutputStream:75 - [STDERR_REDIRECT] [Fatal Error] :1:1: Premature end of file.
2025-04-24 13:47:17,863 [ERROR] LogOutputStream:75 - [STDERR_REDIRECT] 
2025-04-24 13:47:18,855 [ERROR] LogOutputStream:75 - [STDERR_REDIRECT] [Fatal Error] :1:1: Premature end of file.
2025-04-24 13:47:18,855 [ERROR] LogOutputStream:75 - [STDERR_REDIRECT] 
2025-04-24 13:47:19,858 [ERROR] LogOutputStream:75 - [STDERR_REDIRECT] [Fatal Error] :1:1: Premature end of file.
2025-04-24 13:47:19,858 [ERROR] LogOutputStream:75 - [STDERR_REDIRECT] 
2025-04-24 13:47:20,866 [ERROR] LogOutputStream:75 - [STDERR_REDIRECT] [Fatal Error] :1:1: Premature end of file.
2025-04-24 13:47:20,866 [ERROR] LogOutputStream:75 - [STDERR_REDIRECT] 
2025-04-24 13:47:21,865 [ERROR] LogOutputStream:75 - [STDERR_REDIRECT] [Fatal Error] :1:1: Premature end of file.
2025-04-24 13:47:21,865 [ERROR] LogOutputStream:75 - [STDERR_REDIRECT] 
2025-04-24 13:47:22,864 [ERROR] LogOutputStream:75 - [STDERR_REDIRECT] [Fatal Error] :1:1: Premature end of file.
2025-04-24 13:47:22,864 [ERROR] LogOutputStream:75 - [STDERR_REDIRECT] 
2025-04-24 13:47:23,861 [ERROR] LogOutputStream:75 - [STDERR_REDIRECT] [Fatal Error] :1:1: Premature end of file.
2025-04-24 13:47:23,861 [ERROR] LogOutputStream:75 - [STDERR_REDIRECT] 
2025-04-24 13:47:24,861 [ERROR] LogOutputStream:75 - [STDERR_REDIRECT] [Fatal Error] :1:1: Premature end of file.
2025-04-24 13:47:24,861 [ERROR] LogOutputStream:75 - [STDERR_REDIRECT] 
2025-04-24 13:47:25,862 [ERROR] LogOutputStream:75 - [STDERR_REDIRECT] [Fatal Error] :1:1: Premature end of file.
2025-04-24 13:47:25,862 [ERROR] LogOutputStream:75 - [STDERR_REDIRECT] 
2025-04-24 13:47:26,854 [ERROR] LogOutputStream:75 - [STDERR_REDIRECT] [Fatal Error] :1:1: Premature end of file.
2025-04-24 13:47:26,854 [ERROR] LogOutputStream:75 - [STDERR_REDIRECT] 
2025-04-24 13:47:27,868 [ERROR] LogOutputStream:75 - [STDERR_REDIRECT] [Fatal Error] :1:1: Premature end of file.
2025-04-24 13:47:27,868 [ERROR] LogOutputStream:75 - [STDERR_REDIRECT] 
2025-04-24 13:47:28,863 [ERROR] LogOutputStream:75 - [STDERR_REDIRECT] [Fatal Error] :1:1: Premature end of file.
2025-04-24 13:47:28,863 [ERROR] LogOutputStream:75 - [STDERR_REDIRECT] 
2025-04-24 13:47:29,859 [ERROR] LogOutputStream:75 - [STDERR_REDIRECT] [Fatal Error] :1:1: Premature end of file.
2025-04-24 13:47:29,859 [ERROR] LogOutputStream:75 - [STDERR_REDIRECT] 
2025-04-24 13:47:30,859 [ERROR] LogOutputStream:75 - [STDERR_REDIRECT] [Fatal Error] :1:1: Premature end of file.
2025-04-24 13:47:30,859 [ERROR] LogOutputStream:75 - [STDERR_REDIRECT] 
2025-04-24 13:47:31,857 [ERROR] LogOutputStream:75 - [STDERR_REDIRECT] [Fatal Error] :1:1: Premature end of file.
2025-04-24 13:47:31,857 [ERROR] LogOutputStream:75 - [STDERR_REDIRECT] 
2025-04-24 13:47:32,863 [ERROR] LogOutputStream:75 - [STDERR_REDIRECT] [Fatal Error] :1:1: Premature end of file.
2025-04-24 13:47:32,863 [ERROR] LogOutputStream:75 - [STDERR_REDIRECT] 
2025-04-24 13:47:33,863 [ERROR] LogOutputStream:75 - [STDERR_REDIRECT] [Fatal Error] :1:1: Premature end of file.
2025-04-24 13:47:33,863 [ERROR] LogOutputStream:75 - [STDERR_REDIRECT] 
2025-04-24 13:47:34,865 [ERROR] LogOutputStream:75 - [STDERR_REDIRECT] [Fatal Error] :1:1: Premature end of file.
2025-04-24 13:47:34,865 [ERROR] LogOutputStream:75 - [STDERR_REDIRECT] 
2025-04-24 13:47:35,870 [ERROR] LogOutputStream:75 - [STDERR_REDIRECT] [Fatal Error] :1:1: Premature end of file.
2025-04-24 13:47:35,870 [ERROR] LogOutputStream:75 - [STDERR_REDIRECT] 
2025-04-24 13:47:36,862 [ERROR] LogOutputStream:75 - [STDERR_REDIRECT] [Fatal Error] :1:1: Premature end of file.
2025-04-24 13:47:36,862 [ERROR] LogOutputStream:75 - [STDERR_REDIRECT] 
2025-04-24 13:47:37,859 [ERROR] LogOutputStream:75 - [STDERR_REDIRECT] [Fatal Error] :1:1: Premature end of file.
2025-04-24 13:47:37,859 [ERROR] LogOutputStream:75 - [STDERR_REDIRECT] 
2025-04-24 13:47:38,857 [ERROR] LogOutputStream:75 - [STDERR_REDIRECT] [Fatal Error] :1:1: Premature end of file.
2025-04-24 13:47:38,857 [ERROR] LogOutputStream:75 - [STDERR_REDIRECT] 
2025-04-24 13:47:39,857 [ERROR] LogOutputStream:75 - [STDERR_REDIRECT] [Fatal Error] :1:1: Premature end of file.
2025-04-24 13:47:39,857 [ERROR] LogOutputStream:75 - [STDERR_REDIRECT] 
2025-04-24 13:47:40,857 [ERROR] LogOutputStream:75 - [STDERR_REDIRECT] [Fatal Error] :1:1: Premature end of file.
2025-04-24 13:47:40,857 [ERROR] LogOutputStream:75 - [STDERR_REDIRECT] 
2025-04-24 13:47:41,857 [ERROR] LogOutputStream:75 - [STDERR_REDIRECT] [Fatal Error] :1:1: Premature end of file.
2025-04-24 13:47:41,857 [ERROR] LogOutputStream:75 - [STDERR_REDIRECT] 
2025-04-24 13:47:42,855 [ERROR] LogOutputStream:75 - [STDERR_REDIRECT] [Fatal Error] :1:1: Premature end of file.
2025-04-24 13:47:42,855 [ERROR] LogOutputStream:75 - [STDERR_REDIRECT] 
2025-04-24 13:47:43,855 [ERROR] LogOutputStream:75 - [STDERR_REDIRECT] [Fatal Error] :1:1: Premature end of file.
2025-04-24 13:47:43,855 [ERROR] LogOutputStream:75 - [STDERR_REDIRECT] 
2025-04-24 13:47:44,858 [ERROR] LogOutputStream:75 - [STDERR_REDIRECT] [Fatal Error] :1:1: Premature end of file.
2025-04-24 13:47:44,858 [ERROR] LogOutputStream:75 - [STDERR_REDIRECT] 
2025-04-24 13:47:45,857 [ERROR] LogOutputStream:75 - [STDERR_REDIRECT] [Fatal Error] :1:1: Premature end of file.
2025-04-24 13:47:45,857 [ERROR] LogOutputStream:75 - [STDERR_REDIRECT] 
2025-04-24 13:47:46,863 [ERROR] LogOutputStream:75 - [STDERR_REDIRECT] [Fatal Error] :1:1: Premature end of file.
2025-04-24 13:47:46,863 [ERROR] LogOutputStream:75 - [STDERR_REDIRECT] 
2025-04-24 13:47:47,861 [ERROR] LogOutputStream:75 - [STDERR_REDIRECT] [Fatal Error] :1:1: Premature end of file.
2025-04-24 13:47:47,861 [ERROR] LogOutputStream:75 - [STDERR_REDIRECT] 
2025-04-24 13:47:48,868 [ERROR] LogOutputStream:75 - [STDERR_REDIRECT] [Fatal Error] :1:1: Premature end of file.
2025-04-24 13:47:48,868 [ERROR] LogOutputStream:75 - [STDERR_REDIRECT] 
2025-04-24 13:47:49,898 [ERROR] LogOutputStream:75 - [STDERR_REDIRECT] [Fatal Error] :1:1: Premature end of file.
2025-04-24 13:47:49,898 [ERROR] LogOutputStream:75 - [STDERR_REDIRECT] 
2025-04-24 13:47:50,871 [ERROR] LogOutputStream:75 - [STDERR_REDIRECT] [Fatal Error] :1:1: Premature end of file.
2025-04-24 13:47:50,871 [ERROR] LogOutputStream:75 - [STDERR_REDIRECT] 
2025-04-24 13:47:51,859 [ERROR] LogOutputStream:75 - [STDERR_REDIRECT] [Fatal Error] :1:1: Premature end of file.
2025-04-24 13:47:51,859 [ERROR] LogOutputStream:75 - [STDERR_REDIRECT] 
2025-04-24 13:47:52,853 [ERROR] LogOutputStream:75 - [STDERR_REDIRECT] [Fatal Error] :1:1: Premature end of file.
2025-04-24 13:47:52,853 [ERROR] LogOutputStream:75 - [STDERR_REDIRECT] 
2025-04-24 13:47:53,854 [ERROR] LogOutputStream:75 - [STDERR_REDIRECT] [Fatal Error] :1:1: Premature end of file.
2025-04-24 13:47:53,854 [ERROR] LogOutputStream:75 - [STDERR_REDIRECT] 
2025-04-24 13:47:54,856 [ERROR] LogOutputStream:75 - [STDERR_REDIRECT] [Fatal Error] :1:1: Premature end of file.
2025-04-24 13:47:54,856 [ERROR] LogOutputStream:75 - [STDERR_REDIRECT] 
2025-04-24 13:47:55,860 [ERROR] LogOutputStream:75 - [STDERR_REDIRECT] [Fatal Error] :1:1: Premature end of file.
2025-04-24 13:47:55,860 [ERROR] LogOutputStream:75 - [STDERR_REDIRECT] 
2025-04-24 13:47:56,860 [ERROR] LogOutputStream:75 - [STDERR_REDIRECT] [Fatal Error] :1:1: Premature end of file.
2025-04-24 13:47:56,860 [ERROR] LogOutputStream:75 - [STDERR_REDIRECT] 
2025-04-24 13:47:57,860 [ERROR] LogOutputStream:75 - [STDERR_REDIRECT] [Fatal Error] :1:1: Premature end of file.
2025-04-24 13:47:57,860 [ERROR] LogOutputStream:75 - [STDERR_REDIRECT] 
2025-04-24 13:47:58,855 [ERROR] LogOutputStream:75 - [STDERR_REDIRECT] [Fatal Error] :1:1: Premature end of file.
2025-04-24 13:47:58,855 [ERROR] LogOutputStream:75 - [STDERR_REDIRECT] 
2025-04-24 13:47:59,855 [ERROR] LogOutputStream:75 - [STDERR_REDIRECT] [Fatal Error] :1:1: Premature end of file.
2025-04-24 13:47:59,855 [ERROR] LogOutputStream:75 - [STDERR_REDIRECT] 
2025-04-24 13:48:00,869 [ERROR] LogOutputStream:75 - [STDERR_REDIRECT] [Fatal Error] :1:1: Premature end of file.
2025-04-24 13:48:00,869 [ERROR] LogOutputStream:75 - [STDERR_REDIRECT] 
2025-04-24 13:48:01,861 [ERROR] LogOutputStream:75 - [STDERR_REDIRECT] [Fatal Error] :1:1: Premature end of file.
2025-04-24 13:48:01,861 [ERROR] LogOutputStream:75 - [STDERR_REDIRECT] 
2025-04-24 13:48:02,852 [ERROR] LogOutputStream:75 - [STDERR_REDIRECT] [Fatal Error] :1:1: Premature end of file.
2025-04-24 13:48:02,852 [ERROR] LogOutputStream:75 - [STDERR_REDIRECT] 
2025-04-24 13:48:03,865 [ERROR] LogOutputStream:75 - [STDERR_REDIRECT] [Fatal Error] :1:1: Premature end of file.
2025-04-24 13:48:03,865 [ERROR] LogOutputStream:75 - [STDERR_REDIRECT] 
2025-04-24 13:48:04,860 [ERROR] LogOutputStream:75 - [STDERR_REDIRECT] [Fatal Error] :1:1: Premature end of file.
2025-04-24 13:48:04,860 [ERROR] LogOutputStream:75 - [STDERR_REDIRECT] 
2025-04-24 13:48:05,866 [ERROR] LogOutputStream:75 - [STDERR_REDIRECT] [Fatal Error] :1:1: Premature end of file.
2025-04-24 13:48:05,866 [ERROR] LogOutputStream:75 - [STDERR_REDIRECT] 
2025-04-24 13:48:06,857 [ERROR] LogOutputStream:75 - [STDERR_REDIRECT] [Fatal Error] :1:1: Premature end of file.
2025-04-24 13:48:06,857 [ERROR] LogOutputStream:75 - [STDERR_REDIRECT] 
2025-04-24 13:48:07,853 [ERROR] LogOutputStream:75 - [STDERR_REDIRECT] [Fatal Error] :1:1: Premature end of file.
2025-04-24 13:48:07,853 [ERROR] LogOutputStream:75 - [STDERR_REDIRECT] 
2025-04-24 13:48:08,865 [ERROR] LogOutputStream:75 - [STDERR_REDIRECT] [Fatal Error] :1:1: Premature end of file.
2025-04-24 13:48:08,865 [ERROR] LogOutputStream:75 - [STDERR_REDIRECT] 
2025-04-24 13:48:09,861 [ERROR] LogOutputStream:75 - [STDERR_REDIRECT] [Fatal Error] :1:1: Premature end of file.
2025-04-24 13:48:09,861 [ERROR] LogOutputStream:75 - [STDERR_REDIRECT] 
2025-04-24 13:48:10,856 [ERROR] LogOutputStream:75 - [STDERR_REDIRECT] [Fatal Error] :1:1: Premature end of file.
2025-04-24 13:48:10,856 [ERROR] LogOutputStream:75 - [STDERR_REDIRECT] 
2025-04-24 13:48:11,871 [ERROR] LogOutputStream:75 - [STDERR_REDIRECT] [Fatal Error] :1:1: Premature end of file.
2025-04-24 13:48:11,871 [ERROR] LogOutputStream:75 - [STDERR_REDIRECT] 
2025-04-24 13:48:12,865 [ERROR] LogOutputStream:75 - [STDERR_REDIRECT] [Fatal Error] :1:1: Premature end of file.
2025-04-24 13:48:12,865 [ERROR] LogOutputStream:75 - [STDERR_REDIRECT] 
2025-04-24 13:48:13,853 [ERROR] LogOutputStream:75 - [STDERR_REDIRECT] [Fatal Error] :1:1: Premature end of file.
2025-04-24 13:48:13,853 [ERROR] LogOutputStream:75 - [STDERR_REDIRECT] 
2025-04-24 13:48:14,860 [ERROR] LogOutputStream:75 - [STDERR_REDIRECT] [Fatal Error] :1:1: Premature end of file.
2025-04-24 13:48:14,860 [ERROR] LogOutputStream:75 - [STDERR_REDIRECT] 
2025-04-24 13:48:15,860 [ERROR] LogOutputStream:75 - [STDERR_REDIRECT] [Fatal Error] :1:1: Premature end of file.
2025-04-24 13:48:15,860 [ERROR] LogOutputStream:75 - [STDERR_REDIRECT] 
2025-04-24 13:48:16,858 [ERROR] LogOutputStream:75 - [STDERR_REDIRECT] [Fatal Error] :1:1: Premature end of file.
2025-04-24 13:48:16,858 [ERROR] LogOutputStream:75 - [STDERR_REDIRECT] 
2025-04-24 13:48:17,859 [ERROR] LogOutputStream:75 - [STDERR_REDIRECT] [Fatal Error] :1:1: Premature end of file.
2025-04-24 13:48:17,859 [ERROR] LogOutputStream:75 - [STDERR_REDIRECT] 
2025-04-24 13:48:18,865 [ERROR] LogOutputStream:75 - [STDERR_REDIRECT] [Fatal Error] :1:1: Premature end of file.
2025-04-24 13:48:18,865 [ERROR] LogOutputStream:75 - [STDERR_REDIRECT] 
2025-04-24 13:48:19,858 [ERROR] LogOutputStream:75 - [STDERR_REDIRECT] [Fatal Error] :1:1: Premature end of file.
2025-04-24 13:48:19,858 [ERROR] LogOutputStream:75 - [STDERR_REDIRECT] 
2025-04-24 13:48:20,853 [ERROR] LogOutputStream:75 - [STDERR_REDIRECT] [Fatal Error] :1:1: Premature end of file.
2025-04-24 13:48:20,853 [ERROR] LogOutputStream:75 - [STDERR_REDIRECT] 
2025-04-24 13:48:21,861 [ERROR] LogOutputStream:75 - [STDERR_REDIRECT] [Fatal Error] :1:1: Premature end of file.
2025-04-24 13:48:21,861 [ERROR] LogOutputStream:75 - [STDERR_REDIRECT] 
2025-04-24 13:48:22,856 [ERROR] LogOutputStream:75 - [STDERR_REDIRECT] [Fatal Error] :1:1: Premature end of file.
2025-04-24 13:48:22,856 [ERROR] LogOutputStream:75 - [STDERR_REDIRECT] 
2025-04-24 13:48:23,871 [ERROR] LogOutputStream:75 - [STDERR_REDIRECT] [Fatal Error] :1:1: Premature end of file.
2025-04-24 13:48:23,871 [ERROR] LogOutputStream:75 - [STDERR_REDIRECT] 
2025-04-24 13:48:24,858 [ERROR] LogOutputStream:75 - [STDERR_REDIRECT] [Fatal Error] :1:1: Premature end of file.
2025-04-24 13:48:24,858 [ERROR] LogOutputStream:75 - [STDERR_REDIRECT] 
2025-04-24 13:48:25,867 [ERROR] LogOutputStream:75 - [STDERR_REDIRECT] [Fatal Error] :1:1: Premature end of file.
2025-04-24 13:48:25,867 [ERROR] LogOutputStream:75 - [STDERR_REDIRECT] 
2025-04-24 13:48:26,868 [ERROR] LogOutputStream:75 - [STDERR_REDIRECT] [Fatal Error] :1:1: Premature end of file.
2025-04-24 13:48:26,868 [ERROR] LogOutputStream:75 - [STDERR_REDIRECT] 
2025-04-24 13:48:27,858 [ERROR] LogOutputStream:75 - [STDERR_REDIRECT] [Fatal Error] :1:1: Premature end of file.
2025-04-24 13:48:27,858 [ERROR] LogOutputStream:75 - [STDERR_REDIRECT] 
2025-04-24 13:48:28,866 [ERROR] LogOutputStream:75 - [STDERR_REDIRECT] [Fatal Error] :1:1: Premature end of file.
2025-04-24 13:48:28,866 [ERROR] LogOutputStream:75 - [STDERR_REDIRECT] 
2025-04-24 13:48:29,862 [ERROR] LogOutputStream:75 - [STDERR_REDIRECT] [Fatal Error] :1:1: Premature end of file.
2025-04-24 13:48:29,862 [ERROR] LogOutputStream:75 - [STDERR_REDIRECT] 
2025-04-24 13:48:30,857 [ERROR] LogOutputStream:75 - [STDERR_REDIRECT] [Fatal Error] :1:1: Premature end of file.
2025-04-24 13:48:30,857 [ERROR] LogOutputStream:75 - [STDERR_REDIRECT] 
2025-04-24 13:48:31,862 [ERROR] LogOutputStream:75 - [STDERR_REDIRECT] [Fatal Error] :1:1: Premature end of file.
2025-04-24 13:48:31,862 [ERROR] LogOutputStream:75 - [STDERR_REDIRECT] 
2025-04-24 13:48:32,859 [ERROR] LogOutputStream:75 - [STDERR_REDIRECT] [Fatal Error] :1:1: Premature end of file.
2025-04-24 13:48:32,859 [ERROR] LogOutputStream:75 - [STDERR_REDIRECT] 
2025-04-24 13:48:33,852 [ERROR] LogOutputStream:75 - [STDERR_REDIRECT] [Fatal Error] :1:1: Premature end of file.
2025-04-24 13:48:33,852 [ERROR] LogOutputStream:75 - [STDERR_REDIRECT] 
2025-04-24 13:48:34,863 [ERROR] LogOutputStream:75 - [STDERR_REDIRECT] [Fatal Error] :1:1: Premature end of file.
2025-04-24 13:48:34,863 [ERROR] LogOutputStream:75 - [STDERR_REDIRECT] 
2025-04-24 13:48:35,864 [ERROR] LogOutputStream:75 - [STDERR_REDIRECT] [Fatal Error] :1:1: Premature end of file.
2025-04-24 13:48:35,864 [ERROR] LogOutputStream:75 - [STDERR_REDIRECT] 
2025-04-24 13:48:36,856 [ERROR] LogOutputStream:75 - [STDERR_REDIRECT] [Fatal Error] :1:1: Premature end of file.
2025-04-24 13:48:36,856 [ERROR] LogOutputStream:75 - [STDERR_REDIRECT] 
2025-04-24 13:48:37,857 [ERROR] LogOutputStream:75 - [STDERR_REDIRECT] [Fatal Error] :1:1: Premature end of file.
2025-04-24 13:48:37,857 [ERROR] LogOutputStream:75 - [STDERR_REDIRECT] 
2025-04-24 13:48:38,856 [ERROR] LogOutputStream:75 - [STDERR_REDIRECT] [Fatal Error] :1:1: Premature end of file.
2025-04-24 13:48:38,856 [ERROR] LogOutputStream:75 - [STDERR_REDIRECT] 
2025-04-24 13:48:39,858 [ERROR] LogOutputStream:75 - [STDERR_REDIRECT] [Fatal Error] :1:1: Premature end of file.
2025-04-24 13:48:39,858 [ERROR] LogOutputStream:75 - [STDERR_REDIRECT] 
2025-04-24 13:48:40,858 [ERROR] LogOutputStream:75 - [STDERR_REDIRECT] [Fatal Error] :1:1: Premature end of file.
2025-04-24 13:48:40,858 [ERROR] LogOutputStream:75 - [STDERR_REDIRECT] 
2025-04-24 13:48:41,863 [ERROR] LogOutputStream:75 - [STDERR_REDIRECT] [Fatal Error] :1:1: Premature end of file.
2025-04-24 13:48:41,863 [ERROR] LogOutputStream:75 - [STDERR_REDIRECT] 
2025-04-24 13:48:42,860 [ERROR] LogOutputStream:75 - [STDERR_REDIRECT] [Fatal Error] :1:1: Premature end of file.
2025-04-24 13:48:42,860 [ERROR] LogOutputStream:75 - [STDERR_REDIRECT] 
2025-04-24 13:48:43,858 [ERROR] LogOutputStream:75 - [STDERR_REDIRECT] [Fatal Error] :1:1: Premature end of file.
2025-04-24 13:48:43,858 [ERROR] LogOutputStream:75 - [STDERR_REDIRECT] 
2025-04-24 13:48:44,860 [ERROR] LogOutputStream:75 - [STDERR_REDIRECT] [Fatal Error] :1:1: Premature end of file.
2025-04-24 13:48:44,860 [ERROR] LogOutputStream:75 - [STDERR_REDIRECT] 
2025-04-24 13:48:45,858 [ERROR] LogOutputStream:75 - [STDERR_REDIRECT] [Fatal Error] :1:1: Premature end of file.
2025-04-24 13:48:45,858 [ERROR] LogOutputStream:75 - [STDERR_REDIRECT] 
2025-04-24 13:48:46,862 [ERROR] LogOutputStream:75 - [STDERR_REDIRECT] [Fatal Error] :1:1: Premature end of file.
2025-04-24 13:48:46,862 [ERROR] LogOutputStream:75 - [STDERR_REDIRECT] 
2025-04-24 13:48:47,874 [ERROR] LogOutputStream:75 - [STDERR_REDIRECT] [Fatal Error] :1:1: Premature end of file.
2025-04-24 13:48:47,874 [ERROR] LogOutputStream:75 - [STDERR_REDIRECT] 
2025-04-24 13:48:48,853 [ERROR] LogOutputStream:75 - [STDERR_REDIRECT] [Fatal Error] :1:1: Premature end of file.
2025-04-24 13:48:48,853 [ERROR] LogOutputStream:75 - [STDERR_REDIRECT] 
2025-04-24 13:48:49,857 [ERROR] LogOutputStream:75 - [STDERR_REDIRECT] [Fatal Error] :1:1: Premature end of file.
2025-04-24 13:48:49,857 [ERROR] LogOutputStream:75 - [STDERR_REDIRECT] 
2025-04-24 13:48:50,857 [ERROR] LogOutputStream:75 - [STDERR_REDIRECT] [Fatal Error] :1:1: Premature end of file.
2025-04-24 13:48:50,857 [ERROR] LogOutputStream:75 - [STDERR_REDIRECT] 
2025-04-24 13:48:51,861 [ERROR] LogOutputStream:75 - [STDERR_REDIRECT] [Fatal Error] :1:1: Premature end of file.
2025-04-24 13:48:51,861 [ERROR] LogOutputStream:75 - [STDERR_REDIRECT] 
2025-04-24 13:48:52,853 [ERROR] LogOutputStream:75 - [STDERR_REDIRECT] [Fatal Error] :1:1: Premature end of file.
2025-04-24 13:48:52,853 [ERROR] LogOutputStream:75 - [STDERR_REDIRECT] 
2025-04-24 13:48:53,869 [ERROR] LogOutputStream:75 - [STDERR_REDIRECT] [Fatal Error] :1:1: Premature end of file.
2025-04-24 13:48:53,869 [ERROR] LogOutputStream:75 - [STDERR_REDIRECT] 
2025-04-24 13:48:54,862 [ERROR] LogOutputStream:75 - [STDERR_REDIRECT] [Fatal Error] :1:1: Premature end of file.
2025-04-24 13:48:54,862 [ERROR] LogOutputStream:75 - [STDERR_REDIRECT] 
2025-04-24 13:48:55,862 [ERROR] LogOutputStream:75 - [STDERR_REDIRECT] [Fatal Error] :1:1: Premature end of file.
2025-04-24 13:48:55,862 [ERROR] LogOutputStream:75 - [STDERR_REDIRECT] 
2025-04-24 13:48:56,862 [ERROR] LogOutputStream:75 - [STDERR_REDIRECT] [Fatal Error] :1:1: Premature end of file.
2025-04-24 13:48:56,862 [ERROR] LogOutputStream:75 - [STDERR_REDIRECT] 
2025-04-24 13:48:57,863 [ERROR] LogOutputStream:75 - [STDERR_REDIRECT] [Fatal Error] :1:1: Premature end of file.
2025-04-24 13:48:57,863 [ERROR] LogOutputStream:75 - [STDERR_REDIRECT] 
2025-04-24 13:48:58,863 [ERROR] LogOutputStream:75 - [STDERR_REDIRECT] [Fatal Error] :1:1: Premature end of file.
2025-04-24 13:48:58,863 [ERROR] LogOutputStream:75 - [STDERR_REDIRECT] 
2025-04-24 13:48:59,861 [ERROR] LogOutputStream:75 - [STDERR_REDIRECT] [Fatal Error] :1:1: Premature end of file.
2025-04-24 13:48:59,861 [ERROR] LogOutputStream:75 - [STDERR_REDIRECT] 
2025-04-24 13:49:00,861 [ERROR] LogOutputStream:75 - [STDERR_REDIRECT] [Fatal Error] :1:1: Premature end of file.
2025-04-24 13:49:00,861 [ERROR] LogOutputStream:75 - [STDERR_REDIRECT] 
2025-04-24 13:49:01,865 [ERROR] LogOutputStream:75 - [STDERR_REDIRECT] [Fatal Error] :1:1: Premature end of file.
2025-04-24 13:49:01,865 [ERROR] LogOutputStream:75 - [STDERR_REDIRECT] 
2025-04-24 13:49:02,863 [ERROR] LogOutputStream:75 - [STDERR_REDIRECT] [Fatal Error] :1:1: Premature end of file.
2025-04-24 13:49:02,863 [ERROR] LogOutputStream:75 - [STDERR_REDIRECT] 
2025-04-24 13:49:03,865 [ERROR] LogOutputStream:75 - [STDERR_REDIRECT] [Fatal Error] :1:1: Premature end of file.
2025-04-24 13:49:03,865 [ERROR] LogOutputStream:75 - [STDERR_REDIRECT] 
2025-04-24 13:49:04,858 [ERROR] LogOutputStream:75 - [STDERR_REDIRECT] [Fatal Error] :1:1: Premature end of file.
2025-04-24 13:49:04,858 [ERROR] LogOutputStream:75 - [STDERR_REDIRECT] 
2025-04-24 13:49:05,860 [ERROR] LogOutputStream:75 - [STDERR_REDIRECT] [Fatal Error] :1:1: Premature end of file.
2025-04-24 13:49:05,860 [ERROR] LogOutputStream:75 - [STDERR_REDIRECT] 
2025-04-24 13:49:06,856 [ERROR] LogOutputStream:75 - [STDERR_REDIRECT] [Fatal Error] :1:1: Premature end of file.
2025-04-24 13:49:06,856 [ERROR] LogOutputStream:75 - [STDERR_REDIRECT] 
2025-04-24 13:49:07,866 [ERROR] LogOutputStream:75 - [STDERR_REDIRECT] [Fatal Error] :1:1: Premature end of file.
2025-04-24 13:49:07,866 [ERROR] LogOutputStream:75 - [STDERR_REDIRECT] 
2025-04-24 13:49:08,864 [ERROR] LogOutputStream:75 - [STDERR_REDIRECT] [Fatal Error] :1:1: Premature end of file.
2025-04-24 13:49:08,864 [ERROR] LogOutputStream:75 - [STDERR_REDIRECT] 
2025-04-24 13:49:09,860 [ERROR] LogOutputStream:75 - [STDERR_REDIRECT] [Fatal Error] :1:1: Premature end of file.
2025-04-24 13:49:09,860 [ERROR] LogOutputStream:75 - [STDERR_REDIRECT] 
2025-04-24 13:49:10,857 [ERROR] LogOutputStream:75 - [STDERR_REDIRECT] [Fatal Error] :1:1: Premature end of file.
2025-04-24 13:49:10,857 [ERROR] LogOutputStream:75 - [STDERR_REDIRECT] 
2025-04-24 13:49:11,866 [ERROR] LogOutputStream:75 - [STDERR_REDIRECT] [Fatal Error] :1:1: Premature end of file.
2025-04-24 13:49:11,866 [ERROR] LogOutputStream:75 - [STDERR_REDIRECT] 
2025-04-24 13:49:12,868 [ERROR] LogOutputStream:75 - [STDERR_REDIRECT] [Fatal Error] :1:1: Premature end of file.
2025-04-24 13:49:12,868 [ERROR] LogOutputStream:75 - [STDERR_REDIRECT] 
2025-04-24 13:49:13,855 [ERROR] LogOutputStream:75 - [STDERR_REDIRECT] [Fatal Error] :1:1: Premature end of file.
2025-04-24 13:49:13,855 [ERROR] LogOutputStream:75 - [STDERR_REDIRECT] 
2025-04-24 13:49:14,856 [ERROR] LogOutputStream:75 - [STDERR_REDIRECT] [Fatal Error] :1:1: Premature end of file.
2025-04-24 13:49:14,856 [ERROR] LogOutputStream:75 - [STDERR_REDIRECT] 
2025-04-24 13:49:15,862 [ERROR] LogOutputStream:75 - [STDERR_REDIRECT] [Fatal Error] :1:1: Premature end of file.
2025-04-24 13:49:15,862 [ERROR] LogOutputStream:75 - [STDERR_REDIRECT] 
2025-04-24 13:49:16,864 [ERROR] LogOutputStream:75 - [STDERR_REDIRECT] [Fatal Error] :1:1: Premature end of file.
2025-04-24 13:49:16,864 [ERROR] LogOutputStream:75 - [STDERR_REDIRECT] 
2025-04-24 13:49:17,850 [ERROR] LogOutputStream:75 - [STDERR_REDIRECT] [Fatal Error] :1:1: Premature end of file.
2025-04-24 13:49:17,850 [ERROR] LogOutputStream:75 - [STDERR_REDIRECT] 
2025-04-24 13:49:18,863 [ERROR] LogOutputStream:75 - [STDERR_REDIRECT] [Fatal Error] :1:1: Premature end of file.
2025-04-24 13:49:18,863 [ERROR] LogOutputStream:75 - [STDERR_REDIRECT] 
2025-04-24 13:49:19,850 [ERROR] LogOutputStream:75 - [STDERR_REDIRECT] [Fatal Error] :1:1: Premature end of file.
2025-04-24 13:49:19,850 [ERROR] LogOutputStream:75 - [STDERR_REDIRECT] 
2025-04-24 13:49:20,860 [ERROR] LogOutputStream:75 - [STDERR_REDIRECT] [Fatal Error] :1:1: Premature end of file.
2025-04-24 13:49:20,860 [ERROR] LogOutputStream:75 - [STDERR_REDIRECT] 
2025-04-24 13:49:21,866 [ERROR] LogOutputStream:75 - [STDERR_REDIRECT] [Fatal Error] :1:1: Premature end of file.
2025-04-24 13:49:21,866 [ERROR] LogOutputStream:75 - [STDERR_REDIRECT] 
2025-04-24 13:49:22,870 [ERROR] LogOutputStream:75 - [STDERR_REDIRECT] [Fatal Error] :1:1: Premature end of file.
2025-04-24 13:49:22,870 [ERROR] LogOutputStream:75 - [STDERR_REDIRECT] 
2025-04-24 13:49:23,908 [ERROR] LogOutputStream:75 - [STDERR_REDIRECT] [Fatal Error] :1:1: Premature end of file.
2025-04-24 13:49:23,908 [ERROR] LogOutputStream:75 - [STDERR_REDIRECT] 
2025-04-24 13:49:24,862 [ERROR] LogOutputStream:75 - [STDERR_REDIRECT] [Fatal Error] :1:1: Premature end of file.
2025-04-24 13:49:24,862 [ERROR] LogOutputStream:75 - [STDERR_REDIRECT] 
2025-04-24 13:49:25,862 [ERROR] LogOutputStream:75 - [STDERR_REDIRECT] [Fatal Error] :1:1: Premature end of file.
2025-04-24 13:49:25,862 [ERROR] LogOutputStream:75 - [STDERR_REDIRECT] 
2025-04-24 13:49:26,857 [ERROR] LogOutputStream:75 - [STDERR_REDIRECT] [Fatal Error] :1:1: Premature end of file.
2025-04-24 13:49:26,857 [ERROR] LogOutputStream:75 - [STDERR_REDIRECT] 
2025-04-24 13:49:27,860 [ERROR] LogOutputStream:75 - [STDERR_REDIRECT] [Fatal Error] :1:1: Premature end of file.
2025-04-24 13:49:27,860 [ERROR] LogOutputStream:75 - [STDERR_REDIRECT] 
2025-04-24 13:49:28,859 [ERROR] LogOutputStream:75 - [STDERR_REDIRECT] [Fatal Error] :1:1: Premature end of file.
2025-04-24 13:49:28,859 [ERROR] LogOutputStream:75 - [STDERR_REDIRECT] 
2025-04-24 13:49:29,857 [ERROR] LogOutputStream:75 - [STDERR_REDIRECT] [Fatal Error] :1:1: Premature end of file.
2025-04-24 13:49:29,857 [ERROR] LogOutputStream:75 - [STDERR_REDIRECT] 
2025-04-24 13:49:32,221 [ERROR] LogOutputStream:75 - [STDERR_REDIRECT] [Fatal Error] :1:1: Premature end of file.
2025-04-24 13:49:32,221 [ERROR] LogOutputStream:75 - [STDERR_REDIRECT] 
2025-04-24 13:49:32,247 [ERROR] LogOutputStream:75 - [STDERR_REDIRECT] [Fatal Error] :1:1: Premature end of file.
2025-04-24 13:49:32,247 [ERROR] LogOutputStream:75 - [STDERR_REDIRECT] 
2025-04-24 13:49:32,881 [ERROR] LogOutputStream:75 - [STDERR_REDIRECT] [Fatal Error] :1:1: Premature end of file.
2025-04-24 13:49:32,881 [ERROR] LogOutputStream:75 - [STDERR_REDIRECT] 
2025-04-24 13:49:33,859 [ERROR] LogOutputStream:75 - [STDERR_REDIRECT] [Fatal Error] :1:1: Premature end of file.
2025-04-24 13:49:33,866 [ERROR] LogOutputStream:75 - [STDERR_REDIRECT] 
2025-04-24 13:49:34,857 [ERROR] LogOutputStream:75 - [STDERR_REDIRECT] [Fatal Error] :1:1: Premature end of file.
2025-04-24 13:49:34,857 [ERROR] LogOutputStream:75 - [STDERR_REDIRECT] 
2025-04-24 13:49:35,865 [ERROR] LogOutputStream:75 - [STDERR_REDIRECT] [Fatal Error] :1:1: Premature end of file.
2025-04-24 13:49:35,865 [ERROR] LogOutputStream:75 - [STDERR_REDIRECT] 
2025-04-24 13:49:36,875 [ERROR] LogOutputStream:75 - [STDERR_REDIRECT] [Fatal Error] :1:1: Premature end of file.
2025-04-24 13:49:36,875 [ERROR] LogOutputStream:75 - [STDERR_REDIRECT] 
2025-04-24 13:49:37,865 [ERROR] LogOutputStream:75 - [STDERR_REDIRECT] [Fatal Error] :1:1: Premature end of file.
2025-04-24 13:49:37,865 [ERROR] LogOutputStream:75 - [STDERR_REDIRECT] 
2025-04-24 13:49:38,872 [ERROR] LogOutputStream:75 - [STDERR_REDIRECT] [Fatal Error] :1:1: Premature end of file.
2025-04-24 13:49:38,874 [ERROR] LogOutputStream:75 - [STDERR_REDIRECT] 
2025-04-24 13:49:39,894 [ERROR] LogOutputStream:75 - [STDERR_REDIRECT] [Fatal Error] :1:1: Premature end of file.
2025-04-24 13:49:39,894 [ERROR] LogOutputStream:75 - [STDERR_REDIRECT] 
2025-04-24 13:49:40,865 [ERROR] LogOutputStream:75 - [STDERR_REDIRECT] [Fatal Error] :1:1: Premature end of file.
2025-04-24 13:49:40,865 [ERROR] LogOutputStream:75 - [STDERR_REDIRECT] 
2025-04-24 13:49:41,867 [ERROR] LogOutputStream:75 - [STDERR_REDIRECT] [Fatal Error] :1:1: Premature end of file.
2025-04-24 13:49:41,867 [ERROR] LogOutputStream:75 - [STDERR_REDIRECT] 
2025-04-24 13:49:42,853 [ERROR] LogOutputStream:75 - [STDERR_REDIRECT] [Fatal Error] :1:1: Premature end of file.
2025-04-24 13:49:42,853 [ERROR] LogOutputStream:75 - [STDERR_REDIRECT] 
2025-04-24 13:49:43,874 [ERROR] LogOutputStream:75 - [STDERR_REDIRECT] [Fatal Error] :1:1: Premature end of file.
2025-04-24 13:49:43,874 [ERROR] LogOutputStream:75 - [STDERR_REDIRECT] 
2025-04-24 13:49:44,869 [ERROR] LogOutputStream:75 - [STDERR_REDIRECT] [Fatal Error] :1:1: Premature end of file.
2025-04-24 13:49:44,869 [ERROR] LogOutputStream:75 - [STDERR_REDIRECT] 
2025-04-24 13:49:45,869 [ERROR] LogOutputStream:75 - [STDERR_REDIRECT] [Fatal Error] :1:1: Premature end of file.
2025-04-24 13:49:45,869 [ERROR] LogOutputStream:75 - [STDERR_REDIRECT] 
2025-04-24 13:49:46,865 [ERROR] LogOutputStream:75 - [STDERR_REDIRECT] [Fatal Error] :1:1: Premature end of file.
2025-04-24 13:49:46,865 [ERROR] LogOutputStream:75 - [STDERR_REDIRECT] 
2025-04-24 13:49:47,865 [ERROR] LogOutputStream:75 - [STDERR_REDIRECT] [Fatal Error] :1:1: Premature end of file.
2025-04-24 13:49:47,865 [ERROR] LogOutputStream:75 - [STDERR_REDIRECT] 
2025-04-24 13:49:48,864 [ERROR] LogOutputStream:75 - [STDERR_REDIRECT] [Fatal Error] :1:1: Premature end of file.
2025-04-24 13:49:48,864 [ERROR] LogOutputStream:75 - [STDERR_REDIRECT] 
2025-04-24 13:49:49,870 [ERROR] LogOutputStream:75 - [STDERR_REDIRECT] [Fatal Error] :1:1: Premature end of file.
2025-04-24 13:49:49,870 [ERROR] LogOutputStream:75 - [STDERR_REDIRECT] 
2025-04-24 13:49:50,859 [ERROR] LogOutputStream:75 - [STDERR_REDIRECT] [Fatal Error] :1:1: Premature end of file.
2025-04-24 13:49:50,859 [ERROR] LogOutputStream:75 - [STDERR_REDIRECT] 
2025-04-24 13:49:51,877 [ERROR] LogOutputStream:75 - [STDERR_REDIRECT] [Fatal Error] :1:1: Premature end of file.
2025-04-24 13:49:51,878 [ERROR] LogOutputStream:75 - [STDERR_REDIRECT] 
2025-04-24 13:49:52,875 [ERROR] LogOutputStream:75 - [STDERR_REDIRECT] [Fatal Error] :1:1: Premature end of file.
2025-04-24 13:49:52,875 [ERROR] LogOutputStream:75 - [STDERR_REDIRECT] 
2025-04-24 13:49:53,861 [ERROR] LogOutputStream:75 - [STDERR_REDIRECT] [Fatal Error] :1:1: Premature end of file.
2025-04-24 13:49:53,861 [ERROR] LogOutputStream:75 - [STDERR_REDIRECT] 
2025-04-24 13:49:54,862 [ERROR] LogOutputStream:75 - [STDERR_REDIRECT] [Fatal Error] :1:1: Premature end of file.
2025-04-24 13:49:54,862 [ERROR] LogOutputStream:75 - [STDERR_REDIRECT] 
2025-04-24 13:49:55,863 [ERROR] LogOutputStream:75 - [STDERR_REDIRECT] [Fatal Error] :1:1: Premature end of file.
2025-04-24 13:49:55,863 [ERROR] LogOutputStream:75 - [STDERR_REDIRECT] 
2025-04-24 13:49:56,872 [ERROR] LogOutputStream:75 - [STDERR_REDIRECT] [Fatal Error] :1:1: Premature end of file.
2025-04-24 13:49:56,872 [ERROR] LogOutputStream:75 - [STDERR_REDIRECT] 
2025-04-24 13:49:57,873 [ERROR] LogOutputStream:75 - [STDERR_REDIRECT] [Fatal Error] :1:1: Premature end of file.
2025-04-24 13:49:57,873 [ERROR] LogOutputStream:75 - [STDERR_REDIRECT] 
2025-04-24 13:49:58,866 [ERROR] LogOutputStream:75 - [STDERR_REDIRECT] [Fatal Error] :1:1: Premature end of file.
2025-04-24 13:49:58,866 [ERROR] LogOutputStream:75 - [STDERR_REDIRECT] 
2025-04-24 13:49:59,872 [ERROR] LogOutputStream:75 - [STDERR_REDIRECT] [Fatal Error] :1:1: Premature end of file.
2025-04-24 13:49:59,872 [ERROR] LogOutputStream:75 - [STDERR_REDIRECT] 
2025-04-24 13:50:00,859 [ERROR] LogOutputStream:75 - [STDERR_REDIRECT] [Fatal Error] :1:1: Premature end of file.
2025-04-24 13:50:00,859 [ERROR] LogOutputStream:75 - [STDERR_REDIRECT] 
2025-04-24 13:50:01,862 [ERROR] LogOutputStream:75 - [STDERR_REDIRECT] [Fatal Error] :1:1: Premature end of file.
2025-04-24 13:50:01,863 [ERROR] LogOutputStream:75 - [STDERR_REDIRECT] 
2025-04-24 13:50:02,873 [ERROR] LogOutputStream:75 - [STDERR_REDIRECT] [Fatal Error] :1:1: Premature end of file.
2025-04-24 13:50:02,874 [ERROR] LogOutputStream:75 - [STDERR_REDIRECT] 
2025-04-24 13:50:03,865 [ERROR] LogOutputStream:75 - [STDERR_REDIRECT] [Fatal Error] :1:1: Premature end of file.
2025-04-24 13:50:03,865 [ERROR] LogOutputStream:75 - [STDERR_REDIRECT] 
2025-04-24 13:50:04,858 [ERROR] LogOutputStream:75 - [STDERR_REDIRECT] [Fatal Error] :1:1: Premature end of file.
2025-04-24 13:50:04,858 [ERROR] LogOutputStream:75 - [STDERR_REDIRECT] 
2025-04-24 13:50:05,859 [ERROR] LogOutputStream:75 - [STDERR_REDIRECT] [Fatal Error] :1:1: Premature end of file.
2025-04-24 13:50:05,859 [ERROR] LogOutputStream:75 - [STDERR_REDIRECT] 
2025-04-24 13:50:06,872 [ERROR] LogOutputStream:75 - [STDERR_REDIRECT] [Fatal Error] :1:1: Premature end of file.
2025-04-24 13:50:06,872 [ERROR] LogOutputStream:75 - [STDERR_REDIRECT] 
2025-04-24 13:50:07,862 [ERROR] LogOutputStream:75 - [STDERR_REDIRECT] [Fatal Error] :1:1: Premature end of file.
2025-04-24 13:50:07,864 [ERROR] LogOutputStream:75 - [STDERR_REDIRECT] 
2025-04-24 13:50:08,871 [ERROR] LogOutputStream:75 - [STDERR_REDIRECT] [Fatal Error] :1:1: Premature end of file.
2025-04-24 13:50:08,871 [ERROR] LogOutputStream:75 - [STDERR_REDIRECT] 
2025-04-24 13:50:09,871 [ERROR] LogOutputStream:75 - [STDERR_REDIRECT] [Fatal Error] :1:1: Premature end of file.
2025-04-24 13:50:09,871 [ERROR] LogOutputStream:75 - [STDERR_REDIRECT] 
2025-04-24 13:50:10,866 [ERROR] LogOutputStream:75 - [STDERR_REDIRECT] [Fatal Error] :1:1: Premature end of file.
2025-04-24 13:50:10,867 [ERROR] LogOutputStream:75 - [STDERR_REDIRECT] 
2025-04-24 13:50:11,868 [ERROR] LogOutputStream:75 - [STDERR_REDIRECT] [Fatal Error] :1:1: Premature end of file.
2025-04-24 13:50:11,868 [ERROR] LogOutputStream:75 - [STDERR_REDIRECT] 
2025-04-24 13:50:12,864 [ERROR] LogOutputStream:75 - [STDERR_REDIRECT] [Fatal Error] :1:1: Premature end of file.
2025-04-24 13:50:12,864 [ERROR] LogOutputStream:75 - [STDERR_REDIRECT] 
2025-04-24 13:50:13,866 [ERROR] LogOutputStream:75 - [STDERR_REDIRECT] [Fatal Error] :1:1: Premature end of file.
2025-04-24 13:50:13,866 [ERROR] LogOutputStream:75 - [STDERR_REDIRECT] 
2025-04-24 13:50:14,864 [ERROR] LogOutputStream:75 - [STDERR_REDIRECT] [Fatal Error] :1:1: Premature end of file.
2025-04-24 13:50:14,865 [ERROR] LogOutputStream:75 - [STDERR_REDIRECT] 
2025-04-24 13:50:15,859 [ERROR] LogOutputStream:75 - [STDERR_REDIRECT] [Fatal Error] :1:1: Premature end of file.
2025-04-24 13:50:15,859 [ERROR] LogOutputStream:75 - [STDERR_REDIRECT] 
2025-04-24 13:50:16,865 [ERROR] LogOutputStream:75 - [STDERR_REDIRECT] [Fatal Error] :1:1: Premature end of file.
2025-04-24 13:50:16,865 [ERROR] LogOutputStream:75 - [STDERR_REDIRECT] 
2025-04-24 13:50:17,857 [ERROR] LogOutputStream:75 - [STDERR_REDIRECT] [Fatal Error] :1:1: Premature end of file.
2025-04-24 13:50:17,857 [ERROR] LogOutputStream:75 - [STDERR_REDIRECT] 
2025-04-24 13:50:18,866 [ERROR] LogOutputStream:75 - [STDERR_REDIRECT] [Fatal Error] :1:1: Premature end of file.
2025-04-24 13:50:18,866 [ERROR] LogOutputStream:75 - [STDERR_REDIRECT] 
2025-04-24 13:50:19,868 [ERROR] LogOutputStream:75 - [STDERR_REDIRECT] [Fatal Error] :1:1: Premature end of file.
2025-04-24 13:50:19,868 [ERROR] LogOutputStream:75 - [STDERR_REDIRECT] 
2025-04-24 13:50:20,873 [ERROR] LogOutputStream:75 - [STDERR_REDIRECT] [Fatal Error] :1:1: Premature end of file.
2025-04-24 13:50:20,873 [ERROR] LogOutputStream:75 - [STDERR_REDIRECT] 
2025-04-24 13:50:21,871 [ERROR] LogOutputStream:75 - [STDERR_REDIRECT] [Fatal Error] :1:1: Premature end of file.
2025-04-24 13:50:21,871 [ERROR] LogOutputStream:75 - [STDERR_REDIRECT] 
2025-04-24 13:50:22,862 [ERROR] LogOutputStream:75 - [STDERR_REDIRECT] [Fatal Error] :1:1: Premature end of file.
2025-04-24 13:50:22,862 [ERROR] LogOutputStream:75 - [STDERR_REDIRECT] 
2025-04-24 13:50:23,860 [ERROR] LogOutputStream:75 - [STDERR_REDIRECT] [Fatal Error] :1:1: Premature end of file.
2025-04-24 13:50:23,860 [ERROR] LogOutputStream:75 - [STDERR_REDIRECT] 
2025-04-24 13:50:24,861 [ERROR] LogOutputStream:75 - [STDERR_REDIRECT] [Fatal Error] :1:1: Premature end of file.
2025-04-24 13:50:24,861 [ERROR] LogOutputStream:75 - [STDERR_REDIRECT] 
2025-04-24 13:50:25,872 [ERROR] LogOutputStream:75 - [STDERR_REDIRECT] [Fatal Error] :1:1: Premature end of file.
2025-04-24 13:50:25,872 [ERROR] LogOutputStream:75 - [STDERR_REDIRECT] 
2025-04-24 13:50:26,868 [ERROR] LogOutputStream:75 - [STDERR_REDIRECT] [Fatal Error] :1:1: Premature end of file.
2025-04-24 13:50:26,868 [ERROR] LogOutputStream:75 - [STDERR_REDIRECT] 
2025-04-24 13:50:27,873 [ERROR] LogOutputStream:75 - [STDERR_REDIRECT] [Fatal Error] :1:1: Premature end of file.
2025-04-24 13:50:27,873 [ERROR] LogOutputStream:75 - [STDERR_REDIRECT] 
2025-04-24 13:50:28,859 [ERROR] LogOutputStream:75 - [STDERR_REDIRECT] [Fatal Error] :1:1: Premature end of file.
2025-04-24 13:50:28,859 [ERROR] LogOutputStream:75 - [STDERR_REDIRECT] 
2025-04-24 13:50:29,867 [ERROR] LogOutputStream:75 - [STDERR_REDIRECT] [Fatal Error] :1:1: Premature end of file.
2025-04-24 13:50:29,868 [ERROR] LogOutputStream:75 - [STDERR_REDIRECT] 
2025-04-24 13:50:30,863 [ERROR] LogOutputStream:75 - [STDERR_REDIRECT] [Fatal Error] :1:1: Premature end of file.
2025-04-24 13:50:30,863 [ERROR] LogOutputStream:75 - [STDERR_REDIRECT] 
2025-04-24 13:50:31,872 [ERROR] LogOutputStream:75 - [STDERR_REDIRECT] [Fatal Error] :1:1: Premature end of file.
2025-04-24 13:50:31,872 [ERROR] LogOutputStream:75 - [STDERR_REDIRECT] 
2025-04-24 13:50:32,871 [ERROR] LogOutputStream:75 - [STDERR_REDIRECT] [Fatal Error] :1:1: Premature end of file.
2025-04-24 13:50:32,871 [ERROR] LogOutputStream:75 - [STDERR_REDIRECT] 
2025-04-24 13:50:33,870 [ERROR] LogOutputStream:75 - [STDERR_REDIRECT] [Fatal Error] :1:1: Premature end of file.
2025-04-24 13:50:33,870 [ERROR] LogOutputStream:75 - [STDERR_REDIRECT] 
2025-04-24 13:50:34,865 [ERROR] LogOutputStream:75 - [STDERR_REDIRECT] [Fatal Error] :1:1: Premature end of file.
2025-04-24 13:50:34,865 [ERROR] LogOutputStream:75 - [STDERR_REDIRECT] 
2025-04-24 13:50:35,864 [ERROR] LogOutputStream:75 - [STDERR_REDIRECT] [Fatal Error] :1:1: Premature end of file.
2025-04-24 13:50:35,864 [ERROR] LogOutputStream:75 - [STDERR_REDIRECT] 
2025-04-24 13:50:36,864 [ERROR] LogOutputStream:75 - [STDERR_REDIRECT] [Fatal Error] :1:1: Premature end of file.
2025-04-24 13:50:36,864 [ERROR] LogOutputStream:75 - [STDERR_REDIRECT] 
2025-04-24 13:50:37,859 [ERROR] LogOutputStream:75 - [STDERR_REDIRECT] [Fatal Error] :1:1: Premature end of file.
2025-04-24 13:50:37,859 [ERROR] LogOutputStream:75 - [STDERR_REDIRECT] 
2025-04-24 13:50:38,869 [ERROR] LogOutputStream:75 - [STDERR_REDIRECT] [Fatal Error] :1:1: Premature end of file.
2025-04-24 13:50:38,869 [ERROR] LogOutputStream:75 - [STDERR_REDIRECT] 
2025-04-24 13:50:39,872 [ERROR] LogOutputStream:75 - [STDERR_REDIRECT] [Fatal Error] :1:1: Premature end of file.
2025-04-24 13:50:39,872 [ERROR] LogOutputStream:75 - [STDERR_REDIRECT] 
2025-04-24 13:50:40,861 [ERROR] LogOutputStream:75 - [STDERR_REDIRECT] [Fatal Error] :1:1: Premature end of file.
2025-04-24 13:50:40,861 [ERROR] LogOutputStream:75 - [STDERR_REDIRECT] 
2025-04-24 13:50:41,861 [ERROR] LogOutputStream:75 - [STDERR_REDIRECT] [Fatal Error] :1:1: Premature end of file.
2025-04-24 13:50:41,861 [ERROR] LogOutputStream:75 - [STDERR_REDIRECT] 
2025-04-24 13:50:42,857 [ERROR] LogOutputStream:75 - [STDERR_REDIRECT] [Fatal Error] :1:1: Premature end of file.
2025-04-24 13:50:42,857 [ERROR] LogOutputStream:75 - [STDERR_REDIRECT] 
2025-04-24 13:50:43,862 [ERROR] LogOutputStream:75 - [STDERR_REDIRECT] [Fatal Error] :1:1: Premature end of file.
2025-04-24 13:50:43,862 [ERROR] LogOutputStream:75 - [STDERR_REDIRECT] 
2025-04-24 13:50:44,866 [ERROR] LogOutputStream:75 - [STDERR_REDIRECT] [Fatal Error] :1:1: Premature end of file.
2025-04-24 13:50:44,866 [ERROR] LogOutputStream:75 - [STDERR_REDIRECT] 
2025-04-24 13:50:45,869 [ERROR] LogOutputStream:75 - [STDERR_REDIRECT] [Fatal Error] :1:1: Premature end of file.
2025-04-24 13:50:45,869 [ERROR] LogOutputStream:75 - [STDERR_REDIRECT] 
2025-04-24 13:50:46,870 [ERROR] LogOutputStream:75 - [STDERR_REDIRECT] [Fatal Error] :1:1: Premature end of file.
2025-04-24 13:50:46,871 [ERROR] LogOutputStream:75 - [STDERR_REDIRECT] 
2025-04-24 13:50:47,870 [ERROR] LogOutputStream:75 - [STDERR_REDIRECT] [Fatal Error] :1:1: Premature end of file.
2025-04-24 13:50:47,870 [ERROR] LogOutputStream:75 - [STDERR_REDIRECT] 
2025-04-24 13:50:48,871 [ERROR] LogOutputStream:75 - [STDERR_REDIRECT] [Fatal Error] :1:1: Premature end of file.
2025-04-24 13:50:48,871 [ERROR] LogOutputStream:75 - [STDERR_REDIRECT] 
2025-04-24 13:50:49,870 [ERROR] LogOutputStream:75 - [STDERR_REDIRECT] [Fatal Error] :1:1: Premature end of file.
2025-04-24 13:50:49,871 [ERROR] LogOutputStream:75 - [STDERR_REDIRECT] 
2025-04-24 13:50:50,861 [ERROR] LogOutputStream:75 - [STDERR_REDIRECT] [Fatal Error] :1:1: Premature end of file.
2025-04-24 13:50:50,861 [ERROR] LogOutputStream:75 - [STDERR_REDIRECT] 
2025-04-24 13:50:51,867 [ERROR] LogOutputStream:75 - [STDERR_REDIRECT] [Fatal Error] :1:1: Premature end of file.
2025-04-24 13:50:51,867 [ERROR] LogOutputStream:75 - [STDERR_REDIRECT] 
2025-04-24 13:50:52,870 [ERROR] LogOutputStream:75 - [STDERR_REDIRECT] [Fatal Error] :1:1: Premature end of file.
2025-04-24 13:50:52,870 [ERROR] LogOutputStream:75 - [STDERR_REDIRECT] 
2025-04-24 13:50:53,863 [ERROR] LogOutputStream:75 - [STDERR_REDIRECT] [Fatal Error] :1:1: Premature end of file.
2025-04-24 13:50:53,863 [ERROR] LogOutputStream:75 - [STDERR_REDIRECT] 
2025-04-24 13:50:54,865 [ERROR] LogOutputStream:75 - [STDERR_REDIRECT] [Fatal Error] :1:1: Premature end of file.
2025-04-24 13:50:54,865 [ERROR] LogOutputStream:75 - [STDERR_REDIRECT] 
2025-04-24 13:50:55,869 [ERROR] LogOutputStream:75 - [STDERR_REDIRECT] [Fatal Error] :1:1: Premature end of file.
2025-04-24 13:50:55,869 [ERROR] LogOutputStream:75 - [STDERR_REDIRECT] 
2025-04-24 13:50:56,874 [ERROR] LogOutputStream:75 - [STDERR_REDIRECT] [Fatal Error] :1:1: Premature end of file.
2025-04-24 13:50:56,874 [ERROR] LogOutputStream:75 - [STDERR_REDIRECT] 
2025-04-24 13:50:57,859 [ERROR] LogOutputStream:75 - [STDERR_REDIRECT] [Fatal Error] :1:1: Premature end of file.
2025-04-24 13:50:57,859 [ERROR] LogOutputStream:75 - [STDERR_REDIRECT] 
2025-04-24 13:50:58,874 [ERROR] LogOutputStream:75 - [STDERR_REDIRECT] [Fatal Error] :1:1: Premature end of file.
2025-04-24 13:50:58,874 [ERROR] LogOutputStream:75 - [STDERR_REDIRECT] 
2025-04-24 13:50:59,865 [ERROR] LogOutputStream:75 - [STDERR_REDIRECT] [Fatal Error] :1:1: Premature end of file.
2025-04-24 13:50:59,865 [ERROR] LogOutputStream:75 - [STDERR_REDIRECT] 
2025-04-24 13:51:00,872 [ERROR] LogOutputStream:75 - [STDERR_REDIRECT] [Fatal Error] :1:1: Premature end of file.
2025-04-24 13:51:00,872 [ERROR] LogOutputStream:75 - [STDERR_REDIRECT] 
2025-04-24 13:51:01,867 [ERROR] LogOutputStream:75 - [STDERR_REDIRECT] [Fatal Error] :1:1: Premature end of file.
2025-04-24 13:51:01,867 [ERROR] LogOutputStream:75 - [STDERR_REDIRECT] 
2025-04-24 13:51:02,862 [ERROR] LogOutputStream:75 - [STDERR_REDIRECT] [Fatal Error] :1:1: Premature end of file.
2025-04-24 13:51:02,862 [ERROR] LogOutputStream:75 - [STDERR_REDIRECT] 
2025-04-24 13:51:03,869 [ERROR] LogOutputStream:75 - [STDERR_REDIRECT] [Fatal Error] :1:1: Premature end of file.
2025-04-24 13:51:03,869 [ERROR] LogOutputStream:75 - [STDERR_REDIRECT] 
2025-04-24 13:51:04,875 [ERROR] LogOutputStream:75 - [STDERR_REDIRECT] [Fatal Error] :1:1: Premature end of file.
2025-04-24 13:51:04,875 [ERROR] LogOutputStream:75 - [STDERR_REDIRECT] 
2025-04-24 13:51:05,867 [ERROR] LogOutputStream:75 - [STDERR_REDIRECT] [Fatal Error] :1:1: Premature end of file.
2025-04-24 13:51:05,867 [ERROR] LogOutputStream:75 - [STDERR_REDIRECT] 
2025-04-24 13:51:06,864 [ERROR] LogOutputStream:75 - [STDERR_REDIRECT] [Fatal Error] :1:1: Premature end of file.
2025-04-24 13:51:06,864 [ERROR] LogOutputStream:75 - [STDERR_REDIRECT] 
2025-04-24 13:51:07,870 [ERROR] LogOutputStream:75 - [STDERR_REDIRECT] [Fatal Error] :1:1: Premature end of file.
2025-04-24 13:51:07,870 [ERROR] LogOutputStream:75 - [STDERR_REDIRECT] 
2025-04-24 13:51:08,874 [ERROR] LogOutputStream:75 - [STDERR_REDIRECT] [Fatal Error] :1:1: Premature end of file.
2025-04-24 13:51:08,874 [ERROR] LogOutputStream:75 - [STDERR_REDIRECT] 
2025-04-24 13:51:09,859 [ERROR] LogOutputStream:75 - [STDERR_REDIRECT] [Fatal Error] :1:1: Premature end of file.
2025-04-24 13:51:09,859 [ERROR] LogOutputStream:75 - [STDERR_REDIRECT] 
2025-04-24 13:51:10,861 [ERROR] LogOutputStream:75 - [STDERR_REDIRECT] [Fatal Error] :1:1: Premature end of file.
2025-04-24 13:51:10,862 [ERROR] LogOutputStream:75 - [STDERR_REDIRECT] 
2025-04-24 13:51:11,871 [ERROR] LogOutputStream:75 - [STDERR_REDIRECT] [Fatal Error] :1:1: Premature end of file.
2025-04-24 13:51:11,871 [ERROR] LogOutputStream:75 - [STDERR_REDIRECT] 
2025-04-24 13:51:12,859 [ERROR] LogOutputStream:75 - [STDERR_REDIRECT] [Fatal Error] :1:1: Premature end of file.
2025-04-24 13:51:12,859 [ERROR] LogOutputStream:75 - [STDERR_REDIRECT] 
2025-04-24 13:51:13,865 [ERROR] LogOutputStream:75 - [STDERR_REDIRECT] [Fatal Error] :1:1: Premature end of file.
2025-04-24 13:51:13,865 [ERROR] LogOutputStream:75 - [STDERR_REDIRECT] 
2025-04-24 13:51:14,869 [ERROR] LogOutputStream:75 - [STDERR_REDIRECT] [Fatal Error] :1:1: Premature end of file.
2025-04-24 13:51:14,869 [ERROR] LogOutputStream:75 - [STDERR_REDIRECT] 
2025-04-24 13:51:15,858 [ERROR] LogOutputStream:75 - [STDERR_REDIRECT] [Fatal Error] :1:1: Premature end of file.
2025-04-24 13:51:15,858 [ERROR] LogOutputStream:75 - [STDERR_REDIRECT] 
2025-04-24 13:51:16,863 [ERROR] LogOutputStream:75 - [STDERR_REDIRECT] [Fatal Error] :1:1: Premature end of file.
2025-04-24 13:51:16,863 [ERROR] LogOutputStream:75 - [STDERR_REDIRECT] 
2025-04-24 13:51:17,865 [ERROR] LogOutputStream:75 - [STDERR_REDIRECT] [Fatal Error] :1:1: Premature end of file.
2025-04-24 13:51:17,865 [ERROR] LogOutputStream:75 - [STDERR_REDIRECT] 
2025-04-24 13:51:18,870 [ERROR] LogOutputStream:75 - [STDERR_REDIRECT] [Fatal Error] :1:1: Premature end of file.
2025-04-24 13:51:18,870 [ERROR] LogOutputStream:75 - [STDERR_REDIRECT] 
2025-04-24 13:51:19,864 [ERROR] LogOutputStream:75 - [STDERR_REDIRECT] [Fatal Error] :1:1: Premature end of file.
2025-04-24 13:51:19,865 [ERROR] LogOutputStream:75 - [STDERR_REDIRECT] 
2025-04-24 13:51:20,862 [ERROR] LogOutputStream:75 - [STDERR_REDIRECT] [Fatal Error] :1:1: Premature end of file.
2025-04-24 13:51:20,862 [ERROR] LogOutputStream:75 - [STDERR_REDIRECT] 
2025-04-24 13:51:21,864 [ERROR] LogOutputStream:75 - [STDERR_REDIRECT] [Fatal Error] :1:1: Premature end of file.
2025-04-24 13:51:21,864 [ERROR] LogOutputStream:75 - [STDERR_REDIRECT] 
2025-04-24 13:51:22,862 [ERROR] LogOutputStream:75 - [STDERR_REDIRECT] [Fatal Error] :1:1: Premature end of file.
2025-04-24 13:51:22,862 [ERROR] LogOutputStream:75 - [STDERR_REDIRECT] 
2025-04-24 13:51:23,868 [ERROR] LogOutputStream:75 - [STDERR_REDIRECT] [Fatal Error] :1:1: Premature end of file.
2025-04-24 13:51:23,868 [ERROR] LogOutputStream:75 - [STDERR_REDIRECT] 
2025-04-24 13:51:24,873 [ERROR] LogOutputStream:75 - [STDERR_REDIRECT] [Fatal Error] :1:1: Premature end of file.
2025-04-24 13:51:24,873 [ERROR] LogOutputStream:75 - [STDERR_REDIRECT] 
2025-04-24 13:51:25,860 [ERROR] LogOutputStream:75 - [STDERR_REDIRECT] [Fatal Error] :1:1: Premature end of file.
2025-04-24 13:51:25,860 [ERROR] LogOutputStream:75 - [STDERR_REDIRECT] 
2025-04-24 13:51:26,868 [ERROR] LogOutputStream:75 - [STDERR_REDIRECT] [Fatal Error] :1:1: Premature end of file.
2025-04-24 13:51:26,868 [ERROR] LogOutputStream:75 - [STDERR_REDIRECT] 
2025-04-24 13:51:27,868 [ERROR] LogOutputStream:75 - [STDERR_REDIRECT] [Fatal Error] :1:1: Premature end of file.
2025-04-24 13:51:27,868 [ERROR] LogOutputStream:75 - [STDERR_REDIRECT] 
2025-04-24 13:51:28,862 [ERROR] LogOutputStream:75 - [STDERR_REDIRECT] [Fatal Error] :1:1: Premature end of file.
2025-04-24 13:51:28,862 [ERROR] LogOutputStream:75 - [STDERR_REDIRECT] 
2025-04-24 13:51:29,859 [ERROR] LogOutputStream:75 - [STDERR_REDIRECT] [Fatal Error] :1:1: Premature end of file.
2025-04-24 13:51:29,859 [ERROR] LogOutputStream:75 - [STDERR_REDIRECT] 
2025-04-24 13:51:30,876 [ERROR] LogOutputStream:75 - [STDERR_REDIRECT] [Fatal Error] :1:1: Premature end of file.
2025-04-24 13:51:30,877 [ERROR] LogOutputStream:75 - [STDERR_REDIRECT] 
2025-04-24 13:51:31,868 [ERROR] LogOutputStream:75 - [STDERR_REDIRECT] [Fatal Error] :1:1: Premature end of file.
2025-04-24 13:51:31,868 [ERROR] LogOutputStream:75 - [STDERR_REDIRECT] 
2025-04-24 13:51:32,865 [ERROR] LogOutputStream:75 - [STDERR_REDIRECT] [Fatal Error] :1:1: Premature end of file.
2025-04-24 13:51:32,865 [ERROR] LogOutputStream:75 - [STDERR_REDIRECT] 
2025-04-24 13:51:33,863 [ERROR] LogOutputStream:75 - [STDERR_REDIRECT] [Fatal Error] :1:1: Premature end of file.
2025-04-24 13:51:33,863 [ERROR] LogOutputStream:75 - [STDERR_REDIRECT] 
2025-04-24 13:51:34,864 [ERROR] LogOutputStream:75 - [STDERR_REDIRECT] [Fatal Error] :1:1: Premature end of file.
2025-04-24 13:51:34,864 [ERROR] LogOutputStream:75 - [STDERR_REDIRECT] 
2025-04-24 13:51:35,873 [ERROR] LogOutputStream:75 - [STDERR_REDIRECT] [Fatal Error] :1:1: Premature end of file.
2025-04-24 13:51:35,873 [ERROR] LogOutputStream:75 - [STDERR_REDIRECT] 
2025-04-24 13:51:36,860 [ERROR] LogOutputStream:75 - [STDERR_REDIRECT] [Fatal Error] :1:1: Premature end of file.
2025-04-24 13:51:36,860 [ERROR] LogOutputStream:75 - [STDERR_REDIRECT] 
2025-04-24 13:51:37,872 [ERROR] LogOutputStream:75 - [STDERR_REDIRECT] [Fatal Error] :1:1: Premature end of file.
2025-04-24 13:51:37,874 [ERROR] LogOutputStream:75 - [STDERR_REDIRECT] 
2025-04-24 13:51:38,867 [ERROR] LogOutputStream:75 - [STDERR_REDIRECT] [Fatal Error] :1:1: Premature end of file.
2025-04-24 13:51:38,867 [ERROR] LogOutputStream:75 - [STDERR_REDIRECT] 
2025-04-24 13:51:39,862 [ERROR] LogOutputStream:75 - [STDERR_REDIRECT] [Fatal Error] :1:1: Premature end of file.
2025-04-24 13:51:39,862 [ERROR] LogOutputStream:75 - [STDERR_REDIRECT] 
2025-04-24 13:51:40,859 [ERROR] LogOutputStream:75 - [STDERR_REDIRECT] [Fatal Error] :1:1: Premature end of file.
2025-04-24 13:51:40,859 [ERROR] LogOutputStream:75 - [STDERR_REDIRECT] 
2025-04-24 13:51:41,872 [ERROR] LogOutputStream:75 - [STDERR_REDIRECT] [Fatal Error] :1:1: Premature end of file.
2025-04-24 13:51:41,872 [ERROR] LogOutputStream:75 - [STDERR_REDIRECT] 
2025-04-24 13:51:42,864 [ERROR] LogOutputStream:75 - [STDERR_REDIRECT] [Fatal Error] :1:1: Premature end of file.
2025-04-24 13:51:42,864 [ERROR] LogOutputStream:75 - [STDERR_REDIRECT] 
2025-04-24 13:51:43,865 [ERROR] LogOutputStream:75 - [STDERR_REDIRECT] [Fatal Error] :1:1: Premature end of file.
2025-04-24 13:51:43,865 [ERROR] LogOutputStream:75 - [STDERR_REDIRECT] 
2025-04-24 13:51:44,859 [ERROR] LogOutputStream:75 - [STDERR_REDIRECT] [Fatal Error] :1:1: Premature end of file.
2025-04-24 13:51:44,859 [ERROR] LogOutputStream:75 - [STDERR_REDIRECT] 
2025-04-24 13:51:45,873 [ERROR] LogOutputStream:75 - [STDERR_REDIRECT] [Fatal Error] :1:1: Premature end of file.
2025-04-24 13:51:45,873 [ERROR] LogOutputStream:75 - [STDERR_REDIRECT] 
2025-04-24 13:51:46,872 [ERROR] LogOutputStream:75 - [STDERR_REDIRECT] [Fatal Error] :1:1: Premature end of file.
2025-04-24 13:51:46,872 [ERROR] LogOutputStream:75 - [STDERR_REDIRECT] 
2025-04-24 13:51:47,864 [ERROR] LogOutputStream:75 - [STDERR_REDIRECT] [Fatal Error] :1:1: Premature end of file.
2025-04-24 13:51:47,865 [ERROR] LogOutputStream:75 - [STDERR_REDIRECT] 
2025-04-24 13:51:48,862 [ERROR] LogOutputStream:75 - [STDERR_REDIRECT] [Fatal Error] :1:1: Premature end of file.
2025-04-24 13:51:48,862 [ERROR] LogOutputStream:75 - [STDERR_REDIRECT] 
2025-04-24 13:51:49,873 [ERROR] LogOutputStream:75 - [STDERR_REDIRECT] [Fatal Error] :1:1: Premature end of file.
2025-04-24 13:51:49,873 [ERROR] LogOutputStream:75 - [STDERR_REDIRECT] 
2025-04-24 13:51:50,868 [ERROR] LogOutputStream:75 - [STDERR_REDIRECT] [Fatal Error] :1:1: Premature end of file.
2025-04-24 13:51:50,868 [ERROR] LogOutputStream:75 - [STDERR_REDIRECT] 
2025-04-24 13:51:51,867 [ERROR] LogOutputStream:75 - [STDERR_REDIRECT] [Fatal Error] :1:1: Premature end of file.
2025-04-24 13:51:51,867 [ERROR] LogOutputStream:75 - [STDERR_REDIRECT] 
2025-04-24 13:51:52,859 [ERROR] LogOutputStream:75 - [STDERR_REDIRECT] [Fatal Error] :1:1: Premature end of file.
2025-04-24 13:51:52,859 [ERROR] LogOutputStream:75 - [STDERR_REDIRECT] 
2025-04-24 13:51:53,874 [ERROR] LogOutputStream:75 - [STDERR_REDIRECT] [Fatal Error] :1:1: Premature end of file.
2025-04-24 13:51:53,874 [ERROR] LogOutputStream:75 - [STDERR_REDIRECT] 
2025-04-24 13:51:54,864 [ERROR] LogOutputStream:75 - [STDERR_REDIRECT] [Fatal Error] :1:1: Premature end of file.
2025-04-24 13:51:54,864 [ERROR] LogOutputStream:75 - [STDERR_REDIRECT] 
2025-04-24 13:51:55,862 [ERROR] LogOutputStream:75 - [STDERR_REDIRECT] [Fatal Error] :1:1: Premature end of file.
2025-04-24 13:51:55,862 [ERROR] LogOutputStream:75 - [STDERR_REDIRECT] 
2025-04-24 13:51:56,859 [ERROR] LogOutputStream:75 - [STDERR_REDIRECT] [Fatal Error] :1:1: Premature end of file.
2025-04-24 13:51:56,859 [ERROR] LogOutputStream:75 - [STDERR_REDIRECT] 
2025-04-24 13:51:57,871 [ERROR] LogOutputStream:75 - [STDERR_REDIRECT] [Fatal Error] :1:1: Premature end of file.
2025-04-24 13:51:57,871 [ERROR] LogOutputStream:75 - [STDERR_REDIRECT] 
2025-04-24 13:51:58,865 [ERROR] LogOutputStream:75 - [STDERR_REDIRECT] [Fatal Error] :1:1: Premature end of file.
2025-04-24 13:51:58,865 [ERROR] LogOutputStream:75 - [STDERR_REDIRECT] 
2025-04-24 13:51:59,867 [ERROR] LogOutputStream:75 - [STDERR_REDIRECT] [Fatal Error] :1:1: Premature end of file.
2025-04-24 13:51:59,868 [ERROR] LogOutputStream:75 - [STDERR_REDIRECT] 
2025-04-24 13:52:00,857 [ERROR] LogOutputStream:75 - [STDERR_REDIRECT] [Fatal Error] :1:1: Premature end of file.
2025-04-24 13:52:00,857 [ERROR] LogOutputStream:75 - [STDERR_REDIRECT] 
2025-04-24 13:52:01,874 [ERROR] LogOutputStream:75 - [STDERR_REDIRECT] [Fatal Error] :1:1: Premature end of file.
2025-04-24 13:52:01,875 [ERROR] LogOutputStream:75 - [STDERR_REDIRECT] 
2025-04-24 13:52:02,869 [ERROR] LogOutputStream:75 - [STDERR_REDIRECT] [Fatal Error] :1:1: Premature end of file.
2025-04-24 13:52:02,869 [ERROR] LogOutputStream:75 - [STDERR_REDIRECT] 
2025-04-24 13:52:03,867 [ERROR] LogOutputStream:75 - [STDERR_REDIRECT] [Fatal Error] :1:1: Premature end of file.
2025-04-24 13:52:03,867 [ERROR] LogOutputStream:75 - [STDERR_REDIRECT] 
2025-04-24 13:52:04,865 [ERROR] LogOutputStream:75 - [STDERR_REDIRECT] [Fatal Error] :1:1: Premature end of file.
2025-04-24 13:52:04,865 [ERROR] LogOutputStream:75 - [STDERR_REDIRECT] 
2025-04-24 13:52:05,858 [ERROR] LogOutputStream:75 - [STDERR_REDIRECT] [Fatal Error] :1:1: Premature end of file.
2025-04-24 13:52:05,858 [ERROR] LogOutputStream:75 - [STDERR_REDIRECT] 
2025-04-24 13:52:06,858 [ERROR] LogOutputStream:75 - [STDERR_REDIRECT] [Fatal Error] :1:1: Premature end of file.
2025-04-24 13:52:06,858 [ERROR] LogOutputStream:75 - [STDERR_REDIRECT] 
2025-04-24 13:52:07,868 [ERROR] LogOutputStream:75 - [STDERR_REDIRECT] [Fatal Error] :1:1: Premature end of file.
2025-04-24 13:52:07,868 [ERROR] LogOutputStream:75 - [STDERR_REDIRECT] 
2025-04-24 13:52:08,865 [ERROR] LogOutputStream:75 - [STDERR_REDIRECT] [Fatal Error] :1:1: Premature end of file.
2025-04-24 13:52:08,865 [ERROR] LogOutputStream:75 - [STDERR_REDIRECT] 
2025-04-24 13:52:09,857 [ERROR] LogOutputStream:75 - [STDERR_REDIRECT] [Fatal Error] :1:1: Premature end of file.
2025-04-24 13:52:09,857 [ERROR] LogOutputStream:75 - [STDERR_REDIRECT] 
2025-04-24 13:52:10,860 [ERROR] LogOutputStream:75 - [STDERR_REDIRECT] [Fatal Error] :1:1: Premature end of file.
2025-04-24 13:52:10,860 [ERROR] LogOutputStream:75 - [STDERR_REDIRECT] 
2025-04-24 13:52:11,867 [ERROR] LogOutputStream:75 - [STDERR_REDIRECT] [Fatal Error] :1:1: Premature end of file.
2025-04-24 13:52:11,867 [ERROR] LogOutputStream:75 - [STDERR_REDIRECT] 
2025-04-24 13:52:12,859 [ERROR] LogOutputStream:75 - [STDERR_REDIRECT] [Fatal Error] :1:1: Premature end of file.
2025-04-24 13:52:12,859 [ERROR] LogOutputStream:75 - [STDERR_REDIRECT] 
2025-04-24 13:52:13,874 [ERROR] LogOutputStream:75 - [STDERR_REDIRECT] [Fatal Error] :1:1: Premature end of file.
2025-04-24 13:52:13,874 [ERROR] LogOutputStream:75 - [STDERR_REDIRECT] 
2025-04-24 13:52:14,870 [ERROR] LogOutputStream:75 - [STDERR_REDIRECT] [Fatal Error] :1:1: Premature end of file.
2025-04-24 13:52:14,870 [ERROR] LogOutputStream:75 - [STDERR_REDIRECT] 
2025-04-24 13:52:15,865 [ERROR] LogOutputStream:75 - [STDERR_REDIRECT] [Fatal Error] :1:1: Premature end of file.
2025-04-24 13:52:15,865 [ERROR] LogOutputStream:75 - [STDERR_REDIRECT] 
2025-04-24 13:52:16,860 [ERROR] LogOutputStream:75 - [STDERR_REDIRECT] [Fatal Error] :1:1: Premature end of file.
2025-04-24 13:52:16,860 [ERROR] LogOutputStream:75 - [STDERR_REDIRECT] 
2025-04-24 13:52:17,857 [ERROR] LogOutputStream:75 - [STDERR_REDIRECT] [Fatal Error] :1:1: Premature end of file.
2025-04-24 13:52:17,857 [ERROR] LogOutputStream:75 - [STDERR_REDIRECT] 
2025-04-24 13:52:18,873 [ERROR] LogOutputStream:75 - [STDERR_REDIRECT] [Fatal Error] :1:1: Premature end of file.
2025-04-24 13:52:18,873 [ERROR] LogOutputStream:75 - [STDERR_REDIRECT] 
2025-04-24 13:52:19,867 [ERROR] LogOutputStream:75 - [STDERR_REDIRECT] [Fatal Error] :1:1: Premature end of file.
2025-04-24 13:52:19,867 [ERROR] LogOutputStream:75 - [STDERR_REDIRECT] 
2025-04-24 13:52:20,866 [ERROR] LogOutputStream:75 - [STDERR_REDIRECT] [Fatal Error] :1:1: Premature end of file.
2025-04-24 13:52:20,866 [ERROR] LogOutputStream:75 - [STDERR_REDIRECT] 
2025-04-24 13:52:21,866 [ERROR] LogOutputStream:75 - [STDERR_REDIRECT] [Fatal Error] :1:1: Premature end of file.
2025-04-24 13:52:21,866 [ERROR] LogOutputStream:75 - [STDERR_REDIRECT] 
2025-04-24 13:52:22,862 [ERROR] LogOutputStream:75 - [STDERR_REDIRECT] [Fatal Error] :1:1: Premature end of file.
2025-04-24 13:52:22,862 [ERROR] LogOutputStream:75 - [STDERR_REDIRECT] 
2025-04-24 13:52:23,855 [ERROR] LogOutputStream:75 - [STDERR_REDIRECT] [Fatal Error] :1:1: Premature end of file.
2025-04-24 13:52:23,855 [ERROR] LogOutputStream:75 - [STDERR_REDIRECT] 
2025-04-24 13:52:24,874 [ERROR] LogOutputStream:75 - [STDERR_REDIRECT] [Fatal Error] :1:1: Premature end of file.
2025-04-24 13:52:24,874 [ERROR] LogOutputStream:75 - [STDERR_REDIRECT] 
2025-04-24 13:52:25,864 [ERROR] LogOutputStream:75 - [STDERR_REDIRECT] [Fatal Error] :1:1: Premature end of file.
2025-04-24 13:52:25,864 [ERROR] LogOutputStream:75 - [STDERR_REDIRECT] 
2025-04-24 13:52:26,860 [ERROR] LogOutputStream:75 - [STDERR_REDIRECT] [Fatal Error] :1:1: Premature end of file.
2025-04-24 13:52:26,860 [ERROR] LogOutputStream:75 - [STDERR_REDIRECT] 
2025-04-24 13:52:27,867 [ERROR] LogOutputStream:75 - [STDERR_REDIRECT] [Fatal Error] :1:1: Premature end of file.
2025-04-24 13:52:27,868 [ERROR] LogOutputStream:75 - [STDERR_REDIRECT] 
2025-04-24 13:52:28,864 [ERROR] LogOutputStream:75 - [STDERR_REDIRECT] [Fatal Error] :1:1: Premature end of file.
2025-04-24 13:52:28,864 [ERROR] LogOutputStream:75 - [STDERR_REDIRECT] 
2025-04-24 13:52:29,873 [ERROR] LogOutputStream:75 - [STDERR_REDIRECT] [Fatal Error] :1:1: Premature end of file.
2025-04-24 13:52:29,873 [ERROR] LogOutputStream:75 - [STDERR_REDIRECT] 
2025-04-24 13:52:30,874 [ERROR] LogOutputStream:75 - [STDERR_REDIRECT] [Fatal Error] :1:1: Premature end of file.
2025-04-24 13:52:30,874 [ERROR] LogOutputStream:75 - [STDERR_REDIRECT] 
2025-04-24 13:52:31,856 [ERROR] LogOutputStream:75 - [STDERR_REDIRECT] [Fatal Error] :1:1: Premature end of file.
2025-04-24 13:52:31,856 [ERROR] LogOutputStream:75 - [STDERR_REDIRECT] 
2025-04-24 13:52:32,872 [ERROR] LogOutputStream:75 - [STDERR_REDIRECT] [Fatal Error] :1:1: Premature end of file.
2025-04-24 13:52:32,872 [ERROR] LogOutputStream:75 - [STDERR_REDIRECT] 
2025-04-24 13:52:33,865 [ERROR] LogOutputStream:75 - [STDERR_REDIRECT] [Fatal Error] :1:1: Premature end of file.
2025-04-24 13:52:33,867 [ERROR] LogOutputStream:75 - [STDERR_REDIRECT] 
2025-04-24 13:52:34,869 [ERROR] LogOutputStream:75 - [STDERR_REDIRECT] [Fatal Error] :1:1: Premature end of file.
2025-04-24 13:52:34,869 [ERROR] LogOutputStream:75 - [STDERR_REDIRECT] 
2025-04-24 13:52:35,870 [ERROR] LogOutputStream:75 - [STDERR_REDIRECT] [Fatal Error] :1:1: Premature end of file.
2025-04-24 13:52:35,870 [ERROR] LogOutputStream:75 - [STDERR_REDIRECT] 
2025-04-24 13:52:36,863 [ERROR] LogOutputStream:75 - [STDERR_REDIRECT] [Fatal Error] :1:1: Premature end of file.
2025-04-24 13:52:36,863 [ERROR] LogOutputStream:75 - [STDERR_REDIRECT] 
2025-04-24 13:52:37,860 [ERROR] LogOutputStream:75 - [STDERR_REDIRECT] [Fatal Error] :1:1: Premature end of file.
2025-04-24 13:52:37,860 [ERROR] LogOutputStream:75 - [STDERR_REDIRECT] 
2025-04-24 13:52:38,869 [ERROR] LogOutputStream:75 - [STDERR_REDIRECT] [Fatal Error] :1:1: Premature end of file.
2025-04-24 13:52:38,869 [ERROR] LogOutputStream:75 - [STDERR_REDIRECT] 
2025-04-24 13:52:39,868 [ERROR] LogOutputStream:75 - [STDERR_REDIRECT] [Fatal Error] :1:1: Premature end of file.
2025-04-24 13:52:39,868 [ERROR] LogOutputStream:75 - [STDERR_REDIRECT] 
2025-04-24 13:52:40,860 [ERROR] LogOutputStream:75 - [STDERR_REDIRECT] [Fatal Error] :1:1: Premature end of file.
2025-04-24 13:52:40,860 [ERROR] LogOutputStream:75 - [STDERR_REDIRECT] 
2025-04-24 13:52:41,857 [ERROR] LogOutputStream:75 - [STDERR_REDIRECT] [Fatal Error] :1:1: Premature end of file.
2025-04-24 13:52:41,857 [ERROR] LogOutputStream:75 - [STDERR_REDIRECT] 
2025-04-24 13:52:42,876 [ERROR] LogOutputStream:75 - [STDERR_REDIRECT] [Fatal Error] :1:1: Premature end of file.
2025-04-24 13:52:42,877 [ERROR] LogOutputStream:75 - [STDERR_REDIRECT] 
2025-04-24 13:52:43,865 [ERROR] LogOutputStream:75 - [STDERR_REDIRECT] [Fatal Error] :1:1: Premature end of file.
2025-04-24 13:52:43,866 [ERROR] LogOutputStream:75 - [STDERR_REDIRECT] 
2025-04-24 13:52:44,863 [ERROR] LogOutputStream:75 - [STDERR_REDIRECT] [Fatal Error] :1:1: Premature end of file.
2025-04-24 13:52:44,863 [ERROR] LogOutputStream:75 - [STDERR_REDIRECT] 
2025-04-24 13:52:45,858 [ERROR] LogOutputStream:75 - [STDERR_REDIRECT] [Fatal Error] :1:1: Premature end of file.
2025-04-24 13:52:45,859 [ERROR] LogOutputStream:75 - [STDERR_REDIRECT] 
2025-04-24 13:52:46,871 [ERROR] LogOutputStream:75 - [STDERR_REDIRECT] [Fatal Error] :1:1: Premature end of file.
2025-04-24 13:52:46,871 [ERROR] LogOutputStream:75 - [STDERR_REDIRECT] 
2025-04-24 13:52:47,863 [ERROR] LogOutputStream:75 - [STDERR_REDIRECT] [Fatal Error] :1:1: Premature end of file.
2025-04-24 13:52:47,863 [ERROR] LogOutputStream:75 - [STDERR_REDIRECT] 
2025-04-24 13:52:48,862 [ERROR] LogOutputStream:75 - [STDERR_REDIRECT] [Fatal Error] :1:1: Premature end of file.
2025-04-24 13:52:48,862 [ERROR] LogOutputStream:75 - [STDERR_REDIRECT] 
2025-04-24 13:52:49,856 [ERROR] LogOutputStream:75 - [STDERR_REDIRECT] [Fatal Error] :1:1: Premature end of file.
2025-04-24 13:52:49,856 [ERROR] LogOutputStream:75 - [STDERR_REDIRECT] 
2025-04-24 13:52:50,873 [ERROR] LogOutputStream:75 - [STDERR_REDIRECT] [Fatal Error] :1:1: Premature end of file.
2025-04-24 13:52:50,873 [ERROR] LogOutputStream:75 - [STDERR_REDIRECT] 
2025-04-24 13:52:51,858 [ERROR] LogOutputStream:75 - [STDERR_REDIRECT] [Fatal Error] :1:1: Premature end of file.
2025-04-24 13:52:51,858 [ERROR] LogOutputStream:75 - [STDERR_REDIRECT] 
2025-04-24 13:52:52,859 [ERROR] LogOutputStream:75 - [STDERR_REDIRECT] [Fatal Error] :1:1: Premature end of file.
2025-04-24 13:52:52,859 [ERROR] LogOutputStream:75 - [STDERR_REDIRECT] 
2025-04-24 13:52:53,868 [ERROR] LogOutputStream:75 - [STDERR_REDIRECT] [Fatal Error] :1:1: Premature end of file.
2025-04-24 13:52:53,868 [ERROR] LogOutputStream:75 - [STDERR_REDIRECT] 
2025-04-24 13:52:54,866 [ERROR] LogOutputStream:75 - [STDERR_REDIRECT] [Fatal Error] :1:1: Premature end of file.
2025-04-24 13:52:54,866 [ERROR] LogOutputStream:75 - [STDERR_REDIRECT] 
2025-04-24 13:52:55,854 [ERROR] LogOutputStream:75 - [STDERR_REDIRECT] [Fatal Error] :1:1: Premature end of file.
2025-04-24 13:52:55,854 [ERROR] LogOutputStream:75 - [STDERR_REDIRECT] 
2025-04-24 13:52:56,868 [ERROR] LogOutputStream:75 - [STDERR_REDIRECT] [Fatal Error] :1:1: Premature end of file.
2025-04-24 13:52:56,868 [ERROR] LogOutputStream:75 - [STDERR_REDIRECT] 
2025-04-24 13:52:57,865 [ERROR] LogOutputStream:75 - [STDERR_REDIRECT] [Fatal Error] :1:1: Premature end of file.
2025-04-24 13:52:57,865 [ERROR] LogOutputStream:75 - [STDERR_REDIRECT] 
2025-04-24 13:52:58,862 [ERROR] LogOutputStream:75 - [STDERR_REDIRECT] [Fatal Error] :1:1: Premature end of file.
2025-04-24 13:52:58,862 [ERROR] LogOutputStream:75 - [STDERR_REDIRECT] 
2025-04-24 13:52:59,874 [ERROR] LogOutputStream:75 - [STDERR_REDIRECT] [Fatal Error] :1:1: Premature end of file.
2025-04-24 13:52:59,874 [ERROR] LogOutputStream:75 - [STDERR_REDIRECT] 
2025-04-24 13:53:00,873 [ERROR] LogOutputStream:75 - [STDERR_REDIRECT] [Fatal Error] :1:1: Premature end of file.
2025-04-24 13:53:00,873 [ERROR] LogOutputStream:75 - [STDERR_REDIRECT] 
2025-04-24 13:53:01,868 [ERROR] LogOutputStream:75 - [STDERR_REDIRECT] [Fatal Error] :1:1: Premature end of file.
2025-04-24 13:53:01,868 [ERROR] LogOutputStream:75 - [STDERR_REDIRECT] 
2025-04-24 13:53:02,860 [ERROR] LogOutputStream:75 - [STDERR_REDIRECT] [Fatal Error] :1:1: Premature end of file.
2025-04-24 13:53:02,860 [ERROR] LogOutputStream:75 - [STDERR_REDIRECT] 
2025-04-24 13:53:03,869 [ERROR] LogOutputStream:75 - [STDERR_REDIRECT] [Fatal Error] :1:1: Premature end of file.
2025-04-24 13:53:03,869 [ERROR] LogOutputStream:75 - [STDERR_REDIRECT] 
2025-04-24 13:53:04,863 [ERROR] LogOutputStream:75 - [STDERR_REDIRECT] [Fatal Error] :1:1: Premature end of file.
2025-04-24 13:53:04,864 [ERROR] LogOutputStream:75 - [STDERR_REDIRECT] 
2025-04-24 13:53:05,861 [ERROR] LogOutputStream:75 - [STDERR_REDIRECT] [Fatal Error] :1:1: Premature end of file.
2025-04-24 13:53:05,861 [ERROR] LogOutputStream:75 - [STDERR_REDIRECT] 
2025-04-24 13:53:06,858 [ERROR] LogOutputStream:75 - [STDERR_REDIRECT] [Fatal Error] :1:1: Premature end of file.
2025-04-24 13:53:06,858 [ERROR] LogOutputStream:75 - [STDERR_REDIRECT] 
2025-04-24 13:53:07,870 [ERROR] LogOutputStream:75 - [STDERR_REDIRECT] [Fatal Error] :1:1: Premature end of file.
2025-04-24 13:53:07,870 [ERROR] LogOutputStream:75 - [STDERR_REDIRECT] 
2025-04-24 13:53:08,869 [ERROR] LogOutputStream:75 - [STDERR_REDIRECT] [Fatal Error] :1:1: Premature end of file.
2025-04-24 13:53:08,869 [ERROR] LogOutputStream:75 - [STDERR_REDIRECT] 
2025-04-24 13:53:09,860 [ERROR] LogOutputStream:75 - [STDERR_REDIRECT] [Fatal Error] :1:1: Premature end of file.
2025-04-24 13:53:09,860 [ERROR] LogOutputStream:75 - [STDERR_REDIRECT] 
2025-04-24 13:53:10,859 [ERROR] LogOutputStream:75 - [STDERR_REDIRECT] [Fatal Error] :1:1: Premature end of file.
2025-04-24 13:53:10,859 [ERROR] LogOutputStream:75 - [STDERR_REDIRECT] 
2025-04-24 13:53:11,868 [ERROR] LogOutputStream:75 - [STDERR_REDIRECT] [Fatal Error] :1:1: Premature end of file.
2025-04-24 13:53:11,868 [ERROR] LogOutputStream:75 - [STDERR_REDIRECT] 
2025-04-24 13:53:12,869 [ERROR] LogOutputStream:75 - [STDERR_REDIRECT] [Fatal Error] :1:1: Premature end of file.
2025-04-24 13:53:12,869 [ERROR] LogOutputStream:75 - [STDERR_REDIRECT] 
2025-04-24 13:53:13,860 [ERROR] LogOutputStream:75 - [STDERR_REDIRECT] [Fatal Error] :1:1: Premature end of file.
2025-04-24 13:53:13,860 [ERROR] LogOutputStream:75 - [STDERR_REDIRECT] 
2025-04-24 13:53:14,869 [ERROR] LogOutputStream:75 - [STDERR_REDIRECT] [Fatal Error] :1:1: Premature end of file.
2025-04-24 13:53:14,869 [ERROR] LogOutputStream:75 - [STDERR_REDIRECT] 
2025-04-24 13:53:15,876 [ERROR] LogOutputStream:75 - [STDERR_REDIRECT] [Fatal Error] :1:1: Premature end of file.
2025-04-24 13:53:15,876 [ERROR] LogOutputStream:75 - [STDERR_REDIRECT] 
2025-04-24 13:53:16,867 [ERROR] LogOutputStream:75 - [STDERR_REDIRECT] [Fatal Error] :1:1: Premature end of file.
2025-04-24 13:53:16,867 [ERROR] LogOutputStream:75 - [STDERR_REDIRECT] 
2025-04-24 13:53:17,860 [ERROR] LogOutputStream:75 - [STDERR_REDIRECT] [Fatal Error] :1:1: Premature end of file.
2025-04-24 13:53:17,860 [ERROR] LogOutputStream:75 - [STDERR_REDIRECT] 
2025-04-24 13:53:18,876 [ERROR] LogOutputStream:75 - [STDERR_REDIRECT] [Fatal Error] :1:1: Premature end of file.
2025-04-24 13:53:18,876 [ERROR] LogOutputStream:75 - [STDERR_REDIRECT] 
2025-04-24 13:53:19,872 [ERROR] LogOutputStream:75 - [STDERR_REDIRECT] [Fatal Error] :1:1: Premature end of file.
2025-04-24 13:53:19,872 [ERROR] LogOutputStream:75 - [STDERR_REDIRECT] 
2025-04-24 13:53:20,867 [ERROR] LogOutputStream:75 - [STDERR_REDIRECT] [Fatal Error] :1:1: Premature end of file.
2025-04-24 13:53:20,867 [ERROR] LogOutputStream:75 - [STDERR_REDIRECT] 
2025-04-24 13:53:21,860 [ERROR] LogOutputStream:75 - [STDERR_REDIRECT] [Fatal Error] :1:1: Premature end of file.
2025-04-24 13:53:21,861 [ERROR] LogOutputStream:75 - [STDERR_REDIRECT] 
2025-04-24 13:53:22,862 [ERROR] LogOutputStream:75 - [STDERR_REDIRECT] [Fatal Error] :1:1: Premature end of file.
2025-04-24 13:53:22,862 [ERROR] LogOutputStream:75 - [STDERR_REDIRECT] 
2025-04-24 13:53:23,871 [ERROR] LogOutputStream:75 - [STDERR_REDIRECT] [Fatal Error] :1:1: Premature end of file.
2025-04-24 13:53:23,871 [ERROR] LogOutputStream:75 - [STDERR_REDIRECT] 
2025-04-24 13:53:24,869 [ERROR] LogOutputStream:75 - [STDERR_REDIRECT] [Fatal Error] :1:1: Premature end of file.
2025-04-24 13:53:24,869 [ERROR] LogOutputStream:75 - [STDERR_REDIRECT] 
2025-04-24 13:53:25,868 [ERROR] LogOutputStream:75 - [STDERR_REDIRECT] [Fatal Error] :1:1: Premature end of file.
2025-04-24 13:53:25,868 [ERROR] LogOutputStream:75 - [STDERR_REDIRECT] 
2025-04-24 13:53:26,859 [ERROR] LogOutputStream:75 - [STDERR_REDIRECT] [Fatal Error] :1:1: Premature end of file.
2025-04-24 13:53:26,859 [ERROR] LogOutputStream:75 - [STDERR_REDIRECT] 
2025-04-24 13:53:27,860 [ERROR] LogOutputStream:75 - [STDERR_REDIRECT] [Fatal Error] :1:1: Premature end of file.
2025-04-24 13:53:27,860 [ERROR] LogOutputStream:75 - [STDERR_REDIRECT] 
2025-04-24 13:53:28,867 [ERROR] LogOutputStream:75 - [STDERR_REDIRECT] [Fatal Error] :1:1: Premature end of file.
2025-04-24 13:53:28,867 [ERROR] LogOutputStream:75 - [STDERR_REDIRECT] 
2025-04-24 13:53:29,865 [ERROR] LogOutputStream:75 - [STDERR_REDIRECT] [Fatal Error] :1:1: Premature end of file.
2025-04-24 13:53:29,865 [ERROR] LogOutputStream:75 - [STDERR_REDIRECT] 
2025-04-24 13:53:30,864 [ERROR] LogOutputStream:75 - [STDERR_REDIRECT] [Fatal Error] :1:1: Premature end of file.
2025-04-24 13:53:30,865 [ERROR] LogOutputStream:75 - [STDERR_REDIRECT] 
2025-04-24 13:53:31,872 [ERROR] LogOutputStream:75 - [STDERR_REDIRECT] [Fatal Error] :1:1: Premature end of file.
2025-04-24 13:53:31,872 [ERROR] LogOutputStream:75 - [STDERR_REDIRECT] 
2025-04-24 13:53:32,868 [ERROR] LogOutputStream:75 - [STDERR_REDIRECT] [Fatal Error] :1:1: Premature end of file.
2025-04-24 13:53:32,869 [ERROR] LogOutputStream:75 - [STDERR_REDIRECT] 
2025-04-24 13:53:33,858 [ERROR] LogOutputStream:75 - [STDERR_REDIRECT] [Fatal Error] :1:1: Premature end of file.
2025-04-24 13:53:33,858 [ERROR] LogOutputStream:75 - [STDERR_REDIRECT] 
2025-04-24 13:53:34,864 [ERROR] LogOutputStream:75 - [STDERR_REDIRECT] [Fatal Error] :1:1: Premature end of file.
2025-04-24 13:53:34,864 [ERROR] LogOutputStream:75 - [STDERR_REDIRECT] 
2025-04-24 13:53:35,868 [ERROR] LogOutputStream:75 - [STDERR_REDIRECT] [Fatal Error] :1:1: Premature end of file.
2025-04-24 13:53:35,868 [ERROR] LogOutputStream:75 - [STDERR_REDIRECT] 
2025-04-24 13:53:36,858 [ERROR] LogOutputStream:75 - [STDERR_REDIRECT] [Fatal Error] :1:1: Premature end of file.
2025-04-24 13:53:36,858 [ERROR] LogOutputStream:75 - [STDERR_REDIRECT] 
2025-04-24 13:53:37,871 [ERROR] LogOutputStream:75 - [STDERR_REDIRECT] [Fatal Error] :1:1: Premature end of file.
2025-04-24 13:53:37,871 [ERROR] LogOutputStream:75 - [STDERR_REDIRECT] 
2025-04-24 13:53:38,868 [ERROR] LogOutputStream:75 - [STDERR_REDIRECT] [Fatal Error] :1:1: Premature end of file.
2025-04-24 13:53:38,868 [ERROR] LogOutputStream:75 - [STDERR_REDIRECT] 
2025-04-24 13:53:39,864 [ERROR] LogOutputStream:75 - [STDERR_REDIRECT] [Fatal Error] :1:1: Premature end of file.
2025-04-24 13:53:39,864 [ERROR] LogOutputStream:75 - [STDERR_REDIRECT] 
2025-04-24 13:53:40,865 [ERROR] LogOutputStream:75 - [STDERR_REDIRECT] [Fatal Error] :1:1: Premature end of file.
2025-04-24 13:53:40,865 [ERROR] LogOutputStream:75 - [STDERR_REDIRECT] 
2025-04-24 13:53:41,857 [ERROR] LogOutputStream:75 - [STDERR_REDIRECT] [Fatal Error] :1:1: Premature end of file.
2025-04-24 13:53:41,857 [ERROR] LogOutputStream:75 - [STDERR_REDIRECT] 
2025-04-24 13:53:42,872 [ERROR] LogOutputStream:75 - [STDERR_REDIRECT] [Fatal Error] :1:1: Premature end of file.
2025-04-24 13:53:42,872 [ERROR] LogOutputStream:75 - [STDERR_REDIRECT] 
2025-04-24 13:53:43,869 [ERROR] LogOutputStream:75 - [STDERR_REDIRECT] [Fatal Error] :1:1: Premature end of file.
2025-04-24 13:53:43,869 [ERROR] LogOutputStream:75 - [STDERR_REDIRECT] 
2025-04-24 13:53:44,862 [ERROR] LogOutputStream:75 - [STDERR_REDIRECT] [Fatal Error] :1:1: Premature end of file.
2025-04-24 13:53:44,862 [ERROR] LogOutputStream:75 - [STDERR_REDIRECT] 
2025-04-24 13:53:45,857 [ERROR] LogOutputStream:75 - [STDERR_REDIRECT] [Fatal Error] :1:1: Premature end of file.
2025-04-24 13:53:45,858 [ERROR] LogOutputStream:75 - [STDERR_REDIRECT] 
2025-04-24 13:53:46,872 [ERROR] LogOutputStream:75 - [STDERR_REDIRECT] [Fatal Error] :1:1: Premature end of file.
2025-04-24 13:53:46,872 [ERROR] LogOutputStream:75 - [STDERR_REDIRECT] 
2025-04-24 13:53:47,869 [ERROR] LogOutputStream:75 - [STDERR_REDIRECT] [Fatal Error] :1:1: Premature end of file.
2025-04-24 13:53:47,869 [ERROR] LogOutputStream:75 - [STDERR_REDIRECT] 
2025-04-24 13:53:48,860 [ERROR] LogOutputStream:75 - [STDERR_REDIRECT] [Fatal Error] :1:1: Premature end of file.
2025-04-24 13:53:48,860 [ERROR] LogOutputStream:75 - [STDERR_REDIRECT] 
2025-04-24 13:53:49,864 [ERROR] LogOutputStream:75 - [STDERR_REDIRECT] [Fatal Error] :1:1: Premature end of file.
2025-04-24 13:53:49,864 [ERROR] LogOutputStream:75 - [STDERR_REDIRECT] 
2025-04-24 13:53:50,860 [ERROR] LogOutputStream:75 - [STDERR_REDIRECT] [Fatal Error] :1:1: Premature end of file.
2025-04-24 13:53:50,860 [ERROR] LogOutputStream:75 - [STDERR_REDIRECT] 
2025-04-24 13:53:51,871 [ERROR] LogOutputStream:75 - [STDERR_REDIRECT] [Fatal Error] :1:1: Premature end of file.
2025-04-24 13:53:51,871 [ERROR] LogOutputStream:75 - [STDERR_REDIRECT] 
2025-04-24 13:53:52,869 [ERROR] LogOutputStream:75 - [STDERR_REDIRECT] [Fatal Error] :1:1: Premature end of file.
2025-04-24 13:53:52,869 [ERROR] LogOutputStream:75 - [STDERR_REDIRECT] 
2025-04-24 13:53:53,869 [ERROR] LogOutputStream:75 - [STDERR_REDIRECT] [Fatal Error] :1:1: Premature end of file.
2025-04-24 13:53:53,869 [ERROR] LogOutputStream:75 - [STDERR_REDIRECT] 
2025-04-24 13:53:54,865 [ERROR] LogOutputStream:75 - [STDERR_REDIRECT] [Fatal Error] :1:1: Premature end of file.
2025-04-24 13:53:54,865 [ERROR] LogOutputStream:75 - [STDERR_REDIRECT] 
2025-04-24 13:53:55,863 [ERROR] LogOutputStream:75 - [STDERR_REDIRECT] [Fatal Error] :1:1: Premature end of file.
2025-04-24 13:53:55,863 [ERROR] LogOutputStream:75 - [STDERR_REDIRECT] 
2025-04-24 13:53:56,861 [ERROR] LogOutputStream:75 - [STDERR_REDIRECT] [Fatal Error] :1:1: Premature end of file.
2025-04-24 13:53:56,861 [ERROR] LogOutputStream:75 - [STDERR_REDIRECT] 
2025-04-24 13:53:57,869 [ERROR] LogOutputStream:75 - [STDERR_REDIRECT] [Fatal Error] :1:1: Premature end of file.
2025-04-24 13:53:57,869 [ERROR] LogOutputStream:75 - [STDERR_REDIRECT] 
2025-04-24 13:53:58,863 [ERROR] LogOutputStream:75 - [STDERR_REDIRECT] [Fatal Error] :1:1: Premature end of file.
2025-04-24 13:53:58,863 [ERROR] LogOutputStream:75 - [STDERR_REDIRECT] 
2025-04-24 13:53:59,859 [ERROR] LogOutputStream:75 - [STDERR_REDIRECT] [Fatal Error] :1:1: Premature end of file.
2025-04-24 13:53:59,859 [ERROR] LogOutputStream:75 - [STDERR_REDIRECT] 
2025-04-24 13:54:00,865 [ERROR] LogOutputStream:75 - [STDERR_REDIRECT] [Fatal Error] :1:1: Premature end of file.
2025-04-24 13:54:00,865 [ERROR] LogOutputStream:75 - [STDERR_REDIRECT] 
2025-04-24 13:54:01,862 [ERROR] LogOutputStream:75 - [STDERR_REDIRECT] [Fatal Error] :1:1: Premature end of file.
2025-04-24 13:54:01,863 [ERROR] LogOutputStream:75 - [STDERR_REDIRECT] 
2025-04-24 13:54:02,863 [ERROR] LogOutputStream:75 - [STDERR_REDIRECT] [Fatal Error] :1:1: Premature end of file.
2025-04-24 13:54:02,863 [ERROR] LogOutputStream:75 - [STDERR_REDIRECT] 
2025-04-24 13:54:03,862 [ERROR] LogOutputStream:75 - [STDERR_REDIRECT] [Fatal Error] :1:1: Premature end of file.
2025-04-24 13:54:03,862 [ERROR] LogOutputStream:75 - [STDERR_REDIRECT] 
2025-04-24 13:54:04,869 [ERROR] LogOutputStream:75 - [STDERR_REDIRECT] [Fatal Error] :1:1: Premature end of file.
2025-04-24 13:54:04,869 [ERROR] LogOutputStream:75 - [STDERR_REDIRECT] 
2025-04-24 13:54:05,868 [ERROR] LogOutputStream:75 - [STDERR_REDIRECT] [Fatal Error] :1:1: Premature end of file.
2025-04-24 13:54:05,868 [ERROR] LogOutputStream:75 - [STDERR_REDIRECT] 
2025-04-24 13:54:06,859 [ERROR] LogOutputStream:75 - [STDERR_REDIRECT] [Fatal Error] :1:1: Premature end of file.
2025-04-24 13:54:06,860 [ERROR] LogOutputStream:75 - [STDERR_REDIRECT] 
2025-04-24 13:54:07,860 [ERROR] LogOutputStream:75 - [STDERR_REDIRECT] [Fatal Error] :1:1: Premature end of file.
2025-04-24 13:54:07,860 [ERROR] LogOutputStream:75 - [STDERR_REDIRECT] 
2025-04-24 13:54:08,859 [ERROR] LogOutputStream:75 - [STDERR_REDIRECT] [Fatal Error] :1:1: Premature end of file.
2025-04-24 13:54:08,860 [ERROR] LogOutputStream:75 - [STDERR_REDIRECT] 
2025-04-24 13:54:09,873 [ERROR] LogOutputStream:75 - [STDERR_REDIRECT] [Fatal Error] :1:1: Premature end of file.
2025-04-24 13:54:09,874 [ERROR] LogOutputStream:75 - [STDERR_REDIRECT] 
2025-04-24 13:54:10,873 [ERROR] LogOutputStream:75 - [STDERR_REDIRECT] [Fatal Error] :1:1: Premature end of file.
2025-04-24 13:54:10,873 [ERROR] LogOutputStream:75 - [STDERR_REDIRECT] 
2025-04-24 13:54:11,867 [ERROR] LogOutputStream:75 - [STDERR_REDIRECT] [Fatal Error] :1:1: Premature end of file.
2025-04-24 13:54:11,867 [ERROR] LogOutputStream:75 - [STDERR_REDIRECT] 
2025-04-24 13:54:12,860 [ERROR] LogOutputStream:75 - [STDERR_REDIRECT] [Fatal Error] :1:1: Premature end of file.
2025-04-24 13:54:12,860 [ERROR] LogOutputStream:75 - [STDERR_REDIRECT] 
2025-04-24 13:54:13,873 [ERROR] LogOutputStream:75 - [STDERR_REDIRECT] [Fatal Error] :1:1: Premature end of file.
2025-04-24 13:54:13,873 [ERROR] LogOutputStream:75 - [STDERR_REDIRECT] 
2025-04-24 13:54:14,871 [ERROR] LogOutputStream:75 - [STDERR_REDIRECT] [Fatal Error] :1:1: Premature end of file.
2025-04-24 13:54:14,872 [ERROR] LogOutputStream:75 - [STDERR_REDIRECT] 
2025-04-24 13:54:15,869 [ERROR] LogOutputStream:75 - [STDERR_REDIRECT] [Fatal Error] :1:1: Premature end of file.
2025-04-24 13:54:15,869 [ERROR] LogOutputStream:75 - [STDERR_REDIRECT] 
2025-04-24 13:54:16,870 [ERROR] LogOutputStream:75 - [STDERR_REDIRECT] [Fatal Error] :1:1: Premature end of file.
2025-04-24 13:54:16,870 [ERROR] LogOutputStream:75 - [STDERR_REDIRECT] 
2025-04-24 13:54:17,870 [ERROR] LogOutputStream:75 - [STDERR_REDIRECT] [Fatal Error] :1:1: Premature end of file.
2025-04-24 13:54:17,870 [ERROR] LogOutputStream:75 - [STDERR_REDIRECT] 
2025-04-24 13:54:18,868 [ERROR] LogOutputStream:75 - [STDERR_REDIRECT] [Fatal Error] :1:1: Premature end of file.
2025-04-24 13:54:18,868 [ERROR] LogOutputStream:75 - [STDERR_REDIRECT] 
2025-04-24 13:54:19,866 [ERROR] LogOutputStream:75 - [STDERR_REDIRECT] [Fatal Error] :1:1: Premature end of file.
2025-04-24 13:54:19,866 [ERROR] LogOutputStream:75 - [STDERR_REDIRECT] 
2025-04-24 13:54:20,866 [ERROR] LogOutputStream:75 - [STDERR_REDIRECT] [Fatal Error] :1:1: Premature end of file.
2025-04-24 13:54:20,866 [ERROR] LogOutputStream:75 - [STDERR_REDIRECT] 
2025-04-24 13:54:21,856 [ERROR] LogOutputStream:75 - [STDERR_REDIRECT] [Fatal Error] :1:1: Premature end of file.
2025-04-24 13:54:21,856 [ERROR] LogOutputStream:75 - [STDERR_REDIRECT] 
2025-04-24 13:54:22,869 [ERROR] LogOutputStream:75 - [STDERR_REDIRECT] [Fatal Error] :1:1: Premature end of file.
2025-04-24 13:54:22,870 [ERROR] LogOutputStream:75 - [STDERR_REDIRECT] 
2025-04-24 13:54:23,860 [ERROR] LogOutputStream:75 - [STDERR_REDIRECT] [Fatal Error] :1:1: Premature end of file.
2025-04-24 13:54:23,860 [ERROR] LogOutputStream:75 - [STDERR_REDIRECT] 
2025-04-24 13:54:24,874 [ERROR] LogOutputStream:75 - [STDERR_REDIRECT] [Fatal Error] :1:1: Premature end of file.
2025-04-24 13:54:24,874 [ERROR] LogOutputStream:75 - [STDERR_REDIRECT] 
2025-04-24 13:54:25,865 [ERROR] LogOutputStream:75 - [STDERR_REDIRECT] [Fatal Error] :1:1: Premature end of file.
2025-04-24 13:54:25,865 [ERROR] LogOutputStream:75 - [STDERR_REDIRECT] 
2025-04-24 13:54:26,858 [ERROR] LogOutputStream:75 - [STDERR_REDIRECT] [Fatal Error] :1:1: Premature end of file.
2025-04-24 13:54:26,858 [ERROR] LogOutputStream:75 - [STDERR_REDIRECT] 
2025-04-24 13:54:27,870 [ERROR] LogOutputStream:75 - [STDERR_REDIRECT] [Fatal Error] :1:1: Premature end of file.
2025-04-24 13:54:27,871 [ERROR] LogOutputStream:75 - [STDERR_REDIRECT] 
2025-04-24 13:54:28,864 [ERROR] LogOutputStream:75 - [STDERR_REDIRECT] [Fatal Error] :1:1: Premature end of file.
2025-04-24 13:54:28,864 [ERROR] LogOutputStream:75 - [STDERR_REDIRECT] 
2025-04-24 13:54:29,872 [ERROR] LogOutputStream:75 - [STDERR_REDIRECT] [Fatal Error] :1:1: Premature end of file.
2025-04-24 13:54:29,873 [ERROR] LogOutputStream:75 - [STDERR_REDIRECT] 
2025-04-24 13:54:30,869 [ERROR] LogOutputStream:75 - [STDERR_REDIRECT] [Fatal Error] :1:1: Premature end of file.
2025-04-24 13:54:30,869 [ERROR] LogOutputStream:75 - [STDERR_REDIRECT] 
2025-04-24 13:54:31,867 [ERROR] LogOutputStream:75 - [STDERR_REDIRECT] [Fatal Error] :1:1: Premature end of file.
2025-04-24 13:54:31,867 [ERROR] LogOutputStream:75 - [STDERR_REDIRECT] 
2025-04-24 13:54:32,868 [ERROR] LogOutputStream:75 - [STDERR_REDIRECT] [Fatal Error] :1:1: Premature end of file.
2025-04-24 13:54:32,869 [ERROR] LogOutputStream:75 - [STDERR_REDIRECT] 
2025-04-24 13:54:33,872 [ERROR] LogOutputStream:75 - [STDERR_REDIRECT] [Fatal Error] :1:1: Premature end of file.
2025-04-24 13:54:33,872 [ERROR] LogOutputStream:75 - [STDERR_REDIRECT] 
2025-04-24 13:54:34,868 [ERROR] LogOutputStream:75 - [STDERR_REDIRECT] [Fatal Error] :1:1: Premature end of file.
2025-04-24 13:54:34,868 [ERROR] LogOutputStream:75 - [STDERR_REDIRECT] 
2025-04-24 13:54:35,865 [ERROR] LogOutputStream:75 - [STDERR_REDIRECT] [Fatal Error] :1:1: Premature end of file.
2025-04-24 13:54:35,865 [ERROR] LogOutputStream:75 - [STDERR_REDIRECT] 
2025-04-24 13:54:36,858 [ERROR] LogOutputStream:75 - [STDERR_REDIRECT] [Fatal Error] :1:1: Premature end of file.
2025-04-24 13:54:36,858 [ERROR] LogOutputStream:75 - [STDERR_REDIRECT] 
2025-04-24 13:54:37,869 [ERROR] LogOutputStream:75 - [STDERR_REDIRECT] [Fatal Error] :1:1: Premature end of file.
2025-04-24 13:54:37,869 [ERROR] LogOutputStream:75 - [STDERR_REDIRECT] 
2025-04-24 13:54:38,873 [ERROR] LogOutputStream:75 - [STDERR_REDIRECT] [Fatal Error] :1:1: Premature end of file.
2025-04-24 13:54:38,873 [ERROR] LogOutputStream:75 - [STDERR_REDIRECT] 
2025-04-24 13:54:39,869 [ERROR] LogOutputStream:75 - [STDERR_REDIRECT] [Fatal Error] :1:1: Premature end of file.
2025-04-24 13:54:39,869 [ERROR] LogOutputStream:75 - [STDERR_REDIRECT] 
2025-04-24 13:54:40,863 [ERROR] LogOutputStream:75 - [STDERR_REDIRECT] [Fatal Error] :1:1: Premature end of file.
2025-04-24 13:54:40,863 [ERROR] LogOutputStream:75 - [STDERR_REDIRECT] 
2025-04-24 13:54:41,857 [ERROR] LogOutputStream:75 - [STDERR_REDIRECT] [Fatal Error] :1:1: Premature end of file.
2025-04-24 13:54:41,857 [ERROR] LogOutputStream:75 - [STDERR_REDIRECT] 
2025-04-24 13:54:42,874 [ERROR] LogOutputStream:75 - [STDERR_REDIRECT] [Fatal Error] :1:1: Premature end of file.
2025-04-24 13:54:42,874 [ERROR] LogOutputStream:75 - [STDERR_REDIRECT] 
2025-04-24 13:54:43,870 [ERROR] LogOutputStream:75 - [STDERR_REDIRECT] [Fatal Error] :1:1: Premature end of file.
2025-04-24 13:54:43,870 [ERROR] LogOutputStream:75 - [STDERR_REDIRECT] 
2025-04-24 13:54:44,866 [ERROR] LogOutputStream:75 - [STDERR_REDIRECT] [Fatal Error] :1:1: Premature end of file.
2025-04-24 13:54:44,866 [ERROR] LogOutputStream:75 - [STDERR_REDIRECT] 
2025-04-24 13:54:45,864 [ERROR] LogOutputStream:75 - [STDERR_REDIRECT] [Fatal Error] :1:1: Premature end of file.
2025-04-24 13:54:45,864 [ERROR] LogOutputStream:75 - [STDERR_REDIRECT] 
2025-04-24 13:54:46,860 [ERROR] LogOutputStream:75 - [STDERR_REDIRECT] [Fatal Error] :1:1: Premature end of file.
2025-04-24 13:54:46,860 [ERROR] LogOutputStream:75 - [STDERR_REDIRECT] 
2025-04-24 13:54:47,867 [ERROR] LogOutputStream:75 - [STDERR_REDIRECT] [Fatal Error] :1:1: Premature end of file.
2025-04-24 13:54:47,867 [ERROR] LogOutputStream:75 - [STDERR_REDIRECT] 
2025-04-24 13:54:48,868 [ERROR] LogOutputStream:75 - [STDERR_REDIRECT] [Fatal Error] :1:1: Premature end of file.
2025-04-24 13:54:48,868 [ERROR] LogOutputStream:75 - [STDERR_REDIRECT] 
2025-04-24 13:54:49,864 [ERROR] LogOutputStream:75 - [STDERR_REDIRECT] [Fatal Error] :1:1: Premature end of file.
2025-04-24 13:54:49,864 [ERROR] LogOutputStream:75 - [STDERR_REDIRECT] 
2025-04-24 13:54:50,862 [ERROR] LogOutputStream:75 - [STDERR_REDIRECT] [Fatal Error] :1:1: Premature end of file.
2025-04-24 13:54:50,862 [ERROR] LogOutputStream:75 - [STDERR_REDIRECT] 
2025-04-24 13:54:51,862 [ERROR] LogOutputStream:75 - [STDERR_REDIRECT] [Fatal Error] :1:1: Premature end of file.
2025-04-24 13:54:51,862 [ERROR] LogOutputStream:75 - [STDERR_REDIRECT] 
2025-04-24 13:54:52,858 [ERROR] LogOutputStream:75 - [STDERR_REDIRECT] [Fatal Error] :1:1: Premature end of file.
2025-04-24 13:54:52,858 [ERROR] LogOutputStream:75 - [STDERR_REDIRECT] 
2025-04-24 13:54:53,868 [ERROR] LogOutputStream:75 - [STDERR_REDIRECT] [Fatal Error] :1:1: Premature end of file.
2025-04-24 13:54:53,869 [ERROR] LogOutputStream:75 - [STDERR_REDIRECT] 
2025-04-24 13:54:54,862 [ERROR] LogOutputStream:75 - [STDERR_REDIRECT] [Fatal Error] :1:1: Premature end of file.
2025-04-24 13:54:54,862 [ERROR] LogOutputStream:75 - [STDERR_REDIRECT] 
2025-04-24 13:54:55,863 [ERROR] LogOutputStream:75 - [STDERR_REDIRECT] [Fatal Error] :1:1: Premature end of file.
2025-04-24 13:54:55,863 [ERROR] LogOutputStream:75 - [STDERR_REDIRECT] 
2025-04-24 13:54:56,872 [ERROR] LogOutputStream:75 - [STDERR_REDIRECT] [Fatal Error] :1:1: Premature end of file.
2025-04-24 13:54:56,872 [ERROR] LogOutputStream:75 - [STDERR_REDIRECT] 
2025-04-24 13:54:57,865 [ERROR] LogOutputStream:75 - [STDERR_REDIRECT] [Fatal Error] :1:1: Premature end of file.
2025-04-24 13:54:57,866 [ERROR] LogOutputStream:75 - [STDERR_REDIRECT] 
2025-04-24 13:54:58,861 [ERROR] LogOutputStream:75 - [STDERR_REDIRECT] [Fatal Error] :1:1: Premature end of file.
2025-04-24 13:54:58,861 [ERROR] LogOutputStream:75 - [STDERR_REDIRECT] 
2025-04-24 13:54:59,872 [ERROR] LogOutputStream:75 - [STDERR_REDIRECT] [Fatal Error] :1:1: Premature end of file.
2025-04-24 13:54:59,872 [ERROR] LogOutputStream:75 - [STDERR_REDIRECT] 
2025-04-24 13:55:00,867 [ERROR] LogOutputStream:75 - [STDERR_REDIRECT] [Fatal Error] :1:1: Premature end of file.
2025-04-24 13:55:00,867 [ERROR] LogOutputStream:75 - [STDERR_REDIRECT] 
2025-04-24 13:55:01,867 [ERROR] LogOutputStream:75 - [STDERR_REDIRECT] [Fatal Error] :1:1: Premature end of file.
2025-04-24 13:55:01,867 [ERROR] LogOutputStream:75 - [STDERR_REDIRECT] 
2025-04-24 13:55:02,865 [ERROR] LogOutputStream:75 - [STDERR_REDIRECT] [Fatal Error] :1:1: Premature end of file.
2025-04-24 13:55:02,865 [ERROR] LogOutputStream:75 - [STDERR_REDIRECT] 
2025-04-24 13:55:03,862 [ERROR] LogOutputStream:75 - [STDERR_REDIRECT] [Fatal Error] :1:1: Premature end of file.
2025-04-24 13:55:03,862 [ERROR] LogOutputStream:75 - [STDERR_REDIRECT] 
2025-04-24 13:55:04,863 [ERROR] LogOutputStream:75 - [STDERR_REDIRECT] [Fatal Error] :1:1: Premature end of file.
2025-04-24 13:55:04,863 [ERROR] LogOutputStream:75 - [STDERR_REDIRECT] 
2025-04-24 13:55:05,869 [ERROR] LogOutputStream:75 - [STDERR_REDIRECT] [Fatal Error] :1:1: Premature end of file.
2025-04-24 13:55:05,869 [ERROR] LogOutputStream:75 - [STDERR_REDIRECT] 
2025-04-24 13:55:06,865 [ERROR] LogOutputStream:75 - [STDERR_REDIRECT] [Fatal Error] :1:1: Premature end of file.
2025-04-24 13:55:06,865 [ERROR] LogOutputStream:75 - [STDERR_REDIRECT] 
2025-04-24 13:55:07,860 [ERROR] LogOutputStream:75 - [STDERR_REDIRECT] [Fatal Error] :1:1: Premature end of file.
2025-04-24 13:55:07,860 [ERROR] LogOutputStream:75 - [STDERR_REDIRECT] 
2025-04-24 13:55:08,857 [ERROR] LogOutputStream:75 - [STDERR_REDIRECT] [Fatal Error] :1:1: Premature end of file.
2025-04-24 13:55:08,857 [ERROR] LogOutputStream:75 - [STDERR_REDIRECT] 
2025-04-24 13:55:09,870 [ERROR] LogOutputStream:75 - [STDERR_REDIRECT] [Fatal Error] :1:1: Premature end of file.
2025-04-24 13:55:09,870 [ERROR] LogOutputStream:75 - [STDERR_REDIRECT] 
2025-04-24 13:55:10,867 [ERROR] LogOutputStream:75 - [STDERR_REDIRECT] [Fatal Error] :1:1: Premature end of file.
2025-04-24 13:55:10,867 [ERROR] LogOutputStream:75 - [STDERR_REDIRECT] 
2025-04-24 13:55:11,871 [ERROR] LogOutputStream:75 - [STDERR_REDIRECT] [Fatal Error] :1:1: Premature end of file.
2025-04-24 13:55:11,871 [ERROR] LogOutputStream:75 - [STDERR_REDIRECT] 
2025-04-24 13:55:12,866 [ERROR] LogOutputStream:75 - [STDERR_REDIRECT] [Fatal Error] :1:1: Premature end of file.
2025-04-24 13:55:12,866 [ERROR] LogOutputStream:75 - [STDERR_REDIRECT] 
2025-04-24 13:55:13,867 [ERROR] LogOutputStream:75 - [STDERR_REDIRECT] [Fatal Error] :1:1: Premature end of file.
2025-04-24 13:55:13,867 [ERROR] LogOutputStream:75 - [STDERR_REDIRECT] 
2025-04-24 13:55:14,861 [ERROR] LogOutputStream:75 - [STDERR_REDIRECT] [Fatal Error] :1:1: Premature end of file.
2025-04-24 13:55:14,862 [ERROR] LogOutputStream:75 - [STDERR_REDIRECT] 
2025-04-24 13:55:15,859 [ERROR] LogOutputStream:75 - [STDERR_REDIRECT] [Fatal Error] :1:1: Premature end of file.
2025-04-24 13:55:15,859 [ERROR] LogOutputStream:75 - [STDERR_REDIRECT] 
2025-04-24 13:55:16,869 [ERROR] LogOutputStream:75 - [STDERR_REDIRECT] [Fatal Error] :1:1: Premature end of file.
2025-04-24 13:55:16,869 [ERROR] LogOutputStream:75 - [STDERR_REDIRECT] 
2025-04-24 13:55:17,865 [ERROR] LogOutputStream:75 - [STDERR_REDIRECT] [Fatal Error] :1:1: Premature end of file.
2025-04-24 13:55:17,865 [ERROR] LogOutputStream:75 - [STDERR_REDIRECT] 
2025-04-24 13:55:18,871 [ERROR] LogOutputStream:75 - [STDERR_REDIRECT] [Fatal Error] :1:1: Premature end of file.
2025-04-24 13:55:18,871 [ERROR] LogOutputStream:75 - [STDERR_REDIRECT] 
2025-04-24 13:55:19,867 [ERROR] LogOutputStream:75 - [STDERR_REDIRECT] [Fatal Error] :1:1: Premature end of file.
2025-04-24 13:55:19,867 [ERROR] LogOutputStream:75 - [STDERR_REDIRECT] 
2025-04-24 13:55:20,864 [ERROR] LogOutputStream:75 - [STDERR_REDIRECT] [Fatal Error] :1:1: Premature end of file.
2025-04-24 13:55:20,864 [ERROR] LogOutputStream:75 - [STDERR_REDIRECT] 
2025-04-24 13:55:21,865 [ERROR] LogOutputStream:75 - [STDERR_REDIRECT] [Fatal Error] :1:1: Premature end of file.
2025-04-24 13:55:21,865 [ERROR] LogOutputStream:75 - [STDERR_REDIRECT] 
2025-04-24 13:55:22,865 [ERROR] LogOutputStream:75 - [STDERR_REDIRECT] [Fatal Error] :1:1: Premature end of file.
2025-04-24 13:55:22,865 [ERROR] LogOutputStream:75 - [STDERR_REDIRECT] 
2025-04-24 13:55:23,857 [ERROR] LogOutputStream:75 - [STDERR_REDIRECT] [Fatal Error] :1:1: Premature end of file.
2025-04-24 13:55:23,857 [ERROR] LogOutputStream:75 - [STDERR_REDIRECT] 
2025-04-24 13:55:24,871 [ERROR] LogOutputStream:75 - [STDERR_REDIRECT] [Fatal Error] :1:1: Premature end of file.
2025-04-24 13:55:24,871 [ERROR] LogOutputStream:75 - [STDERR_REDIRECT] 
2025-04-24 13:55:25,871 [ERROR] LogOutputStream:75 - [STDERR_REDIRECT] [Fatal Error] :1:1: Premature end of file.
2025-04-24 13:55:25,871 [ERROR] LogOutputStream:75 - [STDERR_REDIRECT] 
2025-04-24 13:55:26,867 [ERROR] LogOutputStream:75 - [STDERR_REDIRECT] [Fatal Error] :1:1: Premature end of file.
2025-04-24 13:55:26,867 [ERROR] LogOutputStream:75 - [STDERR_REDIRECT] 
2025-04-24 13:55:27,864 [ERROR] LogOutputStream:75 - [STDERR_REDIRECT] [Fatal Error] :1:1: Premature end of file.
2025-04-24 13:55:27,864 [ERROR] LogOutputStream:75 - [STDERR_REDIRECT] 
2025-04-24 13:55:28,864 [ERROR] LogOutputStream:75 - [STDERR_REDIRECT] [Fatal Error] :1:1: Premature end of file.
2025-04-24 13:55:28,864 [ERROR] LogOutputStream:75 - [STDERR_REDIRECT] 
2025-04-24 13:55:29,869 [ERROR] LogOutputStream:75 - [STDERR_REDIRECT] [Fatal Error] :1:1: Premature end of file.
2025-04-24 13:55:29,869 [ERROR] LogOutputStream:75 - [STDERR_REDIRECT] 
2025-04-24 13:55:30,862 [ERROR] LogOutputStream:75 - [STDERR_REDIRECT] [Fatal Error] :1:1: Premature end of file.
2025-04-24 13:55:30,862 [ERROR] LogOutputStream:75 - [STDERR_REDIRECT] 
2025-04-24 13:55:31,874 [ERROR] LogOutputStream:75 - [STDERR_REDIRECT] [Fatal Error] :1:1: Premature end of file.
2025-04-24 13:55:31,874 [ERROR] LogOutputStream:75 - [STDERR_REDIRECT] 
2025-04-24 13:55:32,868 [ERROR] LogOutputStream:75 - [STDERR_REDIRECT] [Fatal Error] :1:1: Premature end of file.
2025-04-24 13:55:32,868 [ERROR] LogOutputStream:75 - [STDERR_REDIRECT] 
2025-04-24 13:55:33,865 [ERROR] LogOutputStream:75 - [STDERR_REDIRECT] [Fatal Error] :1:1: Premature end of file.
2025-04-24 13:55:33,865 [ERROR] LogOutputStream:75 - [STDERR_REDIRECT] 
2025-04-24 13:55:34,864 [ERROR] LogOutputStream:75 - [STDERR_REDIRECT] [Fatal Error] :1:1: Premature end of file.
2025-04-24 13:55:34,864 [ERROR] LogOutputStream:75 - [STDERR_REDIRECT] 
2025-04-24 13:55:35,870 [ERROR] LogOutputStream:75 - [STDERR_REDIRECT] [Fatal Error] :1:1: Premature end of file.
2025-04-24 13:55:35,870 [ERROR] LogOutputStream:75 - [STDERR_REDIRECT] 
2025-04-24 13:55:36,869 [ERROR] LogOutputStream:75 - [STDERR_REDIRECT] [Fatal Error] :1:1: Premature end of file.
2025-04-24 13:55:36,869 [ERROR] LogOutputStream:75 - [STDERR_REDIRECT] 
2025-04-24 13:55:37,863 [ERROR] LogOutputStream:75 - [STDERR_REDIRECT] [Fatal Error] :1:1: Premature end of file.
2025-04-24 13:55:37,863 [ERROR] LogOutputStream:75 - [STDERR_REDIRECT] 
2025-04-24 13:55:38,860 [ERROR] LogOutputStream:75 - [STDERR_REDIRECT] [Fatal Error] :1:1: Premature end of file.
2025-04-24 13:55:38,862 [ERROR] LogOutputStream:75 - [STDERR_REDIRECT] 
2025-04-24 13:55:39,857 [ERROR] LogOutputStream:75 - [STDERR_REDIRECT] [Fatal Error] :1:1: Premature end of file.
2025-04-24 13:55:39,857 [ERROR] LogOutputStream:75 - [STDERR_REDIRECT] 
2025-04-24 13:55:40,870 [ERROR] LogOutputStream:75 - [STDERR_REDIRECT] [Fatal Error] :1:1: Premature end of file.
2025-04-24 13:55:40,870 [ERROR] LogOutputStream:75 - [STDERR_REDIRECT] 
2025-04-24 13:55:41,870 [ERROR] LogOutputStream:75 - [STDERR_REDIRECT] [Fatal Error] :1:1: Premature end of file.
2025-04-24 13:55:41,870 [ERROR] LogOutputStream:75 - [STDERR_REDIRECT] 
2025-04-24 13:55:42,869 [ERROR] LogOutputStream:75 - [STDERR_REDIRECT] [Fatal Error] :1:1: Premature end of file.
2025-04-24 13:55:42,869 [ERROR] LogOutputStream:75 - [STDERR_REDIRECT] 
2025-04-24 13:55:43,865 [ERROR] LogOutputStream:75 - [STDERR_REDIRECT] [Fatal Error] :1:1: Premature end of file.
2025-04-24 13:55:43,866 [ERROR] LogOutputStream:75 - [STDERR_REDIRECT] 
2025-04-24 13:55:44,874 [ERROR] LogOutputStream:75 - [STDERR_REDIRECT] [Fatal Error] :1:1: Premature end of file.
2025-04-24 13:55:44,874 [ERROR] LogOutputStream:75 - [STDERR_REDIRECT] 
2025-04-24 13:55:45,868 [ERROR] LogOutputStream:75 - [STDERR_REDIRECT] [Fatal Error] :1:1: Premature end of file.
2025-04-24 13:55:45,868 [ERROR] LogOutputStream:75 - [STDERR_REDIRECT] 
2025-04-24 13:55:46,867 [ERROR] LogOutputStream:75 - [STDERR_REDIRECT] [Fatal Error] :1:1: Premature end of file.
2025-04-24 13:55:46,867 [ERROR] LogOutputStream:75 - [STDERR_REDIRECT] 
2025-04-24 13:55:47,869 [ERROR] LogOutputStream:75 - [STDERR_REDIRECT] [Fatal Error] :1:1: Premature end of file.
2025-04-24 13:55:47,869 [ERROR] LogOutputStream:75 - [STDERR_REDIRECT] 
2025-04-24 13:55:48,861 [ERROR] LogOutputStream:75 - [STDERR_REDIRECT] [Fatal Error] :1:1: Premature end of file.
2025-04-24 13:55:48,861 [ERROR] LogOutputStream:75 - [STDERR_REDIRECT] 
2025-04-24 13:55:49,870 [ERROR] LogOutputStream:75 - [STDERR_REDIRECT] [Fatal Error] :1:1: Premature end of file.
2025-04-24 13:55:49,870 [ERROR] LogOutputStream:75 - [STDERR_REDIRECT] 
2025-04-24 13:55:50,870 [ERROR] LogOutputStream:75 - [STDERR_REDIRECT] [Fatal Error] :1:1: Premature end of file.
2025-04-24 13:55:50,870 [ERROR] LogOutputStream:75 - [STDERR_REDIRECT] 
2025-04-24 13:55:51,867 [ERROR] LogOutputStream:75 - [STDERR_REDIRECT] [Fatal Error] :1:1: Premature end of file.
2025-04-24 13:55:51,868 [ERROR] LogOutputStream:75 - [STDERR_REDIRECT] 
2025-04-24 13:55:52,863 [ERROR] LogOutputStream:75 - [STDERR_REDIRECT] [Fatal Error] :1:1: Premature end of file.
2025-04-24 13:55:52,863 [ERROR] LogOutputStream:75 - [STDERR_REDIRECT] 
2025-04-24 13:55:53,862 [ERROR] LogOutputStream:75 - [STDERR_REDIRECT] [Fatal Error] :1:1: Premature end of file.
2025-04-24 13:55:53,862 [ERROR] LogOutputStream:75 - [STDERR_REDIRECT] 
2025-04-24 13:55:54,862 [ERROR] LogOutputStream:75 - [STDERR_REDIRECT] [Fatal Error] :1:1: Premature end of file.
2025-04-24 13:55:54,862 [ERROR] LogOutputStream:75 - [STDERR_REDIRECT] 
2025-04-24 13:55:55,863 [ERROR] LogOutputStream:75 - [STDERR_REDIRECT] [Fatal Error] :1:1: Premature end of file.
2025-04-24 13:55:55,863 [ERROR] LogOutputStream:75 - [STDERR_REDIRECT] 
2025-04-24 13:55:56,858 [ERROR] LogOutputStream:75 - [STDERR_REDIRECT] [Fatal Error] :1:1: Premature end of file.
2025-04-24 13:55:56,859 [ERROR] LogOutputStream:75 - [STDERR_REDIRECT] 
2025-04-24 13:55:57,860 [ERROR] LogOutputStream:75 - [STDERR_REDIRECT] [Fatal Error] :1:1: Premature end of file.
2025-04-24 13:55:57,860 [ERROR] LogOutputStream:75 - [STDERR_REDIRECT] 
2025-04-24 13:55:58,863 [ERROR] LogOutputStream:75 - [STDERR_REDIRECT] [Fatal Error] :1:1: Premature end of file.
2025-04-24 13:55:58,864 [ERROR] LogOutputStream:75 - [STDERR_REDIRECT] 
2025-04-24 13:55:59,858 [ERROR] LogOutputStream:75 - [STDERR_REDIRECT] [Fatal Error] :1:1: Premature end of file.
2025-04-24 13:55:59,858 [ERROR] LogOutputStream:75 - [STDERR_REDIRECT] 
2025-04-24 13:56:00,868 [ERROR] LogOutputStream:75 - [STDERR_REDIRECT] [Fatal Error] :1:1: Premature end of file.
2025-04-24 13:56:00,868 [ERROR] LogOutputStream:75 - [STDERR_REDIRECT] 
2025-04-24 13:56:01,866 [ERROR] LogOutputStream:75 - [STDERR_REDIRECT] [Fatal Error] :1:1: Premature end of file.
2025-04-24 13:56:01,866 [ERROR] LogOutputStream:75 - [STDERR_REDIRECT] 
2025-04-24 13:56:02,861 [ERROR] LogOutputStream:75 - [STDERR_REDIRECT] [Fatal Error] :1:1: Premature end of file.
2025-04-24 13:56:02,861 [ERROR] LogOutputStream:75 - [STDERR_REDIRECT] 
2025-04-24 13:56:03,858 [ERROR] LogOutputStream:75 - [STDERR_REDIRECT] [Fatal Error] :1:1: Premature end of file.
2025-04-24 13:56:03,858 [ERROR] LogOutputStream:75 - [STDERR_REDIRECT] 
2025-04-24 13:56:04,869 [ERROR] LogOutputStream:75 - [STDERR_REDIRECT] [Fatal Error] :1:1: Premature end of file.
2025-04-24 13:56:04,869 [ERROR] LogOutputStream:75 - [STDERR_REDIRECT] 
2025-04-24 13:56:05,871 [ERROR] LogOutputStream:75 - [STDERR_REDIRECT] [Fatal Error] :1:1: Premature end of file.
2025-04-24 13:56:05,871 [ERROR] LogOutputStream:75 - [STDERR_REDIRECT] 
2025-04-24 13:56:06,865 [ERROR] LogOutputStream:75 - [STDERR_REDIRECT] [Fatal Error] :1:1: Premature end of file.
2025-04-24 13:56:06,865 [ERROR] LogOutputStream:75 - [STDERR_REDIRECT] 
2025-04-24 13:56:07,862 [ERROR] LogOutputStream:75 - [STDERR_REDIRECT] [Fatal Error] :1:1: Premature end of file.
2025-04-24 13:56:07,862 [ERROR] LogOutputStream:75 - [STDERR_REDIRECT] 
2025-04-24 13:56:08,863 [ERROR] LogOutputStream:75 - [STDERR_REDIRECT] [Fatal Error] :1:1: Premature end of file.
2025-04-24 13:56:08,863 [ERROR] LogOutputStream:75 - [STDERR_REDIRECT] 
2025-04-24 13:56:09,858 [ERROR] LogOutputStream:75 - [STDERR_REDIRECT] [Fatal Error] :1:1: Premature end of file.
2025-04-24 13:56:09,858 [ERROR] LogOutputStream:75 - [STDERR_REDIRECT] 
2025-04-24 13:56:10,858 [ERROR] LogOutputStream:75 - [STDERR_REDIRECT] [Fatal Error] :1:1: Premature end of file.
2025-04-24 13:56:10,858 [ERROR] LogOutputStream:75 - [STDERR_REDIRECT] 
2025-04-24 13:56:11,872 [ERROR] LogOutputStream:75 - [STDERR_REDIRECT] [Fatal Error] :1:1: Premature end of file.
2025-04-24 13:56:11,872 [ERROR] LogOutputStream:75 - [STDERR_REDIRECT] 
2025-04-24 13:56:12,871 [ERROR] LogOutputStream:75 - [STDERR_REDIRECT] [Fatal Error] :1:1: Premature end of file.
2025-04-24 13:56:12,871 [ERROR] LogOutputStream:75 - [STDERR_REDIRECT] 
2025-04-24 13:56:13,867 [ERROR] LogOutputStream:75 - [STDERR_REDIRECT] [Fatal Error] :1:1: Premature end of file.
2025-04-24 13:56:13,867 [ERROR] LogOutputStream:75 - [STDERR_REDIRECT] 
2025-04-24 13:56:14,856 [ERROR] LogOutputStream:75 - [STDERR_REDIRECT] [Fatal Error] :1:1: Premature end of file.
2025-04-24 13:56:14,856 [ERROR] LogOutputStream:75 - [STDERR_REDIRECT] 
2025-04-24 13:56:15,859 [ERROR] LogOutputStream:75 - [STDERR_REDIRECT] [Fatal Error] :1:1: Premature end of file.
2025-04-24 13:56:15,859 [ERROR] LogOutputStream:75 - [STDERR_REDIRECT] 
2025-04-24 13:56:16,873 [ERROR] LogOutputStream:75 - [STDERR_REDIRECT] [Fatal Error] :1:1: Premature end of file.
2025-04-24 13:56:16,873 [ERROR] LogOutputStream:75 - [STDERR_REDIRECT] 
2025-04-24 13:56:17,854 [ERROR] LogOutputStream:75 - [STDERR_REDIRECT] [Fatal Error] :1:1: Premature end of file.
2025-04-24 13:56:17,854 [ERROR] LogOutputStream:75 - [STDERR_REDIRECT] 
2025-04-24 13:56:18,859 [ERROR] LogOutputStream:75 - [STDERR_REDIRECT] [Fatal Error] :1:1: Premature end of file.
2025-04-24 13:56:18,859 [ERROR] LogOutputStream:75 - [STDERR_REDIRECT] 
2025-04-24 13:56:19,870 [ERROR] LogOutputStream:75 - [STDERR_REDIRECT] [Fatal Error] :1:1: Premature end of file.
2025-04-24 13:56:19,870 [ERROR] LogOutputStream:75 - [STDERR_REDIRECT] 
2025-04-24 13:56:20,860 [ERROR] LogOutputStream:75 - [STDERR_REDIRECT] [Fatal Error] :1:1: Premature end of file.
2025-04-24 13:56:20,860 [ERROR] LogOutputStream:75 - [STDERR_REDIRECT] 
2025-04-24 13:56:21,866 [ERROR] LogOutputStream:75 - [STDERR_REDIRECT] [Fatal Error] :1:1: Premature end of file.
2025-04-24 13:56:21,866 [ERROR] LogOutputStream:75 - [STDERR_REDIRECT] 
2025-04-24 13:56:22,857 [ERROR] LogOutputStream:75 - [STDERR_REDIRECT] [Fatal Error] :1:1: Premature end of file.
2025-04-24 13:56:22,857 [ERROR] LogOutputStream:75 - [STDERR_REDIRECT] 
2025-04-24 13:56:23,856 [ERROR] LogOutputStream:75 - [STDERR_REDIRECT] [Fatal Error] :1:1: Premature end of file.
2025-04-24 13:56:23,856 [ERROR] LogOutputStream:75 - [STDERR_REDIRECT] 
2025-04-24 13:56:24,861 [ERROR] LogOutputStream:75 - [STDERR_REDIRECT] [Fatal Error] :1:1: Premature end of file.
2025-04-24 13:56:24,861 [ERROR] LogOutputStream:75 - [STDERR_REDIRECT] 
2025-04-24 13:56:25,858 [ERROR] LogOutputStream:75 - [STDERR_REDIRECT] [Fatal Error] :1:1: Premature end of file.
2025-04-24 13:56:25,858 [ERROR] LogOutputStream:75 - [STDERR_REDIRECT] 
2025-04-24 13:56:26,874 [ERROR] LogOutputStream:75 - [STDERR_REDIRECT] [Fatal Error] :1:1: Premature end of file.
2025-04-24 13:56:26,874 [ERROR] LogOutputStream:75 - [STDERR_REDIRECT] 
2025-04-24 13:56:27,860 [ERROR] LogOutputStream:75 - [STDERR_REDIRECT] [Fatal Error] :1:1: Premature end of file.
2025-04-24 13:56:27,860 [ERROR] LogOutputStream:75 - [STDERR_REDIRECT] 
2025-04-24 13:56:28,869 [ERROR] LogOutputStream:75 - [STDERR_REDIRECT] [Fatal Error] :1:1: Premature end of file.
2025-04-24 13:56:28,869 [ERROR] LogOutputStream:75 - [STDERR_REDIRECT] 
2025-04-24 13:56:29,872 [ERROR] LogOutputStream:75 - [STDERR_REDIRECT] [Fatal Error] :1:1: Premature end of file.
2025-04-24 13:56:29,872 [ERROR] LogOutputStream:75 - [STDERR_REDIRECT] 
2025-04-24 13:56:30,864 [ERROR] LogOutputStream:75 - [STDERR_REDIRECT] [Fatal Error] :1:1: Premature end of file.
2025-04-24 13:56:30,864 [ERROR] LogOutputStream:75 - [STDERR_REDIRECT] 
2025-04-24 13:56:31,856 [ERROR] LogOutputStream:75 - [STDERR_REDIRECT] [Fatal Error] :1:1: Premature end of file.
2025-04-24 13:56:31,856 [ERROR] LogOutputStream:75 - [STDERR_REDIRECT] 
2025-04-24 13:56:32,866 [ERROR] LogOutputStream:75 - [STDERR_REDIRECT] [Fatal Error] :1:1: Premature end of file.
2025-04-24 13:56:32,866 [ERROR] LogOutputStream:75 - [STDERR_REDIRECT] 
2025-04-24 13:56:33,856 [ERROR] LogOutputStream:75 - [STDERR_REDIRECT] [Fatal Error] :1:1: Premature end of file.
2025-04-24 13:56:33,856 [ERROR] LogOutputStream:75 - [STDERR_REDIRECT] 
2025-04-24 13:56:34,860 [ERROR] LogOutputStream:75 - [STDERR_REDIRECT] [Fatal Error] :1:1: Premature end of file.
2025-04-24 13:56:34,860 [ERROR] LogOutputStream:75 - [STDERR_REDIRECT] 
2025-04-24 13:56:35,859 [ERROR] LogOutputStream:75 - [STDERR_REDIRECT] [Fatal Error] :1:1: Premature end of file.
2025-04-24 13:56:35,859 [ERROR] LogOutputStream:75 - [STDERR_REDIRECT] 
2025-04-24 13:56:36,859 [ERROR] LogOutputStream:75 - [STDERR_REDIRECT] [Fatal Error] :1:1: Premature end of file.
2025-04-24 13:56:36,859 [ERROR] LogOutputStream:75 - [STDERR_REDIRECT] 
2025-04-24 13:56:37,869 [ERROR] LogOutputStream:75 - [STDERR_REDIRECT] [Fatal Error] :1:1: Premature end of file.
2025-04-24 13:56:37,869 [ERROR] LogOutputStream:75 - [STDERR_REDIRECT] 
2025-04-24 13:56:38,858 [ERROR] LogOutputStream:75 - [STDERR_REDIRECT] [Fatal Error] :1:1: Premature end of file.
2025-04-24 13:56:38,858 [ERROR] LogOutputStream:75 - [STDERR_REDIRECT] 
2025-04-24 13:56:39,859 [ERROR] LogOutputStream:75 - [STDERR_REDIRECT] [Fatal Error] :1:1: Premature end of file.
2025-04-24 13:56:39,859 [ERROR] LogOutputStream:75 - [STDERR_REDIRECT] 
2025-04-24 13:56:40,860 [ERROR] LogOutputStream:75 - [STDERR_REDIRECT] [Fatal Error] :1:1: Premature end of file.
2025-04-24 13:56:40,860 [ERROR] LogOutputStream:75 - [STDERR_REDIRECT] 
2025-04-24 13:56:41,859 [ERROR] LogOutputStream:75 - [STDERR_REDIRECT] [Fatal Error] :1:1: Premature end of file.
2025-04-24 13:56:41,859 [ERROR] LogOutputStream:75 - [STDERR_REDIRECT] 
2025-04-24 13:56:42,869 [ERROR] LogOutputStream:75 - [STDERR_REDIRECT] [Fatal Error] :1:1: Premature end of file.
2025-04-24 13:56:42,869 [ERROR] LogOutputStream:75 - [STDERR_REDIRECT] 
2025-04-24 13:56:43,858 [ERROR] LogOutputStream:75 - [STDERR_REDIRECT] [Fatal Error] :1:1: Premature end of file.
2025-04-24 13:56:43,858 [ERROR] LogOutputStream:75 - [STDERR_REDIRECT] 
2025-04-24 13:56:44,859 [ERROR] LogOutputStream:75 - [STDERR_REDIRECT] [Fatal Error] :1:1: Premature end of file.
2025-04-24 13:56:44,859 [ERROR] LogOutputStream:75 - [STDERR_REDIRECT] 
2025-04-24 13:56:45,858 [ERROR] LogOutputStream:75 - [STDERR_REDIRECT] [Fatal Error] :1:1: Premature end of file.
2025-04-24 13:56:45,858 [ERROR] LogOutputStream:75 - [STDERR_REDIRECT] 
2025-04-24 13:56:46,866 [ERROR] LogOutputStream:75 - [STDERR_REDIRECT] [Fatal Error] :1:1: Premature end of file.
2025-04-24 13:56:46,866 [ERROR] LogOutputStream:75 - [STDERR_REDIRECT] 
2025-04-24 13:56:47,871 [ERROR] LogOutputStream:75 - [STDERR_REDIRECT] [Fatal Error] :1:1: Premature end of file.
2025-04-24 13:56:47,871 [ERROR] LogOutputStream:75 - [STDERR_REDIRECT] 
2025-04-24 13:56:48,857 [ERROR] LogOutputStream:75 - [STDERR_REDIRECT] [Fatal Error] :1:1: Premature end of file.
2025-04-24 13:56:48,857 [ERROR] LogOutputStream:75 - [STDERR_REDIRECT] 
2025-04-24 13:56:49,862 [ERROR] LogOutputStream:75 - [STDERR_REDIRECT] [Fatal Error] :1:1: Premature end of file.
2025-04-24 13:56:49,862 [ERROR] LogOutputStream:75 - [STDERR_REDIRECT] 
2025-04-24 13:56:50,867 [ERROR] LogOutputStream:75 - [STDERR_REDIRECT] [Fatal Error] :1:1: Premature end of file.
2025-04-24 13:56:50,867 [ERROR] LogOutputStream:75 - [STDERR_REDIRECT] 
2025-04-24 13:56:51,876 [ERROR] LogOutputStream:75 - [STDERR_REDIRECT] [Fatal Error] :1:1: Premature end of file.
2025-04-24 13:56:51,876 [ERROR] LogOutputStream:75 - [STDERR_REDIRECT] 
2025-04-24 13:56:52,857 [ERROR] LogOutputStream:75 - [STDERR_REDIRECT] [Fatal Error] :1:1: Premature end of file.
2025-04-24 13:56:52,857 [ERROR] LogOutputStream:75 - [STDERR_REDIRECT] 
2025-04-24 13:56:53,866 [ERROR] LogOutputStream:75 - [STDERR_REDIRECT] [Fatal Error] :1:1: Premature end of file.
2025-04-24 13:56:53,866 [ERROR] LogOutputStream:75 - [STDERR_REDIRECT] 
2025-04-24 13:56:54,866 [ERROR] LogOutputStream:75 - [STDERR_REDIRECT] [Fatal Error] :1:1: Premature end of file.
2025-04-24 13:56:54,866 [ERROR] LogOutputStream:75 - [STDERR_REDIRECT] 
2025-04-24 13:56:55,866 [ERROR] LogOutputStream:75 - [STDERR_REDIRECT] [Fatal Error] :1:1: Premature end of file.
2025-04-24 13:56:55,866 [ERROR] LogOutputStream:75 - [STDERR_REDIRECT] 
2025-04-24 13:56:56,852 [ERROR] LogOutputStream:75 - [STDERR_REDIRECT] [Fatal Error] :1:1: Premature end of file.
2025-04-24 13:56:56,852 [ERROR] LogOutputStream:75 - [STDERR_REDIRECT] 
2025-04-24 13:56:57,866 [ERROR] LogOutputStream:75 - [STDERR_REDIRECT] [Fatal Error] :1:1: Premature end of file.
2025-04-24 13:56:57,866 [ERROR] LogOutputStream:75 - [STDERR_REDIRECT] 
2025-04-24 13:56:58,861 [ERROR] LogOutputStream:75 - [STDERR_REDIRECT] [Fatal Error] :1:1: Premature end of file.
2025-04-24 13:56:58,861 [ERROR] LogOutputStream:75 - [STDERR_REDIRECT] 
2025-04-24 13:56:59,864 [ERROR] LogOutputStream:75 - [STDERR_REDIRECT] [Fatal Error] :1:1: Premature end of file.
2025-04-24 13:56:59,864 [ERROR] LogOutputStream:75 - [STDERR_REDIRECT] 
2025-04-24 13:57:00,881 [ERROR] LogOutputStream:75 - [STDERR_REDIRECT] [Fatal Error] :1:1: Premature end of file.
2025-04-24 13:57:00,881 [ERROR] LogOutputStream:75 - [STDERR_REDIRECT] 
2025-04-24 13:57:01,858 [ERROR] LogOutputStream:75 - [STDERR_REDIRECT] [Fatal Error] :1:1: Premature end of file.
2025-04-24 13:57:01,858 [ERROR] LogOutputStream:75 - [STDERR_REDIRECT] 
2025-04-24 13:57:02,861 [ERROR] LogOutputStream:75 - [STDERR_REDIRECT] [Fatal Error] :1:1: Premature end of file.
2025-04-24 13:57:02,861 [ERROR] LogOutputStream:75 - [STDERR_REDIRECT] 
2025-04-24 13:57:03,867 [ERROR] LogOutputStream:75 - [STDERR_REDIRECT] [Fatal Error] :1:1: Premature end of file.
2025-04-24 13:57:03,867 [ERROR] LogOutputStream:75 - [STDERR_REDIRECT] 
2025-04-24 13:57:04,865 [ERROR] LogOutputStream:75 - [STDERR_REDIRECT] [Fatal Error] :1:1: Premature end of file.
2025-04-24 13:57:04,865 [ERROR] LogOutputStream:75 - [STDERR_REDIRECT] 
2025-04-24 13:57:05,853 [ERROR] LogOutputStream:75 - [STDERR_REDIRECT] [Fatal Error] :1:1: Premature end of file.
2025-04-24 13:57:05,853 [ERROR] LogOutputStream:75 - [STDERR_REDIRECT] 
2025-04-24 13:57:06,854 [ERROR] LogOutputStream:75 - [STDERR_REDIRECT] [Fatal Error] :1:1: Premature end of file.
2025-04-24 13:57:06,854 [ERROR] LogOutputStream:75 - [STDERR_REDIRECT] 
2025-04-24 13:57:07,860 [ERROR] LogOutputStream:75 - [STDERR_REDIRECT] [Fatal Error] :1:1: Premature end of file.
2025-04-24 13:57:07,860 [ERROR] LogOutputStream:75 - [STDERR_REDIRECT] 
2025-04-24 13:57:08,865 [ERROR] LogOutputStream:75 - [STDERR_REDIRECT] [Fatal Error] :1:1: Premature end of file.
2025-04-24 13:57:08,865 [ERROR] LogOutputStream:75 - [STDERR_REDIRECT] 
2025-04-24 13:57:09,863 [ERROR] LogOutputStream:75 - [STDERR_REDIRECT] [Fatal Error] :1:1: Premature end of file.
2025-04-24 13:57:09,863 [ERROR] LogOutputStream:75 - [STDERR_REDIRECT] 
2025-04-24 13:57:10,865 [ERROR] LogOutputStream:75 - [STDERR_REDIRECT] [Fatal Error] :1:1: Premature end of file.
2025-04-24 13:57:10,865 [ERROR] LogOutputStream:75 - [STDERR_REDIRECT] 
2025-04-24 13:57:11,874 [ERROR] LogOutputStream:75 - [STDERR_REDIRECT] [Fatal Error] :1:1: Premature end of file.
2025-04-24 13:57:11,874 [ERROR] LogOutputStream:75 - [STDERR_REDIRECT] 
2025-04-24 13:57:12,859 [ERROR] LogOutputStream:75 - [STDERR_REDIRECT] [Fatal Error] :1:1: Premature end of file.
2025-04-24 13:57:12,859 [ERROR] LogOutputStream:75 - [STDERR_REDIRECT] 
2025-04-24 13:57:13,861 [ERROR] LogOutputStream:75 - [STDERR_REDIRECT] [Fatal Error] :1:1: Premature end of file.
2025-04-24 13:57:13,861 [ERROR] LogOutputStream:75 - [STDERR_REDIRECT] 
2025-04-24 13:57:14,864 [ERROR] LogOutputStream:75 - [STDERR_REDIRECT] [Fatal Error] :1:1: Premature end of file.
2025-04-24 13:57:14,864 [ERROR] LogOutputStream:75 - [STDERR_REDIRECT] 
2025-04-24 13:57:15,859 [ERROR] LogOutputStream:75 - [STDERR_REDIRECT] [Fatal Error] :1:1: Premature end of file.
2025-04-24 13:57:15,859 [ERROR] LogOutputStream:75 - [STDERR_REDIRECT] 
2025-04-24 13:57:16,866 [ERROR] LogOutputStream:75 - [STDERR_REDIRECT] [Fatal Error] :1:1: Premature end of file.
2025-04-24 13:57:16,866 [ERROR] LogOutputStream:75 - [STDERR_REDIRECT] 
2025-04-24 13:57:17,867 [ERROR] LogOutputStream:75 - [STDERR_REDIRECT] [Fatal Error] :1:1: Premature end of file.
2025-04-24 13:57:17,867 [ERROR] LogOutputStream:75 - [STDERR_REDIRECT] 
2025-04-24 13:57:18,858 [ERROR] LogOutputStream:75 - [STDERR_REDIRECT] [Fatal Error] :1:1: Premature end of file.
2025-04-24 13:57:18,858 [ERROR] LogOutputStream:75 - [STDERR_REDIRECT] 
2025-04-24 13:57:19,857 [ERROR] LogOutputStream:75 - [STDERR_REDIRECT] [Fatal Error] :1:1: Premature end of file.
2025-04-24 13:57:19,857 [ERROR] LogOutputStream:75 - [STDERR_REDIRECT] 
2025-04-24 13:57:20,857 [ERROR] LogOutputStream:75 - [STDERR_REDIRECT] [Fatal Error] :1:1: Premature end of file.
2025-04-24 13:57:20,857 [ERROR] LogOutputStream:75 - [STDERR_REDIRECT] 
2025-04-24 13:57:21,865 [ERROR] LogOutputStream:75 - [STDERR_REDIRECT] [Fatal Error] :1:1: Premature end of file.
2025-04-24 13:57:21,865 [ERROR] LogOutputStream:75 - [STDERR_REDIRECT] 
2025-04-24 13:57:22,857 [ERROR] LogOutputStream:75 - [STDERR_REDIRECT] [Fatal Error] :1:1: Premature end of file.
2025-04-24 13:57:22,857 [ERROR] LogOutputStream:75 - [STDERR_REDIRECT] 
2025-04-24 13:57:23,860 [ERROR] LogOutputStream:75 - [STDERR_REDIRECT] [Fatal Error] :1:1: Premature end of file.
2025-04-24 13:57:23,860 [ERROR] LogOutputStream:75 - [STDERR_REDIRECT] 
2025-04-24 13:57:24,867 [ERROR] LogOutputStream:75 - [STDERR_REDIRECT] [Fatal Error] :1:1: Premature end of file.
2025-04-24 13:57:24,867 [ERROR] LogOutputStream:75 - [STDERR_REDIRECT] 
2025-04-24 13:57:25,874 [ERROR] LogOutputStream:75 - [STDERR_REDIRECT] [Fatal Error] :1:1: Premature end of file.
2025-04-24 13:57:25,874 [ERROR] LogOutputStream:75 - [STDERR_REDIRECT] 
2025-04-24 13:57:26,865 [ERROR] LogOutputStream:75 - [STDERR_REDIRECT] [Fatal Error] :1:1: Premature end of file.
2025-04-24 13:57:26,865 [ERROR] LogOutputStream:75 - [STDERR_REDIRECT] 
2025-04-24 13:57:27,866 [ERROR] LogOutputStream:75 - [STDERR_REDIRECT] [Fatal Error] :1:1: Premature end of file.
2025-04-24 13:57:27,866 [ERROR] LogOutputStream:75 - [STDERR_REDIRECT] 
2025-04-24 13:57:28,855 [ERROR] LogOutputStream:75 - [STDERR_REDIRECT] [Fatal Error] :1:1: Premature end of file.
2025-04-24 13:57:28,855 [ERROR] LogOutputStream:75 - [STDERR_REDIRECT] 
2025-04-24 13:57:29,870 [ERROR] LogOutputStream:75 - [STDERR_REDIRECT] [Fatal Error] :1:1: Premature end of file.
2025-04-24 13:57:29,870 [ERROR] LogOutputStream:75 - [STDERR_REDIRECT] 
2025-04-24 13:57:30,868 [ERROR] LogOutputStream:75 - [STDERR_REDIRECT] [Fatal Error] :1:1: Premature end of file.
2025-04-24 13:57:30,868 [ERROR] LogOutputStream:75 - [STDERR_REDIRECT] 
2025-04-24 13:57:31,867 [ERROR] LogOutputStream:75 - [STDERR_REDIRECT] [Fatal Error] :1:1: Premature end of file.
2025-04-24 13:57:31,867 [ERROR] LogOutputStream:75 - [STDERR_REDIRECT] 
2025-04-24 13:57:32,863 [ERROR] LogOutputStream:75 - [STDERR_REDIRECT] [Fatal Error] :1:1: Premature end of file.
2025-04-24 13:57:32,863 [ERROR] LogOutputStream:75 - [STDERR_REDIRECT] 
2025-04-24 13:57:33,864 [ERROR] LogOutputStream:75 - [STDERR_REDIRECT] [Fatal Error] :1:1: Premature end of file.
2025-04-24 13:57:33,864 [ERROR] LogOutputStream:75 - [STDERR_REDIRECT] 
2025-04-24 13:57:34,870 [ERROR] LogOutputStream:75 - [STDERR_REDIRECT] [Fatal Error] :1:1: Premature end of file.
2025-04-24 13:57:34,870 [ERROR] LogOutputStream:75 - [STDERR_REDIRECT] 
2025-04-24 13:57:35,863 [ERROR] LogOutputStream:75 - [STDERR_REDIRECT] [Fatal Error] :1:1: Premature end of file.
2025-04-24 13:57:35,863 [ERROR] LogOutputStream:75 - [STDERR_REDIRECT] 
2025-04-24 13:57:36,869 [ERROR] LogOutputStream:75 - [STDERR_REDIRECT] [Fatal Error] :1:1: Premature end of file.
2025-04-24 13:57:36,869 [ERROR] LogOutputStream:75 - [STDERR_REDIRECT] 
2025-04-24 13:57:37,862 [ERROR] LogOutputStream:75 - [STDERR_REDIRECT] [Fatal Error] :1:1: Premature end of file.
2025-04-24 13:57:37,862 [ERROR] LogOutputStream:75 - [STDERR_REDIRECT] 
2025-04-24 13:57:38,872 [ERROR] LogOutputStream:75 - [STDERR_REDIRECT] [Fatal Error] :1:1: Premature end of file.
2025-04-24 13:57:38,872 [ERROR] LogOutputStream:75 - [STDERR_REDIRECT] 
2025-04-24 13:57:39,869 [ERROR] LogOutputStream:75 - [STDERR_REDIRECT] [Fatal Error] :1:1: Premature end of file.
2025-04-24 13:57:39,869 [ERROR] LogOutputStream:75 - [STDERR_REDIRECT] 
2025-04-24 13:57:40,864 [ERROR] LogOutputStream:75 - [STDERR_REDIRECT] [Fatal Error] :1:1: Premature end of file.
2025-04-24 13:57:40,864 [ERROR] LogOutputStream:75 - [STDERR_REDIRECT] 
2025-04-24 13:57:41,854 [ERROR] LogOutputStream:75 - [STDERR_REDIRECT] [Fatal Error] :1:1: Premature end of file.
2025-04-24 13:57:41,854 [ERROR] LogOutputStream:75 - [STDERR_REDIRECT] 
2025-04-24 13:57:42,858 [ERROR] LogOutputStream:75 - [STDERR_REDIRECT] [Fatal Error] :1:1: Premature end of file.
2025-04-24 13:57:42,858 [ERROR] LogOutputStream:75 - [STDERR_REDIRECT] 
2025-04-24 13:57:43,870 [ERROR] LogOutputStream:75 - [STDERR_REDIRECT] [Fatal Error] :1:1: Premature end of file.
2025-04-24 13:57:43,870 [ERROR] LogOutputStream:75 - [STDERR_REDIRECT] 
2025-04-24 13:57:44,860 [ERROR] LogOutputStream:75 - [STDERR_REDIRECT] [Fatal Error] :1:1: Premature end of file.
2025-04-24 13:57:44,860 [ERROR] LogOutputStream:75 - [STDERR_REDIRECT] 
2025-04-24 13:57:45,877 [ERROR] LogOutputStream:75 - [STDERR_REDIRECT] [Fatal Error] :1:1: Premature end of file.
2025-04-24 13:57:45,877 [ERROR] LogOutputStream:75 - [STDERR_REDIRECT] 
2025-04-24 13:57:46,863 [ERROR] LogOutputStream:75 - [STDERR_REDIRECT] [Fatal Error] :1:1: Premature end of file.
2025-04-24 13:57:46,863 [ERROR] LogOutputStream:75 - [STDERR_REDIRECT] 
2025-04-24 13:57:47,869 [ERROR] LogOutputStream:75 - [STDERR_REDIRECT] [Fatal Error] :1:1: Premature end of file.
2025-04-24 13:57:47,869 [ERROR] LogOutputStream:75 - [STDERR_REDIRECT] 
2025-04-24 13:57:48,855 [ERROR] LogOutputStream:75 - [STDERR_REDIRECT] [Fatal Error] :1:1: Premature end of file.
2025-04-24 13:57:48,855 [ERROR] LogOutputStream:75 - [STDERR_REDIRECT] 
2025-04-24 13:57:49,858 [ERROR] LogOutputStream:75 - [STDERR_REDIRECT] [Fatal Error] :1:1: Premature end of file.
2025-04-24 13:57:49,858 [ERROR] LogOutputStream:75 - [STDERR_REDIRECT] 
2025-04-24 13:57:50,868 [ERROR] LogOutputStream:75 - [STDERR_REDIRECT] [Fatal Error] :1:1: Premature end of file.
2025-04-24 13:57:50,868 [ERROR] LogOutputStream:75 - [STDERR_REDIRECT] 
2025-04-24 13:57:51,867 [ERROR] LogOutputStream:75 - [STDERR_REDIRECT] [Fatal Error] :1:1: Premature end of file.
2025-04-24 13:57:51,867 [ERROR] LogOutputStream:75 - [STDERR_REDIRECT] 
2025-04-24 13:57:52,856 [ERROR] LogOutputStream:75 - [STDERR_REDIRECT] [Fatal Error] :1:1: Premature end of file.
2025-04-24 13:57:52,856 [ERROR] LogOutputStream:75 - [STDERR_REDIRECT] 
2025-04-24 13:57:53,857 [ERROR] LogOutputStream:75 - [STDERR_REDIRECT] [Fatal Error] :1:1: Premature end of file.
2025-04-24 13:57:53,857 [ERROR] LogOutputStream:75 - [STDERR_REDIRECT] 
2025-04-24 13:57:54,857 [ERROR] LogOutputStream:75 - [STDERR_REDIRECT] [Fatal Error] :1:1: Premature end of file.
2025-04-24 13:57:54,860 [ERROR] LogOutputStream:75 - [STDERR_REDIRECT] 
2025-04-24 13:57:55,857 [ERROR] LogOutputStream:75 - [STDERR_REDIRECT] [Fatal Error] :1:1: Premature end of file.
2025-04-24 13:57:55,857 [ERROR] LogOutputStream:75 - [STDERR_REDIRECT] 
2025-04-24 13:57:56,861 [ERROR] LogOutputStream:75 - [STDERR_REDIRECT] [Fatal Error] :1:1: Premature end of file.
2025-04-24 13:57:56,861 [ERROR] LogOutputStream:75 - [STDERR_REDIRECT] 
2025-04-24 13:57:57,857 [ERROR] LogOutputStream:75 - [STDERR_REDIRECT] [Fatal Error] :1:1: Premature end of file.
2025-04-24 13:57:57,857 [ERROR] LogOutputStream:75 - [STDERR_REDIRECT] 
2025-04-24 13:57:58,859 [ERROR] LogOutputStream:75 - [STDERR_REDIRECT] [Fatal Error] :1:1: Premature end of file.
2025-04-24 13:57:58,859 [ERROR] LogOutputStream:75 - [STDERR_REDIRECT] 
2025-04-24 13:57:59,857 [ERROR] LogOutputStream:75 - [STDERR_REDIRECT] [Fatal Error] :1:1: Premature end of file.
2025-04-24 13:57:59,857 [ERROR] LogOutputStream:75 - [STDERR_REDIRECT] 
2025-04-24 13:58:00,854 [ERROR] LogOutputStream:75 - [STDERR_REDIRECT] [Fatal Error] :1:1: Premature end of file.
2025-04-24 13:58:00,854 [ERROR] LogOutputStream:75 - [STDERR_REDIRECT] 
2025-04-24 13:58:01,860 [ERROR] LogOutputStream:75 - [STDERR_REDIRECT] [Fatal Error] :1:1: Premature end of file.
2025-04-24 13:58:01,860 [ERROR] LogOutputStream:75 - [STDERR_REDIRECT] 
2025-04-24 13:58:02,858 [ERROR] LogOutputStream:75 - [STDERR_REDIRECT] [Fatal Error] :1:1: Premature end of file.
2025-04-24 13:58:02,858 [ERROR] LogOutputStream:75 - [STDERR_REDIRECT] 
2025-04-24 13:58:03,856 [ERROR] LogOutputStream:75 - [STDERR_REDIRECT] [Fatal Error] :1:1: Premature end of file.
2025-04-24 13:58:03,856 [ERROR] LogOutputStream:75 - [STDERR_REDIRECT] 
2025-04-24 13:58:04,856 [ERROR] LogOutputStream:75 - [STDERR_REDIRECT] [Fatal Error] :1:1: Premature end of file.
2025-04-24 13:58:04,856 [ERROR] LogOutputStream:75 - [STDERR_REDIRECT] 
2025-04-24 13:58:05,857 [ERROR] LogOutputStream:75 - [STDERR_REDIRECT] [Fatal Error] :1:1: Premature end of file.
2025-04-24 13:58:05,857 [ERROR] LogOutputStream:75 - [STDERR_REDIRECT] 
2025-04-24 13:58:06,857 [ERROR] LogOutputStream:75 - [STDERR_REDIRECT] [Fatal Error] :1:1: Premature end of file.
2025-04-24 13:58:06,857 [ERROR] LogOutputStream:75 - [STDERR_REDIRECT] 
2025-04-24 13:58:07,854 [ERROR] LogOutputStream:75 - [STDERR_REDIRECT] [Fatal Error] :1:1: Premature end of file.
2025-04-24 13:58:07,854 [ERROR] LogOutputStream:75 - [STDERR_REDIRECT] 
2025-04-24 13:58:08,854 [ERROR] LogOutputStream:75 - [STDERR_REDIRECT] [Fatal Error] :1:1: Premature end of file.
2025-04-24 13:58:08,854 [ERROR] LogOutputStream:75 - [STDERR_REDIRECT] 
2025-04-24 13:58:09,854 [ERROR] LogOutputStream:75 - [STDERR_REDIRECT] [Fatal Error] :1:1: Premature end of file.
2025-04-24 13:58:09,854 [ERROR] LogOutputStream:75 - [STDERR_REDIRECT] 
2025-04-24 13:58:10,858 [ERROR] LogOutputStream:75 - [STDERR_REDIRECT] [Fatal Error] :1:1: Premature end of file.
2025-04-24 13:58:10,858 [ERROR] LogOutputStream:75 - [STDERR_REDIRECT] 
2025-04-24 13:58:11,857 [ERROR] LogOutputStream:75 - [STDERR_REDIRECT] [Fatal Error] :1:1: Premature end of file.
2025-04-24 13:58:11,857 [ERROR] LogOutputStream:75 - [STDERR_REDIRECT] 
2025-04-24 13:58:12,857 [ERROR] LogOutputStream:75 - [STDERR_REDIRECT] [Fatal Error] :1:1: Premature end of file.
2025-04-24 13:58:12,857 [ERROR] LogOutputStream:75 - [STDERR_REDIRECT] 
2025-04-24 13:58:13,854 [ERROR] LogOutputStream:75 - [STDERR_REDIRECT] [Fatal Error] :1:1: Premature end of file.
2025-04-24 13:58:13,854 [ERROR] LogOutputStream:75 - [STDERR_REDIRECT] 
2025-04-24 13:58:14,854 [ERROR] LogOutputStream:75 - [STDERR_REDIRECT] [Fatal Error] :1:1: Premature end of file.
2025-04-24 13:58:14,854 [ERROR] LogOutputStream:75 - [STDERR_REDIRECT] 
2025-04-24 13:58:15,855 [ERROR] LogOutputStream:75 - [STDERR_REDIRECT] [Fatal Error] :1:1: Premature end of file.
2025-04-24 13:58:15,855 [ERROR] LogOutputStream:75 - [STDERR_REDIRECT] 
2025-04-24 13:58:16,854 [ERROR] LogOutputStream:75 - [STDERR_REDIRECT] [Fatal Error] :1:1: Premature end of file.
2025-04-24 13:58:16,854 [ERROR] LogOutputStream:75 - [STDERR_REDIRECT] 
2025-04-24 13:58:17,862 [ERROR] LogOutputStream:75 - [STDERR_REDIRECT] [Fatal Error] :1:1: Premature end of file.
2025-04-24 13:58:17,862 [ERROR] LogOutputStream:75 - [STDERR_REDIRECT] 
2025-04-24 13:58:18,864 [ERROR] LogOutputStream:75 - [STDERR_REDIRECT] [Fatal Error] :1:1: Premature end of file.
2025-04-24 13:58:18,864 [ERROR] LogOutputStream:75 - [STDERR_REDIRECT] 
2025-04-24 13:58:19,864 [ERROR] LogOutputStream:75 - [STDERR_REDIRECT] [Fatal Error] :1:1: Premature end of file.
2025-04-24 13:58:19,864 [ERROR] LogOutputStream:75 - [STDERR_REDIRECT] 
2025-04-24 13:58:20,864 [ERROR] LogOutputStream:75 - [STDERR_REDIRECT] [Fatal Error] :1:1: Premature end of file.
2025-04-24 13:58:20,864 [ERROR] LogOutputStream:75 - [STDERR_REDIRECT] 
2025-04-24 13:58:21,859 [ERROR] LogOutputStream:75 - [STDERR_REDIRECT] [Fatal Error] :1:1: Premature end of file.
2025-04-24 13:58:21,859 [ERROR] LogOutputStream:75 - [STDERR_REDIRECT] 
2025-04-24 13:58:22,862 [ERROR] LogOutputStream:75 - [STDERR_REDIRECT] [Fatal Error] :1:1: Premature end of file.
2025-04-24 13:58:22,862 [ERROR] LogOutputStream:75 - [STDERR_REDIRECT] 
2025-04-24 13:58:23,862 [ERROR] LogOutputStream:75 - [STDERR_REDIRECT] [Fatal Error] :1:1: Premature end of file.
2025-04-24 13:58:23,862 [ERROR] LogOutputStream:75 - [STDERR_REDIRECT] 
2025-04-24 13:58:24,862 [ERROR] LogOutputStream:75 - [STDERR_REDIRECT] [Fatal Error] :1:1: Premature end of file.
2025-04-24 13:58:24,862 [ERROR] LogOutputStream:75 - [STDERR_REDIRECT] 
2025-04-24 13:58:25,861 [ERROR] LogOutputStream:75 - [STDERR_REDIRECT] [Fatal Error] :1:1: Premature end of file.
2025-04-24 13:58:25,861 [ERROR] LogOutputStream:75 - [STDERR_REDIRECT] 
2025-04-24 13:58:26,854 [ERROR] LogOutputStream:75 - [STDERR_REDIRECT] [Fatal Error] :1:1: Premature end of file.
2025-04-24 13:58:26,854 [ERROR] LogOutputStream:75 - [STDERR_REDIRECT] 
2025-04-24 13:58:27,864 [ERROR] LogOutputStream:75 - [STDERR_REDIRECT] [Fatal Error] :1:1: Premature end of file.
2025-04-24 13:58:27,864 [ERROR] LogOutputStream:75 - [STDERR_REDIRECT] 
2025-04-24 13:58:28,854 [ERROR] LogOutputStream:75 - [STDERR_REDIRECT] [Fatal Error] :1:1: Premature end of file.
2025-04-24 13:58:28,854 [ERROR] LogOutputStream:75 - [STDERR_REDIRECT] 
2025-04-24 13:58:29,855 [ERROR] LogOutputStream:75 - [STDERR_REDIRECT] [Fatal Error] :1:1: Premature end of file.
2025-04-24 13:58:29,855 [ERROR] LogOutputStream:75 - [STDERR_REDIRECT] 
2025-04-24 13:58:30,854 [ERROR] LogOutputStream:75 - [STDERR_REDIRECT] [Fatal Error] :1:1: Premature end of file.
2025-04-24 13:58:30,854 [ERROR] LogOutputStream:75 - [STDERR_REDIRECT] 
2025-04-24 13:58:31,863 [ERROR] LogOutputStream:75 - [STDERR_REDIRECT] [Fatal Error] :1:1: Premature end of file.
2025-04-24 13:58:31,863 [ERROR] LogOutputStream:75 - [STDERR_REDIRECT] 
2025-04-24 13:58:32,859 [ERROR] LogOutputStream:75 - [STDERR_REDIRECT] [Fatal Error] :1:1: Premature end of file.
2025-04-24 13:58:32,859 [ERROR] LogOutputStream:75 - [STDERR_REDIRECT] 
2025-04-24 13:58:33,854 [ERROR] LogOutputStream:75 - [STDERR_REDIRECT] [Fatal Error] :1:1: Premature end of file.
2025-04-24 13:58:33,854 [ERROR] LogOutputStream:75 - [STDERR_REDIRECT] 
2025-04-24 13:58:34,858 [ERROR] LogOutputStream:75 - [STDERR_REDIRECT] [Fatal Error] :1:1: Premature end of file.
2025-04-24 13:58:34,858 [ERROR] LogOutputStream:75 - [STDERR_REDIRECT] 
2025-04-24 13:58:35,854 [ERROR] LogOutputStream:75 - [STDERR_REDIRECT] [Fatal Error] :1:1: Premature end of file.
2025-04-24 13:58:35,854 [ERROR] LogOutputStream:75 - [STDERR_REDIRECT] 
2025-04-24 13:58:36,859 [ERROR] LogOutputStream:75 - [STDERR_REDIRECT] [Fatal Error] :1:1: Premature end of file.
2025-04-24 13:58:36,859 [ERROR] LogOutputStream:75 - [STDERR_REDIRECT] 
2025-04-24 13:58:37,854 [ERROR] LogOutputStream:75 - [STDERR_REDIRECT] [Fatal Error] :1:1: Premature end of file.
2025-04-24 13:58:37,854 [ERROR] LogOutputStream:75 - [STDERR_REDIRECT] 
2025-04-24 13:58:38,860 [ERROR] LogOutputStream:75 - [STDERR_REDIRECT] [Fatal Error] :1:1: Premature end of file.
2025-04-24 13:58:38,860 [ERROR] LogOutputStream:75 - [STDERR_REDIRECT] 
2025-04-24 13:58:39,854 [ERROR] LogOutputStream:75 - [STDERR_REDIRECT] [Fatal Error] :1:1: Premature end of file.
2025-04-24 13:58:39,854 [ERROR] LogOutputStream:75 - [STDERR_REDIRECT] 
2025-04-24 13:58:40,864 [ERROR] LogOutputStream:75 - [STDERR_REDIRECT] [Fatal Error] :1:1: Premature end of file.
2025-04-24 13:58:40,864 [ERROR] LogOutputStream:75 - [STDERR_REDIRECT] 
2025-04-24 13:58:41,854 [ERROR] LogOutputStream:75 - [STDERR_REDIRECT] [Fatal Error] :1:1: Premature end of file.
2025-04-24 13:58:41,854 [ERROR] LogOutputStream:75 - [STDERR_REDIRECT] 
2025-04-24 13:58:42,861 [ERROR] LogOutputStream:75 - [STDERR_REDIRECT] [Fatal Error] :1:1: Premature end of file.
2025-04-24 13:58:42,861 [ERROR] LogOutputStream:75 - [STDERR_REDIRECT] 
2025-04-24 13:58:43,856 [ERROR] LogOutputStream:75 - [STDERR_REDIRECT] [Fatal Error] :1:1: Premature end of file.
2025-04-24 13:58:43,856 [ERROR] LogOutputStream:75 - [STDERR_REDIRECT] 
2025-04-24 13:58:44,859 [ERROR] LogOutputStream:75 - [STDERR_REDIRECT] [Fatal Error] :1:1: Premature end of file.
2025-04-24 13:58:44,859 [ERROR] LogOutputStream:75 - [STDERR_REDIRECT] 
2025-04-24 13:58:45,859 [ERROR] LogOutputStream:75 - [STDERR_REDIRECT] [Fatal Error] :1:1: Premature end of file.
2025-04-24 13:58:45,859 [ERROR] LogOutputStream:75 - [STDERR_REDIRECT] 
2025-04-24 13:58:46,854 [ERROR] LogOutputStream:75 - [STDERR_REDIRECT] [Fatal Error] :1:1: Premature end of file.
2025-04-24 13:58:46,854 [ERROR] LogOutputStream:75 - [STDERR_REDIRECT] 
2025-04-24 13:58:47,854 [ERROR] LogOutputStream:75 - [STDERR_REDIRECT] [Fatal Error] :1:1: Premature end of file.
2025-04-24 13:58:47,854 [ERROR] LogOutputStream:75 - [STDERR_REDIRECT] 
2025-04-24 13:58:48,855 [ERROR] LogOutputStream:75 - [STDERR_REDIRECT] [Fatal Error] :1:1: Premature end of file.
2025-04-24 13:58:48,855 [ERROR] LogOutputStream:75 - [STDERR_REDIRECT] 
2025-04-24 13:58:49,854 [ERROR] LogOutputStream:75 - [STDERR_REDIRECT] [Fatal Error] :1:1: Premature end of file.
2025-04-24 13:58:49,854 [ERROR] LogOutputStream:75 - [STDERR_REDIRECT] 
2025-04-24 13:58:50,858 [ERROR] LogOutputStream:75 - [STDERR_REDIRECT] [Fatal Error] :1:1: Premature end of file.
2025-04-24 13:58:50,858 [ERROR] LogOutputStream:75 - [STDERR_REDIRECT] 
2025-04-24 13:58:51,858 [ERROR] LogOutputStream:75 - [STDERR_REDIRECT] [Fatal Error] :1:1: Premature end of file.
2025-04-24 13:58:51,858 [ERROR] LogOutputStream:75 - [STDERR_REDIRECT] 
2025-04-24 13:58:52,854 [ERROR] LogOutputStream:75 - [STDERR_REDIRECT] [Fatal Error] :1:1: Premature end of file.
2025-04-24 13:58:52,854 [ERROR] LogOutputStream:75 - [STDERR_REDIRECT] 
2025-04-24 13:58:53,858 [ERROR] LogOutputStream:75 - [STDERR_REDIRECT] [Fatal Error] :1:1: Premature end of file.
2025-04-24 13:58:53,858 [ERROR] LogOutputStream:75 - [STDERR_REDIRECT] 
2025-04-24 13:58:54,858 [ERROR] LogOutputStream:75 - [STDERR_REDIRECT] [Fatal Error] :1:1: Premature end of file.
2025-04-24 13:58:54,858 [ERROR] LogOutputStream:75 - [STDERR_REDIRECT] 
2025-04-24 13:58:55,858 [ERROR] LogOutputStream:75 - [STDERR_REDIRECT] [Fatal Error] :1:1: Premature end of file.
2025-04-24 13:58:55,858 [ERROR] LogOutputStream:75 - [STDERR_REDIRECT] 
2025-04-24 13:58:56,859 [ERROR] LogOutputStream:75 - [STDERR_REDIRECT] [Fatal Error] :1:1: Premature end of file.
2025-04-24 13:58:56,859 [ERROR] LogOutputStream:75 - [STDERR_REDIRECT] 
2025-04-24 13:58:57,854 [ERROR] LogOutputStream:75 - [STDERR_REDIRECT] [Fatal Error] :1:1: Premature end of file.
2025-04-24 13:58:57,854 [ERROR] LogOutputStream:75 - [STDERR_REDIRECT] 
2025-04-24 13:58:58,859 [ERROR] LogOutputStream:75 - [STDERR_REDIRECT] [Fatal Error] :1:1: Premature end of file.
2025-04-24 13:58:58,859 [ERROR] LogOutputStream:75 - [STDERR_REDIRECT] 
2025-04-24 13:58:59,860 [ERROR] LogOutputStream:75 - [STDERR_REDIRECT] [Fatal Error] :1:1: Premature end of file.
2025-04-24 13:58:59,860 [ERROR] LogOutputStream:75 - [STDERR_REDIRECT] 
2025-04-24 13:59:00,867 [ERROR] LogOutputStream:75 - [STDERR_REDIRECT] [Fatal Error] :1:1: Premature end of file.
2025-04-24 13:59:00,867 [ERROR] LogOutputStream:75 - [STDERR_REDIRECT] 
2025-04-24 13:59:01,855 [ERROR] LogOutputStream:75 - [STDERR_REDIRECT] [Fatal Error] :1:1: Premature end of file.
2025-04-24 13:59:01,855 [ERROR] LogOutputStream:75 - [STDERR_REDIRECT] 
2025-04-24 13:59:02,862 [ERROR] LogOutputStream:75 - [STDERR_REDIRECT] [Fatal Error] :1:1: Premature end of file.
2025-04-24 13:59:02,862 [ERROR] LogOutputStream:75 - [STDERR_REDIRECT] 
2025-04-24 13:59:03,862 [ERROR] LogOutputStream:75 - [STDERR_REDIRECT] [Fatal Error] :1:1: Premature end of file.
2025-04-24 13:59:03,862 [ERROR] LogOutputStream:75 - [STDERR_REDIRECT] 
2025-04-24 13:59:04,862 [ERROR] LogOutputStream:75 - [STDERR_REDIRECT] [Fatal Error] :1:1: Premature end of file.
2025-04-24 13:59:04,862 [ERROR] LogOutputStream:75 - [STDERR_REDIRECT] 
2025-04-24 13:59:05,868 [ERROR] LogOutputStream:75 - [STDERR_REDIRECT] [Fatal Error] :1:1: Premature end of file.
2025-04-24 13:59:05,868 [ERROR] LogOutputStream:75 - [STDERR_REDIRECT] 
2025-04-24 13:59:06,860 [ERROR] LogOutputStream:75 - [STDERR_REDIRECT] [Fatal Error] :1:1: Premature end of file.
2025-04-24 13:59:06,860 [ERROR] LogOutputStream:75 - [STDERR_REDIRECT] 
2025-04-24 13:59:07,860 [ERROR] LogOutputStream:75 - [STDERR_REDIRECT] [Fatal Error] :1:1: Premature end of file.
2025-04-24 13:59:07,860 [ERROR] LogOutputStream:75 - [STDERR_REDIRECT] 
2025-04-24 13:59:08,858 [ERROR] LogOutputStream:75 - [STDERR_REDIRECT] [Fatal Error] :1:1: Premature end of file.
2025-04-24 13:59:08,858 [ERROR] LogOutputStream:75 - [STDERR_REDIRECT] 
2025-04-24 13:59:09,852 [ERROR] LogOutputStream:75 - [STDERR_REDIRECT] [Fatal Error] :1:1: Premature end of file.
2025-04-24 13:59:09,852 [ERROR] LogOutputStream:75 - [STDERR_REDIRECT] 
2025-04-24 13:59:10,870 [ERROR] LogOutputStream:75 - [STDERR_REDIRECT] [Fatal Error] :1:1: Premature end of file.
2025-04-24 13:59:10,870 [ERROR] LogOutputStream:75 - [STDERR_REDIRECT] 
2025-04-24 13:59:11,862 [ERROR] LogOutputStream:75 - [STDERR_REDIRECT] [Fatal Error] :1:1: Premature end of file.
2025-04-24 13:59:11,862 [ERROR] LogOutputStream:75 - [STDERR_REDIRECT] 
2025-04-24 13:59:12,856 [ERROR] LogOutputStream:75 - [STDERR_REDIRECT] [Fatal Error] :1:1: Premature end of file.
2025-04-24 13:59:12,856 [ERROR] LogOutputStream:75 - [STDERR_REDIRECT] 
2025-04-24 13:59:13,872 [ERROR] LogOutputStream:75 - [STDERR_REDIRECT] [Fatal Error] :1:1: Premature end of file.
2025-04-24 13:59:13,873 [ERROR] LogOutputStream:75 - [STDERR_REDIRECT] 
2025-04-24 13:59:14,869 [ERROR] LogOutputStream:75 - [STDERR_REDIRECT] [Fatal Error] :1:1: Premature end of file.
2025-04-24 13:59:14,869 [ERROR] LogOutputStream:75 - [STDERR_REDIRECT] 
2025-04-24 13:59:15,857 [ERROR] LogOutputStream:75 - [STDERR_REDIRECT] [Fatal Error] :1:1: Premature end of file.
2025-04-24 13:59:15,857 [ERROR] LogOutputStream:75 - [STDERR_REDIRECT] 
2025-04-24 13:59:16,859 [ERROR] LogOutputStream:75 - [STDERR_REDIRECT] [Fatal Error] :1:1: Premature end of file.
2025-04-24 13:59:16,859 [ERROR] LogOutputStream:75 - [STDERR_REDIRECT] 
2025-04-24 13:59:17,871 [ERROR] LogOutputStream:75 - [STDERR_REDIRECT] [Fatal Error] :1:1: Premature end of file.
2025-04-24 13:59:17,871 [ERROR] LogOutputStream:75 - [STDERR_REDIRECT] 
2025-04-24 13:59:18,871 [ERROR] LogOutputStream:75 - [STDERR_REDIRECT] [Fatal Error] :1:1: Premature end of file.
2025-04-24 13:59:18,872 [ERROR] LogOutputStream:75 - [STDERR_REDIRECT] 
2025-04-24 13:59:19,871 [ERROR] LogOutputStream:75 - [STDERR_REDIRECT] [Fatal Error] :1:1: Premature end of file.
2025-04-24 13:59:19,872 [ERROR] LogOutputStream:75 - [STDERR_REDIRECT] 
2025-04-24 13:59:20,872 [ERROR] LogOutputStream:75 - [STDERR_REDIRECT] 
2025-04-24 13:59:20,873 [ERROR] LogOutputStream:75 - [STDERR_REDIRECT] 
